ISO-10303-21;
HEADER;
FILE_DESCRIPTION(('FreeCAD Model'),'2;1');
FILE_NAME('Open CASCADE Shape Model','2026-09-16T15:10:06',('FreeCAD'),(
    'FreeCAD'),'Open CASCADE STEP processor 7.8','FreeCAD','Unknown');
FILE_SCHEMA(('AUTOMOTIVE_DESIGN { 1 0 10303 214 1 1 1 1 }'));
ENDSEC;
DATA;
#1 = APPLICATION_PROTOCOL_DEFINITION('international standard',
  'automotive_design',2000,#2);
#2 = APPLICATION_CONTEXT(
  'core data for automotive mechanical design processes');
#3 = SHAPE_DEFINITION_REPRESENTATION(#4,#10);
#4 = PRODUCT_DEFINITION_SHAPE('','',#5);
#5 = PRODUCT_DEFINITION('design','',#6,#9);
#6 = PRODUCT_DEFINITION_FORMATION('','',#7);
#7 = PRODUCT('Open CASCADE STEP translator 7.8 1',
  'Open CASCADE STEP translator 7.8 1','',(#8));
#8 = PRODUCT_CONTEXT('',#2,'mechanical');
#9 = PRODUCT_DEFINITION_CONTEXT('part definition',#2,'design');
#10 = ADVANCED_BREP_SHAPE_REPRESENTATION('',(#11,#15),#18921);
#11 = AXIS2_PLACEMENT_3D('',#12,#13,#14);
#12 = CARTESIAN_POINT('',(0.,0.,0.));
#13 = DIRECTION('',(0.,0.,1.));
#14 = DIRECTION('',(1.,0.,-0.));
#15 = MANIFOLD_SOLID_BREP('',#16);
#16 = CLOSED_SHELL('',(#17,#57,#88,#112,#136,#1693,#1705,#1752,#1776,
    #1800,#1824,#1848,#1872,#1896,#1920,#1944,#1968,#1992,#2016,#2040,
    #2064,#2088,#2112,#2136,#2160,#2184,#2208,#2232,#2256,#2280,#2304,
    #2328,#2352,#2376,#2400,#2424,#2448,#2472,#2496,#2520,#2544,#2568,
    #2592,#2616,#2640,#2664,#2688,#2712,#2736,#2760,#2784,#2808,#2832,
    #2856,#2896,#2959,#2983,#3007,#3031,#3055,#3079,#3103,#3127,#3151,
    #3207,#3270,#3294,#3318,#3342,#3366,#3390,#3414,#3438,#3462,#3486,
    #3510,#3534,#3558,#3582,#3606,#3630,#3654,#3678,#3702,#3726,#3750,
    #3774,#3798,#3822,#3846,#3870,#3894,#3918,#3942,#3966,#3990,#4014,
    #4038,#4062,#4086,#4110,#4134,#4158,#4214,#4277,#4301,#4325,#4349,
    #4373,#4397,#4421,#4445,#4469,#4493,#4517,#4541,#4565,#4589,#4613,
    #4637,#4661,#4685,#4709,#4733,#4773,#4836,#4860,#4884,#4908,#4932,
    #4956,#4980,#5004,#5028,#5052,#5140,#5165,#5205,#5229,#5253,#5277,
    #5301,#5325,#5349,#5389,#5436,#5460,#5484,#5508,#5532,#5556,#5580,
    #5604,#5628,#5652,#5676,#5700,#5724,#5748,#5772,#5796,#5820,#5844,
    #5868,#5892,#5916,#5940,#5964,#5988,#6012,#6036,#6060,#6084,#6108,
    #6132,#6156,#6180,#6204,#6228,#6268,#6293,#6324,#6348,#6372,#6389,
    #6464,#6488,#9301,#9341,#9384,#9419,#9437,#9449,#9467,#9485,#9528,
    #9556,#9574,#9592,#9635,#9663,#9703,#9746,#9781,#9799,#9811,#9835,
    #9859,#9876,#9927,#9969,#9987,#10006,#10030,#10082,#10099,#10116,
    #10136,#10148,#10165,#10182,#10194,#10219,#10251,#10275,#10300,
    #10324,#10349,#10373,#10398,#10422,#10447,#10471,#10495,#10519,
    #10543,#10567,#10592,#10616,#10641,#10665,#10690,#10714,#10739,
    #10763,#10788,#10812,#10837,#10861,#10886,#10910,#10935,#10959,
    #10984,#11008,#11032,#11056,#11080,#11104,#11128,#11152,#11176,
    #11200,#11224,#11248,#11272,#11296,#11320,#11344,#11368,#11393,
    #11417,#11442,#11466,#11491,#11515,#11540,#11564,#11589,#11613,
    #11638,#11662,#11687,#11711,#11736,#11760,#11785,#11809,#11834,
    #11858,#11883,#11907,#11932,#11956,#11981,#12005,#12030,#12054,
    #12078,#12102,#12126,#12150,#12174,#12198,#12222,#12247,#12271,
    #12296,#12320,#12345,#12369,#12394,#12418,#12443,#12467,#12492,
    #12516,#12541,#12565,#12590,#12614,#12639,#12663,#12688,#12712,
    #12737,#12761,#12786,#12810,#12835,#12859,#12884,#12908,#12933,
    #12957,#12982,#13006,#13031,#13055,#13080,#13104,#13128,#13152,
    #13176,#13200,#13224,#13248,#13272,#13296,#13321,#13345,#13370,
    #13394,#13419,#13443,#13468,#13492,#13517,#13541,#13566,#13590,
    #13615,#13639,#13664,#13688,#13712,#13736,#13760,#13784,#13808,
    #13832,#13857,#13881,#13906,#13930,#13955,#13979,#14004,#14028,
    #14053,#14077,#14102,#14126,#14151,#14175,#14200,#14224,#14249,
    #14273,#14298,#14322,#14347,#14371,#14396,#14420,#14445,#14469,
    #14493,#14517,#14541,#14565,#14589,#14613,#14638,#14662,#14687,
    #14711,#14736,#14760,#14785,#14809,#14834,#14858,#14882,#14906,
    #14930,#14954,#14978,#15002,#15026,#15050,#15074,#15099,#15123,
    #15148,#15172,#15197,#15221,#15246,#15270,#15295,#15323,#15335,
    #15360,#15384,#15409,#15433,#15458,#15482,#15507,#15531,#15556,
    #15580,#15605,#15629,#15654,#15678,#15703,#15727,#15752,#15776,
    #15801,#15825,#15850,#15874,#15899,#15923,#15948,#15972,#15997,
    #16021,#16046,#16070,#16095,#16119,#16144,#16168,#16193,#16217,
    #16241,#16265,#16289,#16313,#16337,#16361,#16385,#16409,#16433,
    #16457,#16481,#16505,#16529,#16553,#16577,#16602,#16626,#16651,
    #16675,#16699,#16724,#16748,#16773,#16797,#16822,#16846,#16871,
    #16895,#16920,#16944,#16969,#16993,#17018,#17042,#17067,#17091,
    #17116,#17140,#17165,#17189,#17214,#17238,#17263,#17287,#17312,
    #17336,#17361,#17385,#17410,#17434,#17459,#17476,#17496,#17516,
    #17536,#17556,#17576,#17601,#17626,#17646,#17671,#17696,#17721,
    #17746,#17771,#17791,#17811,#17836,#17845,#17854,#17863,#17872,
    #17881,#17906,#17931,#17940,#17949,#17958,#18380,#18405,#18425,
    #18450,#18470,#18495,#18515,#18540,#18549,#18574,#18583,#18608,
    #18617,#18642,#18651,#18676,#18685,#18710,#18719,#18744,#18753,
    #18780,#18789,#18814,#18823,#18837,#18851,#18865,#18879,#18893,
    #18907));
#17 = ADVANCED_FACE('',(#18),#52,.F.);
#18 = FACE_BOUND('',#19,.T.);
#19 = EDGE_LOOP('',(#20,#30,#38,#46));
#20 = ORIENTED_EDGE('',*,*,#21,.F.);
#21 = EDGE_CURVE('',#22,#24,#26,.T.);
#22 = VERTEX_POINT('',#23);
#23 = CARTESIAN_POINT('',(-27.1,44.,2.5));
#24 = VERTEX_POINT('',#25);
#25 = CARTESIAN_POINT('',(-27.1,44.,4.8));
#26 = LINE('',#27,#28);
#27 = CARTESIAN_POINT('',(-27.1,44.,2.49));
#28 = VECTOR('',#29,1.);
#29 = DIRECTION('',(0.,0.,1.));
#30 = ORIENTED_EDGE('',*,*,#31,.F.);
#31 = EDGE_CURVE('',#32,#22,#34,.T.);
#32 = VERTEX_POINT('',#33);
#33 = CARTESIAN_POINT('',(-27.1,47.,2.5));
#34 = LINE('',#35,#36);
#35 = CARTESIAN_POINT('',(-27.1,28.265080611007,2.5));
#36 = VECTOR('',#37,1.);
#37 = DIRECTION('',(-0.,-1.,-0.));
#38 = ORIENTED_EDGE('',*,*,#39,.T.);
#39 = EDGE_CURVE('',#32,#40,#42,.T.);
#40 = VERTEX_POINT('',#41);
#41 = CARTESIAN_POINT('',(-27.1,47.,4.8));
#42 = LINE('',#43,#44);
#43 = CARTESIAN_POINT('',(-27.1,47.,2.49));
#44 = VECTOR('',#45,1.);
#45 = DIRECTION('',(0.,0.,1.));
#46 = ORIENTED_EDGE('',*,*,#47,.F.);
#47 = EDGE_CURVE('',#24,#40,#48,.T.);
#48 = LINE('',#49,#50);
#49 = CARTESIAN_POINT('',(-27.1,44.,4.8));
#50 = VECTOR('',#51,1.);
#51 = DIRECTION('',(0.,1.,0.));
#52 = PLANE('',#53);
#53 = AXIS2_PLACEMENT_3D('',#54,#55,#56);
#54 = CARTESIAN_POINT('',(-27.1,44.,2.49));
#55 = DIRECTION('',(-1.,-0.,-0.));
#56 = DIRECTION('',(0.,0.,-1.));
#57 = ADVANCED_FACE('',(#58),#83,.F.);
#58 = FACE_BOUND('',#59,.T.);
#59 = EDGE_LOOP('',(#60,#70,#76,#77));
#60 = ORIENTED_EDGE('',*,*,#61,.F.);
#61 = EDGE_CURVE('',#62,#64,#66,.T.);
#62 = VERTEX_POINT('',#63);
#63 = CARTESIAN_POINT('',(-30.1,44.,2.5));
#64 = VERTEX_POINT('',#65);
#65 = CARTESIAN_POINT('',(-30.1,44.,4.8));
#66 = LINE('',#67,#68);
#67 = CARTESIAN_POINT('',(-30.1,44.,2.49));
#68 = VECTOR('',#69,1.);
#69 = DIRECTION('',(0.,0.,1.));
#70 = ORIENTED_EDGE('',*,*,#71,.F.);
#71 = EDGE_CURVE('',#22,#62,#72,.T.);
#72 = LINE('',#73,#74);
#73 = CARTESIAN_POINT('',(-45.34259388864,44.,2.5));
#74 = VECTOR('',#75,1.);
#75 = DIRECTION('',(-1.,-0.,-0.));
#76 = ORIENTED_EDGE('',*,*,#21,.T.);
#77 = ORIENTED_EDGE('',*,*,#78,.T.);
#78 = EDGE_CURVE('',#24,#64,#79,.T.);
#79 = LINE('',#80,#81);
#80 = CARTESIAN_POINT('',(-27.1,44.,4.8));
#81 = VECTOR('',#82,1.);
#82 = DIRECTION('',(-1.,-0.,-0.));
#83 = PLANE('',#84);
#84 = AXIS2_PLACEMENT_3D('',#85,#86,#87);
#85 = CARTESIAN_POINT('',(-27.1,44.,2.49));
#86 = DIRECTION('',(0.,1.,0.));
#87 = DIRECTION('',(0.,0.,-1.));
#88 = ADVANCED_FACE('',(#89),#107,.T.);
#89 = FACE_BOUND('',#90,.F.);
#90 = EDGE_LOOP('',(#91,#92,#93,#101));
#91 = ORIENTED_EDGE('',*,*,#47,.F.);
#92 = ORIENTED_EDGE('',*,*,#78,.T.);
#93 = ORIENTED_EDGE('',*,*,#94,.T.);
#94 = EDGE_CURVE('',#64,#95,#97,.T.);
#95 = VERTEX_POINT('',#96);
#96 = CARTESIAN_POINT('',(-30.1,47.,4.8));
#97 = LINE('',#98,#99);
#98 = CARTESIAN_POINT('',(-30.1,44.,4.8));
#99 = VECTOR('',#100,1.);
#100 = DIRECTION('',(0.,1.,0.));
#101 = ORIENTED_EDGE('',*,*,#102,.F.);
#102 = EDGE_CURVE('',#40,#95,#103,.T.);
#103 = LINE('',#104,#105);
#104 = CARTESIAN_POINT('',(-27.1,47.,4.8));
#105 = VECTOR('',#106,1.);
#106 = DIRECTION('',(-1.,-0.,-0.));
#107 = PLANE('',#108);
#108 = AXIS2_PLACEMENT_3D('',#109,#110,#111);
#109 = CARTESIAN_POINT('',(-27.1,44.,4.8));
#110 = DIRECTION('',(0.,0.,1.));
#111 = DIRECTION('',(1.,0.,0.));
#112 = ADVANCED_FACE('',(#113),#131,.T.);
#113 = FACE_BOUND('',#114,.F.);
#114 = EDGE_LOOP('',(#115,#123,#129,#130));
#115 = ORIENTED_EDGE('',*,*,#116,.F.);
#116 = EDGE_CURVE('',#117,#95,#119,.T.);
#117 = VERTEX_POINT('',#118);
#118 = CARTESIAN_POINT('',(-30.1,47.,2.5));
#119 = LINE('',#120,#121);
#120 = CARTESIAN_POINT('',(-30.1,47.,2.49));
#121 = VECTOR('',#122,1.);
#122 = DIRECTION('',(0.,0.,1.));
#123 = ORIENTED_EDGE('',*,*,#124,.F.);
#124 = EDGE_CURVE('',#32,#117,#125,.T.);
#125 = LINE('',#126,#127);
#126 = CARTESIAN_POINT('',(-45.34259388864,47.,2.5));
#127 = VECTOR('',#128,1.);
#128 = DIRECTION('',(-1.,-0.,-0.));
#129 = ORIENTED_EDGE('',*,*,#39,.T.);
#130 = ORIENTED_EDGE('',*,*,#102,.T.);
#131 = PLANE('',#132);
#132 = AXIS2_PLACEMENT_3D('',#133,#134,#135);
#133 = CARTESIAN_POINT('',(-27.1,47.,2.49));
#134 = DIRECTION('',(0.,1.,0.));
#135 = DIRECTION('',(0.,0.,-1.));
#136 = ADVANCED_FACE('',(#137,#1632,#1643,#1654),#1688,.T.);
#137 = FACE_BOUND('',#138,.F.);
#138 = EDGE_LOOP('',(#139,#150,#158,#166,#174,#182,#190,#198,#206,#214,
    #222,#230,#238,#246,#254,#262,#270,#278,#286,#294,#302,#310,#318,
    #326,#334,#342,#350,#358,#366,#374,#382,#390,#398,#406,#414,#422,
    #430,#439,#448,#456,#464,#472,#480,#488,#496,#504,#512,#521,#529,
    #537,#545,#553,#561,#569,#577,#585,#593,#601,#609,#618,#627,#635,
    #643,#651,#659,#667,#675,#683,#691,#699,#707,#715,#723,#731,#739,
    #747,#755,#763,#771,#779,#787,#795,#804,#813,#821,#829,#837,#845,
    #853,#861,#869,#877,#885,#893,#901,#909,#917,#925,#933,#941,#949,
    #957,#965,#973,#981,#989,#997,#1005,#1013,#1021,#1029,#1037,#1045,
    #1053,#1061,#1069,#1077,#1085,#1093,#1101,#1109,#1117,#1125,#1134,
    #1143,#1151,#1159,#1167,#1175,#1183,#1191,#1199,#1207,#1215,#1223,
    #1232,#1241,#1249,#1257,#1265,#1273,#1281,#1289,#1297,#1305,#1313,
    #1321,#1329,#1337,#1345,#1353,#1361,#1369,#1377,#1385,#1393,#1401,
    #1409,#1417,#1425,#1433,#1441,#1449,#1457,#1465,#1473,#1481,#1489,
    #1497,#1505,#1513,#1521,#1529,#1537,#1545,#1553,#1561,#1569,#1577,
    #1585,#1593,#1601,#1609,#1617,#1625));
#139 = ORIENTED_EDGE('',*,*,#140,.T.);
#140 = EDGE_CURVE('',#141,#143,#145,.T.);
#141 = VERTEX_POINT('',#142);
#142 = CARTESIAN_POINT('',(-115.3,-46.3,2.5));
#143 = VERTEX_POINT('',#144);
#144 = CARTESIAN_POINT('',(-114.6558873113,-48.15736237075,2.5));
#145 = CIRCLE('',#146,3.);
#146 = AXIS2_PLACEMENT_3D('',#147,#148,#149);
#147 = CARTESIAN_POINT('',(-112.3,-46.3,2.5));
#148 = DIRECTION('',(0.,0.,1.));
#149 = DIRECTION('',(-1.,-0.,-0.));
#150 = ORIENTED_EDGE('',*,*,#151,.T.);
#151 = EDGE_CURVE('',#143,#152,#154,.T.);
#152 = VERTEX_POINT('',#153);
#153 = CARTESIAN_POINT('',(-114.735,-48.1155,2.5));
#154 = LINE('',#155,#156);
#155 = CARTESIAN_POINT('',(-114.042,-48.4822,2.5));
#156 = VECTOR('',#157,1.);
#157 = DIRECTION('',(-0.883884073198,0.467706045659,0.));
#158 = ORIENTED_EDGE('',*,*,#159,.T.);
#159 = EDGE_CURVE('',#152,#160,#162,.T.);
#160 = VERTEX_POINT('',#161);
#161 = CARTESIAN_POINT('',(-115.343,-47.6207,2.5));
#162 = LINE('',#163,#164);
#163 = CARTESIAN_POINT('',(-114.735,-48.1155,2.5));
#164 = VECTOR('',#165,1.);
#165 = DIRECTION('',(-0.775614289878,0.631207155644,0.));
#166 = ORIENTED_EDGE('',*,*,#167,.T.);
#167 = EDGE_CURVE('',#160,#168,#170,.T.);
#168 = VERTEX_POINT('',#169);
#169 = CARTESIAN_POINT('',(-115.843,-47.0168,2.5));
#170 = LINE('',#171,#172);
#171 = CARTESIAN_POINT('',(-115.343,-47.6207,2.5));
#172 = VECTOR('',#173,1.);
#173 = DIRECTION('',(-0.637734761248,0.770256044635,0.));
#174 = ORIENTED_EDGE('',*,*,#175,.T.);
#175 = EDGE_CURVE('',#168,#176,#178,.T.);
#176 = VERTEX_POINT('',#177);
#177 = CARTESIAN_POINT('',(-127.454,-29.8039,2.5));
#178 = LINE('',#179,#180);
#179 = CARTESIAN_POINT('',(-115.843,-47.0168,2.5));
#180 = VECTOR('',#181,1.);
#181 = DIRECTION('',(-0.559217807842,0.8290207738,0.));
#182 = ORIENTED_EDGE('',*,*,#183,.T.);
#183 = EDGE_CURVE('',#176,#184,#186,.T.);
#184 = VERTEX_POINT('',#185);
#185 = CARTESIAN_POINT('',(-127.826,-29.1139,2.5));
#186 = LINE('',#187,#188);
#187 = CARTESIAN_POINT('',(-127.454,-29.8039,2.5));
#188 = VECTOR('',#189,1.);
#189 = DIRECTION('',(-0.474556198408,0.880225206724,0.));
#190 = ORIENTED_EDGE('',*,*,#191,.T.);
#191 = EDGE_CURVE('',#184,#192,#194,.T.);
#192 = VERTEX_POINT('',#193);
#193 = CARTESIAN_POINT('',(-128.057,-28.3646,2.5));
#194 = LINE('',#195,#196);
#195 = CARTESIAN_POINT('',(-127.826,-29.1139,2.5));
#196 = VECTOR('',#197,1.);
#197 = DIRECTION('',(-0.294605596197,0.955618931734,0.));
#198 = ORIENTED_EDGE('',*,*,#199,.T.);
#199 = EDGE_CURVE('',#192,#200,#202,.T.);
#200 = VERTEX_POINT('',#201);
#201 = CARTESIAN_POINT('',(-128.137,-27.5846,2.5));
#202 = LINE('',#203,#204);
#203 = CARTESIAN_POINT('',(-128.057,-28.3646,2.5));
#204 = VECTOR('',#205,1.);
#205 = DIRECTION('',(-0.102028865499,0.994781438611,0.));
#206 = ORIENTED_EDGE('',*,*,#207,.T.);
#207 = EDGE_CURVE('',#200,#208,#210,.T.);
#208 = VERTEX_POINT('',#209);
#209 = CARTESIAN_POINT('',(-128.064,-26.8039,2.5));
#210 = LINE('',#211,#212);
#211 = CARTESIAN_POINT('',(-128.137,-27.5846,2.5));
#212 = VECTOR('',#213,1.);
#213 = DIRECTION('',(9.309971265673E-02,0.995656790015,0.));
#214 = ORIENTED_EDGE('',*,*,#215,.T.);
#215 = EDGE_CURVE('',#208,#216,#218,.T.);
#216 = VERTEX_POINT('',#217);
#217 = CARTESIAN_POINT('',(-127.84,-26.0525,2.5));
#218 = LINE('',#219,#220);
#219 = CARTESIAN_POINT('',(-128.064,-26.8039,2.5));
#220 = VECTOR('',#221,1.);
#221 = DIRECTION('',(0.285685944228,0.958323296842,0.));
#222 = ORIENTED_EDGE('',*,*,#223,.T.);
#223 = EDGE_CURVE('',#216,#224,#226,.T.);
#224 = VERTEX_POINT('',#225);
#225 = CARTESIAN_POINT('',(-127.473,-25.3593,2.5));
#226 = LINE('',#227,#228);
#227 = CARTESIAN_POINT('',(-127.84,-26.0525,2.5));
#228 = VECTOR('',#229,1.);
#229 = DIRECTION('',(0.467899435954,0.883781713906,0.));
#230 = ORIENTED_EDGE('',*,*,#231,.T.);
#231 = EDGE_CURVE('',#224,#232,#234,.T.);
#232 = VERTEX_POINT('',#233);
#233 = CARTESIAN_POINT('',(-126.978,-24.751,2.5));
#234 = LINE('',#235,#236);
#235 = CARTESIAN_POINT('',(-127.473,-25.3593,2.5));
#236 = VECTOR('',#237,1.);
#237 = DIRECTION('',(0.631173292938,0.775641846655,0.));
#238 = ORIENTED_EDGE('',*,*,#239,.T.);
#239 = EDGE_CURVE('',#232,#240,#242,.T.);
#240 = VERTEX_POINT('',#241);
#241 = CARTESIAN_POINT('',(-126.374,-24.2509,2.5));
#242 = LINE('',#243,#244);
#243 = CARTESIAN_POINT('',(-126.978,-24.751,2.5));
#244 = VECTOR('',#245,1.);
#245 = DIRECTION('',(0.77024526703,0.637747778215,0.));
#246 = ORIENTED_EDGE('',*,*,#247,.T.);
#247 = EDGE_CURVE('',#240,#248,#250,.T.);
#248 = VERTEX_POINT('',#249);
#249 = CARTESIAN_POINT('',(-110.282,-13.3967,2.5));
#250 = LINE('',#251,#252);
#251 = CARTESIAN_POINT('',(-126.374,-24.2509,2.5));
#252 = VECTOR('',#253,1.);
#253 = DIRECTION('',(0.829037358869,0.559193220273,0.));
#254 = ORIENTED_EDGE('',*,*,#255,.T.);
#255 = EDGE_CURVE('',#248,#256,#258,.T.);
#256 = VERTEX_POINT('',#257);
#257 = CARTESIAN_POINT('',(-109.946,-13.1935,2.5));
#258 = LINE('',#259,#260);
#259 = CARTESIAN_POINT('',(-110.282,-13.3967,2.5));
#260 = VECTOR('',#261,1.);
#261 = DIRECTION('',(0.855690023312,0.517488728384,0.));
#262 = ORIENTED_EDGE('',*,*,#263,.T.);
#263 = EDGE_CURVE('',#256,#264,#266,.T.);
#264 = VERTEX_POINT('',#265);
#265 = CARTESIAN_POINT('',(-109.264,-12.8248,2.5));
#266 = LINE('',#267,#268);
#267 = CARTESIAN_POINT('',(-109.946,-13.1935,2.5));
#268 = VECTOR('',#269,1.);
#269 = DIRECTION('',(0.879678804699,0.475568292218,0.));
#270 = ORIENTED_EDGE('',*,*,#271,.T.);
#271 = EDGE_CURVE('',#264,#272,#274,.T.);
#272 = VERTEX_POINT('',#273);
#273 = CARTESIAN_POINT('',(-109.042,-12.7196,2.5));
#274 = LINE('',#275,#276);
#275 = CARTESIAN_POINT('',(-109.264,-12.8248,2.5));
#276 = VECTOR('',#277,1.);
#277 = DIRECTION('',(0.903671519759,0.428226323778,0.));
#278 = ORIENTED_EDGE('',*,*,#279,.T.);
#279 = EDGE_CURVE('',#272,#280,#282,.T.);
#280 = VERTEX_POINT('',#281);
#281 = CARTESIAN_POINT('',(-108.823,-12.6051,2.5));
#282 = LINE('',#283,#284);
#283 = CARTESIAN_POINT('',(-109.042,-12.7196,2.5));
#284 = VECTOR('',#285,1.);
#285 = DIRECTION('',(0.886187684451,0.463326437761,0.));
#286 = ORIENTED_EDGE('',*,*,#287,.T.);
#287 = EDGE_CURVE('',#280,#288,#290,.T.);
#288 = VERTEX_POINT('',#289);
#289 = CARTESIAN_POINT('',(-108.467,-12.4404,2.5));
#290 = LINE('',#291,#292);
#291 = CARTESIAN_POINT('',(-108.823,-12.6051,2.5));
#292 = VECTOR('',#293,1.);
#293 = DIRECTION('',(0.907578468879,0.419882510743,0.));
#294 = ORIENTED_EDGE('',*,*,#295,.T.);
#295 = EDGE_CURVE('',#288,#296,#298,.T.);
#296 = VERTEX_POINT('',#297);
#297 = CARTESIAN_POINT('',(-94.4844,-6.79108,2.5));
#298 = LINE('',#299,#300);
#299 = CARTESIAN_POINT('',(-108.467,-12.4404,2.5));
#300 = VECTOR('',#301,1.);
#301 = DIRECTION('',(0.927184248526,0.374605618332,0.));
#302 = ORIENTED_EDGE('',*,*,#303,.T.);
#303 = EDGE_CURVE('',#296,#304,#306,.T.);
#304 = VERTEX_POINT('',#305);
#305 = CARTESIAN_POINT('',(-92.9233,-5.9741,2.5));
#306 = LINE('',#307,#308);
#307 = CARTESIAN_POINT('',(-94.4844,-6.79108,2.5));
#308 = VECTOR('',#309,1.);
#309 = DIRECTION('',(0.886003880375,0.463677823451,0.));
#310 = ORIENTED_EDGE('',*,*,#311,.T.);
#311 = EDGE_CURVE('',#304,#312,#314,.T.);
#312 = VERTEX_POINT('',#313);
#313 = CARTESIAN_POINT('',(-91.7054,-4.9922,2.5));
#314 = LINE('',#315,#316);
#315 = CARTESIAN_POINT('',(-92.9233,-5.9741,2.5));
#316 = VECTOR('',#317,1.);
#317 = DIRECTION('',(0.778499684757,0.627644995864,0.));
#318 = ORIENTED_EDGE('',*,*,#319,.T.);
#319 = EDGE_CURVE('',#312,#320,#322,.T.);
#320 = VERTEX_POINT('',#321);
#321 = CARTESIAN_POINT('',(-90.7024,-3.79155,2.5));
#322 = LINE('',#323,#324);
#323 = CARTESIAN_POINT('',(-91.7054,-4.9922,2.5));
#324 = VECTOR('',#325,1.);
#325 = DIRECTION('',(0.64111128803,0.767447924201,0.));
#326 = ORIENTED_EDGE('',*,*,#327,.T.);
#327 = EDGE_CURVE('',#320,#328,#330,.T.);
#328 = VERTEX_POINT('',#329);
#329 = CARTESIAN_POINT('',(-89.9529,-2.41829,2.5));
#330 = LINE('',#331,#332);
#331 = CARTESIAN_POINT('',(-90.7024,-3.79155,2.5));
#332 = VECTOR('',#333,1.);
#333 = DIRECTION('',(0.479073348703,0.877774872369,0.));
#334 = ORIENTED_EDGE('',*,*,#335,.T.);
#335 = EDGE_CURVE('',#328,#336,#338,.T.);
#336 = VERTEX_POINT('',#337);
#337 = CARTESIAN_POINT('',(-89.4857,-0.925193,2.5));
#338 = LINE('',#339,#340);
#339 = CARTESIAN_POINT('',(-89.9529,-2.41829,2.5));
#340 = VECTOR('',#341,1.);
#341 = DIRECTION('',(0.298628550446,0.95436941949,0.));
#342 = ORIENTED_EDGE('',*,*,#343,.T.);
#343 = EDGE_CURVE('',#336,#344,#346,.T.);
#344 = VERTEX_POINT('',#345);
#345 = CARTESIAN_POINT('',(-89.3187,0.630357,2.5));
#346 = LINE('',#347,#348);
#347 = CARTESIAN_POINT('',(-89.4857,-0.925193,2.5));
#348 = VECTOR('',#349,1.);
#349 = DIRECTION('',(0.106744141436,0.99428652222,0.));
#350 = ORIENTED_EDGE('',*,*,#351,.T.);
#351 = EDGE_CURVE('',#344,#352,#354,.T.);
#352 = VERTEX_POINT('',#353);
#353 = CARTESIAN_POINT('',(-89.4585,2.18858,2.5));
#354 = LINE('',#355,#356);
#355 = CARTESIAN_POINT('',(-89.3187,0.630357,2.5));
#356 = VECTOR('',#357,1.);
#357 = DIRECTION('',(-8.935866805676E-02,0.995999512271,0.));
#358 = ORIENTED_EDGE('',*,*,#359,.T.);
#359 = EDGE_CURVE('',#352,#360,#362,.T.);
#360 = VERTEX_POINT('',#361);
#361 = CARTESIAN_POINT('',(-89.8996,3.6896,2.5));
#362 = LINE('',#363,#364);
#363 = CARTESIAN_POINT('',(-89.4585,2.18858,2.5));
#364 = VECTOR('',#365,1.);
#365 = DIRECTION('',(-0.281944840641,0.959430615957,0.));
#366 = ORIENTED_EDGE('',*,*,#367,.T.);
#367 = EDGE_CURVE('',#360,#368,#370,.T.);
#368 = VERTEX_POINT('',#369);
#369 = CARTESIAN_POINT('',(-90.625,5.07573,2.5));
#370 = LINE('',#371,#372);
#371 = CARTESIAN_POINT('',(-89.8996,3.6896,2.5));
#372 = VECTOR('',#373,1.);
#373 = DIRECTION('',(-0.463671861924,0.886007000232,0.));
#374 = ORIENTED_EDGE('',*,*,#375,.T.);
#375 = EDGE_CURVE('',#368,#376,#378,.T.);
#376 = VERTEX_POINT('',#377);
#377 = CARTESIAN_POINT('',(-91.6069,6.29371,2.5));
#378 = LINE('',#379,#380);
#379 = CARTESIAN_POINT('',(-90.625,5.07573,2.5));
#380 = VECTOR('',#381,1.);
#381 = DIRECTION('',(-0.627620009812,0.778519828446,0.));
#382 = ORIENTED_EDGE('',*,*,#383,.T.);
#383 = EDGE_CURVE('',#376,#384,#386,.T.);
#384 = VERTEX_POINT('',#385);
#385 = CARTESIAN_POINT('',(-92.8075,7.29672,2.5));
#386 = LINE('',#387,#388);
#387 = CARTESIAN_POINT('',(-91.6069,6.29371,2.5));
#388 = VECTOR('',#389,1.);
#389 = DIRECTION('',(-0.767431642475,0.64113077771,0.));
#390 = ORIENTED_EDGE('',*,*,#391,.T.);
#391 = EDGE_CURVE('',#384,#392,#394,.T.);
#392 = VERTEX_POINT('',#393);
#393 = CARTESIAN_POINT('',(-94.1808,8.04622,2.5));
#394 = LINE('',#395,#396);
#395 = CARTESIAN_POINT('',(-92.8075,7.29672,2.5));
#396 = VECTOR('',#397,1.);
#397 = DIRECTION('',(-0.877780740229,0.479062597249,0.));
#398 = ORIENTED_EDGE('',*,*,#399,.T.);
#399 = EDGE_CURVE('',#392,#400,#402,.T.);
#400 = VERTEX_POINT('',#401);
#401 = CARTESIAN_POINT('',(-95.6739,8.51342,2.5));
#402 = LINE('',#403,#404);
#403 = CARTESIAN_POINT('',(-94.1808,8.04622,2.5));
#404 = VECTOR('',#405,1.);
#405 = DIRECTION('',(-0.954369590496,0.298628003938,0.));
#406 = ORIENTED_EDGE('',*,*,#407,.T.);
#407 = EDGE_CURVE('',#400,#408,#410,.T.);
#408 = VERTEX_POINT('',#409);
#409 = CARTESIAN_POINT('',(-97.4126,8.7,2.5));
#410 = LINE('',#411,#412);
#411 = CARTESIAN_POINT('',(-95.6739,8.51342,2.5));
#412 = VECTOR('',#413,1.);
#413 = DIRECTION('',(-0.994291530246,0.106697483012,0.));
#414 = ORIENTED_EDGE('',*,*,#415,.T.);
#415 = EDGE_CURVE('',#408,#416,#418,.T.);
#416 = VERTEX_POINT('',#417);
#417 = CARTESIAN_POINT('',(-116.1,8.7,2.5));
#418 = LINE('',#419,#420);
#419 = CARTESIAN_POINT('',(-97.4126,8.7,2.5));
#420 = VECTOR('',#421,1.);
#421 = DIRECTION('',(-1.,-0.,-0.));
#422 = ORIENTED_EDGE('',*,*,#423,.T.);
#423 = EDGE_CURVE('',#416,#424,#426,.T.);
#424 = VERTEX_POINT('',#425);
#425 = CARTESIAN_POINT('',(-116.2769881286,8.717440137907,2.5));
#426 = LINE('',#427,#428);
#427 = CARTESIAN_POINT('',(-116.1,8.7,2.5));
#428 = VECTOR('',#429,1.);
#429 = DIRECTION('',(-0.995180157418,9.806352166557E-02,0.));
#430 = ORIENTED_EDGE('',*,*,#431,.T.);
#431 = EDGE_CURVE('',#424,#432,#434,.T.);
#432 = VERTEX_POINT('',#433);
#433 = CARTESIAN_POINT('',(-119.6,11.7,2.5));
#434 = CIRCLE('',#435,3.);
#435 = AXIS2_PLACEMENT_3D('',#436,#437,#438);
#436 = CARTESIAN_POINT('',(-116.6,11.7,2.5));
#437 = DIRECTION('',(0.,0.,1.));
#438 = DIRECTION('',(-1.,-0.,-0.));
#439 = ORIENTED_EDGE('',*,*,#440,.T.);
#440 = EDGE_CURVE('',#432,#441,#443,.T.);
#441 = VERTEX_POINT('',#442);
#442 = CARTESIAN_POINT('',(-119.1986336609,10.20096594556,2.5));
#443 = CIRCLE('',#444,3.);
#444 = AXIS2_PLACEMENT_3D('',#445,#446,#447);
#445 = CARTESIAN_POINT('',(-116.6,11.7,2.5));
#446 = DIRECTION('',(0.,0.,1.));
#447 = DIRECTION('',(-1.,-0.,-0.));
#448 = ORIENTED_EDGE('',*,*,#449,.T.);
#449 = EDGE_CURVE('',#441,#450,#452,.T.);
#450 = VERTEX_POINT('',#451);
#451 = CARTESIAN_POINT('',(-119.426,10.4777,2.5));
#452 = LINE('',#453,#454);
#453 = CARTESIAN_POINT('',(-118.928,9.87157,2.5));
#454 = VECTOR('',#455,1.);
#455 = DIRECTION('',(-0.634821244028,0.772659037435,0.));
#456 = ORIENTED_EDGE('',*,*,#457,.T.);
#457 = EDGE_CURVE('',#450,#458,#460,.T.);
#458 = VERTEX_POINT('',#459);
#459 = CARTESIAN_POINT('',(-119.796,11.1693,2.5));
#460 = LINE('',#461,#462);
#461 = CARTESIAN_POINT('',(-119.426,10.4777,2.5));
#462 = VECTOR('',#463,1.);
#463 = DIRECTION('',(-0.471726021219,0.881745179122,0.));
#464 = ORIENTED_EDGE('',*,*,#465,.T.);
#465 = EDGE_CURVE('',#458,#466,#468,.T.);
#466 = VERTEX_POINT('',#467);
#467 = CARTESIAN_POINT('',(-120.023,11.9196,2.5));
#468 = LINE('',#469,#470);
#469 = CARTESIAN_POINT('',(-119.796,11.1693,2.5));
#470 = VECTOR('',#471,1.);
#471 = DIRECTION('',(-0.289582493074,0.957153059706,0.));
#472 = ORIENTED_EDGE('',*,*,#473,.T.);
#473 = EDGE_CURVE('',#466,#474,#476,.T.);
#474 = VERTEX_POINT('',#475);
#475 = CARTESIAN_POINT('',(-120.1,12.7,2.5));
#476 = LINE('',#477,#478);
#477 = CARTESIAN_POINT('',(-120.023,11.9196,2.5));
#478 = VECTOR('',#479,1.);
#479 = DIRECTION('',(-9.819055310694E-02,0.995167631749,0.));
#480 = ORIENTED_EDGE('',*,*,#481,.T.);
#481 = EDGE_CURVE('',#474,#482,#484,.T.);
#482 = VERTEX_POINT('',#483);
#483 = CARTESIAN_POINT('',(-120.1,57.,2.5));
#484 = LINE('',#485,#486);
#485 = CARTESIAN_POINT('',(-120.1,12.7,2.5));
#486 = VECTOR('',#487,1.);
#487 = DIRECTION('',(0.,1.,0.));
#488 = ORIENTED_EDGE('',*,*,#489,.T.);
#489 = EDGE_CURVE('',#482,#490,#492,.T.);
#490 = VERTEX_POINT('',#491);
#491 = CARTESIAN_POINT('',(-120.023,57.7804,2.5));
#492 = LINE('',#493,#494);
#493 = CARTESIAN_POINT('',(-120.1,57.,2.5));
#494 = VECTOR('',#495,1.);
#495 = DIRECTION('',(9.819055310694E-02,0.995167631749,0.));
#496 = ORIENTED_EDGE('',*,*,#497,.T.);
#497 = EDGE_CURVE('',#490,#498,#500,.T.);
#498 = VERTEX_POINT('',#499);
#499 = CARTESIAN_POINT('',(-119.796,58.5307,2.5));
#500 = LINE('',#501,#502);
#501 = CARTESIAN_POINT('',(-120.023,57.7804,2.5));
#502 = VECTOR('',#503,1.);
#503 = DIRECTION('',(0.289582493074,0.957153059706,0.));
#504 = ORIENTED_EDGE('',*,*,#505,.T.);
#505 = EDGE_CURVE('',#498,#506,#508,.T.);
#506 = VERTEX_POINT('',#507);
#507 = CARTESIAN_POINT('',(-119.6163194679,58.866556907939,2.5));
#508 = LINE('',#509,#510);
#509 = CARTESIAN_POINT('',(-119.796,58.5307,2.5));
#510 = VECTOR('',#511,1.);
#511 = DIRECTION('',(0.471726021219,0.881745179122,0.));
#512 = ORIENTED_EDGE('',*,*,#513,.T.);
#513 = EDGE_CURVE('',#506,#514,#516,.T.);
#514 = VERTEX_POINT('',#515);
#515 = CARTESIAN_POINT('',(-114.1419601084,61.,2.5));
#516 = CIRCLE('',#517,3.);
#517 = AXIS2_PLACEMENT_3D('',#518,#519,#520);
#518 = CARTESIAN_POINT('',(-117.1,60.5,2.5));
#519 = DIRECTION('',(0.,0.,1.));
#520 = DIRECTION('',(-1.,-0.,-0.));
#521 = ORIENTED_EDGE('',*,*,#522,.T.);
#522 = EDGE_CURVE('',#514,#523,#525,.T.);
#523 = VERTEX_POINT('',#524);
#524 = CARTESIAN_POINT('',(-88.2647,61.,2.5));
#525 = LINE('',#526,#527);
#526 = CARTESIAN_POINT('',(-116.1,61.,2.5));
#527 = VECTOR('',#528,1.);
#528 = DIRECTION('',(1.,0.,0.));
#529 = ORIENTED_EDGE('',*,*,#530,.T.);
#530 = EDGE_CURVE('',#523,#531,#533,.T.);
#531 = VERTEX_POINT('',#532);
#532 = CARTESIAN_POINT('',(-87.4843,60.9231,2.5));
#533 = LINE('',#534,#535);
#534 = CARTESIAN_POINT('',(-88.2647,61.,2.5));
#535 = VECTOR('',#536,1.);
#536 = DIRECTION('',(0.995180084663,-9.80642600084E-02,0.));
#537 = ORIENTED_EDGE('',*,*,#538,.T.);
#538 = EDGE_CURVE('',#531,#539,#541,.T.);
#539 = VERTEX_POINT('',#540);
#540 = CARTESIAN_POINT('',(-86.7339,60.6955,2.5));
#541 = LINE('',#542,#543);
#542 = CARTESIAN_POINT('',(-87.4843,60.9231,2.5));
#543 = VECTOR('',#544,1.);
#544 = DIRECTION('',(0.95695144116,-0.290248065043,0.));
#545 = ORIENTED_EDGE('',*,*,#546,.T.);
#546 = EDGE_CURVE('',#539,#547,#549,.T.);
#547 = VERTEX_POINT('',#548);
#548 = CARTESIAN_POINT('',(-86.0424,60.3259,2.5));
#549 = LINE('',#550,#551);
#550 = CARTESIAN_POINT('',(-86.7339,60.6955,2.5));
#551 = VECTOR('',#552,1.);
#552 = DIRECTION('',(0.881928926211,-0.471382402209,0.));
#553 = ORIENTED_EDGE('',*,*,#554,.T.);
#554 = EDGE_CURVE('',#547,#555,#557,.T.);
#555 = VERTEX_POINT('',#556);
#556 = CARTESIAN_POINT('',(-85.4362,59.8284,2.5));
#557 = LINE('',#558,#559);
#558 = CARTESIAN_POINT('',(-86.0424,60.3259,2.5));
#559 = VECTOR('',#560,1.);
#560 = DIRECTION('',(0.773007628723,-0.634396725981,0.));
#561 = ORIENTED_EDGE('',*,*,#562,.T.);
#562 = EDGE_CURVE('',#555,#563,#565,.T.);
#563 = VERTEX_POINT('',#564);
#564 = CARTESIAN_POINT('',(-85.0387,59.4309,2.5));
#565 = LINE('',#566,#567);
#566 = CARTESIAN_POINT('',(-85.4362,59.8284,2.5));
#567 = VECTOR('',#568,1.);
#568 = DIRECTION('',(0.707106781187,-0.707106781187,0.));
#569 = ORIENTED_EDGE('',*,*,#570,.T.);
#570 = EDGE_CURVE('',#563,#571,#573,.T.);
#571 = VERTEX_POINT('',#572);
#572 = CARTESIAN_POINT('',(-83.7379,58.5617,2.5));
#573 = LINE('',#574,#575);
#574 = CARTESIAN_POINT('',(-85.0387,59.4309,2.5));
#575 = VECTOR('',#576,1.);
#576 = DIRECTION('',(0.831459801075,-0.555584916278,0.));
#577 = ORIENTED_EDGE('',*,*,#578,.T.);
#578 = EDGE_CURVE('',#571,#579,#581,.T.);
#579 = VERTEX_POINT('',#580);
#580 = CARTESIAN_POINT('',(-82.2925,57.963,2.5));
#581 = LINE('',#582,#583);
#582 = CARTESIAN_POINT('',(-83.7379,58.5617,2.5));
#583 = VECTOR('',#584,1.);
#584 = DIRECTION('',(0.923880500421,-0.382681095615,0.));
#585 = ORIENTED_EDGE('',*,*,#586,.T.);
#586 = EDGE_CURVE('',#579,#587,#589,.T.);
#587 = VERTEX_POINT('',#588);
#588 = CARTESIAN_POINT('',(-80.661,57.6385,2.5));
#589 = LINE('',#590,#591);
#590 = CARTESIAN_POINT('',(-82.2925,57.963,2.5));
#591 = VECTOR('',#592,1.);
#592 = DIRECTION('',(0.980788216617,-0.195075560093,0.));
#593 = ORIENTED_EDGE('',*,*,#594,.T.);
#594 = EDGE_CURVE('',#587,#595,#597,.T.);
#595 = VERTEX_POINT('',#596);
#596 = CARTESIAN_POINT('',(-79.8776,57.6,2.5));
#597 = LINE('',#598,#599);
#598 = CARTESIAN_POINT('',(-80.661,57.6385,2.5));
#599 = VECTOR('',#600,1.);
#600 = DIRECTION('',(0.998794579661,-4.908551355237E-02,0.));
#601 = ORIENTED_EDGE('',*,*,#602,.T.);
#602 = EDGE_CURVE('',#595,#603,#605,.T.);
#603 = VERTEX_POINT('',#604);
#604 = CARTESIAN_POINT('',(-79.15803989155,57.6,2.5));
#605 = LINE('',#606,#607);
#606 = CARTESIAN_POINT('',(-79.8776,57.6,2.5));
#607 = VECTOR('',#608,1.);
#608 = DIRECTION('',(1.,0.,0.));
#609 = ORIENTED_EDGE('',*,*,#610,.T.);
#610 = EDGE_CURVE('',#603,#611,#613,.T.);
#611 = VERTEX_POINT('',#612);
#612 = CARTESIAN_POINT('',(-79.2,57.1,2.5));
#613 = CIRCLE('',#614,3.);
#614 = AXIS2_PLACEMENT_3D('',#615,#616,#617);
#615 = CARTESIAN_POINT('',(-76.2,57.1,2.5));
#616 = DIRECTION('',(0.,0.,1.));
#617 = DIRECTION('',(-1.,-0.,-0.));
#618 = ORIENTED_EDGE('',*,*,#619,.T.);
#619 = EDGE_CURVE('',#611,#620,#622,.T.);
#620 = VERTEX_POINT('',#621);
#621 = CARTESIAN_POINT('',(-73.28320260492,57.801635914171,2.5));
#622 = CIRCLE('',#623,3.);
#623 = AXIS2_PLACEMENT_3D('',#624,#625,#626);
#624 = CARTESIAN_POINT('',(-76.2,57.1,2.5));
#625 = DIRECTION('',(0.,0.,1.));
#626 = DIRECTION('',(-1.,-0.,-0.));
#627 = ORIENTED_EDGE('',*,*,#628,.T.);
#628 = EDGE_CURVE('',#620,#629,#631,.T.);
#629 = VERTEX_POINT('',#630);
#630 = CARTESIAN_POINT('',(-71.8815,58.2268,2.5));
#631 = LINE('',#632,#633);
#632 = CARTESIAN_POINT('',(-73.3786,57.7727,2.5));
#633 = VECTOR('',#634,1.);
#634 = DIRECTION('',(0.956947494684,0.290261076305,0.));
#635 = ORIENTED_EDGE('',*,*,#636,.T.);
#636 = EDGE_CURVE('',#629,#637,#639,.T.);
#637 = VERTEX_POINT('',#638);
#638 = CARTESIAN_POINT('',(-70.5018,58.9643,2.5));
#639 = LINE('',#640,#641);
#640 = CARTESIAN_POINT('',(-71.8815,58.2268,2.5));
#641 = VECTOR('',#642,1.);
#642 = DIRECTION('',(0.881911967069,0.4714141304,0.));
#643 = ORIENTED_EDGE('',*,*,#644,.T.);
#644 = EDGE_CURVE('',#637,#645,#647,.T.);
#645 = VERTEX_POINT('',#646);
#646 = CARTESIAN_POINT('',(-70.2243,59.192,2.5));
#647 = LINE('',#648,#649);
#648 = CARTESIAN_POINT('',(-70.5018,58.9643,2.5));
#649 = VECTOR('',#650,1.);
#650 = DIRECTION('',(0.773062862009,0.634329418664,0.));
#651 = ORIENTED_EDGE('',*,*,#652,.T.);
#652 = EDGE_CURVE('',#645,#653,#655,.T.);
#653 = VERTEX_POINT('',#654);
#654 = CARTESIAN_POINT('',(-69.5723,59.6277,2.5));
#655 = LINE('',#656,#657);
#656 = CARTESIAN_POINT('',(-70.2243,59.192,2.5));
#657 = VECTOR('',#658,1.);
#658 = DIRECTION('',(0.831441613715,0.555612133582,0.));
#659 = ORIENTED_EDGE('',*,*,#660,.T.);
#660 = EDGE_CURVE('',#653,#661,#663,.T.);
#661 = VERTEX_POINT('',#662);
#662 = CARTESIAN_POINT('',(-68.8479,59.9278,2.5));
#663 = LINE('',#664,#665);
#664 = CARTESIAN_POINT('',(-69.5723,59.6277,2.5));
#665 = VECTOR('',#666,1.);
#666 = DIRECTION('',(0.923859828914,0.382730997594,0.));
#667 = ORIENTED_EDGE('',*,*,#668,.T.);
#668 = EDGE_CURVE('',#661,#669,#671,.T.);
#669 = VERTEX_POINT('',#670);
#670 = CARTESIAN_POINT('',(-68.0788,60.0807,2.5));
#671 = LINE('',#672,#673);
#672 = CARTESIAN_POINT('',(-68.8479,59.9278,2.5));
#673 = VECTOR('',#674,1.);
#674 = DIRECTION('',(0.980805650419,0.194987887075,0.));
#675 = ORIENTED_EDGE('',*,*,#676,.T.);
#676 = EDGE_CURVE('',#669,#677,#679,.T.);
#677 = VERTEX_POINT('',#678);
#678 = CARTESIAN_POINT('',(-67.6867,60.1,2.5));
#679 = LINE('',#680,#681);
#680 = CARTESIAN_POINT('',(-68.0788,60.0807,2.5));
#681 = VECTOR('',#682,1.);
#682 = DIRECTION('',(0.998790787438,4.916261718327E-02,0.));
#683 = ORIENTED_EDGE('',*,*,#684,.T.);
#684 = EDGE_CURVE('',#677,#685,#687,.T.);
#685 = VERTEX_POINT('',#686);
#686 = CARTESIAN_POINT('',(-58.1309,60.1,2.5));
#687 = LINE('',#688,#689);
#688 = CARTESIAN_POINT('',(-67.6867,60.1,2.5));
#689 = VECTOR('',#690,1.);
#690 = DIRECTION('',(1.,0.,0.));
#691 = ORIENTED_EDGE('',*,*,#692,.T.);
#692 = EDGE_CURVE('',#685,#693,#695,.T.);
#693 = VERTEX_POINT('',#694);
#694 = CARTESIAN_POINT('',(-56.3774,60.2727,2.5));
#695 = LINE('',#696,#697);
#696 = CARTESIAN_POINT('',(-58.1309,60.1,2.5));
#697 = VECTOR('',#698,1.);
#698 = DIRECTION('',(0.995184985525,9.80145121187E-02,0.));
#699 = ORIENTED_EDGE('',*,*,#700,.T.);
#700 = EDGE_CURVE('',#693,#701,#703,.T.);
#701 = VERTEX_POINT('',#702);
#702 = CARTESIAN_POINT('',(-54.8803,60.7268,2.5));
#703 = LINE('',#704,#705);
#704 = CARTESIAN_POINT('',(-56.3774,60.2727,2.5));
#705 = VECTOR('',#706,1.);
#706 = DIRECTION('',(0.956947494684,0.290261076305,0.));
#707 = ORIENTED_EDGE('',*,*,#708,.T.);
#708 = EDGE_CURVE('',#701,#709,#711,.T.);
#709 = VERTEX_POINT('',#710);
#710 = CARTESIAN_POINT('',(-53.5006,61.4643,2.5));
#711 = LINE('',#712,#713);
#712 = CARTESIAN_POINT('',(-54.8803,60.7268,2.5));
#713 = VECTOR('',#714,1.);
#714 = DIRECTION('',(0.881911967069,0.4714141304,0.));
#715 = ORIENTED_EDGE('',*,*,#716,.T.);
#716 = EDGE_CURVE('',#709,#717,#719,.T.);
#717 = VERTEX_POINT('',#718);
#718 = CARTESIAN_POINT('',(-52.2912,62.4568,2.5));
#719 = LINE('',#720,#721);
#720 = CARTESIAN_POINT('',(-53.5006,61.4643,2.5));
#721 = VECTOR('',#722,1.);
#722 = DIRECTION('',(0.773019521196,0.634382234816,0.));
#723 = ORIENTED_EDGE('',*,*,#724,.T.);
#724 = EDGE_CURVE('',#717,#725,#727,.T.);
#725 = VERTEX_POINT('',#726);
#726 = CARTESIAN_POINT('',(-51.2987,63.6662,2.5));
#727 = LINE('',#728,#729);
#728 = CARTESIAN_POINT('',(-52.2912,62.4568,2.5));
#729 = VECTOR('',#730,1.);
#730 = DIRECTION('',(0.634382234816,0.773019521196,0.));
#731 = ORIENTED_EDGE('',*,*,#732,.T.);
#732 = EDGE_CURVE('',#725,#733,#735,.T.);
#733 = VERTEX_POINT('',#734);
#734 = CARTESIAN_POINT('',(-50.9142,64.3856,2.5));
#735 = LINE('',#736,#737);
#736 = CARTESIAN_POINT('',(-51.2987,63.6662,2.5));
#737 = VECTOR('',#738,1.);
#738 = DIRECTION('',(0.471370695079,0.881935183458,0.));
#739 = ORIENTED_EDGE('',*,*,#740,.T.);
#740 = EDGE_CURVE('',#733,#741,#743,.T.);
#741 = VERTEX_POINT('',#742);
#742 = CARTESIAN_POINT('',(-50.4785,65.0376,2.5));
#743 = LINE('',#744,#745);
#744 = CARTESIAN_POINT('',(-50.9142,64.3856,2.5));
#745 = VECTOR('',#746,1.);
#746 = DIRECTION('',(0.555612133582,0.831441613715,0.));
#747 = ORIENTED_EDGE('',*,*,#748,.T.);
#748 = EDGE_CURVE('',#741,#749,#751,.T.);
#749 = VERTEX_POINT('',#750);
#750 = CARTESIAN_POINT('',(-49.9241,65.592,2.5));
#751 = LINE('',#752,#753);
#752 = CARTESIAN_POINT('',(-50.4785,65.0376,2.5));
#753 = VECTOR('',#754,1.);
#754 = DIRECTION('',(0.707106781187,0.707106781187,0.));
#755 = ORIENTED_EDGE('',*,*,#756,.T.);
#756 = EDGE_CURVE('',#749,#757,#759,.T.);
#757 = VERTEX_POINT('',#758);
#758 = CARTESIAN_POINT('',(-49.2721,66.0277,2.5));
#759 = LINE('',#760,#761);
#760 = CARTESIAN_POINT('',(-49.9241,65.592,2.5));
#761 = VECTOR('',#762,1.);
#762 = DIRECTION('',(0.831441613715,0.555612133582,0.));
#763 = ORIENTED_EDGE('',*,*,#764,.T.);
#764 = EDGE_CURVE('',#757,#765,#767,.T.);
#765 = VERTEX_POINT('',#766);
#766 = CARTESIAN_POINT('',(-48.5476,66.3278,2.5));
#767 = LINE('',#768,#769);
#768 = CARTESIAN_POINT('',(-49.2721,66.0277,2.5));
#769 = VECTOR('',#770,1.);
#770 = DIRECTION('',(0.923878507249,0.382685907558,0.));
#771 = ORIENTED_EDGE('',*,*,#772,.T.);
#772 = EDGE_CURVE('',#765,#773,#775,.T.);
#773 = VERTEX_POINT('',#774);
#774 = CARTESIAN_POINT('',(-47.7786,66.4807,2.5));
#775 = LINE('',#776,#777);
#776 = CARTESIAN_POINT('',(-48.5476,66.3278,2.5));
#777 = VECTOR('',#778,1.);
#778 = DIRECTION('',(0.98080080092,0.195012278883,0.));
#779 = ORIENTED_EDGE('',*,*,#780,.T.);
#780 = EDGE_CURVE('',#773,#781,#783,.T.);
#781 = VERTEX_POINT('',#782);
#782 = CARTESIAN_POINT('',(-47.3865,66.5,2.5));
#783 = LINE('',#784,#785);
#784 = CARTESIAN_POINT('',(-47.7786,66.4807,2.5));
#785 = VECTOR('',#786,1.);
#786 = DIRECTION('',(0.998790787438,4.916261718327E-02,0.));
#787 = ORIENTED_EDGE('',*,*,#788,.T.);
#788 = EDGE_CURVE('',#781,#789,#791,.T.);
#789 = VERTEX_POINT('',#790);
#790 = CARTESIAN_POINT('',(-41.05803989155,66.5,2.5));
#791 = LINE('',#792,#793);
#792 = CARTESIAN_POINT('',(-47.3865,66.5,2.5));
#793 = VECTOR('',#794,1.);
#794 = DIRECTION('',(1.,0.,0.));
#795 = ORIENTED_EDGE('',*,*,#796,.T.);
#796 = EDGE_CURVE('',#789,#797,#799,.T.);
#797 = VERTEX_POINT('',#798);
#798 = CARTESIAN_POINT('',(-41.1,66.,2.5));
#799 = CIRCLE('',#800,3.);
#800 = AXIS2_PLACEMENT_3D('',#801,#802,#803);
#801 = CARTESIAN_POINT('',(-38.1,66.,2.5));
#802 = DIRECTION('',(0.,0.,1.));
#803 = DIRECTION('',(-1.,-0.,-0.));
#804 = ORIENTED_EDGE('',*,*,#805,.T.);
#805 = EDGE_CURVE('',#797,#806,#808,.T.);
#806 = VERTEX_POINT('',#807);
#807 = CARTESIAN_POINT('',(-35.14196010845,66.5,2.5));
#808 = CIRCLE('',#809,3.);
#809 = AXIS2_PLACEMENT_3D('',#810,#811,#812);
#810 = CARTESIAN_POINT('',(-38.1,66.,2.5));
#811 = DIRECTION('',(0.,0.,1.));
#812 = DIRECTION('',(-1.,-0.,-0.));
#813 = ORIENTED_EDGE('',*,*,#814,.T.);
#814 = EDGE_CURVE('',#806,#815,#817,.T.);
#815 = VERTEX_POINT('',#816);
#816 = CARTESIAN_POINT('',(-28.8722,66.5,2.5));
#817 = LINE('',#818,#819);
#818 = CARTESIAN_POINT('',(-47.3865,66.5,2.5));
#819 = VECTOR('',#820,1.);
#820 = DIRECTION('',(1.,0.,0.));
#821 = ORIENTED_EDGE('',*,*,#822,.T.);
#822 = EDGE_CURVE('',#815,#823,#825,.T.);
#823 = VERTEX_POINT('',#824);
#824 = CARTESIAN_POINT('',(-28.0918,66.4231,2.5));
#825 = LINE('',#826,#827);
#826 = CARTESIAN_POINT('',(-28.8722,66.5,2.5));
#827 = VECTOR('',#828,1.);
#828 = DIRECTION('',(0.995180084663,-9.806426000839E-02,0.));
#829 = ORIENTED_EDGE('',*,*,#830,.T.);
#830 = EDGE_CURVE('',#823,#831,#833,.T.);
#831 = VERTEX_POINT('',#832);
#832 = CARTESIAN_POINT('',(-27.3415,66.1955,2.5));
#833 = LINE('',#834,#835);
#834 = CARTESIAN_POINT('',(-28.0918,66.4231,2.5));
#835 = VECTOR('',#836,1.);
#836 = DIRECTION('',(0.956940695942,-0.290283489799,0.));
#837 = ORIENTED_EDGE('',*,*,#838,.T.);
#838 = EDGE_CURVE('',#831,#839,#841,.T.);
#839 = VERTEX_POINT('',#840);
#840 = CARTESIAN_POINT('',(-26.6499,65.8259,2.5));
#841 = LINE('',#842,#843);
#842 = CARTESIAN_POINT('',(-27.3415,66.1955,2.5));
#843 = VECTOR('',#844,1.);
#844 = DIRECTION('',(0.881957260666,-0.471329386267,0.));
#845 = ORIENTED_EDGE('',*,*,#846,.T.);
#846 = EDGE_CURVE('',#839,#847,#849,.T.);
#847 = VERTEX_POINT('',#848);
#848 = CARTESIAN_POINT('',(-26.0438,65.3284,2.5));
#849 = LINE('',#850,#851);
#850 = CARTESIAN_POINT('',(-26.6499,65.8259,2.5));
#851 = VECTOR('',#852,1.);
#852 = DIRECTION('',(0.772956300772,-0.634459263544,0.));
#853 = ORIENTED_EDGE('',*,*,#854,.T.);
#854 = EDGE_CURVE('',#847,#855,#857,.T.);
#855 = VERTEX_POINT('',#856);
#856 = CARTESIAN_POINT('',(-25.5463,64.7223,2.5));
#857 = LINE('',#858,#859);
#858 = CARTESIAN_POINT('',(-26.0438,65.3284,2.5));
#859 = VECTOR('',#860,1.);
#860 = DIRECTION('',(0.634459263544,-0.772956300772,0.));
#861 = ORIENTED_EDGE('',*,*,#862,.T.);
#862 = EDGE_CURVE('',#855,#863,#865,.T.);
#863 = VERTEX_POINT('',#864);
#864 = CARTESIAN_POINT('',(-25.4887,64.6144,2.5));
#865 = LINE('',#866,#867);
#866 = CARTESIAN_POINT('',(-25.5463,64.7223,2.5));
#867 = VECTOR('',#868,1.);
#868 = DIRECTION('',(0.470927681203,-0.882171819476,0.));
#869 = ORIENTED_EDGE('',*,*,#870,.T.);
#870 = EDGE_CURVE('',#863,#871,#873,.T.);
#871 = VERTEX_POINT('',#872);
#872 = CARTESIAN_POINT('',(-24.4348,63.0371,2.5));
#873 = LINE('',#874,#875);
#874 = CARTESIAN_POINT('',(-25.4887,64.6144,2.5));
#875 = VECTOR('',#876,1.);
#876 = DIRECTION('',(0.555563612717,-0.831474035809,0.));
#877 = ORIENTED_EDGE('',*,*,#878,.T.);
#878 = EDGE_CURVE('',#871,#879,#881,.T.);
#879 = VERTEX_POINT('',#880);
#880 = CARTESIAN_POINT('',(-23.3285,61.9309,2.5));
#881 = LINE('',#882,#883);
#882 = CARTESIAN_POINT('',(-24.4348,63.0371,2.5));
#883 = VECTOR('',#884,1.);
#884 = DIRECTION('',(0.707138740093,-0.707074820836,0.));
#885 = ORIENTED_EDGE('',*,*,#886,.T.);
#886 = EDGE_CURVE('',#879,#887,#889,.T.);
#887 = VERTEX_POINT('',#888);
#888 = CARTESIAN_POINT('',(-22.0277,61.0617,2.5));
#889 = LINE('',#890,#891);
#890 = CARTESIAN_POINT('',(-23.3285,61.9309,2.5));
#891 = VECTOR('',#892,1.);
#892 = DIRECTION('',(0.831459801075,-0.555584916278,0.));
#893 = ORIENTED_EDGE('',*,*,#894,.T.);
#894 = EDGE_CURVE('',#887,#895,#897,.T.);
#895 = VERTEX_POINT('',#896);
#896 = CARTESIAN_POINT('',(-20.5823,60.463,2.5));
#897 = LINE('',#898,#899);
#898 = CARTESIAN_POINT('',(-22.0277,61.0617,2.5));
#899 = VECTOR('',#900,1.);
#900 = DIRECTION('',(0.923880500421,-0.382681095615,0.));
#901 = ORIENTED_EDGE('',*,*,#902,.T.);
#902 = EDGE_CURVE('',#895,#903,#905,.T.);
#903 = VERTEX_POINT('',#904);
#904 = CARTESIAN_POINT('',(-18.9509,60.1385,2.5));
#905 = LINE('',#906,#907);
#906 = CARTESIAN_POINT('',(-20.5823,60.463,2.5));
#907 = VECTOR('',#908,1.);
#908 = DIRECTION('',(0.980785928742,-0.19508706257,0.));
#909 = ORIENTED_EDGE('',*,*,#910,.T.);
#910 = EDGE_CURVE('',#903,#911,#913,.T.);
#911 = VERTEX_POINT('',#912);
#912 = CARTESIAN_POINT('',(-18.1674,60.1,2.5));
#913 = LINE('',#914,#915);
#914 = CARTESIAN_POINT('',(-18.9509,60.1385,2.5));
#915 = VECTOR('',#916,1.);
#916 = DIRECTION('',(0.998794886786,-4.907926374126E-02,0.));
#917 = ORIENTED_EDGE('',*,*,#918,.T.);
#918 = EDGE_CURVE('',#911,#919,#921,.T.);
#919 = VERTEX_POINT('',#920);
#920 = CARTESIAN_POINT('',(-10.853,60.1,2.5));
#921 = LINE('',#922,#923);
#922 = CARTESIAN_POINT('',(-18.1674,60.1,2.5));
#923 = VECTOR('',#924,1.);
#924 = DIRECTION('',(1.,0.,0.));
#925 = ORIENTED_EDGE('',*,*,#926,.T.);
#926 = EDGE_CURVE('',#919,#927,#929,.T.);
#927 = VERTEX_POINT('',#928);
#928 = CARTESIAN_POINT('',(-10.0727,60.0231,2.5));
#929 = LINE('',#930,#931);
#930 = CARTESIAN_POINT('',(-10.853,60.1,2.5));
#931 = VECTOR('',#932,1.);
#932 = DIRECTION('',(0.995178858103,-9.807670663608E-02,0.));
#933 = ORIENTED_EDGE('',*,*,#934,.T.);
#934 = EDGE_CURVE('',#927,#935,#937,.T.);
#935 = VERTEX_POINT('',#936);
#936 = CARTESIAN_POINT('',(-9.32228,59.7955,2.5));
#937 = LINE('',#938,#939);
#938 = CARTESIAN_POINT('',(-10.0727,60.0231,2.5));
#939 = VECTOR('',#940,1.);
#940 = DIRECTION('',(0.956953589732,-0.290240981081,0.));
#941 = ORIENTED_EDGE('',*,*,#942,.T.);
#942 = EDGE_CURVE('',#935,#943,#945,.T.);
#943 = VERTEX_POINT('',#944);
#944 = CARTESIAN_POINT('',(-8.63074,59.4259,2.5));
#945 = LINE('',#946,#947);
#946 = CARTESIAN_POINT('',(-9.32228,59.7955,2.5));
#947 = VECTOR('',#948,1.);
#948 = DIRECTION('',(0.88194026114,-0.471361194605,0.));
#949 = ORIENTED_EDGE('',*,*,#950,.T.);
#950 = EDGE_CURVE('',#943,#951,#953,.T.);
#951 = VERTEX_POINT('',#952);
#952 = CARTESIAN_POINT('',(-8.02459,58.9284,2.5));
#953 = LINE('',#954,#955);
#954 = CARTESIAN_POINT('',(-8.63074,59.4259,2.5));
#955 = VECTOR('',#956,1.);
#956 = DIRECTION('',(0.772981966645,-0.634427993741,0.));
#957 = ORIENTED_EDGE('',*,*,#958,.T.);
#958 = EDGE_CURVE('',#951,#959,#961,.T.);
#959 = VERTEX_POINT('',#960);
#960 = CARTESIAN_POINT('',(-7.52714,58.3223,2.5));
#961 = LINE('',#962,#963);
#962 = CARTESIAN_POINT('',(-8.02459,58.9284,2.5));
#963 = VECTOR('',#964,1.);
#964 = DIRECTION('',(0.634421164253,-0.772987571924,0.));
#965 = ORIENTED_EDGE('',*,*,#966,.T.);
#966 = EDGE_CURVE('',#959,#967,#969,.T.);
#967 = VERTEX_POINT('',#968);
#968 = CARTESIAN_POINT('',(-7.1575,57.6307,2.5));
#969 = LINE('',#970,#971);
#970 = CARTESIAN_POINT('',(-7.52714,58.3223,2.5));
#971 = VECTOR('',#972,1.);
#972 = DIRECTION('',(0.47136906264,-0.881936055951,0.));
#973 = ORIENTED_EDGE('',*,*,#974,.T.);
#974 = EDGE_CURVE('',#967,#975,#977,.T.);
#975 = VERTEX_POINT('',#976);
#976 = CARTESIAN_POINT('',(-6.92988,56.8804,2.5));
#977 = LINE('',#978,#979);
#978 = CARTESIAN_POINT('',(-7.1575,57.6307,2.5));
#979 = VECTOR('',#980,1.);
#980 = DIRECTION('',(0.290306848318,-0.956933609933,0.));
#981 = ORIENTED_EDGE('',*,*,#982,.T.);
#982 = EDGE_CURVE('',#975,#983,#985,.T.);
#983 = VERTEX_POINT('',#984);
#984 = CARTESIAN_POINT('',(-6.88227,56.5594,2.5));
#985 = LINE('',#986,#987);
#986 = CARTESIAN_POINT('',(-6.92988,56.8804,2.5));
#987 = VECTOR('',#988,1.);
#988 = DIRECTION('',(0.146712829426,-0.989179127197,0.));
#989 = ORIENTED_EDGE('',*,*,#990,.T.);
#990 = EDGE_CURVE('',#983,#991,#993,.T.);
#991 = VERTEX_POINT('',#992);
#992 = CARTESIAN_POINT('',(-6.42316,55.0459,2.5));
#993 = LINE('',#994,#995);
#994 = CARTESIAN_POINT('',(-6.88227,56.5594,2.5));
#995 = VECTOR('',#996,1.);
#996 = DIRECTION('',(0.290281663229,-0.956941250022,0.));
#997 = ORIENTED_EDGE('',*,*,#998,.T.);
#998 = EDGE_CURVE('',#991,#999,#1001,.T.);
#999 = VERTEX_POINT('',#1000);
#1000 = CARTESIAN_POINT('',(-5.68566,53.6662,2.5));
#1001 = LINE('',#1002,#1003);
#1002 = CARTESIAN_POINT('',(-6.42316,55.0459,2.5));
#1003 = VECTOR('',#1004,1.);
#1004 = DIRECTION('',(0.4714141304,-0.881911967069,0.));
#1005 = ORIENTED_EDGE('',*,*,#1006,.T.);
#1006 = EDGE_CURVE('',#999,#1007,#1009,.T.);
#1007 = VERTEX_POINT('',#1008);
#1008 = CARTESIAN_POINT('',(-4.69317,52.4568,2.5));
#1009 = LINE('',#1010,#1011);
#1010 = CARTESIAN_POINT('',(-5.68566,53.6662,2.5));
#1011 = VECTOR('',#1012,1.);
#1012 = DIRECTION('',(0.634378415338,-0.773022655653,0.));
#1013 = ORIENTED_EDGE('',*,*,#1014,.T.);
#1014 = EDGE_CURVE('',#1007,#1015,#1017,.T.);
#1015 = VERTEX_POINT('',#1016);
#1016 = CARTESIAN_POINT('',(-3.48381,51.4643,2.5));
#1017 = LINE('',#1018,#1019);
#1018 = CARTESIAN_POINT('',(-4.69317,52.4568,2.5));
#1019 = VECTOR('',#1020,1.);
#1020 = DIRECTION('',(0.773009231669,-0.634394772799,0.));
#1021 = ORIENTED_EDGE('',*,*,#1022,.T.);
#1022 = EDGE_CURVE('',#1015,#1023,#1025,.T.);
#1023 = VERTEX_POINT('',#1024);
#1024 = CARTESIAN_POINT('',(-2.10406,50.7268,2.5));
#1025 = LINE('',#1026,#1027);
#1026 = CARTESIAN_POINT('',(-3.48381,51.4643,2.5));
#1027 = VECTOR('',#1028,1.);
#1028 = DIRECTION('',(0.881919069342,-0.47140084337,0.));
#1029 = ORIENTED_EDGE('',*,*,#1030,.T.);
#1030 = EDGE_CURVE('',#1023,#1031,#1033,.T.);
#1031 = VERTEX_POINT('',#1032);
#1032 = CARTESIAN_POINT('',(-0.606947,50.2727,2.5));
#1033 = LINE('',#1034,#1035);
#1034 = CARTESIAN_POINT('',(-2.10406,50.7268,2.5));
#1035 = VECTOR('',#1036,1.);
#1036 = DIRECTION('',(0.956948194773,-0.290258768207,0.));
#1037 = ORIENTED_EDGE('',*,*,#1038,.T.);
#1038 = EDGE_CURVE('',#1031,#1039,#1041,.T.);
#1039 = VERTEX_POINT('',#1040);
#1040 = CARTESIAN_POINT('',(1.14651,50.1,2.5));
#1041 = LINE('',#1042,#1043);
#1042 = CARTESIAN_POINT('',(-0.606947,50.2727,2.5));
#1043 = VECTOR('',#1044,1.);
#1044 = DIRECTION('',(0.995184751068,-9.801689263519E-02,0.));
#1045 = ORIENTED_EDGE('',*,*,#1046,.T.);
#1046 = EDGE_CURVE('',#1039,#1047,#1049,.T.);
#1047 = VERTEX_POINT('',#1048);
#1048 = CARTESIAN_POINT('',(8.,50.1,2.5));
#1049 = LINE('',#1050,#1051);
#1050 = CARTESIAN_POINT('',(1.14651,50.1,2.5));
#1051 = VECTOR('',#1052,1.);
#1052 = DIRECTION('',(1.,0.,0.));
#1053 = ORIENTED_EDGE('',*,*,#1054,.T.);
#1054 = EDGE_CURVE('',#1047,#1055,#1057,.T.);
#1055 = VERTEX_POINT('',#1056);
#1056 = CARTESIAN_POINT('',(8.78036,50.0231,2.5));
#1057 = LINE('',#1058,#1059);
#1058 = CARTESIAN_POINT('',(8.,50.1,2.5));
#1059 = VECTOR('',#1060,1.);
#1060 = DIRECTION('',(0.995179594095,-9.80692382822E-02,0.));
#1061 = ORIENTED_EDGE('',*,*,#1062,.T.);
#1062 = EDGE_CURVE('',#1055,#1063,#1065,.T.);
#1063 = VERTEX_POINT('',#1064);
#1064 = CARTESIAN_POINT('',(9.53073,49.7955,2.5));
#1065 = LINE('',#1066,#1067);
#1066 = CARTESIAN_POINT('',(8.78036,50.0231,2.5));
#1067 = VECTOR('',#1068,1.);
#1068 = DIRECTION('',(0.956948218008,-0.290258691604,0.));
#1069 = ORIENTED_EDGE('',*,*,#1070,.T.);
#1070 = EDGE_CURVE('',#1063,#1071,#1073,.T.);
#1071 = VERTEX_POINT('',#1072);
#1072 = CARTESIAN_POINT('',(10.2223,49.4259,2.5));
#1073 = LINE('',#1074,#1075);
#1074 = CARTESIAN_POINT('',(9.53073,49.7955,2.5));
#1075 = VECTOR('',#1076,1.);
#1076 = DIRECTION('',(0.881948761333,-0.471345289976,0.));
#1077 = ORIENTED_EDGE('',*,*,#1078,.T.);
#1078 = EDGE_CURVE('',#1071,#1079,#1081,.T.);
#1079 = VERTEX_POINT('',#1080);
#1080 = CARTESIAN_POINT('',(10.8284,48.9284,2.5));
#1081 = LINE('',#1082,#1083);
#1082 = CARTESIAN_POINT('',(10.2223,49.4259,2.5));
#1083 = VECTOR('',#1084,1.);
#1084 = DIRECTION('',(0.772956300772,-0.634459263544,0.));
#1085 = ORIENTED_EDGE('',*,*,#1086,.T.);
#1086 = EDGE_CURVE('',#1079,#1087,#1089,.T.);
#1087 = VERTEX_POINT('',#1088);
#1088 = CARTESIAN_POINT('',(11.3259,48.3223,2.5));
#1089 = LINE('',#1090,#1091);
#1090 = CARTESIAN_POINT('',(10.8284,48.9284,2.5));
#1091 = VECTOR('',#1092,1.);
#1092 = DIRECTION('',(0.634459263544,-0.772956300772,0.));
#1093 = ORIENTED_EDGE('',*,*,#1094,.T.);
#1094 = EDGE_CURVE('',#1087,#1095,#1097,.T.);
#1095 = VERTEX_POINT('',#1096);
#1096 = CARTESIAN_POINT('',(11.6955,47.6307,2.5));
#1097 = LINE('',#1098,#1099);
#1098 = CARTESIAN_POINT('',(11.3259,48.3223,2.5));
#1099 = VECTOR('',#1100,1.);
#1100 = DIRECTION('',(0.471329386267,-0.881957260666,0.));
#1101 = ORIENTED_EDGE('',*,*,#1102,.T.);
#1102 = EDGE_CURVE('',#1095,#1103,#1105,.T.);
#1103 = VERTEX_POINT('',#1104);
#1104 = CARTESIAN_POINT('',(11.9231,46.8804,2.5));
#1105 = LINE('',#1106,#1107);
#1106 = CARTESIAN_POINT('',(11.6955,47.6307,2.5));
#1107 = VECTOR('',#1108,1.);
#1108 = DIRECTION('',(0.290283489799,-0.956940695942,0.));
#1109 = ORIENTED_EDGE('',*,*,#1110,.T.);
#1110 = EDGE_CURVE('',#1103,#1111,#1113,.T.);
#1111 = VERTEX_POINT('',#1112);
#1112 = CARTESIAN_POINT('',(12.,46.1,2.5));
#1113 = LINE('',#1114,#1115);
#1114 = CARTESIAN_POINT('',(11.9231,46.8804,2.5));
#1115 = VECTOR('',#1116,1.);
#1116 = DIRECTION('',(9.80642600084E-02,-0.995180084663,0.));
#1117 = ORIENTED_EDGE('',*,*,#1118,.T.);
#1118 = EDGE_CURVE('',#1111,#1119,#1121,.T.);
#1119 = VERTEX_POINT('',#1120);
#1120 = CARTESIAN_POINT('',(12.,24.95803989155,2.5));
#1121 = LINE('',#1122,#1123);
#1122 = CARTESIAN_POINT('',(12.,46.1,2.5));
#1123 = VECTOR('',#1124,1.);
#1124 = DIRECTION('',(-0.,-1.,-0.));
#1125 = ORIENTED_EDGE('',*,*,#1126,.T.);
#1126 = EDGE_CURVE('',#1119,#1127,#1129,.T.);
#1127 = VERTEX_POINT('',#1128);
#1128 = CARTESIAN_POINT('',(8.5,22.,2.5));
#1129 = CIRCLE('',#1130,3.);
#1130 = AXIS2_PLACEMENT_3D('',#1131,#1132,#1133);
#1131 = CARTESIAN_POINT('',(11.5,22.,2.5));
#1132 = DIRECTION('',(0.,0.,1.));
#1133 = DIRECTION('',(-1.,-0.,-0.));
#1134 = ORIENTED_EDGE('',*,*,#1135,.T.);
#1135 = EDGE_CURVE('',#1127,#1136,#1138,.T.);
#1136 = VERTEX_POINT('',#1137);
#1137 = CARTESIAN_POINT('',(12.,19.04196010845,2.5));
#1138 = CIRCLE('',#1139,3.);
#1139 = AXIS2_PLACEMENT_3D('',#1140,#1141,#1142);
#1140 = CARTESIAN_POINT('',(11.5,22.,2.5));
#1141 = DIRECTION('',(0.,0.,1.));
#1142 = DIRECTION('',(-1.,-0.,-0.));
#1143 = ORIENTED_EDGE('',*,*,#1144,.T.);
#1144 = EDGE_CURVE('',#1136,#1145,#1147,.T.);
#1145 = VERTEX_POINT('',#1146);
#1146 = CARTESIAN_POINT('',(12.,-8.,2.5));
#1147 = LINE('',#1148,#1149);
#1148 = CARTESIAN_POINT('',(12.,46.1,2.5));
#1149 = VECTOR('',#1150,1.);
#1150 = DIRECTION('',(-0.,-1.,-0.));
#1151 = ORIENTED_EDGE('',*,*,#1152,.T.);
#1152 = EDGE_CURVE('',#1145,#1153,#1155,.T.);
#1153 = VERTEX_POINT('',#1154);
#1154 = CARTESIAN_POINT('',(11.9231,-8.78036,2.5));
#1155 = LINE('',#1156,#1157);
#1156 = CARTESIAN_POINT('',(12.,-8.,2.5));
#1157 = VECTOR('',#1158,1.);
#1158 = DIRECTION('',(-9.806923828219E-02,-0.995179594095,-0.));
#1159 = ORIENTED_EDGE('',*,*,#1160,.T.);
#1160 = EDGE_CURVE('',#1153,#1161,#1163,.T.);
#1161 = VERTEX_POINT('',#1162);
#1162 = CARTESIAN_POINT('',(11.6955,-9.53073,2.5));
#1163 = LINE('',#1164,#1165);
#1164 = CARTESIAN_POINT('',(11.9231,-8.78036,2.5));
#1165 = VECTOR('',#1166,1.);
#1166 = DIRECTION('',(-0.290258691604,-0.956948218008,-0.));
#1167 = ORIENTED_EDGE('',*,*,#1168,.T.);
#1168 = EDGE_CURVE('',#1161,#1169,#1171,.T.);
#1169 = VERTEX_POINT('',#1170);
#1170 = CARTESIAN_POINT('',(11.3259,-10.2223,2.5));
#1171 = LINE('',#1172,#1173);
#1172 = CARTESIAN_POINT('',(11.6955,-9.53073,2.5));
#1173 = VECTOR('',#1174,1.);
#1174 = DIRECTION('',(-0.471345289976,-0.881948761333,-0.));
#1175 = ORIENTED_EDGE('',*,*,#1176,.T.);
#1176 = EDGE_CURVE('',#1169,#1177,#1179,.T.);
#1177 = VERTEX_POINT('',#1178);
#1178 = CARTESIAN_POINT('',(10.8284,-10.8284,2.5));
#1179 = LINE('',#1180,#1181);
#1180 = CARTESIAN_POINT('',(11.3259,-10.2223,2.5));
#1181 = VECTOR('',#1182,1.);
#1182 = DIRECTION('',(-0.634459263544,-0.772956300772,-0.));
#1183 = ORIENTED_EDGE('',*,*,#1184,.T.);
#1184 = EDGE_CURVE('',#1177,#1185,#1187,.T.);
#1185 = VERTEX_POINT('',#1186);
#1186 = CARTESIAN_POINT('',(10.2223,-11.3259,2.5));
#1187 = LINE('',#1188,#1189);
#1188 = CARTESIAN_POINT('',(10.8284,-10.8284,2.5));
#1189 = VECTOR('',#1190,1.);
#1190 = DIRECTION('',(-0.772956300772,-0.634459263544,-0.));
#1191 = ORIENTED_EDGE('',*,*,#1192,.T.);
#1192 = EDGE_CURVE('',#1185,#1193,#1195,.T.);
#1193 = VERTEX_POINT('',#1194);
#1194 = CARTESIAN_POINT('',(9.53073,-11.6955,2.5));
#1195 = LINE('',#1196,#1197);
#1196 = CARTESIAN_POINT('',(10.2223,-11.3259,2.5));
#1197 = VECTOR('',#1198,1.);
#1198 = DIRECTION('',(-0.881948761333,-0.471345289976,-0.));
#1199 = ORIENTED_EDGE('',*,*,#1200,.T.);
#1200 = EDGE_CURVE('',#1193,#1201,#1203,.T.);
#1201 = VERTEX_POINT('',#1202);
#1202 = CARTESIAN_POINT('',(8.78036,-11.9231,2.5));
#1203 = LINE('',#1204,#1205);
#1204 = CARTESIAN_POINT('',(9.53073,-11.6955,2.5));
#1205 = VECTOR('',#1206,1.);
#1206 = DIRECTION('',(-0.956948218008,-0.290258691604,-0.));
#1207 = ORIENTED_EDGE('',*,*,#1208,.T.);
#1208 = EDGE_CURVE('',#1201,#1209,#1211,.T.);
#1209 = VERTEX_POINT('',#1210);
#1210 = CARTESIAN_POINT('',(8.,-12.,2.5));
#1211 = LINE('',#1212,#1213);
#1212 = CARTESIAN_POINT('',(8.78036,-11.9231,2.5));
#1213 = VECTOR('',#1214,1.);
#1214 = DIRECTION('',(-0.995179594095,-9.806923828219E-02,-0.));
#1215 = ORIENTED_EDGE('',*,*,#1216,.T.);
#1216 = EDGE_CURVE('',#1209,#1217,#1219,.T.);
#1217 = VERTEX_POINT('',#1218);
#1218 = CARTESIAN_POINT('',(2.95803989155,-12.,2.5));
#1219 = LINE('',#1220,#1221);
#1220 = CARTESIAN_POINT('',(8.,-12.,2.5));
#1221 = VECTOR('',#1222,1.);
#1222 = DIRECTION('',(-1.,-0.,-0.));
#1223 = ORIENTED_EDGE('',*,*,#1224,.T.);
#1224 = EDGE_CURVE('',#1217,#1225,#1227,.T.);
#1225 = VERTEX_POINT('',#1226);
#1226 = CARTESIAN_POINT('',(-3.,-11.5,2.5));
#1227 = CIRCLE('',#1228,3.);
#1228 = AXIS2_PLACEMENT_3D('',#1229,#1230,#1231);
#1229 = CARTESIAN_POINT('',(0.,-11.5,2.5));
#1230 = DIRECTION('',(0.,0.,1.));
#1231 = DIRECTION('',(-1.,-0.,-0.));
#1232 = ORIENTED_EDGE('',*,*,#1233,.T.);
#1233 = EDGE_CURVE('',#1225,#1234,#1236,.T.);
#1234 = VERTEX_POINT('',#1235);
#1235 = CARTESIAN_POINT('',(-2.644865381966,-12.91586973669,2.5));
#1236 = CIRCLE('',#1237,3.);
#1237 = AXIS2_PLACEMENT_3D('',#1238,#1239,#1240);
#1238 = CARTESIAN_POINT('',(0.,-11.5,2.5));
#1239 = DIRECTION('',(0.,0.,1.));
#1240 = DIRECTION('',(-1.,-0.,-0.));
#1241 = ORIENTED_EDGE('',*,*,#1242,.T.);
#1242 = EDGE_CURVE('',#1234,#1243,#1245,.T.);
#1243 = VERTEX_POINT('',#1244);
#1244 = CARTESIAN_POINT('',(-3.48381,-13.3643,2.5));
#1245 = LINE('',#1246,#1247);
#1246 = CARTESIAN_POINT('',(-2.10406,-12.6268,2.5));
#1247 = VECTOR('',#1248,1.);
#1248 = DIRECTION('',(-0.881919069342,-0.47140084337,-0.));
#1249 = ORIENTED_EDGE('',*,*,#1250,.T.);
#1250 = EDGE_CURVE('',#1243,#1251,#1253,.T.);
#1251 = VERTEX_POINT('',#1252);
#1252 = CARTESIAN_POINT('',(-4.69317,-14.3568,2.5));
#1253 = LINE('',#1254,#1255);
#1254 = CARTESIAN_POINT('',(-3.48381,-13.3643,2.5));
#1255 = VECTOR('',#1256,1.);
#1256 = DIRECTION('',(-0.773009231669,-0.634394772799,-0.));
#1257 = ORIENTED_EDGE('',*,*,#1258,.T.);
#1258 = EDGE_CURVE('',#1251,#1259,#1261,.T.);
#1259 = VERTEX_POINT('',#1260);
#1260 = CARTESIAN_POINT('',(-5.68566,-15.5662,2.5));
#1261 = LINE('',#1262,#1263);
#1262 = CARTESIAN_POINT('',(-4.69317,-14.3568,2.5));
#1263 = VECTOR('',#1264,1.);
#1264 = DIRECTION('',(-0.634378415338,-0.773022655653,-0.));
#1265 = ORIENTED_EDGE('',*,*,#1266,.T.);
#1266 = EDGE_CURVE('',#1259,#1267,#1269,.T.);
#1267 = VERTEX_POINT('',#1268);
#1268 = CARTESIAN_POINT('',(-6.42316,-16.9459,2.5));
#1269 = LINE('',#1270,#1271);
#1270 = CARTESIAN_POINT('',(-5.68566,-15.5662,2.5));
#1271 = VECTOR('',#1272,1.);
#1272 = DIRECTION('',(-0.4714141304,-0.881911967069,-0.));
#1273 = ORIENTED_EDGE('',*,*,#1274,.T.);
#1274 = EDGE_CURVE('',#1267,#1275,#1277,.T.);
#1275 = VERTEX_POINT('',#1276);
#1276 = CARTESIAN_POINT('',(-6.80695,-18.2111,2.5));
#1277 = LINE('',#1278,#1279);
#1278 = CARTESIAN_POINT('',(-6.42316,-16.9459,2.5));
#1279 = VECTOR('',#1280,1.);
#1280 = DIRECTION('',(-0.290281751552,-0.95694122323,-0.));
#1281 = ORIENTED_EDGE('',*,*,#1282,.T.);
#1282 = EDGE_CURVE('',#1275,#1283,#1285,.T.);
#1283 = VERTEX_POINT('',#1284);
#1284 = CARTESIAN_POINT('',(-7.10703,-18.9356,2.5));
#1285 = LINE('',#1286,#1287);
#1286 = CARTESIAN_POINT('',(-6.80695,-18.2111,2.5));
#1287 = VECTOR('',#1288,1.);
#1288 = DIRECTION('',(-0.382664138353,-0.923887524117,-0.));
#1289 = ORIENTED_EDGE('',*,*,#1290,.T.);
#1290 = EDGE_CURVE('',#1283,#1291,#1293,.T.);
#1291 = VERTEX_POINT('',#1292);
#1292 = CARTESIAN_POINT('',(-7.54267,-19.5876,2.5));
#1293 = LINE('',#1294,#1295);
#1294 = CARTESIAN_POINT('',(-7.10703,-18.9356,2.5));
#1295 = VECTOR('',#1296,1.);
#1296 = DIRECTION('',(-0.555559237121,-0.831476959422,-0.));
#1297 = ORIENTED_EDGE('',*,*,#1298,.T.);
#1298 = EDGE_CURVE('',#1291,#1299,#1301,.T.);
#1299 = VERTEX_POINT('',#1300);
#1300 = CARTESIAN_POINT('',(-8.09714,-20.142,2.5));
#1301 = LINE('',#1302,#1303);
#1302 = CARTESIAN_POINT('',(-7.54267,-19.5876,2.5));
#1303 = VECTOR('',#1304,1.);
#1304 = DIRECTION('',(-0.707151417539,-0.707062142016,-0.));
#1305 = ORIENTED_EDGE('',*,*,#1306,.T.);
#1306 = EDGE_CURVE('',#1299,#1307,#1309,.T.);
#1307 = VERTEX_POINT('',#1308);
#1308 = CARTESIAN_POINT('',(-8.74912,-20.5777,2.5));
#1309 = LINE('',#1310,#1311);
#1310 = CARTESIAN_POINT('',(-8.09714,-20.142,2.5));
#1311 = VECTOR('',#1312,1.);
#1312 = DIRECTION('',(-0.83143374015,-0.555623915739,-0.));
#1313 = ORIENTED_EDGE('',*,*,#1314,.T.);
#1314 = EDGE_CURVE('',#1307,#1315,#1317,.T.);
#1315 = VERTEX_POINT('',#1316);
#1316 = CARTESIAN_POINT('',(-9.47357,-20.8778,2.5));
#1317 = LINE('',#1318,#1319);
#1318 = CARTESIAN_POINT('',(-8.74912,-20.5777,2.5));
#1319 = VECTOR('',#1320,1.);
#1320 = DIRECTION('',(-0.923869168907,-0.382708451362,-0.));
#1321 = ORIENTED_EDGE('',*,*,#1322,.T.);
#1322 = EDGE_CURVE('',#1315,#1323,#1325,.T.);
#1323 = VERTEX_POINT('',#1324);
#1324 = CARTESIAN_POINT('',(-10.2426,-21.0307,2.5));
#1325 = LINE('',#1326,#1327);
#1326 = CARTESIAN_POINT('',(-9.47357,-20.8778,2.5));
#1327 = VECTOR('',#1328,1.);
#1328 = DIRECTION('',(-0.980802255961,-0.195004960712,-0.));
#1329 = ORIENTED_EDGE('',*,*,#1330,.T.);
#1330 = EDGE_CURVE('',#1323,#1331,#1333,.T.);
#1331 = VERTEX_POINT('',#1332);
#1332 = CARTESIAN_POINT('',(-10.6347,-21.05,2.5));
#1333 = LINE('',#1334,#1335);
#1334 = CARTESIAN_POINT('',(-10.2426,-21.0307,2.5));
#1335 = VECTOR('',#1336,1.);
#1336 = DIRECTION('',(-0.998790787438,-4.916261718327E-02,-0.));
#1337 = ORIENTED_EDGE('',*,*,#1338,.T.);
#1338 = EDGE_CURVE('',#1331,#1339,#1341,.T.);
#1339 = VERTEX_POINT('',#1340);
#1340 = CARTESIAN_POINT('',(-28.2778,-21.05,2.5));
#1341 = LINE('',#1342,#1343);
#1342 = CARTESIAN_POINT('',(-10.6347,-21.05,2.5));
#1343 = VECTOR('',#1344,1.);
#1344 = DIRECTION('',(-1.,-0.,-0.));
#1345 = ORIENTED_EDGE('',*,*,#1346,.T.);
#1346 = EDGE_CURVE('',#1339,#1347,#1349,.T.);
#1347 = VERTEX_POINT('',#1348);
#1348 = CARTESIAN_POINT('',(-29.0582,-20.9731,2.5));
#1349 = LINE('',#1350,#1351);
#1350 = CARTESIAN_POINT('',(-28.2778,-21.05,2.5));
#1351 = VECTOR('',#1352,1.);
#1352 = DIRECTION('',(-0.995180084663,9.80642600084E-02,0.));
#1353 = ORIENTED_EDGE('',*,*,#1354,.T.);
#1354 = EDGE_CURVE('',#1347,#1355,#1357,.T.);
#1355 = VERTEX_POINT('',#1356);
#1356 = CARTESIAN_POINT('',(-29.8085,-20.7455,2.5));
#1357 = LINE('',#1358,#1359);
#1358 = CARTESIAN_POINT('',(-29.0582,-20.9731,2.5));
#1359 = VECTOR('',#1360,1.);
#1360 = DIRECTION('',(-0.956940695942,0.290283489799,0.));
#1361 = ORIENTED_EDGE('',*,*,#1362,.T.);
#1362 = EDGE_CURVE('',#1355,#1363,#1365,.T.);
#1363 = VERTEX_POINT('',#1364);
#1364 = CARTESIAN_POINT('',(-30.5001,-20.3759,2.5));
#1365 = LINE('',#1366,#1367);
#1366 = CARTESIAN_POINT('',(-29.8085,-20.7455,2.5));
#1367 = VECTOR('',#1368,1.);
#1368 = DIRECTION('',(-0.881957260666,0.471329386267,0.));
#1369 = ORIENTED_EDGE('',*,*,#1370,.T.);
#1370 = EDGE_CURVE('',#1363,#1371,#1373,.T.);
#1371 = VERTEX_POINT('',#1372);
#1372 = CARTESIAN_POINT('',(-31.1062,-19.8784,2.5));
#1373 = LINE('',#1374,#1375);
#1374 = CARTESIAN_POINT('',(-30.5001,-20.3759,2.5));
#1375 = VECTOR('',#1376,1.);
#1376 = DIRECTION('',(-0.772956300772,0.634459263544,0.));
#1377 = ORIENTED_EDGE('',*,*,#1378,.T.);
#1378 = EDGE_CURVE('',#1371,#1379,#1381,.T.);
#1379 = VERTEX_POINT('',#1380);
#1380 = CARTESIAN_POINT('',(-31.6037,-19.2723,2.5));
#1381 = LINE('',#1382,#1383);
#1382 = CARTESIAN_POINT('',(-31.1062,-19.8784,2.5));
#1383 = VECTOR('',#1384,1.);
#1384 = DIRECTION('',(-0.634459263544,0.772956300772,0.));
#1385 = ORIENTED_EDGE('',*,*,#1386,.T.);
#1386 = EDGE_CURVE('',#1379,#1387,#1389,.T.);
#1387 = VERTEX_POINT('',#1388);
#1388 = CARTESIAN_POINT('',(-31.6613,-19.1644,2.5));
#1389 = LINE('',#1390,#1391);
#1390 = CARTESIAN_POINT('',(-31.6037,-19.2723,2.5));
#1391 = VECTOR('',#1392,1.);
#1392 = DIRECTION('',(-0.470927681203,0.882171819476,0.));
#1393 = ORIENTED_EDGE('',*,*,#1394,.T.);
#1394 = EDGE_CURVE('',#1387,#1395,#1397,.T.);
#1395 = VERTEX_POINT('',#1396);
#1396 = CARTESIAN_POINT('',(-32.7152,-17.5871,2.5));
#1397 = LINE('',#1398,#1399);
#1398 = CARTESIAN_POINT('',(-31.6613,-19.1644,2.5));
#1399 = VECTOR('',#1400,1.);
#1400 = DIRECTION('',(-0.555563612717,0.831474035809,0.));
#1401 = ORIENTED_EDGE('',*,*,#1402,.T.);
#1402 = EDGE_CURVE('',#1395,#1403,#1405,.T.);
#1403 = VERTEX_POINT('',#1404);
#1404 = CARTESIAN_POINT('',(-33.8215,-16.4809,2.5));
#1405 = LINE('',#1406,#1407);
#1406 = CARTESIAN_POINT('',(-32.7152,-17.5871,2.5));
#1407 = VECTOR('',#1408,1.);
#1408 = DIRECTION('',(-0.707138740093,0.707074820836,0.));
#1409 = ORIENTED_EDGE('',*,*,#1410,.T.);
#1410 = EDGE_CURVE('',#1403,#1411,#1413,.T.);
#1411 = VERTEX_POINT('',#1412);
#1412 = CARTESIAN_POINT('',(-35.1223,-15.6117,2.5));
#1413 = LINE('',#1414,#1415);
#1414 = CARTESIAN_POINT('',(-33.8215,-16.4809,2.5));
#1415 = VECTOR('',#1416,1.);
#1416 = DIRECTION('',(-0.831459801075,0.555584916278,0.));
#1417 = ORIENTED_EDGE('',*,*,#1418,.T.);
#1418 = EDGE_CURVE('',#1411,#1419,#1421,.T.);
#1419 = VERTEX_POINT('',#1420);
#1420 = CARTESIAN_POINT('',(-36.5677,-15.013,2.5));
#1421 = LINE('',#1422,#1423);
#1422 = CARTESIAN_POINT('',(-35.1223,-15.6117,2.5));
#1423 = VECTOR('',#1424,1.);
#1424 = DIRECTION('',(-0.923880500421,0.382681095615,0.));
#1425 = ORIENTED_EDGE('',*,*,#1426,.T.);
#1426 = EDGE_CURVE('',#1419,#1427,#1429,.T.);
#1427 = VERTEX_POINT('',#1428);
#1428 = CARTESIAN_POINT('',(-38.1991,-14.6885,2.5));
#1429 = LINE('',#1430,#1431);
#1430 = CARTESIAN_POINT('',(-36.5677,-15.013,2.5));
#1431 = VECTOR('',#1432,1.);
#1432 = DIRECTION('',(-0.980785928742,0.19508706257,0.));
#1433 = ORIENTED_EDGE('',*,*,#1434,.T.);
#1434 = EDGE_CURVE('',#1427,#1435,#1437,.T.);
#1435 = VERTEX_POINT('',#1436);
#1436 = CARTESIAN_POINT('',(-38.9826,-14.65,2.5));
#1437 = LINE('',#1438,#1439);
#1438 = CARTESIAN_POINT('',(-38.1991,-14.6885,2.5));
#1439 = VECTOR('',#1440,1.);
#1440 = DIRECTION('',(-0.998794886786,4.907926374126E-02,0.));
#1441 = ORIENTED_EDGE('',*,*,#1442,.T.);
#1442 = EDGE_CURVE('',#1435,#1443,#1445,.T.);
#1443 = VERTEX_POINT('',#1444);
#1444 = CARTESIAN_POINT('',(-49.7342,-14.65,2.5));
#1445 = LINE('',#1446,#1447);
#1446 = CARTESIAN_POINT('',(-38.9826,-14.65,2.5));
#1447 = VECTOR('',#1448,1.);
#1448 = DIRECTION('',(-1.,-0.,-0.));
#1449 = ORIENTED_EDGE('',*,*,#1450,.T.);
#1450 = EDGE_CURVE('',#1443,#1451,#1453,.T.);
#1451 = VERTEX_POINT('',#1452);
#1452 = CARTESIAN_POINT('',(-51.4877,-14.8227,2.5));
#1453 = LINE('',#1454,#1455);
#1454 = CARTESIAN_POINT('',(-49.7342,-14.65,2.5));
#1455 = VECTOR('',#1456,1.);
#1456 = DIRECTION('',(-0.995184985525,-9.80145121187E-02,-0.));
#1457 = ORIENTED_EDGE('',*,*,#1458,.T.);
#1458 = EDGE_CURVE('',#1451,#1459,#1461,.T.);
#1459 = VERTEX_POINT('',#1460);
#1460 = CARTESIAN_POINT('',(-52.9848,-15.2768,2.5));
#1461 = LINE('',#1462,#1463);
#1462 = CARTESIAN_POINT('',(-51.4877,-14.8227,2.5));
#1463 = VECTOR('',#1464,1.);
#1464 = DIRECTION('',(-0.956947494684,-0.290261076305,-0.));
#1465 = ORIENTED_EDGE('',*,*,#1466,.T.);
#1466 = EDGE_CURVE('',#1459,#1467,#1469,.T.);
#1467 = VERTEX_POINT('',#1468);
#1468 = CARTESIAN_POINT('',(-54.3645,-16.0143,2.5));
#1469 = LINE('',#1470,#1471);
#1470 = CARTESIAN_POINT('',(-52.9848,-15.2768,2.5));
#1471 = VECTOR('',#1472,1.);
#1472 = DIRECTION('',(-0.881911967069,-0.4714141304,-0.));
#1473 = ORIENTED_EDGE('',*,*,#1474,.T.);
#1474 = EDGE_CURVE('',#1467,#1475,#1477,.T.);
#1475 = VERTEX_POINT('',#1476);
#1476 = CARTESIAN_POINT('',(-55.5739,-17.0068,2.5));
#1477 = LINE('',#1478,#1479);
#1478 = CARTESIAN_POINT('',(-54.3645,-16.0143,2.5));
#1479 = VECTOR('',#1480,1.);
#1480 = DIRECTION('',(-0.773019521196,-0.634382234816,-0.));
#1481 = ORIENTED_EDGE('',*,*,#1482,.T.);
#1482 = EDGE_CURVE('',#1475,#1483,#1485,.T.);
#1483 = VERTEX_POINT('',#1484);
#1484 = CARTESIAN_POINT('',(-56.5664,-18.2162,2.5));
#1485 = LINE('',#1486,#1487);
#1486 = CARTESIAN_POINT('',(-55.5739,-17.0068,2.5));
#1487 = VECTOR('',#1488,1.);
#1488 = DIRECTION('',(-0.634382234816,-0.773019521196,-0.));
#1489 = ORIENTED_EDGE('',*,*,#1490,.T.);
#1490 = EDGE_CURVE('',#1483,#1491,#1493,.T.);
#1491 = VERTEX_POINT('',#1492);
#1492 = CARTESIAN_POINT('',(-57.3039,-19.5959,2.5));
#1493 = LINE('',#1494,#1495);
#1494 = CARTESIAN_POINT('',(-56.5664,-18.2162,2.5));
#1495 = VECTOR('',#1496,1.);
#1496 = DIRECTION('',(-0.4714141304,-0.881911967069,-0.));
#1497 = ORIENTED_EDGE('',*,*,#1498,.T.);
#1498 = EDGE_CURVE('',#1491,#1499,#1501,.T.);
#1499 = VERTEX_POINT('',#1500);
#1500 = CARTESIAN_POINT('',(-57.758,-21.0931,2.5));
#1501 = LINE('',#1502,#1503);
#1502 = CARTESIAN_POINT('',(-57.3039,-19.5959,2.5));
#1503 = VECTOR('',#1504,1.);
#1504 = DIRECTION('',(-0.290243322605,-0.956952879552,-0.));
#1505 = ORIENTED_EDGE('',*,*,#1506,.T.);
#1506 = EDGE_CURVE('',#1499,#1507,#1509,.T.);
#1507 = VERTEX_POINT('',#1508);
#1508 = CARTESIAN_POINT('',(-57.9135,-22.6719,2.5));
#1509 = LINE('',#1510,#1511);
#1510 = CARTESIAN_POINT('',(-57.758,-21.0931,2.5));
#1511 = VECTOR('',#1512,1.);
#1512 = DIRECTION('',(-9.801824680222E-02,-0.995184617694,-0.));
#1513 = ORIENTED_EDGE('',*,*,#1514,.T.);
#1514 = EDGE_CURVE('',#1507,#1515,#1517,.T.);
#1515 = VERTEX_POINT('',#1516);
#1516 = CARTESIAN_POINT('',(-57.7991,-23.9796,2.5));
#1517 = LINE('',#1518,#1519);
#1518 = CARTESIAN_POINT('',(-57.9135,-22.6719,2.5));
#1519 = VECTOR('',#1520,1.);
#1520 = DIRECTION('',(8.71489951774E-02,-0.996195288405,0.));
#1521 = ORIENTED_EDGE('',*,*,#1522,.T.);
#1522 = EDGE_CURVE('',#1515,#1523,#1525,.T.);
#1523 = VERTEX_POINT('',#1524);
#1524 = CARTESIAN_POINT('',(-57.8077,-24.7637,2.5));
#1525 = LINE('',#1526,#1527);
#1526 = CARTESIAN_POINT('',(-57.7991,-23.9796,2.5));
#1527 = VECTOR('',#1528,1.);
#1528 = DIRECTION('',(-1.096732912959E-02,-0.999939857037,-0.));
#1529 = ORIENTED_EDGE('',*,*,#1530,.T.);
#1530 = EDGE_CURVE('',#1523,#1531,#1533,.T.);
#1531 = VERTEX_POINT('',#1532);
#1532 = CARTESIAN_POINT('',(-57.969,-25.531,2.5));
#1533 = LINE('',#1534,#1535);
#1534 = CARTESIAN_POINT('',(-57.8077,-24.7637,2.5));
#1535 = VECTOR('',#1536,1.);
#1536 = DIRECTION('',(-0.205721224627,-0.978610636432,-0.));
#1537 = ORIENTED_EDGE('',*,*,#1538,.T.);
#1538 = EDGE_CURVE('',#1531,#1539,#1541,.T.);
#1539 = VERTEX_POINT('',#1540);
#1540 = CARTESIAN_POINT('',(-58.277,-26.2521,2.5));
#1541 = LINE('',#1542,#1543);
#1542 = CARTESIAN_POINT('',(-57.969,-25.531,2.5));
#1543 = VECTOR('',#1544,1.);
#1544 = DIRECTION('',(-0.392795412362,-0.919625882643,-0.));
#1545 = ORIENTED_EDGE('',*,*,#1546,.T.);
#1546 = EDGE_CURVE('',#1539,#1547,#1549,.T.);
#1547 = VERTEX_POINT('',#1548);
#1548 = CARTESIAN_POINT('',(-58.7197,-26.8993,2.5));
#1549 = LINE('',#1550,#1551);
#1550 = CARTESIAN_POINT('',(-58.277,-26.2521,2.5));
#1551 = VECTOR('',#1552,1.);
#1552 = DIRECTION('',(-0.564578758272,-0.82537920116,-0.));
#1553 = ORIENTED_EDGE('',*,*,#1554,.T.);
#1554 = EDGE_CURVE('',#1547,#1555,#1557,.T.);
#1555 = VERTEX_POINT('',#1556);
#1556 = CARTESIAN_POINT('',(-59.2802,-27.4477,2.5));
#1557 = LINE('',#1558,#1559);
#1558 = CARTESIAN_POINT('',(-58.7197,-26.8993,2.5));
#1559 = VECTOR('',#1560,1.);
#1560 = DIRECTION('',(-0.714779976816,-0.699349401045,-0.));
#1561 = ORIENTED_EDGE('',*,*,#1562,.T.);
#1562 = EDGE_CURVE('',#1555,#1563,#1565,.T.);
#1563 = VERTEX_POINT('',#1564);
#1564 = CARTESIAN_POINT('',(-59.9369,-27.8762,2.5));
#1565 = LINE('',#1566,#1567);
#1566 = CARTESIAN_POINT('',(-59.2802,-27.4477,2.5));
#1567 = VECTOR('',#1568,1.);
#1568 = DIRECTION('',(-0.837483721683,-0.546462273095,-0.));
#1569 = ORIENTED_EDGE('',*,*,#1570,.T.);
#1570 = EDGE_CURVE('',#1563,#1571,#1573,.T.);
#1571 = VERTEX_POINT('',#1572);
#1572 = CARTESIAN_POINT('',(-60.6646,-28.1684,2.5));
#1573 = LINE('',#1574,#1575);
#1574 = CARTESIAN_POINT('',(-59.9369,-27.8762,2.5));
#1575 = VECTOR('',#1576,1.);
#1576 = DIRECTION('',(-0.927983372675,-0.372621604364,-0.));
#1577 = ORIENTED_EDGE('',*,*,#1578,.T.);
#1578 = EDGE_CURVE('',#1571,#1579,#1581,.T.);
#1579 = VERTEX_POINT('',#1580);
#1580 = CARTESIAN_POINT('',(-61.0893,-28.2674,2.5));
#1581 = LINE('',#1582,#1583);
#1582 = CARTESIAN_POINT('',(-60.6646,-28.1684,2.5));
#1583 = VECTOR('',#1584,1.);
#1584 = DIRECTION('',(-0.973890239148,-0.227019387039,-0.));
#1585 = ORIENTED_EDGE('',*,*,#1586,.T.);
#1586 = EDGE_CURVE('',#1579,#1587,#1589,.T.);
#1587 = VERTEX_POINT('',#1588);
#1588 = CARTESIAN_POINT('',(-77.4041,-31.1442,2.5));
#1589 = LINE('',#1590,#1591);
#1590 = CARTESIAN_POINT('',(-61.0893,-28.2674,2.5));
#1591 = VECTOR('',#1592,1.);
#1592 = DIRECTION('',(-0.98480712771,-0.173651723895,-0.));
#1593 = ORIENTED_EDGE('',*,*,#1594,.T.);
#1594 = EDGE_CURVE('',#1587,#1595,#1597,.T.);
#1595 = VERTEX_POINT('',#1596);
#1596 = CARTESIAN_POINT('',(-79.2747,-31.6673,2.5));
#1597 = LINE('',#1598,#1599);
#1598 = CARTESIAN_POINT('',(-77.4041,-31.1442,2.5));
#1599 = VECTOR('',#1600,1.);
#1600 = DIRECTION('',(-0.963053261259,-0.269311002333,-0.));
#1601 = ORIENTED_EDGE('',*,*,#1602,.T.);
#1602 = EDGE_CURVE('',#1595,#1603,#1605,.T.);
#1603 = VERTEX_POINT('',#1604);
#1604 = CARTESIAN_POINT('',(-94.9185,-37.9878,2.5));
#1605 = LINE('',#1606,#1607);
#1606 = CARTESIAN_POINT('',(-79.2747,-31.6673,2.5));
#1607 = VECTOR('',#1608,1.);
#1608 = DIRECTION('',(-0.927183967206,-0.374606314625,-0.));
#1609 = ORIENTED_EDGE('',*,*,#1610,.T.);
#1610 = EDGE_CURVE('',#1603,#1611,#1613,.T.);
#1611 = VERTEX_POINT('',#1612);
#1612 = CARTESIAN_POINT('',(-96.6395,-38.8885,2.5));
#1613 = LINE('',#1614,#1615);
#1614 = CARTESIAN_POINT('',(-94.9185,-37.9878,2.5));
#1615 = VECTOR('',#1616,1.);
#1616 = DIRECTION('',(-0.885995725757,-0.463693405107,-0.));
#1617 = ORIENTED_EDGE('',*,*,#1618,.T.);
#1618 = EDGE_CURVE('',#1611,#1619,#1621,.T.);
#1619 = VERTEX_POINT('',#1620);
#1620 = CARTESIAN_POINT('',(-109.616955503,-47.64211483386,2.5));
#1621 = LINE('',#1622,#1623);
#1622 = CARTESIAN_POINT('',(-96.6395,-38.8885,2.5));
#1623 = VECTOR('',#1624,1.);
#1624 = DIRECTION('',(-0.82903133639,-0.559202148855,-0.));
#1625 = ORIENTED_EDGE('',*,*,#1626,.T.);
#1626 = EDGE_CURVE('',#1619,#141,#1627,.T.);
#1627 = CIRCLE('',#1628,3.);
#1628 = AXIS2_PLACEMENT_3D('',#1629,#1630,#1631);
#1629 = CARTESIAN_POINT('',(-112.3,-46.3,2.5));
#1630 = DIRECTION('',(0.,0.,1.));
#1631 = DIRECTION('',(-1.,-0.,-0.));
#1632 = FACE_BOUND('',#1633,.F.);
#1633 = EDGE_LOOP('',(#1634));
#1634 = ORIENTED_EDGE('',*,*,#1635,.T.);
#1635 = EDGE_CURVE('',#1636,#1636,#1638,.T.);
#1636 = VERTEX_POINT('',#1637);
#1637 = CARTESIAN_POINT('',(-61.5,-4.4,2.5));
#1638 = CIRCLE('',#1639,3.);
#1639 = AXIS2_PLACEMENT_3D('',#1640,#1641,#1642);
#1640 = CARTESIAN_POINT('',(-58.5,-4.4,2.5));
#1641 = DIRECTION('',(0.,0.,1.));
#1642 = DIRECTION('',(-1.,-0.,-0.));
#1643 = FACE_BOUND('',#1644,.F.);
#1644 = EDGE_LOOP('',(#1645,#1646,#1647,#1653));
#1645 = ORIENTED_EDGE('',*,*,#31,.F.);
#1646 = ORIENTED_EDGE('',*,*,#124,.T.);
#1647 = ORIENTED_EDGE('',*,*,#1648,.T.);
#1648 = EDGE_CURVE('',#117,#62,#1649,.T.);
#1649 = LINE('',#1650,#1651);
#1650 = CARTESIAN_POINT('',(-30.1,28.265080611007,2.5));
#1651 = VECTOR('',#1652,1.);
#1652 = DIRECTION('',(-0.,-1.,-0.));
#1653 = ORIENTED_EDGE('',*,*,#71,.F.);
#1654 = FACE_BOUND('',#1655,.F.);
#1655 = EDGE_LOOP('',(#1656,#1666,#1674,#1682));
#1656 = ORIENTED_EDGE('',*,*,#1657,.F.);
#1657 = EDGE_CURVE('',#1658,#1660,#1662,.T.);
#1658 = VERTEX_POINT('',#1659);
#1659 = CARTESIAN_POINT('',(-46.3,21.5,2.5));
#1660 = VERTEX_POINT('',#1661);
#1661 = CARTESIAN_POINT('',(-46.3,18.5,2.5));
#1662 = LINE('',#1663,#1664);
#1663 = CARTESIAN_POINT('',(-46.3,15.515080611007,2.5));
#1664 = VECTOR('',#1665,1.);
#1665 = DIRECTION('',(-0.,-1.,-0.));
#1666 = ORIENTED_EDGE('',*,*,#1667,.T.);
#1667 = EDGE_CURVE('',#1658,#1668,#1670,.T.);
#1668 = VERTEX_POINT('',#1669);
#1669 = CARTESIAN_POINT('',(-49.3,21.5,2.5));
#1670 = LINE('',#1671,#1672);
#1671 = CARTESIAN_POINT('',(-54.94259388864,21.5,2.5));
#1672 = VECTOR('',#1673,1.);
#1673 = DIRECTION('',(-1.,-0.,-0.));
#1674 = ORIENTED_EDGE('',*,*,#1675,.T.);
#1675 = EDGE_CURVE('',#1668,#1676,#1678,.T.);
#1676 = VERTEX_POINT('',#1677);
#1677 = CARTESIAN_POINT('',(-49.3,18.5,2.5));
#1678 = LINE('',#1679,#1680);
#1679 = CARTESIAN_POINT('',(-49.3,15.515080611007,2.5));
#1680 = VECTOR('',#1681,1.);
#1681 = DIRECTION('',(-0.,-1.,-0.));
#1682 = ORIENTED_EDGE('',*,*,#1683,.F.);
#1683 = EDGE_CURVE('',#1660,#1676,#1684,.T.);
#1684 = LINE('',#1685,#1686);
#1685 = CARTESIAN_POINT('',(-54.94259388864,18.5,2.5));
#1686 = VECTOR('',#1687,1.);
#1687 = DIRECTION('',(-1.,-0.,-0.));
#1688 = PLANE('',#1689);
#1689 = AXIS2_PLACEMENT_3D('',#1690,#1691,#1692);
#1690 = CARTESIAN_POINT('',(-63.58518777728,12.530161222014,2.5));
#1691 = DIRECTION('',(0.,0.,1.));
#1692 = DIRECTION('',(1.,0.,0.));
#1693 = ADVANCED_FACE('',(#1694),#1700,.T.);
#1694 = FACE_BOUND('',#1695,.F.);
#1695 = EDGE_LOOP('',(#1696,#1697,#1698,#1699));
#1696 = ORIENTED_EDGE('',*,*,#61,.F.);
#1697 = ORIENTED_EDGE('',*,*,#1648,.F.);
#1698 = ORIENTED_EDGE('',*,*,#116,.T.);
#1699 = ORIENTED_EDGE('',*,*,#94,.F.);
#1700 = PLANE('',#1701);
#1701 = AXIS2_PLACEMENT_3D('',#1702,#1703,#1704);
#1702 = CARTESIAN_POINT('',(-30.1,44.,2.49));
#1703 = DIRECTION('',(-1.,-0.,-0.));
#1704 = DIRECTION('',(0.,0.,-1.));
#1705 = ADVANCED_FACE('',(#1706),#1747,.T.);
#1706 = FACE_BOUND('',#1707,.F.);
#1707 = EDGE_LOOP('',(#1708,#1709,#1717,#1725,#1733,#1741));
#1708 = ORIENTED_EDGE('',*,*,#1618,.F.);
#1709 = ORIENTED_EDGE('',*,*,#1710,.T.);
#1710 = EDGE_CURVE('',#1611,#1711,#1713,.T.);
#1711 = VERTEX_POINT('',#1712);
#1712 = CARTESIAN_POINT('',(-96.6395,-38.8885,10.));
#1713 = LINE('',#1714,#1715);
#1714 = CARTESIAN_POINT('',(-96.6395,-38.8885,2.5));
#1715 = VECTOR('',#1716,1.);
#1716 = DIRECTION('',(0.,0.,1.));
#1717 = ORIENTED_EDGE('',*,*,#1718,.F.);
#1718 = EDGE_CURVE('',#1719,#1711,#1721,.T.);
#1719 = VERTEX_POINT('',#1720);
#1720 = CARTESIAN_POINT('',(-110.29,-48.0961,10.));
#1721 = LINE('',#1722,#1723);
#1722 = CARTESIAN_POINT('',(-73.36175648242,-23.18708604355,10.));
#1723 = VECTOR('',#1724,1.);
#1724 = DIRECTION('',(0.82903133639,0.559202148855,0.));
#1725 = ORIENTED_EDGE('',*,*,#1726,.F.);
#1726 = EDGE_CURVE('',#1727,#1719,#1729,.T.);
#1727 = VERTEX_POINT('',#1728);
#1728 = CARTESIAN_POINT('',(-110.29,-48.0961,4.9));
#1729 = LINE('',#1730,#1731);
#1730 = CARTESIAN_POINT('',(-110.29,-48.0961,2.5));
#1731 = VECTOR('',#1732,1.);
#1732 = DIRECTION('',(0.,0.,1.));
#1733 = ORIENTED_EDGE('',*,*,#1734,.F.);
#1734 = EDGE_CURVE('',#1735,#1727,#1737,.T.);
#1735 = VERTEX_POINT('',#1736);
#1736 = CARTESIAN_POINT('',(-109.616955503,-47.64211483386,4.9));
#1737 = LINE('',#1738,#1739);
#1738 = CARTESIAN_POINT('',(-103.7391469396,-43.67738752508,4.9));
#1739 = VECTOR('',#1740,1.);
#1740 = DIRECTION('',(-0.82903133639,-0.559202148855,-0.));
#1741 = ORIENTED_EDGE('',*,*,#1742,.T.);
#1742 = EDGE_CURVE('',#1735,#1619,#1743,.T.);
#1743 = LINE('',#1744,#1745);
#1744 = CARTESIAN_POINT('',(-109.616955503,-47.64211483386,0.));
#1745 = VECTOR('',#1746,1.);
#1746 = DIRECTION('',(0.,0.,-1.));
#1747 = PLANE('',#1748);
#1748 = AXIS2_PLACEMENT_3D('',#1749,#1750,#1751);
#1749 = CARTESIAN_POINT('',(-96.6395,-38.8885,2.5));
#1750 = DIRECTION('',(-0.559202148855,0.82903133639,0.));
#1751 = DIRECTION('',(0.82903133639,0.559202148855,0.));
#1752 = ADVANCED_FACE('',(#1753),#1771,.T.);
#1753 = FACE_BOUND('',#1754,.F.);
#1754 = EDGE_LOOP('',(#1755,#1756,#1764,#1770));
#1755 = ORIENTED_EDGE('',*,*,#1610,.F.);
#1756 = ORIENTED_EDGE('',*,*,#1757,.T.);
#1757 = EDGE_CURVE('',#1603,#1758,#1760,.T.);
#1758 = VERTEX_POINT('',#1759);
#1759 = CARTESIAN_POINT('',(-94.9185,-37.9878,10.));
#1760 = LINE('',#1761,#1762);
#1761 = CARTESIAN_POINT('',(-94.9185,-37.9878,2.5));
#1762 = VECTOR('',#1763,1.);
#1763 = DIRECTION('',(0.,0.,1.));
#1764 = ORIENTED_EDGE('',*,*,#1765,.F.);
#1765 = EDGE_CURVE('',#1711,#1758,#1766,.T.);
#1766 = LINE('',#1767,#1768);
#1767 = CARTESIAN_POINT('',(-72.24319980131,-26.12048861769,10.));
#1768 = VECTOR('',#1769,1.);
#1769 = DIRECTION('',(0.885995725757,0.463693405107,0.));
#1770 = ORIENTED_EDGE('',*,*,#1710,.F.);
#1771 = PLANE('',#1772);
#1772 = AXIS2_PLACEMENT_3D('',#1773,#1774,#1775);
#1773 = CARTESIAN_POINT('',(-94.9185,-37.9878,2.5));
#1774 = DIRECTION('',(-0.463693405107,0.885995725757,0.));
#1775 = DIRECTION('',(0.885995725757,0.463693405107,0.));
#1776 = ADVANCED_FACE('',(#1777),#1795,.T.);
#1777 = FACE_BOUND('',#1778,.F.);
#1778 = EDGE_LOOP('',(#1779,#1780,#1788,#1794));
#1779 = ORIENTED_EDGE('',*,*,#1602,.F.);
#1780 = ORIENTED_EDGE('',*,*,#1781,.T.);
#1781 = EDGE_CURVE('',#1595,#1782,#1784,.T.);
#1782 = VERTEX_POINT('',#1783);
#1783 = CARTESIAN_POINT('',(-79.2747,-31.6673,10.));
#1784 = LINE('',#1785,#1786);
#1785 = CARTESIAN_POINT('',(-79.2747,-31.6673,2.5));
#1786 = VECTOR('',#1787,1.);
#1787 = DIRECTION('',(0.,0.,1.));
#1788 = ORIENTED_EDGE('',*,*,#1789,.F.);
#1789 = EDGE_CURVE('',#1758,#1782,#1790,.T.);
#1790 = LINE('',#1791,#1792);
#1791 = CARTESIAN_POINT('',(-64.85526834046,-25.84147649138,10.));
#1792 = VECTOR('',#1793,1.);
#1793 = DIRECTION('',(0.927183967206,0.374606314625,0.));
#1794 = ORIENTED_EDGE('',*,*,#1757,.F.);
#1795 = PLANE('',#1796);
#1796 = AXIS2_PLACEMENT_3D('',#1797,#1798,#1799);
#1797 = CARTESIAN_POINT('',(-79.2747,-31.6673,2.5));
#1798 = DIRECTION('',(-0.374606314625,0.927183967206,0.));
#1799 = DIRECTION('',(0.927183967206,0.374606314625,0.));
#1800 = ADVANCED_FACE('',(#1801),#1819,.T.);
#1801 = FACE_BOUND('',#1802,.F.);
#1802 = EDGE_LOOP('',(#1803,#1804,#1812,#1818));
#1803 = ORIENTED_EDGE('',*,*,#1594,.F.);
#1804 = ORIENTED_EDGE('',*,*,#1805,.T.);
#1805 = EDGE_CURVE('',#1587,#1806,#1808,.T.);
#1806 = VERTEX_POINT('',#1807);
#1807 = CARTESIAN_POINT('',(-77.4041,-31.1442,10.));
#1808 = LINE('',#1809,#1810);
#1809 = CARTESIAN_POINT('',(-77.4041,-31.1442,2.5));
#1810 = VECTOR('',#1811,1.);
#1811 = DIRECTION('',(0.,0.,1.));
#1812 = ORIENTED_EDGE('',*,*,#1813,.F.);
#1813 = EDGE_CURVE('',#1782,#1806,#1814,.T.);
#1814 = LINE('',#1815,#1816);
#1815 = CARTESIAN_POINT('',(-65.33206630903,-27.76834154616,10.));
#1816 = VECTOR('',#1817,1.);
#1817 = DIRECTION('',(0.963053261259,0.269311002333,0.));
#1818 = ORIENTED_EDGE('',*,*,#1781,.F.);
#1819 = PLANE('',#1820);
#1820 = AXIS2_PLACEMENT_3D('',#1821,#1822,#1823);
#1821 = CARTESIAN_POINT('',(-77.4041,-31.1442,2.5));
#1822 = DIRECTION('',(-0.269311002333,0.963053261259,0.));
#1823 = DIRECTION('',(0.963053261259,0.269311002333,0.));
#1824 = ADVANCED_FACE('',(#1825),#1843,.T.);
#1825 = FACE_BOUND('',#1826,.F.);
#1826 = EDGE_LOOP('',(#1827,#1828,#1836,#1842));
#1827 = ORIENTED_EDGE('',*,*,#1586,.F.);
#1828 = ORIENTED_EDGE('',*,*,#1829,.T.);
#1829 = EDGE_CURVE('',#1579,#1830,#1832,.T.);
#1830 = VERTEX_POINT('',#1831);
#1831 = CARTESIAN_POINT('',(-61.0893,-28.2674,10.));
#1832 = LINE('',#1833,#1834);
#1833 = CARTESIAN_POINT('',(-61.0893,-28.2674,2.5));
#1834 = VECTOR('',#1835,1.);
#1835 = DIRECTION('',(0.,0.,1.));
#1836 = ORIENTED_EDGE('',*,*,#1837,.F.);
#1837 = EDGE_CURVE('',#1806,#1830,#1838,.T.);
#1838 = LINE('',#1839,#1840);
#1839 = CARTESIAN_POINT('',(-58.81114628014,-27.86569157444,10.));
#1840 = VECTOR('',#1841,1.);
#1841 = DIRECTION('',(0.98480712771,0.173651723895,0.));
#1842 = ORIENTED_EDGE('',*,*,#1805,.F.);
#1843 = PLANE('',#1844);
#1844 = AXIS2_PLACEMENT_3D('',#1845,#1846,#1847);
#1845 = CARTESIAN_POINT('',(-61.0893,-28.2674,2.5));
#1846 = DIRECTION('',(-0.173651723895,0.98480712771,0.));
#1847 = DIRECTION('',(0.98480712771,0.173651723895,0.));
#1848 = ADVANCED_FACE('',(#1849),#1867,.T.);
#1849 = FACE_BOUND('',#1850,.F.);
#1850 = EDGE_LOOP('',(#1851,#1852,#1860,#1866));
#1851 = ORIENTED_EDGE('',*,*,#1578,.F.);
#1852 = ORIENTED_EDGE('',*,*,#1853,.T.);
#1853 = EDGE_CURVE('',#1571,#1854,#1856,.T.);
#1854 = VERTEX_POINT('',#1855);
#1855 = CARTESIAN_POINT('',(-60.6646,-28.1684,10.));
#1856 = LINE('',#1857,#1858);
#1857 = CARTESIAN_POINT('',(-60.6646,-28.1684,2.5));
#1858 = VECTOR('',#1859,1.);
#1859 = DIRECTION('',(0.,0.,1.));
#1860 = ORIENTED_EDGE('',*,*,#1861,.F.);
#1861 = EDGE_CURVE('',#1830,#1854,#1862,.T.);
#1862 = LINE('',#1863,#1864);
#1863 = CARTESIAN_POINT('',(-57.55057111184,-27.44250204867,10.));
#1864 = VECTOR('',#1865,1.);
#1865 = DIRECTION('',(0.973890239148,0.227019387039,0.));
#1866 = ORIENTED_EDGE('',*,*,#1829,.F.);
#1867 = PLANE('',#1868);
#1868 = AXIS2_PLACEMENT_3D('',#1869,#1870,#1871);
#1869 = CARTESIAN_POINT('',(-60.6646,-28.1684,2.5));
#1870 = DIRECTION('',(-0.227019387039,0.973890239148,0.));
#1871 = DIRECTION('',(0.973890239148,0.227019387039,0.));
#1872 = ADVANCED_FACE('',(#1873),#1891,.T.);
#1873 = FACE_BOUND('',#1874,.F.);
#1874 = EDGE_LOOP('',(#1875,#1876,#1884,#1890));
#1875 = ORIENTED_EDGE('',*,*,#1570,.F.);
#1876 = ORIENTED_EDGE('',*,*,#1877,.T.);
#1877 = EDGE_CURVE('',#1563,#1878,#1880,.T.);
#1878 = VERTEX_POINT('',#1879);
#1879 = CARTESIAN_POINT('',(-59.9369,-27.8762,10.));
#1880 = LINE('',#1881,#1882);
#1881 = CARTESIAN_POINT('',(-59.9369,-27.8762,2.5));
#1882 = VECTOR('',#1883,1.);
#1883 = DIRECTION('',(0.,0.,1.));
#1884 = ORIENTED_EDGE('',*,*,#1885,.F.);
#1885 = EDGE_CURVE('',#1854,#1878,#1886,.T.);
#1886 = LINE('',#1887,#1888);
#1887 = CARTESIAN_POINT('',(-54.52177703099,-25.70181641948,10.));
#1888 = VECTOR('',#1889,1.);
#1889 = DIRECTION('',(0.927983372675,0.372621604364,0.));
#1890 = ORIENTED_EDGE('',*,*,#1853,.F.);
#1891 = PLANE('',#1892);
#1892 = AXIS2_PLACEMENT_3D('',#1893,#1894,#1895);
#1893 = CARTESIAN_POINT('',(-59.9369,-27.8762,2.5));
#1894 = DIRECTION('',(-0.372621604364,0.927983372675,0.));
#1895 = DIRECTION('',(0.927983372675,0.372621604364,0.));
#1896 = ADVANCED_FACE('',(#1897),#1915,.T.);
#1897 = FACE_BOUND('',#1898,.F.);
#1898 = EDGE_LOOP('',(#1899,#1900,#1908,#1914));
#1899 = ORIENTED_EDGE('',*,*,#1562,.F.);
#1900 = ORIENTED_EDGE('',*,*,#1901,.T.);
#1901 = EDGE_CURVE('',#1555,#1902,#1904,.T.);
#1902 = VERTEX_POINT('',#1903);
#1903 = CARTESIAN_POINT('',(-59.2802,-27.4477,10.));
#1904 = LINE('',#1905,#1906);
#1905 = CARTESIAN_POINT('',(-59.2802,-27.4477,2.5));
#1906 = VECTOR('',#1907,1.);
#1907 = DIRECTION('',(0.,0.,1.));
#1908 = ORIENTED_EDGE('',*,*,#1909,.F.);
#1909 = EDGE_CURVE('',#1878,#1902,#1910,.T.);
#1910 = LINE('',#1911,#1912);
#1911 = CARTESIAN_POINT('',(-51.64191475419,-22.46368107533,10.));
#1912 = VECTOR('',#1913,1.);
#1913 = DIRECTION('',(0.837483721683,0.546462273095,0.));
#1914 = ORIENTED_EDGE('',*,*,#1877,.F.);
#1915 = PLANE('',#1916);
#1916 = AXIS2_PLACEMENT_3D('',#1917,#1918,#1919);
#1917 = CARTESIAN_POINT('',(-59.2802,-27.4477,2.5));
#1918 = DIRECTION('',(-0.546462273095,0.837483721683,0.));
#1919 = DIRECTION('',(0.837483721683,0.546462273095,0.));
#1920 = ADVANCED_FACE('',(#1921),#1939,.T.);
#1921 = FACE_BOUND('',#1922,.F.);
#1922 = EDGE_LOOP('',(#1923,#1924,#1932,#1938));
#1923 = ORIENTED_EDGE('',*,*,#1554,.F.);
#1924 = ORIENTED_EDGE('',*,*,#1925,.T.);
#1925 = EDGE_CURVE('',#1547,#1926,#1928,.T.);
#1926 = VERTEX_POINT('',#1927);
#1927 = CARTESIAN_POINT('',(-58.7197,-26.8993,10.));
#1928 = LINE('',#1929,#1930);
#1929 = CARTESIAN_POINT('',(-58.7197,-26.8993,2.5));
#1930 = VECTOR('',#1931,1.);
#1931 = DIRECTION('',(0.,0.,1.));
#1932 = ORIENTED_EDGE('',*,*,#1933,.F.);
#1933 = EDGE_CURVE('',#1902,#1926,#1934,.T.);
#1934 = LINE('',#1935,#1936);
#1935 = CARTESIAN_POINT('',(-50.10759594984,-18.47311291506,10.));
#1936 = VECTOR('',#1937,1.);
#1937 = DIRECTION('',(0.714779976816,0.699349401045,0.));
#1938 = ORIENTED_EDGE('',*,*,#1901,.F.);
#1939 = PLANE('',#1940);
#1940 = AXIS2_PLACEMENT_3D('',#1941,#1942,#1943);
#1941 = CARTESIAN_POINT('',(-58.7197,-26.8993,2.5));
#1942 = DIRECTION('',(-0.699349401045,0.714779976816,0.));
#1943 = DIRECTION('',(0.714779976816,0.699349401045,0.));
#1944 = ADVANCED_FACE('',(#1945),#1963,.T.);
#1945 = FACE_BOUND('',#1946,.F.);
#1946 = EDGE_LOOP('',(#1947,#1948,#1956,#1962));
#1947 = ORIENTED_EDGE('',*,*,#1546,.F.);
#1948 = ORIENTED_EDGE('',*,*,#1949,.T.);
#1949 = EDGE_CURVE('',#1539,#1950,#1952,.T.);
#1950 = VERTEX_POINT('',#1951);
#1951 = CARTESIAN_POINT('',(-58.277,-26.2521,10.));
#1952 = LINE('',#1953,#1954);
#1953 = CARTESIAN_POINT('',(-58.277,-26.2521,2.5));
#1954 = VECTOR('',#1955,1.);
#1955 = DIRECTION('',(0.,0.,1.));
#1956 = ORIENTED_EDGE('',*,*,#1957,.F.);
#1957 = EDGE_CURVE('',#1926,#1950,#1958,.T.);
#1958 = LINE('',#1959,#1960);
#1959 = CARTESIAN_POINT('',(-50.08688694475,-14.27866162332,10.));
#1960 = VECTOR('',#1961,1.);
#1961 = DIRECTION('',(0.564578758272,0.82537920116,0.));
#1962 = ORIENTED_EDGE('',*,*,#1925,.F.);
#1963 = PLANE('',#1964);
#1964 = AXIS2_PLACEMENT_3D('',#1965,#1966,#1967);
#1965 = CARTESIAN_POINT('',(-58.277,-26.2521,2.5));
#1966 = DIRECTION('',(-0.82537920116,0.564578758272,0.));
#1967 = DIRECTION('',(0.564578758272,0.82537920116,0.));
#1968 = ADVANCED_FACE('',(#1969),#1987,.T.);
#1969 = FACE_BOUND('',#1970,.F.);
#1970 = EDGE_LOOP('',(#1971,#1972,#1980,#1986));
#1971 = ORIENTED_EDGE('',*,*,#1538,.F.);
#1972 = ORIENTED_EDGE('',*,*,#1973,.T.);
#1973 = EDGE_CURVE('',#1531,#1974,#1976,.T.);
#1974 = VERTEX_POINT('',#1975);
#1975 = CARTESIAN_POINT('',(-57.969,-25.531,10.));
#1976 = LINE('',#1977,#1978);
#1977 = CARTESIAN_POINT('',(-57.969,-25.531,2.5));
#1978 = VECTOR('',#1979,1.);
#1979 = DIRECTION('',(0.,0.,1.));
#1980 = ORIENTED_EDGE('',*,*,#1981,.F.);
#1981 = EDGE_CURVE('',#1950,#1974,#1982,.T.);
#1982 = LINE('',#1983,#1984);
#1983 = CARTESIAN_POINT('',(-51.52793764854,-10.45096733234,10.));
#1984 = VECTOR('',#1985,1.);
#1985 = DIRECTION('',(0.392795412362,0.919625882643,0.));
#1986 = ORIENTED_EDGE('',*,*,#1949,.F.);
#1987 = PLANE('',#1988);
#1988 = AXIS2_PLACEMENT_3D('',#1989,#1990,#1991);
#1989 = CARTESIAN_POINT('',(-57.969,-25.531,2.5));
#1990 = DIRECTION('',(-0.919625882643,0.392795412362,0.));
#1991 = DIRECTION('',(0.392795412362,0.919625882643,0.));
#1992 = ADVANCED_FACE('',(#1993),#2011,.T.);
#1993 = FACE_BOUND('',#1994,.F.);
#1994 = EDGE_LOOP('',(#1995,#1996,#2004,#2010));
#1995 = ORIENTED_EDGE('',*,*,#1530,.F.);
#1996 = ORIENTED_EDGE('',*,*,#1997,.T.);
#1997 = EDGE_CURVE('',#1523,#1998,#2000,.T.);
#1998 = VERTEX_POINT('',#1999);
#1999 = CARTESIAN_POINT('',(-57.8077,-24.7637,10.));
#2000 = LINE('',#2001,#2002);
#2001 = CARTESIAN_POINT('',(-57.8077,-24.7637,2.5));
#2002 = VECTOR('',#2003,1.);
#2003 = DIRECTION('',(0.,0.,1.));
#2004 = ORIENTED_EDGE('',*,*,#2005,.F.);
#2005 = EDGE_CURVE('',#1974,#1998,#2006,.T.);
#2006 = LINE('',#2007,#2008);
#2007 = CARTESIAN_POINT('',(-54.17593685442,-7.487495030359,10.));
#2008 = VECTOR('',#2009,1.);
#2009 = DIRECTION('',(0.205721224627,0.978610636432,0.));
#2010 = ORIENTED_EDGE('',*,*,#1973,.F.);
#2011 = PLANE('',#2012);
#2012 = AXIS2_PLACEMENT_3D('',#2013,#2014,#2015);
#2013 = CARTESIAN_POINT('',(-57.8077,-24.7637,2.5));
#2014 = DIRECTION('',(-0.978610636432,0.205721224627,0.));
#2015 = DIRECTION('',(0.205721224627,0.978610636432,0.));
#2016 = ADVANCED_FACE('',(#2017),#2035,.T.);
#2017 = FACE_BOUND('',#2018,.F.);
#2018 = EDGE_LOOP('',(#2019,#2020,#2028,#2034));
#2019 = ORIENTED_EDGE('',*,*,#1522,.F.);
#2020 = ORIENTED_EDGE('',*,*,#2021,.T.);
#2021 = EDGE_CURVE('',#1515,#2022,#2024,.T.);
#2022 = VERTEX_POINT('',#2023);
#2023 = CARTESIAN_POINT('',(-57.7991,-23.9796,10.));
#2024 = LINE('',#2025,#2026);
#2025 = CARTESIAN_POINT('',(-57.7991,-23.9796,2.5));
#2026 = VECTOR('',#2027,1.);
#2027 = DIRECTION('',(0.,0.,1.));
#2028 = ORIENTED_EDGE('',*,*,#2029,.F.);
#2029 = EDGE_CURVE('',#1998,#2022,#2030,.T.);
#2030 = LINE('',#2031,#2032);
#2031 = CARTESIAN_POINT('',(-57.59925273917,-5.758642184408,10.));
#2032 = VECTOR('',#2033,1.);
#2033 = DIRECTION('',(1.096732912959E-02,0.999939857037,0.));
#2034 = ORIENTED_EDGE('',*,*,#1997,.F.);
#2035 = PLANE('',#2036);
#2036 = AXIS2_PLACEMENT_3D('',#2037,#2038,#2039);
#2037 = CARTESIAN_POINT('',(-57.7991,-23.9796,2.5));
#2038 = DIRECTION('',(-0.999939857037,1.096732912959E-02,0.));
#2039 = DIRECTION('',(1.096732912959E-02,0.999939857037,0.));
#2040 = ADVANCED_FACE('',(#2041),#2059,.T.);
#2041 = FACE_BOUND('',#2042,.F.);
#2042 = EDGE_LOOP('',(#2043,#2044,#2052,#2058));
#2043 = ORIENTED_EDGE('',*,*,#1514,.F.);
#2044 = ORIENTED_EDGE('',*,*,#2045,.T.);
#2045 = EDGE_CURVE('',#1507,#2046,#2048,.T.);
#2046 = VERTEX_POINT('',#2047);
#2047 = CARTESIAN_POINT('',(-57.9135,-22.6719,10.));
#2048 = LINE('',#2049,#2050);
#2049 = CARTESIAN_POINT('',(-57.9135,-22.6719,2.5));
#2050 = VECTOR('',#2051,1.);
#2051 = DIRECTION('',(0.,0.,1.));
#2052 = ORIENTED_EDGE('',*,*,#2053,.F.);
#2053 = EDGE_CURVE('',#2022,#2046,#2054,.T.);
#2054 = LINE('',#2055,#2056);
#2055 = CARTESIAN_POINT('',(-59.46311412361,-4.958347644618,10.));
#2056 = VECTOR('',#2057,1.);
#2057 = DIRECTION('',(-8.71489951774E-02,0.996195288405,0.));
#2058 = ORIENTED_EDGE('',*,*,#2021,.F.);
#2059 = PLANE('',#2060);
#2060 = AXIS2_PLACEMENT_3D('',#2061,#2062,#2063);
#2061 = CARTESIAN_POINT('',(-57.9135,-22.6719,2.5));
#2062 = DIRECTION('',(-0.996195288405,-8.71489951774E-02,-0.));
#2063 = DIRECTION('',(-8.71489951774E-02,0.996195288405,0.));
#2064 = ADVANCED_FACE('',(#2065),#2083,.T.);
#2065 = FACE_BOUND('',#2066,.F.);
#2066 = EDGE_LOOP('',(#2067,#2068,#2076,#2082));
#2067 = ORIENTED_EDGE('',*,*,#1506,.F.);
#2068 = ORIENTED_EDGE('',*,*,#2069,.T.);
#2069 = EDGE_CURVE('',#1499,#2070,#2072,.T.);
#2070 = VERTEX_POINT('',#2071);
#2071 = CARTESIAN_POINT('',(-57.758,-21.0931,10.));
#2072 = LINE('',#2073,#2074);
#2073 = CARTESIAN_POINT('',(-57.758,-21.0931,2.5));
#2074 = VECTOR('',#2075,1.);
#2075 = DIRECTION('',(0.,0.,1.));
#2076 = ORIENTED_EDGE('',*,*,#2077,.F.);
#2077 = EDGE_CURVE('',#2046,#2070,#2078,.T.);
#2078 = LINE('',#2079,#2080);
#2079 = CARTESIAN_POINT('',(-56.14608102955,-4.72719858179,10.));
#2080 = VECTOR('',#2081,1.);
#2081 = DIRECTION('',(9.801824680222E-02,0.995184617694,0.));
#2082 = ORIENTED_EDGE('',*,*,#2045,.F.);
#2083 = PLANE('',#2084);
#2084 = AXIS2_PLACEMENT_3D('',#2085,#2086,#2087);
#2085 = CARTESIAN_POINT('',(-57.758,-21.0931,2.5));
#2086 = DIRECTION('',(-0.995184617694,9.801824680222E-02,0.));
#2087 = DIRECTION('',(9.801824680222E-02,0.995184617694,0.));
#2088 = ADVANCED_FACE('',(#2089),#2107,.T.);
#2089 = FACE_BOUND('',#2090,.F.);
#2090 = EDGE_LOOP('',(#2091,#2092,#2100,#2106));
#2091 = ORIENTED_EDGE('',*,*,#1498,.F.);
#2092 = ORIENTED_EDGE('',*,*,#2093,.T.);
#2093 = EDGE_CURVE('',#1491,#2094,#2096,.T.);
#2094 = VERTEX_POINT('',#2095);
#2095 = CARTESIAN_POINT('',(-57.3039,-19.5959,10.));
#2096 = LINE('',#2097,#2098);
#2097 = CARTESIAN_POINT('',(-57.3039,-19.5959,2.5));
#2098 = VECTOR('',#2099,1.);
#2099 = DIRECTION('',(0.,0.,1.));
#2100 = ORIENTED_EDGE('',*,*,#2101,.F.);
#2101 = EDGE_CURVE('',#2070,#2094,#2102,.T.);
#2102 = LINE('',#2103,#2104);
#2103 = CARTESIAN_POINT('',(-53.10697793284,-5.758349418735,10.));
#2104 = VECTOR('',#2105,1.);
#2105 = DIRECTION('',(0.290243322605,0.956952879552,0.));
#2106 = ORIENTED_EDGE('',*,*,#2069,.F.);
#2107 = PLANE('',#2108);
#2108 = AXIS2_PLACEMENT_3D('',#2109,#2110,#2111);
#2109 = CARTESIAN_POINT('',(-57.3039,-19.5959,2.5));
#2110 = DIRECTION('',(-0.956952879552,0.290243322605,0.));
#2111 = DIRECTION('',(0.290243322605,0.956952879552,0.));
#2112 = ADVANCED_FACE('',(#2113),#2131,.T.);
#2113 = FACE_BOUND('',#2114,.F.);
#2114 = EDGE_LOOP('',(#2115,#2116,#2124,#2130));
#2115 = ORIENTED_EDGE('',*,*,#1490,.F.);
#2116 = ORIENTED_EDGE('',*,*,#2117,.T.);
#2117 = EDGE_CURVE('',#1483,#2118,#2120,.T.);
#2118 = VERTEX_POINT('',#2119);
#2119 = CARTESIAN_POINT('',(-56.5664,-18.2162,10.));
#2120 = LINE('',#2121,#2122);
#2121 = CARTESIAN_POINT('',(-56.5664,-18.2162,2.5));
#2122 = VECTOR('',#2123,1.);
#2123 = DIRECTION('',(0.,0.,1.));
#2124 = ORIENTED_EDGE('',*,*,#2125,.F.);
#2125 = EDGE_CURVE('',#2094,#2118,#2126,.T.);
#2126 = LINE('',#2127,#2128);
#2127 = CARTESIAN_POINT('',(-50.95496240055,-7.718436669897,10.));
#2128 = VECTOR('',#2129,1.);
#2129 = DIRECTION('',(0.4714141304,0.881911967069,0.));
#2130 = ORIENTED_EDGE('',*,*,#2093,.F.);
#2131 = PLANE('',#2132);
#2132 = AXIS2_PLACEMENT_3D('',#2133,#2134,#2135);
#2133 = CARTESIAN_POINT('',(-56.5664,-18.2162,2.5));
#2134 = DIRECTION('',(-0.881911967069,0.4714141304,0.));
#2135 = DIRECTION('',(0.4714141304,0.881911967069,0.));
#2136 = ADVANCED_FACE('',(#2137),#2155,.T.);
#2137 = FACE_BOUND('',#2138,.F.);
#2138 = EDGE_LOOP('',(#2139,#2140,#2148,#2154));
#2139 = ORIENTED_EDGE('',*,*,#1482,.F.);
#2140 = ORIENTED_EDGE('',*,*,#2141,.T.);
#2141 = EDGE_CURVE('',#1475,#2142,#2144,.T.);
#2142 = VERTEX_POINT('',#2143);
#2143 = CARTESIAN_POINT('',(-55.5739,-17.0068,10.));
#2144 = LINE('',#2145,#2146);
#2145 = CARTESIAN_POINT('',(-55.5739,-17.0068,2.5));
#2146 = VECTOR('',#2147,1.);
#2147 = DIRECTION('',(0.,0.,1.));
#2148 = ORIENTED_EDGE('',*,*,#2149,.F.);
#2149 = EDGE_CURVE('',#2118,#2142,#2150,.T.);
#2150 = LINE('',#2151,#2152);
#2151 = CARTESIAN_POINT('',(-49.94362159815,-10.14608594539,10.));
#2152 = VECTOR('',#2153,1.);
#2153 = DIRECTION('',(0.634382234816,0.773019521196,0.));
#2154 = ORIENTED_EDGE('',*,*,#2117,.F.);
#2155 = PLANE('',#2156);
#2156 = AXIS2_PLACEMENT_3D('',#2157,#2158,#2159);
#2157 = CARTESIAN_POINT('',(-55.5739,-17.0068,2.5));
#2158 = DIRECTION('',(-0.773019521196,0.634382234816,0.));
#2159 = DIRECTION('',(0.634382234816,0.773019521196,0.));
#2160 = ADVANCED_FACE('',(#2161),#2179,.T.);
#2161 = FACE_BOUND('',#2162,.F.);
#2162 = EDGE_LOOP('',(#2163,#2164,#2172,#2178));
#2163 = ORIENTED_EDGE('',*,*,#1474,.F.);
#2164 = ORIENTED_EDGE('',*,*,#2165,.T.);
#2165 = EDGE_CURVE('',#1467,#2166,#2168,.T.);
#2166 = VERTEX_POINT('',#2167);
#2167 = CARTESIAN_POINT('',(-54.3645,-16.0143,10.));
#2168 = LINE('',#2169,#2170);
#2169 = CARTESIAN_POINT('',(-54.3645,-16.0143,2.5));
#2170 = VECTOR('',#2171,1.);
#2171 = DIRECTION('',(0.,0.,1.));
#2172 = ORIENTED_EDGE('',*,*,#2173,.F.);
#2173 = EDGE_CURVE('',#2142,#2166,#2174,.T.);
#2174 = LINE('',#2175,#2176);
#2175 = CARTESIAN_POINT('',(-50.12049626564,-12.53143766632,10.));
#2176 = VECTOR('',#2177,1.);
#2177 = DIRECTION('',(0.773019521196,0.634382234816,0.));
#2178 = ORIENTED_EDGE('',*,*,#2141,.F.);
#2179 = PLANE('',#2180);
#2180 = AXIS2_PLACEMENT_3D('',#2181,#2182,#2183);
#2181 = CARTESIAN_POINT('',(-54.3645,-16.0143,2.5));
#2182 = DIRECTION('',(-0.634382234816,0.773019521196,0.));
#2183 = DIRECTION('',(0.773019521196,0.634382234816,0.));
#2184 = ADVANCED_FACE('',(#2185),#2203,.T.);
#2185 = FACE_BOUND('',#2186,.F.);
#2186 = EDGE_LOOP('',(#2187,#2188,#2196,#2202));
#2187 = ORIENTED_EDGE('',*,*,#1466,.F.);
#2188 = ORIENTED_EDGE('',*,*,#2189,.T.);
#2189 = EDGE_CURVE('',#1459,#2190,#2192,.T.);
#2190 = VERTEX_POINT('',#2191);
#2191 = CARTESIAN_POINT('',(-52.9848,-15.2768,10.));
#2192 = LINE('',#2193,#2194);
#2193 = CARTESIAN_POINT('',(-52.9848,-15.2768,2.5));
#2194 = VECTOR('',#2195,1.);
#2195 = DIRECTION('',(0.,0.,1.));
#2196 = ORIENTED_EDGE('',*,*,#2197,.F.);
#2197 = EDGE_CURVE('',#2166,#2190,#2198,.T.);
#2198 = LINE('',#2199,#2200);
#2199 = CARTESIAN_POINT('',(-51.3268118485,-14.39054482733,10.));
#2200 = VECTOR('',#2201,1.);
#2201 = DIRECTION('',(0.881911967069,0.4714141304,0.));
#2202 = ORIENTED_EDGE('',*,*,#2165,.F.);
#2203 = PLANE('',#2204);
#2204 = AXIS2_PLACEMENT_3D('',#2205,#2206,#2207);
#2205 = CARTESIAN_POINT('',(-52.9848,-15.2768,2.5));
#2206 = DIRECTION('',(-0.4714141304,0.881911967069,0.));
#2207 = DIRECTION('',(0.881911967069,0.4714141304,0.));
#2208 = ADVANCED_FACE('',(#2209),#2227,.T.);
#2209 = FACE_BOUND('',#2210,.F.);
#2210 = EDGE_LOOP('',(#2211,#2212,#2220,#2226));
#2211 = ORIENTED_EDGE('',*,*,#1458,.F.);
#2212 = ORIENTED_EDGE('',*,*,#2213,.T.);
#2213 = EDGE_CURVE('',#1451,#2214,#2216,.T.);
#2214 = VERTEX_POINT('',#2215);
#2215 = CARTESIAN_POINT('',(-51.4877,-14.8227,10.));
#2216 = LINE('',#2217,#2218);
#2217 = CARTESIAN_POINT('',(-51.4877,-14.8227,2.5));
#2218 = VECTOR('',#2219,1.);
#2219 = DIRECTION('',(0.,0.,1.));
#2220 = ORIENTED_EDGE('',*,*,#2221,.F.);
#2221 = EDGE_CURVE('',#2190,#2214,#2222,.T.);
#2222 = LINE('',#2223,#2224);
#2223 = CARTESIAN_POINT('',(-53.227999777,-15.35056729593,10.));
#2224 = VECTOR('',#2225,1.);
#2225 = DIRECTION('',(0.956947494684,0.290261076305,0.));
#2226 = ORIENTED_EDGE('',*,*,#2189,.F.);
#2227 = PLANE('',#2228);
#2228 = AXIS2_PLACEMENT_3D('',#2229,#2230,#2231);
#2229 = CARTESIAN_POINT('',(-51.4877,-14.8227,2.5));
#2230 = DIRECTION('',(-0.290261076305,0.956947494684,0.));
#2231 = DIRECTION('',(0.956947494684,0.290261076305,0.));
#2232 = ADVANCED_FACE('',(#2233),#2251,.T.);
#2233 = FACE_BOUND('',#2234,.F.);
#2234 = EDGE_LOOP('',(#2235,#2236,#2244,#2250));
#2235 = ORIENTED_EDGE('',*,*,#1450,.F.);
#2236 = ORIENTED_EDGE('',*,*,#2237,.T.);
#2237 = EDGE_CURVE('',#1443,#2238,#2240,.T.);
#2238 = VERTEX_POINT('',#2239);
#2239 = CARTESIAN_POINT('',(-49.7342,-14.65,10.));
#2240 = LINE('',#2241,#2242);
#2241 = CARTESIAN_POINT('',(-49.7342,-14.65,2.5));
#2242 = VECTOR('',#2243,1.);
#2243 = DIRECTION('',(0.,0.,1.));
#2244 = ORIENTED_EDGE('',*,*,#2245,.F.);
#2245 = EDGE_CURVE('',#2214,#2238,#2246,.T.);
#2246 = LINE('',#2247,#2248);
#2247 = CARTESIAN_POINT('',(-55.26755034467,-15.19497268578,10.));
#2248 = VECTOR('',#2249,1.);
#2249 = DIRECTION('',(0.995184985525,9.80145121187E-02,0.));
#2250 = ORIENTED_EDGE('',*,*,#2213,.F.);
#2251 = PLANE('',#2252);
#2252 = AXIS2_PLACEMENT_3D('',#2253,#2254,#2255);
#2253 = CARTESIAN_POINT('',(-49.7342,-14.65,2.5));
#2254 = DIRECTION('',(-9.80145121187E-02,0.995184985525,0.));
#2255 = DIRECTION('',(0.995184985525,9.80145121187E-02,0.));
#2256 = ADVANCED_FACE('',(#2257),#2275,.T.);
#2257 = FACE_BOUND('',#2258,.F.);
#2258 = EDGE_LOOP('',(#2259,#2260,#2268,#2274));
#2259 = ORIENTED_EDGE('',*,*,#1442,.F.);
#2260 = ORIENTED_EDGE('',*,*,#2261,.T.);
#2261 = EDGE_CURVE('',#1435,#2262,#2264,.T.);
#2262 = VERTEX_POINT('',#2263);
#2263 = CARTESIAN_POINT('',(-38.9826,-14.65,10.));
#2264 = LINE('',#2265,#2266);
#2265 = CARTESIAN_POINT('',(-38.9826,-14.65,2.5));
#2266 = VECTOR('',#2267,1.);
#2267 = DIRECTION('',(0.,0.,1.));
#2268 = ORIENTED_EDGE('',*,*,#2269,.F.);
#2269 = EDGE_CURVE('',#2238,#2262,#2270,.T.);
#2270 = LINE('',#2271,#2272);
#2271 = CARTESIAN_POINT('',(-51.28389388864,-14.65,10.));
#2272 = VECTOR('',#2273,1.);
#2273 = DIRECTION('',(1.,0.,0.));
#2274 = ORIENTED_EDGE('',*,*,#2237,.F.);
#2275 = PLANE('',#2276);
#2276 = AXIS2_PLACEMENT_3D('',#2277,#2278,#2279);
#2277 = CARTESIAN_POINT('',(-38.9826,-14.65,2.5));
#2278 = DIRECTION('',(0.,1.,0.));
#2279 = DIRECTION('',(1.,0.,0.));
#2280 = ADVANCED_FACE('',(#2281),#2299,.T.);
#2281 = FACE_BOUND('',#2282,.F.);
#2282 = EDGE_LOOP('',(#2283,#2284,#2292,#2298));
#2283 = ORIENTED_EDGE('',*,*,#1434,.F.);
#2284 = ORIENTED_EDGE('',*,*,#2285,.T.);
#2285 = EDGE_CURVE('',#1427,#2286,#2288,.T.);
#2286 = VERTEX_POINT('',#2287);
#2287 = CARTESIAN_POINT('',(-38.1991,-14.6885,10.));
#2288 = LINE('',#2289,#2290);
#2289 = CARTESIAN_POINT('',(-38.1991,-14.6885,2.5));
#2290 = VECTOR('',#2291,1.);
#2291 = DIRECTION('',(0.,0.,1.));
#2292 = ORIENTED_EDGE('',*,*,#2293,.F.);
#2293 = EDGE_CURVE('',#2262,#2286,#2294,.T.);
#2294 = LINE('',#2295,#2296);
#2295 = CARTESIAN_POINT('',(-51.52870020089,-14.03350369146,10.));
#2296 = VECTOR('',#2297,1.);
#2297 = DIRECTION('',(0.998794886786,-4.907926374126E-02,0.));
#2298 = ORIENTED_EDGE('',*,*,#2261,.F.);
#2299 = PLANE('',#2300);
#2300 = AXIS2_PLACEMENT_3D('',#2301,#2302,#2303);
#2301 = CARTESIAN_POINT('',(-38.1991,-14.6885,2.5));
#2302 = DIRECTION('',(4.907926374126E-02,0.998794886786,0.));
#2303 = DIRECTION('',(0.998794886786,-4.907926374126E-02,0.));
#2304 = ADVANCED_FACE('',(#2305),#2323,.T.);
#2305 = FACE_BOUND('',#2306,.F.);
#2306 = EDGE_LOOP('',(#2307,#2308,#2316,#2322));
#2307 = ORIENTED_EDGE('',*,*,#1426,.F.);
#2308 = ORIENTED_EDGE('',*,*,#2309,.T.);
#2309 = EDGE_CURVE('',#1419,#2310,#2312,.T.);
#2310 = VERTEX_POINT('',#2311);
#2311 = CARTESIAN_POINT('',(-36.5677,-15.013,10.));
#2312 = LINE('',#2313,#2314);
#2313 = CARTESIAN_POINT('',(-36.5677,-15.013,2.5));
#2314 = VECTOR('',#2315,1.);
#2315 = DIRECTION('',(0.,0.,1.));
#2316 = ORIENTED_EDGE('',*,*,#2317,.F.);
#2317 = EDGE_CURVE('',#2286,#2310,#2318,.T.);
#2318 = LINE('',#2319,#2320);
#2319 = CARTESIAN_POINT('',(-52.19735070385,-11.90412317432,10.));
#2320 = VECTOR('',#2321,1.);
#2321 = DIRECTION('',(0.980785928742,-0.19508706257,0.));
#2322 = ORIENTED_EDGE('',*,*,#2285,.F.);
#2323 = PLANE('',#2324);
#2324 = AXIS2_PLACEMENT_3D('',#2325,#2326,#2327);
#2325 = CARTESIAN_POINT('',(-36.5677,-15.013,2.5));
#2326 = DIRECTION('',(0.19508706257,0.980785928742,0.));
#2327 = DIRECTION('',(0.980785928742,-0.19508706257,0.));
#2328 = ADVANCED_FACE('',(#2329),#2347,.T.);
#2329 = FACE_BOUND('',#2330,.F.);
#2330 = EDGE_LOOP('',(#2331,#2332,#2340,#2346));
#2331 = ORIENTED_EDGE('',*,*,#1418,.F.);
#2332 = ORIENTED_EDGE('',*,*,#2333,.T.);
#2333 = EDGE_CURVE('',#1411,#2334,#2336,.T.);
#2334 = VERTEX_POINT('',#2335);
#2335 = CARTESIAN_POINT('',(-35.1223,-15.6117,10.));
#2336 = LINE('',#2337,#2338);
#2337 = CARTESIAN_POINT('',(-35.1223,-15.6117,2.5));
#2338 = VECTOR('',#2339,1.);
#2339 = DIRECTION('',(0.,0.,1.));
#2340 = ORIENTED_EDGE('',*,*,#2341,.F.);
#2341 = EDGE_CURVE('',#2310,#2334,#2342,.T.);
#2342 = LINE('',#2343,#2344);
#2343 = CARTESIAN_POINT('',(-52.24442269745,-8.519535298901,10.));
#2344 = VECTOR('',#2345,1.);
#2345 = DIRECTION('',(0.923880500421,-0.382681095615,0.));
#2346 = ORIENTED_EDGE('',*,*,#2309,.F.);
#2347 = PLANE('',#2348);
#2348 = AXIS2_PLACEMENT_3D('',#2349,#2350,#2351);
#2349 = CARTESIAN_POINT('',(-35.1223,-15.6117,2.5));
#2350 = DIRECTION('',(0.382681095615,0.923880500421,0.));
#2351 = DIRECTION('',(0.923880500421,-0.382681095615,0.));
#2352 = ADVANCED_FACE('',(#2353),#2371,.T.);
#2353 = FACE_BOUND('',#2354,.F.);
#2354 = EDGE_LOOP('',(#2355,#2356,#2364,#2370));
#2355 = ORIENTED_EDGE('',*,*,#1410,.F.);
#2356 = ORIENTED_EDGE('',*,*,#2357,.T.);
#2357 = EDGE_CURVE('',#1403,#2358,#2360,.T.);
#2358 = VERTEX_POINT('',#2359);
#2359 = CARTESIAN_POINT('',(-33.8215,-16.4809,10.));
#2360 = LINE('',#2361,#2362);
#2361 = CARTESIAN_POINT('',(-33.8215,-16.4809,2.5));
#2362 = VECTOR('',#2363,1.);
#2363 = DIRECTION('',(0.,0.,1.));
#2364 = ORIENTED_EDGE('',*,*,#2365,.F.);
#2365 = EDGE_CURVE('',#2334,#2358,#2366,.T.);
#2366 = LINE('',#2367,#2368);
#2367 = CARTESIAN_POINT('',(-50.8104761351,-5.128795097915,10.));
#2368 = VECTOR('',#2369,1.);
#2369 = DIRECTION('',(0.831459801075,-0.555584916278,0.));
#2370 = ORIENTED_EDGE('',*,*,#2333,.F.);
#2371 = PLANE('',#2372);
#2372 = AXIS2_PLACEMENT_3D('',#2373,#2374,#2375);
#2373 = CARTESIAN_POINT('',(-33.8215,-16.4809,2.5));
#2374 = DIRECTION('',(0.555584916278,0.831459801075,0.));
#2375 = DIRECTION('',(0.831459801075,-0.555584916278,0.));
#2376 = ADVANCED_FACE('',(#2377),#2395,.T.);
#2377 = FACE_BOUND('',#2378,.F.);
#2378 = EDGE_LOOP('',(#2379,#2380,#2388,#2394));
#2379 = ORIENTED_EDGE('',*,*,#1402,.F.);
#2380 = ORIENTED_EDGE('',*,*,#2381,.T.);
#2381 = EDGE_CURVE('',#1395,#2382,#2384,.T.);
#2382 = VERTEX_POINT('',#2383);
#2383 = CARTESIAN_POINT('',(-32.7152,-17.5871,10.));
#2384 = LINE('',#2385,#2386);
#2385 = CARTESIAN_POINT('',(-32.7152,-17.5871,2.5));
#2386 = VECTOR('',#2387,1.);
#2387 = DIRECTION('',(0.,0.,1.));
#2388 = ORIENTED_EDGE('',*,*,#2389,.F.);
#2389 = EDGE_CURVE('',#2358,#2382,#2390,.T.);
#2390 = LINE('',#2391,#2392);
#2391 = CARTESIAN_POINT('',(-47.9627098459,-2.340968397777,10.));
#2392 = VECTOR('',#2393,1.);
#2393 = DIRECTION('',(0.707138740093,-0.707074820836,0.));
#2394 = ORIENTED_EDGE('',*,*,#2357,.F.);
#2395 = PLANE('',#2396);
#2396 = AXIS2_PLACEMENT_3D('',#2397,#2398,#2399);
#2397 = CARTESIAN_POINT('',(-32.7152,-17.5871,2.5));
#2398 = DIRECTION('',(0.707074820836,0.707138740093,0.));
#2399 = DIRECTION('',(0.707138740093,-0.707074820836,0.));
#2400 = ADVANCED_FACE('',(#2401),#2419,.T.);
#2401 = FACE_BOUND('',#2402,.F.);
#2402 = EDGE_LOOP('',(#2403,#2404,#2412,#2418));
#2403 = ORIENTED_EDGE('',*,*,#1394,.F.);
#2404 = ORIENTED_EDGE('',*,*,#2405,.T.);
#2405 = EDGE_CURVE('',#1387,#2406,#2408,.T.);
#2406 = VERTEX_POINT('',#2407);
#2407 = CARTESIAN_POINT('',(-31.6613,-19.1644,10.));
#2408 = LINE('',#2409,#2410);
#2409 = CARTESIAN_POINT('',(-31.6613,-19.1644,2.5));
#2410 = VECTOR('',#2411,1.);
#2411 = DIRECTION('',(0.,0.,1.));
#2412 = ORIENTED_EDGE('',*,*,#2413,.F.);
#2413 = EDGE_CURVE('',#2382,#2406,#2414,.T.);
#2414 = LINE('',#2415,#2416);
#2415 = CARTESIAN_POINT('',(-43.90840960425,-0.83498926009,10.));
#2416 = VECTOR('',#2417,1.);
#2417 = DIRECTION('',(0.555563612717,-0.831474035809,0.));
#2418 = ORIENTED_EDGE('',*,*,#2381,.F.);
#2419 = PLANE('',#2420);
#2420 = AXIS2_PLACEMENT_3D('',#2421,#2422,#2423);
#2421 = CARTESIAN_POINT('',(-31.6613,-19.1644,2.5));
#2422 = DIRECTION('',(0.831474035809,0.555563612717,0.));
#2423 = DIRECTION('',(0.555563612717,-0.831474035809,0.));
#2424 = ADVANCED_FACE('',(#2425),#2443,.T.);
#2425 = FACE_BOUND('',#2426,.F.);
#2426 = EDGE_LOOP('',(#2427,#2428,#2436,#2442));
#2427 = ORIENTED_EDGE('',*,*,#1386,.F.);
#2428 = ORIENTED_EDGE('',*,*,#2429,.T.);
#2429 = EDGE_CURVE('',#1379,#2430,#2432,.T.);
#2430 = VERTEX_POINT('',#2431);
#2431 = CARTESIAN_POINT('',(-31.6037,-19.2723,10.));
#2432 = LINE('',#2433,#2434);
#2433 = CARTESIAN_POINT('',(-31.6037,-19.2723,2.5));
#2434 = VECTOR('',#2435,1.);
#2435 = DIRECTION('',(0.,0.,1.));
#2436 = ORIENTED_EDGE('',*,*,#2437,.F.);
#2437 = EDGE_CURVE('',#2406,#2430,#2438,.T.);
#2438 = LINE('',#2439,#2440);
#2439 = CARTESIAN_POINT('',(-41.7560067412,-0.254350392771,10.));
#2440 = VECTOR('',#2441,1.);
#2441 = DIRECTION('',(0.470927681203,-0.882171819476,0.));
#2442 = ORIENTED_EDGE('',*,*,#2405,.F.);
#2443 = PLANE('',#2444);
#2444 = AXIS2_PLACEMENT_3D('',#2445,#2446,#2447);
#2445 = CARTESIAN_POINT('',(-31.6037,-19.2723,2.5));
#2446 = DIRECTION('',(0.882171819476,0.470927681203,0.));
#2447 = DIRECTION('',(0.470927681203,-0.882171819476,0.));
#2448 = ADVANCED_FACE('',(#2449),#2467,.T.);
#2449 = FACE_BOUND('',#2450,.F.);
#2450 = EDGE_LOOP('',(#2451,#2452,#2460,#2466));
#2451 = ORIENTED_EDGE('',*,*,#1378,.F.);
#2452 = ORIENTED_EDGE('',*,*,#2453,.T.);
#2453 = EDGE_CURVE('',#1371,#2454,#2456,.T.);
#2454 = VERTEX_POINT('',#2455);
#2455 = CARTESIAN_POINT('',(-31.1062,-19.8784,10.));
#2456 = LINE('',#2457,#2458);
#2457 = CARTESIAN_POINT('',(-31.1062,-19.8784,2.5));
#2458 = VECTOR('',#2459,1.);
#2459 = DIRECTION('',(0.,0.,1.));
#2460 = ORIENTED_EDGE('',*,*,#2461,.F.);
#2461 = EDGE_CURVE('',#2430,#2454,#2462,.T.);
#2462 = LINE('',#2463,#2464);
#2463 = CARTESIAN_POINT('',(-45.5899521118,-2.232968532735,10.));
#2464 = VECTOR('',#2465,1.);
#2465 = DIRECTION('',(0.634459263544,-0.772956300772,0.));
#2466 = ORIENTED_EDGE('',*,*,#2429,.F.);
#2467 = PLANE('',#2468);
#2468 = AXIS2_PLACEMENT_3D('',#2469,#2470,#2471);
#2469 = CARTESIAN_POINT('',(-31.1062,-19.8784,2.5));
#2470 = DIRECTION('',(0.772956300772,0.634459263544,0.));
#2471 = DIRECTION('',(0.634459263544,-0.772956300772,0.));
#2472 = ADVANCED_FACE('',(#2473),#2491,.T.);
#2473 = FACE_BOUND('',#2474,.F.);
#2474 = EDGE_LOOP('',(#2475,#2476,#2484,#2490));
#2475 = ORIENTED_EDGE('',*,*,#1370,.F.);
#2476 = ORIENTED_EDGE('',*,*,#2477,.T.);
#2477 = EDGE_CURVE('',#1363,#2478,#2480,.T.);
#2478 = VERTEX_POINT('',#2479);
#2479 = CARTESIAN_POINT('',(-30.5001,-20.3759,10.));
#2480 = LINE('',#2481,#2482);
#2481 = CARTESIAN_POINT('',(-30.5001,-20.3759,2.5));
#2482 = VECTOR('',#2483,1.);
#2483 = DIRECTION('',(0.,0.,1.));
#2484 = ORIENTED_EDGE('',*,*,#2485,.F.);
#2485 = EDGE_CURVE('',#2454,#2478,#2486,.T.);
#2486 = LINE('',#2487,#2488);
#2487 = CARTESIAN_POINT('',(-48.45235112461,-5.640303671846,10.));
#2488 = VECTOR('',#2489,1.);
#2489 = DIRECTION('',(0.772956300772,-0.634459263544,0.));
#2490 = ORIENTED_EDGE('',*,*,#2453,.F.);
#2491 = PLANE('',#2492);
#2492 = AXIS2_PLACEMENT_3D('',#2493,#2494,#2495);
#2493 = CARTESIAN_POINT('',(-30.5001,-20.3759,2.5));
#2494 = DIRECTION('',(0.634459263544,0.772956300772,0.));
#2495 = DIRECTION('',(0.772956300772,-0.634459263544,0.));
#2496 = ADVANCED_FACE('',(#2497),#2515,.T.);
#2497 = FACE_BOUND('',#2498,.F.);
#2498 = EDGE_LOOP('',(#2499,#2500,#2508,#2514));
#2499 = ORIENTED_EDGE('',*,*,#1362,.F.);
#2500 = ORIENTED_EDGE('',*,*,#2501,.T.);
#2501 = EDGE_CURVE('',#1355,#2502,#2504,.T.);
#2502 = VERTEX_POINT('',#2503);
#2503 = CARTESIAN_POINT('',(-29.8085,-20.7455,10.));
#2504 = LINE('',#2505,#2506);
#2505 = CARTESIAN_POINT('',(-29.8085,-20.7455,2.5));
#2506 = VECTOR('',#2507,1.);
#2507 = DIRECTION('',(0.,0.,1.));
#2508 = ORIENTED_EDGE('',*,*,#2509,.F.);
#2509 = EDGE_CURVE('',#2478,#2502,#2510,.T.);
#2510 = LINE('',#2511,#2512);
#2511 = CARTESIAN_POINT('',(-49.8612941242,-10.02902702674,10.));
#2512 = VECTOR('',#2513,1.);
#2513 = DIRECTION('',(0.881957260666,-0.471329386267,0.));
#2514 = ORIENTED_EDGE('',*,*,#2477,.F.);
#2515 = PLANE('',#2516);
#2516 = AXIS2_PLACEMENT_3D('',#2517,#2518,#2519);
#2517 = CARTESIAN_POINT('',(-29.8085,-20.7455,2.5));
#2518 = DIRECTION('',(0.471329386267,0.881957260666,0.));
#2519 = DIRECTION('',(0.881957260666,-0.471329386267,0.));
#2520 = ADVANCED_FACE('',(#2521),#2539,.T.);
#2521 = FACE_BOUND('',#2522,.F.);
#2522 = EDGE_LOOP('',(#2523,#2524,#2532,#2538));
#2523 = ORIENTED_EDGE('',*,*,#1354,.F.);
#2524 = ORIENTED_EDGE('',*,*,#2525,.T.);
#2525 = EDGE_CURVE('',#1347,#2526,#2528,.T.);
#2526 = VERTEX_POINT('',#2527);
#2527 = CARTESIAN_POINT('',(-29.0582,-20.9731,10.));
#2528 = LINE('',#2529,#2530);
#2529 = CARTESIAN_POINT('',(-29.0582,-20.9731,2.5));
#2530 = VECTOR('',#2531,1.);
#2531 = DIRECTION('',(0.,0.,1.));
#2532 = ORIENTED_EDGE('',*,*,#2533,.F.);
#2533 = EDGE_CURVE('',#2502,#2526,#2534,.T.);
#2534 = LINE('',#2535,#2536);
#2535 = CARTESIAN_POINT('',(-49.52033050837,-14.7660082984,10.));
#2536 = VECTOR('',#2537,1.);
#2537 = DIRECTION('',(0.956940695942,-0.290283489799,0.));
#2538 = ORIENTED_EDGE('',*,*,#2501,.F.);
#2539 = PLANE('',#2540);
#2540 = AXIS2_PLACEMENT_3D('',#2541,#2542,#2543);
#2541 = CARTESIAN_POINT('',(-29.0582,-20.9731,2.5));
#2542 = DIRECTION('',(0.290283489799,0.956940695942,0.));
#2543 = DIRECTION('',(0.956940695942,-0.290283489799,0.));
#2544 = ADVANCED_FACE('',(#2545),#2563,.T.);
#2545 = FACE_BOUND('',#2546,.F.);
#2546 = EDGE_LOOP('',(#2547,#2548,#2556,#2562));
#2547 = ORIENTED_EDGE('',*,*,#1346,.F.);
#2548 = ORIENTED_EDGE('',*,*,#2549,.T.);
#2549 = EDGE_CURVE('',#1339,#2550,#2552,.T.);
#2550 = VERTEX_POINT('',#2551);
#2551 = CARTESIAN_POINT('',(-28.2778,-21.05,10.));
#2552 = LINE('',#2553,#2554);
#2553 = CARTESIAN_POINT('',(-28.2778,-21.05,2.5));
#2554 = VECTOR('',#2555,1.);
#2555 = DIRECTION('',(0.,0.,1.));
#2556 = ORIENTED_EDGE('',*,*,#2557,.F.);
#2557 = EDGE_CURVE('',#2526,#2550,#2558,.T.);
#2558 = LINE('',#2559,#2560);
#2559 = CARTESIAN_POINT('',(-47.40029619911,-19.16568431866,10.));
#2560 = VECTOR('',#2561,1.);
#2561 = DIRECTION('',(0.995180084663,-9.80642600084E-02,0.));
#2562 = ORIENTED_EDGE('',*,*,#2525,.F.);
#2563 = PLANE('',#2564);
#2564 = AXIS2_PLACEMENT_3D('',#2565,#2566,#2567);
#2565 = CARTESIAN_POINT('',(-28.2778,-21.05,2.5));
#2566 = DIRECTION('',(9.80642600084E-02,0.995180084663,0.));
#2567 = DIRECTION('',(0.995180084663,-9.80642600084E-02,0.));
#2568 = ADVANCED_FACE('',(#2569),#2587,.T.);
#2569 = FACE_BOUND('',#2570,.F.);
#2570 = EDGE_LOOP('',(#2571,#2572,#2580,#2586));
#2571 = ORIENTED_EDGE('',*,*,#1338,.F.);
#2572 = ORIENTED_EDGE('',*,*,#2573,.T.);
#2573 = EDGE_CURVE('',#1331,#2574,#2576,.T.);
#2574 = VERTEX_POINT('',#2575);
#2575 = CARTESIAN_POINT('',(-10.6347,-21.05,10.));
#2576 = LINE('',#2577,#2578);
#2577 = CARTESIAN_POINT('',(-10.6347,-21.05,2.5));
#2578 = VECTOR('',#2579,1.);
#2579 = DIRECTION('',(0.,0.,1.));
#2580 = ORIENTED_EDGE('',*,*,#2581,.F.);
#2581 = EDGE_CURVE('',#2550,#2574,#2582,.T.);
#2582 = LINE('',#2583,#2584);
#2583 = CARTESIAN_POINT('',(-37.10994388864,-21.05,10.));
#2584 = VECTOR('',#2585,1.);
#2585 = DIRECTION('',(1.,0.,0.));
#2586 = ORIENTED_EDGE('',*,*,#2549,.F.);
#2587 = PLANE('',#2588);
#2588 = AXIS2_PLACEMENT_3D('',#2589,#2590,#2591);
#2589 = CARTESIAN_POINT('',(-10.6347,-21.05,2.5));
#2590 = DIRECTION('',(0.,1.,0.));
#2591 = DIRECTION('',(1.,0.,0.));
#2592 = ADVANCED_FACE('',(#2593),#2611,.T.);
#2593 = FACE_BOUND('',#2594,.F.);
#2594 = EDGE_LOOP('',(#2595,#2596,#2604,#2610));
#2595 = ORIENTED_EDGE('',*,*,#1330,.F.);
#2596 = ORIENTED_EDGE('',*,*,#2597,.T.);
#2597 = EDGE_CURVE('',#1323,#2598,#2600,.T.);
#2598 = VERTEX_POINT('',#2599);
#2599 = CARTESIAN_POINT('',(-10.2426,-21.0307,10.));
#2600 = LINE('',#2601,#2602);
#2601 = CARTESIAN_POINT('',(-10.2426,-21.0307,2.5));
#2602 = VECTOR('',#2603,1.);
#2603 = DIRECTION('',(0.,0.,1.));
#2604 = ORIENTED_EDGE('',*,*,#2605,.F.);
#2605 = EDGE_CURVE('',#2574,#2598,#2606,.T.);
#2606 = LINE('',#2607,#2608);
#2607 = CARTESIAN_POINT('',(-36.02545803771,-22.29978737599,10.));
#2608 = VECTOR('',#2609,1.);
#2609 = DIRECTION('',(0.998790787438,4.916261718327E-02,0.));
#2610 = ORIENTED_EDGE('',*,*,#2573,.F.);
#2611 = PLANE('',#2612);
#2612 = AXIS2_PLACEMENT_3D('',#2613,#2614,#2615);
#2613 = CARTESIAN_POINT('',(-10.2426,-21.0307,2.5));
#2614 = DIRECTION('',(-4.916261718327E-02,0.998790787438,0.));
#2615 = DIRECTION('',(0.998790787438,4.916261718327E-02,0.));
#2616 = ADVANCED_FACE('',(#2617),#2635,.T.);
#2617 = FACE_BOUND('',#2618,.F.);
#2618 = EDGE_LOOP('',(#2619,#2620,#2628,#2634));
#2619 = ORIENTED_EDGE('',*,*,#1322,.F.);
#2620 = ORIENTED_EDGE('',*,*,#2621,.T.);
#2621 = EDGE_CURVE('',#1315,#2622,#2624,.T.);
#2622 = VERTEX_POINT('',#2623);
#2623 = CARTESIAN_POINT('',(-9.47357,-20.8778,10.));
#2624 = LINE('',#2625,#2626);
#2625 = CARTESIAN_POINT('',(-9.47357,-20.8778,2.5));
#2626 = VECTOR('',#2627,1.);
#2627 = DIRECTION('',(0.,0.,1.));
#2628 = ORIENTED_EDGE('',*,*,#2629,.F.);
#2629 = EDGE_CURVE('',#2598,#2622,#2630,.T.);
#2630 = LINE('',#2631,#2632);
#2631 = CARTESIAN_POINT('',(-32.30570427384,-25.41732814645,10.));
#2632 = VECTOR('',#2633,1.);
#2633 = DIRECTION('',(0.980802255961,0.195004960712,0.));
#2634 = ORIENTED_EDGE('',*,*,#2597,.F.);
#2635 = PLANE('',#2636);
#2636 = AXIS2_PLACEMENT_3D('',#2637,#2638,#2639);
#2637 = CARTESIAN_POINT('',(-9.47357,-20.8778,2.5));
#2638 = DIRECTION('',(-0.195004960712,0.980802255961,0.));
#2639 = DIRECTION('',(0.980802255961,0.195004960712,0.));
#2640 = ADVANCED_FACE('',(#2641),#2659,.T.);
#2641 = FACE_BOUND('',#2642,.F.);
#2642 = EDGE_LOOP('',(#2643,#2644,#2652,#2658));
#2643 = ORIENTED_EDGE('',*,*,#1314,.F.);
#2644 = ORIENTED_EDGE('',*,*,#2645,.T.);
#2645 = EDGE_CURVE('',#1307,#2646,#2648,.T.);
#2646 = VERTEX_POINT('',#2647);
#2647 = CARTESIAN_POINT('',(-8.74912,-20.5777,10.));
#2648 = LINE('',#2649,#2650);
#2649 = CARTESIAN_POINT('',(-8.74912,-20.5777,2.5));
#2650 = VECTOR('',#2651,1.);
#2651 = DIRECTION('',(0.,0.,1.));
#2652 = ORIENTED_EDGE('',*,*,#2653,.F.);
#2653 = EDGE_CURVE('',#2622,#2646,#2654,.T.);
#2654 = LINE('',#2655,#2656);
#2655 = CARTESIAN_POINT('',(-26.29833547709,-27.84737984633,10.));
#2656 = VECTOR('',#2657,1.);
#2657 = DIRECTION('',(0.923869168907,0.382708451362,0.));
#2658 = ORIENTED_EDGE('',*,*,#2621,.F.);
#2659 = PLANE('',#2660);
#2660 = AXIS2_PLACEMENT_3D('',#2661,#2662,#2663);
#2661 = CARTESIAN_POINT('',(-8.74912,-20.5777,2.5));
#2662 = DIRECTION('',(-0.382708451362,0.923869168907,0.));
#2663 = DIRECTION('',(0.923869168907,0.382708451362,0.));
#2664 = ADVANCED_FACE('',(#2665),#2683,.T.);
#2665 = FACE_BOUND('',#2666,.F.);
#2666 = EDGE_LOOP('',(#2667,#2668,#2676,#2682));
#2667 = ORIENTED_EDGE('',*,*,#1306,.F.);
#2668 = ORIENTED_EDGE('',*,*,#2669,.T.);
#2669 = EDGE_CURVE('',#1299,#2670,#2672,.T.);
#2670 = VERTEX_POINT('',#2671);
#2671 = CARTESIAN_POINT('',(-8.09714,-20.142,10.));
#2672 = LINE('',#2673,#2674);
#2673 = CARTESIAN_POINT('',(-8.09714,-20.142,2.5));
#2674 = VECTOR('',#2675,1.);
#2675 = DIRECTION('',(0.,0.,1.));
#2676 = ORIENTED_EDGE('',*,*,#2677,.F.);
#2677 = EDGE_CURVE('',#2646,#2670,#2678,.T.);
#2678 = LINE('',#2679,#2680);
#2679 = CARTESIAN_POINT('',(-19.72939727706,-27.91551221758,10.));
#2680 = VECTOR('',#2681,1.);
#2681 = DIRECTION('',(0.83143374015,0.555623915739,0.));
#2682 = ORIENTED_EDGE('',*,*,#2645,.F.);
#2683 = PLANE('',#2684);
#2684 = AXIS2_PLACEMENT_3D('',#2685,#2686,#2687);
#2685 = CARTESIAN_POINT('',(-8.09714,-20.142,2.5));
#2686 = DIRECTION('',(-0.555623915739,0.83143374015,0.));
#2687 = DIRECTION('',(0.83143374015,0.555623915739,0.));
#2688 = ADVANCED_FACE('',(#2689),#2707,.T.);
#2689 = FACE_BOUND('',#2690,.F.);
#2690 = EDGE_LOOP('',(#2691,#2692,#2700,#2706));
#2691 = ORIENTED_EDGE('',*,*,#1298,.F.);
#2692 = ORIENTED_EDGE('',*,*,#2693,.T.);
#2693 = EDGE_CURVE('',#1291,#2694,#2696,.T.);
#2694 = VERTEX_POINT('',#2695);
#2695 = CARTESIAN_POINT('',(-7.54267,-19.5876,10.));
#2696 = LINE('',#2697,#2698);
#2697 = CARTESIAN_POINT('',(-7.54267,-19.5876,2.5));
#2698 = VECTOR('',#2699,1.);
#2699 = DIRECTION('',(0.,0.,1.));
#2700 = ORIENTED_EDGE('',*,*,#2701,.F.);
#2701 = EDGE_CURVE('',#2670,#2694,#2702,.T.);
#2702 = LINE('',#2703,#2704);
#2703 = CARTESIAN_POINT('',(-13.52562811,-25.56980278136,10.));
#2704 = VECTOR('',#2705,1.);
#2705 = DIRECTION('',(0.707151417539,0.707062142016,0.));
#2706 = ORIENTED_EDGE('',*,*,#2669,.F.);
#2707 = PLANE('',#2708);
#2708 = AXIS2_PLACEMENT_3D('',#2709,#2710,#2711);
#2709 = CARTESIAN_POINT('',(-7.54267,-19.5876,2.5));
#2710 = DIRECTION('',(-0.707062142016,0.707151417539,0.));
#2711 = DIRECTION('',(0.707151417539,0.707062142016,0.));
#2712 = ADVANCED_FACE('',(#2713),#2731,.T.);
#2713 = FACE_BOUND('',#2714,.F.);
#2714 = EDGE_LOOP('',(#2715,#2716,#2724,#2730));
#2715 = ORIENTED_EDGE('',*,*,#1290,.F.);
#2716 = ORIENTED_EDGE('',*,*,#2717,.T.);
#2717 = EDGE_CURVE('',#1283,#2718,#2720,.T.);
#2718 = VERTEX_POINT('',#2719);
#2719 = CARTESIAN_POINT('',(-7.10703,-18.9356,10.));
#2720 = LINE('',#2721,#2722);
#2721 = CARTESIAN_POINT('',(-7.10703,-18.9356,2.5));
#2722 = VECTOR('',#2723,1.);
#2723 = DIRECTION('',(0.,0.,1.));
#2724 = ORIENTED_EDGE('',*,*,#2725,.F.);
#2725 = EDGE_CURVE('',#2694,#2718,#2726,.T.);
#2726 = LINE('',#2727,#2728);
#2727 = CARTESIAN_POINT('',(-8.555347037098,-21.10322167888,10.));
#2728 = VECTOR('',#2729,1.);
#2729 = DIRECTION('',(0.555559237121,0.831476959422,0.));
#2730 = ORIENTED_EDGE('',*,*,#2693,.F.);
#2731 = PLANE('',#2732);
#2732 = AXIS2_PLACEMENT_3D('',#2733,#2734,#2735);
#2733 = CARTESIAN_POINT('',(-7.10703,-18.9356,2.5));
#2734 = DIRECTION('',(-0.831476959422,0.555559237121,0.));
#2735 = DIRECTION('',(0.555559237121,0.831476959422,0.));
#2736 = ADVANCED_FACE('',(#2737),#2755,.T.);
#2737 = FACE_BOUND('',#2738,.F.);
#2738 = EDGE_LOOP('',(#2739,#2740,#2748,#2754));
#2739 = ORIENTED_EDGE('',*,*,#1282,.F.);
#2740 = ORIENTED_EDGE('',*,*,#2741,.T.);
#2741 = EDGE_CURVE('',#1275,#2742,#2744,.T.);
#2742 = VERTEX_POINT('',#2743);
#2743 = CARTESIAN_POINT('',(-6.80695,-18.2111,10.));
#2744 = LINE('',#2745,#2746);
#2745 = CARTESIAN_POINT('',(-6.80695,-18.2111,2.5));
#2746 = VECTOR('',#2747,1.);
#2747 = DIRECTION('',(0.,0.,1.));
#2748 = ORIENTED_EDGE('',*,*,#2749,.F.);
#2749 = EDGE_CURVE('',#2718,#2742,#2750,.T.);
#2750 = LINE('',#2751,#2752);
#2751 = CARTESIAN_POINT('',(-5.529909407552,-15.12786916412,10.));
#2752 = VECTOR('',#2753,1.);
#2753 = DIRECTION('',(0.382664138353,0.923887524117,0.));
#2754 = ORIENTED_EDGE('',*,*,#2717,.F.);
#2755 = PLANE('',#2756);
#2756 = AXIS2_PLACEMENT_3D('',#2757,#2758,#2759);
#2757 = CARTESIAN_POINT('',(-6.80695,-18.2111,2.5));
#2758 = DIRECTION('',(-0.923887524117,0.382664138353,0.));
#2759 = DIRECTION('',(0.382664138353,0.923887524117,0.));
#2760 = ADVANCED_FACE('',(#2761),#2779,.T.);
#2761 = FACE_BOUND('',#2762,.F.);
#2762 = EDGE_LOOP('',(#2763,#2764,#2772,#2778));
#2763 = ORIENTED_EDGE('',*,*,#1274,.F.);
#2764 = ORIENTED_EDGE('',*,*,#2765,.T.);
#2765 = EDGE_CURVE('',#1267,#2766,#2768,.T.);
#2766 = VERTEX_POINT('',#2767);
#2767 = CARTESIAN_POINT('',(-6.42316,-16.9459,10.));
#2768 = LINE('',#2769,#2770);
#2769 = CARTESIAN_POINT('',(-6.42316,-16.9459,2.5));
#2770 = VECTOR('',#2771,1.);
#2771 = DIRECTION('',(0.,0.,1.));
#2772 = ORIENTED_EDGE('',*,*,#2773,.F.);
#2773 = EDGE_CURVE('',#2742,#2766,#2774,.T.);
#2774 = LINE('',#2775,#2776);
#2775 = CARTESIAN_POINT('',(-4.73752804414,-11.38905497914,10.));
#2776 = VECTOR('',#2777,1.);
#2777 = DIRECTION('',(0.290281751552,0.95694122323,0.));
#2778 = ORIENTED_EDGE('',*,*,#2741,.F.);
#2779 = PLANE('',#2780);
#2780 = AXIS2_PLACEMENT_3D('',#2781,#2782,#2783);
#2781 = CARTESIAN_POINT('',(-6.42316,-16.9459,2.5));
#2782 = DIRECTION('',(-0.95694122323,0.290281751552,0.));
#2783 = DIRECTION('',(0.290281751552,0.95694122323,0.));
#2784 = ADVANCED_FACE('',(#2785),#2803,.T.);
#2785 = FACE_BOUND('',#2786,.F.);
#2786 = EDGE_LOOP('',(#2787,#2788,#2796,#2802));
#2787 = ORIENTED_EDGE('',*,*,#1266,.F.);
#2788 = ORIENTED_EDGE('',*,*,#2789,.T.);
#2789 = EDGE_CURVE('',#1259,#2790,#2792,.T.);
#2790 = VERTEX_POINT('',#2791);
#2791 = CARTESIAN_POINT('',(-5.68566,-15.5662,10.));
#2792 = LINE('',#2793,#2794);
#2793 = CARTESIAN_POINT('',(-5.68566,-15.5662,2.5));
#2794 = VECTOR('',#2795,1.);
#2795 = DIRECTION('',(0.,0.,1.));
#2796 = ORIENTED_EDGE('',*,*,#2797,.F.);
#2797 = EDGE_CURVE('',#2766,#2790,#2798,.T.);
#2798 = LINE('',#2799,#2800);
#2799 = CARTESIAN_POINT('',(-6.278731584922,-16.67570625859,10.));
#2800 = VECTOR('',#2801,1.);
#2801 = DIRECTION('',(0.4714141304,0.881911967069,0.));
#2802 = ORIENTED_EDGE('',*,*,#2765,.F.);
#2803 = PLANE('',#2804);
#2804 = AXIS2_PLACEMENT_3D('',#2805,#2806,#2807);
#2805 = CARTESIAN_POINT('',(-5.68566,-15.5662,2.5));
#2806 = DIRECTION('',(-0.881911967069,0.4714141304,0.));
#2807 = DIRECTION('',(0.4714141304,0.881911967069,0.));
#2808 = ADVANCED_FACE('',(#2809),#2827,.T.);
#2809 = FACE_BOUND('',#2810,.F.);
#2810 = EDGE_LOOP('',(#2811,#2812,#2820,#2826));
#2811 = ORIENTED_EDGE('',*,*,#1258,.F.);
#2812 = ORIENTED_EDGE('',*,*,#2813,.T.);
#2813 = EDGE_CURVE('',#1251,#2814,#2816,.T.);
#2814 = VERTEX_POINT('',#2815);
#2815 = CARTESIAN_POINT('',(-4.69317,-14.3568,10.));
#2816 = LINE('',#2817,#2818);
#2817 = CARTESIAN_POINT('',(-4.69317,-14.3568,2.5));
#2818 = VECTOR('',#2819,1.);
#2819 = DIRECTION('',(0.,0.,1.));
#2820 = ORIENTED_EDGE('',*,*,#2821,.F.);
#2821 = EDGE_CURVE('',#2790,#2814,#2822,.T.);
#2822 = LINE('',#2823,#2824);
#2823 = CARTESIAN_POINT('',(-9.950769764539,-20.76345513529,10.));
#2824 = VECTOR('',#2825,1.);
#2825 = DIRECTION('',(0.634378415338,0.773022655653,0.));
#2826 = ORIENTED_EDGE('',*,*,#2789,.F.);
#2827 = PLANE('',#2828);
#2828 = AXIS2_PLACEMENT_3D('',#2829,#2830,#2831);
#2829 = CARTESIAN_POINT('',(-4.69317,-14.3568,2.5));
#2830 = DIRECTION('',(-0.773022655653,0.634378415338,0.));
#2831 = DIRECTION('',(0.634378415338,0.773022655653,0.));
#2832 = ADVANCED_FACE('',(#2833),#2851,.T.);
#2833 = FACE_BOUND('',#2834,.F.);
#2834 = EDGE_LOOP('',(#2835,#2836,#2844,#2850));
#2835 = ORIENTED_EDGE('',*,*,#1250,.F.);
#2836 = ORIENTED_EDGE('',*,*,#2837,.T.);
#2837 = EDGE_CURVE('',#1243,#2838,#2840,.T.);
#2838 = VERTEX_POINT('',#2839);
#2839 = CARTESIAN_POINT('',(-3.48381,-13.3643,10.));
#2840 = LINE('',#2841,#2842);
#2841 = CARTESIAN_POINT('',(-3.48381,-13.3643,2.5));
#2842 = VECTOR('',#2843,1.);
#2843 = DIRECTION('',(0.,0.,1.));
#2844 = ORIENTED_EDGE('',*,*,#2845,.F.);
#2845 = EDGE_CURVE('',#2814,#2838,#2846,.T.);
#2846 = LINE('',#2847,#2848);
#2847 = CARTESIAN_POINT('',(-15.09116550492,-22.89024788867,10.));
#2848 = VECTOR('',#2849,1.);
#2849 = DIRECTION('',(0.773009231669,0.634394772799,0.));
#2850 = ORIENTED_EDGE('',*,*,#2813,.F.);
#2851 = PLANE('',#2852);
#2852 = AXIS2_PLACEMENT_3D('',#2853,#2854,#2855);
#2853 = CARTESIAN_POINT('',(-3.48381,-13.3643,2.5));
#2854 = DIRECTION('',(-0.634394772799,0.773009231669,0.));
#2855 = DIRECTION('',(0.773009231669,0.634394772799,0.));
#2856 = ADVANCED_FACE('',(#2857),#2891,.T.);
#2857 = FACE_BOUND('',#2858,.F.);
#2858 = EDGE_LOOP('',(#2859,#2860,#2868,#2876,#2884,#2890));
#2859 = ORIENTED_EDGE('',*,*,#1242,.F.);
#2860 = ORIENTED_EDGE('',*,*,#2861,.F.);
#2861 = EDGE_CURVE('',#2862,#1234,#2864,.T.);
#2862 = VERTEX_POINT('',#2863);
#2863 = CARTESIAN_POINT('',(-2.644865381966,-12.91586973669,4.9));
#2864 = LINE('',#2865,#2866);
#2865 = CARTESIAN_POINT('',(-2.644865381966,-12.91586973669,0.));
#2866 = VECTOR('',#2867,1.);
#2867 = DIRECTION('',(0.,0.,-1.));
#2868 = ORIENTED_EDGE('',*,*,#2869,.F.);
#2869 = EDGE_CURVE('',#2870,#2862,#2872,.T.);
#2870 = VERTEX_POINT('',#2871);
#2871 = CARTESIAN_POINT('',(-2.10406,-12.6268,4.9));
#2872 = LINE('',#2873,#2874);
#2873 = CARTESIAN_POINT('',(-1.051584349703,-12.06423374372,4.9));
#2874 = VECTOR('',#2875,1.);
#2875 = DIRECTION('',(-0.881919069342,-0.47140084337,-0.));
#2876 = ORIENTED_EDGE('',*,*,#2877,.T.);
#2877 = EDGE_CURVE('',#2870,#2878,#2880,.T.);
#2878 = VERTEX_POINT('',#2879);
#2879 = CARTESIAN_POINT('',(-2.10406,-12.6268,10.));
#2880 = LINE('',#2881,#2882);
#2881 = CARTESIAN_POINT('',(-2.10406,-12.6268,2.5));
#2882 = VECTOR('',#2883,1.);
#2883 = DIRECTION('',(0.,0.,1.));
#2884 = ORIENTED_EDGE('',*,*,#2885,.F.);
#2885 = EDGE_CURVE('',#2838,#2878,#2886,.T.);
#2886 = LINE('',#2887,#2888);
#2887 = CARTESIAN_POINT('',(-20.78414931128,-22.61162758983,10.));
#2888 = VECTOR('',#2889,1.);
#2889 = DIRECTION('',(0.881919069342,0.47140084337,0.));
#2890 = ORIENTED_EDGE('',*,*,#2837,.F.);
#2891 = PLANE('',#2892);
#2892 = AXIS2_PLACEMENT_3D('',#2893,#2894,#2895);
#2893 = CARTESIAN_POINT('',(-2.10406,-12.6268,2.5));
#2894 = DIRECTION('',(-0.47140084337,0.881919069342,0.));
#2895 = DIRECTION('',(0.881919069342,0.47140084337,0.));
#2896 = ADVANCED_FACE('',(#2897),#2954,.T.);
#2897 = FACE_BOUND('',#2898,.F.);
#2898 = EDGE_LOOP('',(#2899,#2900,#2908,#2916,#2924,#2932,#2940,#2948));
#2899 = ORIENTED_EDGE('',*,*,#1216,.F.);
#2900 = ORIENTED_EDGE('',*,*,#2901,.T.);
#2901 = EDGE_CURVE('',#1209,#2902,#2904,.T.);
#2902 = VERTEX_POINT('',#2903);
#2903 = CARTESIAN_POINT('',(8.,-12.,10.));
#2904 = LINE('',#2905,#2906);
#2905 = CARTESIAN_POINT('',(8.,-12.,2.5));
#2906 = VECTOR('',#2907,1.);
#2907 = DIRECTION('',(0.,0.,1.));
#2908 = ORIENTED_EDGE('',*,*,#2909,.F.);
#2909 = EDGE_CURVE('',#2910,#2902,#2912,.T.);
#2910 = VERTEX_POINT('',#2911);
#2911 = CARTESIAN_POINT('',(1.936491673104,-12.,10.));
#2912 = LINE('',#2913,#2914);
#2913 = CARTESIAN_POINT('',(-27.79259388864,-12.,10.));
#2914 = VECTOR('',#2915,1.);
#2915 = DIRECTION('',(1.,0.,0.));
#2916 = ORIENTED_EDGE('',*,*,#2917,.T.);
#2917 = EDGE_CURVE('',#2910,#2918,#2920,.T.);
#2918 = VERTEX_POINT('',#2919);
#2919 = CARTESIAN_POINT('',(1.936491673104,-12.,5.9));
#2920 = LINE('',#2921,#2922);
#2921 = CARTESIAN_POINT('',(1.936491673104,-12.,4.9));
#2922 = VECTOR('',#2923,1.);
#2923 = DIRECTION('',(0.,0.,-1.));
#2924 = ORIENTED_EDGE('',*,*,#2925,.F.);
#2925 = EDGE_CURVE('',#2926,#2918,#2928,.T.);
#2926 = VERTEX_POINT('',#2927);
#2927 = CARTESIAN_POINT('',(2.039607805437,-12.,5.9));
#2928 = LINE('',#2929,#2930);
#2929 = CARTESIAN_POINT('',(4.,-12.,5.9));
#2930 = VECTOR('',#2931,1.);
#2931 = DIRECTION('',(-1.,-0.,-0.));
#2932 = ORIENTED_EDGE('',*,*,#2933,.T.);
#2933 = EDGE_CURVE('',#2926,#2934,#2936,.T.);
#2934 = VERTEX_POINT('',#2935);
#2935 = CARTESIAN_POINT('',(2.039607805437,-12.,4.9));
#2936 = LINE('',#2937,#2938);
#2937 = CARTESIAN_POINT('',(2.039607805437,-12.,4.3));
#2938 = VECTOR('',#2939,1.);
#2939 = DIRECTION('',(0.,0.,-1.));
#2940 = ORIENTED_EDGE('',*,*,#2941,.F.);
#2941 = EDGE_CURVE('',#2942,#2934,#2944,.T.);
#2942 = VERTEX_POINT('',#2943);
#2943 = CARTESIAN_POINT('',(2.95803989155,-12.,4.9));
#2944 = LINE('',#2945,#2946);
#2945 = CARTESIAN_POINT('',(4.,-12.,4.9));
#2946 = VECTOR('',#2947,1.);
#2947 = DIRECTION('',(-1.,-0.,-0.));
#2948 = ORIENTED_EDGE('',*,*,#2949,.T.);
#2949 = EDGE_CURVE('',#2942,#1217,#2950,.T.);
#2950 = LINE('',#2951,#2952);
#2951 = CARTESIAN_POINT('',(2.95803989155,-12.,0.));
#2952 = VECTOR('',#2953,1.);
#2953 = DIRECTION('',(0.,0.,-1.));
#2954 = PLANE('',#2955);
#2955 = AXIS2_PLACEMENT_3D('',#2956,#2957,#2958);
#2956 = CARTESIAN_POINT('',(8.,-12.,2.5));
#2957 = DIRECTION('',(0.,1.,0.));
#2958 = DIRECTION('',(1.,0.,0.));
#2959 = ADVANCED_FACE('',(#2960),#2978,.T.);
#2960 = FACE_BOUND('',#2961,.F.);
#2961 = EDGE_LOOP('',(#2962,#2963,#2971,#2977));
#2962 = ORIENTED_EDGE('',*,*,#1208,.F.);
#2963 = ORIENTED_EDGE('',*,*,#2964,.T.);
#2964 = EDGE_CURVE('',#1201,#2965,#2967,.T.);
#2965 = VERTEX_POINT('',#2966);
#2966 = CARTESIAN_POINT('',(8.78036,-11.9231,10.));
#2967 = LINE('',#2968,#2969);
#2968 = CARTESIAN_POINT('',(8.78036,-11.9231,2.5));
#2969 = VECTOR('',#2970,1.);
#2970 = DIRECTION('',(0.,0.,1.));
#2971 = ORIENTED_EDGE('',*,*,#2972,.F.);
#2972 = EDGE_CURVE('',#2902,#2965,#2973,.T.);
#2973 = LINE('',#2974,#2975);
#2974 = CARTESIAN_POINT('',(-25.8611469166,-15.33682172059,10.));
#2975 = VECTOR('',#2976,1.);
#2976 = DIRECTION('',(0.995179594095,9.806923828219E-02,0.));
#2977 = ORIENTED_EDGE('',*,*,#2901,.F.);
#2978 = PLANE('',#2979);
#2979 = AXIS2_PLACEMENT_3D('',#2980,#2981,#2982);
#2980 = CARTESIAN_POINT('',(8.78036,-11.9231,2.5));
#2981 = DIRECTION('',(-9.806923828219E-02,0.995179594095,0.));
#2982 = DIRECTION('',(0.995179594095,9.806923828219E-02,0.));
#2983 = ADVANCED_FACE('',(#2984),#3002,.T.);
#2984 = FACE_BOUND('',#2985,.F.);
#2985 = EDGE_LOOP('',(#2986,#2987,#2995,#3001));
#2986 = ORIENTED_EDGE('',*,*,#1200,.F.);
#2987 = ORIENTED_EDGE('',*,*,#2988,.T.);
#2988 = EDGE_CURVE('',#1193,#2989,#2991,.T.);
#2989 = VERTEX_POINT('',#2990);
#2990 = CARTESIAN_POINT('',(9.53073,-11.6955,10.));
#2991 = LINE('',#2992,#2993);
#2992 = CARTESIAN_POINT('',(9.53073,-11.6955,2.5));
#2993 = VECTOR('',#2994,1.);
#2994 = DIRECTION('',(0.,0.,1.));
#2995 = ORIENTED_EDGE('',*,*,#2996,.F.);
#2996 = EDGE_CURVE('',#2965,#2989,#2997,.T.);
#2997 = LINE('',#2998,#2999);
#2998 = CARTESIAN_POINT('',(-20.58272633299,-20.82942414594,10.));
#2999 = VECTOR('',#3000,1.);
#3000 = DIRECTION('',(0.956948218008,0.290258691604,0.));
#3001 = ORIENTED_EDGE('',*,*,#2964,.F.);
#3002 = PLANE('',#3003);
#3003 = AXIS2_PLACEMENT_3D('',#3004,#3005,#3006);
#3004 = CARTESIAN_POINT('',(9.53073,-11.6955,2.5));
#3005 = DIRECTION('',(-0.290258691604,0.956948218008,0.));
#3006 = DIRECTION('',(0.956948218008,0.290258691604,0.));
#3007 = ADVANCED_FACE('',(#3008),#3026,.T.);
#3008 = FACE_BOUND('',#3009,.F.);
#3009 = EDGE_LOOP('',(#3010,#3011,#3019,#3025));
#3010 = ORIENTED_EDGE('',*,*,#1192,.F.);
#3011 = ORIENTED_EDGE('',*,*,#3012,.T.);
#3012 = EDGE_CURVE('',#1185,#3013,#3015,.T.);
#3013 = VERTEX_POINT('',#3014);
#3014 = CARTESIAN_POINT('',(10.2223,-11.3259,10.));
#3015 = LINE('',#3016,#3017);
#3016 = CARTESIAN_POINT('',(10.2223,-11.3259,2.5));
#3017 = VECTOR('',#3018,1.);
#3018 = DIRECTION('',(0.,0.,1.));
#3019 = ORIENTED_EDGE('',*,*,#3020,.F.);
#3020 = EDGE_CURVE('',#2989,#3013,#3021,.T.);
#3021 = LINE('',#3022,#3023);
#3022 = CARTESIAN_POINT('',(-13.52416172401,-24.01686729643,10.));
#3023 = VECTOR('',#3024,1.);
#3024 = DIRECTION('',(0.881948761333,0.471345289976,0.));
#3025 = ORIENTED_EDGE('',*,*,#2988,.F.);
#3026 = PLANE('',#3027);
#3027 = AXIS2_PLACEMENT_3D('',#3028,#3029,#3030);
#3028 = CARTESIAN_POINT('',(10.2223,-11.3259,2.5));
#3029 = DIRECTION('',(-0.471345289976,0.881948761333,0.));
#3030 = DIRECTION('',(0.881948761333,0.471345289976,0.));
#3031 = ADVANCED_FACE('',(#3032),#3050,.T.);
#3032 = FACE_BOUND('',#3033,.F.);
#3033 = EDGE_LOOP('',(#3034,#3035,#3043,#3049));
#3034 = ORIENTED_EDGE('',*,*,#1184,.F.);
#3035 = ORIENTED_EDGE('',*,*,#3036,.T.);
#3036 = EDGE_CURVE('',#1177,#3037,#3039,.T.);
#3037 = VERTEX_POINT('',#3038);
#3038 = CARTESIAN_POINT('',(10.8284,-10.8284,10.));
#3039 = LINE('',#3040,#3041);
#3040 = CARTESIAN_POINT('',(10.8284,-10.8284,2.5));
#3041 = VECTOR('',#3042,1.);
#3042 = DIRECTION('',(0.,0.,1.));
#3043 = ORIENTED_EDGE('',*,*,#3044,.F.);
#3044 = EDGE_CURVE('',#3013,#3037,#3045,.T.);
#3045 = LINE('',#3046,#3047);
#3046 = CARTESIAN_POINT('',(-5.673597104784,-24.37359643562,10.));
#3047 = VECTOR('',#3048,1.);
#3048 = DIRECTION('',(0.772956300772,0.634459263544,0.));
#3049 = ORIENTED_EDGE('',*,*,#3012,.F.);
#3050 = PLANE('',#3051);
#3051 = AXIS2_PLACEMENT_3D('',#3052,#3053,#3054);
#3052 = CARTESIAN_POINT('',(10.8284,-10.8284,2.5));
#3053 = DIRECTION('',(-0.634459263544,0.772956300772,0.));
#3054 = DIRECTION('',(0.772956300772,0.634459263544,0.));
#3055 = ADVANCED_FACE('',(#3056),#3074,.T.);
#3056 = FACE_BOUND('',#3057,.F.);
#3057 = EDGE_LOOP('',(#3058,#3059,#3067,#3073));
#3058 = ORIENTED_EDGE('',*,*,#1176,.F.);
#3059 = ORIENTED_EDGE('',*,*,#3060,.T.);
#3060 = EDGE_CURVE('',#1169,#3061,#3063,.T.);
#3061 = VERTEX_POINT('',#3062);
#3062 = CARTESIAN_POINT('',(11.3259,-10.2223,10.));
#3063 = LINE('',#3064,#3065);
#3064 = CARTESIAN_POINT('',(11.3259,-10.2223,2.5));
#3065 = VECTOR('',#3066,1.);
#3066 = DIRECTION('',(0.,0.,1.));
#3067 = ORIENTED_EDGE('',*,*,#3068,.F.);
#3068 = EDGE_CURVE('',#3037,#3061,#3069,.T.);
#3069 = LINE('',#3070,#3071);
#3070 = CARTESIAN_POINT('',(1.827608531588,-21.79398735478,10.));
#3071 = VECTOR('',#3072,1.);
#3072 = DIRECTION('',(0.634459263544,0.772956300772,0.));
#3073 = ORIENTED_EDGE('',*,*,#3036,.F.);
#3074 = PLANE('',#3075);
#3075 = AXIS2_PLACEMENT_3D('',#3076,#3077,#3078);
#3076 = CARTESIAN_POINT('',(11.3259,-10.2223,2.5));
#3077 = DIRECTION('',(-0.772956300772,0.634459263544,0.));
#3078 = DIRECTION('',(0.634459263544,0.772956300772,0.));
#3079 = ADVANCED_FACE('',(#3080),#3098,.T.);
#3080 = FACE_BOUND('',#3081,.F.);
#3081 = EDGE_LOOP('',(#3082,#3083,#3091,#3097));
#3082 = ORIENTED_EDGE('',*,*,#1168,.F.);
#3083 = ORIENTED_EDGE('',*,*,#3084,.T.);
#3084 = EDGE_CURVE('',#1161,#3085,#3087,.T.);
#3085 = VERTEX_POINT('',#3086);
#3086 = CARTESIAN_POINT('',(11.6955,-9.53073,10.));
#3087 = LINE('',#3088,#3089);
#3088 = CARTESIAN_POINT('',(11.6955,-9.53073,2.5));
#3089 = VECTOR('',#3090,1.);
#3090 = DIRECTION('',(0.,0.,1.));
#3091 = ORIENTED_EDGE('',*,*,#3092,.F.);
#3092 = EDGE_CURVE('',#3061,#3085,#3093,.T.);
#3093 = LINE('',#3094,#3095);
#3094 = CARTESIAN_POINT('',(7.918463621225,-16.59805967659,10.));
#3095 = VECTOR('',#3096,1.);
#3096 = DIRECTION('',(0.471345289976,0.881948761333,0.));
#3097 = ORIENTED_EDGE('',*,*,#3060,.F.);
#3098 = PLANE('',#3099);
#3099 = AXIS2_PLACEMENT_3D('',#3100,#3101,#3102);
#3100 = CARTESIAN_POINT('',(11.6955,-9.53073,2.5));
#3101 = DIRECTION('',(-0.881948761333,0.471345289976,0.));
#3102 = DIRECTION('',(0.471345289976,0.881948761333,0.));
#3103 = ADVANCED_FACE('',(#3104),#3122,.T.);
#3104 = FACE_BOUND('',#3105,.F.);
#3105 = EDGE_LOOP('',(#3106,#3107,#3115,#3121));
#3106 = ORIENTED_EDGE('',*,*,#1160,.F.);
#3107 = ORIENTED_EDGE('',*,*,#3108,.T.);
#3108 = EDGE_CURVE('',#1153,#3109,#3111,.T.);
#3109 = VERTEX_POINT('',#3110);
#3110 = CARTESIAN_POINT('',(11.9231,-8.78036,10.));
#3111 = LINE('',#3112,#3113);
#3112 = CARTESIAN_POINT('',(11.9231,-8.78036,2.5));
#3113 = VECTOR('',#3114,1.);
#3114 = DIRECTION('',(0.,0.,1.));
#3115 = ORIENTED_EDGE('',*,*,#3116,.F.);
#3116 = EDGE_CURVE('',#3085,#3109,#3117,.T.);
#3117 = LINE('',#3118,#3119);
#3118 = CARTESIAN_POINT('',(11.701941525069,-9.509493061662,10.));
#3119 = VECTOR('',#3120,1.);
#3120 = DIRECTION('',(0.290258691604,0.956948218008,0.));
#3121 = ORIENTED_EDGE('',*,*,#3084,.F.);
#3122 = PLANE('',#3123);
#3123 = AXIS2_PLACEMENT_3D('',#3124,#3125,#3126);
#3124 = CARTESIAN_POINT('',(11.9231,-8.78036,2.5));
#3125 = DIRECTION('',(-0.956948218008,0.290258691604,0.));
#3126 = DIRECTION('',(0.290258691604,0.956948218008,0.));
#3127 = ADVANCED_FACE('',(#3128),#3146,.T.);
#3128 = FACE_BOUND('',#3129,.F.);
#3129 = EDGE_LOOP('',(#3130,#3131,#3139,#3145));
#3130 = ORIENTED_EDGE('',*,*,#1152,.F.);
#3131 = ORIENTED_EDGE('',*,*,#3132,.T.);
#3132 = EDGE_CURVE('',#1145,#3133,#3135,.T.);
#3133 = VERTEX_POINT('',#3134);
#3134 = CARTESIAN_POINT('',(12.,-8.,10.));
#3135 = LINE('',#3136,#3137);
#3136 = CARTESIAN_POINT('',(12.,-8.,2.5));
#3137 = VECTOR('',#3138,1.);
#3138 = DIRECTION('',(0.,0.,1.));
#3139 = ORIENTED_EDGE('',*,*,#3140,.F.);
#3140 = EDGE_CURVE('',#3109,#3133,#3141,.T.);
#3141 = LINE('',#3142,#3143);
#3142 = CARTESIAN_POINT('',(12.638362863618,-1.522069645604,10.));
#3143 = VECTOR('',#3144,1.);
#3144 = DIRECTION('',(9.806923828219E-02,0.995179594095,0.));
#3145 = ORIENTED_EDGE('',*,*,#3108,.F.);
#3146 = PLANE('',#3147);
#3147 = AXIS2_PLACEMENT_3D('',#3148,#3149,#3150);
#3148 = CARTESIAN_POINT('',(12.,-8.,2.5));
#3149 = DIRECTION('',(-0.995179594095,9.806923828219E-02,0.));
#3150 = DIRECTION('',(9.806923828219E-02,0.995179594095,0.));
#3151 = ADVANCED_FACE('',(#3152),#3202,.T.);
#3152 = FACE_BOUND('',#3153,.F.);
#3153 = EDGE_LOOP('',(#3154,#3164,#3170,#3171,#3172,#3180,#3188,#3196));
#3154 = ORIENTED_EDGE('',*,*,#3155,.F.);
#3155 = EDGE_CURVE('',#3156,#3158,#3160,.T.);
#3156 = VERTEX_POINT('',#3157);
#3157 = CARTESIAN_POINT('',(12.,20.063508326896,10.));
#3158 = VERTEX_POINT('',#3159);
#3159 = CARTESIAN_POINT('',(12.,20.063508326896,5.9));
#3160 = LINE('',#3161,#3162);
#3161 = CARTESIAN_POINT('',(12.,20.063508326896,4.9));
#3162 = VECTOR('',#3163,1.);
#3163 = DIRECTION('',(0.,0.,-1.));
#3164 = ORIENTED_EDGE('',*,*,#3165,.F.);
#3165 = EDGE_CURVE('',#3133,#3156,#3166,.T.);
#3166 = LINE('',#3167,#3168);
#3167 = CARTESIAN_POINT('',(12.,29.315080611007,10.));
#3168 = VECTOR('',#3169,1.);
#3169 = DIRECTION('',(0.,1.,0.));
#3170 = ORIENTED_EDGE('',*,*,#3132,.F.);
#3171 = ORIENTED_EDGE('',*,*,#1144,.F.);
#3172 = ORIENTED_EDGE('',*,*,#3173,.F.);
#3173 = EDGE_CURVE('',#3174,#1136,#3176,.T.);
#3174 = VERTEX_POINT('',#3175);
#3175 = CARTESIAN_POINT('',(12.,19.04196010845,4.9));
#3176 = LINE('',#3177,#3178);
#3177 = CARTESIAN_POINT('',(12.,19.04196010845,0.));
#3178 = VECTOR('',#3179,1.);
#3179 = DIRECTION('',(0.,0.,-1.));
#3180 = ORIENTED_EDGE('',*,*,#3181,.F.);
#3181 = EDGE_CURVE('',#3182,#3174,#3184,.T.);
#3182 = VERTEX_POINT('',#3183);
#3183 = CARTESIAN_POINT('',(12.,19.960392194563,4.9));
#3184 = LINE('',#3185,#3186);
#3185 = CARTESIAN_POINT('',(12.,34.05,4.9));
#3186 = VECTOR('',#3187,1.);
#3187 = DIRECTION('',(-0.,-1.,-0.));
#3188 = ORIENTED_EDGE('',*,*,#3189,.F.);
#3189 = EDGE_CURVE('',#3190,#3182,#3192,.T.);
#3190 = VERTEX_POINT('',#3191);
#3191 = CARTESIAN_POINT('',(12.,19.960392194563,5.9));
#3192 = LINE('',#3193,#3194);
#3193 = CARTESIAN_POINT('',(12.,19.960392194563,4.3));
#3194 = VECTOR('',#3195,1.);
#3195 = DIRECTION('',(0.,0.,-1.));
#3196 = ORIENTED_EDGE('',*,*,#3197,.F.);
#3197 = EDGE_CURVE('',#3158,#3190,#3198,.T.);
#3198 = LINE('',#3199,#3200);
#3199 = CARTESIAN_POINT('',(12.,34.05,5.9));
#3200 = VECTOR('',#3201,1.);
#3201 = DIRECTION('',(-0.,-1.,-0.));
#3202 = PLANE('',#3203);
#3203 = AXIS2_PLACEMENT_3D('',#3204,#3205,#3206);
#3204 = CARTESIAN_POINT('',(12.,46.1,2.5));
#3205 = DIRECTION('',(-1.,-0.,-0.));
#3206 = DIRECTION('',(0.,1.,0.));
#3207 = ADVANCED_FACE('',(#3208),#3265,.T.);
#3208 = FACE_BOUND('',#3209,.F.);
#3209 = EDGE_LOOP('',(#3210,#3211,#3219,#3227,#3235,#3243,#3251,#3259));
#3210 = ORIENTED_EDGE('',*,*,#1118,.F.);
#3211 = ORIENTED_EDGE('',*,*,#3212,.T.);
#3212 = EDGE_CURVE('',#1111,#3213,#3215,.T.);
#3213 = VERTEX_POINT('',#3214);
#3214 = CARTESIAN_POINT('',(12.,46.1,10.));
#3215 = LINE('',#3216,#3217);
#3216 = CARTESIAN_POINT('',(12.,46.1,2.5));
#3217 = VECTOR('',#3218,1.);
#3218 = DIRECTION('',(0.,0.,1.));
#3219 = ORIENTED_EDGE('',*,*,#3220,.F.);
#3220 = EDGE_CURVE('',#3221,#3213,#3223,.T.);
#3221 = VERTEX_POINT('',#3222);
#3222 = CARTESIAN_POINT('',(12.,23.936491673104,10.));
#3223 = LINE('',#3224,#3225);
#3224 = CARTESIAN_POINT('',(12.,29.315080611007,10.));
#3225 = VECTOR('',#3226,1.);
#3226 = DIRECTION('',(0.,1.,0.));
#3227 = ORIENTED_EDGE('',*,*,#3228,.T.);
#3228 = EDGE_CURVE('',#3221,#3229,#3231,.T.);
#3229 = VERTEX_POINT('',#3230);
#3230 = CARTESIAN_POINT('',(12.,23.936491673104,5.9));
#3231 = LINE('',#3232,#3233);
#3232 = CARTESIAN_POINT('',(12.,23.936491673104,4.9));
#3233 = VECTOR('',#3234,1.);
#3234 = DIRECTION('',(0.,0.,-1.));
#3235 = ORIENTED_EDGE('',*,*,#3236,.F.);
#3236 = EDGE_CURVE('',#3237,#3229,#3239,.T.);
#3237 = VERTEX_POINT('',#3238);
#3238 = CARTESIAN_POINT('',(12.,24.039607805437,5.9));
#3239 = LINE('',#3240,#3241);
#3240 = CARTESIAN_POINT('',(12.,34.05,5.9));
#3241 = VECTOR('',#3242,1.);
#3242 = DIRECTION('',(-0.,-1.,-0.));
#3243 = ORIENTED_EDGE('',*,*,#3244,.T.);
#3244 = EDGE_CURVE('',#3237,#3245,#3247,.T.);
#3245 = VERTEX_POINT('',#3246);
#3246 = CARTESIAN_POINT('',(12.,24.039607805437,4.9));
#3247 = LINE('',#3248,#3249);
#3248 = CARTESIAN_POINT('',(12.,24.039607805437,4.3));
#3249 = VECTOR('',#3250,1.);
#3250 = DIRECTION('',(0.,0.,-1.));
#3251 = ORIENTED_EDGE('',*,*,#3252,.F.);
#3252 = EDGE_CURVE('',#3253,#3245,#3255,.T.);
#3253 = VERTEX_POINT('',#3254);
#3254 = CARTESIAN_POINT('',(12.,24.95803989155,4.9));
#3255 = LINE('',#3256,#3257);
#3256 = CARTESIAN_POINT('',(12.,34.05,4.9));
#3257 = VECTOR('',#3258,1.);
#3258 = DIRECTION('',(-0.,-1.,-0.));
#3259 = ORIENTED_EDGE('',*,*,#3260,.T.);
#3260 = EDGE_CURVE('',#3253,#1119,#3261,.T.);
#3261 = LINE('',#3262,#3263);
#3262 = CARTESIAN_POINT('',(12.,24.95803989155,0.));
#3263 = VECTOR('',#3264,1.);
#3264 = DIRECTION('',(0.,0.,-1.));
#3265 = PLANE('',#3266);
#3266 = AXIS2_PLACEMENT_3D('',#3267,#3268,#3269);
#3267 = CARTESIAN_POINT('',(12.,46.1,2.5));
#3268 = DIRECTION('',(-1.,-0.,-0.));
#3269 = DIRECTION('',(0.,1.,0.));
#3270 = ADVANCED_FACE('',(#3271),#3289,.T.);
#3271 = FACE_BOUND('',#3272,.F.);
#3272 = EDGE_LOOP('',(#3273,#3274,#3282,#3288));
#3273 = ORIENTED_EDGE('',*,*,#1110,.F.);
#3274 = ORIENTED_EDGE('',*,*,#3275,.T.);
#3275 = EDGE_CURVE('',#1103,#3276,#3278,.T.);
#3276 = VERTEX_POINT('',#3277);
#3277 = CARTESIAN_POINT('',(11.9231,46.8804,10.));
#3278 = LINE('',#3279,#3280);
#3279 = CARTESIAN_POINT('',(11.9231,46.8804,2.5));
#3280 = VECTOR('',#3281,1.);
#3281 = DIRECTION('',(0.,0.,1.));
#3282 = ORIENTED_EDGE('',*,*,#3283,.F.);
#3283 = EDGE_CURVE('',#3213,#3276,#3284,.T.);
#3284 = LINE('',#3285,#3286);
#3285 = CARTESIAN_POINT('',(13.236180891131,33.55493410353,10.));
#3286 = VECTOR('',#3287,1.);
#3287 = DIRECTION('',(-9.80642600084E-02,0.995180084663,0.));
#3288 = ORIENTED_EDGE('',*,*,#3212,.F.);
#3289 = PLANE('',#3290);
#3290 = AXIS2_PLACEMENT_3D('',#3291,#3292,#3293);
#3291 = CARTESIAN_POINT('',(11.9231,46.8804,2.5));
#3292 = DIRECTION('',(-0.995180084663,-9.80642600084E-02,-0.));
#3293 = DIRECTION('',(-9.80642600084E-02,0.995180084663,0.));
#3294 = ADVANCED_FACE('',(#3295),#3313,.T.);
#3295 = FACE_BOUND('',#3296,.F.);
#3296 = EDGE_LOOP('',(#3297,#3298,#3306,#3312));
#3297 = ORIENTED_EDGE('',*,*,#1102,.F.);
#3298 = ORIENTED_EDGE('',*,*,#3299,.T.);
#3299 = EDGE_CURVE('',#1095,#3300,#3302,.T.);
#3300 = VERTEX_POINT('',#3301);
#3301 = CARTESIAN_POINT('',(11.6955,47.6307,10.));
#3302 = LINE('',#3303,#3304);
#3303 = CARTESIAN_POINT('',(11.6955,47.6307,2.5));
#3304 = VECTOR('',#3305,1.);
#3305 = DIRECTION('',(0.,0.,1.));
#3306 = ORIENTED_EDGE('',*,*,#3307,.F.);
#3307 = EDGE_CURVE('',#3276,#3300,#3308,.T.);
#3308 = LINE('',#3309,#3310);
#3309 = CARTESIAN_POINT('',(13.398940594214,42.01518384078,10.));
#3310 = VECTOR('',#3311,1.);
#3311 = DIRECTION('',(-0.290283489799,0.956940695942,0.));
#3312 = ORIENTED_EDGE('',*,*,#3275,.F.);
#3313 = PLANE('',#3314);
#3314 = AXIS2_PLACEMENT_3D('',#3315,#3316,#3317);
#3315 = CARTESIAN_POINT('',(11.6955,47.6307,2.5));
#3316 = DIRECTION('',(-0.956940695942,-0.290283489799,-0.));
#3317 = DIRECTION('',(-0.290283489799,0.956940695942,0.));
#3318 = ADVANCED_FACE('',(#3319),#3337,.T.);
#3319 = FACE_BOUND('',#3320,.F.);
#3320 = EDGE_LOOP('',(#3321,#3322,#3330,#3336));
#3321 = ORIENTED_EDGE('',*,*,#1094,.F.);
#3322 = ORIENTED_EDGE('',*,*,#3323,.T.);
#3323 = EDGE_CURVE('',#1087,#3324,#3326,.T.);
#3324 = VERTEX_POINT('',#3325);
#3325 = CARTESIAN_POINT('',(11.3259,48.3223,10.));
#3326 = LINE('',#3327,#3328);
#3327 = CARTESIAN_POINT('',(11.3259,48.3223,2.5));
#3328 = VECTOR('',#3329,1.);
#3329 = DIRECTION('',(0.,0.,1.));
#3330 = ORIENTED_EDGE('',*,*,#3331,.F.);
#3331 = EDGE_CURVE('',#3300,#3324,#3332,.T.);
#3332 = LINE('',#3333,#3334);
#3333 = CARTESIAN_POINT('',(10.444358424936,49.971851280612,10.));
#3334 = VECTOR('',#3335,1.);
#3335 = DIRECTION('',(-0.471329386267,0.881957260666,0.));
#3336 = ORIENTED_EDGE('',*,*,#3299,.F.);
#3337 = PLANE('',#3338);
#3338 = AXIS2_PLACEMENT_3D('',#3339,#3340,#3341);
#3339 = CARTESIAN_POINT('',(11.3259,48.3223,2.5));
#3340 = DIRECTION('',(-0.881957260666,-0.471329386267,-0.));
#3341 = DIRECTION('',(-0.471329386267,0.881957260666,0.));
#3342 = ADVANCED_FACE('',(#3343),#3361,.T.);
#3343 = FACE_BOUND('',#3344,.F.);
#3344 = EDGE_LOOP('',(#3345,#3346,#3354,#3360));
#3345 = ORIENTED_EDGE('',*,*,#1086,.F.);
#3346 = ORIENTED_EDGE('',*,*,#3347,.T.);
#3347 = EDGE_CURVE('',#1079,#3348,#3350,.T.);
#3348 = VERTEX_POINT('',#3349);
#3349 = CARTESIAN_POINT('',(10.8284,48.9284,10.));
#3350 = LINE('',#3351,#3352);
#3351 = CARTESIAN_POINT('',(10.8284,48.9284,2.5));
#3352 = VECTOR('',#3353,1.);
#3353 = DIRECTION('',(0.,0.,1.));
#3354 = ORIENTED_EDGE('',*,*,#3355,.F.);
#3355 = EDGE_CURVE('',#3324,#3348,#3356,.T.);
#3356 = LINE('',#3357,#3358);
#3357 = CARTESIAN_POINT('',(4.776248007229,56.301685070992,10.));
#3358 = VECTOR('',#3359,1.);
#3359 = DIRECTION('',(-0.634459263544,0.772956300772,0.));
#3360 = ORIENTED_EDGE('',*,*,#3323,.F.);
#3361 = PLANE('',#3362);
#3362 = AXIS2_PLACEMENT_3D('',#3363,#3364,#3365);
#3363 = CARTESIAN_POINT('',(10.8284,48.9284,2.5));
#3364 = DIRECTION('',(-0.772956300772,-0.634459263544,-0.));
#3365 = DIRECTION('',(-0.634459263544,0.772956300772,0.));
#3366 = ADVANCED_FACE('',(#3367),#3385,.T.);
#3367 = FACE_BOUND('',#3368,.F.);
#3368 = EDGE_LOOP('',(#3369,#3370,#3378,#3384));
#3369 = ORIENTED_EDGE('',*,*,#1078,.F.);
#3370 = ORIENTED_EDGE('',*,*,#3371,.T.);
#3371 = EDGE_CURVE('',#1071,#3372,#3374,.T.);
#3372 = VERTEX_POINT('',#3373);
#3373 = CARTESIAN_POINT('',(10.2223,49.4259,10.));
#3374 = LINE('',#3375,#3376);
#3375 = CARTESIAN_POINT('',(10.2223,49.4259,2.5));
#3376 = VECTOR('',#3377,1.);
#3377 = DIRECTION('',(0.,0.,1.));
#3378 = ORIENTED_EDGE('',*,*,#3379,.F.);
#3379 = EDGE_CURVE('',#3348,#3372,#3380,.T.);
#3380 = LINE('',#3381,#3382);
#3381 = CARTESIAN_POINT('',(-2.779257629143,60.097859941426,10.));
#3382 = VECTOR('',#3383,1.);
#3383 = DIRECTION('',(-0.772956300772,0.634459263544,0.));
#3384 = ORIENTED_EDGE('',*,*,#3347,.F.);
#3385 = PLANE('',#3386);
#3386 = AXIS2_PLACEMENT_3D('',#3387,#3388,#3389);
#3387 = CARTESIAN_POINT('',(10.2223,49.4259,2.5));
#3388 = DIRECTION('',(-0.634459263544,-0.772956300772,-0.));
#3389 = DIRECTION('',(-0.772956300772,0.634459263544,0.));
#3390 = ADVANCED_FACE('',(#3391),#3409,.T.);
#3391 = FACE_BOUND('',#3392,.F.);
#3392 = EDGE_LOOP('',(#3393,#3394,#3402,#3408));
#3393 = ORIENTED_EDGE('',*,*,#1070,.F.);
#3394 = ORIENTED_EDGE('',*,*,#3395,.T.);
#3395 = EDGE_CURVE('',#1063,#3396,#3398,.T.);
#3396 = VERTEX_POINT('',#3397);
#3397 = CARTESIAN_POINT('',(9.53073,49.7955,10.));
#3398 = LINE('',#3399,#3400);
#3399 = CARTESIAN_POINT('',(9.53073,49.7955,2.5));
#3400 = VECTOR('',#3401,1.);
#3401 = DIRECTION('',(0.,0.,1.));
#3402 = ORIENTED_EDGE('',*,*,#3403,.F.);
#3403 = EDGE_CURVE('',#3372,#3396,#3404,.T.);
#3404 = LINE('',#3405,#3406);
#3405 = CARTESIAN_POINT('',(-11.15963413124,60.853178301413,10.));
#3406 = VECTOR('',#3407,1.);
#3407 = DIRECTION('',(-0.881948761333,0.471345289976,0.));
#3408 = ORIENTED_EDGE('',*,*,#3371,.F.);
#3409 = PLANE('',#3410);
#3410 = AXIS2_PLACEMENT_3D('',#3411,#3412,#3413);
#3411 = CARTESIAN_POINT('',(9.53073,49.7955,2.5));
#3412 = DIRECTION('',(-0.471345289976,-0.881948761333,-0.));
#3413 = DIRECTION('',(-0.881948761333,0.471345289976,0.));
#3414 = ADVANCED_FACE('',(#3415),#3433,.T.);
#3415 = FACE_BOUND('',#3416,.F.);
#3416 = EDGE_LOOP('',(#3417,#3418,#3426,#3432));
#3417 = ORIENTED_EDGE('',*,*,#1062,.F.);
#3418 = ORIENTED_EDGE('',*,*,#3419,.T.);
#3419 = EDGE_CURVE('',#1055,#3420,#3422,.T.);
#3420 = VERTEX_POINT('',#3421);
#3421 = CARTESIAN_POINT('',(8.78036,50.0231,10.));
#3422 = LINE('',#3423,#3424);
#3423 = CARTESIAN_POINT('',(8.78036,50.0231,2.5));
#3424 = VECTOR('',#3425,1.);
#3425 = DIRECTION('',(0.,0.,1.));
#3426 = ORIENTED_EDGE('',*,*,#3427,.F.);
#3427 = EDGE_CURVE('',#3396,#3420,#3428,.T.);
#3428 = LINE('',#3429,#3430);
#3429 = CARTESIAN_POINT('',(-19.14694436868,58.493927024418,10.));
#3430 = VECTOR('',#3431,1.);
#3431 = DIRECTION('',(-0.956948218008,0.290258691604,0.));
#3432 = ORIENTED_EDGE('',*,*,#3395,.F.);
#3433 = PLANE('',#3434);
#3434 = AXIS2_PLACEMENT_3D('',#3435,#3436,#3437);
#3435 = CARTESIAN_POINT('',(8.78036,50.0231,2.5));
#3436 = DIRECTION('',(-0.290258691604,-0.956948218008,-0.));
#3437 = DIRECTION('',(-0.956948218008,0.290258691604,0.));
#3438 = ADVANCED_FACE('',(#3439),#3457,.T.);
#3439 = FACE_BOUND('',#3440,.F.);
#3440 = EDGE_LOOP('',(#3441,#3442,#3450,#3456));
#3441 = ORIENTED_EDGE('',*,*,#1054,.F.);
#3442 = ORIENTED_EDGE('',*,*,#3443,.T.);
#3443 = EDGE_CURVE('',#1047,#3444,#3446,.T.);
#3444 = VERTEX_POINT('',#3445);
#3445 = CARTESIAN_POINT('',(8.,50.1,10.));
#3446 = LINE('',#3447,#3448);
#3447 = CARTESIAN_POINT('',(8.,50.1,2.5));
#3448 = VECTOR('',#3449,1.);
#3449 = DIRECTION('',(0.,0.,1.));
#3450 = ORIENTED_EDGE('',*,*,#3451,.F.);
#3451 = EDGE_CURVE('',#3420,#3444,#3452,.T.);
#3452 = LINE('',#3453,#3454);
#3453 = CARTESIAN_POINT('',(-25.61501344036,53.412566678922,10.));
#3454 = VECTOR('',#3455,1.);
#3455 = DIRECTION('',(-0.995179594095,9.80692382822E-02,0.));
#3456 = ORIENTED_EDGE('',*,*,#3419,.F.);
#3457 = PLANE('',#3458);
#3458 = AXIS2_PLACEMENT_3D('',#3459,#3460,#3461);
#3459 = CARTESIAN_POINT('',(8.,50.1,2.5));
#3460 = DIRECTION('',(-9.80692382822E-02,-0.995179594095,-0.));
#3461 = DIRECTION('',(-0.995179594095,9.80692382822E-02,0.));
#3462 = ADVANCED_FACE('',(#3463),#3481,.T.);
#3463 = FACE_BOUND('',#3464,.F.);
#3464 = EDGE_LOOP('',(#3465,#3466,#3474,#3480));
#3465 = ORIENTED_EDGE('',*,*,#1046,.F.);
#3466 = ORIENTED_EDGE('',*,*,#3467,.T.);
#3467 = EDGE_CURVE('',#1039,#3468,#3470,.T.);
#3468 = VERTEX_POINT('',#3469);
#3469 = CARTESIAN_POINT('',(1.14651,50.1,10.));
#3470 = LINE('',#3471,#3472);
#3471 = CARTESIAN_POINT('',(1.14651,50.1,2.5));
#3472 = VECTOR('',#3473,1.);
#3473 = DIRECTION('',(0.,0.,1.));
#3474 = ORIENTED_EDGE('',*,*,#3475,.F.);
#3475 = EDGE_CURVE('',#3444,#3468,#3476,.T.);
#3476 = LINE('',#3477,#3478);
#3477 = CARTESIAN_POINT('',(-31.21933888864,50.1,10.));
#3478 = VECTOR('',#3479,1.);
#3479 = DIRECTION('',(-1.,-0.,-0.));
#3480 = ORIENTED_EDGE('',*,*,#3443,.F.);
#3481 = PLANE('',#3482);
#3482 = AXIS2_PLACEMENT_3D('',#3483,#3484,#3485);
#3483 = CARTESIAN_POINT('',(1.14651,50.1,2.5));
#3484 = DIRECTION('',(-0.,-1.,-0.));
#3485 = DIRECTION('',(-1.,0.,0.));
#3486 = ADVANCED_FACE('',(#3487),#3505,.T.);
#3487 = FACE_BOUND('',#3488,.F.);
#3488 = EDGE_LOOP('',(#3489,#3490,#3498,#3504));
#3489 = ORIENTED_EDGE('',*,*,#1038,.F.);
#3490 = ORIENTED_EDGE('',*,*,#3491,.T.);
#3491 = EDGE_CURVE('',#1031,#3492,#3494,.T.);
#3492 = VERTEX_POINT('',#3493);
#3493 = CARTESIAN_POINT('',(-0.606947,50.2727,10.));
#3494 = LINE('',#3495,#3496);
#3495 = CARTESIAN_POINT('',(-0.606947,50.2727,2.5));
#3496 = VECTOR('',#3497,1.);
#3497 = DIRECTION('',(0.,0.,1.));
#3498 = ORIENTED_EDGE('',*,*,#3499,.F.);
#3499 = EDGE_CURVE('',#3468,#3492,#3500,.T.);
#3500 = LINE('',#3501,#3502);
#3501 = CARTESIAN_POINT('',(-29.95274520403,53.16300147294,10.));
#3502 = VECTOR('',#3503,1.);
#3503 = DIRECTION('',(-0.995184751068,9.801689263519E-02,0.));
#3504 = ORIENTED_EDGE('',*,*,#3467,.F.);
#3505 = PLANE('',#3506);
#3506 = AXIS2_PLACEMENT_3D('',#3507,#3508,#3509);
#3507 = CARTESIAN_POINT('',(-0.606947,50.2727,2.5));
#3508 = DIRECTION('',(-9.801689263519E-02,-0.995184751068,-0.));
#3509 = DIRECTION('',(-0.995184751068,9.801689263519E-02,0.));
#3510 = ADVANCED_FACE('',(#3511),#3529,.T.);
#3511 = FACE_BOUND('',#3512,.F.);
#3512 = EDGE_LOOP('',(#3513,#3514,#3522,#3528));
#3513 = ORIENTED_EDGE('',*,*,#1030,.F.);
#3514 = ORIENTED_EDGE('',*,*,#3515,.T.);
#3515 = EDGE_CURVE('',#1023,#3516,#3518,.T.);
#3516 = VERTEX_POINT('',#3517);
#3517 = CARTESIAN_POINT('',(-2.10406,50.7268,10.));
#3518 = LINE('',#3519,#3520);
#3519 = CARTESIAN_POINT('',(-2.10406,50.7268,2.5));
#3520 = VECTOR('',#3521,1.);
#3521 = DIRECTION('',(0.,0.,1.));
#3522 = ORIENTED_EDGE('',*,*,#3523,.F.);
#3523 = EDGE_CURVE('',#3492,#3516,#3524,.T.);
#3524 = LINE('',#3525,#3526);
#3525 = CARTESIAN_POINT('',(-24.94992776211,57.656342760484,10.));
#3526 = VECTOR('',#3527,1.);
#3527 = DIRECTION('',(-0.956948194773,0.290258768207,0.));
#3528 = ORIENTED_EDGE('',*,*,#3491,.F.);
#3529 = PLANE('',#3530);
#3530 = AXIS2_PLACEMENT_3D('',#3531,#3532,#3533);
#3531 = CARTESIAN_POINT('',(-2.10406,50.7268,2.5));
#3532 = DIRECTION('',(-0.290258768207,-0.956948194773,-0.));
#3533 = DIRECTION('',(-0.956948194773,0.290258768207,0.));
#3534 = ADVANCED_FACE('',(#3535),#3553,.T.);
#3535 = FACE_BOUND('',#3536,.F.);
#3536 = EDGE_LOOP('',(#3537,#3538,#3546,#3552));
#3537 = ORIENTED_EDGE('',*,*,#1022,.F.);
#3538 = ORIENTED_EDGE('',*,*,#3539,.T.);
#3539 = EDGE_CURVE('',#1015,#3540,#3542,.T.);
#3540 = VERTEX_POINT('',#3541);
#3541 = CARTESIAN_POINT('',(-3.48381,51.4643,10.));
#3542 = LINE('',#3543,#3544);
#3543 = CARTESIAN_POINT('',(-3.48381,51.4643,2.5));
#3544 = VECTOR('',#3545,1.);
#3545 = DIRECTION('',(0.,0.,1.));
#3546 = ORIENTED_EDGE('',*,*,#3547,.F.);
#3547 = EDGE_CURVE('',#3516,#3540,#3548,.T.);
#3548 = LINE('',#3549,#3550);
#3549 = CARTESIAN_POINT('',(-18.76348353446,59.631547132937,10.));
#3550 = VECTOR('',#3551,1.);
#3551 = DIRECTION('',(-0.881919069342,0.47140084337,0.));
#3552 = ORIENTED_EDGE('',*,*,#3515,.F.);
#3553 = PLANE('',#3554);
#3554 = AXIS2_PLACEMENT_3D('',#3555,#3556,#3557);
#3555 = CARTESIAN_POINT('',(-3.48381,51.4643,2.5));
#3556 = DIRECTION('',(-0.47140084337,-0.881919069342,-0.));
#3557 = DIRECTION('',(-0.881919069342,0.47140084337,0.));
#3558 = ADVANCED_FACE('',(#3559),#3577,.T.);
#3559 = FACE_BOUND('',#3560,.F.);
#3560 = EDGE_LOOP('',(#3561,#3562,#3570,#3576));
#3561 = ORIENTED_EDGE('',*,*,#1014,.F.);
#3562 = ORIENTED_EDGE('',*,*,#3563,.T.);
#3563 = EDGE_CURVE('',#1007,#3564,#3566,.T.);
#3564 = VERTEX_POINT('',#3565);
#3565 = CARTESIAN_POINT('',(-4.69317,52.4568,10.));
#3566 = LINE('',#3567,#3568);
#3567 = CARTESIAN_POINT('',(-4.69317,52.4568,2.5));
#3568 = VECTOR('',#3569,1.);
#3569 = DIRECTION('',(0.,0.,1.));
#3570 = ORIENTED_EDGE('',*,*,#3571,.F.);
#3571 = EDGE_CURVE('',#3540,#3564,#3572,.T.);
#3572 = LINE('',#3573,#3574);
#3573 = CARTESIAN_POINT('',(-12.49856210343,58.862544908597,10.));
#3574 = VECTOR('',#3575,1.);
#3575 = DIRECTION('',(-0.773009231669,0.634394772799,0.));
#3576 = ORIENTED_EDGE('',*,*,#3539,.F.);
#3577 = PLANE('',#3578);
#3578 = AXIS2_PLACEMENT_3D('',#3579,#3580,#3581);
#3579 = CARTESIAN_POINT('',(-4.69317,52.4568,2.5));
#3580 = DIRECTION('',(-0.634394772799,-0.773009231669,-0.));
#3581 = DIRECTION('',(-0.773009231669,0.634394772799,0.));
#3582 = ADVANCED_FACE('',(#3583),#3601,.T.);
#3583 = FACE_BOUND('',#3584,.F.);
#3584 = EDGE_LOOP('',(#3585,#3586,#3594,#3600));
#3585 = ORIENTED_EDGE('',*,*,#1006,.F.);
#3586 = ORIENTED_EDGE('',*,*,#3587,.T.);
#3587 = EDGE_CURVE('',#999,#3588,#3590,.T.);
#3588 = VERTEX_POINT('',#3589);
#3589 = CARTESIAN_POINT('',(-5.68566,53.6662,10.));
#3590 = LINE('',#3591,#3592);
#3591 = CARTESIAN_POINT('',(-5.68566,53.6662,2.5));
#3592 = VECTOR('',#3593,1.);
#3593 = DIRECTION('',(0.,0.,1.));
#3594 = ORIENTED_EDGE('',*,*,#3595,.F.);
#3595 = EDGE_CURVE('',#3564,#3588,#3596,.T.);
#3596 = LINE('',#3597,#3598);
#3597 = CARTESIAN_POINT('',(-7.249758280738,55.572134025254,10.));
#3598 = VECTOR('',#3599,1.);
#3599 = DIRECTION('',(-0.634378415338,0.773022655653,0.));
#3600 = ORIENTED_EDGE('',*,*,#3563,.F.);
#3601 = PLANE('',#3602);
#3602 = AXIS2_PLACEMENT_3D('',#3603,#3604,#3605);
#3603 = CARTESIAN_POINT('',(-5.68566,53.6662,2.5));
#3604 = DIRECTION('',(-0.773022655653,-0.634378415338,-0.));
#3605 = DIRECTION('',(-0.634378415338,0.773022655653,0.));
#3606 = ADVANCED_FACE('',(#3607),#3625,.T.);
#3607 = FACE_BOUND('',#3608,.F.);
#3608 = EDGE_LOOP('',(#3609,#3610,#3618,#3624));
#3609 = ORIENTED_EDGE('',*,*,#998,.F.);
#3610 = ORIENTED_EDGE('',*,*,#3611,.T.);
#3611 = EDGE_CURVE('',#991,#3612,#3614,.T.);
#3612 = VERTEX_POINT('',#3613);
#3613 = CARTESIAN_POINT('',(-6.42316,55.0459,10.));
#3614 = LINE('',#3615,#3616);
#3615 = CARTESIAN_POINT('',(-6.42316,55.0459,2.5));
#3616 = VECTOR('',#3617,1.);
#3617 = DIRECTION('',(0.,0.,1.));
#3618 = ORIENTED_EDGE('',*,*,#3619,.F.);
#3619 = EDGE_CURVE('',#3588,#3612,#3620,.T.);
#3620 = LINE('',#3621,#3622);
#3621 = CARTESIAN_POINT('',(-3.936886237236,50.394629612901,10.));
#3622 = VECTOR('',#3623,1.);
#3623 = DIRECTION('',(-0.4714141304,0.881911967069,0.));
#3624 = ORIENTED_EDGE('',*,*,#3587,.F.);
#3625 = PLANE('',#3626);
#3626 = AXIS2_PLACEMENT_3D('',#3627,#3628,#3629);
#3627 = CARTESIAN_POINT('',(-6.42316,55.0459,2.5));
#3628 = DIRECTION('',(-0.881911967069,-0.4714141304,-0.));
#3629 = DIRECTION('',(-0.4714141304,0.881911967069,0.));
#3630 = ADVANCED_FACE('',(#3631),#3649,.T.);
#3631 = FACE_BOUND('',#3632,.F.);
#3632 = EDGE_LOOP('',(#3633,#3634,#3642,#3648));
#3633 = ORIENTED_EDGE('',*,*,#990,.F.);
#3634 = ORIENTED_EDGE('',*,*,#3635,.T.);
#3635 = EDGE_CURVE('',#983,#3636,#3638,.T.);
#3636 = VERTEX_POINT('',#3637);
#3637 = CARTESIAN_POINT('',(-6.88227,56.5594,10.));
#3638 = LINE('',#3639,#3640);
#3639 = CARTESIAN_POINT('',(-6.88227,56.5594,2.5));
#3640 = VECTOR('',#3641,1.);
#3641 = DIRECTION('',(0.,0.,1.));
#3642 = ORIENTED_EDGE('',*,*,#3643,.F.);
#3643 = EDGE_CURVE('',#3612,#3636,#3644,.T.);
#3644 = LINE('',#3645,#3646);
#3645 = CARTESIAN_POINT('',(-3.155985609479,44.275347321874,10.));
#3646 = VECTOR('',#3647,1.);
#3647 = DIRECTION('',(-0.290281663229,0.956941250022,0.));
#3648 = ORIENTED_EDGE('',*,*,#3611,.F.);
#3649 = PLANE('',#3650);
#3650 = AXIS2_PLACEMENT_3D('',#3651,#3652,#3653);
#3651 = CARTESIAN_POINT('',(-6.88227,56.5594,2.5));
#3652 = DIRECTION('',(-0.956941250022,-0.290281663229,-0.));
#3653 = DIRECTION('',(-0.290281663229,0.956941250022,0.));
#3654 = ADVANCED_FACE('',(#3655),#3673,.T.);
#3655 = FACE_BOUND('',#3656,.F.);
#3656 = EDGE_LOOP('',(#3657,#3658,#3666,#3672));
#3657 = ORIENTED_EDGE('',*,*,#982,.F.);
#3658 = ORIENTED_EDGE('',*,*,#3659,.T.);
#3659 = EDGE_CURVE('',#975,#3660,#3662,.T.);
#3660 = VERTEX_POINT('',#3661);
#3661 = CARTESIAN_POINT('',(-6.92988,56.8804,10.));
#3662 = LINE('',#3663,#3664);
#3663 = CARTESIAN_POINT('',(-6.92988,56.8804,2.5));
#3664 = VECTOR('',#3665,1.);
#3665 = DIRECTION('',(0.,0.,1.));
#3666 = ORIENTED_EDGE('',*,*,#3667,.F.);
#3667 = EDGE_CURVE('',#3636,#3660,#3668,.T.);
#3668 = LINE('',#3669,#3670);
#3669 = CARTESIAN_POINT('',(-4.321452800913,39.293650768599,10.));
#3670 = VECTOR('',#3671,1.);
#3671 = DIRECTION('',(-0.146712829426,0.989179127197,0.));
#3672 = ORIENTED_EDGE('',*,*,#3635,.F.);
#3673 = PLANE('',#3674);
#3674 = AXIS2_PLACEMENT_3D('',#3675,#3676,#3677);
#3675 = CARTESIAN_POINT('',(-6.92988,56.8804,2.5));
#3676 = DIRECTION('',(-0.989179127197,-0.146712829426,-0.));
#3677 = DIRECTION('',(-0.146712829426,0.989179127197,0.));
#3678 = ADVANCED_FACE('',(#3679),#3697,.T.);
#3679 = FACE_BOUND('',#3680,.F.);
#3680 = EDGE_LOOP('',(#3681,#3682,#3690,#3696));
#3681 = ORIENTED_EDGE('',*,*,#974,.F.);
#3682 = ORIENTED_EDGE('',*,*,#3683,.T.);
#3683 = EDGE_CURVE('',#967,#3684,#3686,.T.);
#3684 = VERTEX_POINT('',#3685);
#3685 = CARTESIAN_POINT('',(-7.1575,57.6307,10.));
#3686 = LINE('',#3687,#3688);
#3687 = CARTESIAN_POINT('',(-7.1575,57.6307,2.5));
#3688 = VECTOR('',#3689,1.);
#3689 = DIRECTION('',(0.,0.,1.));
#3690 = ORIENTED_EDGE('',*,*,#3691,.F.);
#3691 = EDGE_CURVE('',#3660,#3684,#3692,.T.);
#3692 = LINE('',#3693,#3694);
#3693 = CARTESIAN_POINT('',(-3.270744588131,44.818853125712,10.));
#3694 = VECTOR('',#3695,1.);
#3695 = DIRECTION('',(-0.290306848318,0.956933609933,0.));
#3696 = ORIENTED_EDGE('',*,*,#3659,.F.);
#3697 = PLANE('',#3698);
#3698 = AXIS2_PLACEMENT_3D('',#3699,#3700,#3701);
#3699 = CARTESIAN_POINT('',(-7.1575,57.6307,2.5));
#3700 = DIRECTION('',(-0.956933609933,-0.290306848318,-0.));
#3701 = DIRECTION('',(-0.290306848318,0.956933609933,0.));
#3702 = ADVANCED_FACE('',(#3703),#3721,.T.);
#3703 = FACE_BOUND('',#3704,.F.);
#3704 = EDGE_LOOP('',(#3705,#3706,#3714,#3720));
#3705 = ORIENTED_EDGE('',*,*,#966,.F.);
#3706 = ORIENTED_EDGE('',*,*,#3707,.T.);
#3707 = EDGE_CURVE('',#959,#3708,#3710,.T.);
#3708 = VERTEX_POINT('',#3709);
#3709 = CARTESIAN_POINT('',(-7.52714,58.3223,10.));
#3710 = LINE('',#3711,#3712);
#3711 = CARTESIAN_POINT('',(-7.52714,58.3223,2.5));
#3712 = VECTOR('',#3713,1.);
#3713 = DIRECTION('',(0.,0.,1.));
#3714 = ORIENTED_EDGE('',*,*,#3715,.F.);
#3715 = EDGE_CURVE('',#3684,#3708,#3716,.T.);
#3716 = LINE('',#3717,#3718);
#3717 = CARTESIAN_POINT('',(-4.236581197219,52.165632788651,10.));
#3718 = VECTOR('',#3719,1.);
#3719 = DIRECTION('',(-0.47136906264,0.881936055951,0.));
#3720 = ORIENTED_EDGE('',*,*,#3683,.F.);
#3721 = PLANE('',#3722);
#3722 = AXIS2_PLACEMENT_3D('',#3723,#3724,#3725);
#3723 = CARTESIAN_POINT('',(-7.52714,58.3223,2.5));
#3724 = DIRECTION('',(-0.881936055951,-0.47136906264,-0.));
#3725 = DIRECTION('',(-0.47136906264,0.881936055951,0.));
#3726 = ADVANCED_FACE('',(#3727),#3745,.T.);
#3727 = FACE_BOUND('',#3728,.F.);
#3728 = EDGE_LOOP('',(#3729,#3730,#3738,#3744));
#3729 = ORIENTED_EDGE('',*,*,#958,.F.);
#3730 = ORIENTED_EDGE('',*,*,#3731,.T.);
#3731 = EDGE_CURVE('',#951,#3732,#3734,.T.);
#3732 = VERTEX_POINT('',#3733);
#3733 = CARTESIAN_POINT('',(-8.02459,58.9284,10.));
#3734 = LINE('',#3735,#3736);
#3735 = CARTESIAN_POINT('',(-8.02459,58.9284,2.5));
#3736 = VECTOR('',#3737,1.);
#3737 = DIRECTION('',(0.,0.,1.));
#3738 = ORIENTED_EDGE('',*,*,#3739,.F.);
#3739 = EDGE_CURVE('',#3708,#3732,#3740,.T.);
#3740 = LINE('',#3741,#3742);
#3741 = CARTESIAN_POINT('',(-7.82904781863,58.690148686042,10.));
#3742 = VECTOR('',#3743,1.);
#3743 = DIRECTION('',(-0.634421164253,0.772987571924,0.));
#3744 = ORIENTED_EDGE('',*,*,#3707,.F.);
#3745 = PLANE('',#3746);
#3746 = AXIS2_PLACEMENT_3D('',#3747,#3748,#3749);
#3747 = CARTESIAN_POINT('',(-8.02459,58.9284,2.5));
#3748 = DIRECTION('',(-0.772987571924,-0.634421164253,-0.));
#3749 = DIRECTION('',(-0.634421164253,0.772987571924,0.));
#3750 = ADVANCED_FACE('',(#3751),#3769,.T.);
#3751 = FACE_BOUND('',#3752,.F.);
#3752 = EDGE_LOOP('',(#3753,#3754,#3762,#3768));
#3753 = ORIENTED_EDGE('',*,*,#950,.F.);
#3754 = ORIENTED_EDGE('',*,*,#3755,.T.);
#3755 = EDGE_CURVE('',#943,#3756,#3758,.T.);
#3756 = VERTEX_POINT('',#3757);
#3757 = CARTESIAN_POINT('',(-8.63074,59.4259,10.));
#3758 = LINE('',#3759,#3760);
#3759 = CARTESIAN_POINT('',(-8.63074,59.4259,2.5));
#3760 = VECTOR('',#3761,1.);
#3761 = DIRECTION('',(0.,0.,1.));
#3762 = ORIENTED_EDGE('',*,*,#3763,.F.);
#3763 = EDGE_CURVE('',#3732,#3756,#3764,.T.);
#3764 = LINE('',#3765,#3766);
#3765 = CARTESIAN_POINT('',(-13.54954413336,63.463027866613,10.));
#3766 = VECTOR('',#3767,1.);
#3767 = DIRECTION('',(-0.772981966645,0.634427993741,0.));
#3768 = ORIENTED_EDGE('',*,*,#3731,.F.);
#3769 = PLANE('',#3770);
#3770 = AXIS2_PLACEMENT_3D('',#3771,#3772,#3773);
#3771 = CARTESIAN_POINT('',(-8.63074,59.4259,2.5));
#3772 = DIRECTION('',(-0.634427993741,-0.772981966645,-0.));
#3773 = DIRECTION('',(-0.772981966645,0.634427993741,0.));
#3774 = ADVANCED_FACE('',(#3775),#3793,.T.);
#3775 = FACE_BOUND('',#3776,.F.);
#3776 = EDGE_LOOP('',(#3777,#3778,#3786,#3792));
#3777 = ORIENTED_EDGE('',*,*,#942,.F.);
#3778 = ORIENTED_EDGE('',*,*,#3779,.T.);
#3779 = EDGE_CURVE('',#935,#3780,#3782,.T.);
#3780 = VERTEX_POINT('',#3781);
#3781 = CARTESIAN_POINT('',(-9.32228,59.7955,10.));
#3782 = LINE('',#3783,#3784);
#3783 = CARTESIAN_POINT('',(-9.32228,59.7955,2.5));
#3784 = VECTOR('',#3785,1.);
#3785 = DIRECTION('',(0.,0.,1.));
#3786 = ORIENTED_EDGE('',*,*,#3787,.F.);
#3787 = EDGE_CURVE('',#3756,#3780,#3788,.T.);
#3788 = LINE('',#3789,#3790);
#3789 = CARTESIAN_POINT('',(-20.6012360707,65.823643221986,10.));
#3790 = VECTOR('',#3791,1.);
#3791 = DIRECTION('',(-0.88194026114,0.471361194605,0.));
#3792 = ORIENTED_EDGE('',*,*,#3755,.F.);
#3793 = PLANE('',#3794);
#3794 = AXIS2_PLACEMENT_3D('',#3795,#3796,#3797);
#3795 = CARTESIAN_POINT('',(-9.32228,59.7955,2.5));
#3796 = DIRECTION('',(-0.471361194605,-0.88194026114,-0.));
#3797 = DIRECTION('',(-0.88194026114,0.471361194605,0.));
#3798 = ADVANCED_FACE('',(#3799),#3817,.T.);
#3799 = FACE_BOUND('',#3800,.F.);
#3800 = EDGE_LOOP('',(#3801,#3802,#3810,#3816));
#3801 = ORIENTED_EDGE('',*,*,#934,.F.);
#3802 = ORIENTED_EDGE('',*,*,#3803,.T.);
#3803 = EDGE_CURVE('',#927,#3804,#3806,.T.);
#3804 = VERTEX_POINT('',#3805);
#3805 = CARTESIAN_POINT('',(-10.0727,60.0231,10.));
#3806 = LINE('',#3807,#3808);
#3807 = CARTESIAN_POINT('',(-10.0727,60.0231,2.5));
#3808 = VECTOR('',#3809,1.);
#3809 = DIRECTION('',(0.,0.,1.));
#3810 = ORIENTED_EDGE('',*,*,#3811,.F.);
#3811 = EDGE_CURVE('',#3780,#3804,#3812,.T.);
#3812 = LINE('',#3813,#3814);
#3813 = CARTESIAN_POINT('',(-27.97948836437,65.454171975336,10.));
#3814 = VECTOR('',#3815,1.);
#3815 = DIRECTION('',(-0.956953589732,0.290240981081,0.));
#3816 = ORIENTED_EDGE('',*,*,#3779,.F.);
#3817 = PLANE('',#3818);
#3818 = AXIS2_PLACEMENT_3D('',#3819,#3820,#3821);
#3819 = CARTESIAN_POINT('',(-10.0727,60.0231,2.5));
#3820 = DIRECTION('',(-0.290240981081,-0.956953589732,-0.));
#3821 = DIRECTION('',(-0.956953589732,0.290240981081,0.));
#3822 = ADVANCED_FACE('',(#3823),#3841,.T.);
#3823 = FACE_BOUND('',#3824,.F.);
#3824 = EDGE_LOOP('',(#3825,#3826,#3834,#3840));
#3825 = ORIENTED_EDGE('',*,*,#926,.F.);
#3826 = ORIENTED_EDGE('',*,*,#3827,.T.);
#3827 = EDGE_CURVE('',#919,#3828,#3830,.T.);
#3828 = VERTEX_POINT('',#3829);
#3829 = CARTESIAN_POINT('',(-10.853,60.1,10.));
#3830 = LINE('',#3831,#3832);
#3831 = CARTESIAN_POINT('',(-10.853,60.1,2.5));
#3832 = VECTOR('',#3833,1.);
#3833 = DIRECTION('',(0.,0.,1.));
#3834 = ORIENTED_EDGE('',*,*,#3835,.F.);
#3835 = EDGE_CURVE('',#3804,#3828,#3836,.T.);
#3836 = LINE('',#3837,#3838);
#3837 = CARTESIAN_POINT('',(-34.64397730765,62.444644566139,10.));
#3838 = VECTOR('',#3839,1.);
#3839 = DIRECTION('',(-0.995178858103,9.807670663608E-02,0.));
#3840 = ORIENTED_EDGE('',*,*,#3803,.F.);
#3841 = PLANE('',#3842);
#3842 = AXIS2_PLACEMENT_3D('',#3843,#3844,#3845);
#3843 = CARTESIAN_POINT('',(-10.853,60.1,2.5));
#3844 = DIRECTION('',(-9.807670663608E-02,-0.995178858103,-0.));
#3845 = DIRECTION('',(-0.995178858103,9.807670663608E-02,0.));
#3846 = ADVANCED_FACE('',(#3847),#3865,.T.);
#3847 = FACE_BOUND('',#3848,.F.);
#3848 = EDGE_LOOP('',(#3849,#3850,#3858,#3864));
#3849 = ORIENTED_EDGE('',*,*,#918,.F.);
#3850 = ORIENTED_EDGE('',*,*,#3851,.T.);
#3851 = EDGE_CURVE('',#911,#3852,#3854,.T.);
#3852 = VERTEX_POINT('',#3853);
#3853 = CARTESIAN_POINT('',(-18.1674,60.1,10.));
#3854 = LINE('',#3855,#3856);
#3855 = CARTESIAN_POINT('',(-18.1674,60.1,2.5));
#3856 = VECTOR('',#3857,1.);
#3857 = DIRECTION('',(0.,0.,1.));
#3858 = ORIENTED_EDGE('',*,*,#3859,.F.);
#3859 = EDGE_CURVE('',#3828,#3852,#3860,.T.);
#3860 = LINE('',#3861,#3862);
#3861 = CARTESIAN_POINT('',(-40.87629388864,60.1,10.));
#3862 = VECTOR('',#3863,1.);
#3863 = DIRECTION('',(-1.,-0.,-0.));
#3864 = ORIENTED_EDGE('',*,*,#3827,.F.);
#3865 = PLANE('',#3866);
#3866 = AXIS2_PLACEMENT_3D('',#3867,#3868,#3869);
#3867 = CARTESIAN_POINT('',(-18.1674,60.1,2.5));
#3868 = DIRECTION('',(-0.,-1.,-0.));
#3869 = DIRECTION('',(-1.,0.,0.));
#3870 = ADVANCED_FACE('',(#3871),#3889,.T.);
#3871 = FACE_BOUND('',#3872,.F.);
#3872 = EDGE_LOOP('',(#3873,#3874,#3882,#3888));
#3873 = ORIENTED_EDGE('',*,*,#910,.F.);
#3874 = ORIENTED_EDGE('',*,*,#3875,.T.);
#3875 = EDGE_CURVE('',#903,#3876,#3878,.T.);
#3876 = VERTEX_POINT('',#3877);
#3877 = CARTESIAN_POINT('',(-18.9509,60.1385,10.));
#3878 = LINE('',#3879,#3880);
#3879 = CARTESIAN_POINT('',(-18.9509,60.1385,2.5));
#3880 = VECTOR('',#3881,1.);
#3881 = DIRECTION('',(0.,0.,1.));
#3882 = ORIENTED_EDGE('',*,*,#3883,.F.);
#3883 = EDGE_CURVE('',#3852,#3876,#3884,.T.);
#3884 = LINE('',#3885,#3886);
#3885 = CARTESIAN_POINT('',(-40.04740374527,61.175150152129,10.));
#3886 = VECTOR('',#3887,1.);
#3887 = DIRECTION('',(-0.998794886786,4.907926374126E-02,0.));
#3888 = ORIENTED_EDGE('',*,*,#3851,.F.);
#3889 = PLANE('',#3890);
#3890 = AXIS2_PLACEMENT_3D('',#3891,#3892,#3893);
#3891 = CARTESIAN_POINT('',(-18.9509,60.1385,2.5));
#3892 = DIRECTION('',(-4.907926374126E-02,-0.998794886786,-0.));
#3893 = DIRECTION('',(-0.998794886786,4.907926374126E-02,0.));
#3894 = ADVANCED_FACE('',(#3895),#3913,.T.);
#3895 = FACE_BOUND('',#3896,.F.);
#3896 = EDGE_LOOP('',(#3897,#3898,#3906,#3912));
#3897 = ORIENTED_EDGE('',*,*,#902,.F.);
#3898 = ORIENTED_EDGE('',*,*,#3899,.T.);
#3899 = EDGE_CURVE('',#895,#3900,#3902,.T.);
#3900 = VERTEX_POINT('',#3901);
#3901 = CARTESIAN_POINT('',(-20.5823,60.463,10.));
#3902 = LINE('',#3903,#3904);
#3903 = CARTESIAN_POINT('',(-20.5823,60.463,2.5));
#3904 = VECTOR('',#3905,1.);
#3905 = DIRECTION('',(0.,0.,1.));
#3906 = ORIENTED_EDGE('',*,*,#3907,.F.);
#3907 = EDGE_CURVE('',#3876,#3900,#3908,.T.);
#3908 = LINE('',#3909,#3910);
#3909 = CARTESIAN_POINT('',(-36.6797190214,63.66492011306,10.));
#3910 = VECTOR('',#3911,1.);
#3911 = DIRECTION('',(-0.980785928742,0.19508706257,0.));
#3912 = ORIENTED_EDGE('',*,*,#3875,.F.);
#3913 = PLANE('',#3914);
#3914 = AXIS2_PLACEMENT_3D('',#3915,#3916,#3917);
#3915 = CARTESIAN_POINT('',(-20.5823,60.463,2.5));
#3916 = DIRECTION('',(-0.19508706257,-0.980785928742,-0.));
#3917 = DIRECTION('',(-0.980785928742,0.19508706257,0.));
#3918 = ADVANCED_FACE('',(#3919),#3937,.T.);
#3919 = FACE_BOUND('',#3920,.F.);
#3920 = EDGE_LOOP('',(#3921,#3922,#3930,#3936));
#3921 = ORIENTED_EDGE('',*,*,#894,.F.);
#3922 = ORIENTED_EDGE('',*,*,#3923,.T.);
#3923 = EDGE_CURVE('',#887,#3924,#3926,.T.);
#3924 = VERTEX_POINT('',#3925);
#3925 = CARTESIAN_POINT('',(-22.0277,61.0617,10.));
#3926 = LINE('',#3927,#3928);
#3927 = CARTESIAN_POINT('',(-22.0277,61.0617,2.5));
#3928 = VECTOR('',#3929,1.);
#3929 = DIRECTION('',(0.,0.,1.));
#3930 = ORIENTED_EDGE('',*,*,#3931,.F.);
#3931 = EDGE_CURVE('',#3900,#3924,#3932,.T.);
#3932 = LINE('',#3933,#3934);
#3933 = CARTESIAN_POINT('',(-31.18430281636,64.854461938672,10.));
#3934 = VECTOR('',#3935,1.);
#3935 = DIRECTION('',(-0.923880500421,0.382681095615,0.));
#3936 = ORIENTED_EDGE('',*,*,#3899,.F.);
#3937 = PLANE('',#3938);
#3938 = AXIS2_PLACEMENT_3D('',#3939,#3940,#3941);
#3939 = CARTESIAN_POINT('',(-22.0277,61.0617,2.5));
#3940 = DIRECTION('',(-0.382681095615,-0.923880500421,-0.));
#3941 = DIRECTION('',(-0.923880500421,0.382681095615,0.));
#3942 = ADVANCED_FACE('',(#3943),#3961,.T.);
#3943 = FACE_BOUND('',#3944,.F.);
#3944 = EDGE_LOOP('',(#3945,#3946,#3954,#3960));
#3945 = ORIENTED_EDGE('',*,*,#886,.F.);
#3946 = ORIENTED_EDGE('',*,*,#3947,.T.);
#3947 = EDGE_CURVE('',#879,#3948,#3950,.T.);
#3948 = VERTEX_POINT('',#3949);
#3949 = CARTESIAN_POINT('',(-23.3285,61.9309,10.));
#3950 = LINE('',#3951,#3952);
#3951 = CARTESIAN_POINT('',(-23.3285,61.9309,2.5));
#3952 = VECTOR('',#3953,1.);
#3953 = DIRECTION('',(0.,0.,1.));
#3954 = ORIENTED_EDGE('',*,*,#3955,.F.);
#3955 = EDGE_CURVE('',#3924,#3948,#3956,.T.);
#3956 = LINE('',#3957,#3958);
#3957 = CARTESIAN_POINT('',(-25.83348562634,63.604741871477,10.));
#3958 = VECTOR('',#3959,1.);
#3959 = DIRECTION('',(-0.831459801075,0.555584916278,0.));
#3960 = ORIENTED_EDGE('',*,*,#3923,.F.);
#3961 = PLANE('',#3962);
#3962 = AXIS2_PLACEMENT_3D('',#3963,#3964,#3965);
#3963 = CARTESIAN_POINT('',(-23.3285,61.9309,2.5));
#3964 = DIRECTION('',(-0.555584916278,-0.831459801075,-0.));
#3965 = DIRECTION('',(-0.831459801075,0.555584916278,0.));
#3966 = ADVANCED_FACE('',(#3967),#3985,.T.);
#3967 = FACE_BOUND('',#3968,.F.);
#3968 = EDGE_LOOP('',(#3969,#3970,#3978,#3984));
#3969 = ORIENTED_EDGE('',*,*,#878,.F.);
#3970 = ORIENTED_EDGE('',*,*,#3971,.T.);
#3971 = EDGE_CURVE('',#871,#3972,#3974,.T.);
#3972 = VERTEX_POINT('',#3973);
#3973 = CARTESIAN_POINT('',(-24.4348,63.0371,10.));
#3974 = LINE('',#3975,#3976);
#3975 = CARTESIAN_POINT('',(-24.4348,63.0371,2.5));
#3976 = VECTOR('',#3977,1.);
#3977 = DIRECTION('',(0.,0.,1.));
#3978 = ORIENTED_EDGE('',*,*,#3979,.F.);
#3979 = EDGE_CURVE('',#3948,#3972,#3980,.T.);
#3980 = LINE('',#3981,#3982);
#3981 = CARTESIAN_POINT('',(-21.59654705593,60.199103609581,10.));
#3982 = VECTOR('',#3983,1.);
#3983 = DIRECTION('',(-0.707138740093,0.707074820836,0.));
#3984 = ORIENTED_EDGE('',*,*,#3947,.F.);
#3985 = PLANE('',#3986);
#3986 = AXIS2_PLACEMENT_3D('',#3987,#3988,#3989);
#3987 = CARTESIAN_POINT('',(-24.4348,63.0371,2.5));
#3988 = DIRECTION('',(-0.707074820836,-0.707138740093,-0.));
#3989 = DIRECTION('',(-0.707138740093,0.707074820836,0.));
#3990 = ADVANCED_FACE('',(#3991),#4009,.T.);
#3991 = FACE_BOUND('',#3992,.F.);
#3992 = EDGE_LOOP('',(#3993,#3994,#4002,#4008));
#3993 = ORIENTED_EDGE('',*,*,#870,.F.);
#3994 = ORIENTED_EDGE('',*,*,#3995,.T.);
#3995 = EDGE_CURVE('',#863,#3996,#3998,.T.);
#3996 = VERTEX_POINT('',#3997);
#3997 = CARTESIAN_POINT('',(-25.4887,64.6144,10.));
#3998 = LINE('',#3999,#4000);
#3999 = CARTESIAN_POINT('',(-25.4887,64.6144,2.5));
#4000 = VECTOR('',#4001,1.);
#4001 = DIRECTION('',(0.,0.,1.));
#4002 = ORIENTED_EDGE('',*,*,#4003,.F.);
#4003 = EDGE_CURVE('',#3972,#3996,#4004,.T.);
#4004 = LINE('',#4005,#4006);
#4005 = CARTESIAN_POINT('',(-19.33814695677,55.409288210383,10.));
#4006 = VECTOR('',#4007,1.);
#4007 = DIRECTION('',(-0.555563612717,0.831474035809,0.));
#4008 = ORIENTED_EDGE('',*,*,#3971,.F.);
#4009 = PLANE('',#4010);
#4010 = AXIS2_PLACEMENT_3D('',#4011,#4012,#4013);
#4011 = CARTESIAN_POINT('',(-25.4887,64.6144,2.5));
#4012 = DIRECTION('',(-0.831474035809,-0.555563612717,-0.));
#4013 = DIRECTION('',(-0.555563612717,0.831474035809,0.));
#4014 = ADVANCED_FACE('',(#4015),#4033,.T.);
#4015 = FACE_BOUND('',#4016,.F.);
#4016 = EDGE_LOOP('',(#4017,#4018,#4026,#4032));
#4017 = ORIENTED_EDGE('',*,*,#862,.F.);
#4018 = ORIENTED_EDGE('',*,*,#4019,.T.);
#4019 = EDGE_CURVE('',#855,#4020,#4022,.T.);
#4020 = VERTEX_POINT('',#4021);
#4021 = CARTESIAN_POINT('',(-25.5463,64.7223,10.));
#4022 = LINE('',#4023,#4024);
#4023 = CARTESIAN_POINT('',(-25.5463,64.7223,2.5));
#4024 = VECTOR('',#4025,1.);
#4025 = DIRECTION('',(0.,0.,1.));
#4026 = ORIENTED_EDGE('',*,*,#4027,.F.);
#4027 = EDGE_CURVE('',#3996,#4020,#4028,.T.);
#4028 = LINE('',#4029,#4030);
#4029 = CARTESIAN_POINT('',(-18.92296851784,52.315052310339,10.));
#4030 = VECTOR('',#4031,1.);
#4031 = DIRECTION('',(-0.470927681203,0.882171819476,0.));
#4032 = ORIENTED_EDGE('',*,*,#3995,.F.);
#4033 = PLANE('',#4034);
#4034 = AXIS2_PLACEMENT_3D('',#4035,#4036,#4037);
#4035 = CARTESIAN_POINT('',(-25.5463,64.7223,2.5));
#4036 = DIRECTION('',(-0.882171819476,-0.470927681203,-0.));
#4037 = DIRECTION('',(-0.470927681203,0.882171819476,0.));
#4038 = ADVANCED_FACE('',(#4039),#4057,.T.);
#4039 = FACE_BOUND('',#4040,.F.);
#4040 = EDGE_LOOP('',(#4041,#4042,#4050,#4056));
#4041 = ORIENTED_EDGE('',*,*,#854,.F.);
#4042 = ORIENTED_EDGE('',*,*,#4043,.T.);
#4043 = EDGE_CURVE('',#847,#4044,#4046,.T.);
#4044 = VERTEX_POINT('',#4045);
#4045 = CARTESIAN_POINT('',(-26.0438,65.3284,10.));
#4046 = LINE('',#4047,#4048);
#4047 = CARTESIAN_POINT('',(-26.0438,65.3284,2.5));
#4048 = VECTOR('',#4049,1.);
#4049 = DIRECTION('',(0.,0.,1.));
#4050 = ORIENTED_EDGE('',*,*,#4051,.F.);
#4051 = EDGE_CURVE('',#4020,#4044,#4052,.T.);
#4052 = LINE('',#4053,#4054);
#4053 = CARTESIAN_POINT('',(-20.65335476049,58.761266613738,10.));
#4054 = VECTOR('',#4055,1.);
#4055 = DIRECTION('',(-0.634459263544,0.772956300772,0.));
#4056 = ORIENTED_EDGE('',*,*,#4019,.F.);
#4057 = PLANE('',#4058);
#4058 = AXIS2_PLACEMENT_3D('',#4059,#4060,#4061);
#4059 = CARTESIAN_POINT('',(-26.0438,65.3284,2.5));
#4060 = DIRECTION('',(-0.772956300772,-0.634459263544,-0.));
#4061 = DIRECTION('',(-0.634459263544,0.772956300772,0.));
#4062 = ADVANCED_FACE('',(#4063),#4081,.T.);
#4063 = FACE_BOUND('',#4064,.F.);
#4064 = EDGE_LOOP('',(#4065,#4066,#4074,#4080));
#4065 = ORIENTED_EDGE('',*,*,#846,.F.);
#4066 = ORIENTED_EDGE('',*,*,#4067,.T.);
#4067 = EDGE_CURVE('',#839,#4068,#4070,.T.);
#4068 = VERTEX_POINT('',#4069);
#4069 = CARTESIAN_POINT('',(-26.6499,65.8259,10.));
#4070 = LINE('',#4071,#4072);
#4071 = CARTESIAN_POINT('',(-26.6499,65.8259,2.5));
#4072 = VECTOR('',#4073,1.);
#4073 = DIRECTION('',(0.,0.,1.));
#4074 = ORIENTED_EDGE('',*,*,#4075,.F.);
#4075 = EDGE_CURVE('',#4044,#4068,#4076,.T.);
#4076 = LINE('',#4077,#4078);
#4077 = CARTESIAN_POINT('',(-24.61524258185,64.155809147783,10.));
#4078 = VECTOR('',#4079,1.);
#4079 = DIRECTION('',(-0.772956300772,0.634459263544,0.));
#4080 = ORIENTED_EDGE('',*,*,#4043,.F.);
#4081 = PLANE('',#4082);
#4082 = AXIS2_PLACEMENT_3D('',#4083,#4084,#4085);
#4083 = CARTESIAN_POINT('',(-26.6499,65.8259,2.5));
#4084 = DIRECTION('',(-0.634459263544,-0.772956300772,-0.));
#4085 = DIRECTION('',(-0.772956300772,0.634459263544,0.));
#4086 = ADVANCED_FACE('',(#4087),#4105,.T.);
#4087 = FACE_BOUND('',#4088,.F.);
#4088 = EDGE_LOOP('',(#4089,#4090,#4098,#4104));
#4089 = ORIENTED_EDGE('',*,*,#838,.F.);
#4090 = ORIENTED_EDGE('',*,*,#4091,.T.);
#4091 = EDGE_CURVE('',#831,#4092,#4094,.T.);
#4092 = VERTEX_POINT('',#4093);
#4093 = CARTESIAN_POINT('',(-27.3415,66.1955,10.));
#4094 = LINE('',#4095,#4096);
#4095 = CARTESIAN_POINT('',(-27.3415,66.1955,2.5));
#4096 = VECTOR('',#4097,1.);
#4097 = DIRECTION('',(0.,0.,1.));
#4098 = ORIENTED_EDGE('',*,*,#4099,.F.);
#4099 = EDGE_CURVE('',#4068,#4092,#4100,.T.);
#4100 = LINE('',#4101,#4102);
#4101 = CARTESIAN_POINT('',(-30.28341502356,67.767697502474,10.));
#4102 = VECTOR('',#4103,1.);
#4103 = DIRECTION('',(-0.881957260666,0.471329386267,0.));
#4104 = ORIENTED_EDGE('',*,*,#4067,.F.);
#4105 = PLANE('',#4106);
#4106 = AXIS2_PLACEMENT_3D('',#4107,#4108,#4109);
#4107 = CARTESIAN_POINT('',(-27.3415,66.1955,2.5));
#4108 = DIRECTION('',(-0.471329386267,-0.881957260666,-0.));
#4109 = DIRECTION('',(-0.881957260666,0.471329386267,0.));
#4110 = ADVANCED_FACE('',(#4111),#4129,.T.);
#4111 = FACE_BOUND('',#4112,.F.);
#4112 = EDGE_LOOP('',(#4113,#4114,#4122,#4128));
#4113 = ORIENTED_EDGE('',*,*,#830,.F.);
#4114 = ORIENTED_EDGE('',*,*,#4115,.T.);
#4115 = EDGE_CURVE('',#823,#4116,#4118,.T.);
#4116 = VERTEX_POINT('',#4117);
#4117 = CARTESIAN_POINT('',(-28.0918,66.4231,10.));
#4118 = LINE('',#4119,#4120);
#4119 = CARTESIAN_POINT('',(-28.0918,66.4231,2.5));
#4120 = VECTOR('',#4121,1.);
#4121 = DIRECTION('',(0.,0.,1.));
#4122 = ORIENTED_EDGE('',*,*,#4123,.F.);
#4123 = EDGE_CURVE('',#4092,#4116,#4124,.T.);
#4124 = LINE('',#4125,#4126);
#4125 = CARTESIAN_POINT('',(-36.85777718605,69.082218229436,10.));
#4126 = VECTOR('',#4127,1.);
#4127 = DIRECTION('',(-0.956940695942,0.290283489799,0.));
#4128 = ORIENTED_EDGE('',*,*,#4091,.F.);
#4129 = PLANE('',#4130);
#4130 = AXIS2_PLACEMENT_3D('',#4131,#4132,#4133);
#4131 = CARTESIAN_POINT('',(-28.0918,66.4231,2.5));
#4132 = DIRECTION('',(-0.290283489799,-0.956940695942,-0.));
#4133 = DIRECTION('',(-0.956940695942,0.290283489799,0.));
#4134 = ADVANCED_FACE('',(#4135),#4153,.T.);
#4135 = FACE_BOUND('',#4136,.F.);
#4136 = EDGE_LOOP('',(#4137,#4138,#4146,#4152));
#4137 = ORIENTED_EDGE('',*,*,#822,.F.);
#4138 = ORIENTED_EDGE('',*,*,#4139,.T.);
#4139 = EDGE_CURVE('',#815,#4140,#4142,.T.);
#4140 = VERTEX_POINT('',#4141);
#4141 = CARTESIAN_POINT('',(-28.8722,66.5,10.));
#4142 = LINE('',#4143,#4144);
#4143 = CARTESIAN_POINT('',(-28.8722,66.5,2.5));
#4144 = VECTOR('',#4145,1.);
#4145 = DIRECTION('',(0.,0.,1.));
#4146 = ORIENTED_EDGE('',*,*,#4147,.F.);
#4147 = EDGE_CURVE('',#4116,#4140,#4148,.T.);
#4148 = LINE('',#4149,#4150);
#4149 = CARTESIAN_POINT('',(-43.42828202463,67.934344833027,10.));
#4150 = VECTOR('',#4151,1.);
#4151 = DIRECTION('',(-0.995180084663,9.806426000839E-02,0.));
#4152 = ORIENTED_EDGE('',*,*,#4115,.F.);
#4153 = PLANE('',#4154);
#4154 = AXIS2_PLACEMENT_3D('',#4155,#4156,#4157);
#4155 = CARTESIAN_POINT('',(-28.8722,66.5,2.5));
#4156 = DIRECTION('',(-9.806426000839E-02,-0.995180084663,-0.));
#4157 = DIRECTION('',(-0.995180084663,9.806426000839E-02,0.));
#4158 = ADVANCED_FACE('',(#4159),#4209,.T.);
#4159 = FACE_BOUND('',#4160,.F.);
#4160 = EDGE_LOOP('',(#4161,#4171,#4177,#4178,#4179,#4187,#4195,#4203));
#4161 = ORIENTED_EDGE('',*,*,#4162,.F.);
#4162 = EDGE_CURVE('',#4163,#4165,#4167,.T.);
#4163 = VERTEX_POINT('',#4164);
#4164 = CARTESIAN_POINT('',(-36.16350832689,66.5,10.));
#4165 = VERTEX_POINT('',#4166);
#4166 = CARTESIAN_POINT('',(-36.16350832689,66.5,5.9));
#4167 = LINE('',#4168,#4169);
#4168 = CARTESIAN_POINT('',(-36.16350832689,66.5,4.9));
#4169 = VECTOR('',#4170,1.);
#4170 = DIRECTION('',(0.,0.,-1.));
#4171 = ORIENTED_EDGE('',*,*,#4172,.F.);
#4172 = EDGE_CURVE('',#4140,#4163,#4173,.T.);
#4173 = LINE('',#4174,#4175);
#4174 = CARTESIAN_POINT('',(-55.48584388864,66.5,10.));
#4175 = VECTOR('',#4176,1.);
#4176 = DIRECTION('',(-1.,-0.,-0.));
#4177 = ORIENTED_EDGE('',*,*,#4139,.F.);
#4178 = ORIENTED_EDGE('',*,*,#814,.F.);
#4179 = ORIENTED_EDGE('',*,*,#4180,.F.);
#4180 = EDGE_CURVE('',#4181,#806,#4183,.T.);
#4181 = VERTEX_POINT('',#4182);
#4182 = CARTESIAN_POINT('',(-35.14196010845,66.5,4.9));
#4183 = LINE('',#4184,#4185);
#4184 = CARTESIAN_POINT('',(-35.14196010845,66.5,0.));
#4185 = VECTOR('',#4186,1.);
#4186 = DIRECTION('',(0.,0.,-1.));
#4187 = ORIENTED_EDGE('',*,*,#4188,.F.);
#4188 = EDGE_CURVE('',#4189,#4181,#4191,.T.);
#4189 = VERTEX_POINT('',#4190);
#4190 = CARTESIAN_POINT('',(-36.06039219456,66.5,4.9));
#4191 = LINE('',#4192,#4193);
#4192 = CARTESIAN_POINT('',(-42.74325,66.5,4.9));
#4193 = VECTOR('',#4194,1.);
#4194 = DIRECTION('',(1.,0.,0.));
#4195 = ORIENTED_EDGE('',*,*,#4196,.F.);
#4196 = EDGE_CURVE('',#4197,#4189,#4199,.T.);
#4197 = VERTEX_POINT('',#4198);
#4198 = CARTESIAN_POINT('',(-36.06039219456,66.5,5.9));
#4199 = LINE('',#4200,#4201);
#4200 = CARTESIAN_POINT('',(-36.06039219456,66.5,4.3));
#4201 = VECTOR('',#4202,1.);
#4202 = DIRECTION('',(0.,0.,-1.));
#4203 = ORIENTED_EDGE('',*,*,#4204,.F.);
#4204 = EDGE_CURVE('',#4165,#4197,#4205,.T.);
#4205 = LINE('',#4206,#4207);
#4206 = CARTESIAN_POINT('',(-42.74325,66.5,5.9));
#4207 = VECTOR('',#4208,1.);
#4208 = DIRECTION('',(1.,0.,0.));
#4209 = PLANE('',#4210);
#4210 = AXIS2_PLACEMENT_3D('',#4211,#4212,#4213);
#4211 = CARTESIAN_POINT('',(-47.3865,66.5,2.5));
#4212 = DIRECTION('',(-0.,-1.,-0.));
#4213 = DIRECTION('',(-1.,0.,0.));
#4214 = ADVANCED_FACE('',(#4215),#4272,.T.);
#4215 = FACE_BOUND('',#4216,.F.);
#4216 = EDGE_LOOP('',(#4217,#4218,#4226,#4234,#4242,#4250,#4258,#4266));
#4217 = ORIENTED_EDGE('',*,*,#788,.F.);
#4218 = ORIENTED_EDGE('',*,*,#4219,.T.);
#4219 = EDGE_CURVE('',#781,#4220,#4222,.T.);
#4220 = VERTEX_POINT('',#4221);
#4221 = CARTESIAN_POINT('',(-47.3865,66.5,10.));
#4222 = LINE('',#4223,#4224);
#4223 = CARTESIAN_POINT('',(-47.3865,66.5,2.5));
#4224 = VECTOR('',#4225,1.);
#4225 = DIRECTION('',(0.,0.,1.));
#4226 = ORIENTED_EDGE('',*,*,#4227,.F.);
#4227 = EDGE_CURVE('',#4228,#4220,#4230,.T.);
#4228 = VERTEX_POINT('',#4229);
#4229 = CARTESIAN_POINT('',(-40.0364916731,66.5,10.));
#4230 = LINE('',#4231,#4232);
#4231 = CARTESIAN_POINT('',(-55.48584388864,66.5,10.));
#4232 = VECTOR('',#4233,1.);
#4233 = DIRECTION('',(-1.,-0.,-0.));
#4234 = ORIENTED_EDGE('',*,*,#4235,.T.);
#4235 = EDGE_CURVE('',#4228,#4236,#4238,.T.);
#4236 = VERTEX_POINT('',#4237);
#4237 = CARTESIAN_POINT('',(-40.0364916731,66.5,5.9));
#4238 = LINE('',#4239,#4240);
#4239 = CARTESIAN_POINT('',(-40.0364916731,66.5,4.9));
#4240 = VECTOR('',#4241,1.);
#4241 = DIRECTION('',(0.,0.,-1.));
#4242 = ORIENTED_EDGE('',*,*,#4243,.F.);
#4243 = EDGE_CURVE('',#4244,#4236,#4246,.T.);
#4244 = VERTEX_POINT('',#4245);
#4245 = CARTESIAN_POINT('',(-40.13960780543,66.5,5.9));
#4246 = LINE('',#4247,#4248);
#4247 = CARTESIAN_POINT('',(-42.74325,66.5,5.9));
#4248 = VECTOR('',#4249,1.);
#4249 = DIRECTION('',(1.,0.,0.));
#4250 = ORIENTED_EDGE('',*,*,#4251,.T.);
#4251 = EDGE_CURVE('',#4244,#4252,#4254,.T.);
#4252 = VERTEX_POINT('',#4253);
#4253 = CARTESIAN_POINT('',(-40.13960780543,66.5,4.9));
#4254 = LINE('',#4255,#4256);
#4255 = CARTESIAN_POINT('',(-40.13960780543,66.5,4.3));
#4256 = VECTOR('',#4257,1.);
#4257 = DIRECTION('',(0.,0.,-1.));
#4258 = ORIENTED_EDGE('',*,*,#4259,.F.);
#4259 = EDGE_CURVE('',#4260,#4252,#4262,.T.);
#4260 = VERTEX_POINT('',#4261);
#4261 = CARTESIAN_POINT('',(-41.05803989155,66.5,4.9));
#4262 = LINE('',#4263,#4264);
#4263 = CARTESIAN_POINT('',(-42.74325,66.5,4.9));
#4264 = VECTOR('',#4265,1.);
#4265 = DIRECTION('',(1.,0.,0.));
#4266 = ORIENTED_EDGE('',*,*,#4267,.T.);
#4267 = EDGE_CURVE('',#4260,#789,#4268,.T.);
#4268 = LINE('',#4269,#4270);
#4269 = CARTESIAN_POINT('',(-41.05803989155,66.5,0.));
#4270 = VECTOR('',#4271,1.);
#4271 = DIRECTION('',(0.,0.,-1.));
#4272 = PLANE('',#4273);
#4273 = AXIS2_PLACEMENT_3D('',#4274,#4275,#4276);
#4274 = CARTESIAN_POINT('',(-47.3865,66.5,2.5));
#4275 = DIRECTION('',(-0.,-1.,-0.));
#4276 = DIRECTION('',(-1.,0.,0.));
#4277 = ADVANCED_FACE('',(#4278),#4296,.T.);
#4278 = FACE_BOUND('',#4279,.F.);
#4279 = EDGE_LOOP('',(#4280,#4281,#4289,#4295));
#4280 = ORIENTED_EDGE('',*,*,#780,.F.);
#4281 = ORIENTED_EDGE('',*,*,#4282,.T.);
#4282 = EDGE_CURVE('',#773,#4283,#4285,.T.);
#4283 = VERTEX_POINT('',#4284);
#4284 = CARTESIAN_POINT('',(-47.7786,66.4807,10.));
#4285 = LINE('',#4286,#4287);
#4286 = CARTESIAN_POINT('',(-47.7786,66.4807,2.5));
#4287 = VECTOR('',#4288,1.);
#4288 = DIRECTION('',(0.,0.,1.));
#4289 = ORIENTED_EDGE('',*,*,#4290,.F.);
#4290 = EDGE_CURVE('',#4220,#4283,#4291,.T.);
#4291 = LINE('',#4292,#4293);
#4292 = CARTESIAN_POINT('',(-56.98736313541,66.027424997415,10.));
#4293 = VECTOR('',#4294,1.);
#4294 = DIRECTION('',(-0.998790787438,-4.916261718327E-02,-0.));
#4295 = ORIENTED_EDGE('',*,*,#4219,.F.);
#4296 = PLANE('',#4297);
#4297 = AXIS2_PLACEMENT_3D('',#4298,#4299,#4300);
#4298 = CARTESIAN_POINT('',(-47.7786,66.4807,2.5));
#4299 = DIRECTION('',(4.916261718327E-02,-0.998790787438,0.));
#4300 = DIRECTION('',(-0.998790787438,-4.916261718327E-02,0.));
#4301 = ADVANCED_FACE('',(#4302),#4320,.T.);
#4302 = FACE_BOUND('',#4303,.F.);
#4303 = EDGE_LOOP('',(#4304,#4305,#4313,#4319));
#4304 = ORIENTED_EDGE('',*,*,#772,.F.);
#4305 = ORIENTED_EDGE('',*,*,#4306,.T.);
#4306 = EDGE_CURVE('',#765,#4307,#4309,.T.);
#4307 = VERTEX_POINT('',#4308);
#4308 = CARTESIAN_POINT('',(-48.5476,66.3278,10.));
#4309 = LINE('',#4310,#4311);
#4310 = CARTESIAN_POINT('',(-48.5476,66.3278,2.5));
#4311 = VECTOR('',#4312,1.);
#4312 = DIRECTION('',(0.,0.,1.));
#4313 = ORIENTED_EDGE('',*,*,#4314,.F.);
#4314 = EDGE_CURVE('',#4283,#4307,#4315,.T.);
#4315 = LINE('',#4316,#4317);
#4316 = CARTESIAN_POINT('',(-60.92534449245,63.866737408457,10.));
#4317 = VECTOR('',#4318,1.);
#4318 = DIRECTION('',(-0.98080080092,-0.195012278883,-0.));
#4319 = ORIENTED_EDGE('',*,*,#4282,.F.);
#4320 = PLANE('',#4321);
#4321 = AXIS2_PLACEMENT_3D('',#4322,#4323,#4324);
#4322 = CARTESIAN_POINT('',(-48.5476,66.3278,2.5));
#4323 = DIRECTION('',(0.195012278883,-0.98080080092,0.));
#4324 = DIRECTION('',(-0.98080080092,-0.195012278883,0.));
#4325 = ADVANCED_FACE('',(#4326),#4344,.T.);
#4326 = FACE_BOUND('',#4327,.F.);
#4327 = EDGE_LOOP('',(#4328,#4329,#4337,#4343));
#4328 = ORIENTED_EDGE('',*,*,#764,.F.);
#4329 = ORIENTED_EDGE('',*,*,#4330,.T.);
#4330 = EDGE_CURVE('',#757,#4331,#4333,.T.);
#4331 = VERTEX_POINT('',#4332);
#4332 = CARTESIAN_POINT('',(-49.2721,66.0277,10.));
#4333 = LINE('',#4334,#4335);
#4334 = CARTESIAN_POINT('',(-49.2721,66.0277,2.5));
#4335 = VECTOR('',#4336,1.);
#4336 = DIRECTION('',(0.,0.,1.));
#4337 = ORIENTED_EDGE('',*,*,#4338,.F.);
#4338 = EDGE_CURVE('',#4307,#4331,#4339,.T.);
#4339 = LINE('',#4340,#4341);
#4340 = CARTESIAN_POINT('',(-64.83774752871,59.580148829032,10.));
#4341 = VECTOR('',#4342,1.);
#4342 = DIRECTION('',(-0.923878507249,-0.382685907558,-0.));
#4343 = ORIENTED_EDGE('',*,*,#4306,.F.);
#4344 = PLANE('',#4345);
#4345 = AXIS2_PLACEMENT_3D('',#4346,#4347,#4348);
#4346 = CARTESIAN_POINT('',(-49.2721,66.0277,2.5));
#4347 = DIRECTION('',(0.382685907558,-0.923878507249,0.));
#4348 = DIRECTION('',(-0.923878507249,-0.382685907558,0.));
#4349 = ADVANCED_FACE('',(#4350),#4368,.T.);
#4350 = FACE_BOUND('',#4351,.F.);
#4351 = EDGE_LOOP('',(#4352,#4353,#4361,#4367));
#4352 = ORIENTED_EDGE('',*,*,#756,.F.);
#4353 = ORIENTED_EDGE('',*,*,#4354,.T.);
#4354 = EDGE_CURVE('',#749,#4355,#4357,.T.);
#4355 = VERTEX_POINT('',#4356);
#4356 = CARTESIAN_POINT('',(-49.9241,65.592,10.));
#4357 = LINE('',#4358,#4359);
#4358 = CARTESIAN_POINT('',(-49.9241,65.592,2.5));
#4359 = VECTOR('',#4360,1.);
#4360 = DIRECTION('',(0.,0.,1.));
#4361 = ORIENTED_EDGE('',*,*,#4362,.F.);
#4362 = EDGE_CURVE('',#4331,#4355,#4363,.T.);
#4363 = LINE('',#4364,#4365);
#4364 = CARTESIAN_POINT('',(-66.90222019858,54.246345137237,10.));
#4365 = VECTOR('',#4366,1.);
#4366 = DIRECTION('',(-0.831441613715,-0.555612133582,-0.));
#4367 = ORIENTED_EDGE('',*,*,#4330,.F.);
#4368 = PLANE('',#4369);
#4369 = AXIS2_PLACEMENT_3D('',#4370,#4371,#4372);
#4370 = CARTESIAN_POINT('',(-49.9241,65.592,2.5));
#4371 = DIRECTION('',(0.555612133582,-0.831441613715,0.));
#4372 = DIRECTION('',(-0.831441613715,-0.555612133582,0.));
#4373 = ADVANCED_FACE('',(#4374),#4392,.T.);
#4374 = FACE_BOUND('',#4375,.F.);
#4375 = EDGE_LOOP('',(#4376,#4377,#4385,#4391));
#4376 = ORIENTED_EDGE('',*,*,#748,.F.);
#4377 = ORIENTED_EDGE('',*,*,#4378,.T.);
#4378 = EDGE_CURVE('',#741,#4379,#4381,.T.);
#4379 = VERTEX_POINT('',#4380);
#4380 = CARTESIAN_POINT('',(-50.4785,65.0376,10.));
#4381 = LINE('',#4382,#4383);
#4382 = CARTESIAN_POINT('',(-50.4785,65.0376,2.5));
#4383 = VECTOR('',#4384,1.);
#4384 = DIRECTION('',(0.,0.,1.));
#4385 = ORIENTED_EDGE('',*,*,#4386,.F.);
#4386 = EDGE_CURVE('',#4355,#4379,#4387,.T.);
#4387 = LINE('',#4388,#4389);
#4388 = CARTESIAN_POINT('',(-66.88203163881,48.634068361182,10.));
#4389 = VECTOR('',#4390,1.);
#4390 = DIRECTION('',(-0.707106781187,-0.707106781187,-0.));
#4391 = ORIENTED_EDGE('',*,*,#4354,.F.);
#4392 = PLANE('',#4393);
#4393 = AXIS2_PLACEMENT_3D('',#4394,#4395,#4396);
#4394 = CARTESIAN_POINT('',(-50.4785,65.0376,2.5));
#4395 = DIRECTION('',(0.707106781187,-0.707106781187,0.));
#4396 = DIRECTION('',(-0.707106781187,-0.707106781187,0.));
#4397 = ADVANCED_FACE('',(#4398),#4416,.T.);
#4398 = FACE_BOUND('',#4399,.F.);
#4399 = EDGE_LOOP('',(#4400,#4401,#4409,#4415));
#4400 = ORIENTED_EDGE('',*,*,#740,.F.);
#4401 = ORIENTED_EDGE('',*,*,#4402,.T.);
#4402 = EDGE_CURVE('',#733,#4403,#4405,.T.);
#4403 = VERTEX_POINT('',#4404);
#4404 = CARTESIAN_POINT('',(-50.9142,64.3856,10.));
#4405 = LINE('',#4406,#4407);
#4406 = CARTESIAN_POINT('',(-50.9142,64.3856,2.5));
#4407 = VECTOR('',#4408,1.);
#4408 = DIRECTION('',(0.,0.,1.));
#4409 = ORIENTED_EDGE('',*,*,#4410,.F.);
#4410 = EDGE_CURVE('',#4379,#4403,#4411,.T.);
#4411 = LINE('',#4412,#4413);
#4412 = CARTESIAN_POINT('',(-64.84754223636,43.535154422514,10.));
#4413 = VECTOR('',#4414,1.);
#4414 = DIRECTION('',(-0.555612133582,-0.831441613715,-0.));
#4415 = ORIENTED_EDGE('',*,*,#4378,.F.);
#4416 = PLANE('',#4417);
#4417 = AXIS2_PLACEMENT_3D('',#4418,#4419,#4420);
#4418 = CARTESIAN_POINT('',(-50.9142,64.3856,2.5));
#4419 = DIRECTION('',(0.831441613715,-0.555612133582,0.));
#4420 = DIRECTION('',(-0.555612133582,-0.831441613715,0.));
#4421 = ADVANCED_FACE('',(#4422),#4440,.T.);
#4422 = FACE_BOUND('',#4423,.F.);
#4423 = EDGE_LOOP('',(#4424,#4425,#4433,#4439));
#4424 = ORIENTED_EDGE('',*,*,#732,.F.);
#4425 = ORIENTED_EDGE('',*,*,#4426,.T.);
#4426 = EDGE_CURVE('',#725,#4427,#4429,.T.);
#4427 = VERTEX_POINT('',#4428);
#4428 = CARTESIAN_POINT('',(-51.2987,63.6662,10.));
#4429 = LINE('',#4430,#4431);
#4430 = CARTESIAN_POINT('',(-51.2987,63.6662,2.5));
#4431 = VECTOR('',#4432,1.);
#4432 = DIRECTION('',(0.,0.,1.));
#4433 = ORIENTED_EDGE('',*,*,#4434,.F.);
#4434 = EDGE_CURVE('',#4403,#4427,#4435,.T.);
#4435 = LINE('',#4436,#4437);
#4436 = CARTESIAN_POINT('',(-63.2927655231,41.2252878093,10.));
#4437 = VECTOR('',#4438,1.);
#4438 = DIRECTION('',(-0.471370695079,-0.881935183458,-0.));
#4439 = ORIENTED_EDGE('',*,*,#4402,.F.);
#4440 = PLANE('',#4441);
#4441 = AXIS2_PLACEMENT_3D('',#4442,#4443,#4444);
#4442 = CARTESIAN_POINT('',(-51.2987,63.6662,2.5));
#4443 = DIRECTION('',(0.881935183458,-0.471370695079,0.));
#4444 = DIRECTION('',(-0.471370695079,-0.881935183458,0.));
#4445 = ADVANCED_FACE('',(#4446),#4464,.T.);
#4446 = FACE_BOUND('',#4447,.F.);
#4447 = EDGE_LOOP('',(#4448,#4449,#4457,#4463));
#4448 = ORIENTED_EDGE('',*,*,#724,.F.);
#4449 = ORIENTED_EDGE('',*,*,#4450,.T.);
#4450 = EDGE_CURVE('',#717,#4451,#4453,.T.);
#4451 = VERTEX_POINT('',#4452);
#4452 = CARTESIAN_POINT('',(-52.2912,62.4568,10.));
#4453 = LINE('',#4454,#4455);
#4454 = CARTESIAN_POINT('',(-52.2912,62.4568,2.5));
#4455 = VECTOR('',#4456,1.);
#4456 = DIRECTION('',(0.,0.,1.));
#4457 = ORIENTED_EDGE('',*,*,#4458,.F.);
#4458 = EDGE_CURVE('',#4427,#4451,#4459,.T.);
#4459 = LINE('',#4460,#4461);
#4460 = CARTESIAN_POINT('',(-66.80553933617,44.770510838121,10.));
#4461 = VECTOR('',#4462,1.);
#4462 = DIRECTION('',(-0.634382234816,-0.773019521196,-0.));
#4463 = ORIENTED_EDGE('',*,*,#4426,.F.);
#4464 = PLANE('',#4465);
#4465 = AXIS2_PLACEMENT_3D('',#4466,#4467,#4468);
#4466 = CARTESIAN_POINT('',(-52.2912,62.4568,2.5));
#4467 = DIRECTION('',(0.773019521196,-0.634382234816,0.));
#4468 = DIRECTION('',(-0.634382234816,-0.773019521196,0.));
#4469 = ADVANCED_FACE('',(#4470),#4488,.T.);
#4470 = FACE_BOUND('',#4471,.F.);
#4471 = EDGE_LOOP('',(#4472,#4473,#4481,#4487));
#4472 = ORIENTED_EDGE('',*,*,#716,.F.);
#4473 = ORIENTED_EDGE('',*,*,#4474,.T.);
#4474 = EDGE_CURVE('',#709,#4475,#4477,.T.);
#4475 = VERTEX_POINT('',#4476);
#4476 = CARTESIAN_POINT('',(-53.5006,61.4643,10.));
#4477 = LINE('',#4478,#4479);
#4478 = CARTESIAN_POINT('',(-53.5006,61.4643,2.5));
#4479 = VECTOR('',#4480,1.);
#4480 = DIRECTION('',(0.,0.,1.));
#4481 = ORIENTED_EDGE('',*,*,#4482,.F.);
#4482 = EDGE_CURVE('',#4451,#4475,#4483,.T.);
#4483 = LINE('',#4484,#4485);
#4484 = CARTESIAN_POINT('',(-68.51207152434,49.145062784926,10.));
#4485 = VECTOR('',#4486,1.);
#4486 = DIRECTION('',(-0.773019521196,-0.634382234816,-0.));
#4487 = ORIENTED_EDGE('',*,*,#4450,.F.);
#4488 = PLANE('',#4489);
#4489 = AXIS2_PLACEMENT_3D('',#4490,#4491,#4492);
#4490 = CARTESIAN_POINT('',(-53.5006,61.4643,2.5));
#4491 = DIRECTION('',(0.634382234816,-0.773019521196,0.));
#4492 = DIRECTION('',(-0.773019521196,-0.634382234816,0.));
#4493 = ADVANCED_FACE('',(#4494),#4512,.T.);
#4494 = FACE_BOUND('',#4495,.F.);
#4495 = EDGE_LOOP('',(#4496,#4497,#4505,#4511));
#4496 = ORIENTED_EDGE('',*,*,#708,.F.);
#4497 = ORIENTED_EDGE('',*,*,#4498,.T.);
#4498 = EDGE_CURVE('',#701,#4499,#4501,.T.);
#4499 = VERTEX_POINT('',#4500);
#4500 = CARTESIAN_POINT('',(-54.8803,60.7268,10.));
#4501 = LINE('',#4502,#4503);
#4502 = CARTESIAN_POINT('',(-54.8803,60.7268,2.5));
#4503 = VECTOR('',#4504,1.);
#4504 = DIRECTION('',(0.,0.,1.));
#4505 = ORIENTED_EDGE('',*,*,#4506,.F.);
#4506 = EDGE_CURVE('',#4475,#4499,#4507,.T.);
#4507 = LINE('',#4508,#4509);
#4508 = CARTESIAN_POINT('',(-68.28426888443,53.561889474325,10.));
#4509 = VECTOR('',#4510,1.);
#4510 = DIRECTION('',(-0.881911967069,-0.4714141304,-0.));
#4511 = ORIENTED_EDGE('',*,*,#4474,.F.);
#4512 = PLANE('',#4513);
#4513 = AXIS2_PLACEMENT_3D('',#4514,#4515,#4516);
#4514 = CARTESIAN_POINT('',(-54.8803,60.7268,2.5));
#4515 = DIRECTION('',(0.4714141304,-0.881911967069,0.));
#4516 = DIRECTION('',(-0.881911967069,-0.4714141304,0.));
#4517 = ADVANCED_FACE('',(#4518),#4536,.T.);
#4518 = FACE_BOUND('',#4519,.F.);
#4519 = EDGE_LOOP('',(#4520,#4521,#4529,#4535));
#4520 = ORIENTED_EDGE('',*,*,#700,.F.);
#4521 = ORIENTED_EDGE('',*,*,#4522,.T.);
#4522 = EDGE_CURVE('',#693,#4523,#4525,.T.);
#4523 = VERTEX_POINT('',#4524);
#4524 = CARTESIAN_POINT('',(-56.3774,60.2727,10.));
#4525 = LINE('',#4526,#4527);
#4526 = CARTESIAN_POINT('',(-56.3774,60.2727,2.5));
#4527 = VECTOR('',#4528,1.);
#4528 = DIRECTION('',(0.,0.,1.));
#4529 = ORIENTED_EDGE('',*,*,#4530,.F.);
#4530 = EDGE_CURVE('',#4499,#4523,#4531,.T.);
#4531 = LINE('',#4532,#4533);
#4532 = CARTESIAN_POINT('',(-66.30825427666,57.260475748426,10.));
#4533 = VECTOR('',#4534,1.);
#4534 = DIRECTION('',(-0.956947494684,-0.290261076305,-0.));
#4535 = ORIENTED_EDGE('',*,*,#4498,.F.);
#4536 = PLANE('',#4537);
#4537 = AXIS2_PLACEMENT_3D('',#4538,#4539,#4540);
#4538 = CARTESIAN_POINT('',(-56.3774,60.2727,2.5));
#4539 = DIRECTION('',(0.290261076305,-0.956947494684,0.));
#4540 = DIRECTION('',(-0.956947494684,-0.290261076305,0.));
#4541 = ADVANCED_FACE('',(#4542),#4560,.T.);
#4542 = FACE_BOUND('',#4543,.F.);
#4543 = EDGE_LOOP('',(#4544,#4545,#4553,#4559));
#4544 = ORIENTED_EDGE('',*,*,#692,.F.);
#4545 = ORIENTED_EDGE('',*,*,#4546,.T.);
#4546 = EDGE_CURVE('',#685,#4547,#4549,.T.);
#4547 = VERTEX_POINT('',#4548);
#4548 = CARTESIAN_POINT('',(-58.1309,60.1,10.));
#4549 = LINE('',#4550,#4551);
#4550 = CARTESIAN_POINT('',(-58.1309,60.1,2.5));
#4551 = VECTOR('',#4552,1.);
#4552 = DIRECTION('',(0.,0.,1.));
#4553 = ORIENTED_EDGE('',*,*,#4554,.F.);
#4554 = EDGE_CURVE('',#4523,#4547,#4555,.T.);
#4555 = LINE('',#4556,#4557);
#4556 = CARTESIAN_POINT('',(-63.15188682518,59.605489350037,10.));
#4557 = VECTOR('',#4558,1.);
#4558 = DIRECTION('',(-0.995184985525,-9.80145121187E-02,-0.));
#4559 = ORIENTED_EDGE('',*,*,#4522,.F.);
#4560 = PLANE('',#4561);
#4561 = AXIS2_PLACEMENT_3D('',#4562,#4563,#4564);
#4562 = CARTESIAN_POINT('',(-58.1309,60.1,2.5));
#4563 = DIRECTION('',(9.80145121187E-02,-0.995184985525,0.));
#4564 = DIRECTION('',(-0.995184985525,-9.80145121187E-02,0.));
#4565 = ADVANCED_FACE('',(#4566),#4584,.T.);
#4566 = FACE_BOUND('',#4567,.F.);
#4567 = EDGE_LOOP('',(#4568,#4569,#4577,#4583));
#4568 = ORIENTED_EDGE('',*,*,#684,.F.);
#4569 = ORIENTED_EDGE('',*,*,#4570,.T.);
#4570 = EDGE_CURVE('',#677,#4571,#4573,.T.);
#4571 = VERTEX_POINT('',#4572);
#4572 = CARTESIAN_POINT('',(-67.6867,60.1,10.));
#4573 = LINE('',#4574,#4575);
#4574 = CARTESIAN_POINT('',(-67.6867,60.1,2.5));
#4575 = VECTOR('',#4576,1.);
#4576 = DIRECTION('',(0.,0.,1.));
#4577 = ORIENTED_EDGE('',*,*,#4578,.F.);
#4578 = EDGE_CURVE('',#4547,#4571,#4579,.T.);
#4579 = LINE('',#4580,#4581);
#4580 = CARTESIAN_POINT('',(-65.63594388864,60.1,10.));
#4581 = VECTOR('',#4582,1.);
#4582 = DIRECTION('',(-1.,-0.,-0.));
#4583 = ORIENTED_EDGE('',*,*,#4546,.F.);
#4584 = PLANE('',#4585);
#4585 = AXIS2_PLACEMENT_3D('',#4586,#4587,#4588);
#4586 = CARTESIAN_POINT('',(-67.6867,60.1,2.5));
#4587 = DIRECTION('',(-0.,-1.,-0.));
#4588 = DIRECTION('',(-1.,0.,0.));
#4589 = ADVANCED_FACE('',(#4590),#4608,.T.);
#4590 = FACE_BOUND('',#4591,.F.);
#4591 = EDGE_LOOP('',(#4592,#4593,#4601,#4607));
#4592 = ORIENTED_EDGE('',*,*,#676,.F.);
#4593 = ORIENTED_EDGE('',*,*,#4594,.T.);
#4594 = EDGE_CURVE('',#669,#4595,#4597,.T.);
#4595 = VERTEX_POINT('',#4596);
#4596 = CARTESIAN_POINT('',(-68.0788,60.0807,10.));
#4597 = LINE('',#4598,#4599);
#4598 = CARTESIAN_POINT('',(-68.0788,60.0807,2.5));
#4599 = VECTOR('',#4600,1.);
#4600 = DIRECTION('',(0.,0.,1.));
#4601 = ORIENTED_EDGE('',*,*,#4602,.F.);
#4602 = EDGE_CURVE('',#4571,#4595,#4603,.T.);
#4603 = LINE('',#4604,#4605);
#4604 = CARTESIAN_POINT('',(-67.00486540961,60.133561355762,10.));
#4605 = VECTOR('',#4606,1.);
#4606 = DIRECTION('',(-0.998790787438,-4.916261718327E-02,-0.));
#4607 = ORIENTED_EDGE('',*,*,#4570,.F.);
#4608 = PLANE('',#4609);
#4609 = AXIS2_PLACEMENT_3D('',#4610,#4611,#4612);
#4610 = CARTESIAN_POINT('',(-68.0788,60.0807,2.5));
#4611 = DIRECTION('',(4.916261718327E-02,-0.998790787438,0.));
#4612 = DIRECTION('',(-0.998790787438,-4.916261718327E-02,0.));
#4613 = ADVANCED_FACE('',(#4614),#4632,.T.);
#4614 = FACE_BOUND('',#4615,.F.);
#4615 = EDGE_LOOP('',(#4616,#4617,#4625,#4631));
#4616 = ORIENTED_EDGE('',*,*,#668,.F.);
#4617 = ORIENTED_EDGE('',*,*,#4618,.T.);
#4618 = EDGE_CURVE('',#661,#4619,#4621,.T.);
#4619 = VERTEX_POINT('',#4620);
#4620 = CARTESIAN_POINT('',(-68.8479,59.9278,10.));
#4621 = LINE('',#4622,#4623);
#4622 = CARTESIAN_POINT('',(-68.8479,59.9278,2.5));
#4623 = VECTOR('',#4624,1.);
#4624 = DIRECTION('',(0.,0.,1.));
#4625 = ORIENTED_EDGE('',*,*,#4626,.F.);
#4626 = EDGE_CURVE('',#4595,#4619,#4627,.T.);
#4627 = LINE('',#4628,#4629);
#4628 = CARTESIAN_POINT('',(-70.84887473564,59.529998625563,10.));
#4629 = VECTOR('',#4630,1.);
#4630 = DIRECTION('',(-0.980805650419,-0.194987887075,-0.));
#4631 = ORIENTED_EDGE('',*,*,#4594,.F.);
#4632 = PLANE('',#4633);
#4633 = AXIS2_PLACEMENT_3D('',#4634,#4635,#4636);
#4634 = CARTESIAN_POINT('',(-68.8479,59.9278,2.5));
#4635 = DIRECTION('',(0.194987887075,-0.980805650419,0.));
#4636 = DIRECTION('',(-0.980805650419,-0.194987887075,0.));
#4637 = ADVANCED_FACE('',(#4638),#4656,.T.);
#4638 = FACE_BOUND('',#4639,.F.);
#4639 = EDGE_LOOP('',(#4640,#4641,#4649,#4655));
#4640 = ORIENTED_EDGE('',*,*,#660,.F.);
#4641 = ORIENTED_EDGE('',*,*,#4642,.T.);
#4642 = EDGE_CURVE('',#653,#4643,#4645,.T.);
#4643 = VERTEX_POINT('',#4644);
#4644 = CARTESIAN_POINT('',(-69.5723,59.6277,10.));
#4645 = LINE('',#4646,#4647);
#4646 = CARTESIAN_POINT('',(-69.5723,59.6277,2.5));
#4647 = VECTOR('',#4648,1.);
#4648 = DIRECTION('',(0.,0.,1.));
#4649 = ORIENTED_EDGE('',*,*,#4650,.F.);
#4650 = EDGE_CURVE('',#4619,#4643,#4651,.T.);
#4651 = LINE('',#4652,#4653);
#4652 = CARTESIAN_POINT('',(-75.34385353415,57.236696113198,10.));
#4653 = VECTOR('',#4654,1.);
#4654 = DIRECTION('',(-0.923859828914,-0.382730997594,-0.));
#4655 = ORIENTED_EDGE('',*,*,#4618,.F.);
#4656 = PLANE('',#4657);
#4657 = AXIS2_PLACEMENT_3D('',#4658,#4659,#4660);
#4658 = CARTESIAN_POINT('',(-69.5723,59.6277,2.5));
#4659 = DIRECTION('',(0.382730997594,-0.923859828914,0.));
#4660 = DIRECTION('',(-0.923859828914,-0.382730997594,0.));
#4661 = ADVANCED_FACE('',(#4662),#4680,.T.);
#4662 = FACE_BOUND('',#4663,.F.);
#4663 = EDGE_LOOP('',(#4664,#4665,#4673,#4679));
#4664 = ORIENTED_EDGE('',*,*,#652,.F.);
#4665 = ORIENTED_EDGE('',*,*,#4666,.T.);
#4666 = EDGE_CURVE('',#645,#4667,#4669,.T.);
#4667 = VERTEX_POINT('',#4668);
#4668 = CARTESIAN_POINT('',(-70.2243,59.192,10.));
#4669 = LINE('',#4670,#4671);
#4670 = CARTESIAN_POINT('',(-70.2243,59.192,2.5));
#4671 = VECTOR('',#4672,1.);
#4672 = DIRECTION('',(0.,0.,1.));
#4673 = ORIENTED_EDGE('',*,*,#4674,.F.);
#4674 = EDGE_CURVE('',#4643,#4667,#4675,.T.);
#4675 = LINE('',#4676,#4677);
#4676 = CARTESIAN_POINT('',(-78.70743626872,53.52313117748,10.));
#4677 = VECTOR('',#4678,1.);
#4678 = DIRECTION('',(-0.831441613715,-0.555612133582,-0.));
#4679 = ORIENTED_EDGE('',*,*,#4642,.F.);
#4680 = PLANE('',#4681);
#4681 = AXIS2_PLACEMENT_3D('',#4682,#4683,#4684);
#4682 = CARTESIAN_POINT('',(-70.2243,59.192,2.5));
#4683 = DIRECTION('',(0.555612133582,-0.831441613715,0.));
#4684 = DIRECTION('',(-0.831441613715,-0.555612133582,0.));
#4685 = ADVANCED_FACE('',(#4686),#4704,.T.);
#4686 = FACE_BOUND('',#4687,.F.);
#4687 = EDGE_LOOP('',(#4688,#4689,#4697,#4703));
#4688 = ORIENTED_EDGE('',*,*,#644,.F.);
#4689 = ORIENTED_EDGE('',*,*,#4690,.T.);
#4690 = EDGE_CURVE('',#637,#4691,#4693,.T.);
#4691 = VERTEX_POINT('',#4692);
#4692 = CARTESIAN_POINT('',(-70.5018,58.9643,10.));
#4693 = LINE('',#4694,#4695);
#4694 = CARTESIAN_POINT('',(-70.5018,58.9643,2.5));
#4695 = VECTOR('',#4696,1.);
#4696 = DIRECTION('',(0.,0.,1.));
#4697 = ORIENTED_EDGE('',*,*,#4698,.F.);
#4698 = EDGE_CURVE('',#4667,#4691,#4699,.T.);
#4699 = LINE('',#4700,#4701);
#4700 = CARTESIAN_POINT('',(-79.82013129479,51.318231402432,10.));
#4701 = VECTOR('',#4702,1.);
#4702 = DIRECTION('',(-0.773062862009,-0.634329418664,-0.));
#4703 = ORIENTED_EDGE('',*,*,#4666,.F.);
#4704 = PLANE('',#4705);
#4705 = AXIS2_PLACEMENT_3D('',#4706,#4707,#4708);
#4706 = CARTESIAN_POINT('',(-70.5018,58.9643,2.5));
#4707 = DIRECTION('',(0.634329418664,-0.773062862009,0.));
#4708 = DIRECTION('',(-0.773062862009,-0.634329418664,0.));
#4709 = ADVANCED_FACE('',(#4710),#4728,.T.);
#4710 = FACE_BOUND('',#4711,.F.);
#4711 = EDGE_LOOP('',(#4712,#4713,#4721,#4727));
#4712 = ORIENTED_EDGE('',*,*,#636,.F.);
#4713 = ORIENTED_EDGE('',*,*,#4714,.T.);
#4714 = EDGE_CURVE('',#629,#4715,#4717,.T.);
#4715 = VERTEX_POINT('',#4716);
#4716 = CARTESIAN_POINT('',(-71.8815,58.2268,10.));
#4717 = LINE('',#4718,#4719);
#4718 = CARTESIAN_POINT('',(-71.8815,58.2268,2.5));
#4719 = VECTOR('',#4720,1.);
#4720 = DIRECTION('',(0.,0.,1.));
#4721 = ORIENTED_EDGE('',*,*,#4722,.F.);
#4722 = EDGE_CURVE('',#4691,#4715,#4723,.T.);
#4723 = LINE('',#4724,#4725);
#4724 = CARTESIAN_POINT('',(-78.15428591929,54.873767010594,10.));
#4725 = VECTOR('',#4726,1.);
#4726 = DIRECTION('',(-0.881911967069,-0.4714141304,-0.));
#4727 = ORIENTED_EDGE('',*,*,#4690,.F.);
#4728 = PLANE('',#4729);
#4729 = AXIS2_PLACEMENT_3D('',#4730,#4731,#4732);
#4730 = CARTESIAN_POINT('',(-71.8815,58.2268,2.5));
#4731 = DIRECTION('',(0.4714141304,-0.881911967069,0.));
#4732 = DIRECTION('',(-0.881911967069,-0.4714141304,0.));
#4733 = ADVANCED_FACE('',(#4734),#4768,.T.);
#4734 = FACE_BOUND('',#4735,.F.);
#4735 = EDGE_LOOP('',(#4736,#4737,#4745,#4753,#4761,#4767));
#4736 = ORIENTED_EDGE('',*,*,#628,.F.);
#4737 = ORIENTED_EDGE('',*,*,#4738,.F.);
#4738 = EDGE_CURVE('',#4739,#620,#4741,.T.);
#4739 = VERTEX_POINT('',#4740);
#4740 = CARTESIAN_POINT('',(-73.28320260492,57.801635914171,4.9));
#4741 = LINE('',#4742,#4743);
#4742 = CARTESIAN_POINT('',(-73.28320260492,57.801635914171,0.));
#4743 = VECTOR('',#4744,1.);
#4744 = DIRECTION('',(0.,0.,-1.));
#4745 = ORIENTED_EDGE('',*,*,#4746,.F.);
#4746 = EDGE_CURVE('',#4747,#4739,#4749,.T.);
#4747 = VERTEX_POINT('',#4748);
#4748 = CARTESIAN_POINT('',(-73.3786,57.7727,4.9));
#4749 = LINE('',#4750,#4751);
#4750 = CARTESIAN_POINT('',(-74.76387254614,57.352519475517,4.9));
#4751 = VECTOR('',#4752,1.);
#4752 = DIRECTION('',(0.956947494684,0.290261076305,0.));
#4753 = ORIENTED_EDGE('',*,*,#4754,.T.);
#4754 = EDGE_CURVE('',#4747,#4755,#4757,.T.);
#4755 = VERTEX_POINT('',#4756);
#4756 = CARTESIAN_POINT('',(-73.3786,57.7727,10.));
#4757 = LINE('',#4758,#4759);
#4758 = CARTESIAN_POINT('',(-73.3786,57.7727,2.5));
#4759 = VECTOR('',#4760,1.);
#4760 = DIRECTION('',(0.,0.,1.));
#4761 = ORIENTED_EDGE('',*,*,#4762,.F.);
#4762 = EDGE_CURVE('',#4715,#4755,#4763,.T.);
#4763 = LINE('',#4764,#4765);
#4764 = CARTESIAN_POINT('',(-75.17783675089,57.226955955795,10.));
#4765 = VECTOR('',#4766,1.);
#4766 = DIRECTION('',(-0.956947494684,-0.290261076305,-0.));
#4767 = ORIENTED_EDGE('',*,*,#4714,.F.);
#4768 = PLANE('',#4769);
#4769 = AXIS2_PLACEMENT_3D('',#4770,#4771,#4772);
#4770 = CARTESIAN_POINT('',(-73.3786,57.7727,2.5));
#4771 = DIRECTION('',(0.290261076305,-0.956947494684,0.));
#4772 = DIRECTION('',(-0.956947494684,-0.290261076305,0.));
#4773 = ADVANCED_FACE('',(#4774),#4831,.T.);
#4774 = FACE_BOUND('',#4775,.F.);
#4775 = EDGE_LOOP('',(#4776,#4777,#4785,#4793,#4801,#4809,#4817,#4825));
#4776 = ORIENTED_EDGE('',*,*,#602,.F.);
#4777 = ORIENTED_EDGE('',*,*,#4778,.T.);
#4778 = EDGE_CURVE('',#595,#4779,#4781,.T.);
#4779 = VERTEX_POINT('',#4780);
#4780 = CARTESIAN_POINT('',(-79.8776,57.6,10.));
#4781 = LINE('',#4782,#4783);
#4782 = CARTESIAN_POINT('',(-79.8776,57.6,2.5));
#4783 = VECTOR('',#4784,1.);
#4784 = DIRECTION('',(0.,0.,1.));
#4785 = ORIENTED_EDGE('',*,*,#4786,.F.);
#4786 = EDGE_CURVE('',#4787,#4779,#4789,.T.);
#4787 = VERTEX_POINT('',#4788);
#4788 = CARTESIAN_POINT('',(-78.1364916731,57.6,10.));
#4789 = LINE('',#4790,#4791);
#4790 = CARTESIAN_POINT('',(-71.73139388864,57.6,10.));
#4791 = VECTOR('',#4792,1.);
#4792 = DIRECTION('',(-1.,-0.,-0.));
#4793 = ORIENTED_EDGE('',*,*,#4794,.T.);
#4794 = EDGE_CURVE('',#4787,#4795,#4797,.T.);
#4795 = VERTEX_POINT('',#4796);
#4796 = CARTESIAN_POINT('',(-78.1364916731,57.6,5.9));
#4797 = LINE('',#4798,#4799);
#4798 = CARTESIAN_POINT('',(-78.1364916731,57.6,4.9));
#4799 = VECTOR('',#4800,1.);
#4800 = DIRECTION('',(0.,0.,-1.));
#4801 = ORIENTED_EDGE('',*,*,#4802,.F.);
#4802 = EDGE_CURVE('',#4803,#4795,#4805,.T.);
#4803 = VERTEX_POINT('',#4804);
#4804 = CARTESIAN_POINT('',(-78.23960780543,57.6,5.9));
#4805 = LINE('',#4806,#4807);
#4806 = CARTESIAN_POINT('',(-78.0388,57.6,5.9));
#4807 = VECTOR('',#4808,1.);
#4808 = DIRECTION('',(1.,0.,0.));
#4809 = ORIENTED_EDGE('',*,*,#4810,.T.);
#4810 = EDGE_CURVE('',#4803,#4811,#4813,.T.);
#4811 = VERTEX_POINT('',#4812);
#4812 = CARTESIAN_POINT('',(-78.23960780543,57.6,4.9));
#4813 = LINE('',#4814,#4815);
#4814 = CARTESIAN_POINT('',(-78.23960780543,57.6,4.3));
#4815 = VECTOR('',#4816,1.);
#4816 = DIRECTION('',(0.,0.,-1.));
#4817 = ORIENTED_EDGE('',*,*,#4818,.F.);
#4818 = EDGE_CURVE('',#4819,#4811,#4821,.T.);
#4819 = VERTEX_POINT('',#4820);
#4820 = CARTESIAN_POINT('',(-79.15803989155,57.6,4.9));
#4821 = LINE('',#4822,#4823);
#4822 = CARTESIAN_POINT('',(-78.0388,57.6,4.9));
#4823 = VECTOR('',#4824,1.);
#4824 = DIRECTION('',(1.,0.,0.));
#4825 = ORIENTED_EDGE('',*,*,#4826,.T.);
#4826 = EDGE_CURVE('',#4819,#603,#4827,.T.);
#4827 = LINE('',#4828,#4829);
#4828 = CARTESIAN_POINT('',(-79.15803989155,57.6,0.));
#4829 = VECTOR('',#4830,1.);
#4830 = DIRECTION('',(0.,0.,-1.));
#4831 = PLANE('',#4832);
#4832 = AXIS2_PLACEMENT_3D('',#4833,#4834,#4835);
#4833 = CARTESIAN_POINT('',(-79.8776,57.6,2.5));
#4834 = DIRECTION('',(-0.,-1.,-0.));
#4835 = DIRECTION('',(-1.,0.,0.));
#4836 = ADVANCED_FACE('',(#4837),#4855,.T.);
#4837 = FACE_BOUND('',#4838,.F.);
#4838 = EDGE_LOOP('',(#4839,#4840,#4848,#4854));
#4839 = ORIENTED_EDGE('',*,*,#594,.F.);
#4840 = ORIENTED_EDGE('',*,*,#4841,.T.);
#4841 = EDGE_CURVE('',#587,#4842,#4844,.T.);
#4842 = VERTEX_POINT('',#4843);
#4843 = CARTESIAN_POINT('',(-80.661,57.6385,10.));
#4844 = LINE('',#4845,#4846);
#4845 = CARTESIAN_POINT('',(-80.661,57.6385,2.5));
#4846 = VECTOR('',#4847,1.);
#4847 = DIRECTION('',(0.,0.,1.));
#4848 = ORIENTED_EDGE('',*,*,#4849,.F.);
#4849 = EDGE_CURVE('',#4779,#4842,#4850,.T.);
#4850 = LINE('',#4851,#4852);
#4851 = CARTESIAN_POINT('',(-71.03791652725,57.165575933494,10.));
#4852 = VECTOR('',#4853,1.);
#4853 = DIRECTION('',(-0.998794579661,4.908551355237E-02,0.));
#4854 = ORIENTED_EDGE('',*,*,#4778,.F.);
#4855 = PLANE('',#4856);
#4856 = AXIS2_PLACEMENT_3D('',#4857,#4858,#4859);
#4857 = CARTESIAN_POINT('',(-80.661,57.6385,2.5));
#4858 = DIRECTION('',(-4.908551355237E-02,-0.998794579661,-0.));
#4859 = DIRECTION('',(-0.998794579661,4.908551355237E-02,0.));
#4860 = ADVANCED_FACE('',(#4861),#4879,.T.);
#4861 = FACE_BOUND('',#4862,.F.);
#4862 = EDGE_LOOP('',(#4863,#4864,#4872,#4878));
#4863 = ORIENTED_EDGE('',*,*,#586,.F.);
#4864 = ORIENTED_EDGE('',*,*,#4865,.T.);
#4865 = EDGE_CURVE('',#579,#4866,#4868,.T.);
#4866 = VERTEX_POINT('',#4867);
#4867 = CARTESIAN_POINT('',(-82.2925,57.963,10.));
#4868 = LINE('',#4869,#4870);
#4869 = CARTESIAN_POINT('',(-82.2925,57.963,2.5));
#4870 = VECTOR('',#4871,1.);
#4871 = DIRECTION('',(0.,0.,1.));
#4872 = ORIENTED_EDGE('',*,*,#4873,.F.);
#4873 = EDGE_CURVE('',#4842,#4866,#4874,.T.);
#4874 = LINE('',#4875,#4876);
#4875 = CARTESIAN_POINT('',(-68.9485095649,55.308924059952,10.));
#4876 = VECTOR('',#4877,1.);
#4877 = DIRECTION('',(-0.980788216617,0.195075560093,0.));
#4878 = ORIENTED_EDGE('',*,*,#4841,.F.);
#4879 = PLANE('',#4880);
#4880 = AXIS2_PLACEMENT_3D('',#4881,#4882,#4883);
#4881 = CARTESIAN_POINT('',(-82.2925,57.963,2.5));
#4882 = DIRECTION('',(-0.195075560093,-0.980788216617,-0.));
#4883 = DIRECTION('',(-0.980788216617,0.195075560093,0.));
#4884 = ADVANCED_FACE('',(#4885),#4903,.T.);
#4885 = FACE_BOUND('',#4886,.F.);
#4886 = EDGE_LOOP('',(#4887,#4888,#4896,#4902));
#4887 = ORIENTED_EDGE('',*,*,#578,.F.);
#4888 = ORIENTED_EDGE('',*,*,#4889,.T.);
#4889 = EDGE_CURVE('',#571,#4890,#4892,.T.);
#4890 = VERTEX_POINT('',#4891);
#4891 = CARTESIAN_POINT('',(-83.7379,58.5617,10.));
#4892 = LINE('',#4893,#4894);
#4893 = CARTESIAN_POINT('',(-83.7379,58.5617,2.5));
#4894 = VECTOR('',#4895,1.);
#4895 = DIRECTION('',(0.,0.,1.));
#4896 = ORIENTED_EDGE('',*,*,#4897,.F.);
#4897 = EDGE_CURVE('',#4866,#4890,#4898,.T.);
#4898 = LINE('',#4899,#4900);
#4899 = CARTESIAN_POINT('',(-66.99991191363,51.628647926314,10.));
#4900 = VECTOR('',#4901,1.);
#4901 = DIRECTION('',(-0.923880500421,0.382681095615,0.));
#4902 = ORIENTED_EDGE('',*,*,#4865,.F.);
#4903 = PLANE('',#4904);
#4904 = AXIS2_PLACEMENT_3D('',#4905,#4906,#4907);
#4905 = CARTESIAN_POINT('',(-83.7379,58.5617,2.5));
#4906 = DIRECTION('',(-0.382681095615,-0.923880500421,-0.));
#4907 = DIRECTION('',(-0.923880500421,0.382681095615,0.));
#4908 = ADVANCED_FACE('',(#4909),#4927,.T.);
#4909 = FACE_BOUND('',#4910,.F.);
#4910 = EDGE_LOOP('',(#4911,#4912,#4920,#4926));
#4911 = ORIENTED_EDGE('',*,*,#570,.F.);
#4912 = ORIENTED_EDGE('',*,*,#4913,.T.);
#4913 = EDGE_CURVE('',#563,#4914,#4916,.T.);
#4914 = VERTEX_POINT('',#4915);
#4915 = CARTESIAN_POINT('',(-85.0387,59.4309,10.));
#4916 = LINE('',#4917,#4918);
#4917 = CARTESIAN_POINT('',(-85.0387,59.4309,2.5));
#4918 = VECTOR('',#4919,1.);
#4919 = DIRECTION('',(0.,0.,1.));
#4920 = ORIENTED_EDGE('',*,*,#4921,.F.);
#4921 = EDGE_CURVE('',#4890,#4914,#4922,.T.);
#4922 = LINE('',#4923,#4924);
#4923 = CARTESIAN_POINT('',(-66.79020440695,47.237178928754,10.));
#4924 = VECTOR('',#4925,1.);
#4925 = DIRECTION('',(-0.831459801075,0.555584916278,0.));
#4926 = ORIENTED_EDGE('',*,*,#4889,.F.);
#4927 = PLANE('',#4928);
#4928 = AXIS2_PLACEMENT_3D('',#4929,#4930,#4931);
#4929 = CARTESIAN_POINT('',(-85.0387,59.4309,2.5));
#4930 = DIRECTION('',(-0.555584916278,-0.831459801075,-0.));
#4931 = DIRECTION('',(-0.831459801075,0.555584916278,0.));
#4932 = ADVANCED_FACE('',(#4933),#4951,.T.);
#4933 = FACE_BOUND('',#4934,.F.);
#4934 = EDGE_LOOP('',(#4935,#4936,#4944,#4950));
#4935 = ORIENTED_EDGE('',*,*,#562,.F.);
#4936 = ORIENTED_EDGE('',*,*,#4937,.T.);
#4937 = EDGE_CURVE('',#555,#4938,#4940,.T.);
#4938 = VERTEX_POINT('',#4939);
#4939 = CARTESIAN_POINT('',(-85.4362,59.8284,10.));
#4940 = LINE('',#4941,#4942);
#4941 = CARTESIAN_POINT('',(-85.4362,59.8284,2.5));
#4942 = VECTOR('',#4943,1.);
#4943 = DIRECTION('',(0.,0.,1.));
#4944 = ORIENTED_EDGE('',*,*,#4945,.F.);
#4945 = EDGE_CURVE('',#4914,#4938,#4946,.T.);
#4946 = LINE('',#4947,#4948);
#4947 = CARTESIAN_POINT('',(-68.14888724982,42.541087249825,10.));
#4948 = VECTOR('',#4949,1.);
#4949 = DIRECTION('',(-0.707106781187,0.707106781187,0.));
#4950 = ORIENTED_EDGE('',*,*,#4913,.F.);
#4951 = PLANE('',#4952);
#4952 = AXIS2_PLACEMENT_3D('',#4953,#4954,#4955);
#4953 = CARTESIAN_POINT('',(-85.4362,59.8284,2.5));
#4954 = DIRECTION('',(-0.707106781187,-0.707106781187,-0.));
#4955 = DIRECTION('',(-0.707106781187,0.707106781187,0.));
#4956 = ADVANCED_FACE('',(#4957),#4975,.T.);
#4957 = FACE_BOUND('',#4958,.F.);
#4958 = EDGE_LOOP('',(#4959,#4960,#4968,#4974));
#4959 = ORIENTED_EDGE('',*,*,#554,.F.);
#4960 = ORIENTED_EDGE('',*,*,#4961,.T.);
#4961 = EDGE_CURVE('',#547,#4962,#4964,.T.);
#4962 = VERTEX_POINT('',#4963);
#4963 = CARTESIAN_POINT('',(-86.0424,60.3259,10.));
#4964 = LINE('',#4965,#4966);
#4965 = CARTESIAN_POINT('',(-86.0424,60.3259,2.5));
#4966 = VECTOR('',#4967,1.);
#4967 = DIRECTION('',(0.,0.,1.));
#4968 = ORIENTED_EDGE('',*,*,#4969,.F.);
#4969 = EDGE_CURVE('',#4938,#4962,#4970,.T.);
#4970 = LINE('',#4971,#4972);
#4971 = CARTESIAN_POINT('',(-67.61348976498,45.20154691204,10.));
#4972 = VECTOR('',#4973,1.);
#4973 = DIRECTION('',(-0.773007628723,0.634396725981,0.));
#4974 = ORIENTED_EDGE('',*,*,#4937,.F.);
#4975 = PLANE('',#4976);
#4976 = AXIS2_PLACEMENT_3D('',#4977,#4978,#4979);
#4977 = CARTESIAN_POINT('',(-86.0424,60.3259,2.5));
#4978 = DIRECTION('',(-0.634396725981,-0.773007628723,-0.));
#4979 = DIRECTION('',(-0.773007628723,0.634396725981,0.));
#4980 = ADVANCED_FACE('',(#4981),#4999,.T.);
#4981 = FACE_BOUND('',#4982,.F.);
#4982 = EDGE_LOOP('',(#4983,#4984,#4992,#4998));
#4983 = ORIENTED_EDGE('',*,*,#546,.F.);
#4984 = ORIENTED_EDGE('',*,*,#4985,.T.);
#4985 = EDGE_CURVE('',#539,#4986,#4988,.T.);
#4986 = VERTEX_POINT('',#4987);
#4987 = CARTESIAN_POINT('',(-86.7339,60.6955,10.));
#4988 = LINE('',#4989,#4990);
#4989 = CARTESIAN_POINT('',(-86.7339,60.6955,2.5));
#4990 = VECTOR('',#4991,1.);
#4991 = DIRECTION('',(0.,0.,1.));
#4992 = ORIENTED_EDGE('',*,*,#4993,.F.);
#4993 = EDGE_CURVE('',#4962,#4986,#4994,.T.);
#4994 = LINE('',#4995,#4996);
#4995 = CARTESIAN_POINT('',(-67.71959524774,50.532539715932,10.));
#4996 = VECTOR('',#4997,1.);
#4997 = DIRECTION('',(-0.881928926211,0.471382402209,0.));
#4998 = ORIENTED_EDGE('',*,*,#4961,.F.);
#4999 = PLANE('',#5000);
#5000 = AXIS2_PLACEMENT_3D('',#5001,#5002,#5003);
#5001 = CARTESIAN_POINT('',(-86.7339,60.6955,2.5));
#5002 = DIRECTION('',(-0.471382402209,-0.881928926211,-0.));
#5003 = DIRECTION('',(-0.881928926211,0.471382402209,0.));
#5004 = ADVANCED_FACE('',(#5005),#5023,.T.);
#5005 = FACE_BOUND('',#5006,.F.);
#5006 = EDGE_LOOP('',(#5007,#5008,#5016,#5022));
#5007 = ORIENTED_EDGE('',*,*,#538,.F.);
#5008 = ORIENTED_EDGE('',*,*,#5009,.T.);
#5009 = EDGE_CURVE('',#531,#5010,#5012,.T.);
#5010 = VERTEX_POINT('',#5011);
#5011 = CARTESIAN_POINT('',(-87.4843,60.9231,10.));
#5012 = LINE('',#5013,#5014);
#5013 = CARTESIAN_POINT('',(-87.4843,60.9231,2.5));
#5014 = VECTOR('',#5015,1.);
#5015 = DIRECTION('',(0.,0.,1.));
#5016 = ORIENTED_EDGE('',*,*,#5017,.F.);
#5017 = EDGE_CURVE('',#4986,#5010,#5018,.T.);
#5018 = LINE('',#5019,#5020);
#5019 = CARTESIAN_POINT('',(-69.82077224665,55.565665409565,10.));
#5020 = VECTOR('',#5021,1.);
#5021 = DIRECTION('',(-0.95695144116,0.290248065043,0.));
#5022 = ORIENTED_EDGE('',*,*,#4985,.F.);
#5023 = PLANE('',#5024);
#5024 = AXIS2_PLACEMENT_3D('',#5025,#5026,#5027);
#5025 = CARTESIAN_POINT('',(-87.4843,60.9231,2.5));
#5026 = DIRECTION('',(-0.290248065043,-0.95695144116,-0.));
#5027 = DIRECTION('',(-0.95695144116,0.290248065043,0.));
#5028 = ADVANCED_FACE('',(#5029),#5047,.T.);
#5029 = FACE_BOUND('',#5030,.F.);
#5030 = EDGE_LOOP('',(#5031,#5032,#5040,#5046));
#5031 = ORIENTED_EDGE('',*,*,#530,.F.);
#5032 = ORIENTED_EDGE('',*,*,#5033,.T.);
#5033 = EDGE_CURVE('',#523,#5034,#5036,.T.);
#5034 = VERTEX_POINT('',#5035);
#5035 = CARTESIAN_POINT('',(-88.2647,61.,10.));
#5036 = LINE('',#5037,#5038);
#5037 = CARTESIAN_POINT('',(-88.2647,61.,2.5));
#5038 = VECTOR('',#5039,1.);
#5039 = DIRECTION('',(0.,0.,1.));
#5040 = ORIENTED_EDGE('',*,*,#5041,.F.);
#5041 = EDGE_CURVE('',#5010,#5034,#5042,.T.);
#5042 = LINE('',#5043,#5044);
#5043 = CARTESIAN_POINT('',(-73.67848585147,59.562685971269,10.));
#5044 = VECTOR('',#5045,1.);
#5045 = DIRECTION('',(-0.995180084663,9.80642600084E-02,0.));
#5046 = ORIENTED_EDGE('',*,*,#5009,.F.);
#5047 = PLANE('',#5048);
#5048 = AXIS2_PLACEMENT_3D('',#5049,#5050,#5051);
#5049 = CARTESIAN_POINT('',(-88.2647,61.,2.5));
#5050 = DIRECTION('',(-9.80642600084E-02,-0.995180084663,-0.));
#5051 = DIRECTION('',(-0.995180084663,9.80642600084E-02,0.));
#5052 = ADVANCED_FACE('',(#5053),#5135,.T.);
#5053 = FACE_BOUND('',#5054,.F.);
#5054 = EDGE_LOOP('',(#5055,#5056,#5064,#5072,#5080,#5088,#5096,#5104,
    #5112,#5120,#5128,#5134));
#5055 = ORIENTED_EDGE('',*,*,#522,.F.);
#5056 = ORIENTED_EDGE('',*,*,#5057,.F.);
#5057 = EDGE_CURVE('',#5058,#514,#5060,.T.);
#5058 = VERTEX_POINT('',#5059);
#5059 = CARTESIAN_POINT('',(-114.1419601084,61.,4.9));
#5060 = LINE('',#5061,#5062);
#5061 = CARTESIAN_POINT('',(-114.1419601084,61.,0.));
#5062 = VECTOR('',#5063,1.);
#5063 = DIRECTION('',(0.,0.,-1.));
#5064 = ORIENTED_EDGE('',*,*,#5065,.F.);
#5065 = EDGE_CURVE('',#5066,#5058,#5068,.T.);
#5066 = VERTEX_POINT('',#5067);
#5067 = CARTESIAN_POINT('',(-115.0603921945,61.,4.9));
#5068 = LINE('',#5069,#5070);
#5069 = CARTESIAN_POINT('',(-116.6,61.,4.9));
#5070 = VECTOR('',#5071,1.);
#5071 = DIRECTION('',(1.,0.,0.));
#5072 = ORIENTED_EDGE('',*,*,#5073,.F.);
#5073 = EDGE_CURVE('',#5074,#5066,#5076,.T.);
#5074 = VERTEX_POINT('',#5075);
#5075 = CARTESIAN_POINT('',(-115.0603921945,61.,5.9));
#5076 = LINE('',#5077,#5078);
#5077 = CARTESIAN_POINT('',(-115.0603921945,61.,4.3));
#5078 = VECTOR('',#5079,1.);
#5079 = DIRECTION('',(0.,0.,-1.));
#5080 = ORIENTED_EDGE('',*,*,#5081,.F.);
#5081 = EDGE_CURVE('',#5082,#5074,#5084,.T.);
#5082 = VERTEX_POINT('',#5083);
#5083 = CARTESIAN_POINT('',(-115.1635083268,61.,5.9));
#5084 = LINE('',#5085,#5086);
#5085 = CARTESIAN_POINT('',(-116.6,61.,5.9));
#5086 = VECTOR('',#5087,1.);
#5087 = DIRECTION('',(1.,0.,0.));
#5088 = ORIENTED_EDGE('',*,*,#5089,.F.);
#5089 = EDGE_CURVE('',#5090,#5082,#5092,.T.);
#5090 = VERTEX_POINT('',#5091);
#5091 = CARTESIAN_POINT('',(-115.1635083268,61.,10.));
#5092 = LINE('',#5093,#5094);
#5093 = CARTESIAN_POINT('',(-115.1635083268,61.,4.9));
#5094 = VECTOR('',#5095,1.);
#5095 = DIRECTION('',(0.,0.,-1.));
#5096 = ORIENTED_EDGE('',*,*,#5097,.F.);
#5097 = EDGE_CURVE('',#5098,#5090,#5100,.T.);
#5098 = VERTEX_POINT('',#5099);
#5099 = CARTESIAN_POINT('',(-108.3,61.,10.));
#5100 = LINE('',#5101,#5102);
#5101 = CARTESIAN_POINT('',(-89.84259388864,61.,10.));
#5102 = VECTOR('',#5103,1.);
#5103 = DIRECTION('',(-1.,-0.,-0.));
#5104 = ORIENTED_EDGE('',*,*,#5105,.T.);
#5105 = EDGE_CURVE('',#5098,#5106,#5108,.T.);
#5106 = VERTEX_POINT('',#5107);
#5107 = CARTESIAN_POINT('',(-108.3,61.,4.9));
#5108 = LINE('',#5109,#5110);
#5109 = CARTESIAN_POINT('',(-108.3,61.,3.7));
#5110 = VECTOR('',#5111,1.);
#5111 = DIRECTION('',(0.,0.,-1.));
#5112 = ORIENTED_EDGE('',*,*,#5113,.T.);
#5113 = EDGE_CURVE('',#5106,#5114,#5116,.T.);
#5114 = VERTEX_POINT('',#5115);
#5115 = CARTESIAN_POINT('',(-96.3,61.,4.9));
#5116 = LINE('',#5117,#5118);
#5117 = CARTESIAN_POINT('',(-112.2,61.,4.9));
#5118 = VECTOR('',#5119,1.);
#5119 = DIRECTION('',(1.,0.,0.));
#5120 = ORIENTED_EDGE('',*,*,#5121,.F.);
#5121 = EDGE_CURVE('',#5122,#5114,#5124,.T.);
#5122 = VERTEX_POINT('',#5123);
#5123 = CARTESIAN_POINT('',(-96.3,61.,10.));
#5124 = LINE('',#5125,#5126);
#5125 = CARTESIAN_POINT('',(-96.3,61.,3.7));
#5126 = VECTOR('',#5127,1.);
#5127 = DIRECTION('',(0.,0.,-1.));
#5128 = ORIENTED_EDGE('',*,*,#5129,.F.);
#5129 = EDGE_CURVE('',#5034,#5122,#5130,.T.);
#5130 = LINE('',#5131,#5132);
#5131 = CARTESIAN_POINT('',(-89.84259388864,61.,10.));
#5132 = VECTOR('',#5133,1.);
#5133 = DIRECTION('',(-1.,-0.,-0.));
#5134 = ORIENTED_EDGE('',*,*,#5033,.F.);
#5135 = PLANE('',#5136);
#5136 = AXIS2_PLACEMENT_3D('',#5137,#5138,#5139);
#5137 = CARTESIAN_POINT('',(-116.1,61.,2.5));
#5138 = DIRECTION('',(-0.,-1.,-0.));
#5139 = DIRECTION('',(-1.,0.,0.));
#5140 = ADVANCED_FACE('',(#5141),#5160,.T.);
#5141 = FACE_BOUND('',#5142,.T.);
#5142 = EDGE_LOOP('',(#5143,#5144,#5153,#5159));
#5143 = ORIENTED_EDGE('',*,*,#5057,.F.);
#5144 = ORIENTED_EDGE('',*,*,#5145,.T.);
#5145 = EDGE_CURVE('',#5058,#5146,#5148,.T.);
#5146 = VERTEX_POINT('',#5147);
#5147 = CARTESIAN_POINT('',(-119.6163194679,58.866556907938,4.9));
#5148 = CIRCLE('',#5149,3.);
#5149 = AXIS2_PLACEMENT_3D('',#5150,#5151,#5152);
#5150 = CARTESIAN_POINT('',(-117.1,60.5,4.9));
#5151 = DIRECTION('',(0.,0.,-1.));
#5152 = DIRECTION('',(-1.,-0.,-0.));
#5153 = ORIENTED_EDGE('',*,*,#5154,.T.);
#5154 = EDGE_CURVE('',#5146,#506,#5155,.T.);
#5155 = LINE('',#5156,#5157);
#5156 = CARTESIAN_POINT('',(-119.6163194679,58.866556907938,0.));
#5157 = VECTOR('',#5158,1.);
#5158 = DIRECTION('',(0.,0.,-1.));
#5159 = ORIENTED_EDGE('',*,*,#513,.T.);
#5160 = CYLINDRICAL_SURFACE('',#5161,3.);
#5161 = AXIS2_PLACEMENT_3D('',#5162,#5163,#5164);
#5162 = CARTESIAN_POINT('',(-117.1,60.5,0.));
#5163 = DIRECTION('',(0.,0.,-1.));
#5164 = DIRECTION('',(-1.,-0.,-0.));
#5165 = ADVANCED_FACE('',(#5166),#5200,.T.);
#5166 = FACE_BOUND('',#5167,.F.);
#5167 = EDGE_LOOP('',(#5168,#5169,#5177,#5185,#5193,#5199));
#5168 = ORIENTED_EDGE('',*,*,#505,.F.);
#5169 = ORIENTED_EDGE('',*,*,#5170,.T.);
#5170 = EDGE_CURVE('',#498,#5171,#5173,.T.);
#5171 = VERTEX_POINT('',#5172);
#5172 = CARTESIAN_POINT('',(-119.796,58.5307,10.));
#5173 = LINE('',#5174,#5175);
#5174 = CARTESIAN_POINT('',(-119.796,58.5307,2.5));
#5175 = VECTOR('',#5176,1.);
#5176 = DIRECTION('',(0.,0.,1.));
#5177 = ORIENTED_EDGE('',*,*,#5178,.F.);
#5178 = EDGE_CURVE('',#5179,#5171,#5181,.T.);
#5179 = VERTEX_POINT('',#5180);
#5180 = CARTESIAN_POINT('',(-119.426,59.2223,10.));
#5181 = LINE('',#5182,#5183);
#5182 = CARTESIAN_POINT('',(-123.1086135511,52.338798562299,10.));
#5183 = VECTOR('',#5184,1.);
#5184 = DIRECTION('',(-0.471726021219,-0.881745179122,-0.));
#5185 = ORIENTED_EDGE('',*,*,#5186,.F.);
#5186 = EDGE_CURVE('',#5187,#5179,#5189,.T.);
#5187 = VERTEX_POINT('',#5188);
#5188 = CARTESIAN_POINT('',(-119.426,59.2223,4.9));
#5189 = LINE('',#5190,#5191);
#5190 = CARTESIAN_POINT('',(-119.426,59.2223,2.5));
#5191 = VECTOR('',#5192,1.);
#5192 = DIRECTION('',(0.,0.,1.));
#5193 = ORIENTED_EDGE('',*,*,#5194,.F.);
#5194 = EDGE_CURVE('',#5146,#5187,#5195,.T.);
#5195 = LINE('',#5196,#5197);
#5196 = CARTESIAN_POINT('',(-119.0864782749,59.856930337958,4.9));
#5197 = VECTOR('',#5198,1.);
#5198 = DIRECTION('',(0.471726021219,0.881745179122,0.));
#5199 = ORIENTED_EDGE('',*,*,#5154,.T.);
#5200 = PLANE('',#5201);
#5201 = AXIS2_PLACEMENT_3D('',#5202,#5203,#5204);
#5202 = CARTESIAN_POINT('',(-119.796,58.5307,2.5));
#5203 = DIRECTION('',(0.881745179122,-0.471726021219,0.));
#5204 = DIRECTION('',(-0.471726021219,-0.881745179122,0.));
#5205 = ADVANCED_FACE('',(#5206),#5224,.T.);
#5206 = FACE_BOUND('',#5207,.F.);
#5207 = EDGE_LOOP('',(#5208,#5209,#5217,#5223));
#5208 = ORIENTED_EDGE('',*,*,#497,.F.);
#5209 = ORIENTED_EDGE('',*,*,#5210,.T.);
#5210 = EDGE_CURVE('',#490,#5211,#5213,.T.);
#5211 = VERTEX_POINT('',#5212);
#5212 = CARTESIAN_POINT('',(-120.023,57.7804,10.));
#5213 = LINE('',#5214,#5215);
#5214 = CARTESIAN_POINT('',(-120.023,57.7804,2.5));
#5215 = VECTOR('',#5216,1.);
#5216 = DIRECTION('',(0.,0.,1.));
#5217 = ORIENTED_EDGE('',*,*,#5218,.F.);
#5218 = EDGE_CURVE('',#5171,#5211,#5219,.T.);
#5219 = LINE('',#5220,#5221);
#5220 = CARTESIAN_POINT('',(-123.9277306452,44.874147122738,10.));
#5221 = VECTOR('',#5222,1.);
#5222 = DIRECTION('',(-0.289582493074,-0.957153059706,-0.));
#5223 = ORIENTED_EDGE('',*,*,#5170,.F.);
#5224 = PLANE('',#5225);
#5225 = AXIS2_PLACEMENT_3D('',#5226,#5227,#5228);
#5226 = CARTESIAN_POINT('',(-120.023,57.7804,2.5));
#5227 = DIRECTION('',(0.957153059706,-0.289582493074,0.));
#5228 = DIRECTION('',(-0.289582493074,-0.957153059706,0.));
#5229 = ADVANCED_FACE('',(#5230),#5248,.T.);
#5230 = FACE_BOUND('',#5231,.F.);
#5231 = EDGE_LOOP('',(#5232,#5233,#5241,#5247));
#5232 = ORIENTED_EDGE('',*,*,#489,.F.);
#5233 = ORIENTED_EDGE('',*,*,#5234,.T.);
#5234 = EDGE_CURVE('',#482,#5235,#5237,.T.);
#5235 = VERTEX_POINT('',#5236);
#5236 = CARTESIAN_POINT('',(-120.1,57.,10.));
#5237 = LINE('',#5238,#5239);
#5238 = CARTESIAN_POINT('',(-120.1,57.,2.5));
#5239 = VECTOR('',#5240,1.);
#5240 = DIRECTION('',(0.,0.,1.));
#5241 = ORIENTED_EDGE('',*,*,#5242,.F.);
#5242 = EDGE_CURVE('',#5211,#5235,#5243,.T.);
#5243 = LINE('',#5244,#5245);
#5244 = CARTESIAN_POINT('',(-122.0002681979,37.74065841959,10.));
#5245 = VECTOR('',#5246,1.);
#5246 = DIRECTION('',(-9.819055310694E-02,-0.995167631749,-0.));
#5247 = ORIENTED_EDGE('',*,*,#5210,.F.);
#5248 = PLANE('',#5249);
#5249 = AXIS2_PLACEMENT_3D('',#5250,#5251,#5252);
#5250 = CARTESIAN_POINT('',(-120.1,57.,2.5));
#5251 = DIRECTION('',(0.995167631749,-9.819055310694E-02,0.));
#5252 = DIRECTION('',(-9.819055310694E-02,-0.995167631749,0.));
#5253 = ADVANCED_FACE('',(#5254),#5272,.T.);
#5254 = FACE_BOUND('',#5255,.F.);
#5255 = EDGE_LOOP('',(#5256,#5257,#5265,#5271));
#5256 = ORIENTED_EDGE('',*,*,#481,.F.);
#5257 = ORIENTED_EDGE('',*,*,#5258,.T.);
#5258 = EDGE_CURVE('',#474,#5259,#5261,.T.);
#5259 = VERTEX_POINT('',#5260);
#5260 = CARTESIAN_POINT('',(-120.1,12.7,10.));
#5261 = LINE('',#5262,#5263);
#5262 = CARTESIAN_POINT('',(-120.1,12.7,2.5));
#5263 = VECTOR('',#5264,1.);
#5264 = DIRECTION('',(0.,0.,1.));
#5265 = ORIENTED_EDGE('',*,*,#5266,.F.);
#5266 = EDGE_CURVE('',#5235,#5259,#5267,.T.);
#5267 = LINE('',#5268,#5269);
#5268 = CARTESIAN_POINT('',(-120.1,12.615080611007,10.));
#5269 = VECTOR('',#5270,1.);
#5270 = DIRECTION('',(-0.,-1.,-0.));
#5271 = ORIENTED_EDGE('',*,*,#5234,.F.);
#5272 = PLANE('',#5273);
#5273 = AXIS2_PLACEMENT_3D('',#5274,#5275,#5276);
#5274 = CARTESIAN_POINT('',(-120.1,12.7,2.5));
#5275 = DIRECTION('',(1.,0.,0.));
#5276 = DIRECTION('',(0.,-1.,0.));
#5277 = ADVANCED_FACE('',(#5278),#5296,.T.);
#5278 = FACE_BOUND('',#5279,.F.);
#5279 = EDGE_LOOP('',(#5280,#5281,#5289,#5295));
#5280 = ORIENTED_EDGE('',*,*,#473,.F.);
#5281 = ORIENTED_EDGE('',*,*,#5282,.T.);
#5282 = EDGE_CURVE('',#466,#5283,#5285,.T.);
#5283 = VERTEX_POINT('',#5284);
#5284 = CARTESIAN_POINT('',(-120.023,11.9196,10.));
#5285 = LINE('',#5286,#5287);
#5286 = CARTESIAN_POINT('',(-120.023,11.9196,2.5));
#5287 = VECTOR('',#5288,1.);
#5288 = DIRECTION('',(0.,0.,1.));
#5289 = ORIENTED_EDGE('',*,*,#5290,.F.);
#5290 = EDGE_CURVE('',#5259,#5283,#5291,.T.);
#5291 = LINE('',#5292,#5293);
#5292 = CARTESIAN_POINT('',(-119.7807614883,9.464496954959,10.));
#5293 = VECTOR('',#5294,1.);
#5294 = DIRECTION('',(9.819055310694E-02,-0.995167631749,0.));
#5295 = ORIENTED_EDGE('',*,*,#5258,.F.);
#5296 = PLANE('',#5297);
#5297 = AXIS2_PLACEMENT_3D('',#5298,#5299,#5300);
#5298 = CARTESIAN_POINT('',(-120.023,11.9196,2.5));
#5299 = DIRECTION('',(0.995167631749,9.819055310694E-02,0.));
#5300 = DIRECTION('',(9.819055310694E-02,-0.995167631749,0.));
#5301 = ADVANCED_FACE('',(#5302),#5320,.T.);
#5302 = FACE_BOUND('',#5303,.F.);
#5303 = EDGE_LOOP('',(#5304,#5305,#5313,#5319));
#5304 = ORIENTED_EDGE('',*,*,#465,.F.);
#5305 = ORIENTED_EDGE('',*,*,#5306,.T.);
#5306 = EDGE_CURVE('',#458,#5307,#5309,.T.);
#5307 = VERTEX_POINT('',#5308);
#5308 = CARTESIAN_POINT('',(-119.796,11.1693,10.));
#5309 = LINE('',#5310,#5311);
#5310 = CARTESIAN_POINT('',(-119.796,11.1693,2.5));
#5311 = VECTOR('',#5312,1.);
#5312 = DIRECTION('',(0.,0.,1.));
#5313 = ORIENTED_EDGE('',*,*,#5314,.F.);
#5314 = EDGE_CURVE('',#5283,#5307,#5315,.T.);
#5315 = LINE('',#5316,#5317);
#5316 = CARTESIAN_POINT('',(-117.6277344815,4.002561592499,10.));
#5317 = VECTOR('',#5318,1.);
#5318 = DIRECTION('',(0.289582493074,-0.957153059706,0.));
#5319 = ORIENTED_EDGE('',*,*,#5282,.F.);
#5320 = PLANE('',#5321);
#5321 = AXIS2_PLACEMENT_3D('',#5322,#5323,#5324);
#5322 = CARTESIAN_POINT('',(-119.796,11.1693,2.5));
#5323 = DIRECTION('',(0.957153059706,0.289582493074,0.));
#5324 = DIRECTION('',(0.289582493074,-0.957153059706,0.));
#5325 = ADVANCED_FACE('',(#5326),#5344,.T.);
#5326 = FACE_BOUND('',#5327,.F.);
#5327 = EDGE_LOOP('',(#5328,#5329,#5337,#5343));
#5328 = ORIENTED_EDGE('',*,*,#457,.F.);
#5329 = ORIENTED_EDGE('',*,*,#5330,.T.);
#5330 = EDGE_CURVE('',#450,#5331,#5333,.T.);
#5331 = VERTEX_POINT('',#5332);
#5332 = CARTESIAN_POINT('',(-119.426,10.4777,10.));
#5333 = LINE('',#5334,#5335);
#5334 = CARTESIAN_POINT('',(-119.426,10.4777,2.5));
#5335 = VECTOR('',#5336,1.);
#5336 = DIRECTION('',(0.,0.,1.));
#5337 = ORIENTED_EDGE('',*,*,#5338,.F.);
#5338 = EDGE_CURVE('',#5307,#5331,#5339,.T.);
#5339 = LINE('',#5340,#5341);
#5340 = CARTESIAN_POINT('',(-113.639851932,-0.33770541568,10.));
#5341 = VECTOR('',#5342,1.);
#5342 = DIRECTION('',(0.471726021219,-0.881745179122,0.));
#5343 = ORIENTED_EDGE('',*,*,#5306,.F.);
#5344 = PLANE('',#5345);
#5345 = AXIS2_PLACEMENT_3D('',#5346,#5347,#5348);
#5346 = CARTESIAN_POINT('',(-119.426,10.4777,2.5));
#5347 = DIRECTION('',(0.881745179122,0.471726021219,0.));
#5348 = DIRECTION('',(0.471726021219,-0.881745179122,0.));
#5349 = ADVANCED_FACE('',(#5350),#5384,.T.);
#5350 = FACE_BOUND('',#5351,.F.);
#5351 = EDGE_LOOP('',(#5352,#5353,#5361,#5369,#5377,#5383));
#5352 = ORIENTED_EDGE('',*,*,#449,.F.);
#5353 = ORIENTED_EDGE('',*,*,#5354,.F.);
#5354 = EDGE_CURVE('',#5355,#441,#5357,.T.);
#5355 = VERTEX_POINT('',#5356);
#5356 = CARTESIAN_POINT('',(-119.1986336609,10.200965945561,4.9));
#5357 = LINE('',#5358,#5359);
#5358 = CARTESIAN_POINT('',(-119.1986336609,10.200965945561,0.));
#5359 = VECTOR('',#5360,1.);
#5360 = DIRECTION('',(0.,0.,-1.));
#5361 = ORIENTED_EDGE('',*,*,#5362,.F.);
#5362 = EDGE_CURVE('',#5363,#5355,#5365,.T.);
#5363 = VERTEX_POINT('',#5364);
#5364 = CARTESIAN_POINT('',(-118.928,9.87157,4.9));
#5365 = LINE('',#5366,#5367);
#5366 = CARTESIAN_POINT('',(-118.9073331111,9.846415740322,4.9));
#5367 = VECTOR('',#5368,1.);
#5368 = DIRECTION('',(-0.634821244028,0.772659037435,0.));
#5369 = ORIENTED_EDGE('',*,*,#5370,.T.);
#5370 = EDGE_CURVE('',#5363,#5371,#5373,.T.);
#5371 = VERTEX_POINT('',#5372);
#5372 = CARTESIAN_POINT('',(-118.928,9.87157,10.));
#5373 = LINE('',#5374,#5375);
#5374 = CARTESIAN_POINT('',(-118.928,9.87157,2.5));
#5375 = VECTOR('',#5376,1.);
#5376 = DIRECTION('',(0.,0.,1.));
#5377 = ORIENTED_EDGE('',*,*,#5378,.F.);
#5378 = EDGE_CURVE('',#5331,#5371,#5379,.T.);
#5379 = LINE('',#5380,#5381);
#5380 = CARTESIAN_POINT('',(-108.4284983423,-2.907672850932,10.));
#5381 = VECTOR('',#5382,1.);
#5382 = DIRECTION('',(0.634821244028,-0.772659037435,0.));
#5383 = ORIENTED_EDGE('',*,*,#5330,.F.);
#5384 = PLANE('',#5385);
#5385 = AXIS2_PLACEMENT_3D('',#5386,#5387,#5388);
#5386 = CARTESIAN_POINT('',(-118.928,9.87157,2.5));
#5387 = DIRECTION('',(0.772659037435,0.634821244028,0.));
#5388 = DIRECTION('',(0.634821244028,-0.772659037435,0.));
#5389 = ADVANCED_FACE('',(#5390),#5431,.T.);
#5390 = FACE_BOUND('',#5391,.F.);
#5391 = EDGE_LOOP('',(#5392,#5393,#5401,#5409,#5417,#5425));
#5392 = ORIENTED_EDGE('',*,*,#423,.F.);
#5393 = ORIENTED_EDGE('',*,*,#5394,.T.);
#5394 = EDGE_CURVE('',#416,#5395,#5397,.T.);
#5395 = VERTEX_POINT('',#5396);
#5396 = CARTESIAN_POINT('',(-116.1,8.7,10.));
#5397 = LINE('',#5398,#5399);
#5398 = CARTESIAN_POINT('',(-116.1,8.7,2.5));
#5399 = VECTOR('',#5400,1.);
#5400 = DIRECTION('',(0.,0.,1.));
#5401 = ORIENTED_EDGE('',*,*,#5402,.F.);
#5402 = EDGE_CURVE('',#5403,#5395,#5405,.T.);
#5403 = VERTEX_POINT('',#5404);
#5404 = CARTESIAN_POINT('',(-116.88,8.77686,10.));
#5405 = LINE('',#5406,#5407);
#5406 = CARTESIAN_POINT('',(-90.28199141878,6.155933154421,10.));
#5407 = VECTOR('',#5408,1.);
#5408 = DIRECTION('',(0.995180157418,-9.806352166557E-02,0.));
#5409 = ORIENTED_EDGE('',*,*,#5410,.F.);
#5410 = EDGE_CURVE('',#5411,#5403,#5413,.T.);
#5411 = VERTEX_POINT('',#5412);
#5412 = CARTESIAN_POINT('',(-116.88,8.77686,4.9));
#5413 = LINE('',#5414,#5415);
#5414 = CARTESIAN_POINT('',(-116.88,8.77686,2.5));
#5415 = VECTOR('',#5416,1.);
#5416 = DIRECTION('',(0.,0.,1.));
#5417 = ORIENTED_EDGE('',*,*,#5418,.F.);
#5418 = EDGE_CURVE('',#5419,#5411,#5421,.T.);
#5419 = VERTEX_POINT('',#5420);
#5420 = CARTESIAN_POINT('',(-116.2769881286,8.717440137907,4.9));
#5421 = LINE('',#5422,#5423);
#5422 = CARTESIAN_POINT('',(-116.4939821928,8.738822399154,4.9));
#5423 = VECTOR('',#5424,1.);
#5424 = DIRECTION('',(-0.995180157418,9.806352166557E-02,0.));
#5425 = ORIENTED_EDGE('',*,*,#5426,.T.);
#5426 = EDGE_CURVE('',#5419,#424,#5427,.T.);
#5427 = LINE('',#5428,#5429);
#5428 = CARTESIAN_POINT('',(-116.2769881286,8.717440137907,0.));
#5429 = VECTOR('',#5430,1.);
#5430 = DIRECTION('',(0.,0.,-1.));
#5431 = PLANE('',#5432);
#5432 = AXIS2_PLACEMENT_3D('',#5433,#5434,#5435);
#5433 = CARTESIAN_POINT('',(-116.1,8.7,2.5));
#5434 = DIRECTION('',(9.806352166557E-02,0.995180157418,0.));
#5435 = DIRECTION('',(0.995180157418,-9.806352166557E-02,0.));
#5436 = ADVANCED_FACE('',(#5437),#5455,.T.);
#5437 = FACE_BOUND('',#5438,.F.);
#5438 = EDGE_LOOP('',(#5439,#5440,#5448,#5454));
#5439 = ORIENTED_EDGE('',*,*,#415,.F.);
#5440 = ORIENTED_EDGE('',*,*,#5441,.T.);
#5441 = EDGE_CURVE('',#408,#5442,#5444,.T.);
#5442 = VERTEX_POINT('',#5443);
#5443 = CARTESIAN_POINT('',(-97.4126,8.7,10.));
#5444 = LINE('',#5445,#5446);
#5445 = CARTESIAN_POINT('',(-97.4126,8.7,2.5));
#5446 = VECTOR('',#5447,1.);
#5447 = DIRECTION('',(0.,0.,1.));
#5448 = ORIENTED_EDGE('',*,*,#5449,.F.);
#5449 = EDGE_CURVE('',#5395,#5442,#5450,.T.);
#5450 = LINE('',#5451,#5452);
#5451 = CARTESIAN_POINT('',(-80.49889388864,8.7,10.));
#5452 = VECTOR('',#5453,1.);
#5453 = DIRECTION('',(1.,0.,0.));
#5454 = ORIENTED_EDGE('',*,*,#5394,.F.);
#5455 = PLANE('',#5456);
#5456 = AXIS2_PLACEMENT_3D('',#5457,#5458,#5459);
#5457 = CARTESIAN_POINT('',(-97.4126,8.7,2.5));
#5458 = DIRECTION('',(0.,1.,0.));
#5459 = DIRECTION('',(1.,0.,0.));
#5460 = ADVANCED_FACE('',(#5461),#5479,.T.);
#5461 = FACE_BOUND('',#5462,.F.);
#5462 = EDGE_LOOP('',(#5463,#5464,#5472,#5478));
#5463 = ORIENTED_EDGE('',*,*,#407,.F.);
#5464 = ORIENTED_EDGE('',*,*,#5465,.T.);
#5465 = EDGE_CURVE('',#400,#5466,#5468,.T.);
#5466 = VERTEX_POINT('',#5467);
#5467 = CARTESIAN_POINT('',(-95.6739,8.51342,10.));
#5468 = LINE('',#5469,#5470);
#5469 = CARTESIAN_POINT('',(-95.6739,8.51342,2.5));
#5470 = VECTOR('',#5471,1.);
#5471 = DIRECTION('',(0.,0.,1.));
#5472 = ORIENTED_EDGE('',*,*,#5473,.F.);
#5473 = EDGE_CURVE('',#5442,#5466,#5474,.T.);
#5474 = LINE('',#5475,#5476);
#5475 = CARTESIAN_POINT('',(-80.02526333244,6.834163872184,10.));
#5476 = VECTOR('',#5477,1.);
#5477 = DIRECTION('',(0.994291530246,-0.106697483012,0.));
#5478 = ORIENTED_EDGE('',*,*,#5441,.F.);
#5479 = PLANE('',#5480);
#5480 = AXIS2_PLACEMENT_3D('',#5481,#5482,#5483);
#5481 = CARTESIAN_POINT('',(-95.6739,8.51342,2.5));
#5482 = DIRECTION('',(0.106697483012,0.994291530246,0.));
#5483 = DIRECTION('',(0.994291530246,-0.106697483012,0.));
#5484 = ADVANCED_FACE('',(#5485),#5503,.T.);
#5485 = FACE_BOUND('',#5486,.F.);
#5486 = EDGE_LOOP('',(#5487,#5488,#5496,#5502));
#5487 = ORIENTED_EDGE('',*,*,#399,.F.);
#5488 = ORIENTED_EDGE('',*,*,#5489,.T.);
#5489 = EDGE_CURVE('',#392,#5490,#5492,.T.);
#5490 = VERTEX_POINT('',#5491);
#5491 = CARTESIAN_POINT('',(-94.1808,8.04622,10.));
#5492 = LINE('',#5493,#5494);
#5493 = CARTESIAN_POINT('',(-94.1808,8.04622,2.5));
#5494 = VECTOR('',#5495,1.);
#5495 = DIRECTION('',(0.,0.,1.));
#5496 = ORIENTED_EDGE('',*,*,#5497,.F.);
#5497 = EDGE_CURVE('',#5466,#5490,#5498,.T.);
#5498 = LINE('',#5499,#5500);
#5499 = CARTESIAN_POINT('',(-80.88619707232,3.886258518645,10.));
#5500 = VECTOR('',#5501,1.);
#5501 = DIRECTION('',(0.954369590496,-0.298628003938,0.));
#5502 = ORIENTED_EDGE('',*,*,#5465,.F.);
#5503 = PLANE('',#5504);
#5504 = AXIS2_PLACEMENT_3D('',#5505,#5506,#5507);
#5505 = CARTESIAN_POINT('',(-94.1808,8.04622,2.5));
#5506 = DIRECTION('',(0.298628003938,0.954369590496,0.));
#5507 = DIRECTION('',(0.954369590496,-0.298628003938,0.));
#5508 = ADVANCED_FACE('',(#5509),#5527,.T.);
#5509 = FACE_BOUND('',#5510,.F.);
#5510 = EDGE_LOOP('',(#5511,#5512,#5520,#5526));
#5511 = ORIENTED_EDGE('',*,*,#391,.F.);
#5512 = ORIENTED_EDGE('',*,*,#5513,.T.);
#5513 = EDGE_CURVE('',#384,#5514,#5516,.T.);
#5514 = VERTEX_POINT('',#5515);
#5515 = CARTESIAN_POINT('',(-92.8075,7.29672,10.));
#5516 = LINE('',#5517,#5518);
#5517 = CARTESIAN_POINT('',(-92.8075,7.29672,2.5));
#5518 = VECTOR('',#5519,1.);
#5519 = DIRECTION('',(0.,0.,1.));
#5520 = ORIENTED_EDGE('',*,*,#5521,.F.);
#5521 = EDGE_CURVE('',#5490,#5514,#5522,.T.);
#5522 = LINE('',#5523,#5524);
#5523 = CARTESIAN_POINT('',(-82.6499806309,1.75309459613,10.));
#5524 = VECTOR('',#5525,1.);
#5525 = DIRECTION('',(0.877780740229,-0.479062597249,0.));
#5526 = ORIENTED_EDGE('',*,*,#5489,.F.);
#5527 = PLANE('',#5528);
#5528 = AXIS2_PLACEMENT_3D('',#5529,#5530,#5531);
#5529 = CARTESIAN_POINT('',(-92.8075,7.29672,2.5));
#5530 = DIRECTION('',(0.479062597249,0.877780740229,0.));
#5531 = DIRECTION('',(0.877780740229,-0.479062597249,0.));
#5532 = ADVANCED_FACE('',(#5533),#5551,.T.);
#5533 = FACE_BOUND('',#5534,.F.);
#5534 = EDGE_LOOP('',(#5535,#5536,#5544,#5550));
#5535 = ORIENTED_EDGE('',*,*,#383,.F.);
#5536 = ORIENTED_EDGE('',*,*,#5537,.T.);
#5537 = EDGE_CURVE('',#376,#5538,#5540,.T.);
#5538 = VERTEX_POINT('',#5539);
#5539 = CARTESIAN_POINT('',(-91.6069,6.29371,10.));
#5540 = LINE('',#5541,#5542);
#5541 = CARTESIAN_POINT('',(-91.6069,6.29371,2.5));
#5542 = VECTOR('',#5543,1.);
#5543 = DIRECTION('',(0.,0.,1.));
#5544 = ORIENTED_EDGE('',*,*,#5545,.F.);
#5545 = EDGE_CURVE('',#5514,#5538,#5546,.T.);
#5546 = LINE('',#5547,#5548);
#5547 = CARTESIAN_POINT('',(-84.88942969739,0.681774394287,10.));
#5548 = VECTOR('',#5549,1.);
#5549 = DIRECTION('',(0.767431642475,-0.64113077771,0.));
#5550 = ORIENTED_EDGE('',*,*,#5513,.F.);
#5551 = PLANE('',#5552);
#5552 = AXIS2_PLACEMENT_3D('',#5553,#5554,#5555);
#5553 = CARTESIAN_POINT('',(-91.6069,6.29371,2.5));
#5554 = DIRECTION('',(0.64113077771,0.767431642475,0.));
#5555 = DIRECTION('',(0.767431642475,-0.64113077771,0.));
#5556 = ADVANCED_FACE('',(#5557),#5575,.T.);
#5557 = FACE_BOUND('',#5558,.F.);
#5558 = EDGE_LOOP('',(#5559,#5560,#5568,#5574));
#5559 = ORIENTED_EDGE('',*,*,#375,.F.);
#5560 = ORIENTED_EDGE('',*,*,#5561,.T.);
#5561 = EDGE_CURVE('',#368,#5562,#5564,.T.);
#5562 = VERTEX_POINT('',#5563);
#5563 = CARTESIAN_POINT('',(-90.625,5.07573,10.));
#5564 = LINE('',#5565,#5566);
#5565 = CARTESIAN_POINT('',(-90.625,5.07573,2.5));
#5566 = VECTOR('',#5567,1.);
#5567 = DIRECTION('',(0.,0.,1.));
#5568 = ORIENTED_EDGE('',*,*,#5569,.F.);
#5569 = EDGE_CURVE('',#5538,#5562,#5570,.T.);
#5570 = LINE('',#5571,#5572);
#5571 = CARTESIAN_POINT('',(-87.12058805843,0.728745931773,10.));
#5572 = VECTOR('',#5573,1.);
#5573 = DIRECTION('',(0.627620009812,-0.778519828446,0.));
#5574 = ORIENTED_EDGE('',*,*,#5537,.F.);
#5575 = PLANE('',#5576);
#5576 = AXIS2_PLACEMENT_3D('',#5577,#5578,#5579);
#5577 = CARTESIAN_POINT('',(-90.625,5.07573,2.5));
#5578 = DIRECTION('',(0.778519828446,0.627620009812,0.));
#5579 = DIRECTION('',(0.627620009812,-0.778519828446,0.));
#5580 = ADVANCED_FACE('',(#5581),#5599,.T.);
#5581 = FACE_BOUND('',#5582,.F.);
#5582 = EDGE_LOOP('',(#5583,#5584,#5592,#5598));
#5583 = ORIENTED_EDGE('',*,*,#367,.F.);
#5584 = ORIENTED_EDGE('',*,*,#5585,.T.);
#5585 = EDGE_CURVE('',#360,#5586,#5588,.T.);
#5586 = VERTEX_POINT('',#5587);
#5587 = CARTESIAN_POINT('',(-89.8996,3.6896,10.));
#5588 = LINE('',#5589,#5590);
#5589 = CARTESIAN_POINT('',(-89.8996,3.6896,2.5));
#5590 = VECTOR('',#5591,1.);
#5591 = DIRECTION('',(0.,0.,1.));
#5592 = ORIENTED_EDGE('',*,*,#5593,.F.);
#5593 = EDGE_CURVE('',#5562,#5586,#5594,.T.);
#5594 = LINE('',#5595,#5596);
#5595 = CARTESIAN_POINT('',(-88.8868355433,1.754359861659,10.));
#5596 = VECTOR('',#5597,1.);
#5597 = DIRECTION('',(0.463671861924,-0.886007000232,0.));
#5598 = ORIENTED_EDGE('',*,*,#5561,.F.);
#5599 = PLANE('',#5600);
#5600 = AXIS2_PLACEMENT_3D('',#5601,#5602,#5603);
#5601 = CARTESIAN_POINT('',(-89.8996,3.6896,2.5));
#5602 = DIRECTION('',(0.886007000232,0.463671861924,0.));
#5603 = DIRECTION('',(0.463671861924,-0.886007000232,0.));
#5604 = ADVANCED_FACE('',(#5605),#5623,.T.);
#5605 = FACE_BOUND('',#5606,.F.);
#5606 = EDGE_LOOP('',(#5607,#5608,#5616,#5622));
#5607 = ORIENTED_EDGE('',*,*,#359,.F.);
#5608 = ORIENTED_EDGE('',*,*,#5609,.T.);
#5609 = EDGE_CURVE('',#352,#5610,#5612,.T.);
#5610 = VERTEX_POINT('',#5611);
#5611 = CARTESIAN_POINT('',(-89.4585,2.18858,10.));
#5612 = LINE('',#5613,#5614);
#5613 = CARTESIAN_POINT('',(-89.4585,2.18858,2.5));
#5614 = VECTOR('',#5615,1.);
#5615 = DIRECTION('',(0.,0.,1.));
#5616 = ORIENTED_EDGE('',*,*,#5617,.F.);
#5617 = EDGE_CURVE('',#5586,#5610,#5618,.T.);
#5618 = LINE('',#5619,#5620);
#5619 = CARTESIAN_POINT('',(-89.82886031093,3.448879782188,10.));
#5620 = VECTOR('',#5621,1.);
#5621 = DIRECTION('',(0.281944840641,-0.959430615957,0.));
#5622 = ORIENTED_EDGE('',*,*,#5585,.F.);
#5623 = PLANE('',#5624);
#5624 = AXIS2_PLACEMENT_3D('',#5625,#5626,#5627);
#5625 = CARTESIAN_POINT('',(-89.4585,2.18858,2.5));
#5626 = DIRECTION('',(0.959430615957,0.281944840641,0.));
#5627 = DIRECTION('',(0.281944840641,-0.959430615957,0.));
#5628 = ADVANCED_FACE('',(#5629),#5647,.T.);
#5629 = FACE_BOUND('',#5630,.F.);
#5630 = EDGE_LOOP('',(#5631,#5632,#5640,#5646));
#5631 = ORIENTED_EDGE('',*,*,#351,.F.);
#5632 = ORIENTED_EDGE('',*,*,#5633,.T.);
#5633 = EDGE_CURVE('',#344,#5634,#5636,.T.);
#5634 = VERTEX_POINT('',#5635);
#5635 = CARTESIAN_POINT('',(-89.3187,0.630357,10.));
#5636 = LINE('',#5637,#5638);
#5637 = CARTESIAN_POINT('',(-89.3187,0.630357,2.5));
#5638 = VECTOR('',#5639,1.);
#5639 = DIRECTION('',(0.,0.,1.));
#5640 = ORIENTED_EDGE('',*,*,#5641,.F.);
#5641 = EDGE_CURVE('',#5610,#5634,#5642,.T.);
#5642 = LINE('',#5643,#5644);
#5643 = CARTESIAN_POINT('',(-89.7455076855,5.387592709086,10.));
#5644 = VECTOR('',#5645,1.);
#5645 = DIRECTION('',(8.935866805676E-02,-0.995999512271,0.));
#5646 = ORIENTED_EDGE('',*,*,#5609,.F.);
#5647 = PLANE('',#5648);
#5648 = AXIS2_PLACEMENT_3D('',#5649,#5650,#5651);
#5649 = CARTESIAN_POINT('',(-89.3187,0.630357,2.5));
#5650 = DIRECTION('',(0.995999512271,8.935866805676E-02,0.));
#5651 = DIRECTION('',(8.935866805676E-02,-0.995999512271,0.));
#5652 = ADVANCED_FACE('',(#5653),#5671,.T.);
#5653 = FACE_BOUND('',#5654,.F.);
#5654 = EDGE_LOOP('',(#5655,#5656,#5664,#5670));
#5655 = ORIENTED_EDGE('',*,*,#343,.F.);
#5656 = ORIENTED_EDGE('',*,*,#5657,.T.);
#5657 = EDGE_CURVE('',#336,#5658,#5660,.T.);
#5658 = VERTEX_POINT('',#5659);
#5659 = CARTESIAN_POINT('',(-89.4857,-0.925193,10.));
#5660 = LINE('',#5661,#5662);
#5661 = CARTESIAN_POINT('',(-89.4857,-0.925193,2.5));
#5662 = VECTOR('',#5663,1.);
#5663 = DIRECTION('',(0.,0.,1.));
#5664 = ORIENTED_EDGE('',*,*,#5665,.F.);
#5665 = EDGE_CURVE('',#5634,#5658,#5666,.T.);
#5666 = LINE('',#5667,#5668);
#5667 = CARTESIAN_POINT('',(-88.6241037054,7.100292724937,10.));
#5668 = VECTOR('',#5669,1.);
#5669 = DIRECTION('',(-0.106744141436,-0.99428652222,-0.));
#5670 = ORIENTED_EDGE('',*,*,#5633,.F.);
#5671 = PLANE('',#5672);
#5672 = AXIS2_PLACEMENT_3D('',#5673,#5674,#5675);
#5673 = CARTESIAN_POINT('',(-89.4857,-0.925193,2.5));
#5674 = DIRECTION('',(0.99428652222,-0.106744141436,0.));
#5675 = DIRECTION('',(-0.106744141436,-0.99428652222,0.));
#5676 = ADVANCED_FACE('',(#5677),#5695,.T.);
#5677 = FACE_BOUND('',#5678,.F.);
#5678 = EDGE_LOOP('',(#5679,#5680,#5688,#5694));
#5679 = ORIENTED_EDGE('',*,*,#335,.F.);
#5680 = ORIENTED_EDGE('',*,*,#5681,.T.);
#5681 = EDGE_CURVE('',#328,#5682,#5684,.T.);
#5682 = VERTEX_POINT('',#5683);
#5683 = CARTESIAN_POINT('',(-89.9529,-2.41829,10.));
#5684 = LINE('',#5685,#5686);
#5685 = CARTESIAN_POINT('',(-89.9529,-2.41829,2.5));
#5686 = VECTOR('',#5687,1.);
#5687 = DIRECTION('',(0.,0.,1.));
#5688 = ORIENTED_EDGE('',*,*,#5689,.F.);
#5689 = EDGE_CURVE('',#5658,#5682,#5690,.T.);
#5690 = LINE('',#5691,#5692);
#5691 = CARTESIAN_POINT('',(-86.64700782774,8.146816345714,10.));
#5692 = VECTOR('',#5693,1.);
#5693 = DIRECTION('',(-0.298628550446,-0.95436941949,-0.));
#5694 = ORIENTED_EDGE('',*,*,#5657,.F.);
#5695 = PLANE('',#5696);
#5696 = AXIS2_PLACEMENT_3D('',#5697,#5698,#5699);
#5697 = CARTESIAN_POINT('',(-89.9529,-2.41829,2.5));
#5698 = DIRECTION('',(0.95436941949,-0.298628550446,0.));
#5699 = DIRECTION('',(-0.298628550446,-0.95436941949,0.));
#5700 = ADVANCED_FACE('',(#5701),#5719,.T.);
#5701 = FACE_BOUND('',#5702,.F.);
#5702 = EDGE_LOOP('',(#5703,#5704,#5712,#5718));
#5703 = ORIENTED_EDGE('',*,*,#327,.F.);
#5704 = ORIENTED_EDGE('',*,*,#5705,.T.);
#5705 = EDGE_CURVE('',#320,#5706,#5708,.T.);
#5706 = VERTEX_POINT('',#5707);
#5707 = CARTESIAN_POINT('',(-90.7024,-3.79155,10.));
#5708 = LINE('',#5709,#5710);
#5709 = CARTESIAN_POINT('',(-90.7024,-3.79155,2.5));
#5710 = VECTOR('',#5711,1.);
#5711 = DIRECTION('',(0.,0.,1.));
#5712 = ORIENTED_EDGE('',*,*,#5713,.F.);
#5713 = EDGE_CURVE('',#5682,#5706,#5714,.T.);
#5714 = LINE('',#5715,#5716);
#5715 = CARTESIAN_POINT('',(-84.15875589733,8.197942595636,10.));
#5716 = VECTOR('',#5717,1.);
#5717 = DIRECTION('',(-0.479073348703,-0.877774872369,-0.));
#5718 = ORIENTED_EDGE('',*,*,#5681,.F.);
#5719 = PLANE('',#5720);
#5720 = AXIS2_PLACEMENT_3D('',#5721,#5722,#5723);
#5721 = CARTESIAN_POINT('',(-90.7024,-3.79155,2.5));
#5722 = DIRECTION('',(0.877774872369,-0.479073348703,0.));
#5723 = DIRECTION('',(-0.479073348703,-0.877774872369,0.));
#5724 = ADVANCED_FACE('',(#5725),#5743,.T.);
#5725 = FACE_BOUND('',#5726,.F.);
#5726 = EDGE_LOOP('',(#5727,#5728,#5736,#5742));
#5727 = ORIENTED_EDGE('',*,*,#319,.F.);
#5728 = ORIENTED_EDGE('',*,*,#5729,.T.);
#5729 = EDGE_CURVE('',#312,#5730,#5732,.T.);
#5730 = VERTEX_POINT('',#5731);
#5731 = CARTESIAN_POINT('',(-91.7054,-4.9922,10.));
#5732 = LINE('',#5733,#5734);
#5733 = CARTESIAN_POINT('',(-91.7054,-4.9922,2.5));
#5734 = VECTOR('',#5735,1.);
#5735 = DIRECTION('',(0.,0.,1.));
#5736 = ORIENTED_EDGE('',*,*,#5737,.F.);
#5737 = EDGE_CURVE('',#5706,#5730,#5738,.T.);
#5738 = LINE('',#5739,#5740);
#5739 = CARTESIAN_POINT('',(-81.61569145197,7.085774644255,10.));
#5740 = VECTOR('',#5741,1.);
#5741 = DIRECTION('',(-0.64111128803,-0.767447924201,-0.));
#5742 = ORIENTED_EDGE('',*,*,#5705,.F.);
#5743 = PLANE('',#5744);
#5744 = AXIS2_PLACEMENT_3D('',#5745,#5746,#5747);
#5745 = CARTESIAN_POINT('',(-91.7054,-4.9922,2.5));
#5746 = DIRECTION('',(0.767447924201,-0.64111128803,0.));
#5747 = DIRECTION('',(-0.64111128803,-0.767447924201,0.));
#5748 = ADVANCED_FACE('',(#5749),#5767,.T.);
#5749 = FACE_BOUND('',#5750,.F.);
#5750 = EDGE_LOOP('',(#5751,#5752,#5760,#5766));
#5751 = ORIENTED_EDGE('',*,*,#311,.F.);
#5752 = ORIENTED_EDGE('',*,*,#5753,.T.);
#5753 = EDGE_CURVE('',#304,#5754,#5756,.T.);
#5754 = VERTEX_POINT('',#5755);
#5755 = CARTESIAN_POINT('',(-92.9233,-5.9741,10.));
#5756 = LINE('',#5757,#5758);
#5757 = CARTESIAN_POINT('',(-92.9233,-5.9741,2.5));
#5758 = VECTOR('',#5759,1.);
#5759 = DIRECTION('',(0.,0.,1.));
#5760 = ORIENTED_EDGE('',*,*,#5761,.F.);
#5761 = EDGE_CURVE('',#5730,#5754,#5762,.T.);
#5762 = LINE('',#5763,#5764);
#5763 = CARTESIAN_POINT('',(-79.512156745,4.838283251564,10.));
#5764 = VECTOR('',#5765,1.);
#5765 = DIRECTION('',(-0.778499684757,-0.627644995864,-0.));
#5766 = ORIENTED_EDGE('',*,*,#5729,.F.);
#5767 = PLANE('',#5768);
#5768 = AXIS2_PLACEMENT_3D('',#5769,#5770,#5771);
#5769 = CARTESIAN_POINT('',(-92.9233,-5.9741,2.5));
#5770 = DIRECTION('',(0.627644995864,-0.778499684757,0.));
#5771 = DIRECTION('',(-0.778499684757,-0.627644995864,0.));
#5772 = ADVANCED_FACE('',(#5773),#5791,.T.);
#5773 = FACE_BOUND('',#5774,.F.);
#5774 = EDGE_LOOP('',(#5775,#5776,#5784,#5790));
#5775 = ORIENTED_EDGE('',*,*,#303,.F.);
#5776 = ORIENTED_EDGE('',*,*,#5777,.T.);
#5777 = EDGE_CURVE('',#296,#5778,#5780,.T.);
#5778 = VERTEX_POINT('',#5779);
#5779 = CARTESIAN_POINT('',(-94.4844,-6.79108,10.));
#5780 = LINE('',#5781,#5782);
#5781 = CARTESIAN_POINT('',(-94.4844,-6.79108,2.5));
#5782 = VECTOR('',#5783,1.);
#5783 = DIRECTION('',(0.,0.,1.));
#5784 = ORIENTED_EDGE('',*,*,#5785,.F.);
#5785 = EDGE_CURVE('',#5754,#5778,#5786,.T.);
#5786 = LINE('',#5787,#5788);
#5787 = CARTESIAN_POINT('',(-78.38763522033,1.632938249754,10.));
#5788 = VECTOR('',#5789,1.);
#5789 = DIRECTION('',(-0.886003880375,-0.463677823451,-0.));
#5790 = ORIENTED_EDGE('',*,*,#5753,.F.);
#5791 = PLANE('',#5792);
#5792 = AXIS2_PLACEMENT_3D('',#5793,#5794,#5795);
#5793 = CARTESIAN_POINT('',(-94.4844,-6.79108,2.5));
#5794 = DIRECTION('',(0.463677823451,-0.886003880375,0.));
#5795 = DIRECTION('',(-0.886003880375,-0.463677823451,0.));
#5796 = ADVANCED_FACE('',(#5797),#5815,.T.);
#5797 = FACE_BOUND('',#5798,.F.);
#5798 = EDGE_LOOP('',(#5799,#5800,#5808,#5814));
#5799 = ORIENTED_EDGE('',*,*,#295,.F.);
#5800 = ORIENTED_EDGE('',*,*,#5801,.T.);
#5801 = EDGE_CURVE('',#288,#5802,#5804,.T.);
#5802 = VERTEX_POINT('',#5803);
#5803 = CARTESIAN_POINT('',(-108.467,-12.4404,10.));
#5804 = LINE('',#5805,#5806);
#5805 = CARTESIAN_POINT('',(-108.467,-12.4404,2.5));
#5806 = VECTOR('',#5807,1.);
#5807 = DIRECTION('',(0.,0.,1.));
#5808 = ORIENTED_EDGE('',*,*,#5809,.F.);
#5809 = EDGE_CURVE('',#5778,#5802,#5810,.T.);
#5810 = LINE('',#5811,#5812);
#5811 = CARTESIAN_POINT('',(-84.83871919261,-2.893983787654,10.));
#5812 = VECTOR('',#5813,1.);
#5813 = DIRECTION('',(-0.927184248526,-0.374605618332,-0.));
#5814 = ORIENTED_EDGE('',*,*,#5777,.F.);
#5815 = PLANE('',#5816);
#5816 = AXIS2_PLACEMENT_3D('',#5817,#5818,#5819);
#5817 = CARTESIAN_POINT('',(-108.467,-12.4404,2.5));
#5818 = DIRECTION('',(0.374605618332,-0.927184248526,0.));
#5819 = DIRECTION('',(-0.927184248526,-0.374605618332,0.));
#5820 = ADVANCED_FACE('',(#5821),#5839,.T.);
#5821 = FACE_BOUND('',#5822,.F.);
#5822 = EDGE_LOOP('',(#5823,#5824,#5832,#5838));
#5823 = ORIENTED_EDGE('',*,*,#287,.F.);
#5824 = ORIENTED_EDGE('',*,*,#5825,.T.);
#5825 = EDGE_CURVE('',#280,#5826,#5828,.T.);
#5826 = VERTEX_POINT('',#5827);
#5827 = CARTESIAN_POINT('',(-108.823,-12.6051,10.));
#5828 = LINE('',#5829,#5830);
#5829 = CARTESIAN_POINT('',(-108.823,-12.6051,2.5));
#5830 = VECTOR('',#5831,1.);
#5831 = DIRECTION('',(0.,0.,1.));
#5832 = ORIENTED_EDGE('',*,*,#5833,.F.);
#5833 = EDGE_CURVE('',#5802,#5826,#5834,.T.);
#5834 = LINE('',#5835,#5836);
#5835 = CARTESIAN_POINT('',(-85.40261045459,-1.769880454696,10.));
#5836 = VECTOR('',#5837,1.);
#5837 = DIRECTION('',(-0.907578468879,-0.419882510743,-0.));
#5838 = ORIENTED_EDGE('',*,*,#5801,.F.);
#5839 = PLANE('',#5840);
#5840 = AXIS2_PLACEMENT_3D('',#5841,#5842,#5843);
#5841 = CARTESIAN_POINT('',(-108.823,-12.6051,2.5));
#5842 = DIRECTION('',(0.419882510743,-0.907578468879,0.));
#5843 = DIRECTION('',(-0.907578468879,-0.419882510743,0.));
#5844 = ADVANCED_FACE('',(#5845),#5863,.T.);
#5845 = FACE_BOUND('',#5846,.F.);
#5846 = EDGE_LOOP('',(#5847,#5848,#5856,#5862));
#5847 = ORIENTED_EDGE('',*,*,#279,.F.);
#5848 = ORIENTED_EDGE('',*,*,#5849,.T.);
#5849 = EDGE_CURVE('',#272,#5850,#5852,.T.);
#5850 = VERTEX_POINT('',#5851);
#5851 = CARTESIAN_POINT('',(-109.042,-12.7196,10.));
#5852 = LINE('',#5853,#5854);
#5853 = CARTESIAN_POINT('',(-109.042,-12.7196,2.5));
#5854 = VECTOR('',#5855,1.);
#5855 = DIRECTION('',(0.,0.,1.));
#5856 = ORIENTED_EDGE('',*,*,#5857,.F.);
#5857 = EDGE_CURVE('',#5826,#5850,#5858,.T.);
#5858 = LINE('',#5859,#5860);
#5859 = CARTESIAN_POINT('',(-86.0090298337,-0.677248018081,10.));
#5860 = VECTOR('',#5861,1.);
#5861 = DIRECTION('',(-0.886187684451,-0.463326437761,-0.));
#5862 = ORIENTED_EDGE('',*,*,#5825,.F.);
#5863 = PLANE('',#5864);
#5864 = AXIS2_PLACEMENT_3D('',#5865,#5866,#5867);
#5865 = CARTESIAN_POINT('',(-109.042,-12.7196,2.5));
#5866 = DIRECTION('',(0.463326437761,-0.886187684451,0.));
#5867 = DIRECTION('',(-0.886187684451,-0.463326437761,0.));
#5868 = ADVANCED_FACE('',(#5869),#5887,.T.);
#5869 = FACE_BOUND('',#5870,.F.);
#5870 = EDGE_LOOP('',(#5871,#5872,#5880,#5886));
#5871 = ORIENTED_EDGE('',*,*,#271,.F.);
#5872 = ORIENTED_EDGE('',*,*,#5873,.T.);
#5873 = EDGE_CURVE('',#264,#5874,#5876,.T.);
#5874 = VERTEX_POINT('',#5875);
#5875 = CARTESIAN_POINT('',(-109.264,-12.8248,10.));
#5876 = LINE('',#5877,#5878);
#5877 = CARTESIAN_POINT('',(-109.264,-12.8248,2.5));
#5878 = VECTOR('',#5879,1.);
#5879 = DIRECTION('',(0.,0.,1.));
#5880 = ORIENTED_EDGE('',*,*,#5881,.F.);
#5881 = EDGE_CURVE('',#5850,#5874,#5882,.T.);
#5882 = LINE('',#5883,#5884);
#5883 = CARTESIAN_POINT('',(-85.70695369269,-1.661731209333,10.));
#5884 = VECTOR('',#5885,1.);
#5885 = DIRECTION('',(-0.903671519759,-0.428226323778,-0.));
#5886 = ORIENTED_EDGE('',*,*,#5849,.F.);
#5887 = PLANE('',#5888);
#5888 = AXIS2_PLACEMENT_3D('',#5889,#5890,#5891);
#5889 = CARTESIAN_POINT('',(-109.264,-12.8248,2.5));
#5890 = DIRECTION('',(0.428226323778,-0.903671519759,0.));
#5891 = DIRECTION('',(-0.903671519759,-0.428226323778,0.));
#5892 = ADVANCED_FACE('',(#5893),#5911,.T.);
#5893 = FACE_BOUND('',#5894,.F.);
#5894 = EDGE_LOOP('',(#5895,#5896,#5904,#5910));
#5895 = ORIENTED_EDGE('',*,*,#263,.F.);
#5896 = ORIENTED_EDGE('',*,*,#5897,.T.);
#5897 = EDGE_CURVE('',#256,#5898,#5900,.T.);
#5898 = VERTEX_POINT('',#5899);
#5899 = CARTESIAN_POINT('',(-109.946,-13.1935,10.));
#5900 = LINE('',#5901,#5902);
#5901 = CARTESIAN_POINT('',(-109.946,-13.1935,2.5));
#5902 = VECTOR('',#5903,1.);
#5903 = DIRECTION('',(0.,0.,1.));
#5904 = ORIENTED_EDGE('',*,*,#5905,.F.);
#5905 = EDGE_CURVE('',#5874,#5898,#5906,.T.);
#5906 = LINE('',#5907,#5908);
#5907 = CARTESIAN_POINT('',(-86.62748237418,-0.587140104638,10.));
#5908 = VECTOR('',#5909,1.);
#5909 = DIRECTION('',(-0.879678804699,-0.475568292218,-0.));
#5910 = ORIENTED_EDGE('',*,*,#5873,.F.);
#5911 = PLANE('',#5912);
#5912 = AXIS2_PLACEMENT_3D('',#5913,#5914,#5915);
#5913 = CARTESIAN_POINT('',(-109.946,-13.1935,2.5));
#5914 = DIRECTION('',(0.475568292218,-0.879678804699,0.));
#5915 = DIRECTION('',(-0.879678804699,-0.475568292218,0.));
#5916 = ADVANCED_FACE('',(#5917),#5935,.T.);
#5917 = FACE_BOUND('',#5918,.F.);
#5918 = EDGE_LOOP('',(#5919,#5920,#5928,#5934));
#5919 = ORIENTED_EDGE('',*,*,#255,.F.);
#5920 = ORIENTED_EDGE('',*,*,#5921,.T.);
#5921 = EDGE_CURVE('',#248,#5922,#5924,.T.);
#5922 = VERTEX_POINT('',#5923);
#5923 = CARTESIAN_POINT('',(-110.282,-13.3967,10.));
#5924 = LINE('',#5925,#5926);
#5925 = CARTESIAN_POINT('',(-110.282,-13.3967,2.5));
#5926 = VECTOR('',#5927,1.);
#5927 = DIRECTION('',(0.,0.,1.));
#5928 = ORIENTED_EDGE('',*,*,#5929,.F.);
#5929 = EDGE_CURVE('',#5898,#5922,#5930,.T.);
#5930 = LINE('',#5931,#5932);
#5931 = CARTESIAN_POINT('',(-87.44583463271,0.413742864979,10.));
#5932 = VECTOR('',#5933,1.);
#5933 = DIRECTION('',(-0.855690023312,-0.517488728384,-0.));
#5934 = ORIENTED_EDGE('',*,*,#5897,.F.);
#5935 = PLANE('',#5936);
#5936 = AXIS2_PLACEMENT_3D('',#5937,#5938,#5939);
#5937 = CARTESIAN_POINT('',(-110.282,-13.3967,2.5));
#5938 = DIRECTION('',(0.517488728384,-0.855690023312,0.));
#5939 = DIRECTION('',(-0.855690023312,-0.517488728384,0.));
#5940 = ADVANCED_FACE('',(#5941),#5959,.T.);
#5941 = FACE_BOUND('',#5942,.F.);
#5942 = EDGE_LOOP('',(#5943,#5944,#5952,#5958));
#5943 = ORIENTED_EDGE('',*,*,#247,.F.);
#5944 = ORIENTED_EDGE('',*,*,#5945,.T.);
#5945 = EDGE_CURVE('',#240,#5946,#5948,.T.);
#5946 = VERTEX_POINT('',#5947);
#5947 = CARTESIAN_POINT('',(-126.374,-24.2509,10.));
#5948 = LINE('',#5949,#5950);
#5949 = CARTESIAN_POINT('',(-126.374,-24.2509,2.5));
#5950 = VECTOR('',#5951,1.);
#5951 = DIRECTION('',(0.,0.,1.));
#5952 = ORIENTED_EDGE('',*,*,#5953,.F.);
#5953 = EDGE_CURVE('',#5922,#5946,#5954,.T.);
#5954 = LINE('',#5955,#5956);
#5955 = CARTESIAN_POINT('',(-96.27082814243,-3.946037461075,10.));
#5956 = VECTOR('',#5957,1.);
#5957 = DIRECTION('',(-0.829037358869,-0.559193220273,-0.));
#5958 = ORIENTED_EDGE('',*,*,#5921,.F.);
#5959 = PLANE('',#5960);
#5960 = AXIS2_PLACEMENT_3D('',#5961,#5962,#5963);
#5961 = CARTESIAN_POINT('',(-126.374,-24.2509,2.5));
#5962 = DIRECTION('',(0.559193220273,-0.829037358869,0.));
#5963 = DIRECTION('',(-0.829037358869,-0.559193220273,0.));
#5964 = ADVANCED_FACE('',(#5965),#5983,.T.);
#5965 = FACE_BOUND('',#5966,.F.);
#5966 = EDGE_LOOP('',(#5967,#5968,#5976,#5982));
#5967 = ORIENTED_EDGE('',*,*,#239,.F.);
#5968 = ORIENTED_EDGE('',*,*,#5969,.T.);
#5969 = EDGE_CURVE('',#232,#5970,#5972,.T.);
#5970 = VERTEX_POINT('',#5971);
#5971 = CARTESIAN_POINT('',(-126.978,-24.751,10.));
#5972 = LINE('',#5973,#5974);
#5973 = CARTESIAN_POINT('',(-126.978,-24.751,2.5));
#5974 = VECTOR('',#5975,1.);
#5975 = DIRECTION('',(0.,0.,1.));
#5976 = ORIENTED_EDGE('',*,*,#5977,.F.);
#5977 = EDGE_CURVE('',#5946,#5970,#5978,.T.);
#5978 = LINE('',#5979,#5980);
#5979 = CARTESIAN_POINT('',(-99.01655966034,-1.599482924071,10.));
#5980 = VECTOR('',#5981,1.);
#5981 = DIRECTION('',(-0.77024526703,-0.637747778215,-0.));
#5982 = ORIENTED_EDGE('',*,*,#5945,.F.);
#5983 = PLANE('',#5984);
#5984 = AXIS2_PLACEMENT_3D('',#5985,#5986,#5987);
#5985 = CARTESIAN_POINT('',(-126.978,-24.751,2.5));
#5986 = DIRECTION('',(0.637747778215,-0.77024526703,0.));
#5987 = DIRECTION('',(-0.77024526703,-0.637747778215,0.));
#5988 = ADVANCED_FACE('',(#5989),#6007,.T.);
#5989 = FACE_BOUND('',#5990,.F.);
#5990 = EDGE_LOOP('',(#5991,#5992,#6000,#6006));
#5991 = ORIENTED_EDGE('',*,*,#231,.F.);
#5992 = ORIENTED_EDGE('',*,*,#5993,.T.);
#5993 = EDGE_CURVE('',#224,#5994,#5996,.T.);
#5994 = VERTEX_POINT('',#5995);
#5995 = CARTESIAN_POINT('',(-127.473,-25.3593,10.));
#5996 = LINE('',#5997,#5998);
#5997 = CARTESIAN_POINT('',(-127.473,-25.3593,2.5));
#5998 = VECTOR('',#5999,1.);
#5999 = DIRECTION('',(0.,0.,1.));
#6000 = ORIENTED_EDGE('',*,*,#6001,.F.);
#6001 = EDGE_CURVE('',#5970,#5994,#6002,.T.);
#6002 = LINE('',#6003,#6004);
#6003 = CARTESIAN_POINT('',(-105.4725294199,1.676833846209,10.));
#6004 = VECTOR('',#6005,1.);
#6005 = DIRECTION('',(-0.631173292938,-0.775641846655,-0.));
#6006 = ORIENTED_EDGE('',*,*,#5969,.F.);
#6007 = PLANE('',#6008);
#6008 = AXIS2_PLACEMENT_3D('',#6009,#6010,#6011);
#6009 = CARTESIAN_POINT('',(-127.473,-25.3593,2.5));
#6010 = DIRECTION('',(0.775641846655,-0.631173292938,0.));
#6011 = DIRECTION('',(-0.631173292938,-0.775641846655,0.));
#6012 = ADVANCED_FACE('',(#6013),#6031,.T.);
#6013 = FACE_BOUND('',#6014,.F.);
#6014 = EDGE_LOOP('',(#6015,#6016,#6024,#6030));
#6015 = ORIENTED_EDGE('',*,*,#223,.F.);
#6016 = ORIENTED_EDGE('',*,*,#6017,.T.);
#6017 = EDGE_CURVE('',#216,#6018,#6020,.T.);
#6018 = VERTEX_POINT('',#6019);
#6019 = CARTESIAN_POINT('',(-127.84,-26.0525,10.));
#6020 = LINE('',#6021,#6022);
#6021 = CARTESIAN_POINT('',(-127.84,-26.0525,2.5));
#6022 = VECTOR('',#6023,1.);
#6023 = DIRECTION('',(0.,0.,1.));
#6024 = ORIENTED_EDGE('',*,*,#6025,.F.);
#6025 = EDGE_CURVE('',#5994,#6018,#6026,.T.);
#6026 = LINE('',#6027,#6028);
#6027 = CARTESIAN_POINT('',(-112.8289811067,2.300737865857,10.));
#6028 = VECTOR('',#6029,1.);
#6029 = DIRECTION('',(-0.467899435954,-0.883781713906,-0.));
#6030 = ORIENTED_EDGE('',*,*,#5993,.F.);
#6031 = PLANE('',#6032);
#6032 = AXIS2_PLACEMENT_3D('',#6033,#6034,#6035);
#6033 = CARTESIAN_POINT('',(-127.84,-26.0525,2.5));
#6034 = DIRECTION('',(0.883781713906,-0.467899435954,0.));
#6035 = DIRECTION('',(-0.467899435954,-0.883781713906,0.));
#6036 = ADVANCED_FACE('',(#6037),#6055,.T.);
#6037 = FACE_BOUND('',#6038,.F.);
#6038 = EDGE_LOOP('',(#6039,#6040,#6048,#6054));
#6039 = ORIENTED_EDGE('',*,*,#215,.F.);
#6040 = ORIENTED_EDGE('',*,*,#6041,.T.);
#6041 = EDGE_CURVE('',#208,#6042,#6044,.T.);
#6042 = VERTEX_POINT('',#6043);
#6043 = CARTESIAN_POINT('',(-128.064,-26.8039,10.));
#6044 = LINE('',#6045,#6046);
#6045 = CARTESIAN_POINT('',(-128.064,-26.8039,2.5));
#6046 = VECTOR('',#6047,1.);
#6047 = DIRECTION('',(0.,0.,1.));
#6048 = ORIENTED_EDGE('',*,*,#6049,.F.);
#6049 = EDGE_CURVE('',#6018,#6042,#6050,.T.);
#6050 = LINE('',#6051,#6052);
#6051 = CARTESIAN_POINT('',(-120.0483041144,8.446557318825E-02,10.));
#6052 = VECTOR('',#6053,1.);
#6053 = DIRECTION('',(-0.285685944228,-0.958323296842,-0.));
#6054 = ORIENTED_EDGE('',*,*,#6017,.F.);
#6055 = PLANE('',#6056);
#6056 = AXIS2_PLACEMENT_3D('',#6057,#6058,#6059);
#6057 = CARTESIAN_POINT('',(-128.064,-26.8039,2.5));
#6058 = DIRECTION('',(0.958323296842,-0.285685944228,0.));
#6059 = DIRECTION('',(-0.285685944228,-0.958323296842,0.));
#6060 = ADVANCED_FACE('',(#6061),#6079,.T.);
#6061 = FACE_BOUND('',#6062,.F.);
#6062 = EDGE_LOOP('',(#6063,#6064,#6072,#6078));
#6063 = ORIENTED_EDGE('',*,*,#207,.F.);
#6064 = ORIENTED_EDGE('',*,*,#6065,.T.);
#6065 = EDGE_CURVE('',#200,#6066,#6068,.T.);
#6066 = VERTEX_POINT('',#6067);
#6067 = CARTESIAN_POINT('',(-128.137,-27.5846,10.));
#6068 = LINE('',#6069,#6070);
#6069 = CARTESIAN_POINT('',(-128.137,-27.5846,2.5));
#6070 = VECTOR('',#6071,1.);
#6071 = DIRECTION('',(0.,0.,1.));
#6072 = ORIENTED_EDGE('',*,*,#6073,.F.);
#6073 = EDGE_CURVE('',#6042,#6066,#6074,.T.);
#6074 = LINE('',#6075,#6076);
#6075 = CARTESIAN_POINT('',(-125.9980206227,-4.709241098242,10.));
#6076 = VECTOR('',#6077,1.);
#6077 = DIRECTION('',(-9.309971265673E-02,-0.995656790015,-0.));
#6078 = ORIENTED_EDGE('',*,*,#6041,.F.);
#6079 = PLANE('',#6080);
#6080 = AXIS2_PLACEMENT_3D('',#6081,#6082,#6083);
#6081 = CARTESIAN_POINT('',(-128.137,-27.5846,2.5));
#6082 = DIRECTION('',(0.995656790015,-9.309971265673E-02,0.));
#6083 = DIRECTION('',(-9.309971265673E-02,-0.995656790015,0.));
#6084 = ADVANCED_FACE('',(#6085),#6103,.T.);
#6085 = FACE_BOUND('',#6086,.F.);
#6086 = EDGE_LOOP('',(#6087,#6088,#6096,#6102));
#6087 = ORIENTED_EDGE('',*,*,#199,.F.);
#6088 = ORIENTED_EDGE('',*,*,#6089,.T.);
#6089 = EDGE_CURVE('',#192,#6090,#6092,.T.);
#6090 = VERTEX_POINT('',#6091);
#6091 = CARTESIAN_POINT('',(-128.057,-28.3646,10.));
#6092 = LINE('',#6093,#6094);
#6093 = CARTESIAN_POINT('',(-128.057,-28.3646,2.5));
#6094 = VECTOR('',#6095,1.);
#6095 = DIRECTION('',(0.,0.,1.));
#6096 = ORIENTED_EDGE('',*,*,#6097,.F.);
#6097 = EDGE_CURVE('',#6066,#6090,#6098,.T.);
#6098 = LINE('',#6099,#6100);
#6099 = CARTESIAN_POINT('',(-129.7967637459,-11.40190347692,10.));
#6100 = VECTOR('',#6101,1.);
#6101 = DIRECTION('',(0.102028865499,-0.994781438611,0.));
#6102 = ORIENTED_EDGE('',*,*,#6065,.F.);
#6103 = PLANE('',#6104);
#6104 = AXIS2_PLACEMENT_3D('',#6105,#6106,#6107);
#6105 = CARTESIAN_POINT('',(-128.057,-28.3646,2.5));
#6106 = DIRECTION('',(0.994781438611,0.102028865499,0.));
#6107 = DIRECTION('',(0.102028865499,-0.994781438611,0.));
#6108 = ADVANCED_FACE('',(#6109),#6127,.T.);
#6109 = FACE_BOUND('',#6110,.F.);
#6110 = EDGE_LOOP('',(#6111,#6112,#6120,#6126));
#6111 = ORIENTED_EDGE('',*,*,#191,.F.);
#6112 = ORIENTED_EDGE('',*,*,#6113,.T.);
#6113 = EDGE_CURVE('',#184,#6114,#6116,.T.);
#6114 = VERTEX_POINT('',#6115);
#6115 = CARTESIAN_POINT('',(-127.826,-29.1139,10.));
#6116 = LINE('',#6117,#6118);
#6117 = CARTESIAN_POINT('',(-127.826,-29.1139,2.5));
#6118 = VECTOR('',#6119,1.);
#6119 = DIRECTION('',(0.,0.,1.));
#6120 = ORIENTED_EDGE('',*,*,#6121,.F.);
#6121 = EDGE_CURVE('',#6090,#6114,#6122,.T.);
#6122 = LINE('',#6123,#6124);
#6123 = CARTESIAN_POINT('',(-130.9002315673,-19.14194453081,10.));
#6124 = VECTOR('',#6125,1.);
#6125 = DIRECTION('',(0.294605596197,-0.955618931734,0.));
#6126 = ORIENTED_EDGE('',*,*,#6089,.F.);
#6127 = PLANE('',#6128);
#6128 = AXIS2_PLACEMENT_3D('',#6129,#6130,#6131);
#6129 = CARTESIAN_POINT('',(-127.826,-29.1139,2.5));
#6130 = DIRECTION('',(0.955618931734,0.294605596197,0.));
#6131 = DIRECTION('',(0.294605596197,-0.955618931734,0.));
#6132 = ADVANCED_FACE('',(#6133),#6151,.T.);
#6133 = FACE_BOUND('',#6134,.F.);
#6134 = EDGE_LOOP('',(#6135,#6136,#6144,#6150));
#6135 = ORIENTED_EDGE('',*,*,#183,.F.);
#6136 = ORIENTED_EDGE('',*,*,#6137,.T.);
#6137 = EDGE_CURVE('',#176,#6138,#6140,.T.);
#6138 = VERTEX_POINT('',#6139);
#6139 = CARTESIAN_POINT('',(-127.454,-29.8039,10.));
#6140 = LINE('',#6141,#6142);
#6141 = CARTESIAN_POINT('',(-127.454,-29.8039,2.5));
#6142 = VECTOR('',#6143,1.);
#6143 = DIRECTION('',(0.,0.,1.));
#6144 = ORIENTED_EDGE('',*,*,#6145,.F.);
#6145 = EDGE_CURVE('',#6114,#6138,#6146,.T.);
#6146 = LINE('',#6147,#6148);
#6147 = CARTESIAN_POINT('',(-129.1040715428,-26.74328342863,10.));
#6148 = VECTOR('',#6149,1.);
#6149 = DIRECTION('',(0.474556198408,-0.880225206724,0.));
#6150 = ORIENTED_EDGE('',*,*,#6113,.F.);
#6151 = PLANE('',#6152);
#6152 = AXIS2_PLACEMENT_3D('',#6153,#6154,#6155);
#6153 = CARTESIAN_POINT('',(-127.454,-29.8039,2.5));
#6154 = DIRECTION('',(0.880225206724,0.474556198408,0.));
#6155 = DIRECTION('',(0.474556198408,-0.880225206724,0.));
#6156 = ADVANCED_FACE('',(#6157),#6175,.T.);
#6157 = FACE_BOUND('',#6158,.F.);
#6158 = EDGE_LOOP('',(#6159,#6160,#6168,#6174));
#6159 = ORIENTED_EDGE('',*,*,#175,.F.);
#6160 = ORIENTED_EDGE('',*,*,#6161,.T.);
#6161 = EDGE_CURVE('',#168,#6162,#6164,.T.);
#6162 = VERTEX_POINT('',#6163);
#6163 = CARTESIAN_POINT('',(-115.843,-47.0168,10.));
#6164 = LINE('',#6165,#6166);
#6165 = CARTESIAN_POINT('',(-115.843,-47.0168,2.5));
#6166 = VECTOR('',#6167,1.);
#6167 = DIRECTION('',(0.,0.,1.));
#6168 = ORIENTED_EDGE('',*,*,#6169,.F.);
#6169 = EDGE_CURVE('',#6138,#6162,#6170,.T.);
#6170 = LINE('',#6171,#6172);
#6171 = CARTESIAN_POINT('',(-121.474929706,-38.66766186911,10.));
#6172 = VECTOR('',#6173,1.);
#6173 = DIRECTION('',(0.559217807842,-0.8290207738,0.));
#6174 = ORIENTED_EDGE('',*,*,#6137,.F.);
#6175 = PLANE('',#6176);
#6176 = AXIS2_PLACEMENT_3D('',#6177,#6178,#6179);
#6177 = CARTESIAN_POINT('',(-115.843,-47.0168,2.5));
#6178 = DIRECTION('',(0.8290207738,0.559217807842,0.));
#6179 = DIRECTION('',(0.559217807842,-0.8290207738,0.));
#6180 = ADVANCED_FACE('',(#6181),#6199,.T.);
#6181 = FACE_BOUND('',#6182,.F.);
#6182 = EDGE_LOOP('',(#6183,#6184,#6192,#6198));
#6183 = ORIENTED_EDGE('',*,*,#167,.F.);
#6184 = ORIENTED_EDGE('',*,*,#6185,.T.);
#6185 = EDGE_CURVE('',#160,#6186,#6188,.T.);
#6186 = VERTEX_POINT('',#6187);
#6187 = CARTESIAN_POINT('',(-115.343,-47.6207,10.));
#6188 = LINE('',#6189,#6190);
#6189 = CARTESIAN_POINT('',(-115.343,-47.6207,2.5));
#6190 = VECTOR('',#6191,1.);
#6191 = DIRECTION('',(0.,0.,1.));
#6192 = ORIENTED_EDGE('',*,*,#6193,.F.);
#6193 = EDGE_CURVE('',#6162,#6186,#6194,.T.);
#6194 = LINE('',#6195,#6196);
#6195 = CARTESIAN_POINT('',(-119.5915278926,-42.48932801127,10.));
#6196 = VECTOR('',#6197,1.);
#6197 = DIRECTION('',(0.637734761248,-0.770256044635,0.));
#6198 = ORIENTED_EDGE('',*,*,#6161,.F.);
#6199 = PLANE('',#6200);
#6200 = AXIS2_PLACEMENT_3D('',#6201,#6202,#6203);
#6201 = CARTESIAN_POINT('',(-115.343,-47.6207,2.5));
#6202 = DIRECTION('',(0.770256044635,0.637734761248,0.));
#6203 = DIRECTION('',(0.637734761248,-0.770256044635,0.));
#6204 = ADVANCED_FACE('',(#6205),#6223,.T.);
#6205 = FACE_BOUND('',#6206,.F.);
#6206 = EDGE_LOOP('',(#6207,#6208,#6216,#6222));
#6207 = ORIENTED_EDGE('',*,*,#159,.F.);
#6208 = ORIENTED_EDGE('',*,*,#6209,.T.);
#6209 = EDGE_CURVE('',#152,#6210,#6212,.T.);
#6210 = VERTEX_POINT('',#6211);
#6211 = CARTESIAN_POINT('',(-114.735,-48.1155,10.));
#6212 = LINE('',#6213,#6214);
#6213 = CARTESIAN_POINT('',(-114.735,-48.1155,2.5));
#6214 = VECTOR('',#6215,1.);
#6215 = DIRECTION('',(0.,0.,1.));
#6216 = ORIENTED_EDGE('',*,*,#6217,.F.);
#6217 = EDGE_CURVE('',#6186,#6210,#6218,.T.);
#6218 = LINE('',#6219,#6220);
#6219 = CARTESIAN_POINT('',(-114.1949591748,-48.55499375043,10.));
#6220 = VECTOR('',#6221,1.);
#6221 = DIRECTION('',(0.775614289878,-0.631207155644,0.));
#6222 = ORIENTED_EDGE('',*,*,#6185,.F.);
#6223 = PLANE('',#6224);
#6224 = AXIS2_PLACEMENT_3D('',#6225,#6226,#6227);
#6225 = CARTESIAN_POINT('',(-114.735,-48.1155,2.5));
#6226 = DIRECTION('',(0.631207155644,0.775614289878,0.));
#6227 = DIRECTION('',(0.775614289878,-0.631207155644,0.));
#6228 = ADVANCED_FACE('',(#6229),#6263,.T.);
#6229 = FACE_BOUND('',#6230,.F.);
#6230 = EDGE_LOOP('',(#6231,#6232,#6240,#6248,#6256,#6262));
#6231 = ORIENTED_EDGE('',*,*,#151,.F.);
#6232 = ORIENTED_EDGE('',*,*,#6233,.F.);
#6233 = EDGE_CURVE('',#6234,#143,#6236,.T.);
#6234 = VERTEX_POINT('',#6235);
#6235 = CARTESIAN_POINT('',(-114.6558873113,-48.15736237075,4.9));
#6236 = LINE('',#6237,#6238);
#6237 = CARTESIAN_POINT('',(-114.6558873113,-48.15736237075,0.));
#6238 = VECTOR('',#6239,1.);
#6239 = DIRECTION('',(0.,0.,-1.));
#6240 = ORIENTED_EDGE('',*,*,#6241,.F.);
#6241 = EDGE_CURVE('',#6242,#6234,#6244,.T.);
#6242 = VERTEX_POINT('',#6243);
#6243 = CARTESIAN_POINT('',(-114.042,-48.4822,4.9));
#6244 = LINE('',#6245,#6246);
#6245 = CARTESIAN_POINT('',(-113.8125888068,-48.60359261836,4.9));
#6246 = VECTOR('',#6247,1.);
#6247 = DIRECTION('',(-0.883884073198,0.467706045659,0.));
#6248 = ORIENTED_EDGE('',*,*,#6249,.T.);
#6249 = EDGE_CURVE('',#6242,#6250,#6252,.T.);
#6250 = VERTEX_POINT('',#6251);
#6251 = CARTESIAN_POINT('',(-114.042,-48.4822,10.));
#6252 = LINE('',#6253,#6254);
#6253 = CARTESIAN_POINT('',(-114.042,-48.4822,2.5));
#6254 = VECTOR('',#6255,1.);
#6255 = DIRECTION('',(0.,0.,1.));
#6256 = ORIENTED_EDGE('',*,*,#6257,.F.);
#6257 = EDGE_CURVE('',#6210,#6250,#6258,.T.);
#6258 = LINE('',#6259,#6260);
#6259 = CARTESIAN_POINT('',(-106.9434728682,-52.23837590074,10.));
#6260 = VECTOR('',#6261,1.);
#6261 = DIRECTION('',(0.883884073198,-0.467706045659,0.));
#6262 = ORIENTED_EDGE('',*,*,#6209,.F.);
#6263 = PLANE('',#6264);
#6264 = AXIS2_PLACEMENT_3D('',#6265,#6266,#6267);
#6265 = CARTESIAN_POINT('',(-114.042,-48.4822,2.5));
#6266 = DIRECTION('',(0.467706045659,0.883884073198,0.));
#6267 = DIRECTION('',(0.883884073198,-0.467706045659,0.));
#6268 = ADVANCED_FACE('',(#6269),#6288,.T.);
#6269 = FACE_BOUND('',#6270,.T.);
#6270 = EDGE_LOOP('',(#6271,#6272,#6280,#6287));
#6271 = ORIENTED_EDGE('',*,*,#1635,.T.);
#6272 = ORIENTED_EDGE('',*,*,#6273,.T.);
#6273 = EDGE_CURVE('',#1636,#6274,#6276,.T.);
#6274 = VERTEX_POINT('',#6275);
#6275 = CARTESIAN_POINT('',(-61.5,-4.4,4.9));
#6276 = LINE('',#6277,#6278);
#6277 = CARTESIAN_POINT('',(-61.5,-4.4,0.));
#6278 = VECTOR('',#6279,1.);
#6279 = DIRECTION('',(0.,0.,1.));
#6280 = ORIENTED_EDGE('',*,*,#6281,.T.);
#6281 = EDGE_CURVE('',#6274,#6274,#6282,.T.);
#6282 = CIRCLE('',#6283,3.);
#6283 = AXIS2_PLACEMENT_3D('',#6284,#6285,#6286);
#6284 = CARTESIAN_POINT('',(-58.5,-4.4,4.9));
#6285 = DIRECTION('',(0.,0.,-1.));
#6286 = DIRECTION('',(-1.,-0.,-0.));
#6287 = ORIENTED_EDGE('',*,*,#6273,.F.);
#6288 = CYLINDRICAL_SURFACE('',#6289,3.);
#6289 = AXIS2_PLACEMENT_3D('',#6290,#6291,#6292);
#6290 = CARTESIAN_POINT('',(-58.5,-4.4,0.));
#6291 = DIRECTION('',(0.,0.,-1.));
#6292 = DIRECTION('',(-1.,-0.,-0.));
#6293 = ADVANCED_FACE('',(#6294),#6319,.F.);
#6294 = FACE_BOUND('',#6295,.T.);
#6295 = EDGE_LOOP('',(#6296,#6304,#6305,#6313));
#6296 = ORIENTED_EDGE('',*,*,#6297,.F.);
#6297 = EDGE_CURVE('',#1660,#6298,#6300,.T.);
#6298 = VERTEX_POINT('',#6299);
#6299 = CARTESIAN_POINT('',(-46.3,18.5,4.8));
#6300 = LINE('',#6301,#6302);
#6301 = CARTESIAN_POINT('',(-46.3,18.5,2.49));
#6302 = VECTOR('',#6303,1.);
#6303 = DIRECTION('',(0.,0.,1.));
#6304 = ORIENTED_EDGE('',*,*,#1657,.F.);
#6305 = ORIENTED_EDGE('',*,*,#6306,.T.);
#6306 = EDGE_CURVE('',#1658,#6307,#6309,.T.);
#6307 = VERTEX_POINT('',#6308);
#6308 = CARTESIAN_POINT('',(-46.3,21.5,4.8));
#6309 = LINE('',#6310,#6311);
#6310 = CARTESIAN_POINT('',(-46.3,21.5,2.49));
#6311 = VECTOR('',#6312,1.);
#6312 = DIRECTION('',(0.,0.,1.));
#6313 = ORIENTED_EDGE('',*,*,#6314,.F.);
#6314 = EDGE_CURVE('',#6298,#6307,#6315,.T.);
#6315 = LINE('',#6316,#6317);
#6316 = CARTESIAN_POINT('',(-46.3,18.5,4.8));
#6317 = VECTOR('',#6318,1.);
#6318 = DIRECTION('',(0.,1.,0.));
#6319 = PLANE('',#6320);
#6320 = AXIS2_PLACEMENT_3D('',#6321,#6322,#6323);
#6321 = CARTESIAN_POINT('',(-46.3,18.5,2.49));
#6322 = DIRECTION('',(-1.,-0.,-0.));
#6323 = DIRECTION('',(0.,0.,-1.));
#6324 = ADVANCED_FACE('',(#6325),#6343,.F.);
#6325 = FACE_BOUND('',#6326,.T.);
#6326 = EDGE_LOOP('',(#6327,#6335,#6336,#6337));
#6327 = ORIENTED_EDGE('',*,*,#6328,.F.);
#6328 = EDGE_CURVE('',#1676,#6329,#6331,.T.);
#6329 = VERTEX_POINT('',#6330);
#6330 = CARTESIAN_POINT('',(-49.3,18.5,4.8));
#6331 = LINE('',#6332,#6333);
#6332 = CARTESIAN_POINT('',(-49.3,18.5,2.49));
#6333 = VECTOR('',#6334,1.);
#6334 = DIRECTION('',(0.,0.,1.));
#6335 = ORIENTED_EDGE('',*,*,#1683,.F.);
#6336 = ORIENTED_EDGE('',*,*,#6297,.T.);
#6337 = ORIENTED_EDGE('',*,*,#6338,.T.);
#6338 = EDGE_CURVE('',#6298,#6329,#6339,.T.);
#6339 = LINE('',#6340,#6341);
#6340 = CARTESIAN_POINT('',(-46.3,18.5,4.8));
#6341 = VECTOR('',#6342,1.);
#6342 = DIRECTION('',(-1.,-0.,-0.));
#6343 = PLANE('',#6344);
#6344 = AXIS2_PLACEMENT_3D('',#6345,#6346,#6347);
#6345 = CARTESIAN_POINT('',(-46.3,18.5,2.49));
#6346 = DIRECTION('',(0.,1.,0.));
#6347 = DIRECTION('',(0.,0.,-1.));
#6348 = ADVANCED_FACE('',(#6349),#6367,.T.);
#6349 = FACE_BOUND('',#6350,.F.);
#6350 = EDGE_LOOP('',(#6351,#6352,#6353,#6361));
#6351 = ORIENTED_EDGE('',*,*,#6328,.F.);
#6352 = ORIENTED_EDGE('',*,*,#1675,.F.);
#6353 = ORIENTED_EDGE('',*,*,#6354,.T.);
#6354 = EDGE_CURVE('',#1668,#6355,#6357,.T.);
#6355 = VERTEX_POINT('',#6356);
#6356 = CARTESIAN_POINT('',(-49.3,21.5,4.8));
#6357 = LINE('',#6358,#6359);
#6358 = CARTESIAN_POINT('',(-49.3,21.5,2.49));
#6359 = VECTOR('',#6360,1.);
#6360 = DIRECTION('',(0.,0.,1.));
#6361 = ORIENTED_EDGE('',*,*,#6362,.F.);
#6362 = EDGE_CURVE('',#6329,#6355,#6363,.T.);
#6363 = LINE('',#6364,#6365);
#6364 = CARTESIAN_POINT('',(-49.3,18.5,4.8));
#6365 = VECTOR('',#6366,1.);
#6366 = DIRECTION('',(0.,1.,0.));
#6367 = PLANE('',#6368);
#6368 = AXIS2_PLACEMENT_3D('',#6369,#6370,#6371);
#6369 = CARTESIAN_POINT('',(-49.3,18.5,2.49));
#6370 = DIRECTION('',(-1.,-0.,-0.));
#6371 = DIRECTION('',(0.,0.,-1.));
#6372 = ADVANCED_FACE('',(#6373),#6384,.T.);
#6373 = FACE_BOUND('',#6374,.F.);
#6374 = EDGE_LOOP('',(#6375,#6376,#6377,#6378));
#6375 = ORIENTED_EDGE('',*,*,#6354,.F.);
#6376 = ORIENTED_EDGE('',*,*,#1667,.F.);
#6377 = ORIENTED_EDGE('',*,*,#6306,.T.);
#6378 = ORIENTED_EDGE('',*,*,#6379,.T.);
#6379 = EDGE_CURVE('',#6307,#6355,#6380,.T.);
#6380 = LINE('',#6381,#6382);
#6381 = CARTESIAN_POINT('',(-46.3,21.5,4.8));
#6382 = VECTOR('',#6383,1.);
#6383 = DIRECTION('',(-1.,-0.,-0.));
#6384 = PLANE('',#6385);
#6385 = AXIS2_PLACEMENT_3D('',#6386,#6387,#6388);
#6386 = CARTESIAN_POINT('',(-46.3,21.5,2.49));
#6387 = DIRECTION('',(0.,1.,0.));
#6388 = DIRECTION('',(0.,0.,-1.));
#6389 = ADVANCED_FACE('',(#6390,#6448),#6459,.T.);
#6390 = FACE_BOUND('',#6391,.F.);
#6391 = EDGE_LOOP('',(#6392,#6401,#6408,#6409,#6417,#6425,#6433,#6441,
    #6447));
#6392 = ORIENTED_EDGE('',*,*,#6393,.T.);
#6393 = EDGE_CURVE('',#6234,#6394,#6396,.T.);
#6394 = VERTEX_POINT('',#6395);
#6395 = CARTESIAN_POINT('',(-115.3,-46.3,4.9));
#6396 = CIRCLE('',#6397,3.);
#6397 = AXIS2_PLACEMENT_3D('',#6398,#6399,#6400);
#6398 = CARTESIAN_POINT('',(-112.3,-46.3,4.9));
#6399 = DIRECTION('',(0.,0.,-1.));
#6400 = DIRECTION('',(-1.,-0.,-0.));
#6401 = ORIENTED_EDGE('',*,*,#6402,.T.);
#6402 = EDGE_CURVE('',#6394,#1735,#6403,.T.);
#6403 = CIRCLE('',#6404,3.);
#6404 = AXIS2_PLACEMENT_3D('',#6405,#6406,#6407);
#6405 = CARTESIAN_POINT('',(-112.3,-46.3,4.9));
#6406 = DIRECTION('',(0.,0.,-1.));
#6407 = DIRECTION('',(-1.,-0.,-0.));
#6408 = ORIENTED_EDGE('',*,*,#1734,.T.);
#6409 = ORIENTED_EDGE('',*,*,#6410,.T.);
#6410 = EDGE_CURVE('',#1727,#6411,#6413,.T.);
#6411 = VERTEX_POINT('',#6412);
#6412 = CARTESIAN_POINT('',(-110.98,-48.4688,4.9));
#6413 = LINE('',#6414,#6415);
#6414 = CARTESIAN_POINT('',(-110.6924929083,-48.31350450283,4.9));
#6415 = VECTOR('',#6416,1.);
#6416 = DIRECTION('',(-0.879852079956,-0.475247637971,-0.));
#6417 = ORIENTED_EDGE('',*,*,#6418,.T.);
#6418 = EDGE_CURVE('',#6411,#6419,#6421,.T.);
#6419 = VERTEX_POINT('',#6420);
#6420 = CARTESIAN_POINT('',(-111.73,-48.6997,4.9));
#6421 = LINE('',#6422,#6423);
#6422 = CARTESIAN_POINT('',(-111.277912663,-48.56051737853,4.9));
#6423 = VECTOR('',#6424,1.);
#6424 = DIRECTION('',(-0.955732157113,-0.294238073437,-0.));
#6425 = ORIENTED_EDGE('',*,*,#6426,.T.);
#6426 = EDGE_CURVE('',#6419,#6427,#6429,.T.);
#6427 = VERTEX_POINT('',#6428);
#6428 = CARTESIAN_POINT('',(-112.51,-48.78,4.9));
#6429 = LINE('',#6430,#6431);
#6430 = CARTESIAN_POINT('',(-111.8897835249,-48.71614950903,4.9));
#6431 = VECTOR('',#6432,1.);
#6432 = DIRECTION('',(-0.994742534713,-0.102407468638,-0.));
#6433 = ORIENTED_EDGE('',*,*,#6434,.T.);
#6434 = EDGE_CURVE('',#6427,#6435,#6437,.T.);
#6435 = VERTEX_POINT('',#6436);
#6436 = CARTESIAN_POINT('',(-113.29,-48.7065,4.9));
#6437 = LINE('',#6438,#6439);
#6438 = CARTESIAN_POINT('',(-112.5217418924,-48.77889355244,4.9));
#6439 = VECTOR('',#6440,1.);
#6440 = DIRECTION('',(-0.995589630628,9.381517673229E-02,0.));
#6441 = ORIENTED_EDGE('',*,*,#6442,.T.);
#6442 = EDGE_CURVE('',#6435,#6242,#6443,.T.);
#6443 = LINE('',#6444,#6445);
#6444 = CARTESIAN_POINT('',(-113.1650143557,-48.74377962768,4.9));
#6445 = VECTOR('',#6446,1.);
#6446 = DIRECTION('',(-0.958281025178,0.285827704717,0.));
#6447 = ORIENTED_EDGE('',*,*,#6241,.T.);
#6448 = FACE_BOUND('',#6449,.F.);
#6449 = EDGE_LOOP('',(#6450));
#6450 = ORIENTED_EDGE('',*,*,#6451,.T.);
#6451 = EDGE_CURVE('',#6452,#6452,#6454,.T.);
#6452 = VERTEX_POINT('',#6453);
#6453 = CARTESIAN_POINT('',(-114.4,-46.3,4.9));
#6454 = CIRCLE('',#6455,2.1);
#6455 = AXIS2_PLACEMENT_3D('',#6456,#6457,#6458);
#6456 = CARTESIAN_POINT('',(-112.3,-46.3,4.9));
#6457 = DIRECTION('',(0.,0.,1.));
#6458 = DIRECTION('',(-1.,-0.,-0.));
#6459 = PLANE('',#6460);
#6460 = AXIS2_PLACEMENT_3D('',#6461,#6462,#6463);
#6461 = CARTESIAN_POINT('',(-112.3,-46.3,4.9));
#6462 = DIRECTION('',(0.,0.,1.));
#6463 = DIRECTION('',(1.,0.,0.));
#6464 = ADVANCED_FACE('',(#6465),#6483,.T.);
#6465 = FACE_BOUND('',#6466,.F.);
#6466 = EDGE_LOOP('',(#6467,#6468,#6469,#6477));
#6467 = ORIENTED_EDGE('',*,*,#6410,.F.);
#6468 = ORIENTED_EDGE('',*,*,#1726,.T.);
#6469 = ORIENTED_EDGE('',*,*,#6470,.F.);
#6470 = EDGE_CURVE('',#6471,#1719,#6473,.T.);
#6471 = VERTEX_POINT('',#6472);
#6472 = CARTESIAN_POINT('',(-110.98,-48.4688,10.));
#6473 = LINE('',#6474,#6475);
#6474 = CARTESIAN_POINT('',(-79.53661224144,-31.48481359765,10.));
#6475 = VECTOR('',#6476,1.);
#6476 = DIRECTION('',(0.879852079956,0.475247637971,0.));
#6477 = ORIENTED_EDGE('',*,*,#6478,.F.);
#6478 = EDGE_CURVE('',#6411,#6471,#6479,.T.);
#6479 = LINE('',#6480,#6481);
#6480 = CARTESIAN_POINT('',(-110.98,-48.4688,2.5));
#6481 = VECTOR('',#6482,1.);
#6482 = DIRECTION('',(0.,0.,1.));
#6483 = PLANE('',#6484);
#6484 = AXIS2_PLACEMENT_3D('',#6485,#6486,#6487);
#6485 = CARTESIAN_POINT('',(-110.29,-48.0961,2.5));
#6486 = DIRECTION('',(-0.475247637971,0.879852079956,0.));
#6487 = DIRECTION('',(0.879852079956,0.475247637971,0.));
#6488 = ADVANCED_FACE('',(#6489),#9296,.T.);
#6489 = FACE_BOUND('',#6490,.F.);
#6490 = EDGE_LOOP('',(#6491,#6502,#6510,#6519,#6527,#6536,#6544,#6553,
    #6561,#6570,#6578,#6587,#6595,#6604,#6612,#6621,#6629,#6638,#6646,
    #6655,#6663,#6672,#6680,#6689,#6697,#6706,#6714,#6723,#6731,#6740,
    #6748,#6757,#6765,#6774,#6782,#6790,#6799,#6807,#6816,#6824,#6832,
    #6840,#6848,#6856,#6864,#6872,#6880,#6888,#6896,#6904,#6912,#6920,
    #6928,#6936,#6944,#6953,#6961,#6970,#6978,#6987,#6995,#7004,#7012,
    #7021,#7029,#7038,#7046,#7055,#7063,#7072,#7080,#7089,#7097,#7106,
    #7114,#7123,#7131,#7140,#7148,#7157,#7165,#7174,#7182,#7191,#7199,
    #7208,#7216,#7225,#7233,#7242,#7250,#7256,#7257,#7266,#7275,#7281,
    #7282,#7283,#7284,#7285,#7286,#7287,#7288,#7289,#7297,#7305,#7311,
    #7312,#7313,#7314,#7315,#7316,#7317,#7318,#7319,#7320,#7321,#7322,
    #7323,#7324,#7325,#7326,#7327,#7328,#7329,#7330,#7331,#7332,#7333,
    #7334,#7335,#7336,#7337,#7338,#7339,#7340,#7341,#7342,#7343,#7344,
    #7345,#7346,#7354,#7362,#7370,#7376,#7377,#7378,#7379,#7380,#7381,
    #7382,#7383,#7384,#7385,#7386,#7387,#7388,#7389,#7390,#7391,#7392,
    #7393,#7394,#7395,#7396,#7397,#7398,#7399,#7400,#7401,#7402,#7403,
    #7404,#7405,#7406,#7407,#7408,#7409,#7410,#7411,#7412,#7413,#7414,
    #7415,#7416,#7417,#7418,#7419,#7420,#7421,#7422,#7423,#7424,#7425,
    #7433,#7440,#7441,#7442,#7443,#7444,#7445,#7446,#7447,#7448,#7449,
    #7450,#7457,#7458,#7459,#7460,#7461,#7462,#7463,#7464,#7465,#7466,
    #7467,#7468,#7469,#7470,#7471,#7472,#7473,#7474,#7475,#7476,#7477,
    #7478,#7479,#7480,#7481,#7482,#7483,#7484,#7485,#7486,#7487,#7488,
    #7489,#7490,#7491,#7492,#7493,#7494,#7495,#7496,#7503,#7504,#7505,
    #7506,#7507,#7508,#7509,#7510,#7511,#7512,#7513,#7514,#7515,#7516,
    #7517,#7518,#7519,#7520,#7521,#7522,#7523,#7524,#7532,#7539,#7540,
    #7541,#7542,#7543,#7544,#7545,#7546,#7547,#7548,#7549,#7550,#7558,
    #7566,#7575,#7583,#7592,#7600,#7609,#7617,#7626,#7634,#7643,#7651,
    #7659,#7667,#7675,#7683,#7691,#7699,#7707,#7715,#7723,#7732,#7740,
    #7749,#7757,#7766,#7774,#7783,#7791,#7800,#7808,#7816,#7824,#7832,
    #7840,#7848,#7856,#7865,#7873,#7882,#7890,#7899,#7907,#7916,#7924,
    #7933,#7941,#7950,#7958,#7967,#7975,#7984,#7992,#8001,#8009,#8018,
    #8026,#8035,#8043,#8052,#8060,#8069,#8077,#8085,#8093,#8101,#8109,
    #8117,#8125,#8134,#8142,#8151,#8159,#8168,#8176,#8185,#8193,#8202,
    #8210,#8219,#8227,#8236,#8244,#8253,#8261,#8269,#8277,#8285,#8293,
    #8301,#8309,#8317,#8325,#8334,#8342,#8351,#8359,#8368,#8376,#8385,
    #8393,#8402,#8410,#8419,#8427,#8436,#8444,#8453,#8461,#8470,#8478,
    #8487,#8495,#8504,#8512,#8521,#8529,#8538,#8546,#8555,#8563,#8572,
    #8580,#8589,#8597,#8606,#8614,#8623,#8631,#8639,#8647,#8655,#8663,
    #8671,#8679,#8687,#8696,#8704,#8713,#8721,#8730,#8738,#8747,#8755,
    #8764,#8772,#8781,#8789,#8798,#8806,#8815,#8823,#8832,#8840,#8849,
    #8857,#8866,#8874,#8883,#8891,#8900,#8908,#8917,#8925,#8933,#8941,
    #8949,#8957,#8965,#8973,#8981,#8989,#8997,#9005,#9013,#9021,#9029,
    #9037,#9045,#9054,#9062,#9071,#9079,#9088,#9096,#9105,#9113,#9122,
    #9130,#9139,#9147,#9156,#9164,#9173,#9181,#9190,#9198,#9206,#9214,
    #9222,#9230,#9239,#9247,#9256,#9264,#9273,#9281,#9290));
#6491 = ORIENTED_EDGE('',*,*,#6492,.F.);
#6492 = EDGE_CURVE('',#6493,#6495,#6497,.T.);
#6493 = VERTEX_POINT('',#6494);
#6494 = CARTESIAN_POINT('',(-114.1474831141,-51.58134307553,10.));
#6495 = VERTEX_POINT('',#6496);
#6496 = CARTESIAN_POINT('',(-113.5714455301,-51.69326889188,10.));
#6497 = CIRCLE('',#6498,3.);
#6498 = AXIS2_PLACEMENT_3D('',#6499,#6500,#6501);
#6499 = CARTESIAN_POINT('',(-113.29,-48.7065,10.));
#6500 = DIRECTION('',(0.,-0.,1.));
#6501 = DIRECTION('',(-0.958281025178,0.285827704717,0.));
#6502 = ORIENTED_EDGE('',*,*,#6503,.T.);
#6503 = EDGE_CURVE('',#6493,#6504,#6506,.T.);
#6504 = VERTEX_POINT('',#6505);
#6505 = CARTESIAN_POINT('',(-114.8994831141,-51.35704307553,10.));
#6506 = LINE('',#6507,#6508);
#6507 = CARTESIAN_POINT('',(-114.1474831141,-51.58134307553,10.));
#6508 = VECTOR('',#6509,1.);
#6509 = DIRECTION('',(-0.958281025178,0.285827704717,0.));
#6510 = ORIENTED_EDGE('',*,*,#6511,.F.);
#6511 = EDGE_CURVE('',#6512,#6504,#6514,.T.);
#6512 = VERTEX_POINT('',#6513);
#6513 = CARTESIAN_POINT('',(-115.4451181369,-51.13385221959,10.));
#6514 = CIRCLE('',#6515,3.);
#6515 = AXIS2_PLACEMENT_3D('',#6516,#6517,#6518);
#6516 = CARTESIAN_POINT('',(-114.042,-48.4822,10.));
#6517 = DIRECTION('',(0.,-0.,1.));
#6518 = DIRECTION('',(-0.883884073198,0.467706045659,0.));
#6519 = ORIENTED_EDGE('',*,*,#6520,.T.);
#6520 = EDGE_CURVE('',#6512,#6521,#6523,.T.);
#6521 = VERTEX_POINT('',#6522);
#6522 = CARTESIAN_POINT('',(-116.1381181369,-50.76715221959,10.));
#6523 = LINE('',#6524,#6525);
#6524 = CARTESIAN_POINT('',(-115.4451181369,-51.13385221959,10.));
#6525 = VECTOR('',#6526,1.);
#6526 = DIRECTION('',(-0.883884073198,0.467706045659,0.));
#6527 = ORIENTED_EDGE('',*,*,#6528,.F.);
#6528 = EDGE_CURVE('',#6529,#6521,#6531,.T.);
#6529 = VERTEX_POINT('',#6530);
#6530 = CARTESIAN_POINT('',(-116.6286214669,-50.44234286963,10.));
#6531 = CIRCLE('',#6532,3.);
#6532 = AXIS2_PLACEMENT_3D('',#6533,#6534,#6535);
#6533 = CARTESIAN_POINT('',(-114.735,-48.1155,10.));
#6534 = DIRECTION('',(0.,-0.,1.));
#6535 = DIRECTION('',(-0.775614289878,0.631207155644,0.));
#6536 = ORIENTED_EDGE('',*,*,#6537,.T.);
#6537 = EDGE_CURVE('',#6529,#6538,#6540,.T.);
#6538 = VERTEX_POINT('',#6539);
#6539 = CARTESIAN_POINT('',(-117.2366214669,-49.94754286963,10.));
#6540 = LINE('',#6541,#6542);
#6541 = CARTESIAN_POINT('',(-116.6286214669,-50.44234286963,10.));
#6542 = VECTOR('',#6543,1.);
#6543 = DIRECTION('',(-0.775614289878,0.631207155644,0.));
#6544 = ORIENTED_EDGE('',*,*,#6545,.F.);
#6545 = EDGE_CURVE('',#6546,#6538,#6548,.T.);
#6546 = VERTEX_POINT('',#6547);
#6547 = CARTESIAN_POINT('',(-117.6537681339,-49.53390428374,10.));
#6548 = CIRCLE('',#6549,3.);
#6549 = AXIS2_PLACEMENT_3D('',#6550,#6551,#6552);
#6550 = CARTESIAN_POINT('',(-115.343,-47.6207,10.));
#6551 = DIRECTION('',(0.,-0.,1.));
#6552 = DIRECTION('',(-0.637734761248,0.770256044635,0.));
#6553 = ORIENTED_EDGE('',*,*,#6554,.T.);
#6554 = EDGE_CURVE('',#6546,#6555,#6557,.T.);
#6555 = VERTEX_POINT('',#6556);
#6556 = CARTESIAN_POINT('',(-118.1537681339,-48.93000428374,10.));
#6557 = LINE('',#6558,#6559);
#6558 = CARTESIAN_POINT('',(-117.6537681339,-49.53390428374,10.));
#6559 = VECTOR('',#6560,1.);
#6560 = DIRECTION('',(-0.637734761248,0.770256044635,0.));
#6561 = ORIENTED_EDGE('',*,*,#6562,.F.);
#6562 = EDGE_CURVE('',#6563,#6555,#6565,.T.);
#6563 = VERTEX_POINT('',#6564);
#6564 = CARTESIAN_POINT('',(-118.3300623214,-48.69445342352,10.));
#6565 = CIRCLE('',#6566,3.);
#6566 = AXIS2_PLACEMENT_3D('',#6567,#6568,#6569);
#6567 = CARTESIAN_POINT('',(-115.843,-47.0168,10.));
#6568 = DIRECTION('',(0.,-0.,1.));
#6569 = DIRECTION('',(-0.559217807842,0.8290207738,0.));
#6570 = ORIENTED_EDGE('',*,*,#6571,.T.);
#6571 = EDGE_CURVE('',#6563,#6572,#6574,.T.);
#6572 = VERTEX_POINT('',#6573);
#6573 = CARTESIAN_POINT('',(-129.9410623214,-31.48155342352,10.));
#6574 = LINE('',#6575,#6576);
#6575 = CARTESIAN_POINT('',(-118.3300623214,-48.69445342352,10.));
#6576 = VECTOR('',#6577,1.);
#6577 = DIRECTION('',(-0.559217807842,0.8290207738,0.));
#6578 = ORIENTED_EDGE('',*,*,#6579,.F.);
#6579 = EDGE_CURVE('',#6580,#6572,#6582,.T.);
#6580 = VERTEX_POINT('',#6581);
#6581 = CARTESIAN_POINT('',(-130.0946756201,-31.22756859522,10.));
#6582 = CIRCLE('',#6583,3.);
#6583 = AXIS2_PLACEMENT_3D('',#6584,#6585,#6586);
#6584 = CARTESIAN_POINT('',(-127.454,-29.8039,10.));
#6585 = DIRECTION('',(0.,-0.,1.));
#6586 = DIRECTION('',(-0.474556198408,0.880225206724,0.));
#6587 = ORIENTED_EDGE('',*,*,#6588,.T.);
#6588 = EDGE_CURVE('',#6580,#6589,#6591,.T.);
#6589 = VERTEX_POINT('',#6590);
#6590 = CARTESIAN_POINT('',(-130.4666756201,-30.53756859522,10.));
#6591 = LINE('',#6592,#6593);
#6592 = CARTESIAN_POINT('',(-130.0946756201,-31.22756859522,10.));
#6593 = VECTOR('',#6594,1.);
#6594 = DIRECTION('',(-0.474556198408,0.880225206724,0.));
#6595 = ORIENTED_EDGE('',*,*,#6596,.F.);
#6596 = EDGE_CURVE('',#6597,#6589,#6599,.T.);
#6597 = VERTEX_POINT('',#6598);
#6598 = CARTESIAN_POINT('',(-130.6928567952,-29.99771678859,10.));
#6599 = CIRCLE('',#6600,3.);
#6600 = AXIS2_PLACEMENT_3D('',#6601,#6602,#6603);
#6601 = CARTESIAN_POINT('',(-127.826,-29.1139,10.));
#6602 = DIRECTION('',(0.,-0.,1.));
#6603 = DIRECTION('',(-0.294605596197,0.955618931734,0.));
#6604 = ORIENTED_EDGE('',*,*,#6605,.T.);
#6605 = EDGE_CURVE('',#6597,#6606,#6608,.T.);
#6606 = VERTEX_POINT('',#6607);
#6607 = CARTESIAN_POINT('',(-130.9238567952,-29.24841678859,10.));
#6608 = LINE('',#6609,#6610);
#6609 = CARTESIAN_POINT('',(-130.6928567952,-29.99771678859,10.));
#6610 = VECTOR('',#6611,1.);
#6611 = DIRECTION('',(-0.294605596197,0.955618931734,0.));
#6612 = ORIENTED_EDGE('',*,*,#6613,.F.);
#6613 = EDGE_CURVE('',#6614,#6606,#6616,.T.);
#6614 = VERTEX_POINT('',#6615);
#6615 = CARTESIAN_POINT('',(-131.0413443158,-28.67068659649,10.));
#6616 = CIRCLE('',#6617,3.);
#6617 = AXIS2_PLACEMENT_3D('',#6618,#6619,#6620);
#6618 = CARTESIAN_POINT('',(-128.057,-28.3646,10.));
#6619 = DIRECTION('',(0.,-0.,1.));
#6620 = DIRECTION('',(-0.102028865499,0.994781438611,0.));
#6621 = ORIENTED_EDGE('',*,*,#6622,.T.);
#6622 = EDGE_CURVE('',#6614,#6623,#6625,.T.);
#6623 = VERTEX_POINT('',#6624);
#6624 = CARTESIAN_POINT('',(-131.1213443158,-27.89068659649,10.));
#6625 = LINE('',#6626,#6627);
#6626 = CARTESIAN_POINT('',(-131.0413443158,-28.67068659649,10.));
#6627 = VECTOR('',#6628,1.);
#6628 = DIRECTION('',(-0.102028865499,0.994781438611,0.));
#6629 = ORIENTED_EDGE('',*,*,#6630,.F.);
#6630 = EDGE_CURVE('',#6631,#6623,#6633,.T.);
#6631 = VERTEX_POINT('',#6632);
#6632 = CARTESIAN_POINT('',(-131.12397037,-27.30530086203,10.));
#6633 = CIRCLE('',#6634,3.);
#6634 = AXIS2_PLACEMENT_3D('',#6635,#6636,#6637);
#6635 = CARTESIAN_POINT('',(-128.137,-27.5846,10.));
#6636 = DIRECTION('',(0.,-0.,1.));
#6637 = DIRECTION('',(9.309971265673E-02,0.995656790015,0.));
#6638 = ORIENTED_EDGE('',*,*,#6639,.T.);
#6639 = EDGE_CURVE('',#6631,#6640,#6642,.T.);
#6640 = VERTEX_POINT('',#6641);
#6641 = CARTESIAN_POINT('',(-131.05097037,-26.52460086203,10.));
#6642 = LINE('',#6643,#6644);
#6643 = CARTESIAN_POINT('',(-131.12397037,-27.30530086203,10.));
#6644 = VECTOR('',#6645,1.);
#6645 = DIRECTION('',(9.309971265673E-02,0.995656790015,0.));
#6646 = ORIENTED_EDGE('',*,*,#6647,.F.);
#6647 = EDGE_CURVE('',#6648,#6640,#6650,.T.);
#6648 = VERTEX_POINT('',#6649);
#6649 = CARTESIAN_POINT('',(-130.9389698905,-25.94684216731,10.));
#6650 = CIRCLE('',#6651,3.);
#6651 = AXIS2_PLACEMENT_3D('',#6652,#6653,#6654);
#6652 = CARTESIAN_POINT('',(-128.064,-26.8039,10.));
#6653 = DIRECTION('',(0.,-0.,1.));
#6654 = DIRECTION('',(0.285685944228,0.958323296842,0.));
#6655 = ORIENTED_EDGE('',*,*,#6656,.T.);
#6656 = EDGE_CURVE('',#6648,#6657,#6659,.T.);
#6657 = VERTEX_POINT('',#6658);
#6658 = CARTESIAN_POINT('',(-130.7149698905,-25.19544216731,10.));
#6659 = LINE('',#6660,#6661);
#6660 = CARTESIAN_POINT('',(-130.9389698905,-25.94684216731,10.));
#6661 = VECTOR('',#6662,1.);
#6662 = DIRECTION('',(0.285685944228,0.958323296842,0.));
#6663 = ORIENTED_EDGE('',*,*,#6664,.F.);
#6664 = EDGE_CURVE('',#6665,#6657,#6667,.T.);
#6665 = VERTEX_POINT('',#6666);
#6666 = CARTESIAN_POINT('',(-130.4913451417,-24.64880169213,10.));
#6667 = CIRCLE('',#6668,3.);
#6668 = AXIS2_PLACEMENT_3D('',#6669,#6670,#6671);
#6669 = CARTESIAN_POINT('',(-127.84,-26.0525,10.));
#6670 = DIRECTION('',(0.,-0.,1.));
#6671 = DIRECTION('',(0.467899435954,0.883781713906,0.));
#6672 = ORIENTED_EDGE('',*,*,#6673,.T.);
#6673 = EDGE_CURVE('',#6665,#6674,#6676,.T.);
#6674 = VERTEX_POINT('',#6675);
#6675 = CARTESIAN_POINT('',(-130.1243451417,-23.95560169213,10.));
#6676 = LINE('',#6677,#6678);
#6677 = CARTESIAN_POINT('',(-130.4913451417,-24.64880169213,10.));
#6678 = VECTOR('',#6679,1.);
#6679 = DIRECTION('',(0.467899435954,0.883781713906,0.));
#6680 = ORIENTED_EDGE('',*,*,#6681,.F.);
#6681 = EDGE_CURVE('',#6682,#6674,#6684,.T.);
#6682 = VERTEX_POINT('',#6683);
#6683 = CARTESIAN_POINT('',(-129.7999255399,-23.46578012118,10.));
#6684 = CIRCLE('',#6685,3.);
#6685 = AXIS2_PLACEMENT_3D('',#6686,#6687,#6688);
#6686 = CARTESIAN_POINT('',(-127.473,-25.3593,10.));
#6687 = DIRECTION('',(0.,-0.,1.));
#6688 = DIRECTION('',(0.631173292938,0.775641846655,0.));
#6689 = ORIENTED_EDGE('',*,*,#6690,.T.);
#6690 = EDGE_CURVE('',#6682,#6691,#6693,.T.);
#6691 = VERTEX_POINT('',#6692);
#6692 = CARTESIAN_POINT('',(-129.3049255399,-22.85748012118,10.));
#6693 = LINE('',#6694,#6695);
#6694 = CARTESIAN_POINT('',(-129.7999255399,-23.46578012118,10.));
#6695 = VECTOR('',#6696,1.);
#6696 = DIRECTION('',(0.631173292938,0.775641846655,0.));
#6697 = ORIENTED_EDGE('',*,*,#6698,.F.);
#6698 = EDGE_CURVE('',#6699,#6691,#6701,.T.);
#6699 = VERTEX_POINT('',#6700);
#6700 = CARTESIAN_POINT('',(-128.8912433346,-22.44026419891,10.));
#6701 = CIRCLE('',#6702,3.);
#6702 = AXIS2_PLACEMENT_3D('',#6703,#6704,#6705);
#6703 = CARTESIAN_POINT('',(-126.978,-24.751,10.));
#6704 = DIRECTION('',(0.,-0.,1.));
#6705 = DIRECTION('',(0.77024526703,0.637747778215,0.));
#6706 = ORIENTED_EDGE('',*,*,#6707,.T.);
#6707 = EDGE_CURVE('',#6699,#6708,#6710,.T.);
#6708 = VERTEX_POINT('',#6709);
#6709 = CARTESIAN_POINT('',(-128.2872433346,-21.94016419891,10.));
#6710 = LINE('',#6711,#6712);
#6711 = CARTESIAN_POINT('',(-128.8912433346,-22.44026419891,10.));
#6712 = VECTOR('',#6713,1.);
#6713 = DIRECTION('',(0.77024526703,0.637747778215,0.));
#6714 = ORIENTED_EDGE('',*,*,#6715,.F.);
#6715 = EDGE_CURVE('',#6716,#6708,#6718,.T.);
#6716 = VERTEX_POINT('',#6717);
#6717 = CARTESIAN_POINT('',(-128.0515796608,-21.76378792339,10.));
#6718 = CIRCLE('',#6719,3.);
#6719 = AXIS2_PLACEMENT_3D('',#6720,#6721,#6722);
#6720 = CARTESIAN_POINT('',(-126.374,-24.2509,10.));
#6721 = DIRECTION('',(0.,-0.,1.));
#6722 = DIRECTION('',(0.829037358869,0.559193220273,0.));
#6723 = ORIENTED_EDGE('',*,*,#6724,.T.);
#6724 = EDGE_CURVE('',#6716,#6725,#6727,.T.);
#6725 = VERTEX_POINT('',#6726);
#6726 = CARTESIAN_POINT('',(-111.9595796608,-10.90958792339,10.));
#6727 = LINE('',#6728,#6729);
#6728 = CARTESIAN_POINT('',(-128.0515796608,-21.76378792339,10.));
#6729 = VECTOR('',#6730,1.);
#6730 = DIRECTION('',(0.829037358869,0.559193220273,0.));
#6731 = ORIENTED_EDGE('',*,*,#6732,.F.);
#6732 = EDGE_CURVE('',#6733,#6725,#6735,.T.);
#6733 = VERTEX_POINT('',#6734);
#6734 = CARTESIAN_POINT('',(-111.8344661851,-10.82962993006,10.));
#6735 = CIRCLE('',#6736,3.);
#6736 = AXIS2_PLACEMENT_3D('',#6737,#6738,#6739);
#6737 = CARTESIAN_POINT('',(-110.282,-13.3967,10.));
#6738 = DIRECTION('',(0.,-0.,1.));
#6739 = DIRECTION('',(0.855690023312,0.517488728384,0.));
#6740 = ORIENTED_EDGE('',*,*,#6741,.T.);
#6741 = EDGE_CURVE('',#6733,#6742,#6744,.T.);
#6742 = VERTEX_POINT('',#6743);
#6743 = CARTESIAN_POINT('',(-111.4984661851,-10.62642993006,10.));
#6744 = LINE('',#6745,#6746);
#6745 = CARTESIAN_POINT('',(-111.8344661851,-10.82962993006,10.));
#6746 = VECTOR('',#6747,1.);
#6747 = DIRECTION('',(0.855690023312,0.517488728384,0.));
#6748 = ORIENTED_EDGE('',*,*,#6749,.F.);
#6749 = EDGE_CURVE('',#6750,#6742,#6752,.T.);
#6750 = VERTEX_POINT('',#6751);
#6751 = CARTESIAN_POINT('',(-111.3727048766,-10.5544635859,10.));
#6752 = CIRCLE('',#6753,3.);
#6753 = AXIS2_PLACEMENT_3D('',#6754,#6755,#6756);
#6754 = CARTESIAN_POINT('',(-109.946,-13.1935,10.));
#6755 = DIRECTION('',(0.,-0.,1.));
#6756 = DIRECTION('',(0.879678804699,0.475568292218,0.));
#6757 = ORIENTED_EDGE('',*,*,#6758,.T.);
#6758 = EDGE_CURVE('',#6750,#6759,#6761,.T.);
#6759 = VERTEX_POINT('',#6760);
#6760 = CARTESIAN_POINT('',(-110.6907048766,-10.1857635859,10.));
#6761 = LINE('',#6762,#6763);
#6762 = CARTESIAN_POINT('',(-111.3727048766,-10.5544635859,10.));
#6763 = VECTOR('',#6764,1.);
#6764 = DIRECTION('',(0.879678804699,0.475568292218,0.));
#6765 = ORIENTED_EDGE('',*,*,#6766,.F.);
#6766 = EDGE_CURVE('',#6767,#6759,#6769,.T.);
#6767 = VERTEX_POINT('',#6768);
#6768 = CARTESIAN_POINT('',(-110.5486789713,-10.11378544072,10.));
#6769 = CIRCLE('',#6770,3.);
#6770 = AXIS2_PLACEMENT_3D('',#6771,#6772,#6773);
#6771 = CARTESIAN_POINT('',(-109.264,-12.8248,10.));
#6772 = DIRECTION('',(0.,-0.,1.));
#6773 = DIRECTION('',(0.903671519759,0.428226323778,0.));
#6774 = ORIENTED_EDGE('',*,*,#6775,.T.);
#6775 = EDGE_CURVE('',#6767,#6776,#6778,.T.);
#6776 = VERTEX_POINT('',#6777);
#6777 = CARTESIAN_POINT('',(-110.3798434436,-10.03377869515,10.));
#6778 = LINE('',#6779,#6780);
#6779 = CARTESIAN_POINT('',(-110.5486789713,-10.11378544072,10.));
#6780 = VECTOR('',#6781,1.);
#6781 = DIRECTION('',(0.903671519759,0.428226323778,0.));
#6782 = ORIENTED_EDGE('',*,*,#6783,.T.);
#6783 = EDGE_CURVE('',#6776,#6784,#6786,.T.);
#6784 = VERTEX_POINT('',#6785);
#6785 = CARTESIAN_POINT('',(-110.2129793132,-9.946536946648,10.));
#6786 = LINE('',#6787,#6788);
#6787 = CARTESIAN_POINT('',(-110.4319793132,-10.06103694664,10.));
#6788 = VECTOR('',#6789,1.);
#6789 = DIRECTION('',(0.886187684451,0.463326437761,0.));
#6790 = ORIENTED_EDGE('',*,*,#6791,.F.);
#6791 = EDGE_CURVE('',#6792,#6784,#6794,.T.);
#6792 = VERTEX_POINT('',#6793);
#6793 = CARTESIAN_POINT('',(-110.0826475322,-9.882364593363,10.));
#6794 = CIRCLE('',#6795,3.);
#6795 = AXIS2_PLACEMENT_3D('',#6796,#6797,#6798);
#6796 = CARTESIAN_POINT('',(-108.823,-12.6051,10.));
#6797 = DIRECTION('',(0.,-0.,1.));
#6798 = DIRECTION('',(0.907578468879,0.419882510743,0.));
#6799 = ORIENTED_EDGE('',*,*,#6800,.T.);
#6800 = EDGE_CURVE('',#6792,#6801,#6803,.T.);
#6801 = VERTEX_POINT('',#6802);
#6802 = CARTESIAN_POINT('',(-109.7266475322,-9.717664593363,10.));
#6803 = LINE('',#6804,#6805);
#6804 = CARTESIAN_POINT('',(-110.0826475322,-9.882364593363,10.));
#6805 = VECTOR('',#6806,1.);
#6806 = DIRECTION('',(0.907578468879,0.419882510743,0.));
#6807 = ORIENTED_EDGE('',*,*,#6808,.F.);
#6808 = EDGE_CURVE('',#6809,#6801,#6811,.T.);
#6809 = VERTEX_POINT('',#6810);
#6810 = CARTESIAN_POINT('',(-109.5908168549,-9.658847254422,10.));
#6811 = CIRCLE('',#6812,3.);
#6812 = AXIS2_PLACEMENT_3D('',#6813,#6814,#6815);
#6813 = CARTESIAN_POINT('',(-108.467,-12.4404,10.));
#6814 = DIRECTION('',(0.,-0.,1.));
#6815 = DIRECTION('',(0.927184248526,0.374605618332,0.));
#6816 = ORIENTED_EDGE('',*,*,#6817,.T.);
#6817 = EDGE_CURVE('',#6809,#6818,#6820,.T.);
#6818 = VERTEX_POINT('',#6819);
#6819 = CARTESIAN_POINT('',(-95.7448596185,-4.064734347293,10.));
#6820 = LINE('',#6821,#6822);
#6821 = CARTESIAN_POINT('',(-109.5908168549,-9.658847254422,10.));
#6822 = VECTOR('',#6823,1.);
#6823 = DIRECTION('',(0.927184248526,0.374605618332,0.));
#6824 = ORIENTED_EDGE('',*,*,#6825,.T.);
#6825 = EDGE_CURVE('',#6818,#6826,#6828,.T.);
#6826 = VERTEX_POINT('',#6827);
#6827 = CARTESIAN_POINT('',(-94.57616928865,-3.45311649726,10.));
#6828 = LINE('',#6829,#6830);
#6829 = CARTESIAN_POINT('',(-95.87543347035,-4.133068358874,10.));
#6830 = VECTOR('',#6831,1.);
#6831 = DIRECTION('',(0.886003880375,0.463677823451,0.));
#6832 = ORIENTED_EDGE('',*,*,#6833,.T.);
#6833 = EDGE_CURVE('',#6826,#6834,#6836,.T.);
#6834 = VERTEX_POINT('',#6835);
#6835 = CARTESIAN_POINT('',(-93.81833434176,-2.842131905463,10.));
#6836 = LINE('',#6837,#6838);
#6837 = CARTESIAN_POINT('',(-94.80623498759,-3.638600945729,10.));
#6838 = VECTOR('',#6839,1.);
#6839 = DIRECTION('',(0.778499684757,0.627644995864,0.));
#6840 = ORIENTED_EDGE('',*,*,#6841,.T.);
#6841 = EDGE_CURVE('',#6834,#6842,#6844,.T.);
#6842 = VERTEX_POINT('',#6843);
#6843 = CARTESIAN_POINT('',(-93.19417286185,-2.094973898634,10.));
#6844 = LINE('',#6845,#6846);
#6845 = CARTESIAN_POINT('',(-94.0077437726,-3.068866135909,10.));
#6846 = VECTOR('',#6847,1.);
#6847 = DIRECTION('',(0.64111128803,0.767447924201,0.));
#6848 = ORIENTED_EDGE('',*,*,#6849,.T.);
#6849 = EDGE_CURVE('',#6842,#6850,#6852,.T.);
#6850 = VERTEX_POINT('',#6851);
#6851 = CARTESIAN_POINT('',(-92.72777399311,-1.240421649818,10.));
#6852 = LINE('',#6853,#6854);
#6853 = CARTESIAN_POINT('',(-93.3357246171,-2.35432995389,10.));
#6854 = VECTOR('',#6855,1.);
#6855 = DIRECTION('',(0.479073348703,0.877774872369,0.));
#6856 = ORIENTED_EDGE('',*,*,#6857,.T.);
#6857 = EDGE_CURVE('',#6850,#6858,#6860,.T.);
#6858 = VERTEX_POINT('',#6859);
#6859 = CARTESIAN_POINT('',(-92.43702623737,-0.311237998577,10.));
#6860 = LINE('',#6861,#6862);
#6861 = CARTESIAN_POINT('',(-92.81600825847,-1.522404348661,10.));
#6862 = VECTOR('',#6863,1.);
#6863 = DIRECTION('',(0.298628550446,0.95436941949,0.));
#6864 = ORIENTED_EDGE('',*,*,#6865,.T.);
#6865 = EDGE_CURVE('',#6858,#6866,#6868,.T.);
#6866 = VERTEX_POINT('',#6867);
#6867 = CARTESIAN_POINT('',(-92.3331120556,0.656688381338,10.));
#6868 = LINE('',#6869,#6870);
#6869 = CARTESIAN_POINT('',(-92.46855956666,-0.604960575692,10.));
#6870 = VECTOR('',#6871,1.);
#6871 = DIRECTION('',(0.106744141436,0.99428652222,0.));
#6872 = ORIENTED_EDGE('',*,*,#6873,.T.);
#6873 = EDGE_CURVE('',#6866,#6874,#6876,.T.);
#6874 = VERTEX_POINT('',#6875);
#6875 = CARTESIAN_POINT('',(-92.42009629882,1.626222347212,10.));
#6876 = LINE('',#6877,#6878);
#6877 = CARTESIAN_POINT('',(-92.30669853681,0.36228099583,10.));
#6878 = VECTOR('',#6879,1.);
#6879 = DIRECTION('',(-8.935866805676E-02,0.995999512271,0.));
#6880 = ORIENTED_EDGE('',*,*,#6881,.T.);
#6881 = EDGE_CURVE('',#6874,#6882,#6884,.T.);
#6882 = VERTEX_POINT('',#6883);
#6883 = CARTESIAN_POINT('',(-92.69459941532,2.56032950641,10.));
#6884 = LINE('',#6885,#6886);
#6885 = CARTESIAN_POINT('',(-92.33679184787,1.342745478077,10.));
#6886 = VECTOR('',#6887,1.);
#6887 = DIRECTION('',(-0.281944840641,0.959430615957,0.));
#6888 = ORIENTED_EDGE('',*,*,#6889,.T.);
#6889 = EDGE_CURVE('',#6882,#6890,#6892,.T.);
#6890 = VERTEX_POINT('',#6891);
#6891 = CARTESIAN_POINT('',(-93.14601243763,3.422911712942,10.));
#6892 = LINE('',#6893,#6894);
#6893 = CARTESIAN_POINT('',(-92.55762100069,2.298584414229,10.));
#6894 = VECTOR('',#6895,1.);
#6895 = DIRECTION('',(-0.463671861924,0.886007000232,0.));
#6896 = ORIENTED_EDGE('',*,*,#6897,.T.);
#6897 = EDGE_CURVE('',#6890,#6898,#6900,.T.);
#6898 = VERTEX_POINT('',#6899);
#6899 = CARTESIAN_POINT('',(-93.75702953965,4.180836766321,10.));
#6900 = LINE('',#6901,#6902);
#6901 = CARTESIAN_POINT('',(-92.96055948533,3.192869970564,10.));
#6902 = VECTOR('',#6903,1.);
#6903 = DIRECTION('',(-0.627620009812,0.778519828446,0.));
#6904 = ORIENTED_EDGE('',*,*,#6905,.T.);
#6905 = EDGE_CURVE('',#6898,#6906,#6908,.T.);
#6906 = VERTEX_POINT('',#6907);
#6907 = CARTESIAN_POINT('',(-94.5040956267,4.804953671178,10.));
#6908 = LINE('',#6909,#6910);
#6909 = CARTESIAN_POINT('',(-93.53029233313,3.991415072574,10.));
#6910 = VECTOR('',#6911,1.);
#6911 = DIRECTION('',(-0.767431642475,0.64113077771,0.));
#6912 = ORIENTED_EDGE('',*,*,#6913,.T.);
#6913 = EDGE_CURVE('',#6906,#6914,#6916,.T.);
#6914 = VERTEX_POINT('',#6915);
#6915 = CARTESIAN_POINT('',(-95.35864988444,5.271340051558,10.));
#6916 = LINE('',#6917,#6918);
#6917 = CARTESIAN_POINT('',(-94.24468779174,4.663377779313,10.));
#6918 = VECTOR('',#6919,1.);
#6919 = DIRECTION('',(-0.877780740229,0.479062597249,0.));
#6920 = ORIENTED_EDGE('',*,*,#6921,.T.);
#6921 = EDGE_CURVE('',#6914,#6922,#6924,.T.);
#6922 = VERTEX_POINT('',#6923);
#6923 = CARTESIAN_POINT('',(-96.28778630983,5.562072445869,10.));
#6924 = LINE('',#6925,#6926);
#6925 = CARTESIAN_POINT('',(-95.07668401181,5.183111228511,10.));
#6926 = VECTOR('',#6927,1.);
#6927 = DIRECTION('',(-0.954369590496,0.298628003938,0.));
#6928 = ORIENTED_EDGE('',*,*,#6929,.T.);
#6929 = EDGE_CURVE('',#6922,#6930,#6932,.T.);
#6930 = VERTEX_POINT('',#6931);
#6931 = CARTESIAN_POINT('',(-97.5731043416,5.7,10.));
#6932 = LINE('',#6933,#6934);
#6933 = CARTESIAN_POINT('',(-95.99399244903,5.530545409262,10.));
#6934 = VECTOR('',#6935,1.);
#6935 = DIRECTION('',(-0.994291530246,0.106697483012,0.));
#6936 = ORIENTED_EDGE('',*,*,#6937,.T.);
#6937 = EDGE_CURVE('',#6930,#6938,#6940,.T.);
#6938 = VERTEX_POINT('',#6939);
#6939 = CARTESIAN_POINT('',(-116.1,5.7,10.));
#6940 = LINE('',#6941,#6942);
#6941 = CARTESIAN_POINT('',(-97.4126,5.7,10.));
#6942 = VECTOR('',#6943,1.);
#6943 = DIRECTION('',(-1.,-0.,-0.));
#6944 = ORIENTED_EDGE('',*,*,#6945,.F.);
#6945 = EDGE_CURVE('',#6946,#6938,#6948,.T.);
#6946 = VERTEX_POINT('',#6947);
#6947 = CARTESIAN_POINT('',(-116.3941905649,5.714459527746,10.));
#6948 = CIRCLE('',#6949,3.);
#6949 = AXIS2_PLACEMENT_3D('',#6950,#6951,#6952);
#6950 = CARTESIAN_POINT('',(-116.1,8.7,10.));
#6951 = DIRECTION('',(0.,-0.,1.));
#6952 = DIRECTION('',(-0.995180157418,9.806352166557E-02,0.));
#6953 = ORIENTED_EDGE('',*,*,#6954,.T.);
#6954 = EDGE_CURVE('',#6946,#6955,#6957,.T.);
#6955 = VERTEX_POINT('',#6956);
#6956 = CARTESIAN_POINT('',(-117.1741905649,5.791319527746,10.));
#6957 = LINE('',#6958,#6959);
#6958 = CARTESIAN_POINT('',(-116.3941905649,5.714459527746,10.));
#6959 = VECTOR('',#6960,1.);
#6960 = DIRECTION('',(-0.995180157418,9.806352166557E-02,0.));
#6961 = ORIENTED_EDGE('',*,*,#6962,.F.);
#6962 = EDGE_CURVE('',#6963,#6955,#6965,.T.);
#6963 = VERTEX_POINT('',#6964);
#6964 = CARTESIAN_POINT('',(-117.7501770955,5.905833733597,10.));
#6965 = CIRCLE('',#6966,3.);
#6966 = AXIS2_PLACEMENT_3D('',#6967,#6968,#6969);
#6967 = CARTESIAN_POINT('',(-116.88,8.77686,10.));
#6968 = DIRECTION('',(0.,-0.,1.));
#6969 = DIRECTION('',(-0.957008755468,0.29005903185,0.));
#6970 = ORIENTED_EDGE('',*,*,#6971,.T.);
#6971 = EDGE_CURVE('',#6963,#6972,#6974,.T.);
#6972 = VERTEX_POINT('',#6973);
#6973 = CARTESIAN_POINT('',(-118.5011770955,6.133453733597,10.));
#6974 = LINE('',#6975,#6976);
#6975 = CARTESIAN_POINT('',(-117.7501770955,5.905833733597,10.));
#6976 = VECTOR('',#6977,1.);
#6977 = DIRECTION('',(-0.957008755468,0.29005903185,0.));
#6978 = ORIENTED_EDGE('',*,*,#6979,.F.);
#6979 = EDGE_CURVE('',#6980,#6972,#6982,.T.);
#6980 = VERTEX_POINT('',#6981);
#6981 = CARTESIAN_POINT('',(-119.0460619695,6.359182356545,10.));
#6982 = CIRCLE('',#6983,3.);
#6983 = AXIS2_PLACEMENT_3D('',#6984,#6985,#6986);
#6984 = CARTESIAN_POINT('',(-117.631,9.00448,10.));
#6985 = DIRECTION('',(0.,-0.,1.));
#6986 = DIRECTION('',(-0.881765881152,0.471687323168,0.));
#6987 = ORIENTED_EDGE('',*,*,#6988,.T.);
#6988 = EDGE_CURVE('',#6980,#6989,#6991,.T.);
#6989 = VERTEX_POINT('',#6990);
#6990 = CARTESIAN_POINT('',(-119.7370619695,6.728822356545,10.));
#6991 = LINE('',#6992,#6993);
#6992 = CARTESIAN_POINT('',(-119.0460619695,6.359182356545,10.));
#6993 = VECTOR('',#6994,1.);
#6994 = DIRECTION('',(-0.881765881152,0.471687323168,0.));
#6995 = ORIENTED_EDGE('',*,*,#6996,.F.);
#6996 = EDGE_CURVE('',#6997,#6989,#6999,.T.);
#6997 = VERTEX_POINT('',#6998);
#6998 = CARTESIAN_POINT('',(-120.2254511338,7.05531130136,10.));
#6999 = CIRCLE('',#7000,3.);
#7000 = AXIS2_PLACEMENT_3D('',#7001,#7002,#7003);
#7001 = CARTESIAN_POINT('',(-118.322,9.37412,10.));
#7002 = DIRECTION('',(0.,-0.,1.));
#7003 = DIRECTION('',(-0.77293623288,0.634483711297,0.));
#7004 = ORIENTED_EDGE('',*,*,#7005,.T.);
#7005 = EDGE_CURVE('',#6997,#7006,#7008,.T.);
#7006 = VERTEX_POINT('',#7007);
#7007 = CARTESIAN_POINT('',(-120.8314511338,7.55276130136,10.));
#7008 = LINE('',#7009,#7010);
#7009 = CARTESIAN_POINT('',(-120.2254511338,7.05531130136,10.));
#7010 = VECTOR('',#7011,1.);
#7011 = DIRECTION('',(-0.77293623288,0.634483711297,0.));
#7012 = ORIENTED_EDGE('',*,*,#7013,.F.);
#7013 = EDGE_CURVE('',#7014,#7006,#7016,.T.);
#7014 = VERTEX_POINT('',#7015);
#7015 = CARTESIAN_POINT('',(-121.2459771123,7.967106267915,10.));
#7016 = CIRCLE('',#7017,3.);
#7017 = AXIS2_PLACEMENT_3D('',#7018,#7019,#7020);
#7018 = CARTESIAN_POINT('',(-118.928,9.87157,10.));
#7019 = DIRECTION('',(0.,-0.,1.));
#7020 = DIRECTION('',(-0.634821244028,0.772659037435,0.));
#7021 = ORIENTED_EDGE('',*,*,#7022,.T.);
#7022 = EDGE_CURVE('',#7014,#7023,#7025,.T.);
#7023 = VERTEX_POINT('',#7024);
#7024 = CARTESIAN_POINT('',(-121.7439771123,8.573236267915,10.));
#7025 = LINE('',#7026,#7027);
#7026 = CARTESIAN_POINT('',(-121.2459771123,7.967106267915,10.));
#7027 = VECTOR('',#7028,1.);
#7028 = DIRECTION('',(-0.634821244028,0.772659037435,0.));
#7029 = ORIENTED_EDGE('',*,*,#7030,.F.);
#7030 = EDGE_CURVE('',#7031,#7023,#7033,.T.);
#7031 = VERTEX_POINT('',#7032);
#7032 = CARTESIAN_POINT('',(-122.0712355373,9.062521936343,10.));
#7033 = CIRCLE('',#7034,3.);
#7034 = AXIS2_PLACEMENT_3D('',#7035,#7036,#7037);
#7035 = CARTESIAN_POINT('',(-119.426,10.4777,10.));
#7036 = DIRECTION('',(0.,-0.,1.));
#7037 = DIRECTION('',(-0.471726021219,0.881745179122,0.));
#7038 = ORIENTED_EDGE('',*,*,#7039,.T.);
#7039 = EDGE_CURVE('',#7031,#7040,#7042,.T.);
#7040 = VERTEX_POINT('',#7041);
#7041 = CARTESIAN_POINT('',(-122.4412355373,9.754121936343,10.));
#7042 = LINE('',#7043,#7044);
#7043 = CARTESIAN_POINT('',(-122.0712355373,9.062521936343,10.));
#7044 = VECTOR('',#7045,1.);
#7045 = DIRECTION('',(-0.471726021219,0.881745179122,0.));
#7046 = ORIENTED_EDGE('',*,*,#7047,.F.);
#7047 = EDGE_CURVE('',#7048,#7040,#7050,.T.);
#7048 = VERTEX_POINT('',#7049);
#7049 = CARTESIAN_POINT('',(-122.6674591791,10.300552520778,10.));
#7050 = CIRCLE('',#7051,3.);
#7051 = AXIS2_PLACEMENT_3D('',#7052,#7053,#7054);
#7052 = CARTESIAN_POINT('',(-119.796,11.1693,10.));
#7053 = DIRECTION('',(0.,-0.,1.));
#7054 = DIRECTION('',(-0.289582493074,0.957153059706,0.));
#7055 = ORIENTED_EDGE('',*,*,#7056,.T.);
#7056 = EDGE_CURVE('',#7048,#7057,#7059,.T.);
#7057 = VERTEX_POINT('',#7058);
#7058 = CARTESIAN_POINT('',(-122.8944591791,11.050852520778,10.));
#7059 = LINE('',#7060,#7061);
#7060 = CARTESIAN_POINT('',(-122.6674591791,10.300552520778,10.));
#7061 = VECTOR('',#7062,1.);
#7062 = DIRECTION('',(-0.289582493074,0.957153059706,0.));
#7063 = ORIENTED_EDGE('',*,*,#7064,.F.);
#7064 = EDGE_CURVE('',#7065,#7057,#7067,.T.);
#7065 = VERTEX_POINT('',#7066);
#7066 = CARTESIAN_POINT('',(-123.0085028952,11.625028340679,10.));
#7067 = CIRCLE('',#7068,3.);
#7068 = AXIS2_PLACEMENT_3D('',#7069,#7070,#7071);
#7069 = CARTESIAN_POINT('',(-120.023,11.9196,10.));
#7070 = DIRECTION('',(0.,-0.,1.));
#7071 = DIRECTION('',(-9.819055310694E-02,0.995167631749,0.));
#7072 = ORIENTED_EDGE('',*,*,#7073,.T.);
#7073 = EDGE_CURVE('',#7065,#7074,#7076,.T.);
#7074 = VERTEX_POINT('',#7075);
#7075 = CARTESIAN_POINT('',(-123.0855028952,12.405428340679,10.));
#7076 = LINE('',#7077,#7078);
#7077 = CARTESIAN_POINT('',(-123.0085028952,11.625028340679,10.));
#7078 = VECTOR('',#7079,1.);
#7079 = DIRECTION('',(-9.819055310694E-02,0.995167631749,0.));
#7080 = ORIENTED_EDGE('',*,*,#7081,.F.);
#7081 = EDGE_CURVE('',#7082,#7074,#7084,.T.);
#7082 = VERTEX_POINT('',#7083);
#7083 = CARTESIAN_POINT('',(-123.1,12.7,10.));
#7084 = CIRCLE('',#7085,3.);
#7085 = AXIS2_PLACEMENT_3D('',#7086,#7087,#7088);
#7086 = CARTESIAN_POINT('',(-120.1,12.7,10.));
#7087 = DIRECTION('',(0.,0.,1.));
#7088 = DIRECTION('',(0.,1.,0.));
#7089 = ORIENTED_EDGE('',*,*,#7090,.T.);
#7090 = EDGE_CURVE('',#7082,#7091,#7093,.T.);
#7091 = VERTEX_POINT('',#7092);
#7092 = CARTESIAN_POINT('',(-123.1,57.,10.));
#7093 = LINE('',#7094,#7095);
#7094 = CARTESIAN_POINT('',(-123.1,12.7,10.));
#7095 = VECTOR('',#7096,1.);
#7096 = DIRECTION('',(0.,1.,0.));
#7097 = ORIENTED_EDGE('',*,*,#7098,.F.);
#7098 = EDGE_CURVE('',#7099,#7091,#7101,.T.);
#7099 = VERTEX_POINT('',#7100);
#7100 = CARTESIAN_POINT('',(-123.0855028952,57.294571659321,10.));
#7101 = CIRCLE('',#7102,3.);
#7102 = AXIS2_PLACEMENT_3D('',#7103,#7104,#7105);
#7103 = CARTESIAN_POINT('',(-120.1,57.,10.));
#7104 = DIRECTION('',(0.,-0.,1.));
#7105 = DIRECTION('',(9.819055310694E-02,0.995167631749,0.));
#7106 = ORIENTED_EDGE('',*,*,#7107,.T.);
#7107 = EDGE_CURVE('',#7099,#7108,#7110,.T.);
#7108 = VERTEX_POINT('',#7109);
#7109 = CARTESIAN_POINT('',(-123.0085028952,58.074971659321,10.));
#7110 = LINE('',#7111,#7112);
#7111 = CARTESIAN_POINT('',(-123.0855028952,57.294571659321,10.));
#7112 = VECTOR('',#7113,1.);
#7113 = DIRECTION('',(9.819055310694E-02,0.995167631749,0.));
#7114 = ORIENTED_EDGE('',*,*,#7115,.F.);
#7115 = EDGE_CURVE('',#7116,#7108,#7118,.T.);
#7116 = VERTEX_POINT('',#7117);
#7117 = CARTESIAN_POINT('',(-122.8944591791,58.649147479222,10.));
#7118 = CIRCLE('',#7119,3.);
#7119 = AXIS2_PLACEMENT_3D('',#7120,#7121,#7122);
#7120 = CARTESIAN_POINT('',(-120.023,57.7804,10.));
#7121 = DIRECTION('',(0.,-0.,1.));
#7122 = DIRECTION('',(0.289582493074,0.957153059706,0.));
#7123 = ORIENTED_EDGE('',*,*,#7124,.T.);
#7124 = EDGE_CURVE('',#7116,#7125,#7127,.T.);
#7125 = VERTEX_POINT('',#7126);
#7126 = CARTESIAN_POINT('',(-122.6674591791,59.399447479222,10.));
#7127 = LINE('',#7128,#7129);
#7128 = CARTESIAN_POINT('',(-122.8944591791,58.649147479222,10.));
#7129 = VECTOR('',#7130,1.);
#7130 = DIRECTION('',(0.289582493074,0.957153059706,0.));
#7131 = ORIENTED_EDGE('',*,*,#7132,.F.);
#7132 = EDGE_CURVE('',#7133,#7125,#7135,.T.);
#7133 = VERTEX_POINT('',#7134);
#7134 = CARTESIAN_POINT('',(-122.4412355373,59.945878063657,10.));
#7135 = CIRCLE('',#7136,3.);
#7136 = AXIS2_PLACEMENT_3D('',#7137,#7138,#7139);
#7137 = CARTESIAN_POINT('',(-119.796,58.5307,10.));
#7138 = DIRECTION('',(0.,-0.,1.));
#7139 = DIRECTION('',(0.471726021219,0.881745179122,0.));
#7140 = ORIENTED_EDGE('',*,*,#7141,.T.);
#7141 = EDGE_CURVE('',#7133,#7142,#7144,.T.);
#7142 = VERTEX_POINT('',#7143);
#7143 = CARTESIAN_POINT('',(-122.0712355373,60.637478063657,10.));
#7144 = LINE('',#7145,#7146);
#7145 = CARTESIAN_POINT('',(-122.4412355373,59.945878063657,10.));
#7146 = VECTOR('',#7147,1.);
#7147 = DIRECTION('',(0.471726021219,0.881745179122,0.));
#7148 = ORIENTED_EDGE('',*,*,#7149,.F.);
#7149 = EDGE_CURVE('',#7150,#7142,#7152,.T.);
#7150 = VERTEX_POINT('',#7151);
#7151 = CARTESIAN_POINT('',(-121.7439308756,61.12682000669,10.));
#7152 = CIRCLE('',#7153,3.);
#7153 = AXIS2_PLACEMENT_3D('',#7154,#7155,#7156);
#7154 = CARTESIAN_POINT('',(-119.426,59.2223,10.));
#7155 = DIRECTION('',(0.,-0.,1.));
#7156 = DIRECTION('',(0.63484000223,0.772643625204,0.));
#7157 = ORIENTED_EDGE('',*,*,#7158,.T.);
#7158 = EDGE_CURVE('',#7150,#7159,#7161,.T.);
#7159 = VERTEX_POINT('',#7160);
#7160 = CARTESIAN_POINT('',(-121.2459308756,61.73292000669,10.));
#7161 = LINE('',#7162,#7163);
#7162 = CARTESIAN_POINT('',(-121.7439308756,61.12682000669,10.));
#7163 = VECTOR('',#7164,1.);
#7164 = DIRECTION('',(0.63484000223,0.772643625204,0.));
#7165 = ORIENTED_EDGE('',*,*,#7166,.F.);
#7166 = EDGE_CURVE('',#7167,#7159,#7169,.T.);
#7167 = VERTEX_POINT('',#7168);
#7168 = CARTESIAN_POINT('',(-120.8315654278,62.147114872919,10.));
#7169 = CIRCLE('',#7170,3.);
#7170 = AXIS2_PLACEMENT_3D('',#7171,#7172,#7173);
#7171 = CARTESIAN_POINT('',(-118.928,59.8284,10.));
#7172 = DIRECTION('',(0.,-0.,1.));
#7173 = DIRECTION('',(0.77290495764,0.634521809283,0.));
#7174 = ORIENTED_EDGE('',*,*,#7175,.T.);
#7175 = EDGE_CURVE('',#7167,#7176,#7178,.T.);
#7176 = VERTEX_POINT('',#7177);
#7177 = CARTESIAN_POINT('',(-120.2255654278,62.644614872919,10.));
#7178 = LINE('',#7179,#7180);
#7179 = CARTESIAN_POINT('',(-120.8315654278,62.147114872919,10.));
#7180 = VECTOR('',#7181,1.);
#7181 = DIRECTION('',(0.77290495764,0.634521809283,0.));
#7182 = ORIENTED_EDGE('',*,*,#7183,.F.);
#7183 = EDGE_CURVE('',#7184,#7176,#7186,.T.);
#7184 = VERTEX_POINT('',#7185);
#7185 = CARTESIAN_POINT('',(-119.7369429059,62.971261331243,10.));
#7186 = CIRCLE('',#7187,3.);
#7187 = AXIS2_PLACEMENT_3D('',#7188,#7189,#7190);
#7188 = CARTESIAN_POINT('',(-118.322,60.3259,10.));
#7189 = DIRECTION('',(0.,-0.,1.));
#7190 = DIRECTION('',(0.881787110414,0.471647635324,0.));
#7191 = ORIENTED_EDGE('',*,*,#7192,.T.);
#7192 = EDGE_CURVE('',#7184,#7193,#7195,.T.);
#7193 = VERTEX_POINT('',#7194);
#7194 = CARTESIAN_POINT('',(-119.0459429059,63.340861331243,10.));
#7195 = LINE('',#7196,#7197);
#7196 = CARTESIAN_POINT('',(-119.7369429059,62.971261331243,10.));
#7197 = VECTOR('',#7198,1.);
#7198 = DIRECTION('',(0.881787110414,0.471647635324,0.));
#7199 = ORIENTED_EDGE('',*,*,#7200,.F.);
#7200 = EDGE_CURVE('',#7201,#7193,#7203,.T.);
#7201 = VERTEX_POINT('',#7202);
#7202 = CARTESIAN_POINT('',(-118.5011070688,63.566547489818,10.));
#7203 = CIRCLE('',#7204,3.);
#7204 = AXIS2_PLACEMENT_3D('',#7205,#7206,#7207);
#7205 = CARTESIAN_POINT('',(-117.631,60.6955,10.));
#7206 = DIRECTION('',(0.,-0.,1.));
#7207 = DIRECTION('',(0.957015829939,0.290035689606,0.));
#7208 = ORIENTED_EDGE('',*,*,#7209,.T.);
#7209 = EDGE_CURVE('',#7201,#7210,#7212,.T.);
#7210 = VERTEX_POINT('',#7211);
#7211 = CARTESIAN_POINT('',(-117.7501070688,63.794147489818,10.));
#7212 = LINE('',#7213,#7214);
#7213 = CARTESIAN_POINT('',(-118.5011070688,63.566547489818,10.));
#7214 = VECTOR('',#7215,1.);
#7215 = DIRECTION('',(0.957015829939,0.290035689606,0.));
#7216 = ORIENTED_EDGE('',*,*,#7217,.F.);
#7217 = EDGE_CURVE('',#7218,#7210,#7220,.T.);
#7218 = VERTEX_POINT('',#7219);
#7219 = CARTESIAN_POINT('',(-117.1743421961,63.908625526863,10.));
#7220 = CIRCLE('',#7221,3.);
#7221 = AXIS2_PLACEMENT_3D('',#7222,#7223,#7224);
#7222 = CARTESIAN_POINT('',(-116.88,60.9231,10.));
#7223 = DIRECTION('',(0.,-0.,1.));
#7224 = DIRECTION('',(0.995175175621,9.811406539136E-02,0.));
#7225 = ORIENTED_EDGE('',*,*,#7226,.T.);
#7226 = EDGE_CURVE('',#7218,#7227,#7229,.T.);
#7227 = VERTEX_POINT('',#7228);
#7228 = CARTESIAN_POINT('',(-116.3943421961,63.985525526863,10.));
#7229 = LINE('',#7230,#7231);
#7230 = CARTESIAN_POINT('',(-117.1743421961,63.908625526863,10.));
#7231 = VECTOR('',#7232,1.);
#7232 = DIRECTION('',(0.995175175621,9.811406539136E-02,0.));
#7233 = ORIENTED_EDGE('',*,*,#7234,.F.);
#7234 = EDGE_CURVE('',#7235,#7227,#7237,.T.);
#7235 = VERTEX_POINT('',#7236);
#7236 = CARTESIAN_POINT('',(-116.1,64.,10.));
#7237 = CIRCLE('',#7238,3.);
#7238 = AXIS2_PLACEMENT_3D('',#7239,#7240,#7241);
#7239 = CARTESIAN_POINT('',(-116.1,61.,10.));
#7240 = DIRECTION('',(0.,0.,1.));
#7241 = DIRECTION('',(1.,0.,0.));
#7242 = ORIENTED_EDGE('',*,*,#7243,.T.);
#7243 = EDGE_CURVE('',#7235,#7244,#7246,.T.);
#7244 = VERTEX_POINT('',#7245);
#7245 = CARTESIAN_POINT('',(-108.3,64.,10.));
#7246 = LINE('',#7247,#7248);
#7247 = CARTESIAN_POINT('',(-116.1,64.,10.));
#7248 = VECTOR('',#7249,1.);
#7249 = DIRECTION('',(1.,0.,0.));
#7250 = ORIENTED_EDGE('',*,*,#7251,.T.);
#7251 = EDGE_CURVE('',#7244,#5098,#7252,.T.);
#7252 = LINE('',#7253,#7254);
#7253 = CARTESIAN_POINT('',(-108.3,34.265080611007,10.));
#7254 = VECTOR('',#7255,1.);
#7255 = DIRECTION('',(2.22044604925E-16,-1.,0.));
#7256 = ORIENTED_EDGE('',*,*,#5097,.T.);
#7257 = ORIENTED_EDGE('',*,*,#7258,.T.);
#7258 = EDGE_CURVE('',#5090,#7259,#7261,.T.);
#7259 = VERTEX_POINT('',#7260);
#7260 = CARTESIAN_POINT('',(-119.1,60.5,10.));
#7261 = CIRCLE('',#7262,2.);
#7262 = AXIS2_PLACEMENT_3D('',#7263,#7264,#7265);
#7263 = CARTESIAN_POINT('',(-117.1,60.5,10.));
#7264 = DIRECTION('',(0.,0.,1.));
#7265 = DIRECTION('',(-1.,-0.,-0.));
#7266 = ORIENTED_EDGE('',*,*,#7267,.T.);
#7267 = EDGE_CURVE('',#7259,#7268,#7270,.T.);
#7268 = VERTEX_POINT('',#7269);
#7269 = CARTESIAN_POINT('',(-118.9664994717,59.781543514345,10.));
#7270 = CIRCLE('',#7271,2.);
#7271 = AXIS2_PLACEMENT_3D('',#7272,#7273,#7274);
#7272 = CARTESIAN_POINT('',(-117.1,60.5,10.));
#7273 = DIRECTION('',(0.,0.,1.));
#7274 = DIRECTION('',(-1.,-0.,-0.));
#7275 = ORIENTED_EDGE('',*,*,#7276,.T.);
#7276 = EDGE_CURVE('',#7268,#5179,#7277,.T.);
#7277 = LINE('',#7278,#7279);
#7278 = CARTESIAN_POINT('',(-119.6248325292,58.980307237004,10.));
#7279 = VECTOR('',#7280,1.);
#7280 = DIRECTION('',(-0.63484000223,-0.772643625204,-0.));
#7281 = ORIENTED_EDGE('',*,*,#5178,.T.);
#7282 = ORIENTED_EDGE('',*,*,#5218,.T.);
#7283 = ORIENTED_EDGE('',*,*,#5242,.T.);
#7284 = ORIENTED_EDGE('',*,*,#5266,.T.);
#7285 = ORIENTED_EDGE('',*,*,#5290,.T.);
#7286 = ORIENTED_EDGE('',*,*,#5314,.T.);
#7287 = ORIENTED_EDGE('',*,*,#5338,.T.);
#7288 = ORIENTED_EDGE('',*,*,#5378,.T.);
#7289 = ORIENTED_EDGE('',*,*,#7290,.T.);
#7290 = EDGE_CURVE('',#5371,#7291,#7293,.T.);
#7291 = VERTEX_POINT('',#7292);
#7292 = CARTESIAN_POINT('',(-118.322,9.37412,10.));
#7293 = LINE('',#7294,#7295);
#7294 = CARTESIAN_POINT('',(-102.7451673269,-3.412506094409,10.));
#7295 = VECTOR('',#7296,1.);
#7296 = DIRECTION('',(0.77293623288,-0.634483711297,0.));
#7297 = ORIENTED_EDGE('',*,*,#7298,.T.);
#7298 = EDGE_CURVE('',#7291,#7299,#7301,.T.);
#7299 = VERTEX_POINT('',#7300);
#7300 = CARTESIAN_POINT('',(-117.631,9.00448,10.));
#7301 = LINE('',#7302,#7303);
#7302 = CARTESIAN_POINT('',(-97.35358814524,-1.842614816196,10.));
#7303 = VECTOR('',#7304,1.);
#7304 = DIRECTION('',(0.881765881152,-0.471687323168,0.));
#7305 = ORIENTED_EDGE('',*,*,#7306,.T.);
#7306 = EDGE_CURVE('',#7299,#5403,#7307,.T.);
#7307 = LINE('',#7308,#7309);
#7308 = CARTESIAN_POINT('',(-92.99549083051,1.537722879949,10.));
#7309 = VECTOR('',#7310,1.);
#7310 = DIRECTION('',(0.957008755468,-0.29005903185,0.));
#7311 = ORIENTED_EDGE('',*,*,#5402,.T.);
#7312 = ORIENTED_EDGE('',*,*,#5449,.T.);
#7313 = ORIENTED_EDGE('',*,*,#5473,.T.);
#7314 = ORIENTED_EDGE('',*,*,#5497,.T.);
#7315 = ORIENTED_EDGE('',*,*,#5521,.T.);
#7316 = ORIENTED_EDGE('',*,*,#5545,.T.);
#7317 = ORIENTED_EDGE('',*,*,#5569,.T.);
#7318 = ORIENTED_EDGE('',*,*,#5593,.T.);
#7319 = ORIENTED_EDGE('',*,*,#5617,.T.);
#7320 = ORIENTED_EDGE('',*,*,#5641,.T.);
#7321 = ORIENTED_EDGE('',*,*,#5665,.T.);
#7322 = ORIENTED_EDGE('',*,*,#5689,.T.);
#7323 = ORIENTED_EDGE('',*,*,#5713,.T.);
#7324 = ORIENTED_EDGE('',*,*,#5737,.T.);
#7325 = ORIENTED_EDGE('',*,*,#5761,.T.);
#7326 = ORIENTED_EDGE('',*,*,#5785,.T.);
#7327 = ORIENTED_EDGE('',*,*,#5809,.T.);
#7328 = ORIENTED_EDGE('',*,*,#5833,.T.);
#7329 = ORIENTED_EDGE('',*,*,#5857,.T.);
#7330 = ORIENTED_EDGE('',*,*,#5881,.T.);
#7331 = ORIENTED_EDGE('',*,*,#5905,.T.);
#7332 = ORIENTED_EDGE('',*,*,#5929,.T.);
#7333 = ORIENTED_EDGE('',*,*,#5953,.T.);
#7334 = ORIENTED_EDGE('',*,*,#5977,.T.);
#7335 = ORIENTED_EDGE('',*,*,#6001,.T.);
#7336 = ORIENTED_EDGE('',*,*,#6025,.T.);
#7337 = ORIENTED_EDGE('',*,*,#6049,.T.);
#7338 = ORIENTED_EDGE('',*,*,#6073,.T.);
#7339 = ORIENTED_EDGE('',*,*,#6097,.T.);
#7340 = ORIENTED_EDGE('',*,*,#6121,.T.);
#7341 = ORIENTED_EDGE('',*,*,#6145,.T.);
#7342 = ORIENTED_EDGE('',*,*,#6169,.T.);
#7343 = ORIENTED_EDGE('',*,*,#6193,.T.);
#7344 = ORIENTED_EDGE('',*,*,#6217,.T.);
#7345 = ORIENTED_EDGE('',*,*,#6257,.T.);
#7346 = ORIENTED_EDGE('',*,*,#7347,.T.);
#7347 = EDGE_CURVE('',#6250,#7348,#7350,.T.);
#7348 = VERTEX_POINT('',#7349);
#7349 = CARTESIAN_POINT('',(-113.29,-48.7065,10.));
#7350 = LINE('',#7351,#7352);
#7351 = CARTESIAN_POINT('',(-98.85443351073,-53.01221484513,10.));
#7352 = VECTOR('',#7353,1.);
#7353 = DIRECTION('',(0.958281025178,-0.285827704717,0.));
#7354 = ORIENTED_EDGE('',*,*,#7355,.T.);
#7355 = EDGE_CURVE('',#7348,#7356,#7358,.T.);
#7356 = VERTEX_POINT('',#7357);
#7357 = CARTESIAN_POINT('',(-112.51,-48.78,10.));
#7358 = LINE('',#7359,#7360);
#7359 = CARTESIAN_POINT('',(-91.12612252688,-50.79501922342,10.));
#7360 = VECTOR('',#7361,1.);
#7361 = DIRECTION('',(0.995589630628,-9.381517673229E-02,0.));
#7362 = ORIENTED_EDGE('',*,*,#7363,.T.);
#7363 = EDGE_CURVE('',#7356,#7364,#7366,.T.);
#7364 = VERTEX_POINT('',#7365);
#7365 = CARTESIAN_POINT('',(-111.73,-48.6997,10.));
#7366 = LINE('',#7367,#7368);
#7367 = CARTESIAN_POINT('',(-84.79133382956,-45.9263988545,10.));
#7368 = VECTOR('',#7369,1.);
#7369 = DIRECTION('',(0.994742534713,0.102407468638,0.));
#7370 = ORIENTED_EDGE('',*,*,#7371,.T.);
#7371 = EDGE_CURVE('',#7364,#6471,#7372,.T.);
#7372 = LINE('',#7373,#7374);
#7373 = CARTESIAN_POINT('',(-80.7573775651,-39.16426197304,10.));
#7374 = VECTOR('',#7375,1.);
#7375 = DIRECTION('',(0.955732157113,0.294238073437,0.));
#7376 = ORIENTED_EDGE('',*,*,#6470,.T.);
#7377 = ORIENTED_EDGE('',*,*,#1718,.T.);
#7378 = ORIENTED_EDGE('',*,*,#1765,.T.);
#7379 = ORIENTED_EDGE('',*,*,#1789,.T.);
#7380 = ORIENTED_EDGE('',*,*,#1813,.T.);
#7381 = ORIENTED_EDGE('',*,*,#1837,.T.);
#7382 = ORIENTED_EDGE('',*,*,#1861,.T.);
#7383 = ORIENTED_EDGE('',*,*,#1885,.T.);
#7384 = ORIENTED_EDGE('',*,*,#1909,.T.);
#7385 = ORIENTED_EDGE('',*,*,#1933,.T.);
#7386 = ORIENTED_EDGE('',*,*,#1957,.T.);
#7387 = ORIENTED_EDGE('',*,*,#1981,.T.);
#7388 = ORIENTED_EDGE('',*,*,#2005,.T.);
#7389 = ORIENTED_EDGE('',*,*,#2029,.T.);
#7390 = ORIENTED_EDGE('',*,*,#2053,.T.);
#7391 = ORIENTED_EDGE('',*,*,#2077,.T.);
#7392 = ORIENTED_EDGE('',*,*,#2101,.T.);
#7393 = ORIENTED_EDGE('',*,*,#2125,.T.);
#7394 = ORIENTED_EDGE('',*,*,#2149,.T.);
#7395 = ORIENTED_EDGE('',*,*,#2173,.T.);
#7396 = ORIENTED_EDGE('',*,*,#2197,.T.);
#7397 = ORIENTED_EDGE('',*,*,#2221,.T.);
#7398 = ORIENTED_EDGE('',*,*,#2245,.T.);
#7399 = ORIENTED_EDGE('',*,*,#2269,.T.);
#7400 = ORIENTED_EDGE('',*,*,#2293,.T.);
#7401 = ORIENTED_EDGE('',*,*,#2317,.T.);
#7402 = ORIENTED_EDGE('',*,*,#2341,.T.);
#7403 = ORIENTED_EDGE('',*,*,#2365,.T.);
#7404 = ORIENTED_EDGE('',*,*,#2389,.T.);
#7405 = ORIENTED_EDGE('',*,*,#2413,.T.);
#7406 = ORIENTED_EDGE('',*,*,#2437,.T.);
#7407 = ORIENTED_EDGE('',*,*,#2461,.T.);
#7408 = ORIENTED_EDGE('',*,*,#2485,.T.);
#7409 = ORIENTED_EDGE('',*,*,#2509,.T.);
#7410 = ORIENTED_EDGE('',*,*,#2533,.T.);
#7411 = ORIENTED_EDGE('',*,*,#2557,.T.);
#7412 = ORIENTED_EDGE('',*,*,#2581,.T.);
#7413 = ORIENTED_EDGE('',*,*,#2605,.T.);
#7414 = ORIENTED_EDGE('',*,*,#2629,.T.);
#7415 = ORIENTED_EDGE('',*,*,#2653,.T.);
#7416 = ORIENTED_EDGE('',*,*,#2677,.T.);
#7417 = ORIENTED_EDGE('',*,*,#2701,.T.);
#7418 = ORIENTED_EDGE('',*,*,#2725,.T.);
#7419 = ORIENTED_EDGE('',*,*,#2749,.T.);
#7420 = ORIENTED_EDGE('',*,*,#2773,.T.);
#7421 = ORIENTED_EDGE('',*,*,#2797,.T.);
#7422 = ORIENTED_EDGE('',*,*,#2821,.T.);
#7423 = ORIENTED_EDGE('',*,*,#2845,.T.);
#7424 = ORIENTED_EDGE('',*,*,#2885,.T.);
#7425 = ORIENTED_EDGE('',*,*,#7426,.T.);
#7426 = EDGE_CURVE('',#2878,#7427,#7429,.T.);
#7427 = VERTEX_POINT('',#7428);
#7428 = CARTESIAN_POINT('',(-1.725144182292,-12.51186834633,10.));
#7429 = LINE('',#7430,#7431);
#7430 = CARTESIAN_POINT('',(-26.01233866039,-19.87859017194,10.));
#7431 = VECTOR('',#7432,1.);
#7432 = DIRECTION('',(0.956948194773,0.290258768207,0.));
#7433 = ORIENTED_EDGE('',*,*,#7434,.T.);
#7434 = EDGE_CURVE('',#7427,#2910,#7435,.T.);
#7435 = CIRCLE('',#7436,2.);
#7436 = AXIS2_PLACEMENT_3D('',#7437,#7438,#7439);
#7437 = CARTESIAN_POINT('',(0.,-11.5,10.));
#7438 = DIRECTION('',(0.,0.,1.));
#7439 = DIRECTION('',(-1.,-0.,-0.));
#7440 = ORIENTED_EDGE('',*,*,#2909,.T.);
#7441 = ORIENTED_EDGE('',*,*,#2972,.T.);
#7442 = ORIENTED_EDGE('',*,*,#2996,.T.);
#7443 = ORIENTED_EDGE('',*,*,#3020,.T.);
#7444 = ORIENTED_EDGE('',*,*,#3044,.T.);
#7445 = ORIENTED_EDGE('',*,*,#3068,.T.);
#7446 = ORIENTED_EDGE('',*,*,#3092,.T.);
#7447 = ORIENTED_EDGE('',*,*,#3116,.T.);
#7448 = ORIENTED_EDGE('',*,*,#3140,.T.);
#7449 = ORIENTED_EDGE('',*,*,#3165,.T.);
#7450 = ORIENTED_EDGE('',*,*,#7451,.T.);
#7451 = EDGE_CURVE('',#3156,#3221,#7452,.T.);
#7452 = CIRCLE('',#7453,2.);
#7453 = AXIS2_PLACEMENT_3D('',#7454,#7455,#7456);
#7454 = CARTESIAN_POINT('',(11.5,22.,10.));
#7455 = DIRECTION('',(0.,0.,1.));
#7456 = DIRECTION('',(-1.,-0.,-0.));
#7457 = ORIENTED_EDGE('',*,*,#3220,.T.);
#7458 = ORIENTED_EDGE('',*,*,#3283,.T.);
#7459 = ORIENTED_EDGE('',*,*,#3307,.T.);
#7460 = ORIENTED_EDGE('',*,*,#3331,.T.);
#7461 = ORIENTED_EDGE('',*,*,#3355,.T.);
#7462 = ORIENTED_EDGE('',*,*,#3379,.T.);
#7463 = ORIENTED_EDGE('',*,*,#3403,.T.);
#7464 = ORIENTED_EDGE('',*,*,#3427,.T.);
#7465 = ORIENTED_EDGE('',*,*,#3451,.T.);
#7466 = ORIENTED_EDGE('',*,*,#3475,.T.);
#7467 = ORIENTED_EDGE('',*,*,#3499,.T.);
#7468 = ORIENTED_EDGE('',*,*,#3523,.T.);
#7469 = ORIENTED_EDGE('',*,*,#3547,.T.);
#7470 = ORIENTED_EDGE('',*,*,#3571,.T.);
#7471 = ORIENTED_EDGE('',*,*,#3595,.T.);
#7472 = ORIENTED_EDGE('',*,*,#3619,.T.);
#7473 = ORIENTED_EDGE('',*,*,#3643,.T.);
#7474 = ORIENTED_EDGE('',*,*,#3667,.T.);
#7475 = ORIENTED_EDGE('',*,*,#3691,.T.);
#7476 = ORIENTED_EDGE('',*,*,#3715,.T.);
#7477 = ORIENTED_EDGE('',*,*,#3739,.T.);
#7478 = ORIENTED_EDGE('',*,*,#3763,.T.);
#7479 = ORIENTED_EDGE('',*,*,#3787,.T.);
#7480 = ORIENTED_EDGE('',*,*,#3811,.T.);
#7481 = ORIENTED_EDGE('',*,*,#3835,.T.);
#7482 = ORIENTED_EDGE('',*,*,#3859,.T.);
#7483 = ORIENTED_EDGE('',*,*,#3883,.T.);
#7484 = ORIENTED_EDGE('',*,*,#3907,.T.);
#7485 = ORIENTED_EDGE('',*,*,#3931,.T.);
#7486 = ORIENTED_EDGE('',*,*,#3955,.T.);
#7487 = ORIENTED_EDGE('',*,*,#3979,.T.);
#7488 = ORIENTED_EDGE('',*,*,#4003,.T.);
#7489 = ORIENTED_EDGE('',*,*,#4027,.T.);
#7490 = ORIENTED_EDGE('',*,*,#4051,.T.);
#7491 = ORIENTED_EDGE('',*,*,#4075,.T.);
#7492 = ORIENTED_EDGE('',*,*,#4099,.T.);
#7493 = ORIENTED_EDGE('',*,*,#4123,.T.);
#7494 = ORIENTED_EDGE('',*,*,#4147,.T.);
#7495 = ORIENTED_EDGE('',*,*,#4172,.T.);
#7496 = ORIENTED_EDGE('',*,*,#7497,.T.);
#7497 = EDGE_CURVE('',#4163,#4228,#7498,.T.);
#7498 = CIRCLE('',#7499,2.);
#7499 = AXIS2_PLACEMENT_3D('',#7500,#7501,#7502);
#7500 = CARTESIAN_POINT('',(-38.1,66.,10.));
#7501 = DIRECTION('',(0.,0.,1.));
#7502 = DIRECTION('',(-1.,-0.,-0.));
#7503 = ORIENTED_EDGE('',*,*,#4227,.T.);
#7504 = ORIENTED_EDGE('',*,*,#4290,.T.);
#7505 = ORIENTED_EDGE('',*,*,#4314,.T.);
#7506 = ORIENTED_EDGE('',*,*,#4338,.T.);
#7507 = ORIENTED_EDGE('',*,*,#4362,.T.);
#7508 = ORIENTED_EDGE('',*,*,#4386,.T.);
#7509 = ORIENTED_EDGE('',*,*,#4410,.T.);
#7510 = ORIENTED_EDGE('',*,*,#4434,.T.);
#7511 = ORIENTED_EDGE('',*,*,#4458,.T.);
#7512 = ORIENTED_EDGE('',*,*,#4482,.T.);
#7513 = ORIENTED_EDGE('',*,*,#4506,.T.);
#7514 = ORIENTED_EDGE('',*,*,#4530,.T.);
#7515 = ORIENTED_EDGE('',*,*,#4554,.T.);
#7516 = ORIENTED_EDGE('',*,*,#4578,.T.);
#7517 = ORIENTED_EDGE('',*,*,#4602,.T.);
#7518 = ORIENTED_EDGE('',*,*,#4626,.T.);
#7519 = ORIENTED_EDGE('',*,*,#4650,.T.);
#7520 = ORIENTED_EDGE('',*,*,#4674,.T.);
#7521 = ORIENTED_EDGE('',*,*,#4698,.T.);
#7522 = ORIENTED_EDGE('',*,*,#4722,.T.);
#7523 = ORIENTED_EDGE('',*,*,#4762,.T.);
#7524 = ORIENTED_EDGE('',*,*,#7525,.T.);
#7525 = EDGE_CURVE('',#4755,#7526,#7528,.T.);
#7526 = VERTEX_POINT('',#7527);
#7527 = CARTESIAN_POINT('',(-74.28693137084,57.683239590679,10.));
#7528 = LINE('',#7529,#7530);
#7529 = CARTESIAN_POINT('',(-71.61222255474,57.946668283317,10.));
#7530 = VECTOR('',#7531,1.);
#7531 = DIRECTION('',(-0.995184985525,-9.80145121187E-02,-0.));
#7532 = ORIENTED_EDGE('',*,*,#7533,.T.);
#7533 = EDGE_CURVE('',#7526,#4787,#7534,.T.);
#7534 = CIRCLE('',#7535,2.);
#7535 = AXIS2_PLACEMENT_3D('',#7536,#7537,#7538);
#7536 = CARTESIAN_POINT('',(-76.2,57.1,10.));
#7537 = DIRECTION('',(0.,0.,1.));
#7538 = DIRECTION('',(-1.,-0.,-0.));
#7539 = ORIENTED_EDGE('',*,*,#4786,.T.);
#7540 = ORIENTED_EDGE('',*,*,#4849,.T.);
#7541 = ORIENTED_EDGE('',*,*,#4873,.T.);
#7542 = ORIENTED_EDGE('',*,*,#4897,.T.);
#7543 = ORIENTED_EDGE('',*,*,#4921,.T.);
#7544 = ORIENTED_EDGE('',*,*,#4945,.T.);
#7545 = ORIENTED_EDGE('',*,*,#4969,.T.);
#7546 = ORIENTED_EDGE('',*,*,#4993,.T.);
#7547 = ORIENTED_EDGE('',*,*,#5017,.T.);
#7548 = ORIENTED_EDGE('',*,*,#5041,.T.);
#7549 = ORIENTED_EDGE('',*,*,#5129,.T.);
#7550 = ORIENTED_EDGE('',*,*,#7551,.F.);
#7551 = EDGE_CURVE('',#7552,#5122,#7554,.T.);
#7552 = VERTEX_POINT('',#7553);
#7553 = CARTESIAN_POINT('',(-96.3,64.,10.));
#7554 = LINE('',#7555,#7556);
#7555 = CARTESIAN_POINT('',(-96.3,34.265080611007,10.));
#7556 = VECTOR('',#7557,1.);
#7557 = DIRECTION('',(2.22044604925E-16,-1.,0.));
#7558 = ORIENTED_EDGE('',*,*,#7559,.T.);
#7559 = EDGE_CURVE('',#7552,#7560,#7562,.T.);
#7560 = VERTEX_POINT('',#7561);
#7561 = CARTESIAN_POINT('',(-88.2647,64.,10.));
#7562 = LINE('',#7563,#7564);
#7563 = CARTESIAN_POINT('',(-116.1,64.,10.));
#7564 = VECTOR('',#7565,1.);
#7565 = DIRECTION('',(1.,0.,0.));
#7566 = ORIENTED_EDGE('',*,*,#7567,.F.);
#7567 = EDGE_CURVE('',#7568,#7560,#7570,.T.);
#7568 = VERTEX_POINT('',#7569);
#7569 = CARTESIAN_POINT('',(-87.97050721997,63.985540253988,10.));
#7570 = CIRCLE('',#7571,3.);
#7571 = AXIS2_PLACEMENT_3D('',#7572,#7573,#7574);
#7572 = CARTESIAN_POINT('',(-88.2647,61.,10.));
#7573 = DIRECTION('',(-0.,0.,1.));
#7574 = DIRECTION('',(0.995180084663,-9.80642600084E-02,0.));
#7575 = ORIENTED_EDGE('',*,*,#7576,.T.);
#7576 = EDGE_CURVE('',#7568,#7577,#7579,.T.);
#7577 = VERTEX_POINT('',#7578);
#7578 = CARTESIAN_POINT('',(-87.19010721997,63.908640253988,10.));
#7579 = LINE('',#7580,#7581);
#7580 = CARTESIAN_POINT('',(-87.97050721997,63.985540253988,10.));
#7581 = VECTOR('',#7582,1.);
#7582 = DIRECTION('',(0.995180084663,-9.80642600084E-02,0.));
#7583 = ORIENTED_EDGE('',*,*,#7584,.F.);
#7584 = EDGE_CURVE('',#7585,#7577,#7587,.T.);
#7585 = VERTEX_POINT('',#7586);
#7586 = CARTESIAN_POINT('',(-86.61355580487,63.793954323481,10.));
#7587 = CIRCLE('',#7588,3.);
#7588 = AXIS2_PLACEMENT_3D('',#7589,#7590,#7591);
#7589 = CARTESIAN_POINT('',(-87.4843,60.9231,10.));
#7590 = DIRECTION('',(-0.,0.,1.));
#7591 = DIRECTION('',(0.95695144116,-0.290248065043,0.));
#7592 = ORIENTED_EDGE('',*,*,#7593,.T.);
#7593 = EDGE_CURVE('',#7585,#7594,#7596,.T.);
#7594 = VERTEX_POINT('',#7595);
#7595 = CARTESIAN_POINT('',(-85.86315580487,63.566354323481,10.));
#7596 = LINE('',#7597,#7598);
#7597 = CARTESIAN_POINT('',(-86.61355580487,63.793954323481,10.));
#7598 = VECTOR('',#7599,1.);
#7599 = DIRECTION('',(0.95695144116,-0.290248065043,0.));
#7600 = ORIENTED_EDGE('',*,*,#7601,.F.);
#7601 = EDGE_CURVE('',#7602,#7594,#7604,.T.);
#7602 = VERTEX_POINT('',#7603);
#7603 = CARTESIAN_POINT('',(-85.31975279337,63.341286778633,10.));
#7604 = CIRCLE('',#7605,3.);
#7605 = AXIS2_PLACEMENT_3D('',#7606,#7607,#7608);
#7606 = CARTESIAN_POINT('',(-86.7339,60.6955,10.));
#7607 = DIRECTION('',(-0.,0.,1.));
#7608 = DIRECTION('',(0.881928926211,-0.471382402209,0.));
#7609 = ORIENTED_EDGE('',*,*,#7610,.T.);
#7610 = EDGE_CURVE('',#7602,#7611,#7613,.T.);
#7611 = VERTEX_POINT('',#7612);
#7612 = CARTESIAN_POINT('',(-84.62825279337,62.971686778633,10.));
#7613 = LINE('',#7614,#7615);
#7614 = CARTESIAN_POINT('',(-85.31975279337,63.341286778633,10.));
#7615 = VECTOR('',#7616,1.);
#7616 = DIRECTION('',(0.881928926211,-0.471382402209,0.));
#7617 = ORIENTED_EDGE('',*,*,#7618,.F.);
#7618 = EDGE_CURVE('',#7619,#7611,#7621,.T.);
#7619 = VERTEX_POINT('',#7620);
#7620 = CARTESIAN_POINT('',(-84.13920982205,62.64492288617,10.));
#7621 = CIRCLE('',#7622,3.);
#7622 = AXIS2_PLACEMENT_3D('',#7623,#7624,#7625);
#7623 = CARTESIAN_POINT('',(-86.0424,60.3259,10.));
#7624 = DIRECTION('',(-0.,0.,1.));
#7625 = DIRECTION('',(0.773007628723,-0.634396725981,0.));
#7626 = ORIENTED_EDGE('',*,*,#7627,.T.);
#7627 = EDGE_CURVE('',#7619,#7628,#7630,.T.);
#7628 = VERTEX_POINT('',#7629);
#7629 = CARTESIAN_POINT('',(-83.53300982205,62.14742288617,10.));
#7630 = LINE('',#7631,#7632);
#7631 = CARTESIAN_POINT('',(-84.13920982205,62.64492288617,10.));
#7632 = VECTOR('',#7633,1.);
#7633 = DIRECTION('',(0.773007628723,-0.634396725981,0.));
#7634 = ORIENTED_EDGE('',*,*,#7635,.F.);
#7635 = EDGE_CURVE('',#7636,#7628,#7638,.T.);
#7636 = VERTEX_POINT('',#7637);
#7637 = CARTESIAN_POINT('',(-83.31487965644,61.94972034356,10.));
#7638 = CIRCLE('',#7639,3.);
#7639 = AXIS2_PLACEMENT_3D('',#7640,#7641,#7642);
#7640 = CARTESIAN_POINT('',(-85.4362,59.8284,10.));
#7641 = DIRECTION('',(-0.,0.,1.));
#7642 = DIRECTION('',(0.707106781187,-0.707106781187,0.));
#7643 = ORIENTED_EDGE('',*,*,#7644,.T.);
#7644 = EDGE_CURVE('',#7636,#7645,#7647,.T.);
#7645 = VERTEX_POINT('',#7646);
#7646 = CARTESIAN_POINT('',(-83.12629256162,61.761133248747,10.));
#7647 = LINE('',#7648,#7649);
#7648 = CARTESIAN_POINT('',(-83.31487965644,61.94972034356,10.));
#7649 = VECTOR('',#7650,1.);
#7650 = DIRECTION('',(0.707106781187,-0.707106781187,0.));
#7651 = ORIENTED_EDGE('',*,*,#7652,.T.);
#7652 = EDGE_CURVE('',#7645,#7653,#7655,.T.);
#7653 = VERTEX_POINT('',#7654);
#7654 = CARTESIAN_POINT('',(-82.31684560262,61.220257405597,10.));
#7655 = LINE('',#7656,#7657);
#7656 = CARTESIAN_POINT('',(-83.37194525116,61.925279403226,10.));
#7657 = VECTOR('',#7658,1.);
#7658 = DIRECTION('',(0.831459801075,-0.555584916278,0.));
#7659 = ORIENTED_EDGE('',*,*,#7660,.T.);
#7660 = EDGE_CURVE('',#7653,#7661,#7663,.T.);
#7661 = VERTEX_POINT('',#7662);
#7662 = CARTESIAN_POINT('',(-81.41745709556,60.847721153229,10.));
#7663 = LINE('',#7664,#7665);
#7664 = CARTESIAN_POINT('',(-82.58985671315,61.333341501264,10.));
#7665 = VECTOR('',#7666,1.);
#7666 = DIRECTION('',(0.923880500421,-0.382681095615,0.));
#7667 = ORIENTED_EDGE('',*,*,#7668,.T.);
#7668 = EDGE_CURVE('',#7661,#7669,#7671,.T.);
#7669 = VERTEX_POINT('',#7670);
#7670 = CARTESIAN_POINT('',(-80.29276649271,60.624023880397,10.));
#7671 = LINE('',#7672,#7673);
#7672 = CARTESIAN_POINT('',(-81.70727331972,60.90536464985,10.));
#7673 = VECTOR('',#7674,1.);
#7674 = DIRECTION('',(0.980788216617,-0.195075560093,0.));
#7675 = ORIENTED_EDGE('',*,*,#7676,.T.);
#7676 = EDGE_CURVE('',#7669,#7677,#7679,.T.);
#7677 = VERTEX_POINT('',#7678);
#7678 = CARTESIAN_POINT('',(-79.8039273264,60.6,10.));
#7679 = LINE('',#7680,#7681);
#7680 = CARTESIAN_POINT('',(-80.51374345934,60.634883738982,10.));
#7681 = VECTOR('',#7682,1.);
#7682 = DIRECTION('',(0.998794579661,-4.908551355237E-02,0.));
#7683 = ORIENTED_EDGE('',*,*,#7684,.T.);
#7684 = EDGE_CURVE('',#7677,#7685,#7687,.T.);
#7685 = VERTEX_POINT('',#7686);
#7686 = CARTESIAN_POINT('',(-75.27947657835,60.6,10.));
#7687 = LINE('',#7688,#7689);
#7688 = CARTESIAN_POINT('',(-79.8776,60.6,10.));
#7689 = VECTOR('',#7690,1.);
#7690 = DIRECTION('',(1.,0.,0.));
#7691 = ORIENTED_EDGE('',*,*,#7692,.T.);
#7692 = EDGE_CURVE('',#7685,#7693,#7695,.T.);
#7693 = VERTEX_POINT('',#7694);
#7694 = CARTESIAN_POINT('',(-73.96666184116,60.729297465134,10.));
#7695 = LINE('',#7696,#7697);
#7696 = CARTESIAN_POINT('',(-75.42614353635,60.585554956575,10.));
#7697 = VECTOR('',#7698,1.);
#7698 = DIRECTION('',(0.995184985525,9.80145121187E-02,0.));
#7699 = ORIENTED_EDGE('',*,*,#7700,.T.);
#7700 = EDGE_CURVE('',#7693,#7701,#7703,.T.);
#7701 = VERTEX_POINT('',#7702);
#7702 = CARTESIAN_POINT('',(-73.03510086377,61.011858309321,10.));
#7703 = LINE('',#7704,#7705);
#7704 = CARTESIAN_POINT('',(-74.24938322891,60.643542484053,10.));
#7705 = VECTOR('',#7706,1.);
#7706 = DIRECTION('',(0.956947494684,0.290261076305,0.));
#7707 = ORIENTED_EDGE('',*,*,#7708,.T.);
#7708 = EDGE_CURVE('',#7701,#7709,#7711,.T.);
#7709 = VERTEX_POINT('',#7710);
#7710 = CARTESIAN_POINT('',(-72.17648793964,61.47081825101,10.));
#7711 = LINE('',#7712,#7713);
#7712 = CARTESIAN_POINT('',(-73.2957423912,60.872535901206,10.));
#7713 = VECTOR('',#7714,1.);
#7714 = DIRECTION('',(0.881911967069,0.4714141304,0.));
#7715 = ORIENTED_EDGE('',*,*,#7716,.T.);
#7716 = EDGE_CURVE('',#7709,#7717,#7719,.T.);
#7717 = VERTEX_POINT('',#7718);
#7718 = CARTESIAN_POINT('',(-72.12728825599,61.511188586026,10.));
#7719 = LINE('',#7720,#7721);
#7720 = CARTESIAN_POINT('',(-72.40478825599,61.283488586026,10.));
#7721 = VECTOR('',#7722,1.);
#7722 = DIRECTION('',(0.773062862009,0.634329418664,0.));
#7723 = ORIENTED_EDGE('',*,*,#7724,.F.);
#7724 = EDGE_CURVE('',#7725,#7717,#7727,.T.);
#7725 = VERTEX_POINT('',#7726);
#7726 = CARTESIAN_POINT('',(-71.89113640074,61.686324841144,10.));
#7727 = CIRCLE('',#7728,3.);
#7728 = AXIS2_PLACEMENT_3D('',#7729,#7730,#7731);
#7729 = CARTESIAN_POINT('',(-70.2243,59.192,10.));
#7730 = DIRECTION('',(0.,-0.,1.));
#7731 = DIRECTION('',(0.831441613715,0.555612133582,0.));
#7732 = ORIENTED_EDGE('',*,*,#7733,.T.);
#7733 = EDGE_CURVE('',#7725,#7734,#7736,.T.);
#7734 = VERTEX_POINT('',#7735);
#7735 = CARTESIAN_POINT('',(-71.23913640074,62.122024841144,10.));
#7736 = LINE('',#7737,#7738);
#7737 = CARTESIAN_POINT('',(-71.89113640074,61.686324841144,10.));
#7738 = VECTOR('',#7739,1.);
#7739 = DIRECTION('',(0.831441613715,0.555612133582,0.));
#7740 = ORIENTED_EDGE('',*,*,#7741,.F.);
#7741 = EDGE_CURVE('',#7742,#7734,#7744,.T.);
#7742 = VERTEX_POINT('',#7743);
#7743 = CARTESIAN_POINT('',(-70.72049299278,62.399279486742,10.));
#7744 = CIRCLE('',#7745,3.);
#7745 = AXIS2_PLACEMENT_3D('',#7746,#7747,#7748);
#7746 = CARTESIAN_POINT('',(-69.5723,59.6277,10.));
#7747 = DIRECTION('',(0.,-0.,1.));
#7748 = DIRECTION('',(0.923859828914,0.382730997594,0.));
#7749 = ORIENTED_EDGE('',*,*,#7750,.T.);
#7750 = EDGE_CURVE('',#7742,#7751,#7753,.T.);
#7751 = VERTEX_POINT('',#7752);
#7752 = CARTESIAN_POINT('',(-69.99609299278,62.699379486742,10.));
#7753 = LINE('',#7754,#7755);
#7754 = CARTESIAN_POINT('',(-70.72049299278,62.399279486742,10.));
#7755 = VECTOR('',#7756,1.);
#7756 = DIRECTION('',(0.923859828914,0.382730997594,0.));
#7757 = ORIENTED_EDGE('',*,*,#7758,.F.);
#7758 = EDGE_CURVE('',#7759,#7751,#7761,.T.);
#7759 = VERTEX_POINT('',#7760);
#7760 = CARTESIAN_POINT('',(-69.43286366122,62.870216951258,10.));
#7761 = CIRCLE('',#7762,3.);
#7762 = AXIS2_PLACEMENT_3D('',#7763,#7764,#7765);
#7763 = CARTESIAN_POINT('',(-68.8479,59.9278,10.));
#7764 = DIRECTION('',(0.,-0.,1.));
#7765 = DIRECTION('',(0.980805650419,0.194987887075,0.));
#7766 = ORIENTED_EDGE('',*,*,#7767,.T.);
#7767 = EDGE_CURVE('',#7759,#7768,#7770,.T.);
#7768 = VERTEX_POINT('',#7769);
#7769 = CARTESIAN_POINT('',(-68.66376366122,63.023116951258,10.));
#7770 = LINE('',#7771,#7772);
#7771 = CARTESIAN_POINT('',(-69.43286366122,62.870216951258,10.));
#7772 = VECTOR('',#7773,1.);
#7773 = DIRECTION('',(0.980805650419,0.194987887075,0.));
#7774 = ORIENTED_EDGE('',*,*,#7775,.F.);
#7775 = EDGE_CURVE('',#7776,#7768,#7778,.T.);
#7776 = VERTEX_POINT('',#7777);
#7777 = CARTESIAN_POINT('',(-68.22628785155,63.077072362315,10.));
#7778 = CIRCLE('',#7779,3.);
#7779 = AXIS2_PLACEMENT_3D('',#7780,#7781,#7782);
#7780 = CARTESIAN_POINT('',(-68.0788,60.0807,10.));
#7781 = DIRECTION('',(0.,-0.,1.));
#7782 = DIRECTION('',(0.998790787438,4.916261718327E-02,0.));
#7783 = ORIENTED_EDGE('',*,*,#7784,.T.);
#7784 = EDGE_CURVE('',#7776,#7785,#7787,.T.);
#7785 = VERTEX_POINT('',#7786);
#7786 = CARTESIAN_POINT('',(-67.83418785155,63.096372362315,10.));
#7787 = LINE('',#7788,#7789);
#7788 = CARTESIAN_POINT('',(-68.22628785155,63.077072362315,10.));
#7789 = VECTOR('',#7790,1.);
#7790 = DIRECTION('',(0.998790787438,4.916261718327E-02,0.));
#7791 = ORIENTED_EDGE('',*,*,#7792,.F.);
#7792 = EDGE_CURVE('',#7793,#7785,#7795,.T.);
#7793 = VERTEX_POINT('',#7794);
#7794 = CARTESIAN_POINT('',(-67.6867,63.1,10.));
#7795 = CIRCLE('',#7796,3.);
#7796 = AXIS2_PLACEMENT_3D('',#7797,#7798,#7799);
#7797 = CARTESIAN_POINT('',(-67.6867,60.1,10.));
#7798 = DIRECTION('',(0.,0.,1.));
#7799 = DIRECTION('',(1.,0.,0.));
#7800 = ORIENTED_EDGE('',*,*,#7801,.T.);
#7801 = EDGE_CURVE('',#7793,#7802,#7804,.T.);
#7802 = VERTEX_POINT('',#7803);
#7803 = CARTESIAN_POINT('',(-58.27827657835,63.1,10.));
#7804 = LINE('',#7805,#7806);
#7805 = CARTESIAN_POINT('',(-67.6867,63.1,10.));
#7806 = VECTOR('',#7807,1.);
#7807 = DIRECTION('',(1.,0.,0.));
#7808 = ORIENTED_EDGE('',*,*,#7809,.T.);
#7809 = EDGE_CURVE('',#7802,#7810,#7812,.T.);
#7810 = VERTEX_POINT('',#7811);
#7811 = CARTESIAN_POINT('',(-56.96546184116,63.229297465134,10.));
#7812 = LINE('',#7813,#7814);
#7813 = CARTESIAN_POINT('',(-58.42494353635,63.085554956575,10.));
#7814 = VECTOR('',#7815,1.);
#7815 = DIRECTION('',(0.995184985525,9.80145121187E-02,0.));
#7816 = ORIENTED_EDGE('',*,*,#7817,.T.);
#7817 = EDGE_CURVE('',#7810,#7818,#7820,.T.);
#7818 = VERTEX_POINT('',#7819);
#7819 = CARTESIAN_POINT('',(-56.03390086377,63.511858309321,10.));
#7820 = LINE('',#7821,#7822);
#7821 = CARTESIAN_POINT('',(-57.24818322891,63.143542484053,10.));
#7822 = VECTOR('',#7823,1.);
#7823 = DIRECTION('',(0.956947494684,0.290261076305,0.));
#7824 = ORIENTED_EDGE('',*,*,#7825,.T.);
#7825 = EDGE_CURVE('',#7818,#7826,#7828,.T.);
#7826 = VERTEX_POINT('',#7827);
#7827 = CARTESIAN_POINT('',(-55.1753791975,63.970769470352,10.));
#7828 = LINE('',#7829,#7830);
#7829 = CARTESIAN_POINT('',(-56.2945423912,63.372535901206,10.));
#7830 = VECTOR('',#7831,1.);
#7831 = DIRECTION('',(0.881911967069,0.4714141304,0.));
#7832 = ORIENTED_EDGE('',*,*,#7833,.T.);
#7833 = EDGE_CURVE('',#7826,#7834,#7836,.T.);
#7834 = VERTEX_POINT('',#7835);
#7835 = CARTESIAN_POINT('',(-54.42278750668,64.588387506684,10.));
#7836 = LINE('',#7837,#7838);
#7837 = CARTESIAN_POINT('',(-55.40374670444,63.783358563587,10.));
#7838 = VECTOR('',#7839,1.);
#7839 = DIRECTION('',(0.773019521196,0.634382234816,0.));
#7840 = ORIENTED_EDGE('',*,*,#7841,.T.);
#7841 = EDGE_CURVE('',#7834,#7842,#7844,.T.);
#7842 = VERTEX_POINT('',#7843);
#7843 = CARTESIAN_POINT('',(-53.80521679055,65.340921535996,10.));
#7844 = LINE('',#7845,#7846);
#7845 = CARTESIAN_POINT('',(-54.61025856358,64.359946704449,10.));
#7846 = VECTOR('',#7847,1.);
#7847 = DIRECTION('',(0.634382234816,0.773019521196,0.));
#7848 = ORIENTED_EDGE('',*,*,#7849,.T.);
#7849 = EDGE_CURVE('',#7842,#7850,#7852,.T.);
#7850 = VERTEX_POINT('',#7851);
#7851 = CARTESIAN_POINT('',(-53.56000555037,65.799712085236,10.));
#7852 = LINE('',#7853,#7854);
#7853 = CARTESIAN_POINT('',(-53.94450555037,65.080312085236,10.));
#7854 = VECTOR('',#7855,1.);
#7855 = DIRECTION('',(0.471370695079,0.881935183458,0.));
#7856 = ORIENTED_EDGE('',*,*,#7857,.F.);
#7857 = EDGE_CURVE('',#7858,#7850,#7860,.T.);
#7858 = VERTEX_POINT('',#7859);
#7859 = CARTESIAN_POINT('',(-53.40852484114,66.052436400746,10.));
#7860 = CIRCLE('',#7861,3.);
#7861 = AXIS2_PLACEMENT_3D('',#7862,#7863,#7864);
#7862 = CARTESIAN_POINT('',(-50.9142,64.3856,10.));
#7863 = DIRECTION('',(0.,-0.,1.));
#7864 = DIRECTION('',(0.555612133582,0.831441613715,0.));
#7865 = ORIENTED_EDGE('',*,*,#7866,.T.);
#7866 = EDGE_CURVE('',#7858,#7867,#7869,.T.);
#7867 = VERTEX_POINT('',#7868);
#7868 = CARTESIAN_POINT('',(-52.97282484114,66.704436400746,10.));
#7869 = LINE('',#7870,#7871);
#7870 = CARTESIAN_POINT('',(-53.40852484114,66.052436400746,10.));
#7871 = VECTOR('',#7872,1.);
#7872 = DIRECTION('',(0.555612133582,0.831441613715,0.));
#7873 = ORIENTED_EDGE('',*,*,#7874,.F.);
#7874 = EDGE_CURVE('',#7875,#7867,#7877,.T.);
#7875 = VERTEX_POINT('',#7876);
#7876 = CARTESIAN_POINT('',(-52.59982034356,67.15892034356,10.));
#7877 = CIRCLE('',#7878,3.);
#7878 = AXIS2_PLACEMENT_3D('',#7879,#7880,#7881);
#7879 = CARTESIAN_POINT('',(-50.4785,65.0376,10.));
#7880 = DIRECTION('',(0.,-0.,1.));
#7881 = DIRECTION('',(0.707106781187,0.707106781187,0.));
#7882 = ORIENTED_EDGE('',*,*,#7883,.T.);
#7883 = EDGE_CURVE('',#7875,#7884,#7886,.T.);
#7884 = VERTEX_POINT('',#7885);
#7885 = CARTESIAN_POINT('',(-52.04542034356,67.71332034356,10.));
#7886 = LINE('',#7887,#7888);
#7887 = CARTESIAN_POINT('',(-52.59982034356,67.15892034356,10.));
#7888 = VECTOR('',#7889,1.);
#7889 = DIRECTION('',(0.707106781187,0.707106781187,0.));
#7890 = ORIENTED_EDGE('',*,*,#7891,.F.);
#7891 = EDGE_CURVE('',#7892,#7884,#7894,.T.);
#7892 = VERTEX_POINT('',#7893);
#7893 = CARTESIAN_POINT('',(-51.59093640074,68.086324841144,10.));
#7894 = CIRCLE('',#7895,3.);
#7895 = AXIS2_PLACEMENT_3D('',#7896,#7897,#7898);
#7896 = CARTESIAN_POINT('',(-49.9241,65.592,10.));
#7897 = DIRECTION('',(0.,-0.,1.));
#7898 = DIRECTION('',(0.831441613715,0.555612133582,0.));
#7899 = ORIENTED_EDGE('',*,*,#7900,.T.);
#7900 = EDGE_CURVE('',#7892,#7901,#7903,.T.);
#7901 = VERTEX_POINT('',#7902);
#7902 = CARTESIAN_POINT('',(-50.93893640074,68.522024841144,10.));
#7903 = LINE('',#7904,#7905);
#7904 = CARTESIAN_POINT('',(-51.59093640074,68.086324841144,10.));
#7905 = VECTOR('',#7906,1.);
#7906 = DIRECTION('',(0.831441613715,0.555612133582,0.));
#7907 = ORIENTED_EDGE('',*,*,#7908,.F.);
#7908 = EDGE_CURVE('',#7909,#7901,#7911,.T.);
#7909 = VERTEX_POINT('',#7910);
#7910 = CARTESIAN_POINT('',(-50.42015772267,68.799335521747,10.));
#7911 = CIRCLE('',#7912,3.);
#7912 = AXIS2_PLACEMENT_3D('',#7913,#7914,#7915);
#7913 = CARTESIAN_POINT('',(-49.2721,66.0277,10.));
#7914 = DIRECTION('',(0.,-0.,1.));
#7915 = DIRECTION('',(0.923878507249,0.382685907558,0.));
#7916 = ORIENTED_EDGE('',*,*,#7917,.T.);
#7917 = EDGE_CURVE('',#7909,#7918,#7920,.T.);
#7918 = VERTEX_POINT('',#7919);
#7919 = CARTESIAN_POINT('',(-49.69565772267,69.099435521747,10.));
#7920 = LINE('',#7921,#7922);
#7921 = CARTESIAN_POINT('',(-50.42015772267,68.799335521747,10.));
#7922 = VECTOR('',#7923,1.);
#7923 = DIRECTION('',(0.923878507249,0.382685907558,0.));
#7924 = ORIENTED_EDGE('',*,*,#7925,.F.);
#7925 = EDGE_CURVE('',#7926,#7918,#7928,.T.);
#7926 = VERTEX_POINT('',#7927);
#7927 = CARTESIAN_POINT('',(-49.13263683664,69.27020240276,10.));
#7928 = CIRCLE('',#7929,3.);
#7929 = AXIS2_PLACEMENT_3D('',#7930,#7931,#7932);
#7930 = CARTESIAN_POINT('',(-48.5476,66.3278,10.));
#7931 = DIRECTION('',(0.,-0.,1.));
#7932 = DIRECTION('',(0.98080080092,0.195012278883,0.));
#7933 = ORIENTED_EDGE('',*,*,#7934,.T.);
#7934 = EDGE_CURVE('',#7926,#7935,#7937,.T.);
#7935 = VERTEX_POINT('',#7936);
#7936 = CARTESIAN_POINT('',(-48.36363683664,69.42310240276,10.));
#7937 = LINE('',#7938,#7939);
#7938 = CARTESIAN_POINT('',(-49.13263683664,69.27020240276,10.));
#7939 = VECTOR('',#7940,1.);
#7940 = DIRECTION('',(0.98080080092,0.195012278883,0.));
#7941 = ORIENTED_EDGE('',*,*,#7942,.F.);
#7942 = EDGE_CURVE('',#7943,#7935,#7945,.T.);
#7943 = VERTEX_POINT('',#7944);
#7944 = CARTESIAN_POINT('',(-47.92608785155,69.477072362315,10.));
#7945 = CIRCLE('',#7946,3.);
#7946 = AXIS2_PLACEMENT_3D('',#7947,#7948,#7949);
#7947 = CARTESIAN_POINT('',(-47.7786,66.4807,10.));
#7948 = DIRECTION('',(0.,-0.,1.));
#7949 = DIRECTION('',(0.998790787438,4.916261718327E-02,0.));
#7950 = ORIENTED_EDGE('',*,*,#7951,.T.);
#7951 = EDGE_CURVE('',#7943,#7952,#7954,.T.);
#7952 = VERTEX_POINT('',#7953);
#7953 = CARTESIAN_POINT('',(-47.53398785155,69.496372362315,10.));
#7954 = LINE('',#7955,#7956);
#7955 = CARTESIAN_POINT('',(-47.92608785155,69.477072362315,10.));
#7956 = VECTOR('',#7957,1.);
#7957 = DIRECTION('',(0.998790787438,4.916261718327E-02,0.));
#7958 = ORIENTED_EDGE('',*,*,#7959,.F.);
#7959 = EDGE_CURVE('',#7960,#7952,#7962,.T.);
#7960 = VERTEX_POINT('',#7961);
#7961 = CARTESIAN_POINT('',(-47.3865,69.5,10.));
#7962 = CIRCLE('',#7963,3.);
#7963 = AXIS2_PLACEMENT_3D('',#7964,#7965,#7966);
#7964 = CARTESIAN_POINT('',(-47.3865,66.5,10.));
#7965 = DIRECTION('',(0.,0.,1.));
#7966 = DIRECTION('',(1.,0.,0.));
#7967 = ORIENTED_EDGE('',*,*,#7968,.T.);
#7968 = EDGE_CURVE('',#7960,#7969,#7971,.T.);
#7969 = VERTEX_POINT('',#7970);
#7970 = CARTESIAN_POINT('',(-28.8722,69.5,10.));
#7971 = LINE('',#7972,#7973);
#7972 = CARTESIAN_POINT('',(-47.3865,69.5,10.));
#7973 = VECTOR('',#7974,1.);
#7974 = DIRECTION('',(1.,0.,0.));
#7975 = ORIENTED_EDGE('',*,*,#7976,.F.);
#7976 = EDGE_CURVE('',#7977,#7969,#7979,.T.);
#7977 = VERTEX_POINT('',#7978);
#7978 = CARTESIAN_POINT('',(-28.57800721997,69.485540253988,10.));
#7979 = CIRCLE('',#7980,3.);
#7980 = AXIS2_PLACEMENT_3D('',#7981,#7982,#7983);
#7981 = CARTESIAN_POINT('',(-28.8722,66.5,10.));
#7982 = DIRECTION('',(-0.,0.,1.));
#7983 = DIRECTION('',(0.995180084663,-9.806426000839E-02,0.));
#7984 = ORIENTED_EDGE('',*,*,#7985,.T.);
#7985 = EDGE_CURVE('',#7977,#7986,#7988,.T.);
#7986 = VERTEX_POINT('',#7987);
#7987 = CARTESIAN_POINT('',(-27.79760721997,69.408640253988,10.));
#7988 = LINE('',#7989,#7990);
#7989 = CARTESIAN_POINT('',(-28.57800721997,69.485540253988,10.));
#7990 = VECTOR('',#7991,1.);
#7991 = DIRECTION('',(0.995180084663,-9.806426000839E-02,0.));
#7992 = ORIENTED_EDGE('',*,*,#7993,.F.);
#7993 = EDGE_CURVE('',#7994,#7986,#7996,.T.);
#7994 = VERTEX_POINT('',#7995);
#7995 = CARTESIAN_POINT('',(-27.2209495306,69.293922087826,10.));
#7996 = CIRCLE('',#7997,3.);
#7997 = AXIS2_PLACEMENT_3D('',#7998,#7999,#8000);
#7998 = CARTESIAN_POINT('',(-28.0918,66.4231,10.));
#7999 = DIRECTION('',(-0.,0.,1.));
#8000 = DIRECTION('',(0.956940695942,-0.290283489799,0.));
#8001 = ORIENTED_EDGE('',*,*,#8002,.T.);
#8002 = EDGE_CURVE('',#7994,#8003,#8005,.T.);
#8003 = VERTEX_POINT('',#8004);
#8004 = CARTESIAN_POINT('',(-26.4706495306,69.066322087826,10.));
#8005 = LINE('',#8006,#8007);
#8006 = CARTESIAN_POINT('',(-27.2209495306,69.293922087826,10.));
#8007 = VECTOR('',#8008,1.);
#8008 = DIRECTION('',(0.956940695942,-0.290283489799,0.));
#8009 = ORIENTED_EDGE('',*,*,#8010,.F.);
#8010 = EDGE_CURVE('',#8011,#8003,#8013,.T.);
#8011 = VERTEX_POINT('',#8012);
#8012 = CARTESIAN_POINT('',(-25.9275118412,68.841371781998,10.));
#8013 = CIRCLE('',#8014,3.);
#8014 = AXIS2_PLACEMENT_3D('',#8015,#8016,#8017);
#8015 = CARTESIAN_POINT('',(-27.3415,66.1955,10.));
#8016 = DIRECTION('',(-0.,0.,1.));
#8017 = DIRECTION('',(0.881957260666,-0.471329386267,0.));
#8018 = ORIENTED_EDGE('',*,*,#8019,.T.);
#8019 = EDGE_CURVE('',#8011,#8020,#8022,.T.);
#8020 = VERTEX_POINT('',#8021);
#8021 = CARTESIAN_POINT('',(-25.2359118412,68.471771781998,10.));
#8022 = LINE('',#8023,#8024);
#8023 = CARTESIAN_POINT('',(-25.9275118412,68.841371781998,10.));
#8024 = VECTOR('',#8025,1.);
#8025 = DIRECTION('',(0.881957260666,-0.471329386267,0.));
#8026 = ORIENTED_EDGE('',*,*,#8027,.F.);
#8027 = EDGE_CURVE('',#8028,#8020,#8030,.T.);
#8028 = VERTEX_POINT('',#8029);
#8029 = CARTESIAN_POINT('',(-24.74652220936,68.144768902316,10.));
#8030 = CIRCLE('',#8031,3.);
#8031 = AXIS2_PLACEMENT_3D('',#8032,#8033,#8034);
#8032 = CARTESIAN_POINT('',(-26.6499,65.8259,10.));
#8033 = DIRECTION('',(-0.,0.,1.));
#8034 = DIRECTION('',(0.772956300772,-0.634459263544,0.));
#8035 = ORIENTED_EDGE('',*,*,#8036,.T.);
#8036 = EDGE_CURVE('',#8028,#8037,#8039,.T.);
#8037 = VERTEX_POINT('',#8038);
#8038 = CARTESIAN_POINT('',(-24.14042220936,67.647268902316,10.));
#8039 = LINE('',#8040,#8041);
#8040 = CARTESIAN_POINT('',(-24.74652220936,68.144768902316,10.));
#8041 = VECTOR('',#8042,1.);
#8042 = DIRECTION('',(0.772956300772,-0.634459263544,0.));
#8043 = ORIENTED_EDGE('',*,*,#8044,.F.);
#8044 = EDGE_CURVE('',#8045,#8037,#8047,.T.);
#8045 = VERTEX_POINT('',#8046);
#8046 = CARTESIAN_POINT('',(-23.72493109768,67.231777790632,10.));
#8047 = CIRCLE('',#8048,3.);
#8048 = AXIS2_PLACEMENT_3D('',#8049,#8050,#8051);
#8049 = CARTESIAN_POINT('',(-26.0438,65.3284,10.));
#8050 = DIRECTION('',(-0.,0.,1.));
#8051 = DIRECTION('',(0.634459263544,-0.772956300772,0.));
#8052 = ORIENTED_EDGE('',*,*,#8053,.T.);
#8053 = EDGE_CURVE('',#8045,#8054,#8056,.T.);
#8054 = VERTEX_POINT('',#8055);
#8055 = CARTESIAN_POINT('',(-23.22743109768,66.625677790632,10.));
#8056 = LINE('',#8057,#8058);
#8057 = CARTESIAN_POINT('',(-23.72493109768,67.231777790632,10.));
#8058 = VECTOR('',#8059,1.);
#8059 = DIRECTION('',(0.634459263544,-0.772956300772,0.));
#8060 = ORIENTED_EDGE('',*,*,#8061,.F.);
#8061 = EDGE_CURVE('',#8062,#8054,#8064,.T.);
#8062 = VERTEX_POINT('',#8063);
#8063 = CARTESIAN_POINT('',(-22.91265074376,66.158925071179,10.));
#8064 = CIRCLE('',#8065,3.);
#8065 = AXIS2_PLACEMENT_3D('',#8066,#8067,#8068);
#8066 = CARTESIAN_POINT('',(-25.5463,64.7223,10.));
#8067 = DIRECTION('',(-0.,0.,1.));
#8068 = DIRECTION('',(0.470927681203,-0.882171819476,0.));
#8069 = ORIENTED_EDGE('',*,*,#8070,.T.);
#8070 = EDGE_CURVE('',#8062,#8071,#8073,.T.);
#8071 = VERTEX_POINT('',#8072);
#8072 = CARTESIAN_POINT('',(-22.10457734259,64.949536917016,10.));
#8073 = LINE('',#8074,#8075);
#8074 = CARTESIAN_POINT('',(-22.99427789257,66.281090838152,10.));
#8075 = VECTOR('',#8076,1.);
#8076 = DIRECTION('',(0.555563612717,-0.831474035809,0.));
#8077 = ORIENTED_EDGE('',*,*,#8078,.T.);
#8078 = EDGE_CURVE('',#8071,#8079,#8081,.T.);
#8079 = VERTEX_POINT('',#8080);
#8080 = CARTESIAN_POINT('',(-21.41614947838,64.261171280759,10.));
#8081 = LINE('',#8082,#8083);
#8082 = CARTESIAN_POINT('',(-22.31357553749,65.158516220278,10.));
#8083 = VECTOR('',#8084,1.);
#8084 = DIRECTION('',(0.707138740093,-0.707074820836,0.));
#8085 = ORIENTED_EDGE('',*,*,#8086,.T.);
#8086 = EDGE_CURVE('',#8079,#8087,#8089,.T.);
#8087 = VERTEX_POINT('',#8088);
#8088 = CARTESIAN_POINT('',(-20.60664560262,63.720257405597,10.));
#8089 = LINE('',#8090,#8091);
#8090 = CARTESIAN_POINT('',(-21.66174525116,64.425279403226,10.));
#8091 = VECTOR('',#8092,1.);
#8092 = DIRECTION('',(0.831459801075,-0.555584916278,0.));
#8093 = ORIENTED_EDGE('',*,*,#8094,.T.);
#8094 = EDGE_CURVE('',#8087,#8095,#8097,.T.);
#8095 = VERTEX_POINT('',#8096);
#8096 = CARTESIAN_POINT('',(-19.70724068526,63.347714355908,10.));
#8097 = LINE('',#8098,#8099);
#8098 = CARTESIAN_POINT('',(-20.87965671315,63.833341501264,10.));
#8099 = VECTOR('',#8100,1.);
#8100 = DIRECTION('',(0.923880500421,-0.382681095615,0.));
#8101 = ORIENTED_EDGE('',*,*,#8102,.T.);
#8102 = EDGE_CURVE('',#8095,#8103,#8105,.T.);
#8103 = VERTEX_POINT('',#8104);
#8104 = CARTESIAN_POINT('',(-18.58265808241,63.124024853256,10.));
#8105 = LINE('',#8106,#8107);
#8106 = CARTESIAN_POINT('',(-19.99703881229,63.405357786225,10.));
#8107 = VECTOR('',#8108,1.);
#8108 = DIRECTION('',(0.980785928742,-0.19508706257,0.));
#8109 = ORIENTED_EDGE('',*,*,#8110,.T.);
#8110 = EDGE_CURVE('',#8103,#8111,#8113,.T.);
#8111 = VERTEX_POINT('',#8112);
#8112 = CARTESIAN_POINT('',(-18.09373671809,63.1,10.));
#8113 = LINE('',#8114,#8115);
#8114 = CARTESIAN_POINT('',(-18.80366220877,63.134884660359,10.));
#8115 = VECTOR('',#8116,1.);
#8116 = DIRECTION('',(0.998794886786,-4.907926374126E-02,0.));
#8117 = ORIENTED_EDGE('',*,*,#8118,.T.);
#8118 = EDGE_CURVE('',#8111,#8119,#8121,.T.);
#8119 = VERTEX_POINT('',#8120);
#8120 = CARTESIAN_POINT('',(-10.853,63.1,10.));
#8121 = LINE('',#8122,#8123);
#8122 = CARTESIAN_POINT('',(-18.1674,63.1,10.));
#8123 = VECTOR('',#8124,1.);
#8124 = DIRECTION('',(1.,0.,0.));
#8125 = ORIENTED_EDGE('',*,*,#8126,.F.);
#8126 = EDGE_CURVE('',#8127,#8119,#8129,.T.);
#8127 = VERTEX_POINT('',#8128);
#8128 = CARTESIAN_POINT('',(-10.55876988009,63.085536574309,10.));
#8129 = CIRCLE('',#8130,3.);
#8130 = AXIS2_PLACEMENT_3D('',#8131,#8132,#8133);
#8131 = CARTESIAN_POINT('',(-10.853,60.1,10.));
#8132 = DIRECTION('',(-0.,0.,1.));
#8133 = DIRECTION('',(0.995178858103,-9.807670663608E-02,0.));
#8134 = ORIENTED_EDGE('',*,*,#8135,.T.);
#8135 = EDGE_CURVE('',#8127,#8136,#8138,.T.);
#8136 = VERTEX_POINT('',#8137);
#8137 = CARTESIAN_POINT('',(-9.778469880092,63.008636574309,10.));
#8138 = LINE('',#8139,#8140);
#8139 = CARTESIAN_POINT('',(-10.55876988009,63.085536574309,10.));
#8140 = VECTOR('',#8141,1.);
#8141 = DIRECTION('',(0.995178858103,-9.807670663608E-02,0.));
#8142 = ORIENTED_EDGE('',*,*,#8143,.F.);
#8143 = EDGE_CURVE('',#8144,#8136,#8146,.T.);
#8144 = VERTEX_POINT('',#8145);
#8145 = CARTESIAN_POINT('',(-9.201977056756,62.893960769196,10.));
#8146 = CIRCLE('',#8147,3.);
#8147 = AXIS2_PLACEMENT_3D('',#8148,#8149,#8150);
#8148 = CARTESIAN_POINT('',(-10.0727,60.0231,10.));
#8149 = DIRECTION('',(-0.,0.,1.));
#8150 = DIRECTION('',(0.956953589732,-0.290240981081,0.));
#8151 = ORIENTED_EDGE('',*,*,#8152,.T.);
#8152 = EDGE_CURVE('',#8144,#8153,#8155,.T.);
#8153 = VERTEX_POINT('',#8154);
#8154 = CARTESIAN_POINT('',(-8.451557056756,62.666360769196,10.));
#8155 = LINE('',#8156,#8157);
#8156 = CARTESIAN_POINT('',(-9.201977056756,62.893960769196,10.));
#8157 = VECTOR('',#8158,1.);
#8158 = DIRECTION('',(0.956953589732,-0.290240981081,0.));
#8159 = ORIENTED_EDGE('',*,*,#8160,.F.);
#8160 = EDGE_CURVE('',#8161,#8153,#8163,.T.);
#8161 = VERTEX_POINT('',#8162);
#8162 = CARTESIAN_POINT('',(-7.908196416184,62.441320783421,10.));
#8163 = CIRCLE('',#8164,3.);
#8164 = AXIS2_PLACEMENT_3D('',#8165,#8166,#8167);
#8165 = CARTESIAN_POINT('',(-9.32228,59.7955,10.));
#8166 = DIRECTION('',(-0.,0.,1.));
#8167 = DIRECTION('',(0.88194026114,-0.471361194605,0.));
#8168 = ORIENTED_EDGE('',*,*,#8169,.T.);
#8169 = EDGE_CURVE('',#8161,#8170,#8172,.T.);
#8170 = VERTEX_POINT('',#8171);
#8171 = CARTESIAN_POINT('',(-7.216656416184,62.071720783421,10.));
#8172 = LINE('',#8173,#8174);
#8173 = CARTESIAN_POINT('',(-7.908196416184,62.441320783421,10.));
#8174 = VECTOR('',#8175,1.);
#8175 = DIRECTION('',(0.88194026114,-0.471361194605,0.));
#8176 = ORIENTED_EDGE('',*,*,#8177,.F.);
#8177 = EDGE_CURVE('',#8178,#8170,#8180,.T.);
#8178 = VERTEX_POINT('',#8179);
#8179 = CARTESIAN_POINT('',(-6.727456018778,61.744845899935,10.));
#8180 = CIRCLE('',#8181,3.);
#8181 = AXIS2_PLACEMENT_3D('',#8182,#8183,#8184);
#8182 = CARTESIAN_POINT('',(-8.63074,59.4259,10.));
#8183 = DIRECTION('',(-0.,0.,1.));
#8184 = DIRECTION('',(0.772981966645,-0.634427993741,0.));
#8185 = ORIENTED_EDGE('',*,*,#8186,.T.);
#8186 = EDGE_CURVE('',#8178,#8187,#8189,.T.);
#8187 = VERTEX_POINT('',#8188);
#8188 = CARTESIAN_POINT('',(-6.121306018778,61.247345899935,10.));
#8189 = LINE('',#8190,#8191);
#8190 = CARTESIAN_POINT('',(-6.727456018778,61.744845899935,10.));
#8191 = VECTOR('',#8192,1.);
#8192 = DIRECTION('',(0.772981966645,-0.634427993741,0.));
#8193 = ORIENTED_EDGE('',*,*,#8194,.F.);
#8194 = EDGE_CURVE('',#8195,#8187,#8197,.T.);
#8195 = VERTEX_POINT('',#8196);
#8196 = CARTESIAN_POINT('',(-5.705627284229,60.831663492758,10.));
#8197 = CIRCLE('',#8198,3.);
#8198 = AXIS2_PLACEMENT_3D('',#8199,#8200,#8201);
#8199 = CARTESIAN_POINT('',(-8.02459,58.9284,10.));
#8200 = DIRECTION('',(-0.,0.,1.));
#8201 = DIRECTION('',(0.634421164253,-0.772987571924,0.));
#8202 = ORIENTED_EDGE('',*,*,#8203,.T.);
#8203 = EDGE_CURVE('',#8195,#8204,#8206,.T.);
#8204 = VERTEX_POINT('',#8205);
#8205 = CARTESIAN_POINT('',(-5.208177284229,60.225563492758,10.));
#8206 = LINE('',#8207,#8208);
#8207 = CARTESIAN_POINT('',(-5.705627284229,60.831663492758,10.));
#8208 = VECTOR('',#8209,1.);
#8209 = DIRECTION('',(0.634421164253,-0.772987571924,0.));
#8210 = ORIENTED_EDGE('',*,*,#8211,.F.);
#8211 = EDGE_CURVE('',#8212,#8204,#8214,.T.);
#8212 = VERTEX_POINT('',#8213);
#8213 = CARTESIAN_POINT('',(-4.881331832148,59.736407187919,10.));
#8214 = CIRCLE('',#8215,3.);
#8215 = AXIS2_PLACEMENT_3D('',#8216,#8217,#8218);
#8216 = CARTESIAN_POINT('',(-7.52714,58.3223,10.));
#8217 = DIRECTION('',(-0.,0.,1.));
#8218 = DIRECTION('',(0.47136906264,-0.881936055951,0.));
#8219 = ORIENTED_EDGE('',*,*,#8220,.T.);
#8220 = EDGE_CURVE('',#8212,#8221,#8223,.T.);
#8221 = VERTEX_POINT('',#8222);
#8222 = CARTESIAN_POINT('',(-4.511691832148,59.044807187919,10.));
#8223 = LINE('',#8224,#8225);
#8224 = CARTESIAN_POINT('',(-4.881331832148,59.736407187919,10.));
#8225 = VECTOR('',#8226,1.);
#8226 = DIRECTION('',(0.47136906264,-0.881936055951,0.));
#8227 = ORIENTED_EDGE('',*,*,#8228,.F.);
#8228 = EDGE_CURVE('',#8229,#8221,#8231,.T.);
#8229 = VERTEX_POINT('',#8230);
#8230 = CARTESIAN_POINT('',(-4.286699170201,58.501620544954,10.));
#8231 = CIRCLE('',#8232,3.);
#8232 = AXIS2_PLACEMENT_3D('',#8233,#8234,#8235);
#8233 = CARTESIAN_POINT('',(-7.1575,57.6307,10.));
#8234 = DIRECTION('',(-0.,0.,1.));
#8235 = DIRECTION('',(0.290306848318,-0.956933609933,0.));
#8236 = ORIENTED_EDGE('',*,*,#8237,.T.);
#8237 = EDGE_CURVE('',#8229,#8238,#8240,.T.);
#8238 = VERTEX_POINT('',#8239);
#8239 = CARTESIAN_POINT('',(-4.059079170201,57.751320544954,10.));
#8240 = LINE('',#8241,#8242);
#8241 = CARTESIAN_POINT('',(-4.286699170201,58.501620544954,10.));
#8242 = VECTOR('',#8243,1.);
#8243 = DIRECTION('',(0.290306848318,-0.956933609933,0.));
#8244 = ORIENTED_EDGE('',*,*,#8245,.F.);
#8245 = EDGE_CURVE('',#8246,#8238,#8248,.T.);
#8246 = VERTEX_POINT('',#8247);
#8247 = CARTESIAN_POINT('',(-3.96234261841,57.320538488279,10.));
#8248 = CIRCLE('',#8249,3.);
#8249 = AXIS2_PLACEMENT_3D('',#8250,#8251,#8252);
#8250 = CARTESIAN_POINT('',(-6.92988,56.8804,10.));
#8251 = DIRECTION('',(-0.,0.,1.));
#8252 = DIRECTION('',(0.146712829426,-0.989179127197,0.));
#8253 = ORIENTED_EDGE('',*,*,#8254,.T.);
#8254 = EDGE_CURVE('',#8246,#8255,#8257,.T.);
#8255 = VERTEX_POINT('',#8256);
#8256 = CARTESIAN_POINT('',(-3.947202433851,57.218459109084,10.));
#8257 = LINE('',#8258,#8259);
#8258 = CARTESIAN_POINT('',(-3.96234261841,57.320538488279,10.));
#8259 = VECTOR('',#8260,1.);
#8260 = DIRECTION('',(0.146712829426,-0.989179127197,0.));
#8261 = ORIENTED_EDGE('',*,*,#8262,.T.);
#8262 = EDGE_CURVE('',#8255,#8263,#8265,.T.);
#8263 = VERTEX_POINT('',#8264);
#8264 = CARTESIAN_POINT('',(-3.63811705073,56.199529599046,10.));
#8265 = LINE('',#8266,#8267);
#8266 = CARTESIAN_POINT('',(-4.011446249935,57.430244989688,10.));
#8267 = VECTOR('',#8268,1.);
#8268 = DIRECTION('',(0.290281663229,-0.956941250022,0.));
#8269 = ORIENTED_EDGE('',*,*,#8270,.T.);
#8270 = EDGE_CURVE('',#8263,#8271,#8273,.T.);
#8271 = VERTEX_POINT('',#8272);
#8272 = CARTESIAN_POINT('',(-3.1791870019,55.340972597865,10.));
#8273 = LINE('',#8274,#8275);
#8274 = CARTESIAN_POINT('',(-3.777424098794,56.460142391201,10.));
#8275 = VECTOR('',#8276,1.);
#8276 = DIRECTION('',(0.4714141304,-0.881911967069,0.));
#8277 = ORIENTED_EDGE('',*,*,#8278,.T.);
#8278 = EDGE_CURVE('',#8271,#8279,#8281,.T.);
#8279 = VERTEX_POINT('',#8280);
#8280 = CARTESIAN_POINT('',(-2.561561124714,54.588363769697,10.));
#8281 = LINE('',#8282,#8283);
#8282 = CARTESIAN_POINT('',(-3.36659203304,55.569335246013,10.));
#8283 = VECTOR('',#8284,1.);
#8284 = DIRECTION('',(0.634378415338,-0.773022655653,0.));
#8285 = ORIENTED_EDGE('',*,*,#8286,.T.);
#8286 = EDGE_CURVE('',#8279,#8287,#8289,.T.);
#8287 = VERTEX_POINT('',#8288);
#8288 = CARTESIAN_POINT('',(-1.809026776825,53.970772365748,10.));
#8289 = LINE('',#8290,#8291);
#8290 = CARTESIAN_POINT('',(-2.789985681604,54.775827695008,10.));
#8291 = VECTOR('',#8292,1.);
#8292 = DIRECTION('',(0.773009231669,-0.634394772799,0.));
#8293 = ORIENTED_EDGE('',*,*,#8294,.T.);
#8294 = EDGE_CURVE('',#8287,#8295,#8297,.T.);
#8295 = VERTEX_POINT('',#8296);
#8296 = CARTESIAN_POINT('',(-0.950484193956,53.511866654666,10.));
#8297 = LINE('',#8298,#8299);
#8298 = CARTESIAN_POINT('',(-2.069607469889,54.110057208027,10.));
#8299 = VECTOR('',#8300,1.);
#8300 = DIRECTION('',(0.881919069342,-0.47140084337,0.));
#8301 = ORIENTED_EDGE('',*,*,#8302,.T.);
#8302 = EDGE_CURVE('',#8295,#8303,#8305,.T.);
#8303 = VERTEX_POINT('',#8304);
#8304 = CARTESIAN_POINT('',(-1.888532736197E-02,53.229296771617,10.));
#8305 = LINE('',#8306,#8307);
#8306 = CARTESIAN_POINT('',(-1.23328369538,53.597644584319,10.));
#8307 = VECTOR('',#8308,1.);
#8308 = DIRECTION('',(0.956948194773,-0.290258768207,0.));
#8309 = ORIENTED_EDGE('',*,*,#8310,.T.);
#8310 = EDGE_CURVE('',#8303,#8311,#8313,.T.);
#8311 = VERTEX_POINT('',#8312);
#8312 = CARTESIAN_POINT('',(1.293890175068,53.1,10.));
#8313 = LINE('',#8314,#8315);
#8314 = CARTESIAN_POINT('',(-0.312896322094,53.258254253204,10.));
#8315 = VECTOR('',#8316,1.);
#8316 = DIRECTION('',(0.995184751068,-9.801689263519E-02,0.));
#8317 = ORIENTED_EDGE('',*,*,#8318,.T.);
#8318 = EDGE_CURVE('',#8311,#8319,#8321,.T.);
#8319 = VERTEX_POINT('',#8320);
#8320 = CARTESIAN_POINT('',(8.,53.1,10.));
#8321 = LINE('',#8322,#8323);
#8322 = CARTESIAN_POINT('',(1.14651,53.1,10.));
#8323 = VECTOR('',#8324,1.);
#8324 = DIRECTION('',(1.,0.,0.));
#8325 = ORIENTED_EDGE('',*,*,#8326,.F.);
#8326 = EDGE_CURVE('',#8327,#8319,#8329,.T.);
#8327 = VERTEX_POINT('',#8328);
#8328 = CARTESIAN_POINT('',(8.294207714847,53.085538782284,10.));
#8329 = CIRCLE('',#8330,3.);
#8330 = AXIS2_PLACEMENT_3D('',#8331,#8332,#8333);
#8331 = CARTESIAN_POINT('',(8.,50.1,10.));
#8332 = DIRECTION('',(-0.,0.,1.));
#8333 = DIRECTION('',(0.995179594095,-9.80692382822E-02,0.));
#8334 = ORIENTED_EDGE('',*,*,#8335,.T.);
#8335 = EDGE_CURVE('',#8327,#8336,#8338,.T.);
#8336 = VERTEX_POINT('',#8337);
#8337 = CARTESIAN_POINT('',(9.074567714847,53.008638782284,10.));
#8338 = LINE('',#8339,#8340);
#8339 = CARTESIAN_POINT('',(8.294207714847,53.085538782284,10.));
#8340 = VECTOR('',#8341,1.);
#8341 = DIRECTION('',(0.995179594095,-9.80692382822E-02,0.));
#8342 = ORIENTED_EDGE('',*,*,#8343,.F.);
#8343 = EDGE_CURVE('',#8344,#8336,#8346,.T.);
#8344 = VERTEX_POINT('',#8345);
#8345 = CARTESIAN_POINT('',(9.651136074811,52.893944654024,10.));
#8346 = CIRCLE('',#8347,3.);
#8347 = AXIS2_PLACEMENT_3D('',#8348,#8349,#8350);
#8348 = CARTESIAN_POINT('',(8.78036,50.0231,10.));
#8349 = DIRECTION('',(-0.,0.,1.));
#8350 = DIRECTION('',(0.956948218008,-0.290258691604,0.));
#8351 = ORIENTED_EDGE('',*,*,#8352,.T.);
#8352 = EDGE_CURVE('',#8344,#8353,#8355,.T.);
#8353 = VERTEX_POINT('',#8354);
#8354 = CARTESIAN_POINT('',(10.401506074811,52.666344654024,10.));
#8355 = LINE('',#8356,#8357);
#8356 = CARTESIAN_POINT('',(9.651136074811,52.893944654024,10.));
#8357 = VECTOR('',#8358,1.);
#8358 = DIRECTION('',(0.956948218008,-0.290258691604,0.));
#8359 = ORIENTED_EDGE('',*,*,#8360,.F.);
#8360 = EDGE_CURVE('',#8361,#8353,#8363,.T.);
#8361 = VERTEX_POINT('',#8362);
#8362 = CARTESIAN_POINT('',(10.944765869928,52.441346284,10.));
#8363 = CIRCLE('',#8364,3.);
#8364 = AXIS2_PLACEMENT_3D('',#8365,#8366,#8367);
#8365 = CARTESIAN_POINT('',(9.53073,49.7955,10.));
#8366 = DIRECTION('',(-0.,0.,1.));
#8367 = DIRECTION('',(0.881948761333,-0.471345289976,0.));
#8368 = ORIENTED_EDGE('',*,*,#8369,.T.);
#8369 = EDGE_CURVE('',#8361,#8370,#8372,.T.);
#8370 = VERTEX_POINT('',#8371);
#8371 = CARTESIAN_POINT('',(11.636335869928,52.071746284,10.));
#8372 = LINE('',#8373,#8374);
#8373 = CARTESIAN_POINT('',(10.944765869928,52.441346284,10.));
#8374 = VECTOR('',#8375,1.);
#8375 = DIRECTION('',(0.881948761333,-0.471345289976,0.));
#8376 = ORIENTED_EDGE('',*,*,#8377,.F.);
#8377 = EDGE_CURVE('',#8378,#8370,#8380,.T.);
#8378 = VERTEX_POINT('',#8379);
#8379 = CARTESIAN_POINT('',(12.125677790632,51.744768902316,10.));
#8380 = CIRCLE('',#8381,3.);
#8381 = AXIS2_PLACEMENT_3D('',#8382,#8383,#8384);
#8382 = CARTESIAN_POINT('',(10.2223,49.4259,10.));
#8383 = DIRECTION('',(-0.,0.,1.));
#8384 = DIRECTION('',(0.772956300772,-0.634459263544,0.));
#8385 = ORIENTED_EDGE('',*,*,#8386,.T.);
#8386 = EDGE_CURVE('',#8378,#8387,#8389,.T.);
#8387 = VERTEX_POINT('',#8388);
#8388 = CARTESIAN_POINT('',(12.731777790632,51.247268902316,10.));
#8389 = LINE('',#8390,#8391);
#8390 = CARTESIAN_POINT('',(12.125677790632,51.744768902316,10.));
#8391 = VECTOR('',#8392,1.);
#8392 = DIRECTION('',(0.772956300772,-0.634459263544,0.));
#8393 = ORIENTED_EDGE('',*,*,#8394,.F.);
#8394 = EDGE_CURVE('',#8395,#8387,#8397,.T.);
#8395 = VERTEX_POINT('',#8396);
#8396 = CARTESIAN_POINT('',(13.147268902316,50.831777790632,10.));
#8397 = CIRCLE('',#8398,3.);
#8398 = AXIS2_PLACEMENT_3D('',#8399,#8400,#8401);
#8399 = CARTESIAN_POINT('',(10.8284,48.9284,10.));
#8400 = DIRECTION('',(-0.,0.,1.));
#8401 = DIRECTION('',(0.634459263544,-0.772956300772,0.));
#8402 = ORIENTED_EDGE('',*,*,#8403,.T.);
#8403 = EDGE_CURVE('',#8395,#8404,#8406,.T.);
#8404 = VERTEX_POINT('',#8405);
#8405 = CARTESIAN_POINT('',(13.644768902316,50.225677790632,10.));
#8406 = LINE('',#8407,#8408);
#8407 = CARTESIAN_POINT('',(13.147268902316,50.831777790632,10.));
#8408 = VECTOR('',#8409,1.);
#8409 = DIRECTION('',(0.634459263544,-0.772956300772,0.));
#8410 = ORIENTED_EDGE('',*,*,#8411,.F.);
#8411 = EDGE_CURVE('',#8412,#8404,#8414,.T.);
#8412 = VERTEX_POINT('',#8413);
#8413 = CARTESIAN_POINT('',(13.971771781998,49.7362881588,10.));
#8414 = CIRCLE('',#8415,3.);
#8415 = AXIS2_PLACEMENT_3D('',#8416,#8417,#8418);
#8416 = CARTESIAN_POINT('',(11.3259,48.3223,10.));
#8417 = DIRECTION('',(-0.,0.,1.));
#8418 = DIRECTION('',(0.471329386267,-0.881957260666,0.));
#8419 = ORIENTED_EDGE('',*,*,#8420,.T.);
#8420 = EDGE_CURVE('',#8412,#8421,#8423,.T.);
#8421 = VERTEX_POINT('',#8422);
#8422 = CARTESIAN_POINT('',(14.341371781998,49.0446881588,10.));
#8423 = LINE('',#8424,#8425);
#8424 = CARTESIAN_POINT('',(13.971771781998,49.7362881588,10.));
#8425 = VECTOR('',#8426,1.);
#8426 = DIRECTION('',(0.471329386267,-0.881957260666,0.));
#8427 = ORIENTED_EDGE('',*,*,#8428,.F.);
#8428 = EDGE_CURVE('',#8429,#8421,#8431,.T.);
#8429 = VERTEX_POINT('',#8430);
#8430 = CARTESIAN_POINT('',(14.566322087826,48.501550469398,10.));
#8431 = CIRCLE('',#8432,3.);
#8432 = AXIS2_PLACEMENT_3D('',#8433,#8434,#8435);
#8433 = CARTESIAN_POINT('',(11.6955,47.6307,10.));
#8434 = DIRECTION('',(-0.,0.,1.));
#8435 = DIRECTION('',(0.290283489799,-0.956940695942,0.));
#8436 = ORIENTED_EDGE('',*,*,#8437,.T.);
#8437 = EDGE_CURVE('',#8429,#8438,#8440,.T.);
#8438 = VERTEX_POINT('',#8439);
#8439 = CARTESIAN_POINT('',(14.793922087826,47.751250469398,10.));
#8440 = LINE('',#8441,#8442);
#8441 = CARTESIAN_POINT('',(14.566322087826,48.501550469398,10.));
#8442 = VECTOR('',#8443,1.);
#8443 = DIRECTION('',(0.290283489799,-0.956940695942,0.));
#8444 = ORIENTED_EDGE('',*,*,#8445,.F.);
#8445 = EDGE_CURVE('',#8446,#8438,#8448,.T.);
#8446 = VERTEX_POINT('',#8447);
#8447 = CARTESIAN_POINT('',(14.908640253988,47.174592780025,10.));
#8448 = CIRCLE('',#8449,3.);
#8449 = AXIS2_PLACEMENT_3D('',#8450,#8451,#8452);
#8450 = CARTESIAN_POINT('',(11.9231,46.8804,10.));
#8451 = DIRECTION('',(-0.,0.,1.));
#8452 = DIRECTION('',(9.80642600084E-02,-0.995180084663,0.));
#8453 = ORIENTED_EDGE('',*,*,#8454,.T.);
#8454 = EDGE_CURVE('',#8446,#8455,#8457,.T.);
#8455 = VERTEX_POINT('',#8456);
#8456 = CARTESIAN_POINT('',(14.985540253988,46.394192780025,10.));
#8457 = LINE('',#8458,#8459);
#8458 = CARTESIAN_POINT('',(14.908640253988,47.174592780025,10.));
#8459 = VECTOR('',#8460,1.);
#8460 = DIRECTION('',(9.80642600084E-02,-0.995180084663,0.));
#8461 = ORIENTED_EDGE('',*,*,#8462,.F.);
#8462 = EDGE_CURVE('',#8463,#8455,#8465,.T.);
#8463 = VERTEX_POINT('',#8464);
#8464 = CARTESIAN_POINT('',(15.,46.1,10.));
#8465 = CIRCLE('',#8466,3.);
#8466 = AXIS2_PLACEMENT_3D('',#8467,#8468,#8469);
#8467 = CARTESIAN_POINT('',(12.,46.1,10.));
#8468 = DIRECTION('',(0.,0.,1.));
#8469 = DIRECTION('',(-0.,-1.,-0.));
#8470 = ORIENTED_EDGE('',*,*,#8471,.T.);
#8471 = EDGE_CURVE('',#8463,#8472,#8474,.T.);
#8472 = VERTEX_POINT('',#8473);
#8473 = CARTESIAN_POINT('',(15.,-8.,10.));
#8474 = LINE('',#8475,#8476);
#8475 = CARTESIAN_POINT('',(15.,46.1,10.));
#8476 = VECTOR('',#8477,1.);
#8477 = DIRECTION('',(-0.,-1.,-0.));
#8478 = ORIENTED_EDGE('',*,*,#8479,.F.);
#8479 = EDGE_CURVE('',#8480,#8472,#8482,.T.);
#8480 = VERTEX_POINT('',#8481);
#8481 = CARTESIAN_POINT('',(14.985538782284,-8.294207714847,10.));
#8482 = CIRCLE('',#8483,3.);
#8483 = AXIS2_PLACEMENT_3D('',#8484,#8485,#8486);
#8484 = CARTESIAN_POINT('',(12.,-8.,10.));
#8485 = DIRECTION('',(-0.,0.,1.));
#8486 = DIRECTION('',(-9.806923828219E-02,-0.995179594095,-0.));
#8487 = ORIENTED_EDGE('',*,*,#8488,.T.);
#8488 = EDGE_CURVE('',#8480,#8489,#8491,.T.);
#8489 = VERTEX_POINT('',#8490);
#8490 = CARTESIAN_POINT('',(14.908638782284,-9.074567714847,10.));
#8491 = LINE('',#8492,#8493);
#8492 = CARTESIAN_POINT('',(14.985538782284,-8.294207714847,10.));
#8493 = VECTOR('',#8494,1.);
#8494 = DIRECTION('',(-9.806923828219E-02,-0.995179594095,-0.));
#8495 = ORIENTED_EDGE('',*,*,#8496,.F.);
#8496 = EDGE_CURVE('',#8497,#8489,#8499,.T.);
#8497 = VERTEX_POINT('',#8498);
#8498 = CARTESIAN_POINT('',(14.793944654024,-9.651136074811,10.));
#8499 = CIRCLE('',#8500,3.);
#8500 = AXIS2_PLACEMENT_3D('',#8501,#8502,#8503);
#8501 = CARTESIAN_POINT('',(11.9231,-8.78036,10.));
#8502 = DIRECTION('',(-0.,0.,1.));
#8503 = DIRECTION('',(-0.290258691604,-0.956948218008,-0.));
#8504 = ORIENTED_EDGE('',*,*,#8505,.T.);
#8505 = EDGE_CURVE('',#8497,#8506,#8508,.T.);
#8506 = VERTEX_POINT('',#8507);
#8507 = CARTESIAN_POINT('',(14.566344654024,-10.40150607481,10.));
#8508 = LINE('',#8509,#8510);
#8509 = CARTESIAN_POINT('',(14.793944654024,-9.651136074811,10.));
#8510 = VECTOR('',#8511,1.);
#8511 = DIRECTION('',(-0.290258691604,-0.956948218008,-0.));
#8512 = ORIENTED_EDGE('',*,*,#8513,.F.);
#8513 = EDGE_CURVE('',#8514,#8506,#8516,.T.);
#8514 = VERTEX_POINT('',#8515);
#8515 = CARTESIAN_POINT('',(14.341346284,-10.94476586992,10.));
#8516 = CIRCLE('',#8517,3.);
#8517 = AXIS2_PLACEMENT_3D('',#8518,#8519,#8520);
#8518 = CARTESIAN_POINT('',(11.6955,-9.53073,10.));
#8519 = DIRECTION('',(-0.,0.,1.));
#8520 = DIRECTION('',(-0.471345289976,-0.881948761333,-0.));
#8521 = ORIENTED_EDGE('',*,*,#8522,.T.);
#8522 = EDGE_CURVE('',#8514,#8523,#8525,.T.);
#8523 = VERTEX_POINT('',#8524);
#8524 = CARTESIAN_POINT('',(13.971746284,-11.63633586992,10.));
#8525 = LINE('',#8526,#8527);
#8526 = CARTESIAN_POINT('',(14.341346284,-10.94476586992,10.));
#8527 = VECTOR('',#8528,1.);
#8528 = DIRECTION('',(-0.471345289976,-0.881948761333,-0.));
#8529 = ORIENTED_EDGE('',*,*,#8530,.F.);
#8530 = EDGE_CURVE('',#8531,#8523,#8533,.T.);
#8531 = VERTEX_POINT('',#8532);
#8532 = CARTESIAN_POINT('',(13.644768902316,-12.12567779063,10.));
#8533 = CIRCLE('',#8534,3.);
#8534 = AXIS2_PLACEMENT_3D('',#8535,#8536,#8537);
#8535 = CARTESIAN_POINT('',(11.3259,-10.2223,10.));
#8536 = DIRECTION('',(-0.,0.,1.));
#8537 = DIRECTION('',(-0.634459263544,-0.772956300772,-0.));
#8538 = ORIENTED_EDGE('',*,*,#8539,.T.);
#8539 = EDGE_CURVE('',#8531,#8540,#8542,.T.);
#8540 = VERTEX_POINT('',#8541);
#8541 = CARTESIAN_POINT('',(13.147268902316,-12.73177779063,10.));
#8542 = LINE('',#8543,#8544);
#8543 = CARTESIAN_POINT('',(13.644768902316,-12.12567779063,10.));
#8544 = VECTOR('',#8545,1.);
#8545 = DIRECTION('',(-0.634459263544,-0.772956300772,-0.));
#8546 = ORIENTED_EDGE('',*,*,#8547,.F.);
#8547 = EDGE_CURVE('',#8548,#8540,#8550,.T.);
#8548 = VERTEX_POINT('',#8549);
#8549 = CARTESIAN_POINT('',(12.731777790632,-13.14726890231,10.));
#8550 = CIRCLE('',#8551,3.);
#8551 = AXIS2_PLACEMENT_3D('',#8552,#8553,#8554);
#8552 = CARTESIAN_POINT('',(10.8284,-10.8284,10.));
#8553 = DIRECTION('',(-0.,0.,1.));
#8554 = DIRECTION('',(-0.772956300772,-0.634459263544,-0.));
#8555 = ORIENTED_EDGE('',*,*,#8556,.T.);
#8556 = EDGE_CURVE('',#8548,#8557,#8559,.T.);
#8557 = VERTEX_POINT('',#8558);
#8558 = CARTESIAN_POINT('',(12.125677790632,-13.64476890231,10.));
#8559 = LINE('',#8560,#8561);
#8560 = CARTESIAN_POINT('',(12.731777790632,-13.14726890231,10.));
#8561 = VECTOR('',#8562,1.);
#8562 = DIRECTION('',(-0.772956300772,-0.634459263544,-0.));
#8563 = ORIENTED_EDGE('',*,*,#8564,.F.);
#8564 = EDGE_CURVE('',#8565,#8557,#8567,.T.);
#8565 = VERTEX_POINT('',#8566);
#8566 = CARTESIAN_POINT('',(11.636335869928,-13.971746284,10.));
#8567 = CIRCLE('',#8568,3.);
#8568 = AXIS2_PLACEMENT_3D('',#8569,#8570,#8571);
#8569 = CARTESIAN_POINT('',(10.2223,-11.3259,10.));
#8570 = DIRECTION('',(-0.,0.,1.));
#8571 = DIRECTION('',(-0.881948761333,-0.471345289976,-0.));
#8572 = ORIENTED_EDGE('',*,*,#8573,.T.);
#8573 = EDGE_CURVE('',#8565,#8574,#8576,.T.);
#8574 = VERTEX_POINT('',#8575);
#8575 = CARTESIAN_POINT('',(10.944765869928,-14.341346284,10.));
#8576 = LINE('',#8577,#8578);
#8577 = CARTESIAN_POINT('',(11.636335869928,-13.971746284,10.));
#8578 = VECTOR('',#8579,1.);
#8579 = DIRECTION('',(-0.881948761333,-0.471345289976,-0.));
#8580 = ORIENTED_EDGE('',*,*,#8581,.F.);
#8581 = EDGE_CURVE('',#8582,#8574,#8584,.T.);
#8582 = VERTEX_POINT('',#8583);
#8583 = CARTESIAN_POINT('',(10.401506074811,-14.56634465402,10.));
#8584 = CIRCLE('',#8585,3.);
#8585 = AXIS2_PLACEMENT_3D('',#8586,#8587,#8588);
#8586 = CARTESIAN_POINT('',(9.53073,-11.6955,10.));
#8587 = DIRECTION('',(-0.,0.,1.));
#8588 = DIRECTION('',(-0.956948218008,-0.290258691604,-0.));
#8589 = ORIENTED_EDGE('',*,*,#8590,.T.);
#8590 = EDGE_CURVE('',#8582,#8591,#8593,.T.);
#8591 = VERTEX_POINT('',#8592);
#8592 = CARTESIAN_POINT('',(9.651136074811,-14.79394465402,10.));
#8593 = LINE('',#8594,#8595);
#8594 = CARTESIAN_POINT('',(10.401506074811,-14.56634465402,10.));
#8595 = VECTOR('',#8596,1.);
#8596 = DIRECTION('',(-0.956948218008,-0.290258691604,-0.));
#8597 = ORIENTED_EDGE('',*,*,#8598,.F.);
#8598 = EDGE_CURVE('',#8599,#8591,#8601,.T.);
#8599 = VERTEX_POINT('',#8600);
#8600 = CARTESIAN_POINT('',(9.074567714847,-14.90863878228,10.));
#8601 = CIRCLE('',#8602,3.);
#8602 = AXIS2_PLACEMENT_3D('',#8603,#8604,#8605);
#8603 = CARTESIAN_POINT('',(8.78036,-11.9231,10.));
#8604 = DIRECTION('',(-0.,0.,1.));
#8605 = DIRECTION('',(-0.995179594095,-9.806923828219E-02,-0.));
#8606 = ORIENTED_EDGE('',*,*,#8607,.T.);
#8607 = EDGE_CURVE('',#8599,#8608,#8610,.T.);
#8608 = VERTEX_POINT('',#8609);
#8609 = CARTESIAN_POINT('',(8.294207714847,-14.98553878228,10.));
#8610 = LINE('',#8611,#8612);
#8611 = CARTESIAN_POINT('',(9.074567714847,-14.90863878228,10.));
#8612 = VECTOR('',#8613,1.);
#8613 = DIRECTION('',(-0.995179594095,-9.806923828219E-02,-0.));
#8614 = ORIENTED_EDGE('',*,*,#8615,.F.);
#8615 = EDGE_CURVE('',#8616,#8608,#8618,.T.);
#8616 = VERTEX_POINT('',#8617);
#8617 = CARTESIAN_POINT('',(8.,-15.,10.));
#8618 = CIRCLE('',#8619,3.);
#8619 = AXIS2_PLACEMENT_3D('',#8620,#8621,#8622);
#8620 = CARTESIAN_POINT('',(8.,-12.,10.));
#8621 = DIRECTION('',(0.,0.,1.));
#8622 = DIRECTION('',(-1.,-0.,-0.));
#8623 = ORIENTED_EDGE('',*,*,#8624,.T.);
#8624 = EDGE_CURVE('',#8616,#8625,#8627,.T.);
#8625 = VERTEX_POINT('',#8626);
#8626 = CARTESIAN_POINT('',(1.293890175068,-15.,10.));
#8627 = LINE('',#8628,#8629);
#8628 = CARTESIAN_POINT('',(8.,-15.,10.));
#8629 = VECTOR('',#8630,1.);
#8630 = DIRECTION('',(-1.,-0.,-0.));
#8631 = ORIENTED_EDGE('',*,*,#8632,.T.);
#8632 = EDGE_CURVE('',#8625,#8633,#8635,.T.);
#8633 = VERTEX_POINT('',#8634);
#8634 = CARTESIAN_POINT('',(-1.888532736197E-02,-15.12929677161,10.));
#8635 = LINE('',#8636,#8637);
#8636 = CARTESIAN_POINT('',(1.440560677906,-14.9855542532,10.));
#8637 = VECTOR('',#8638,1.);
#8638 = DIRECTION('',(-0.995184751068,-9.80168926352E-02,-0.));
#8639 = ORIENTED_EDGE('',*,*,#8640,.T.);
#8640 = EDGE_CURVE('',#8633,#8641,#8643,.T.);
#8641 = VERTEX_POINT('',#8642);
#8642 = CARTESIAN_POINT('',(-0.950484193956,-15.41186665466,10.));
#8643 = LINE('',#8644,#8645);
#8644 = CARTESIAN_POINT('',(0.26382930462,-15.04354458431,10.));
#8645 = VECTOR('',#8646,1.);
#8646 = DIRECTION('',(-0.956948194773,-0.290258768207,-0.));
#8647 = ORIENTED_EDGE('',*,*,#8648,.T.);
#8648 = EDGE_CURVE('',#8641,#8649,#8651,.T.);
#8649 = VERTEX_POINT('',#8650);
#8650 = CARTESIAN_POINT('',(-1.809026776825,-15.87077236574,10.));
#8651 = LINE('',#8652,#8653);
#8652 = CARTESIAN_POINT('',(-0.689857469889,-15.27255720802,10.));
#8653 = VECTOR('',#8654,1.);
#8654 = DIRECTION('',(-0.881919069342,-0.47140084337,-0.));
#8655 = ORIENTED_EDGE('',*,*,#8656,.T.);
#8656 = EDGE_CURVE('',#8649,#8657,#8659,.T.);
#8657 = VERTEX_POINT('',#8658);
#8658 = CARTESIAN_POINT('',(-2.561561124714,-16.48836376969,10.));
#8659 = LINE('',#8660,#8661);
#8660 = CARTESIAN_POINT('',(-1.580625681604,-15.683327695,10.));
#8661 = VECTOR('',#8662,1.);
#8662 = DIRECTION('',(-0.773009231669,-0.634394772799,-0.));
#8663 = ORIENTED_EDGE('',*,*,#8664,.T.);
#8664 = EDGE_CURVE('',#8657,#8665,#8667,.T.);
#8665 = VERTEX_POINT('',#8666);
#8666 = CARTESIAN_POINT('',(-3.1791870019,-17.24097259786,10.));
#8667 = LINE('',#8668,#8669);
#8668 = CARTESIAN_POINT('',(-2.37410203304,-16.25993524601,10.));
#8669 = VECTOR('',#8670,1.);
#8670 = DIRECTION('',(-0.634378415338,-0.773022655653,-0.));
#8671 = ORIENTED_EDGE('',*,*,#8672,.T.);
#8672 = EDGE_CURVE('',#8665,#8673,#8675,.T.);
#8673 = VERTEX_POINT('',#8674);
#8674 = CARTESIAN_POINT('',(-3.638117116628,-18.09952972232,10.));
#8675 = LINE('',#8676,#8677);
#8676 = CARTESIAN_POINT('',(-3.039924098794,-16.9804423912,10.));
#8677 = VECTOR('',#8678,1.);
#8678 = DIRECTION('',(-0.4714141304,-0.881911967069,-0.));
#8679 = ORIENTED_EDGE('',*,*,#8680,.T.);
#8680 = EDGE_CURVE('',#8673,#8681,#8683,.T.);
#8681 = VERTEX_POINT('',#8682);
#8682 = CARTESIAN_POINT('',(-3.936126330311,-19.08194525465,10.));
#8683 = LINE('',#8684,#8685);
#8684 = CARTESIAN_POINT('',(-3.552336330311,-17.81674525465,10.));
#8685 = VECTOR('',#8686,1.);
#8686 = DIRECTION('',(-0.290281751552,-0.95694122323,-0.));
#8687 = ORIENTED_EDGE('',*,*,#8688,.F.);
#8688 = EDGE_CURVE('',#8689,#8681,#8691,.T.);
#8689 = VERTEX_POINT('',#8690);
#8690 = CARTESIAN_POINT('',(-4.03528742765,-19.35909241506,10.));
#8691 = CIRCLE('',#8692,3.);
#8692 = AXIS2_PLACEMENT_3D('',#8693,#8694,#8695);
#8693 = CARTESIAN_POINT('',(-6.80695,-18.2111,10.));
#8694 = DIRECTION('',(-0.,0.,1.));
#8695 = DIRECTION('',(-0.382664138353,-0.923887524117,-0.));
#8696 = ORIENTED_EDGE('',*,*,#8697,.T.);
#8697 = EDGE_CURVE('',#8689,#8698,#8700,.T.);
#8698 = VERTEX_POINT('',#8699);
#8699 = CARTESIAN_POINT('',(-4.33536742765,-20.08359241506,10.));
#8700 = LINE('',#8701,#8702);
#8701 = CARTESIAN_POINT('',(-4.03528742765,-19.35909241506,10.));
#8702 = VECTOR('',#8703,1.);
#8703 = DIRECTION('',(-0.382664138353,-0.923887524117,-0.));
#8704 = ORIENTED_EDGE('',*,*,#8705,.F.);
#8705 = EDGE_CURVE('',#8706,#8698,#8708,.T.);
#8706 = VERTEX_POINT('',#8707);
#8707 = CARTESIAN_POINT('',(-4.612599121734,-20.60227771136,10.));
#8708 = CIRCLE('',#8709,3.);
#8709 = AXIS2_PLACEMENT_3D('',#8710,#8711,#8712);
#8710 = CARTESIAN_POINT('',(-7.10703,-18.9356,10.));
#8711 = DIRECTION('',(-0.,0.,1.));
#8712 = DIRECTION('',(-0.555559237121,-0.831476959422,-0.));
#8713 = ORIENTED_EDGE('',*,*,#8714,.T.);
#8714 = EDGE_CURVE('',#8706,#8715,#8717,.T.);
#8715 = VERTEX_POINT('',#8716);
#8716 = CARTESIAN_POINT('',(-5.048239121734,-21.25427771136,10.));
#8717 = LINE('',#8718,#8719);
#8718 = CARTESIAN_POINT('',(-4.612599121734,-20.60227771136,10.));
#8719 = VECTOR('',#8720,1.);
#8720 = DIRECTION('',(-0.555559237121,-0.831476959422,-0.));
#8721 = ORIENTED_EDGE('',*,*,#8722,.F.);
#8722 = EDGE_CURVE('',#8723,#8715,#8725,.T.);
#8723 = VERTEX_POINT('',#8724);
#8724 = CARTESIAN_POINT('',(-5.421483573952,-21.70905425261,10.));
#8725 = CIRCLE('',#8726,3.);
#8726 = AXIS2_PLACEMENT_3D('',#8727,#8728,#8729);
#8727 = CARTESIAN_POINT('',(-7.54267,-19.5876,10.));
#8728 = DIRECTION('',(-0.,0.,1.));
#8729 = DIRECTION('',(-0.707151417539,-0.707062142016,-0.));
#8730 = ORIENTED_EDGE('',*,*,#8731,.T.);
#8731 = EDGE_CURVE('',#8723,#8732,#8734,.T.);
#8732 = VERTEX_POINT('',#8733);
#8733 = CARTESIAN_POINT('',(-5.975953573952,-22.26345425261,10.));
#8734 = LINE('',#8735,#8736);
#8735 = CARTESIAN_POINT('',(-5.421483573952,-21.70905425261,10.));
#8736 = VECTOR('',#8737,1.);
#8737 = DIRECTION('',(-0.707151417539,-0.707062142016,-0.));
#8738 = ORIENTED_EDGE('',*,*,#8739,.F.);
#8739 = EDGE_CURVE('',#8740,#8732,#8742,.T.);
#8740 = VERTEX_POINT('',#8741);
#8741 = CARTESIAN_POINT('',(-6.430268252784,-22.63630122044,10.));
#8742 = CIRCLE('',#8743,3.);
#8743 = AXIS2_PLACEMENT_3D('',#8744,#8745,#8746);
#8744 = CARTESIAN_POINT('',(-8.09714,-20.142,10.));
#8745 = DIRECTION('',(-0.,0.,1.));
#8746 = DIRECTION('',(-0.83143374015,-0.555623915739,-0.));
#8747 = ORIENTED_EDGE('',*,*,#8748,.T.);
#8748 = EDGE_CURVE('',#8740,#8749,#8751,.T.);
#8749 = VERTEX_POINT('',#8750);
#8750 = CARTESIAN_POINT('',(-7.082248252784,-23.07200122044,10.));
#8751 = LINE('',#8752,#8753);
#8752 = CARTESIAN_POINT('',(-6.430268252784,-22.63630122044,10.));
#8753 = VECTOR('',#8754,1.);
#8754 = DIRECTION('',(-0.83143374015,-0.555623915739,-0.));
#8755 = ORIENTED_EDGE('',*,*,#8756,.F.);
#8756 = EDGE_CURVE('',#8757,#8749,#8759,.T.);
#8757 = VERTEX_POINT('',#8758);
#8758 = CARTESIAN_POINT('',(-7.600994645915,-23.34930750672,10.));
#8759 = CIRCLE('',#8760,3.);
#8760 = AXIS2_PLACEMENT_3D('',#8761,#8762,#8763);
#8761 = CARTESIAN_POINT('',(-8.74912,-20.5777,10.));
#8762 = DIRECTION('',(-0.,0.,1.));
#8763 = DIRECTION('',(-0.923869168907,-0.382708451362,-0.));
#8764 = ORIENTED_EDGE('',*,*,#8765,.T.);
#8765 = EDGE_CURVE('',#8757,#8766,#8768,.T.);
#8766 = VERTEX_POINT('',#8767);
#8767 = CARTESIAN_POINT('',(-8.325444645915,-23.64940750672,10.));
#8768 = LINE('',#8769,#8770);
#8769 = CARTESIAN_POINT('',(-7.600994645915,-23.34930750672,10.));
#8770 = VECTOR('',#8771,1.);
#8771 = DIRECTION('',(-0.923869168907,-0.382708451362,-0.));
#8772 = ORIENTED_EDGE('',*,*,#8773,.F.);
#8773 = EDGE_CURVE('',#8774,#8766,#8776,.T.);
#8774 = VERTEX_POINT('',#8775);
#8775 = CARTESIAN_POINT('',(-8.888555117864,-23.82020676788,10.));
#8776 = CIRCLE('',#8777,3.);
#8777 = AXIS2_PLACEMENT_3D('',#8778,#8779,#8780);
#8778 = CARTESIAN_POINT('',(-9.47357,-20.8778,10.));
#8779 = DIRECTION('',(-0.,0.,1.));
#8780 = DIRECTION('',(-0.980802255961,-0.195004960712,-0.));
#8781 = ORIENTED_EDGE('',*,*,#8782,.T.);
#8782 = EDGE_CURVE('',#8774,#8783,#8785,.T.);
#8783 = VERTEX_POINT('',#8784);
#8784 = CARTESIAN_POINT('',(-9.657585117864,-23.97310676788,10.));
#8785 = LINE('',#8786,#8787);
#8786 = CARTESIAN_POINT('',(-8.888555117864,-23.82020676788,10.));
#8787 = VECTOR('',#8788,1.);
#8788 = DIRECTION('',(-0.980802255961,-0.195004960712,-0.));
#8789 = ORIENTED_EDGE('',*,*,#8790,.F.);
#8790 = EDGE_CURVE('',#8791,#8783,#8793,.T.);
#8791 = VERTEX_POINT('',#8792);
#8792 = CARTESIAN_POINT('',(-10.09511214845,-24.02707236231,10.));
#8793 = CIRCLE('',#8794,3.);
#8794 = AXIS2_PLACEMENT_3D('',#8795,#8796,#8797);
#8795 = CARTESIAN_POINT('',(-10.2426,-21.0307,10.));
#8796 = DIRECTION('',(-0.,0.,1.));
#8797 = DIRECTION('',(-0.998790787438,-4.916261718327E-02,-0.));
#8798 = ORIENTED_EDGE('',*,*,#8799,.T.);
#8799 = EDGE_CURVE('',#8791,#8800,#8802,.T.);
#8800 = VERTEX_POINT('',#8801);
#8801 = CARTESIAN_POINT('',(-10.48721214845,-24.04637236231,10.));
#8802 = LINE('',#8803,#8804);
#8803 = CARTESIAN_POINT('',(-10.09511214845,-24.02707236231,10.));
#8804 = VECTOR('',#8805,1.);
#8805 = DIRECTION('',(-0.998790787438,-4.916261718327E-02,-0.));
#8806 = ORIENTED_EDGE('',*,*,#8807,.F.);
#8807 = EDGE_CURVE('',#8808,#8800,#8810,.T.);
#8808 = VERTEX_POINT('',#8809);
#8809 = CARTESIAN_POINT('',(-10.6347,-24.05,10.));
#8810 = CIRCLE('',#8811,3.);
#8811 = AXIS2_PLACEMENT_3D('',#8812,#8813,#8814);
#8812 = CARTESIAN_POINT('',(-10.6347,-21.05,10.));
#8813 = DIRECTION('',(0.,0.,1.));
#8814 = DIRECTION('',(-1.,-0.,-0.));
#8815 = ORIENTED_EDGE('',*,*,#8816,.T.);
#8816 = EDGE_CURVE('',#8808,#8817,#8819,.T.);
#8817 = VERTEX_POINT('',#8818);
#8818 = CARTESIAN_POINT('',(-28.2778,-24.05,10.));
#8819 = LINE('',#8820,#8821);
#8820 = CARTESIAN_POINT('',(-10.6347,-24.05,10.));
#8821 = VECTOR('',#8822,1.);
#8822 = DIRECTION('',(-1.,-0.,-0.));
#8823 = ORIENTED_EDGE('',*,*,#8824,.F.);
#8824 = EDGE_CURVE('',#8825,#8817,#8827,.T.);
#8825 = VERTEX_POINT('',#8826);
#8826 = CARTESIAN_POINT('',(-28.57199278002,-24.03554025398,10.));
#8827 = CIRCLE('',#8828,3.);
#8828 = AXIS2_PLACEMENT_3D('',#8829,#8830,#8831);
#8829 = CARTESIAN_POINT('',(-28.2778,-21.05,10.));
#8830 = DIRECTION('',(0.,-0.,1.));
#8831 = DIRECTION('',(-0.995180084663,9.80642600084E-02,0.));
#8832 = ORIENTED_EDGE('',*,*,#8833,.T.);
#8833 = EDGE_CURVE('',#8825,#8834,#8836,.T.);
#8834 = VERTEX_POINT('',#8835);
#8835 = CARTESIAN_POINT('',(-29.35239278002,-23.95864025398,10.));
#8836 = LINE('',#8837,#8838);
#8837 = CARTESIAN_POINT('',(-28.57199278002,-24.03554025398,10.));
#8838 = VECTOR('',#8839,1.);
#8839 = DIRECTION('',(-0.995180084663,9.80642600084E-02,0.));
#8840 = ORIENTED_EDGE('',*,*,#8841,.F.);
#8841 = EDGE_CURVE('',#8842,#8834,#8844,.T.);
#8842 = VERTEX_POINT('',#8843);
#8843 = CARTESIAN_POINT('',(-29.92905046939,-23.84392208782,10.));
#8844 = CIRCLE('',#8845,3.);
#8845 = AXIS2_PLACEMENT_3D('',#8846,#8847,#8848);
#8846 = CARTESIAN_POINT('',(-29.0582,-20.9731,10.));
#8847 = DIRECTION('',(0.,-0.,1.));
#8848 = DIRECTION('',(-0.956940695942,0.290283489799,0.));
#8849 = ORIENTED_EDGE('',*,*,#8850,.T.);
#8850 = EDGE_CURVE('',#8842,#8851,#8853,.T.);
#8851 = VERTEX_POINT('',#8852);
#8852 = CARTESIAN_POINT('',(-30.67935046939,-23.61632208782,10.));
#8853 = LINE('',#8854,#8855);
#8854 = CARTESIAN_POINT('',(-29.92905046939,-23.84392208782,10.));
#8855 = VECTOR('',#8856,1.);
#8856 = DIRECTION('',(-0.956940695942,0.290283489799,0.));
#8857 = ORIENTED_EDGE('',*,*,#8858,.F.);
#8858 = EDGE_CURVE('',#8859,#8851,#8861,.T.);
#8859 = VERTEX_POINT('',#8860);
#8860 = CARTESIAN_POINT('',(-31.2224881588,-23.39137178199,10.));
#8861 = CIRCLE('',#8862,3.);
#8862 = AXIS2_PLACEMENT_3D('',#8863,#8864,#8865);
#8863 = CARTESIAN_POINT('',(-29.8085,-20.7455,10.));
#8864 = DIRECTION('',(0.,-0.,1.));
#8865 = DIRECTION('',(-0.881957260666,0.471329386267,0.));
#8866 = ORIENTED_EDGE('',*,*,#8867,.T.);
#8867 = EDGE_CURVE('',#8859,#8868,#8870,.T.);
#8868 = VERTEX_POINT('',#8869);
#8869 = CARTESIAN_POINT('',(-31.9140881588,-23.02177178199,10.));
#8870 = LINE('',#8871,#8872);
#8871 = CARTESIAN_POINT('',(-31.2224881588,-23.39137178199,10.));
#8872 = VECTOR('',#8873,1.);
#8873 = DIRECTION('',(-0.881957260666,0.471329386267,0.));
#8874 = ORIENTED_EDGE('',*,*,#8875,.F.);
#8875 = EDGE_CURVE('',#8876,#8868,#8878,.T.);
#8876 = VERTEX_POINT('',#8877);
#8877 = CARTESIAN_POINT('',(-32.40347779063,-22.69476890231,10.));
#8878 = CIRCLE('',#8879,3.);
#8879 = AXIS2_PLACEMENT_3D('',#8880,#8881,#8882);
#8880 = CARTESIAN_POINT('',(-30.5001,-20.3759,10.));
#8881 = DIRECTION('',(0.,-0.,1.));
#8882 = DIRECTION('',(-0.772956300772,0.634459263544,0.));
#8883 = ORIENTED_EDGE('',*,*,#8884,.T.);
#8884 = EDGE_CURVE('',#8876,#8885,#8887,.T.);
#8885 = VERTEX_POINT('',#8886);
#8886 = CARTESIAN_POINT('',(-33.00957779063,-22.19726890231,10.));
#8887 = LINE('',#8888,#8889);
#8888 = CARTESIAN_POINT('',(-32.40347779063,-22.69476890231,10.));
#8889 = VECTOR('',#8890,1.);
#8890 = DIRECTION('',(-0.772956300772,0.634459263544,0.));
#8891 = ORIENTED_EDGE('',*,*,#8892,.F.);
#8892 = EDGE_CURVE('',#8893,#8885,#8895,.T.);
#8893 = VERTEX_POINT('',#8894);
#8894 = CARTESIAN_POINT('',(-33.42506890231,-21.78177779063,10.));
#8895 = CIRCLE('',#8896,3.);
#8896 = AXIS2_PLACEMENT_3D('',#8897,#8898,#8899);
#8897 = CARTESIAN_POINT('',(-31.1062,-19.8784,10.));
#8898 = DIRECTION('',(0.,-0.,1.));
#8899 = DIRECTION('',(-0.634459263544,0.772956300772,0.));
#8900 = ORIENTED_EDGE('',*,*,#8901,.T.);
#8901 = EDGE_CURVE('',#8893,#8902,#8904,.T.);
#8902 = VERTEX_POINT('',#8903);
#8903 = CARTESIAN_POINT('',(-33.92256890231,-21.17567779063,10.));
#8904 = LINE('',#8905,#8906);
#8905 = CARTESIAN_POINT('',(-33.42506890231,-21.78177779063,10.));
#8906 = VECTOR('',#8907,1.);
#8907 = DIRECTION('',(-0.634459263544,0.772956300772,0.));
#8908 = ORIENTED_EDGE('',*,*,#8909,.F.);
#8909 = EDGE_CURVE('',#8910,#8902,#8912,.T.);
#8910 = VERTEX_POINT('',#8911);
#8911 = CARTESIAN_POINT('',(-34.23734925623,-20.70892507117,10.));
#8912 = CIRCLE('',#8913,3.);
#8913 = AXIS2_PLACEMENT_3D('',#8914,#8915,#8916);
#8914 = CARTESIAN_POINT('',(-31.6037,-19.2723,10.));
#8915 = DIRECTION('',(0.,-0.,1.));
#8916 = DIRECTION('',(-0.470927681203,0.882171819476,0.));
#8917 = ORIENTED_EDGE('',*,*,#8918,.T.);
#8918 = EDGE_CURVE('',#8910,#8919,#8921,.T.);
#8919 = VERTEX_POINT('',#8920);
#8920 = CARTESIAN_POINT('',(-35.0454226574,-19.49953691701,10.));
#8921 = LINE('',#8922,#8923);
#8922 = CARTESIAN_POINT('',(-34.15572210742,-20.83109083815,10.));
#8923 = VECTOR('',#8924,1.);
#8924 = DIRECTION('',(-0.555563612717,0.831474035809,0.));
#8925 = ORIENTED_EDGE('',*,*,#8926,.T.);
#8926 = EDGE_CURVE('',#8919,#8927,#8929,.T.);
#8927 = VERTEX_POINT('',#8928);
#8928 = CARTESIAN_POINT('',(-35.73385052162,-18.81117128075,10.));
#8929 = LINE('',#8930,#8931);
#8930 = CARTESIAN_POINT('',(-34.8364244625,-19.70851622027,10.));
#8931 = VECTOR('',#8932,1.);
#8932 = DIRECTION('',(-0.707138740093,0.707074820836,0.));
#8933 = ORIENTED_EDGE('',*,*,#8934,.T.);
#8934 = EDGE_CURVE('',#8927,#8935,#8937,.T.);
#8935 = VERTEX_POINT('',#8936);
#8936 = CARTESIAN_POINT('',(-36.54335439738,-18.27025740559,10.));
#8937 = LINE('',#8938,#8939);
#8938 = CARTESIAN_POINT('',(-35.48825474883,-18.97527940322,10.));
#8939 = VECTOR('',#8940,1.);
#8940 = DIRECTION('',(-0.831459801075,0.555584916278,0.));
#8941 = ORIENTED_EDGE('',*,*,#8942,.T.);
#8942 = EDGE_CURVE('',#8935,#8943,#8945,.T.);
#8943 = VERTEX_POINT('',#8944);
#8944 = CARTESIAN_POINT('',(-37.44275931473,-17.8977143559,10.));
#8945 = LINE('',#8946,#8947);
#8946 = CARTESIAN_POINT('',(-36.27034328684,-18.38334150126,10.));
#8947 = VECTOR('',#8948,1.);
#8948 = DIRECTION('',(-0.923880500421,0.382681095615,0.));
#8949 = ORIENTED_EDGE('',*,*,#8950,.T.);
#8950 = EDGE_CURVE('',#8943,#8951,#8953,.T.);
#8951 = VERTEX_POINT('',#8952);
#8952 = CARTESIAN_POINT('',(-38.56734191758,-17.67402485325,10.));
#8953 = LINE('',#8954,#8955);
#8954 = CARTESIAN_POINT('',(-37.15296118771,-17.95535778622,10.));
#8955 = VECTOR('',#8956,1.);
#8956 = DIRECTION('',(-0.980785928742,0.19508706257,0.));
#8957 = ORIENTED_EDGE('',*,*,#8958,.T.);
#8958 = EDGE_CURVE('',#8951,#8959,#8961,.T.);
#8959 = VERTEX_POINT('',#8960);
#8960 = CARTESIAN_POINT('',(-39.0562632819,-17.65,10.));
#8961 = LINE('',#8962,#8963);
#8962 = CARTESIAN_POINT('',(-38.34633779122,-17.68488466035,10.));
#8963 = VECTOR('',#8964,1.);
#8964 = DIRECTION('',(-0.998794886786,4.907926374126E-02,0.));
#8965 = ORIENTED_EDGE('',*,*,#8966,.T.);
#8966 = EDGE_CURVE('',#8959,#8967,#8969,.T.);
#8967 = VERTEX_POINT('',#8968);
#8968 = CARTESIAN_POINT('',(-49.58682342164,-17.65,10.));
#8969 = LINE('',#8970,#8971);
#8970 = CARTESIAN_POINT('',(-38.9826,-17.65,10.));
#8971 = VECTOR('',#8972,1.);
#8972 = DIRECTION('',(-1.,-0.,-0.));
#8973 = ORIENTED_EDGE('',*,*,#8974,.T.);
#8974 = EDGE_CURVE('',#8967,#8975,#8977,.T.);
#8975 = VERTEX_POINT('',#8976);
#8976 = CARTESIAN_POINT('',(-50.89963815883,-17.77929746513,10.));
#8977 = LINE('',#8978,#8979);
#8978 = CARTESIAN_POINT('',(-49.44015646364,-17.63555495657,10.));
#8979 = VECTOR('',#8980,1.);
#8980 = DIRECTION('',(-0.995184985525,-9.80145121187E-02,-0.));
#8981 = ORIENTED_EDGE('',*,*,#8982,.T.);
#8982 = EDGE_CURVE('',#8975,#8983,#8985,.T.);
#8983 = VERTEX_POINT('',#8984);
#8984 = CARTESIAN_POINT('',(-51.83119913622,-18.06185830932,10.));
#8985 = LINE('',#8986,#8987);
#8986 = CARTESIAN_POINT('',(-50.61691677108,-17.69354248405,10.));
#8987 = VECTOR('',#8988,1.);
#8988 = DIRECTION('',(-0.956947494684,-0.290261076305,-0.));
#8989 = ORIENTED_EDGE('',*,*,#8990,.T.);
#8990 = EDGE_CURVE('',#8983,#8991,#8993,.T.);
#8991 = VERTEX_POINT('',#8992);
#8992 = CARTESIAN_POINT('',(-52.68972080249,-18.52076947035,10.));
#8993 = LINE('',#8994,#8995);
#8994 = CARTESIAN_POINT('',(-51.57055760879,-17.9225359012,10.));
#8995 = VECTOR('',#8996,1.);
#8996 = DIRECTION('',(-0.881911967069,-0.4714141304,-0.));
#8997 = ORIENTED_EDGE('',*,*,#8998,.T.);
#8998 = EDGE_CURVE('',#8991,#8999,#9001,.T.);
#8999 = VERTEX_POINT('',#9000);
#9000 = CARTESIAN_POINT('',(-53.44231249331,-19.13838750668,10.));
#9001 = LINE('',#9002,#9003);
#9002 = CARTESIAN_POINT('',(-52.46135329555,-18.33335856358,10.));
#9003 = VECTOR('',#9004,1.);
#9004 = DIRECTION('',(-0.773019521196,-0.634382234816,-0.));
#9005 = ORIENTED_EDGE('',*,*,#9006,.T.);
#9006 = EDGE_CURVE('',#8999,#9007,#9009,.T.);
#9007 = VERTEX_POINT('',#9008);
#9008 = CARTESIAN_POINT('',(-54.05993052964,-19.8909791975,10.));
#9009 = LINE('',#9010,#9011);
#9010 = CARTESIAN_POINT('',(-53.25484143641,-18.90994670444,10.));
#9011 = VECTOR('',#9012,1.);
#9012 = DIRECTION('',(-0.634382234816,-0.773019521196,-0.));
#9013 = ORIENTED_EDGE('',*,*,#9014,.T.);
#9014 = EDGE_CURVE('',#9007,#9015,#9017,.T.);
#9015 = VERTEX_POINT('',#9016);
#9016 = CARTESIAN_POINT('',(-54.51882844457,-20.74947608322,10.));
#9017 = LINE('',#9018,#9019);
#9018 = CARTESIAN_POINT('',(-53.92066409879,-19.6304423912,10.));
#9019 = VECTOR('',#9020,1.);
#9020 = DIRECTION('',(-0.4714141304,-0.881911967069,-0.));
#9021 = ORIENTED_EDGE('',*,*,#9022,.T.);
#9022 = EDGE_CURVE('',#9015,#9023,#9025,.T.);
#9023 = VERTEX_POINT('',#9024);
#9024 = CARTESIAN_POINT('',(-54.80140143047,-21.68113931707,10.));
#9025 = LINE('',#9026,#9027);
#9026 = CARTESIAN_POINT('',(-54.43304136134,-20.46662996781,10.));
#9027 = VECTOR('',#9028,1.);
#9028 = DIRECTION('',(-0.290243322605,-0.956952879552,-0.));
#9029 = ORIENTED_EDGE('',*,*,#9030,.T.);
#9030 = EDGE_CURVE('',#9023,#9031,#9033,.T.);
#9031 = VERTEX_POINT('',#9032);
#9032 = CARTESIAN_POINT('',(-54.90060364682,-22.68834484233,10.));
#9033 = LINE('',#9034,#9035);
#9034 = CARTESIAN_POINT('',(-54.77244614691,-21.3871547404,10.));
#9035 = VECTOR('',#9036,1.);
#9036 = DIRECTION('',(-9.801824680222E-02,-0.995184617694,-0.));
#9037 = ORIENTED_EDGE('',*,*,#9038,.T.);
#9038 = EDGE_CURVE('',#9031,#9039,#9041,.T.);
#9039 = VERTEX_POINT('',#9040);
#9040 = CARTESIAN_POINT('',(-54.81051413478,-23.71815301446,10.));
#9041 = LINE('',#9042,#9043);
#9042 = CARTESIAN_POINT('',(-54.92491413478,-22.41045301446,10.));
#9043 = VECTOR('',#9044,1.);
#9044 = DIRECTION('',(8.71489951774E-02,-0.996195288405,0.));
#9045 = ORIENTED_EDGE('',*,*,#9046,.F.);
#9046 = EDGE_CURVE('',#9047,#9039,#9049,.T.);
#9047 = VERTEX_POINT('',#9048);
#9048 = CARTESIAN_POINT('',(-54.79928042888,-24.01250198738,10.));
#9049 = CIRCLE('',#9050,3.);
#9050 = AXIS2_PLACEMENT_3D('',#9051,#9052,#9053);
#9051 = CARTESIAN_POINT('',(-57.7991,-23.9796,10.));
#9052 = DIRECTION('',(-0.,0.,1.));
#9053 = DIRECTION('',(-1.096732912959E-02,-0.999939857037,-0.));
#9054 = ORIENTED_EDGE('',*,*,#9055,.T.);
#9055 = EDGE_CURVE('',#9047,#9056,#9058,.T.);
#9056 = VERTEX_POINT('',#9057);
#9057 = CARTESIAN_POINT('',(-54.80788042888,-24.79660198738,10.));
#9058 = LINE('',#9059,#9060);
#9059 = CARTESIAN_POINT('',(-54.79928042888,-24.01250198738,10.));
#9060 = VECTOR('',#9061,1.);
#9061 = DIRECTION('',(-1.096732912959E-02,-0.999939857037,-0.));
#9062 = ORIENTED_EDGE('',*,*,#9063,.F.);
#9063 = EDGE_CURVE('',#9064,#9056,#9066,.T.);
#9064 = VERTEX_POINT('',#9065);
#9065 = CARTESIAN_POINT('',(-54.8718680907,-25.38086367388,10.));
#9066 = CIRCLE('',#9067,3.);
#9067 = AXIS2_PLACEMENT_3D('',#9068,#9069,#9070);
#9068 = CARTESIAN_POINT('',(-57.8077,-24.7637,10.));
#9069 = DIRECTION('',(-0.,0.,1.));
#9070 = DIRECTION('',(-0.205721224627,-0.978610636432,-0.));
#9071 = ORIENTED_EDGE('',*,*,#9072,.T.);
#9072 = EDGE_CURVE('',#9064,#9073,#9075,.T.);
#9073 = VERTEX_POINT('',#9074);
#9074 = CARTESIAN_POINT('',(-55.0331680907,-26.14816367388,10.));
#9075 = LINE('',#9076,#9077);
#9076 = CARTESIAN_POINT('',(-54.8718680907,-25.38086367388,10.));
#9077 = VECTOR('',#9078,1.);
#9078 = DIRECTION('',(-0.205721224627,-0.978610636432,-0.));
#9079 = ORIENTED_EDGE('',*,*,#9080,.F.);
#9080 = EDGE_CURVE('',#9081,#9073,#9083,.T.);
#9081 = VERTEX_POINT('',#9082);
#9082 = CARTESIAN_POINT('',(-55.21012235207,-26.70938623708,10.));
#9083 = CIRCLE('',#9084,3.);
#9084 = AXIS2_PLACEMENT_3D('',#9085,#9086,#9087);
#9085 = CARTESIAN_POINT('',(-57.969,-25.531,10.));
#9086 = DIRECTION('',(-0.,0.,1.));
#9087 = DIRECTION('',(-0.392795412362,-0.919625882643,-0.));
#9088 = ORIENTED_EDGE('',*,*,#9089,.T.);
#9089 = EDGE_CURVE('',#9081,#9090,#9092,.T.);
#9090 = VERTEX_POINT('',#9091);
#9091 = CARTESIAN_POINT('',(-55.51812235207,-27.43048623708,10.));
#9092 = LINE('',#9093,#9094);
#9093 = CARTESIAN_POINT('',(-55.21012235207,-26.70938623708,10.));
#9094 = VECTOR('',#9095,1.);
#9095 = DIRECTION('',(-0.392795412362,-0.919625882643,-0.));
#9096 = ORIENTED_EDGE('',*,*,#9097,.F.);
#9097 = EDGE_CURVE('',#9098,#9090,#9100,.T.);
#9098 = VERTEX_POINT('',#9099);
#9099 = CARTESIAN_POINT('',(-55.80086239651,-27.94583627481,10.));
#9100 = CIRCLE('',#9101,3.);
#9101 = AXIS2_PLACEMENT_3D('',#9102,#9103,#9104);
#9102 = CARTESIAN_POINT('',(-58.277,-26.2521,10.));
#9103 = DIRECTION('',(-0.,0.,1.));
#9104 = DIRECTION('',(-0.564578758272,-0.82537920116,-0.));
#9105 = ORIENTED_EDGE('',*,*,#9106,.T.);
#9106 = EDGE_CURVE('',#9098,#9107,#9109,.T.);
#9107 = VERTEX_POINT('',#9108);
#9108 = CARTESIAN_POINT('',(-56.24356239651,-28.59303627481,10.));
#9109 = LINE('',#9110,#9111);
#9110 = CARTESIAN_POINT('',(-55.80086239651,-27.94583627481,10.));
#9111 = VECTOR('',#9112,1.);
#9112 = DIRECTION('',(-0.564578758272,-0.82537920116,-0.));
#9113 = ORIENTED_EDGE('',*,*,#9114,.F.);
#9114 = EDGE_CURVE('',#9115,#9107,#9117,.T.);
#9115 = VERTEX_POINT('',#9116);
#9116 = CARTESIAN_POINT('',(-56.62165179686,-29.04363993044,10.));
#9117 = CIRCLE('',#9118,3.);
#9118 = AXIS2_PLACEMENT_3D('',#9119,#9120,#9121);
#9119 = CARTESIAN_POINT('',(-58.7197,-26.8993,10.));
#9120 = DIRECTION('',(-0.,0.,1.));
#9121 = DIRECTION('',(-0.714779976816,-0.699349401045,-0.));
#9122 = ORIENTED_EDGE('',*,*,#9123,.T.);
#9123 = EDGE_CURVE('',#9115,#9124,#9126,.T.);
#9124 = VERTEX_POINT('',#9125);
#9125 = CARTESIAN_POINT('',(-57.18215179686,-29.59203993044,10.));
#9126 = LINE('',#9127,#9128);
#9127 = CARTESIAN_POINT('',(-56.62165179686,-29.04363993044,10.));
#9128 = VECTOR('',#9129,1.);
#9129 = DIRECTION('',(-0.714779976816,-0.699349401045,-0.));
#9130 = ORIENTED_EDGE('',*,*,#9131,.F.);
#9131 = EDGE_CURVE('',#9132,#9124,#9134,.T.);
#9132 = VERTEX_POINT('',#9133);
#9133 = CARTESIAN_POINT('',(-57.64081318071,-29.96015116504,10.));
#9134 = CIRCLE('',#9135,3.);
#9135 = AXIS2_PLACEMENT_3D('',#9136,#9137,#9138);
#9136 = CARTESIAN_POINT('',(-59.2802,-27.4477,10.));
#9137 = DIRECTION('',(-0.,0.,1.));
#9138 = DIRECTION('',(-0.837483721683,-0.546462273095,-0.));
#9139 = ORIENTED_EDGE('',*,*,#9140,.T.);
#9140 = EDGE_CURVE('',#9132,#9141,#9143,.T.);
#9141 = VERTEX_POINT('',#9142);
#9142 = CARTESIAN_POINT('',(-58.29751318071,-30.38865116504,10.));
#9143 = LINE('',#9144,#9145);
#9144 = CARTESIAN_POINT('',(-57.64081318071,-29.96015116504,10.));
#9145 = VECTOR('',#9146,1.);
#9146 = DIRECTION('',(-0.837483721683,-0.546462273095,-0.));
#9147 = ORIENTED_EDGE('',*,*,#9148,.F.);
#9148 = EDGE_CURVE('',#9149,#9141,#9151,.T.);
#9149 = VERTEX_POINT('',#9150);
#9150 = CARTESIAN_POINT('',(-58.8190351869,-30.66015011802,10.));
#9151 = CIRCLE('',#9152,3.);
#9152 = AXIS2_PLACEMENT_3D('',#9153,#9154,#9155);
#9153 = CARTESIAN_POINT('',(-59.9369,-27.8762,10.));
#9154 = DIRECTION('',(-0.,0.,1.));
#9155 = DIRECTION('',(-0.927983372675,-0.372621604364,-0.));
#9156 = ORIENTED_EDGE('',*,*,#9157,.T.);
#9157 = EDGE_CURVE('',#9149,#9158,#9160,.T.);
#9158 = VERTEX_POINT('',#9159);
#9159 = CARTESIAN_POINT('',(-59.5467351869,-30.95235011802,10.));
#9160 = LINE('',#9161,#9162);
#9161 = CARTESIAN_POINT('',(-58.8190351869,-30.66015011802,10.));
#9162 = VECTOR('',#9163,1.);
#9163 = DIRECTION('',(-0.927983372675,-0.372621604364,-0.));
#9164 = ORIENTED_EDGE('',*,*,#9165,.F.);
#9165 = EDGE_CURVE('',#9166,#9158,#9168,.T.);
#9166 = VERTEX_POINT('',#9167);
#9167 = CARTESIAN_POINT('',(-59.98354183888,-31.09007071744,10.));
#9168 = CIRCLE('',#9169,3.);
#9169 = AXIS2_PLACEMENT_3D('',#9170,#9171,#9172);
#9170 = CARTESIAN_POINT('',(-60.6646,-28.1684,10.));
#9171 = DIRECTION('',(-0.,0.,1.));
#9172 = DIRECTION('',(-0.973890239148,-0.227019387039,-0.));
#9173 = ORIENTED_EDGE('',*,*,#9174,.T.);
#9174 = EDGE_CURVE('',#9166,#9175,#9177,.T.);
#9175 = VERTEX_POINT('',#9176);
#9176 = CARTESIAN_POINT('',(-60.40824183888,-31.18907071744,10.));
#9177 = LINE('',#9178,#9179);
#9178 = CARTESIAN_POINT('',(-59.98354183888,-31.09007071744,10.));
#9179 = VECTOR('',#9180,1.);
#9180 = DIRECTION('',(-0.973890239148,-0.227019387039,-0.));
#9181 = ORIENTED_EDGE('',*,*,#9182,.F.);
#9182 = EDGE_CURVE('',#9183,#9175,#9185,.T.);
#9183 = VERTEX_POINT('',#9184);
#9184 = CARTESIAN_POINT('',(-60.56834482831,-31.22182138313,10.));
#9185 = CIRCLE('',#9186,3.);
#9186 = AXIS2_PLACEMENT_3D('',#9187,#9188,#9189);
#9187 = CARTESIAN_POINT('',(-61.0893,-28.2674,10.));
#9188 = DIRECTION('',(-0.,0.,1.));
#9189 = DIRECTION('',(-0.98480712771,-0.173651723895,-0.));
#9190 = ORIENTED_EDGE('',*,*,#9191,.T.);
#9191 = EDGE_CURVE('',#9183,#9192,#9194,.T.);
#9192 = VERTEX_POINT('',#9193);
#9193 = CARTESIAN_POINT('',(-76.73805341451,-34.07303731349,10.));
#9194 = LINE('',#9195,#9196);
#9195 = CARTESIAN_POINT('',(-60.56834482831,-31.22182138313,10.));
#9196 = VECTOR('',#9197,1.);
#9197 = DIRECTION('',(-0.98480712771,-0.173651723895,-0.));
#9198 = ORIENTED_EDGE('',*,*,#9199,.T.);
#9199 = EDGE_CURVE('',#9192,#9200,#9202,.T.);
#9200 = VERTEX_POINT('',#9201);
#9201 = CARTESIAN_POINT('',(-78.30582688605,-34.51145402629,10.));
#9202 = LINE('',#9203,#9204);
#9203 = CARTESIAN_POINT('',(-76.596166993,-34.03335978377,10.));
#9204 = VECTOR('',#9205,1.);
#9205 = DIRECTION('',(-0.963053261259,-0.269311002333,-0.));
#9206 = ORIENTED_EDGE('',*,*,#9207,.T.);
#9207 = EDGE_CURVE('',#9200,#9208,#9210,.T.);
#9208 = VERTEX_POINT('',#9209);
#9209 = CARTESIAN_POINT('',(-93.65801486308,-40.71413522324,10.));
#9210 = LINE('',#9211,#9212);
#9211 = CARTESIAN_POINT('',(-78.15088105612,-34.44885190161,10.));
#9212 = VECTOR('',#9213,1.);
#9213 = DIRECTION('',(-0.927183967206,-0.374606314625,-0.));
#9214 = ORIENTED_EDGE('',*,*,#9215,.T.);
#9215 = EDGE_CURVE('',#9208,#9216,#9218,.T.);
#9216 = VERTEX_POINT('',#9217);
#9217 = CARTESIAN_POINT('',(-95.10039820426,-41.46901882312,10.));
#9218 = LINE('',#9219,#9220);
#9219 = CARTESIAN_POINT('',(-93.52741978467,-40.64578717727,10.));
#9220 = VECTOR('',#9221,1.);
#9221 = DIRECTION('',(-0.885995725757,-0.463693405107,-0.));
#9222 = ORIENTED_EDGE('',*,*,#9223,.T.);
#9223 = EDGE_CURVE('',#9216,#9224,#9226,.T.);
#9224 = VERTEX_POINT('',#9225);
#9225 = CARTESIAN_POINT('',(-108.6123935534,-50.58319400916,10.));
#9226 = LINE('',#9227,#9228);
#9227 = CARTESIAN_POINT('',(-94.96189355343,-41.37559400916,10.));
#9228 = VECTOR('',#9229,1.);
#9229 = DIRECTION('',(-0.82903133639,-0.559202148855,-0.));
#9230 = ORIENTED_EDGE('',*,*,#9231,.F.);
#9231 = EDGE_CURVE('',#9232,#9224,#9234,.T.);
#9232 = VERTEX_POINT('',#9233);
#9233 = CARTESIAN_POINT('',(-108.864257086,-50.73565623986,10.));
#9234 = CIRCLE('',#9235,3.);
#9235 = AXIS2_PLACEMENT_3D('',#9236,#9237,#9238);
#9236 = CARTESIAN_POINT('',(-110.29,-48.0961,10.));
#9237 = DIRECTION('',(-0.,0.,1.));
#9238 = DIRECTION('',(-0.879852079956,-0.475247637971,-0.));
#9239 = ORIENTED_EDGE('',*,*,#9240,.T.);
#9240 = EDGE_CURVE('',#9232,#9241,#9243,.T.);
#9241 = VERTEX_POINT('',#9242);
#9242 = CARTESIAN_POINT('',(-109.554257086,-51.10835623986,10.));
#9243 = LINE('',#9244,#9245);
#9244 = CARTESIAN_POINT('',(-108.864257086,-50.73565623986,10.));
#9245 = VECTOR('',#9246,1.);
#9246 = DIRECTION('',(-0.879852079956,-0.475247637971,-0.));
#9247 = ORIENTED_EDGE('',*,*,#9248,.F.);
#9248 = EDGE_CURVE('',#9249,#9241,#9251,.T.);
#9249 = VERTEX_POINT('',#9250);
#9250 = CARTESIAN_POINT('',(-110.0972857796,-51.33599647134,10.));
#9251 = CIRCLE('',#9252,3.);
#9252 = AXIS2_PLACEMENT_3D('',#9253,#9254,#9255);
#9253 = CARTESIAN_POINT('',(-110.98,-48.4688,10.));
#9254 = DIRECTION('',(-0.,0.,1.));
#9255 = DIRECTION('',(-0.955732157113,-0.294238073437,-0.));
#9256 = ORIENTED_EDGE('',*,*,#9257,.T.);
#9257 = EDGE_CURVE('',#9249,#9258,#9260,.T.);
#9258 = VERTEX_POINT('',#9259);
#9259 = CARTESIAN_POINT('',(-110.8472857796,-51.56689647134,10.));
#9260 = LINE('',#9261,#9262);
#9261 = CARTESIAN_POINT('',(-110.0972857796,-51.33599647134,10.));
#9262 = VECTOR('',#9263,1.);
#9263 = DIRECTION('',(-0.955732157113,-0.294238073437,-0.));
#9264 = ORIENTED_EDGE('',*,*,#9265,.F.);
#9265 = EDGE_CURVE('',#9266,#9258,#9268,.T.);
#9266 = VERTEX_POINT('',#9267);
#9267 = CARTESIAN_POINT('',(-111.422777594,-51.68392760413,10.));
#9268 = CIRCLE('',#9269,3.);
#9269 = AXIS2_PLACEMENT_3D('',#9270,#9271,#9272);
#9270 = CARTESIAN_POINT('',(-111.73,-48.6997,10.));
#9271 = DIRECTION('',(-0.,0.,1.));
#9272 = DIRECTION('',(-0.994742534713,-0.102407468638,-0.));
#9273 = ORIENTED_EDGE('',*,*,#9274,.T.);
#9274 = EDGE_CURVE('',#9266,#9275,#9277,.T.);
#9275 = VERTEX_POINT('',#9276);
#9276 = CARTESIAN_POINT('',(-112.202777594,-51.76422760413,10.));
#9277 = LINE('',#9278,#9279);
#9278 = CARTESIAN_POINT('',(-111.422777594,-51.68392760413,10.));
#9279 = VECTOR('',#9280,1.);
#9280 = DIRECTION('',(-0.994742534713,-0.102407468638,-0.));
#9281 = ORIENTED_EDGE('',*,*,#9282,.F.);
#9282 = EDGE_CURVE('',#9283,#9275,#9285,.T.);
#9283 = VERTEX_POINT('',#9284);
#9284 = CARTESIAN_POINT('',(-112.7914455301,-51.76676889188,10.));
#9285 = CIRCLE('',#9286,3.);
#9286 = AXIS2_PLACEMENT_3D('',#9287,#9288,#9289);
#9287 = CARTESIAN_POINT('',(-112.51,-48.78,10.));
#9288 = DIRECTION('',(0.,-0.,1.));
#9289 = DIRECTION('',(-0.995589630628,9.381517673229E-02,0.));
#9290 = ORIENTED_EDGE('',*,*,#9291,.T.);
#9291 = EDGE_CURVE('',#9283,#6495,#9292,.T.);
#9292 = LINE('',#9293,#9294);
#9293 = CARTESIAN_POINT('',(-112.7914455301,-51.76676889188,10.));
#9294 = VECTOR('',#9295,1.);
#9295 = DIRECTION('',(-0.995589630628,9.381517673229E-02,0.));
#9296 = PLANE('',#9297);
#9297 = AXIS2_PLACEMENT_3D('',#9298,#9299,#9300);
#9298 = CARTESIAN_POINT('',(-63.58518777728,12.530161222014,10.));
#9299 = DIRECTION('',(0.,0.,1.));
#9300 = DIRECTION('',(1.,0.,0.));
#9301 = ADVANCED_FACE('',(#9302),#9336,.T.);
#9302 = FACE_BOUND('',#9303,.F.);
#9303 = EDGE_LOOP('',(#9304,#9312,#9320,#9328,#9334,#9335));
#9304 = ORIENTED_EDGE('',*,*,#9305,.F.);
#9305 = EDGE_CURVE('',#9306,#2870,#9308,.T.);
#9306 = VERTEX_POINT('',#9307);
#9307 = CARTESIAN_POINT('',(-1.823431301397,-12.541680512,4.9));
#9308 = LINE('',#9309,#9310);
#9309 = CARTESIAN_POINT('',(-0.235615736721,-12.06006887151,4.9));
#9310 = VECTOR('',#9311,1.);
#9311 = DIRECTION('',(-0.956948194773,-0.290258768207,-0.));
#9312 = ORIENTED_EDGE('',*,*,#9313,.F.);
#9313 = EDGE_CURVE('',#9314,#9306,#9316,.T.);
#9314 = VERTEX_POINT('',#9315);
#9315 = CARTESIAN_POINT('',(-1.823431301397,-12.541680512,5.9));
#9316 = LINE('',#9317,#9318);
#9317 = CARTESIAN_POINT('',(-1.823431301397,-12.541680512,4.3));
#9318 = VECTOR('',#9319,1.);
#9319 = DIRECTION('',(0.,0.,-1.));
#9320 = ORIENTED_EDGE('',*,*,#9321,.F.);
#9321 = EDGE_CURVE('',#9322,#9314,#9324,.T.);
#9322 = VERTEX_POINT('',#9323);
#9323 = CARTESIAN_POINT('',(-1.725144182292,-12.51186834633,5.9));
#9324 = LINE('',#9325,#9326);
#9325 = CARTESIAN_POINT('',(-0.235615736721,-12.06006887151,5.9));
#9326 = VECTOR('',#9327,1.);
#9327 = DIRECTION('',(-0.956948194773,-0.290258768207,-0.));
#9328 = ORIENTED_EDGE('',*,*,#9329,.F.);
#9329 = EDGE_CURVE('',#7427,#9322,#9330,.T.);
#9330 = LINE('',#9331,#9332);
#9331 = CARTESIAN_POINT('',(-1.725144182292,-12.51186834633,4.9));
#9332 = VECTOR('',#9333,1.);
#9333 = DIRECTION('',(0.,0.,-1.));
#9334 = ORIENTED_EDGE('',*,*,#7426,.F.);
#9335 = ORIENTED_EDGE('',*,*,#2877,.F.);
#9336 = PLANE('',#9337);
#9337 = AXIS2_PLACEMENT_3D('',#9338,#9339,#9340);
#9338 = CARTESIAN_POINT('',(-0.606947,-12.1727,2.5));
#9339 = DIRECTION('',(-0.290258768207,0.956948194773,0.));
#9340 = DIRECTION('',(0.956948194773,0.290258768207,0.));
#9341 = ADVANCED_FACE('',(#9342),#9379,.T.);
#9342 = FACE_BOUND('',#9343,.F.);
#9343 = EDGE_LOOP('',(#9344,#9345,#9354,#9361,#9362,#9371,#9378));
#9344 = ORIENTED_EDGE('',*,*,#2869,.T.);
#9345 = ORIENTED_EDGE('',*,*,#9346,.T.);
#9346 = EDGE_CURVE('',#2862,#9347,#9349,.T.);
#9347 = VERTEX_POINT('',#9348);
#9348 = CARTESIAN_POINT('',(-3.,-11.5,4.9));
#9349 = CIRCLE('',#9350,3.);
#9350 = AXIS2_PLACEMENT_3D('',#9351,#9352,#9353);
#9351 = CARTESIAN_POINT('',(0.,-11.5,4.9));
#9352 = DIRECTION('',(0.,0.,-1.));
#9353 = DIRECTION('',(-1.,-0.,-0.));
#9354 = ORIENTED_EDGE('',*,*,#9355,.T.);
#9355 = EDGE_CURVE('',#9347,#2942,#9356,.T.);
#9356 = CIRCLE('',#9357,3.);
#9357 = AXIS2_PLACEMENT_3D('',#9358,#9359,#9360);
#9358 = CARTESIAN_POINT('',(0.,-11.5,4.9));
#9359 = DIRECTION('',(0.,0.,-1.));
#9360 = DIRECTION('',(-1.,-0.,-0.));
#9361 = ORIENTED_EDGE('',*,*,#2941,.T.);
#9362 = ORIENTED_EDGE('',*,*,#9363,.T.);
#9363 = EDGE_CURVE('',#2934,#9364,#9366,.T.);
#9364 = VERTEX_POINT('',#9365);
#9365 = CARTESIAN_POINT('',(-2.1,-11.5,4.9));
#9366 = CIRCLE('',#9367,2.1);
#9367 = AXIS2_PLACEMENT_3D('',#9368,#9369,#9370);
#9368 = CARTESIAN_POINT('',(0.,-11.5,4.9));
#9369 = DIRECTION('',(0.,0.,1.));
#9370 = DIRECTION('',(-1.,-0.,-0.));
#9371 = ORIENTED_EDGE('',*,*,#9372,.T.);
#9372 = EDGE_CURVE('',#9364,#9306,#9373,.T.);
#9373 = CIRCLE('',#9374,2.1);
#9374 = AXIS2_PLACEMENT_3D('',#9375,#9376,#9377);
#9375 = CARTESIAN_POINT('',(0.,-11.5,4.9));
#9376 = DIRECTION('',(0.,0.,1.));
#9377 = DIRECTION('',(-1.,-0.,-0.));
#9378 = ORIENTED_EDGE('',*,*,#9305,.T.);
#9379 = PLANE('',#9380);
#9380 = AXIS2_PLACEMENT_3D('',#9381,#9382,#9383);
#9381 = CARTESIAN_POINT('',(0.,-11.5,4.9));
#9382 = DIRECTION('',(0.,0.,1.));
#9383 = DIRECTION('',(1.,0.,0.));
#9384 = ADVANCED_FACE('',(#9385),#9414,.F.);
#9385 = FACE_BOUND('',#9386,.F.);
#9386 = EDGE_LOOP('',(#9387,#9396,#9402,#9403,#9404,#9411,#9412,#9413));
#9387 = ORIENTED_EDGE('',*,*,#9388,.F.);
#9388 = EDGE_CURVE('',#9389,#9389,#9391,.T.);
#9389 = VERTEX_POINT('',#9390);
#9390 = CARTESIAN_POINT('',(-2.1,-11.5,4.3));
#9391 = CIRCLE('',#9392,2.1);
#9392 = AXIS2_PLACEMENT_3D('',#9393,#9394,#9395);
#9393 = CARTESIAN_POINT('',(0.,-11.5,4.3));
#9394 = DIRECTION('',(0.,0.,-1.));
#9395 = DIRECTION('',(-1.,-0.,-0.));
#9396 = ORIENTED_EDGE('',*,*,#9397,.T.);
#9397 = EDGE_CURVE('',#9389,#9364,#9398,.T.);
#9398 = LINE('',#9399,#9400);
#9399 = CARTESIAN_POINT('',(-2.1,-11.5,4.3));
#9400 = VECTOR('',#9401,1.);
#9401 = DIRECTION('',(0.,0.,1.));
#9402 = ORIENTED_EDGE('',*,*,#9363,.F.);
#9403 = ORIENTED_EDGE('',*,*,#2933,.F.);
#9404 = ORIENTED_EDGE('',*,*,#9405,.T.);
#9405 = EDGE_CURVE('',#2926,#9314,#9406,.T.);
#9406 = CIRCLE('',#9407,2.1);
#9407 = AXIS2_PLACEMENT_3D('',#9408,#9409,#9410);
#9408 = CARTESIAN_POINT('',(0.,-11.5,5.9));
#9409 = DIRECTION('',(0.,0.,-1.));
#9410 = DIRECTION('',(-1.,-0.,-0.));
#9411 = ORIENTED_EDGE('',*,*,#9313,.T.);
#9412 = ORIENTED_EDGE('',*,*,#9372,.F.);
#9413 = ORIENTED_EDGE('',*,*,#9397,.F.);
#9414 = CYLINDRICAL_SURFACE('',#9415,2.1);
#9415 = AXIS2_PLACEMENT_3D('',#9416,#9417,#9418);
#9416 = CARTESIAN_POINT('',(0.,-11.5,4.3));
#9417 = DIRECTION('',(0.,0.,-1.));
#9418 = DIRECTION('',(-1.,-0.,-0.));
#9419 = ADVANCED_FACE('',(#9420),#9432,.F.);
#9420 = FACE_BOUND('',#9421,.T.);
#9421 = EDGE_LOOP('',(#9422,#9423,#9424,#9425));
#9422 = ORIENTED_EDGE('',*,*,#2925,.F.);
#9423 = ORIENTED_EDGE('',*,*,#9405,.T.);
#9424 = ORIENTED_EDGE('',*,*,#9321,.F.);
#9425 = ORIENTED_EDGE('',*,*,#9426,.T.);
#9426 = EDGE_CURVE('',#9322,#2918,#9427,.T.);
#9427 = CIRCLE('',#9428,2.);
#9428 = AXIS2_PLACEMENT_3D('',#9429,#9430,#9431);
#9429 = CARTESIAN_POINT('',(0.,-11.5,5.9));
#9430 = DIRECTION('',(0.,0.,1.));
#9431 = DIRECTION('',(-1.,-0.,-0.));
#9432 = PLANE('',#9433);
#9433 = AXIS2_PLACEMENT_3D('',#9434,#9435,#9436);
#9434 = CARTESIAN_POINT('',(0.,-11.5,5.9));
#9435 = DIRECTION('',(0.,0.,1.));
#9436 = DIRECTION('',(1.,0.,0.));
#9437 = ADVANCED_FACE('',(#9438),#9444,.F.);
#9438 = FACE_BOUND('',#9439,.F.);
#9439 = EDGE_LOOP('',(#9440,#9441,#9442,#9443));
#9440 = ORIENTED_EDGE('',*,*,#9329,.T.);
#9441 = ORIENTED_EDGE('',*,*,#9426,.T.);
#9442 = ORIENTED_EDGE('',*,*,#2917,.F.);
#9443 = ORIENTED_EDGE('',*,*,#7434,.F.);
#9444 = CYLINDRICAL_SURFACE('',#9445,2.);
#9445 = AXIS2_PLACEMENT_3D('',#9446,#9447,#9448);
#9446 = CARTESIAN_POINT('',(0.,-11.5,4.9));
#9447 = DIRECTION('',(0.,0.,-1.));
#9448 = DIRECTION('',(-1.,-0.,-0.));
#9449 = ADVANCED_FACE('',(#9450),#9462,.F.);
#9450 = FACE_BOUND('',#9451,.F.);
#9451 = EDGE_LOOP('',(#9452,#9453,#9460,#9461));
#9452 = ORIENTED_EDGE('',*,*,#3155,.T.);
#9453 = ORIENTED_EDGE('',*,*,#9454,.T.);
#9454 = EDGE_CURVE('',#3158,#3229,#9455,.T.);
#9455 = CIRCLE('',#9456,2.);
#9456 = AXIS2_PLACEMENT_3D('',#9457,#9458,#9459);
#9457 = CARTESIAN_POINT('',(11.5,22.,5.9));
#9458 = DIRECTION('',(0.,0.,1.));
#9459 = DIRECTION('',(-1.,-0.,-0.));
#9460 = ORIENTED_EDGE('',*,*,#3228,.F.);
#9461 = ORIENTED_EDGE('',*,*,#7451,.F.);
#9462 = CYLINDRICAL_SURFACE('',#9463,2.);
#9463 = AXIS2_PLACEMENT_3D('',#9464,#9465,#9466);
#9464 = CARTESIAN_POINT('',(11.5,22.,4.9));
#9465 = DIRECTION('',(0.,0.,-1.));
#9466 = DIRECTION('',(-1.,-0.,-0.));
#9467 = ADVANCED_FACE('',(#9468),#9480,.F.);
#9468 = FACE_BOUND('',#9469,.T.);
#9469 = EDGE_LOOP('',(#9470,#9471,#9478,#9479));
#9470 = ORIENTED_EDGE('',*,*,#3236,.F.);
#9471 = ORIENTED_EDGE('',*,*,#9472,.T.);
#9472 = EDGE_CURVE('',#3237,#3190,#9473,.T.);
#9473 = CIRCLE('',#9474,2.1);
#9474 = AXIS2_PLACEMENT_3D('',#9475,#9476,#9477);
#9475 = CARTESIAN_POINT('',(11.5,22.,5.9));
#9476 = DIRECTION('',(0.,0.,-1.));
#9477 = DIRECTION('',(-1.,-0.,-0.));
#9478 = ORIENTED_EDGE('',*,*,#3197,.F.);
#9479 = ORIENTED_EDGE('',*,*,#9454,.T.);
#9480 = PLANE('',#9481);
#9481 = AXIS2_PLACEMENT_3D('',#9482,#9483,#9484);
#9482 = CARTESIAN_POINT('',(11.5,22.,5.9));
#9483 = DIRECTION('',(0.,0.,1.));
#9484 = DIRECTION('',(1.,0.,0.));
#9485 = ADVANCED_FACE('',(#9486),#9523,.F.);
#9486 = FACE_BOUND('',#9487,.F.);
#9487 = EDGE_LOOP('',(#9488,#9497,#9505,#9512,#9513,#9514,#9515,#9522));
#9488 = ORIENTED_EDGE('',*,*,#9489,.F.);
#9489 = EDGE_CURVE('',#9490,#9490,#9492,.T.);
#9490 = VERTEX_POINT('',#9491);
#9491 = CARTESIAN_POINT('',(9.4,22.,4.3));
#9492 = CIRCLE('',#9493,2.1);
#9493 = AXIS2_PLACEMENT_3D('',#9494,#9495,#9496);
#9494 = CARTESIAN_POINT('',(11.5,22.,4.3));
#9495 = DIRECTION('',(0.,0.,-1.));
#9496 = DIRECTION('',(-1.,-0.,-0.));
#9497 = ORIENTED_EDGE('',*,*,#9498,.T.);
#9498 = EDGE_CURVE('',#9490,#9499,#9501,.T.);
#9499 = VERTEX_POINT('',#9500);
#9500 = CARTESIAN_POINT('',(9.4,22.,4.9));
#9501 = LINE('',#9502,#9503);
#9502 = CARTESIAN_POINT('',(9.4,22.,4.3));
#9503 = VECTOR('',#9504,1.);
#9504 = DIRECTION('',(0.,0.,1.));
#9505 = ORIENTED_EDGE('',*,*,#9506,.F.);
#9506 = EDGE_CURVE('',#3245,#9499,#9507,.T.);
#9507 = CIRCLE('',#9508,2.1);
#9508 = AXIS2_PLACEMENT_3D('',#9509,#9510,#9511);
#9509 = CARTESIAN_POINT('',(11.5,22.,4.9));
#9510 = DIRECTION('',(0.,0.,1.));
#9511 = DIRECTION('',(-1.,-0.,-0.));
#9512 = ORIENTED_EDGE('',*,*,#3244,.F.);
#9513 = ORIENTED_EDGE('',*,*,#9472,.T.);
#9514 = ORIENTED_EDGE('',*,*,#3189,.T.);
#9515 = ORIENTED_EDGE('',*,*,#9516,.F.);
#9516 = EDGE_CURVE('',#9499,#3182,#9517,.T.);
#9517 = CIRCLE('',#9518,2.1);
#9518 = AXIS2_PLACEMENT_3D('',#9519,#9520,#9521);
#9519 = CARTESIAN_POINT('',(11.5,22.,4.9));
#9520 = DIRECTION('',(0.,0.,1.));
#9521 = DIRECTION('',(-1.,-0.,-0.));
#9522 = ORIENTED_EDGE('',*,*,#9498,.F.);
#9523 = CYLINDRICAL_SURFACE('',#9524,2.1);
#9524 = AXIS2_PLACEMENT_3D('',#9525,#9526,#9527);
#9525 = CARTESIAN_POINT('',(11.5,22.,4.3));
#9526 = DIRECTION('',(0.,0.,-1.));
#9527 = DIRECTION('',(-1.,-0.,-0.));
#9528 = ADVANCED_FACE('',(#9529),#9551,.T.);
#9529 = FACE_BOUND('',#9530,.F.);
#9530 = EDGE_LOOP('',(#9531,#9532,#9541,#9548,#9549,#9550));
#9531 = ORIENTED_EDGE('',*,*,#3181,.T.);
#9532 = ORIENTED_EDGE('',*,*,#9533,.T.);
#9533 = EDGE_CURVE('',#3174,#9534,#9536,.T.);
#9534 = VERTEX_POINT('',#9535);
#9535 = CARTESIAN_POINT('',(8.5,22.,4.9));
#9536 = CIRCLE('',#9537,3.);
#9537 = AXIS2_PLACEMENT_3D('',#9538,#9539,#9540);
#9538 = CARTESIAN_POINT('',(11.5,22.,4.9));
#9539 = DIRECTION('',(0.,0.,-1.));
#9540 = DIRECTION('',(-1.,-0.,-0.));
#9541 = ORIENTED_EDGE('',*,*,#9542,.T.);
#9542 = EDGE_CURVE('',#9534,#3253,#9543,.T.);
#9543 = CIRCLE('',#9544,3.);
#9544 = AXIS2_PLACEMENT_3D('',#9545,#9546,#9547);
#9545 = CARTESIAN_POINT('',(11.5,22.,4.9));
#9546 = DIRECTION('',(0.,0.,-1.));
#9547 = DIRECTION('',(-1.,-0.,-0.));
#9548 = ORIENTED_EDGE('',*,*,#3252,.T.);
#9549 = ORIENTED_EDGE('',*,*,#9506,.T.);
#9550 = ORIENTED_EDGE('',*,*,#9516,.T.);
#9551 = PLANE('',#9552);
#9552 = AXIS2_PLACEMENT_3D('',#9553,#9554,#9555);
#9553 = CARTESIAN_POINT('',(11.5,22.,4.9));
#9554 = DIRECTION('',(0.,0.,1.));
#9555 = DIRECTION('',(1.,0.,0.));
#9556 = ADVANCED_FACE('',(#9557),#9569,.F.);
#9557 = FACE_BOUND('',#9558,.F.);
#9558 = EDGE_LOOP('',(#9559,#9560,#9567,#9568));
#9559 = ORIENTED_EDGE('',*,*,#4162,.T.);
#9560 = ORIENTED_EDGE('',*,*,#9561,.T.);
#9561 = EDGE_CURVE('',#4165,#4236,#9562,.T.);
#9562 = CIRCLE('',#9563,2.);
#9563 = AXIS2_PLACEMENT_3D('',#9564,#9565,#9566);
#9564 = CARTESIAN_POINT('',(-38.1,66.,5.9));
#9565 = DIRECTION('',(0.,0.,1.));
#9566 = DIRECTION('',(-1.,-0.,-0.));
#9567 = ORIENTED_EDGE('',*,*,#4235,.F.);
#9568 = ORIENTED_EDGE('',*,*,#7497,.F.);
#9569 = CYLINDRICAL_SURFACE('',#9570,2.);
#9570 = AXIS2_PLACEMENT_3D('',#9571,#9572,#9573);
#9571 = CARTESIAN_POINT('',(-38.1,66.,4.9));
#9572 = DIRECTION('',(0.,0.,-1.));
#9573 = DIRECTION('',(-1.,-0.,-0.));
#9574 = ADVANCED_FACE('',(#9575),#9587,.F.);
#9575 = FACE_BOUND('',#9576,.T.);
#9576 = EDGE_LOOP('',(#9577,#9578,#9585,#9586));
#9577 = ORIENTED_EDGE('',*,*,#4243,.F.);
#9578 = ORIENTED_EDGE('',*,*,#9579,.T.);
#9579 = EDGE_CURVE('',#4244,#4197,#9580,.T.);
#9580 = CIRCLE('',#9581,2.1);
#9581 = AXIS2_PLACEMENT_3D('',#9582,#9583,#9584);
#9582 = CARTESIAN_POINT('',(-38.1,66.,5.9));
#9583 = DIRECTION('',(0.,0.,-1.));
#9584 = DIRECTION('',(-1.,-0.,-0.));
#9585 = ORIENTED_EDGE('',*,*,#4204,.F.);
#9586 = ORIENTED_EDGE('',*,*,#9561,.T.);
#9587 = PLANE('',#9588);
#9588 = AXIS2_PLACEMENT_3D('',#9589,#9590,#9591);
#9589 = CARTESIAN_POINT('',(-38.1,66.,5.9));
#9590 = DIRECTION('',(0.,0.,1.));
#9591 = DIRECTION('',(1.,0.,0.));
#9592 = ADVANCED_FACE('',(#9593),#9630,.F.);
#9593 = FACE_BOUND('',#9594,.F.);
#9594 = EDGE_LOOP('',(#9595,#9604,#9612,#9619,#9620,#9621,#9622,#9629));
#9595 = ORIENTED_EDGE('',*,*,#9596,.F.);
#9596 = EDGE_CURVE('',#9597,#9597,#9599,.T.);
#9597 = VERTEX_POINT('',#9598);
#9598 = CARTESIAN_POINT('',(-40.2,66.,4.3));
#9599 = CIRCLE('',#9600,2.1);
#9600 = AXIS2_PLACEMENT_3D('',#9601,#9602,#9603);
#9601 = CARTESIAN_POINT('',(-38.1,66.,4.3));
#9602 = DIRECTION('',(0.,0.,-1.));
#9603 = DIRECTION('',(-1.,-0.,-0.));
#9604 = ORIENTED_EDGE('',*,*,#9605,.T.);
#9605 = EDGE_CURVE('',#9597,#9606,#9608,.T.);
#9606 = VERTEX_POINT('',#9607);
#9607 = CARTESIAN_POINT('',(-40.2,66.,4.9));
#9608 = LINE('',#9609,#9610);
#9609 = CARTESIAN_POINT('',(-40.2,66.,4.3));
#9610 = VECTOR('',#9611,1.);
#9611 = DIRECTION('',(0.,0.,1.));
#9612 = ORIENTED_EDGE('',*,*,#9613,.F.);
#9613 = EDGE_CURVE('',#4252,#9606,#9614,.T.);
#9614 = CIRCLE('',#9615,2.1);
#9615 = AXIS2_PLACEMENT_3D('',#9616,#9617,#9618);
#9616 = CARTESIAN_POINT('',(-38.1,66.,4.9));
#9617 = DIRECTION('',(0.,0.,1.));
#9618 = DIRECTION('',(-1.,-0.,-0.));
#9619 = ORIENTED_EDGE('',*,*,#4251,.F.);
#9620 = ORIENTED_EDGE('',*,*,#9579,.T.);
#9621 = ORIENTED_EDGE('',*,*,#4196,.T.);
#9622 = ORIENTED_EDGE('',*,*,#9623,.F.);
#9623 = EDGE_CURVE('',#9606,#4189,#9624,.T.);
#9624 = CIRCLE('',#9625,2.1);
#9625 = AXIS2_PLACEMENT_3D('',#9626,#9627,#9628);
#9626 = CARTESIAN_POINT('',(-38.1,66.,4.9));
#9627 = DIRECTION('',(0.,0.,1.));
#9628 = DIRECTION('',(-1.,-0.,-0.));
#9629 = ORIENTED_EDGE('',*,*,#9605,.F.);
#9630 = CYLINDRICAL_SURFACE('',#9631,2.1);
#9631 = AXIS2_PLACEMENT_3D('',#9632,#9633,#9634);
#9632 = CARTESIAN_POINT('',(-38.1,66.,4.3));
#9633 = DIRECTION('',(0.,0.,-1.));
#9634 = DIRECTION('',(-1.,-0.,-0.));
#9635 = ADVANCED_FACE('',(#9636),#9658,.T.);
#9636 = FACE_BOUND('',#9637,.F.);
#9637 = EDGE_LOOP('',(#9638,#9639,#9648,#9655,#9656,#9657));
#9638 = ORIENTED_EDGE('',*,*,#4188,.T.);
#9639 = ORIENTED_EDGE('',*,*,#9640,.T.);
#9640 = EDGE_CURVE('',#4181,#9641,#9643,.T.);
#9641 = VERTEX_POINT('',#9642);
#9642 = CARTESIAN_POINT('',(-41.1,66.,4.9));
#9643 = CIRCLE('',#9644,3.);
#9644 = AXIS2_PLACEMENT_3D('',#9645,#9646,#9647);
#9645 = CARTESIAN_POINT('',(-38.1,66.,4.9));
#9646 = DIRECTION('',(0.,0.,-1.));
#9647 = DIRECTION('',(-1.,-0.,-0.));
#9648 = ORIENTED_EDGE('',*,*,#9649,.T.);
#9649 = EDGE_CURVE('',#9641,#4260,#9650,.T.);
#9650 = CIRCLE('',#9651,3.);
#9651 = AXIS2_PLACEMENT_3D('',#9652,#9653,#9654);
#9652 = CARTESIAN_POINT('',(-38.1,66.,4.9));
#9653 = DIRECTION('',(0.,0.,-1.));
#9654 = DIRECTION('',(-1.,-0.,-0.));
#9655 = ORIENTED_EDGE('',*,*,#4259,.T.);
#9656 = ORIENTED_EDGE('',*,*,#9613,.T.);
#9657 = ORIENTED_EDGE('',*,*,#9623,.T.);
#9658 = PLANE('',#9659);
#9659 = AXIS2_PLACEMENT_3D('',#9660,#9661,#9662);
#9660 = CARTESIAN_POINT('',(-38.1,66.,4.9));
#9661 = DIRECTION('',(0.,0.,1.));
#9662 = DIRECTION('',(1.,0.,0.));
#9663 = ADVANCED_FACE('',(#9664),#9698,.T.);
#9664 = FACE_BOUND('',#9665,.F.);
#9665 = EDGE_LOOP('',(#9666,#9674,#9682,#9690,#9696,#9697));
#9666 = ORIENTED_EDGE('',*,*,#9667,.F.);
#9667 = EDGE_CURVE('',#9668,#4747,#9670,.T.);
#9668 = VERTEX_POINT('',#9669);
#9669 = CARTESIAN_POINT('',(-74.18553169853,57.693226316318,4.9));
#9670 = LINE('',#9671,#9672);
#9671 = CARTESIAN_POINT('',(-75.68530606803,57.545515433162,4.9));
#9672 = VECTOR('',#9673,1.);
#9673 = DIRECTION('',(0.995184985525,9.80145121187E-02,0.));
#9674 = ORIENTED_EDGE('',*,*,#9675,.F.);
#9675 = EDGE_CURVE('',#9676,#9668,#9678,.T.);
#9676 = VERTEX_POINT('',#9677);
#9677 = CARTESIAN_POINT('',(-74.18553169853,57.693226316318,5.9));
#9678 = LINE('',#9679,#9680);
#9679 = CARTESIAN_POINT('',(-74.18553169853,57.693226316318,4.3));
#9680 = VECTOR('',#9681,1.);
#9681 = DIRECTION('',(0.,0.,-1.));
#9682 = ORIENTED_EDGE('',*,*,#9683,.F.);
#9683 = EDGE_CURVE('',#9684,#9676,#9686,.T.);
#9684 = VERTEX_POINT('',#9685);
#9685 = CARTESIAN_POINT('',(-74.28693137084,57.683239590679,5.9));
#9686 = LINE('',#9687,#9688);
#9687 = CARTESIAN_POINT('',(-75.68530606803,57.545515433162,5.9));
#9688 = VECTOR('',#9689,1.);
#9689 = DIRECTION('',(0.995184985525,9.80145121187E-02,0.));
#9690 = ORIENTED_EDGE('',*,*,#9691,.F.);
#9691 = EDGE_CURVE('',#7526,#9684,#9692,.T.);
#9692 = LINE('',#9693,#9694);
#9693 = CARTESIAN_POINT('',(-74.28693137084,57.683239590679,4.9));
#9694 = VECTOR('',#9695,1.);
#9695 = DIRECTION('',(0.,0.,-1.));
#9696 = ORIENTED_EDGE('',*,*,#7525,.F.);
#9697 = ORIENTED_EDGE('',*,*,#4754,.F.);
#9698 = PLANE('',#9699);
#9699 = AXIS2_PLACEMENT_3D('',#9700,#9701,#9702);
#9700 = CARTESIAN_POINT('',(-75.1321,57.6,2.5));
#9701 = DIRECTION('',(9.80145121187E-02,-0.995184985525,0.));
#9702 = DIRECTION('',(-0.995184985525,-9.80145121187E-02,0.));
#9703 = ADVANCED_FACE('',(#9704),#9741,.T.);
#9704 = FACE_BOUND('',#9705,.F.);
#9705 = EDGE_LOOP('',(#9706,#9707,#9716,#9723,#9724,#9733,#9740));
#9706 = ORIENTED_EDGE('',*,*,#4746,.T.);
#9707 = ORIENTED_EDGE('',*,*,#9708,.T.);
#9708 = EDGE_CURVE('',#4739,#9709,#9711,.T.);
#9709 = VERTEX_POINT('',#9710);
#9710 = CARTESIAN_POINT('',(-79.2,57.1,4.9));
#9711 = CIRCLE('',#9712,3.);
#9712 = AXIS2_PLACEMENT_3D('',#9713,#9714,#9715);
#9713 = CARTESIAN_POINT('',(-76.2,57.1,4.9));
#9714 = DIRECTION('',(0.,0.,-1.));
#9715 = DIRECTION('',(-1.,-0.,-0.));
#9716 = ORIENTED_EDGE('',*,*,#9717,.T.);
#9717 = EDGE_CURVE('',#9709,#4819,#9718,.T.);
#9718 = CIRCLE('',#9719,3.);
#9719 = AXIS2_PLACEMENT_3D('',#9720,#9721,#9722);
#9720 = CARTESIAN_POINT('',(-76.2,57.1,4.9));
#9721 = DIRECTION('',(0.,0.,-1.));
#9722 = DIRECTION('',(-1.,-0.,-0.));
#9723 = ORIENTED_EDGE('',*,*,#4818,.T.);
#9724 = ORIENTED_EDGE('',*,*,#9725,.T.);
#9725 = EDGE_CURVE('',#4811,#9726,#9728,.T.);
#9726 = VERTEX_POINT('',#9727);
#9727 = CARTESIAN_POINT('',(-78.3,57.1,4.9));
#9728 = CIRCLE('',#9729,2.1);
#9729 = AXIS2_PLACEMENT_3D('',#9730,#9731,#9732);
#9730 = CARTESIAN_POINT('',(-76.2,57.1,4.9));
#9731 = DIRECTION('',(0.,0.,1.));
#9732 = DIRECTION('',(-1.,-0.,-0.));
#9733 = ORIENTED_EDGE('',*,*,#9734,.T.);
#9734 = EDGE_CURVE('',#9726,#9668,#9735,.T.);
#9735 = CIRCLE('',#9736,2.1);
#9736 = AXIS2_PLACEMENT_3D('',#9737,#9738,#9739);
#9737 = CARTESIAN_POINT('',(-76.2,57.1,4.9));
#9738 = DIRECTION('',(0.,0.,1.));
#9739 = DIRECTION('',(-1.,-0.,-0.));
#9740 = ORIENTED_EDGE('',*,*,#9667,.T.);
#9741 = PLANE('',#9742);
#9742 = AXIS2_PLACEMENT_3D('',#9743,#9744,#9745);
#9743 = CARTESIAN_POINT('',(-76.2,57.1,4.9));
#9744 = DIRECTION('',(0.,0.,1.));
#9745 = DIRECTION('',(1.,0.,0.));
#9746 = ADVANCED_FACE('',(#9747),#9776,.F.);
#9747 = FACE_BOUND('',#9748,.F.);
#9748 = EDGE_LOOP('',(#9749,#9758,#9764,#9765,#9766,#9773,#9774,#9775));
#9749 = ORIENTED_EDGE('',*,*,#9750,.F.);
#9750 = EDGE_CURVE('',#9751,#9751,#9753,.T.);
#9751 = VERTEX_POINT('',#9752);
#9752 = CARTESIAN_POINT('',(-78.3,57.1,4.3));
#9753 = CIRCLE('',#9754,2.1);
#9754 = AXIS2_PLACEMENT_3D('',#9755,#9756,#9757);
#9755 = CARTESIAN_POINT('',(-76.2,57.1,4.3));
#9756 = DIRECTION('',(0.,0.,-1.));
#9757 = DIRECTION('',(-1.,-0.,-0.));
#9758 = ORIENTED_EDGE('',*,*,#9759,.T.);
#9759 = EDGE_CURVE('',#9751,#9726,#9760,.T.);
#9760 = LINE('',#9761,#9762);
#9761 = CARTESIAN_POINT('',(-78.3,57.1,4.3));
#9762 = VECTOR('',#9763,1.);
#9763 = DIRECTION('',(0.,0.,1.));
#9764 = ORIENTED_EDGE('',*,*,#9725,.F.);
#9765 = ORIENTED_EDGE('',*,*,#4810,.F.);
#9766 = ORIENTED_EDGE('',*,*,#9767,.T.);
#9767 = EDGE_CURVE('',#4803,#9676,#9768,.T.);
#9768 = CIRCLE('',#9769,2.1);
#9769 = AXIS2_PLACEMENT_3D('',#9770,#9771,#9772);
#9770 = CARTESIAN_POINT('',(-76.2,57.1,5.9));
#9771 = DIRECTION('',(0.,0.,-1.));
#9772 = DIRECTION('',(-1.,-0.,-0.));
#9773 = ORIENTED_EDGE('',*,*,#9675,.T.);
#9774 = ORIENTED_EDGE('',*,*,#9734,.F.);
#9775 = ORIENTED_EDGE('',*,*,#9759,.F.);
#9776 = CYLINDRICAL_SURFACE('',#9777,2.1);
#9777 = AXIS2_PLACEMENT_3D('',#9778,#9779,#9780);
#9778 = CARTESIAN_POINT('',(-76.2,57.1,4.3));
#9779 = DIRECTION('',(0.,0.,-1.));
#9780 = DIRECTION('',(-1.,-0.,-0.));
#9781 = ADVANCED_FACE('',(#9782),#9794,.F.);
#9782 = FACE_BOUND('',#9783,.T.);
#9783 = EDGE_LOOP('',(#9784,#9785,#9786,#9787));
#9784 = ORIENTED_EDGE('',*,*,#4802,.F.);
#9785 = ORIENTED_EDGE('',*,*,#9767,.T.);
#9786 = ORIENTED_EDGE('',*,*,#9683,.F.);
#9787 = ORIENTED_EDGE('',*,*,#9788,.T.);
#9788 = EDGE_CURVE('',#9684,#4795,#9789,.T.);
#9789 = CIRCLE('',#9790,2.);
#9790 = AXIS2_PLACEMENT_3D('',#9791,#9792,#9793);
#9791 = CARTESIAN_POINT('',(-76.2,57.1,5.9));
#9792 = DIRECTION('',(0.,0.,1.));
#9793 = DIRECTION('',(-1.,-0.,-0.));
#9794 = PLANE('',#9795);
#9795 = AXIS2_PLACEMENT_3D('',#9796,#9797,#9798);
#9796 = CARTESIAN_POINT('',(-76.2,57.1,5.9));
#9797 = DIRECTION('',(0.,0.,1.));
#9798 = DIRECTION('',(1.,0.,0.));
#9799 = ADVANCED_FACE('',(#9800),#9806,.F.);
#9800 = FACE_BOUND('',#9801,.F.);
#9801 = EDGE_LOOP('',(#9802,#9803,#9804,#9805));
#9802 = ORIENTED_EDGE('',*,*,#9691,.T.);
#9803 = ORIENTED_EDGE('',*,*,#9788,.T.);
#9804 = ORIENTED_EDGE('',*,*,#4794,.F.);
#9805 = ORIENTED_EDGE('',*,*,#7533,.F.);
#9806 = CYLINDRICAL_SURFACE('',#9807,2.);
#9807 = AXIS2_PLACEMENT_3D('',#9808,#9809,#9810);
#9808 = CARTESIAN_POINT('',(-76.2,57.1,4.9));
#9809 = DIRECTION('',(0.,0.,-1.));
#9810 = DIRECTION('',(-1.,-0.,-0.));
#9811 = ADVANCED_FACE('',(#9812),#9830,.F.);
#9812 = FACE_BOUND('',#9813,.T.);
#9813 = EDGE_LOOP('',(#9814,#9822,#9823,#9824));
#9814 = ORIENTED_EDGE('',*,*,#9815,.F.);
#9815 = EDGE_CURVE('',#5114,#9816,#9818,.T.);
#9816 = VERTEX_POINT('',#9817);
#9817 = CARTESIAN_POINT('',(-96.3,64.,4.9));
#9818 = LINE('',#9819,#9820);
#9819 = CARTESIAN_POINT('',(-96.3,56.,4.9));
#9820 = VECTOR('',#9821,1.);
#9821 = DIRECTION('',(-2.22044604925E-16,1.,0.));
#9822 = ORIENTED_EDGE('',*,*,#5121,.F.);
#9823 = ORIENTED_EDGE('',*,*,#7551,.F.);
#9824 = ORIENTED_EDGE('',*,*,#9825,.T.);
#9825 = EDGE_CURVE('',#7552,#9816,#9826,.T.);
#9826 = LINE('',#9827,#9828);
#9827 = CARTESIAN_POINT('',(-96.3,64.,2.45));
#9828 = VECTOR('',#9829,1.);
#9829 = DIRECTION('',(0.,0.,-1.));
#9830 = PLANE('',#9831);
#9831 = AXIS2_PLACEMENT_3D('',#9832,#9833,#9834);
#9832 = CARTESIAN_POINT('',(-96.3,56.,4.9));
#9833 = DIRECTION('',(1.,2.22044604925E-16,0.));
#9834 = DIRECTION('',(0.,0.,-1.));
#9835 = ADVANCED_FACE('',(#9836),#9854,.T.);
#9836 = FACE_BOUND('',#9837,.F.);
#9837 = EDGE_LOOP('',(#9838,#9839,#9840,#9848));
#9838 = ORIENTED_EDGE('',*,*,#9815,.F.);
#9839 = ORIENTED_EDGE('',*,*,#5113,.F.);
#9840 = ORIENTED_EDGE('',*,*,#9841,.T.);
#9841 = EDGE_CURVE('',#5106,#9842,#9844,.T.);
#9842 = VERTEX_POINT('',#9843);
#9843 = CARTESIAN_POINT('',(-108.3,64.,4.9));
#9844 = LINE('',#9845,#9846);
#9845 = CARTESIAN_POINT('',(-108.3,56.,4.9));
#9846 = VECTOR('',#9847,1.);
#9847 = DIRECTION('',(-2.22044604925E-16,1.,0.));
#9848 = ORIENTED_EDGE('',*,*,#9849,.T.);
#9849 = EDGE_CURVE('',#9842,#9816,#9850,.T.);
#9850 = LINE('',#9851,#9852);
#9851 = CARTESIAN_POINT('',(-112.2,64.,4.9));
#9852 = VECTOR('',#9853,1.);
#9853 = DIRECTION('',(1.,0.,0.));
#9854 = PLANE('',#9855);
#9855 = AXIS2_PLACEMENT_3D('',#9856,#9857,#9858);
#9856 = CARTESIAN_POINT('',(-108.3,56.,4.9));
#9857 = DIRECTION('',(0.,0.,1.));
#9858 = DIRECTION('',(2.22044604925E-16,-1.,0.));
#9859 = ADVANCED_FACE('',(#9860),#9871,.T.);
#9860 = FACE_BOUND('',#9861,.F.);
#9861 = EDGE_LOOP('',(#9862,#9863,#9864,#9865));
#9862 = ORIENTED_EDGE('',*,*,#9841,.F.);
#9863 = ORIENTED_EDGE('',*,*,#5105,.F.);
#9864 = ORIENTED_EDGE('',*,*,#7251,.F.);
#9865 = ORIENTED_EDGE('',*,*,#9866,.T.);
#9866 = EDGE_CURVE('',#7244,#9842,#9867,.T.);
#9867 = LINE('',#9868,#9869);
#9868 = CARTESIAN_POINT('',(-108.3,64.,2.45));
#9869 = VECTOR('',#9870,1.);
#9870 = DIRECTION('',(0.,0.,-1.));
#9871 = PLANE('',#9872);
#9872 = AXIS2_PLACEMENT_3D('',#9873,#9874,#9875);
#9873 = CARTESIAN_POINT('',(-108.3,56.,4.9));
#9874 = DIRECTION('',(1.,2.22044604925E-16,0.));
#9875 = DIRECTION('',(0.,0.,-1.));
#9876 = ADVANCED_FACE('',(#9877),#9922,.F.);
#9877 = FACE_BOUND('',#9878,.T.);
#9878 = EDGE_LOOP('',(#9879,#9890,#9897,#9898,#9907,#9916));
#9879 = ORIENTED_EDGE('',*,*,#9880,.T.);
#9880 = EDGE_CURVE('',#9881,#9883,#9885,.T.);
#9881 = VERTEX_POINT('',#9882);
#9882 = CARTESIAN_POINT('',(-119.038918317,59.693404835357,5.9));
#9883 = VERTEX_POINT('',#9884);
#9884 = CARTESIAN_POINT('',(-119.2,60.5,5.9));
#9885 = CIRCLE('',#9886,2.1);
#9886 = AXIS2_PLACEMENT_3D('',#9887,#9888,#9889);
#9887 = CARTESIAN_POINT('',(-117.1,60.5,5.9));
#9888 = DIRECTION('',(0.,0.,-1.));
#9889 = DIRECTION('',(-1.,-0.,-0.));
#9890 = ORIENTED_EDGE('',*,*,#9891,.T.);
#9891 = EDGE_CURVE('',#9883,#5074,#9892,.T.);
#9892 = CIRCLE('',#9893,2.1);
#9893 = AXIS2_PLACEMENT_3D('',#9894,#9895,#9896);
#9894 = CARTESIAN_POINT('',(-117.1,60.5,5.9));
#9895 = DIRECTION('',(0.,0.,-1.));
#9896 = DIRECTION('',(-1.,-0.,-0.));
#9897 = ORIENTED_EDGE('',*,*,#5081,.F.);
#9898 = ORIENTED_EDGE('',*,*,#9899,.T.);
#9899 = EDGE_CURVE('',#5082,#9900,#9902,.T.);
#9900 = VERTEX_POINT('',#9901);
#9901 = CARTESIAN_POINT('',(-119.1,60.5,5.9));
#9902 = CIRCLE('',#9903,2.);
#9903 = AXIS2_PLACEMENT_3D('',#9904,#9905,#9906);
#9904 = CARTESIAN_POINT('',(-117.1,60.5,5.9));
#9905 = DIRECTION('',(0.,0.,1.));
#9906 = DIRECTION('',(-1.,-0.,-0.));
#9907 = ORIENTED_EDGE('',*,*,#9908,.T.);
#9908 = EDGE_CURVE('',#9900,#9909,#9911,.T.);
#9909 = VERTEX_POINT('',#9910);
#9910 = CARTESIAN_POINT('',(-118.9664994717,59.781543514345,5.9));
#9911 = CIRCLE('',#9912,2.);
#9912 = AXIS2_PLACEMENT_3D('',#9913,#9914,#9915);
#9913 = CARTESIAN_POINT('',(-117.1,60.5,5.9));
#9914 = DIRECTION('',(0.,0.,1.));
#9915 = DIRECTION('',(-1.,-0.,-0.));
#9916 = ORIENTED_EDGE('',*,*,#9917,.F.);
#9917 = EDGE_CURVE('',#9881,#9909,#9918,.T.);
#9918 = LINE('',#9919,#9920);
#9919 = CARTESIAN_POINT('',(-118.6439264426,60.174136913816,5.9));
#9920 = VECTOR('',#9921,1.);
#9921 = DIRECTION('',(0.63484000223,0.772643625204,0.));
#9922 = PLANE('',#9923);
#9923 = AXIS2_PLACEMENT_3D('',#9924,#9925,#9926);
#9924 = CARTESIAN_POINT('',(-117.1,60.5,5.9));
#9925 = DIRECTION('',(0.,0.,1.));
#9926 = DIRECTION('',(1.,0.,0.));
#9927 = ADVANCED_FACE('',(#9928),#9964,.F.);
#9928 = FACE_BOUND('',#9929,.F.);
#9929 = EDGE_LOOP('',(#9930,#9939,#9945,#9946,#9947,#9956,#9962,#9963));
#9930 = ORIENTED_EDGE('',*,*,#9931,.F.);
#9931 = EDGE_CURVE('',#9932,#9932,#9934,.T.);
#9932 = VERTEX_POINT('',#9933);
#9933 = CARTESIAN_POINT('',(-119.2,60.5,4.3));
#9934 = CIRCLE('',#9935,2.1);
#9935 = AXIS2_PLACEMENT_3D('',#9936,#9937,#9938);
#9936 = CARTESIAN_POINT('',(-117.1,60.5,4.3));
#9937 = DIRECTION('',(0.,0.,-1.));
#9938 = DIRECTION('',(-1.,-0.,-0.));
#9939 = ORIENTED_EDGE('',*,*,#9940,.T.);
#9940 = EDGE_CURVE('',#9932,#9883,#9941,.T.);
#9941 = LINE('',#9942,#9943);
#9942 = CARTESIAN_POINT('',(-119.2,60.5,4.3));
#9943 = VECTOR('',#9944,1.);
#9944 = DIRECTION('',(0.,0.,1.));
#9945 = ORIENTED_EDGE('',*,*,#9891,.T.);
#9946 = ORIENTED_EDGE('',*,*,#5073,.T.);
#9947 = ORIENTED_EDGE('',*,*,#9948,.F.);
#9948 = EDGE_CURVE('',#9949,#5066,#9951,.T.);
#9949 = VERTEX_POINT('',#9950);
#9950 = CARTESIAN_POINT('',(-119.038918317,59.693404835357,4.9));
#9951 = CIRCLE('',#9952,2.1);
#9952 = AXIS2_PLACEMENT_3D('',#9953,#9954,#9955);
#9953 = CARTESIAN_POINT('',(-117.1,60.5,4.9));
#9954 = DIRECTION('',(0.,0.,1.));
#9955 = DIRECTION('',(-1.,-0.,-0.));
#9956 = ORIENTED_EDGE('',*,*,#9957,.F.);
#9957 = EDGE_CURVE('',#9881,#9949,#9958,.T.);
#9958 = LINE('',#9959,#9960);
#9959 = CARTESIAN_POINT('',(-119.038918317,59.693404835357,4.3));
#9960 = VECTOR('',#9961,1.);
#9961 = DIRECTION('',(0.,0.,-1.));
#9962 = ORIENTED_EDGE('',*,*,#9880,.T.);
#9963 = ORIENTED_EDGE('',*,*,#9940,.F.);
#9964 = CYLINDRICAL_SURFACE('',#9965,2.1);
#9965 = AXIS2_PLACEMENT_3D('',#9966,#9967,#9968);
#9966 = CARTESIAN_POINT('',(-117.1,60.5,4.3));
#9967 = DIRECTION('',(0.,0.,-1.));
#9968 = DIRECTION('',(-1.,-0.,-0.));
#9969 = ADVANCED_FACE('',(#9970),#9982,.T.);
#9970 = FACE_BOUND('',#9971,.F.);
#9971 = EDGE_LOOP('',(#9972,#9973,#9974,#9975,#9976));
#9972 = ORIENTED_EDGE('',*,*,#9948,.T.);
#9973 = ORIENTED_EDGE('',*,*,#5065,.T.);
#9974 = ORIENTED_EDGE('',*,*,#5145,.T.);
#9975 = ORIENTED_EDGE('',*,*,#5194,.T.);
#9976 = ORIENTED_EDGE('',*,*,#9977,.T.);
#9977 = EDGE_CURVE('',#5187,#9949,#9978,.T.);
#9978 = LINE('',#9979,#9980);
#9979 = CARTESIAN_POINT('',(-118.6439264426,60.174136913816,4.9));
#9980 = VECTOR('',#9981,1.);
#9981 = DIRECTION('',(0.63484000223,0.772643625204,0.));
#9982 = PLANE('',#9983);
#9983 = AXIS2_PLACEMENT_3D('',#9984,#9985,#9986);
#9984 = CARTESIAN_POINT('',(-117.1,60.5,4.9));
#9985 = DIRECTION('',(0.,0.,1.));
#9986 = DIRECTION('',(1.,0.,0.));
#9987 = ADVANCED_FACE('',(#9988),#10001,.T.);
#9988 = FACE_BOUND('',#9989,.F.);
#9989 = EDGE_LOOP('',(#9990,#9991,#9992,#9993,#9999,#10000));
#9990 = ORIENTED_EDGE('',*,*,#9977,.F.);
#9991 = ORIENTED_EDGE('',*,*,#5186,.T.);
#9992 = ORIENTED_EDGE('',*,*,#7276,.F.);
#9993 = ORIENTED_EDGE('',*,*,#9994,.T.);
#9994 = EDGE_CURVE('',#7268,#9909,#9995,.T.);
#9995 = LINE('',#9996,#9997);
#9996 = CARTESIAN_POINT('',(-118.9664994717,59.781543514345,4.9));
#9997 = VECTOR('',#9998,1.);
#9998 = DIRECTION('',(0.,0.,-1.));
#9999 = ORIENTED_EDGE('',*,*,#9917,.F.);
#10000 = ORIENTED_EDGE('',*,*,#9957,.T.);
#10001 = PLANE('',#10002);
#10002 = AXIS2_PLACEMENT_3D('',#10003,#10004,#10005);
#10003 = CARTESIAN_POINT('',(-119.426,59.2223,2.5));
#10004 = DIRECTION('',(0.772643625204,-0.63484000223,0.));
#10005 = DIRECTION('',(-0.63484000223,-0.772643625204,0.));
#10006 = ADVANCED_FACE('',(#10007),#10025,.T.);
#10007 = FACE_BOUND('',#10008,.F.);
#10008 = EDGE_LOOP('',(#10009,#10017,#10023,#10024));
#10009 = ORIENTED_EDGE('',*,*,#10010,.F.);
#10010 = EDGE_CURVE('',#10011,#5363,#10013,.T.);
#10011 = VERTEX_POINT('',#10012);
#10012 = CARTESIAN_POINT('',(-118.322,9.37412,4.9));
#10013 = LINE('',#10014,#10015);
#10014 = CARTESIAN_POINT('',(-118.3779361512,9.420036565116,4.9));
#10015 = VECTOR('',#10016,1.);
#10016 = DIRECTION('',(-0.77293623288,0.634483711297,0.));
#10017 = ORIENTED_EDGE('',*,*,#10018,.T.);
#10018 = EDGE_CURVE('',#10011,#7291,#10019,.T.);
#10019 = LINE('',#10020,#10021);
#10020 = CARTESIAN_POINT('',(-118.322,9.37412,2.5));
#10021 = VECTOR('',#10022,1.);
#10022 = DIRECTION('',(0.,0.,1.));
#10023 = ORIENTED_EDGE('',*,*,#7290,.F.);
#10024 = ORIENTED_EDGE('',*,*,#5370,.F.);
#10025 = PLANE('',#10026);
#10026 = AXIS2_PLACEMENT_3D('',#10027,#10028,#10029);
#10027 = CARTESIAN_POINT('',(-118.322,9.37412,2.5));
#10028 = DIRECTION('',(0.634483711297,0.77293623288,0.));
#10029 = DIRECTION('',(0.77293623288,-0.634483711297,0.));
#10030 = ADVANCED_FACE('',(#10031,#10066),#10077,.T.);
#10031 = FACE_BOUND('',#10032,.F.);
#10032 = EDGE_LOOP('',(#10033,#10042,#10049,#10050,#10058,#10064,#10065)
  );
#10033 = ORIENTED_EDGE('',*,*,#10034,.T.);
#10034 = EDGE_CURVE('',#5355,#10035,#10037,.T.);
#10035 = VERTEX_POINT('',#10036);
#10036 = CARTESIAN_POINT('',(-119.6,11.7,4.9));
#10037 = CIRCLE('',#10038,3.);
#10038 = AXIS2_PLACEMENT_3D('',#10039,#10040,#10041);
#10039 = CARTESIAN_POINT('',(-116.6,11.7,4.9));
#10040 = DIRECTION('',(0.,0.,-1.));
#10041 = DIRECTION('',(-1.,-0.,-0.));
#10042 = ORIENTED_EDGE('',*,*,#10043,.T.);
#10043 = EDGE_CURVE('',#10035,#5419,#10044,.T.);
#10044 = CIRCLE('',#10045,3.);
#10045 = AXIS2_PLACEMENT_3D('',#10046,#10047,#10048);
#10046 = CARTESIAN_POINT('',(-116.6,11.7,4.9));
#10047 = DIRECTION('',(0.,0.,-1.));
#10048 = DIRECTION('',(-1.,-0.,-0.));
#10049 = ORIENTED_EDGE('',*,*,#5418,.T.);
#10050 = ORIENTED_EDGE('',*,*,#10051,.T.);
#10051 = EDGE_CURVE('',#5411,#10052,#10054,.T.);
#10052 = VERTEX_POINT('',#10053);
#10053 = CARTESIAN_POINT('',(-117.631,9.00448,4.9));
#10054 = LINE('',#10055,#10056);
#10055 = CARTESIAN_POINT('',(-117.1574945969,8.860965619387,4.9));
#10056 = VECTOR('',#10057,1.);
#10057 = DIRECTION('',(-0.957008755468,0.29005903185,0.));
#10058 = ORIENTED_EDGE('',*,*,#10059,.T.);
#10059 = EDGE_CURVE('',#10052,#10011,#10060,.T.);
#10060 = LINE('',#10061,#10062);
#10061 = CARTESIAN_POINT('',(-117.7907504019,9.089936061638,4.9));
#10062 = VECTOR('',#10063,1.);
#10063 = DIRECTION('',(-0.881765881152,0.471687323168,0.));
#10064 = ORIENTED_EDGE('',*,*,#10010,.T.);
#10065 = ORIENTED_EDGE('',*,*,#5362,.T.);
#10066 = FACE_BOUND('',#10067,.F.);
#10067 = EDGE_LOOP('',(#10068));
#10068 = ORIENTED_EDGE('',*,*,#10069,.T.);
#10069 = EDGE_CURVE('',#10070,#10070,#10072,.T.);
#10070 = VERTEX_POINT('',#10071);
#10071 = CARTESIAN_POINT('',(-118.7,11.7,4.9));
#10072 = CIRCLE('',#10073,2.1);
#10073 = AXIS2_PLACEMENT_3D('',#10074,#10075,#10076);
#10074 = CARTESIAN_POINT('',(-116.6,11.7,4.9));
#10075 = DIRECTION('',(0.,0.,1.));
#10076 = DIRECTION('',(-1.,-0.,-0.));
#10077 = PLANE('',#10078);
#10078 = AXIS2_PLACEMENT_3D('',#10079,#10080,#10081);
#10079 = CARTESIAN_POINT('',(-116.6,11.7,4.9));
#10080 = DIRECTION('',(0.,0.,1.));
#10081 = DIRECTION('',(1.,0.,0.));
#10082 = ADVANCED_FACE('',(#10083),#10094,.T.);
#10083 = FACE_BOUND('',#10084,.F.);
#10084 = EDGE_LOOP('',(#10085,#10086,#10087,#10088));
#10085 = ORIENTED_EDGE('',*,*,#10051,.F.);
#10086 = ORIENTED_EDGE('',*,*,#5410,.T.);
#10087 = ORIENTED_EDGE('',*,*,#7306,.F.);
#10088 = ORIENTED_EDGE('',*,*,#10089,.F.);
#10089 = EDGE_CURVE('',#10052,#7299,#10090,.T.);
#10090 = LINE('',#10091,#10092);
#10091 = CARTESIAN_POINT('',(-117.631,9.00448,2.5));
#10092 = VECTOR('',#10093,1.);
#10093 = DIRECTION('',(0.,0.,1.));
#10094 = PLANE('',#10095);
#10095 = AXIS2_PLACEMENT_3D('',#10096,#10097,#10098);
#10096 = CARTESIAN_POINT('',(-116.88,8.77686,2.5));
#10097 = DIRECTION('',(0.29005903185,0.957008755468,0.));
#10098 = DIRECTION('',(0.957008755468,-0.29005903185,0.));
#10099 = ADVANCED_FACE('',(#10100),#10111,.T.);
#10100 = FACE_BOUND('',#10101,.F.);
#10101 = EDGE_LOOP('',(#10102,#10103,#10109,#10110));
#10102 = ORIENTED_EDGE('',*,*,#6442,.F.);
#10103 = ORIENTED_EDGE('',*,*,#10104,.T.);
#10104 = EDGE_CURVE('',#6435,#7348,#10105,.T.);
#10105 = LINE('',#10106,#10107);
#10106 = CARTESIAN_POINT('',(-113.29,-48.7065,2.5));
#10107 = VECTOR('',#10108,1.);
#10108 = DIRECTION('',(0.,0.,1.));
#10109 = ORIENTED_EDGE('',*,*,#7347,.F.);
#10110 = ORIENTED_EDGE('',*,*,#6249,.F.);
#10111 = PLANE('',#10112);
#10112 = AXIS2_PLACEMENT_3D('',#10113,#10114,#10115);
#10113 = CARTESIAN_POINT('',(-113.29,-48.7065,2.5));
#10114 = DIRECTION('',(0.285827704717,0.958281025178,0.));
#10115 = DIRECTION('',(0.958281025178,-0.285827704717,0.));
#10116 = ADVANCED_FACE('',(#10117,#10120),#10131,.T.);
#10117 = FACE_BOUND('',#10118,.F.);
#10118 = EDGE_LOOP('',(#10119));
#10119 = ORIENTED_EDGE('',*,*,#6281,.T.);
#10120 = FACE_BOUND('',#10121,.F.);
#10121 = EDGE_LOOP('',(#10122));
#10122 = ORIENTED_EDGE('',*,*,#10123,.T.);
#10123 = EDGE_CURVE('',#10124,#10124,#10126,.T.);
#10124 = VERTEX_POINT('',#10125);
#10125 = CARTESIAN_POINT('',(-60.6,-4.4,4.9));
#10126 = CIRCLE('',#10127,2.1);
#10127 = AXIS2_PLACEMENT_3D('',#10128,#10129,#10130);
#10128 = CARTESIAN_POINT('',(-58.5,-4.4,4.9));
#10129 = DIRECTION('',(0.,0.,1.));
#10130 = DIRECTION('',(-1.,-0.,-0.));
#10131 = PLANE('',#10132);
#10132 = AXIS2_PLACEMENT_3D('',#10133,#10134,#10135);
#10133 = CARTESIAN_POINT('',(-58.5,-4.4,4.9));
#10134 = DIRECTION('',(0.,0.,1.));
#10135 = DIRECTION('',(1.,0.,0.));
#10136 = ADVANCED_FACE('',(#10137),#10143,.T.);
#10137 = FACE_BOUND('',#10138,.F.);
#10138 = EDGE_LOOP('',(#10139,#10140,#10141,#10142));
#10139 = ORIENTED_EDGE('',*,*,#6314,.F.);
#10140 = ORIENTED_EDGE('',*,*,#6338,.T.);
#10141 = ORIENTED_EDGE('',*,*,#6362,.T.);
#10142 = ORIENTED_EDGE('',*,*,#6379,.F.);
#10143 = PLANE('',#10144);
#10144 = AXIS2_PLACEMENT_3D('',#10145,#10146,#10147);
#10145 = CARTESIAN_POINT('',(-46.3,18.5,4.8));
#10146 = DIRECTION('',(0.,0.,1.));
#10147 = DIRECTION('',(1.,0.,0.));
#10148 = ADVANCED_FACE('',(#10149),#10160,.T.);
#10149 = FACE_BOUND('',#10150,.F.);
#10150 = EDGE_LOOP('',(#10151,#10152,#10158,#10159));
#10151 = ORIENTED_EDGE('',*,*,#6434,.F.);
#10152 = ORIENTED_EDGE('',*,*,#10153,.T.);
#10153 = EDGE_CURVE('',#6427,#7356,#10154,.T.);
#10154 = LINE('',#10155,#10156);
#10155 = CARTESIAN_POINT('',(-112.51,-48.78,2.5));
#10156 = VECTOR('',#10157,1.);
#10157 = DIRECTION('',(0.,0.,1.));
#10158 = ORIENTED_EDGE('',*,*,#7355,.F.);
#10159 = ORIENTED_EDGE('',*,*,#10104,.F.);
#10160 = PLANE('',#10161);
#10161 = AXIS2_PLACEMENT_3D('',#10162,#10163,#10164);
#10162 = CARTESIAN_POINT('',(-112.51,-48.78,2.5));
#10163 = DIRECTION('',(9.381517673229E-02,0.995589630628,0.));
#10164 = DIRECTION('',(0.995589630628,-9.381517673229E-02,0.));
#10165 = ADVANCED_FACE('',(#10166),#10177,.T.);
#10166 = FACE_BOUND('',#10167,.F.);
#10167 = EDGE_LOOP('',(#10168,#10169,#10175,#10176));
#10168 = ORIENTED_EDGE('',*,*,#6426,.F.);
#10169 = ORIENTED_EDGE('',*,*,#10170,.T.);
#10170 = EDGE_CURVE('',#6419,#7364,#10171,.T.);
#10171 = LINE('',#10172,#10173);
#10172 = CARTESIAN_POINT('',(-111.73,-48.6997,2.5));
#10173 = VECTOR('',#10174,1.);
#10174 = DIRECTION('',(0.,0.,1.));
#10175 = ORIENTED_EDGE('',*,*,#7363,.F.);
#10176 = ORIENTED_EDGE('',*,*,#10153,.F.);
#10177 = PLANE('',#10178);
#10178 = AXIS2_PLACEMENT_3D('',#10179,#10180,#10181);
#10179 = CARTESIAN_POINT('',(-111.73,-48.6997,2.5));
#10180 = DIRECTION('',(-0.102407468638,0.994742534713,0.));
#10181 = DIRECTION('',(0.994742534713,0.102407468638,0.));
#10182 = ADVANCED_FACE('',(#10183),#10189,.T.);
#10183 = FACE_BOUND('',#10184,.F.);
#10184 = EDGE_LOOP('',(#10185,#10186,#10187,#10188));
#10185 = ORIENTED_EDGE('',*,*,#6418,.F.);
#10186 = ORIENTED_EDGE('',*,*,#6478,.T.);
#10187 = ORIENTED_EDGE('',*,*,#7371,.F.);
#10188 = ORIENTED_EDGE('',*,*,#10170,.F.);
#10189 = PLANE('',#10190);
#10190 = AXIS2_PLACEMENT_3D('',#10191,#10192,#10193);
#10191 = CARTESIAN_POINT('',(-110.98,-48.4688,2.5));
#10192 = DIRECTION('',(-0.294238073437,0.955732157113,0.));
#10193 = DIRECTION('',(0.955732157113,0.294238073437,0.));
#10194 = ADVANCED_FACE('',(#10195),#10214,.F.);
#10195 = FACE_BOUND('',#10196,.F.);
#10196 = EDGE_LOOP('',(#10197,#10206,#10212,#10213));
#10197 = ORIENTED_EDGE('',*,*,#10198,.F.);
#10198 = EDGE_CURVE('',#10199,#10199,#10201,.T.);
#10199 = VERTEX_POINT('',#10200);
#10200 = CARTESIAN_POINT('',(-114.4,-46.3,4.3));
#10201 = CIRCLE('',#10202,2.1);
#10202 = AXIS2_PLACEMENT_3D('',#10203,#10204,#10205);
#10203 = CARTESIAN_POINT('',(-112.3,-46.3,4.3));
#10204 = DIRECTION('',(0.,0.,-1.));
#10205 = DIRECTION('',(-1.,-0.,-0.));
#10206 = ORIENTED_EDGE('',*,*,#10207,.T.);
#10207 = EDGE_CURVE('',#10199,#6452,#10208,.T.);
#10208 = LINE('',#10209,#10210);
#10209 = CARTESIAN_POINT('',(-114.4,-46.3,4.3));
#10210 = VECTOR('',#10211,1.);
#10211 = DIRECTION('',(0.,0.,1.));
#10212 = ORIENTED_EDGE('',*,*,#6451,.F.);
#10213 = ORIENTED_EDGE('',*,*,#10207,.F.);
#10214 = CYLINDRICAL_SURFACE('',#10215,2.1);
#10215 = AXIS2_PLACEMENT_3D('',#10216,#10217,#10218);
#10216 = CARTESIAN_POINT('',(-112.3,-46.3,4.3));
#10217 = DIRECTION('',(0.,0.,-1.));
#10218 = DIRECTION('',(-1.,-0.,-0.));
#10219 = ADVANCED_FACE('',(#10220),#10246,.T.);
#10220 = FACE_BOUND('',#10221,.F.);
#10221 = EDGE_LOOP('',(#10222,#10230,#10231,#10239));
#10222 = ORIENTED_EDGE('',*,*,#10223,.T.);
#10223 = EDGE_CURVE('',#10224,#6493,#10226,.T.);
#10224 = VERTEX_POINT('',#10225);
#10225 = CARTESIAN_POINT('',(-114.1474831141,-51.58134307553,0.));
#10226 = LINE('',#10227,#10228);
#10227 = CARTESIAN_POINT('',(-114.1474831141,-51.58134307553,0.));
#10228 = VECTOR('',#10229,1.);
#10229 = DIRECTION('',(0.,0.,1.));
#10230 = ORIENTED_EDGE('',*,*,#6492,.T.);
#10231 = ORIENTED_EDGE('',*,*,#10232,.F.);
#10232 = EDGE_CURVE('',#10233,#6495,#10235,.T.);
#10233 = VERTEX_POINT('',#10234);
#10234 = CARTESIAN_POINT('',(-113.5714455301,-51.69326889188,0.));
#10235 = LINE('',#10236,#10237);
#10236 = CARTESIAN_POINT('',(-113.5714455301,-51.69326889188,0.));
#10237 = VECTOR('',#10238,1.);
#10238 = DIRECTION('',(0.,0.,1.));
#10239 = ORIENTED_EDGE('',*,*,#10240,.F.);
#10240 = EDGE_CURVE('',#10224,#10233,#10241,.T.);
#10241 = CIRCLE('',#10242,3.);
#10242 = AXIS2_PLACEMENT_3D('',#10243,#10244,#10245);
#10243 = CARTESIAN_POINT('',(-113.29,-48.7065,0.));
#10244 = DIRECTION('',(0.,-0.,1.));
#10245 = DIRECTION('',(-0.958281025178,0.285827704717,0.));
#10246 = CYLINDRICAL_SURFACE('',#10247,3.);
#10247 = AXIS2_PLACEMENT_3D('',#10248,#10249,#10250);
#10248 = CARTESIAN_POINT('',(-113.29,-48.7065,0.));
#10249 = DIRECTION('',(-0.,-0.,-1.));
#10250 = DIRECTION('',(-0.958281025178,0.285827704717,0.));
#10251 = ADVANCED_FACE('',(#10252),#10270,.F.);
#10252 = FACE_BOUND('',#10253,.T.);
#10253 = EDGE_LOOP('',(#10254,#10262,#10263,#10264));
#10254 = ORIENTED_EDGE('',*,*,#10255,.T.);
#10255 = EDGE_CURVE('',#10256,#9283,#10258,.T.);
#10256 = VERTEX_POINT('',#10257);
#10257 = CARTESIAN_POINT('',(-112.7914455301,-51.76676889188,0.));
#10258 = LINE('',#10259,#10260);
#10259 = CARTESIAN_POINT('',(-112.7914455301,-51.76676889188,0.));
#10260 = VECTOR('',#10261,1.);
#10261 = DIRECTION('',(0.,0.,1.));
#10262 = ORIENTED_EDGE('',*,*,#9291,.T.);
#10263 = ORIENTED_EDGE('',*,*,#10232,.F.);
#10264 = ORIENTED_EDGE('',*,*,#10265,.F.);
#10265 = EDGE_CURVE('',#10256,#10233,#10266,.T.);
#10266 = LINE('',#10267,#10268);
#10267 = CARTESIAN_POINT('',(-112.7914455301,-51.76676889188,0.));
#10268 = VECTOR('',#10269,1.);
#10269 = DIRECTION('',(-0.995589630628,9.381517673229E-02,0.));
#10270 = PLANE('',#10271);
#10271 = AXIS2_PLACEMENT_3D('',#10272,#10273,#10274);
#10272 = CARTESIAN_POINT('',(-112.7914455301,-51.76676889188,0.));
#10273 = DIRECTION('',(9.381517673229E-02,0.995589630628,0.));
#10274 = DIRECTION('',(0.995589630628,-9.381517673229E-02,0.));
#10275 = ADVANCED_FACE('',(#10276),#10295,.T.);
#10276 = FACE_BOUND('',#10277,.F.);
#10277 = EDGE_LOOP('',(#10278,#10279,#10280,#10288));
#10278 = ORIENTED_EDGE('',*,*,#10255,.T.);
#10279 = ORIENTED_EDGE('',*,*,#9282,.T.);
#10280 = ORIENTED_EDGE('',*,*,#10281,.F.);
#10281 = EDGE_CURVE('',#10282,#9275,#10284,.T.);
#10282 = VERTEX_POINT('',#10283);
#10283 = CARTESIAN_POINT('',(-112.202777594,-51.76422760413,0.));
#10284 = LINE('',#10285,#10286);
#10285 = CARTESIAN_POINT('',(-112.202777594,-51.76422760413,0.));
#10286 = VECTOR('',#10287,1.);
#10287 = DIRECTION('',(0.,0.,1.));
#10288 = ORIENTED_EDGE('',*,*,#10289,.F.);
#10289 = EDGE_CURVE('',#10256,#10282,#10290,.T.);
#10290 = CIRCLE('',#10291,3.);
#10291 = AXIS2_PLACEMENT_3D('',#10292,#10293,#10294);
#10292 = CARTESIAN_POINT('',(-112.51,-48.78,0.));
#10293 = DIRECTION('',(0.,-0.,1.));
#10294 = DIRECTION('',(-0.995589630628,9.381517673229E-02,0.));
#10295 = CYLINDRICAL_SURFACE('',#10296,3.);
#10296 = AXIS2_PLACEMENT_3D('',#10297,#10298,#10299);
#10297 = CARTESIAN_POINT('',(-112.51,-48.78,0.));
#10298 = DIRECTION('',(-0.,-0.,-1.));
#10299 = DIRECTION('',(-0.995589630628,9.381517673229E-02,0.));
#10300 = ADVANCED_FACE('',(#10301),#10319,.F.);
#10301 = FACE_BOUND('',#10302,.T.);
#10302 = EDGE_LOOP('',(#10303,#10311,#10312,#10313));
#10303 = ORIENTED_EDGE('',*,*,#10304,.T.);
#10304 = EDGE_CURVE('',#10305,#9266,#10307,.T.);
#10305 = VERTEX_POINT('',#10306);
#10306 = CARTESIAN_POINT('',(-111.422777594,-51.68392760413,0.));
#10307 = LINE('',#10308,#10309);
#10308 = CARTESIAN_POINT('',(-111.422777594,-51.68392760413,0.));
#10309 = VECTOR('',#10310,1.);
#10310 = DIRECTION('',(0.,0.,1.));
#10311 = ORIENTED_EDGE('',*,*,#9274,.T.);
#10312 = ORIENTED_EDGE('',*,*,#10281,.F.);
#10313 = ORIENTED_EDGE('',*,*,#10314,.F.);
#10314 = EDGE_CURVE('',#10305,#10282,#10315,.T.);
#10315 = LINE('',#10316,#10317);
#10316 = CARTESIAN_POINT('',(-111.422777594,-51.68392760413,0.));
#10317 = VECTOR('',#10318,1.);
#10318 = DIRECTION('',(-0.994742534713,-0.102407468638,-0.));
#10319 = PLANE('',#10320);
#10320 = AXIS2_PLACEMENT_3D('',#10321,#10322,#10323);
#10321 = CARTESIAN_POINT('',(-111.422777594,-51.68392760413,0.));
#10322 = DIRECTION('',(-0.102407468638,0.994742534713,0.));
#10323 = DIRECTION('',(0.994742534713,0.102407468638,0.));
#10324 = ADVANCED_FACE('',(#10325),#10344,.T.);
#10325 = FACE_BOUND('',#10326,.F.);
#10326 = EDGE_LOOP('',(#10327,#10328,#10329,#10337));
#10327 = ORIENTED_EDGE('',*,*,#10304,.T.);
#10328 = ORIENTED_EDGE('',*,*,#9265,.T.);
#10329 = ORIENTED_EDGE('',*,*,#10330,.F.);
#10330 = EDGE_CURVE('',#10331,#9258,#10333,.T.);
#10331 = VERTEX_POINT('',#10332);
#10332 = CARTESIAN_POINT('',(-110.8472857796,-51.56689647134,0.));
#10333 = LINE('',#10334,#10335);
#10334 = CARTESIAN_POINT('',(-110.8472857796,-51.56689647134,0.));
#10335 = VECTOR('',#10336,1.);
#10336 = DIRECTION('',(0.,0.,1.));
#10337 = ORIENTED_EDGE('',*,*,#10338,.F.);
#10338 = EDGE_CURVE('',#10305,#10331,#10339,.T.);
#10339 = CIRCLE('',#10340,3.);
#10340 = AXIS2_PLACEMENT_3D('',#10341,#10342,#10343);
#10341 = CARTESIAN_POINT('',(-111.73,-48.6997,0.));
#10342 = DIRECTION('',(-0.,0.,1.));
#10343 = DIRECTION('',(-0.994742534713,-0.102407468638,-0.));
#10344 = CYLINDRICAL_SURFACE('',#10345,3.);
#10345 = AXIS2_PLACEMENT_3D('',#10346,#10347,#10348);
#10346 = CARTESIAN_POINT('',(-111.73,-48.6997,0.));
#10347 = DIRECTION('',(-0.,-0.,-1.));
#10348 = DIRECTION('',(-0.994742534713,-0.102407468638,-0.));
#10349 = ADVANCED_FACE('',(#10350),#10368,.F.);
#10350 = FACE_BOUND('',#10351,.T.);
#10351 = EDGE_LOOP('',(#10352,#10360,#10361,#10362));
#10352 = ORIENTED_EDGE('',*,*,#10353,.T.);
#10353 = EDGE_CURVE('',#10354,#9249,#10356,.T.);
#10354 = VERTEX_POINT('',#10355);
#10355 = CARTESIAN_POINT('',(-110.0972857796,-51.33599647134,0.));
#10356 = LINE('',#10357,#10358);
#10357 = CARTESIAN_POINT('',(-110.0972857796,-51.33599647134,0.));
#10358 = VECTOR('',#10359,1.);
#10359 = DIRECTION('',(0.,0.,1.));
#10360 = ORIENTED_EDGE('',*,*,#9257,.T.);
#10361 = ORIENTED_EDGE('',*,*,#10330,.F.);
#10362 = ORIENTED_EDGE('',*,*,#10363,.F.);
#10363 = EDGE_CURVE('',#10354,#10331,#10364,.T.);
#10364 = LINE('',#10365,#10366);
#10365 = CARTESIAN_POINT('',(-110.0972857796,-51.33599647134,0.));
#10366 = VECTOR('',#10367,1.);
#10367 = DIRECTION('',(-0.955732157113,-0.294238073437,-0.));
#10368 = PLANE('',#10369);
#10369 = AXIS2_PLACEMENT_3D('',#10370,#10371,#10372);
#10370 = CARTESIAN_POINT('',(-110.0972857796,-51.33599647134,0.));
#10371 = DIRECTION('',(-0.294238073437,0.955732157113,0.));
#10372 = DIRECTION('',(0.955732157113,0.294238073437,0.));
#10373 = ADVANCED_FACE('',(#10374),#10393,.T.);
#10374 = FACE_BOUND('',#10375,.F.);
#10375 = EDGE_LOOP('',(#10376,#10377,#10378,#10386));
#10376 = ORIENTED_EDGE('',*,*,#10353,.T.);
#10377 = ORIENTED_EDGE('',*,*,#9248,.T.);
#10378 = ORIENTED_EDGE('',*,*,#10379,.F.);
#10379 = EDGE_CURVE('',#10380,#9241,#10382,.T.);
#10380 = VERTEX_POINT('',#10381);
#10381 = CARTESIAN_POINT('',(-109.554257086,-51.10835623986,0.));
#10382 = LINE('',#10383,#10384);
#10383 = CARTESIAN_POINT('',(-109.554257086,-51.10835623986,0.));
#10384 = VECTOR('',#10385,1.);
#10385 = DIRECTION('',(0.,0.,1.));
#10386 = ORIENTED_EDGE('',*,*,#10387,.F.);
#10387 = EDGE_CURVE('',#10354,#10380,#10388,.T.);
#10388 = CIRCLE('',#10389,3.);
#10389 = AXIS2_PLACEMENT_3D('',#10390,#10391,#10392);
#10390 = CARTESIAN_POINT('',(-110.98,-48.4688,0.));
#10391 = DIRECTION('',(-0.,0.,1.));
#10392 = DIRECTION('',(-0.955732157113,-0.294238073437,-0.));
#10393 = CYLINDRICAL_SURFACE('',#10394,3.);
#10394 = AXIS2_PLACEMENT_3D('',#10395,#10396,#10397);
#10395 = CARTESIAN_POINT('',(-110.98,-48.4688,0.));
#10396 = DIRECTION('',(-0.,-0.,-1.));
#10397 = DIRECTION('',(-0.955732157113,-0.294238073437,-0.));
#10398 = ADVANCED_FACE('',(#10399),#10417,.F.);
#10399 = FACE_BOUND('',#10400,.T.);
#10400 = EDGE_LOOP('',(#10401,#10409,#10410,#10411));
#10401 = ORIENTED_EDGE('',*,*,#10402,.T.);
#10402 = EDGE_CURVE('',#10403,#9232,#10405,.T.);
#10403 = VERTEX_POINT('',#10404);
#10404 = CARTESIAN_POINT('',(-108.864257086,-50.73565623986,0.));
#10405 = LINE('',#10406,#10407);
#10406 = CARTESIAN_POINT('',(-108.864257086,-50.73565623986,0.));
#10407 = VECTOR('',#10408,1.);
#10408 = DIRECTION('',(0.,0.,1.));
#10409 = ORIENTED_EDGE('',*,*,#9240,.T.);
#10410 = ORIENTED_EDGE('',*,*,#10379,.F.);
#10411 = ORIENTED_EDGE('',*,*,#10412,.F.);
#10412 = EDGE_CURVE('',#10403,#10380,#10413,.T.);
#10413 = LINE('',#10414,#10415);
#10414 = CARTESIAN_POINT('',(-108.864257086,-50.73565623986,0.));
#10415 = VECTOR('',#10416,1.);
#10416 = DIRECTION('',(-0.879852079956,-0.475247637971,-0.));
#10417 = PLANE('',#10418);
#10418 = AXIS2_PLACEMENT_3D('',#10419,#10420,#10421);
#10419 = CARTESIAN_POINT('',(-108.864257086,-50.73565623986,0.));
#10420 = DIRECTION('',(-0.475247637971,0.879852079956,0.));
#10421 = DIRECTION('',(0.879852079956,0.475247637971,0.));
#10422 = ADVANCED_FACE('',(#10423),#10442,.T.);
#10423 = FACE_BOUND('',#10424,.F.);
#10424 = EDGE_LOOP('',(#10425,#10426,#10427,#10435));
#10425 = ORIENTED_EDGE('',*,*,#10402,.T.);
#10426 = ORIENTED_EDGE('',*,*,#9231,.T.);
#10427 = ORIENTED_EDGE('',*,*,#10428,.F.);
#10428 = EDGE_CURVE('',#10429,#9224,#10431,.T.);
#10429 = VERTEX_POINT('',#10430);
#10430 = CARTESIAN_POINT('',(-108.6123935534,-50.58319400916,0.));
#10431 = LINE('',#10432,#10433);
#10432 = CARTESIAN_POINT('',(-108.6123935534,-50.58319400916,0.));
#10433 = VECTOR('',#10434,1.);
#10434 = DIRECTION('',(0.,0.,1.));
#10435 = ORIENTED_EDGE('',*,*,#10436,.F.);
#10436 = EDGE_CURVE('',#10403,#10429,#10437,.T.);
#10437 = CIRCLE('',#10438,3.);
#10438 = AXIS2_PLACEMENT_3D('',#10439,#10440,#10441);
#10439 = CARTESIAN_POINT('',(-110.29,-48.0961,0.));
#10440 = DIRECTION('',(-0.,0.,1.));
#10441 = DIRECTION('',(-0.879852079956,-0.475247637971,-0.));
#10442 = CYLINDRICAL_SURFACE('',#10443,3.);
#10443 = AXIS2_PLACEMENT_3D('',#10444,#10445,#10446);
#10444 = CARTESIAN_POINT('',(-110.29,-48.0961,0.));
#10445 = DIRECTION('',(-0.,-0.,-1.));
#10446 = DIRECTION('',(-0.879852079956,-0.475247637971,-0.));
#10447 = ADVANCED_FACE('',(#10448),#10466,.F.);
#10448 = FACE_BOUND('',#10449,.T.);
#10449 = EDGE_LOOP('',(#10450,#10458,#10459,#10460));
#10450 = ORIENTED_EDGE('',*,*,#10451,.T.);
#10451 = EDGE_CURVE('',#10452,#9216,#10454,.T.);
#10452 = VERTEX_POINT('',#10453);
#10453 = CARTESIAN_POINT('',(-95.10039820426,-41.46901882312,0.));
#10454 = LINE('',#10455,#10456);
#10455 = CARTESIAN_POINT('',(-95.10039820426,-41.46901882312,0.));
#10456 = VECTOR('',#10457,1.);
#10457 = DIRECTION('',(0.,0.,1.));
#10458 = ORIENTED_EDGE('',*,*,#9223,.T.);
#10459 = ORIENTED_EDGE('',*,*,#10428,.F.);
#10460 = ORIENTED_EDGE('',*,*,#10461,.F.);
#10461 = EDGE_CURVE('',#10452,#10429,#10462,.T.);
#10462 = LINE('',#10463,#10464);
#10463 = CARTESIAN_POINT('',(-94.96189355343,-41.37559400916,0.));
#10464 = VECTOR('',#10465,1.);
#10465 = DIRECTION('',(-0.82903133639,-0.559202148855,-0.));
#10466 = PLANE('',#10467);
#10467 = AXIS2_PLACEMENT_3D('',#10468,#10469,#10470);
#10468 = CARTESIAN_POINT('',(-95.10039820426,-41.46901882312,0.));
#10469 = DIRECTION('',(-0.559202148855,0.82903133639,0.));
#10470 = DIRECTION('',(0.82903133639,0.559202148855,0.));
#10471 = ADVANCED_FACE('',(#10472),#10490,.F.);
#10472 = FACE_BOUND('',#10473,.T.);
#10473 = EDGE_LOOP('',(#10474,#10482,#10483,#10484));
#10474 = ORIENTED_EDGE('',*,*,#10475,.T.);
#10475 = EDGE_CURVE('',#10476,#9208,#10478,.T.);
#10476 = VERTEX_POINT('',#10477);
#10477 = CARTESIAN_POINT('',(-93.65801486308,-40.71413522324,0.));
#10478 = LINE('',#10479,#10480);
#10479 = CARTESIAN_POINT('',(-93.65801486308,-40.71413522324,0.));
#10480 = VECTOR('',#10481,1.);
#10481 = DIRECTION('',(0.,0.,1.));
#10482 = ORIENTED_EDGE('',*,*,#9215,.T.);
#10483 = ORIENTED_EDGE('',*,*,#10451,.F.);
#10484 = ORIENTED_EDGE('',*,*,#10485,.F.);
#10485 = EDGE_CURVE('',#10476,#10452,#10486,.T.);
#10486 = LINE('',#10487,#10488);
#10487 = CARTESIAN_POINT('',(-93.52741978467,-40.64578717727,0.));
#10488 = VECTOR('',#10489,1.);
#10489 = DIRECTION('',(-0.885995725757,-0.463693405107,-0.));
#10490 = PLANE('',#10491);
#10491 = AXIS2_PLACEMENT_3D('',#10492,#10493,#10494);
#10492 = CARTESIAN_POINT('',(-93.65801486308,-40.71413522324,0.));
#10493 = DIRECTION('',(-0.463693405107,0.885995725757,0.));
#10494 = DIRECTION('',(0.885995725757,0.463693405107,0.));
#10495 = ADVANCED_FACE('',(#10496),#10514,.F.);
#10496 = FACE_BOUND('',#10497,.T.);
#10497 = EDGE_LOOP('',(#10498,#10506,#10507,#10508));
#10498 = ORIENTED_EDGE('',*,*,#10499,.T.);
#10499 = EDGE_CURVE('',#10500,#9200,#10502,.T.);
#10500 = VERTEX_POINT('',#10501);
#10501 = CARTESIAN_POINT('',(-78.30582688605,-34.51145402629,0.));
#10502 = LINE('',#10503,#10504);
#10503 = CARTESIAN_POINT('',(-78.30582688605,-34.51145402629,0.));
#10504 = VECTOR('',#10505,1.);
#10505 = DIRECTION('',(0.,0.,1.));
#10506 = ORIENTED_EDGE('',*,*,#9207,.T.);
#10507 = ORIENTED_EDGE('',*,*,#10475,.F.);
#10508 = ORIENTED_EDGE('',*,*,#10509,.F.);
#10509 = EDGE_CURVE('',#10500,#10476,#10510,.T.);
#10510 = LINE('',#10511,#10512);
#10511 = CARTESIAN_POINT('',(-78.15088105612,-34.44885190161,0.));
#10512 = VECTOR('',#10513,1.);
#10513 = DIRECTION('',(-0.927183967206,-0.374606314625,-0.));
#10514 = PLANE('',#10515);
#10515 = AXIS2_PLACEMENT_3D('',#10516,#10517,#10518);
#10516 = CARTESIAN_POINT('',(-78.30582688605,-34.51145402629,0.));
#10517 = DIRECTION('',(-0.374606314625,0.927183967206,0.));
#10518 = DIRECTION('',(0.927183967206,0.374606314625,0.));
#10519 = ADVANCED_FACE('',(#10520),#10538,.F.);
#10520 = FACE_BOUND('',#10521,.T.);
#10521 = EDGE_LOOP('',(#10522,#10530,#10531,#10532));
#10522 = ORIENTED_EDGE('',*,*,#10523,.T.);
#10523 = EDGE_CURVE('',#10524,#9192,#10526,.T.);
#10524 = VERTEX_POINT('',#10525);
#10525 = CARTESIAN_POINT('',(-76.73805341451,-34.07303731349,0.));
#10526 = LINE('',#10527,#10528);
#10527 = CARTESIAN_POINT('',(-76.73805341451,-34.07303731349,0.));
#10528 = VECTOR('',#10529,1.);
#10529 = DIRECTION('',(0.,0.,1.));
#10530 = ORIENTED_EDGE('',*,*,#9199,.T.);
#10531 = ORIENTED_EDGE('',*,*,#10499,.F.);
#10532 = ORIENTED_EDGE('',*,*,#10533,.F.);
#10533 = EDGE_CURVE('',#10524,#10500,#10534,.T.);
#10534 = LINE('',#10535,#10536);
#10535 = CARTESIAN_POINT('',(-76.596166993,-34.03335978377,0.));
#10536 = VECTOR('',#10537,1.);
#10537 = DIRECTION('',(-0.963053261259,-0.269311002333,-0.));
#10538 = PLANE('',#10539);
#10539 = AXIS2_PLACEMENT_3D('',#10540,#10541,#10542);
#10540 = CARTESIAN_POINT('',(-76.73805341451,-34.07303731349,0.));
#10541 = DIRECTION('',(-0.269311002333,0.963053261259,0.));
#10542 = DIRECTION('',(0.963053261259,0.269311002333,0.));
#10543 = ADVANCED_FACE('',(#10544),#10562,.F.);
#10544 = FACE_BOUND('',#10545,.T.);
#10545 = EDGE_LOOP('',(#10546,#10554,#10555,#10556));
#10546 = ORIENTED_EDGE('',*,*,#10547,.T.);
#10547 = EDGE_CURVE('',#10548,#9183,#10550,.T.);
#10548 = VERTEX_POINT('',#10549);
#10549 = CARTESIAN_POINT('',(-60.56834482831,-31.22182138313,0.));
#10550 = LINE('',#10551,#10552);
#10551 = CARTESIAN_POINT('',(-60.56834482831,-31.22182138313,0.));
#10552 = VECTOR('',#10553,1.);
#10553 = DIRECTION('',(0.,0.,1.));
#10554 = ORIENTED_EDGE('',*,*,#9191,.T.);
#10555 = ORIENTED_EDGE('',*,*,#10523,.F.);
#10556 = ORIENTED_EDGE('',*,*,#10557,.F.);
#10557 = EDGE_CURVE('',#10548,#10524,#10558,.T.);
#10558 = LINE('',#10559,#10560);
#10559 = CARTESIAN_POINT('',(-60.56834482831,-31.22182138313,0.));
#10560 = VECTOR('',#10561,1.);
#10561 = DIRECTION('',(-0.98480712771,-0.173651723895,-0.));
#10562 = PLANE('',#10563);
#10563 = AXIS2_PLACEMENT_3D('',#10564,#10565,#10566);
#10564 = CARTESIAN_POINT('',(-60.56834482831,-31.22182138313,0.));
#10565 = DIRECTION('',(-0.173651723895,0.98480712771,0.));
#10566 = DIRECTION('',(0.98480712771,0.173651723895,0.));
#10567 = ADVANCED_FACE('',(#10568),#10587,.T.);
#10568 = FACE_BOUND('',#10569,.F.);
#10569 = EDGE_LOOP('',(#10570,#10571,#10572,#10580));
#10570 = ORIENTED_EDGE('',*,*,#10547,.T.);
#10571 = ORIENTED_EDGE('',*,*,#9182,.T.);
#10572 = ORIENTED_EDGE('',*,*,#10573,.F.);
#10573 = EDGE_CURVE('',#10574,#9175,#10576,.T.);
#10574 = VERTEX_POINT('',#10575);
#10575 = CARTESIAN_POINT('',(-60.40824183888,-31.18907071744,0.));
#10576 = LINE('',#10577,#10578);
#10577 = CARTESIAN_POINT('',(-60.40824183888,-31.18907071744,0.));
#10578 = VECTOR('',#10579,1.);
#10579 = DIRECTION('',(0.,0.,1.));
#10580 = ORIENTED_EDGE('',*,*,#10581,.F.);
#10581 = EDGE_CURVE('',#10548,#10574,#10582,.T.);
#10582 = CIRCLE('',#10583,3.);
#10583 = AXIS2_PLACEMENT_3D('',#10584,#10585,#10586);
#10584 = CARTESIAN_POINT('',(-61.0893,-28.2674,0.));
#10585 = DIRECTION('',(-0.,0.,1.));
#10586 = DIRECTION('',(-0.98480712771,-0.173651723895,-0.));
#10587 = CYLINDRICAL_SURFACE('',#10588,3.);
#10588 = AXIS2_PLACEMENT_3D('',#10589,#10590,#10591);
#10589 = CARTESIAN_POINT('',(-61.0893,-28.2674,0.));
#10590 = DIRECTION('',(-0.,-0.,-1.));
#10591 = DIRECTION('',(-0.98480712771,-0.173651723895,-0.));
#10592 = ADVANCED_FACE('',(#10593),#10611,.F.);
#10593 = FACE_BOUND('',#10594,.T.);
#10594 = EDGE_LOOP('',(#10595,#10603,#10604,#10605));
#10595 = ORIENTED_EDGE('',*,*,#10596,.T.);
#10596 = EDGE_CURVE('',#10597,#9166,#10599,.T.);
#10597 = VERTEX_POINT('',#10598);
#10598 = CARTESIAN_POINT('',(-59.98354183888,-31.09007071744,0.));
#10599 = LINE('',#10600,#10601);
#10600 = CARTESIAN_POINT('',(-59.98354183888,-31.09007071744,0.));
#10601 = VECTOR('',#10602,1.);
#10602 = DIRECTION('',(0.,0.,1.));
#10603 = ORIENTED_EDGE('',*,*,#9174,.T.);
#10604 = ORIENTED_EDGE('',*,*,#10573,.F.);
#10605 = ORIENTED_EDGE('',*,*,#10606,.F.);
#10606 = EDGE_CURVE('',#10597,#10574,#10607,.T.);
#10607 = LINE('',#10608,#10609);
#10608 = CARTESIAN_POINT('',(-59.98354183888,-31.09007071744,0.));
#10609 = VECTOR('',#10610,1.);
#10610 = DIRECTION('',(-0.973890239148,-0.227019387039,-0.));
#10611 = PLANE('',#10612);
#10612 = AXIS2_PLACEMENT_3D('',#10613,#10614,#10615);
#10613 = CARTESIAN_POINT('',(-59.98354183888,-31.09007071744,0.));
#10614 = DIRECTION('',(-0.227019387039,0.973890239148,0.));
#10615 = DIRECTION('',(0.973890239148,0.227019387039,0.));
#10616 = ADVANCED_FACE('',(#10617),#10636,.T.);
#10617 = FACE_BOUND('',#10618,.F.);
#10618 = EDGE_LOOP('',(#10619,#10620,#10621,#10629));
#10619 = ORIENTED_EDGE('',*,*,#10596,.T.);
#10620 = ORIENTED_EDGE('',*,*,#9165,.T.);
#10621 = ORIENTED_EDGE('',*,*,#10622,.F.);
#10622 = EDGE_CURVE('',#10623,#9158,#10625,.T.);
#10623 = VERTEX_POINT('',#10624);
#10624 = CARTESIAN_POINT('',(-59.5467351869,-30.95235011802,0.));
#10625 = LINE('',#10626,#10627);
#10626 = CARTESIAN_POINT('',(-59.5467351869,-30.95235011802,0.));
#10627 = VECTOR('',#10628,1.);
#10628 = DIRECTION('',(0.,0.,1.));
#10629 = ORIENTED_EDGE('',*,*,#10630,.F.);
#10630 = EDGE_CURVE('',#10597,#10623,#10631,.T.);
#10631 = CIRCLE('',#10632,3.);
#10632 = AXIS2_PLACEMENT_3D('',#10633,#10634,#10635);
#10633 = CARTESIAN_POINT('',(-60.6646,-28.1684,0.));
#10634 = DIRECTION('',(-0.,0.,1.));
#10635 = DIRECTION('',(-0.973890239148,-0.227019387039,-0.));
#10636 = CYLINDRICAL_SURFACE('',#10637,3.);
#10637 = AXIS2_PLACEMENT_3D('',#10638,#10639,#10640);
#10638 = CARTESIAN_POINT('',(-60.6646,-28.1684,0.));
#10639 = DIRECTION('',(-0.,-0.,-1.));
#10640 = DIRECTION('',(-0.973890239148,-0.227019387039,-0.));
#10641 = ADVANCED_FACE('',(#10642),#10660,.F.);
#10642 = FACE_BOUND('',#10643,.T.);
#10643 = EDGE_LOOP('',(#10644,#10652,#10653,#10654));
#10644 = ORIENTED_EDGE('',*,*,#10645,.T.);
#10645 = EDGE_CURVE('',#10646,#9149,#10648,.T.);
#10646 = VERTEX_POINT('',#10647);
#10647 = CARTESIAN_POINT('',(-58.8190351869,-30.66015011802,0.));
#10648 = LINE('',#10649,#10650);
#10649 = CARTESIAN_POINT('',(-58.8190351869,-30.66015011802,0.));
#10650 = VECTOR('',#10651,1.);
#10651 = DIRECTION('',(0.,0.,1.));
#10652 = ORIENTED_EDGE('',*,*,#9157,.T.);
#10653 = ORIENTED_EDGE('',*,*,#10622,.F.);
#10654 = ORIENTED_EDGE('',*,*,#10655,.F.);
#10655 = EDGE_CURVE('',#10646,#10623,#10656,.T.);
#10656 = LINE('',#10657,#10658);
#10657 = CARTESIAN_POINT('',(-58.8190351869,-30.66015011802,0.));
#10658 = VECTOR('',#10659,1.);
#10659 = DIRECTION('',(-0.927983372675,-0.372621604364,-0.));
#10660 = PLANE('',#10661);
#10661 = AXIS2_PLACEMENT_3D('',#10662,#10663,#10664);
#10662 = CARTESIAN_POINT('',(-58.8190351869,-30.66015011802,0.));
#10663 = DIRECTION('',(-0.372621604364,0.927983372675,0.));
#10664 = DIRECTION('',(0.927983372675,0.372621604364,0.));
#10665 = ADVANCED_FACE('',(#10666),#10685,.T.);
#10666 = FACE_BOUND('',#10667,.F.);
#10667 = EDGE_LOOP('',(#10668,#10669,#10670,#10678));
#10668 = ORIENTED_EDGE('',*,*,#10645,.T.);
#10669 = ORIENTED_EDGE('',*,*,#9148,.T.);
#10670 = ORIENTED_EDGE('',*,*,#10671,.F.);
#10671 = EDGE_CURVE('',#10672,#9141,#10674,.T.);
#10672 = VERTEX_POINT('',#10673);
#10673 = CARTESIAN_POINT('',(-58.29751318071,-30.38865116504,0.));
#10674 = LINE('',#10675,#10676);
#10675 = CARTESIAN_POINT('',(-58.29751318071,-30.38865116504,0.));
#10676 = VECTOR('',#10677,1.);
#10677 = DIRECTION('',(0.,0.,1.));
#10678 = ORIENTED_EDGE('',*,*,#10679,.F.);
#10679 = EDGE_CURVE('',#10646,#10672,#10680,.T.);
#10680 = CIRCLE('',#10681,3.);
#10681 = AXIS2_PLACEMENT_3D('',#10682,#10683,#10684);
#10682 = CARTESIAN_POINT('',(-59.9369,-27.8762,0.));
#10683 = DIRECTION('',(-0.,0.,1.));
#10684 = DIRECTION('',(-0.927983372675,-0.372621604364,-0.));
#10685 = CYLINDRICAL_SURFACE('',#10686,3.);
#10686 = AXIS2_PLACEMENT_3D('',#10687,#10688,#10689);
#10687 = CARTESIAN_POINT('',(-59.9369,-27.8762,0.));
#10688 = DIRECTION('',(-0.,-0.,-1.));
#10689 = DIRECTION('',(-0.927983372675,-0.372621604364,-0.));
#10690 = ADVANCED_FACE('',(#10691),#10709,.F.);
#10691 = FACE_BOUND('',#10692,.T.);
#10692 = EDGE_LOOP('',(#10693,#10701,#10702,#10703));
#10693 = ORIENTED_EDGE('',*,*,#10694,.T.);
#10694 = EDGE_CURVE('',#10695,#9132,#10697,.T.);
#10695 = VERTEX_POINT('',#10696);
#10696 = CARTESIAN_POINT('',(-57.64081318071,-29.96015116504,0.));
#10697 = LINE('',#10698,#10699);
#10698 = CARTESIAN_POINT('',(-57.64081318071,-29.96015116504,0.));
#10699 = VECTOR('',#10700,1.);
#10700 = DIRECTION('',(0.,0.,1.));
#10701 = ORIENTED_EDGE('',*,*,#9140,.T.);
#10702 = ORIENTED_EDGE('',*,*,#10671,.F.);
#10703 = ORIENTED_EDGE('',*,*,#10704,.F.);
#10704 = EDGE_CURVE('',#10695,#10672,#10705,.T.);
#10705 = LINE('',#10706,#10707);
#10706 = CARTESIAN_POINT('',(-57.64081318071,-29.96015116504,0.));
#10707 = VECTOR('',#10708,1.);
#10708 = DIRECTION('',(-0.837483721683,-0.546462273095,-0.));
#10709 = PLANE('',#10710);
#10710 = AXIS2_PLACEMENT_3D('',#10711,#10712,#10713);
#10711 = CARTESIAN_POINT('',(-57.64081318071,-29.96015116504,0.));
#10712 = DIRECTION('',(-0.546462273095,0.837483721683,0.));
#10713 = DIRECTION('',(0.837483721683,0.546462273095,0.));
#10714 = ADVANCED_FACE('',(#10715),#10734,.T.);
#10715 = FACE_BOUND('',#10716,.F.);
#10716 = EDGE_LOOP('',(#10717,#10718,#10719,#10727));
#10717 = ORIENTED_EDGE('',*,*,#10694,.T.);
#10718 = ORIENTED_EDGE('',*,*,#9131,.T.);
#10719 = ORIENTED_EDGE('',*,*,#10720,.F.);
#10720 = EDGE_CURVE('',#10721,#9124,#10723,.T.);
#10721 = VERTEX_POINT('',#10722);
#10722 = CARTESIAN_POINT('',(-57.18215179686,-29.59203993044,0.));
#10723 = LINE('',#10724,#10725);
#10724 = CARTESIAN_POINT('',(-57.18215179686,-29.59203993044,0.));
#10725 = VECTOR('',#10726,1.);
#10726 = DIRECTION('',(0.,0.,1.));
#10727 = ORIENTED_EDGE('',*,*,#10728,.F.);
#10728 = EDGE_CURVE('',#10695,#10721,#10729,.T.);
#10729 = CIRCLE('',#10730,3.);
#10730 = AXIS2_PLACEMENT_3D('',#10731,#10732,#10733);
#10731 = CARTESIAN_POINT('',(-59.2802,-27.4477,0.));
#10732 = DIRECTION('',(-0.,0.,1.));
#10733 = DIRECTION('',(-0.837483721683,-0.546462273095,-0.));
#10734 = CYLINDRICAL_SURFACE('',#10735,3.);
#10735 = AXIS2_PLACEMENT_3D('',#10736,#10737,#10738);
#10736 = CARTESIAN_POINT('',(-59.2802,-27.4477,0.));
#10737 = DIRECTION('',(-0.,-0.,-1.));
#10738 = DIRECTION('',(-0.837483721683,-0.546462273095,-0.));
#10739 = ADVANCED_FACE('',(#10740),#10758,.F.);
#10740 = FACE_BOUND('',#10741,.T.);
#10741 = EDGE_LOOP('',(#10742,#10750,#10751,#10752));
#10742 = ORIENTED_EDGE('',*,*,#10743,.T.);
#10743 = EDGE_CURVE('',#10744,#9115,#10746,.T.);
#10744 = VERTEX_POINT('',#10745);
#10745 = CARTESIAN_POINT('',(-56.62165179686,-29.04363993044,0.));
#10746 = LINE('',#10747,#10748);
#10747 = CARTESIAN_POINT('',(-56.62165179686,-29.04363993044,0.));
#10748 = VECTOR('',#10749,1.);
#10749 = DIRECTION('',(0.,0.,1.));
#10750 = ORIENTED_EDGE('',*,*,#9123,.T.);
#10751 = ORIENTED_EDGE('',*,*,#10720,.F.);
#10752 = ORIENTED_EDGE('',*,*,#10753,.F.);
#10753 = EDGE_CURVE('',#10744,#10721,#10754,.T.);
#10754 = LINE('',#10755,#10756);
#10755 = CARTESIAN_POINT('',(-56.62165179686,-29.04363993044,0.));
#10756 = VECTOR('',#10757,1.);
#10757 = DIRECTION('',(-0.714779976816,-0.699349401045,-0.));
#10758 = PLANE('',#10759);
#10759 = AXIS2_PLACEMENT_3D('',#10760,#10761,#10762);
#10760 = CARTESIAN_POINT('',(-56.62165179686,-29.04363993044,0.));
#10761 = DIRECTION('',(-0.699349401045,0.714779976816,0.));
#10762 = DIRECTION('',(0.714779976816,0.699349401045,0.));
#10763 = ADVANCED_FACE('',(#10764),#10783,.T.);
#10764 = FACE_BOUND('',#10765,.F.);
#10765 = EDGE_LOOP('',(#10766,#10767,#10768,#10776));
#10766 = ORIENTED_EDGE('',*,*,#10743,.T.);
#10767 = ORIENTED_EDGE('',*,*,#9114,.T.);
#10768 = ORIENTED_EDGE('',*,*,#10769,.F.);
#10769 = EDGE_CURVE('',#10770,#9107,#10772,.T.);
#10770 = VERTEX_POINT('',#10771);
#10771 = CARTESIAN_POINT('',(-56.24356239651,-28.59303627481,0.));
#10772 = LINE('',#10773,#10774);
#10773 = CARTESIAN_POINT('',(-56.24356239651,-28.59303627481,0.));
#10774 = VECTOR('',#10775,1.);
#10775 = DIRECTION('',(0.,0.,1.));
#10776 = ORIENTED_EDGE('',*,*,#10777,.F.);
#10777 = EDGE_CURVE('',#10744,#10770,#10778,.T.);
#10778 = CIRCLE('',#10779,3.);
#10779 = AXIS2_PLACEMENT_3D('',#10780,#10781,#10782);
#10780 = CARTESIAN_POINT('',(-58.7197,-26.8993,0.));
#10781 = DIRECTION('',(-0.,0.,1.));
#10782 = DIRECTION('',(-0.714779976816,-0.699349401045,-0.));
#10783 = CYLINDRICAL_SURFACE('',#10784,3.);
#10784 = AXIS2_PLACEMENT_3D('',#10785,#10786,#10787);
#10785 = CARTESIAN_POINT('',(-58.7197,-26.8993,0.));
#10786 = DIRECTION('',(-0.,-0.,-1.));
#10787 = DIRECTION('',(-0.714779976816,-0.699349401045,-0.));
#10788 = ADVANCED_FACE('',(#10789),#10807,.F.);
#10789 = FACE_BOUND('',#10790,.T.);
#10790 = EDGE_LOOP('',(#10791,#10799,#10800,#10801));
#10791 = ORIENTED_EDGE('',*,*,#10792,.T.);
#10792 = EDGE_CURVE('',#10793,#9098,#10795,.T.);
#10793 = VERTEX_POINT('',#10794);
#10794 = CARTESIAN_POINT('',(-55.80086239651,-27.94583627481,0.));
#10795 = LINE('',#10796,#10797);
#10796 = CARTESIAN_POINT('',(-55.80086239651,-27.94583627481,0.));
#10797 = VECTOR('',#10798,1.);
#10798 = DIRECTION('',(0.,0.,1.));
#10799 = ORIENTED_EDGE('',*,*,#9106,.T.);
#10800 = ORIENTED_EDGE('',*,*,#10769,.F.);
#10801 = ORIENTED_EDGE('',*,*,#10802,.F.);
#10802 = EDGE_CURVE('',#10793,#10770,#10803,.T.);
#10803 = LINE('',#10804,#10805);
#10804 = CARTESIAN_POINT('',(-55.80086239651,-27.94583627481,0.));
#10805 = VECTOR('',#10806,1.);
#10806 = DIRECTION('',(-0.564578758272,-0.82537920116,-0.));
#10807 = PLANE('',#10808);
#10808 = AXIS2_PLACEMENT_3D('',#10809,#10810,#10811);
#10809 = CARTESIAN_POINT('',(-55.80086239651,-27.94583627481,0.));
#10810 = DIRECTION('',(-0.82537920116,0.564578758272,0.));
#10811 = DIRECTION('',(0.564578758272,0.82537920116,0.));
#10812 = ADVANCED_FACE('',(#10813),#10832,.T.);
#10813 = FACE_BOUND('',#10814,.F.);
#10814 = EDGE_LOOP('',(#10815,#10816,#10817,#10825));
#10815 = ORIENTED_EDGE('',*,*,#10792,.T.);
#10816 = ORIENTED_EDGE('',*,*,#9097,.T.);
#10817 = ORIENTED_EDGE('',*,*,#10818,.F.);
#10818 = EDGE_CURVE('',#10819,#9090,#10821,.T.);
#10819 = VERTEX_POINT('',#10820);
#10820 = CARTESIAN_POINT('',(-55.51812235207,-27.43048623708,0.));
#10821 = LINE('',#10822,#10823);
#10822 = CARTESIAN_POINT('',(-55.51812235207,-27.43048623708,0.));
#10823 = VECTOR('',#10824,1.);
#10824 = DIRECTION('',(0.,0.,1.));
#10825 = ORIENTED_EDGE('',*,*,#10826,.F.);
#10826 = EDGE_CURVE('',#10793,#10819,#10827,.T.);
#10827 = CIRCLE('',#10828,3.);
#10828 = AXIS2_PLACEMENT_3D('',#10829,#10830,#10831);
#10829 = CARTESIAN_POINT('',(-58.277,-26.2521,0.));
#10830 = DIRECTION('',(-0.,0.,1.));
#10831 = DIRECTION('',(-0.564578758272,-0.82537920116,-0.));
#10832 = CYLINDRICAL_SURFACE('',#10833,3.);
#10833 = AXIS2_PLACEMENT_3D('',#10834,#10835,#10836);
#10834 = CARTESIAN_POINT('',(-58.277,-26.2521,0.));
#10835 = DIRECTION('',(-0.,-0.,-1.));
#10836 = DIRECTION('',(-0.564578758272,-0.82537920116,-0.));
#10837 = ADVANCED_FACE('',(#10838),#10856,.F.);
#10838 = FACE_BOUND('',#10839,.T.);
#10839 = EDGE_LOOP('',(#10840,#10848,#10849,#10850));
#10840 = ORIENTED_EDGE('',*,*,#10841,.T.);
#10841 = EDGE_CURVE('',#10842,#9081,#10844,.T.);
#10842 = VERTEX_POINT('',#10843);
#10843 = CARTESIAN_POINT('',(-55.21012235207,-26.70938623708,0.));
#10844 = LINE('',#10845,#10846);
#10845 = CARTESIAN_POINT('',(-55.21012235207,-26.70938623708,0.));
#10846 = VECTOR('',#10847,1.);
#10847 = DIRECTION('',(0.,0.,1.));
#10848 = ORIENTED_EDGE('',*,*,#9089,.T.);
#10849 = ORIENTED_EDGE('',*,*,#10818,.F.);
#10850 = ORIENTED_EDGE('',*,*,#10851,.F.);
#10851 = EDGE_CURVE('',#10842,#10819,#10852,.T.);
#10852 = LINE('',#10853,#10854);
#10853 = CARTESIAN_POINT('',(-55.21012235207,-26.70938623708,0.));
#10854 = VECTOR('',#10855,1.);
#10855 = DIRECTION('',(-0.392795412362,-0.919625882643,-0.));
#10856 = PLANE('',#10857);
#10857 = AXIS2_PLACEMENT_3D('',#10858,#10859,#10860);
#10858 = CARTESIAN_POINT('',(-55.21012235207,-26.70938623708,0.));
#10859 = DIRECTION('',(-0.919625882643,0.392795412362,0.));
#10860 = DIRECTION('',(0.392795412362,0.919625882643,0.));
#10861 = ADVANCED_FACE('',(#10862),#10881,.T.);
#10862 = FACE_BOUND('',#10863,.F.);
#10863 = EDGE_LOOP('',(#10864,#10865,#10866,#10874));
#10864 = ORIENTED_EDGE('',*,*,#10841,.T.);
#10865 = ORIENTED_EDGE('',*,*,#9080,.T.);
#10866 = ORIENTED_EDGE('',*,*,#10867,.F.);
#10867 = EDGE_CURVE('',#10868,#9073,#10870,.T.);
#10868 = VERTEX_POINT('',#10869);
#10869 = CARTESIAN_POINT('',(-55.0331680907,-26.14816367388,0.));
#10870 = LINE('',#10871,#10872);
#10871 = CARTESIAN_POINT('',(-55.0331680907,-26.14816367388,0.));
#10872 = VECTOR('',#10873,1.);
#10873 = DIRECTION('',(0.,0.,1.));
#10874 = ORIENTED_EDGE('',*,*,#10875,.F.);
#10875 = EDGE_CURVE('',#10842,#10868,#10876,.T.);
#10876 = CIRCLE('',#10877,3.);
#10877 = AXIS2_PLACEMENT_3D('',#10878,#10879,#10880);
#10878 = CARTESIAN_POINT('',(-57.969,-25.531,0.));
#10879 = DIRECTION('',(-0.,0.,1.));
#10880 = DIRECTION('',(-0.392795412362,-0.919625882643,-0.));
#10881 = CYLINDRICAL_SURFACE('',#10882,3.);
#10882 = AXIS2_PLACEMENT_3D('',#10883,#10884,#10885);
#10883 = CARTESIAN_POINT('',(-57.969,-25.531,0.));
#10884 = DIRECTION('',(-0.,-0.,-1.));
#10885 = DIRECTION('',(-0.392795412362,-0.919625882643,-0.));
#10886 = ADVANCED_FACE('',(#10887),#10905,.F.);
#10887 = FACE_BOUND('',#10888,.T.);
#10888 = EDGE_LOOP('',(#10889,#10897,#10898,#10899));
#10889 = ORIENTED_EDGE('',*,*,#10890,.T.);
#10890 = EDGE_CURVE('',#10891,#9064,#10893,.T.);
#10891 = VERTEX_POINT('',#10892);
#10892 = CARTESIAN_POINT('',(-54.8718680907,-25.38086367388,0.));
#10893 = LINE('',#10894,#10895);
#10894 = CARTESIAN_POINT('',(-54.8718680907,-25.38086367388,0.));
#10895 = VECTOR('',#10896,1.);
#10896 = DIRECTION('',(0.,0.,1.));
#10897 = ORIENTED_EDGE('',*,*,#9072,.T.);
#10898 = ORIENTED_EDGE('',*,*,#10867,.F.);
#10899 = ORIENTED_EDGE('',*,*,#10900,.F.);
#10900 = EDGE_CURVE('',#10891,#10868,#10901,.T.);
#10901 = LINE('',#10902,#10903);
#10902 = CARTESIAN_POINT('',(-54.8718680907,-25.38086367388,0.));
#10903 = VECTOR('',#10904,1.);
#10904 = DIRECTION('',(-0.205721224627,-0.978610636432,-0.));
#10905 = PLANE('',#10906);
#10906 = AXIS2_PLACEMENT_3D('',#10907,#10908,#10909);
#10907 = CARTESIAN_POINT('',(-54.8718680907,-25.38086367388,0.));
#10908 = DIRECTION('',(-0.978610636432,0.205721224627,0.));
#10909 = DIRECTION('',(0.205721224627,0.978610636432,0.));
#10910 = ADVANCED_FACE('',(#10911),#10930,.T.);
#10911 = FACE_BOUND('',#10912,.F.);
#10912 = EDGE_LOOP('',(#10913,#10914,#10915,#10923));
#10913 = ORIENTED_EDGE('',*,*,#10890,.T.);
#10914 = ORIENTED_EDGE('',*,*,#9063,.T.);
#10915 = ORIENTED_EDGE('',*,*,#10916,.F.);
#10916 = EDGE_CURVE('',#10917,#9056,#10919,.T.);
#10917 = VERTEX_POINT('',#10918);
#10918 = CARTESIAN_POINT('',(-54.80788042888,-24.79660198738,0.));
#10919 = LINE('',#10920,#10921);
#10920 = CARTESIAN_POINT('',(-54.80788042888,-24.79660198738,0.));
#10921 = VECTOR('',#10922,1.);
#10922 = DIRECTION('',(0.,0.,1.));
#10923 = ORIENTED_EDGE('',*,*,#10924,.F.);
#10924 = EDGE_CURVE('',#10891,#10917,#10925,.T.);
#10925 = CIRCLE('',#10926,3.);
#10926 = AXIS2_PLACEMENT_3D('',#10927,#10928,#10929);
#10927 = CARTESIAN_POINT('',(-57.8077,-24.7637,0.));
#10928 = DIRECTION('',(-0.,0.,1.));
#10929 = DIRECTION('',(-0.205721224627,-0.978610636432,-0.));
#10930 = CYLINDRICAL_SURFACE('',#10931,3.);
#10931 = AXIS2_PLACEMENT_3D('',#10932,#10933,#10934);
#10932 = CARTESIAN_POINT('',(-57.8077,-24.7637,0.));
#10933 = DIRECTION('',(-0.,-0.,-1.));
#10934 = DIRECTION('',(-0.205721224627,-0.978610636432,-0.));
#10935 = ADVANCED_FACE('',(#10936),#10954,.F.);
#10936 = FACE_BOUND('',#10937,.T.);
#10937 = EDGE_LOOP('',(#10938,#10946,#10947,#10948));
#10938 = ORIENTED_EDGE('',*,*,#10939,.T.);
#10939 = EDGE_CURVE('',#10940,#9047,#10942,.T.);
#10940 = VERTEX_POINT('',#10941);
#10941 = CARTESIAN_POINT('',(-54.79928042888,-24.01250198738,0.));
#10942 = LINE('',#10943,#10944);
#10943 = CARTESIAN_POINT('',(-54.79928042888,-24.01250198738,0.));
#10944 = VECTOR('',#10945,1.);
#10945 = DIRECTION('',(0.,0.,1.));
#10946 = ORIENTED_EDGE('',*,*,#9055,.T.);
#10947 = ORIENTED_EDGE('',*,*,#10916,.F.);
#10948 = ORIENTED_EDGE('',*,*,#10949,.F.);
#10949 = EDGE_CURVE('',#10940,#10917,#10950,.T.);
#10950 = LINE('',#10951,#10952);
#10951 = CARTESIAN_POINT('',(-54.79928042888,-24.01250198738,0.));
#10952 = VECTOR('',#10953,1.);
#10953 = DIRECTION('',(-1.096732912959E-02,-0.999939857037,-0.));
#10954 = PLANE('',#10955);
#10955 = AXIS2_PLACEMENT_3D('',#10956,#10957,#10958);
#10956 = CARTESIAN_POINT('',(-54.79928042888,-24.01250198738,0.));
#10957 = DIRECTION('',(-0.999939857037,1.096732912959E-02,0.));
#10958 = DIRECTION('',(1.096732912959E-02,0.999939857037,0.));
#10959 = ADVANCED_FACE('',(#10960),#10979,.T.);
#10960 = FACE_BOUND('',#10961,.F.);
#10961 = EDGE_LOOP('',(#10962,#10963,#10964,#10972));
#10962 = ORIENTED_EDGE('',*,*,#10939,.T.);
#10963 = ORIENTED_EDGE('',*,*,#9046,.T.);
#10964 = ORIENTED_EDGE('',*,*,#10965,.F.);
#10965 = EDGE_CURVE('',#10966,#9039,#10968,.T.);
#10966 = VERTEX_POINT('',#10967);
#10967 = CARTESIAN_POINT('',(-54.81051413478,-23.71815301446,0.));
#10968 = LINE('',#10969,#10970);
#10969 = CARTESIAN_POINT('',(-54.81051413478,-23.71815301446,0.));
#10970 = VECTOR('',#10971,1.);
#10971 = DIRECTION('',(0.,0.,1.));
#10972 = ORIENTED_EDGE('',*,*,#10973,.F.);
#10973 = EDGE_CURVE('',#10940,#10966,#10974,.T.);
#10974 = CIRCLE('',#10975,3.);
#10975 = AXIS2_PLACEMENT_3D('',#10976,#10977,#10978);
#10976 = CARTESIAN_POINT('',(-57.7991,-23.9796,0.));
#10977 = DIRECTION('',(-0.,0.,1.));
#10978 = DIRECTION('',(-1.096732912959E-02,-0.999939857037,-0.));
#10979 = CYLINDRICAL_SURFACE('',#10980,3.);
#10980 = AXIS2_PLACEMENT_3D('',#10981,#10982,#10983);
#10981 = CARTESIAN_POINT('',(-57.7991,-23.9796,0.));
#10982 = DIRECTION('',(-0.,-0.,-1.));
#10983 = DIRECTION('',(-1.096732912959E-02,-0.999939857037,-0.));
#10984 = ADVANCED_FACE('',(#10985),#11003,.F.);
#10985 = FACE_BOUND('',#10986,.T.);
#10986 = EDGE_LOOP('',(#10987,#10995,#10996,#10997));
#10987 = ORIENTED_EDGE('',*,*,#10988,.T.);
#10988 = EDGE_CURVE('',#10989,#9031,#10991,.T.);
#10989 = VERTEX_POINT('',#10990);
#10990 = CARTESIAN_POINT('',(-54.90060364682,-22.68834484233,0.));
#10991 = LINE('',#10992,#10993);
#10992 = CARTESIAN_POINT('',(-54.90060364682,-22.68834484233,0.));
#10993 = VECTOR('',#10994,1.);
#10994 = DIRECTION('',(0.,0.,1.));
#10995 = ORIENTED_EDGE('',*,*,#9038,.T.);
#10996 = ORIENTED_EDGE('',*,*,#10965,.F.);
#10997 = ORIENTED_EDGE('',*,*,#10998,.F.);
#10998 = EDGE_CURVE('',#10989,#10966,#10999,.T.);
#10999 = LINE('',#11000,#11001);
#11000 = CARTESIAN_POINT('',(-54.92491413478,-22.41045301446,0.));
#11001 = VECTOR('',#11002,1.);
#11002 = DIRECTION('',(8.71489951774E-02,-0.996195288405,0.));
#11003 = PLANE('',#11004);
#11004 = AXIS2_PLACEMENT_3D('',#11005,#11006,#11007);
#11005 = CARTESIAN_POINT('',(-54.90060364682,-22.68834484233,0.));
#11006 = DIRECTION('',(-0.996195288405,-8.71489951774E-02,-0.));
#11007 = DIRECTION('',(-8.71489951774E-02,0.996195288405,0.));
#11008 = ADVANCED_FACE('',(#11009),#11027,.F.);
#11009 = FACE_BOUND('',#11010,.T.);
#11010 = EDGE_LOOP('',(#11011,#11019,#11020,#11021));
#11011 = ORIENTED_EDGE('',*,*,#11012,.T.);
#11012 = EDGE_CURVE('',#11013,#9023,#11015,.T.);
#11013 = VERTEX_POINT('',#11014);
#11014 = CARTESIAN_POINT('',(-54.80140143047,-21.68113931707,0.));
#11015 = LINE('',#11016,#11017);
#11016 = CARTESIAN_POINT('',(-54.80140143047,-21.68113931707,0.));
#11017 = VECTOR('',#11018,1.);
#11018 = DIRECTION('',(0.,0.,1.));
#11019 = ORIENTED_EDGE('',*,*,#9030,.T.);
#11020 = ORIENTED_EDGE('',*,*,#10988,.F.);
#11021 = ORIENTED_EDGE('',*,*,#11022,.F.);
#11022 = EDGE_CURVE('',#11013,#10989,#11023,.T.);
#11023 = LINE('',#11024,#11025);
#11024 = CARTESIAN_POINT('',(-54.77244614691,-21.3871547404,0.));
#11025 = VECTOR('',#11026,1.);
#11026 = DIRECTION('',(-9.801824680222E-02,-0.995184617694,-0.));
#11027 = PLANE('',#11028);
#11028 = AXIS2_PLACEMENT_3D('',#11029,#11030,#11031);
#11029 = CARTESIAN_POINT('',(-54.80140143047,-21.68113931707,0.));
#11030 = DIRECTION('',(-0.995184617694,9.801824680222E-02,0.));
#11031 = DIRECTION('',(9.801824680222E-02,0.995184617694,0.));
#11032 = ADVANCED_FACE('',(#11033),#11051,.F.);
#11033 = FACE_BOUND('',#11034,.T.);
#11034 = EDGE_LOOP('',(#11035,#11043,#11044,#11045));
#11035 = ORIENTED_EDGE('',*,*,#11036,.T.);
#11036 = EDGE_CURVE('',#11037,#9015,#11039,.T.);
#11037 = VERTEX_POINT('',#11038);
#11038 = CARTESIAN_POINT('',(-54.51882844457,-20.74947608322,0.));
#11039 = LINE('',#11040,#11041);
#11040 = CARTESIAN_POINT('',(-54.51882844457,-20.74947608322,0.));
#11041 = VECTOR('',#11042,1.);
#11042 = DIRECTION('',(0.,0.,1.));
#11043 = ORIENTED_EDGE('',*,*,#9022,.T.);
#11044 = ORIENTED_EDGE('',*,*,#11012,.F.);
#11045 = ORIENTED_EDGE('',*,*,#11046,.F.);
#11046 = EDGE_CURVE('',#11037,#11013,#11047,.T.);
#11047 = LINE('',#11048,#11049);
#11048 = CARTESIAN_POINT('',(-54.43304136134,-20.46662996781,0.));
#11049 = VECTOR('',#11050,1.);
#11050 = DIRECTION('',(-0.290243322605,-0.956952879552,-0.));
#11051 = PLANE('',#11052);
#11052 = AXIS2_PLACEMENT_3D('',#11053,#11054,#11055);
#11053 = CARTESIAN_POINT('',(-54.51882844457,-20.74947608322,0.));
#11054 = DIRECTION('',(-0.956952879552,0.290243322605,0.));
#11055 = DIRECTION('',(0.290243322605,0.956952879552,0.));
#11056 = ADVANCED_FACE('',(#11057),#11075,.F.);
#11057 = FACE_BOUND('',#11058,.T.);
#11058 = EDGE_LOOP('',(#11059,#11067,#11068,#11069));
#11059 = ORIENTED_EDGE('',*,*,#11060,.T.);
#11060 = EDGE_CURVE('',#11061,#9007,#11063,.T.);
#11061 = VERTEX_POINT('',#11062);
#11062 = CARTESIAN_POINT('',(-54.05993052964,-19.8909791975,0.));
#11063 = LINE('',#11064,#11065);
#11064 = CARTESIAN_POINT('',(-54.05993052964,-19.8909791975,0.));
#11065 = VECTOR('',#11066,1.);
#11066 = DIRECTION('',(0.,0.,1.));
#11067 = ORIENTED_EDGE('',*,*,#9014,.T.);
#11068 = ORIENTED_EDGE('',*,*,#11036,.F.);
#11069 = ORIENTED_EDGE('',*,*,#11070,.F.);
#11070 = EDGE_CURVE('',#11061,#11037,#11071,.T.);
#11071 = LINE('',#11072,#11073);
#11072 = CARTESIAN_POINT('',(-53.92066409879,-19.6304423912,0.));
#11073 = VECTOR('',#11074,1.);
#11074 = DIRECTION('',(-0.4714141304,-0.881911967069,-0.));
#11075 = PLANE('',#11076);
#11076 = AXIS2_PLACEMENT_3D('',#11077,#11078,#11079);
#11077 = CARTESIAN_POINT('',(-54.05993052964,-19.8909791975,0.));
#11078 = DIRECTION('',(-0.881911967069,0.4714141304,0.));
#11079 = DIRECTION('',(0.4714141304,0.881911967069,0.));
#11080 = ADVANCED_FACE('',(#11081),#11099,.F.);
#11081 = FACE_BOUND('',#11082,.T.);
#11082 = EDGE_LOOP('',(#11083,#11091,#11092,#11093));
#11083 = ORIENTED_EDGE('',*,*,#11084,.T.);
#11084 = EDGE_CURVE('',#11085,#8999,#11087,.T.);
#11085 = VERTEX_POINT('',#11086);
#11086 = CARTESIAN_POINT('',(-53.44231249331,-19.13838750668,0.));
#11087 = LINE('',#11088,#11089);
#11088 = CARTESIAN_POINT('',(-53.44231249331,-19.13838750668,0.));
#11089 = VECTOR('',#11090,1.);
#11090 = DIRECTION('',(0.,0.,1.));
#11091 = ORIENTED_EDGE('',*,*,#9006,.T.);
#11092 = ORIENTED_EDGE('',*,*,#11060,.F.);
#11093 = ORIENTED_EDGE('',*,*,#11094,.F.);
#11094 = EDGE_CURVE('',#11085,#11061,#11095,.T.);
#11095 = LINE('',#11096,#11097);
#11096 = CARTESIAN_POINT('',(-53.25484143641,-18.90994670444,0.));
#11097 = VECTOR('',#11098,1.);
#11098 = DIRECTION('',(-0.634382234816,-0.773019521196,-0.));
#11099 = PLANE('',#11100);
#11100 = AXIS2_PLACEMENT_3D('',#11101,#11102,#11103);
#11101 = CARTESIAN_POINT('',(-53.44231249331,-19.13838750668,0.));
#11102 = DIRECTION('',(-0.773019521196,0.634382234816,0.));
#11103 = DIRECTION('',(0.634382234816,0.773019521196,0.));
#11104 = ADVANCED_FACE('',(#11105),#11123,.F.);
#11105 = FACE_BOUND('',#11106,.T.);
#11106 = EDGE_LOOP('',(#11107,#11115,#11116,#11117));
#11107 = ORIENTED_EDGE('',*,*,#11108,.T.);
#11108 = EDGE_CURVE('',#11109,#8991,#11111,.T.);
#11109 = VERTEX_POINT('',#11110);
#11110 = CARTESIAN_POINT('',(-52.68972080249,-18.52076947035,0.));
#11111 = LINE('',#11112,#11113);
#11112 = CARTESIAN_POINT('',(-52.68972080249,-18.52076947035,0.));
#11113 = VECTOR('',#11114,1.);
#11114 = DIRECTION('',(0.,0.,1.));
#11115 = ORIENTED_EDGE('',*,*,#8998,.T.);
#11116 = ORIENTED_EDGE('',*,*,#11084,.F.);
#11117 = ORIENTED_EDGE('',*,*,#11118,.F.);
#11118 = EDGE_CURVE('',#11109,#11085,#11119,.T.);
#11119 = LINE('',#11120,#11121);
#11120 = CARTESIAN_POINT('',(-52.46135329555,-18.33335856358,0.));
#11121 = VECTOR('',#11122,1.);
#11122 = DIRECTION('',(-0.773019521196,-0.634382234816,-0.));
#11123 = PLANE('',#11124);
#11124 = AXIS2_PLACEMENT_3D('',#11125,#11126,#11127);
#11125 = CARTESIAN_POINT('',(-52.68972080249,-18.52076947035,0.));
#11126 = DIRECTION('',(-0.634382234816,0.773019521196,0.));
#11127 = DIRECTION('',(0.773019521196,0.634382234816,0.));
#11128 = ADVANCED_FACE('',(#11129),#11147,.F.);
#11129 = FACE_BOUND('',#11130,.T.);
#11130 = EDGE_LOOP('',(#11131,#11139,#11140,#11141));
#11131 = ORIENTED_EDGE('',*,*,#11132,.T.);
#11132 = EDGE_CURVE('',#11133,#8983,#11135,.T.);
#11133 = VERTEX_POINT('',#11134);
#11134 = CARTESIAN_POINT('',(-51.83119913622,-18.06185830932,0.));
#11135 = LINE('',#11136,#11137);
#11136 = CARTESIAN_POINT('',(-51.83119913622,-18.06185830932,0.));
#11137 = VECTOR('',#11138,1.);
#11138 = DIRECTION('',(0.,0.,1.));
#11139 = ORIENTED_EDGE('',*,*,#8990,.T.);
#11140 = ORIENTED_EDGE('',*,*,#11108,.F.);
#11141 = ORIENTED_EDGE('',*,*,#11142,.F.);
#11142 = EDGE_CURVE('',#11133,#11109,#11143,.T.);
#11143 = LINE('',#11144,#11145);
#11144 = CARTESIAN_POINT('',(-51.57055760879,-17.9225359012,0.));
#11145 = VECTOR('',#11146,1.);
#11146 = DIRECTION('',(-0.881911967069,-0.4714141304,-0.));
#11147 = PLANE('',#11148);
#11148 = AXIS2_PLACEMENT_3D('',#11149,#11150,#11151);
#11149 = CARTESIAN_POINT('',(-51.83119913622,-18.06185830932,0.));
#11150 = DIRECTION('',(-0.4714141304,0.881911967069,0.));
#11151 = DIRECTION('',(0.881911967069,0.4714141304,0.));
#11152 = ADVANCED_FACE('',(#11153),#11171,.F.);
#11153 = FACE_BOUND('',#11154,.T.);
#11154 = EDGE_LOOP('',(#11155,#11163,#11164,#11165));
#11155 = ORIENTED_EDGE('',*,*,#11156,.T.);
#11156 = EDGE_CURVE('',#11157,#8975,#11159,.T.);
#11157 = VERTEX_POINT('',#11158);
#11158 = CARTESIAN_POINT('',(-50.89963815883,-17.77929746513,0.));
#11159 = LINE('',#11160,#11161);
#11160 = CARTESIAN_POINT('',(-50.89963815883,-17.77929746513,0.));
#11161 = VECTOR('',#11162,1.);
#11162 = DIRECTION('',(0.,0.,1.));
#11163 = ORIENTED_EDGE('',*,*,#8982,.T.);
#11164 = ORIENTED_EDGE('',*,*,#11132,.F.);
#11165 = ORIENTED_EDGE('',*,*,#11166,.F.);
#11166 = EDGE_CURVE('',#11157,#11133,#11167,.T.);
#11167 = LINE('',#11168,#11169);
#11168 = CARTESIAN_POINT('',(-50.61691677108,-17.69354248405,0.));
#11169 = VECTOR('',#11170,1.);
#11170 = DIRECTION('',(-0.956947494684,-0.290261076305,-0.));
#11171 = PLANE('',#11172);
#11172 = AXIS2_PLACEMENT_3D('',#11173,#11174,#11175);
#11173 = CARTESIAN_POINT('',(-50.89963815883,-17.77929746513,0.));
#11174 = DIRECTION('',(-0.290261076305,0.956947494684,0.));
#11175 = DIRECTION('',(0.956947494684,0.290261076305,0.));
#11176 = ADVANCED_FACE('',(#11177),#11195,.F.);
#11177 = FACE_BOUND('',#11178,.T.);
#11178 = EDGE_LOOP('',(#11179,#11187,#11188,#11189));
#11179 = ORIENTED_EDGE('',*,*,#11180,.T.);
#11180 = EDGE_CURVE('',#11181,#8967,#11183,.T.);
#11181 = VERTEX_POINT('',#11182);
#11182 = CARTESIAN_POINT('',(-49.58682342164,-17.65,0.));
#11183 = LINE('',#11184,#11185);
#11184 = CARTESIAN_POINT('',(-49.58682342164,-17.65,0.));
#11185 = VECTOR('',#11186,1.);
#11186 = DIRECTION('',(0.,0.,1.));
#11187 = ORIENTED_EDGE('',*,*,#8974,.T.);
#11188 = ORIENTED_EDGE('',*,*,#11156,.F.);
#11189 = ORIENTED_EDGE('',*,*,#11190,.F.);
#11190 = EDGE_CURVE('',#11181,#11157,#11191,.T.);
#11191 = LINE('',#11192,#11193);
#11192 = CARTESIAN_POINT('',(-49.44015646364,-17.63555495657,0.));
#11193 = VECTOR('',#11194,1.);
#11194 = DIRECTION('',(-0.995184985525,-9.80145121187E-02,-0.));
#11195 = PLANE('',#11196);
#11196 = AXIS2_PLACEMENT_3D('',#11197,#11198,#11199);
#11197 = CARTESIAN_POINT('',(-49.58682342164,-17.65,0.));
#11198 = DIRECTION('',(-9.80145121187E-02,0.995184985525,0.));
#11199 = DIRECTION('',(0.995184985525,9.80145121187E-02,0.));
#11200 = ADVANCED_FACE('',(#11201),#11219,.F.);
#11201 = FACE_BOUND('',#11202,.T.);
#11202 = EDGE_LOOP('',(#11203,#11211,#11212,#11213));
#11203 = ORIENTED_EDGE('',*,*,#11204,.T.);
#11204 = EDGE_CURVE('',#11205,#8959,#11207,.T.);
#11205 = VERTEX_POINT('',#11206);
#11206 = CARTESIAN_POINT('',(-39.0562632819,-17.65,0.));
#11207 = LINE('',#11208,#11209);
#11208 = CARTESIAN_POINT('',(-39.0562632819,-17.65,0.));
#11209 = VECTOR('',#11210,1.);
#11210 = DIRECTION('',(0.,0.,1.));
#11211 = ORIENTED_EDGE('',*,*,#8966,.T.);
#11212 = ORIENTED_EDGE('',*,*,#11180,.F.);
#11213 = ORIENTED_EDGE('',*,*,#11214,.F.);
#11214 = EDGE_CURVE('',#11205,#11181,#11215,.T.);
#11215 = LINE('',#11216,#11217);
#11216 = CARTESIAN_POINT('',(-38.9826,-17.65,0.));
#11217 = VECTOR('',#11218,1.);
#11218 = DIRECTION('',(-1.,-0.,-0.));
#11219 = PLANE('',#11220);
#11220 = AXIS2_PLACEMENT_3D('',#11221,#11222,#11223);
#11221 = CARTESIAN_POINT('',(-39.0562632819,-17.65,0.));
#11222 = DIRECTION('',(0.,1.,0.));
#11223 = DIRECTION('',(1.,0.,0.));
#11224 = ADVANCED_FACE('',(#11225),#11243,.F.);
#11225 = FACE_BOUND('',#11226,.T.);
#11226 = EDGE_LOOP('',(#11227,#11235,#11236,#11237));
#11227 = ORIENTED_EDGE('',*,*,#11228,.T.);
#11228 = EDGE_CURVE('',#11229,#8951,#11231,.T.);
#11229 = VERTEX_POINT('',#11230);
#11230 = CARTESIAN_POINT('',(-38.56734191758,-17.67402485325,0.));
#11231 = LINE('',#11232,#11233);
#11232 = CARTESIAN_POINT('',(-38.56734191758,-17.67402485325,0.));
#11233 = VECTOR('',#11234,1.);
#11234 = DIRECTION('',(0.,0.,1.));
#11235 = ORIENTED_EDGE('',*,*,#8958,.T.);
#11236 = ORIENTED_EDGE('',*,*,#11204,.F.);
#11237 = ORIENTED_EDGE('',*,*,#11238,.F.);
#11238 = EDGE_CURVE('',#11229,#11205,#11239,.T.);
#11239 = LINE('',#11240,#11241);
#11240 = CARTESIAN_POINT('',(-38.34633779122,-17.68488466035,0.));
#11241 = VECTOR('',#11242,1.);
#11242 = DIRECTION('',(-0.998794886786,4.907926374126E-02,0.));
#11243 = PLANE('',#11244);
#11244 = AXIS2_PLACEMENT_3D('',#11245,#11246,#11247);
#11245 = CARTESIAN_POINT('',(-38.56734191758,-17.67402485325,0.));
#11246 = DIRECTION('',(4.907926374126E-02,0.998794886786,0.));
#11247 = DIRECTION('',(0.998794886786,-4.907926374126E-02,0.));
#11248 = ADVANCED_FACE('',(#11249),#11267,.F.);
#11249 = FACE_BOUND('',#11250,.T.);
#11250 = EDGE_LOOP('',(#11251,#11259,#11260,#11261));
#11251 = ORIENTED_EDGE('',*,*,#11252,.T.);
#11252 = EDGE_CURVE('',#11253,#8943,#11255,.T.);
#11253 = VERTEX_POINT('',#11254);
#11254 = CARTESIAN_POINT('',(-37.44275931473,-17.8977143559,0.));
#11255 = LINE('',#11256,#11257);
#11256 = CARTESIAN_POINT('',(-37.44275931473,-17.8977143559,0.));
#11257 = VECTOR('',#11258,1.);
#11258 = DIRECTION('',(0.,0.,1.));
#11259 = ORIENTED_EDGE('',*,*,#8950,.T.);
#11260 = ORIENTED_EDGE('',*,*,#11228,.F.);
#11261 = ORIENTED_EDGE('',*,*,#11262,.F.);
#11262 = EDGE_CURVE('',#11253,#11229,#11263,.T.);
#11263 = LINE('',#11264,#11265);
#11264 = CARTESIAN_POINT('',(-37.15296118771,-17.95535778622,0.));
#11265 = VECTOR('',#11266,1.);
#11266 = DIRECTION('',(-0.980785928742,0.19508706257,0.));
#11267 = PLANE('',#11268);
#11268 = AXIS2_PLACEMENT_3D('',#11269,#11270,#11271);
#11269 = CARTESIAN_POINT('',(-37.44275931473,-17.8977143559,0.));
#11270 = DIRECTION('',(0.19508706257,0.980785928742,0.));
#11271 = DIRECTION('',(0.980785928742,-0.19508706257,0.));
#11272 = ADVANCED_FACE('',(#11273),#11291,.F.);
#11273 = FACE_BOUND('',#11274,.T.);
#11274 = EDGE_LOOP('',(#11275,#11283,#11284,#11285));
#11275 = ORIENTED_EDGE('',*,*,#11276,.T.);
#11276 = EDGE_CURVE('',#11277,#8935,#11279,.T.);
#11277 = VERTEX_POINT('',#11278);
#11278 = CARTESIAN_POINT('',(-36.54335439738,-18.27025740559,0.));
#11279 = LINE('',#11280,#11281);
#11280 = CARTESIAN_POINT('',(-36.54335439738,-18.27025740559,0.));
#11281 = VECTOR('',#11282,1.);
#11282 = DIRECTION('',(0.,0.,1.));
#11283 = ORIENTED_EDGE('',*,*,#8942,.T.);
#11284 = ORIENTED_EDGE('',*,*,#11252,.F.);
#11285 = ORIENTED_EDGE('',*,*,#11286,.F.);
#11286 = EDGE_CURVE('',#11277,#11253,#11287,.T.);
#11287 = LINE('',#11288,#11289);
#11288 = CARTESIAN_POINT('',(-36.27034328684,-18.38334150126,0.));
#11289 = VECTOR('',#11290,1.);
#11290 = DIRECTION('',(-0.923880500421,0.382681095615,0.));
#11291 = PLANE('',#11292);
#11292 = AXIS2_PLACEMENT_3D('',#11293,#11294,#11295);
#11293 = CARTESIAN_POINT('',(-36.54335439738,-18.27025740559,0.));
#11294 = DIRECTION('',(0.382681095615,0.923880500421,0.));
#11295 = DIRECTION('',(0.923880500421,-0.382681095615,0.));
#11296 = ADVANCED_FACE('',(#11297),#11315,.F.);
#11297 = FACE_BOUND('',#11298,.T.);
#11298 = EDGE_LOOP('',(#11299,#11307,#11308,#11309));
#11299 = ORIENTED_EDGE('',*,*,#11300,.T.);
#11300 = EDGE_CURVE('',#11301,#8927,#11303,.T.);
#11301 = VERTEX_POINT('',#11302);
#11302 = CARTESIAN_POINT('',(-35.73385052162,-18.81117128075,0.));
#11303 = LINE('',#11304,#11305);
#11304 = CARTESIAN_POINT('',(-35.73385052162,-18.81117128075,0.));
#11305 = VECTOR('',#11306,1.);
#11306 = DIRECTION('',(0.,0.,1.));
#11307 = ORIENTED_EDGE('',*,*,#8934,.T.);
#11308 = ORIENTED_EDGE('',*,*,#11276,.F.);
#11309 = ORIENTED_EDGE('',*,*,#11310,.F.);
#11310 = EDGE_CURVE('',#11301,#11277,#11311,.T.);
#11311 = LINE('',#11312,#11313);
#11312 = CARTESIAN_POINT('',(-35.48825474883,-18.97527940322,0.));
#11313 = VECTOR('',#11314,1.);
#11314 = DIRECTION('',(-0.831459801075,0.555584916278,0.));
#11315 = PLANE('',#11316);
#11316 = AXIS2_PLACEMENT_3D('',#11317,#11318,#11319);
#11317 = CARTESIAN_POINT('',(-35.73385052162,-18.81117128075,0.));
#11318 = DIRECTION('',(0.555584916278,0.831459801075,0.));
#11319 = DIRECTION('',(0.831459801075,-0.555584916278,0.));
#11320 = ADVANCED_FACE('',(#11321),#11339,.F.);
#11321 = FACE_BOUND('',#11322,.T.);
#11322 = EDGE_LOOP('',(#11323,#11331,#11332,#11333));
#11323 = ORIENTED_EDGE('',*,*,#11324,.T.);
#11324 = EDGE_CURVE('',#11325,#8919,#11327,.T.);
#11325 = VERTEX_POINT('',#11326);
#11326 = CARTESIAN_POINT('',(-35.0454226574,-19.49953691701,0.));
#11327 = LINE('',#11328,#11329);
#11328 = CARTESIAN_POINT('',(-35.0454226574,-19.49953691701,0.));
#11329 = VECTOR('',#11330,1.);
#11330 = DIRECTION('',(0.,0.,1.));
#11331 = ORIENTED_EDGE('',*,*,#8926,.T.);
#11332 = ORIENTED_EDGE('',*,*,#11300,.F.);
#11333 = ORIENTED_EDGE('',*,*,#11334,.F.);
#11334 = EDGE_CURVE('',#11325,#11301,#11335,.T.);
#11335 = LINE('',#11336,#11337);
#11336 = CARTESIAN_POINT('',(-34.8364244625,-19.70851622027,0.));
#11337 = VECTOR('',#11338,1.);
#11338 = DIRECTION('',(-0.707138740093,0.707074820836,0.));
#11339 = PLANE('',#11340);
#11340 = AXIS2_PLACEMENT_3D('',#11341,#11342,#11343);
#11341 = CARTESIAN_POINT('',(-35.0454226574,-19.49953691701,0.));
#11342 = DIRECTION('',(0.707074820836,0.707138740093,0.));
#11343 = DIRECTION('',(0.707138740093,-0.707074820836,0.));
#11344 = ADVANCED_FACE('',(#11345),#11363,.F.);
#11345 = FACE_BOUND('',#11346,.T.);
#11346 = EDGE_LOOP('',(#11347,#11355,#11356,#11357));
#11347 = ORIENTED_EDGE('',*,*,#11348,.T.);
#11348 = EDGE_CURVE('',#11349,#8910,#11351,.T.);
#11349 = VERTEX_POINT('',#11350);
#11350 = CARTESIAN_POINT('',(-34.23734925623,-20.70892507117,0.));
#11351 = LINE('',#11352,#11353);
#11352 = CARTESIAN_POINT('',(-34.23734925623,-20.70892507117,0.));
#11353 = VECTOR('',#11354,1.);
#11354 = DIRECTION('',(0.,0.,1.));
#11355 = ORIENTED_EDGE('',*,*,#8918,.T.);
#11356 = ORIENTED_EDGE('',*,*,#11324,.F.);
#11357 = ORIENTED_EDGE('',*,*,#11358,.F.);
#11358 = EDGE_CURVE('',#11349,#11325,#11359,.T.);
#11359 = LINE('',#11360,#11361);
#11360 = CARTESIAN_POINT('',(-34.15572210742,-20.83109083815,0.));
#11361 = VECTOR('',#11362,1.);
#11362 = DIRECTION('',(-0.555563612717,0.831474035809,0.));
#11363 = PLANE('',#11364);
#11364 = AXIS2_PLACEMENT_3D('',#11365,#11366,#11367);
#11365 = CARTESIAN_POINT('',(-34.23734925623,-20.70892507117,0.));
#11366 = DIRECTION('',(0.831474035809,0.555563612717,0.));
#11367 = DIRECTION('',(0.555563612717,-0.831474035809,0.));
#11368 = ADVANCED_FACE('',(#11369),#11388,.T.);
#11369 = FACE_BOUND('',#11370,.F.);
#11370 = EDGE_LOOP('',(#11371,#11372,#11373,#11381));
#11371 = ORIENTED_EDGE('',*,*,#11348,.T.);
#11372 = ORIENTED_EDGE('',*,*,#8909,.T.);
#11373 = ORIENTED_EDGE('',*,*,#11374,.F.);
#11374 = EDGE_CURVE('',#11375,#8902,#11377,.T.);
#11375 = VERTEX_POINT('',#11376);
#11376 = CARTESIAN_POINT('',(-33.92256890231,-21.17567779063,0.));
#11377 = LINE('',#11378,#11379);
#11378 = CARTESIAN_POINT('',(-33.92256890231,-21.17567779063,0.));
#11379 = VECTOR('',#11380,1.);
#11380 = DIRECTION('',(0.,0.,1.));
#11381 = ORIENTED_EDGE('',*,*,#11382,.F.);
#11382 = EDGE_CURVE('',#11349,#11375,#11383,.T.);
#11383 = CIRCLE('',#11384,3.);
#11384 = AXIS2_PLACEMENT_3D('',#11385,#11386,#11387);
#11385 = CARTESIAN_POINT('',(-31.6037,-19.2723,0.));
#11386 = DIRECTION('',(0.,-0.,1.));
#11387 = DIRECTION('',(-0.470927681203,0.882171819476,0.));
#11388 = CYLINDRICAL_SURFACE('',#11389,3.);
#11389 = AXIS2_PLACEMENT_3D('',#11390,#11391,#11392);
#11390 = CARTESIAN_POINT('',(-31.6037,-19.2723,0.));
#11391 = DIRECTION('',(-0.,-0.,-1.));
#11392 = DIRECTION('',(-0.470927681203,0.882171819476,0.));
#11393 = ADVANCED_FACE('',(#11394),#11412,.F.);
#11394 = FACE_BOUND('',#11395,.T.);
#11395 = EDGE_LOOP('',(#11396,#11404,#11405,#11406));
#11396 = ORIENTED_EDGE('',*,*,#11397,.T.);
#11397 = EDGE_CURVE('',#11398,#8893,#11400,.T.);
#11398 = VERTEX_POINT('',#11399);
#11399 = CARTESIAN_POINT('',(-33.42506890231,-21.78177779063,0.));
#11400 = LINE('',#11401,#11402);
#11401 = CARTESIAN_POINT('',(-33.42506890231,-21.78177779063,0.));
#11402 = VECTOR('',#11403,1.);
#11403 = DIRECTION('',(0.,0.,1.));
#11404 = ORIENTED_EDGE('',*,*,#8901,.T.);
#11405 = ORIENTED_EDGE('',*,*,#11374,.F.);
#11406 = ORIENTED_EDGE('',*,*,#11407,.F.);
#11407 = EDGE_CURVE('',#11398,#11375,#11408,.T.);
#11408 = LINE('',#11409,#11410);
#11409 = CARTESIAN_POINT('',(-33.42506890231,-21.78177779063,0.));
#11410 = VECTOR('',#11411,1.);
#11411 = DIRECTION('',(-0.634459263544,0.772956300772,0.));
#11412 = PLANE('',#11413);
#11413 = AXIS2_PLACEMENT_3D('',#11414,#11415,#11416);
#11414 = CARTESIAN_POINT('',(-33.42506890231,-21.78177779063,0.));
#11415 = DIRECTION('',(0.772956300772,0.634459263544,0.));
#11416 = DIRECTION('',(0.634459263544,-0.772956300772,0.));
#11417 = ADVANCED_FACE('',(#11418),#11437,.T.);
#11418 = FACE_BOUND('',#11419,.F.);
#11419 = EDGE_LOOP('',(#11420,#11421,#11422,#11430));
#11420 = ORIENTED_EDGE('',*,*,#11397,.T.);
#11421 = ORIENTED_EDGE('',*,*,#8892,.T.);
#11422 = ORIENTED_EDGE('',*,*,#11423,.F.);
#11423 = EDGE_CURVE('',#11424,#8885,#11426,.T.);
#11424 = VERTEX_POINT('',#11425);
#11425 = CARTESIAN_POINT('',(-33.00957779063,-22.19726890231,0.));
#11426 = LINE('',#11427,#11428);
#11427 = CARTESIAN_POINT('',(-33.00957779063,-22.19726890231,0.));
#11428 = VECTOR('',#11429,1.);
#11429 = DIRECTION('',(0.,0.,1.));
#11430 = ORIENTED_EDGE('',*,*,#11431,.F.);
#11431 = EDGE_CURVE('',#11398,#11424,#11432,.T.);
#11432 = CIRCLE('',#11433,3.);
#11433 = AXIS2_PLACEMENT_3D('',#11434,#11435,#11436);
#11434 = CARTESIAN_POINT('',(-31.1062,-19.8784,0.));
#11435 = DIRECTION('',(0.,-0.,1.));
#11436 = DIRECTION('',(-0.634459263544,0.772956300772,0.));
#11437 = CYLINDRICAL_SURFACE('',#11438,3.);
#11438 = AXIS2_PLACEMENT_3D('',#11439,#11440,#11441);
#11439 = CARTESIAN_POINT('',(-31.1062,-19.8784,0.));
#11440 = DIRECTION('',(-0.,-0.,-1.));
#11441 = DIRECTION('',(-0.634459263544,0.772956300772,0.));
#11442 = ADVANCED_FACE('',(#11443),#11461,.F.);
#11443 = FACE_BOUND('',#11444,.T.);
#11444 = EDGE_LOOP('',(#11445,#11453,#11454,#11455));
#11445 = ORIENTED_EDGE('',*,*,#11446,.T.);
#11446 = EDGE_CURVE('',#11447,#8876,#11449,.T.);
#11447 = VERTEX_POINT('',#11448);
#11448 = CARTESIAN_POINT('',(-32.40347779063,-22.69476890231,0.));
#11449 = LINE('',#11450,#11451);
#11450 = CARTESIAN_POINT('',(-32.40347779063,-22.69476890231,0.));
#11451 = VECTOR('',#11452,1.);
#11452 = DIRECTION('',(0.,0.,1.));
#11453 = ORIENTED_EDGE('',*,*,#8884,.T.);
#11454 = ORIENTED_EDGE('',*,*,#11423,.F.);
#11455 = ORIENTED_EDGE('',*,*,#11456,.F.);
#11456 = EDGE_CURVE('',#11447,#11424,#11457,.T.);
#11457 = LINE('',#11458,#11459);
#11458 = CARTESIAN_POINT('',(-32.40347779063,-22.69476890231,0.));
#11459 = VECTOR('',#11460,1.);
#11460 = DIRECTION('',(-0.772956300772,0.634459263544,0.));
#11461 = PLANE('',#11462);
#11462 = AXIS2_PLACEMENT_3D('',#11463,#11464,#11465);
#11463 = CARTESIAN_POINT('',(-32.40347779063,-22.69476890231,0.));
#11464 = DIRECTION('',(0.634459263544,0.772956300772,0.));
#11465 = DIRECTION('',(0.772956300772,-0.634459263544,0.));
#11466 = ADVANCED_FACE('',(#11467),#11486,.T.);
#11467 = FACE_BOUND('',#11468,.F.);
#11468 = EDGE_LOOP('',(#11469,#11470,#11471,#11479));
#11469 = ORIENTED_EDGE('',*,*,#11446,.T.);
#11470 = ORIENTED_EDGE('',*,*,#8875,.T.);
#11471 = ORIENTED_EDGE('',*,*,#11472,.F.);
#11472 = EDGE_CURVE('',#11473,#8868,#11475,.T.);
#11473 = VERTEX_POINT('',#11474);
#11474 = CARTESIAN_POINT('',(-31.9140881588,-23.02177178199,0.));
#11475 = LINE('',#11476,#11477);
#11476 = CARTESIAN_POINT('',(-31.9140881588,-23.02177178199,0.));
#11477 = VECTOR('',#11478,1.);
#11478 = DIRECTION('',(0.,0.,1.));
#11479 = ORIENTED_EDGE('',*,*,#11480,.F.);
#11480 = EDGE_CURVE('',#11447,#11473,#11481,.T.);
#11481 = CIRCLE('',#11482,3.);
#11482 = AXIS2_PLACEMENT_3D('',#11483,#11484,#11485);
#11483 = CARTESIAN_POINT('',(-30.5001,-20.3759,0.));
#11484 = DIRECTION('',(0.,-0.,1.));
#11485 = DIRECTION('',(-0.772956300772,0.634459263544,0.));
#11486 = CYLINDRICAL_SURFACE('',#11487,3.);
#11487 = AXIS2_PLACEMENT_3D('',#11488,#11489,#11490);
#11488 = CARTESIAN_POINT('',(-30.5001,-20.3759,0.));
#11489 = DIRECTION('',(-0.,-0.,-1.));
#11490 = DIRECTION('',(-0.772956300772,0.634459263544,0.));
#11491 = ADVANCED_FACE('',(#11492),#11510,.F.);
#11492 = FACE_BOUND('',#11493,.T.);
#11493 = EDGE_LOOP('',(#11494,#11502,#11503,#11504));
#11494 = ORIENTED_EDGE('',*,*,#11495,.T.);
#11495 = EDGE_CURVE('',#11496,#8859,#11498,.T.);
#11496 = VERTEX_POINT('',#11497);
#11497 = CARTESIAN_POINT('',(-31.2224881588,-23.39137178199,0.));
#11498 = LINE('',#11499,#11500);
#11499 = CARTESIAN_POINT('',(-31.2224881588,-23.39137178199,0.));
#11500 = VECTOR('',#11501,1.);
#11501 = DIRECTION('',(0.,0.,1.));
#11502 = ORIENTED_EDGE('',*,*,#8867,.T.);
#11503 = ORIENTED_EDGE('',*,*,#11472,.F.);
#11504 = ORIENTED_EDGE('',*,*,#11505,.F.);
#11505 = EDGE_CURVE('',#11496,#11473,#11506,.T.);
#11506 = LINE('',#11507,#11508);
#11507 = CARTESIAN_POINT('',(-31.2224881588,-23.39137178199,0.));
#11508 = VECTOR('',#11509,1.);
#11509 = DIRECTION('',(-0.881957260666,0.471329386267,0.));
#11510 = PLANE('',#11511);
#11511 = AXIS2_PLACEMENT_3D('',#11512,#11513,#11514);
#11512 = CARTESIAN_POINT('',(-31.2224881588,-23.39137178199,0.));
#11513 = DIRECTION('',(0.471329386267,0.881957260666,0.));
#11514 = DIRECTION('',(0.881957260666,-0.471329386267,0.));
#11515 = ADVANCED_FACE('',(#11516),#11535,.T.);
#11516 = FACE_BOUND('',#11517,.F.);
#11517 = EDGE_LOOP('',(#11518,#11519,#11520,#11528));
#11518 = ORIENTED_EDGE('',*,*,#11495,.T.);
#11519 = ORIENTED_EDGE('',*,*,#8858,.T.);
#11520 = ORIENTED_EDGE('',*,*,#11521,.F.);
#11521 = EDGE_CURVE('',#11522,#8851,#11524,.T.);
#11522 = VERTEX_POINT('',#11523);
#11523 = CARTESIAN_POINT('',(-30.67935046939,-23.61632208782,0.));
#11524 = LINE('',#11525,#11526);
#11525 = CARTESIAN_POINT('',(-30.67935046939,-23.61632208782,0.));
#11526 = VECTOR('',#11527,1.);
#11527 = DIRECTION('',(0.,0.,1.));
#11528 = ORIENTED_EDGE('',*,*,#11529,.F.);
#11529 = EDGE_CURVE('',#11496,#11522,#11530,.T.);
#11530 = CIRCLE('',#11531,3.);
#11531 = AXIS2_PLACEMENT_3D('',#11532,#11533,#11534);
#11532 = CARTESIAN_POINT('',(-29.8085,-20.7455,0.));
#11533 = DIRECTION('',(0.,-0.,1.));
#11534 = DIRECTION('',(-0.881957260666,0.471329386267,0.));
#11535 = CYLINDRICAL_SURFACE('',#11536,3.);
#11536 = AXIS2_PLACEMENT_3D('',#11537,#11538,#11539);
#11537 = CARTESIAN_POINT('',(-29.8085,-20.7455,0.));
#11538 = DIRECTION('',(-0.,-0.,-1.));
#11539 = DIRECTION('',(-0.881957260666,0.471329386267,0.));
#11540 = ADVANCED_FACE('',(#11541),#11559,.F.);
#11541 = FACE_BOUND('',#11542,.T.);
#11542 = EDGE_LOOP('',(#11543,#11551,#11552,#11553));
#11543 = ORIENTED_EDGE('',*,*,#11544,.T.);
#11544 = EDGE_CURVE('',#11545,#8842,#11547,.T.);
#11545 = VERTEX_POINT('',#11546);
#11546 = CARTESIAN_POINT('',(-29.92905046939,-23.84392208782,0.));
#11547 = LINE('',#11548,#11549);
#11548 = CARTESIAN_POINT('',(-29.92905046939,-23.84392208782,0.));
#11549 = VECTOR('',#11550,1.);
#11550 = DIRECTION('',(0.,0.,1.));
#11551 = ORIENTED_EDGE('',*,*,#8850,.T.);
#11552 = ORIENTED_EDGE('',*,*,#11521,.F.);
#11553 = ORIENTED_EDGE('',*,*,#11554,.F.);
#11554 = EDGE_CURVE('',#11545,#11522,#11555,.T.);
#11555 = LINE('',#11556,#11557);
#11556 = CARTESIAN_POINT('',(-29.92905046939,-23.84392208782,0.));
#11557 = VECTOR('',#11558,1.);
#11558 = DIRECTION('',(-0.956940695942,0.290283489799,0.));
#11559 = PLANE('',#11560);
#11560 = AXIS2_PLACEMENT_3D('',#11561,#11562,#11563);
#11561 = CARTESIAN_POINT('',(-29.92905046939,-23.84392208782,0.));
#11562 = DIRECTION('',(0.290283489799,0.956940695942,0.));
#11563 = DIRECTION('',(0.956940695942,-0.290283489799,0.));
#11564 = ADVANCED_FACE('',(#11565),#11584,.T.);
#11565 = FACE_BOUND('',#11566,.F.);
#11566 = EDGE_LOOP('',(#11567,#11568,#11569,#11577));
#11567 = ORIENTED_EDGE('',*,*,#11544,.T.);
#11568 = ORIENTED_EDGE('',*,*,#8841,.T.);
#11569 = ORIENTED_EDGE('',*,*,#11570,.F.);
#11570 = EDGE_CURVE('',#11571,#8834,#11573,.T.);
#11571 = VERTEX_POINT('',#11572);
#11572 = CARTESIAN_POINT('',(-29.35239278002,-23.95864025398,0.));
#11573 = LINE('',#11574,#11575);
#11574 = CARTESIAN_POINT('',(-29.35239278002,-23.95864025398,0.));
#11575 = VECTOR('',#11576,1.);
#11576 = DIRECTION('',(0.,0.,1.));
#11577 = ORIENTED_EDGE('',*,*,#11578,.F.);
#11578 = EDGE_CURVE('',#11545,#11571,#11579,.T.);
#11579 = CIRCLE('',#11580,3.);
#11580 = AXIS2_PLACEMENT_3D('',#11581,#11582,#11583);
#11581 = CARTESIAN_POINT('',(-29.0582,-20.9731,0.));
#11582 = DIRECTION('',(0.,-0.,1.));
#11583 = DIRECTION('',(-0.956940695942,0.290283489799,0.));
#11584 = CYLINDRICAL_SURFACE('',#11585,3.);
#11585 = AXIS2_PLACEMENT_3D('',#11586,#11587,#11588);
#11586 = CARTESIAN_POINT('',(-29.0582,-20.9731,0.));
#11587 = DIRECTION('',(-0.,-0.,-1.));
#11588 = DIRECTION('',(-0.956940695942,0.290283489799,0.));
#11589 = ADVANCED_FACE('',(#11590),#11608,.F.);
#11590 = FACE_BOUND('',#11591,.T.);
#11591 = EDGE_LOOP('',(#11592,#11600,#11601,#11602));
#11592 = ORIENTED_EDGE('',*,*,#11593,.T.);
#11593 = EDGE_CURVE('',#11594,#8825,#11596,.T.);
#11594 = VERTEX_POINT('',#11595);
#11595 = CARTESIAN_POINT('',(-28.57199278002,-24.03554025398,0.));
#11596 = LINE('',#11597,#11598);
#11597 = CARTESIAN_POINT('',(-28.57199278002,-24.03554025398,0.));
#11598 = VECTOR('',#11599,1.);
#11599 = DIRECTION('',(0.,0.,1.));
#11600 = ORIENTED_EDGE('',*,*,#8833,.T.);
#11601 = ORIENTED_EDGE('',*,*,#11570,.F.);
#11602 = ORIENTED_EDGE('',*,*,#11603,.F.);
#11603 = EDGE_CURVE('',#11594,#11571,#11604,.T.);
#11604 = LINE('',#11605,#11606);
#11605 = CARTESIAN_POINT('',(-28.57199278002,-24.03554025398,0.));
#11606 = VECTOR('',#11607,1.);
#11607 = DIRECTION('',(-0.995180084663,9.80642600084E-02,0.));
#11608 = PLANE('',#11609);
#11609 = AXIS2_PLACEMENT_3D('',#11610,#11611,#11612);
#11610 = CARTESIAN_POINT('',(-28.57199278002,-24.03554025398,0.));
#11611 = DIRECTION('',(9.80642600084E-02,0.995180084663,0.));
#11612 = DIRECTION('',(0.995180084663,-9.80642600084E-02,0.));
#11613 = ADVANCED_FACE('',(#11614),#11633,.T.);
#11614 = FACE_BOUND('',#11615,.F.);
#11615 = EDGE_LOOP('',(#11616,#11617,#11618,#11626));
#11616 = ORIENTED_EDGE('',*,*,#11593,.T.);
#11617 = ORIENTED_EDGE('',*,*,#8824,.T.);
#11618 = ORIENTED_EDGE('',*,*,#11619,.F.);
#11619 = EDGE_CURVE('',#11620,#8817,#11622,.T.);
#11620 = VERTEX_POINT('',#11621);
#11621 = CARTESIAN_POINT('',(-28.2778,-24.05,0.));
#11622 = LINE('',#11623,#11624);
#11623 = CARTESIAN_POINT('',(-28.2778,-24.05,0.));
#11624 = VECTOR('',#11625,1.);
#11625 = DIRECTION('',(0.,0.,1.));
#11626 = ORIENTED_EDGE('',*,*,#11627,.F.);
#11627 = EDGE_CURVE('',#11594,#11620,#11628,.T.);
#11628 = CIRCLE('',#11629,3.);
#11629 = AXIS2_PLACEMENT_3D('',#11630,#11631,#11632);
#11630 = CARTESIAN_POINT('',(-28.2778,-21.05,0.));
#11631 = DIRECTION('',(0.,-0.,1.));
#11632 = DIRECTION('',(-0.995180084663,9.80642600084E-02,0.));
#11633 = CYLINDRICAL_SURFACE('',#11634,3.);
#11634 = AXIS2_PLACEMENT_3D('',#11635,#11636,#11637);
#11635 = CARTESIAN_POINT('',(-28.2778,-21.05,0.));
#11636 = DIRECTION('',(-0.,-0.,-1.));
#11637 = DIRECTION('',(-0.995180084663,9.80642600084E-02,0.));
#11638 = ADVANCED_FACE('',(#11639),#11657,.F.);
#11639 = FACE_BOUND('',#11640,.T.);
#11640 = EDGE_LOOP('',(#11641,#11649,#11650,#11651));
#11641 = ORIENTED_EDGE('',*,*,#11642,.T.);
#11642 = EDGE_CURVE('',#11643,#8808,#11645,.T.);
#11643 = VERTEX_POINT('',#11644);
#11644 = CARTESIAN_POINT('',(-10.6347,-24.05,0.));
#11645 = LINE('',#11646,#11647);
#11646 = CARTESIAN_POINT('',(-10.6347,-24.05,0.));
#11647 = VECTOR('',#11648,1.);
#11648 = DIRECTION('',(0.,0.,1.));
#11649 = ORIENTED_EDGE('',*,*,#8816,.T.);
#11650 = ORIENTED_EDGE('',*,*,#11619,.F.);
#11651 = ORIENTED_EDGE('',*,*,#11652,.F.);
#11652 = EDGE_CURVE('',#11643,#11620,#11653,.T.);
#11653 = LINE('',#11654,#11655);
#11654 = CARTESIAN_POINT('',(-10.6347,-24.05,0.));
#11655 = VECTOR('',#11656,1.);
#11656 = DIRECTION('',(-1.,-0.,-0.));
#11657 = PLANE('',#11658);
#11658 = AXIS2_PLACEMENT_3D('',#11659,#11660,#11661);
#11659 = CARTESIAN_POINT('',(-10.6347,-24.05,0.));
#11660 = DIRECTION('',(0.,1.,0.));
#11661 = DIRECTION('',(1.,0.,0.));
#11662 = ADVANCED_FACE('',(#11663),#11682,.T.);
#11663 = FACE_BOUND('',#11664,.F.);
#11664 = EDGE_LOOP('',(#11665,#11666,#11667,#11675));
#11665 = ORIENTED_EDGE('',*,*,#11642,.T.);
#11666 = ORIENTED_EDGE('',*,*,#8807,.T.);
#11667 = ORIENTED_EDGE('',*,*,#11668,.F.);
#11668 = EDGE_CURVE('',#11669,#8800,#11671,.T.);
#11669 = VERTEX_POINT('',#11670);
#11670 = CARTESIAN_POINT('',(-10.48721214845,-24.04637236231,0.));
#11671 = LINE('',#11672,#11673);
#11672 = CARTESIAN_POINT('',(-10.48721214845,-24.04637236231,0.));
#11673 = VECTOR('',#11674,1.);
#11674 = DIRECTION('',(0.,0.,1.));
#11675 = ORIENTED_EDGE('',*,*,#11676,.F.);
#11676 = EDGE_CURVE('',#11643,#11669,#11677,.T.);
#11677 = CIRCLE('',#11678,3.);
#11678 = AXIS2_PLACEMENT_3D('',#11679,#11680,#11681);
#11679 = CARTESIAN_POINT('',(-10.6347,-21.05,0.));
#11680 = DIRECTION('',(0.,0.,1.));
#11681 = DIRECTION('',(-1.,-0.,-0.));
#11682 = CYLINDRICAL_SURFACE('',#11683,3.);
#11683 = AXIS2_PLACEMENT_3D('',#11684,#11685,#11686);
#11684 = CARTESIAN_POINT('',(-10.6347,-21.05,0.));
#11685 = DIRECTION('',(-0.,-0.,-1.));
#11686 = DIRECTION('',(-1.,-0.,-0.));
#11687 = ADVANCED_FACE('',(#11688),#11706,.F.);
#11688 = FACE_BOUND('',#11689,.T.);
#11689 = EDGE_LOOP('',(#11690,#11698,#11699,#11700));
#11690 = ORIENTED_EDGE('',*,*,#11691,.T.);
#11691 = EDGE_CURVE('',#11692,#8791,#11694,.T.);
#11692 = VERTEX_POINT('',#11693);
#11693 = CARTESIAN_POINT('',(-10.09511214845,-24.02707236231,0.));
#11694 = LINE('',#11695,#11696);
#11695 = CARTESIAN_POINT('',(-10.09511214845,-24.02707236231,0.));
#11696 = VECTOR('',#11697,1.);
#11697 = DIRECTION('',(0.,0.,1.));
#11698 = ORIENTED_EDGE('',*,*,#8799,.T.);
#11699 = ORIENTED_EDGE('',*,*,#11668,.F.);
#11700 = ORIENTED_EDGE('',*,*,#11701,.F.);
#11701 = EDGE_CURVE('',#11692,#11669,#11702,.T.);
#11702 = LINE('',#11703,#11704);
#11703 = CARTESIAN_POINT('',(-10.09511214845,-24.02707236231,0.));
#11704 = VECTOR('',#11705,1.);
#11705 = DIRECTION('',(-0.998790787438,-4.916261718327E-02,-0.));
#11706 = PLANE('',#11707);
#11707 = AXIS2_PLACEMENT_3D('',#11708,#11709,#11710);
#11708 = CARTESIAN_POINT('',(-10.09511214845,-24.02707236231,0.));
#11709 = DIRECTION('',(-4.916261718327E-02,0.998790787438,0.));
#11710 = DIRECTION('',(0.998790787438,4.916261718327E-02,0.));
#11711 = ADVANCED_FACE('',(#11712),#11731,.T.);
#11712 = FACE_BOUND('',#11713,.F.);
#11713 = EDGE_LOOP('',(#11714,#11715,#11716,#11724));
#11714 = ORIENTED_EDGE('',*,*,#11691,.T.);
#11715 = ORIENTED_EDGE('',*,*,#8790,.T.);
#11716 = ORIENTED_EDGE('',*,*,#11717,.F.);
#11717 = EDGE_CURVE('',#11718,#8783,#11720,.T.);
#11718 = VERTEX_POINT('',#11719);
#11719 = CARTESIAN_POINT('',(-9.657585117864,-23.97310676788,0.));
#11720 = LINE('',#11721,#11722);
#11721 = CARTESIAN_POINT('',(-9.657585117864,-23.97310676788,0.));
#11722 = VECTOR('',#11723,1.);
#11723 = DIRECTION('',(0.,0.,1.));
#11724 = ORIENTED_EDGE('',*,*,#11725,.F.);
#11725 = EDGE_CURVE('',#11692,#11718,#11726,.T.);
#11726 = CIRCLE('',#11727,3.);
#11727 = AXIS2_PLACEMENT_3D('',#11728,#11729,#11730);
#11728 = CARTESIAN_POINT('',(-10.2426,-21.0307,0.));
#11729 = DIRECTION('',(-0.,0.,1.));
#11730 = DIRECTION('',(-0.998790787438,-4.916261718327E-02,-0.));
#11731 = CYLINDRICAL_SURFACE('',#11732,3.);
#11732 = AXIS2_PLACEMENT_3D('',#11733,#11734,#11735);
#11733 = CARTESIAN_POINT('',(-10.2426,-21.0307,0.));
#11734 = DIRECTION('',(-0.,-0.,-1.));
#11735 = DIRECTION('',(-0.998790787438,-4.916261718327E-02,-0.));
#11736 = ADVANCED_FACE('',(#11737),#11755,.F.);
#11737 = FACE_BOUND('',#11738,.T.);
#11738 = EDGE_LOOP('',(#11739,#11747,#11748,#11749));
#11739 = ORIENTED_EDGE('',*,*,#11740,.T.);
#11740 = EDGE_CURVE('',#11741,#8774,#11743,.T.);
#11741 = VERTEX_POINT('',#11742);
#11742 = CARTESIAN_POINT('',(-8.888555117864,-23.82020676788,0.));
#11743 = LINE('',#11744,#11745);
#11744 = CARTESIAN_POINT('',(-8.888555117864,-23.82020676788,0.));
#11745 = VECTOR('',#11746,1.);
#11746 = DIRECTION('',(0.,0.,1.));
#11747 = ORIENTED_EDGE('',*,*,#8782,.T.);
#11748 = ORIENTED_EDGE('',*,*,#11717,.F.);
#11749 = ORIENTED_EDGE('',*,*,#11750,.F.);
#11750 = EDGE_CURVE('',#11741,#11718,#11751,.T.);
#11751 = LINE('',#11752,#11753);
#11752 = CARTESIAN_POINT('',(-8.888555117864,-23.82020676788,0.));
#11753 = VECTOR('',#11754,1.);
#11754 = DIRECTION('',(-0.980802255961,-0.195004960712,-0.));
#11755 = PLANE('',#11756);
#11756 = AXIS2_PLACEMENT_3D('',#11757,#11758,#11759);
#11757 = CARTESIAN_POINT('',(-8.888555117864,-23.82020676788,0.));
#11758 = DIRECTION('',(-0.195004960712,0.980802255961,0.));
#11759 = DIRECTION('',(0.980802255961,0.195004960712,0.));
#11760 = ADVANCED_FACE('',(#11761),#11780,.T.);
#11761 = FACE_BOUND('',#11762,.F.);
#11762 = EDGE_LOOP('',(#11763,#11764,#11765,#11773));
#11763 = ORIENTED_EDGE('',*,*,#11740,.T.);
#11764 = ORIENTED_EDGE('',*,*,#8773,.T.);
#11765 = ORIENTED_EDGE('',*,*,#11766,.F.);
#11766 = EDGE_CURVE('',#11767,#8766,#11769,.T.);
#11767 = VERTEX_POINT('',#11768);
#11768 = CARTESIAN_POINT('',(-8.325444645915,-23.64940750672,0.));
#11769 = LINE('',#11770,#11771);
#11770 = CARTESIAN_POINT('',(-8.325444645915,-23.64940750672,0.));
#11771 = VECTOR('',#11772,1.);
#11772 = DIRECTION('',(0.,0.,1.));
#11773 = ORIENTED_EDGE('',*,*,#11774,.F.);
#11774 = EDGE_CURVE('',#11741,#11767,#11775,.T.);
#11775 = CIRCLE('',#11776,3.);
#11776 = AXIS2_PLACEMENT_3D('',#11777,#11778,#11779);
#11777 = CARTESIAN_POINT('',(-9.47357,-20.8778,0.));
#11778 = DIRECTION('',(-0.,0.,1.));
#11779 = DIRECTION('',(-0.980802255961,-0.195004960712,-0.));
#11780 = CYLINDRICAL_SURFACE('',#11781,3.);
#11781 = AXIS2_PLACEMENT_3D('',#11782,#11783,#11784);
#11782 = CARTESIAN_POINT('',(-9.47357,-20.8778,0.));
#11783 = DIRECTION('',(-0.,-0.,-1.));
#11784 = DIRECTION('',(-0.980802255961,-0.195004960712,-0.));
#11785 = ADVANCED_FACE('',(#11786),#11804,.F.);
#11786 = FACE_BOUND('',#11787,.T.);
#11787 = EDGE_LOOP('',(#11788,#11796,#11797,#11798));
#11788 = ORIENTED_EDGE('',*,*,#11789,.T.);
#11789 = EDGE_CURVE('',#11790,#8757,#11792,.T.);
#11790 = VERTEX_POINT('',#11791);
#11791 = CARTESIAN_POINT('',(-7.600994645915,-23.34930750672,0.));
#11792 = LINE('',#11793,#11794);
#11793 = CARTESIAN_POINT('',(-7.600994645915,-23.34930750672,0.));
#11794 = VECTOR('',#11795,1.);
#11795 = DIRECTION('',(0.,0.,1.));
#11796 = ORIENTED_EDGE('',*,*,#8765,.T.);
#11797 = ORIENTED_EDGE('',*,*,#11766,.F.);
#11798 = ORIENTED_EDGE('',*,*,#11799,.F.);
#11799 = EDGE_CURVE('',#11790,#11767,#11800,.T.);
#11800 = LINE('',#11801,#11802);
#11801 = CARTESIAN_POINT('',(-7.600994645915,-23.34930750672,0.));
#11802 = VECTOR('',#11803,1.);
#11803 = DIRECTION('',(-0.923869168907,-0.382708451362,-0.));
#11804 = PLANE('',#11805);
#11805 = AXIS2_PLACEMENT_3D('',#11806,#11807,#11808);
#11806 = CARTESIAN_POINT('',(-7.600994645915,-23.34930750672,0.));
#11807 = DIRECTION('',(-0.382708451362,0.923869168907,0.));
#11808 = DIRECTION('',(0.923869168907,0.382708451362,0.));
#11809 = ADVANCED_FACE('',(#11810),#11829,.T.);
#11810 = FACE_BOUND('',#11811,.F.);
#11811 = EDGE_LOOP('',(#11812,#11813,#11814,#11822));
#11812 = ORIENTED_EDGE('',*,*,#11789,.T.);
#11813 = ORIENTED_EDGE('',*,*,#8756,.T.);
#11814 = ORIENTED_EDGE('',*,*,#11815,.F.);
#11815 = EDGE_CURVE('',#11816,#8749,#11818,.T.);
#11816 = VERTEX_POINT('',#11817);
#11817 = CARTESIAN_POINT('',(-7.082248252784,-23.07200122044,0.));
#11818 = LINE('',#11819,#11820);
#11819 = CARTESIAN_POINT('',(-7.082248252784,-23.07200122044,0.));
#11820 = VECTOR('',#11821,1.);
#11821 = DIRECTION('',(0.,0.,1.));
#11822 = ORIENTED_EDGE('',*,*,#11823,.F.);
#11823 = EDGE_CURVE('',#11790,#11816,#11824,.T.);
#11824 = CIRCLE('',#11825,3.);
#11825 = AXIS2_PLACEMENT_3D('',#11826,#11827,#11828);
#11826 = CARTESIAN_POINT('',(-8.74912,-20.5777,0.));
#11827 = DIRECTION('',(-0.,0.,1.));
#11828 = DIRECTION('',(-0.923869168907,-0.382708451362,-0.));
#11829 = CYLINDRICAL_SURFACE('',#11830,3.);
#11830 = AXIS2_PLACEMENT_3D('',#11831,#11832,#11833);
#11831 = CARTESIAN_POINT('',(-8.74912,-20.5777,0.));
#11832 = DIRECTION('',(-0.,-0.,-1.));
#11833 = DIRECTION('',(-0.923869168907,-0.382708451362,-0.));
#11834 = ADVANCED_FACE('',(#11835),#11853,.F.);
#11835 = FACE_BOUND('',#11836,.T.);
#11836 = EDGE_LOOP('',(#11837,#11845,#11846,#11847));
#11837 = ORIENTED_EDGE('',*,*,#11838,.T.);
#11838 = EDGE_CURVE('',#11839,#8740,#11841,.T.);
#11839 = VERTEX_POINT('',#11840);
#11840 = CARTESIAN_POINT('',(-6.430268252784,-22.63630122044,0.));
#11841 = LINE('',#11842,#11843);
#11842 = CARTESIAN_POINT('',(-6.430268252784,-22.63630122044,0.));
#11843 = VECTOR('',#11844,1.);
#11844 = DIRECTION('',(0.,0.,1.));
#11845 = ORIENTED_EDGE('',*,*,#8748,.T.);
#11846 = ORIENTED_EDGE('',*,*,#11815,.F.);
#11847 = ORIENTED_EDGE('',*,*,#11848,.F.);
#11848 = EDGE_CURVE('',#11839,#11816,#11849,.T.);
#11849 = LINE('',#11850,#11851);
#11850 = CARTESIAN_POINT('',(-6.430268252784,-22.63630122044,0.));
#11851 = VECTOR('',#11852,1.);
#11852 = DIRECTION('',(-0.83143374015,-0.555623915739,-0.));
#11853 = PLANE('',#11854);
#11854 = AXIS2_PLACEMENT_3D('',#11855,#11856,#11857);
#11855 = CARTESIAN_POINT('',(-6.430268252784,-22.63630122044,0.));
#11856 = DIRECTION('',(-0.555623915739,0.83143374015,0.));
#11857 = DIRECTION('',(0.83143374015,0.555623915739,0.));
#11858 = ADVANCED_FACE('',(#11859),#11878,.T.);
#11859 = FACE_BOUND('',#11860,.F.);
#11860 = EDGE_LOOP('',(#11861,#11862,#11863,#11871));
#11861 = ORIENTED_EDGE('',*,*,#11838,.T.);
#11862 = ORIENTED_EDGE('',*,*,#8739,.T.);
#11863 = ORIENTED_EDGE('',*,*,#11864,.F.);
#11864 = EDGE_CURVE('',#11865,#8732,#11867,.T.);
#11865 = VERTEX_POINT('',#11866);
#11866 = CARTESIAN_POINT('',(-5.975953573952,-22.26345425261,0.));
#11867 = LINE('',#11868,#11869);
#11868 = CARTESIAN_POINT('',(-5.975953573952,-22.26345425261,0.));
#11869 = VECTOR('',#11870,1.);
#11870 = DIRECTION('',(0.,0.,1.));
#11871 = ORIENTED_EDGE('',*,*,#11872,.F.);
#11872 = EDGE_CURVE('',#11839,#11865,#11873,.T.);
#11873 = CIRCLE('',#11874,3.);
#11874 = AXIS2_PLACEMENT_3D('',#11875,#11876,#11877);
#11875 = CARTESIAN_POINT('',(-8.09714,-20.142,0.));
#11876 = DIRECTION('',(-0.,0.,1.));
#11877 = DIRECTION('',(-0.83143374015,-0.555623915739,-0.));
#11878 = CYLINDRICAL_SURFACE('',#11879,3.);
#11879 = AXIS2_PLACEMENT_3D('',#11880,#11881,#11882);
#11880 = CARTESIAN_POINT('',(-8.09714,-20.142,0.));
#11881 = DIRECTION('',(-0.,-0.,-1.));
#11882 = DIRECTION('',(-0.83143374015,-0.555623915739,-0.));
#11883 = ADVANCED_FACE('',(#11884),#11902,.F.);
#11884 = FACE_BOUND('',#11885,.T.);
#11885 = EDGE_LOOP('',(#11886,#11894,#11895,#11896));
#11886 = ORIENTED_EDGE('',*,*,#11887,.T.);
#11887 = EDGE_CURVE('',#11888,#8723,#11890,.T.);
#11888 = VERTEX_POINT('',#11889);
#11889 = CARTESIAN_POINT('',(-5.421483573952,-21.70905425261,0.));
#11890 = LINE('',#11891,#11892);
#11891 = CARTESIAN_POINT('',(-5.421483573952,-21.70905425261,0.));
#11892 = VECTOR('',#11893,1.);
#11893 = DIRECTION('',(0.,0.,1.));
#11894 = ORIENTED_EDGE('',*,*,#8731,.T.);
#11895 = ORIENTED_EDGE('',*,*,#11864,.F.);
#11896 = ORIENTED_EDGE('',*,*,#11897,.F.);
#11897 = EDGE_CURVE('',#11888,#11865,#11898,.T.);
#11898 = LINE('',#11899,#11900);
#11899 = CARTESIAN_POINT('',(-5.421483573952,-21.70905425261,0.));
#11900 = VECTOR('',#11901,1.);
#11901 = DIRECTION('',(-0.707151417539,-0.707062142016,-0.));
#11902 = PLANE('',#11903);
#11903 = AXIS2_PLACEMENT_3D('',#11904,#11905,#11906);
#11904 = CARTESIAN_POINT('',(-5.421483573952,-21.70905425261,0.));
#11905 = DIRECTION('',(-0.707062142016,0.707151417539,0.));
#11906 = DIRECTION('',(0.707151417539,0.707062142016,0.));
#11907 = ADVANCED_FACE('',(#11908),#11927,.T.);
#11908 = FACE_BOUND('',#11909,.F.);
#11909 = EDGE_LOOP('',(#11910,#11911,#11912,#11920));
#11910 = ORIENTED_EDGE('',*,*,#11887,.T.);
#11911 = ORIENTED_EDGE('',*,*,#8722,.T.);
#11912 = ORIENTED_EDGE('',*,*,#11913,.F.);
#11913 = EDGE_CURVE('',#11914,#8715,#11916,.T.);
#11914 = VERTEX_POINT('',#11915);
#11915 = CARTESIAN_POINT('',(-5.048239121734,-21.25427771136,0.));
#11916 = LINE('',#11917,#11918);
#11917 = CARTESIAN_POINT('',(-5.048239121734,-21.25427771136,0.));
#11918 = VECTOR('',#11919,1.);
#11919 = DIRECTION('',(0.,0.,1.));
#11920 = ORIENTED_EDGE('',*,*,#11921,.F.);
#11921 = EDGE_CURVE('',#11888,#11914,#11922,.T.);
#11922 = CIRCLE('',#11923,3.);
#11923 = AXIS2_PLACEMENT_3D('',#11924,#11925,#11926);
#11924 = CARTESIAN_POINT('',(-7.54267,-19.5876,0.));
#11925 = DIRECTION('',(-0.,0.,1.));
#11926 = DIRECTION('',(-0.707151417539,-0.707062142016,-0.));
#11927 = CYLINDRICAL_SURFACE('',#11928,3.);
#11928 = AXIS2_PLACEMENT_3D('',#11929,#11930,#11931);
#11929 = CARTESIAN_POINT('',(-7.54267,-19.5876,0.));
#11930 = DIRECTION('',(-0.,-0.,-1.));
#11931 = DIRECTION('',(-0.707151417539,-0.707062142016,-0.));
#11932 = ADVANCED_FACE('',(#11933),#11951,.F.);
#11933 = FACE_BOUND('',#11934,.T.);
#11934 = EDGE_LOOP('',(#11935,#11943,#11944,#11945));
#11935 = ORIENTED_EDGE('',*,*,#11936,.T.);
#11936 = EDGE_CURVE('',#11937,#8706,#11939,.T.);
#11937 = VERTEX_POINT('',#11938);
#11938 = CARTESIAN_POINT('',(-4.612599121734,-20.60227771136,0.));
#11939 = LINE('',#11940,#11941);
#11940 = CARTESIAN_POINT('',(-4.612599121734,-20.60227771136,0.));
#11941 = VECTOR('',#11942,1.);
#11942 = DIRECTION('',(0.,0.,1.));
#11943 = ORIENTED_EDGE('',*,*,#8714,.T.);
#11944 = ORIENTED_EDGE('',*,*,#11913,.F.);
#11945 = ORIENTED_EDGE('',*,*,#11946,.F.);
#11946 = EDGE_CURVE('',#11937,#11914,#11947,.T.);
#11947 = LINE('',#11948,#11949);
#11948 = CARTESIAN_POINT('',(-4.612599121734,-20.60227771136,0.));
#11949 = VECTOR('',#11950,1.);
#11950 = DIRECTION('',(-0.555559237121,-0.831476959422,-0.));
#11951 = PLANE('',#11952);
#11952 = AXIS2_PLACEMENT_3D('',#11953,#11954,#11955);
#11953 = CARTESIAN_POINT('',(-4.612599121734,-20.60227771136,0.));
#11954 = DIRECTION('',(-0.831476959422,0.555559237121,0.));
#11955 = DIRECTION('',(0.555559237121,0.831476959422,0.));
#11956 = ADVANCED_FACE('',(#11957),#11976,.T.);
#11957 = FACE_BOUND('',#11958,.F.);
#11958 = EDGE_LOOP('',(#11959,#11960,#11961,#11969));
#11959 = ORIENTED_EDGE('',*,*,#11936,.T.);
#11960 = ORIENTED_EDGE('',*,*,#8705,.T.);
#11961 = ORIENTED_EDGE('',*,*,#11962,.F.);
#11962 = EDGE_CURVE('',#11963,#8698,#11965,.T.);
#11963 = VERTEX_POINT('',#11964);
#11964 = CARTESIAN_POINT('',(-4.33536742765,-20.08359241506,0.));
#11965 = LINE('',#11966,#11967);
#11966 = CARTESIAN_POINT('',(-4.33536742765,-20.08359241506,0.));
#11967 = VECTOR('',#11968,1.);
#11968 = DIRECTION('',(0.,0.,1.));
#11969 = ORIENTED_EDGE('',*,*,#11970,.F.);
#11970 = EDGE_CURVE('',#11937,#11963,#11971,.T.);
#11971 = CIRCLE('',#11972,3.);
#11972 = AXIS2_PLACEMENT_3D('',#11973,#11974,#11975);
#11973 = CARTESIAN_POINT('',(-7.10703,-18.9356,0.));
#11974 = DIRECTION('',(-0.,0.,1.));
#11975 = DIRECTION('',(-0.555559237121,-0.831476959422,-0.));
#11976 = CYLINDRICAL_SURFACE('',#11977,3.);
#11977 = AXIS2_PLACEMENT_3D('',#11978,#11979,#11980);
#11978 = CARTESIAN_POINT('',(-7.10703,-18.9356,0.));
#11979 = DIRECTION('',(-0.,-0.,-1.));
#11980 = DIRECTION('',(-0.555559237121,-0.831476959422,-0.));
#11981 = ADVANCED_FACE('',(#11982),#12000,.F.);
#11982 = FACE_BOUND('',#11983,.T.);
#11983 = EDGE_LOOP('',(#11984,#11992,#11993,#11994));
#11984 = ORIENTED_EDGE('',*,*,#11985,.T.);
#11985 = EDGE_CURVE('',#11986,#8689,#11988,.T.);
#11986 = VERTEX_POINT('',#11987);
#11987 = CARTESIAN_POINT('',(-4.03528742765,-19.35909241506,0.));
#11988 = LINE('',#11989,#11990);
#11989 = CARTESIAN_POINT('',(-4.03528742765,-19.35909241506,0.));
#11990 = VECTOR('',#11991,1.);
#11991 = DIRECTION('',(0.,0.,1.));
#11992 = ORIENTED_EDGE('',*,*,#8697,.T.);
#11993 = ORIENTED_EDGE('',*,*,#11962,.F.);
#11994 = ORIENTED_EDGE('',*,*,#11995,.F.);
#11995 = EDGE_CURVE('',#11986,#11963,#11996,.T.);
#11996 = LINE('',#11997,#11998);
#11997 = CARTESIAN_POINT('',(-4.03528742765,-19.35909241506,0.));
#11998 = VECTOR('',#11999,1.);
#11999 = DIRECTION('',(-0.382664138353,-0.923887524117,-0.));
#12000 = PLANE('',#12001);
#12001 = AXIS2_PLACEMENT_3D('',#12002,#12003,#12004);
#12002 = CARTESIAN_POINT('',(-4.03528742765,-19.35909241506,0.));
#12003 = DIRECTION('',(-0.923887524117,0.382664138353,0.));
#12004 = DIRECTION('',(0.382664138353,0.923887524117,0.));
#12005 = ADVANCED_FACE('',(#12006),#12025,.T.);
#12006 = FACE_BOUND('',#12007,.F.);
#12007 = EDGE_LOOP('',(#12008,#12009,#12010,#12018));
#12008 = ORIENTED_EDGE('',*,*,#11985,.T.);
#12009 = ORIENTED_EDGE('',*,*,#8688,.T.);
#12010 = ORIENTED_EDGE('',*,*,#12011,.F.);
#12011 = EDGE_CURVE('',#12012,#8681,#12014,.T.);
#12012 = VERTEX_POINT('',#12013);
#12013 = CARTESIAN_POINT('',(-3.936126330311,-19.08194525465,0.));
#12014 = LINE('',#12015,#12016);
#12015 = CARTESIAN_POINT('',(-3.936126330311,-19.08194525465,0.));
#12016 = VECTOR('',#12017,1.);
#12017 = DIRECTION('',(0.,0.,1.));
#12018 = ORIENTED_EDGE('',*,*,#12019,.F.);
#12019 = EDGE_CURVE('',#11986,#12012,#12020,.T.);
#12020 = CIRCLE('',#12021,3.);
#12021 = AXIS2_PLACEMENT_3D('',#12022,#12023,#12024);
#12022 = CARTESIAN_POINT('',(-6.80695,-18.2111,0.));
#12023 = DIRECTION('',(-0.,0.,1.));
#12024 = DIRECTION('',(-0.382664138353,-0.923887524117,-0.));
#12025 = CYLINDRICAL_SURFACE('',#12026,3.);
#12026 = AXIS2_PLACEMENT_3D('',#12027,#12028,#12029);
#12027 = CARTESIAN_POINT('',(-6.80695,-18.2111,0.));
#12028 = DIRECTION('',(-0.,-0.,-1.));
#12029 = DIRECTION('',(-0.382664138353,-0.923887524117,-0.));
#12030 = ADVANCED_FACE('',(#12031),#12049,.F.);
#12031 = FACE_BOUND('',#12032,.T.);
#12032 = EDGE_LOOP('',(#12033,#12041,#12042,#12043));
#12033 = ORIENTED_EDGE('',*,*,#12034,.T.);
#12034 = EDGE_CURVE('',#12035,#8673,#12037,.T.);
#12035 = VERTEX_POINT('',#12036);
#12036 = CARTESIAN_POINT('',(-3.638117116628,-18.09952972232,0.));
#12037 = LINE('',#12038,#12039);
#12038 = CARTESIAN_POINT('',(-3.638117116628,-18.09952972232,0.));
#12039 = VECTOR('',#12040,1.);
#12040 = DIRECTION('',(0.,0.,1.));
#12041 = ORIENTED_EDGE('',*,*,#8680,.T.);
#12042 = ORIENTED_EDGE('',*,*,#12011,.F.);
#12043 = ORIENTED_EDGE('',*,*,#12044,.F.);
#12044 = EDGE_CURVE('',#12035,#12012,#12045,.T.);
#12045 = LINE('',#12046,#12047);
#12046 = CARTESIAN_POINT('',(-3.552336330311,-17.81674525465,0.));
#12047 = VECTOR('',#12048,1.);
#12048 = DIRECTION('',(-0.290281751552,-0.95694122323,-0.));
#12049 = PLANE('',#12050);
#12050 = AXIS2_PLACEMENT_3D('',#12051,#12052,#12053);
#12051 = CARTESIAN_POINT('',(-3.638117116628,-18.09952972232,0.));
#12052 = DIRECTION('',(-0.95694122323,0.290281751552,0.));
#12053 = DIRECTION('',(0.290281751552,0.95694122323,0.));
#12054 = ADVANCED_FACE('',(#12055),#12073,.F.);
#12055 = FACE_BOUND('',#12056,.T.);
#12056 = EDGE_LOOP('',(#12057,#12065,#12066,#12067));
#12057 = ORIENTED_EDGE('',*,*,#12058,.T.);
#12058 = EDGE_CURVE('',#12059,#8665,#12061,.T.);
#12059 = VERTEX_POINT('',#12060);
#12060 = CARTESIAN_POINT('',(-3.1791870019,-17.24097259786,0.));
#12061 = LINE('',#12062,#12063);
#12062 = CARTESIAN_POINT('',(-3.1791870019,-17.24097259786,0.));
#12063 = VECTOR('',#12064,1.);
#12064 = DIRECTION('',(0.,0.,1.));
#12065 = ORIENTED_EDGE('',*,*,#8672,.T.);
#12066 = ORIENTED_EDGE('',*,*,#12034,.F.);
#12067 = ORIENTED_EDGE('',*,*,#12068,.F.);
#12068 = EDGE_CURVE('',#12059,#12035,#12069,.T.);
#12069 = LINE('',#12070,#12071);
#12070 = CARTESIAN_POINT('',(-3.039924098794,-16.9804423912,0.));
#12071 = VECTOR('',#12072,1.);
#12072 = DIRECTION('',(-0.4714141304,-0.881911967069,-0.));
#12073 = PLANE('',#12074);
#12074 = AXIS2_PLACEMENT_3D('',#12075,#12076,#12077);
#12075 = CARTESIAN_POINT('',(-3.1791870019,-17.24097259786,0.));
#12076 = DIRECTION('',(-0.881911967069,0.4714141304,0.));
#12077 = DIRECTION('',(0.4714141304,0.881911967069,0.));
#12078 = ADVANCED_FACE('',(#12079),#12097,.F.);
#12079 = FACE_BOUND('',#12080,.T.);
#12080 = EDGE_LOOP('',(#12081,#12089,#12090,#12091));
#12081 = ORIENTED_EDGE('',*,*,#12082,.T.);
#12082 = EDGE_CURVE('',#12083,#8657,#12085,.T.);
#12083 = VERTEX_POINT('',#12084);
#12084 = CARTESIAN_POINT('',(-2.561561124714,-16.48836376969,0.));
#12085 = LINE('',#12086,#12087);
#12086 = CARTESIAN_POINT('',(-2.561561124714,-16.48836376969,0.));
#12087 = VECTOR('',#12088,1.);
#12088 = DIRECTION('',(0.,0.,1.));
#12089 = ORIENTED_EDGE('',*,*,#8664,.T.);
#12090 = ORIENTED_EDGE('',*,*,#12058,.F.);
#12091 = ORIENTED_EDGE('',*,*,#12092,.F.);
#12092 = EDGE_CURVE('',#12083,#12059,#12093,.T.);
#12093 = LINE('',#12094,#12095);
#12094 = CARTESIAN_POINT('',(-2.37410203304,-16.25993524601,0.));
#12095 = VECTOR('',#12096,1.);
#12096 = DIRECTION('',(-0.634378415338,-0.773022655653,-0.));
#12097 = PLANE('',#12098);
#12098 = AXIS2_PLACEMENT_3D('',#12099,#12100,#12101);
#12099 = CARTESIAN_POINT('',(-2.561561124714,-16.48836376969,0.));
#12100 = DIRECTION('',(-0.773022655653,0.634378415338,0.));
#12101 = DIRECTION('',(0.634378415338,0.773022655653,0.));
#12102 = ADVANCED_FACE('',(#12103),#12121,.F.);
#12103 = FACE_BOUND('',#12104,.T.);
#12104 = EDGE_LOOP('',(#12105,#12113,#12114,#12115));
#12105 = ORIENTED_EDGE('',*,*,#12106,.T.);
#12106 = EDGE_CURVE('',#12107,#8649,#12109,.T.);
#12107 = VERTEX_POINT('',#12108);
#12108 = CARTESIAN_POINT('',(-1.809026776825,-15.87077236574,0.));
#12109 = LINE('',#12110,#12111);
#12110 = CARTESIAN_POINT('',(-1.809026776825,-15.87077236574,0.));
#12111 = VECTOR('',#12112,1.);
#12112 = DIRECTION('',(0.,0.,1.));
#12113 = ORIENTED_EDGE('',*,*,#8656,.T.);
#12114 = ORIENTED_EDGE('',*,*,#12082,.F.);
#12115 = ORIENTED_EDGE('',*,*,#12116,.F.);
#12116 = EDGE_CURVE('',#12107,#12083,#12117,.T.);
#12117 = LINE('',#12118,#12119);
#12118 = CARTESIAN_POINT('',(-1.580625681604,-15.683327695,0.));
#12119 = VECTOR('',#12120,1.);
#12120 = DIRECTION('',(-0.773009231669,-0.634394772799,-0.));
#12121 = PLANE('',#12122);
#12122 = AXIS2_PLACEMENT_3D('',#12123,#12124,#12125);
#12123 = CARTESIAN_POINT('',(-1.809026776825,-15.87077236574,0.));
#12124 = DIRECTION('',(-0.634394772799,0.773009231669,0.));
#12125 = DIRECTION('',(0.773009231669,0.634394772799,0.));
#12126 = ADVANCED_FACE('',(#12127),#12145,.F.);
#12127 = FACE_BOUND('',#12128,.T.);
#12128 = EDGE_LOOP('',(#12129,#12137,#12138,#12139));
#12129 = ORIENTED_EDGE('',*,*,#12130,.T.);
#12130 = EDGE_CURVE('',#12131,#8641,#12133,.T.);
#12131 = VERTEX_POINT('',#12132);
#12132 = CARTESIAN_POINT('',(-0.950484193956,-15.41186665466,0.));
#12133 = LINE('',#12134,#12135);
#12134 = CARTESIAN_POINT('',(-0.950484193956,-15.41186665466,0.));
#12135 = VECTOR('',#12136,1.);
#12136 = DIRECTION('',(0.,0.,1.));
#12137 = ORIENTED_EDGE('',*,*,#8648,.T.);
#12138 = ORIENTED_EDGE('',*,*,#12106,.F.);
#12139 = ORIENTED_EDGE('',*,*,#12140,.F.);
#12140 = EDGE_CURVE('',#12131,#12107,#12141,.T.);
#12141 = LINE('',#12142,#12143);
#12142 = CARTESIAN_POINT('',(-0.689857469889,-15.27255720802,0.));
#12143 = VECTOR('',#12144,1.);
#12144 = DIRECTION('',(-0.881919069342,-0.47140084337,-0.));
#12145 = PLANE('',#12146);
#12146 = AXIS2_PLACEMENT_3D('',#12147,#12148,#12149);
#12147 = CARTESIAN_POINT('',(-0.950484193956,-15.41186665466,0.));
#12148 = DIRECTION('',(-0.47140084337,0.881919069342,0.));
#12149 = DIRECTION('',(0.881919069342,0.47140084337,0.));
#12150 = ADVANCED_FACE('',(#12151),#12169,.F.);
#12151 = FACE_BOUND('',#12152,.T.);
#12152 = EDGE_LOOP('',(#12153,#12161,#12162,#12163));
#12153 = ORIENTED_EDGE('',*,*,#12154,.T.);
#12154 = EDGE_CURVE('',#12155,#8633,#12157,.T.);
#12155 = VERTEX_POINT('',#12156);
#12156 = CARTESIAN_POINT('',(-1.888532736197E-02,-15.12929677161,0.));
#12157 = LINE('',#12158,#12159);
#12158 = CARTESIAN_POINT('',(-1.888532736197E-02,-15.12929677161,0.));
#12159 = VECTOR('',#12160,1.);
#12160 = DIRECTION('',(0.,0.,1.));
#12161 = ORIENTED_EDGE('',*,*,#8640,.T.);
#12162 = ORIENTED_EDGE('',*,*,#12130,.F.);
#12163 = ORIENTED_EDGE('',*,*,#12164,.F.);
#12164 = EDGE_CURVE('',#12155,#12131,#12165,.T.);
#12165 = LINE('',#12166,#12167);
#12166 = CARTESIAN_POINT('',(0.26382930462,-15.04354458431,0.));
#12167 = VECTOR('',#12168,1.);
#12168 = DIRECTION('',(-0.956948194773,-0.290258768207,-0.));
#12169 = PLANE('',#12170);
#12170 = AXIS2_PLACEMENT_3D('',#12171,#12172,#12173);
#12171 = CARTESIAN_POINT('',(-1.888532736197E-02,-15.12929677161,0.));
#12172 = DIRECTION('',(-0.290258768207,0.956948194773,0.));
#12173 = DIRECTION('',(0.956948194773,0.290258768207,0.));
#12174 = ADVANCED_FACE('',(#12175),#12193,.F.);
#12175 = FACE_BOUND('',#12176,.T.);
#12176 = EDGE_LOOP('',(#12177,#12185,#12186,#12187));
#12177 = ORIENTED_EDGE('',*,*,#12178,.T.);
#12178 = EDGE_CURVE('',#12179,#8625,#12181,.T.);
#12179 = VERTEX_POINT('',#12180);
#12180 = CARTESIAN_POINT('',(1.293890175068,-15.,0.));
#12181 = LINE('',#12182,#12183);
#12182 = CARTESIAN_POINT('',(1.293890175068,-15.,0.));
#12183 = VECTOR('',#12184,1.);
#12184 = DIRECTION('',(0.,0.,1.));
#12185 = ORIENTED_EDGE('',*,*,#8632,.T.);
#12186 = ORIENTED_EDGE('',*,*,#12154,.F.);
#12187 = ORIENTED_EDGE('',*,*,#12188,.F.);
#12188 = EDGE_CURVE('',#12179,#12155,#12189,.T.);
#12189 = LINE('',#12190,#12191);
#12190 = CARTESIAN_POINT('',(1.440560677906,-14.9855542532,0.));
#12191 = VECTOR('',#12192,1.);
#12192 = DIRECTION('',(-0.995184751068,-9.80168926352E-02,-0.));
#12193 = PLANE('',#12194);
#12194 = AXIS2_PLACEMENT_3D('',#12195,#12196,#12197);
#12195 = CARTESIAN_POINT('',(1.293890175068,-15.,0.));
#12196 = DIRECTION('',(-9.80168926352E-02,0.995184751068,0.));
#12197 = DIRECTION('',(0.995184751068,9.80168926352E-02,0.));
#12198 = ADVANCED_FACE('',(#12199),#12217,.F.);
#12199 = FACE_BOUND('',#12200,.T.);
#12200 = EDGE_LOOP('',(#12201,#12209,#12210,#12211));
#12201 = ORIENTED_EDGE('',*,*,#12202,.T.);
#12202 = EDGE_CURVE('',#12203,#8616,#12205,.T.);
#12203 = VERTEX_POINT('',#12204);
#12204 = CARTESIAN_POINT('',(8.,-15.,0.));
#12205 = LINE('',#12206,#12207);
#12206 = CARTESIAN_POINT('',(8.,-15.,0.));
#12207 = VECTOR('',#12208,1.);
#12208 = DIRECTION('',(0.,0.,1.));
#12209 = ORIENTED_EDGE('',*,*,#8624,.T.);
#12210 = ORIENTED_EDGE('',*,*,#12178,.F.);
#12211 = ORIENTED_EDGE('',*,*,#12212,.F.);
#12212 = EDGE_CURVE('',#12203,#12179,#12213,.T.);
#12213 = LINE('',#12214,#12215);
#12214 = CARTESIAN_POINT('',(8.,-15.,0.));
#12215 = VECTOR('',#12216,1.);
#12216 = DIRECTION('',(-1.,-0.,-0.));
#12217 = PLANE('',#12218);
#12218 = AXIS2_PLACEMENT_3D('',#12219,#12220,#12221);
#12219 = CARTESIAN_POINT('',(8.,-15.,0.));
#12220 = DIRECTION('',(0.,1.,0.));
#12221 = DIRECTION('',(1.,0.,0.));
#12222 = ADVANCED_FACE('',(#12223),#12242,.T.);
#12223 = FACE_BOUND('',#12224,.F.);
#12224 = EDGE_LOOP('',(#12225,#12226,#12227,#12235));
#12225 = ORIENTED_EDGE('',*,*,#12202,.T.);
#12226 = ORIENTED_EDGE('',*,*,#8615,.T.);
#12227 = ORIENTED_EDGE('',*,*,#12228,.F.);
#12228 = EDGE_CURVE('',#12229,#8608,#12231,.T.);
#12229 = VERTEX_POINT('',#12230);
#12230 = CARTESIAN_POINT('',(8.294207714847,-14.98553878228,0.));
#12231 = LINE('',#12232,#12233);
#12232 = CARTESIAN_POINT('',(8.294207714847,-14.98553878228,0.));
#12233 = VECTOR('',#12234,1.);
#12234 = DIRECTION('',(0.,0.,1.));
#12235 = ORIENTED_EDGE('',*,*,#12236,.F.);
#12236 = EDGE_CURVE('',#12203,#12229,#12237,.T.);
#12237 = CIRCLE('',#12238,3.);
#12238 = AXIS2_PLACEMENT_3D('',#12239,#12240,#12241);
#12239 = CARTESIAN_POINT('',(8.,-12.,0.));
#12240 = DIRECTION('',(0.,0.,1.));
#12241 = DIRECTION('',(-1.,-0.,-0.));
#12242 = CYLINDRICAL_SURFACE('',#12243,3.);
#12243 = AXIS2_PLACEMENT_3D('',#12244,#12245,#12246);
#12244 = CARTESIAN_POINT('',(8.,-12.,0.));
#12245 = DIRECTION('',(-0.,-0.,-1.));
#12246 = DIRECTION('',(-1.,-0.,-0.));
#12247 = ADVANCED_FACE('',(#12248),#12266,.F.);
#12248 = FACE_BOUND('',#12249,.T.);
#12249 = EDGE_LOOP('',(#12250,#12258,#12259,#12260));
#12250 = ORIENTED_EDGE('',*,*,#12251,.T.);
#12251 = EDGE_CURVE('',#12252,#8599,#12254,.T.);
#12252 = VERTEX_POINT('',#12253);
#12253 = CARTESIAN_POINT('',(9.074567714847,-14.90863878228,0.));
#12254 = LINE('',#12255,#12256);
#12255 = CARTESIAN_POINT('',(9.074567714847,-14.90863878228,0.));
#12256 = VECTOR('',#12257,1.);
#12257 = DIRECTION('',(0.,0.,1.));
#12258 = ORIENTED_EDGE('',*,*,#8607,.T.);
#12259 = ORIENTED_EDGE('',*,*,#12228,.F.);
#12260 = ORIENTED_EDGE('',*,*,#12261,.F.);
#12261 = EDGE_CURVE('',#12252,#12229,#12262,.T.);
#12262 = LINE('',#12263,#12264);
#12263 = CARTESIAN_POINT('',(9.074567714847,-14.90863878228,0.));
#12264 = VECTOR('',#12265,1.);
#12265 = DIRECTION('',(-0.995179594095,-9.806923828219E-02,-0.));
#12266 = PLANE('',#12267);
#12267 = AXIS2_PLACEMENT_3D('',#12268,#12269,#12270);
#12268 = CARTESIAN_POINT('',(9.074567714847,-14.90863878228,0.));
#12269 = DIRECTION('',(-9.806923828219E-02,0.995179594095,0.));
#12270 = DIRECTION('',(0.995179594095,9.806923828219E-02,0.));
#12271 = ADVANCED_FACE('',(#12272),#12291,.T.);
#12272 = FACE_BOUND('',#12273,.F.);
#12273 = EDGE_LOOP('',(#12274,#12275,#12276,#12284));
#12274 = ORIENTED_EDGE('',*,*,#12251,.T.);
#12275 = ORIENTED_EDGE('',*,*,#8598,.T.);
#12276 = ORIENTED_EDGE('',*,*,#12277,.F.);
#12277 = EDGE_CURVE('',#12278,#8591,#12280,.T.);
#12278 = VERTEX_POINT('',#12279);
#12279 = CARTESIAN_POINT('',(9.651136074811,-14.79394465402,0.));
#12280 = LINE('',#12281,#12282);
#12281 = CARTESIAN_POINT('',(9.651136074811,-14.79394465402,0.));
#12282 = VECTOR('',#12283,1.);
#12283 = DIRECTION('',(0.,0.,1.));
#12284 = ORIENTED_EDGE('',*,*,#12285,.F.);
#12285 = EDGE_CURVE('',#12252,#12278,#12286,.T.);
#12286 = CIRCLE('',#12287,3.);
#12287 = AXIS2_PLACEMENT_3D('',#12288,#12289,#12290);
#12288 = CARTESIAN_POINT('',(8.78036,-11.9231,0.));
#12289 = DIRECTION('',(-0.,0.,1.));
#12290 = DIRECTION('',(-0.995179594095,-9.806923828219E-02,-0.));
#12291 = CYLINDRICAL_SURFACE('',#12292,3.);
#12292 = AXIS2_PLACEMENT_3D('',#12293,#12294,#12295);
#12293 = CARTESIAN_POINT('',(8.78036,-11.9231,0.));
#12294 = DIRECTION('',(-0.,-0.,-1.));
#12295 = DIRECTION('',(-0.995179594095,-9.806923828219E-02,-0.));
#12296 = ADVANCED_FACE('',(#12297),#12315,.F.);
#12297 = FACE_BOUND('',#12298,.T.);
#12298 = EDGE_LOOP('',(#12299,#12307,#12308,#12309));
#12299 = ORIENTED_EDGE('',*,*,#12300,.T.);
#12300 = EDGE_CURVE('',#12301,#8582,#12303,.T.);
#12301 = VERTEX_POINT('',#12302);
#12302 = CARTESIAN_POINT('',(10.401506074811,-14.56634465402,0.));
#12303 = LINE('',#12304,#12305);
#12304 = CARTESIAN_POINT('',(10.401506074811,-14.56634465402,0.));
#12305 = VECTOR('',#12306,1.);
#12306 = DIRECTION('',(0.,0.,1.));
#12307 = ORIENTED_EDGE('',*,*,#8590,.T.);
#12308 = ORIENTED_EDGE('',*,*,#12277,.F.);
#12309 = ORIENTED_EDGE('',*,*,#12310,.F.);
#12310 = EDGE_CURVE('',#12301,#12278,#12311,.T.);
#12311 = LINE('',#12312,#12313);
#12312 = CARTESIAN_POINT('',(10.401506074811,-14.56634465402,0.));
#12313 = VECTOR('',#12314,1.);
#12314 = DIRECTION('',(-0.956948218008,-0.290258691604,-0.));
#12315 = PLANE('',#12316);
#12316 = AXIS2_PLACEMENT_3D('',#12317,#12318,#12319);
#12317 = CARTESIAN_POINT('',(10.401506074811,-14.56634465402,0.));
#12318 = DIRECTION('',(-0.290258691604,0.956948218008,0.));
#12319 = DIRECTION('',(0.956948218008,0.290258691604,0.));
#12320 = ADVANCED_FACE('',(#12321),#12340,.T.);
#12321 = FACE_BOUND('',#12322,.F.);
#12322 = EDGE_LOOP('',(#12323,#12324,#12325,#12333));
#12323 = ORIENTED_EDGE('',*,*,#12300,.T.);
#12324 = ORIENTED_EDGE('',*,*,#8581,.T.);
#12325 = ORIENTED_EDGE('',*,*,#12326,.F.);
#12326 = EDGE_CURVE('',#12327,#8574,#12329,.T.);
#12327 = VERTEX_POINT('',#12328);
#12328 = CARTESIAN_POINT('',(10.944765869928,-14.341346284,0.));
#12329 = LINE('',#12330,#12331);
#12330 = CARTESIAN_POINT('',(10.944765869928,-14.341346284,0.));
#12331 = VECTOR('',#12332,1.);
#12332 = DIRECTION('',(0.,0.,1.));
#12333 = ORIENTED_EDGE('',*,*,#12334,.F.);
#12334 = EDGE_CURVE('',#12301,#12327,#12335,.T.);
#12335 = CIRCLE('',#12336,3.);
#12336 = AXIS2_PLACEMENT_3D('',#12337,#12338,#12339);
#12337 = CARTESIAN_POINT('',(9.53073,-11.6955,0.));
#12338 = DIRECTION('',(-0.,0.,1.));
#12339 = DIRECTION('',(-0.956948218008,-0.290258691604,-0.));
#12340 = CYLINDRICAL_SURFACE('',#12341,3.);
#12341 = AXIS2_PLACEMENT_3D('',#12342,#12343,#12344);
#12342 = CARTESIAN_POINT('',(9.53073,-11.6955,0.));
#12343 = DIRECTION('',(-0.,-0.,-1.));
#12344 = DIRECTION('',(-0.956948218008,-0.290258691604,-0.));
#12345 = ADVANCED_FACE('',(#12346),#12364,.F.);
#12346 = FACE_BOUND('',#12347,.T.);
#12347 = EDGE_LOOP('',(#12348,#12356,#12357,#12358));
#12348 = ORIENTED_EDGE('',*,*,#12349,.T.);
#12349 = EDGE_CURVE('',#12350,#8565,#12352,.T.);
#12350 = VERTEX_POINT('',#12351);
#12351 = CARTESIAN_POINT('',(11.636335869928,-13.971746284,0.));
#12352 = LINE('',#12353,#12354);
#12353 = CARTESIAN_POINT('',(11.636335869928,-13.971746284,0.));
#12354 = VECTOR('',#12355,1.);
#12355 = DIRECTION('',(0.,0.,1.));
#12356 = ORIENTED_EDGE('',*,*,#8573,.T.);
#12357 = ORIENTED_EDGE('',*,*,#12326,.F.);
#12358 = ORIENTED_EDGE('',*,*,#12359,.F.);
#12359 = EDGE_CURVE('',#12350,#12327,#12360,.T.);
#12360 = LINE('',#12361,#12362);
#12361 = CARTESIAN_POINT('',(11.636335869928,-13.971746284,0.));
#12362 = VECTOR('',#12363,1.);
#12363 = DIRECTION('',(-0.881948761333,-0.471345289976,-0.));
#12364 = PLANE('',#12365);
#12365 = AXIS2_PLACEMENT_3D('',#12366,#12367,#12368);
#12366 = CARTESIAN_POINT('',(11.636335869928,-13.971746284,0.));
#12367 = DIRECTION('',(-0.471345289976,0.881948761333,0.));
#12368 = DIRECTION('',(0.881948761333,0.471345289976,0.));
#12369 = ADVANCED_FACE('',(#12370),#12389,.T.);
#12370 = FACE_BOUND('',#12371,.F.);
#12371 = EDGE_LOOP('',(#12372,#12373,#12374,#12382));
#12372 = ORIENTED_EDGE('',*,*,#12349,.T.);
#12373 = ORIENTED_EDGE('',*,*,#8564,.T.);
#12374 = ORIENTED_EDGE('',*,*,#12375,.F.);
#12375 = EDGE_CURVE('',#12376,#8557,#12378,.T.);
#12376 = VERTEX_POINT('',#12377);
#12377 = CARTESIAN_POINT('',(12.125677790632,-13.64476890231,0.));
#12378 = LINE('',#12379,#12380);
#12379 = CARTESIAN_POINT('',(12.125677790632,-13.64476890231,0.));
#12380 = VECTOR('',#12381,1.);
#12381 = DIRECTION('',(0.,0.,1.));
#12382 = ORIENTED_EDGE('',*,*,#12383,.F.);
#12383 = EDGE_CURVE('',#12350,#12376,#12384,.T.);
#12384 = CIRCLE('',#12385,3.);
#12385 = AXIS2_PLACEMENT_3D('',#12386,#12387,#12388);
#12386 = CARTESIAN_POINT('',(10.2223,-11.3259,0.));
#12387 = DIRECTION('',(-0.,0.,1.));
#12388 = DIRECTION('',(-0.881948761333,-0.471345289976,-0.));
#12389 = CYLINDRICAL_SURFACE('',#12390,3.);
#12390 = AXIS2_PLACEMENT_3D('',#12391,#12392,#12393);
#12391 = CARTESIAN_POINT('',(10.2223,-11.3259,0.));
#12392 = DIRECTION('',(-0.,-0.,-1.));
#12393 = DIRECTION('',(-0.881948761333,-0.471345289976,-0.));
#12394 = ADVANCED_FACE('',(#12395),#12413,.F.);
#12395 = FACE_BOUND('',#12396,.T.);
#12396 = EDGE_LOOP('',(#12397,#12405,#12406,#12407));
#12397 = ORIENTED_EDGE('',*,*,#12398,.T.);
#12398 = EDGE_CURVE('',#12399,#8548,#12401,.T.);
#12399 = VERTEX_POINT('',#12400);
#12400 = CARTESIAN_POINT('',(12.731777790632,-13.14726890231,0.));
#12401 = LINE('',#12402,#12403);
#12402 = CARTESIAN_POINT('',(12.731777790632,-13.14726890231,0.));
#12403 = VECTOR('',#12404,1.);
#12404 = DIRECTION('',(0.,0.,1.));
#12405 = ORIENTED_EDGE('',*,*,#8556,.T.);
#12406 = ORIENTED_EDGE('',*,*,#12375,.F.);
#12407 = ORIENTED_EDGE('',*,*,#12408,.F.);
#12408 = EDGE_CURVE('',#12399,#12376,#12409,.T.);
#12409 = LINE('',#12410,#12411);
#12410 = CARTESIAN_POINT('',(12.731777790632,-13.14726890231,0.));
#12411 = VECTOR('',#12412,1.);
#12412 = DIRECTION('',(-0.772956300772,-0.634459263544,-0.));
#12413 = PLANE('',#12414);
#12414 = AXIS2_PLACEMENT_3D('',#12415,#12416,#12417);
#12415 = CARTESIAN_POINT('',(12.731777790632,-13.14726890231,0.));
#12416 = DIRECTION('',(-0.634459263544,0.772956300772,0.));
#12417 = DIRECTION('',(0.772956300772,0.634459263544,0.));
#12418 = ADVANCED_FACE('',(#12419),#12438,.T.);
#12419 = FACE_BOUND('',#12420,.F.);
#12420 = EDGE_LOOP('',(#12421,#12422,#12423,#12431));
#12421 = ORIENTED_EDGE('',*,*,#12398,.T.);
#12422 = ORIENTED_EDGE('',*,*,#8547,.T.);
#12423 = ORIENTED_EDGE('',*,*,#12424,.F.);
#12424 = EDGE_CURVE('',#12425,#8540,#12427,.T.);
#12425 = VERTEX_POINT('',#12426);
#12426 = CARTESIAN_POINT('',(13.147268902316,-12.73177779063,0.));
#12427 = LINE('',#12428,#12429);
#12428 = CARTESIAN_POINT('',(13.147268902316,-12.73177779063,0.));
#12429 = VECTOR('',#12430,1.);
#12430 = DIRECTION('',(0.,0.,1.));
#12431 = ORIENTED_EDGE('',*,*,#12432,.F.);
#12432 = EDGE_CURVE('',#12399,#12425,#12433,.T.);
#12433 = CIRCLE('',#12434,3.);
#12434 = AXIS2_PLACEMENT_3D('',#12435,#12436,#12437);
#12435 = CARTESIAN_POINT('',(10.8284,-10.8284,0.));
#12436 = DIRECTION('',(-0.,0.,1.));
#12437 = DIRECTION('',(-0.772956300772,-0.634459263544,-0.));
#12438 = CYLINDRICAL_SURFACE('',#12439,3.);
#12439 = AXIS2_PLACEMENT_3D('',#12440,#12441,#12442);
#12440 = CARTESIAN_POINT('',(10.8284,-10.8284,0.));
#12441 = DIRECTION('',(-0.,-0.,-1.));
#12442 = DIRECTION('',(-0.772956300772,-0.634459263544,-0.));
#12443 = ADVANCED_FACE('',(#12444),#12462,.F.);
#12444 = FACE_BOUND('',#12445,.T.);
#12445 = EDGE_LOOP('',(#12446,#12454,#12455,#12456));
#12446 = ORIENTED_EDGE('',*,*,#12447,.T.);
#12447 = EDGE_CURVE('',#12448,#8531,#12450,.T.);
#12448 = VERTEX_POINT('',#12449);
#12449 = CARTESIAN_POINT('',(13.644768902316,-12.12567779063,0.));
#12450 = LINE('',#12451,#12452);
#12451 = CARTESIAN_POINT('',(13.644768902316,-12.12567779063,0.));
#12452 = VECTOR('',#12453,1.);
#12453 = DIRECTION('',(0.,0.,1.));
#12454 = ORIENTED_EDGE('',*,*,#8539,.T.);
#12455 = ORIENTED_EDGE('',*,*,#12424,.F.);
#12456 = ORIENTED_EDGE('',*,*,#12457,.F.);
#12457 = EDGE_CURVE('',#12448,#12425,#12458,.T.);
#12458 = LINE('',#12459,#12460);
#12459 = CARTESIAN_POINT('',(13.644768902316,-12.12567779063,0.));
#12460 = VECTOR('',#12461,1.);
#12461 = DIRECTION('',(-0.634459263544,-0.772956300772,-0.));
#12462 = PLANE('',#12463);
#12463 = AXIS2_PLACEMENT_3D('',#12464,#12465,#12466);
#12464 = CARTESIAN_POINT('',(13.644768902316,-12.12567779063,0.));
#12465 = DIRECTION('',(-0.772956300772,0.634459263544,0.));
#12466 = DIRECTION('',(0.634459263544,0.772956300772,0.));
#12467 = ADVANCED_FACE('',(#12468),#12487,.T.);
#12468 = FACE_BOUND('',#12469,.F.);
#12469 = EDGE_LOOP('',(#12470,#12471,#12472,#12480));
#12470 = ORIENTED_EDGE('',*,*,#12447,.T.);
#12471 = ORIENTED_EDGE('',*,*,#8530,.T.);
#12472 = ORIENTED_EDGE('',*,*,#12473,.F.);
#12473 = EDGE_CURVE('',#12474,#8523,#12476,.T.);
#12474 = VERTEX_POINT('',#12475);
#12475 = CARTESIAN_POINT('',(13.971746284,-11.63633586992,0.));
#12476 = LINE('',#12477,#12478);
#12477 = CARTESIAN_POINT('',(13.971746284,-11.63633586992,0.));
#12478 = VECTOR('',#12479,1.);
#12479 = DIRECTION('',(0.,0.,1.));
#12480 = ORIENTED_EDGE('',*,*,#12481,.F.);
#12481 = EDGE_CURVE('',#12448,#12474,#12482,.T.);
#12482 = CIRCLE('',#12483,3.);
#12483 = AXIS2_PLACEMENT_3D('',#12484,#12485,#12486);
#12484 = CARTESIAN_POINT('',(11.3259,-10.2223,0.));
#12485 = DIRECTION('',(-0.,0.,1.));
#12486 = DIRECTION('',(-0.634459263544,-0.772956300772,-0.));
#12487 = CYLINDRICAL_SURFACE('',#12488,3.);
#12488 = AXIS2_PLACEMENT_3D('',#12489,#12490,#12491);
#12489 = CARTESIAN_POINT('',(11.3259,-10.2223,0.));
#12490 = DIRECTION('',(-0.,-0.,-1.));
#12491 = DIRECTION('',(-0.634459263544,-0.772956300772,-0.));
#12492 = ADVANCED_FACE('',(#12493),#12511,.F.);
#12493 = FACE_BOUND('',#12494,.T.);
#12494 = EDGE_LOOP('',(#12495,#12503,#12504,#12505));
#12495 = ORIENTED_EDGE('',*,*,#12496,.T.);
#12496 = EDGE_CURVE('',#12497,#8514,#12499,.T.);
#12497 = VERTEX_POINT('',#12498);
#12498 = CARTESIAN_POINT('',(14.341346284,-10.94476586992,0.));
#12499 = LINE('',#12500,#12501);
#12500 = CARTESIAN_POINT('',(14.341346284,-10.94476586992,0.));
#12501 = VECTOR('',#12502,1.);
#12502 = DIRECTION('',(0.,0.,1.));
#12503 = ORIENTED_EDGE('',*,*,#8522,.T.);
#12504 = ORIENTED_EDGE('',*,*,#12473,.F.);
#12505 = ORIENTED_EDGE('',*,*,#12506,.F.);
#12506 = EDGE_CURVE('',#12497,#12474,#12507,.T.);
#12507 = LINE('',#12508,#12509);
#12508 = CARTESIAN_POINT('',(14.341346284,-10.94476586992,0.));
#12509 = VECTOR('',#12510,1.);
#12510 = DIRECTION('',(-0.471345289976,-0.881948761333,-0.));
#12511 = PLANE('',#12512);
#12512 = AXIS2_PLACEMENT_3D('',#12513,#12514,#12515);
#12513 = CARTESIAN_POINT('',(14.341346284,-10.94476586992,0.));
#12514 = DIRECTION('',(-0.881948761333,0.471345289976,0.));
#12515 = DIRECTION('',(0.471345289976,0.881948761333,0.));
#12516 = ADVANCED_FACE('',(#12517),#12536,.T.);
#12517 = FACE_BOUND('',#12518,.F.);
#12518 = EDGE_LOOP('',(#12519,#12520,#12521,#12529));
#12519 = ORIENTED_EDGE('',*,*,#12496,.T.);
#12520 = ORIENTED_EDGE('',*,*,#8513,.T.);
#12521 = ORIENTED_EDGE('',*,*,#12522,.F.);
#12522 = EDGE_CURVE('',#12523,#8506,#12525,.T.);
#12523 = VERTEX_POINT('',#12524);
#12524 = CARTESIAN_POINT('',(14.566344654024,-10.40150607481,0.));
#12525 = LINE('',#12526,#12527);
#12526 = CARTESIAN_POINT('',(14.566344654024,-10.40150607481,0.));
#12527 = VECTOR('',#12528,1.);
#12528 = DIRECTION('',(0.,0.,1.));
#12529 = ORIENTED_EDGE('',*,*,#12530,.F.);
#12530 = EDGE_CURVE('',#12497,#12523,#12531,.T.);
#12531 = CIRCLE('',#12532,3.);
#12532 = AXIS2_PLACEMENT_3D('',#12533,#12534,#12535);
#12533 = CARTESIAN_POINT('',(11.6955,-9.53073,0.));
#12534 = DIRECTION('',(-0.,0.,1.));
#12535 = DIRECTION('',(-0.471345289976,-0.881948761333,-0.));
#12536 = CYLINDRICAL_SURFACE('',#12537,3.);
#12537 = AXIS2_PLACEMENT_3D('',#12538,#12539,#12540);
#12538 = CARTESIAN_POINT('',(11.6955,-9.53073,0.));
#12539 = DIRECTION('',(-0.,-0.,-1.));
#12540 = DIRECTION('',(-0.471345289976,-0.881948761333,-0.));
#12541 = ADVANCED_FACE('',(#12542),#12560,.F.);
#12542 = FACE_BOUND('',#12543,.T.);
#12543 = EDGE_LOOP('',(#12544,#12552,#12553,#12554));
#12544 = ORIENTED_EDGE('',*,*,#12545,.T.);
#12545 = EDGE_CURVE('',#12546,#8497,#12548,.T.);
#12546 = VERTEX_POINT('',#12547);
#12547 = CARTESIAN_POINT('',(14.793944654024,-9.651136074811,0.));
#12548 = LINE('',#12549,#12550);
#12549 = CARTESIAN_POINT('',(14.793944654024,-9.651136074811,0.));
#12550 = VECTOR('',#12551,1.);
#12551 = DIRECTION('',(0.,0.,1.));
#12552 = ORIENTED_EDGE('',*,*,#8505,.T.);
#12553 = ORIENTED_EDGE('',*,*,#12522,.F.);
#12554 = ORIENTED_EDGE('',*,*,#12555,.F.);
#12555 = EDGE_CURVE('',#12546,#12523,#12556,.T.);
#12556 = LINE('',#12557,#12558);
#12557 = CARTESIAN_POINT('',(14.793944654024,-9.651136074811,0.));
#12558 = VECTOR('',#12559,1.);
#12559 = DIRECTION('',(-0.290258691604,-0.956948218008,-0.));
#12560 = PLANE('',#12561);
#12561 = AXIS2_PLACEMENT_3D('',#12562,#12563,#12564);
#12562 = CARTESIAN_POINT('',(14.793944654024,-9.651136074811,0.));
#12563 = DIRECTION('',(-0.956948218008,0.290258691604,0.));
#12564 = DIRECTION('',(0.290258691604,0.956948218008,0.));
#12565 = ADVANCED_FACE('',(#12566),#12585,.T.);
#12566 = FACE_BOUND('',#12567,.F.);
#12567 = EDGE_LOOP('',(#12568,#12569,#12570,#12578));
#12568 = ORIENTED_EDGE('',*,*,#12545,.T.);
#12569 = ORIENTED_EDGE('',*,*,#8496,.T.);
#12570 = ORIENTED_EDGE('',*,*,#12571,.F.);
#12571 = EDGE_CURVE('',#12572,#8489,#12574,.T.);
#12572 = VERTEX_POINT('',#12573);
#12573 = CARTESIAN_POINT('',(14.908638782284,-9.074567714847,0.));
#12574 = LINE('',#12575,#12576);
#12575 = CARTESIAN_POINT('',(14.908638782284,-9.074567714847,0.));
#12576 = VECTOR('',#12577,1.);
#12577 = DIRECTION('',(0.,0.,1.));
#12578 = ORIENTED_EDGE('',*,*,#12579,.F.);
#12579 = EDGE_CURVE('',#12546,#12572,#12580,.T.);
#12580 = CIRCLE('',#12581,3.);
#12581 = AXIS2_PLACEMENT_3D('',#12582,#12583,#12584);
#12582 = CARTESIAN_POINT('',(11.9231,-8.78036,0.));
#12583 = DIRECTION('',(-0.,0.,1.));
#12584 = DIRECTION('',(-0.290258691604,-0.956948218008,-0.));
#12585 = CYLINDRICAL_SURFACE('',#12586,3.);
#12586 = AXIS2_PLACEMENT_3D('',#12587,#12588,#12589);
#12587 = CARTESIAN_POINT('',(11.9231,-8.78036,0.));
#12588 = DIRECTION('',(-0.,-0.,-1.));
#12589 = DIRECTION('',(-0.290258691604,-0.956948218008,-0.));
#12590 = ADVANCED_FACE('',(#12591),#12609,.F.);
#12591 = FACE_BOUND('',#12592,.T.);
#12592 = EDGE_LOOP('',(#12593,#12601,#12602,#12603));
#12593 = ORIENTED_EDGE('',*,*,#12594,.T.);
#12594 = EDGE_CURVE('',#12595,#8480,#12597,.T.);
#12595 = VERTEX_POINT('',#12596);
#12596 = CARTESIAN_POINT('',(14.985538782284,-8.294207714847,0.));
#12597 = LINE('',#12598,#12599);
#12598 = CARTESIAN_POINT('',(14.985538782284,-8.294207714847,0.));
#12599 = VECTOR('',#12600,1.);
#12600 = DIRECTION('',(0.,0.,1.));
#12601 = ORIENTED_EDGE('',*,*,#8488,.T.);
#12602 = ORIENTED_EDGE('',*,*,#12571,.F.);
#12603 = ORIENTED_EDGE('',*,*,#12604,.F.);
#12604 = EDGE_CURVE('',#12595,#12572,#12605,.T.);
#12605 = LINE('',#12606,#12607);
#12606 = CARTESIAN_POINT('',(14.985538782284,-8.294207714847,0.));
#12607 = VECTOR('',#12608,1.);
#12608 = DIRECTION('',(-9.806923828219E-02,-0.995179594095,-0.));
#12609 = PLANE('',#12610);
#12610 = AXIS2_PLACEMENT_3D('',#12611,#12612,#12613);
#12611 = CARTESIAN_POINT('',(14.985538782284,-8.294207714847,0.));
#12612 = DIRECTION('',(-0.995179594095,9.806923828219E-02,0.));
#12613 = DIRECTION('',(9.806923828219E-02,0.995179594095,0.));
#12614 = ADVANCED_FACE('',(#12615),#12634,.T.);
#12615 = FACE_BOUND('',#12616,.F.);
#12616 = EDGE_LOOP('',(#12617,#12618,#12619,#12627));
#12617 = ORIENTED_EDGE('',*,*,#12594,.T.);
#12618 = ORIENTED_EDGE('',*,*,#8479,.T.);
#12619 = ORIENTED_EDGE('',*,*,#12620,.F.);
#12620 = EDGE_CURVE('',#12621,#8472,#12623,.T.);
#12621 = VERTEX_POINT('',#12622);
#12622 = CARTESIAN_POINT('',(15.,-8.,0.));
#12623 = LINE('',#12624,#12625);
#12624 = CARTESIAN_POINT('',(15.,-8.,0.));
#12625 = VECTOR('',#12626,1.);
#12626 = DIRECTION('',(0.,0.,1.));
#12627 = ORIENTED_EDGE('',*,*,#12628,.F.);
#12628 = EDGE_CURVE('',#12595,#12621,#12629,.T.);
#12629 = CIRCLE('',#12630,3.);
#12630 = AXIS2_PLACEMENT_3D('',#12631,#12632,#12633);
#12631 = CARTESIAN_POINT('',(12.,-8.,0.));
#12632 = DIRECTION('',(-0.,0.,1.));
#12633 = DIRECTION('',(-9.806923828219E-02,-0.995179594095,-0.));
#12634 = CYLINDRICAL_SURFACE('',#12635,3.);
#12635 = AXIS2_PLACEMENT_3D('',#12636,#12637,#12638);
#12636 = CARTESIAN_POINT('',(12.,-8.,0.));
#12637 = DIRECTION('',(-0.,-0.,-1.));
#12638 = DIRECTION('',(-9.806923828219E-02,-0.995179594095,-0.));
#12639 = ADVANCED_FACE('',(#12640),#12658,.F.);
#12640 = FACE_BOUND('',#12641,.T.);
#12641 = EDGE_LOOP('',(#12642,#12650,#12651,#12652));
#12642 = ORIENTED_EDGE('',*,*,#12643,.T.);
#12643 = EDGE_CURVE('',#12644,#8463,#12646,.T.);
#12644 = VERTEX_POINT('',#12645);
#12645 = CARTESIAN_POINT('',(15.,46.1,0.));
#12646 = LINE('',#12647,#12648);
#12647 = CARTESIAN_POINT('',(15.,46.1,0.));
#12648 = VECTOR('',#12649,1.);
#12649 = DIRECTION('',(0.,0.,1.));
#12650 = ORIENTED_EDGE('',*,*,#8471,.T.);
#12651 = ORIENTED_EDGE('',*,*,#12620,.F.);
#12652 = ORIENTED_EDGE('',*,*,#12653,.F.);
#12653 = EDGE_CURVE('',#12644,#12621,#12654,.T.);
#12654 = LINE('',#12655,#12656);
#12655 = CARTESIAN_POINT('',(15.,46.1,0.));
#12656 = VECTOR('',#12657,1.);
#12657 = DIRECTION('',(-0.,-1.,-0.));
#12658 = PLANE('',#12659);
#12659 = AXIS2_PLACEMENT_3D('',#12660,#12661,#12662);
#12660 = CARTESIAN_POINT('',(15.,46.1,0.));
#12661 = DIRECTION('',(-1.,-0.,-0.));
#12662 = DIRECTION('',(0.,1.,0.));
#12663 = ADVANCED_FACE('',(#12664),#12683,.T.);
#12664 = FACE_BOUND('',#12665,.F.);
#12665 = EDGE_LOOP('',(#12666,#12667,#12668,#12676));
#12666 = ORIENTED_EDGE('',*,*,#12643,.T.);
#12667 = ORIENTED_EDGE('',*,*,#8462,.T.);
#12668 = ORIENTED_EDGE('',*,*,#12669,.F.);
#12669 = EDGE_CURVE('',#12670,#8455,#12672,.T.);
#12670 = VERTEX_POINT('',#12671);
#12671 = CARTESIAN_POINT('',(14.985540253988,46.394192780025,0.));
#12672 = LINE('',#12673,#12674);
#12673 = CARTESIAN_POINT('',(14.985540253988,46.394192780025,0.));
#12674 = VECTOR('',#12675,1.);
#12675 = DIRECTION('',(0.,0.,1.));
#12676 = ORIENTED_EDGE('',*,*,#12677,.F.);
#12677 = EDGE_CURVE('',#12644,#12670,#12678,.T.);
#12678 = CIRCLE('',#12679,3.);
#12679 = AXIS2_PLACEMENT_3D('',#12680,#12681,#12682);
#12680 = CARTESIAN_POINT('',(12.,46.1,0.));
#12681 = DIRECTION('',(0.,0.,1.));
#12682 = DIRECTION('',(-0.,-1.,-0.));
#12683 = CYLINDRICAL_SURFACE('',#12684,3.);
#12684 = AXIS2_PLACEMENT_3D('',#12685,#12686,#12687);
#12685 = CARTESIAN_POINT('',(12.,46.1,0.));
#12686 = DIRECTION('',(0.,0.,-1.));
#12687 = DIRECTION('',(-0.,-1.,-0.));
#12688 = ADVANCED_FACE('',(#12689),#12707,.F.);
#12689 = FACE_BOUND('',#12690,.T.);
#12690 = EDGE_LOOP('',(#12691,#12699,#12700,#12701));
#12691 = ORIENTED_EDGE('',*,*,#12692,.T.);
#12692 = EDGE_CURVE('',#12693,#8446,#12695,.T.);
#12693 = VERTEX_POINT('',#12694);
#12694 = CARTESIAN_POINT('',(14.908640253988,47.174592780025,0.));
#12695 = LINE('',#12696,#12697);
#12696 = CARTESIAN_POINT('',(14.908640253988,47.174592780025,0.));
#12697 = VECTOR('',#12698,1.);
#12698 = DIRECTION('',(0.,0.,1.));
#12699 = ORIENTED_EDGE('',*,*,#8454,.T.);
#12700 = ORIENTED_EDGE('',*,*,#12669,.F.);
#12701 = ORIENTED_EDGE('',*,*,#12702,.F.);
#12702 = EDGE_CURVE('',#12693,#12670,#12703,.T.);
#12703 = LINE('',#12704,#12705);
#12704 = CARTESIAN_POINT('',(14.908640253988,47.174592780025,0.));
#12705 = VECTOR('',#12706,1.);
#12706 = DIRECTION('',(9.80642600084E-02,-0.995180084663,0.));
#12707 = PLANE('',#12708);
#12708 = AXIS2_PLACEMENT_3D('',#12709,#12710,#12711);
#12709 = CARTESIAN_POINT('',(14.908640253988,47.174592780025,0.));
#12710 = DIRECTION('',(-0.995180084663,-9.80642600084E-02,-0.));
#12711 = DIRECTION('',(-9.80642600084E-02,0.995180084663,0.));
#12712 = ADVANCED_FACE('',(#12713),#12732,.T.);
#12713 = FACE_BOUND('',#12714,.F.);
#12714 = EDGE_LOOP('',(#12715,#12716,#12717,#12725));
#12715 = ORIENTED_EDGE('',*,*,#12692,.T.);
#12716 = ORIENTED_EDGE('',*,*,#8445,.T.);
#12717 = ORIENTED_EDGE('',*,*,#12718,.F.);
#12718 = EDGE_CURVE('',#12719,#8438,#12721,.T.);
#12719 = VERTEX_POINT('',#12720);
#12720 = CARTESIAN_POINT('',(14.793922087826,47.751250469398,0.));
#12721 = LINE('',#12722,#12723);
#12722 = CARTESIAN_POINT('',(14.793922087826,47.751250469398,0.));
#12723 = VECTOR('',#12724,1.);
#12724 = DIRECTION('',(0.,0.,1.));
#12725 = ORIENTED_EDGE('',*,*,#12726,.F.);
#12726 = EDGE_CURVE('',#12693,#12719,#12727,.T.);
#12727 = CIRCLE('',#12728,3.);
#12728 = AXIS2_PLACEMENT_3D('',#12729,#12730,#12731);
#12729 = CARTESIAN_POINT('',(11.9231,46.8804,0.));
#12730 = DIRECTION('',(-0.,0.,1.));
#12731 = DIRECTION('',(9.80642600084E-02,-0.995180084663,0.));
#12732 = CYLINDRICAL_SURFACE('',#12733,3.);
#12733 = AXIS2_PLACEMENT_3D('',#12734,#12735,#12736);
#12734 = CARTESIAN_POINT('',(11.9231,46.8804,0.));
#12735 = DIRECTION('',(0.,0.,-1.));
#12736 = DIRECTION('',(9.80642600084E-02,-0.995180084663,0.));
#12737 = ADVANCED_FACE('',(#12738),#12756,.F.);
#12738 = FACE_BOUND('',#12739,.T.);
#12739 = EDGE_LOOP('',(#12740,#12748,#12749,#12750));
#12740 = ORIENTED_EDGE('',*,*,#12741,.T.);
#12741 = EDGE_CURVE('',#12742,#8429,#12744,.T.);
#12742 = VERTEX_POINT('',#12743);
#12743 = CARTESIAN_POINT('',(14.566322087826,48.501550469398,0.));
#12744 = LINE('',#12745,#12746);
#12745 = CARTESIAN_POINT('',(14.566322087826,48.501550469398,0.));
#12746 = VECTOR('',#12747,1.);
#12747 = DIRECTION('',(0.,0.,1.));
#12748 = ORIENTED_EDGE('',*,*,#8437,.T.);
#12749 = ORIENTED_EDGE('',*,*,#12718,.F.);
#12750 = ORIENTED_EDGE('',*,*,#12751,.F.);
#12751 = EDGE_CURVE('',#12742,#12719,#12752,.T.);
#12752 = LINE('',#12753,#12754);
#12753 = CARTESIAN_POINT('',(14.566322087826,48.501550469398,0.));
#12754 = VECTOR('',#12755,1.);
#12755 = DIRECTION('',(0.290283489799,-0.956940695942,0.));
#12756 = PLANE('',#12757);
#12757 = AXIS2_PLACEMENT_3D('',#12758,#12759,#12760);
#12758 = CARTESIAN_POINT('',(14.566322087826,48.501550469398,0.));
#12759 = DIRECTION('',(-0.956940695942,-0.290283489799,-0.));
#12760 = DIRECTION('',(-0.290283489799,0.956940695942,0.));
#12761 = ADVANCED_FACE('',(#12762),#12781,.T.);
#12762 = FACE_BOUND('',#12763,.F.);
#12763 = EDGE_LOOP('',(#12764,#12765,#12766,#12774));
#12764 = ORIENTED_EDGE('',*,*,#12741,.T.);
#12765 = ORIENTED_EDGE('',*,*,#8428,.T.);
#12766 = ORIENTED_EDGE('',*,*,#12767,.F.);
#12767 = EDGE_CURVE('',#12768,#8421,#12770,.T.);
#12768 = VERTEX_POINT('',#12769);
#12769 = CARTESIAN_POINT('',(14.341371781998,49.0446881588,0.));
#12770 = LINE('',#12771,#12772);
#12771 = CARTESIAN_POINT('',(14.341371781998,49.0446881588,0.));
#12772 = VECTOR('',#12773,1.);
#12773 = DIRECTION('',(0.,0.,1.));
#12774 = ORIENTED_EDGE('',*,*,#12775,.F.);
#12775 = EDGE_CURVE('',#12742,#12768,#12776,.T.);
#12776 = CIRCLE('',#12777,3.);
#12777 = AXIS2_PLACEMENT_3D('',#12778,#12779,#12780);
#12778 = CARTESIAN_POINT('',(11.6955,47.6307,0.));
#12779 = DIRECTION('',(-0.,0.,1.));
#12780 = DIRECTION('',(0.290283489799,-0.956940695942,0.));
#12781 = CYLINDRICAL_SURFACE('',#12782,3.);
#12782 = AXIS2_PLACEMENT_3D('',#12783,#12784,#12785);
#12783 = CARTESIAN_POINT('',(11.6955,47.6307,0.));
#12784 = DIRECTION('',(0.,0.,-1.));
#12785 = DIRECTION('',(0.290283489799,-0.956940695942,0.));
#12786 = ADVANCED_FACE('',(#12787),#12805,.F.);
#12787 = FACE_BOUND('',#12788,.T.);
#12788 = EDGE_LOOP('',(#12789,#12797,#12798,#12799));
#12789 = ORIENTED_EDGE('',*,*,#12790,.T.);
#12790 = EDGE_CURVE('',#12791,#8412,#12793,.T.);
#12791 = VERTEX_POINT('',#12792);
#12792 = CARTESIAN_POINT('',(13.971771781998,49.7362881588,0.));
#12793 = LINE('',#12794,#12795);
#12794 = CARTESIAN_POINT('',(13.971771781998,49.7362881588,0.));
#12795 = VECTOR('',#12796,1.);
#12796 = DIRECTION('',(0.,0.,1.));
#12797 = ORIENTED_EDGE('',*,*,#8420,.T.);
#12798 = ORIENTED_EDGE('',*,*,#12767,.F.);
#12799 = ORIENTED_EDGE('',*,*,#12800,.F.);
#12800 = EDGE_CURVE('',#12791,#12768,#12801,.T.);
#12801 = LINE('',#12802,#12803);
#12802 = CARTESIAN_POINT('',(13.971771781998,49.7362881588,0.));
#12803 = VECTOR('',#12804,1.);
#12804 = DIRECTION('',(0.471329386267,-0.881957260666,0.));
#12805 = PLANE('',#12806);
#12806 = AXIS2_PLACEMENT_3D('',#12807,#12808,#12809);
#12807 = CARTESIAN_POINT('',(13.971771781998,49.7362881588,0.));
#12808 = DIRECTION('',(-0.881957260666,-0.471329386267,-0.));
#12809 = DIRECTION('',(-0.471329386267,0.881957260666,0.));
#12810 = ADVANCED_FACE('',(#12811),#12830,.T.);
#12811 = FACE_BOUND('',#12812,.F.);
#12812 = EDGE_LOOP('',(#12813,#12814,#12815,#12823));
#12813 = ORIENTED_EDGE('',*,*,#12790,.T.);
#12814 = ORIENTED_EDGE('',*,*,#8411,.T.);
#12815 = ORIENTED_EDGE('',*,*,#12816,.F.);
#12816 = EDGE_CURVE('',#12817,#8404,#12819,.T.);
#12817 = VERTEX_POINT('',#12818);
#12818 = CARTESIAN_POINT('',(13.644768902316,50.225677790632,0.));
#12819 = LINE('',#12820,#12821);
#12820 = CARTESIAN_POINT('',(13.644768902316,50.225677790632,0.));
#12821 = VECTOR('',#12822,1.);
#12822 = DIRECTION('',(0.,0.,1.));
#12823 = ORIENTED_EDGE('',*,*,#12824,.F.);
#12824 = EDGE_CURVE('',#12791,#12817,#12825,.T.);
#12825 = CIRCLE('',#12826,3.);
#12826 = AXIS2_PLACEMENT_3D('',#12827,#12828,#12829);
#12827 = CARTESIAN_POINT('',(11.3259,48.3223,0.));
#12828 = DIRECTION('',(-0.,0.,1.));
#12829 = DIRECTION('',(0.471329386267,-0.881957260666,0.));
#12830 = CYLINDRICAL_SURFACE('',#12831,3.);
#12831 = AXIS2_PLACEMENT_3D('',#12832,#12833,#12834);
#12832 = CARTESIAN_POINT('',(11.3259,48.3223,0.));
#12833 = DIRECTION('',(0.,0.,-1.));
#12834 = DIRECTION('',(0.471329386267,-0.881957260666,0.));
#12835 = ADVANCED_FACE('',(#12836),#12854,.F.);
#12836 = FACE_BOUND('',#12837,.T.);
#12837 = EDGE_LOOP('',(#12838,#12846,#12847,#12848));
#12838 = ORIENTED_EDGE('',*,*,#12839,.T.);
#12839 = EDGE_CURVE('',#12840,#8395,#12842,.T.);
#12840 = VERTEX_POINT('',#12841);
#12841 = CARTESIAN_POINT('',(13.147268902316,50.831777790632,0.));
#12842 = LINE('',#12843,#12844);
#12843 = CARTESIAN_POINT('',(13.147268902316,50.831777790632,0.));
#12844 = VECTOR('',#12845,1.);
#12845 = DIRECTION('',(0.,0.,1.));
#12846 = ORIENTED_EDGE('',*,*,#8403,.T.);
#12847 = ORIENTED_EDGE('',*,*,#12816,.F.);
#12848 = ORIENTED_EDGE('',*,*,#12849,.F.);
#12849 = EDGE_CURVE('',#12840,#12817,#12850,.T.);
#12850 = LINE('',#12851,#12852);
#12851 = CARTESIAN_POINT('',(13.147268902316,50.831777790632,0.));
#12852 = VECTOR('',#12853,1.);
#12853 = DIRECTION('',(0.634459263544,-0.772956300772,0.));
#12854 = PLANE('',#12855);
#12855 = AXIS2_PLACEMENT_3D('',#12856,#12857,#12858);
#12856 = CARTESIAN_POINT('',(13.147268902316,50.831777790632,0.));
#12857 = DIRECTION('',(-0.772956300772,-0.634459263544,-0.));
#12858 = DIRECTION('',(-0.634459263544,0.772956300772,0.));
#12859 = ADVANCED_FACE('',(#12860),#12879,.T.);
#12860 = FACE_BOUND('',#12861,.F.);
#12861 = EDGE_LOOP('',(#12862,#12863,#12864,#12872));
#12862 = ORIENTED_EDGE('',*,*,#12839,.T.);
#12863 = ORIENTED_EDGE('',*,*,#8394,.T.);
#12864 = ORIENTED_EDGE('',*,*,#12865,.F.);
#12865 = EDGE_CURVE('',#12866,#8387,#12868,.T.);
#12866 = VERTEX_POINT('',#12867);
#12867 = CARTESIAN_POINT('',(12.731777790632,51.247268902316,0.));
#12868 = LINE('',#12869,#12870);
#12869 = CARTESIAN_POINT('',(12.731777790632,51.247268902316,0.));
#12870 = VECTOR('',#12871,1.);
#12871 = DIRECTION('',(0.,0.,1.));
#12872 = ORIENTED_EDGE('',*,*,#12873,.F.);
#12873 = EDGE_CURVE('',#12840,#12866,#12874,.T.);
#12874 = CIRCLE('',#12875,3.);
#12875 = AXIS2_PLACEMENT_3D('',#12876,#12877,#12878);
#12876 = CARTESIAN_POINT('',(10.8284,48.9284,0.));
#12877 = DIRECTION('',(-0.,0.,1.));
#12878 = DIRECTION('',(0.634459263544,-0.772956300772,0.));
#12879 = CYLINDRICAL_SURFACE('',#12880,3.);
#12880 = AXIS2_PLACEMENT_3D('',#12881,#12882,#12883);
#12881 = CARTESIAN_POINT('',(10.8284,48.9284,0.));
#12882 = DIRECTION('',(0.,0.,-1.));
#12883 = DIRECTION('',(0.634459263544,-0.772956300772,0.));
#12884 = ADVANCED_FACE('',(#12885),#12903,.F.);
#12885 = FACE_BOUND('',#12886,.T.);
#12886 = EDGE_LOOP('',(#12887,#12895,#12896,#12897));
#12887 = ORIENTED_EDGE('',*,*,#12888,.T.);
#12888 = EDGE_CURVE('',#12889,#8378,#12891,.T.);
#12889 = VERTEX_POINT('',#12890);
#12890 = CARTESIAN_POINT('',(12.125677790632,51.744768902316,0.));
#12891 = LINE('',#12892,#12893);
#12892 = CARTESIAN_POINT('',(12.125677790632,51.744768902316,0.));
#12893 = VECTOR('',#12894,1.);
#12894 = DIRECTION('',(0.,0.,1.));
#12895 = ORIENTED_EDGE('',*,*,#8386,.T.);
#12896 = ORIENTED_EDGE('',*,*,#12865,.F.);
#12897 = ORIENTED_EDGE('',*,*,#12898,.F.);
#12898 = EDGE_CURVE('',#12889,#12866,#12899,.T.);
#12899 = LINE('',#12900,#12901);
#12900 = CARTESIAN_POINT('',(12.125677790632,51.744768902316,0.));
#12901 = VECTOR('',#12902,1.);
#12902 = DIRECTION('',(0.772956300772,-0.634459263544,0.));
#12903 = PLANE('',#12904);
#12904 = AXIS2_PLACEMENT_3D('',#12905,#12906,#12907);
#12905 = CARTESIAN_POINT('',(12.125677790632,51.744768902316,0.));
#12906 = DIRECTION('',(-0.634459263544,-0.772956300772,-0.));
#12907 = DIRECTION('',(-0.772956300772,0.634459263544,0.));
#12908 = ADVANCED_FACE('',(#12909),#12928,.T.);
#12909 = FACE_BOUND('',#12910,.F.);
#12910 = EDGE_LOOP('',(#12911,#12912,#12913,#12921));
#12911 = ORIENTED_EDGE('',*,*,#12888,.T.);
#12912 = ORIENTED_EDGE('',*,*,#8377,.T.);
#12913 = ORIENTED_EDGE('',*,*,#12914,.F.);
#12914 = EDGE_CURVE('',#12915,#8370,#12917,.T.);
#12915 = VERTEX_POINT('',#12916);
#12916 = CARTESIAN_POINT('',(11.636335869928,52.071746284,0.));
#12917 = LINE('',#12918,#12919);
#12918 = CARTESIAN_POINT('',(11.636335869928,52.071746284,0.));
#12919 = VECTOR('',#12920,1.);
#12920 = DIRECTION('',(0.,0.,1.));
#12921 = ORIENTED_EDGE('',*,*,#12922,.F.);
#12922 = EDGE_CURVE('',#12889,#12915,#12923,.T.);
#12923 = CIRCLE('',#12924,3.);
#12924 = AXIS2_PLACEMENT_3D('',#12925,#12926,#12927);
#12925 = CARTESIAN_POINT('',(10.2223,49.4259,0.));
#12926 = DIRECTION('',(-0.,0.,1.));
#12927 = DIRECTION('',(0.772956300772,-0.634459263544,0.));
#12928 = CYLINDRICAL_SURFACE('',#12929,3.);
#12929 = AXIS2_PLACEMENT_3D('',#12930,#12931,#12932);
#12930 = CARTESIAN_POINT('',(10.2223,49.4259,0.));
#12931 = DIRECTION('',(0.,0.,-1.));
#12932 = DIRECTION('',(0.772956300772,-0.634459263544,0.));
#12933 = ADVANCED_FACE('',(#12934),#12952,.F.);
#12934 = FACE_BOUND('',#12935,.T.);
#12935 = EDGE_LOOP('',(#12936,#12944,#12945,#12946));
#12936 = ORIENTED_EDGE('',*,*,#12937,.T.);
#12937 = EDGE_CURVE('',#12938,#8361,#12940,.T.);
#12938 = VERTEX_POINT('',#12939);
#12939 = CARTESIAN_POINT('',(10.944765869928,52.441346284,0.));
#12940 = LINE('',#12941,#12942);
#12941 = CARTESIAN_POINT('',(10.944765869928,52.441346284,0.));
#12942 = VECTOR('',#12943,1.);
#12943 = DIRECTION('',(0.,0.,1.));
#12944 = ORIENTED_EDGE('',*,*,#8369,.T.);
#12945 = ORIENTED_EDGE('',*,*,#12914,.F.);
#12946 = ORIENTED_EDGE('',*,*,#12947,.F.);
#12947 = EDGE_CURVE('',#12938,#12915,#12948,.T.);
#12948 = LINE('',#12949,#12950);
#12949 = CARTESIAN_POINT('',(10.944765869928,52.441346284,0.));
#12950 = VECTOR('',#12951,1.);
#12951 = DIRECTION('',(0.881948761333,-0.471345289976,0.));
#12952 = PLANE('',#12953);
#12953 = AXIS2_PLACEMENT_3D('',#12954,#12955,#12956);
#12954 = CARTESIAN_POINT('',(10.944765869928,52.441346284,0.));
#12955 = DIRECTION('',(-0.471345289976,-0.881948761333,-0.));
#12956 = DIRECTION('',(-0.881948761333,0.471345289976,0.));
#12957 = ADVANCED_FACE('',(#12958),#12977,.T.);
#12958 = FACE_BOUND('',#12959,.F.);
#12959 = EDGE_LOOP('',(#12960,#12961,#12962,#12970));
#12960 = ORIENTED_EDGE('',*,*,#12937,.T.);
#12961 = ORIENTED_EDGE('',*,*,#8360,.T.);
#12962 = ORIENTED_EDGE('',*,*,#12963,.F.);
#12963 = EDGE_CURVE('',#12964,#8353,#12966,.T.);
#12964 = VERTEX_POINT('',#12965);
#12965 = CARTESIAN_POINT('',(10.401506074811,52.666344654024,0.));
#12966 = LINE('',#12967,#12968);
#12967 = CARTESIAN_POINT('',(10.401506074811,52.666344654024,0.));
#12968 = VECTOR('',#12969,1.);
#12969 = DIRECTION('',(0.,0.,1.));
#12970 = ORIENTED_EDGE('',*,*,#12971,.F.);
#12971 = EDGE_CURVE('',#12938,#12964,#12972,.T.);
#12972 = CIRCLE('',#12973,3.);
#12973 = AXIS2_PLACEMENT_3D('',#12974,#12975,#12976);
#12974 = CARTESIAN_POINT('',(9.53073,49.7955,0.));
#12975 = DIRECTION('',(-0.,0.,1.));
#12976 = DIRECTION('',(0.881948761333,-0.471345289976,0.));
#12977 = CYLINDRICAL_SURFACE('',#12978,3.);
#12978 = AXIS2_PLACEMENT_3D('',#12979,#12980,#12981);
#12979 = CARTESIAN_POINT('',(9.53073,49.7955,0.));
#12980 = DIRECTION('',(0.,0.,-1.));
#12981 = DIRECTION('',(0.881948761333,-0.471345289976,0.));
#12982 = ADVANCED_FACE('',(#12983),#13001,.F.);
#12983 = FACE_BOUND('',#12984,.T.);
#12984 = EDGE_LOOP('',(#12985,#12993,#12994,#12995));
#12985 = ORIENTED_EDGE('',*,*,#12986,.T.);
#12986 = EDGE_CURVE('',#12987,#8344,#12989,.T.);
#12987 = VERTEX_POINT('',#12988);
#12988 = CARTESIAN_POINT('',(9.651136074811,52.893944654024,0.));
#12989 = LINE('',#12990,#12991);
#12990 = CARTESIAN_POINT('',(9.651136074811,52.893944654024,0.));
#12991 = VECTOR('',#12992,1.);
#12992 = DIRECTION('',(0.,0.,1.));
#12993 = ORIENTED_EDGE('',*,*,#8352,.T.);
#12994 = ORIENTED_EDGE('',*,*,#12963,.F.);
#12995 = ORIENTED_EDGE('',*,*,#12996,.F.);
#12996 = EDGE_CURVE('',#12987,#12964,#12997,.T.);
#12997 = LINE('',#12998,#12999);
#12998 = CARTESIAN_POINT('',(9.651136074811,52.893944654024,0.));
#12999 = VECTOR('',#13000,1.);
#13000 = DIRECTION('',(0.956948218008,-0.290258691604,0.));
#13001 = PLANE('',#13002);
#13002 = AXIS2_PLACEMENT_3D('',#13003,#13004,#13005);
#13003 = CARTESIAN_POINT('',(9.651136074811,52.893944654024,0.));
#13004 = DIRECTION('',(-0.290258691604,-0.956948218008,-0.));
#13005 = DIRECTION('',(-0.956948218008,0.290258691604,0.));
#13006 = ADVANCED_FACE('',(#13007),#13026,.T.);
#13007 = FACE_BOUND('',#13008,.F.);
#13008 = EDGE_LOOP('',(#13009,#13010,#13011,#13019));
#13009 = ORIENTED_EDGE('',*,*,#12986,.T.);
#13010 = ORIENTED_EDGE('',*,*,#8343,.T.);
#13011 = ORIENTED_EDGE('',*,*,#13012,.F.);
#13012 = EDGE_CURVE('',#13013,#8336,#13015,.T.);
#13013 = VERTEX_POINT('',#13014);
#13014 = CARTESIAN_POINT('',(9.074567714847,53.008638782284,0.));
#13015 = LINE('',#13016,#13017);
#13016 = CARTESIAN_POINT('',(9.074567714847,53.008638782284,0.));
#13017 = VECTOR('',#13018,1.);
#13018 = DIRECTION('',(0.,0.,1.));
#13019 = ORIENTED_EDGE('',*,*,#13020,.F.);
#13020 = EDGE_CURVE('',#12987,#13013,#13021,.T.);
#13021 = CIRCLE('',#13022,3.);
#13022 = AXIS2_PLACEMENT_3D('',#13023,#13024,#13025);
#13023 = CARTESIAN_POINT('',(8.78036,50.0231,0.));
#13024 = DIRECTION('',(-0.,0.,1.));
#13025 = DIRECTION('',(0.956948218008,-0.290258691604,0.));
#13026 = CYLINDRICAL_SURFACE('',#13027,3.);
#13027 = AXIS2_PLACEMENT_3D('',#13028,#13029,#13030);
#13028 = CARTESIAN_POINT('',(8.78036,50.0231,0.));
#13029 = DIRECTION('',(0.,0.,-1.));
#13030 = DIRECTION('',(0.956948218008,-0.290258691604,0.));
#13031 = ADVANCED_FACE('',(#13032),#13050,.F.);
#13032 = FACE_BOUND('',#13033,.T.);
#13033 = EDGE_LOOP('',(#13034,#13042,#13043,#13044));
#13034 = ORIENTED_EDGE('',*,*,#13035,.T.);
#13035 = EDGE_CURVE('',#13036,#8327,#13038,.T.);
#13036 = VERTEX_POINT('',#13037);
#13037 = CARTESIAN_POINT('',(8.294207714847,53.085538782284,0.));
#13038 = LINE('',#13039,#13040);
#13039 = CARTESIAN_POINT('',(8.294207714847,53.085538782284,0.));
#13040 = VECTOR('',#13041,1.);
#13041 = DIRECTION('',(0.,0.,1.));
#13042 = ORIENTED_EDGE('',*,*,#8335,.T.);
#13043 = ORIENTED_EDGE('',*,*,#13012,.F.);
#13044 = ORIENTED_EDGE('',*,*,#13045,.F.);
#13045 = EDGE_CURVE('',#13036,#13013,#13046,.T.);
#13046 = LINE('',#13047,#13048);
#13047 = CARTESIAN_POINT('',(8.294207714847,53.085538782284,0.));
#13048 = VECTOR('',#13049,1.);
#13049 = DIRECTION('',(0.995179594095,-9.80692382822E-02,0.));
#13050 = PLANE('',#13051);
#13051 = AXIS2_PLACEMENT_3D('',#13052,#13053,#13054);
#13052 = CARTESIAN_POINT('',(8.294207714847,53.085538782284,0.));
#13053 = DIRECTION('',(-9.80692382822E-02,-0.995179594095,-0.));
#13054 = DIRECTION('',(-0.995179594095,9.80692382822E-02,0.));
#13055 = ADVANCED_FACE('',(#13056),#13075,.T.);
#13056 = FACE_BOUND('',#13057,.F.);
#13057 = EDGE_LOOP('',(#13058,#13059,#13060,#13068));
#13058 = ORIENTED_EDGE('',*,*,#13035,.T.);
#13059 = ORIENTED_EDGE('',*,*,#8326,.T.);
#13060 = ORIENTED_EDGE('',*,*,#13061,.F.);
#13061 = EDGE_CURVE('',#13062,#8319,#13064,.T.);
#13062 = VERTEX_POINT('',#13063);
#13063 = CARTESIAN_POINT('',(8.,53.1,0.));
#13064 = LINE('',#13065,#13066);
#13065 = CARTESIAN_POINT('',(8.,53.1,0.));
#13066 = VECTOR('',#13067,1.);
#13067 = DIRECTION('',(0.,0.,1.));
#13068 = ORIENTED_EDGE('',*,*,#13069,.F.);
#13069 = EDGE_CURVE('',#13036,#13062,#13070,.T.);
#13070 = CIRCLE('',#13071,3.);
#13071 = AXIS2_PLACEMENT_3D('',#13072,#13073,#13074);
#13072 = CARTESIAN_POINT('',(8.,50.1,0.));
#13073 = DIRECTION('',(-0.,0.,1.));
#13074 = DIRECTION('',(0.995179594095,-9.80692382822E-02,0.));
#13075 = CYLINDRICAL_SURFACE('',#13076,3.);
#13076 = AXIS2_PLACEMENT_3D('',#13077,#13078,#13079);
#13077 = CARTESIAN_POINT('',(8.,50.1,0.));
#13078 = DIRECTION('',(0.,0.,-1.));
#13079 = DIRECTION('',(0.995179594095,-9.80692382822E-02,0.));
#13080 = ADVANCED_FACE('',(#13081),#13099,.F.);
#13081 = FACE_BOUND('',#13082,.T.);
#13082 = EDGE_LOOP('',(#13083,#13091,#13092,#13093));
#13083 = ORIENTED_EDGE('',*,*,#13084,.T.);
#13084 = EDGE_CURVE('',#13085,#8311,#13087,.T.);
#13085 = VERTEX_POINT('',#13086);
#13086 = CARTESIAN_POINT('',(1.293890175068,53.1,0.));
#13087 = LINE('',#13088,#13089);
#13088 = CARTESIAN_POINT('',(1.293890175068,53.1,0.));
#13089 = VECTOR('',#13090,1.);
#13090 = DIRECTION('',(0.,0.,1.));
#13091 = ORIENTED_EDGE('',*,*,#8318,.T.);
#13092 = ORIENTED_EDGE('',*,*,#13061,.F.);
#13093 = ORIENTED_EDGE('',*,*,#13094,.F.);
#13094 = EDGE_CURVE('',#13085,#13062,#13095,.T.);
#13095 = LINE('',#13096,#13097);
#13096 = CARTESIAN_POINT('',(1.14651,53.1,0.));
#13097 = VECTOR('',#13098,1.);
#13098 = DIRECTION('',(1.,0.,0.));
#13099 = PLANE('',#13100);
#13100 = AXIS2_PLACEMENT_3D('',#13101,#13102,#13103);
#13101 = CARTESIAN_POINT('',(1.293890175068,53.1,0.));
#13102 = DIRECTION('',(-0.,-1.,-0.));
#13103 = DIRECTION('',(-1.,0.,0.));
#13104 = ADVANCED_FACE('',(#13105),#13123,.F.);
#13105 = FACE_BOUND('',#13106,.T.);
#13106 = EDGE_LOOP('',(#13107,#13115,#13116,#13117));
#13107 = ORIENTED_EDGE('',*,*,#13108,.T.);
#13108 = EDGE_CURVE('',#13109,#8303,#13111,.T.);
#13109 = VERTEX_POINT('',#13110);
#13110 = CARTESIAN_POINT('',(-1.888532736197E-02,53.229296771617,0.));
#13111 = LINE('',#13112,#13113);
#13112 = CARTESIAN_POINT('',(-1.888532736197E-02,53.229296771617,0.));
#13113 = VECTOR('',#13114,1.);
#13114 = DIRECTION('',(0.,0.,1.));
#13115 = ORIENTED_EDGE('',*,*,#8310,.T.);
#13116 = ORIENTED_EDGE('',*,*,#13084,.F.);
#13117 = ORIENTED_EDGE('',*,*,#13118,.F.);
#13118 = EDGE_CURVE('',#13109,#13085,#13119,.T.);
#13119 = LINE('',#13120,#13121);
#13120 = CARTESIAN_POINT('',(-0.312896322094,53.258254253204,0.));
#13121 = VECTOR('',#13122,1.);
#13122 = DIRECTION('',(0.995184751068,-9.801689263519E-02,0.));
#13123 = PLANE('',#13124);
#13124 = AXIS2_PLACEMENT_3D('',#13125,#13126,#13127);
#13125 = CARTESIAN_POINT('',(-1.888532736197E-02,53.229296771617,0.));
#13126 = DIRECTION('',(-9.801689263519E-02,-0.995184751068,-0.));
#13127 = DIRECTION('',(-0.995184751068,9.801689263519E-02,0.));
#13128 = ADVANCED_FACE('',(#13129),#13147,.F.);
#13129 = FACE_BOUND('',#13130,.T.);
#13130 = EDGE_LOOP('',(#13131,#13139,#13140,#13141));
#13131 = ORIENTED_EDGE('',*,*,#13132,.T.);
#13132 = EDGE_CURVE('',#13133,#8295,#13135,.T.);
#13133 = VERTEX_POINT('',#13134);
#13134 = CARTESIAN_POINT('',(-0.950484193956,53.511866654666,0.));
#13135 = LINE('',#13136,#13137);
#13136 = CARTESIAN_POINT('',(-0.950484193956,53.511866654666,0.));
#13137 = VECTOR('',#13138,1.);
#13138 = DIRECTION('',(0.,0.,1.));
#13139 = ORIENTED_EDGE('',*,*,#8302,.T.);
#13140 = ORIENTED_EDGE('',*,*,#13108,.F.);
#13141 = ORIENTED_EDGE('',*,*,#13142,.F.);
#13142 = EDGE_CURVE('',#13133,#13109,#13143,.T.);
#13143 = LINE('',#13144,#13145);
#13144 = CARTESIAN_POINT('',(-1.23328369538,53.597644584319,0.));
#13145 = VECTOR('',#13146,1.);
#13146 = DIRECTION('',(0.956948194773,-0.290258768207,0.));
#13147 = PLANE('',#13148);
#13148 = AXIS2_PLACEMENT_3D('',#13149,#13150,#13151);
#13149 = CARTESIAN_POINT('',(-0.950484193956,53.511866654666,0.));
#13150 = DIRECTION('',(-0.290258768207,-0.956948194773,-0.));
#13151 = DIRECTION('',(-0.956948194773,0.290258768207,0.));
#13152 = ADVANCED_FACE('',(#13153),#13171,.F.);
#13153 = FACE_BOUND('',#13154,.T.);
#13154 = EDGE_LOOP('',(#13155,#13163,#13164,#13165));
#13155 = ORIENTED_EDGE('',*,*,#13156,.T.);
#13156 = EDGE_CURVE('',#13157,#8287,#13159,.T.);
#13157 = VERTEX_POINT('',#13158);
#13158 = CARTESIAN_POINT('',(-1.809026776825,53.970772365748,0.));
#13159 = LINE('',#13160,#13161);
#13160 = CARTESIAN_POINT('',(-1.809026776825,53.970772365748,0.));
#13161 = VECTOR('',#13162,1.);
#13162 = DIRECTION('',(0.,0.,1.));
#13163 = ORIENTED_EDGE('',*,*,#8294,.T.);
#13164 = ORIENTED_EDGE('',*,*,#13132,.F.);
#13165 = ORIENTED_EDGE('',*,*,#13166,.F.);
#13166 = EDGE_CURVE('',#13157,#13133,#13167,.T.);
#13167 = LINE('',#13168,#13169);
#13168 = CARTESIAN_POINT('',(-2.069607469889,54.110057208027,0.));
#13169 = VECTOR('',#13170,1.);
#13170 = DIRECTION('',(0.881919069342,-0.47140084337,0.));
#13171 = PLANE('',#13172);
#13172 = AXIS2_PLACEMENT_3D('',#13173,#13174,#13175);
#13173 = CARTESIAN_POINT('',(-1.809026776825,53.970772365748,0.));
#13174 = DIRECTION('',(-0.47140084337,-0.881919069342,-0.));
#13175 = DIRECTION('',(-0.881919069342,0.47140084337,0.));
#13176 = ADVANCED_FACE('',(#13177),#13195,.F.);
#13177 = FACE_BOUND('',#13178,.T.);
#13178 = EDGE_LOOP('',(#13179,#13187,#13188,#13189));
#13179 = ORIENTED_EDGE('',*,*,#13180,.T.);
#13180 = EDGE_CURVE('',#13181,#8279,#13183,.T.);
#13181 = VERTEX_POINT('',#13182);
#13182 = CARTESIAN_POINT('',(-2.561561124714,54.588363769697,0.));
#13183 = LINE('',#13184,#13185);
#13184 = CARTESIAN_POINT('',(-2.561561124714,54.588363769697,0.));
#13185 = VECTOR('',#13186,1.);
#13186 = DIRECTION('',(0.,0.,1.));
#13187 = ORIENTED_EDGE('',*,*,#8286,.T.);
#13188 = ORIENTED_EDGE('',*,*,#13156,.F.);
#13189 = ORIENTED_EDGE('',*,*,#13190,.F.);
#13190 = EDGE_CURVE('',#13181,#13157,#13191,.T.);
#13191 = LINE('',#13192,#13193);
#13192 = CARTESIAN_POINT('',(-2.789985681604,54.775827695008,0.));
#13193 = VECTOR('',#13194,1.);
#13194 = DIRECTION('',(0.773009231669,-0.634394772799,0.));
#13195 = PLANE('',#13196);
#13196 = AXIS2_PLACEMENT_3D('',#13197,#13198,#13199);
#13197 = CARTESIAN_POINT('',(-2.561561124714,54.588363769697,0.));
#13198 = DIRECTION('',(-0.634394772799,-0.773009231669,-0.));
#13199 = DIRECTION('',(-0.773009231669,0.634394772799,0.));
#13200 = ADVANCED_FACE('',(#13201),#13219,.F.);
#13201 = FACE_BOUND('',#13202,.T.);
#13202 = EDGE_LOOP('',(#13203,#13211,#13212,#13213));
#13203 = ORIENTED_EDGE('',*,*,#13204,.T.);
#13204 = EDGE_CURVE('',#13205,#8271,#13207,.T.);
#13205 = VERTEX_POINT('',#13206);
#13206 = CARTESIAN_POINT('',(-3.1791870019,55.340972597865,0.));
#13207 = LINE('',#13208,#13209);
#13208 = CARTESIAN_POINT('',(-3.1791870019,55.340972597865,0.));
#13209 = VECTOR('',#13210,1.);
#13210 = DIRECTION('',(0.,0.,1.));
#13211 = ORIENTED_EDGE('',*,*,#8278,.T.);
#13212 = ORIENTED_EDGE('',*,*,#13180,.F.);
#13213 = ORIENTED_EDGE('',*,*,#13214,.F.);
#13214 = EDGE_CURVE('',#13205,#13181,#13215,.T.);
#13215 = LINE('',#13216,#13217);
#13216 = CARTESIAN_POINT('',(-3.36659203304,55.569335246013,0.));
#13217 = VECTOR('',#13218,1.);
#13218 = DIRECTION('',(0.634378415338,-0.773022655653,0.));
#13219 = PLANE('',#13220);
#13220 = AXIS2_PLACEMENT_3D('',#13221,#13222,#13223);
#13221 = CARTESIAN_POINT('',(-3.1791870019,55.340972597865,0.));
#13222 = DIRECTION('',(-0.773022655653,-0.634378415338,-0.));
#13223 = DIRECTION('',(-0.634378415338,0.773022655653,0.));
#13224 = ADVANCED_FACE('',(#13225),#13243,.F.);
#13225 = FACE_BOUND('',#13226,.T.);
#13226 = EDGE_LOOP('',(#13227,#13235,#13236,#13237));
#13227 = ORIENTED_EDGE('',*,*,#13228,.T.);
#13228 = EDGE_CURVE('',#13229,#8263,#13231,.T.);
#13229 = VERTEX_POINT('',#13230);
#13230 = CARTESIAN_POINT('',(-3.63811705073,56.199529599046,0.));
#13231 = LINE('',#13232,#13233);
#13232 = CARTESIAN_POINT('',(-3.63811705073,56.199529599046,0.));
#13233 = VECTOR('',#13234,1.);
#13234 = DIRECTION('',(0.,0.,1.));
#13235 = ORIENTED_EDGE('',*,*,#8270,.T.);
#13236 = ORIENTED_EDGE('',*,*,#13204,.F.);
#13237 = ORIENTED_EDGE('',*,*,#13238,.F.);
#13238 = EDGE_CURVE('',#13229,#13205,#13239,.T.);
#13239 = LINE('',#13240,#13241);
#13240 = CARTESIAN_POINT('',(-3.777424098794,56.460142391201,0.));
#13241 = VECTOR('',#13242,1.);
#13242 = DIRECTION('',(0.4714141304,-0.881911967069,0.));
#13243 = PLANE('',#13244);
#13244 = AXIS2_PLACEMENT_3D('',#13245,#13246,#13247);
#13245 = CARTESIAN_POINT('',(-3.63811705073,56.199529599046,0.));
#13246 = DIRECTION('',(-0.881911967069,-0.4714141304,-0.));
#13247 = DIRECTION('',(-0.4714141304,0.881911967069,0.));
#13248 = ADVANCED_FACE('',(#13249),#13267,.F.);
#13249 = FACE_BOUND('',#13250,.T.);
#13250 = EDGE_LOOP('',(#13251,#13259,#13260,#13261));
#13251 = ORIENTED_EDGE('',*,*,#13252,.T.);
#13252 = EDGE_CURVE('',#13253,#8255,#13255,.T.);
#13253 = VERTEX_POINT('',#13254);
#13254 = CARTESIAN_POINT('',(-3.947202433851,57.218459109084,0.));
#13255 = LINE('',#13256,#13257);
#13256 = CARTESIAN_POINT('',(-3.947202433851,57.218459109084,0.));
#13257 = VECTOR('',#13258,1.);
#13258 = DIRECTION('',(0.,0.,1.));
#13259 = ORIENTED_EDGE('',*,*,#8262,.T.);
#13260 = ORIENTED_EDGE('',*,*,#13228,.F.);
#13261 = ORIENTED_EDGE('',*,*,#13262,.F.);
#13262 = EDGE_CURVE('',#13253,#13229,#13263,.T.);
#13263 = LINE('',#13264,#13265);
#13264 = CARTESIAN_POINT('',(-4.011446249935,57.430244989688,0.));
#13265 = VECTOR('',#13266,1.);
#13266 = DIRECTION('',(0.290281663229,-0.956941250022,0.));
#13267 = PLANE('',#13268);
#13268 = AXIS2_PLACEMENT_3D('',#13269,#13270,#13271);
#13269 = CARTESIAN_POINT('',(-3.947202433851,57.218459109084,0.));
#13270 = DIRECTION('',(-0.956941250022,-0.290281663229,-0.));
#13271 = DIRECTION('',(-0.290281663229,0.956941250022,0.));
#13272 = ADVANCED_FACE('',(#13273),#13291,.F.);
#13273 = FACE_BOUND('',#13274,.T.);
#13274 = EDGE_LOOP('',(#13275,#13283,#13284,#13285));
#13275 = ORIENTED_EDGE('',*,*,#13276,.T.);
#13276 = EDGE_CURVE('',#13277,#8246,#13279,.T.);
#13277 = VERTEX_POINT('',#13278);
#13278 = CARTESIAN_POINT('',(-3.96234261841,57.320538488279,0.));
#13279 = LINE('',#13280,#13281);
#13280 = CARTESIAN_POINT('',(-3.96234261841,57.320538488279,0.));
#13281 = VECTOR('',#13282,1.);
#13282 = DIRECTION('',(0.,0.,1.));
#13283 = ORIENTED_EDGE('',*,*,#8254,.T.);
#13284 = ORIENTED_EDGE('',*,*,#13252,.F.);
#13285 = ORIENTED_EDGE('',*,*,#13286,.F.);
#13286 = EDGE_CURVE('',#13277,#13253,#13287,.T.);
#13287 = LINE('',#13288,#13289);
#13288 = CARTESIAN_POINT('',(-3.96234261841,57.320538488279,0.));
#13289 = VECTOR('',#13290,1.);
#13290 = DIRECTION('',(0.146712829426,-0.989179127197,0.));
#13291 = PLANE('',#13292);
#13292 = AXIS2_PLACEMENT_3D('',#13293,#13294,#13295);
#13293 = CARTESIAN_POINT('',(-3.96234261841,57.320538488279,0.));
#13294 = DIRECTION('',(-0.989179127197,-0.146712829426,-0.));
#13295 = DIRECTION('',(-0.146712829426,0.989179127197,0.));
#13296 = ADVANCED_FACE('',(#13297),#13316,.T.);
#13297 = FACE_BOUND('',#13298,.F.);
#13298 = EDGE_LOOP('',(#13299,#13300,#13301,#13309));
#13299 = ORIENTED_EDGE('',*,*,#13276,.T.);
#13300 = ORIENTED_EDGE('',*,*,#8245,.T.);
#13301 = ORIENTED_EDGE('',*,*,#13302,.F.);
#13302 = EDGE_CURVE('',#13303,#8238,#13305,.T.);
#13303 = VERTEX_POINT('',#13304);
#13304 = CARTESIAN_POINT('',(-4.059079170201,57.751320544954,0.));
#13305 = LINE('',#13306,#13307);
#13306 = CARTESIAN_POINT('',(-4.059079170201,57.751320544954,0.));
#13307 = VECTOR('',#13308,1.);
#13308 = DIRECTION('',(0.,0.,1.));
#13309 = ORIENTED_EDGE('',*,*,#13310,.F.);
#13310 = EDGE_CURVE('',#13277,#13303,#13311,.T.);
#13311 = CIRCLE('',#13312,3.);
#13312 = AXIS2_PLACEMENT_3D('',#13313,#13314,#13315);
#13313 = CARTESIAN_POINT('',(-6.92988,56.8804,0.));
#13314 = DIRECTION('',(-0.,0.,1.));
#13315 = DIRECTION('',(0.146712829426,-0.989179127197,0.));
#13316 = CYLINDRICAL_SURFACE('',#13317,3.);
#13317 = AXIS2_PLACEMENT_3D('',#13318,#13319,#13320);
#13318 = CARTESIAN_POINT('',(-6.92988,56.8804,0.));
#13319 = DIRECTION('',(0.,0.,-1.));
#13320 = DIRECTION('',(0.146712829426,-0.989179127197,0.));
#13321 = ADVANCED_FACE('',(#13322),#13340,.F.);
#13322 = FACE_BOUND('',#13323,.T.);
#13323 = EDGE_LOOP('',(#13324,#13332,#13333,#13334));
#13324 = ORIENTED_EDGE('',*,*,#13325,.T.);
#13325 = EDGE_CURVE('',#13326,#8229,#13328,.T.);
#13326 = VERTEX_POINT('',#13327);
#13327 = CARTESIAN_POINT('',(-4.286699170201,58.501620544954,0.));
#13328 = LINE('',#13329,#13330);
#13329 = CARTESIAN_POINT('',(-4.286699170201,58.501620544954,0.));
#13330 = VECTOR('',#13331,1.);
#13331 = DIRECTION('',(0.,0.,1.));
#13332 = ORIENTED_EDGE('',*,*,#8237,.T.);
#13333 = ORIENTED_EDGE('',*,*,#13302,.F.);
#13334 = ORIENTED_EDGE('',*,*,#13335,.F.);
#13335 = EDGE_CURVE('',#13326,#13303,#13336,.T.);
#13336 = LINE('',#13337,#13338);
#13337 = CARTESIAN_POINT('',(-4.286699170201,58.501620544954,0.));
#13338 = VECTOR('',#13339,1.);
#13339 = DIRECTION('',(0.290306848318,-0.956933609933,0.));
#13340 = PLANE('',#13341);
#13341 = AXIS2_PLACEMENT_3D('',#13342,#13343,#13344);
#13342 = CARTESIAN_POINT('',(-4.286699170201,58.501620544954,0.));
#13343 = DIRECTION('',(-0.956933609933,-0.290306848318,-0.));
#13344 = DIRECTION('',(-0.290306848318,0.956933609933,0.));
#13345 = ADVANCED_FACE('',(#13346),#13365,.T.);
#13346 = FACE_BOUND('',#13347,.F.);
#13347 = EDGE_LOOP('',(#13348,#13349,#13350,#13358));
#13348 = ORIENTED_EDGE('',*,*,#13325,.T.);
#13349 = ORIENTED_EDGE('',*,*,#8228,.T.);
#13350 = ORIENTED_EDGE('',*,*,#13351,.F.);
#13351 = EDGE_CURVE('',#13352,#8221,#13354,.T.);
#13352 = VERTEX_POINT('',#13353);
#13353 = CARTESIAN_POINT('',(-4.511691832148,59.044807187919,0.));
#13354 = LINE('',#13355,#13356);
#13355 = CARTESIAN_POINT('',(-4.511691832148,59.044807187919,0.));
#13356 = VECTOR('',#13357,1.);
#13357 = DIRECTION('',(0.,0.,1.));
#13358 = ORIENTED_EDGE('',*,*,#13359,.F.);
#13359 = EDGE_CURVE('',#13326,#13352,#13360,.T.);
#13360 = CIRCLE('',#13361,3.);
#13361 = AXIS2_PLACEMENT_3D('',#13362,#13363,#13364);
#13362 = CARTESIAN_POINT('',(-7.1575,57.6307,0.));
#13363 = DIRECTION('',(-0.,0.,1.));
#13364 = DIRECTION('',(0.290306848318,-0.956933609933,0.));
#13365 = CYLINDRICAL_SURFACE('',#13366,3.);
#13366 = AXIS2_PLACEMENT_3D('',#13367,#13368,#13369);
#13367 = CARTESIAN_POINT('',(-7.1575,57.6307,0.));
#13368 = DIRECTION('',(0.,0.,-1.));
#13369 = DIRECTION('',(0.290306848318,-0.956933609933,0.));
#13370 = ADVANCED_FACE('',(#13371),#13389,.F.);
#13371 = FACE_BOUND('',#13372,.T.);
#13372 = EDGE_LOOP('',(#13373,#13381,#13382,#13383));
#13373 = ORIENTED_EDGE('',*,*,#13374,.T.);
#13374 = EDGE_CURVE('',#13375,#8212,#13377,.T.);
#13375 = VERTEX_POINT('',#13376);
#13376 = CARTESIAN_POINT('',(-4.881331832148,59.736407187919,0.));
#13377 = LINE('',#13378,#13379);
#13378 = CARTESIAN_POINT('',(-4.881331832148,59.736407187919,0.));
#13379 = VECTOR('',#13380,1.);
#13380 = DIRECTION('',(0.,0.,1.));
#13381 = ORIENTED_EDGE('',*,*,#8220,.T.);
#13382 = ORIENTED_EDGE('',*,*,#13351,.F.);
#13383 = ORIENTED_EDGE('',*,*,#13384,.F.);
#13384 = EDGE_CURVE('',#13375,#13352,#13385,.T.);
#13385 = LINE('',#13386,#13387);
#13386 = CARTESIAN_POINT('',(-4.881331832148,59.736407187919,0.));
#13387 = VECTOR('',#13388,1.);
#13388 = DIRECTION('',(0.47136906264,-0.881936055951,0.));
#13389 = PLANE('',#13390);
#13390 = AXIS2_PLACEMENT_3D('',#13391,#13392,#13393);
#13391 = CARTESIAN_POINT('',(-4.881331832148,59.736407187919,0.));
#13392 = DIRECTION('',(-0.881936055951,-0.47136906264,-0.));
#13393 = DIRECTION('',(-0.47136906264,0.881936055951,0.));
#13394 = ADVANCED_FACE('',(#13395),#13414,.T.);
#13395 = FACE_BOUND('',#13396,.F.);
#13396 = EDGE_LOOP('',(#13397,#13398,#13399,#13407));
#13397 = ORIENTED_EDGE('',*,*,#13374,.T.);
#13398 = ORIENTED_EDGE('',*,*,#8211,.T.);
#13399 = ORIENTED_EDGE('',*,*,#13400,.F.);
#13400 = EDGE_CURVE('',#13401,#8204,#13403,.T.);
#13401 = VERTEX_POINT('',#13402);
#13402 = CARTESIAN_POINT('',(-5.208177284229,60.225563492758,0.));
#13403 = LINE('',#13404,#13405);
#13404 = CARTESIAN_POINT('',(-5.208177284229,60.225563492758,0.));
#13405 = VECTOR('',#13406,1.);
#13406 = DIRECTION('',(0.,0.,1.));
#13407 = ORIENTED_EDGE('',*,*,#13408,.F.);
#13408 = EDGE_CURVE('',#13375,#13401,#13409,.T.);
#13409 = CIRCLE('',#13410,3.);
#13410 = AXIS2_PLACEMENT_3D('',#13411,#13412,#13413);
#13411 = CARTESIAN_POINT('',(-7.52714,58.3223,0.));
#13412 = DIRECTION('',(-0.,0.,1.));
#13413 = DIRECTION('',(0.47136906264,-0.881936055951,0.));
#13414 = CYLINDRICAL_SURFACE('',#13415,3.);
#13415 = AXIS2_PLACEMENT_3D('',#13416,#13417,#13418);
#13416 = CARTESIAN_POINT('',(-7.52714,58.3223,0.));
#13417 = DIRECTION('',(0.,0.,-1.));
#13418 = DIRECTION('',(0.47136906264,-0.881936055951,0.));
#13419 = ADVANCED_FACE('',(#13420),#13438,.F.);
#13420 = FACE_BOUND('',#13421,.T.);
#13421 = EDGE_LOOP('',(#13422,#13430,#13431,#13432));
#13422 = ORIENTED_EDGE('',*,*,#13423,.T.);
#13423 = EDGE_CURVE('',#13424,#8195,#13426,.T.);
#13424 = VERTEX_POINT('',#13425);
#13425 = CARTESIAN_POINT('',(-5.705627284229,60.831663492758,0.));
#13426 = LINE('',#13427,#13428);
#13427 = CARTESIAN_POINT('',(-5.705627284229,60.831663492758,0.));
#13428 = VECTOR('',#13429,1.);
#13429 = DIRECTION('',(0.,0.,1.));
#13430 = ORIENTED_EDGE('',*,*,#8203,.T.);
#13431 = ORIENTED_EDGE('',*,*,#13400,.F.);
#13432 = ORIENTED_EDGE('',*,*,#13433,.F.);
#13433 = EDGE_CURVE('',#13424,#13401,#13434,.T.);
#13434 = LINE('',#13435,#13436);
#13435 = CARTESIAN_POINT('',(-5.705627284229,60.831663492758,0.));
#13436 = VECTOR('',#13437,1.);
#13437 = DIRECTION('',(0.634421164253,-0.772987571924,0.));
#13438 = PLANE('',#13439);
#13439 = AXIS2_PLACEMENT_3D('',#13440,#13441,#13442);
#13440 = CARTESIAN_POINT('',(-5.705627284229,60.831663492758,0.));
#13441 = DIRECTION('',(-0.772987571924,-0.634421164253,-0.));
#13442 = DIRECTION('',(-0.634421164253,0.772987571924,0.));
#13443 = ADVANCED_FACE('',(#13444),#13463,.T.);
#13444 = FACE_BOUND('',#13445,.F.);
#13445 = EDGE_LOOP('',(#13446,#13447,#13448,#13456));
#13446 = ORIENTED_EDGE('',*,*,#13423,.T.);
#13447 = ORIENTED_EDGE('',*,*,#8194,.T.);
#13448 = ORIENTED_EDGE('',*,*,#13449,.F.);
#13449 = EDGE_CURVE('',#13450,#8187,#13452,.T.);
#13450 = VERTEX_POINT('',#13451);
#13451 = CARTESIAN_POINT('',(-6.121306018778,61.247345899935,0.));
#13452 = LINE('',#13453,#13454);
#13453 = CARTESIAN_POINT('',(-6.121306018778,61.247345899935,0.));
#13454 = VECTOR('',#13455,1.);
#13455 = DIRECTION('',(0.,0.,1.));
#13456 = ORIENTED_EDGE('',*,*,#13457,.F.);
#13457 = EDGE_CURVE('',#13424,#13450,#13458,.T.);
#13458 = CIRCLE('',#13459,3.);
#13459 = AXIS2_PLACEMENT_3D('',#13460,#13461,#13462);
#13460 = CARTESIAN_POINT('',(-8.02459,58.9284,0.));
#13461 = DIRECTION('',(-0.,0.,1.));
#13462 = DIRECTION('',(0.634421164253,-0.772987571924,0.));
#13463 = CYLINDRICAL_SURFACE('',#13464,3.);
#13464 = AXIS2_PLACEMENT_3D('',#13465,#13466,#13467);
#13465 = CARTESIAN_POINT('',(-8.02459,58.9284,0.));
#13466 = DIRECTION('',(0.,0.,-1.));
#13467 = DIRECTION('',(0.634421164253,-0.772987571924,0.));
#13468 = ADVANCED_FACE('',(#13469),#13487,.F.);
#13469 = FACE_BOUND('',#13470,.T.);
#13470 = EDGE_LOOP('',(#13471,#13479,#13480,#13481));
#13471 = ORIENTED_EDGE('',*,*,#13472,.T.);
#13472 = EDGE_CURVE('',#13473,#8178,#13475,.T.);
#13473 = VERTEX_POINT('',#13474);
#13474 = CARTESIAN_POINT('',(-6.727456018778,61.744845899935,0.));
#13475 = LINE('',#13476,#13477);
#13476 = CARTESIAN_POINT('',(-6.727456018778,61.744845899935,0.));
#13477 = VECTOR('',#13478,1.);
#13478 = DIRECTION('',(0.,0.,1.));
#13479 = ORIENTED_EDGE('',*,*,#8186,.T.);
#13480 = ORIENTED_EDGE('',*,*,#13449,.F.);
#13481 = ORIENTED_EDGE('',*,*,#13482,.F.);
#13482 = EDGE_CURVE('',#13473,#13450,#13483,.T.);
#13483 = LINE('',#13484,#13485);
#13484 = CARTESIAN_POINT('',(-6.727456018778,61.744845899935,0.));
#13485 = VECTOR('',#13486,1.);
#13486 = DIRECTION('',(0.772981966645,-0.634427993741,0.));
#13487 = PLANE('',#13488);
#13488 = AXIS2_PLACEMENT_3D('',#13489,#13490,#13491);
#13489 = CARTESIAN_POINT('',(-6.727456018778,61.744845899935,0.));
#13490 = DIRECTION('',(-0.634427993741,-0.772981966645,-0.));
#13491 = DIRECTION('',(-0.772981966645,0.634427993741,0.));
#13492 = ADVANCED_FACE('',(#13493),#13512,.T.);
#13493 = FACE_BOUND('',#13494,.F.);
#13494 = EDGE_LOOP('',(#13495,#13496,#13497,#13505));
#13495 = ORIENTED_EDGE('',*,*,#13472,.T.);
#13496 = ORIENTED_EDGE('',*,*,#8177,.T.);
#13497 = ORIENTED_EDGE('',*,*,#13498,.F.);
#13498 = EDGE_CURVE('',#13499,#8170,#13501,.T.);
#13499 = VERTEX_POINT('',#13500);
#13500 = CARTESIAN_POINT('',(-7.216656416184,62.071720783421,0.));
#13501 = LINE('',#13502,#13503);
#13502 = CARTESIAN_POINT('',(-7.216656416184,62.071720783421,0.));
#13503 = VECTOR('',#13504,1.);
#13504 = DIRECTION('',(0.,0.,1.));
#13505 = ORIENTED_EDGE('',*,*,#13506,.F.);
#13506 = EDGE_CURVE('',#13473,#13499,#13507,.T.);
#13507 = CIRCLE('',#13508,3.);
#13508 = AXIS2_PLACEMENT_3D('',#13509,#13510,#13511);
#13509 = CARTESIAN_POINT('',(-8.63074,59.4259,0.));
#13510 = DIRECTION('',(-0.,0.,1.));
#13511 = DIRECTION('',(0.772981966645,-0.634427993741,0.));
#13512 = CYLINDRICAL_SURFACE('',#13513,3.);
#13513 = AXIS2_PLACEMENT_3D('',#13514,#13515,#13516);
#13514 = CARTESIAN_POINT('',(-8.63074,59.4259,0.));
#13515 = DIRECTION('',(0.,0.,-1.));
#13516 = DIRECTION('',(0.772981966645,-0.634427993741,0.));
#13517 = ADVANCED_FACE('',(#13518),#13536,.F.);
#13518 = FACE_BOUND('',#13519,.T.);
#13519 = EDGE_LOOP('',(#13520,#13528,#13529,#13530));
#13520 = ORIENTED_EDGE('',*,*,#13521,.T.);
#13521 = EDGE_CURVE('',#13522,#8161,#13524,.T.);
#13522 = VERTEX_POINT('',#13523);
#13523 = CARTESIAN_POINT('',(-7.908196416184,62.441320783421,0.));
#13524 = LINE('',#13525,#13526);
#13525 = CARTESIAN_POINT('',(-7.908196416184,62.441320783421,0.));
#13526 = VECTOR('',#13527,1.);
#13527 = DIRECTION('',(0.,0.,1.));
#13528 = ORIENTED_EDGE('',*,*,#8169,.T.);
#13529 = ORIENTED_EDGE('',*,*,#13498,.F.);
#13530 = ORIENTED_EDGE('',*,*,#13531,.F.);
#13531 = EDGE_CURVE('',#13522,#13499,#13532,.T.);
#13532 = LINE('',#13533,#13534);
#13533 = CARTESIAN_POINT('',(-7.908196416184,62.441320783421,0.));
#13534 = VECTOR('',#13535,1.);
#13535 = DIRECTION('',(0.88194026114,-0.471361194605,0.));
#13536 = PLANE('',#13537);
#13537 = AXIS2_PLACEMENT_3D('',#13538,#13539,#13540);
#13538 = CARTESIAN_POINT('',(-7.908196416184,62.441320783421,0.));
#13539 = DIRECTION('',(-0.471361194605,-0.88194026114,-0.));
#13540 = DIRECTION('',(-0.88194026114,0.471361194605,0.));
#13541 = ADVANCED_FACE('',(#13542),#13561,.T.);
#13542 = FACE_BOUND('',#13543,.F.);
#13543 = EDGE_LOOP('',(#13544,#13545,#13546,#13554));
#13544 = ORIENTED_EDGE('',*,*,#13521,.T.);
#13545 = ORIENTED_EDGE('',*,*,#8160,.T.);
#13546 = ORIENTED_EDGE('',*,*,#13547,.F.);
#13547 = EDGE_CURVE('',#13548,#8153,#13550,.T.);
#13548 = VERTEX_POINT('',#13549);
#13549 = CARTESIAN_POINT('',(-8.451557056756,62.666360769196,0.));
#13550 = LINE('',#13551,#13552);
#13551 = CARTESIAN_POINT('',(-8.451557056756,62.666360769196,0.));
#13552 = VECTOR('',#13553,1.);
#13553 = DIRECTION('',(0.,0.,1.));
#13554 = ORIENTED_EDGE('',*,*,#13555,.F.);
#13555 = EDGE_CURVE('',#13522,#13548,#13556,.T.);
#13556 = CIRCLE('',#13557,3.);
#13557 = AXIS2_PLACEMENT_3D('',#13558,#13559,#13560);
#13558 = CARTESIAN_POINT('',(-9.32228,59.7955,0.));
#13559 = DIRECTION('',(-0.,0.,1.));
#13560 = DIRECTION('',(0.88194026114,-0.471361194605,0.));
#13561 = CYLINDRICAL_SURFACE('',#13562,3.);
#13562 = AXIS2_PLACEMENT_3D('',#13563,#13564,#13565);
#13563 = CARTESIAN_POINT('',(-9.32228,59.7955,0.));
#13564 = DIRECTION('',(0.,0.,-1.));
#13565 = DIRECTION('',(0.88194026114,-0.471361194605,0.));
#13566 = ADVANCED_FACE('',(#13567),#13585,.F.);
#13567 = FACE_BOUND('',#13568,.T.);
#13568 = EDGE_LOOP('',(#13569,#13577,#13578,#13579));
#13569 = ORIENTED_EDGE('',*,*,#13570,.T.);
#13570 = EDGE_CURVE('',#13571,#8144,#13573,.T.);
#13571 = VERTEX_POINT('',#13572);
#13572 = CARTESIAN_POINT('',(-9.201977056756,62.893960769196,0.));
#13573 = LINE('',#13574,#13575);
#13574 = CARTESIAN_POINT('',(-9.201977056756,62.893960769196,0.));
#13575 = VECTOR('',#13576,1.);
#13576 = DIRECTION('',(0.,0.,1.));
#13577 = ORIENTED_EDGE('',*,*,#8152,.T.);
#13578 = ORIENTED_EDGE('',*,*,#13547,.F.);
#13579 = ORIENTED_EDGE('',*,*,#13580,.F.);
#13580 = EDGE_CURVE('',#13571,#13548,#13581,.T.);
#13581 = LINE('',#13582,#13583);
#13582 = CARTESIAN_POINT('',(-9.201977056756,62.893960769196,0.));
#13583 = VECTOR('',#13584,1.);
#13584 = DIRECTION('',(0.956953589732,-0.290240981081,0.));
#13585 = PLANE('',#13586);
#13586 = AXIS2_PLACEMENT_3D('',#13587,#13588,#13589);
#13587 = CARTESIAN_POINT('',(-9.201977056756,62.893960769196,0.));
#13588 = DIRECTION('',(-0.290240981081,-0.956953589732,-0.));
#13589 = DIRECTION('',(-0.956953589732,0.290240981081,0.));
#13590 = ADVANCED_FACE('',(#13591),#13610,.T.);
#13591 = FACE_BOUND('',#13592,.F.);
#13592 = EDGE_LOOP('',(#13593,#13594,#13595,#13603));
#13593 = ORIENTED_EDGE('',*,*,#13570,.T.);
#13594 = ORIENTED_EDGE('',*,*,#8143,.T.);
#13595 = ORIENTED_EDGE('',*,*,#13596,.F.);
#13596 = EDGE_CURVE('',#13597,#8136,#13599,.T.);
#13597 = VERTEX_POINT('',#13598);
#13598 = CARTESIAN_POINT('',(-9.778469880092,63.008636574309,0.));
#13599 = LINE('',#13600,#13601);
#13600 = CARTESIAN_POINT('',(-9.778469880092,63.008636574309,0.));
#13601 = VECTOR('',#13602,1.);
#13602 = DIRECTION('',(0.,0.,1.));
#13603 = ORIENTED_EDGE('',*,*,#13604,.F.);
#13604 = EDGE_CURVE('',#13571,#13597,#13605,.T.);
#13605 = CIRCLE('',#13606,3.);
#13606 = AXIS2_PLACEMENT_3D('',#13607,#13608,#13609);
#13607 = CARTESIAN_POINT('',(-10.0727,60.0231,0.));
#13608 = DIRECTION('',(-0.,0.,1.));
#13609 = DIRECTION('',(0.956953589732,-0.290240981081,0.));
#13610 = CYLINDRICAL_SURFACE('',#13611,3.);
#13611 = AXIS2_PLACEMENT_3D('',#13612,#13613,#13614);
#13612 = CARTESIAN_POINT('',(-10.0727,60.0231,0.));
#13613 = DIRECTION('',(0.,0.,-1.));
#13614 = DIRECTION('',(0.956953589732,-0.290240981081,0.));
#13615 = ADVANCED_FACE('',(#13616),#13634,.F.);
#13616 = FACE_BOUND('',#13617,.T.);
#13617 = EDGE_LOOP('',(#13618,#13626,#13627,#13628));
#13618 = ORIENTED_EDGE('',*,*,#13619,.T.);
#13619 = EDGE_CURVE('',#13620,#8127,#13622,.T.);
#13620 = VERTEX_POINT('',#13621);
#13621 = CARTESIAN_POINT('',(-10.55876988009,63.085536574309,0.));
#13622 = LINE('',#13623,#13624);
#13623 = CARTESIAN_POINT('',(-10.55876988009,63.085536574309,0.));
#13624 = VECTOR('',#13625,1.);
#13625 = DIRECTION('',(0.,0.,1.));
#13626 = ORIENTED_EDGE('',*,*,#8135,.T.);
#13627 = ORIENTED_EDGE('',*,*,#13596,.F.);
#13628 = ORIENTED_EDGE('',*,*,#13629,.F.);
#13629 = EDGE_CURVE('',#13620,#13597,#13630,.T.);
#13630 = LINE('',#13631,#13632);
#13631 = CARTESIAN_POINT('',(-10.55876988009,63.085536574309,0.));
#13632 = VECTOR('',#13633,1.);
#13633 = DIRECTION('',(0.995178858103,-9.807670663608E-02,0.));
#13634 = PLANE('',#13635);
#13635 = AXIS2_PLACEMENT_3D('',#13636,#13637,#13638);
#13636 = CARTESIAN_POINT('',(-10.55876988009,63.085536574309,0.));
#13637 = DIRECTION('',(-9.807670663608E-02,-0.995178858103,-0.));
#13638 = DIRECTION('',(-0.995178858103,9.807670663608E-02,0.));
#13639 = ADVANCED_FACE('',(#13640),#13659,.T.);
#13640 = FACE_BOUND('',#13641,.F.);
#13641 = EDGE_LOOP('',(#13642,#13643,#13644,#13652));
#13642 = ORIENTED_EDGE('',*,*,#13619,.T.);
#13643 = ORIENTED_EDGE('',*,*,#8126,.T.);
#13644 = ORIENTED_EDGE('',*,*,#13645,.F.);
#13645 = EDGE_CURVE('',#13646,#8119,#13648,.T.);
#13646 = VERTEX_POINT('',#13647);
#13647 = CARTESIAN_POINT('',(-10.853,63.1,0.));
#13648 = LINE('',#13649,#13650);
#13649 = CARTESIAN_POINT('',(-10.853,63.1,0.));
#13650 = VECTOR('',#13651,1.);
#13651 = DIRECTION('',(0.,0.,1.));
#13652 = ORIENTED_EDGE('',*,*,#13653,.F.);
#13653 = EDGE_CURVE('',#13620,#13646,#13654,.T.);
#13654 = CIRCLE('',#13655,3.);
#13655 = AXIS2_PLACEMENT_3D('',#13656,#13657,#13658);
#13656 = CARTESIAN_POINT('',(-10.853,60.1,0.));
#13657 = DIRECTION('',(-0.,0.,1.));
#13658 = DIRECTION('',(0.995178858103,-9.807670663608E-02,0.));
#13659 = CYLINDRICAL_SURFACE('',#13660,3.);
#13660 = AXIS2_PLACEMENT_3D('',#13661,#13662,#13663);
#13661 = CARTESIAN_POINT('',(-10.853,60.1,0.));
#13662 = DIRECTION('',(0.,0.,-1.));
#13663 = DIRECTION('',(0.995178858103,-9.807670663608E-02,0.));
#13664 = ADVANCED_FACE('',(#13665),#13683,.F.);
#13665 = FACE_BOUND('',#13666,.T.);
#13666 = EDGE_LOOP('',(#13667,#13675,#13676,#13677));
#13667 = ORIENTED_EDGE('',*,*,#13668,.T.);
#13668 = EDGE_CURVE('',#13669,#8111,#13671,.T.);
#13669 = VERTEX_POINT('',#13670);
#13670 = CARTESIAN_POINT('',(-18.09373671809,63.1,0.));
#13671 = LINE('',#13672,#13673);
#13672 = CARTESIAN_POINT('',(-18.09373671809,63.1,0.));
#13673 = VECTOR('',#13674,1.);
#13674 = DIRECTION('',(0.,0.,1.));
#13675 = ORIENTED_EDGE('',*,*,#8118,.T.);
#13676 = ORIENTED_EDGE('',*,*,#13645,.F.);
#13677 = ORIENTED_EDGE('',*,*,#13678,.F.);
#13678 = EDGE_CURVE('',#13669,#13646,#13679,.T.);
#13679 = LINE('',#13680,#13681);
#13680 = CARTESIAN_POINT('',(-18.1674,63.1,0.));
#13681 = VECTOR('',#13682,1.);
#13682 = DIRECTION('',(1.,0.,0.));
#13683 = PLANE('',#13684);
#13684 = AXIS2_PLACEMENT_3D('',#13685,#13686,#13687);
#13685 = CARTESIAN_POINT('',(-18.09373671809,63.1,0.));
#13686 = DIRECTION('',(-0.,-1.,-0.));
#13687 = DIRECTION('',(-1.,0.,0.));
#13688 = ADVANCED_FACE('',(#13689),#13707,.F.);
#13689 = FACE_BOUND('',#13690,.T.);
#13690 = EDGE_LOOP('',(#13691,#13699,#13700,#13701));
#13691 = ORIENTED_EDGE('',*,*,#13692,.T.);
#13692 = EDGE_CURVE('',#13693,#8103,#13695,.T.);
#13693 = VERTEX_POINT('',#13694);
#13694 = CARTESIAN_POINT('',(-18.58265808241,63.124024853256,0.));
#13695 = LINE('',#13696,#13697);
#13696 = CARTESIAN_POINT('',(-18.58265808241,63.124024853256,0.));
#13697 = VECTOR('',#13698,1.);
#13698 = DIRECTION('',(0.,0.,1.));
#13699 = ORIENTED_EDGE('',*,*,#8110,.T.);
#13700 = ORIENTED_EDGE('',*,*,#13668,.F.);
#13701 = ORIENTED_EDGE('',*,*,#13702,.F.);
#13702 = EDGE_CURVE('',#13693,#13669,#13703,.T.);
#13703 = LINE('',#13704,#13705);
#13704 = CARTESIAN_POINT('',(-18.80366220877,63.134884660359,0.));
#13705 = VECTOR('',#13706,1.);
#13706 = DIRECTION('',(0.998794886786,-4.907926374126E-02,0.));
#13707 = PLANE('',#13708);
#13708 = AXIS2_PLACEMENT_3D('',#13709,#13710,#13711);
#13709 = CARTESIAN_POINT('',(-18.58265808241,63.124024853256,0.));
#13710 = DIRECTION('',(-4.907926374126E-02,-0.998794886786,-0.));
#13711 = DIRECTION('',(-0.998794886786,4.907926374126E-02,0.));
#13712 = ADVANCED_FACE('',(#13713),#13731,.F.);
#13713 = FACE_BOUND('',#13714,.T.);
#13714 = EDGE_LOOP('',(#13715,#13723,#13724,#13725));
#13715 = ORIENTED_EDGE('',*,*,#13716,.T.);
#13716 = EDGE_CURVE('',#13717,#8095,#13719,.T.);
#13717 = VERTEX_POINT('',#13718);
#13718 = CARTESIAN_POINT('',(-19.70724068526,63.347714355908,0.));
#13719 = LINE('',#13720,#13721);
#13720 = CARTESIAN_POINT('',(-19.70724068526,63.347714355908,0.));
#13721 = VECTOR('',#13722,1.);
#13722 = DIRECTION('',(0.,0.,1.));
#13723 = ORIENTED_EDGE('',*,*,#8102,.T.);
#13724 = ORIENTED_EDGE('',*,*,#13692,.F.);
#13725 = ORIENTED_EDGE('',*,*,#13726,.F.);
#13726 = EDGE_CURVE('',#13717,#13693,#13727,.T.);
#13727 = LINE('',#13728,#13729);
#13728 = CARTESIAN_POINT('',(-19.99703881229,63.405357786225,0.));
#13729 = VECTOR('',#13730,1.);
#13730 = DIRECTION('',(0.980785928742,-0.19508706257,0.));
#13731 = PLANE('',#13732);
#13732 = AXIS2_PLACEMENT_3D('',#13733,#13734,#13735);
#13733 = CARTESIAN_POINT('',(-19.70724068526,63.347714355908,0.));
#13734 = DIRECTION('',(-0.19508706257,-0.980785928742,-0.));
#13735 = DIRECTION('',(-0.980785928742,0.19508706257,0.));
#13736 = ADVANCED_FACE('',(#13737),#13755,.F.);
#13737 = FACE_BOUND('',#13738,.T.);
#13738 = EDGE_LOOP('',(#13739,#13747,#13748,#13749));
#13739 = ORIENTED_EDGE('',*,*,#13740,.T.);
#13740 = EDGE_CURVE('',#13741,#8087,#13743,.T.);
#13741 = VERTEX_POINT('',#13742);
#13742 = CARTESIAN_POINT('',(-20.60664560262,63.720257405597,0.));
#13743 = LINE('',#13744,#13745);
#13744 = CARTESIAN_POINT('',(-20.60664560262,63.720257405597,0.));
#13745 = VECTOR('',#13746,1.);
#13746 = DIRECTION('',(0.,0.,1.));
#13747 = ORIENTED_EDGE('',*,*,#8094,.T.);
#13748 = ORIENTED_EDGE('',*,*,#13716,.F.);
#13749 = ORIENTED_EDGE('',*,*,#13750,.F.);
#13750 = EDGE_CURVE('',#13741,#13717,#13751,.T.);
#13751 = LINE('',#13752,#13753);
#13752 = CARTESIAN_POINT('',(-20.87965671315,63.833341501264,0.));
#13753 = VECTOR('',#13754,1.);
#13754 = DIRECTION('',(0.923880500421,-0.382681095615,0.));
#13755 = PLANE('',#13756);
#13756 = AXIS2_PLACEMENT_3D('',#13757,#13758,#13759);
#13757 = CARTESIAN_POINT('',(-20.60664560262,63.720257405597,0.));
#13758 = DIRECTION('',(-0.382681095615,-0.923880500421,-0.));
#13759 = DIRECTION('',(-0.923880500421,0.382681095615,0.));
#13760 = ADVANCED_FACE('',(#13761),#13779,.F.);
#13761 = FACE_BOUND('',#13762,.T.);
#13762 = EDGE_LOOP('',(#13763,#13771,#13772,#13773));
#13763 = ORIENTED_EDGE('',*,*,#13764,.T.);
#13764 = EDGE_CURVE('',#13765,#8079,#13767,.T.);
#13765 = VERTEX_POINT('',#13766);
#13766 = CARTESIAN_POINT('',(-21.41614947838,64.261171280759,0.));
#13767 = LINE('',#13768,#13769);
#13768 = CARTESIAN_POINT('',(-21.41614947838,64.261171280759,0.));
#13769 = VECTOR('',#13770,1.);
#13770 = DIRECTION('',(0.,0.,1.));
#13771 = ORIENTED_EDGE('',*,*,#8086,.T.);
#13772 = ORIENTED_EDGE('',*,*,#13740,.F.);
#13773 = ORIENTED_EDGE('',*,*,#13774,.F.);
#13774 = EDGE_CURVE('',#13765,#13741,#13775,.T.);
#13775 = LINE('',#13776,#13777);
#13776 = CARTESIAN_POINT('',(-21.66174525116,64.425279403226,0.));
#13777 = VECTOR('',#13778,1.);
#13778 = DIRECTION('',(0.831459801075,-0.555584916278,0.));
#13779 = PLANE('',#13780);
#13780 = AXIS2_PLACEMENT_3D('',#13781,#13782,#13783);
#13781 = CARTESIAN_POINT('',(-21.41614947838,64.261171280759,0.));
#13782 = DIRECTION('',(-0.555584916278,-0.831459801075,-0.));
#13783 = DIRECTION('',(-0.831459801075,0.555584916278,0.));
#13784 = ADVANCED_FACE('',(#13785),#13803,.F.);
#13785 = FACE_BOUND('',#13786,.T.);
#13786 = EDGE_LOOP('',(#13787,#13795,#13796,#13797));
#13787 = ORIENTED_EDGE('',*,*,#13788,.T.);
#13788 = EDGE_CURVE('',#13789,#8071,#13791,.T.);
#13789 = VERTEX_POINT('',#13790);
#13790 = CARTESIAN_POINT('',(-22.10457734259,64.949536917016,0.));
#13791 = LINE('',#13792,#13793);
#13792 = CARTESIAN_POINT('',(-22.10457734259,64.949536917016,0.));
#13793 = VECTOR('',#13794,1.);
#13794 = DIRECTION('',(0.,0.,1.));
#13795 = ORIENTED_EDGE('',*,*,#8078,.T.);
#13796 = ORIENTED_EDGE('',*,*,#13764,.F.);
#13797 = ORIENTED_EDGE('',*,*,#13798,.F.);
#13798 = EDGE_CURVE('',#13789,#13765,#13799,.T.);
#13799 = LINE('',#13800,#13801);
#13800 = CARTESIAN_POINT('',(-22.31357553749,65.158516220278,0.));
#13801 = VECTOR('',#13802,1.);
#13802 = DIRECTION('',(0.707138740093,-0.707074820836,0.));
#13803 = PLANE('',#13804);
#13804 = AXIS2_PLACEMENT_3D('',#13805,#13806,#13807);
#13805 = CARTESIAN_POINT('',(-22.10457734259,64.949536917016,0.));
#13806 = DIRECTION('',(-0.707074820836,-0.707138740093,-0.));
#13807 = DIRECTION('',(-0.707138740093,0.707074820836,0.));
#13808 = ADVANCED_FACE('',(#13809),#13827,.F.);
#13809 = FACE_BOUND('',#13810,.T.);
#13810 = EDGE_LOOP('',(#13811,#13819,#13820,#13821));
#13811 = ORIENTED_EDGE('',*,*,#13812,.T.);
#13812 = EDGE_CURVE('',#13813,#8062,#13815,.T.);
#13813 = VERTEX_POINT('',#13814);
#13814 = CARTESIAN_POINT('',(-22.91265074376,66.158925071179,0.));
#13815 = LINE('',#13816,#13817);
#13816 = CARTESIAN_POINT('',(-22.91265074376,66.158925071179,0.));
#13817 = VECTOR('',#13818,1.);
#13818 = DIRECTION('',(0.,0.,1.));
#13819 = ORIENTED_EDGE('',*,*,#8070,.T.);
#13820 = ORIENTED_EDGE('',*,*,#13788,.F.);
#13821 = ORIENTED_EDGE('',*,*,#13822,.F.);
#13822 = EDGE_CURVE('',#13813,#13789,#13823,.T.);
#13823 = LINE('',#13824,#13825);
#13824 = CARTESIAN_POINT('',(-22.99427789257,66.281090838152,0.));
#13825 = VECTOR('',#13826,1.);
#13826 = DIRECTION('',(0.555563612717,-0.831474035809,0.));
#13827 = PLANE('',#13828);
#13828 = AXIS2_PLACEMENT_3D('',#13829,#13830,#13831);
#13829 = CARTESIAN_POINT('',(-22.91265074376,66.158925071179,0.));
#13830 = DIRECTION('',(-0.831474035809,-0.555563612717,-0.));
#13831 = DIRECTION('',(-0.555563612717,0.831474035809,0.));
#13832 = ADVANCED_FACE('',(#13833),#13852,.T.);
#13833 = FACE_BOUND('',#13834,.F.);
#13834 = EDGE_LOOP('',(#13835,#13836,#13837,#13845));
#13835 = ORIENTED_EDGE('',*,*,#13812,.T.);
#13836 = ORIENTED_EDGE('',*,*,#8061,.T.);
#13837 = ORIENTED_EDGE('',*,*,#13838,.F.);
#13838 = EDGE_CURVE('',#13839,#8054,#13841,.T.);
#13839 = VERTEX_POINT('',#13840);
#13840 = CARTESIAN_POINT('',(-23.22743109768,66.625677790632,0.));
#13841 = LINE('',#13842,#13843);
#13842 = CARTESIAN_POINT('',(-23.22743109768,66.625677790632,0.));
#13843 = VECTOR('',#13844,1.);
#13844 = DIRECTION('',(0.,0.,1.));
#13845 = ORIENTED_EDGE('',*,*,#13846,.F.);
#13846 = EDGE_CURVE('',#13813,#13839,#13847,.T.);
#13847 = CIRCLE('',#13848,3.);
#13848 = AXIS2_PLACEMENT_3D('',#13849,#13850,#13851);
#13849 = CARTESIAN_POINT('',(-25.5463,64.7223,0.));
#13850 = DIRECTION('',(-0.,0.,1.));
#13851 = DIRECTION('',(0.470927681203,-0.882171819476,0.));
#13852 = CYLINDRICAL_SURFACE('',#13853,3.);
#13853 = AXIS2_PLACEMENT_3D('',#13854,#13855,#13856);
#13854 = CARTESIAN_POINT('',(-25.5463,64.7223,0.));
#13855 = DIRECTION('',(0.,0.,-1.));
#13856 = DIRECTION('',(0.470927681203,-0.882171819476,0.));
#13857 = ADVANCED_FACE('',(#13858),#13876,.F.);
#13858 = FACE_BOUND('',#13859,.T.);
#13859 = EDGE_LOOP('',(#13860,#13868,#13869,#13870));
#13860 = ORIENTED_EDGE('',*,*,#13861,.T.);
#13861 = EDGE_CURVE('',#13862,#8045,#13864,.T.);
#13862 = VERTEX_POINT('',#13863);
#13863 = CARTESIAN_POINT('',(-23.72493109768,67.231777790632,0.));
#13864 = LINE('',#13865,#13866);
#13865 = CARTESIAN_POINT('',(-23.72493109768,67.231777790632,0.));
#13866 = VECTOR('',#13867,1.);
#13867 = DIRECTION('',(0.,0.,1.));
#13868 = ORIENTED_EDGE('',*,*,#8053,.T.);
#13869 = ORIENTED_EDGE('',*,*,#13838,.F.);
#13870 = ORIENTED_EDGE('',*,*,#13871,.F.);
#13871 = EDGE_CURVE('',#13862,#13839,#13872,.T.);
#13872 = LINE('',#13873,#13874);
#13873 = CARTESIAN_POINT('',(-23.72493109768,67.231777790632,0.));
#13874 = VECTOR('',#13875,1.);
#13875 = DIRECTION('',(0.634459263544,-0.772956300772,0.));
#13876 = PLANE('',#13877);
#13877 = AXIS2_PLACEMENT_3D('',#13878,#13879,#13880);
#13878 = CARTESIAN_POINT('',(-23.72493109768,67.231777790632,0.));
#13879 = DIRECTION('',(-0.772956300772,-0.634459263544,-0.));
#13880 = DIRECTION('',(-0.634459263544,0.772956300772,0.));
#13881 = ADVANCED_FACE('',(#13882),#13901,.T.);
#13882 = FACE_BOUND('',#13883,.F.);
#13883 = EDGE_LOOP('',(#13884,#13885,#13886,#13894));
#13884 = ORIENTED_EDGE('',*,*,#13861,.T.);
#13885 = ORIENTED_EDGE('',*,*,#8044,.T.);
#13886 = ORIENTED_EDGE('',*,*,#13887,.F.);
#13887 = EDGE_CURVE('',#13888,#8037,#13890,.T.);
#13888 = VERTEX_POINT('',#13889);
#13889 = CARTESIAN_POINT('',(-24.14042220936,67.647268902316,0.));
#13890 = LINE('',#13891,#13892);
#13891 = CARTESIAN_POINT('',(-24.14042220936,67.647268902316,0.));
#13892 = VECTOR('',#13893,1.);
#13893 = DIRECTION('',(0.,0.,1.));
#13894 = ORIENTED_EDGE('',*,*,#13895,.F.);
#13895 = EDGE_CURVE('',#13862,#13888,#13896,.T.);
#13896 = CIRCLE('',#13897,3.);
#13897 = AXIS2_PLACEMENT_3D('',#13898,#13899,#13900);
#13898 = CARTESIAN_POINT('',(-26.0438,65.3284,0.));
#13899 = DIRECTION('',(-0.,0.,1.));
#13900 = DIRECTION('',(0.634459263544,-0.772956300772,0.));
#13901 = CYLINDRICAL_SURFACE('',#13902,3.);
#13902 = AXIS2_PLACEMENT_3D('',#13903,#13904,#13905);
#13903 = CARTESIAN_POINT('',(-26.0438,65.3284,0.));
#13904 = DIRECTION('',(0.,0.,-1.));
#13905 = DIRECTION('',(0.634459263544,-0.772956300772,0.));
#13906 = ADVANCED_FACE('',(#13907),#13925,.F.);
#13907 = FACE_BOUND('',#13908,.T.);
#13908 = EDGE_LOOP('',(#13909,#13917,#13918,#13919));
#13909 = ORIENTED_EDGE('',*,*,#13910,.T.);
#13910 = EDGE_CURVE('',#13911,#8028,#13913,.T.);
#13911 = VERTEX_POINT('',#13912);
#13912 = CARTESIAN_POINT('',(-24.74652220936,68.144768902316,0.));
#13913 = LINE('',#13914,#13915);
#13914 = CARTESIAN_POINT('',(-24.74652220936,68.144768902316,0.));
#13915 = VECTOR('',#13916,1.);
#13916 = DIRECTION('',(0.,0.,1.));
#13917 = ORIENTED_EDGE('',*,*,#8036,.T.);
#13918 = ORIENTED_EDGE('',*,*,#13887,.F.);
#13919 = ORIENTED_EDGE('',*,*,#13920,.F.);
#13920 = EDGE_CURVE('',#13911,#13888,#13921,.T.);
#13921 = LINE('',#13922,#13923);
#13922 = CARTESIAN_POINT('',(-24.74652220936,68.144768902316,0.));
#13923 = VECTOR('',#13924,1.);
#13924 = DIRECTION('',(0.772956300772,-0.634459263544,0.));
#13925 = PLANE('',#13926);
#13926 = AXIS2_PLACEMENT_3D('',#13927,#13928,#13929);
#13927 = CARTESIAN_POINT('',(-24.74652220936,68.144768902316,0.));
#13928 = DIRECTION('',(-0.634459263544,-0.772956300772,-0.));
#13929 = DIRECTION('',(-0.772956300772,0.634459263544,0.));
#13930 = ADVANCED_FACE('',(#13931),#13950,.T.);
#13931 = FACE_BOUND('',#13932,.F.);
#13932 = EDGE_LOOP('',(#13933,#13934,#13935,#13943));
#13933 = ORIENTED_EDGE('',*,*,#13910,.T.);
#13934 = ORIENTED_EDGE('',*,*,#8027,.T.);
#13935 = ORIENTED_EDGE('',*,*,#13936,.F.);
#13936 = EDGE_CURVE('',#13937,#8020,#13939,.T.);
#13937 = VERTEX_POINT('',#13938);
#13938 = CARTESIAN_POINT('',(-25.2359118412,68.471771781998,0.));
#13939 = LINE('',#13940,#13941);
#13940 = CARTESIAN_POINT('',(-25.2359118412,68.471771781998,0.));
#13941 = VECTOR('',#13942,1.);
#13942 = DIRECTION('',(0.,0.,1.));
#13943 = ORIENTED_EDGE('',*,*,#13944,.F.);
#13944 = EDGE_CURVE('',#13911,#13937,#13945,.T.);
#13945 = CIRCLE('',#13946,3.);
#13946 = AXIS2_PLACEMENT_3D('',#13947,#13948,#13949);
#13947 = CARTESIAN_POINT('',(-26.6499,65.8259,0.));
#13948 = DIRECTION('',(-0.,0.,1.));
#13949 = DIRECTION('',(0.772956300772,-0.634459263544,0.));
#13950 = CYLINDRICAL_SURFACE('',#13951,3.);
#13951 = AXIS2_PLACEMENT_3D('',#13952,#13953,#13954);
#13952 = CARTESIAN_POINT('',(-26.6499,65.8259,0.));
#13953 = DIRECTION('',(0.,0.,-1.));
#13954 = DIRECTION('',(0.772956300772,-0.634459263544,0.));
#13955 = ADVANCED_FACE('',(#13956),#13974,.F.);
#13956 = FACE_BOUND('',#13957,.T.);
#13957 = EDGE_LOOP('',(#13958,#13966,#13967,#13968));
#13958 = ORIENTED_EDGE('',*,*,#13959,.T.);
#13959 = EDGE_CURVE('',#13960,#8011,#13962,.T.);
#13960 = VERTEX_POINT('',#13961);
#13961 = CARTESIAN_POINT('',(-25.9275118412,68.841371781998,0.));
#13962 = LINE('',#13963,#13964);
#13963 = CARTESIAN_POINT('',(-25.9275118412,68.841371781998,0.));
#13964 = VECTOR('',#13965,1.);
#13965 = DIRECTION('',(0.,0.,1.));
#13966 = ORIENTED_EDGE('',*,*,#8019,.T.);
#13967 = ORIENTED_EDGE('',*,*,#13936,.F.);
#13968 = ORIENTED_EDGE('',*,*,#13969,.F.);
#13969 = EDGE_CURVE('',#13960,#13937,#13970,.T.);
#13970 = LINE('',#13971,#13972);
#13971 = CARTESIAN_POINT('',(-25.9275118412,68.841371781998,0.));
#13972 = VECTOR('',#13973,1.);
#13973 = DIRECTION('',(0.881957260666,-0.471329386267,0.));
#13974 = PLANE('',#13975);
#13975 = AXIS2_PLACEMENT_3D('',#13976,#13977,#13978);
#13976 = CARTESIAN_POINT('',(-25.9275118412,68.841371781998,0.));
#13977 = DIRECTION('',(-0.471329386267,-0.881957260666,-0.));
#13978 = DIRECTION('',(-0.881957260666,0.471329386267,0.));
#13979 = ADVANCED_FACE('',(#13980),#13999,.T.);
#13980 = FACE_BOUND('',#13981,.F.);
#13981 = EDGE_LOOP('',(#13982,#13983,#13984,#13992));
#13982 = ORIENTED_EDGE('',*,*,#13959,.T.);
#13983 = ORIENTED_EDGE('',*,*,#8010,.T.);
#13984 = ORIENTED_EDGE('',*,*,#13985,.F.);
#13985 = EDGE_CURVE('',#13986,#8003,#13988,.T.);
#13986 = VERTEX_POINT('',#13987);
#13987 = CARTESIAN_POINT('',(-26.4706495306,69.066322087826,0.));
#13988 = LINE('',#13989,#13990);
#13989 = CARTESIAN_POINT('',(-26.4706495306,69.066322087826,0.));
#13990 = VECTOR('',#13991,1.);
#13991 = DIRECTION('',(0.,0.,1.));
#13992 = ORIENTED_EDGE('',*,*,#13993,.F.);
#13993 = EDGE_CURVE('',#13960,#13986,#13994,.T.);
#13994 = CIRCLE('',#13995,3.);
#13995 = AXIS2_PLACEMENT_3D('',#13996,#13997,#13998);
#13996 = CARTESIAN_POINT('',(-27.3415,66.1955,0.));
#13997 = DIRECTION('',(-0.,0.,1.));
#13998 = DIRECTION('',(0.881957260666,-0.471329386267,0.));
#13999 = CYLINDRICAL_SURFACE('',#14000,3.);
#14000 = AXIS2_PLACEMENT_3D('',#14001,#14002,#14003);
#14001 = CARTESIAN_POINT('',(-27.3415,66.1955,0.));
#14002 = DIRECTION('',(0.,0.,-1.));
#14003 = DIRECTION('',(0.881957260666,-0.471329386267,0.));
#14004 = ADVANCED_FACE('',(#14005),#14023,.F.);
#14005 = FACE_BOUND('',#14006,.T.);
#14006 = EDGE_LOOP('',(#14007,#14015,#14016,#14017));
#14007 = ORIENTED_EDGE('',*,*,#14008,.T.);
#14008 = EDGE_CURVE('',#14009,#7994,#14011,.T.);
#14009 = VERTEX_POINT('',#14010);
#14010 = CARTESIAN_POINT('',(-27.2209495306,69.293922087826,0.));
#14011 = LINE('',#14012,#14013);
#14012 = CARTESIAN_POINT('',(-27.2209495306,69.293922087826,0.));
#14013 = VECTOR('',#14014,1.);
#14014 = DIRECTION('',(0.,0.,1.));
#14015 = ORIENTED_EDGE('',*,*,#8002,.T.);
#14016 = ORIENTED_EDGE('',*,*,#13985,.F.);
#14017 = ORIENTED_EDGE('',*,*,#14018,.F.);
#14018 = EDGE_CURVE('',#14009,#13986,#14019,.T.);
#14019 = LINE('',#14020,#14021);
#14020 = CARTESIAN_POINT('',(-27.2209495306,69.293922087826,0.));
#14021 = VECTOR('',#14022,1.);
#14022 = DIRECTION('',(0.956940695942,-0.290283489799,0.));
#14023 = PLANE('',#14024);
#14024 = AXIS2_PLACEMENT_3D('',#14025,#14026,#14027);
#14025 = CARTESIAN_POINT('',(-27.2209495306,69.293922087826,0.));
#14026 = DIRECTION('',(-0.290283489799,-0.956940695942,-0.));
#14027 = DIRECTION('',(-0.956940695942,0.290283489799,0.));
#14028 = ADVANCED_FACE('',(#14029),#14048,.T.);
#14029 = FACE_BOUND('',#14030,.F.);
#14030 = EDGE_LOOP('',(#14031,#14032,#14033,#14041));
#14031 = ORIENTED_EDGE('',*,*,#14008,.T.);
#14032 = ORIENTED_EDGE('',*,*,#7993,.T.);
#14033 = ORIENTED_EDGE('',*,*,#14034,.F.);
#14034 = EDGE_CURVE('',#14035,#7986,#14037,.T.);
#14035 = VERTEX_POINT('',#14036);
#14036 = CARTESIAN_POINT('',(-27.79760721997,69.408640253988,0.));
#14037 = LINE('',#14038,#14039);
#14038 = CARTESIAN_POINT('',(-27.79760721997,69.408640253988,0.));
#14039 = VECTOR('',#14040,1.);
#14040 = DIRECTION('',(0.,0.,1.));
#14041 = ORIENTED_EDGE('',*,*,#14042,.F.);
#14042 = EDGE_CURVE('',#14009,#14035,#14043,.T.);
#14043 = CIRCLE('',#14044,3.);
#14044 = AXIS2_PLACEMENT_3D('',#14045,#14046,#14047);
#14045 = CARTESIAN_POINT('',(-28.0918,66.4231,0.));
#14046 = DIRECTION('',(-0.,0.,1.));
#14047 = DIRECTION('',(0.956940695942,-0.290283489799,0.));
#14048 = CYLINDRICAL_SURFACE('',#14049,3.);
#14049 = AXIS2_PLACEMENT_3D('',#14050,#14051,#14052);
#14050 = CARTESIAN_POINT('',(-28.0918,66.4231,0.));
#14051 = DIRECTION('',(0.,0.,-1.));
#14052 = DIRECTION('',(0.956940695942,-0.290283489799,0.));
#14053 = ADVANCED_FACE('',(#14054),#14072,.F.);
#14054 = FACE_BOUND('',#14055,.T.);
#14055 = EDGE_LOOP('',(#14056,#14064,#14065,#14066));
#14056 = ORIENTED_EDGE('',*,*,#14057,.T.);
#14057 = EDGE_CURVE('',#14058,#7977,#14060,.T.);
#14058 = VERTEX_POINT('',#14059);
#14059 = CARTESIAN_POINT('',(-28.57800721997,69.485540253988,0.));
#14060 = LINE('',#14061,#14062);
#14061 = CARTESIAN_POINT('',(-28.57800721997,69.485540253988,0.));
#14062 = VECTOR('',#14063,1.);
#14063 = DIRECTION('',(0.,0.,1.));
#14064 = ORIENTED_EDGE('',*,*,#7985,.T.);
#14065 = ORIENTED_EDGE('',*,*,#14034,.F.);
#14066 = ORIENTED_EDGE('',*,*,#14067,.F.);
#14067 = EDGE_CURVE('',#14058,#14035,#14068,.T.);
#14068 = LINE('',#14069,#14070);
#14069 = CARTESIAN_POINT('',(-28.57800721997,69.485540253988,0.));
#14070 = VECTOR('',#14071,1.);
#14071 = DIRECTION('',(0.995180084663,-9.806426000839E-02,0.));
#14072 = PLANE('',#14073);
#14073 = AXIS2_PLACEMENT_3D('',#14074,#14075,#14076);
#14074 = CARTESIAN_POINT('',(-28.57800721997,69.485540253988,0.));
#14075 = DIRECTION('',(-9.806426000839E-02,-0.995180084663,-0.));
#14076 = DIRECTION('',(-0.995180084663,9.806426000839E-02,0.));
#14077 = ADVANCED_FACE('',(#14078),#14097,.T.);
#14078 = FACE_BOUND('',#14079,.F.);
#14079 = EDGE_LOOP('',(#14080,#14081,#14082,#14090));
#14080 = ORIENTED_EDGE('',*,*,#14057,.T.);
#14081 = ORIENTED_EDGE('',*,*,#7976,.T.);
#14082 = ORIENTED_EDGE('',*,*,#14083,.F.);
#14083 = EDGE_CURVE('',#14084,#7969,#14086,.T.);
#14084 = VERTEX_POINT('',#14085);
#14085 = CARTESIAN_POINT('',(-28.8722,69.5,0.));
#14086 = LINE('',#14087,#14088);
#14087 = CARTESIAN_POINT('',(-28.8722,69.5,0.));
#14088 = VECTOR('',#14089,1.);
#14089 = DIRECTION('',(0.,0.,1.));
#14090 = ORIENTED_EDGE('',*,*,#14091,.F.);
#14091 = EDGE_CURVE('',#14058,#14084,#14092,.T.);
#14092 = CIRCLE('',#14093,3.);
#14093 = AXIS2_PLACEMENT_3D('',#14094,#14095,#14096);
#14094 = CARTESIAN_POINT('',(-28.8722,66.5,0.));
#14095 = DIRECTION('',(-0.,0.,1.));
#14096 = DIRECTION('',(0.995180084663,-9.806426000839E-02,0.));
#14097 = CYLINDRICAL_SURFACE('',#14098,3.);
#14098 = AXIS2_PLACEMENT_3D('',#14099,#14100,#14101);
#14099 = CARTESIAN_POINT('',(-28.8722,66.5,0.));
#14100 = DIRECTION('',(0.,0.,-1.));
#14101 = DIRECTION('',(0.995180084663,-9.806426000839E-02,0.));
#14102 = ADVANCED_FACE('',(#14103),#14121,.F.);
#14103 = FACE_BOUND('',#14104,.T.);
#14104 = EDGE_LOOP('',(#14105,#14113,#14114,#14115));
#14105 = ORIENTED_EDGE('',*,*,#14106,.T.);
#14106 = EDGE_CURVE('',#14107,#7960,#14109,.T.);
#14107 = VERTEX_POINT('',#14108);
#14108 = CARTESIAN_POINT('',(-47.3865,69.5,0.));
#14109 = LINE('',#14110,#14111);
#14110 = CARTESIAN_POINT('',(-47.3865,69.5,0.));
#14111 = VECTOR('',#14112,1.);
#14112 = DIRECTION('',(0.,0.,1.));
#14113 = ORIENTED_EDGE('',*,*,#7968,.T.);
#14114 = ORIENTED_EDGE('',*,*,#14083,.F.);
#14115 = ORIENTED_EDGE('',*,*,#14116,.F.);
#14116 = EDGE_CURVE('',#14107,#14084,#14117,.T.);
#14117 = LINE('',#14118,#14119);
#14118 = CARTESIAN_POINT('',(-47.3865,69.5,0.));
#14119 = VECTOR('',#14120,1.);
#14120 = DIRECTION('',(1.,0.,0.));
#14121 = PLANE('',#14122);
#14122 = AXIS2_PLACEMENT_3D('',#14123,#14124,#14125);
#14123 = CARTESIAN_POINT('',(-47.3865,69.5,0.));
#14124 = DIRECTION('',(-0.,-1.,-0.));
#14125 = DIRECTION('',(-1.,0.,0.));
#14126 = ADVANCED_FACE('',(#14127),#14146,.T.);
#14127 = FACE_BOUND('',#14128,.F.);
#14128 = EDGE_LOOP('',(#14129,#14130,#14131,#14139));
#14129 = ORIENTED_EDGE('',*,*,#14106,.T.);
#14130 = ORIENTED_EDGE('',*,*,#7959,.T.);
#14131 = ORIENTED_EDGE('',*,*,#14132,.F.);
#14132 = EDGE_CURVE('',#14133,#7952,#14135,.T.);
#14133 = VERTEX_POINT('',#14134);
#14134 = CARTESIAN_POINT('',(-47.53398785155,69.496372362315,0.));
#14135 = LINE('',#14136,#14137);
#14136 = CARTESIAN_POINT('',(-47.53398785155,69.496372362315,0.));
#14137 = VECTOR('',#14138,1.);
#14138 = DIRECTION('',(0.,0.,1.));
#14139 = ORIENTED_EDGE('',*,*,#14140,.F.);
#14140 = EDGE_CURVE('',#14107,#14133,#14141,.T.);
#14141 = CIRCLE('',#14142,3.);
#14142 = AXIS2_PLACEMENT_3D('',#14143,#14144,#14145);
#14143 = CARTESIAN_POINT('',(-47.3865,66.5,0.));
#14144 = DIRECTION('',(0.,0.,1.));
#14145 = DIRECTION('',(1.,0.,0.));
#14146 = CYLINDRICAL_SURFACE('',#14147,3.);
#14147 = AXIS2_PLACEMENT_3D('',#14148,#14149,#14150);
#14148 = CARTESIAN_POINT('',(-47.3865,66.5,0.));
#14149 = DIRECTION('',(-0.,-0.,-1.));
#14150 = DIRECTION('',(1.,0.,0.));
#14151 = ADVANCED_FACE('',(#14152),#14170,.F.);
#14152 = FACE_BOUND('',#14153,.T.);
#14153 = EDGE_LOOP('',(#14154,#14162,#14163,#14164));
#14154 = ORIENTED_EDGE('',*,*,#14155,.T.);
#14155 = EDGE_CURVE('',#14156,#7943,#14158,.T.);
#14156 = VERTEX_POINT('',#14157);
#14157 = CARTESIAN_POINT('',(-47.92608785155,69.477072362315,0.));
#14158 = LINE('',#14159,#14160);
#14159 = CARTESIAN_POINT('',(-47.92608785155,69.477072362315,0.));
#14160 = VECTOR('',#14161,1.);
#14161 = DIRECTION('',(0.,0.,1.));
#14162 = ORIENTED_EDGE('',*,*,#7951,.T.);
#14163 = ORIENTED_EDGE('',*,*,#14132,.F.);
#14164 = ORIENTED_EDGE('',*,*,#14165,.F.);
#14165 = EDGE_CURVE('',#14156,#14133,#14166,.T.);
#14166 = LINE('',#14167,#14168);
#14167 = CARTESIAN_POINT('',(-47.92608785155,69.477072362315,0.));
#14168 = VECTOR('',#14169,1.);
#14169 = DIRECTION('',(0.998790787438,4.916261718327E-02,0.));
#14170 = PLANE('',#14171);
#14171 = AXIS2_PLACEMENT_3D('',#14172,#14173,#14174);
#14172 = CARTESIAN_POINT('',(-47.92608785155,69.477072362315,0.));
#14173 = DIRECTION('',(4.916261718327E-02,-0.998790787438,0.));
#14174 = DIRECTION('',(-0.998790787438,-4.916261718327E-02,0.));
#14175 = ADVANCED_FACE('',(#14176),#14195,.T.);
#14176 = FACE_BOUND('',#14177,.F.);
#14177 = EDGE_LOOP('',(#14178,#14179,#14180,#14188));
#14178 = ORIENTED_EDGE('',*,*,#14155,.T.);
#14179 = ORIENTED_EDGE('',*,*,#7942,.T.);
#14180 = ORIENTED_EDGE('',*,*,#14181,.F.);
#14181 = EDGE_CURVE('',#14182,#7935,#14184,.T.);
#14182 = VERTEX_POINT('',#14183);
#14183 = CARTESIAN_POINT('',(-48.36363683664,69.42310240276,0.));
#14184 = LINE('',#14185,#14186);
#14185 = CARTESIAN_POINT('',(-48.36363683664,69.42310240276,0.));
#14186 = VECTOR('',#14187,1.);
#14187 = DIRECTION('',(0.,0.,1.));
#14188 = ORIENTED_EDGE('',*,*,#14189,.F.);
#14189 = EDGE_CURVE('',#14156,#14182,#14190,.T.);
#14190 = CIRCLE('',#14191,3.);
#14191 = AXIS2_PLACEMENT_3D('',#14192,#14193,#14194);
#14192 = CARTESIAN_POINT('',(-47.7786,66.4807,0.));
#14193 = DIRECTION('',(0.,-0.,1.));
#14194 = DIRECTION('',(0.998790787438,4.916261718327E-02,0.));
#14195 = CYLINDRICAL_SURFACE('',#14196,3.);
#14196 = AXIS2_PLACEMENT_3D('',#14197,#14198,#14199);
#14197 = CARTESIAN_POINT('',(-47.7786,66.4807,0.));
#14198 = DIRECTION('',(-0.,-0.,-1.));
#14199 = DIRECTION('',(0.998790787438,4.916261718327E-02,0.));
#14200 = ADVANCED_FACE('',(#14201),#14219,.F.);
#14201 = FACE_BOUND('',#14202,.T.);
#14202 = EDGE_LOOP('',(#14203,#14211,#14212,#14213));
#14203 = ORIENTED_EDGE('',*,*,#14204,.T.);
#14204 = EDGE_CURVE('',#14205,#7926,#14207,.T.);
#14205 = VERTEX_POINT('',#14206);
#14206 = CARTESIAN_POINT('',(-49.13263683664,69.27020240276,0.));
#14207 = LINE('',#14208,#14209);
#14208 = CARTESIAN_POINT('',(-49.13263683664,69.27020240276,0.));
#14209 = VECTOR('',#14210,1.);
#14210 = DIRECTION('',(0.,0.,1.));
#14211 = ORIENTED_EDGE('',*,*,#7934,.T.);
#14212 = ORIENTED_EDGE('',*,*,#14181,.F.);
#14213 = ORIENTED_EDGE('',*,*,#14214,.F.);
#14214 = EDGE_CURVE('',#14205,#14182,#14215,.T.);
#14215 = LINE('',#14216,#14217);
#14216 = CARTESIAN_POINT('',(-49.13263683664,69.27020240276,0.));
#14217 = VECTOR('',#14218,1.);
#14218 = DIRECTION('',(0.98080080092,0.195012278883,0.));
#14219 = PLANE('',#14220);
#14220 = AXIS2_PLACEMENT_3D('',#14221,#14222,#14223);
#14221 = CARTESIAN_POINT('',(-49.13263683664,69.27020240276,0.));
#14222 = DIRECTION('',(0.195012278883,-0.98080080092,0.));
#14223 = DIRECTION('',(-0.98080080092,-0.195012278883,0.));
#14224 = ADVANCED_FACE('',(#14225),#14244,.T.);
#14225 = FACE_BOUND('',#14226,.F.);
#14226 = EDGE_LOOP('',(#14227,#14228,#14229,#14237));
#14227 = ORIENTED_EDGE('',*,*,#14204,.T.);
#14228 = ORIENTED_EDGE('',*,*,#7925,.T.);
#14229 = ORIENTED_EDGE('',*,*,#14230,.F.);
#14230 = EDGE_CURVE('',#14231,#7918,#14233,.T.);
#14231 = VERTEX_POINT('',#14232);
#14232 = CARTESIAN_POINT('',(-49.69565772267,69.099435521747,0.));
#14233 = LINE('',#14234,#14235);
#14234 = CARTESIAN_POINT('',(-49.69565772267,69.099435521747,0.));
#14235 = VECTOR('',#14236,1.);
#14236 = DIRECTION('',(0.,0.,1.));
#14237 = ORIENTED_EDGE('',*,*,#14238,.F.);
#14238 = EDGE_CURVE('',#14205,#14231,#14239,.T.);
#14239 = CIRCLE('',#14240,3.);
#14240 = AXIS2_PLACEMENT_3D('',#14241,#14242,#14243);
#14241 = CARTESIAN_POINT('',(-48.5476,66.3278,0.));
#14242 = DIRECTION('',(0.,-0.,1.));
#14243 = DIRECTION('',(0.98080080092,0.195012278883,0.));
#14244 = CYLINDRICAL_SURFACE('',#14245,3.);
#14245 = AXIS2_PLACEMENT_3D('',#14246,#14247,#14248);
#14246 = CARTESIAN_POINT('',(-48.5476,66.3278,0.));
#14247 = DIRECTION('',(-0.,-0.,-1.));
#14248 = DIRECTION('',(0.98080080092,0.195012278883,0.));
#14249 = ADVANCED_FACE('',(#14250),#14268,.F.);
#14250 = FACE_BOUND('',#14251,.T.);
#14251 = EDGE_LOOP('',(#14252,#14260,#14261,#14262));
#14252 = ORIENTED_EDGE('',*,*,#14253,.T.);
#14253 = EDGE_CURVE('',#14254,#7909,#14256,.T.);
#14254 = VERTEX_POINT('',#14255);
#14255 = CARTESIAN_POINT('',(-50.42015772267,68.799335521747,0.));
#14256 = LINE('',#14257,#14258);
#14257 = CARTESIAN_POINT('',(-50.42015772267,68.799335521747,0.));
#14258 = VECTOR('',#14259,1.);
#14259 = DIRECTION('',(0.,0.,1.));
#14260 = ORIENTED_EDGE('',*,*,#7917,.T.);
#14261 = ORIENTED_EDGE('',*,*,#14230,.F.);
#14262 = ORIENTED_EDGE('',*,*,#14263,.F.);
#14263 = EDGE_CURVE('',#14254,#14231,#14264,.T.);
#14264 = LINE('',#14265,#14266);
#14265 = CARTESIAN_POINT('',(-50.42015772267,68.799335521747,0.));
#14266 = VECTOR('',#14267,1.);
#14267 = DIRECTION('',(0.923878507249,0.382685907558,0.));
#14268 = PLANE('',#14269);
#14269 = AXIS2_PLACEMENT_3D('',#14270,#14271,#14272);
#14270 = CARTESIAN_POINT('',(-50.42015772267,68.799335521747,0.));
#14271 = DIRECTION('',(0.382685907558,-0.923878507249,0.));
#14272 = DIRECTION('',(-0.923878507249,-0.382685907558,0.));
#14273 = ADVANCED_FACE('',(#14274),#14293,.T.);
#14274 = FACE_BOUND('',#14275,.F.);
#14275 = EDGE_LOOP('',(#14276,#14277,#14278,#14286));
#14276 = ORIENTED_EDGE('',*,*,#14253,.T.);
#14277 = ORIENTED_EDGE('',*,*,#7908,.T.);
#14278 = ORIENTED_EDGE('',*,*,#14279,.F.);
#14279 = EDGE_CURVE('',#14280,#7901,#14282,.T.);
#14280 = VERTEX_POINT('',#14281);
#14281 = CARTESIAN_POINT('',(-50.93893640074,68.522024841144,0.));
#14282 = LINE('',#14283,#14284);
#14283 = CARTESIAN_POINT('',(-50.93893640074,68.522024841144,0.));
#14284 = VECTOR('',#14285,1.);
#14285 = DIRECTION('',(0.,0.,1.));
#14286 = ORIENTED_EDGE('',*,*,#14287,.F.);
#14287 = EDGE_CURVE('',#14254,#14280,#14288,.T.);
#14288 = CIRCLE('',#14289,3.);
#14289 = AXIS2_PLACEMENT_3D('',#14290,#14291,#14292);
#14290 = CARTESIAN_POINT('',(-49.2721,66.0277,0.));
#14291 = DIRECTION('',(0.,-0.,1.));
#14292 = DIRECTION('',(0.923878507249,0.382685907558,0.));
#14293 = CYLINDRICAL_SURFACE('',#14294,3.);
#14294 = AXIS2_PLACEMENT_3D('',#14295,#14296,#14297);
#14295 = CARTESIAN_POINT('',(-49.2721,66.0277,0.));
#14296 = DIRECTION('',(-0.,-0.,-1.));
#14297 = DIRECTION('',(0.923878507249,0.382685907558,0.));
#14298 = ADVANCED_FACE('',(#14299),#14317,.F.);
#14299 = FACE_BOUND('',#14300,.T.);
#14300 = EDGE_LOOP('',(#14301,#14309,#14310,#14311));
#14301 = ORIENTED_EDGE('',*,*,#14302,.T.);
#14302 = EDGE_CURVE('',#14303,#7892,#14305,.T.);
#14303 = VERTEX_POINT('',#14304);
#14304 = CARTESIAN_POINT('',(-51.59093640074,68.086324841144,0.));
#14305 = LINE('',#14306,#14307);
#14306 = CARTESIAN_POINT('',(-51.59093640074,68.086324841144,0.));
#14307 = VECTOR('',#14308,1.);
#14308 = DIRECTION('',(0.,0.,1.));
#14309 = ORIENTED_EDGE('',*,*,#7900,.T.);
#14310 = ORIENTED_EDGE('',*,*,#14279,.F.);
#14311 = ORIENTED_EDGE('',*,*,#14312,.F.);
#14312 = EDGE_CURVE('',#14303,#14280,#14313,.T.);
#14313 = LINE('',#14314,#14315);
#14314 = CARTESIAN_POINT('',(-51.59093640074,68.086324841144,0.));
#14315 = VECTOR('',#14316,1.);
#14316 = DIRECTION('',(0.831441613715,0.555612133582,0.));
#14317 = PLANE('',#14318);
#14318 = AXIS2_PLACEMENT_3D('',#14319,#14320,#14321);
#14319 = CARTESIAN_POINT('',(-51.59093640074,68.086324841144,0.));
#14320 = DIRECTION('',(0.555612133582,-0.831441613715,0.));
#14321 = DIRECTION('',(-0.831441613715,-0.555612133582,0.));
#14322 = ADVANCED_FACE('',(#14323),#14342,.T.);
#14323 = FACE_BOUND('',#14324,.F.);
#14324 = EDGE_LOOP('',(#14325,#14326,#14327,#14335));
#14325 = ORIENTED_EDGE('',*,*,#14302,.T.);
#14326 = ORIENTED_EDGE('',*,*,#7891,.T.);
#14327 = ORIENTED_EDGE('',*,*,#14328,.F.);
#14328 = EDGE_CURVE('',#14329,#7884,#14331,.T.);
#14329 = VERTEX_POINT('',#14330);
#14330 = CARTESIAN_POINT('',(-52.04542034356,67.71332034356,0.));
#14331 = LINE('',#14332,#14333);
#14332 = CARTESIAN_POINT('',(-52.04542034356,67.71332034356,0.));
#14333 = VECTOR('',#14334,1.);
#14334 = DIRECTION('',(0.,0.,1.));
#14335 = ORIENTED_EDGE('',*,*,#14336,.F.);
#14336 = EDGE_CURVE('',#14303,#14329,#14337,.T.);
#14337 = CIRCLE('',#14338,3.);
#14338 = AXIS2_PLACEMENT_3D('',#14339,#14340,#14341);
#14339 = CARTESIAN_POINT('',(-49.9241,65.592,0.));
#14340 = DIRECTION('',(0.,-0.,1.));
#14341 = DIRECTION('',(0.831441613715,0.555612133582,0.));
#14342 = CYLINDRICAL_SURFACE('',#14343,3.);
#14343 = AXIS2_PLACEMENT_3D('',#14344,#14345,#14346);
#14344 = CARTESIAN_POINT('',(-49.9241,65.592,0.));
#14345 = DIRECTION('',(-0.,-0.,-1.));
#14346 = DIRECTION('',(0.831441613715,0.555612133582,0.));
#14347 = ADVANCED_FACE('',(#14348),#14366,.F.);
#14348 = FACE_BOUND('',#14349,.T.);
#14349 = EDGE_LOOP('',(#14350,#14358,#14359,#14360));
#14350 = ORIENTED_EDGE('',*,*,#14351,.T.);
#14351 = EDGE_CURVE('',#14352,#7875,#14354,.T.);
#14352 = VERTEX_POINT('',#14353);
#14353 = CARTESIAN_POINT('',(-52.59982034356,67.15892034356,0.));
#14354 = LINE('',#14355,#14356);
#14355 = CARTESIAN_POINT('',(-52.59982034356,67.15892034356,0.));
#14356 = VECTOR('',#14357,1.);
#14357 = DIRECTION('',(0.,0.,1.));
#14358 = ORIENTED_EDGE('',*,*,#7883,.T.);
#14359 = ORIENTED_EDGE('',*,*,#14328,.F.);
#14360 = ORIENTED_EDGE('',*,*,#14361,.F.);
#14361 = EDGE_CURVE('',#14352,#14329,#14362,.T.);
#14362 = LINE('',#14363,#14364);
#14363 = CARTESIAN_POINT('',(-52.59982034356,67.15892034356,0.));
#14364 = VECTOR('',#14365,1.);
#14365 = DIRECTION('',(0.707106781187,0.707106781187,0.));
#14366 = PLANE('',#14367);
#14367 = AXIS2_PLACEMENT_3D('',#14368,#14369,#14370);
#14368 = CARTESIAN_POINT('',(-52.59982034356,67.15892034356,0.));
#14369 = DIRECTION('',(0.707106781187,-0.707106781187,0.));
#14370 = DIRECTION('',(-0.707106781187,-0.707106781187,0.));
#14371 = ADVANCED_FACE('',(#14372),#14391,.T.);
#14372 = FACE_BOUND('',#14373,.F.);
#14373 = EDGE_LOOP('',(#14374,#14375,#14376,#14384));
#14374 = ORIENTED_EDGE('',*,*,#14351,.T.);
#14375 = ORIENTED_EDGE('',*,*,#7874,.T.);
#14376 = ORIENTED_EDGE('',*,*,#14377,.F.);
#14377 = EDGE_CURVE('',#14378,#7867,#14380,.T.);
#14378 = VERTEX_POINT('',#14379);
#14379 = CARTESIAN_POINT('',(-52.97282484114,66.704436400746,0.));
#14380 = LINE('',#14381,#14382);
#14381 = CARTESIAN_POINT('',(-52.97282484114,66.704436400746,0.));
#14382 = VECTOR('',#14383,1.);
#14383 = DIRECTION('',(0.,0.,1.));
#14384 = ORIENTED_EDGE('',*,*,#14385,.F.);
#14385 = EDGE_CURVE('',#14352,#14378,#14386,.T.);
#14386 = CIRCLE('',#14387,3.);
#14387 = AXIS2_PLACEMENT_3D('',#14388,#14389,#14390);
#14388 = CARTESIAN_POINT('',(-50.4785,65.0376,0.));
#14389 = DIRECTION('',(0.,-0.,1.));
#14390 = DIRECTION('',(0.707106781187,0.707106781187,0.));
#14391 = CYLINDRICAL_SURFACE('',#14392,3.);
#14392 = AXIS2_PLACEMENT_3D('',#14393,#14394,#14395);
#14393 = CARTESIAN_POINT('',(-50.4785,65.0376,0.));
#14394 = DIRECTION('',(-0.,-0.,-1.));
#14395 = DIRECTION('',(0.707106781187,0.707106781187,0.));
#14396 = ADVANCED_FACE('',(#14397),#14415,.F.);
#14397 = FACE_BOUND('',#14398,.T.);
#14398 = EDGE_LOOP('',(#14399,#14407,#14408,#14409));
#14399 = ORIENTED_EDGE('',*,*,#14400,.T.);
#14400 = EDGE_CURVE('',#14401,#7858,#14403,.T.);
#14401 = VERTEX_POINT('',#14402);
#14402 = CARTESIAN_POINT('',(-53.40852484114,66.052436400746,0.));
#14403 = LINE('',#14404,#14405);
#14404 = CARTESIAN_POINT('',(-53.40852484114,66.052436400746,0.));
#14405 = VECTOR('',#14406,1.);
#14406 = DIRECTION('',(0.,0.,1.));
#14407 = ORIENTED_EDGE('',*,*,#7866,.T.);
#14408 = ORIENTED_EDGE('',*,*,#14377,.F.);
#14409 = ORIENTED_EDGE('',*,*,#14410,.F.);
#14410 = EDGE_CURVE('',#14401,#14378,#14411,.T.);
#14411 = LINE('',#14412,#14413);
#14412 = CARTESIAN_POINT('',(-53.40852484114,66.052436400746,0.));
#14413 = VECTOR('',#14414,1.);
#14414 = DIRECTION('',(0.555612133582,0.831441613715,0.));
#14415 = PLANE('',#14416);
#14416 = AXIS2_PLACEMENT_3D('',#14417,#14418,#14419);
#14417 = CARTESIAN_POINT('',(-53.40852484114,66.052436400746,0.));
#14418 = DIRECTION('',(0.831441613715,-0.555612133582,0.));
#14419 = DIRECTION('',(-0.555612133582,-0.831441613715,0.));
#14420 = ADVANCED_FACE('',(#14421),#14440,.T.);
#14421 = FACE_BOUND('',#14422,.F.);
#14422 = EDGE_LOOP('',(#14423,#14424,#14425,#14433));
#14423 = ORIENTED_EDGE('',*,*,#14400,.T.);
#14424 = ORIENTED_EDGE('',*,*,#7857,.T.);
#14425 = ORIENTED_EDGE('',*,*,#14426,.F.);
#14426 = EDGE_CURVE('',#14427,#7850,#14429,.T.);
#14427 = VERTEX_POINT('',#14428);
#14428 = CARTESIAN_POINT('',(-53.56000555037,65.799712085236,0.));
#14429 = LINE('',#14430,#14431);
#14430 = CARTESIAN_POINT('',(-53.56000555037,65.799712085236,0.));
#14431 = VECTOR('',#14432,1.);
#14432 = DIRECTION('',(0.,0.,1.));
#14433 = ORIENTED_EDGE('',*,*,#14434,.F.);
#14434 = EDGE_CURVE('',#14401,#14427,#14435,.T.);
#14435 = CIRCLE('',#14436,3.);
#14436 = AXIS2_PLACEMENT_3D('',#14437,#14438,#14439);
#14437 = CARTESIAN_POINT('',(-50.9142,64.3856,0.));
#14438 = DIRECTION('',(0.,-0.,1.));
#14439 = DIRECTION('',(0.555612133582,0.831441613715,0.));
#14440 = CYLINDRICAL_SURFACE('',#14441,3.);
#14441 = AXIS2_PLACEMENT_3D('',#14442,#14443,#14444);
#14442 = CARTESIAN_POINT('',(-50.9142,64.3856,0.));
#14443 = DIRECTION('',(-0.,-0.,-1.));
#14444 = DIRECTION('',(0.555612133582,0.831441613715,0.));
#14445 = ADVANCED_FACE('',(#14446),#14464,.F.);
#14446 = FACE_BOUND('',#14447,.T.);
#14447 = EDGE_LOOP('',(#14448,#14456,#14457,#14458));
#14448 = ORIENTED_EDGE('',*,*,#14449,.T.);
#14449 = EDGE_CURVE('',#14450,#7842,#14452,.T.);
#14450 = VERTEX_POINT('',#14451);
#14451 = CARTESIAN_POINT('',(-53.80521679055,65.340921535996,0.));
#14452 = LINE('',#14453,#14454);
#14453 = CARTESIAN_POINT('',(-53.80521679055,65.340921535996,0.));
#14454 = VECTOR('',#14455,1.);
#14455 = DIRECTION('',(0.,0.,1.));
#14456 = ORIENTED_EDGE('',*,*,#7849,.T.);
#14457 = ORIENTED_EDGE('',*,*,#14426,.F.);
#14458 = ORIENTED_EDGE('',*,*,#14459,.F.);
#14459 = EDGE_CURVE('',#14450,#14427,#14460,.T.);
#14460 = LINE('',#14461,#14462);
#14461 = CARTESIAN_POINT('',(-53.94450555037,65.080312085236,0.));
#14462 = VECTOR('',#14463,1.);
#14463 = DIRECTION('',(0.471370695079,0.881935183458,0.));
#14464 = PLANE('',#14465);
#14465 = AXIS2_PLACEMENT_3D('',#14466,#14467,#14468);
#14466 = CARTESIAN_POINT('',(-53.80521679055,65.340921535996,0.));
#14467 = DIRECTION('',(0.881935183458,-0.471370695079,0.));
#14468 = DIRECTION('',(-0.471370695079,-0.881935183458,0.));
#14469 = ADVANCED_FACE('',(#14470),#14488,.F.);
#14470 = FACE_BOUND('',#14471,.T.);
#14471 = EDGE_LOOP('',(#14472,#14480,#14481,#14482));
#14472 = ORIENTED_EDGE('',*,*,#14473,.T.);
#14473 = EDGE_CURVE('',#14474,#7834,#14476,.T.);
#14474 = VERTEX_POINT('',#14475);
#14475 = CARTESIAN_POINT('',(-54.42278750668,64.588387506684,0.));
#14476 = LINE('',#14477,#14478);
#14477 = CARTESIAN_POINT('',(-54.42278750668,64.588387506684,0.));
#14478 = VECTOR('',#14479,1.);
#14479 = DIRECTION('',(0.,0.,1.));
#14480 = ORIENTED_EDGE('',*,*,#7841,.T.);
#14481 = ORIENTED_EDGE('',*,*,#14449,.F.);
#14482 = ORIENTED_EDGE('',*,*,#14483,.F.);
#14483 = EDGE_CURVE('',#14474,#14450,#14484,.T.);
#14484 = LINE('',#14485,#14486);
#14485 = CARTESIAN_POINT('',(-54.61025856358,64.359946704449,0.));
#14486 = VECTOR('',#14487,1.);
#14487 = DIRECTION('',(0.634382234816,0.773019521196,0.));
#14488 = PLANE('',#14489);
#14489 = AXIS2_PLACEMENT_3D('',#14490,#14491,#14492);
#14490 = CARTESIAN_POINT('',(-54.42278750668,64.588387506684,0.));
#14491 = DIRECTION('',(0.773019521196,-0.634382234816,0.));
#14492 = DIRECTION('',(-0.634382234816,-0.773019521196,0.));
#14493 = ADVANCED_FACE('',(#14494),#14512,.F.);
#14494 = FACE_BOUND('',#14495,.T.);
#14495 = EDGE_LOOP('',(#14496,#14504,#14505,#14506));
#14496 = ORIENTED_EDGE('',*,*,#14497,.T.);
#14497 = EDGE_CURVE('',#14498,#7826,#14500,.T.);
#14498 = VERTEX_POINT('',#14499);
#14499 = CARTESIAN_POINT('',(-55.1753791975,63.970769470352,0.));
#14500 = LINE('',#14501,#14502);
#14501 = CARTESIAN_POINT('',(-55.1753791975,63.970769470352,0.));
#14502 = VECTOR('',#14503,1.);
#14503 = DIRECTION('',(0.,0.,1.));
#14504 = ORIENTED_EDGE('',*,*,#7833,.T.);
#14505 = ORIENTED_EDGE('',*,*,#14473,.F.);
#14506 = ORIENTED_EDGE('',*,*,#14507,.F.);
#14507 = EDGE_CURVE('',#14498,#14474,#14508,.T.);
#14508 = LINE('',#14509,#14510);
#14509 = CARTESIAN_POINT('',(-55.40374670444,63.783358563587,0.));
#14510 = VECTOR('',#14511,1.);
#14511 = DIRECTION('',(0.773019521196,0.634382234816,0.));
#14512 = PLANE('',#14513);
#14513 = AXIS2_PLACEMENT_3D('',#14514,#14515,#14516);
#14514 = CARTESIAN_POINT('',(-55.1753791975,63.970769470352,0.));
#14515 = DIRECTION('',(0.634382234816,-0.773019521196,0.));
#14516 = DIRECTION('',(-0.773019521196,-0.634382234816,0.));
#14517 = ADVANCED_FACE('',(#14518),#14536,.F.);
#14518 = FACE_BOUND('',#14519,.T.);
#14519 = EDGE_LOOP('',(#14520,#14528,#14529,#14530));
#14520 = ORIENTED_EDGE('',*,*,#14521,.T.);
#14521 = EDGE_CURVE('',#14522,#7818,#14524,.T.);
#14522 = VERTEX_POINT('',#14523);
#14523 = CARTESIAN_POINT('',(-56.03390086377,63.511858309321,0.));
#14524 = LINE('',#14525,#14526);
#14525 = CARTESIAN_POINT('',(-56.03390086377,63.511858309321,0.));
#14526 = VECTOR('',#14527,1.);
#14527 = DIRECTION('',(0.,0.,1.));
#14528 = ORIENTED_EDGE('',*,*,#7825,.T.);
#14529 = ORIENTED_EDGE('',*,*,#14497,.F.);
#14530 = ORIENTED_EDGE('',*,*,#14531,.F.);
#14531 = EDGE_CURVE('',#14522,#14498,#14532,.T.);
#14532 = LINE('',#14533,#14534);
#14533 = CARTESIAN_POINT('',(-56.2945423912,63.372535901206,0.));
#14534 = VECTOR('',#14535,1.);
#14535 = DIRECTION('',(0.881911967069,0.4714141304,0.));
#14536 = PLANE('',#14537);
#14537 = AXIS2_PLACEMENT_3D('',#14538,#14539,#14540);
#14538 = CARTESIAN_POINT('',(-56.03390086377,63.511858309321,0.));
#14539 = DIRECTION('',(0.4714141304,-0.881911967069,0.));
#14540 = DIRECTION('',(-0.881911967069,-0.4714141304,0.));
#14541 = ADVANCED_FACE('',(#14542),#14560,.F.);
#14542 = FACE_BOUND('',#14543,.T.);
#14543 = EDGE_LOOP('',(#14544,#14552,#14553,#14554));
#14544 = ORIENTED_EDGE('',*,*,#14545,.T.);
#14545 = EDGE_CURVE('',#14546,#7810,#14548,.T.);
#14546 = VERTEX_POINT('',#14547);
#14547 = CARTESIAN_POINT('',(-56.96546184116,63.229297465134,0.));
#14548 = LINE('',#14549,#14550);
#14549 = CARTESIAN_POINT('',(-56.96546184116,63.229297465134,0.));
#14550 = VECTOR('',#14551,1.);
#14551 = DIRECTION('',(0.,0.,1.));
#14552 = ORIENTED_EDGE('',*,*,#7817,.T.);
#14553 = ORIENTED_EDGE('',*,*,#14521,.F.);
#14554 = ORIENTED_EDGE('',*,*,#14555,.F.);
#14555 = EDGE_CURVE('',#14546,#14522,#14556,.T.);
#14556 = LINE('',#14557,#14558);
#14557 = CARTESIAN_POINT('',(-57.24818322891,63.143542484053,0.));
#14558 = VECTOR('',#14559,1.);
#14559 = DIRECTION('',(0.956947494684,0.290261076305,0.));
#14560 = PLANE('',#14561);
#14561 = AXIS2_PLACEMENT_3D('',#14562,#14563,#14564);
#14562 = CARTESIAN_POINT('',(-56.96546184116,63.229297465134,0.));
#14563 = DIRECTION('',(0.290261076305,-0.956947494684,0.));
#14564 = DIRECTION('',(-0.956947494684,-0.290261076305,0.));
#14565 = ADVANCED_FACE('',(#14566),#14584,.F.);
#14566 = FACE_BOUND('',#14567,.T.);
#14567 = EDGE_LOOP('',(#14568,#14576,#14577,#14578));
#14568 = ORIENTED_EDGE('',*,*,#14569,.T.);
#14569 = EDGE_CURVE('',#14570,#7802,#14572,.T.);
#14570 = VERTEX_POINT('',#14571);
#14571 = CARTESIAN_POINT('',(-58.27827657835,63.1,0.));
#14572 = LINE('',#14573,#14574);
#14573 = CARTESIAN_POINT('',(-58.27827657835,63.1,0.));
#14574 = VECTOR('',#14575,1.);
#14575 = DIRECTION('',(0.,0.,1.));
#14576 = ORIENTED_EDGE('',*,*,#7809,.T.);
#14577 = ORIENTED_EDGE('',*,*,#14545,.F.);
#14578 = ORIENTED_EDGE('',*,*,#14579,.F.);
#14579 = EDGE_CURVE('',#14570,#14546,#14580,.T.);
#14580 = LINE('',#14581,#14582);
#14581 = CARTESIAN_POINT('',(-58.42494353635,63.085554956575,0.));
#14582 = VECTOR('',#14583,1.);
#14583 = DIRECTION('',(0.995184985525,9.80145121187E-02,0.));
#14584 = PLANE('',#14585);
#14585 = AXIS2_PLACEMENT_3D('',#14586,#14587,#14588);
#14586 = CARTESIAN_POINT('',(-58.27827657835,63.1,0.));
#14587 = DIRECTION('',(9.80145121187E-02,-0.995184985525,0.));
#14588 = DIRECTION('',(-0.995184985525,-9.80145121187E-02,0.));
#14589 = ADVANCED_FACE('',(#14590),#14608,.F.);
#14590 = FACE_BOUND('',#14591,.T.);
#14591 = EDGE_LOOP('',(#14592,#14600,#14601,#14602));
#14592 = ORIENTED_EDGE('',*,*,#14593,.T.);
#14593 = EDGE_CURVE('',#14594,#7793,#14596,.T.);
#14594 = VERTEX_POINT('',#14595);
#14595 = CARTESIAN_POINT('',(-67.6867,63.1,0.));
#14596 = LINE('',#14597,#14598);
#14597 = CARTESIAN_POINT('',(-67.6867,63.1,0.));
#14598 = VECTOR('',#14599,1.);
#14599 = DIRECTION('',(0.,0.,1.));
#14600 = ORIENTED_EDGE('',*,*,#7801,.T.);
#14601 = ORIENTED_EDGE('',*,*,#14569,.F.);
#14602 = ORIENTED_EDGE('',*,*,#14603,.F.);
#14603 = EDGE_CURVE('',#14594,#14570,#14604,.T.);
#14604 = LINE('',#14605,#14606);
#14605 = CARTESIAN_POINT('',(-67.6867,63.1,0.));
#14606 = VECTOR('',#14607,1.);
#14607 = DIRECTION('',(1.,0.,0.));
#14608 = PLANE('',#14609);
#14609 = AXIS2_PLACEMENT_3D('',#14610,#14611,#14612);
#14610 = CARTESIAN_POINT('',(-67.6867,63.1,0.));
#14611 = DIRECTION('',(-0.,-1.,-0.));
#14612 = DIRECTION('',(-1.,0.,0.));
#14613 = ADVANCED_FACE('',(#14614),#14633,.T.);
#14614 = FACE_BOUND('',#14615,.F.);
#14615 = EDGE_LOOP('',(#14616,#14617,#14618,#14626));
#14616 = ORIENTED_EDGE('',*,*,#14593,.T.);
#14617 = ORIENTED_EDGE('',*,*,#7792,.T.);
#14618 = ORIENTED_EDGE('',*,*,#14619,.F.);
#14619 = EDGE_CURVE('',#14620,#7785,#14622,.T.);
#14620 = VERTEX_POINT('',#14621);
#14621 = CARTESIAN_POINT('',(-67.83418785155,63.096372362315,0.));
#14622 = LINE('',#14623,#14624);
#14623 = CARTESIAN_POINT('',(-67.83418785155,63.096372362315,0.));
#14624 = VECTOR('',#14625,1.);
#14625 = DIRECTION('',(0.,0.,1.));
#14626 = ORIENTED_EDGE('',*,*,#14627,.F.);
#14627 = EDGE_CURVE('',#14594,#14620,#14628,.T.);
#14628 = CIRCLE('',#14629,3.);
#14629 = AXIS2_PLACEMENT_3D('',#14630,#14631,#14632);
#14630 = CARTESIAN_POINT('',(-67.6867,60.1,0.));
#14631 = DIRECTION('',(0.,0.,1.));
#14632 = DIRECTION('',(1.,0.,0.));
#14633 = CYLINDRICAL_SURFACE('',#14634,3.);
#14634 = AXIS2_PLACEMENT_3D('',#14635,#14636,#14637);
#14635 = CARTESIAN_POINT('',(-67.6867,60.1,0.));
#14636 = DIRECTION('',(-0.,-0.,-1.));
#14637 = DIRECTION('',(1.,0.,0.));
#14638 = ADVANCED_FACE('',(#14639),#14657,.F.);
#14639 = FACE_BOUND('',#14640,.T.);
#14640 = EDGE_LOOP('',(#14641,#14649,#14650,#14651));
#14641 = ORIENTED_EDGE('',*,*,#14642,.T.);
#14642 = EDGE_CURVE('',#14643,#7776,#14645,.T.);
#14643 = VERTEX_POINT('',#14644);
#14644 = CARTESIAN_POINT('',(-68.22628785155,63.077072362315,0.));
#14645 = LINE('',#14646,#14647);
#14646 = CARTESIAN_POINT('',(-68.22628785155,63.077072362315,0.));
#14647 = VECTOR('',#14648,1.);
#14648 = DIRECTION('',(0.,0.,1.));
#14649 = ORIENTED_EDGE('',*,*,#7784,.T.);
#14650 = ORIENTED_EDGE('',*,*,#14619,.F.);
#14651 = ORIENTED_EDGE('',*,*,#14652,.F.);
#14652 = EDGE_CURVE('',#14643,#14620,#14653,.T.);
#14653 = LINE('',#14654,#14655);
#14654 = CARTESIAN_POINT('',(-68.22628785155,63.077072362315,0.));
#14655 = VECTOR('',#14656,1.);
#14656 = DIRECTION('',(0.998790787438,4.916261718327E-02,0.));
#14657 = PLANE('',#14658);
#14658 = AXIS2_PLACEMENT_3D('',#14659,#14660,#14661);
#14659 = CARTESIAN_POINT('',(-68.22628785155,63.077072362315,0.));
#14660 = DIRECTION('',(4.916261718327E-02,-0.998790787438,0.));
#14661 = DIRECTION('',(-0.998790787438,-4.916261718327E-02,0.));
#14662 = ADVANCED_FACE('',(#14663),#14682,.T.);
#14663 = FACE_BOUND('',#14664,.F.);
#14664 = EDGE_LOOP('',(#14665,#14666,#14667,#14675));
#14665 = ORIENTED_EDGE('',*,*,#14642,.T.);
#14666 = ORIENTED_EDGE('',*,*,#7775,.T.);
#14667 = ORIENTED_EDGE('',*,*,#14668,.F.);
#14668 = EDGE_CURVE('',#14669,#7768,#14671,.T.);
#14669 = VERTEX_POINT('',#14670);
#14670 = CARTESIAN_POINT('',(-68.66376366122,63.023116951258,0.));
#14671 = LINE('',#14672,#14673);
#14672 = CARTESIAN_POINT('',(-68.66376366122,63.023116951258,0.));
#14673 = VECTOR('',#14674,1.);
#14674 = DIRECTION('',(0.,0.,1.));
#14675 = ORIENTED_EDGE('',*,*,#14676,.F.);
#14676 = EDGE_CURVE('',#14643,#14669,#14677,.T.);
#14677 = CIRCLE('',#14678,3.);
#14678 = AXIS2_PLACEMENT_3D('',#14679,#14680,#14681);
#14679 = CARTESIAN_POINT('',(-68.0788,60.0807,0.));
#14680 = DIRECTION('',(0.,-0.,1.));
#14681 = DIRECTION('',(0.998790787438,4.916261718327E-02,0.));
#14682 = CYLINDRICAL_SURFACE('',#14683,3.);
#14683 = AXIS2_PLACEMENT_3D('',#14684,#14685,#14686);
#14684 = CARTESIAN_POINT('',(-68.0788,60.0807,0.));
#14685 = DIRECTION('',(-0.,-0.,-1.));
#14686 = DIRECTION('',(0.998790787438,4.916261718327E-02,0.));
#14687 = ADVANCED_FACE('',(#14688),#14706,.F.);
#14688 = FACE_BOUND('',#14689,.T.);
#14689 = EDGE_LOOP('',(#14690,#14698,#14699,#14700));
#14690 = ORIENTED_EDGE('',*,*,#14691,.T.);
#14691 = EDGE_CURVE('',#14692,#7759,#14694,.T.);
#14692 = VERTEX_POINT('',#14693);
#14693 = CARTESIAN_POINT('',(-69.43286366122,62.870216951258,0.));
#14694 = LINE('',#14695,#14696);
#14695 = CARTESIAN_POINT('',(-69.43286366122,62.870216951258,0.));
#14696 = VECTOR('',#14697,1.);
#14697 = DIRECTION('',(0.,0.,1.));
#14698 = ORIENTED_EDGE('',*,*,#7767,.T.);
#14699 = ORIENTED_EDGE('',*,*,#14668,.F.);
#14700 = ORIENTED_EDGE('',*,*,#14701,.F.);
#14701 = EDGE_CURVE('',#14692,#14669,#14702,.T.);
#14702 = LINE('',#14703,#14704);
#14703 = CARTESIAN_POINT('',(-69.43286366122,62.870216951258,0.));
#14704 = VECTOR('',#14705,1.);
#14705 = DIRECTION('',(0.980805650419,0.194987887075,0.));
#14706 = PLANE('',#14707);
#14707 = AXIS2_PLACEMENT_3D('',#14708,#14709,#14710);
#14708 = CARTESIAN_POINT('',(-69.43286366122,62.870216951258,0.));
#14709 = DIRECTION('',(0.194987887075,-0.980805650419,0.));
#14710 = DIRECTION('',(-0.980805650419,-0.194987887075,0.));
#14711 = ADVANCED_FACE('',(#14712),#14731,.T.);
#14712 = FACE_BOUND('',#14713,.F.);
#14713 = EDGE_LOOP('',(#14714,#14715,#14716,#14724));
#14714 = ORIENTED_EDGE('',*,*,#14691,.T.);
#14715 = ORIENTED_EDGE('',*,*,#7758,.T.);
#14716 = ORIENTED_EDGE('',*,*,#14717,.F.);
#14717 = EDGE_CURVE('',#14718,#7751,#14720,.T.);
#14718 = VERTEX_POINT('',#14719);
#14719 = CARTESIAN_POINT('',(-69.99609299278,62.699379486742,0.));
#14720 = LINE('',#14721,#14722);
#14721 = CARTESIAN_POINT('',(-69.99609299278,62.699379486742,0.));
#14722 = VECTOR('',#14723,1.);
#14723 = DIRECTION('',(0.,0.,1.));
#14724 = ORIENTED_EDGE('',*,*,#14725,.F.);
#14725 = EDGE_CURVE('',#14692,#14718,#14726,.T.);
#14726 = CIRCLE('',#14727,3.);
#14727 = AXIS2_PLACEMENT_3D('',#14728,#14729,#14730);
#14728 = CARTESIAN_POINT('',(-68.8479,59.9278,0.));
#14729 = DIRECTION('',(0.,-0.,1.));
#14730 = DIRECTION('',(0.980805650419,0.194987887075,0.));
#14731 = CYLINDRICAL_SURFACE('',#14732,3.);
#14732 = AXIS2_PLACEMENT_3D('',#14733,#14734,#14735);
#14733 = CARTESIAN_POINT('',(-68.8479,59.9278,0.));
#14734 = DIRECTION('',(-0.,-0.,-1.));
#14735 = DIRECTION('',(0.980805650419,0.194987887075,0.));
#14736 = ADVANCED_FACE('',(#14737),#14755,.F.);
#14737 = FACE_BOUND('',#14738,.T.);
#14738 = EDGE_LOOP('',(#14739,#14747,#14748,#14749));
#14739 = ORIENTED_EDGE('',*,*,#14740,.T.);
#14740 = EDGE_CURVE('',#14741,#7742,#14743,.T.);
#14741 = VERTEX_POINT('',#14742);
#14742 = CARTESIAN_POINT('',(-70.72049299278,62.399279486742,0.));
#14743 = LINE('',#14744,#14745);
#14744 = CARTESIAN_POINT('',(-70.72049299278,62.399279486742,0.));
#14745 = VECTOR('',#14746,1.);
#14746 = DIRECTION('',(0.,0.,1.));
#14747 = ORIENTED_EDGE('',*,*,#7750,.T.);
#14748 = ORIENTED_EDGE('',*,*,#14717,.F.);
#14749 = ORIENTED_EDGE('',*,*,#14750,.F.);
#14750 = EDGE_CURVE('',#14741,#14718,#14751,.T.);
#14751 = LINE('',#14752,#14753);
#14752 = CARTESIAN_POINT('',(-70.72049299278,62.399279486742,0.));
#14753 = VECTOR('',#14754,1.);
#14754 = DIRECTION('',(0.923859828914,0.382730997594,0.));
#14755 = PLANE('',#14756);
#14756 = AXIS2_PLACEMENT_3D('',#14757,#14758,#14759);
#14757 = CARTESIAN_POINT('',(-70.72049299278,62.399279486742,0.));
#14758 = DIRECTION('',(0.382730997594,-0.923859828914,0.));
#14759 = DIRECTION('',(-0.923859828914,-0.382730997594,0.));
#14760 = ADVANCED_FACE('',(#14761),#14780,.T.);
#14761 = FACE_BOUND('',#14762,.F.);
#14762 = EDGE_LOOP('',(#14763,#14764,#14765,#14773));
#14763 = ORIENTED_EDGE('',*,*,#14740,.T.);
#14764 = ORIENTED_EDGE('',*,*,#7741,.T.);
#14765 = ORIENTED_EDGE('',*,*,#14766,.F.);
#14766 = EDGE_CURVE('',#14767,#7734,#14769,.T.);
#14767 = VERTEX_POINT('',#14768);
#14768 = CARTESIAN_POINT('',(-71.23913640074,62.122024841144,0.));
#14769 = LINE('',#14770,#14771);
#14770 = CARTESIAN_POINT('',(-71.23913640074,62.122024841144,0.));
#14771 = VECTOR('',#14772,1.);
#14772 = DIRECTION('',(0.,0.,1.));
#14773 = ORIENTED_EDGE('',*,*,#14774,.F.);
#14774 = EDGE_CURVE('',#14741,#14767,#14775,.T.);
#14775 = CIRCLE('',#14776,3.);
#14776 = AXIS2_PLACEMENT_3D('',#14777,#14778,#14779);
#14777 = CARTESIAN_POINT('',(-69.5723,59.6277,0.));
#14778 = DIRECTION('',(0.,-0.,1.));
#14779 = DIRECTION('',(0.923859828914,0.382730997594,0.));
#14780 = CYLINDRICAL_SURFACE('',#14781,3.);
#14781 = AXIS2_PLACEMENT_3D('',#14782,#14783,#14784);
#14782 = CARTESIAN_POINT('',(-69.5723,59.6277,0.));
#14783 = DIRECTION('',(-0.,-0.,-1.));
#14784 = DIRECTION('',(0.923859828914,0.382730997594,0.));
#14785 = ADVANCED_FACE('',(#14786),#14804,.F.);
#14786 = FACE_BOUND('',#14787,.T.);
#14787 = EDGE_LOOP('',(#14788,#14796,#14797,#14798));
#14788 = ORIENTED_EDGE('',*,*,#14789,.T.);
#14789 = EDGE_CURVE('',#14790,#7725,#14792,.T.);
#14790 = VERTEX_POINT('',#14791);
#14791 = CARTESIAN_POINT('',(-71.89113640074,61.686324841144,0.));
#14792 = LINE('',#14793,#14794);
#14793 = CARTESIAN_POINT('',(-71.89113640074,61.686324841144,0.));
#14794 = VECTOR('',#14795,1.);
#14795 = DIRECTION('',(0.,0.,1.));
#14796 = ORIENTED_EDGE('',*,*,#7733,.T.);
#14797 = ORIENTED_EDGE('',*,*,#14766,.F.);
#14798 = ORIENTED_EDGE('',*,*,#14799,.F.);
#14799 = EDGE_CURVE('',#14790,#14767,#14800,.T.);
#14800 = LINE('',#14801,#14802);
#14801 = CARTESIAN_POINT('',(-71.89113640074,61.686324841144,0.));
#14802 = VECTOR('',#14803,1.);
#14803 = DIRECTION('',(0.831441613715,0.555612133582,0.));
#14804 = PLANE('',#14805);
#14805 = AXIS2_PLACEMENT_3D('',#14806,#14807,#14808);
#14806 = CARTESIAN_POINT('',(-71.89113640074,61.686324841144,0.));
#14807 = DIRECTION('',(0.555612133582,-0.831441613715,0.));
#14808 = DIRECTION('',(-0.831441613715,-0.555612133582,0.));
#14809 = ADVANCED_FACE('',(#14810),#14829,.T.);
#14810 = FACE_BOUND('',#14811,.F.);
#14811 = EDGE_LOOP('',(#14812,#14813,#14814,#14822));
#14812 = ORIENTED_EDGE('',*,*,#14789,.T.);
#14813 = ORIENTED_EDGE('',*,*,#7724,.T.);
#14814 = ORIENTED_EDGE('',*,*,#14815,.F.);
#14815 = EDGE_CURVE('',#14816,#7717,#14818,.T.);
#14816 = VERTEX_POINT('',#14817);
#14817 = CARTESIAN_POINT('',(-72.12728825599,61.511188586026,0.));
#14818 = LINE('',#14819,#14820);
#14819 = CARTESIAN_POINT('',(-72.12728825599,61.511188586026,0.));
#14820 = VECTOR('',#14821,1.);
#14821 = DIRECTION('',(0.,0.,1.));
#14822 = ORIENTED_EDGE('',*,*,#14823,.F.);
#14823 = EDGE_CURVE('',#14790,#14816,#14824,.T.);
#14824 = CIRCLE('',#14825,3.);
#14825 = AXIS2_PLACEMENT_3D('',#14826,#14827,#14828);
#14826 = CARTESIAN_POINT('',(-70.2243,59.192,0.));
#14827 = DIRECTION('',(0.,-0.,1.));
#14828 = DIRECTION('',(0.831441613715,0.555612133582,0.));
#14829 = CYLINDRICAL_SURFACE('',#14830,3.);
#14830 = AXIS2_PLACEMENT_3D('',#14831,#14832,#14833);
#14831 = CARTESIAN_POINT('',(-70.2243,59.192,0.));
#14832 = DIRECTION('',(-0.,-0.,-1.));
#14833 = DIRECTION('',(0.831441613715,0.555612133582,0.));
#14834 = ADVANCED_FACE('',(#14835),#14853,.F.);
#14835 = FACE_BOUND('',#14836,.T.);
#14836 = EDGE_LOOP('',(#14837,#14845,#14846,#14847));
#14837 = ORIENTED_EDGE('',*,*,#14838,.T.);
#14838 = EDGE_CURVE('',#14839,#7709,#14841,.T.);
#14839 = VERTEX_POINT('',#14840);
#14840 = CARTESIAN_POINT('',(-72.17648793964,61.47081825101,0.));
#14841 = LINE('',#14842,#14843);
#14842 = CARTESIAN_POINT('',(-72.17648793964,61.47081825101,0.));
#14843 = VECTOR('',#14844,1.);
#14844 = DIRECTION('',(0.,0.,1.));
#14845 = ORIENTED_EDGE('',*,*,#7716,.T.);
#14846 = ORIENTED_EDGE('',*,*,#14815,.F.);
#14847 = ORIENTED_EDGE('',*,*,#14848,.F.);
#14848 = EDGE_CURVE('',#14839,#14816,#14849,.T.);
#14849 = LINE('',#14850,#14851);
#14850 = CARTESIAN_POINT('',(-72.40478825599,61.283488586026,0.));
#14851 = VECTOR('',#14852,1.);
#14852 = DIRECTION('',(0.773062862009,0.634329418664,0.));
#14853 = PLANE('',#14854);
#14854 = AXIS2_PLACEMENT_3D('',#14855,#14856,#14857);
#14855 = CARTESIAN_POINT('',(-72.17648793964,61.47081825101,0.));
#14856 = DIRECTION('',(0.634329418664,-0.773062862009,0.));
#14857 = DIRECTION('',(-0.773062862009,-0.634329418664,0.));
#14858 = ADVANCED_FACE('',(#14859),#14877,.F.);
#14859 = FACE_BOUND('',#14860,.T.);
#14860 = EDGE_LOOP('',(#14861,#14869,#14870,#14871));
#14861 = ORIENTED_EDGE('',*,*,#14862,.T.);
#14862 = EDGE_CURVE('',#14863,#7701,#14865,.T.);
#14863 = VERTEX_POINT('',#14864);
#14864 = CARTESIAN_POINT('',(-73.03510086377,61.011858309321,0.));
#14865 = LINE('',#14866,#14867);
#14866 = CARTESIAN_POINT('',(-73.03510086377,61.011858309321,0.));
#14867 = VECTOR('',#14868,1.);
#14868 = DIRECTION('',(0.,0.,1.));
#14869 = ORIENTED_EDGE('',*,*,#7708,.T.);
#14870 = ORIENTED_EDGE('',*,*,#14838,.F.);
#14871 = ORIENTED_EDGE('',*,*,#14872,.F.);
#14872 = EDGE_CURVE('',#14863,#14839,#14873,.T.);
#14873 = LINE('',#14874,#14875);
#14874 = CARTESIAN_POINT('',(-73.2957423912,60.872535901206,0.));
#14875 = VECTOR('',#14876,1.);
#14876 = DIRECTION('',(0.881911967069,0.4714141304,0.));
#14877 = PLANE('',#14878);
#14878 = AXIS2_PLACEMENT_3D('',#14879,#14880,#14881);
#14879 = CARTESIAN_POINT('',(-73.03510086377,61.011858309321,0.));
#14880 = DIRECTION('',(0.4714141304,-0.881911967069,0.));
#14881 = DIRECTION('',(-0.881911967069,-0.4714141304,0.));
#14882 = ADVANCED_FACE('',(#14883),#14901,.F.);
#14883 = FACE_BOUND('',#14884,.T.);
#14884 = EDGE_LOOP('',(#14885,#14893,#14894,#14895));
#14885 = ORIENTED_EDGE('',*,*,#14886,.T.);
#14886 = EDGE_CURVE('',#14887,#7693,#14889,.T.);
#14887 = VERTEX_POINT('',#14888);
#14888 = CARTESIAN_POINT('',(-73.96666184116,60.729297465134,0.));
#14889 = LINE('',#14890,#14891);
#14890 = CARTESIAN_POINT('',(-73.96666184116,60.729297465134,0.));
#14891 = VECTOR('',#14892,1.);
#14892 = DIRECTION('',(0.,0.,1.));
#14893 = ORIENTED_EDGE('',*,*,#7700,.T.);
#14894 = ORIENTED_EDGE('',*,*,#14862,.F.);
#14895 = ORIENTED_EDGE('',*,*,#14896,.F.);
#14896 = EDGE_CURVE('',#14887,#14863,#14897,.T.);
#14897 = LINE('',#14898,#14899);
#14898 = CARTESIAN_POINT('',(-74.24938322891,60.643542484053,0.));
#14899 = VECTOR('',#14900,1.);
#14900 = DIRECTION('',(0.956947494684,0.290261076305,0.));
#14901 = PLANE('',#14902);
#14902 = AXIS2_PLACEMENT_3D('',#14903,#14904,#14905);
#14903 = CARTESIAN_POINT('',(-73.96666184116,60.729297465134,0.));
#14904 = DIRECTION('',(0.290261076305,-0.956947494684,0.));
#14905 = DIRECTION('',(-0.956947494684,-0.290261076305,0.));
#14906 = ADVANCED_FACE('',(#14907),#14925,.F.);
#14907 = FACE_BOUND('',#14908,.T.);
#14908 = EDGE_LOOP('',(#14909,#14917,#14918,#14919));
#14909 = ORIENTED_EDGE('',*,*,#14910,.T.);
#14910 = EDGE_CURVE('',#14911,#7685,#14913,.T.);
#14911 = VERTEX_POINT('',#14912);
#14912 = CARTESIAN_POINT('',(-75.27947657835,60.6,0.));
#14913 = LINE('',#14914,#14915);
#14914 = CARTESIAN_POINT('',(-75.27947657835,60.6,0.));
#14915 = VECTOR('',#14916,1.);
#14916 = DIRECTION('',(0.,0.,1.));
#14917 = ORIENTED_EDGE('',*,*,#7692,.T.);
#14918 = ORIENTED_EDGE('',*,*,#14886,.F.);
#14919 = ORIENTED_EDGE('',*,*,#14920,.F.);
#14920 = EDGE_CURVE('',#14911,#14887,#14921,.T.);
#14921 = LINE('',#14922,#14923);
#14922 = CARTESIAN_POINT('',(-75.42614353635,60.585554956575,0.));
#14923 = VECTOR('',#14924,1.);
#14924 = DIRECTION('',(0.995184985525,9.80145121187E-02,0.));
#14925 = PLANE('',#14926);
#14926 = AXIS2_PLACEMENT_3D('',#14927,#14928,#14929);
#14927 = CARTESIAN_POINT('',(-75.27947657835,60.6,0.));
#14928 = DIRECTION('',(9.80145121187E-02,-0.995184985525,0.));
#14929 = DIRECTION('',(-0.995184985525,-9.80145121187E-02,0.));
#14930 = ADVANCED_FACE('',(#14931),#14949,.F.);
#14931 = FACE_BOUND('',#14932,.T.);
#14932 = EDGE_LOOP('',(#14933,#14941,#14942,#14943));
#14933 = ORIENTED_EDGE('',*,*,#14934,.T.);
#14934 = EDGE_CURVE('',#14935,#7677,#14937,.T.);
#14935 = VERTEX_POINT('',#14936);
#14936 = CARTESIAN_POINT('',(-79.8039273264,60.6,0.));
#14937 = LINE('',#14938,#14939);
#14938 = CARTESIAN_POINT('',(-79.8039273264,60.6,0.));
#14939 = VECTOR('',#14940,1.);
#14940 = DIRECTION('',(0.,0.,1.));
#14941 = ORIENTED_EDGE('',*,*,#7684,.T.);
#14942 = ORIENTED_EDGE('',*,*,#14910,.F.);
#14943 = ORIENTED_EDGE('',*,*,#14944,.F.);
#14944 = EDGE_CURVE('',#14935,#14911,#14945,.T.);
#14945 = LINE('',#14946,#14947);
#14946 = CARTESIAN_POINT('',(-79.8776,60.6,0.));
#14947 = VECTOR('',#14948,1.);
#14948 = DIRECTION('',(1.,0.,0.));
#14949 = PLANE('',#14950);
#14950 = AXIS2_PLACEMENT_3D('',#14951,#14952,#14953);
#14951 = CARTESIAN_POINT('',(-79.8039273264,60.6,0.));
#14952 = DIRECTION('',(-0.,-1.,-0.));
#14953 = DIRECTION('',(-1.,0.,0.));
#14954 = ADVANCED_FACE('',(#14955),#14973,.F.);
#14955 = FACE_BOUND('',#14956,.T.);
#14956 = EDGE_LOOP('',(#14957,#14965,#14966,#14967));
#14957 = ORIENTED_EDGE('',*,*,#14958,.T.);
#14958 = EDGE_CURVE('',#14959,#7669,#14961,.T.);
#14959 = VERTEX_POINT('',#14960);
#14960 = CARTESIAN_POINT('',(-80.29276649271,60.624023880397,0.));
#14961 = LINE('',#14962,#14963);
#14962 = CARTESIAN_POINT('',(-80.29276649271,60.624023880397,0.));
#14963 = VECTOR('',#14964,1.);
#14964 = DIRECTION('',(0.,0.,1.));
#14965 = ORIENTED_EDGE('',*,*,#7676,.T.);
#14966 = ORIENTED_EDGE('',*,*,#14934,.F.);
#14967 = ORIENTED_EDGE('',*,*,#14968,.F.);
#14968 = EDGE_CURVE('',#14959,#14935,#14969,.T.);
#14969 = LINE('',#14970,#14971);
#14970 = CARTESIAN_POINT('',(-80.51374345934,60.634883738982,0.));
#14971 = VECTOR('',#14972,1.);
#14972 = DIRECTION('',(0.998794579661,-4.908551355237E-02,0.));
#14973 = PLANE('',#14974);
#14974 = AXIS2_PLACEMENT_3D('',#14975,#14976,#14977);
#14975 = CARTESIAN_POINT('',(-80.29276649271,60.624023880397,0.));
#14976 = DIRECTION('',(-4.908551355237E-02,-0.998794579661,-0.));
#14977 = DIRECTION('',(-0.998794579661,4.908551355237E-02,0.));
#14978 = ADVANCED_FACE('',(#14979),#14997,.F.);
#14979 = FACE_BOUND('',#14980,.T.);
#14980 = EDGE_LOOP('',(#14981,#14989,#14990,#14991));
#14981 = ORIENTED_EDGE('',*,*,#14982,.T.);
#14982 = EDGE_CURVE('',#14983,#7661,#14985,.T.);
#14983 = VERTEX_POINT('',#14984);
#14984 = CARTESIAN_POINT('',(-81.41745709556,60.847721153229,0.));
#14985 = LINE('',#14986,#14987);
#14986 = CARTESIAN_POINT('',(-81.41745709556,60.847721153229,0.));
#14987 = VECTOR('',#14988,1.);
#14988 = DIRECTION('',(0.,0.,1.));
#14989 = ORIENTED_EDGE('',*,*,#7668,.T.);
#14990 = ORIENTED_EDGE('',*,*,#14958,.F.);
#14991 = ORIENTED_EDGE('',*,*,#14992,.F.);
#14992 = EDGE_CURVE('',#14983,#14959,#14993,.T.);
#14993 = LINE('',#14994,#14995);
#14994 = CARTESIAN_POINT('',(-81.70727331972,60.90536464985,0.));
#14995 = VECTOR('',#14996,1.);
#14996 = DIRECTION('',(0.980788216617,-0.195075560093,0.));
#14997 = PLANE('',#14998);
#14998 = AXIS2_PLACEMENT_3D('',#14999,#15000,#15001);
#14999 = CARTESIAN_POINT('',(-81.41745709556,60.847721153229,0.));
#15000 = DIRECTION('',(-0.195075560093,-0.980788216617,-0.));
#15001 = DIRECTION('',(-0.980788216617,0.195075560093,0.));
#15002 = ADVANCED_FACE('',(#15003),#15021,.F.);
#15003 = FACE_BOUND('',#15004,.T.);
#15004 = EDGE_LOOP('',(#15005,#15013,#15014,#15015));
#15005 = ORIENTED_EDGE('',*,*,#15006,.T.);
#15006 = EDGE_CURVE('',#15007,#7653,#15009,.T.);
#15007 = VERTEX_POINT('',#15008);
#15008 = CARTESIAN_POINT('',(-82.31684560262,61.220257405597,0.));
#15009 = LINE('',#15010,#15011);
#15010 = CARTESIAN_POINT('',(-82.31684560262,61.220257405597,0.));
#15011 = VECTOR('',#15012,1.);
#15012 = DIRECTION('',(0.,0.,1.));
#15013 = ORIENTED_EDGE('',*,*,#7660,.T.);
#15014 = ORIENTED_EDGE('',*,*,#14982,.F.);
#15015 = ORIENTED_EDGE('',*,*,#15016,.F.);
#15016 = EDGE_CURVE('',#15007,#14983,#15017,.T.);
#15017 = LINE('',#15018,#15019);
#15018 = CARTESIAN_POINT('',(-82.58985671315,61.333341501264,0.));
#15019 = VECTOR('',#15020,1.);
#15020 = DIRECTION('',(0.923880500421,-0.382681095615,0.));
#15021 = PLANE('',#15022);
#15022 = AXIS2_PLACEMENT_3D('',#15023,#15024,#15025);
#15023 = CARTESIAN_POINT('',(-82.31684560262,61.220257405597,0.));
#15024 = DIRECTION('',(-0.382681095615,-0.923880500421,-0.));
#15025 = DIRECTION('',(-0.923880500421,0.382681095615,0.));
#15026 = ADVANCED_FACE('',(#15027),#15045,.F.);
#15027 = FACE_BOUND('',#15028,.T.);
#15028 = EDGE_LOOP('',(#15029,#15037,#15038,#15039));
#15029 = ORIENTED_EDGE('',*,*,#15030,.T.);
#15030 = EDGE_CURVE('',#15031,#7645,#15033,.T.);
#15031 = VERTEX_POINT('',#15032);
#15032 = CARTESIAN_POINT('',(-83.12629256162,61.761133248747,0.));
#15033 = LINE('',#15034,#15035);
#15034 = CARTESIAN_POINT('',(-83.12629256162,61.761133248747,0.));
#15035 = VECTOR('',#15036,1.);
#15036 = DIRECTION('',(0.,0.,1.));
#15037 = ORIENTED_EDGE('',*,*,#7652,.T.);
#15038 = ORIENTED_EDGE('',*,*,#15006,.F.);
#15039 = ORIENTED_EDGE('',*,*,#15040,.F.);
#15040 = EDGE_CURVE('',#15031,#15007,#15041,.T.);
#15041 = LINE('',#15042,#15043);
#15042 = CARTESIAN_POINT('',(-83.37194525116,61.925279403226,0.));
#15043 = VECTOR('',#15044,1.);
#15044 = DIRECTION('',(0.831459801075,-0.555584916278,0.));
#15045 = PLANE('',#15046);
#15046 = AXIS2_PLACEMENT_3D('',#15047,#15048,#15049);
#15047 = CARTESIAN_POINT('',(-83.12629256162,61.761133248747,0.));
#15048 = DIRECTION('',(-0.555584916278,-0.831459801075,-0.));
#15049 = DIRECTION('',(-0.831459801075,0.555584916278,0.));
#15050 = ADVANCED_FACE('',(#15051),#15069,.F.);
#15051 = FACE_BOUND('',#15052,.T.);
#15052 = EDGE_LOOP('',(#15053,#15061,#15062,#15063));
#15053 = ORIENTED_EDGE('',*,*,#15054,.T.);
#15054 = EDGE_CURVE('',#15055,#7636,#15057,.T.);
#15055 = VERTEX_POINT('',#15056);
#15056 = CARTESIAN_POINT('',(-83.31487965644,61.94972034356,0.));
#15057 = LINE('',#15058,#15059);
#15058 = CARTESIAN_POINT('',(-83.31487965644,61.94972034356,0.));
#15059 = VECTOR('',#15060,1.);
#15060 = DIRECTION('',(0.,0.,1.));
#15061 = ORIENTED_EDGE('',*,*,#7644,.T.);
#15062 = ORIENTED_EDGE('',*,*,#15030,.F.);
#15063 = ORIENTED_EDGE('',*,*,#15064,.F.);
#15064 = EDGE_CURVE('',#15055,#15031,#15065,.T.);
#15065 = LINE('',#15066,#15067);
#15066 = CARTESIAN_POINT('',(-83.31487965644,61.94972034356,0.));
#15067 = VECTOR('',#15068,1.);
#15068 = DIRECTION('',(0.707106781187,-0.707106781187,0.));
#15069 = PLANE('',#15070);
#15070 = AXIS2_PLACEMENT_3D('',#15071,#15072,#15073);
#15071 = CARTESIAN_POINT('',(-83.31487965644,61.94972034356,0.));
#15072 = DIRECTION('',(-0.707106781187,-0.707106781187,-0.));
#15073 = DIRECTION('',(-0.707106781187,0.707106781187,0.));
#15074 = ADVANCED_FACE('',(#15075),#15094,.T.);
#15075 = FACE_BOUND('',#15076,.F.);
#15076 = EDGE_LOOP('',(#15077,#15078,#15079,#15087));
#15077 = ORIENTED_EDGE('',*,*,#15054,.T.);
#15078 = ORIENTED_EDGE('',*,*,#7635,.T.);
#15079 = ORIENTED_EDGE('',*,*,#15080,.F.);
#15080 = EDGE_CURVE('',#15081,#7628,#15083,.T.);
#15081 = VERTEX_POINT('',#15082);
#15082 = CARTESIAN_POINT('',(-83.53300982205,62.14742288617,0.));
#15083 = LINE('',#15084,#15085);
#15084 = CARTESIAN_POINT('',(-83.53300982205,62.14742288617,0.));
#15085 = VECTOR('',#15086,1.);
#15086 = DIRECTION('',(0.,0.,1.));
#15087 = ORIENTED_EDGE('',*,*,#15088,.F.);
#15088 = EDGE_CURVE('',#15055,#15081,#15089,.T.);
#15089 = CIRCLE('',#15090,3.);
#15090 = AXIS2_PLACEMENT_3D('',#15091,#15092,#15093);
#15091 = CARTESIAN_POINT('',(-85.4362,59.8284,0.));
#15092 = DIRECTION('',(-0.,0.,1.));
#15093 = DIRECTION('',(0.707106781187,-0.707106781187,0.));
#15094 = CYLINDRICAL_SURFACE('',#15095,3.);
#15095 = AXIS2_PLACEMENT_3D('',#15096,#15097,#15098);
#15096 = CARTESIAN_POINT('',(-85.4362,59.8284,0.));
#15097 = DIRECTION('',(0.,0.,-1.));
#15098 = DIRECTION('',(0.707106781187,-0.707106781187,0.));
#15099 = ADVANCED_FACE('',(#15100),#15118,.F.);
#15100 = FACE_BOUND('',#15101,.T.);
#15101 = EDGE_LOOP('',(#15102,#15110,#15111,#15112));
#15102 = ORIENTED_EDGE('',*,*,#15103,.T.);
#15103 = EDGE_CURVE('',#15104,#7619,#15106,.T.);
#15104 = VERTEX_POINT('',#15105);
#15105 = CARTESIAN_POINT('',(-84.13920982205,62.64492288617,0.));
#15106 = LINE('',#15107,#15108);
#15107 = CARTESIAN_POINT('',(-84.13920982205,62.64492288617,0.));
#15108 = VECTOR('',#15109,1.);
#15109 = DIRECTION('',(0.,0.,1.));
#15110 = ORIENTED_EDGE('',*,*,#7627,.T.);
#15111 = ORIENTED_EDGE('',*,*,#15080,.F.);
#15112 = ORIENTED_EDGE('',*,*,#15113,.F.);
#15113 = EDGE_CURVE('',#15104,#15081,#15114,.T.);
#15114 = LINE('',#15115,#15116);
#15115 = CARTESIAN_POINT('',(-84.13920982205,62.64492288617,0.));
#15116 = VECTOR('',#15117,1.);
#15117 = DIRECTION('',(0.773007628723,-0.634396725981,0.));
#15118 = PLANE('',#15119);
#15119 = AXIS2_PLACEMENT_3D('',#15120,#15121,#15122);
#15120 = CARTESIAN_POINT('',(-84.13920982205,62.64492288617,0.));
#15121 = DIRECTION('',(-0.634396725981,-0.773007628723,-0.));
#15122 = DIRECTION('',(-0.773007628723,0.634396725981,0.));
#15123 = ADVANCED_FACE('',(#15124),#15143,.T.);
#15124 = FACE_BOUND('',#15125,.F.);
#15125 = EDGE_LOOP('',(#15126,#15127,#15128,#15136));
#15126 = ORIENTED_EDGE('',*,*,#15103,.T.);
#15127 = ORIENTED_EDGE('',*,*,#7618,.T.);
#15128 = ORIENTED_EDGE('',*,*,#15129,.F.);
#15129 = EDGE_CURVE('',#15130,#7611,#15132,.T.);
#15130 = VERTEX_POINT('',#15131);
#15131 = CARTESIAN_POINT('',(-84.62825279337,62.971686778633,0.));
#15132 = LINE('',#15133,#15134);
#15133 = CARTESIAN_POINT('',(-84.62825279337,62.971686778633,0.));
#15134 = VECTOR('',#15135,1.);
#15135 = DIRECTION('',(0.,0.,1.));
#15136 = ORIENTED_EDGE('',*,*,#15137,.F.);
#15137 = EDGE_CURVE('',#15104,#15130,#15138,.T.);
#15138 = CIRCLE('',#15139,3.);
#15139 = AXIS2_PLACEMENT_3D('',#15140,#15141,#15142);
#15140 = CARTESIAN_POINT('',(-86.0424,60.3259,0.));
#15141 = DIRECTION('',(-0.,0.,1.));
#15142 = DIRECTION('',(0.773007628723,-0.634396725981,0.));
#15143 = CYLINDRICAL_SURFACE('',#15144,3.);
#15144 = AXIS2_PLACEMENT_3D('',#15145,#15146,#15147);
#15145 = CARTESIAN_POINT('',(-86.0424,60.3259,0.));
#15146 = DIRECTION('',(0.,0.,-1.));
#15147 = DIRECTION('',(0.773007628723,-0.634396725981,0.));
#15148 = ADVANCED_FACE('',(#15149),#15167,.F.);
#15149 = FACE_BOUND('',#15150,.T.);
#15150 = EDGE_LOOP('',(#15151,#15159,#15160,#15161));
#15151 = ORIENTED_EDGE('',*,*,#15152,.T.);
#15152 = EDGE_CURVE('',#15153,#7602,#15155,.T.);
#15153 = VERTEX_POINT('',#15154);
#15154 = CARTESIAN_POINT('',(-85.31975279337,63.341286778633,0.));
#15155 = LINE('',#15156,#15157);
#15156 = CARTESIAN_POINT('',(-85.31975279337,63.341286778633,0.));
#15157 = VECTOR('',#15158,1.);
#15158 = DIRECTION('',(0.,0.,1.));
#15159 = ORIENTED_EDGE('',*,*,#7610,.T.);
#15160 = ORIENTED_EDGE('',*,*,#15129,.F.);
#15161 = ORIENTED_EDGE('',*,*,#15162,.F.);
#15162 = EDGE_CURVE('',#15153,#15130,#15163,.T.);
#15163 = LINE('',#15164,#15165);
#15164 = CARTESIAN_POINT('',(-85.31975279337,63.341286778633,0.));
#15165 = VECTOR('',#15166,1.);
#15166 = DIRECTION('',(0.881928926211,-0.471382402209,0.));
#15167 = PLANE('',#15168);
#15168 = AXIS2_PLACEMENT_3D('',#15169,#15170,#15171);
#15169 = CARTESIAN_POINT('',(-85.31975279337,63.341286778633,0.));
#15170 = DIRECTION('',(-0.471382402209,-0.881928926211,-0.));
#15171 = DIRECTION('',(-0.881928926211,0.471382402209,0.));
#15172 = ADVANCED_FACE('',(#15173),#15192,.T.);
#15173 = FACE_BOUND('',#15174,.F.);
#15174 = EDGE_LOOP('',(#15175,#15176,#15177,#15185));
#15175 = ORIENTED_EDGE('',*,*,#15152,.T.);
#15176 = ORIENTED_EDGE('',*,*,#7601,.T.);
#15177 = ORIENTED_EDGE('',*,*,#15178,.F.);
#15178 = EDGE_CURVE('',#15179,#7594,#15181,.T.);
#15179 = VERTEX_POINT('',#15180);
#15180 = CARTESIAN_POINT('',(-85.86315580487,63.566354323481,0.));
#15181 = LINE('',#15182,#15183);
#15182 = CARTESIAN_POINT('',(-85.86315580487,63.566354323481,0.));
#15183 = VECTOR('',#15184,1.);
#15184 = DIRECTION('',(0.,0.,1.));
#15185 = ORIENTED_EDGE('',*,*,#15186,.F.);
#15186 = EDGE_CURVE('',#15153,#15179,#15187,.T.);
#15187 = CIRCLE('',#15188,3.);
#15188 = AXIS2_PLACEMENT_3D('',#15189,#15190,#15191);
#15189 = CARTESIAN_POINT('',(-86.7339,60.6955,0.));
#15190 = DIRECTION('',(-0.,0.,1.));
#15191 = DIRECTION('',(0.881928926211,-0.471382402209,0.));
#15192 = CYLINDRICAL_SURFACE('',#15193,3.);
#15193 = AXIS2_PLACEMENT_3D('',#15194,#15195,#15196);
#15194 = CARTESIAN_POINT('',(-86.7339,60.6955,0.));
#15195 = DIRECTION('',(0.,0.,-1.));
#15196 = DIRECTION('',(0.881928926211,-0.471382402209,0.));
#15197 = ADVANCED_FACE('',(#15198),#15216,.F.);
#15198 = FACE_BOUND('',#15199,.T.);
#15199 = EDGE_LOOP('',(#15200,#15208,#15209,#15210));
#15200 = ORIENTED_EDGE('',*,*,#15201,.T.);
#15201 = EDGE_CURVE('',#15202,#7585,#15204,.T.);
#15202 = VERTEX_POINT('',#15203);
#15203 = CARTESIAN_POINT('',(-86.61355580487,63.793954323481,0.));
#15204 = LINE('',#15205,#15206);
#15205 = CARTESIAN_POINT('',(-86.61355580487,63.793954323481,0.));
#15206 = VECTOR('',#15207,1.);
#15207 = DIRECTION('',(0.,0.,1.));
#15208 = ORIENTED_EDGE('',*,*,#7593,.T.);
#15209 = ORIENTED_EDGE('',*,*,#15178,.F.);
#15210 = ORIENTED_EDGE('',*,*,#15211,.F.);
#15211 = EDGE_CURVE('',#15202,#15179,#15212,.T.);
#15212 = LINE('',#15213,#15214);
#15213 = CARTESIAN_POINT('',(-86.61355580487,63.793954323481,0.));
#15214 = VECTOR('',#15215,1.);
#15215 = DIRECTION('',(0.95695144116,-0.290248065043,0.));
#15216 = PLANE('',#15217);
#15217 = AXIS2_PLACEMENT_3D('',#15218,#15219,#15220);
#15218 = CARTESIAN_POINT('',(-86.61355580487,63.793954323481,0.));
#15219 = DIRECTION('',(-0.290248065043,-0.95695144116,-0.));
#15220 = DIRECTION('',(-0.95695144116,0.290248065043,0.));
#15221 = ADVANCED_FACE('',(#15222),#15241,.T.);
#15222 = FACE_BOUND('',#15223,.F.);
#15223 = EDGE_LOOP('',(#15224,#15225,#15226,#15234));
#15224 = ORIENTED_EDGE('',*,*,#15201,.T.);
#15225 = ORIENTED_EDGE('',*,*,#7584,.T.);
#15226 = ORIENTED_EDGE('',*,*,#15227,.F.);
#15227 = EDGE_CURVE('',#15228,#7577,#15230,.T.);
#15228 = VERTEX_POINT('',#15229);
#15229 = CARTESIAN_POINT('',(-87.19010721997,63.908640253988,0.));
#15230 = LINE('',#15231,#15232);
#15231 = CARTESIAN_POINT('',(-87.19010721997,63.908640253988,0.));
#15232 = VECTOR('',#15233,1.);
#15233 = DIRECTION('',(0.,0.,1.));
#15234 = ORIENTED_EDGE('',*,*,#15235,.F.);
#15235 = EDGE_CURVE('',#15202,#15228,#15236,.T.);
#15236 = CIRCLE('',#15237,3.);
#15237 = AXIS2_PLACEMENT_3D('',#15238,#15239,#15240);
#15238 = CARTESIAN_POINT('',(-87.4843,60.9231,0.));
#15239 = DIRECTION('',(-0.,0.,1.));
#15240 = DIRECTION('',(0.95695144116,-0.290248065043,0.));
#15241 = CYLINDRICAL_SURFACE('',#15242,3.);
#15242 = AXIS2_PLACEMENT_3D('',#15243,#15244,#15245);
#15243 = CARTESIAN_POINT('',(-87.4843,60.9231,0.));
#15244 = DIRECTION('',(0.,0.,-1.));
#15245 = DIRECTION('',(0.95695144116,-0.290248065043,0.));
#15246 = ADVANCED_FACE('',(#15247),#15265,.F.);
#15247 = FACE_BOUND('',#15248,.T.);
#15248 = EDGE_LOOP('',(#15249,#15257,#15258,#15259));
#15249 = ORIENTED_EDGE('',*,*,#15250,.T.);
#15250 = EDGE_CURVE('',#15251,#7568,#15253,.T.);
#15251 = VERTEX_POINT('',#15252);
#15252 = CARTESIAN_POINT('',(-87.97050721997,63.985540253988,0.));
#15253 = LINE('',#15254,#15255);
#15254 = CARTESIAN_POINT('',(-87.97050721997,63.985540253988,0.));
#15255 = VECTOR('',#15256,1.);
#15256 = DIRECTION('',(0.,0.,1.));
#15257 = ORIENTED_EDGE('',*,*,#7576,.T.);
#15258 = ORIENTED_EDGE('',*,*,#15227,.F.);
#15259 = ORIENTED_EDGE('',*,*,#15260,.F.);
#15260 = EDGE_CURVE('',#15251,#15228,#15261,.T.);
#15261 = LINE('',#15262,#15263);
#15262 = CARTESIAN_POINT('',(-87.97050721997,63.985540253988,0.));
#15263 = VECTOR('',#15264,1.);
#15264 = DIRECTION('',(0.995180084663,-9.80642600084E-02,0.));
#15265 = PLANE('',#15266);
#15266 = AXIS2_PLACEMENT_3D('',#15267,#15268,#15269);
#15267 = CARTESIAN_POINT('',(-87.97050721997,63.985540253988,0.));
#15268 = DIRECTION('',(-9.80642600084E-02,-0.995180084663,-0.));
#15269 = DIRECTION('',(-0.995180084663,9.80642600084E-02,0.));
#15270 = ADVANCED_FACE('',(#15271),#15290,.T.);
#15271 = FACE_BOUND('',#15272,.F.);
#15272 = EDGE_LOOP('',(#15273,#15274,#15275,#15283));
#15273 = ORIENTED_EDGE('',*,*,#15250,.T.);
#15274 = ORIENTED_EDGE('',*,*,#7567,.T.);
#15275 = ORIENTED_EDGE('',*,*,#15276,.F.);
#15276 = EDGE_CURVE('',#15277,#7560,#15279,.T.);
#15277 = VERTEX_POINT('',#15278);
#15278 = CARTESIAN_POINT('',(-88.2647,64.,0.));
#15279 = LINE('',#15280,#15281);
#15280 = CARTESIAN_POINT('',(-88.2647,64.,0.));
#15281 = VECTOR('',#15282,1.);
#15282 = DIRECTION('',(0.,0.,1.));
#15283 = ORIENTED_EDGE('',*,*,#15284,.F.);
#15284 = EDGE_CURVE('',#15251,#15277,#15285,.T.);
#15285 = CIRCLE('',#15286,3.);
#15286 = AXIS2_PLACEMENT_3D('',#15287,#15288,#15289);
#15287 = CARTESIAN_POINT('',(-88.2647,61.,0.));
#15288 = DIRECTION('',(-0.,0.,1.));
#15289 = DIRECTION('',(0.995180084663,-9.80642600084E-02,0.));
#15290 = CYLINDRICAL_SURFACE('',#15291,3.);
#15291 = AXIS2_PLACEMENT_3D('',#15292,#15293,#15294);
#15292 = CARTESIAN_POINT('',(-88.2647,61.,0.));
#15293 = DIRECTION('',(0.,0.,-1.));
#15294 = DIRECTION('',(0.995180084663,-9.80642600084E-02,0.));
#15295 = ADVANCED_FACE('',(#15296),#15318,.F.);
#15296 = FACE_BOUND('',#15297,.T.);
#15297 = EDGE_LOOP('',(#15298,#15306,#15312,#15313,#15314,#15315,#15316,
    #15317));
#15298 = ORIENTED_EDGE('',*,*,#15299,.F.);
#15299 = EDGE_CURVE('',#15300,#15277,#15302,.T.);
#15300 = VERTEX_POINT('',#15301);
#15301 = CARTESIAN_POINT('',(-116.1,64.,0.));
#15302 = LINE('',#15303,#15304);
#15303 = CARTESIAN_POINT('',(-116.1,64.,0.));
#15304 = VECTOR('',#15305,1.);
#15305 = DIRECTION('',(1.,0.,0.));
#15306 = ORIENTED_EDGE('',*,*,#15307,.T.);
#15307 = EDGE_CURVE('',#15300,#7235,#15308,.T.);
#15308 = LINE('',#15309,#15310);
#15309 = CARTESIAN_POINT('',(-116.1,64.,0.));
#15310 = VECTOR('',#15311,1.);
#15311 = DIRECTION('',(0.,0.,1.));
#15312 = ORIENTED_EDGE('',*,*,#7243,.T.);
#15313 = ORIENTED_EDGE('',*,*,#9866,.T.);
#15314 = ORIENTED_EDGE('',*,*,#9849,.T.);
#15315 = ORIENTED_EDGE('',*,*,#9825,.F.);
#15316 = ORIENTED_EDGE('',*,*,#7559,.T.);
#15317 = ORIENTED_EDGE('',*,*,#15276,.F.);
#15318 = PLANE('',#15319);
#15319 = AXIS2_PLACEMENT_3D('',#15320,#15321,#15322);
#15320 = CARTESIAN_POINT('',(-116.1,64.,0.));
#15321 = DIRECTION('',(-0.,-1.,-0.));
#15322 = DIRECTION('',(-1.,0.,0.));
#15323 = ADVANCED_FACE('',(#15324),#15330,.T.);
#15324 = FACE_BOUND('',#15325,.F.);
#15325 = EDGE_LOOP('',(#15326,#15327,#15328,#15329));
#15326 = ORIENTED_EDGE('',*,*,#10059,.F.);
#15327 = ORIENTED_EDGE('',*,*,#10089,.T.);
#15328 = ORIENTED_EDGE('',*,*,#7298,.F.);
#15329 = ORIENTED_EDGE('',*,*,#10018,.F.);
#15330 = PLANE('',#15331);
#15331 = AXIS2_PLACEMENT_3D('',#15332,#15333,#15334);
#15332 = CARTESIAN_POINT('',(-117.631,9.00448,2.5));
#15333 = DIRECTION('',(0.471687323168,0.881765881152,0.));
#15334 = DIRECTION('',(0.881765881152,-0.471687323168,0.));
#15335 = ADVANCED_FACE('',(#15336),#15355,.T.);
#15336 = FACE_BOUND('',#15337,.F.);
#15337 = EDGE_LOOP('',(#15338,#15339,#15340,#15348));
#15338 = ORIENTED_EDGE('',*,*,#15307,.T.);
#15339 = ORIENTED_EDGE('',*,*,#7234,.T.);
#15340 = ORIENTED_EDGE('',*,*,#15341,.F.);
#15341 = EDGE_CURVE('',#15342,#7227,#15344,.T.);
#15342 = VERTEX_POINT('',#15343);
#15343 = CARTESIAN_POINT('',(-116.3943421961,63.985525526863,0.));
#15344 = LINE('',#15345,#15346);
#15345 = CARTESIAN_POINT('',(-116.3943421961,63.985525526863,0.));
#15346 = VECTOR('',#15347,1.);
#15347 = DIRECTION('',(0.,0.,1.));
#15348 = ORIENTED_EDGE('',*,*,#15349,.F.);
#15349 = EDGE_CURVE('',#15300,#15342,#15350,.T.);
#15350 = CIRCLE('',#15351,3.);
#15351 = AXIS2_PLACEMENT_3D('',#15352,#15353,#15354);
#15352 = CARTESIAN_POINT('',(-116.1,61.,0.));
#15353 = DIRECTION('',(0.,0.,1.));
#15354 = DIRECTION('',(1.,0.,0.));
#15355 = CYLINDRICAL_SURFACE('',#15356,3.);
#15356 = AXIS2_PLACEMENT_3D('',#15357,#15358,#15359);
#15357 = CARTESIAN_POINT('',(-116.1,61.,0.));
#15358 = DIRECTION('',(-0.,-0.,-1.));
#15359 = DIRECTION('',(1.,0.,0.));
#15360 = ADVANCED_FACE('',(#15361),#15379,.F.);
#15361 = FACE_BOUND('',#15362,.T.);
#15362 = EDGE_LOOP('',(#15363,#15371,#15372,#15373));
#15363 = ORIENTED_EDGE('',*,*,#15364,.T.);
#15364 = EDGE_CURVE('',#15365,#7218,#15367,.T.);
#15365 = VERTEX_POINT('',#15366);
#15366 = CARTESIAN_POINT('',(-117.1743421961,63.908625526863,0.));
#15367 = LINE('',#15368,#15369);
#15368 = CARTESIAN_POINT('',(-117.1743421961,63.908625526863,0.));
#15369 = VECTOR('',#15370,1.);
#15370 = DIRECTION('',(0.,0.,1.));
#15371 = ORIENTED_EDGE('',*,*,#7226,.T.);
#15372 = ORIENTED_EDGE('',*,*,#15341,.F.);
#15373 = ORIENTED_EDGE('',*,*,#15374,.F.);
#15374 = EDGE_CURVE('',#15365,#15342,#15375,.T.);
#15375 = LINE('',#15376,#15377);
#15376 = CARTESIAN_POINT('',(-117.1743421961,63.908625526863,0.));
#15377 = VECTOR('',#15378,1.);
#15378 = DIRECTION('',(0.995175175621,9.811406539136E-02,0.));
#15379 = PLANE('',#15380);
#15380 = AXIS2_PLACEMENT_3D('',#15381,#15382,#15383);
#15381 = CARTESIAN_POINT('',(-117.1743421961,63.908625526863,0.));
#15382 = DIRECTION('',(9.811406539136E-02,-0.995175175621,0.));
#15383 = DIRECTION('',(-0.995175175621,-9.811406539136E-02,0.));
#15384 = ADVANCED_FACE('',(#15385),#15404,.T.);
#15385 = FACE_BOUND('',#15386,.F.);
#15386 = EDGE_LOOP('',(#15387,#15388,#15389,#15397));
#15387 = ORIENTED_EDGE('',*,*,#15364,.T.);
#15388 = ORIENTED_EDGE('',*,*,#7217,.T.);
#15389 = ORIENTED_EDGE('',*,*,#15390,.F.);
#15390 = EDGE_CURVE('',#15391,#7210,#15393,.T.);
#15391 = VERTEX_POINT('',#15392);
#15392 = CARTESIAN_POINT('',(-117.7501070688,63.794147489818,0.));
#15393 = LINE('',#15394,#15395);
#15394 = CARTESIAN_POINT('',(-117.7501070688,63.794147489818,0.));
#15395 = VECTOR('',#15396,1.);
#15396 = DIRECTION('',(0.,0.,1.));
#15397 = ORIENTED_EDGE('',*,*,#15398,.F.);
#15398 = EDGE_CURVE('',#15365,#15391,#15399,.T.);
#15399 = CIRCLE('',#15400,3.);
#15400 = AXIS2_PLACEMENT_3D('',#15401,#15402,#15403);
#15401 = CARTESIAN_POINT('',(-116.88,60.9231,0.));
#15402 = DIRECTION('',(0.,-0.,1.));
#15403 = DIRECTION('',(0.995175175621,9.811406539136E-02,0.));
#15404 = CYLINDRICAL_SURFACE('',#15405,3.);
#15405 = AXIS2_PLACEMENT_3D('',#15406,#15407,#15408);
#15406 = CARTESIAN_POINT('',(-116.88,60.9231,0.));
#15407 = DIRECTION('',(-0.,-0.,-1.));
#15408 = DIRECTION('',(0.995175175621,9.811406539136E-02,0.));
#15409 = ADVANCED_FACE('',(#15410),#15428,.F.);
#15410 = FACE_BOUND('',#15411,.T.);
#15411 = EDGE_LOOP('',(#15412,#15420,#15421,#15422));
#15412 = ORIENTED_EDGE('',*,*,#15413,.T.);
#15413 = EDGE_CURVE('',#15414,#7201,#15416,.T.);
#15414 = VERTEX_POINT('',#15415);
#15415 = CARTESIAN_POINT('',(-118.5011070688,63.566547489818,0.));
#15416 = LINE('',#15417,#15418);
#15417 = CARTESIAN_POINT('',(-118.5011070688,63.566547489818,0.));
#15418 = VECTOR('',#15419,1.);
#15419 = DIRECTION('',(0.,0.,1.));
#15420 = ORIENTED_EDGE('',*,*,#7209,.T.);
#15421 = ORIENTED_EDGE('',*,*,#15390,.F.);
#15422 = ORIENTED_EDGE('',*,*,#15423,.F.);
#15423 = EDGE_CURVE('',#15414,#15391,#15424,.T.);
#15424 = LINE('',#15425,#15426);
#15425 = CARTESIAN_POINT('',(-118.5011070688,63.566547489818,0.));
#15426 = VECTOR('',#15427,1.);
#15427 = DIRECTION('',(0.957015829939,0.290035689606,0.));
#15428 = PLANE('',#15429);
#15429 = AXIS2_PLACEMENT_3D('',#15430,#15431,#15432);
#15430 = CARTESIAN_POINT('',(-118.5011070688,63.566547489818,0.));
#15431 = DIRECTION('',(0.290035689606,-0.957015829939,0.));
#15432 = DIRECTION('',(-0.957015829939,-0.290035689606,0.));
#15433 = ADVANCED_FACE('',(#15434),#15453,.T.);
#15434 = FACE_BOUND('',#15435,.F.);
#15435 = EDGE_LOOP('',(#15436,#15437,#15438,#15446));
#15436 = ORIENTED_EDGE('',*,*,#15413,.T.);
#15437 = ORIENTED_EDGE('',*,*,#7200,.T.);
#15438 = ORIENTED_EDGE('',*,*,#15439,.F.);
#15439 = EDGE_CURVE('',#15440,#7193,#15442,.T.);
#15440 = VERTEX_POINT('',#15441);
#15441 = CARTESIAN_POINT('',(-119.0459429059,63.340861331243,0.));
#15442 = LINE('',#15443,#15444);
#15443 = CARTESIAN_POINT('',(-119.0459429059,63.340861331243,0.));
#15444 = VECTOR('',#15445,1.);
#15445 = DIRECTION('',(0.,0.,1.));
#15446 = ORIENTED_EDGE('',*,*,#15447,.F.);
#15447 = EDGE_CURVE('',#15414,#15440,#15448,.T.);
#15448 = CIRCLE('',#15449,3.);
#15449 = AXIS2_PLACEMENT_3D('',#15450,#15451,#15452);
#15450 = CARTESIAN_POINT('',(-117.631,60.6955,0.));
#15451 = DIRECTION('',(0.,-0.,1.));
#15452 = DIRECTION('',(0.957015829939,0.290035689606,0.));
#15453 = CYLINDRICAL_SURFACE('',#15454,3.);
#15454 = AXIS2_PLACEMENT_3D('',#15455,#15456,#15457);
#15455 = CARTESIAN_POINT('',(-117.631,60.6955,0.));
#15456 = DIRECTION('',(-0.,-0.,-1.));
#15457 = DIRECTION('',(0.957015829939,0.290035689606,0.));
#15458 = ADVANCED_FACE('',(#15459),#15477,.F.);
#15459 = FACE_BOUND('',#15460,.T.);
#15460 = EDGE_LOOP('',(#15461,#15469,#15470,#15471));
#15461 = ORIENTED_EDGE('',*,*,#15462,.T.);
#15462 = EDGE_CURVE('',#15463,#7184,#15465,.T.);
#15463 = VERTEX_POINT('',#15464);
#15464 = CARTESIAN_POINT('',(-119.7369429059,62.971261331243,0.));
#15465 = LINE('',#15466,#15467);
#15466 = CARTESIAN_POINT('',(-119.7369429059,62.971261331243,0.));
#15467 = VECTOR('',#15468,1.);
#15468 = DIRECTION('',(0.,0.,1.));
#15469 = ORIENTED_EDGE('',*,*,#7192,.T.);
#15470 = ORIENTED_EDGE('',*,*,#15439,.F.);
#15471 = ORIENTED_EDGE('',*,*,#15472,.F.);
#15472 = EDGE_CURVE('',#15463,#15440,#15473,.T.);
#15473 = LINE('',#15474,#15475);
#15474 = CARTESIAN_POINT('',(-119.7369429059,62.971261331243,0.));
#15475 = VECTOR('',#15476,1.);
#15476 = DIRECTION('',(0.881787110414,0.471647635324,0.));
#15477 = PLANE('',#15478);
#15478 = AXIS2_PLACEMENT_3D('',#15479,#15480,#15481);
#15479 = CARTESIAN_POINT('',(-119.7369429059,62.971261331243,0.));
#15480 = DIRECTION('',(0.471647635324,-0.881787110414,0.));
#15481 = DIRECTION('',(-0.881787110414,-0.471647635324,0.));
#15482 = ADVANCED_FACE('',(#15483),#15502,.T.);
#15483 = FACE_BOUND('',#15484,.F.);
#15484 = EDGE_LOOP('',(#15485,#15486,#15487,#15495));
#15485 = ORIENTED_EDGE('',*,*,#15462,.T.);
#15486 = ORIENTED_EDGE('',*,*,#7183,.T.);
#15487 = ORIENTED_EDGE('',*,*,#15488,.F.);
#15488 = EDGE_CURVE('',#15489,#7176,#15491,.T.);
#15489 = VERTEX_POINT('',#15490);
#15490 = CARTESIAN_POINT('',(-120.2255654278,62.644614872919,0.));
#15491 = LINE('',#15492,#15493);
#15492 = CARTESIAN_POINT('',(-120.2255654278,62.644614872919,0.));
#15493 = VECTOR('',#15494,1.);
#15494 = DIRECTION('',(0.,0.,1.));
#15495 = ORIENTED_EDGE('',*,*,#15496,.F.);
#15496 = EDGE_CURVE('',#15463,#15489,#15497,.T.);
#15497 = CIRCLE('',#15498,3.);
#15498 = AXIS2_PLACEMENT_3D('',#15499,#15500,#15501);
#15499 = CARTESIAN_POINT('',(-118.322,60.3259,0.));
#15500 = DIRECTION('',(0.,-0.,1.));
#15501 = DIRECTION('',(0.881787110414,0.471647635324,0.));
#15502 = CYLINDRICAL_SURFACE('',#15503,3.);
#15503 = AXIS2_PLACEMENT_3D('',#15504,#15505,#15506);
#15504 = CARTESIAN_POINT('',(-118.322,60.3259,0.));
#15505 = DIRECTION('',(-0.,-0.,-1.));
#15506 = DIRECTION('',(0.881787110414,0.471647635324,0.));
#15507 = ADVANCED_FACE('',(#15508),#15526,.F.);
#15508 = FACE_BOUND('',#15509,.T.);
#15509 = EDGE_LOOP('',(#15510,#15518,#15519,#15520));
#15510 = ORIENTED_EDGE('',*,*,#15511,.T.);
#15511 = EDGE_CURVE('',#15512,#7167,#15514,.T.);
#15512 = VERTEX_POINT('',#15513);
#15513 = CARTESIAN_POINT('',(-120.8315654278,62.147114872919,0.));
#15514 = LINE('',#15515,#15516);
#15515 = CARTESIAN_POINT('',(-120.8315654278,62.147114872919,0.));
#15516 = VECTOR('',#15517,1.);
#15517 = DIRECTION('',(0.,0.,1.));
#15518 = ORIENTED_EDGE('',*,*,#7175,.T.);
#15519 = ORIENTED_EDGE('',*,*,#15488,.F.);
#15520 = ORIENTED_EDGE('',*,*,#15521,.F.);
#15521 = EDGE_CURVE('',#15512,#15489,#15522,.T.);
#15522 = LINE('',#15523,#15524);
#15523 = CARTESIAN_POINT('',(-120.8315654278,62.147114872919,0.));
#15524 = VECTOR('',#15525,1.);
#15525 = DIRECTION('',(0.77290495764,0.634521809283,0.));
#15526 = PLANE('',#15527);
#15527 = AXIS2_PLACEMENT_3D('',#15528,#15529,#15530);
#15528 = CARTESIAN_POINT('',(-120.8315654278,62.147114872919,0.));
#15529 = DIRECTION('',(0.634521809283,-0.77290495764,0.));
#15530 = DIRECTION('',(-0.77290495764,-0.634521809283,0.));
#15531 = ADVANCED_FACE('',(#15532),#15551,.T.);
#15532 = FACE_BOUND('',#15533,.F.);
#15533 = EDGE_LOOP('',(#15534,#15535,#15536,#15544));
#15534 = ORIENTED_EDGE('',*,*,#15511,.T.);
#15535 = ORIENTED_EDGE('',*,*,#7166,.T.);
#15536 = ORIENTED_EDGE('',*,*,#15537,.F.);
#15537 = EDGE_CURVE('',#15538,#7159,#15540,.T.);
#15538 = VERTEX_POINT('',#15539);
#15539 = CARTESIAN_POINT('',(-121.2459308756,61.73292000669,0.));
#15540 = LINE('',#15541,#15542);
#15541 = CARTESIAN_POINT('',(-121.2459308756,61.73292000669,0.));
#15542 = VECTOR('',#15543,1.);
#15543 = DIRECTION('',(0.,0.,1.));
#15544 = ORIENTED_EDGE('',*,*,#15545,.F.);
#15545 = EDGE_CURVE('',#15512,#15538,#15546,.T.);
#15546 = CIRCLE('',#15547,3.);
#15547 = AXIS2_PLACEMENT_3D('',#15548,#15549,#15550);
#15548 = CARTESIAN_POINT('',(-118.928,59.8284,0.));
#15549 = DIRECTION('',(0.,-0.,1.));
#15550 = DIRECTION('',(0.77290495764,0.634521809283,0.));
#15551 = CYLINDRICAL_SURFACE('',#15552,3.);
#15552 = AXIS2_PLACEMENT_3D('',#15553,#15554,#15555);
#15553 = CARTESIAN_POINT('',(-118.928,59.8284,0.));
#15554 = DIRECTION('',(-0.,-0.,-1.));
#15555 = DIRECTION('',(0.77290495764,0.634521809283,0.));
#15556 = ADVANCED_FACE('',(#15557),#15575,.F.);
#15557 = FACE_BOUND('',#15558,.T.);
#15558 = EDGE_LOOP('',(#15559,#15567,#15568,#15569));
#15559 = ORIENTED_EDGE('',*,*,#15560,.T.);
#15560 = EDGE_CURVE('',#15561,#7150,#15563,.T.);
#15561 = VERTEX_POINT('',#15562);
#15562 = CARTESIAN_POINT('',(-121.7439308756,61.12682000669,0.));
#15563 = LINE('',#15564,#15565);
#15564 = CARTESIAN_POINT('',(-121.7439308756,61.12682000669,0.));
#15565 = VECTOR('',#15566,1.);
#15566 = DIRECTION('',(0.,0.,1.));
#15567 = ORIENTED_EDGE('',*,*,#7158,.T.);
#15568 = ORIENTED_EDGE('',*,*,#15537,.F.);
#15569 = ORIENTED_EDGE('',*,*,#15570,.F.);
#15570 = EDGE_CURVE('',#15561,#15538,#15571,.T.);
#15571 = LINE('',#15572,#15573);
#15572 = CARTESIAN_POINT('',(-121.7439308756,61.12682000669,0.));
#15573 = VECTOR('',#15574,1.);
#15574 = DIRECTION('',(0.63484000223,0.772643625204,0.));
#15575 = PLANE('',#15576);
#15576 = AXIS2_PLACEMENT_3D('',#15577,#15578,#15579);
#15577 = CARTESIAN_POINT('',(-121.7439308756,61.12682000669,0.));
#15578 = DIRECTION('',(0.772643625204,-0.63484000223,0.));
#15579 = DIRECTION('',(-0.63484000223,-0.772643625204,0.));
#15580 = ADVANCED_FACE('',(#15581),#15600,.T.);
#15581 = FACE_BOUND('',#15582,.F.);
#15582 = EDGE_LOOP('',(#15583,#15584,#15585,#15593));
#15583 = ORIENTED_EDGE('',*,*,#15560,.T.);
#15584 = ORIENTED_EDGE('',*,*,#7149,.T.);
#15585 = ORIENTED_EDGE('',*,*,#15586,.F.);
#15586 = EDGE_CURVE('',#15587,#7142,#15589,.T.);
#15587 = VERTEX_POINT('',#15588);
#15588 = CARTESIAN_POINT('',(-122.0712355373,60.637478063657,0.));
#15589 = LINE('',#15590,#15591);
#15590 = CARTESIAN_POINT('',(-122.0712355373,60.637478063657,0.));
#15591 = VECTOR('',#15592,1.);
#15592 = DIRECTION('',(0.,0.,1.));
#15593 = ORIENTED_EDGE('',*,*,#15594,.F.);
#15594 = EDGE_CURVE('',#15561,#15587,#15595,.T.);
#15595 = CIRCLE('',#15596,3.);
#15596 = AXIS2_PLACEMENT_3D('',#15597,#15598,#15599);
#15597 = CARTESIAN_POINT('',(-119.426,59.2223,0.));
#15598 = DIRECTION('',(0.,-0.,1.));
#15599 = DIRECTION('',(0.63484000223,0.772643625204,0.));
#15600 = CYLINDRICAL_SURFACE('',#15601,3.);
#15601 = AXIS2_PLACEMENT_3D('',#15602,#15603,#15604);
#15602 = CARTESIAN_POINT('',(-119.426,59.2223,0.));
#15603 = DIRECTION('',(-0.,-0.,-1.));
#15604 = DIRECTION('',(0.63484000223,0.772643625204,0.));
#15605 = ADVANCED_FACE('',(#15606),#15624,.F.);
#15606 = FACE_BOUND('',#15607,.T.);
#15607 = EDGE_LOOP('',(#15608,#15616,#15617,#15618));
#15608 = ORIENTED_EDGE('',*,*,#15609,.T.);
#15609 = EDGE_CURVE('',#15610,#7133,#15612,.T.);
#15610 = VERTEX_POINT('',#15611);
#15611 = CARTESIAN_POINT('',(-122.4412355373,59.945878063657,0.));
#15612 = LINE('',#15613,#15614);
#15613 = CARTESIAN_POINT('',(-122.4412355373,59.945878063657,0.));
#15614 = VECTOR('',#15615,1.);
#15615 = DIRECTION('',(0.,0.,1.));
#15616 = ORIENTED_EDGE('',*,*,#7141,.T.);
#15617 = ORIENTED_EDGE('',*,*,#15586,.F.);
#15618 = ORIENTED_EDGE('',*,*,#15619,.F.);
#15619 = EDGE_CURVE('',#15610,#15587,#15620,.T.);
#15620 = LINE('',#15621,#15622);
#15621 = CARTESIAN_POINT('',(-122.4412355373,59.945878063657,0.));
#15622 = VECTOR('',#15623,1.);
#15623 = DIRECTION('',(0.471726021219,0.881745179122,0.));
#15624 = PLANE('',#15625);
#15625 = AXIS2_PLACEMENT_3D('',#15626,#15627,#15628);
#15626 = CARTESIAN_POINT('',(-122.4412355373,59.945878063657,0.));
#15627 = DIRECTION('',(0.881745179122,-0.471726021219,0.));
#15628 = DIRECTION('',(-0.471726021219,-0.881745179122,0.));
#15629 = ADVANCED_FACE('',(#15630),#15649,.T.);
#15630 = FACE_BOUND('',#15631,.F.);
#15631 = EDGE_LOOP('',(#15632,#15633,#15634,#15642));
#15632 = ORIENTED_EDGE('',*,*,#15609,.T.);
#15633 = ORIENTED_EDGE('',*,*,#7132,.T.);
#15634 = ORIENTED_EDGE('',*,*,#15635,.F.);
#15635 = EDGE_CURVE('',#15636,#7125,#15638,.T.);
#15636 = VERTEX_POINT('',#15637);
#15637 = CARTESIAN_POINT('',(-122.6674591791,59.399447479222,0.));
#15638 = LINE('',#15639,#15640);
#15639 = CARTESIAN_POINT('',(-122.6674591791,59.399447479222,0.));
#15640 = VECTOR('',#15641,1.);
#15641 = DIRECTION('',(0.,0.,1.));
#15642 = ORIENTED_EDGE('',*,*,#15643,.F.);
#15643 = EDGE_CURVE('',#15610,#15636,#15644,.T.);
#15644 = CIRCLE('',#15645,3.);
#15645 = AXIS2_PLACEMENT_3D('',#15646,#15647,#15648);
#15646 = CARTESIAN_POINT('',(-119.796,58.5307,0.));
#15647 = DIRECTION('',(0.,-0.,1.));
#15648 = DIRECTION('',(0.471726021219,0.881745179122,0.));
#15649 = CYLINDRICAL_SURFACE('',#15650,3.);
#15650 = AXIS2_PLACEMENT_3D('',#15651,#15652,#15653);
#15651 = CARTESIAN_POINT('',(-119.796,58.5307,0.));
#15652 = DIRECTION('',(-0.,-0.,-1.));
#15653 = DIRECTION('',(0.471726021219,0.881745179122,0.));
#15654 = ADVANCED_FACE('',(#15655),#15673,.F.);
#15655 = FACE_BOUND('',#15656,.T.);
#15656 = EDGE_LOOP('',(#15657,#15665,#15666,#15667));
#15657 = ORIENTED_EDGE('',*,*,#15658,.T.);
#15658 = EDGE_CURVE('',#15659,#7116,#15661,.T.);
#15659 = VERTEX_POINT('',#15660);
#15660 = CARTESIAN_POINT('',(-122.8944591791,58.649147479222,0.));
#15661 = LINE('',#15662,#15663);
#15662 = CARTESIAN_POINT('',(-122.8944591791,58.649147479222,0.));
#15663 = VECTOR('',#15664,1.);
#15664 = DIRECTION('',(0.,0.,1.));
#15665 = ORIENTED_EDGE('',*,*,#7124,.T.);
#15666 = ORIENTED_EDGE('',*,*,#15635,.F.);
#15667 = ORIENTED_EDGE('',*,*,#15668,.F.);
#15668 = EDGE_CURVE('',#15659,#15636,#15669,.T.);
#15669 = LINE('',#15670,#15671);
#15670 = CARTESIAN_POINT('',(-122.8944591791,58.649147479222,0.));
#15671 = VECTOR('',#15672,1.);
#15672 = DIRECTION('',(0.289582493074,0.957153059706,0.));
#15673 = PLANE('',#15674);
#15674 = AXIS2_PLACEMENT_3D('',#15675,#15676,#15677);
#15675 = CARTESIAN_POINT('',(-122.8944591791,58.649147479222,0.));
#15676 = DIRECTION('',(0.957153059706,-0.289582493074,0.));
#15677 = DIRECTION('',(-0.289582493074,-0.957153059706,0.));
#15678 = ADVANCED_FACE('',(#15679),#15698,.T.);
#15679 = FACE_BOUND('',#15680,.F.);
#15680 = EDGE_LOOP('',(#15681,#15682,#15683,#15691));
#15681 = ORIENTED_EDGE('',*,*,#15658,.T.);
#15682 = ORIENTED_EDGE('',*,*,#7115,.T.);
#15683 = ORIENTED_EDGE('',*,*,#15684,.F.);
#15684 = EDGE_CURVE('',#15685,#7108,#15687,.T.);
#15685 = VERTEX_POINT('',#15686);
#15686 = CARTESIAN_POINT('',(-123.0085028952,58.074971659321,0.));
#15687 = LINE('',#15688,#15689);
#15688 = CARTESIAN_POINT('',(-123.0085028952,58.074971659321,0.));
#15689 = VECTOR('',#15690,1.);
#15690 = DIRECTION('',(0.,0.,1.));
#15691 = ORIENTED_EDGE('',*,*,#15692,.F.);
#15692 = EDGE_CURVE('',#15659,#15685,#15693,.T.);
#15693 = CIRCLE('',#15694,3.);
#15694 = AXIS2_PLACEMENT_3D('',#15695,#15696,#15697);
#15695 = CARTESIAN_POINT('',(-120.023,57.7804,0.));
#15696 = DIRECTION('',(0.,-0.,1.));
#15697 = DIRECTION('',(0.289582493074,0.957153059706,0.));
#15698 = CYLINDRICAL_SURFACE('',#15699,3.);
#15699 = AXIS2_PLACEMENT_3D('',#15700,#15701,#15702);
#15700 = CARTESIAN_POINT('',(-120.023,57.7804,0.));
#15701 = DIRECTION('',(-0.,-0.,-1.));
#15702 = DIRECTION('',(0.289582493074,0.957153059706,0.));
#15703 = ADVANCED_FACE('',(#15704),#15722,.F.);
#15704 = FACE_BOUND('',#15705,.T.);
#15705 = EDGE_LOOP('',(#15706,#15714,#15715,#15716));
#15706 = ORIENTED_EDGE('',*,*,#15707,.T.);
#15707 = EDGE_CURVE('',#15708,#7099,#15710,.T.);
#15708 = VERTEX_POINT('',#15709);
#15709 = CARTESIAN_POINT('',(-123.0855028952,57.294571659321,0.));
#15710 = LINE('',#15711,#15712);
#15711 = CARTESIAN_POINT('',(-123.0855028952,57.294571659321,0.));
#15712 = VECTOR('',#15713,1.);
#15713 = DIRECTION('',(0.,0.,1.));
#15714 = ORIENTED_EDGE('',*,*,#7107,.T.);
#15715 = ORIENTED_EDGE('',*,*,#15684,.F.);
#15716 = ORIENTED_EDGE('',*,*,#15717,.F.);
#15717 = EDGE_CURVE('',#15708,#15685,#15718,.T.);
#15718 = LINE('',#15719,#15720);
#15719 = CARTESIAN_POINT('',(-123.0855028952,57.294571659321,0.));
#15720 = VECTOR('',#15721,1.);
#15721 = DIRECTION('',(9.819055310694E-02,0.995167631749,0.));
#15722 = PLANE('',#15723);
#15723 = AXIS2_PLACEMENT_3D('',#15724,#15725,#15726);
#15724 = CARTESIAN_POINT('',(-123.0855028952,57.294571659321,0.));
#15725 = DIRECTION('',(0.995167631749,-9.819055310694E-02,0.));
#15726 = DIRECTION('',(-9.819055310694E-02,-0.995167631749,0.));
#15727 = ADVANCED_FACE('',(#15728),#15747,.T.);
#15728 = FACE_BOUND('',#15729,.F.);
#15729 = EDGE_LOOP('',(#15730,#15731,#15732,#15740));
#15730 = ORIENTED_EDGE('',*,*,#15707,.T.);
#15731 = ORIENTED_EDGE('',*,*,#7098,.T.);
#15732 = ORIENTED_EDGE('',*,*,#15733,.F.);
#15733 = EDGE_CURVE('',#15734,#7091,#15736,.T.);
#15734 = VERTEX_POINT('',#15735);
#15735 = CARTESIAN_POINT('',(-123.1,57.,0.));
#15736 = LINE('',#15737,#15738);
#15737 = CARTESIAN_POINT('',(-123.1,57.,0.));
#15738 = VECTOR('',#15739,1.);
#15739 = DIRECTION('',(0.,0.,1.));
#15740 = ORIENTED_EDGE('',*,*,#15741,.F.);
#15741 = EDGE_CURVE('',#15708,#15734,#15742,.T.);
#15742 = CIRCLE('',#15743,3.);
#15743 = AXIS2_PLACEMENT_3D('',#15744,#15745,#15746);
#15744 = CARTESIAN_POINT('',(-120.1,57.,0.));
#15745 = DIRECTION('',(0.,-0.,1.));
#15746 = DIRECTION('',(9.819055310694E-02,0.995167631749,0.));
#15747 = CYLINDRICAL_SURFACE('',#15748,3.);
#15748 = AXIS2_PLACEMENT_3D('',#15749,#15750,#15751);
#15749 = CARTESIAN_POINT('',(-120.1,57.,0.));
#15750 = DIRECTION('',(-0.,-0.,-1.));
#15751 = DIRECTION('',(9.819055310694E-02,0.995167631749,0.));
#15752 = ADVANCED_FACE('',(#15753),#15771,.F.);
#15753 = FACE_BOUND('',#15754,.T.);
#15754 = EDGE_LOOP('',(#15755,#15763,#15764,#15765));
#15755 = ORIENTED_EDGE('',*,*,#15756,.T.);
#15756 = EDGE_CURVE('',#15757,#7082,#15759,.T.);
#15757 = VERTEX_POINT('',#15758);
#15758 = CARTESIAN_POINT('',(-123.1,12.7,0.));
#15759 = LINE('',#15760,#15761);
#15760 = CARTESIAN_POINT('',(-123.1,12.7,0.));
#15761 = VECTOR('',#15762,1.);
#15762 = DIRECTION('',(0.,0.,1.));
#15763 = ORIENTED_EDGE('',*,*,#7090,.T.);
#15764 = ORIENTED_EDGE('',*,*,#15733,.F.);
#15765 = ORIENTED_EDGE('',*,*,#15766,.F.);
#15766 = EDGE_CURVE('',#15757,#15734,#15767,.T.);
#15767 = LINE('',#15768,#15769);
#15768 = CARTESIAN_POINT('',(-123.1,12.7,0.));
#15769 = VECTOR('',#15770,1.);
#15770 = DIRECTION('',(0.,1.,0.));
#15771 = PLANE('',#15772);
#15772 = AXIS2_PLACEMENT_3D('',#15773,#15774,#15775);
#15773 = CARTESIAN_POINT('',(-123.1,12.7,0.));
#15774 = DIRECTION('',(1.,0.,0.));
#15775 = DIRECTION('',(0.,-1.,0.));
#15776 = ADVANCED_FACE('',(#15777),#15796,.T.);
#15777 = FACE_BOUND('',#15778,.F.);
#15778 = EDGE_LOOP('',(#15779,#15780,#15781,#15789));
#15779 = ORIENTED_EDGE('',*,*,#15756,.T.);
#15780 = ORIENTED_EDGE('',*,*,#7081,.T.);
#15781 = ORIENTED_EDGE('',*,*,#15782,.F.);
#15782 = EDGE_CURVE('',#15783,#7074,#15785,.T.);
#15783 = VERTEX_POINT('',#15784);
#15784 = CARTESIAN_POINT('',(-123.0855028952,12.405428340679,0.));
#15785 = LINE('',#15786,#15787);
#15786 = CARTESIAN_POINT('',(-123.0855028952,12.405428340679,0.));
#15787 = VECTOR('',#15788,1.);
#15788 = DIRECTION('',(0.,0.,1.));
#15789 = ORIENTED_EDGE('',*,*,#15790,.F.);
#15790 = EDGE_CURVE('',#15757,#15783,#15791,.T.);
#15791 = CIRCLE('',#15792,3.);
#15792 = AXIS2_PLACEMENT_3D('',#15793,#15794,#15795);
#15793 = CARTESIAN_POINT('',(-120.1,12.7,0.));
#15794 = DIRECTION('',(0.,0.,1.));
#15795 = DIRECTION('',(0.,1.,0.));
#15796 = CYLINDRICAL_SURFACE('',#15797,3.);
#15797 = AXIS2_PLACEMENT_3D('',#15798,#15799,#15800);
#15798 = CARTESIAN_POINT('',(-120.1,12.7,0.));
#15799 = DIRECTION('',(-0.,-0.,-1.));
#15800 = DIRECTION('',(0.,1.,0.));
#15801 = ADVANCED_FACE('',(#15802),#15820,.F.);
#15802 = FACE_BOUND('',#15803,.T.);
#15803 = EDGE_LOOP('',(#15804,#15812,#15813,#15814));
#15804 = ORIENTED_EDGE('',*,*,#15805,.T.);
#15805 = EDGE_CURVE('',#15806,#7065,#15808,.T.);
#15806 = VERTEX_POINT('',#15807);
#15807 = CARTESIAN_POINT('',(-123.0085028952,11.625028340679,0.));
#15808 = LINE('',#15809,#15810);
#15809 = CARTESIAN_POINT('',(-123.0085028952,11.625028340679,0.));
#15810 = VECTOR('',#15811,1.);
#15811 = DIRECTION('',(0.,0.,1.));
#15812 = ORIENTED_EDGE('',*,*,#7073,.T.);
#15813 = ORIENTED_EDGE('',*,*,#15782,.F.);
#15814 = ORIENTED_EDGE('',*,*,#15815,.F.);
#15815 = EDGE_CURVE('',#15806,#15783,#15816,.T.);
#15816 = LINE('',#15817,#15818);
#15817 = CARTESIAN_POINT('',(-123.0085028952,11.625028340679,0.));
#15818 = VECTOR('',#15819,1.);
#15819 = DIRECTION('',(-9.819055310694E-02,0.995167631749,0.));
#15820 = PLANE('',#15821);
#15821 = AXIS2_PLACEMENT_3D('',#15822,#15823,#15824);
#15822 = CARTESIAN_POINT('',(-123.0085028952,11.625028340679,0.));
#15823 = DIRECTION('',(0.995167631749,9.819055310694E-02,0.));
#15824 = DIRECTION('',(9.819055310694E-02,-0.995167631749,0.));
#15825 = ADVANCED_FACE('',(#15826),#15845,.T.);
#15826 = FACE_BOUND('',#15827,.F.);
#15827 = EDGE_LOOP('',(#15828,#15829,#15830,#15838));
#15828 = ORIENTED_EDGE('',*,*,#15805,.T.);
#15829 = ORIENTED_EDGE('',*,*,#7064,.T.);
#15830 = ORIENTED_EDGE('',*,*,#15831,.F.);
#15831 = EDGE_CURVE('',#15832,#7057,#15834,.T.);
#15832 = VERTEX_POINT('',#15833);
#15833 = CARTESIAN_POINT('',(-122.8944591791,11.050852520778,0.));
#15834 = LINE('',#15835,#15836);
#15835 = CARTESIAN_POINT('',(-122.8944591791,11.050852520778,0.));
#15836 = VECTOR('',#15837,1.);
#15837 = DIRECTION('',(0.,0.,1.));
#15838 = ORIENTED_EDGE('',*,*,#15839,.F.);
#15839 = EDGE_CURVE('',#15806,#15832,#15840,.T.);
#15840 = CIRCLE('',#15841,3.);
#15841 = AXIS2_PLACEMENT_3D('',#15842,#15843,#15844);
#15842 = CARTESIAN_POINT('',(-120.023,11.9196,0.));
#15843 = DIRECTION('',(0.,-0.,1.));
#15844 = DIRECTION('',(-9.819055310694E-02,0.995167631749,0.));
#15845 = CYLINDRICAL_SURFACE('',#15846,3.);
#15846 = AXIS2_PLACEMENT_3D('',#15847,#15848,#15849);
#15847 = CARTESIAN_POINT('',(-120.023,11.9196,0.));
#15848 = DIRECTION('',(-0.,-0.,-1.));
#15849 = DIRECTION('',(-9.819055310694E-02,0.995167631749,0.));
#15850 = ADVANCED_FACE('',(#15851),#15869,.F.);
#15851 = FACE_BOUND('',#15852,.T.);
#15852 = EDGE_LOOP('',(#15853,#15861,#15862,#15863));
#15853 = ORIENTED_EDGE('',*,*,#15854,.T.);
#15854 = EDGE_CURVE('',#15855,#7048,#15857,.T.);
#15855 = VERTEX_POINT('',#15856);
#15856 = CARTESIAN_POINT('',(-122.6674591791,10.300552520778,0.));
#15857 = LINE('',#15858,#15859);
#15858 = CARTESIAN_POINT('',(-122.6674591791,10.300552520778,0.));
#15859 = VECTOR('',#15860,1.);
#15860 = DIRECTION('',(0.,0.,1.));
#15861 = ORIENTED_EDGE('',*,*,#7056,.T.);
#15862 = ORIENTED_EDGE('',*,*,#15831,.F.);
#15863 = ORIENTED_EDGE('',*,*,#15864,.F.);
#15864 = EDGE_CURVE('',#15855,#15832,#15865,.T.);
#15865 = LINE('',#15866,#15867);
#15866 = CARTESIAN_POINT('',(-122.6674591791,10.300552520778,0.));
#15867 = VECTOR('',#15868,1.);
#15868 = DIRECTION('',(-0.289582493074,0.957153059706,0.));
#15869 = PLANE('',#15870);
#15870 = AXIS2_PLACEMENT_3D('',#15871,#15872,#15873);
#15871 = CARTESIAN_POINT('',(-122.6674591791,10.300552520778,0.));
#15872 = DIRECTION('',(0.957153059706,0.289582493074,0.));
#15873 = DIRECTION('',(0.289582493074,-0.957153059706,0.));
#15874 = ADVANCED_FACE('',(#15875),#15894,.T.);
#15875 = FACE_BOUND('',#15876,.F.);
#15876 = EDGE_LOOP('',(#15877,#15878,#15879,#15887));
#15877 = ORIENTED_EDGE('',*,*,#15854,.T.);
#15878 = ORIENTED_EDGE('',*,*,#7047,.T.);
#15879 = ORIENTED_EDGE('',*,*,#15880,.F.);
#15880 = EDGE_CURVE('',#15881,#7040,#15883,.T.);
#15881 = VERTEX_POINT('',#15882);
#15882 = CARTESIAN_POINT('',(-122.4412355373,9.754121936343,0.));
#15883 = LINE('',#15884,#15885);
#15884 = CARTESIAN_POINT('',(-122.4412355373,9.754121936343,0.));
#15885 = VECTOR('',#15886,1.);
#15886 = DIRECTION('',(0.,0.,1.));
#15887 = ORIENTED_EDGE('',*,*,#15888,.F.);
#15888 = EDGE_CURVE('',#15855,#15881,#15889,.T.);
#15889 = CIRCLE('',#15890,3.);
#15890 = AXIS2_PLACEMENT_3D('',#15891,#15892,#15893);
#15891 = CARTESIAN_POINT('',(-119.796,11.1693,0.));
#15892 = DIRECTION('',(0.,-0.,1.));
#15893 = DIRECTION('',(-0.289582493074,0.957153059706,0.));
#15894 = CYLINDRICAL_SURFACE('',#15895,3.);
#15895 = AXIS2_PLACEMENT_3D('',#15896,#15897,#15898);
#15896 = CARTESIAN_POINT('',(-119.796,11.1693,0.));
#15897 = DIRECTION('',(-0.,-0.,-1.));
#15898 = DIRECTION('',(-0.289582493074,0.957153059706,0.));
#15899 = ADVANCED_FACE('',(#15900),#15918,.F.);
#15900 = FACE_BOUND('',#15901,.T.);
#15901 = EDGE_LOOP('',(#15902,#15910,#15911,#15912));
#15902 = ORIENTED_EDGE('',*,*,#15903,.T.);
#15903 = EDGE_CURVE('',#15904,#7031,#15906,.T.);
#15904 = VERTEX_POINT('',#15905);
#15905 = CARTESIAN_POINT('',(-122.0712355373,9.062521936343,0.));
#15906 = LINE('',#15907,#15908);
#15907 = CARTESIAN_POINT('',(-122.0712355373,9.062521936343,0.));
#15908 = VECTOR('',#15909,1.);
#15909 = DIRECTION('',(0.,0.,1.));
#15910 = ORIENTED_EDGE('',*,*,#7039,.T.);
#15911 = ORIENTED_EDGE('',*,*,#15880,.F.);
#15912 = ORIENTED_EDGE('',*,*,#15913,.F.);
#15913 = EDGE_CURVE('',#15904,#15881,#15914,.T.);
#15914 = LINE('',#15915,#15916);
#15915 = CARTESIAN_POINT('',(-122.0712355373,9.062521936343,0.));
#15916 = VECTOR('',#15917,1.);
#15917 = DIRECTION('',(-0.471726021219,0.881745179122,0.));
#15918 = PLANE('',#15919);
#15919 = AXIS2_PLACEMENT_3D('',#15920,#15921,#15922);
#15920 = CARTESIAN_POINT('',(-122.0712355373,9.062521936343,0.));
#15921 = DIRECTION('',(0.881745179122,0.471726021219,0.));
#15922 = DIRECTION('',(0.471726021219,-0.881745179122,0.));
#15923 = ADVANCED_FACE('',(#15924),#15943,.T.);
#15924 = FACE_BOUND('',#15925,.F.);
#15925 = EDGE_LOOP('',(#15926,#15927,#15928,#15936));
#15926 = ORIENTED_EDGE('',*,*,#15903,.T.);
#15927 = ORIENTED_EDGE('',*,*,#7030,.T.);
#15928 = ORIENTED_EDGE('',*,*,#15929,.F.);
#15929 = EDGE_CURVE('',#15930,#7023,#15932,.T.);
#15930 = VERTEX_POINT('',#15931);
#15931 = CARTESIAN_POINT('',(-121.7439771123,8.573236267915,0.));
#15932 = LINE('',#15933,#15934);
#15933 = CARTESIAN_POINT('',(-121.7439771123,8.573236267915,0.));
#15934 = VECTOR('',#15935,1.);
#15935 = DIRECTION('',(0.,0.,1.));
#15936 = ORIENTED_EDGE('',*,*,#15937,.F.);
#15937 = EDGE_CURVE('',#15904,#15930,#15938,.T.);
#15938 = CIRCLE('',#15939,3.);
#15939 = AXIS2_PLACEMENT_3D('',#15940,#15941,#15942);
#15940 = CARTESIAN_POINT('',(-119.426,10.4777,0.));
#15941 = DIRECTION('',(0.,-0.,1.));
#15942 = DIRECTION('',(-0.471726021219,0.881745179122,0.));
#15943 = CYLINDRICAL_SURFACE('',#15944,3.);
#15944 = AXIS2_PLACEMENT_3D('',#15945,#15946,#15947);
#15945 = CARTESIAN_POINT('',(-119.426,10.4777,0.));
#15946 = DIRECTION('',(-0.,-0.,-1.));
#15947 = DIRECTION('',(-0.471726021219,0.881745179122,0.));
#15948 = ADVANCED_FACE('',(#15949),#15967,.F.);
#15949 = FACE_BOUND('',#15950,.T.);
#15950 = EDGE_LOOP('',(#15951,#15959,#15960,#15961));
#15951 = ORIENTED_EDGE('',*,*,#15952,.T.);
#15952 = EDGE_CURVE('',#15953,#7014,#15955,.T.);
#15953 = VERTEX_POINT('',#15954);
#15954 = CARTESIAN_POINT('',(-121.2459771123,7.967106267915,0.));
#15955 = LINE('',#15956,#15957);
#15956 = CARTESIAN_POINT('',(-121.2459771123,7.967106267915,0.));
#15957 = VECTOR('',#15958,1.);
#15958 = DIRECTION('',(0.,0.,1.));
#15959 = ORIENTED_EDGE('',*,*,#7022,.T.);
#15960 = ORIENTED_EDGE('',*,*,#15929,.F.);
#15961 = ORIENTED_EDGE('',*,*,#15962,.F.);
#15962 = EDGE_CURVE('',#15953,#15930,#15963,.T.);
#15963 = LINE('',#15964,#15965);
#15964 = CARTESIAN_POINT('',(-121.2459771123,7.967106267915,0.));
#15965 = VECTOR('',#15966,1.);
#15966 = DIRECTION('',(-0.634821244028,0.772659037435,0.));
#15967 = PLANE('',#15968);
#15968 = AXIS2_PLACEMENT_3D('',#15969,#15970,#15971);
#15969 = CARTESIAN_POINT('',(-121.2459771123,7.967106267915,0.));
#15970 = DIRECTION('',(0.772659037435,0.634821244028,0.));
#15971 = DIRECTION('',(0.634821244028,-0.772659037435,0.));
#15972 = ADVANCED_FACE('',(#15973),#15992,.T.);
#15973 = FACE_BOUND('',#15974,.F.);
#15974 = EDGE_LOOP('',(#15975,#15976,#15977,#15985));
#15975 = ORIENTED_EDGE('',*,*,#15952,.T.);
#15976 = ORIENTED_EDGE('',*,*,#7013,.T.);
#15977 = ORIENTED_EDGE('',*,*,#15978,.F.);
#15978 = EDGE_CURVE('',#15979,#7006,#15981,.T.);
#15979 = VERTEX_POINT('',#15980);
#15980 = CARTESIAN_POINT('',(-120.8314511338,7.55276130136,0.));
#15981 = LINE('',#15982,#15983);
#15982 = CARTESIAN_POINT('',(-120.8314511338,7.55276130136,0.));
#15983 = VECTOR('',#15984,1.);
#15984 = DIRECTION('',(0.,0.,1.));
#15985 = ORIENTED_EDGE('',*,*,#15986,.F.);
#15986 = EDGE_CURVE('',#15953,#15979,#15987,.T.);
#15987 = CIRCLE('',#15988,3.);
#15988 = AXIS2_PLACEMENT_3D('',#15989,#15990,#15991);
#15989 = CARTESIAN_POINT('',(-118.928,9.87157,0.));
#15990 = DIRECTION('',(0.,-0.,1.));
#15991 = DIRECTION('',(-0.634821244028,0.772659037435,0.));
#15992 = CYLINDRICAL_SURFACE('',#15993,3.);
#15993 = AXIS2_PLACEMENT_3D('',#15994,#15995,#15996);
#15994 = CARTESIAN_POINT('',(-118.928,9.87157,0.));
#15995 = DIRECTION('',(-0.,-0.,-1.));
#15996 = DIRECTION('',(-0.634821244028,0.772659037435,0.));
#15997 = ADVANCED_FACE('',(#15998),#16016,.F.);
#15998 = FACE_BOUND('',#15999,.T.);
#15999 = EDGE_LOOP('',(#16000,#16008,#16009,#16010));
#16000 = ORIENTED_EDGE('',*,*,#16001,.T.);
#16001 = EDGE_CURVE('',#16002,#6997,#16004,.T.);
#16002 = VERTEX_POINT('',#16003);
#16003 = CARTESIAN_POINT('',(-120.2254511338,7.05531130136,0.));
#16004 = LINE('',#16005,#16006);
#16005 = CARTESIAN_POINT('',(-120.2254511338,7.05531130136,0.));
#16006 = VECTOR('',#16007,1.);
#16007 = DIRECTION('',(0.,0.,1.));
#16008 = ORIENTED_EDGE('',*,*,#7005,.T.);
#16009 = ORIENTED_EDGE('',*,*,#15978,.F.);
#16010 = ORIENTED_EDGE('',*,*,#16011,.F.);
#16011 = EDGE_CURVE('',#16002,#15979,#16012,.T.);
#16012 = LINE('',#16013,#16014);
#16013 = CARTESIAN_POINT('',(-120.2254511338,7.05531130136,0.));
#16014 = VECTOR('',#16015,1.);
#16015 = DIRECTION('',(-0.77293623288,0.634483711297,0.));
#16016 = PLANE('',#16017);
#16017 = AXIS2_PLACEMENT_3D('',#16018,#16019,#16020);
#16018 = CARTESIAN_POINT('',(-120.2254511338,7.05531130136,0.));
#16019 = DIRECTION('',(0.634483711297,0.77293623288,0.));
#16020 = DIRECTION('',(0.77293623288,-0.634483711297,0.));
#16021 = ADVANCED_FACE('',(#16022),#16041,.T.);
#16022 = FACE_BOUND('',#16023,.F.);
#16023 = EDGE_LOOP('',(#16024,#16025,#16026,#16034));
#16024 = ORIENTED_EDGE('',*,*,#16001,.T.);
#16025 = ORIENTED_EDGE('',*,*,#6996,.T.);
#16026 = ORIENTED_EDGE('',*,*,#16027,.F.);
#16027 = EDGE_CURVE('',#16028,#6989,#16030,.T.);
#16028 = VERTEX_POINT('',#16029);
#16029 = CARTESIAN_POINT('',(-119.7370619695,6.728822356545,0.));
#16030 = LINE('',#16031,#16032);
#16031 = CARTESIAN_POINT('',(-119.7370619695,6.728822356545,0.));
#16032 = VECTOR('',#16033,1.);
#16033 = DIRECTION('',(0.,0.,1.));
#16034 = ORIENTED_EDGE('',*,*,#16035,.F.);
#16035 = EDGE_CURVE('',#16002,#16028,#16036,.T.);
#16036 = CIRCLE('',#16037,3.);
#16037 = AXIS2_PLACEMENT_3D('',#16038,#16039,#16040);
#16038 = CARTESIAN_POINT('',(-118.322,9.37412,0.));
#16039 = DIRECTION('',(0.,-0.,1.));
#16040 = DIRECTION('',(-0.77293623288,0.634483711297,0.));
#16041 = CYLINDRICAL_SURFACE('',#16042,3.);
#16042 = AXIS2_PLACEMENT_3D('',#16043,#16044,#16045);
#16043 = CARTESIAN_POINT('',(-118.322,9.37412,0.));
#16044 = DIRECTION('',(-0.,-0.,-1.));
#16045 = DIRECTION('',(-0.77293623288,0.634483711297,0.));
#16046 = ADVANCED_FACE('',(#16047),#16065,.F.);
#16047 = FACE_BOUND('',#16048,.T.);
#16048 = EDGE_LOOP('',(#16049,#16057,#16058,#16059));
#16049 = ORIENTED_EDGE('',*,*,#16050,.T.);
#16050 = EDGE_CURVE('',#16051,#6980,#16053,.T.);
#16051 = VERTEX_POINT('',#16052);
#16052 = CARTESIAN_POINT('',(-119.0460619695,6.359182356545,0.));
#16053 = LINE('',#16054,#16055);
#16054 = CARTESIAN_POINT('',(-119.0460619695,6.359182356545,0.));
#16055 = VECTOR('',#16056,1.);
#16056 = DIRECTION('',(0.,0.,1.));
#16057 = ORIENTED_EDGE('',*,*,#6988,.T.);
#16058 = ORIENTED_EDGE('',*,*,#16027,.F.);
#16059 = ORIENTED_EDGE('',*,*,#16060,.F.);
#16060 = EDGE_CURVE('',#16051,#16028,#16061,.T.);
#16061 = LINE('',#16062,#16063);
#16062 = CARTESIAN_POINT('',(-119.0460619695,6.359182356545,0.));
#16063 = VECTOR('',#16064,1.);
#16064 = DIRECTION('',(-0.881765881152,0.471687323168,0.));
#16065 = PLANE('',#16066);
#16066 = AXIS2_PLACEMENT_3D('',#16067,#16068,#16069);
#16067 = CARTESIAN_POINT('',(-119.0460619695,6.359182356545,0.));
#16068 = DIRECTION('',(0.471687323168,0.881765881152,0.));
#16069 = DIRECTION('',(0.881765881152,-0.471687323168,0.));
#16070 = ADVANCED_FACE('',(#16071),#16090,.T.);
#16071 = FACE_BOUND('',#16072,.F.);
#16072 = EDGE_LOOP('',(#16073,#16074,#16075,#16083));
#16073 = ORIENTED_EDGE('',*,*,#16050,.T.);
#16074 = ORIENTED_EDGE('',*,*,#6979,.T.);
#16075 = ORIENTED_EDGE('',*,*,#16076,.F.);
#16076 = EDGE_CURVE('',#16077,#6972,#16079,.T.);
#16077 = VERTEX_POINT('',#16078);
#16078 = CARTESIAN_POINT('',(-118.5011770955,6.133453733597,0.));
#16079 = LINE('',#16080,#16081);
#16080 = CARTESIAN_POINT('',(-118.5011770955,6.133453733597,0.));
#16081 = VECTOR('',#16082,1.);
#16082 = DIRECTION('',(0.,0.,1.));
#16083 = ORIENTED_EDGE('',*,*,#16084,.F.);
#16084 = EDGE_CURVE('',#16051,#16077,#16085,.T.);
#16085 = CIRCLE('',#16086,3.);
#16086 = AXIS2_PLACEMENT_3D('',#16087,#16088,#16089);
#16087 = CARTESIAN_POINT('',(-117.631,9.00448,0.));
#16088 = DIRECTION('',(0.,-0.,1.));
#16089 = DIRECTION('',(-0.881765881152,0.471687323168,0.));
#16090 = CYLINDRICAL_SURFACE('',#16091,3.);
#16091 = AXIS2_PLACEMENT_3D('',#16092,#16093,#16094);
#16092 = CARTESIAN_POINT('',(-117.631,9.00448,0.));
#16093 = DIRECTION('',(-0.,-0.,-1.));
#16094 = DIRECTION('',(-0.881765881152,0.471687323168,0.));
#16095 = ADVANCED_FACE('',(#16096),#16114,.F.);
#16096 = FACE_BOUND('',#16097,.T.);
#16097 = EDGE_LOOP('',(#16098,#16106,#16107,#16108));
#16098 = ORIENTED_EDGE('',*,*,#16099,.T.);
#16099 = EDGE_CURVE('',#16100,#6963,#16102,.T.);
#16100 = VERTEX_POINT('',#16101);
#16101 = CARTESIAN_POINT('',(-117.7501770955,5.905833733597,0.));
#16102 = LINE('',#16103,#16104);
#16103 = CARTESIAN_POINT('',(-117.7501770955,5.905833733597,0.));
#16104 = VECTOR('',#16105,1.);
#16105 = DIRECTION('',(0.,0.,1.));
#16106 = ORIENTED_EDGE('',*,*,#6971,.T.);
#16107 = ORIENTED_EDGE('',*,*,#16076,.F.);
#16108 = ORIENTED_EDGE('',*,*,#16109,.F.);
#16109 = EDGE_CURVE('',#16100,#16077,#16110,.T.);
#16110 = LINE('',#16111,#16112);
#16111 = CARTESIAN_POINT('',(-117.7501770955,5.905833733597,0.));
#16112 = VECTOR('',#16113,1.);
#16113 = DIRECTION('',(-0.957008755468,0.29005903185,0.));
#16114 = PLANE('',#16115);
#16115 = AXIS2_PLACEMENT_3D('',#16116,#16117,#16118);
#16116 = CARTESIAN_POINT('',(-117.7501770955,5.905833733597,0.));
#16117 = DIRECTION('',(0.29005903185,0.957008755468,0.));
#16118 = DIRECTION('',(0.957008755468,-0.29005903185,0.));
#16119 = ADVANCED_FACE('',(#16120),#16139,.T.);
#16120 = FACE_BOUND('',#16121,.F.);
#16121 = EDGE_LOOP('',(#16122,#16123,#16124,#16132));
#16122 = ORIENTED_EDGE('',*,*,#16099,.T.);
#16123 = ORIENTED_EDGE('',*,*,#6962,.T.);
#16124 = ORIENTED_EDGE('',*,*,#16125,.F.);
#16125 = EDGE_CURVE('',#16126,#6955,#16128,.T.);
#16126 = VERTEX_POINT('',#16127);
#16127 = CARTESIAN_POINT('',(-117.1741905649,5.791319527746,0.));
#16128 = LINE('',#16129,#16130);
#16129 = CARTESIAN_POINT('',(-117.1741905649,5.791319527746,0.));
#16130 = VECTOR('',#16131,1.);
#16131 = DIRECTION('',(0.,0.,1.));
#16132 = ORIENTED_EDGE('',*,*,#16133,.F.);
#16133 = EDGE_CURVE('',#16100,#16126,#16134,.T.);
#16134 = CIRCLE('',#16135,3.);
#16135 = AXIS2_PLACEMENT_3D('',#16136,#16137,#16138);
#16136 = CARTESIAN_POINT('',(-116.88,8.77686,0.));
#16137 = DIRECTION('',(0.,-0.,1.));
#16138 = DIRECTION('',(-0.957008755468,0.29005903185,0.));
#16139 = CYLINDRICAL_SURFACE('',#16140,3.);
#16140 = AXIS2_PLACEMENT_3D('',#16141,#16142,#16143);
#16141 = CARTESIAN_POINT('',(-116.88,8.77686,0.));
#16142 = DIRECTION('',(-0.,-0.,-1.));
#16143 = DIRECTION('',(-0.957008755468,0.29005903185,0.));
#16144 = ADVANCED_FACE('',(#16145),#16163,.F.);
#16145 = FACE_BOUND('',#16146,.T.);
#16146 = EDGE_LOOP('',(#16147,#16155,#16156,#16157));
#16147 = ORIENTED_EDGE('',*,*,#16148,.T.);
#16148 = EDGE_CURVE('',#16149,#6946,#16151,.T.);
#16149 = VERTEX_POINT('',#16150);
#16150 = CARTESIAN_POINT('',(-116.3941905649,5.714459527746,0.));
#16151 = LINE('',#16152,#16153);
#16152 = CARTESIAN_POINT('',(-116.3941905649,5.714459527746,0.));
#16153 = VECTOR('',#16154,1.);
#16154 = DIRECTION('',(0.,0.,1.));
#16155 = ORIENTED_EDGE('',*,*,#6954,.T.);
#16156 = ORIENTED_EDGE('',*,*,#16125,.F.);
#16157 = ORIENTED_EDGE('',*,*,#16158,.F.);
#16158 = EDGE_CURVE('',#16149,#16126,#16159,.T.);
#16159 = LINE('',#16160,#16161);
#16160 = CARTESIAN_POINT('',(-116.3941905649,5.714459527746,0.));
#16161 = VECTOR('',#16162,1.);
#16162 = DIRECTION('',(-0.995180157418,9.806352166557E-02,0.));
#16163 = PLANE('',#16164);
#16164 = AXIS2_PLACEMENT_3D('',#16165,#16166,#16167);
#16165 = CARTESIAN_POINT('',(-116.3941905649,5.714459527746,0.));
#16166 = DIRECTION('',(9.806352166557E-02,0.995180157418,0.));
#16167 = DIRECTION('',(0.995180157418,-9.806352166557E-02,0.));
#16168 = ADVANCED_FACE('',(#16169),#16188,.T.);
#16169 = FACE_BOUND('',#16170,.F.);
#16170 = EDGE_LOOP('',(#16171,#16172,#16173,#16181));
#16171 = ORIENTED_EDGE('',*,*,#16148,.T.);
#16172 = ORIENTED_EDGE('',*,*,#6945,.T.);
#16173 = ORIENTED_EDGE('',*,*,#16174,.F.);
#16174 = EDGE_CURVE('',#16175,#6938,#16177,.T.);
#16175 = VERTEX_POINT('',#16176);
#16176 = CARTESIAN_POINT('',(-116.1,5.7,0.));
#16177 = LINE('',#16178,#16179);
#16178 = CARTESIAN_POINT('',(-116.1,5.7,0.));
#16179 = VECTOR('',#16180,1.);
#16180 = DIRECTION('',(0.,0.,1.));
#16181 = ORIENTED_EDGE('',*,*,#16182,.F.);
#16182 = EDGE_CURVE('',#16149,#16175,#16183,.T.);
#16183 = CIRCLE('',#16184,3.);
#16184 = AXIS2_PLACEMENT_3D('',#16185,#16186,#16187);
#16185 = CARTESIAN_POINT('',(-116.1,8.7,0.));
#16186 = DIRECTION('',(0.,-0.,1.));
#16187 = DIRECTION('',(-0.995180157418,9.806352166557E-02,0.));
#16188 = CYLINDRICAL_SURFACE('',#16189,3.);
#16189 = AXIS2_PLACEMENT_3D('',#16190,#16191,#16192);
#16190 = CARTESIAN_POINT('',(-116.1,8.7,0.));
#16191 = DIRECTION('',(-0.,-0.,-1.));
#16192 = DIRECTION('',(-0.995180157418,9.806352166557E-02,0.));
#16193 = ADVANCED_FACE('',(#16194),#16212,.F.);
#16194 = FACE_BOUND('',#16195,.T.);
#16195 = EDGE_LOOP('',(#16196,#16204,#16205,#16206));
#16196 = ORIENTED_EDGE('',*,*,#16197,.T.);
#16197 = EDGE_CURVE('',#16198,#6930,#16200,.T.);
#16198 = VERTEX_POINT('',#16199);
#16199 = CARTESIAN_POINT('',(-97.5731043416,5.7,0.));
#16200 = LINE('',#16201,#16202);
#16201 = CARTESIAN_POINT('',(-97.5731043416,5.7,0.));
#16202 = VECTOR('',#16203,1.);
#16203 = DIRECTION('',(0.,0.,1.));
#16204 = ORIENTED_EDGE('',*,*,#6937,.T.);
#16205 = ORIENTED_EDGE('',*,*,#16174,.F.);
#16206 = ORIENTED_EDGE('',*,*,#16207,.F.);
#16207 = EDGE_CURVE('',#16198,#16175,#16208,.T.);
#16208 = LINE('',#16209,#16210);
#16209 = CARTESIAN_POINT('',(-97.4126,5.7,0.));
#16210 = VECTOR('',#16211,1.);
#16211 = DIRECTION('',(-1.,-0.,-0.));
#16212 = PLANE('',#16213);
#16213 = AXIS2_PLACEMENT_3D('',#16214,#16215,#16216);
#16214 = CARTESIAN_POINT('',(-97.5731043416,5.7,0.));
#16215 = DIRECTION('',(0.,1.,0.));
#16216 = DIRECTION('',(1.,0.,0.));
#16217 = ADVANCED_FACE('',(#16218),#16236,.F.);
#16218 = FACE_BOUND('',#16219,.T.);
#16219 = EDGE_LOOP('',(#16220,#16228,#16229,#16230));
#16220 = ORIENTED_EDGE('',*,*,#16221,.T.);
#16221 = EDGE_CURVE('',#16222,#6922,#16224,.T.);
#16222 = VERTEX_POINT('',#16223);
#16223 = CARTESIAN_POINT('',(-96.28778630983,5.562072445869,0.));
#16224 = LINE('',#16225,#16226);
#16225 = CARTESIAN_POINT('',(-96.28778630983,5.562072445869,0.));
#16226 = VECTOR('',#16227,1.);
#16227 = DIRECTION('',(0.,0.,1.));
#16228 = ORIENTED_EDGE('',*,*,#6929,.T.);
#16229 = ORIENTED_EDGE('',*,*,#16197,.F.);
#16230 = ORIENTED_EDGE('',*,*,#16231,.F.);
#16231 = EDGE_CURVE('',#16222,#16198,#16232,.T.);
#16232 = LINE('',#16233,#16234);
#16233 = CARTESIAN_POINT('',(-95.99399244903,5.530545409262,0.));
#16234 = VECTOR('',#16235,1.);
#16235 = DIRECTION('',(-0.994291530246,0.106697483012,0.));
#16236 = PLANE('',#16237);
#16237 = AXIS2_PLACEMENT_3D('',#16238,#16239,#16240);
#16238 = CARTESIAN_POINT('',(-96.28778630983,5.562072445869,0.));
#16239 = DIRECTION('',(0.106697483012,0.994291530246,0.));
#16240 = DIRECTION('',(0.994291530246,-0.106697483012,0.));
#16241 = ADVANCED_FACE('',(#16242),#16260,.F.);
#16242 = FACE_BOUND('',#16243,.T.);
#16243 = EDGE_LOOP('',(#16244,#16252,#16253,#16254));
#16244 = ORIENTED_EDGE('',*,*,#16245,.T.);
#16245 = EDGE_CURVE('',#16246,#6914,#16248,.T.);
#16246 = VERTEX_POINT('',#16247);
#16247 = CARTESIAN_POINT('',(-95.35864988444,5.271340051558,0.));
#16248 = LINE('',#16249,#16250);
#16249 = CARTESIAN_POINT('',(-95.35864988444,5.271340051558,0.));
#16250 = VECTOR('',#16251,1.);
#16251 = DIRECTION('',(0.,0.,1.));
#16252 = ORIENTED_EDGE('',*,*,#6921,.T.);
#16253 = ORIENTED_EDGE('',*,*,#16221,.F.);
#16254 = ORIENTED_EDGE('',*,*,#16255,.F.);
#16255 = EDGE_CURVE('',#16246,#16222,#16256,.T.);
#16256 = LINE('',#16257,#16258);
#16257 = CARTESIAN_POINT('',(-95.07668401181,5.183111228511,0.));
#16258 = VECTOR('',#16259,1.);
#16259 = DIRECTION('',(-0.954369590496,0.298628003938,0.));
#16260 = PLANE('',#16261);
#16261 = AXIS2_PLACEMENT_3D('',#16262,#16263,#16264);
#16262 = CARTESIAN_POINT('',(-95.35864988444,5.271340051558,0.));
#16263 = DIRECTION('',(0.298628003938,0.954369590496,0.));
#16264 = DIRECTION('',(0.954369590496,-0.298628003938,0.));
#16265 = ADVANCED_FACE('',(#16266),#16284,.F.);
#16266 = FACE_BOUND('',#16267,.T.);
#16267 = EDGE_LOOP('',(#16268,#16276,#16277,#16278));
#16268 = ORIENTED_EDGE('',*,*,#16269,.T.);
#16269 = EDGE_CURVE('',#16270,#6906,#16272,.T.);
#16270 = VERTEX_POINT('',#16271);
#16271 = CARTESIAN_POINT('',(-94.5040956267,4.804953671178,0.));
#16272 = LINE('',#16273,#16274);
#16273 = CARTESIAN_POINT('',(-94.5040956267,4.804953671178,0.));
#16274 = VECTOR('',#16275,1.);
#16275 = DIRECTION('',(0.,0.,1.));
#16276 = ORIENTED_EDGE('',*,*,#6913,.T.);
#16277 = ORIENTED_EDGE('',*,*,#16245,.F.);
#16278 = ORIENTED_EDGE('',*,*,#16279,.F.);
#16279 = EDGE_CURVE('',#16270,#16246,#16280,.T.);
#16280 = LINE('',#16281,#16282);
#16281 = CARTESIAN_POINT('',(-94.24468779174,4.663377779313,0.));
#16282 = VECTOR('',#16283,1.);
#16283 = DIRECTION('',(-0.877780740229,0.479062597249,0.));
#16284 = PLANE('',#16285);
#16285 = AXIS2_PLACEMENT_3D('',#16286,#16287,#16288);
#16286 = CARTESIAN_POINT('',(-94.5040956267,4.804953671178,0.));
#16287 = DIRECTION('',(0.479062597249,0.877780740229,0.));
#16288 = DIRECTION('',(0.877780740229,-0.479062597249,0.));
#16289 = ADVANCED_FACE('',(#16290),#16308,.F.);
#16290 = FACE_BOUND('',#16291,.T.);
#16291 = EDGE_LOOP('',(#16292,#16300,#16301,#16302));
#16292 = ORIENTED_EDGE('',*,*,#16293,.T.);
#16293 = EDGE_CURVE('',#16294,#6898,#16296,.T.);
#16294 = VERTEX_POINT('',#16295);
#16295 = CARTESIAN_POINT('',(-93.75702953965,4.180836766321,0.));
#16296 = LINE('',#16297,#16298);
#16297 = CARTESIAN_POINT('',(-93.75702953965,4.180836766321,0.));
#16298 = VECTOR('',#16299,1.);
#16299 = DIRECTION('',(0.,0.,1.));
#16300 = ORIENTED_EDGE('',*,*,#6905,.T.);
#16301 = ORIENTED_EDGE('',*,*,#16269,.F.);
#16302 = ORIENTED_EDGE('',*,*,#16303,.F.);
#16303 = EDGE_CURVE('',#16294,#16270,#16304,.T.);
#16304 = LINE('',#16305,#16306);
#16305 = CARTESIAN_POINT('',(-93.53029233313,3.991415072574,0.));
#16306 = VECTOR('',#16307,1.);
#16307 = DIRECTION('',(-0.767431642475,0.64113077771,0.));
#16308 = PLANE('',#16309);
#16309 = AXIS2_PLACEMENT_3D('',#16310,#16311,#16312);
#16310 = CARTESIAN_POINT('',(-93.75702953965,4.180836766321,0.));
#16311 = DIRECTION('',(0.64113077771,0.767431642475,0.));
#16312 = DIRECTION('',(0.767431642475,-0.64113077771,0.));
#16313 = ADVANCED_FACE('',(#16314),#16332,.F.);
#16314 = FACE_BOUND('',#16315,.T.);
#16315 = EDGE_LOOP('',(#16316,#16324,#16325,#16326));
#16316 = ORIENTED_EDGE('',*,*,#16317,.T.);
#16317 = EDGE_CURVE('',#16318,#6890,#16320,.T.);
#16318 = VERTEX_POINT('',#16319);
#16319 = CARTESIAN_POINT('',(-93.14601243763,3.422911712942,0.));
#16320 = LINE('',#16321,#16322);
#16321 = CARTESIAN_POINT('',(-93.14601243763,3.422911712942,0.));
#16322 = VECTOR('',#16323,1.);
#16323 = DIRECTION('',(0.,0.,1.));
#16324 = ORIENTED_EDGE('',*,*,#6897,.T.);
#16325 = ORIENTED_EDGE('',*,*,#16293,.F.);
#16326 = ORIENTED_EDGE('',*,*,#16327,.F.);
#16327 = EDGE_CURVE('',#16318,#16294,#16328,.T.);
#16328 = LINE('',#16329,#16330);
#16329 = CARTESIAN_POINT('',(-92.96055948533,3.192869970564,0.));
#16330 = VECTOR('',#16331,1.);
#16331 = DIRECTION('',(-0.627620009812,0.778519828446,0.));
#16332 = PLANE('',#16333);
#16333 = AXIS2_PLACEMENT_3D('',#16334,#16335,#16336);
#16334 = CARTESIAN_POINT('',(-93.14601243763,3.422911712942,0.));
#16335 = DIRECTION('',(0.778519828446,0.627620009812,0.));
#16336 = DIRECTION('',(0.627620009812,-0.778519828446,0.));
#16337 = ADVANCED_FACE('',(#16338),#16356,.F.);
#16338 = FACE_BOUND('',#16339,.T.);
#16339 = EDGE_LOOP('',(#16340,#16348,#16349,#16350));
#16340 = ORIENTED_EDGE('',*,*,#16341,.T.);
#16341 = EDGE_CURVE('',#16342,#6882,#16344,.T.);
#16342 = VERTEX_POINT('',#16343);
#16343 = CARTESIAN_POINT('',(-92.69459941532,2.56032950641,0.));
#16344 = LINE('',#16345,#16346);
#16345 = CARTESIAN_POINT('',(-92.69459941532,2.56032950641,0.));
#16346 = VECTOR('',#16347,1.);
#16347 = DIRECTION('',(0.,0.,1.));
#16348 = ORIENTED_EDGE('',*,*,#6889,.T.);
#16349 = ORIENTED_EDGE('',*,*,#16317,.F.);
#16350 = ORIENTED_EDGE('',*,*,#16351,.F.);
#16351 = EDGE_CURVE('',#16342,#16318,#16352,.T.);
#16352 = LINE('',#16353,#16354);
#16353 = CARTESIAN_POINT('',(-92.55762100069,2.298584414229,0.));
#16354 = VECTOR('',#16355,1.);
#16355 = DIRECTION('',(-0.463671861924,0.886007000232,0.));
#16356 = PLANE('',#16357);
#16357 = AXIS2_PLACEMENT_3D('',#16358,#16359,#16360);
#16358 = CARTESIAN_POINT('',(-92.69459941532,2.56032950641,0.));
#16359 = DIRECTION('',(0.886007000232,0.463671861924,0.));
#16360 = DIRECTION('',(0.463671861924,-0.886007000232,0.));
#16361 = ADVANCED_FACE('',(#16362),#16380,.F.);
#16362 = FACE_BOUND('',#16363,.T.);
#16363 = EDGE_LOOP('',(#16364,#16372,#16373,#16374));
#16364 = ORIENTED_EDGE('',*,*,#16365,.T.);
#16365 = EDGE_CURVE('',#16366,#6874,#16368,.T.);
#16366 = VERTEX_POINT('',#16367);
#16367 = CARTESIAN_POINT('',(-92.42009629882,1.626222347212,0.));
#16368 = LINE('',#16369,#16370);
#16369 = CARTESIAN_POINT('',(-92.42009629882,1.626222347212,0.));
#16370 = VECTOR('',#16371,1.);
#16371 = DIRECTION('',(0.,0.,1.));
#16372 = ORIENTED_EDGE('',*,*,#6881,.T.);
#16373 = ORIENTED_EDGE('',*,*,#16341,.F.);
#16374 = ORIENTED_EDGE('',*,*,#16375,.F.);
#16375 = EDGE_CURVE('',#16366,#16342,#16376,.T.);
#16376 = LINE('',#16377,#16378);
#16377 = CARTESIAN_POINT('',(-92.33679184787,1.342745478077,0.));
#16378 = VECTOR('',#16379,1.);
#16379 = DIRECTION('',(-0.281944840641,0.959430615957,0.));
#16380 = PLANE('',#16381);
#16381 = AXIS2_PLACEMENT_3D('',#16382,#16383,#16384);
#16382 = CARTESIAN_POINT('',(-92.42009629882,1.626222347212,0.));
#16383 = DIRECTION('',(0.959430615957,0.281944840641,0.));
#16384 = DIRECTION('',(0.281944840641,-0.959430615957,0.));
#16385 = ADVANCED_FACE('',(#16386),#16404,.F.);
#16386 = FACE_BOUND('',#16387,.T.);
#16387 = EDGE_LOOP('',(#16388,#16396,#16397,#16398));
#16388 = ORIENTED_EDGE('',*,*,#16389,.T.);
#16389 = EDGE_CURVE('',#16390,#6866,#16392,.T.);
#16390 = VERTEX_POINT('',#16391);
#16391 = CARTESIAN_POINT('',(-92.3331120556,0.656688381338,0.));
#16392 = LINE('',#16393,#16394);
#16393 = CARTESIAN_POINT('',(-92.3331120556,0.656688381338,0.));
#16394 = VECTOR('',#16395,1.);
#16395 = DIRECTION('',(0.,0.,1.));
#16396 = ORIENTED_EDGE('',*,*,#6873,.T.);
#16397 = ORIENTED_EDGE('',*,*,#16365,.F.);
#16398 = ORIENTED_EDGE('',*,*,#16399,.F.);
#16399 = EDGE_CURVE('',#16390,#16366,#16400,.T.);
#16400 = LINE('',#16401,#16402);
#16401 = CARTESIAN_POINT('',(-92.30669853681,0.36228099583,0.));
#16402 = VECTOR('',#16403,1.);
#16403 = DIRECTION('',(-8.935866805676E-02,0.995999512271,0.));
#16404 = PLANE('',#16405);
#16405 = AXIS2_PLACEMENT_3D('',#16406,#16407,#16408);
#16406 = CARTESIAN_POINT('',(-92.3331120556,0.656688381338,0.));
#16407 = DIRECTION('',(0.995999512271,8.935866805676E-02,0.));
#16408 = DIRECTION('',(8.935866805676E-02,-0.995999512271,0.));
#16409 = ADVANCED_FACE('',(#16410),#16428,.F.);
#16410 = FACE_BOUND('',#16411,.T.);
#16411 = EDGE_LOOP('',(#16412,#16420,#16421,#16422));
#16412 = ORIENTED_EDGE('',*,*,#16413,.T.);
#16413 = EDGE_CURVE('',#16414,#6858,#16416,.T.);
#16414 = VERTEX_POINT('',#16415);
#16415 = CARTESIAN_POINT('',(-92.43702623737,-0.311237998577,0.));
#16416 = LINE('',#16417,#16418);
#16417 = CARTESIAN_POINT('',(-92.43702623737,-0.311237998577,0.));
#16418 = VECTOR('',#16419,1.);
#16419 = DIRECTION('',(0.,0.,1.));
#16420 = ORIENTED_EDGE('',*,*,#6865,.T.);
#16421 = ORIENTED_EDGE('',*,*,#16389,.F.);
#16422 = ORIENTED_EDGE('',*,*,#16423,.F.);
#16423 = EDGE_CURVE('',#16414,#16390,#16424,.T.);
#16424 = LINE('',#16425,#16426);
#16425 = CARTESIAN_POINT('',(-92.46855956666,-0.604960575692,0.));
#16426 = VECTOR('',#16427,1.);
#16427 = DIRECTION('',(0.106744141436,0.99428652222,0.));
#16428 = PLANE('',#16429);
#16429 = AXIS2_PLACEMENT_3D('',#16430,#16431,#16432);
#16430 = CARTESIAN_POINT('',(-92.43702623737,-0.311237998577,0.));
#16431 = DIRECTION('',(0.99428652222,-0.106744141436,0.));
#16432 = DIRECTION('',(-0.106744141436,-0.99428652222,0.));
#16433 = ADVANCED_FACE('',(#16434),#16452,.F.);
#16434 = FACE_BOUND('',#16435,.T.);
#16435 = EDGE_LOOP('',(#16436,#16444,#16445,#16446));
#16436 = ORIENTED_EDGE('',*,*,#16437,.T.);
#16437 = EDGE_CURVE('',#16438,#6850,#16440,.T.);
#16438 = VERTEX_POINT('',#16439);
#16439 = CARTESIAN_POINT('',(-92.72777399311,-1.240421649818,0.));
#16440 = LINE('',#16441,#16442);
#16441 = CARTESIAN_POINT('',(-92.72777399311,-1.240421649818,0.));
#16442 = VECTOR('',#16443,1.);
#16443 = DIRECTION('',(0.,0.,1.));
#16444 = ORIENTED_EDGE('',*,*,#6857,.T.);
#16445 = ORIENTED_EDGE('',*,*,#16413,.F.);
#16446 = ORIENTED_EDGE('',*,*,#16447,.F.);
#16447 = EDGE_CURVE('',#16438,#16414,#16448,.T.);
#16448 = LINE('',#16449,#16450);
#16449 = CARTESIAN_POINT('',(-92.81600825847,-1.522404348661,0.));
#16450 = VECTOR('',#16451,1.);
#16451 = DIRECTION('',(0.298628550446,0.95436941949,0.));
#16452 = PLANE('',#16453);
#16453 = AXIS2_PLACEMENT_3D('',#16454,#16455,#16456);
#16454 = CARTESIAN_POINT('',(-92.72777399311,-1.240421649818,0.));
#16455 = DIRECTION('',(0.95436941949,-0.298628550446,0.));
#16456 = DIRECTION('',(-0.298628550446,-0.95436941949,0.));
#16457 = ADVANCED_FACE('',(#16458),#16476,.F.);
#16458 = FACE_BOUND('',#16459,.T.);
#16459 = EDGE_LOOP('',(#16460,#16468,#16469,#16470));
#16460 = ORIENTED_EDGE('',*,*,#16461,.T.);
#16461 = EDGE_CURVE('',#16462,#6842,#16464,.T.);
#16462 = VERTEX_POINT('',#16463);
#16463 = CARTESIAN_POINT('',(-93.19417286185,-2.094973898634,0.));
#16464 = LINE('',#16465,#16466);
#16465 = CARTESIAN_POINT('',(-93.19417286185,-2.094973898634,0.));
#16466 = VECTOR('',#16467,1.);
#16467 = DIRECTION('',(0.,0.,1.));
#16468 = ORIENTED_EDGE('',*,*,#6849,.T.);
#16469 = ORIENTED_EDGE('',*,*,#16437,.F.);
#16470 = ORIENTED_EDGE('',*,*,#16471,.F.);
#16471 = EDGE_CURVE('',#16462,#16438,#16472,.T.);
#16472 = LINE('',#16473,#16474);
#16473 = CARTESIAN_POINT('',(-93.3357246171,-2.35432995389,0.));
#16474 = VECTOR('',#16475,1.);
#16475 = DIRECTION('',(0.479073348703,0.877774872369,0.));
#16476 = PLANE('',#16477);
#16477 = AXIS2_PLACEMENT_3D('',#16478,#16479,#16480);
#16478 = CARTESIAN_POINT('',(-93.19417286185,-2.094973898634,0.));
#16479 = DIRECTION('',(0.877774872369,-0.479073348703,0.));
#16480 = DIRECTION('',(-0.479073348703,-0.877774872369,0.));
#16481 = ADVANCED_FACE('',(#16482),#16500,.F.);
#16482 = FACE_BOUND('',#16483,.T.);
#16483 = EDGE_LOOP('',(#16484,#16492,#16493,#16494));
#16484 = ORIENTED_EDGE('',*,*,#16485,.T.);
#16485 = EDGE_CURVE('',#16486,#6834,#16488,.T.);
#16486 = VERTEX_POINT('',#16487);
#16487 = CARTESIAN_POINT('',(-93.81833434176,-2.842131905463,0.));
#16488 = LINE('',#16489,#16490);
#16489 = CARTESIAN_POINT('',(-93.81833434176,-2.842131905463,0.));
#16490 = VECTOR('',#16491,1.);
#16491 = DIRECTION('',(0.,0.,1.));
#16492 = ORIENTED_EDGE('',*,*,#6841,.T.);
#16493 = ORIENTED_EDGE('',*,*,#16461,.F.);
#16494 = ORIENTED_EDGE('',*,*,#16495,.F.);
#16495 = EDGE_CURVE('',#16486,#16462,#16496,.T.);
#16496 = LINE('',#16497,#16498);
#16497 = CARTESIAN_POINT('',(-94.0077437726,-3.068866135909,0.));
#16498 = VECTOR('',#16499,1.);
#16499 = DIRECTION('',(0.64111128803,0.767447924201,0.));
#16500 = PLANE('',#16501);
#16501 = AXIS2_PLACEMENT_3D('',#16502,#16503,#16504);
#16502 = CARTESIAN_POINT('',(-93.81833434176,-2.842131905463,0.));
#16503 = DIRECTION('',(0.767447924201,-0.64111128803,0.));
#16504 = DIRECTION('',(-0.64111128803,-0.767447924201,0.));
#16505 = ADVANCED_FACE('',(#16506),#16524,.F.);
#16506 = FACE_BOUND('',#16507,.T.);
#16507 = EDGE_LOOP('',(#16508,#16516,#16517,#16518));
#16508 = ORIENTED_EDGE('',*,*,#16509,.T.);
#16509 = EDGE_CURVE('',#16510,#6826,#16512,.T.);
#16510 = VERTEX_POINT('',#16511);
#16511 = CARTESIAN_POINT('',(-94.57616928865,-3.45311649726,0.));
#16512 = LINE('',#16513,#16514);
#16513 = CARTESIAN_POINT('',(-94.57616928865,-3.45311649726,0.));
#16514 = VECTOR('',#16515,1.);
#16515 = DIRECTION('',(0.,0.,1.));
#16516 = ORIENTED_EDGE('',*,*,#6833,.T.);
#16517 = ORIENTED_EDGE('',*,*,#16485,.F.);
#16518 = ORIENTED_EDGE('',*,*,#16519,.F.);
#16519 = EDGE_CURVE('',#16510,#16486,#16520,.T.);
#16520 = LINE('',#16521,#16522);
#16521 = CARTESIAN_POINT('',(-94.80623498759,-3.638600945729,0.));
#16522 = VECTOR('',#16523,1.);
#16523 = DIRECTION('',(0.778499684757,0.627644995864,0.));
#16524 = PLANE('',#16525);
#16525 = AXIS2_PLACEMENT_3D('',#16526,#16527,#16528);
#16526 = CARTESIAN_POINT('',(-94.57616928865,-3.45311649726,0.));
#16527 = DIRECTION('',(0.627644995864,-0.778499684757,0.));
#16528 = DIRECTION('',(-0.778499684757,-0.627644995864,0.));
#16529 = ADVANCED_FACE('',(#16530),#16548,.F.);
#16530 = FACE_BOUND('',#16531,.T.);
#16531 = EDGE_LOOP('',(#16532,#16540,#16541,#16542));
#16532 = ORIENTED_EDGE('',*,*,#16533,.T.);
#16533 = EDGE_CURVE('',#16534,#6818,#16536,.T.);
#16534 = VERTEX_POINT('',#16535);
#16535 = CARTESIAN_POINT('',(-95.7448596185,-4.064734347293,0.));
#16536 = LINE('',#16537,#16538);
#16537 = CARTESIAN_POINT('',(-95.7448596185,-4.064734347293,0.));
#16538 = VECTOR('',#16539,1.);
#16539 = DIRECTION('',(0.,0.,1.));
#16540 = ORIENTED_EDGE('',*,*,#6825,.T.);
#16541 = ORIENTED_EDGE('',*,*,#16509,.F.);
#16542 = ORIENTED_EDGE('',*,*,#16543,.F.);
#16543 = EDGE_CURVE('',#16534,#16510,#16544,.T.);
#16544 = LINE('',#16545,#16546);
#16545 = CARTESIAN_POINT('',(-95.87543347035,-4.133068358874,0.));
#16546 = VECTOR('',#16547,1.);
#16547 = DIRECTION('',(0.886003880375,0.463677823451,0.));
#16548 = PLANE('',#16549);
#16549 = AXIS2_PLACEMENT_3D('',#16550,#16551,#16552);
#16550 = CARTESIAN_POINT('',(-95.7448596185,-4.064734347293,0.));
#16551 = DIRECTION('',(0.463677823451,-0.886003880375,0.));
#16552 = DIRECTION('',(-0.886003880375,-0.463677823451,0.));
#16553 = ADVANCED_FACE('',(#16554),#16572,.F.);
#16554 = FACE_BOUND('',#16555,.T.);
#16555 = EDGE_LOOP('',(#16556,#16564,#16565,#16566));
#16556 = ORIENTED_EDGE('',*,*,#16557,.T.);
#16557 = EDGE_CURVE('',#16558,#6809,#16560,.T.);
#16558 = VERTEX_POINT('',#16559);
#16559 = CARTESIAN_POINT('',(-109.5908168549,-9.658847254422,0.));
#16560 = LINE('',#16561,#16562);
#16561 = CARTESIAN_POINT('',(-109.5908168549,-9.658847254422,0.));
#16562 = VECTOR('',#16563,1.);
#16563 = DIRECTION('',(0.,0.,1.));
#16564 = ORIENTED_EDGE('',*,*,#6817,.T.);
#16565 = ORIENTED_EDGE('',*,*,#16533,.F.);
#16566 = ORIENTED_EDGE('',*,*,#16567,.F.);
#16567 = EDGE_CURVE('',#16558,#16534,#16568,.T.);
#16568 = LINE('',#16569,#16570);
#16569 = CARTESIAN_POINT('',(-109.5908168549,-9.658847254422,0.));
#16570 = VECTOR('',#16571,1.);
#16571 = DIRECTION('',(0.927184248526,0.374605618332,0.));
#16572 = PLANE('',#16573);
#16573 = AXIS2_PLACEMENT_3D('',#16574,#16575,#16576);
#16574 = CARTESIAN_POINT('',(-109.5908168549,-9.658847254422,0.));
#16575 = DIRECTION('',(0.374605618332,-0.927184248526,0.));
#16576 = DIRECTION('',(-0.927184248526,-0.374605618332,0.));
#16577 = ADVANCED_FACE('',(#16578),#16597,.T.);
#16578 = FACE_BOUND('',#16579,.F.);
#16579 = EDGE_LOOP('',(#16580,#16581,#16582,#16590));
#16580 = ORIENTED_EDGE('',*,*,#16557,.T.);
#16581 = ORIENTED_EDGE('',*,*,#6808,.T.);
#16582 = ORIENTED_EDGE('',*,*,#16583,.F.);
#16583 = EDGE_CURVE('',#16584,#6801,#16586,.T.);
#16584 = VERTEX_POINT('',#16585);
#16585 = CARTESIAN_POINT('',(-109.7266475322,-9.717664593363,0.));
#16586 = LINE('',#16587,#16588);
#16587 = CARTESIAN_POINT('',(-109.7266475322,-9.717664593363,0.));
#16588 = VECTOR('',#16589,1.);
#16589 = DIRECTION('',(0.,0.,1.));
#16590 = ORIENTED_EDGE('',*,*,#16591,.F.);
#16591 = EDGE_CURVE('',#16558,#16584,#16592,.T.);
#16592 = CIRCLE('',#16593,3.);
#16593 = AXIS2_PLACEMENT_3D('',#16594,#16595,#16596);
#16594 = CARTESIAN_POINT('',(-108.467,-12.4404,0.));
#16595 = DIRECTION('',(0.,-0.,1.));
#16596 = DIRECTION('',(0.927184248526,0.374605618332,0.));
#16597 = CYLINDRICAL_SURFACE('',#16598,3.);
#16598 = AXIS2_PLACEMENT_3D('',#16599,#16600,#16601);
#16599 = CARTESIAN_POINT('',(-108.467,-12.4404,0.));
#16600 = DIRECTION('',(-0.,-0.,-1.));
#16601 = DIRECTION('',(0.927184248526,0.374605618332,0.));
#16602 = ADVANCED_FACE('',(#16603),#16621,.F.);
#16603 = FACE_BOUND('',#16604,.T.);
#16604 = EDGE_LOOP('',(#16605,#16613,#16614,#16615));
#16605 = ORIENTED_EDGE('',*,*,#16606,.T.);
#16606 = EDGE_CURVE('',#16607,#6792,#16609,.T.);
#16607 = VERTEX_POINT('',#16608);
#16608 = CARTESIAN_POINT('',(-110.0826475322,-9.882364593363,0.));
#16609 = LINE('',#16610,#16611);
#16610 = CARTESIAN_POINT('',(-110.0826475322,-9.882364593363,0.));
#16611 = VECTOR('',#16612,1.);
#16612 = DIRECTION('',(0.,0.,1.));
#16613 = ORIENTED_EDGE('',*,*,#6800,.T.);
#16614 = ORIENTED_EDGE('',*,*,#16583,.F.);
#16615 = ORIENTED_EDGE('',*,*,#16616,.F.);
#16616 = EDGE_CURVE('',#16607,#16584,#16617,.T.);
#16617 = LINE('',#16618,#16619);
#16618 = CARTESIAN_POINT('',(-110.0826475322,-9.882364593363,0.));
#16619 = VECTOR('',#16620,1.);
#16620 = DIRECTION('',(0.907578468879,0.419882510743,0.));
#16621 = PLANE('',#16622);
#16622 = AXIS2_PLACEMENT_3D('',#16623,#16624,#16625);
#16623 = CARTESIAN_POINT('',(-110.0826475322,-9.882364593363,0.));
#16624 = DIRECTION('',(0.419882510743,-0.907578468879,0.));
#16625 = DIRECTION('',(-0.907578468879,-0.419882510743,0.));
#16626 = ADVANCED_FACE('',(#16627),#16646,.T.);
#16627 = FACE_BOUND('',#16628,.F.);
#16628 = EDGE_LOOP('',(#16629,#16630,#16631,#16639));
#16629 = ORIENTED_EDGE('',*,*,#16606,.T.);
#16630 = ORIENTED_EDGE('',*,*,#6791,.T.);
#16631 = ORIENTED_EDGE('',*,*,#16632,.F.);
#16632 = EDGE_CURVE('',#16633,#6784,#16635,.T.);
#16633 = VERTEX_POINT('',#16634);
#16634 = CARTESIAN_POINT('',(-110.2129793132,-9.946536946648,0.));
#16635 = LINE('',#16636,#16637);
#16636 = CARTESIAN_POINT('',(-110.2129793132,-9.946536946648,0.));
#16637 = VECTOR('',#16638,1.);
#16638 = DIRECTION('',(0.,0.,1.));
#16639 = ORIENTED_EDGE('',*,*,#16640,.F.);
#16640 = EDGE_CURVE('',#16607,#16633,#16641,.T.);
#16641 = CIRCLE('',#16642,3.);
#16642 = AXIS2_PLACEMENT_3D('',#16643,#16644,#16645);
#16643 = CARTESIAN_POINT('',(-108.823,-12.6051,0.));
#16644 = DIRECTION('',(0.,-0.,1.));
#16645 = DIRECTION('',(0.907578468879,0.419882510743,0.));
#16646 = CYLINDRICAL_SURFACE('',#16647,3.);
#16647 = AXIS2_PLACEMENT_3D('',#16648,#16649,#16650);
#16648 = CARTESIAN_POINT('',(-108.823,-12.6051,0.));
#16649 = DIRECTION('',(-0.,-0.,-1.));
#16650 = DIRECTION('',(0.907578468879,0.419882510743,0.));
#16651 = ADVANCED_FACE('',(#16652),#16670,.F.);
#16652 = FACE_BOUND('',#16653,.T.);
#16653 = EDGE_LOOP('',(#16654,#16662,#16663,#16664));
#16654 = ORIENTED_EDGE('',*,*,#16655,.T.);
#16655 = EDGE_CURVE('',#16656,#6776,#16658,.T.);
#16656 = VERTEX_POINT('',#16657);
#16657 = CARTESIAN_POINT('',(-110.3798434436,-10.03377869515,0.));
#16658 = LINE('',#16659,#16660);
#16659 = CARTESIAN_POINT('',(-110.3798434436,-10.03377869515,0.));
#16660 = VECTOR('',#16661,1.);
#16661 = DIRECTION('',(0.,0.,1.));
#16662 = ORIENTED_EDGE('',*,*,#6783,.T.);
#16663 = ORIENTED_EDGE('',*,*,#16632,.F.);
#16664 = ORIENTED_EDGE('',*,*,#16665,.F.);
#16665 = EDGE_CURVE('',#16656,#16633,#16666,.T.);
#16666 = LINE('',#16667,#16668);
#16667 = CARTESIAN_POINT('',(-110.4319793132,-10.06103694664,0.));
#16668 = VECTOR('',#16669,1.);
#16669 = DIRECTION('',(0.886187684451,0.463326437761,0.));
#16670 = PLANE('',#16671);
#16671 = AXIS2_PLACEMENT_3D('',#16672,#16673,#16674);
#16672 = CARTESIAN_POINT('',(-110.3798434436,-10.03377869515,0.));
#16673 = DIRECTION('',(0.463326437761,-0.886187684451,0.));
#16674 = DIRECTION('',(-0.886187684451,-0.463326437761,0.));
#16675 = ADVANCED_FACE('',(#16676),#16694,.F.);
#16676 = FACE_BOUND('',#16677,.T.);
#16677 = EDGE_LOOP('',(#16678,#16686,#16687,#16688));
#16678 = ORIENTED_EDGE('',*,*,#16679,.T.);
#16679 = EDGE_CURVE('',#16680,#6767,#16682,.T.);
#16680 = VERTEX_POINT('',#16681);
#16681 = CARTESIAN_POINT('',(-110.5486789713,-10.11378544072,0.));
#16682 = LINE('',#16683,#16684);
#16683 = CARTESIAN_POINT('',(-110.5486789713,-10.11378544072,0.));
#16684 = VECTOR('',#16685,1.);
#16685 = DIRECTION('',(0.,0.,1.));
#16686 = ORIENTED_EDGE('',*,*,#6775,.T.);
#16687 = ORIENTED_EDGE('',*,*,#16655,.F.);
#16688 = ORIENTED_EDGE('',*,*,#16689,.F.);
#16689 = EDGE_CURVE('',#16680,#16656,#16690,.T.);
#16690 = LINE('',#16691,#16692);
#16691 = CARTESIAN_POINT('',(-110.5486789713,-10.11378544072,0.));
#16692 = VECTOR('',#16693,1.);
#16693 = DIRECTION('',(0.903671519759,0.428226323778,0.));
#16694 = PLANE('',#16695);
#16695 = AXIS2_PLACEMENT_3D('',#16696,#16697,#16698);
#16696 = CARTESIAN_POINT('',(-110.5486789713,-10.11378544072,0.));
#16697 = DIRECTION('',(0.428226323778,-0.903671519759,0.));
#16698 = DIRECTION('',(-0.903671519759,-0.428226323778,0.));
#16699 = ADVANCED_FACE('',(#16700),#16719,.T.);
#16700 = FACE_BOUND('',#16701,.F.);
#16701 = EDGE_LOOP('',(#16702,#16703,#16704,#16712));
#16702 = ORIENTED_EDGE('',*,*,#16679,.T.);
#16703 = ORIENTED_EDGE('',*,*,#6766,.T.);
#16704 = ORIENTED_EDGE('',*,*,#16705,.F.);
#16705 = EDGE_CURVE('',#16706,#6759,#16708,.T.);
#16706 = VERTEX_POINT('',#16707);
#16707 = CARTESIAN_POINT('',(-110.6907048766,-10.1857635859,0.));
#16708 = LINE('',#16709,#16710);
#16709 = CARTESIAN_POINT('',(-110.6907048766,-10.1857635859,0.));
#16710 = VECTOR('',#16711,1.);
#16711 = DIRECTION('',(0.,0.,1.));
#16712 = ORIENTED_EDGE('',*,*,#16713,.F.);
#16713 = EDGE_CURVE('',#16680,#16706,#16714,.T.);
#16714 = CIRCLE('',#16715,3.);
#16715 = AXIS2_PLACEMENT_3D('',#16716,#16717,#16718);
#16716 = CARTESIAN_POINT('',(-109.264,-12.8248,0.));
#16717 = DIRECTION('',(0.,-0.,1.));
#16718 = DIRECTION('',(0.903671519759,0.428226323778,0.));
#16719 = CYLINDRICAL_SURFACE('',#16720,3.);
#16720 = AXIS2_PLACEMENT_3D('',#16721,#16722,#16723);
#16721 = CARTESIAN_POINT('',(-109.264,-12.8248,0.));
#16722 = DIRECTION('',(-0.,-0.,-1.));
#16723 = DIRECTION('',(0.903671519759,0.428226323778,0.));
#16724 = ADVANCED_FACE('',(#16725),#16743,.F.);
#16725 = FACE_BOUND('',#16726,.T.);
#16726 = EDGE_LOOP('',(#16727,#16735,#16736,#16737));
#16727 = ORIENTED_EDGE('',*,*,#16728,.T.);
#16728 = EDGE_CURVE('',#16729,#6750,#16731,.T.);
#16729 = VERTEX_POINT('',#16730);
#16730 = CARTESIAN_POINT('',(-111.3727048766,-10.5544635859,0.));
#16731 = LINE('',#16732,#16733);
#16732 = CARTESIAN_POINT('',(-111.3727048766,-10.5544635859,0.));
#16733 = VECTOR('',#16734,1.);
#16734 = DIRECTION('',(0.,0.,1.));
#16735 = ORIENTED_EDGE('',*,*,#6758,.T.);
#16736 = ORIENTED_EDGE('',*,*,#16705,.F.);
#16737 = ORIENTED_EDGE('',*,*,#16738,.F.);
#16738 = EDGE_CURVE('',#16729,#16706,#16739,.T.);
#16739 = LINE('',#16740,#16741);
#16740 = CARTESIAN_POINT('',(-111.3727048766,-10.5544635859,0.));
#16741 = VECTOR('',#16742,1.);
#16742 = DIRECTION('',(0.879678804699,0.475568292218,0.));
#16743 = PLANE('',#16744);
#16744 = AXIS2_PLACEMENT_3D('',#16745,#16746,#16747);
#16745 = CARTESIAN_POINT('',(-111.3727048766,-10.5544635859,0.));
#16746 = DIRECTION('',(0.475568292218,-0.879678804699,0.));
#16747 = DIRECTION('',(-0.879678804699,-0.475568292218,0.));
#16748 = ADVANCED_FACE('',(#16749),#16768,.T.);
#16749 = FACE_BOUND('',#16750,.F.);
#16750 = EDGE_LOOP('',(#16751,#16752,#16753,#16761));
#16751 = ORIENTED_EDGE('',*,*,#16728,.T.);
#16752 = ORIENTED_EDGE('',*,*,#6749,.T.);
#16753 = ORIENTED_EDGE('',*,*,#16754,.F.);
#16754 = EDGE_CURVE('',#16755,#6742,#16757,.T.);
#16755 = VERTEX_POINT('',#16756);
#16756 = CARTESIAN_POINT('',(-111.4984661851,-10.62642993006,0.));
#16757 = LINE('',#16758,#16759);
#16758 = CARTESIAN_POINT('',(-111.4984661851,-10.62642993006,0.));
#16759 = VECTOR('',#16760,1.);
#16760 = DIRECTION('',(0.,0.,1.));
#16761 = ORIENTED_EDGE('',*,*,#16762,.F.);
#16762 = EDGE_CURVE('',#16729,#16755,#16763,.T.);
#16763 = CIRCLE('',#16764,3.);
#16764 = AXIS2_PLACEMENT_3D('',#16765,#16766,#16767);
#16765 = CARTESIAN_POINT('',(-109.946,-13.1935,0.));
#16766 = DIRECTION('',(0.,-0.,1.));
#16767 = DIRECTION('',(0.879678804699,0.475568292218,0.));
#16768 = CYLINDRICAL_SURFACE('',#16769,3.);
#16769 = AXIS2_PLACEMENT_3D('',#16770,#16771,#16772);
#16770 = CARTESIAN_POINT('',(-109.946,-13.1935,0.));
#16771 = DIRECTION('',(-0.,-0.,-1.));
#16772 = DIRECTION('',(0.879678804699,0.475568292218,0.));
#16773 = ADVANCED_FACE('',(#16774),#16792,.F.);
#16774 = FACE_BOUND('',#16775,.T.);
#16775 = EDGE_LOOP('',(#16776,#16784,#16785,#16786));
#16776 = ORIENTED_EDGE('',*,*,#16777,.T.);
#16777 = EDGE_CURVE('',#16778,#6733,#16780,.T.);
#16778 = VERTEX_POINT('',#16779);
#16779 = CARTESIAN_POINT('',(-111.8344661851,-10.82962993006,0.));
#16780 = LINE('',#16781,#16782);
#16781 = CARTESIAN_POINT('',(-111.8344661851,-10.82962993006,0.));
#16782 = VECTOR('',#16783,1.);
#16783 = DIRECTION('',(0.,0.,1.));
#16784 = ORIENTED_EDGE('',*,*,#6741,.T.);
#16785 = ORIENTED_EDGE('',*,*,#16754,.F.);
#16786 = ORIENTED_EDGE('',*,*,#16787,.F.);
#16787 = EDGE_CURVE('',#16778,#16755,#16788,.T.);
#16788 = LINE('',#16789,#16790);
#16789 = CARTESIAN_POINT('',(-111.8344661851,-10.82962993006,0.));
#16790 = VECTOR('',#16791,1.);
#16791 = DIRECTION('',(0.855690023312,0.517488728384,0.));
#16792 = PLANE('',#16793);
#16793 = AXIS2_PLACEMENT_3D('',#16794,#16795,#16796);
#16794 = CARTESIAN_POINT('',(-111.8344661851,-10.82962993006,0.));
#16795 = DIRECTION('',(0.517488728384,-0.855690023312,0.));
#16796 = DIRECTION('',(-0.855690023312,-0.517488728384,0.));
#16797 = ADVANCED_FACE('',(#16798),#16817,.T.);
#16798 = FACE_BOUND('',#16799,.F.);
#16799 = EDGE_LOOP('',(#16800,#16801,#16802,#16810));
#16800 = ORIENTED_EDGE('',*,*,#16777,.T.);
#16801 = ORIENTED_EDGE('',*,*,#6732,.T.);
#16802 = ORIENTED_EDGE('',*,*,#16803,.F.);
#16803 = EDGE_CURVE('',#16804,#6725,#16806,.T.);
#16804 = VERTEX_POINT('',#16805);
#16805 = CARTESIAN_POINT('',(-111.9595796608,-10.90958792339,0.));
#16806 = LINE('',#16807,#16808);
#16807 = CARTESIAN_POINT('',(-111.9595796608,-10.90958792339,0.));
#16808 = VECTOR('',#16809,1.);
#16809 = DIRECTION('',(0.,0.,1.));
#16810 = ORIENTED_EDGE('',*,*,#16811,.F.);
#16811 = EDGE_CURVE('',#16778,#16804,#16812,.T.);
#16812 = CIRCLE('',#16813,3.);
#16813 = AXIS2_PLACEMENT_3D('',#16814,#16815,#16816);
#16814 = CARTESIAN_POINT('',(-110.282,-13.3967,0.));
#16815 = DIRECTION('',(0.,-0.,1.));
#16816 = DIRECTION('',(0.855690023312,0.517488728384,0.));
#16817 = CYLINDRICAL_SURFACE('',#16818,3.);
#16818 = AXIS2_PLACEMENT_3D('',#16819,#16820,#16821);
#16819 = CARTESIAN_POINT('',(-110.282,-13.3967,0.));
#16820 = DIRECTION('',(-0.,-0.,-1.));
#16821 = DIRECTION('',(0.855690023312,0.517488728384,0.));
#16822 = ADVANCED_FACE('',(#16823),#16841,.F.);
#16823 = FACE_BOUND('',#16824,.T.);
#16824 = EDGE_LOOP('',(#16825,#16833,#16834,#16835));
#16825 = ORIENTED_EDGE('',*,*,#16826,.T.);
#16826 = EDGE_CURVE('',#16827,#6716,#16829,.T.);
#16827 = VERTEX_POINT('',#16828);
#16828 = CARTESIAN_POINT('',(-128.0515796608,-21.76378792339,0.));
#16829 = LINE('',#16830,#16831);
#16830 = CARTESIAN_POINT('',(-128.0515796608,-21.76378792339,0.));
#16831 = VECTOR('',#16832,1.);
#16832 = DIRECTION('',(0.,0.,1.));
#16833 = ORIENTED_EDGE('',*,*,#6724,.T.);
#16834 = ORIENTED_EDGE('',*,*,#16803,.F.);
#16835 = ORIENTED_EDGE('',*,*,#16836,.F.);
#16836 = EDGE_CURVE('',#16827,#16804,#16837,.T.);
#16837 = LINE('',#16838,#16839);
#16838 = CARTESIAN_POINT('',(-128.0515796608,-21.76378792339,0.));
#16839 = VECTOR('',#16840,1.);
#16840 = DIRECTION('',(0.829037358869,0.559193220273,0.));
#16841 = PLANE('',#16842);
#16842 = AXIS2_PLACEMENT_3D('',#16843,#16844,#16845);
#16843 = CARTESIAN_POINT('',(-128.0515796608,-21.76378792339,0.));
#16844 = DIRECTION('',(0.559193220273,-0.829037358869,0.));
#16845 = DIRECTION('',(-0.829037358869,-0.559193220273,0.));
#16846 = ADVANCED_FACE('',(#16847),#16866,.T.);
#16847 = FACE_BOUND('',#16848,.F.);
#16848 = EDGE_LOOP('',(#16849,#16850,#16851,#16859));
#16849 = ORIENTED_EDGE('',*,*,#16826,.T.);
#16850 = ORIENTED_EDGE('',*,*,#6715,.T.);
#16851 = ORIENTED_EDGE('',*,*,#16852,.F.);
#16852 = EDGE_CURVE('',#16853,#6708,#16855,.T.);
#16853 = VERTEX_POINT('',#16854);
#16854 = CARTESIAN_POINT('',(-128.2872433346,-21.94016419891,0.));
#16855 = LINE('',#16856,#16857);
#16856 = CARTESIAN_POINT('',(-128.2872433346,-21.94016419891,0.));
#16857 = VECTOR('',#16858,1.);
#16858 = DIRECTION('',(0.,0.,1.));
#16859 = ORIENTED_EDGE('',*,*,#16860,.F.);
#16860 = EDGE_CURVE('',#16827,#16853,#16861,.T.);
#16861 = CIRCLE('',#16862,3.);
#16862 = AXIS2_PLACEMENT_3D('',#16863,#16864,#16865);
#16863 = CARTESIAN_POINT('',(-126.374,-24.2509,0.));
#16864 = DIRECTION('',(0.,-0.,1.));
#16865 = DIRECTION('',(0.829037358869,0.559193220273,0.));
#16866 = CYLINDRICAL_SURFACE('',#16867,3.);
#16867 = AXIS2_PLACEMENT_3D('',#16868,#16869,#16870);
#16868 = CARTESIAN_POINT('',(-126.374,-24.2509,0.));
#16869 = DIRECTION('',(-0.,-0.,-1.));
#16870 = DIRECTION('',(0.829037358869,0.559193220273,0.));
#16871 = ADVANCED_FACE('',(#16872),#16890,.F.);
#16872 = FACE_BOUND('',#16873,.T.);
#16873 = EDGE_LOOP('',(#16874,#16882,#16883,#16884));
#16874 = ORIENTED_EDGE('',*,*,#16875,.T.);
#16875 = EDGE_CURVE('',#16876,#6699,#16878,.T.);
#16876 = VERTEX_POINT('',#16877);
#16877 = CARTESIAN_POINT('',(-128.8912433346,-22.44026419891,0.));
#16878 = LINE('',#16879,#16880);
#16879 = CARTESIAN_POINT('',(-128.8912433346,-22.44026419891,0.));
#16880 = VECTOR('',#16881,1.);
#16881 = DIRECTION('',(0.,0.,1.));
#16882 = ORIENTED_EDGE('',*,*,#6707,.T.);
#16883 = ORIENTED_EDGE('',*,*,#16852,.F.);
#16884 = ORIENTED_EDGE('',*,*,#16885,.F.);
#16885 = EDGE_CURVE('',#16876,#16853,#16886,.T.);
#16886 = LINE('',#16887,#16888);
#16887 = CARTESIAN_POINT('',(-128.8912433346,-22.44026419891,0.));
#16888 = VECTOR('',#16889,1.);
#16889 = DIRECTION('',(0.77024526703,0.637747778215,0.));
#16890 = PLANE('',#16891);
#16891 = AXIS2_PLACEMENT_3D('',#16892,#16893,#16894);
#16892 = CARTESIAN_POINT('',(-128.8912433346,-22.44026419891,0.));
#16893 = DIRECTION('',(0.637747778215,-0.77024526703,0.));
#16894 = DIRECTION('',(-0.77024526703,-0.637747778215,0.));
#16895 = ADVANCED_FACE('',(#16896),#16915,.T.);
#16896 = FACE_BOUND('',#16897,.F.);
#16897 = EDGE_LOOP('',(#16898,#16899,#16900,#16908));
#16898 = ORIENTED_EDGE('',*,*,#16875,.T.);
#16899 = ORIENTED_EDGE('',*,*,#6698,.T.);
#16900 = ORIENTED_EDGE('',*,*,#16901,.F.);
#16901 = EDGE_CURVE('',#16902,#6691,#16904,.T.);
#16902 = VERTEX_POINT('',#16903);
#16903 = CARTESIAN_POINT('',(-129.3049255399,-22.85748012118,0.));
#16904 = LINE('',#16905,#16906);
#16905 = CARTESIAN_POINT('',(-129.3049255399,-22.85748012118,0.));
#16906 = VECTOR('',#16907,1.);
#16907 = DIRECTION('',(0.,0.,1.));
#16908 = ORIENTED_EDGE('',*,*,#16909,.F.);
#16909 = EDGE_CURVE('',#16876,#16902,#16910,.T.);
#16910 = CIRCLE('',#16911,3.);
#16911 = AXIS2_PLACEMENT_3D('',#16912,#16913,#16914);
#16912 = CARTESIAN_POINT('',(-126.978,-24.751,0.));
#16913 = DIRECTION('',(0.,-0.,1.));
#16914 = DIRECTION('',(0.77024526703,0.637747778215,0.));
#16915 = CYLINDRICAL_SURFACE('',#16916,3.);
#16916 = AXIS2_PLACEMENT_3D('',#16917,#16918,#16919);
#16917 = CARTESIAN_POINT('',(-126.978,-24.751,0.));
#16918 = DIRECTION('',(-0.,-0.,-1.));
#16919 = DIRECTION('',(0.77024526703,0.637747778215,0.));
#16920 = ADVANCED_FACE('',(#16921),#16939,.F.);
#16921 = FACE_BOUND('',#16922,.T.);
#16922 = EDGE_LOOP('',(#16923,#16931,#16932,#16933));
#16923 = ORIENTED_EDGE('',*,*,#16924,.T.);
#16924 = EDGE_CURVE('',#16925,#6682,#16927,.T.);
#16925 = VERTEX_POINT('',#16926);
#16926 = CARTESIAN_POINT('',(-129.7999255399,-23.46578012118,0.));
#16927 = LINE('',#16928,#16929);
#16928 = CARTESIAN_POINT('',(-129.7999255399,-23.46578012118,0.));
#16929 = VECTOR('',#16930,1.);
#16930 = DIRECTION('',(0.,0.,1.));
#16931 = ORIENTED_EDGE('',*,*,#6690,.T.);
#16932 = ORIENTED_EDGE('',*,*,#16901,.F.);
#16933 = ORIENTED_EDGE('',*,*,#16934,.F.);
#16934 = EDGE_CURVE('',#16925,#16902,#16935,.T.);
#16935 = LINE('',#16936,#16937);
#16936 = CARTESIAN_POINT('',(-129.7999255399,-23.46578012118,0.));
#16937 = VECTOR('',#16938,1.);
#16938 = DIRECTION('',(0.631173292938,0.775641846655,0.));
#16939 = PLANE('',#16940);
#16940 = AXIS2_PLACEMENT_3D('',#16941,#16942,#16943);
#16941 = CARTESIAN_POINT('',(-129.7999255399,-23.46578012118,0.));
#16942 = DIRECTION('',(0.775641846655,-0.631173292938,0.));
#16943 = DIRECTION('',(-0.631173292938,-0.775641846655,0.));
#16944 = ADVANCED_FACE('',(#16945),#16964,.T.);
#16945 = FACE_BOUND('',#16946,.F.);
#16946 = EDGE_LOOP('',(#16947,#16948,#16949,#16957));
#16947 = ORIENTED_EDGE('',*,*,#16924,.T.);
#16948 = ORIENTED_EDGE('',*,*,#6681,.T.);
#16949 = ORIENTED_EDGE('',*,*,#16950,.F.);
#16950 = EDGE_CURVE('',#16951,#6674,#16953,.T.);
#16951 = VERTEX_POINT('',#16952);
#16952 = CARTESIAN_POINT('',(-130.1243451417,-23.95560169213,0.));
#16953 = LINE('',#16954,#16955);
#16954 = CARTESIAN_POINT('',(-130.1243451417,-23.95560169213,0.));
#16955 = VECTOR('',#16956,1.);
#16956 = DIRECTION('',(0.,0.,1.));
#16957 = ORIENTED_EDGE('',*,*,#16958,.F.);
#16958 = EDGE_CURVE('',#16925,#16951,#16959,.T.);
#16959 = CIRCLE('',#16960,3.);
#16960 = AXIS2_PLACEMENT_3D('',#16961,#16962,#16963);
#16961 = CARTESIAN_POINT('',(-127.473,-25.3593,0.));
#16962 = DIRECTION('',(0.,-0.,1.));
#16963 = DIRECTION('',(0.631173292938,0.775641846655,0.));
#16964 = CYLINDRICAL_SURFACE('',#16965,3.);
#16965 = AXIS2_PLACEMENT_3D('',#16966,#16967,#16968);
#16966 = CARTESIAN_POINT('',(-127.473,-25.3593,0.));
#16967 = DIRECTION('',(-0.,-0.,-1.));
#16968 = DIRECTION('',(0.631173292938,0.775641846655,0.));
#16969 = ADVANCED_FACE('',(#16970),#16988,.F.);
#16970 = FACE_BOUND('',#16971,.T.);
#16971 = EDGE_LOOP('',(#16972,#16980,#16981,#16982));
#16972 = ORIENTED_EDGE('',*,*,#16973,.T.);
#16973 = EDGE_CURVE('',#16974,#6665,#16976,.T.);
#16974 = VERTEX_POINT('',#16975);
#16975 = CARTESIAN_POINT('',(-130.4913451417,-24.64880169213,0.));
#16976 = LINE('',#16977,#16978);
#16977 = CARTESIAN_POINT('',(-130.4913451417,-24.64880169213,0.));
#16978 = VECTOR('',#16979,1.);
#16979 = DIRECTION('',(0.,0.,1.));
#16980 = ORIENTED_EDGE('',*,*,#6673,.T.);
#16981 = ORIENTED_EDGE('',*,*,#16950,.F.);
#16982 = ORIENTED_EDGE('',*,*,#16983,.F.);
#16983 = EDGE_CURVE('',#16974,#16951,#16984,.T.);
#16984 = LINE('',#16985,#16986);
#16985 = CARTESIAN_POINT('',(-130.4913451417,-24.64880169213,0.));
#16986 = VECTOR('',#16987,1.);
#16987 = DIRECTION('',(0.467899435954,0.883781713906,0.));
#16988 = PLANE('',#16989);
#16989 = AXIS2_PLACEMENT_3D('',#16990,#16991,#16992);
#16990 = CARTESIAN_POINT('',(-130.4913451417,-24.64880169213,0.));
#16991 = DIRECTION('',(0.883781713906,-0.467899435954,0.));
#16992 = DIRECTION('',(-0.467899435954,-0.883781713906,0.));
#16993 = ADVANCED_FACE('',(#16994),#17013,.T.);
#16994 = FACE_BOUND('',#16995,.F.);
#16995 = EDGE_LOOP('',(#16996,#16997,#16998,#17006));
#16996 = ORIENTED_EDGE('',*,*,#16973,.T.);
#16997 = ORIENTED_EDGE('',*,*,#6664,.T.);
#16998 = ORIENTED_EDGE('',*,*,#16999,.F.);
#16999 = EDGE_CURVE('',#17000,#6657,#17002,.T.);
#17000 = VERTEX_POINT('',#17001);
#17001 = CARTESIAN_POINT('',(-130.7149698905,-25.19544216731,0.));
#17002 = LINE('',#17003,#17004);
#17003 = CARTESIAN_POINT('',(-130.7149698905,-25.19544216731,0.));
#17004 = VECTOR('',#17005,1.);
#17005 = DIRECTION('',(0.,0.,1.));
#17006 = ORIENTED_EDGE('',*,*,#17007,.F.);
#17007 = EDGE_CURVE('',#16974,#17000,#17008,.T.);
#17008 = CIRCLE('',#17009,3.);
#17009 = AXIS2_PLACEMENT_3D('',#17010,#17011,#17012);
#17010 = CARTESIAN_POINT('',(-127.84,-26.0525,0.));
#17011 = DIRECTION('',(0.,-0.,1.));
#17012 = DIRECTION('',(0.467899435954,0.883781713906,0.));
#17013 = CYLINDRICAL_SURFACE('',#17014,3.);
#17014 = AXIS2_PLACEMENT_3D('',#17015,#17016,#17017);
#17015 = CARTESIAN_POINT('',(-127.84,-26.0525,0.));
#17016 = DIRECTION('',(-0.,-0.,-1.));
#17017 = DIRECTION('',(0.467899435954,0.883781713906,0.));
#17018 = ADVANCED_FACE('',(#17019),#17037,.F.);
#17019 = FACE_BOUND('',#17020,.T.);
#17020 = EDGE_LOOP('',(#17021,#17029,#17030,#17031));
#17021 = ORIENTED_EDGE('',*,*,#17022,.T.);
#17022 = EDGE_CURVE('',#17023,#6648,#17025,.T.);
#17023 = VERTEX_POINT('',#17024);
#17024 = CARTESIAN_POINT('',(-130.9389698905,-25.94684216731,0.));
#17025 = LINE('',#17026,#17027);
#17026 = CARTESIAN_POINT('',(-130.9389698905,-25.94684216731,0.));
#17027 = VECTOR('',#17028,1.);
#17028 = DIRECTION('',(0.,0.,1.));
#17029 = ORIENTED_EDGE('',*,*,#6656,.T.);
#17030 = ORIENTED_EDGE('',*,*,#16999,.F.);
#17031 = ORIENTED_EDGE('',*,*,#17032,.F.);
#17032 = EDGE_CURVE('',#17023,#17000,#17033,.T.);
#17033 = LINE('',#17034,#17035);
#17034 = CARTESIAN_POINT('',(-130.9389698905,-25.94684216731,0.));
#17035 = VECTOR('',#17036,1.);
#17036 = DIRECTION('',(0.285685944228,0.958323296842,0.));
#17037 = PLANE('',#17038);
#17038 = AXIS2_PLACEMENT_3D('',#17039,#17040,#17041);
#17039 = CARTESIAN_POINT('',(-130.9389698905,-25.94684216731,0.));
#17040 = DIRECTION('',(0.958323296842,-0.285685944228,0.));
#17041 = DIRECTION('',(-0.285685944228,-0.958323296842,0.));
#17042 = ADVANCED_FACE('',(#17043),#17062,.T.);
#17043 = FACE_BOUND('',#17044,.F.);
#17044 = EDGE_LOOP('',(#17045,#17046,#17047,#17055));
#17045 = ORIENTED_EDGE('',*,*,#17022,.T.);
#17046 = ORIENTED_EDGE('',*,*,#6647,.T.);
#17047 = ORIENTED_EDGE('',*,*,#17048,.F.);
#17048 = EDGE_CURVE('',#17049,#6640,#17051,.T.);
#17049 = VERTEX_POINT('',#17050);
#17050 = CARTESIAN_POINT('',(-131.05097037,-26.52460086203,0.));
#17051 = LINE('',#17052,#17053);
#17052 = CARTESIAN_POINT('',(-131.05097037,-26.52460086203,0.));
#17053 = VECTOR('',#17054,1.);
#17054 = DIRECTION('',(0.,0.,1.));
#17055 = ORIENTED_EDGE('',*,*,#17056,.F.);
#17056 = EDGE_CURVE('',#17023,#17049,#17057,.T.);
#17057 = CIRCLE('',#17058,3.);
#17058 = AXIS2_PLACEMENT_3D('',#17059,#17060,#17061);
#17059 = CARTESIAN_POINT('',(-128.064,-26.8039,0.));
#17060 = DIRECTION('',(0.,-0.,1.));
#17061 = DIRECTION('',(0.285685944228,0.958323296842,0.));
#17062 = CYLINDRICAL_SURFACE('',#17063,3.);
#17063 = AXIS2_PLACEMENT_3D('',#17064,#17065,#17066);
#17064 = CARTESIAN_POINT('',(-128.064,-26.8039,0.));
#17065 = DIRECTION('',(-0.,-0.,-1.));
#17066 = DIRECTION('',(0.285685944228,0.958323296842,0.));
#17067 = ADVANCED_FACE('',(#17068),#17086,.F.);
#17068 = FACE_BOUND('',#17069,.T.);
#17069 = EDGE_LOOP('',(#17070,#17078,#17079,#17080));
#17070 = ORIENTED_EDGE('',*,*,#17071,.T.);
#17071 = EDGE_CURVE('',#17072,#6631,#17074,.T.);
#17072 = VERTEX_POINT('',#17073);
#17073 = CARTESIAN_POINT('',(-131.12397037,-27.30530086203,0.));
#17074 = LINE('',#17075,#17076);
#17075 = CARTESIAN_POINT('',(-131.12397037,-27.30530086203,0.));
#17076 = VECTOR('',#17077,1.);
#17077 = DIRECTION('',(0.,0.,1.));
#17078 = ORIENTED_EDGE('',*,*,#6639,.T.);
#17079 = ORIENTED_EDGE('',*,*,#17048,.F.);
#17080 = ORIENTED_EDGE('',*,*,#17081,.F.);
#17081 = EDGE_CURVE('',#17072,#17049,#17082,.T.);
#17082 = LINE('',#17083,#17084);
#17083 = CARTESIAN_POINT('',(-131.12397037,-27.30530086203,0.));
#17084 = VECTOR('',#17085,1.);
#17085 = DIRECTION('',(9.309971265673E-02,0.995656790015,0.));
#17086 = PLANE('',#17087);
#17087 = AXIS2_PLACEMENT_3D('',#17088,#17089,#17090);
#17088 = CARTESIAN_POINT('',(-131.12397037,-27.30530086203,0.));
#17089 = DIRECTION('',(0.995656790015,-9.309971265673E-02,0.));
#17090 = DIRECTION('',(-9.309971265673E-02,-0.995656790015,0.));
#17091 = ADVANCED_FACE('',(#17092),#17111,.T.);
#17092 = FACE_BOUND('',#17093,.F.);
#17093 = EDGE_LOOP('',(#17094,#17095,#17096,#17104));
#17094 = ORIENTED_EDGE('',*,*,#17071,.T.);
#17095 = ORIENTED_EDGE('',*,*,#6630,.T.);
#17096 = ORIENTED_EDGE('',*,*,#17097,.F.);
#17097 = EDGE_CURVE('',#17098,#6623,#17100,.T.);
#17098 = VERTEX_POINT('',#17099);
#17099 = CARTESIAN_POINT('',(-131.1213443158,-27.89068659649,0.));
#17100 = LINE('',#17101,#17102);
#17101 = CARTESIAN_POINT('',(-131.1213443158,-27.89068659649,0.));
#17102 = VECTOR('',#17103,1.);
#17103 = DIRECTION('',(0.,0.,1.));
#17104 = ORIENTED_EDGE('',*,*,#17105,.F.);
#17105 = EDGE_CURVE('',#17072,#17098,#17106,.T.);
#17106 = CIRCLE('',#17107,3.);
#17107 = AXIS2_PLACEMENT_3D('',#17108,#17109,#17110);
#17108 = CARTESIAN_POINT('',(-128.137,-27.5846,0.));
#17109 = DIRECTION('',(0.,-0.,1.));
#17110 = DIRECTION('',(9.309971265673E-02,0.995656790015,0.));
#17111 = CYLINDRICAL_SURFACE('',#17112,3.);
#17112 = AXIS2_PLACEMENT_3D('',#17113,#17114,#17115);
#17113 = CARTESIAN_POINT('',(-128.137,-27.5846,0.));
#17114 = DIRECTION('',(-0.,-0.,-1.));
#17115 = DIRECTION('',(9.309971265673E-02,0.995656790015,0.));
#17116 = ADVANCED_FACE('',(#17117),#17135,.F.);
#17117 = FACE_BOUND('',#17118,.T.);
#17118 = EDGE_LOOP('',(#17119,#17127,#17128,#17129));
#17119 = ORIENTED_EDGE('',*,*,#17120,.T.);
#17120 = EDGE_CURVE('',#17121,#6614,#17123,.T.);
#17121 = VERTEX_POINT('',#17122);
#17122 = CARTESIAN_POINT('',(-131.0413443158,-28.67068659649,0.));
#17123 = LINE('',#17124,#17125);
#17124 = CARTESIAN_POINT('',(-131.0413443158,-28.67068659649,0.));
#17125 = VECTOR('',#17126,1.);
#17126 = DIRECTION('',(0.,0.,1.));
#17127 = ORIENTED_EDGE('',*,*,#6622,.T.);
#17128 = ORIENTED_EDGE('',*,*,#17097,.F.);
#17129 = ORIENTED_EDGE('',*,*,#17130,.F.);
#17130 = EDGE_CURVE('',#17121,#17098,#17131,.T.);
#17131 = LINE('',#17132,#17133);
#17132 = CARTESIAN_POINT('',(-131.0413443158,-28.67068659649,0.));
#17133 = VECTOR('',#17134,1.);
#17134 = DIRECTION('',(-0.102028865499,0.994781438611,0.));
#17135 = PLANE('',#17136);
#17136 = AXIS2_PLACEMENT_3D('',#17137,#17138,#17139);
#17137 = CARTESIAN_POINT('',(-131.0413443158,-28.67068659649,0.));
#17138 = DIRECTION('',(0.994781438611,0.102028865499,0.));
#17139 = DIRECTION('',(0.102028865499,-0.994781438611,0.));
#17140 = ADVANCED_FACE('',(#17141),#17160,.T.);
#17141 = FACE_BOUND('',#17142,.F.);
#17142 = EDGE_LOOP('',(#17143,#17144,#17145,#17153));
#17143 = ORIENTED_EDGE('',*,*,#17120,.T.);
#17144 = ORIENTED_EDGE('',*,*,#6613,.T.);
#17145 = ORIENTED_EDGE('',*,*,#17146,.F.);
#17146 = EDGE_CURVE('',#17147,#6606,#17149,.T.);
#17147 = VERTEX_POINT('',#17148);
#17148 = CARTESIAN_POINT('',(-130.9238567952,-29.24841678859,0.));
#17149 = LINE('',#17150,#17151);
#17150 = CARTESIAN_POINT('',(-130.9238567952,-29.24841678859,0.));
#17151 = VECTOR('',#17152,1.);
#17152 = DIRECTION('',(0.,0.,1.));
#17153 = ORIENTED_EDGE('',*,*,#17154,.F.);
#17154 = EDGE_CURVE('',#17121,#17147,#17155,.T.);
#17155 = CIRCLE('',#17156,3.);
#17156 = AXIS2_PLACEMENT_3D('',#17157,#17158,#17159);
#17157 = CARTESIAN_POINT('',(-128.057,-28.3646,0.));
#17158 = DIRECTION('',(0.,-0.,1.));
#17159 = DIRECTION('',(-0.102028865499,0.994781438611,0.));
#17160 = CYLINDRICAL_SURFACE('',#17161,3.);
#17161 = AXIS2_PLACEMENT_3D('',#17162,#17163,#17164);
#17162 = CARTESIAN_POINT('',(-128.057,-28.3646,0.));
#17163 = DIRECTION('',(-0.,-0.,-1.));
#17164 = DIRECTION('',(-0.102028865499,0.994781438611,0.));
#17165 = ADVANCED_FACE('',(#17166),#17184,.F.);
#17166 = FACE_BOUND('',#17167,.T.);
#17167 = EDGE_LOOP('',(#17168,#17176,#17177,#17178));
#17168 = ORIENTED_EDGE('',*,*,#17169,.T.);
#17169 = EDGE_CURVE('',#17170,#6597,#17172,.T.);
#17170 = VERTEX_POINT('',#17171);
#17171 = CARTESIAN_POINT('',(-130.6928567952,-29.99771678859,0.));
#17172 = LINE('',#17173,#17174);
#17173 = CARTESIAN_POINT('',(-130.6928567952,-29.99771678859,0.));
#17174 = VECTOR('',#17175,1.);
#17175 = DIRECTION('',(0.,0.,1.));
#17176 = ORIENTED_EDGE('',*,*,#6605,.T.);
#17177 = ORIENTED_EDGE('',*,*,#17146,.F.);
#17178 = ORIENTED_EDGE('',*,*,#17179,.F.);
#17179 = EDGE_CURVE('',#17170,#17147,#17180,.T.);
#17180 = LINE('',#17181,#17182);
#17181 = CARTESIAN_POINT('',(-130.6928567952,-29.99771678859,0.));
#17182 = VECTOR('',#17183,1.);
#17183 = DIRECTION('',(-0.294605596197,0.955618931734,0.));
#17184 = PLANE('',#17185);
#17185 = AXIS2_PLACEMENT_3D('',#17186,#17187,#17188);
#17186 = CARTESIAN_POINT('',(-130.6928567952,-29.99771678859,0.));
#17187 = DIRECTION('',(0.955618931734,0.294605596197,0.));
#17188 = DIRECTION('',(0.294605596197,-0.955618931734,0.));
#17189 = ADVANCED_FACE('',(#17190),#17209,.T.);
#17190 = FACE_BOUND('',#17191,.F.);
#17191 = EDGE_LOOP('',(#17192,#17193,#17194,#17202));
#17192 = ORIENTED_EDGE('',*,*,#17169,.T.);
#17193 = ORIENTED_EDGE('',*,*,#6596,.T.);
#17194 = ORIENTED_EDGE('',*,*,#17195,.F.);
#17195 = EDGE_CURVE('',#17196,#6589,#17198,.T.);
#17196 = VERTEX_POINT('',#17197);
#17197 = CARTESIAN_POINT('',(-130.4666756201,-30.53756859522,0.));
#17198 = LINE('',#17199,#17200);
#17199 = CARTESIAN_POINT('',(-130.4666756201,-30.53756859522,0.));
#17200 = VECTOR('',#17201,1.);
#17201 = DIRECTION('',(0.,0.,1.));
#17202 = ORIENTED_EDGE('',*,*,#17203,.F.);
#17203 = EDGE_CURVE('',#17170,#17196,#17204,.T.);
#17204 = CIRCLE('',#17205,3.);
#17205 = AXIS2_PLACEMENT_3D('',#17206,#17207,#17208);
#17206 = CARTESIAN_POINT('',(-127.826,-29.1139,0.));
#17207 = DIRECTION('',(0.,-0.,1.));
#17208 = DIRECTION('',(-0.294605596197,0.955618931734,0.));
#17209 = CYLINDRICAL_SURFACE('',#17210,3.);
#17210 = AXIS2_PLACEMENT_3D('',#17211,#17212,#17213);
#17211 = CARTESIAN_POINT('',(-127.826,-29.1139,0.));
#17212 = DIRECTION('',(-0.,-0.,-1.));
#17213 = DIRECTION('',(-0.294605596197,0.955618931734,0.));
#17214 = ADVANCED_FACE('',(#17215),#17233,.F.);
#17215 = FACE_BOUND('',#17216,.T.);
#17216 = EDGE_LOOP('',(#17217,#17225,#17226,#17227));
#17217 = ORIENTED_EDGE('',*,*,#17218,.T.);
#17218 = EDGE_CURVE('',#17219,#6580,#17221,.T.);
#17219 = VERTEX_POINT('',#17220);
#17220 = CARTESIAN_POINT('',(-130.0946756201,-31.22756859522,0.));
#17221 = LINE('',#17222,#17223);
#17222 = CARTESIAN_POINT('',(-130.0946756201,-31.22756859522,0.));
#17223 = VECTOR('',#17224,1.);
#17224 = DIRECTION('',(0.,0.,1.));
#17225 = ORIENTED_EDGE('',*,*,#6588,.T.);
#17226 = ORIENTED_EDGE('',*,*,#17195,.F.);
#17227 = ORIENTED_EDGE('',*,*,#17228,.F.);
#17228 = EDGE_CURVE('',#17219,#17196,#17229,.T.);
#17229 = LINE('',#17230,#17231);
#17230 = CARTESIAN_POINT('',(-130.0946756201,-31.22756859522,0.));
#17231 = VECTOR('',#17232,1.);
#17232 = DIRECTION('',(-0.474556198408,0.880225206724,0.));
#17233 = PLANE('',#17234);
#17234 = AXIS2_PLACEMENT_3D('',#17235,#17236,#17237);
#17235 = CARTESIAN_POINT('',(-130.0946756201,-31.22756859522,0.));
#17236 = DIRECTION('',(0.880225206724,0.474556198408,0.));
#17237 = DIRECTION('',(0.474556198408,-0.880225206724,0.));
#17238 = ADVANCED_FACE('',(#17239),#17258,.T.);
#17239 = FACE_BOUND('',#17240,.F.);
#17240 = EDGE_LOOP('',(#17241,#17242,#17243,#17251));
#17241 = ORIENTED_EDGE('',*,*,#17218,.T.);
#17242 = ORIENTED_EDGE('',*,*,#6579,.T.);
#17243 = ORIENTED_EDGE('',*,*,#17244,.F.);
#17244 = EDGE_CURVE('',#17245,#6572,#17247,.T.);
#17245 = VERTEX_POINT('',#17246);
#17246 = CARTESIAN_POINT('',(-129.9410623214,-31.48155342352,0.));
#17247 = LINE('',#17248,#17249);
#17248 = CARTESIAN_POINT('',(-129.9410623214,-31.48155342352,0.));
#17249 = VECTOR('',#17250,1.);
#17250 = DIRECTION('',(0.,0.,1.));
#17251 = ORIENTED_EDGE('',*,*,#17252,.F.);
#17252 = EDGE_CURVE('',#17219,#17245,#17253,.T.);
#17253 = CIRCLE('',#17254,3.);
#17254 = AXIS2_PLACEMENT_3D('',#17255,#17256,#17257);
#17255 = CARTESIAN_POINT('',(-127.454,-29.8039,0.));
#17256 = DIRECTION('',(0.,-0.,1.));
#17257 = DIRECTION('',(-0.474556198408,0.880225206724,0.));
#17258 = CYLINDRICAL_SURFACE('',#17259,3.);
#17259 = AXIS2_PLACEMENT_3D('',#17260,#17261,#17262);
#17260 = CARTESIAN_POINT('',(-127.454,-29.8039,0.));
#17261 = DIRECTION('',(-0.,-0.,-1.));
#17262 = DIRECTION('',(-0.474556198408,0.880225206724,0.));
#17263 = ADVANCED_FACE('',(#17264),#17282,.F.);
#17264 = FACE_BOUND('',#17265,.T.);
#17265 = EDGE_LOOP('',(#17266,#17274,#17275,#17276));
#17266 = ORIENTED_EDGE('',*,*,#17267,.T.);
#17267 = EDGE_CURVE('',#17268,#6563,#17270,.T.);
#17268 = VERTEX_POINT('',#17269);
#17269 = CARTESIAN_POINT('',(-118.3300623214,-48.69445342352,0.));
#17270 = LINE('',#17271,#17272);
#17271 = CARTESIAN_POINT('',(-118.3300623214,-48.69445342352,0.));
#17272 = VECTOR('',#17273,1.);
#17273 = DIRECTION('',(0.,0.,1.));
#17274 = ORIENTED_EDGE('',*,*,#6571,.T.);
#17275 = ORIENTED_EDGE('',*,*,#17244,.F.);
#17276 = ORIENTED_EDGE('',*,*,#17277,.F.);
#17277 = EDGE_CURVE('',#17268,#17245,#17278,.T.);
#17278 = LINE('',#17279,#17280);
#17279 = CARTESIAN_POINT('',(-118.3300623214,-48.69445342352,0.));
#17280 = VECTOR('',#17281,1.);
#17281 = DIRECTION('',(-0.559217807842,0.8290207738,0.));
#17282 = PLANE('',#17283);
#17283 = AXIS2_PLACEMENT_3D('',#17284,#17285,#17286);
#17284 = CARTESIAN_POINT('',(-118.3300623214,-48.69445342352,0.));
#17285 = DIRECTION('',(0.8290207738,0.559217807842,0.));
#17286 = DIRECTION('',(0.559217807842,-0.8290207738,0.));
#17287 = ADVANCED_FACE('',(#17288),#17307,.T.);
#17288 = FACE_BOUND('',#17289,.F.);
#17289 = EDGE_LOOP('',(#17290,#17291,#17292,#17300));
#17290 = ORIENTED_EDGE('',*,*,#17267,.T.);
#17291 = ORIENTED_EDGE('',*,*,#6562,.T.);
#17292 = ORIENTED_EDGE('',*,*,#17293,.F.);
#17293 = EDGE_CURVE('',#17294,#6555,#17296,.T.);
#17294 = VERTEX_POINT('',#17295);
#17295 = CARTESIAN_POINT('',(-118.1537681339,-48.93000428374,0.));
#17296 = LINE('',#17297,#17298);
#17297 = CARTESIAN_POINT('',(-118.1537681339,-48.93000428374,0.));
#17298 = VECTOR('',#17299,1.);
#17299 = DIRECTION('',(0.,0.,1.));
#17300 = ORIENTED_EDGE('',*,*,#17301,.F.);
#17301 = EDGE_CURVE('',#17268,#17294,#17302,.T.);
#17302 = CIRCLE('',#17303,3.);
#17303 = AXIS2_PLACEMENT_3D('',#17304,#17305,#17306);
#17304 = CARTESIAN_POINT('',(-115.843,-47.0168,0.));
#17305 = DIRECTION('',(0.,-0.,1.));
#17306 = DIRECTION('',(-0.559217807842,0.8290207738,0.));
#17307 = CYLINDRICAL_SURFACE('',#17308,3.);
#17308 = AXIS2_PLACEMENT_3D('',#17309,#17310,#17311);
#17309 = CARTESIAN_POINT('',(-115.843,-47.0168,0.));
#17310 = DIRECTION('',(-0.,-0.,-1.));
#17311 = DIRECTION('',(-0.559217807842,0.8290207738,0.));
#17312 = ADVANCED_FACE('',(#17313),#17331,.F.);
#17313 = FACE_BOUND('',#17314,.T.);
#17314 = EDGE_LOOP('',(#17315,#17323,#17324,#17325));
#17315 = ORIENTED_EDGE('',*,*,#17316,.T.);
#17316 = EDGE_CURVE('',#17317,#6546,#17319,.T.);
#17317 = VERTEX_POINT('',#17318);
#17318 = CARTESIAN_POINT('',(-117.6537681339,-49.53390428374,0.));
#17319 = LINE('',#17320,#17321);
#17320 = CARTESIAN_POINT('',(-117.6537681339,-49.53390428374,0.));
#17321 = VECTOR('',#17322,1.);
#17322 = DIRECTION('',(0.,0.,1.));
#17323 = ORIENTED_EDGE('',*,*,#6554,.T.);
#17324 = ORIENTED_EDGE('',*,*,#17293,.F.);
#17325 = ORIENTED_EDGE('',*,*,#17326,.F.);
#17326 = EDGE_CURVE('',#17317,#17294,#17327,.T.);
#17327 = LINE('',#17328,#17329);
#17328 = CARTESIAN_POINT('',(-117.6537681339,-49.53390428374,0.));
#17329 = VECTOR('',#17330,1.);
#17330 = DIRECTION('',(-0.637734761248,0.770256044635,0.));
#17331 = PLANE('',#17332);
#17332 = AXIS2_PLACEMENT_3D('',#17333,#17334,#17335);
#17333 = CARTESIAN_POINT('',(-117.6537681339,-49.53390428374,0.));
#17334 = DIRECTION('',(0.770256044635,0.637734761248,0.));
#17335 = DIRECTION('',(0.637734761248,-0.770256044635,0.));
#17336 = ADVANCED_FACE('',(#17337),#17356,.T.);
#17337 = FACE_BOUND('',#17338,.F.);
#17338 = EDGE_LOOP('',(#17339,#17340,#17341,#17349));
#17339 = ORIENTED_EDGE('',*,*,#17316,.T.);
#17340 = ORIENTED_EDGE('',*,*,#6545,.T.);
#17341 = ORIENTED_EDGE('',*,*,#17342,.F.);
#17342 = EDGE_CURVE('',#17343,#6538,#17345,.T.);
#17343 = VERTEX_POINT('',#17344);
#17344 = CARTESIAN_POINT('',(-117.2366214669,-49.94754286963,0.));
#17345 = LINE('',#17346,#17347);
#17346 = CARTESIAN_POINT('',(-117.2366214669,-49.94754286963,0.));
#17347 = VECTOR('',#17348,1.);
#17348 = DIRECTION('',(0.,0.,1.));
#17349 = ORIENTED_EDGE('',*,*,#17350,.F.);
#17350 = EDGE_CURVE('',#17317,#17343,#17351,.T.);
#17351 = CIRCLE('',#17352,3.);
#17352 = AXIS2_PLACEMENT_3D('',#17353,#17354,#17355);
#17353 = CARTESIAN_POINT('',(-115.343,-47.6207,0.));
#17354 = DIRECTION('',(0.,-0.,1.));
#17355 = DIRECTION('',(-0.637734761248,0.770256044635,0.));
#17356 = CYLINDRICAL_SURFACE('',#17357,3.);
#17357 = AXIS2_PLACEMENT_3D('',#17358,#17359,#17360);
#17358 = CARTESIAN_POINT('',(-115.343,-47.6207,0.));
#17359 = DIRECTION('',(-0.,-0.,-1.));
#17360 = DIRECTION('',(-0.637734761248,0.770256044635,0.));
#17361 = ADVANCED_FACE('',(#17362),#17380,.F.);
#17362 = FACE_BOUND('',#17363,.T.);
#17363 = EDGE_LOOP('',(#17364,#17372,#17373,#17374));
#17364 = ORIENTED_EDGE('',*,*,#17365,.T.);
#17365 = EDGE_CURVE('',#17366,#6529,#17368,.T.);
#17366 = VERTEX_POINT('',#17367);
#17367 = CARTESIAN_POINT('',(-116.6286214669,-50.44234286963,0.));
#17368 = LINE('',#17369,#17370);
#17369 = CARTESIAN_POINT('',(-116.6286214669,-50.44234286963,0.));
#17370 = VECTOR('',#17371,1.);
#17371 = DIRECTION('',(0.,0.,1.));
#17372 = ORIENTED_EDGE('',*,*,#6537,.T.);
#17373 = ORIENTED_EDGE('',*,*,#17342,.F.);
#17374 = ORIENTED_EDGE('',*,*,#17375,.F.);
#17375 = EDGE_CURVE('',#17366,#17343,#17376,.T.);
#17376 = LINE('',#17377,#17378);
#17377 = CARTESIAN_POINT('',(-116.6286214669,-50.44234286963,0.));
#17378 = VECTOR('',#17379,1.);
#17379 = DIRECTION('',(-0.775614289878,0.631207155644,0.));
#17380 = PLANE('',#17381);
#17381 = AXIS2_PLACEMENT_3D('',#17382,#17383,#17384);
#17382 = CARTESIAN_POINT('',(-116.6286214669,-50.44234286963,0.));
#17383 = DIRECTION('',(0.631207155644,0.775614289878,0.));
#17384 = DIRECTION('',(0.775614289878,-0.631207155644,0.));
#17385 = ADVANCED_FACE('',(#17386),#17405,.T.);
#17386 = FACE_BOUND('',#17387,.F.);
#17387 = EDGE_LOOP('',(#17388,#17389,#17390,#17398));
#17388 = ORIENTED_EDGE('',*,*,#17365,.T.);
#17389 = ORIENTED_EDGE('',*,*,#6528,.T.);
#17390 = ORIENTED_EDGE('',*,*,#17391,.F.);
#17391 = EDGE_CURVE('',#17392,#6521,#17394,.T.);
#17392 = VERTEX_POINT('',#17393);
#17393 = CARTESIAN_POINT('',(-116.1381181369,-50.76715221959,0.));
#17394 = LINE('',#17395,#17396);
#17395 = CARTESIAN_POINT('',(-116.1381181369,-50.76715221959,0.));
#17396 = VECTOR('',#17397,1.);
#17397 = DIRECTION('',(0.,0.,1.));
#17398 = ORIENTED_EDGE('',*,*,#17399,.F.);
#17399 = EDGE_CURVE('',#17366,#17392,#17400,.T.);
#17400 = CIRCLE('',#17401,3.);
#17401 = AXIS2_PLACEMENT_3D('',#17402,#17403,#17404);
#17402 = CARTESIAN_POINT('',(-114.735,-48.1155,0.));
#17403 = DIRECTION('',(0.,-0.,1.));
#17404 = DIRECTION('',(-0.775614289878,0.631207155644,0.));
#17405 = CYLINDRICAL_SURFACE('',#17406,3.);
#17406 = AXIS2_PLACEMENT_3D('',#17407,#17408,#17409);
#17407 = CARTESIAN_POINT('',(-114.735,-48.1155,0.));
#17408 = DIRECTION('',(-0.,-0.,-1.));
#17409 = DIRECTION('',(-0.775614289878,0.631207155644,0.));
#17410 = ADVANCED_FACE('',(#17411),#17429,.F.);
#17411 = FACE_BOUND('',#17412,.T.);
#17412 = EDGE_LOOP('',(#17413,#17421,#17422,#17423));
#17413 = ORIENTED_EDGE('',*,*,#17414,.T.);
#17414 = EDGE_CURVE('',#17415,#6512,#17417,.T.);
#17415 = VERTEX_POINT('',#17416);
#17416 = CARTESIAN_POINT('',(-115.4451181369,-51.13385221959,0.));
#17417 = LINE('',#17418,#17419);
#17418 = CARTESIAN_POINT('',(-115.4451181369,-51.13385221959,0.));
#17419 = VECTOR('',#17420,1.);
#17420 = DIRECTION('',(0.,0.,1.));
#17421 = ORIENTED_EDGE('',*,*,#6520,.T.);
#17422 = ORIENTED_EDGE('',*,*,#17391,.F.);
#17423 = ORIENTED_EDGE('',*,*,#17424,.F.);
#17424 = EDGE_CURVE('',#17415,#17392,#17425,.T.);
#17425 = LINE('',#17426,#17427);
#17426 = CARTESIAN_POINT('',(-115.4451181369,-51.13385221959,0.));
#17427 = VECTOR('',#17428,1.);
#17428 = DIRECTION('',(-0.883884073198,0.467706045659,0.));
#17429 = PLANE('',#17430);
#17430 = AXIS2_PLACEMENT_3D('',#17431,#17432,#17433);
#17431 = CARTESIAN_POINT('',(-115.4451181369,-51.13385221959,0.));
#17432 = DIRECTION('',(0.467706045659,0.883884073198,0.));
#17433 = DIRECTION('',(0.883884073198,-0.467706045659,0.));
#17434 = ADVANCED_FACE('',(#17435),#17454,.T.);
#17435 = FACE_BOUND('',#17436,.F.);
#17436 = EDGE_LOOP('',(#17437,#17438,#17439,#17447));
#17437 = ORIENTED_EDGE('',*,*,#17414,.T.);
#17438 = ORIENTED_EDGE('',*,*,#6511,.T.);
#17439 = ORIENTED_EDGE('',*,*,#17440,.F.);
#17440 = EDGE_CURVE('',#17441,#6504,#17443,.T.);
#17441 = VERTEX_POINT('',#17442);
#17442 = CARTESIAN_POINT('',(-114.8994831141,-51.35704307553,0.));
#17443 = LINE('',#17444,#17445);
#17444 = CARTESIAN_POINT('',(-114.8994831141,-51.35704307553,0.));
#17445 = VECTOR('',#17446,1.);
#17446 = DIRECTION('',(0.,0.,1.));
#17447 = ORIENTED_EDGE('',*,*,#17448,.F.);
#17448 = EDGE_CURVE('',#17415,#17441,#17449,.T.);
#17449 = CIRCLE('',#17450,3.);
#17450 = AXIS2_PLACEMENT_3D('',#17451,#17452,#17453);
#17451 = CARTESIAN_POINT('',(-114.042,-48.4822,0.));
#17452 = DIRECTION('',(0.,-0.,1.));
#17453 = DIRECTION('',(-0.883884073198,0.467706045659,0.));
#17454 = CYLINDRICAL_SURFACE('',#17455,3.);
#17455 = AXIS2_PLACEMENT_3D('',#17456,#17457,#17458);
#17456 = CARTESIAN_POINT('',(-114.042,-48.4822,0.));
#17457 = DIRECTION('',(-0.,-0.,-1.));
#17458 = DIRECTION('',(-0.883884073198,0.467706045659,0.));
#17459 = ADVANCED_FACE('',(#17460),#17471,.F.);
#17460 = FACE_BOUND('',#17461,.T.);
#17461 = EDGE_LOOP('',(#17462,#17463,#17464,#17465));
#17462 = ORIENTED_EDGE('',*,*,#10223,.T.);
#17463 = ORIENTED_EDGE('',*,*,#6503,.T.);
#17464 = ORIENTED_EDGE('',*,*,#17440,.F.);
#17465 = ORIENTED_EDGE('',*,*,#17466,.F.);
#17466 = EDGE_CURVE('',#10224,#17441,#17467,.T.);
#17467 = LINE('',#17468,#17469);
#17468 = CARTESIAN_POINT('',(-114.1474831141,-51.58134307553,0.));
#17469 = VECTOR('',#17470,1.);
#17470 = DIRECTION('',(-0.958281025178,0.285827704717,0.));
#17471 = PLANE('',#17472);
#17472 = AXIS2_PLACEMENT_3D('',#17473,#17474,#17475);
#17473 = CARTESIAN_POINT('',(-114.1474831141,-51.58134307553,0.));
#17474 = DIRECTION('',(0.285827704717,0.958281025178,0.));
#17475 = DIRECTION('',(0.958281025178,-0.285827704717,0.));
#17476 = ADVANCED_FACE('',(#17477,#17480),#17491,.T.);
#17477 = FACE_BOUND('',#17478,.F.);
#17478 = EDGE_LOOP('',(#17479));
#17479 = ORIENTED_EDGE('',*,*,#9388,.T.);
#17480 = FACE_BOUND('',#17481,.F.);
#17481 = EDGE_LOOP('',(#17482));
#17482 = ORIENTED_EDGE('',*,*,#17483,.T.);
#17483 = EDGE_CURVE('',#17484,#17484,#17486,.T.);
#17484 = VERTEX_POINT('',#17485);
#17485 = CARTESIAN_POINT('',(-1.65,-11.5,4.3));
#17486 = CIRCLE('',#17487,1.65);
#17487 = AXIS2_PLACEMENT_3D('',#17488,#17489,#17490);
#17488 = CARTESIAN_POINT('',(0.,-11.5,4.3));
#17489 = DIRECTION('',(0.,0.,1.));
#17490 = DIRECTION('',(-1.,-0.,-0.));
#17491 = PLANE('',#17492);
#17492 = AXIS2_PLACEMENT_3D('',#17493,#17494,#17495);
#17493 = CARTESIAN_POINT('',(0.,-11.5,4.3));
#17494 = DIRECTION('',(0.,0.,1.));
#17495 = DIRECTION('',(1.,0.,0.));
#17496 = ADVANCED_FACE('',(#17497,#17500),#17511,.T.);
#17497 = FACE_BOUND('',#17498,.F.);
#17498 = EDGE_LOOP('',(#17499));
#17499 = ORIENTED_EDGE('',*,*,#9489,.T.);
#17500 = FACE_BOUND('',#17501,.F.);
#17501 = EDGE_LOOP('',(#17502));
#17502 = ORIENTED_EDGE('',*,*,#17503,.T.);
#17503 = EDGE_CURVE('',#17504,#17504,#17506,.T.);
#17504 = VERTEX_POINT('',#17505);
#17505 = CARTESIAN_POINT('',(9.85,22.,4.3));
#17506 = CIRCLE('',#17507,1.65);
#17507 = AXIS2_PLACEMENT_3D('',#17508,#17509,#17510);
#17508 = CARTESIAN_POINT('',(11.5,22.,4.3));
#17509 = DIRECTION('',(0.,0.,1.));
#17510 = DIRECTION('',(-1.,-0.,-0.));
#17511 = PLANE('',#17512);
#17512 = AXIS2_PLACEMENT_3D('',#17513,#17514,#17515);
#17513 = CARTESIAN_POINT('',(11.5,22.,4.3));
#17514 = DIRECTION('',(0.,0.,1.));
#17515 = DIRECTION('',(1.,0.,0.));
#17516 = ADVANCED_FACE('',(#17517,#17520),#17531,.T.);
#17517 = FACE_BOUND('',#17518,.F.);
#17518 = EDGE_LOOP('',(#17519));
#17519 = ORIENTED_EDGE('',*,*,#9596,.T.);
#17520 = FACE_BOUND('',#17521,.F.);
#17521 = EDGE_LOOP('',(#17522));
#17522 = ORIENTED_EDGE('',*,*,#17523,.T.);
#17523 = EDGE_CURVE('',#17524,#17524,#17526,.T.);
#17524 = VERTEX_POINT('',#17525);
#17525 = CARTESIAN_POINT('',(-39.75,66.,4.3));
#17526 = CIRCLE('',#17527,1.65);
#17527 = AXIS2_PLACEMENT_3D('',#17528,#17529,#17530);
#17528 = CARTESIAN_POINT('',(-38.1,66.,4.3));
#17529 = DIRECTION('',(0.,0.,1.));
#17530 = DIRECTION('',(-1.,-0.,-0.));
#17531 = PLANE('',#17532);
#17532 = AXIS2_PLACEMENT_3D('',#17533,#17534,#17535);
#17533 = CARTESIAN_POINT('',(-38.1,66.,4.3));
#17534 = DIRECTION('',(0.,0.,1.));
#17535 = DIRECTION('',(1.,0.,0.));
#17536 = ADVANCED_FACE('',(#17537,#17540),#17551,.T.);
#17537 = FACE_BOUND('',#17538,.F.);
#17538 = EDGE_LOOP('',(#17539));
#17539 = ORIENTED_EDGE('',*,*,#9750,.T.);
#17540 = FACE_BOUND('',#17541,.F.);
#17541 = EDGE_LOOP('',(#17542));
#17542 = ORIENTED_EDGE('',*,*,#17543,.T.);
#17543 = EDGE_CURVE('',#17544,#17544,#17546,.T.);
#17544 = VERTEX_POINT('',#17545);
#17545 = CARTESIAN_POINT('',(-77.85,57.1,4.3));
#17546 = CIRCLE('',#17547,1.65);
#17547 = AXIS2_PLACEMENT_3D('',#17548,#17549,#17550);
#17548 = CARTESIAN_POINT('',(-76.2,57.1,4.3));
#17549 = DIRECTION('',(0.,0.,1.));
#17550 = DIRECTION('',(-1.,-0.,-0.));
#17551 = PLANE('',#17552);
#17552 = AXIS2_PLACEMENT_3D('',#17553,#17554,#17555);
#17553 = CARTESIAN_POINT('',(-76.2,57.1,4.3));
#17554 = DIRECTION('',(0.,0.,1.));
#17555 = DIRECTION('',(1.,0.,0.));
#17556 = ADVANCED_FACE('',(#17557,#17560),#17571,.T.);
#17557 = FACE_BOUND('',#17558,.F.);
#17558 = EDGE_LOOP('',(#17559));
#17559 = ORIENTED_EDGE('',*,*,#9931,.T.);
#17560 = FACE_BOUND('',#17561,.F.);
#17561 = EDGE_LOOP('',(#17562));
#17562 = ORIENTED_EDGE('',*,*,#17563,.T.);
#17563 = EDGE_CURVE('',#17564,#17564,#17566,.T.);
#17564 = VERTEX_POINT('',#17565);
#17565 = CARTESIAN_POINT('',(-118.75,60.5,4.3));
#17566 = CIRCLE('',#17567,1.65);
#17567 = AXIS2_PLACEMENT_3D('',#17568,#17569,#17570);
#17568 = CARTESIAN_POINT('',(-117.1,60.5,4.3));
#17569 = DIRECTION('',(0.,0.,1.));
#17570 = DIRECTION('',(-1.,-0.,-0.));
#17571 = PLANE('',#17572);
#17572 = AXIS2_PLACEMENT_3D('',#17573,#17574,#17575);
#17573 = CARTESIAN_POINT('',(-117.1,60.5,4.3));
#17574 = DIRECTION('',(0.,0.,1.));
#17575 = DIRECTION('',(1.,0.,0.));
#17576 = ADVANCED_FACE('',(#17577),#17596,.F.);
#17577 = FACE_BOUND('',#17578,.F.);
#17578 = EDGE_LOOP('',(#17579,#17588,#17594,#17595));
#17579 = ORIENTED_EDGE('',*,*,#17580,.F.);
#17580 = EDGE_CURVE('',#17581,#17581,#17583,.T.);
#17581 = VERTEX_POINT('',#17582);
#17582 = CARTESIAN_POINT('',(-118.7,11.7,4.3));
#17583 = CIRCLE('',#17584,2.1);
#17584 = AXIS2_PLACEMENT_3D('',#17585,#17586,#17587);
#17585 = CARTESIAN_POINT('',(-116.6,11.7,4.3));
#17586 = DIRECTION('',(0.,0.,-1.));
#17587 = DIRECTION('',(-1.,-0.,-0.));
#17588 = ORIENTED_EDGE('',*,*,#17589,.T.);
#17589 = EDGE_CURVE('',#17581,#10070,#17590,.T.);
#17590 = LINE('',#17591,#17592);
#17591 = CARTESIAN_POINT('',(-118.7,11.7,4.3));
#17592 = VECTOR('',#17593,1.);
#17593 = DIRECTION('',(0.,0.,1.));
#17594 = ORIENTED_EDGE('',*,*,#10069,.F.);
#17595 = ORIENTED_EDGE('',*,*,#17589,.F.);
#17596 = CYLINDRICAL_SURFACE('',#17597,2.1);
#17597 = AXIS2_PLACEMENT_3D('',#17598,#17599,#17600);
#17598 = CARTESIAN_POINT('',(-116.6,11.7,4.3));
#17599 = DIRECTION('',(0.,0.,-1.));
#17600 = DIRECTION('',(-1.,-0.,-0.));
#17601 = ADVANCED_FACE('',(#17602),#17621,.F.);
#17602 = FACE_BOUND('',#17603,.F.);
#17603 = EDGE_LOOP('',(#17604,#17613,#17619,#17620));
#17604 = ORIENTED_EDGE('',*,*,#17605,.F.);
#17605 = EDGE_CURVE('',#17606,#17606,#17608,.T.);
#17606 = VERTEX_POINT('',#17607);
#17607 = CARTESIAN_POINT('',(-60.6,-4.4,4.3));
#17608 = CIRCLE('',#17609,2.1);
#17609 = AXIS2_PLACEMENT_3D('',#17610,#17611,#17612);
#17610 = CARTESIAN_POINT('',(-58.5,-4.4,4.3));
#17611 = DIRECTION('',(0.,0.,-1.));
#17612 = DIRECTION('',(-1.,-0.,-0.));
#17613 = ORIENTED_EDGE('',*,*,#17614,.T.);
#17614 = EDGE_CURVE('',#17606,#10124,#17615,.T.);
#17615 = LINE('',#17616,#17617);
#17616 = CARTESIAN_POINT('',(-60.6,-4.4,4.3));
#17617 = VECTOR('',#17618,1.);
#17618 = DIRECTION('',(0.,0.,1.));
#17619 = ORIENTED_EDGE('',*,*,#10123,.F.);
#17620 = ORIENTED_EDGE('',*,*,#17614,.F.);
#17621 = CYLINDRICAL_SURFACE('',#17622,2.1);
#17622 = AXIS2_PLACEMENT_3D('',#17623,#17624,#17625);
#17623 = CARTESIAN_POINT('',(-58.5,-4.4,4.3));
#17624 = DIRECTION('',(0.,0.,-1.));
#17625 = DIRECTION('',(-1.,-0.,-0.));
#17626 = ADVANCED_FACE('',(#17627,#17630),#17641,.T.);
#17627 = FACE_BOUND('',#17628,.F.);
#17628 = EDGE_LOOP('',(#17629));
#17629 = ORIENTED_EDGE('',*,*,#10198,.T.);
#17630 = FACE_BOUND('',#17631,.F.);
#17631 = EDGE_LOOP('',(#17632));
#17632 = ORIENTED_EDGE('',*,*,#17633,.T.);
#17633 = EDGE_CURVE('',#17634,#17634,#17636,.T.);
#17634 = VERTEX_POINT('',#17635);
#17635 = CARTESIAN_POINT('',(-113.95,-46.3,4.3));
#17636 = CIRCLE('',#17637,1.65);
#17637 = AXIS2_PLACEMENT_3D('',#17638,#17639,#17640);
#17638 = CARTESIAN_POINT('',(-112.3,-46.3,4.3));
#17639 = DIRECTION('',(0.,0.,1.));
#17640 = DIRECTION('',(-1.,-0.,-0.));
#17641 = PLANE('',#17642);
#17642 = AXIS2_PLACEMENT_3D('',#17643,#17644,#17645);
#17643 = CARTESIAN_POINT('',(-112.3,-46.3,4.3));
#17644 = DIRECTION('',(0.,0.,1.));
#17645 = DIRECTION('',(1.,0.,0.));
#17646 = ADVANCED_FACE('',(#17647),#17666,.F.);
#17647 = FACE_BOUND('',#17648,.F.);
#17648 = EDGE_LOOP('',(#17649,#17658,#17664,#17665));
#17649 = ORIENTED_EDGE('',*,*,#17650,.F.);
#17650 = EDGE_CURVE('',#17651,#17651,#17653,.T.);
#17651 = VERTEX_POINT('',#17652);
#17652 = CARTESIAN_POINT('',(-1.65,-11.5,0.9));
#17653 = CIRCLE('',#17654,1.65);
#17654 = AXIS2_PLACEMENT_3D('',#17655,#17656,#17657);
#17655 = CARTESIAN_POINT('',(0.,-11.5,0.9));
#17656 = DIRECTION('',(0.,0.,-1.));
#17657 = DIRECTION('',(-1.,-0.,-0.));
#17658 = ORIENTED_EDGE('',*,*,#17659,.T.);
#17659 = EDGE_CURVE('',#17651,#17484,#17660,.T.);
#17660 = LINE('',#17661,#17662);
#17661 = CARTESIAN_POINT('',(-1.65,-11.5,0.9));
#17662 = VECTOR('',#17663,1.);
#17663 = DIRECTION('',(0.,0.,1.));
#17664 = ORIENTED_EDGE('',*,*,#17483,.F.);
#17665 = ORIENTED_EDGE('',*,*,#17659,.F.);
#17666 = CYLINDRICAL_SURFACE('',#17667,1.65);
#17667 = AXIS2_PLACEMENT_3D('',#17668,#17669,#17670);
#17668 = CARTESIAN_POINT('',(0.,-11.5,0.9));
#17669 = DIRECTION('',(0.,0.,-1.));
#17670 = DIRECTION('',(-1.,-0.,-0.));
#17671 = ADVANCED_FACE('',(#17672),#17691,.F.);
#17672 = FACE_BOUND('',#17673,.F.);
#17673 = EDGE_LOOP('',(#17674,#17683,#17689,#17690));
#17674 = ORIENTED_EDGE('',*,*,#17675,.F.);
#17675 = EDGE_CURVE('',#17676,#17676,#17678,.T.);
#17676 = VERTEX_POINT('',#17677);
#17677 = CARTESIAN_POINT('',(9.85,22.,0.9));
#17678 = CIRCLE('',#17679,1.65);
#17679 = AXIS2_PLACEMENT_3D('',#17680,#17681,#17682);
#17680 = CARTESIAN_POINT('',(11.5,22.,0.9));
#17681 = DIRECTION('',(0.,0.,-1.));
#17682 = DIRECTION('',(-1.,-0.,-0.));
#17683 = ORIENTED_EDGE('',*,*,#17684,.T.);
#17684 = EDGE_CURVE('',#17676,#17504,#17685,.T.);
#17685 = LINE('',#17686,#17687);
#17686 = CARTESIAN_POINT('',(9.85,22.,0.9));
#17687 = VECTOR('',#17688,1.);
#17688 = DIRECTION('',(0.,0.,1.));
#17689 = ORIENTED_EDGE('',*,*,#17503,.F.);
#17690 = ORIENTED_EDGE('',*,*,#17684,.F.);
#17691 = CYLINDRICAL_SURFACE('',#17692,1.65);
#17692 = AXIS2_PLACEMENT_3D('',#17693,#17694,#17695);
#17693 = CARTESIAN_POINT('',(11.5,22.,0.9));
#17694 = DIRECTION('',(0.,0.,-1.));
#17695 = DIRECTION('',(-1.,-0.,-0.));
#17696 = ADVANCED_FACE('',(#17697),#17716,.F.);
#17697 = FACE_BOUND('',#17698,.F.);
#17698 = EDGE_LOOP('',(#17699,#17708,#17714,#17715));
#17699 = ORIENTED_EDGE('',*,*,#17700,.F.);
#17700 = EDGE_CURVE('',#17701,#17701,#17703,.T.);
#17701 = VERTEX_POINT('',#17702);
#17702 = CARTESIAN_POINT('',(-39.75,66.,0.9));
#17703 = CIRCLE('',#17704,1.65);
#17704 = AXIS2_PLACEMENT_3D('',#17705,#17706,#17707);
#17705 = CARTESIAN_POINT('',(-38.1,66.,0.9));
#17706 = DIRECTION('',(0.,0.,-1.));
#17707 = DIRECTION('',(-1.,-0.,-0.));
#17708 = ORIENTED_EDGE('',*,*,#17709,.T.);
#17709 = EDGE_CURVE('',#17701,#17524,#17710,.T.);
#17710 = LINE('',#17711,#17712);
#17711 = CARTESIAN_POINT('',(-39.75,66.,0.9));
#17712 = VECTOR('',#17713,1.);
#17713 = DIRECTION('',(0.,0.,1.));
#17714 = ORIENTED_EDGE('',*,*,#17523,.F.);
#17715 = ORIENTED_EDGE('',*,*,#17709,.F.);
#17716 = CYLINDRICAL_SURFACE('',#17717,1.65);
#17717 = AXIS2_PLACEMENT_3D('',#17718,#17719,#17720);
#17718 = CARTESIAN_POINT('',(-38.1,66.,0.9));
#17719 = DIRECTION('',(0.,0.,-1.));
#17720 = DIRECTION('',(-1.,-0.,-0.));
#17721 = ADVANCED_FACE('',(#17722),#17741,.F.);
#17722 = FACE_BOUND('',#17723,.F.);
#17723 = EDGE_LOOP('',(#17724,#17733,#17739,#17740));
#17724 = ORIENTED_EDGE('',*,*,#17725,.F.);
#17725 = EDGE_CURVE('',#17726,#17726,#17728,.T.);
#17726 = VERTEX_POINT('',#17727);
#17727 = CARTESIAN_POINT('',(-77.85,57.1,0.9));
#17728 = CIRCLE('',#17729,1.65);
#17729 = AXIS2_PLACEMENT_3D('',#17730,#17731,#17732);
#17730 = CARTESIAN_POINT('',(-76.2,57.1,0.9));
#17731 = DIRECTION('',(0.,0.,-1.));
#17732 = DIRECTION('',(-1.,-0.,-0.));
#17733 = ORIENTED_EDGE('',*,*,#17734,.T.);
#17734 = EDGE_CURVE('',#17726,#17544,#17735,.T.);
#17735 = LINE('',#17736,#17737);
#17736 = CARTESIAN_POINT('',(-77.85,57.1,0.9));
#17737 = VECTOR('',#17738,1.);
#17738 = DIRECTION('',(0.,0.,1.));
#17739 = ORIENTED_EDGE('',*,*,#17543,.F.);
#17740 = ORIENTED_EDGE('',*,*,#17734,.F.);
#17741 = CYLINDRICAL_SURFACE('',#17742,1.65);
#17742 = AXIS2_PLACEMENT_3D('',#17743,#17744,#17745);
#17743 = CARTESIAN_POINT('',(-76.2,57.1,0.9));
#17744 = DIRECTION('',(0.,0.,-1.));
#17745 = DIRECTION('',(-1.,-0.,-0.));
#17746 = ADVANCED_FACE('',(#17747),#17766,.F.);
#17747 = FACE_BOUND('',#17748,.F.);
#17748 = EDGE_LOOP('',(#17749,#17758,#17764,#17765));
#17749 = ORIENTED_EDGE('',*,*,#17750,.F.);
#17750 = EDGE_CURVE('',#17751,#17751,#17753,.T.);
#17751 = VERTEX_POINT('',#17752);
#17752 = CARTESIAN_POINT('',(-118.75,60.5,0.9));
#17753 = CIRCLE('',#17754,1.65);
#17754 = AXIS2_PLACEMENT_3D('',#17755,#17756,#17757);
#17755 = CARTESIAN_POINT('',(-117.1,60.5,0.9));
#17756 = DIRECTION('',(0.,0.,-1.));
#17757 = DIRECTION('',(-1.,-0.,-0.));
#17758 = ORIENTED_EDGE('',*,*,#17759,.T.);
#17759 = EDGE_CURVE('',#17751,#17564,#17760,.T.);
#17760 = LINE('',#17761,#17762);
#17761 = CARTESIAN_POINT('',(-118.75,60.5,0.9));
#17762 = VECTOR('',#17763,1.);
#17763 = DIRECTION('',(0.,0.,1.));
#17764 = ORIENTED_EDGE('',*,*,#17563,.F.);
#17765 = ORIENTED_EDGE('',*,*,#17759,.F.);
#17766 = CYLINDRICAL_SURFACE('',#17767,1.65);
#17767 = AXIS2_PLACEMENT_3D('',#17768,#17769,#17770);
#17768 = CARTESIAN_POINT('',(-117.1,60.5,0.9));
#17769 = DIRECTION('',(0.,0.,-1.));
#17770 = DIRECTION('',(-1.,-0.,-0.));
#17771 = ADVANCED_FACE('',(#17772,#17775),#17786,.T.);
#17772 = FACE_BOUND('',#17773,.F.);
#17773 = EDGE_LOOP('',(#17774));
#17774 = ORIENTED_EDGE('',*,*,#17580,.T.);
#17775 = FACE_BOUND('',#17776,.F.);
#17776 = EDGE_LOOP('',(#17777));
#17777 = ORIENTED_EDGE('',*,*,#17778,.T.);
#17778 = EDGE_CURVE('',#17779,#17779,#17781,.T.);
#17779 = VERTEX_POINT('',#17780);
#17780 = CARTESIAN_POINT('',(-118.25,11.7,4.3));
#17781 = CIRCLE('',#17782,1.65);
#17782 = AXIS2_PLACEMENT_3D('',#17783,#17784,#17785);
#17783 = CARTESIAN_POINT('',(-116.6,11.7,4.3));
#17784 = DIRECTION('',(0.,0.,1.));
#17785 = DIRECTION('',(-1.,-0.,-0.));
#17786 = PLANE('',#17787);
#17787 = AXIS2_PLACEMENT_3D('',#17788,#17789,#17790);
#17788 = CARTESIAN_POINT('',(-116.6,11.7,4.3));
#17789 = DIRECTION('',(0.,0.,1.));
#17790 = DIRECTION('',(1.,0.,0.));
#17791 = ADVANCED_FACE('',(#17792,#17795),#17806,.T.);
#17792 = FACE_BOUND('',#17793,.F.);
#17793 = EDGE_LOOP('',(#17794));
#17794 = ORIENTED_EDGE('',*,*,#17605,.T.);
#17795 = FACE_BOUND('',#17796,.F.);
#17796 = EDGE_LOOP('',(#17797));
#17797 = ORIENTED_EDGE('',*,*,#17798,.T.);
#17798 = EDGE_CURVE('',#17799,#17799,#17801,.T.);
#17799 = VERTEX_POINT('',#17800);
#17800 = CARTESIAN_POINT('',(-60.15,-4.4,4.3));
#17801 = CIRCLE('',#17802,1.65);
#17802 = AXIS2_PLACEMENT_3D('',#17803,#17804,#17805);
#17803 = CARTESIAN_POINT('',(-58.5,-4.4,4.3));
#17804 = DIRECTION('',(0.,0.,1.));
#17805 = DIRECTION('',(-1.,-0.,-0.));
#17806 = PLANE('',#17807);
#17807 = AXIS2_PLACEMENT_3D('',#17808,#17809,#17810);
#17808 = CARTESIAN_POINT('',(-58.5,-4.4,4.3));
#17809 = DIRECTION('',(0.,0.,1.));
#17810 = DIRECTION('',(1.,0.,0.));
#17811 = ADVANCED_FACE('',(#17812),#17831,.F.);
#17812 = FACE_BOUND('',#17813,.F.);
#17813 = EDGE_LOOP('',(#17814,#17823,#17829,#17830));
#17814 = ORIENTED_EDGE('',*,*,#17815,.F.);
#17815 = EDGE_CURVE('',#17816,#17816,#17818,.T.);
#17816 = VERTEX_POINT('',#17817);
#17817 = CARTESIAN_POINT('',(-113.95,-46.3,0.9));
#17818 = CIRCLE('',#17819,1.65);
#17819 = AXIS2_PLACEMENT_3D('',#17820,#17821,#17822);
#17820 = CARTESIAN_POINT('',(-112.3,-46.3,0.9));
#17821 = DIRECTION('',(0.,0.,-1.));
#17822 = DIRECTION('',(-1.,-0.,-0.));
#17823 = ORIENTED_EDGE('',*,*,#17824,.T.);
#17824 = EDGE_CURVE('',#17816,#17634,#17825,.T.);
#17825 = LINE('',#17826,#17827);
#17826 = CARTESIAN_POINT('',(-113.95,-46.3,0.9));
#17827 = VECTOR('',#17828,1.);
#17828 = DIRECTION('',(0.,0.,1.));
#17829 = ORIENTED_EDGE('',*,*,#17633,.F.);
#17830 = ORIENTED_EDGE('',*,*,#17824,.F.);
#17831 = CYLINDRICAL_SURFACE('',#17832,1.65);
#17832 = AXIS2_PLACEMENT_3D('',#17833,#17834,#17835);
#17833 = CARTESIAN_POINT('',(-112.3,-46.3,0.9));
#17834 = DIRECTION('',(0.,0.,-1.));
#17835 = DIRECTION('',(-1.,-0.,-0.));
#17836 = ADVANCED_FACE('',(#17837),#17840,.T.);
#17837 = FACE_BOUND('',#17838,.T.);
#17838 = EDGE_LOOP('',(#17839));
#17839 = ORIENTED_EDGE('',*,*,#17650,.F.);
#17840 = PLANE('',#17841);
#17841 = AXIS2_PLACEMENT_3D('',#17842,#17843,#17844);
#17842 = CARTESIAN_POINT('',(0.,-11.5,0.9));
#17843 = DIRECTION('',(0.,0.,1.));
#17844 = DIRECTION('',(1.,0.,0.));
#17845 = ADVANCED_FACE('',(#17846),#17849,.T.);
#17846 = FACE_BOUND('',#17847,.T.);
#17847 = EDGE_LOOP('',(#17848));
#17848 = ORIENTED_EDGE('',*,*,#17675,.F.);
#17849 = PLANE('',#17850);
#17850 = AXIS2_PLACEMENT_3D('',#17851,#17852,#17853);
#17851 = CARTESIAN_POINT('',(11.5,22.,0.9));
#17852 = DIRECTION('',(0.,0.,1.));
#17853 = DIRECTION('',(1.,0.,0.));
#17854 = ADVANCED_FACE('',(#17855),#17858,.T.);
#17855 = FACE_BOUND('',#17856,.T.);
#17856 = EDGE_LOOP('',(#17857));
#17857 = ORIENTED_EDGE('',*,*,#17700,.F.);
#17858 = PLANE('',#17859);
#17859 = AXIS2_PLACEMENT_3D('',#17860,#17861,#17862);
#17860 = CARTESIAN_POINT('',(-38.1,66.,0.9));
#17861 = DIRECTION('',(0.,0.,1.));
#17862 = DIRECTION('',(1.,0.,0.));
#17863 = ADVANCED_FACE('',(#17864),#17867,.T.);
#17864 = FACE_BOUND('',#17865,.T.);
#17865 = EDGE_LOOP('',(#17866));
#17866 = ORIENTED_EDGE('',*,*,#17725,.F.);
#17867 = PLANE('',#17868);
#17868 = AXIS2_PLACEMENT_3D('',#17869,#17870,#17871);
#17869 = CARTESIAN_POINT('',(-76.2,57.1,0.9));
#17870 = DIRECTION('',(0.,0.,1.));
#17871 = DIRECTION('',(1.,0.,0.));
#17872 = ADVANCED_FACE('',(#17873),#17876,.T.);
#17873 = FACE_BOUND('',#17874,.T.);
#17874 = EDGE_LOOP('',(#17875));
#17875 = ORIENTED_EDGE('',*,*,#17750,.F.);
#17876 = PLANE('',#17877);
#17877 = AXIS2_PLACEMENT_3D('',#17878,#17879,#17880);
#17878 = CARTESIAN_POINT('',(-117.1,60.5,0.9));
#17879 = DIRECTION('',(0.,0.,1.));
#17880 = DIRECTION('',(1.,0.,0.));
#17881 = ADVANCED_FACE('',(#17882),#17901,.F.);
#17882 = FACE_BOUND('',#17883,.F.);
#17883 = EDGE_LOOP('',(#17884,#17893,#17899,#17900));
#17884 = ORIENTED_EDGE('',*,*,#17885,.F.);
#17885 = EDGE_CURVE('',#17886,#17886,#17888,.T.);
#17886 = VERTEX_POINT('',#17887);
#17887 = CARTESIAN_POINT('',(-118.25,11.7,0.9));
#17888 = CIRCLE('',#17889,1.65);
#17889 = AXIS2_PLACEMENT_3D('',#17890,#17891,#17892);
#17890 = CARTESIAN_POINT('',(-116.6,11.7,0.9));
#17891 = DIRECTION('',(0.,0.,-1.));
#17892 = DIRECTION('',(-1.,-0.,-0.));
#17893 = ORIENTED_EDGE('',*,*,#17894,.T.);
#17894 = EDGE_CURVE('',#17886,#17779,#17895,.T.);
#17895 = LINE('',#17896,#17897);
#17896 = CARTESIAN_POINT('',(-118.25,11.7,0.9));
#17897 = VECTOR('',#17898,1.);
#17898 = DIRECTION('',(0.,0.,1.));
#17899 = ORIENTED_EDGE('',*,*,#17778,.F.);
#17900 = ORIENTED_EDGE('',*,*,#17894,.F.);
#17901 = CYLINDRICAL_SURFACE('',#17902,1.65);
#17902 = AXIS2_PLACEMENT_3D('',#17903,#17904,#17905);
#17903 = CARTESIAN_POINT('',(-116.6,11.7,0.9));
#17904 = DIRECTION('',(0.,0.,-1.));
#17905 = DIRECTION('',(-1.,-0.,-0.));
#17906 = ADVANCED_FACE('',(#17907),#17926,.F.);
#17907 = FACE_BOUND('',#17908,.F.);
#17908 = EDGE_LOOP('',(#17909,#17918,#17924,#17925));
#17909 = ORIENTED_EDGE('',*,*,#17910,.F.);
#17910 = EDGE_CURVE('',#17911,#17911,#17913,.T.);
#17911 = VERTEX_POINT('',#17912);
#17912 = CARTESIAN_POINT('',(-60.15,-4.4,0.9));
#17913 = CIRCLE('',#17914,1.65);
#17914 = AXIS2_PLACEMENT_3D('',#17915,#17916,#17917);
#17915 = CARTESIAN_POINT('',(-58.5,-4.4,0.9));
#17916 = DIRECTION('',(0.,0.,-1.));
#17917 = DIRECTION('',(-1.,-0.,-0.));
#17918 = ORIENTED_EDGE('',*,*,#17919,.T.);
#17919 = EDGE_CURVE('',#17911,#17799,#17920,.T.);
#17920 = LINE('',#17921,#17922);
#17921 = CARTESIAN_POINT('',(-60.15,-4.4,0.9));
#17922 = VECTOR('',#17923,1.);
#17923 = DIRECTION('',(0.,0.,1.));
#17924 = ORIENTED_EDGE('',*,*,#17798,.F.);
#17925 = ORIENTED_EDGE('',*,*,#17919,.F.);
#17926 = CYLINDRICAL_SURFACE('',#17927,1.65);
#17927 = AXIS2_PLACEMENT_3D('',#17928,#17929,#17930);
#17928 = CARTESIAN_POINT('',(-58.5,-4.4,0.9));
#17929 = DIRECTION('',(0.,0.,-1.));
#17930 = DIRECTION('',(-1.,-0.,-0.));
#17931 = ADVANCED_FACE('',(#17932),#17935,.T.);
#17932 = FACE_BOUND('',#17933,.T.);
#17933 = EDGE_LOOP('',(#17934));
#17934 = ORIENTED_EDGE('',*,*,#17815,.F.);
#17935 = PLANE('',#17936);
#17936 = AXIS2_PLACEMENT_3D('',#17937,#17938,#17939);
#17937 = CARTESIAN_POINT('',(-112.3,-46.3,0.9));
#17938 = DIRECTION('',(0.,0.,1.));
#17939 = DIRECTION('',(1.,0.,0.));
#17940 = ADVANCED_FACE('',(#17941),#17944,.T.);
#17941 = FACE_BOUND('',#17942,.T.);
#17942 = EDGE_LOOP('',(#17943));
#17943 = ORIENTED_EDGE('',*,*,#17885,.F.);
#17944 = PLANE('',#17945);
#17945 = AXIS2_PLACEMENT_3D('',#17946,#17947,#17948);
#17946 = CARTESIAN_POINT('',(-116.6,11.7,0.9));
#17947 = DIRECTION('',(0.,0.,1.));
#17948 = DIRECTION('',(1.,0.,0.));
#17949 = ADVANCED_FACE('',(#17950),#17953,.T.);
#17950 = FACE_BOUND('',#17951,.T.);
#17951 = EDGE_LOOP('',(#17952));
#17952 = ORIENTED_EDGE('',*,*,#17910,.F.);
#17953 = PLANE('',#17954);
#17954 = AXIS2_PLACEMENT_3D('',#17955,#17956,#17957);
#17955 = CARTESIAN_POINT('',(-58.5,-4.4,0.9));
#17956 = DIRECTION('',(0.,0.,1.));
#17957 = DIRECTION('',(1.,0.,0.));
#17958 = ADVANCED_FACE('',(#17959,#18258,#18269,#18280,#18291,#18302,
    #18313,#18324,#18335,#18364),#18375,.T.);
#17959 = FACE_BOUND('',#17960,.T.);
#17960 = EDGE_LOOP('',(#17961,#17962,#17963,#17964,#17965,#17966,#17967,
    #17968,#17969,#17970,#17971,#17972,#17973,#17974,#17975,#17976,
    #17977,#17978,#17979,#17980,#17981,#17982,#17983,#17984,#17985,
    #17986,#17987,#17988,#17989,#17990,#17991,#17992,#17993,#17994,
    #17995,#17996,#17997,#17998,#17999,#18000,#18001,#18002,#18003,
    #18004,#18005,#18006,#18007,#18008,#18009,#18010,#18011,#18012,
    #18013,#18014,#18015,#18016,#18017,#18018,#18019,#18020,#18021,
    #18022,#18023,#18024,#18025,#18026,#18027,#18028,#18029,#18030,
    #18031,#18032,#18033,#18034,#18035,#18036,#18037,#18038,#18039,
    #18040,#18041,#18042,#18043,#18044,#18045,#18046,#18047,#18048,
    #18049,#18050,#18051,#18052,#18053,#18054,#18055,#18056,#18057,
    #18058,#18059,#18060,#18061,#18062,#18063,#18064,#18065,#18066,
    #18067,#18068,#18069,#18070,#18071,#18072,#18073,#18074,#18075,
    #18076,#18077,#18078,#18079,#18080,#18081,#18082,#18083,#18084,
    #18085,#18086,#18087,#18088,#18089,#18090,#18091,#18092,#18093,
    #18094,#18095,#18096,#18097,#18098,#18099,#18100,#18101,#18102,
    #18103,#18104,#18105,#18106,#18107,#18108,#18109,#18110,#18111,
    #18112,#18113,#18114,#18115,#18116,#18117,#18118,#18119,#18120,
    #18121,#18122,#18123,#18124,#18125,#18126,#18127,#18128,#18129,
    #18130,#18131,#18132,#18133,#18134,#18135,#18136,#18137,#18138,
    #18139,#18140,#18141,#18142,#18143,#18144,#18145,#18146,#18147,
    #18148,#18149,#18150,#18151,#18152,#18153,#18154,#18155,#18156,
    #18157,#18158,#18159,#18160,#18161,#18162,#18163,#18164,#18165,
    #18166,#18167,#18168,#18169,#18170,#18171,#18172,#18173,#18174,
    #18175,#18176,#18177,#18178,#18179,#18180,#18181,#18182,#18183,
    #18184,#18185,#18186,#18187,#18188,#18189,#18190,#18191,#18192,
    #18193,#18194,#18195,#18196,#18197,#18198,#18199,#18200,#18201,
    #18202,#18203,#18204,#18205,#18206,#18207,#18208,#18209,#18210,
    #18211,#18212,#18213,#18214,#18215,#18216,#18217,#18218,#18219,
    #18220,#18221,#18222,#18223,#18224,#18225,#18226,#18227,#18228,
    #18229,#18230,#18231,#18232,#18233,#18234,#18235,#18236,#18237,
    #18238,#18239,#18240,#18241,#18242,#18243,#18244,#18245,#18246,
    #18247,#18248,#18249,#18250,#18251,#18252,#18253,#18254,#18255,
    #18256,#18257));
#17961 = ORIENTED_EDGE('',*,*,#17466,.T.);
#17962 = ORIENTED_EDGE('',*,*,#17448,.F.);
#17963 = ORIENTED_EDGE('',*,*,#17424,.T.);
#17964 = ORIENTED_EDGE('',*,*,#17399,.F.);
#17965 = ORIENTED_EDGE('',*,*,#17375,.T.);
#17966 = ORIENTED_EDGE('',*,*,#17350,.F.);
#17967 = ORIENTED_EDGE('',*,*,#17326,.T.);
#17968 = ORIENTED_EDGE('',*,*,#17301,.F.);
#17969 = ORIENTED_EDGE('',*,*,#17277,.T.);
#17970 = ORIENTED_EDGE('',*,*,#17252,.F.);
#17971 = ORIENTED_EDGE('',*,*,#17228,.T.);
#17972 = ORIENTED_EDGE('',*,*,#17203,.F.);
#17973 = ORIENTED_EDGE('',*,*,#17179,.T.);
#17974 = ORIENTED_EDGE('',*,*,#17154,.F.);
#17975 = ORIENTED_EDGE('',*,*,#17130,.T.);
#17976 = ORIENTED_EDGE('',*,*,#17105,.F.);
#17977 = ORIENTED_EDGE('',*,*,#17081,.T.);
#17978 = ORIENTED_EDGE('',*,*,#17056,.F.);
#17979 = ORIENTED_EDGE('',*,*,#17032,.T.);
#17980 = ORIENTED_EDGE('',*,*,#17007,.F.);
#17981 = ORIENTED_EDGE('',*,*,#16983,.T.);
#17982 = ORIENTED_EDGE('',*,*,#16958,.F.);
#17983 = ORIENTED_EDGE('',*,*,#16934,.T.);
#17984 = ORIENTED_EDGE('',*,*,#16909,.F.);
#17985 = ORIENTED_EDGE('',*,*,#16885,.T.);
#17986 = ORIENTED_EDGE('',*,*,#16860,.F.);
#17987 = ORIENTED_EDGE('',*,*,#16836,.T.);
#17988 = ORIENTED_EDGE('',*,*,#16811,.F.);
#17989 = ORIENTED_EDGE('',*,*,#16787,.T.);
#17990 = ORIENTED_EDGE('',*,*,#16762,.F.);
#17991 = ORIENTED_EDGE('',*,*,#16738,.T.);
#17992 = ORIENTED_EDGE('',*,*,#16713,.F.);
#17993 = ORIENTED_EDGE('',*,*,#16689,.T.);
#17994 = ORIENTED_EDGE('',*,*,#16665,.T.);
#17995 = ORIENTED_EDGE('',*,*,#16640,.F.);
#17996 = ORIENTED_EDGE('',*,*,#16616,.T.);
#17997 = ORIENTED_EDGE('',*,*,#16591,.F.);
#17998 = ORIENTED_EDGE('',*,*,#16567,.T.);
#17999 = ORIENTED_EDGE('',*,*,#16543,.T.);
#18000 = ORIENTED_EDGE('',*,*,#16519,.T.);
#18001 = ORIENTED_EDGE('',*,*,#16495,.T.);
#18002 = ORIENTED_EDGE('',*,*,#16471,.T.);
#18003 = ORIENTED_EDGE('',*,*,#16447,.T.);
#18004 = ORIENTED_EDGE('',*,*,#16423,.T.);
#18005 = ORIENTED_EDGE('',*,*,#16399,.T.);
#18006 = ORIENTED_EDGE('',*,*,#16375,.T.);
#18007 = ORIENTED_EDGE('',*,*,#16351,.T.);
#18008 = ORIENTED_EDGE('',*,*,#16327,.T.);
#18009 = ORIENTED_EDGE('',*,*,#16303,.T.);
#18010 = ORIENTED_EDGE('',*,*,#16279,.T.);
#18011 = ORIENTED_EDGE('',*,*,#16255,.T.);
#18012 = ORIENTED_EDGE('',*,*,#16231,.T.);
#18013 = ORIENTED_EDGE('',*,*,#16207,.T.);
#18014 = ORIENTED_EDGE('',*,*,#16182,.F.);
#18015 = ORIENTED_EDGE('',*,*,#16158,.T.);
#18016 = ORIENTED_EDGE('',*,*,#16133,.F.);
#18017 = ORIENTED_EDGE('',*,*,#16109,.T.);
#18018 = ORIENTED_EDGE('',*,*,#16084,.F.);
#18019 = ORIENTED_EDGE('',*,*,#16060,.T.);
#18020 = ORIENTED_EDGE('',*,*,#16035,.F.);
#18021 = ORIENTED_EDGE('',*,*,#16011,.T.);
#18022 = ORIENTED_EDGE('',*,*,#15986,.F.);
#18023 = ORIENTED_EDGE('',*,*,#15962,.T.);
#18024 = ORIENTED_EDGE('',*,*,#15937,.F.);
#18025 = ORIENTED_EDGE('',*,*,#15913,.T.);
#18026 = ORIENTED_EDGE('',*,*,#15888,.F.);
#18027 = ORIENTED_EDGE('',*,*,#15864,.T.);
#18028 = ORIENTED_EDGE('',*,*,#15839,.F.);
#18029 = ORIENTED_EDGE('',*,*,#15815,.T.);
#18030 = ORIENTED_EDGE('',*,*,#15790,.F.);
#18031 = ORIENTED_EDGE('',*,*,#15766,.T.);
#18032 = ORIENTED_EDGE('',*,*,#15741,.F.);
#18033 = ORIENTED_EDGE('',*,*,#15717,.T.);
#18034 = ORIENTED_EDGE('',*,*,#15692,.F.);
#18035 = ORIENTED_EDGE('',*,*,#15668,.T.);
#18036 = ORIENTED_EDGE('',*,*,#15643,.F.);
#18037 = ORIENTED_EDGE('',*,*,#15619,.T.);
#18038 = ORIENTED_EDGE('',*,*,#15594,.F.);
#18039 = ORIENTED_EDGE('',*,*,#15570,.T.);
#18040 = ORIENTED_EDGE('',*,*,#15545,.F.);
#18041 = ORIENTED_EDGE('',*,*,#15521,.T.);
#18042 = ORIENTED_EDGE('',*,*,#15496,.F.);
#18043 = ORIENTED_EDGE('',*,*,#15472,.T.);
#18044 = ORIENTED_EDGE('',*,*,#15447,.F.);
#18045 = ORIENTED_EDGE('',*,*,#15423,.T.);
#18046 = ORIENTED_EDGE('',*,*,#15398,.F.);
#18047 = ORIENTED_EDGE('',*,*,#15374,.T.);
#18048 = ORIENTED_EDGE('',*,*,#15349,.F.);
#18049 = ORIENTED_EDGE('',*,*,#15299,.T.);
#18050 = ORIENTED_EDGE('',*,*,#15284,.F.);
#18051 = ORIENTED_EDGE('',*,*,#15260,.T.);
#18052 = ORIENTED_EDGE('',*,*,#15235,.F.);
#18053 = ORIENTED_EDGE('',*,*,#15211,.T.);
#18054 = ORIENTED_EDGE('',*,*,#15186,.F.);
#18055 = ORIENTED_EDGE('',*,*,#15162,.T.);
#18056 = ORIENTED_EDGE('',*,*,#15137,.F.);
#18057 = ORIENTED_EDGE('',*,*,#15113,.T.);
#18058 = ORIENTED_EDGE('',*,*,#15088,.F.);
#18059 = ORIENTED_EDGE('',*,*,#15064,.T.);
#18060 = ORIENTED_EDGE('',*,*,#15040,.T.);
#18061 = ORIENTED_EDGE('',*,*,#15016,.T.);
#18062 = ORIENTED_EDGE('',*,*,#14992,.T.);
#18063 = ORIENTED_EDGE('',*,*,#14968,.T.);
#18064 = ORIENTED_EDGE('',*,*,#14944,.T.);
#18065 = ORIENTED_EDGE('',*,*,#14920,.T.);
#18066 = ORIENTED_EDGE('',*,*,#14896,.T.);
#18067 = ORIENTED_EDGE('',*,*,#14872,.T.);
#18068 = ORIENTED_EDGE('',*,*,#14848,.T.);
#18069 = ORIENTED_EDGE('',*,*,#14823,.F.);
#18070 = ORIENTED_EDGE('',*,*,#14799,.T.);
#18071 = ORIENTED_EDGE('',*,*,#14774,.F.);
#18072 = ORIENTED_EDGE('',*,*,#14750,.T.);
#18073 = ORIENTED_EDGE('',*,*,#14725,.F.);
#18074 = ORIENTED_EDGE('',*,*,#14701,.T.);
#18075 = ORIENTED_EDGE('',*,*,#14676,.F.);
#18076 = ORIENTED_EDGE('',*,*,#14652,.T.);
#18077 = ORIENTED_EDGE('',*,*,#14627,.F.);
#18078 = ORIENTED_EDGE('',*,*,#14603,.T.);
#18079 = ORIENTED_EDGE('',*,*,#14579,.T.);
#18080 = ORIENTED_EDGE('',*,*,#14555,.T.);
#18081 = ORIENTED_EDGE('',*,*,#14531,.T.);
#18082 = ORIENTED_EDGE('',*,*,#14507,.T.);
#18083 = ORIENTED_EDGE('',*,*,#14483,.T.);
#18084 = ORIENTED_EDGE('',*,*,#14459,.T.);
#18085 = ORIENTED_EDGE('',*,*,#14434,.F.);
#18086 = ORIENTED_EDGE('',*,*,#14410,.T.);
#18087 = ORIENTED_EDGE('',*,*,#14385,.F.);
#18088 = ORIENTED_EDGE('',*,*,#14361,.T.);
#18089 = ORIENTED_EDGE('',*,*,#14336,.F.);
#18090 = ORIENTED_EDGE('',*,*,#14312,.T.);
#18091 = ORIENTED_EDGE('',*,*,#14287,.F.);
#18092 = ORIENTED_EDGE('',*,*,#14263,.T.);
#18093 = ORIENTED_EDGE('',*,*,#14238,.F.);
#18094 = ORIENTED_EDGE('',*,*,#14214,.T.);
#18095 = ORIENTED_EDGE('',*,*,#14189,.F.);
#18096 = ORIENTED_EDGE('',*,*,#14165,.T.);
#18097 = ORIENTED_EDGE('',*,*,#14140,.F.);
#18098 = ORIENTED_EDGE('',*,*,#14116,.T.);
#18099 = ORIENTED_EDGE('',*,*,#14091,.F.);
#18100 = ORIENTED_EDGE('',*,*,#14067,.T.);
#18101 = ORIENTED_EDGE('',*,*,#14042,.F.);
#18102 = ORIENTED_EDGE('',*,*,#14018,.T.);
#18103 = ORIENTED_EDGE('',*,*,#13993,.F.);
#18104 = ORIENTED_EDGE('',*,*,#13969,.T.);
#18105 = ORIENTED_EDGE('',*,*,#13944,.F.);
#18106 = ORIENTED_EDGE('',*,*,#13920,.T.);
#18107 = ORIENTED_EDGE('',*,*,#13895,.F.);
#18108 = ORIENTED_EDGE('',*,*,#13871,.T.);
#18109 = ORIENTED_EDGE('',*,*,#13846,.F.);
#18110 = ORIENTED_EDGE('',*,*,#13822,.T.);
#18111 = ORIENTED_EDGE('',*,*,#13798,.T.);
#18112 = ORIENTED_EDGE('',*,*,#13774,.T.);
#18113 = ORIENTED_EDGE('',*,*,#13750,.T.);
#18114 = ORIENTED_EDGE('',*,*,#13726,.T.);
#18115 = ORIENTED_EDGE('',*,*,#13702,.T.);
#18116 = ORIENTED_EDGE('',*,*,#13678,.T.);
#18117 = ORIENTED_EDGE('',*,*,#13653,.F.);
#18118 = ORIENTED_EDGE('',*,*,#13629,.T.);
#18119 = ORIENTED_EDGE('',*,*,#13604,.F.);
#18120 = ORIENTED_EDGE('',*,*,#13580,.T.);
#18121 = ORIENTED_EDGE('',*,*,#13555,.F.);
#18122 = ORIENTED_EDGE('',*,*,#13531,.T.);
#18123 = ORIENTED_EDGE('',*,*,#13506,.F.);
#18124 = ORIENTED_EDGE('',*,*,#13482,.T.);
#18125 = ORIENTED_EDGE('',*,*,#13457,.F.);
#18126 = ORIENTED_EDGE('',*,*,#13433,.T.);
#18127 = ORIENTED_EDGE('',*,*,#13408,.F.);
#18128 = ORIENTED_EDGE('',*,*,#13384,.T.);
#18129 = ORIENTED_EDGE('',*,*,#13359,.F.);
#18130 = ORIENTED_EDGE('',*,*,#13335,.T.);
#18131 = ORIENTED_EDGE('',*,*,#13310,.F.);
#18132 = ORIENTED_EDGE('',*,*,#13286,.T.);
#18133 = ORIENTED_EDGE('',*,*,#13262,.T.);
#18134 = ORIENTED_EDGE('',*,*,#13238,.T.);
#18135 = ORIENTED_EDGE('',*,*,#13214,.T.);
#18136 = ORIENTED_EDGE('',*,*,#13190,.T.);
#18137 = ORIENTED_EDGE('',*,*,#13166,.T.);
#18138 = ORIENTED_EDGE('',*,*,#13142,.T.);
#18139 = ORIENTED_EDGE('',*,*,#13118,.T.);
#18140 = ORIENTED_EDGE('',*,*,#13094,.T.);
#18141 = ORIENTED_EDGE('',*,*,#13069,.F.);
#18142 = ORIENTED_EDGE('',*,*,#13045,.T.);
#18143 = ORIENTED_EDGE('',*,*,#13020,.F.);
#18144 = ORIENTED_EDGE('',*,*,#12996,.T.);
#18145 = ORIENTED_EDGE('',*,*,#12971,.F.);
#18146 = ORIENTED_EDGE('',*,*,#12947,.T.);
#18147 = ORIENTED_EDGE('',*,*,#12922,.F.);
#18148 = ORIENTED_EDGE('',*,*,#12898,.T.);
#18149 = ORIENTED_EDGE('',*,*,#12873,.F.);
#18150 = ORIENTED_EDGE('',*,*,#12849,.T.);
#18151 = ORIENTED_EDGE('',*,*,#12824,.F.);
#18152 = ORIENTED_EDGE('',*,*,#12800,.T.);
#18153 = ORIENTED_EDGE('',*,*,#12775,.F.);
#18154 = ORIENTED_EDGE('',*,*,#12751,.T.);
#18155 = ORIENTED_EDGE('',*,*,#12726,.F.);
#18156 = ORIENTED_EDGE('',*,*,#12702,.T.);
#18157 = ORIENTED_EDGE('',*,*,#12677,.F.);
#18158 = ORIENTED_EDGE('',*,*,#12653,.T.);
#18159 = ORIENTED_EDGE('',*,*,#12628,.F.);
#18160 = ORIENTED_EDGE('',*,*,#12604,.T.);
#18161 = ORIENTED_EDGE('',*,*,#12579,.F.);
#18162 = ORIENTED_EDGE('',*,*,#12555,.T.);
#18163 = ORIENTED_EDGE('',*,*,#12530,.F.);
#18164 = ORIENTED_EDGE('',*,*,#12506,.T.);
#18165 = ORIENTED_EDGE('',*,*,#12481,.F.);
#18166 = ORIENTED_EDGE('',*,*,#12457,.T.);
#18167 = ORIENTED_EDGE('',*,*,#12432,.F.);
#18168 = ORIENTED_EDGE('',*,*,#12408,.T.);
#18169 = ORIENTED_EDGE('',*,*,#12383,.F.);
#18170 = ORIENTED_EDGE('',*,*,#12359,.T.);
#18171 = ORIENTED_EDGE('',*,*,#12334,.F.);
#18172 = ORIENTED_EDGE('',*,*,#12310,.T.);
#18173 = ORIENTED_EDGE('',*,*,#12285,.F.);
#18174 = ORIENTED_EDGE('',*,*,#12261,.T.);
#18175 = ORIENTED_EDGE('',*,*,#12236,.F.);
#18176 = ORIENTED_EDGE('',*,*,#12212,.T.);
#18177 = ORIENTED_EDGE('',*,*,#12188,.T.);
#18178 = ORIENTED_EDGE('',*,*,#12164,.T.);
#18179 = ORIENTED_EDGE('',*,*,#12140,.T.);
#18180 = ORIENTED_EDGE('',*,*,#12116,.T.);
#18181 = ORIENTED_EDGE('',*,*,#12092,.T.);
#18182 = ORIENTED_EDGE('',*,*,#12068,.T.);
#18183 = ORIENTED_EDGE('',*,*,#12044,.T.);
#18184 = ORIENTED_EDGE('',*,*,#12019,.F.);
#18185 = ORIENTED_EDGE('',*,*,#11995,.T.);
#18186 = ORIENTED_EDGE('',*,*,#11970,.F.);
#18187 = ORIENTED_EDGE('',*,*,#11946,.T.);
#18188 = ORIENTED_EDGE('',*,*,#11921,.F.);
#18189 = ORIENTED_EDGE('',*,*,#11897,.T.);
#18190 = ORIENTED_EDGE('',*,*,#11872,.F.);
#18191 = ORIENTED_EDGE('',*,*,#11848,.T.);
#18192 = ORIENTED_EDGE('',*,*,#11823,.F.);
#18193 = ORIENTED_EDGE('',*,*,#11799,.T.);
#18194 = ORIENTED_EDGE('',*,*,#11774,.F.);
#18195 = ORIENTED_EDGE('',*,*,#11750,.T.);
#18196 = ORIENTED_EDGE('',*,*,#11725,.F.);
#18197 = ORIENTED_EDGE('',*,*,#11701,.T.);
#18198 = ORIENTED_EDGE('',*,*,#11676,.F.);
#18199 = ORIENTED_EDGE('',*,*,#11652,.T.);
#18200 = ORIENTED_EDGE('',*,*,#11627,.F.);
#18201 = ORIENTED_EDGE('',*,*,#11603,.T.);
#18202 = ORIENTED_EDGE('',*,*,#11578,.F.);
#18203 = ORIENTED_EDGE('',*,*,#11554,.T.);
#18204 = ORIENTED_EDGE('',*,*,#11529,.F.);
#18205 = ORIENTED_EDGE('',*,*,#11505,.T.);
#18206 = ORIENTED_EDGE('',*,*,#11480,.F.);
#18207 = ORIENTED_EDGE('',*,*,#11456,.T.);
#18208 = ORIENTED_EDGE('',*,*,#11431,.F.);
#18209 = ORIENTED_EDGE('',*,*,#11407,.T.);
#18210 = ORIENTED_EDGE('',*,*,#11382,.F.);
#18211 = ORIENTED_EDGE('',*,*,#11358,.T.);
#18212 = ORIENTED_EDGE('',*,*,#11334,.T.);
#18213 = ORIENTED_EDGE('',*,*,#11310,.T.);
#18214 = ORIENTED_EDGE('',*,*,#11286,.T.);
#18215 = ORIENTED_EDGE('',*,*,#11262,.T.);
#18216 = ORIENTED_EDGE('',*,*,#11238,.T.);
#18217 = ORIENTED_EDGE('',*,*,#11214,.T.);
#18218 = ORIENTED_EDGE('',*,*,#11190,.T.);
#18219 = ORIENTED_EDGE('',*,*,#11166,.T.);
#18220 = ORIENTED_EDGE('',*,*,#11142,.T.);
#18221 = ORIENTED_EDGE('',*,*,#11118,.T.);
#18222 = ORIENTED_EDGE('',*,*,#11094,.T.);
#18223 = ORIENTED_EDGE('',*,*,#11070,.T.);
#18224 = ORIENTED_EDGE('',*,*,#11046,.T.);
#18225 = ORIENTED_EDGE('',*,*,#11022,.T.);
#18226 = ORIENTED_EDGE('',*,*,#10998,.T.);
#18227 = ORIENTED_EDGE('',*,*,#10973,.F.);
#18228 = ORIENTED_EDGE('',*,*,#10949,.T.);
#18229 = ORIENTED_EDGE('',*,*,#10924,.F.);
#18230 = ORIENTED_EDGE('',*,*,#10900,.T.);
#18231 = ORIENTED_EDGE('',*,*,#10875,.F.);
#18232 = ORIENTED_EDGE('',*,*,#10851,.T.);
#18233 = ORIENTED_EDGE('',*,*,#10826,.F.);
#18234 = ORIENTED_EDGE('',*,*,#10802,.T.);
#18235 = ORIENTED_EDGE('',*,*,#10777,.F.);
#18236 = ORIENTED_EDGE('',*,*,#10753,.T.);
#18237 = ORIENTED_EDGE('',*,*,#10728,.F.);
#18238 = ORIENTED_EDGE('',*,*,#10704,.T.);
#18239 = ORIENTED_EDGE('',*,*,#10679,.F.);
#18240 = ORIENTED_EDGE('',*,*,#10655,.T.);
#18241 = ORIENTED_EDGE('',*,*,#10630,.F.);
#18242 = ORIENTED_EDGE('',*,*,#10606,.T.);
#18243 = ORIENTED_EDGE('',*,*,#10581,.F.);
#18244 = ORIENTED_EDGE('',*,*,#10557,.T.);
#18245 = ORIENTED_EDGE('',*,*,#10533,.T.);
#18246 = ORIENTED_EDGE('',*,*,#10509,.T.);
#18247 = ORIENTED_EDGE('',*,*,#10485,.T.);
#18248 = ORIENTED_EDGE('',*,*,#10461,.T.);
#18249 = ORIENTED_EDGE('',*,*,#10436,.F.);
#18250 = ORIENTED_EDGE('',*,*,#10412,.T.);
#18251 = ORIENTED_EDGE('',*,*,#10387,.F.);
#18252 = ORIENTED_EDGE('',*,*,#10363,.T.);
#18253 = ORIENTED_EDGE('',*,*,#10338,.F.);
#18254 = ORIENTED_EDGE('',*,*,#10314,.T.);
#18255 = ORIENTED_EDGE('',*,*,#10289,.F.);
#18256 = ORIENTED_EDGE('',*,*,#10265,.T.);
#18257 = ORIENTED_EDGE('',*,*,#10240,.F.);
#18258 = FACE_BOUND('',#18259,.T.);
#18259 = EDGE_LOOP('',(#18260));
#18260 = ORIENTED_EDGE('',*,*,#18261,.T.);
#18261 = EDGE_CURVE('',#18262,#18262,#18264,.T.);
#18262 = VERTEX_POINT('',#18263);
#18263 = CARTESIAN_POINT('',(-84.2,28.,0.));
#18264 = CIRCLE('',#18265,27.2);
#18265 = AXIS2_PLACEMENT_3D('',#18266,#18267,#18268);
#18266 = CARTESIAN_POINT('',(-57.,28.,0.));
#18267 = DIRECTION('',(0.,0.,1.));
#18268 = DIRECTION('',(-1.,-0.,-0.));
#18269 = FACE_BOUND('',#18270,.T.);
#18270 = EDGE_LOOP('',(#18271));
#18271 = ORIENTED_EDGE('',*,*,#18272,.T.);
#18272 = EDGE_CURVE('',#18273,#18273,#18275,.T.);
#18273 = VERTEX_POINT('',#18274);
#18274 = CARTESIAN_POINT('',(-1.3,-4.,0.));
#18275 = CIRCLE('',#18276,5.3);
#18276 = AXIS2_PLACEMENT_3D('',#18277,#18278,#18279);
#18277 = CARTESIAN_POINT('',(4.,-4.,0.));
#18278 = DIRECTION('',(0.,0.,1.));
#18279 = DIRECTION('',(-1.,-0.,-0.));
#18280 = FACE_BOUND('',#18281,.T.);
#18281 = EDGE_LOOP('',(#18282));
#18282 = ORIENTED_EDGE('',*,*,#18283,.T.);
#18283 = EDGE_CURVE('',#18284,#18284,#18286,.T.);
#18284 = VERTEX_POINT('',#18285);
#18285 = CARTESIAN_POINT('',(-20.3,20.,0.));
#18286 = CIRCLE('',#18287,5.3);
#18287 = AXIS2_PLACEMENT_3D('',#18288,#18289,#18290);
#18288 = CARTESIAN_POINT('',(-15.,20.,0.));
#18289 = DIRECTION('',(0.,0.,1.));
#18290 = DIRECTION('',(-1.,-0.,-0.));
#18291 = FACE_BOUND('',#18292,.T.);
#18292 = EDGE_LOOP('',(#18293));
#18293 = ORIENTED_EDGE('',*,*,#18294,.T.);
#18294 = EDGE_CURVE('',#18295,#18295,#18297,.T.);
#18295 = VERTEX_POINT('',#18296);
#18296 = CARTESIAN_POINT('',(-117.,-31.7,0.));
#18297 = CIRCLE('',#18298,5.3);
#18298 = AXIS2_PLACEMENT_3D('',#18299,#18300,#18301);
#18299 = CARTESIAN_POINT('',(-111.7,-31.7,0.));
#18300 = DIRECTION('',(0.,0.,1.));
#18301 = DIRECTION('',(-1.,-0.,-0.));
#18302 = FACE_BOUND('',#18303,.T.);
#18303 = EDGE_LOOP('',(#18304));
#18304 = ORIENTED_EDGE('',*,*,#18305,.T.);
#18305 = EDGE_CURVE('',#18306,#18306,#18308,.T.);
#18306 = VERTEX_POINT('',#18307);
#18307 = CARTESIAN_POINT('',(-76.8,-15.5,0.));
#18308 = CIRCLE('',#18309,5.3);
#18309 = AXIS2_PLACEMENT_3D('',#18310,#18311,#18312);
#18310 = CARTESIAN_POINT('',(-71.5,-15.5,0.));
#18311 = DIRECTION('',(0.,0.,1.));
#18312 = DIRECTION('',(-1.,-0.,-0.));
#18313 = FACE_BOUND('',#18314,.T.);
#18314 = EDGE_LOOP('',(#18315));
#18315 = ORIENTED_EDGE('',*,*,#18316,.T.);
#18316 = EDGE_CURVE('',#18317,#18317,#18319,.T.);
#18317 = VERTEX_POINT('',#18318);
#18318 = CARTESIAN_POINT('',(-1.3,42.,0.));
#18319 = CIRCLE('',#18320,5.3);
#18320 = AXIS2_PLACEMENT_3D('',#18321,#18322,#18323);
#18321 = CARTESIAN_POINT('',(4.,42.,0.));
#18322 = DIRECTION('',(0.,0.,1.));
#18323 = DIRECTION('',(-1.,-0.,-0.));
#18324 = FACE_BOUND('',#18325,.T.);
#18325 = EDGE_LOOP('',(#18326));
#18326 = ORIENTED_EDGE('',*,*,#18327,.T.);
#18327 = EDGE_CURVE('',#18328,#18328,#18330,.T.);
#18328 = VERTEX_POINT('',#18329);
#18329 = CARTESIAN_POINT('',(-115.4,20.7,0.));
#18330 = CIRCLE('',#18331,5.3);
#18331 = AXIS2_PLACEMENT_3D('',#18332,#18333,#18334);
#18332 = CARTESIAN_POINT('',(-110.1,20.7,0.));
#18333 = DIRECTION('',(0.,0.,1.));
#18334 = DIRECTION('',(-1.,-0.,-0.));
#18335 = FACE_BOUND('',#18336,.T.);
#18336 = EDGE_LOOP('',(#18337,#18348,#18357));
#18337 = ORIENTED_EDGE('',*,*,#18338,.T.);
#18338 = EDGE_CURVE('',#18339,#18341,#18343,.T.);
#18339 = VERTEX_POINT('',#18340);
#18340 = CARTESIAN_POINT('',(-43.4,58.,0.));
#18341 = VERTEX_POINT('',#18342);
#18342 = CARTESIAN_POINT('',(-37.04101334551,63.193125,0.));
#18343 = CIRCLE('',#18344,5.3);
#18344 = AXIS2_PLACEMENT_3D('',#18345,#18346,#18347);
#18345 = CARTESIAN_POINT('',(-38.1,58.,0.));
#18346 = DIRECTION('',(0.,0.,1.));
#18347 = DIRECTION('',(-1.,-0.,-0.));
#18348 = ORIENTED_EDGE('',*,*,#18349,.T.);
#18349 = EDGE_CURVE('',#18341,#18350,#18352,.T.);
#18350 = VERTEX_POINT('',#18351);
#18351 = CARTESIAN_POINT('',(-39.15898665448,63.193125,0.));
#18352 = CIRCLE('',#18353,5.3);
#18353 = AXIS2_PLACEMENT_3D('',#18354,#18355,#18356);
#18354 = CARTESIAN_POINT('',(-38.1,58.,0.));
#18355 = DIRECTION('',(0.,0.,1.));
#18356 = DIRECTION('',(-1.,-0.,-0.));
#18357 = ORIENTED_EDGE('',*,*,#18358,.T.);
#18358 = EDGE_CURVE('',#18350,#18339,#18359,.T.);
#18359 = CIRCLE('',#18360,5.3);
#18360 = AXIS2_PLACEMENT_3D('',#18361,#18362,#18363);
#18361 = CARTESIAN_POINT('',(-38.1,58.,0.));
#18362 = DIRECTION('',(0.,0.,1.));
#18363 = DIRECTION('',(-1.,-0.,-0.));
#18364 = FACE_BOUND('',#18365,.T.);
#18365 = EDGE_LOOP('',(#18366));
#18366 = ORIENTED_EDGE('',*,*,#18367,.T.);
#18367 = EDGE_CURVE('',#18368,#18368,#18370,.T.);
#18368 = VERTEX_POINT('',#18369);
#18369 = CARTESIAN_POINT('',(-117.4,53.,0.));
#18370 = CIRCLE('',#18371,5.3);
#18371 = AXIS2_PLACEMENT_3D('',#18372,#18373,#18374);
#18372 = CARTESIAN_POINT('',(-112.1,53.,0.));
#18373 = DIRECTION('',(0.,0.,1.));
#18374 = DIRECTION('',(-1.,-0.,-0.));
#18375 = PLANE('',#18376);
#18376 = AXIS2_PLACEMENT_3D('',#18377,#18378,#18379);
#18377 = CARTESIAN_POINT('',(-63.90935833253,12.405534252164,0.));
#18378 = DIRECTION('',(-0.,-0.,-1.));
#18379 = DIRECTION('',(-1.,0.,0.));
#18380 = ADVANCED_FACE('',(#18381),#18400,.F.);
#18381 = FACE_BOUND('',#18382,.F.);
#18382 = EDGE_LOOP('',(#18383,#18384,#18392,#18399));
#18383 = ORIENTED_EDGE('',*,*,#18261,.T.);
#18384 = ORIENTED_EDGE('',*,*,#18385,.T.);
#18385 = EDGE_CURVE('',#18262,#18386,#18388,.T.);
#18386 = VERTEX_POINT('',#18387);
#18387 = CARTESIAN_POINT('',(-84.2,28.,0.2));
#18388 = LINE('',#18389,#18390);
#18389 = CARTESIAN_POINT('',(-84.2,28.,-1.));
#18390 = VECTOR('',#18391,1.);
#18391 = DIRECTION('',(0.,0.,1.));
#18392 = ORIENTED_EDGE('',*,*,#18393,.F.);
#18393 = EDGE_CURVE('',#18386,#18386,#18394,.T.);
#18394 = CIRCLE('',#18395,27.2);
#18395 = AXIS2_PLACEMENT_3D('',#18396,#18397,#18398);
#18396 = CARTESIAN_POINT('',(-57.,28.,0.2));
#18397 = DIRECTION('',(0.,0.,1.));
#18398 = DIRECTION('',(-1.,-0.,-0.));
#18399 = ORIENTED_EDGE('',*,*,#18385,.F.);
#18400 = CYLINDRICAL_SURFACE('',#18401,27.2);
#18401 = AXIS2_PLACEMENT_3D('',#18402,#18403,#18404);
#18402 = CARTESIAN_POINT('',(-57.,28.,-1.));
#18403 = DIRECTION('',(0.,0.,-1.));
#18404 = DIRECTION('',(-1.,-0.,-0.));
#18405 = ADVANCED_FACE('',(#18406,#18417),#18420,.T.);
#18406 = FACE_BOUND('',#18407,.F.);
#18407 = EDGE_LOOP('',(#18408));
#18408 = ORIENTED_EDGE('',*,*,#18409,.T.);
#18409 = EDGE_CURVE('',#18410,#18410,#18412,.T.);
#18410 = VERTEX_POINT('',#18411);
#18411 = CARTESIAN_POINT('',(-85.3,28.,0.2));
#18412 = CIRCLE('',#18413,28.3);
#18413 = AXIS2_PLACEMENT_3D('',#18414,#18415,#18416);
#18414 = CARTESIAN_POINT('',(-57.,28.,0.2));
#18415 = DIRECTION('',(0.,0.,-1.));
#18416 = DIRECTION('',(-1.,-0.,-0.));
#18417 = FACE_BOUND('',#18418,.F.);
#18418 = EDGE_LOOP('',(#18419));
#18419 = ORIENTED_EDGE('',*,*,#18393,.T.);
#18420 = PLANE('',#18421);
#18421 = AXIS2_PLACEMENT_3D('',#18422,#18423,#18424);
#18422 = CARTESIAN_POINT('',(-57.,28.,0.2));
#18423 = DIRECTION('',(0.,0.,1.));
#18424 = DIRECTION('',(1.,0.,0.));
#18425 = ADVANCED_FACE('',(#18426),#18445,.F.);
#18426 = FACE_BOUND('',#18427,.F.);
#18427 = EDGE_LOOP('',(#18428,#18436,#18443,#18444));
#18428 = ORIENTED_EDGE('',*,*,#18429,.T.);
#18429 = EDGE_CURVE('',#18410,#18430,#18432,.T.);
#18430 = VERTEX_POINT('',#18431);
#18431 = CARTESIAN_POINT('',(-85.3,28.,0.8));
#18432 = LINE('',#18433,#18434);
#18433 = CARTESIAN_POINT('',(-85.3,28.,0.2));
#18434 = VECTOR('',#18435,1.);
#18435 = DIRECTION('',(0.,0.,1.));
#18436 = ORIENTED_EDGE('',*,*,#18437,.T.);
#18437 = EDGE_CURVE('',#18430,#18430,#18438,.T.);
#18438 = CIRCLE('',#18439,28.3);
#18439 = AXIS2_PLACEMENT_3D('',#18440,#18441,#18442);
#18440 = CARTESIAN_POINT('',(-57.,28.,0.8));
#18441 = DIRECTION('',(0.,0.,-1.));
#18442 = DIRECTION('',(-1.,-0.,-0.));
#18443 = ORIENTED_EDGE('',*,*,#18429,.F.);
#18444 = ORIENTED_EDGE('',*,*,#18409,.F.);
#18445 = CYLINDRICAL_SURFACE('',#18446,28.3);
#18446 = AXIS2_PLACEMENT_3D('',#18447,#18448,#18449);
#18447 = CARTESIAN_POINT('',(-57.,28.,0.2));
#18448 = DIRECTION('',(0.,0.,-1.));
#18449 = DIRECTION('',(-1.,-0.,-0.));
#18450 = ADVANCED_FACE('',(#18451,#18454),#18465,.F.);
#18451 = FACE_BOUND('',#18452,.T.);
#18452 = EDGE_LOOP('',(#18453));
#18453 = ORIENTED_EDGE('',*,*,#18437,.T.);
#18454 = FACE_BOUND('',#18455,.T.);
#18455 = EDGE_LOOP('',(#18456));
#18456 = ORIENTED_EDGE('',*,*,#18457,.T.);
#18457 = EDGE_CURVE('',#18458,#18458,#18460,.T.);
#18458 = VERTEX_POINT('',#18459);
#18459 = CARTESIAN_POINT('',(-79.2,28.,0.8));
#18460 = CIRCLE('',#18461,22.2);
#18461 = AXIS2_PLACEMENT_3D('',#18462,#18463,#18464);
#18462 = CARTESIAN_POINT('',(-57.,28.,0.8));
#18463 = DIRECTION('',(0.,0.,1.));
#18464 = DIRECTION('',(-1.,-0.,-0.));
#18465 = PLANE('',#18466);
#18466 = AXIS2_PLACEMENT_3D('',#18467,#18468,#18469);
#18467 = CARTESIAN_POINT('',(-57.,28.,0.8));
#18468 = DIRECTION('',(0.,0.,1.));
#18469 = DIRECTION('',(1.,0.,0.));
#18470 = ADVANCED_FACE('',(#18471),#18490,.T.);
#18471 = FACE_BOUND('',#18472,.T.);
#18472 = EDGE_LOOP('',(#18473,#18482,#18488,#18489));
#18473 = ORIENTED_EDGE('',*,*,#18474,.T.);
#18474 = EDGE_CURVE('',#18475,#18475,#18477,.T.);
#18475 = VERTEX_POINT('',#18476);
#18476 = CARTESIAN_POINT('',(-79.2,28.,0.2));
#18477 = CIRCLE('',#18478,22.2);
#18478 = AXIS2_PLACEMENT_3D('',#18479,#18480,#18481);
#18479 = CARTESIAN_POINT('',(-57.,28.,0.2));
#18480 = DIRECTION('',(0.,0.,1.));
#18481 = DIRECTION('',(-1.,-0.,-0.));
#18482 = ORIENTED_EDGE('',*,*,#18483,.T.);
#18483 = EDGE_CURVE('',#18475,#18458,#18484,.T.);
#18484 = LINE('',#18485,#18486);
#18485 = CARTESIAN_POINT('',(-79.2,28.,-0.8));
#18486 = VECTOR('',#18487,1.);
#18487 = DIRECTION('',(0.,0.,1.));
#18488 = ORIENTED_EDGE('',*,*,#18457,.F.);
#18489 = ORIENTED_EDGE('',*,*,#18483,.F.);
#18490 = CYLINDRICAL_SURFACE('',#18491,22.2);
#18491 = AXIS2_PLACEMENT_3D('',#18492,#18493,#18494);
#18492 = CARTESIAN_POINT('',(-57.,28.,-0.8));
#18493 = DIRECTION('',(0.,0.,-1.));
#18494 = DIRECTION('',(-1.,-0.,-0.));
#18495 = ADVANCED_FACE('',(#18496,#18507),#18510,.T.);
#18496 = FACE_BOUND('',#18497,.F.);
#18497 = EDGE_LOOP('',(#18498));
#18498 = ORIENTED_EDGE('',*,*,#18499,.F.);
#18499 = EDGE_CURVE('',#18500,#18500,#18502,.T.);
#18500 = VERTEX_POINT('',#18501);
#18501 = CARTESIAN_POINT('',(-80.3,28.,0.2));
#18502 = CIRCLE('',#18503,23.3);
#18503 = AXIS2_PLACEMENT_3D('',#18504,#18505,#18506);
#18504 = CARTESIAN_POINT('',(-57.,28.,0.2));
#18505 = DIRECTION('',(0.,0.,1.));
#18506 = DIRECTION('',(-1.,-0.,-0.));
#18507 = FACE_BOUND('',#18508,.F.);
#18508 = EDGE_LOOP('',(#18509));
#18509 = ORIENTED_EDGE('',*,*,#18474,.T.);
#18510 = PLANE('',#18511);
#18511 = AXIS2_PLACEMENT_3D('',#18512,#18513,#18514);
#18512 = CARTESIAN_POINT('',(-57.,28.,0.2));
#18513 = DIRECTION('',(0.,0.,1.));
#18514 = DIRECTION('',(1.,0.,0.));
#18515 = ADVANCED_FACE('',(#18516),#18535,.T.);
#18516 = FACE_BOUND('',#18517,.T.);
#18517 = EDGE_LOOP('',(#18518,#18527,#18533,#18534));
#18518 = ORIENTED_EDGE('',*,*,#18519,.T.);
#18519 = EDGE_CURVE('',#18520,#18520,#18522,.T.);
#18520 = VERTEX_POINT('',#18521);
#18521 = CARTESIAN_POINT('',(-80.3,28.,0.));
#18522 = CIRCLE('',#18523,23.3);
#18523 = AXIS2_PLACEMENT_3D('',#18524,#18525,#18526);
#18524 = CARTESIAN_POINT('',(-57.,28.,0.));
#18525 = DIRECTION('',(0.,0.,1.));
#18526 = DIRECTION('',(-1.,-0.,-0.));
#18527 = ORIENTED_EDGE('',*,*,#18528,.T.);
#18528 = EDGE_CURVE('',#18520,#18500,#18529,.T.);
#18529 = LINE('',#18530,#18531);
#18530 = CARTESIAN_POINT('',(-80.3,28.,-2.));
#18531 = VECTOR('',#18532,1.);
#18532 = DIRECTION('',(0.,0.,1.));
#18533 = ORIENTED_EDGE('',*,*,#18499,.F.);
#18534 = ORIENTED_EDGE('',*,*,#18528,.F.);
#18535 = CYLINDRICAL_SURFACE('',#18536,23.3);
#18536 = AXIS2_PLACEMENT_3D('',#18537,#18538,#18539);
#18537 = CARTESIAN_POINT('',(-57.,28.,-2.));
#18538 = DIRECTION('',(0.,0.,-1.));
#18539 = DIRECTION('',(-1.,-0.,-0.));
#18540 = ADVANCED_FACE('',(#18541),#18544,.F.);
#18541 = FACE_BOUND('',#18542,.T.);
#18542 = EDGE_LOOP('',(#18543));
#18543 = ORIENTED_EDGE('',*,*,#18519,.F.);
#18544 = PLANE('',#18545);
#18545 = AXIS2_PLACEMENT_3D('',#18546,#18547,#18548);
#18546 = CARTESIAN_POINT('',(-63.58518777728,12.530161222014,0.));
#18547 = DIRECTION('',(0.,0.,1.));
#18548 = DIRECTION('',(1.,0.,0.));
#18549 = ADVANCED_FACE('',(#18550),#18569,.F.);
#18550 = FACE_BOUND('',#18551,.F.);
#18551 = EDGE_LOOP('',(#18552,#18553,#18561,#18568));
#18552 = ORIENTED_EDGE('',*,*,#18272,.T.);
#18553 = ORIENTED_EDGE('',*,*,#18554,.T.);
#18554 = EDGE_CURVE('',#18273,#18555,#18557,.T.);
#18555 = VERTEX_POINT('',#18556);
#18556 = CARTESIAN_POINT('',(-1.3,-4.,1.));
#18557 = LINE('',#18558,#18559);
#18558 = CARTESIAN_POINT('',(-1.3,-4.,-1.));
#18559 = VECTOR('',#18560,1.);
#18560 = DIRECTION('',(0.,0.,1.));
#18561 = ORIENTED_EDGE('',*,*,#18562,.T.);
#18562 = EDGE_CURVE('',#18555,#18555,#18563,.T.);
#18563 = CIRCLE('',#18564,5.3);
#18564 = AXIS2_PLACEMENT_3D('',#18565,#18566,#18567);
#18565 = CARTESIAN_POINT('',(4.,-4.,1.));
#18566 = DIRECTION('',(0.,0.,-1.));
#18567 = DIRECTION('',(-1.,-0.,-0.));
#18568 = ORIENTED_EDGE('',*,*,#18554,.F.);
#18569 = CYLINDRICAL_SURFACE('',#18570,5.3);
#18570 = AXIS2_PLACEMENT_3D('',#18571,#18572,#18573);
#18571 = CARTESIAN_POINT('',(4.,-4.,-1.));
#18572 = DIRECTION('',(0.,0.,-1.));
#18573 = DIRECTION('',(-1.,-0.,-0.));
#18574 = ADVANCED_FACE('',(#18575),#18578,.F.);
#18575 = FACE_BOUND('',#18576,.F.);
#18576 = EDGE_LOOP('',(#18577));
#18577 = ORIENTED_EDGE('',*,*,#18562,.F.);
#18578 = PLANE('',#18579);
#18579 = AXIS2_PLACEMENT_3D('',#18580,#18581,#18582);
#18580 = CARTESIAN_POINT('',(4.,-4.,1.));
#18581 = DIRECTION('',(0.,0.,1.));
#18582 = DIRECTION('',(1.,0.,0.));
#18583 = ADVANCED_FACE('',(#18584),#18603,.F.);
#18584 = FACE_BOUND('',#18585,.F.);
#18585 = EDGE_LOOP('',(#18586,#18587,#18595,#18602));
#18586 = ORIENTED_EDGE('',*,*,#18283,.T.);
#18587 = ORIENTED_EDGE('',*,*,#18588,.T.);
#18588 = EDGE_CURVE('',#18284,#18589,#18591,.T.);
#18589 = VERTEX_POINT('',#18590);
#18590 = CARTESIAN_POINT('',(-20.3,20.,1.));
#18591 = LINE('',#18592,#18593);
#18592 = CARTESIAN_POINT('',(-20.3,20.,-1.));
#18593 = VECTOR('',#18594,1.);
#18594 = DIRECTION('',(0.,0.,1.));
#18595 = ORIENTED_EDGE('',*,*,#18596,.T.);
#18596 = EDGE_CURVE('',#18589,#18589,#18597,.T.);
#18597 = CIRCLE('',#18598,5.3);
#18598 = AXIS2_PLACEMENT_3D('',#18599,#18600,#18601);
#18599 = CARTESIAN_POINT('',(-15.,20.,1.));
#18600 = DIRECTION('',(0.,0.,-1.));
#18601 = DIRECTION('',(-1.,-0.,-0.));
#18602 = ORIENTED_EDGE('',*,*,#18588,.F.);
#18603 = CYLINDRICAL_SURFACE('',#18604,5.3);
#18604 = AXIS2_PLACEMENT_3D('',#18605,#18606,#18607);
#18605 = CARTESIAN_POINT('',(-15.,20.,-1.));
#18606 = DIRECTION('',(0.,0.,-1.));
#18607 = DIRECTION('',(-1.,-0.,-0.));
#18608 = ADVANCED_FACE('',(#18609),#18612,.F.);
#18609 = FACE_BOUND('',#18610,.F.);
#18610 = EDGE_LOOP('',(#18611));
#18611 = ORIENTED_EDGE('',*,*,#18596,.F.);
#18612 = PLANE('',#18613);
#18613 = AXIS2_PLACEMENT_3D('',#18614,#18615,#18616);
#18614 = CARTESIAN_POINT('',(-15.,20.,1.));
#18615 = DIRECTION('',(0.,0.,1.));
#18616 = DIRECTION('',(1.,0.,0.));
#18617 = ADVANCED_FACE('',(#18618),#18637,.F.);
#18618 = FACE_BOUND('',#18619,.F.);
#18619 = EDGE_LOOP('',(#18620,#18621,#18629,#18636));
#18620 = ORIENTED_EDGE('',*,*,#18294,.T.);
#18621 = ORIENTED_EDGE('',*,*,#18622,.T.);
#18622 = EDGE_CURVE('',#18295,#18623,#18625,.T.);
#18623 = VERTEX_POINT('',#18624);
#18624 = CARTESIAN_POINT('',(-117.,-31.7,1.));
#18625 = LINE('',#18626,#18627);
#18626 = CARTESIAN_POINT('',(-117.,-31.7,-1.));
#18627 = VECTOR('',#18628,1.);
#18628 = DIRECTION('',(0.,0.,1.));
#18629 = ORIENTED_EDGE('',*,*,#18630,.T.);
#18630 = EDGE_CURVE('',#18623,#18623,#18631,.T.);
#18631 = CIRCLE('',#18632,5.3);
#18632 = AXIS2_PLACEMENT_3D('',#18633,#18634,#18635);
#18633 = CARTESIAN_POINT('',(-111.7,-31.7,1.));
#18634 = DIRECTION('',(0.,0.,-1.));
#18635 = DIRECTION('',(-1.,-0.,-0.));
#18636 = ORIENTED_EDGE('',*,*,#18622,.F.);
#18637 = CYLINDRICAL_SURFACE('',#18638,5.3);
#18638 = AXIS2_PLACEMENT_3D('',#18639,#18640,#18641);
#18639 = CARTESIAN_POINT('',(-111.7,-31.7,-1.));
#18640 = DIRECTION('',(0.,0.,-1.));
#18641 = DIRECTION('',(-1.,-0.,-0.));
#18642 = ADVANCED_FACE('',(#18643),#18646,.F.);
#18643 = FACE_BOUND('',#18644,.F.);
#18644 = EDGE_LOOP('',(#18645));
#18645 = ORIENTED_EDGE('',*,*,#18630,.F.);
#18646 = PLANE('',#18647);
#18647 = AXIS2_PLACEMENT_3D('',#18648,#18649,#18650);
#18648 = CARTESIAN_POINT('',(-111.7,-31.7,1.));
#18649 = DIRECTION('',(0.,0.,1.));
#18650 = DIRECTION('',(1.,0.,0.));
#18651 = ADVANCED_FACE('',(#18652),#18671,.F.);
#18652 = FACE_BOUND('',#18653,.F.);
#18653 = EDGE_LOOP('',(#18654,#18655,#18663,#18670));
#18654 = ORIENTED_EDGE('',*,*,#18305,.T.);
#18655 = ORIENTED_EDGE('',*,*,#18656,.T.);
#18656 = EDGE_CURVE('',#18306,#18657,#18659,.T.);
#18657 = VERTEX_POINT('',#18658);
#18658 = CARTESIAN_POINT('',(-76.8,-15.5,1.));
#18659 = LINE('',#18660,#18661);
#18660 = CARTESIAN_POINT('',(-76.8,-15.5,-1.));
#18661 = VECTOR('',#18662,1.);
#18662 = DIRECTION('',(0.,0.,1.));
#18663 = ORIENTED_EDGE('',*,*,#18664,.T.);
#18664 = EDGE_CURVE('',#18657,#18657,#18665,.T.);
#18665 = CIRCLE('',#18666,5.3);
#18666 = AXIS2_PLACEMENT_3D('',#18667,#18668,#18669);
#18667 = CARTESIAN_POINT('',(-71.5,-15.5,1.));
#18668 = DIRECTION('',(0.,0.,-1.));
#18669 = DIRECTION('',(-1.,-0.,-0.));
#18670 = ORIENTED_EDGE('',*,*,#18656,.F.);
#18671 = CYLINDRICAL_SURFACE('',#18672,5.3);
#18672 = AXIS2_PLACEMENT_3D('',#18673,#18674,#18675);
#18673 = CARTESIAN_POINT('',(-71.5,-15.5,-1.));
#18674 = DIRECTION('',(0.,0.,-1.));
#18675 = DIRECTION('',(-1.,-0.,-0.));
#18676 = ADVANCED_FACE('',(#18677),#18680,.F.);
#18677 = FACE_BOUND('',#18678,.F.);
#18678 = EDGE_LOOP('',(#18679));
#18679 = ORIENTED_EDGE('',*,*,#18664,.F.);
#18680 = PLANE('',#18681);
#18681 = AXIS2_PLACEMENT_3D('',#18682,#18683,#18684);
#18682 = CARTESIAN_POINT('',(-71.5,-15.5,1.));
#18683 = DIRECTION('',(0.,0.,1.));
#18684 = DIRECTION('',(1.,0.,0.));
#18685 = ADVANCED_FACE('',(#18686),#18705,.F.);
#18686 = FACE_BOUND('',#18687,.F.);
#18687 = EDGE_LOOP('',(#18688,#18689,#18697,#18704));
#18688 = ORIENTED_EDGE('',*,*,#18316,.T.);
#18689 = ORIENTED_EDGE('',*,*,#18690,.T.);
#18690 = EDGE_CURVE('',#18317,#18691,#18693,.T.);
#18691 = VERTEX_POINT('',#18692);
#18692 = CARTESIAN_POINT('',(-1.3,42.,1.));
#18693 = LINE('',#18694,#18695);
#18694 = CARTESIAN_POINT('',(-1.3,42.,-1.));
#18695 = VECTOR('',#18696,1.);
#18696 = DIRECTION('',(0.,0.,1.));
#18697 = ORIENTED_EDGE('',*,*,#18698,.T.);
#18698 = EDGE_CURVE('',#18691,#18691,#18699,.T.);
#18699 = CIRCLE('',#18700,5.3);
#18700 = AXIS2_PLACEMENT_3D('',#18701,#18702,#18703);
#18701 = CARTESIAN_POINT('',(4.,42.,1.));
#18702 = DIRECTION('',(0.,0.,-1.));
#18703 = DIRECTION('',(-1.,-0.,-0.));
#18704 = ORIENTED_EDGE('',*,*,#18690,.F.);
#18705 = CYLINDRICAL_SURFACE('',#18706,5.3);
#18706 = AXIS2_PLACEMENT_3D('',#18707,#18708,#18709);
#18707 = CARTESIAN_POINT('',(4.,42.,-1.));
#18708 = DIRECTION('',(0.,0.,-1.));
#18709 = DIRECTION('',(-1.,-0.,-0.));
#18710 = ADVANCED_FACE('',(#18711),#18714,.F.);
#18711 = FACE_BOUND('',#18712,.F.);
#18712 = EDGE_LOOP('',(#18713));
#18713 = ORIENTED_EDGE('',*,*,#18698,.F.);
#18714 = PLANE('',#18715);
#18715 = AXIS2_PLACEMENT_3D('',#18716,#18717,#18718);
#18716 = CARTESIAN_POINT('',(4.,42.,1.));
#18717 = DIRECTION('',(0.,0.,1.));
#18718 = DIRECTION('',(1.,0.,0.));
#18719 = ADVANCED_FACE('',(#18720),#18739,.F.);
#18720 = FACE_BOUND('',#18721,.F.);
#18721 = EDGE_LOOP('',(#18722,#18723,#18731,#18738));
#18722 = ORIENTED_EDGE('',*,*,#18327,.T.);
#18723 = ORIENTED_EDGE('',*,*,#18724,.T.);
#18724 = EDGE_CURVE('',#18328,#18725,#18727,.T.);
#18725 = VERTEX_POINT('',#18726);
#18726 = CARTESIAN_POINT('',(-115.4,20.7,1.));
#18727 = LINE('',#18728,#18729);
#18728 = CARTESIAN_POINT('',(-115.4,20.7,-1.));
#18729 = VECTOR('',#18730,1.);
#18730 = DIRECTION('',(0.,0.,1.));
#18731 = ORIENTED_EDGE('',*,*,#18732,.T.);
#18732 = EDGE_CURVE('',#18725,#18725,#18733,.T.);
#18733 = CIRCLE('',#18734,5.3);
#18734 = AXIS2_PLACEMENT_3D('',#18735,#18736,#18737);
#18735 = CARTESIAN_POINT('',(-110.1,20.7,1.));
#18736 = DIRECTION('',(0.,0.,-1.));
#18737 = DIRECTION('',(-1.,-0.,-0.));
#18738 = ORIENTED_EDGE('',*,*,#18724,.F.);
#18739 = CYLINDRICAL_SURFACE('',#18740,5.3);
#18740 = AXIS2_PLACEMENT_3D('',#18741,#18742,#18743);
#18741 = CARTESIAN_POINT('',(-110.1,20.7,-1.));
#18742 = DIRECTION('',(0.,0.,-1.));
#18743 = DIRECTION('',(-1.,-0.,-0.));
#18744 = ADVANCED_FACE('',(#18745),#18748,.F.);
#18745 = FACE_BOUND('',#18746,.F.);
#18746 = EDGE_LOOP('',(#18747));
#18747 = ORIENTED_EDGE('',*,*,#18732,.F.);
#18748 = PLANE('',#18749);
#18749 = AXIS2_PLACEMENT_3D('',#18750,#18751,#18752);
#18750 = CARTESIAN_POINT('',(-110.1,20.7,1.));
#18751 = DIRECTION('',(0.,0.,1.));
#18752 = DIRECTION('',(1.,0.,0.));
#18753 = ADVANCED_FACE('',(#18754),#18775,.F.);
#18754 = FACE_BOUND('',#18755,.F.);
#18755 = EDGE_LOOP('',(#18756,#18757,#18765,#18772,#18773,#18774));
#18756 = ORIENTED_EDGE('',*,*,#18358,.T.);
#18757 = ORIENTED_EDGE('',*,*,#18758,.T.);
#18758 = EDGE_CURVE('',#18339,#18759,#18761,.T.);
#18759 = VERTEX_POINT('',#18760);
#18760 = CARTESIAN_POINT('',(-43.4,58.,1.));
#18761 = LINE('',#18762,#18763);
#18762 = CARTESIAN_POINT('',(-43.4,58.,-1.));
#18763 = VECTOR('',#18764,1.);
#18764 = DIRECTION('',(0.,0.,1.));
#18765 = ORIENTED_EDGE('',*,*,#18766,.T.);
#18766 = EDGE_CURVE('',#18759,#18759,#18767,.T.);
#18767 = CIRCLE('',#18768,5.3);
#18768 = AXIS2_PLACEMENT_3D('',#18769,#18770,#18771);
#18769 = CARTESIAN_POINT('',(-38.1,58.,1.));
#18770 = DIRECTION('',(0.,0.,-1.));
#18771 = DIRECTION('',(-1.,-0.,-0.));
#18772 = ORIENTED_EDGE('',*,*,#18758,.F.);
#18773 = ORIENTED_EDGE('',*,*,#18338,.T.);
#18774 = ORIENTED_EDGE('',*,*,#18349,.T.);
#18775 = CYLINDRICAL_SURFACE('',#18776,5.3);
#18776 = AXIS2_PLACEMENT_3D('',#18777,#18778,#18779);
#18777 = CARTESIAN_POINT('',(-38.1,58.,-1.));
#18778 = DIRECTION('',(0.,0.,-1.));
#18779 = DIRECTION('',(-1.,-0.,-0.));
#18780 = ADVANCED_FACE('',(#18781),#18784,.F.);
#18781 = FACE_BOUND('',#18782,.F.);
#18782 = EDGE_LOOP('',(#18783));
#18783 = ORIENTED_EDGE('',*,*,#18766,.F.);
#18784 = PLANE('',#18785);
#18785 = AXIS2_PLACEMENT_3D('',#18786,#18787,#18788);
#18786 = CARTESIAN_POINT('',(-38.1,58.,1.));
#18787 = DIRECTION('',(0.,0.,1.));
#18788 = DIRECTION('',(1.,0.,0.));
#18789 = ADVANCED_FACE('',(#18790),#18809,.F.);
#18790 = FACE_BOUND('',#18791,.F.);
#18791 = EDGE_LOOP('',(#18792,#18793,#18801,#18808));
#18792 = ORIENTED_EDGE('',*,*,#18367,.T.);
#18793 = ORIENTED_EDGE('',*,*,#18794,.T.);
#18794 = EDGE_CURVE('',#18368,#18795,#18797,.T.);
#18795 = VERTEX_POINT('',#18796);
#18796 = CARTESIAN_POINT('',(-117.4,53.,1.));
#18797 = LINE('',#18798,#18799);
#18798 = CARTESIAN_POINT('',(-117.4,53.,-1.));
#18799 = VECTOR('',#18800,1.);
#18800 = DIRECTION('',(0.,0.,1.));
#18801 = ORIENTED_EDGE('',*,*,#18802,.T.);
#18802 = EDGE_CURVE('',#18795,#18795,#18803,.T.);
#18803 = CIRCLE('',#18804,5.3);
#18804 = AXIS2_PLACEMENT_3D('',#18805,#18806,#18807);
#18805 = CARTESIAN_POINT('',(-112.1,53.,1.));
#18806 = DIRECTION('',(0.,0.,-1.));
#18807 = DIRECTION('',(-1.,-0.,-0.));
#18808 = ORIENTED_EDGE('',*,*,#18794,.F.);
#18809 = CYLINDRICAL_SURFACE('',#18810,5.3);
#18810 = AXIS2_PLACEMENT_3D('',#18811,#18812,#18813);
#18811 = CARTESIAN_POINT('',(-112.1,53.,-1.));
#18812 = DIRECTION('',(0.,0.,-1.));
#18813 = DIRECTION('',(-1.,-0.,-0.));
#18814 = ADVANCED_FACE('',(#18815),#18818,.F.);
#18815 = FACE_BOUND('',#18816,.F.);
#18816 = EDGE_LOOP('',(#18817));
#18817 = ORIENTED_EDGE('',*,*,#18802,.F.);
#18818 = PLANE('',#18819);
#18819 = AXIS2_PLACEMENT_3D('',#18820,#18821,#18822);
#18820 = CARTESIAN_POINT('',(-112.1,53.,1.));
#18821 = DIRECTION('',(0.,0.,1.));
#18822 = DIRECTION('',(1.,0.,0.));
#18823 = ADVANCED_FACE('',(#18824),#18832,.T.);
#18824 = FACE_BOUND('',#18825,.T.);
#18825 = EDGE_LOOP('',(#18826,#18827,#18828,#18829,#18830,#18831));
#18826 = ORIENTED_EDGE('',*,*,#6402,.T.);
#18827 = ORIENTED_EDGE('',*,*,#1742,.T.);
#18828 = ORIENTED_EDGE('',*,*,#1626,.T.);
#18829 = ORIENTED_EDGE('',*,*,#140,.T.);
#18830 = ORIENTED_EDGE('',*,*,#6233,.F.);
#18831 = ORIENTED_EDGE('',*,*,#6393,.T.);
#18832 = CYLINDRICAL_SURFACE('',#18833,3.);
#18833 = AXIS2_PLACEMENT_3D('',#18834,#18835,#18836);
#18834 = CARTESIAN_POINT('',(-112.3,-46.3,0.));
#18835 = DIRECTION('',(0.,0.,-1.));
#18836 = DIRECTION('',(-1.,-0.,-0.));
#18837 = ADVANCED_FACE('',(#18838),#18846,.T.);
#18838 = FACE_BOUND('',#18839,.T.);
#18839 = EDGE_LOOP('',(#18840,#18841,#18842,#18843,#18844,#18845));
#18840 = ORIENTED_EDGE('',*,*,#9355,.T.);
#18841 = ORIENTED_EDGE('',*,*,#2949,.T.);
#18842 = ORIENTED_EDGE('',*,*,#1224,.T.);
#18843 = ORIENTED_EDGE('',*,*,#1233,.T.);
#18844 = ORIENTED_EDGE('',*,*,#2861,.F.);
#18845 = ORIENTED_EDGE('',*,*,#9346,.T.);
#18846 = CYLINDRICAL_SURFACE('',#18847,3.);
#18847 = AXIS2_PLACEMENT_3D('',#18848,#18849,#18850);
#18848 = CARTESIAN_POINT('',(0.,-11.5,0.));
#18849 = DIRECTION('',(0.,0.,-1.));
#18850 = DIRECTION('',(-1.,-0.,-0.));
#18851 = ADVANCED_FACE('',(#18852),#18860,.T.);
#18852 = FACE_BOUND('',#18853,.T.);
#18853 = EDGE_LOOP('',(#18854,#18855,#18856,#18857,#18858,#18859));
#18854 = ORIENTED_EDGE('',*,*,#9542,.T.);
#18855 = ORIENTED_EDGE('',*,*,#3260,.T.);
#18856 = ORIENTED_EDGE('',*,*,#1126,.T.);
#18857 = ORIENTED_EDGE('',*,*,#1135,.T.);
#18858 = ORIENTED_EDGE('',*,*,#3173,.F.);
#18859 = ORIENTED_EDGE('',*,*,#9533,.T.);
#18860 = CYLINDRICAL_SURFACE('',#18861,3.);
#18861 = AXIS2_PLACEMENT_3D('',#18862,#18863,#18864);
#18862 = CARTESIAN_POINT('',(11.5,22.,0.));
#18863 = DIRECTION('',(0.,0.,-1.));
#18864 = DIRECTION('',(-1.,-0.,-0.));
#18865 = ADVANCED_FACE('',(#18866),#18874,.T.);
#18866 = FACE_BOUND('',#18867,.T.);
#18867 = EDGE_LOOP('',(#18868,#18869,#18870,#18871,#18872,#18873));
#18868 = ORIENTED_EDGE('',*,*,#9649,.T.);
#18869 = ORIENTED_EDGE('',*,*,#4267,.T.);
#18870 = ORIENTED_EDGE('',*,*,#796,.T.);
#18871 = ORIENTED_EDGE('',*,*,#805,.T.);
#18872 = ORIENTED_EDGE('',*,*,#4180,.F.);
#18873 = ORIENTED_EDGE('',*,*,#9640,.T.);
#18874 = CYLINDRICAL_SURFACE('',#18875,3.);
#18875 = AXIS2_PLACEMENT_3D('',#18876,#18877,#18878);
#18876 = CARTESIAN_POINT('',(-38.1,66.,0.));
#18877 = DIRECTION('',(0.,0.,-1.));
#18878 = DIRECTION('',(-1.,-0.,-0.));
#18879 = ADVANCED_FACE('',(#18880),#18888,.T.);
#18880 = FACE_BOUND('',#18881,.T.);
#18881 = EDGE_LOOP('',(#18882,#18883,#18884,#18885,#18886,#18887));
#18882 = ORIENTED_EDGE('',*,*,#9717,.T.);
#18883 = ORIENTED_EDGE('',*,*,#4826,.T.);
#18884 = ORIENTED_EDGE('',*,*,#610,.T.);
#18885 = ORIENTED_EDGE('',*,*,#619,.T.);
#18886 = ORIENTED_EDGE('',*,*,#4738,.F.);
#18887 = ORIENTED_EDGE('',*,*,#9708,.T.);
#18888 = CYLINDRICAL_SURFACE('',#18889,3.);
#18889 = AXIS2_PLACEMENT_3D('',#18890,#18891,#18892);
#18890 = CARTESIAN_POINT('',(-76.2,57.1,0.));
#18891 = DIRECTION('',(0.,0.,-1.));
#18892 = DIRECTION('',(-1.,-0.,-0.));
#18893 = ADVANCED_FACE('',(#18894),#18902,.T.);
#18894 = FACE_BOUND('',#18895,.T.);
#18895 = EDGE_LOOP('',(#18896,#18897,#18898,#18899,#18900,#18901));
#18896 = ORIENTED_EDGE('',*,*,#10043,.T.);
#18897 = ORIENTED_EDGE('',*,*,#5426,.T.);
#18898 = ORIENTED_EDGE('',*,*,#431,.T.);
#18899 = ORIENTED_EDGE('',*,*,#440,.T.);
#18900 = ORIENTED_EDGE('',*,*,#5354,.F.);
#18901 = ORIENTED_EDGE('',*,*,#10034,.T.);
#18902 = CYLINDRICAL_SURFACE('',#18903,3.);
#18903 = AXIS2_PLACEMENT_3D('',#18904,#18905,#18906);
#18904 = CARTESIAN_POINT('',(-116.6,11.7,0.));
#18905 = DIRECTION('',(0.,0.,-1.));
#18906 = DIRECTION('',(-1.,-0.,-0.));
#18907 = ADVANCED_FACE('',(#18908),#18916,.F.);
#18908 = FACE_BOUND('',#18909,.F.);
#18909 = EDGE_LOOP('',(#18910,#18911,#18912,#18913,#18914,#18915));
#18910 = ORIENTED_EDGE('',*,*,#9994,.F.);
#18911 = ORIENTED_EDGE('',*,*,#7267,.F.);
#18912 = ORIENTED_EDGE('',*,*,#7258,.F.);
#18913 = ORIENTED_EDGE('',*,*,#5089,.T.);
#18914 = ORIENTED_EDGE('',*,*,#9899,.T.);
#18915 = ORIENTED_EDGE('',*,*,#9908,.T.);
#18916 = CYLINDRICAL_SURFACE('',#18917,2.);
#18917 = AXIS2_PLACEMENT_3D('',#18918,#18919,#18920);
#18918 = CARTESIAN_POINT('',(-117.1,60.5,4.9));
#18919 = DIRECTION('',(0.,0.,-1.));
#18920 = DIRECTION('',(-1.,-0.,-0.));
#18921 = ( GEOMETRIC_REPRESENTATION_CONTEXT(3) 
GLOBAL_UNCERTAINTY_ASSIGNED_CONTEXT((#18925)) 
GLOBAL_UNIT_ASSIGNED_CONTEXT((#18922,#18923,#18924)) 
REPRESENTATION_CONTEXT('Context #1',
  '3D Context with UNIT and UNCERTAINTY') );
#18922 = ( LENGTH_UNIT() NAMED_UNIT(*) SI_UNIT(.MILLI.,.METRE.) );
#18923 = ( NAMED_UNIT(*) PLANE_ANGLE_UNIT() SI_UNIT($,.RADIAN.) );
#18924 = ( NAMED_UNIT(*) SI_UNIT($,.STERADIAN.) SOLID_ANGLE_UNIT() );
#18925 = UNCERTAINTY_MEASURE_WITH_UNIT(LENGTH_MEASURE(2.E-05),#18922,
  'distance_accuracy_value','confusion accuracy');
#18926 = PRODUCT_RELATED_PRODUCT_CATEGORY('part',$,(#7));
ENDSEC;
END-ISO-10303-21;
