ISO-10303-21;
HEADER;
FILE_DESCRIPTION(('FreeCAD Model'),'2;1');
FILE_NAME('Open CASCADE Shape Model','2026-09-14T16:19:14',('FreeCAD'),(
    'FreeCAD'),'Open CASCADE STEP processor 7.8','FreeCAD','Unknown');
FILE_SCHEMA(('AUTOMOTIVE_DESIGN { 1 0 10303 214 1 1 1 1 }'));
ENDSEC;
DATA;
#1 = APPLICATION_PROTOCOL_DEFINITION('international standard',
  'automotive_design',2000,#2);
#2 = APPLICATION_CONTEXT(
  'core data for automotive mechanical design processes');
#3 = SHAPE_DEFINITION_REPRESENTATION(#4,#10);
#4 = PRODUCT_DEFINITION_SHAPE('','',#5);
#5 = PRODUCT_DEFINITION('design','',#6,#9);
#6 = PRODUCT_DEFINITION_FORMATION('','',#7);
#7 = PRODUCT('Open CASCADE STEP translator 7.8 1',
  'Open CASCADE STEP translator 7.8 1','',(#8));
#8 = PRODUCT_CONTEXT('',#2,'mechanical');
#9 = PRODUCT_DEFINITION_CONTEXT('part definition',#2,'design');
#10 = ADVANCED_BREP_SHAPE_REPRESENTATION('',(#11,#15),#18311);
#11 = AXIS2_PLACEMENT_3D('',#12,#13,#14);
#12 = CARTESIAN_POINT('',(0.,0.,0.));
#13 = DIRECTION('',(0.,0.,1.));
#14 = DIRECTION('',(1.,0.,-0.));
#15 = MANIFOLD_SOLID_BREP('',#16);
#16 = CLOSED_SHELL('',(#17,#57,#88,#112,#136,#1671,#1683,#1730,#1777,
    #1801,#1825,#1849,#1873,#1897,#1921,#1945,#1969,#1993,#2017,#2041,
    #2065,#2089,#2113,#2137,#2161,#2185,#2209,#2233,#2257,#2281,#2305,
    #2329,#2353,#2377,#2401,#2425,#2449,#2473,#2497,#2521,#2545,#2569,
    #2593,#2617,#2641,#2665,#2689,#2713,#2737,#2761,#2785,#2809,#2833,
    #2857,#2881,#2905,#2929,#2953,#2977,#3001,#3025,#3065,#3089,#3113,
    #3137,#3184,#3208,#3232,#3256,#3280,#3304,#3328,#3352,#3376,#3400,
    #3424,#3448,#3472,#3496,#3536,#3560,#3585,#3609,#3697,#3721,#3745,
    #3769,#3793,#3817,#3841,#3865,#3889,#3913,#3937,#3961,#3985,#4009,
    #4033,#4057,#4081,#4121,#4145,#4201,#4264,#4288,#4335,#4359,#4383,
    #4407,#4431,#4455,#4479,#4503,#4527,#4551,#4575,#4599,#4623,#4647,
    #4671,#4727,#4751,#4775,#4799,#4862,#4886,#4910,#4934,#4958,#4982,
    #5006,#5030,#5054,#5078,#5102,#5126,#5150,#5174,#5198,#5222,#5246,
    #5270,#5294,#5350,#5374,#5398,#5422,#5485,#5509,#5533,#5557,#5581,
    #5605,#5629,#5653,#5677,#5701,#5725,#5749,#5773,#5797,#5821,#5845,
    #5869,#5893,#5917,#5941,#5965,#5989,#6013,#6037,#6061,#6078,#6103,
    #6134,#6158,#6182,#6199,#6230,#6254,#6278,#6295,#6370,#9082,#9099,
    #9116,#9175,#9192,#9209,#9235,#9268,#9292,#9316,#9333,#9375,#9404,
    #9444,#9487,#9537,#9579,#9604,#9621,#9656,#9674,#9686,#9700,#9718,
    #9736,#9779,#9807,#9849,#9884,#9902,#9914,#9934,#9946,#9958,#9975,
    #9992,#10004,#10029,#10061,#10085,#10110,#10134,#10159,#10183,#10208
    ,#10232,#10257,#10281,#10305,#10329,#10353,#10377,#10402,#10426,
    #10451,#10475,#10500,#10524,#10549,#10573,#10598,#10622,#10647,
    #10671,#10696,#10720,#10745,#10769,#10794,#10818,#10842,#10866,
    #10890,#10914,#10938,#10962,#10986,#11010,#11034,#11058,#11082,
    #11106,#11130,#11154,#11178,#11203,#11227,#11252,#11276,#11301,
    #11325,#11350,#11374,#11399,#11423,#11448,#11472,#11497,#11521,
    #11546,#11570,#11595,#11619,#11644,#11668,#11693,#11717,#11742,
    #11766,#11791,#11815,#11840,#11864,#11888,#11912,#11936,#11960,
    #11984,#12008,#12032,#12057,#12081,#12106,#12130,#12155,#12179,
    #12204,#12228,#12253,#12277,#12302,#12326,#12351,#12375,#12400,
    #12424,#12449,#12473,#12498,#12522,#12547,#12571,#12596,#12620,
    #12645,#12669,#12694,#12718,#12743,#12767,#12792,#12816,#12841,
    #12865,#12890,#12914,#12938,#12962,#12986,#13010,#13034,#13058,
    #13082,#13106,#13131,#13155,#13180,#13204,#13229,#13253,#13278,
    #13302,#13327,#13351,#13376,#13400,#13425,#13449,#13474,#13498,
    #13522,#13546,#13570,#13594,#13618,#13642,#13667,#13691,#13716,
    #13740,#13765,#13789,#13814,#13838,#13863,#13887,#13912,#13936,
    #13961,#13985,#14010,#14034,#14059,#14083,#14108,#14132,#14157,
    #14181,#14206,#14230,#14255,#14279,#14303,#14327,#14351,#14375,
    #14399,#14423,#14448,#14472,#14497,#14521,#14546,#14570,#14595,
    #14619,#14644,#14668,#14692,#14716,#14740,#14764,#14788,#14812,
    #14836,#14860,#14884,#14909,#14933,#14958,#14982,#15007,#15031,
    #15056,#15080,#15105,#15133,#15145,#15170,#15194,#15219,#15243,
    #15268,#15292,#15317,#15341,#15366,#15390,#15415,#15439,#15464,
    #15488,#15513,#15537,#15562,#15586,#15611,#15635,#15660,#15684,
    #15709,#15733,#15758,#15782,#15807,#15831,#15856,#15880,#15905,
    #15929,#15954,#15978,#16003,#16027,#16051,#16075,#16099,#16123,
    #16147,#16171,#16195,#16219,#16243,#16267,#16291,#16315,#16339,
    #16363,#16388,#16412,#16437,#16461,#16486,#16510,#16535,#16559,
    #16584,#16608,#16633,#16657,#16682,#16706,#16731,#16755,#16780,
    #16804,#16829,#16853,#16878,#16902,#16927,#16951,#16976,#16993,
    #17018,#17038,#17058,#17078,#17098,#17118,#17143,#17163,#17183,
    #17208,#17233,#17258,#17283,#17308,#17328,#17353,#17378,#17387,
    #17396,#17405,#17414,#17423,#17448,#17457,#17466,#17475,#17903,
    #17928,#17937,#17964,#17973,#17998,#18007,#18032,#18041,#18066,
    #18075,#18100,#18109,#18134,#18143,#18168,#18177,#18204,#18213,
    #18227,#18241,#18255,#18269,#18283,#18297));
#17 = ADVANCED_FACE('',(#18),#52,.F.);
#18 = FACE_BOUND('',#19,.F.);
#19 = EDGE_LOOP('',(#20,#30,#38,#46));
#20 = ORIENTED_EDGE('',*,*,#21,.F.);
#21 = EDGE_CURVE('',#22,#24,#26,.T.);
#22 = VERTEX_POINT('',#23);
#23 = CARTESIAN_POINT('',(27.1,44.,2.5));
#24 = VERTEX_POINT('',#25);
#25 = CARTESIAN_POINT('',(27.1,44.,4.8));
#26 = LINE('',#27,#28);
#27 = CARTESIAN_POINT('',(27.1,44.,2.49));
#28 = VECTOR('',#29,1.);
#29 = DIRECTION('',(0.,0.,1.));
#30 = ORIENTED_EDGE('',*,*,#31,.F.);
#31 = EDGE_CURVE('',#32,#22,#34,.T.);
#32 = VERTEX_POINT('',#33);
#33 = CARTESIAN_POINT('',(27.1,47.,2.5));
#34 = LINE('',#35,#36);
#35 = CARTESIAN_POINT('',(27.1,28.817362443164,2.5));
#36 = VECTOR('',#37,1.);
#37 = DIRECTION('',(0.,-1.,0.));
#38 = ORIENTED_EDGE('',*,*,#39,.T.);
#39 = EDGE_CURVE('',#32,#40,#42,.T.);
#40 = VERTEX_POINT('',#41);
#41 = CARTESIAN_POINT('',(27.1,47.,4.8));
#42 = LINE('',#43,#44);
#43 = CARTESIAN_POINT('',(27.1,47.,2.49));
#44 = VECTOR('',#45,1.);
#45 = DIRECTION('',(0.,0.,1.));
#46 = ORIENTED_EDGE('',*,*,#47,.F.);
#47 = EDGE_CURVE('',#24,#40,#48,.T.);
#48 = LINE('',#49,#50);
#49 = CARTESIAN_POINT('',(27.1,44.,4.8));
#50 = VECTOR('',#51,1.);
#51 = DIRECTION('',(0.,1.,0.));
#52 = PLANE('',#53);
#53 = AXIS2_PLACEMENT_3D('',#54,#55,#56);
#54 = CARTESIAN_POINT('',(27.1,44.,2.49));
#55 = DIRECTION('',(1.,0.,0.));
#56 = DIRECTION('',(0.,0.,1.));
#57 = ADVANCED_FACE('',(#58),#83,.F.);
#58 = FACE_BOUND('',#59,.F.);
#59 = EDGE_LOOP('',(#60,#70,#76,#77));
#60 = ORIENTED_EDGE('',*,*,#61,.F.);
#61 = EDGE_CURVE('',#62,#64,#66,.T.);
#62 = VERTEX_POINT('',#63);
#63 = CARTESIAN_POINT('',(30.1,44.,2.5));
#64 = VERTEX_POINT('',#65);
#65 = CARTESIAN_POINT('',(30.1,44.,4.8));
#66 = LINE('',#67,#68);
#67 = CARTESIAN_POINT('',(30.1,44.,2.49));
#68 = VECTOR('',#69,1.);
#69 = DIRECTION('',(0.,0.,1.));
#70 = ORIENTED_EDGE('',*,*,#71,.F.);
#71 = EDGE_CURVE('',#22,#62,#72,.T.);
#72 = LINE('',#73,#74);
#73 = CARTESIAN_POINT('',(45.763765532018,44.,2.5));
#74 = VECTOR('',#75,1.);
#75 = DIRECTION('',(1.,0.,0.));
#76 = ORIENTED_EDGE('',*,*,#21,.T.);
#77 = ORIENTED_EDGE('',*,*,#78,.T.);
#78 = EDGE_CURVE('',#24,#64,#79,.T.);
#79 = LINE('',#80,#81);
#80 = CARTESIAN_POINT('',(27.1,44.,4.8));
#81 = VECTOR('',#82,1.);
#82 = DIRECTION('',(1.,0.,0.));
#83 = PLANE('',#84);
#84 = AXIS2_PLACEMENT_3D('',#85,#86,#87);
#85 = CARTESIAN_POINT('',(27.1,44.,2.49));
#86 = DIRECTION('',(0.,1.,0.));
#87 = DIRECTION('',(0.,0.,1.));
#88 = ADVANCED_FACE('',(#89),#107,.T.);
#89 = FACE_BOUND('',#90,.T.);
#90 = EDGE_LOOP('',(#91,#92,#93,#101));
#91 = ORIENTED_EDGE('',*,*,#47,.F.);
#92 = ORIENTED_EDGE('',*,*,#78,.T.);
#93 = ORIENTED_EDGE('',*,*,#94,.T.);
#94 = EDGE_CURVE('',#64,#95,#97,.T.);
#95 = VERTEX_POINT('',#96);
#96 = CARTESIAN_POINT('',(30.1,47.,4.8));
#97 = LINE('',#98,#99);
#98 = CARTESIAN_POINT('',(30.1,44.,4.8));
#99 = VECTOR('',#100,1.);
#100 = DIRECTION('',(0.,1.,0.));
#101 = ORIENTED_EDGE('',*,*,#102,.F.);
#102 = EDGE_CURVE('',#40,#95,#103,.T.);
#103 = LINE('',#104,#105);
#104 = CARTESIAN_POINT('',(27.1,47.,4.8));
#105 = VECTOR('',#106,1.);
#106 = DIRECTION('',(1.,0.,0.));
#107 = PLANE('',#108);
#108 = AXIS2_PLACEMENT_3D('',#109,#110,#111);
#109 = CARTESIAN_POINT('',(27.1,44.,4.8));
#110 = DIRECTION('',(0.,0.,1.));
#111 = DIRECTION('',(1.,0.,0.));
#112 = ADVANCED_FACE('',(#113),#131,.T.);
#113 = FACE_BOUND('',#114,.T.);
#114 = EDGE_LOOP('',(#115,#123,#129,#130));
#115 = ORIENTED_EDGE('',*,*,#116,.F.);
#116 = EDGE_CURVE('',#117,#95,#119,.T.);
#117 = VERTEX_POINT('',#118);
#118 = CARTESIAN_POINT('',(30.1,47.,2.5));
#119 = LINE('',#120,#121);
#120 = CARTESIAN_POINT('',(30.1,47.,2.49));
#121 = VECTOR('',#122,1.);
#122 = DIRECTION('',(0.,0.,1.));
#123 = ORIENTED_EDGE('',*,*,#124,.F.);
#124 = EDGE_CURVE('',#32,#117,#125,.T.);
#125 = LINE('',#126,#127);
#126 = CARTESIAN_POINT('',(45.763765532018,47.,2.5));
#127 = VECTOR('',#128,1.);
#128 = DIRECTION('',(1.,0.,0.));
#129 = ORIENTED_EDGE('',*,*,#39,.T.);
#130 = ORIENTED_EDGE('',*,*,#102,.T.);
#131 = PLANE('',#132);
#132 = AXIS2_PLACEMENT_3D('',#133,#134,#135);
#133 = CARTESIAN_POINT('',(27.1,47.,2.49));
#134 = DIRECTION('',(0.,1.,0.));
#135 = DIRECTION('',(0.,0.,1.));
#136 = ADVANCED_FACE('',(#137,#1576,#1587,#1621,#1632),#1666,.T.);
#137 = FACE_BOUND('',#138,.T.);
#138 = EDGE_LOOP('',(#139,#150,#158,#166,#174,#182,#190,#198,#206,#214,
    #222,#230,#238,#246,#254,#262,#270,#278,#286,#294,#302,#310,#318,
    #326,#334,#342,#350,#358,#366,#374,#383,#392,#400,#408,#416,#424,
    #432,#440,#448,#456,#465,#473,#481,#489,#497,#505,#513,#521,#529,
    #537,#545,#553,#562,#571,#579,#587,#595,#603,#611,#619,#627,#635,
    #643,#651,#659,#667,#675,#683,#691,#699,#707,#715,#723,#731,#739,
    #748,#757,#765,#773,#781,#789,#797,#805,#813,#821,#829,#837,#845,
    #853,#861,#869,#877,#885,#893,#901,#909,#917,#925,#933,#941,#949,
    #957,#965,#973,#981,#989,#997,#1005,#1013,#1021,#1029,#1037,#1045,
    #1053,#1061,#1069,#1078,#1087,#1095,#1103,#1111,#1119,#1127,#1135,
    #1143,#1151,#1159,#1167,#1176,#1185,#1193,#1201,#1209,#1217,#1225,
    #1233,#1241,#1249,#1257,#1265,#1273,#1281,#1289,#1297,#1305,#1313,
    #1321,#1329,#1337,#1345,#1353,#1361,#1369,#1377,#1385,#1393,#1401,
    #1409,#1417,#1425,#1433,#1441,#1449,#1457,#1465,#1473,#1481,#1489,
    #1497,#1505,#1513,#1521,#1529,#1537,#1545,#1553,#1561,#1569));
#139 = ORIENTED_EDGE('',*,*,#140,.T.);
#140 = EDGE_CURVE('',#141,#143,#145,.T.);
#141 = VERTEX_POINT('',#142);
#142 = CARTESIAN_POINT('',(115.3,-46.3,2.5));
#143 = VERTEX_POINT('',#144);
#144 = CARTESIAN_POINT('',(114.65588731133,-48.15736237075,2.5));
#145 = CIRCLE('',#146,3.);
#146 = AXIS2_PLACEMENT_3D('',#147,#148,#149);
#147 = CARTESIAN_POINT('',(112.3,-46.3,2.5));
#148 = DIRECTION('',(0.,0.,-1.));
#149 = DIRECTION('',(1.,0.,0.));
#150 = ORIENTED_EDGE('',*,*,#151,.T.);
#151 = EDGE_CURVE('',#143,#152,#154,.T.);
#152 = VERTEX_POINT('',#153);
#153 = CARTESIAN_POINT('',(114.735,-48.1155,2.5));
#154 = LINE('',#155,#156);
#155 = CARTESIAN_POINT('',(114.042,-48.4822,2.5));
#156 = VECTOR('',#157,1.);
#157 = DIRECTION('',(0.883884073198,0.467706045659,0.));
#158 = ORIENTED_EDGE('',*,*,#159,.T.);
#159 = EDGE_CURVE('',#152,#160,#162,.T.);
#160 = VERTEX_POINT('',#161);
#161 = CARTESIAN_POINT('',(115.343,-47.6207,2.5));
#162 = LINE('',#163,#164);
#163 = CARTESIAN_POINT('',(114.735,-48.1155,2.5));
#164 = VECTOR('',#165,1.);
#165 = DIRECTION('',(0.775614289878,0.631207155644,0.));
#166 = ORIENTED_EDGE('',*,*,#167,.T.);
#167 = EDGE_CURVE('',#160,#168,#170,.T.);
#168 = VERTEX_POINT('',#169);
#169 = CARTESIAN_POINT('',(115.843,-47.0168,2.5));
#170 = LINE('',#171,#172);
#171 = CARTESIAN_POINT('',(115.343,-47.6207,2.5));
#172 = VECTOR('',#173,1.);
#173 = DIRECTION('',(0.637734761248,0.770256044635,0.));
#174 = ORIENTED_EDGE('',*,*,#175,.T.);
#175 = EDGE_CURVE('',#168,#176,#178,.T.);
#176 = VERTEX_POINT('',#177);
#177 = CARTESIAN_POINT('',(127.454,-29.8039,2.5));
#178 = LINE('',#179,#180);
#179 = CARTESIAN_POINT('',(115.843,-47.0168,2.5));
#180 = VECTOR('',#181,1.);
#181 = DIRECTION('',(0.559217807842,0.8290207738,0.));
#182 = ORIENTED_EDGE('',*,*,#183,.T.);
#183 = EDGE_CURVE('',#176,#184,#186,.T.);
#184 = VERTEX_POINT('',#185);
#185 = CARTESIAN_POINT('',(127.826,-29.1139,2.5));
#186 = LINE('',#187,#188);
#187 = CARTESIAN_POINT('',(127.454,-29.8039,2.5));
#188 = VECTOR('',#189,1.);
#189 = DIRECTION('',(0.474556198408,0.880225206724,0.));
#190 = ORIENTED_EDGE('',*,*,#191,.T.);
#191 = EDGE_CURVE('',#184,#192,#194,.T.);
#192 = VERTEX_POINT('',#193);
#193 = CARTESIAN_POINT('',(128.057,-28.3646,2.5));
#194 = LINE('',#195,#196);
#195 = CARTESIAN_POINT('',(127.826,-29.1139,2.5));
#196 = VECTOR('',#197,1.);
#197 = DIRECTION('',(0.294605596197,0.955618931734,0.));
#198 = ORIENTED_EDGE('',*,*,#199,.T.);
#199 = EDGE_CURVE('',#192,#200,#202,.T.);
#200 = VERTEX_POINT('',#201);
#201 = CARTESIAN_POINT('',(128.137,-27.5846,2.5));
#202 = LINE('',#203,#204);
#203 = CARTESIAN_POINT('',(128.057,-28.3646,2.5));
#204 = VECTOR('',#205,1.);
#205 = DIRECTION('',(0.102028865499,0.994781438611,0.));
#206 = ORIENTED_EDGE('',*,*,#207,.T.);
#207 = EDGE_CURVE('',#200,#208,#210,.T.);
#208 = VERTEX_POINT('',#209);
#209 = CARTESIAN_POINT('',(128.064,-26.8039,2.5));
#210 = LINE('',#211,#212);
#211 = CARTESIAN_POINT('',(128.137,-27.5846,2.5));
#212 = VECTOR('',#213,1.);
#213 = DIRECTION('',(-9.309971265673E-02,0.995656790015,0.));
#214 = ORIENTED_EDGE('',*,*,#215,.T.);
#215 = EDGE_CURVE('',#208,#216,#218,.T.);
#216 = VERTEX_POINT('',#217);
#217 = CARTESIAN_POINT('',(127.84,-26.0525,2.5));
#218 = LINE('',#219,#220);
#219 = CARTESIAN_POINT('',(128.064,-26.8039,2.5));
#220 = VECTOR('',#221,1.);
#221 = DIRECTION('',(-0.285685944228,0.958323296842,0.));
#222 = ORIENTED_EDGE('',*,*,#223,.T.);
#223 = EDGE_CURVE('',#216,#224,#226,.T.);
#224 = VERTEX_POINT('',#225);
#225 = CARTESIAN_POINT('',(127.473,-25.3593,2.5));
#226 = LINE('',#227,#228);
#227 = CARTESIAN_POINT('',(127.84,-26.0525,2.5));
#228 = VECTOR('',#229,1.);
#229 = DIRECTION('',(-0.467899435954,0.883781713906,0.));
#230 = ORIENTED_EDGE('',*,*,#231,.T.);
#231 = EDGE_CURVE('',#224,#232,#234,.T.);
#232 = VERTEX_POINT('',#233);
#233 = CARTESIAN_POINT('',(126.978,-24.751,2.5));
#234 = LINE('',#235,#236);
#235 = CARTESIAN_POINT('',(127.473,-25.3593,2.5));
#236 = VECTOR('',#237,1.);
#237 = DIRECTION('',(-0.631173292938,0.775641846655,0.));
#238 = ORIENTED_EDGE('',*,*,#239,.T.);
#239 = EDGE_CURVE('',#232,#240,#242,.T.);
#240 = VERTEX_POINT('',#241);
#241 = CARTESIAN_POINT('',(126.374,-24.2509,2.5));
#242 = LINE('',#243,#244);
#243 = CARTESIAN_POINT('',(126.978,-24.751,2.5));
#244 = VECTOR('',#245,1.);
#245 = DIRECTION('',(-0.77024526703,0.637747778215,0.));
#246 = ORIENTED_EDGE('',*,*,#247,.T.);
#247 = EDGE_CURVE('',#240,#248,#250,.T.);
#248 = VERTEX_POINT('',#249);
#249 = CARTESIAN_POINT('',(112.573,-14.9422,2.5));
#250 = LINE('',#251,#252);
#251 = CARTESIAN_POINT('',(126.374,-24.2509,2.5));
#252 = VECTOR('',#253,1.);
#253 = DIRECTION('',(-0.829042920576,0.559184974622,0.));
#254 = ORIENTED_EDGE('',*,*,#255,.T.);
#255 = EDGE_CURVE('',#248,#256,#258,.T.);
#256 = VERTEX_POINT('',#257);
#257 = CARTESIAN_POINT('',(111.216,-13.8185,2.5));
#258 = LINE('',#259,#260);
#259 = CARTESIAN_POINT('',(112.573,-14.9422,2.5));
#260 = VECTOR('',#261,1.);
#261 = DIRECTION('',(-0.770208752883,0.637791875914,0.));
#262 = ORIENTED_EDGE('',*,*,#263,.T.);
#263 = EDGE_CURVE('',#256,#264,#266,.T.);
#264 = VERTEX_POINT('',#265);
#265 = CARTESIAN_POINT('',(110.229,-12.6048,2.5));
#266 = LINE('',#267,#268);
#267 = CARTESIAN_POINT('',(111.216,-13.8185,2.5));
#268 = VECTOR('',#269,1.);
#269 = DIRECTION('',(-0.630927075568,0.77584213943,0.));
#270 = ORIENTED_EDGE('',*,*,#271,.T.);
#271 = EDGE_CURVE('',#264,#272,#274,.T.);
#272 = VERTEX_POINT('',#273);
#273 = CARTESIAN_POINT('',(109.498,-11.2219,2.5));
#274 = LINE('',#275,#276);
#275 = CARTESIAN_POINT('',(110.229,-12.6048,2.5));
#276 = VECTOR('',#277,1.);
#277 = DIRECTION('',(-0.467326599243,0.884084752521,0.));
#278 = ORIENTED_EDGE('',*,*,#279,.T.);
#279 = EDGE_CURVE('',#272,#280,#282,.T.);
#280 = VERTEX_POINT('',#281);
#281 = CARTESIAN_POINT('',(109.05,-9.72278,2.5));
#282 = LINE('',#283,#284);
#283 = CARTESIAN_POINT('',(109.498,-11.2219,2.5));
#284 = VECTOR('',#285,1.);
#285 = DIRECTION('',(-0.286329807699,0.958131119014,0.));
#286 = ORIENTED_EDGE('',*,*,#287,.T.);
#287 = EDGE_CURVE('',#280,#288,#290,.T.);
#288 = VERTEX_POINT('',#289);
#289 = CARTESIAN_POINT('',(108.903,-8.16518,2.5));
#290 = LINE('',#291,#292);
#291 = CARTESIAN_POINT('',(109.05,-9.72278,2.5));
#292 = VECTOR('',#293,1.);
#293 = DIRECTION('',(-9.395845499096E-02,0.995576119006,0.));
#294 = ORIENTED_EDGE('',*,*,#295,.T.);
#295 = EDGE_CURVE('',#288,#296,#298,.T.);
#296 = VERTEX_POINT('',#297);
#297 = CARTESIAN_POINT('',(109.064,-6.60892,2.5));
#298 = LINE('',#299,#300);
#299 = CARTESIAN_POINT('',(108.903,-8.16518,2.5));
#300 = VECTOR('',#301,1.);
#301 = DIRECTION('',(0.102903948506,0.99469129753,0.));
#302 = ORIENTED_EDGE('',*,*,#303,.T.);
#303 = EDGE_CURVE('',#296,#304,#306,.T.);
#304 = VERTEX_POINT('',#305);
#305 = CARTESIAN_POINT('',(109.524,-5.1138,2.5));
#306 = LINE('',#307,#308);
#307 = CARTESIAN_POINT('',(109.064,-6.60892,2.5));
#308 = VECTOR('',#309,1.);
#309 = DIRECTION('',(0.294064286352,0.955785643067,0.));
#310 = ORIENTED_EDGE('',*,*,#311,.T.);
#311 = EDGE_CURVE('',#304,#312,#314,.T.);
#312 = VERTEX_POINT('',#313);
#313 = CARTESIAN_POINT('',(110.268,-3.73728,2.5));
#314 = LINE('',#315,#316);
#315 = CARTESIAN_POINT('',(109.524,-5.1138,2.5));
#316 = VECTOR('',#317,1.);
#317 = DIRECTION('',(0.47548495297,0.879723854115,0.));
#318 = ORIENTED_EDGE('',*,*,#319,.T.);
#319 = EDGE_CURVE('',#312,#320,#322,.T.);
#320 = VERTEX_POINT('',#321);
#321 = CARTESIAN_POINT('',(111.266,-2.53226,2.5));
#322 = LINE('',#323,#324);
#323 = CARTESIAN_POINT('',(110.268,-3.73728,2.5));
#324 = VECTOR('',#325,1.);
#325 = DIRECTION('',(0.637849158163,0.7701613152,0.));
#326 = ORIENTED_EDGE('',*,*,#327,.T.);
#327 = EDGE_CURVE('',#320,#328,#330,.T.);
#328 = VERTEX_POINT('',#329);
#329 = CARTESIAN_POINT('',(112.479,-1.54505,2.5));
#330 = LINE('',#331,#332);
#331 = CARTESIAN_POINT('',(111.266,-2.53226,2.5));
#332 = VECTOR('',#333,1.);
#333 = DIRECTION('',(0.775598184769,0.631226944753,0.));
#334 = ORIENTED_EDGE('',*,*,#335,.T.);
#335 = EDGE_CURVE('',#328,#336,#338,.T.);
#336 = VERTEX_POINT('',#337);
#337 = CARTESIAN_POINT('',(113.862,-0.813589,2.5));
#338 = LINE('',#339,#340);
#339 = CARTESIAN_POINT('',(112.479,-1.54505,2.5));
#340 = VECTOR('',#341,1.);
#341 = DIRECTION('',(0.883976947962,0.467530486141,0.));
#342 = ORIENTED_EDGE('',*,*,#343,.T.);
#343 = EDGE_CURVE('',#336,#344,#346,.T.);
#344 = VERTEX_POINT('',#345);
#345 = CARTESIAN_POINT('',(115.365,-0.364721,2.5));
#346 = LINE('',#347,#348);
#347 = CARTESIAN_POINT('',(113.862,-0.813589,2.5));
#348 = VECTOR('',#349,1.);
#349 = DIRECTION('',(0.9581820873,0.286159199709,0.));
#350 = ORIENTED_EDGE('',*,*,#351,.T.);
#351 = EDGE_CURVE('',#344,#352,#354,.T.);
#352 = VERTEX_POINT('',#353);
#353 = CARTESIAN_POINT('',(117.076,-0.2,2.5));
#354 = LINE('',#355,#356);
#355 = CARTESIAN_POINT('',(115.365,-0.364721,2.5));
#356 = VECTOR('',#357,1.);
#357 = DIRECTION('',(0.995397838968,9.582871270171E-02,0.));
#358 = ORIENTED_EDGE('',*,*,#359,.T.);
#359 = EDGE_CURVE('',#352,#360,#362,.T.);
#360 = VERTEX_POINT('',#361);
#361 = CARTESIAN_POINT('',(122.9,-0.2,2.5));
#362 = LINE('',#363,#364);
#363 = CARTESIAN_POINT('',(117.076,-0.2,2.5));
#364 = VECTOR('',#365,1.);
#365 = DIRECTION('',(1.,0.,0.));
#366 = ORIENTED_EDGE('',*,*,#367,.T.);
#367 = EDGE_CURVE('',#360,#368,#370,.T.);
#368 = VERTEX_POINT('',#369);
#369 = CARTESIAN_POINT('',(123.07698922568,-0.182559980902,2.5));
#370 = LINE('',#371,#372);
#371 = CARTESIAN_POINT('',(122.9,-0.2,2.5));
#372 = VECTOR('',#373,1.);
#373 = DIRECTION('',(0.995180281931,9.806225806271E-02,0.));
#374 = ORIENTED_EDGE('',*,*,#375,.T.);
#375 = EDGE_CURVE('',#368,#376,#378,.T.);
#376 = VERTEX_POINT('',#377);
#377 = CARTESIAN_POINT('',(126.4,2.8,2.5));
#378 = CIRCLE('',#379,3.);
#379 = AXIS2_PLACEMENT_3D('',#380,#381,#382);
#380 = CARTESIAN_POINT('',(123.4,2.8,2.5));
#381 = DIRECTION('',(0.,0.,-1.));
#382 = DIRECTION('',(1.,0.,0.));
#383 = ORIENTED_EDGE('',*,*,#384,.T.);
#384 = EDGE_CURVE('',#376,#385,#387,.T.);
#385 = VERTEX_POINT('',#386);
#386 = CARTESIAN_POINT('',(125.9986573602,1.301007029955,2.5));
#387 = CIRCLE('',#388,3.);
#388 = AXIS2_PLACEMENT_3D('',#389,#390,#391);
#389 = CARTESIAN_POINT('',(123.4,2.8,2.5));
#390 = DIRECTION('',(0.,0.,-1.));
#391 = DIRECTION('',(1.,0.,0.));
#392 = ORIENTED_EDGE('',*,*,#393,.T.);
#393 = EDGE_CURVE('',#385,#394,#396,.T.);
#394 = VERTEX_POINT('',#395);
#395 = CARTESIAN_POINT('',(126.226,1.57772,2.5));
#396 = LINE('',#397,#398);
#397 = CARTESIAN_POINT('',(125.728,0.971573,2.5));
#398 = VECTOR('',#399,1.);
#399 = DIRECTION('',(0.634810614706,0.772667770427,0.));
#400 = ORIENTED_EDGE('',*,*,#401,.T.);
#401 = EDGE_CURVE('',#394,#402,#404,.T.);
#402 = VERTEX_POINT('',#403);
#403 = CARTESIAN_POINT('',(126.596,2.26927,2.5));
#404 = LINE('',#405,#406);
#405 = CARTESIAN_POINT('',(126.226,1.57772,2.5));
#406 = VECTOR('',#407,1.);
#407 = DIRECTION('',(0.47175253746,0.88173099265,0.));
#408 = ORIENTED_EDGE('',*,*,#409,.T.);
#409 = EDGE_CURVE('',#402,#410,#412,.T.);
#410 = VERTEX_POINT('',#411);
#411 = CARTESIAN_POINT('',(126.823,3.01964,2.5));
#412 = LINE('',#413,#414);
#413 = CARTESIAN_POINT('',(126.596,2.26927,2.5));
#414 = VECTOR('',#415,1.);
#415 = DIRECTION('',(0.289557743783,0.957160547147,0.));
#416 = ORIENTED_EDGE('',*,*,#417,.T.);
#417 = EDGE_CURVE('',#410,#418,#420,.T.);
#418 = VERTEX_POINT('',#419);
#419 = CARTESIAN_POINT('',(126.9,3.8,2.5));
#420 = LINE('',#421,#422);
#421 = CARTESIAN_POINT('',(126.823,3.01964,2.5));
#422 = VECTOR('',#423,1.);
#423 = DIRECTION('',(9.819553766732E-02,0.995167139923,0.));
#424 = ORIENTED_EDGE('',*,*,#425,.T.);
#425 = EDGE_CURVE('',#418,#426,#428,.T.);
#426 = VERTEX_POINT('',#427);
#427 = CARTESIAN_POINT('',(126.9,57.,2.5));
#428 = LINE('',#429,#430);
#429 = CARTESIAN_POINT('',(126.9,3.8,2.5));
#430 = VECTOR('',#431,1.);
#431 = DIRECTION('',(0.,1.,0.));
#432 = ORIENTED_EDGE('',*,*,#433,.T.);
#433 = EDGE_CURVE('',#426,#434,#436,.T.);
#434 = VERTEX_POINT('',#435);
#435 = CARTESIAN_POINT('',(126.823,57.7804,2.5));
#436 = LINE('',#437,#438);
#437 = CARTESIAN_POINT('',(126.9,57.,2.5));
#438 = VECTOR('',#439,1.);
#439 = DIRECTION('',(-9.819055310696E-02,0.995167631749,0.));
#440 = ORIENTED_EDGE('',*,*,#441,.T.);
#441 = EDGE_CURVE('',#434,#442,#444,.T.);
#442 = VERTEX_POINT('',#443);
#443 = CARTESIAN_POINT('',(126.596,58.5307,2.5));
#444 = LINE('',#445,#446);
#445 = CARTESIAN_POINT('',(126.823,57.7804,2.5));
#446 = VECTOR('',#447,1.);
#447 = DIRECTION('',(-0.289582493074,0.957153059706,0.));
#448 = ORIENTED_EDGE('',*,*,#449,.T.);
#449 = EDGE_CURVE('',#442,#450,#452,.T.);
#450 = VERTEX_POINT('',#451);
#451 = CARTESIAN_POINT('',(126.41631946799,58.866556907938,2.5));
#452 = LINE('',#453,#454);
#453 = CARTESIAN_POINT('',(126.596,58.5307,2.5));
#454 = VECTOR('',#455,1.);
#455 = DIRECTION('',(-0.471726021219,0.881745179122,0.));
#456 = ORIENTED_EDGE('',*,*,#457,.T.);
#457 = EDGE_CURVE('',#450,#458,#460,.T.);
#458 = VERTEX_POINT('',#459);
#459 = CARTESIAN_POINT('',(120.94196010845,61.,2.5));
#460 = CIRCLE('',#461,3.);
#461 = AXIS2_PLACEMENT_3D('',#462,#463,#464);
#462 = CARTESIAN_POINT('',(123.9,60.5,2.5));
#463 = DIRECTION('',(0.,0.,-1.));
#464 = DIRECTION('',(1.,0.,0.));
#465 = ORIENTED_EDGE('',*,*,#466,.T.);
#466 = EDGE_CURVE('',#458,#467,#469,.T.);
#467 = VERTEX_POINT('',#468);
#468 = CARTESIAN_POINT('',(88.2647,61.,2.5));
#469 = LINE('',#470,#471);
#470 = CARTESIAN_POINT('',(122.9,61.,2.5));
#471 = VECTOR('',#472,1.);
#472 = DIRECTION('',(-1.,0.,0.));
#473 = ORIENTED_EDGE('',*,*,#474,.T.);
#474 = EDGE_CURVE('',#467,#475,#477,.T.);
#475 = VERTEX_POINT('',#476);
#476 = CARTESIAN_POINT('',(87.4843,60.9231,2.5));
#477 = LINE('',#478,#479);
#478 = CARTESIAN_POINT('',(88.2647,61.,2.5));
#479 = VECTOR('',#480,1.);
#480 = DIRECTION('',(-0.995180084663,-9.80642600084E-02,0.));
#481 = ORIENTED_EDGE('',*,*,#482,.T.);
#482 = EDGE_CURVE('',#475,#483,#485,.T.);
#483 = VERTEX_POINT('',#484);
#484 = CARTESIAN_POINT('',(86.7339,60.6955,2.5));
#485 = LINE('',#486,#487);
#486 = CARTESIAN_POINT('',(87.4843,60.9231,2.5));
#487 = VECTOR('',#488,1.);
#488 = DIRECTION('',(-0.95695144116,-0.290248065043,0.));
#489 = ORIENTED_EDGE('',*,*,#490,.T.);
#490 = EDGE_CURVE('',#483,#491,#493,.T.);
#491 = VERTEX_POINT('',#492);
#492 = CARTESIAN_POINT('',(86.0424,60.3259,2.5));
#493 = LINE('',#494,#495);
#494 = CARTESIAN_POINT('',(86.7339,60.6955,2.5));
#495 = VECTOR('',#496,1.);
#496 = DIRECTION('',(-0.881928926211,-0.471382402209,0.));
#497 = ORIENTED_EDGE('',*,*,#498,.T.);
#498 = EDGE_CURVE('',#491,#499,#501,.T.);
#499 = VERTEX_POINT('',#500);
#500 = CARTESIAN_POINT('',(85.4362,59.8284,2.5));
#501 = LINE('',#502,#503);
#502 = CARTESIAN_POINT('',(86.0424,60.3259,2.5));
#503 = VECTOR('',#504,1.);
#504 = DIRECTION('',(-0.773007628723,-0.634396725981,0.));
#505 = ORIENTED_EDGE('',*,*,#506,.T.);
#506 = EDGE_CURVE('',#499,#507,#509,.T.);
#507 = VERTEX_POINT('',#508);
#508 = CARTESIAN_POINT('',(85.0387,59.4309,2.5));
#509 = LINE('',#510,#511);
#510 = CARTESIAN_POINT('',(85.4362,59.8284,2.5));
#511 = VECTOR('',#512,1.);
#512 = DIRECTION('',(-0.707106781187,-0.707106781187,0.));
#513 = ORIENTED_EDGE('',*,*,#514,.T.);
#514 = EDGE_CURVE('',#507,#515,#517,.T.);
#515 = VERTEX_POINT('',#516);
#516 = CARTESIAN_POINT('',(83.7379,58.5617,2.5));
#517 = LINE('',#518,#519);
#518 = CARTESIAN_POINT('',(85.0387,59.4309,2.5));
#519 = VECTOR('',#520,1.);
#520 = DIRECTION('',(-0.831459801075,-0.555584916278,0.));
#521 = ORIENTED_EDGE('',*,*,#522,.T.);
#522 = EDGE_CURVE('',#515,#523,#525,.T.);
#523 = VERTEX_POINT('',#524);
#524 = CARTESIAN_POINT('',(82.2925,57.963,2.5));
#525 = LINE('',#526,#527);
#526 = CARTESIAN_POINT('',(83.7379,58.5617,2.5));
#527 = VECTOR('',#528,1.);
#528 = DIRECTION('',(-0.923880500421,-0.382681095615,0.));
#529 = ORIENTED_EDGE('',*,*,#530,.T.);
#530 = EDGE_CURVE('',#523,#531,#533,.T.);
#531 = VERTEX_POINT('',#532);
#532 = CARTESIAN_POINT('',(80.661,57.6385,2.5));
#533 = LINE('',#534,#535);
#534 = CARTESIAN_POINT('',(82.2925,57.963,2.5));
#535 = VECTOR('',#536,1.);
#536 = DIRECTION('',(-0.980788216617,-0.195075560093,0.));
#537 = ORIENTED_EDGE('',*,*,#538,.T.);
#538 = EDGE_CURVE('',#531,#539,#541,.T.);
#539 = VERTEX_POINT('',#540);
#540 = CARTESIAN_POINT('',(79.8776,57.6,2.5));
#541 = LINE('',#542,#543);
#542 = CARTESIAN_POINT('',(80.661,57.6385,2.5));
#543 = VECTOR('',#544,1.);
#544 = DIRECTION('',(-0.998794579661,-4.908551355237E-02,0.));
#545 = ORIENTED_EDGE('',*,*,#546,.T.);
#546 = EDGE_CURVE('',#539,#547,#549,.T.);
#547 = VERTEX_POINT('',#548);
#548 = CARTESIAN_POINT('',(79.15803989155,57.6,2.5));
#549 = LINE('',#550,#551);
#550 = CARTESIAN_POINT('',(79.8776,57.6,2.5));
#551 = VECTOR('',#552,1.);
#552 = DIRECTION('',(-1.,0.,0.));
#553 = ORIENTED_EDGE('',*,*,#554,.T.);
#554 = EDGE_CURVE('',#547,#555,#557,.T.);
#555 = VERTEX_POINT('',#556);
#556 = CARTESIAN_POINT('',(79.2,57.1,2.5));
#557 = CIRCLE('',#558,3.);
#558 = AXIS2_PLACEMENT_3D('',#559,#560,#561);
#559 = CARTESIAN_POINT('',(76.2,57.1,2.5));
#560 = DIRECTION('',(0.,0.,-1.));
#561 = DIRECTION('',(1.,0.,0.));
#562 = ORIENTED_EDGE('',*,*,#563,.T.);
#563 = EDGE_CURVE('',#555,#564,#566,.T.);
#564 = VERTEX_POINT('',#565);
#565 = CARTESIAN_POINT('',(73.28320260492,57.801635914171,2.5));
#566 = CIRCLE('',#567,3.);
#567 = AXIS2_PLACEMENT_3D('',#568,#569,#570);
#568 = CARTESIAN_POINT('',(76.2,57.1,2.5));
#569 = DIRECTION('',(0.,0.,-1.));
#570 = DIRECTION('',(1.,0.,0.));
#571 = ORIENTED_EDGE('',*,*,#572,.T.);
#572 = EDGE_CURVE('',#564,#573,#575,.T.);
#573 = VERTEX_POINT('',#574);
#574 = CARTESIAN_POINT('',(71.8815,58.2268,2.5));
#575 = LINE('',#576,#577);
#576 = CARTESIAN_POINT('',(73.3786,57.7727,2.5));
#577 = VECTOR('',#578,1.);
#578 = DIRECTION('',(-0.956947494684,0.290261076305,0.));
#579 = ORIENTED_EDGE('',*,*,#580,.T.);
#580 = EDGE_CURVE('',#573,#581,#583,.T.);
#581 = VERTEX_POINT('',#582);
#582 = CARTESIAN_POINT('',(70.5018,58.9643,2.5));
#583 = LINE('',#584,#585);
#584 = CARTESIAN_POINT('',(71.8815,58.2268,2.5));
#585 = VECTOR('',#586,1.);
#586 = DIRECTION('',(-0.881911967069,0.4714141304,0.));
#587 = ORIENTED_EDGE('',*,*,#588,.T.);
#588 = EDGE_CURVE('',#581,#589,#591,.T.);
#589 = VERTEX_POINT('',#590);
#590 = CARTESIAN_POINT('',(70.2243,59.192,2.5));
#591 = LINE('',#592,#593);
#592 = CARTESIAN_POINT('',(70.5018,58.9643,2.5));
#593 = VECTOR('',#594,1.);
#594 = DIRECTION('',(-0.773062862009,0.634329418664,0.));
#595 = ORIENTED_EDGE('',*,*,#596,.T.);
#596 = EDGE_CURVE('',#589,#597,#599,.T.);
#597 = VERTEX_POINT('',#598);
#598 = CARTESIAN_POINT('',(69.5723,59.6277,2.5));
#599 = LINE('',#600,#601);
#600 = CARTESIAN_POINT('',(70.2243,59.192,2.5));
#601 = VECTOR('',#602,1.);
#602 = DIRECTION('',(-0.831441613715,0.555612133582,0.));
#603 = ORIENTED_EDGE('',*,*,#604,.T.);
#604 = EDGE_CURVE('',#597,#605,#607,.T.);
#605 = VERTEX_POINT('',#606);
#606 = CARTESIAN_POINT('',(68.8479,59.9278,2.5));
#607 = LINE('',#608,#609);
#608 = CARTESIAN_POINT('',(69.5723,59.6277,2.5));
#609 = VECTOR('',#610,1.);
#610 = DIRECTION('',(-0.923859828914,0.382730997594,0.));
#611 = ORIENTED_EDGE('',*,*,#612,.T.);
#612 = EDGE_CURVE('',#605,#613,#615,.T.);
#613 = VERTEX_POINT('',#614);
#614 = CARTESIAN_POINT('',(68.0788,60.0807,2.5));
#615 = LINE('',#616,#617);
#616 = CARTESIAN_POINT('',(68.8479,59.9278,2.5));
#617 = VECTOR('',#618,1.);
#618 = DIRECTION('',(-0.980805650419,0.194987887075,0.));
#619 = ORIENTED_EDGE('',*,*,#620,.T.);
#620 = EDGE_CURVE('',#613,#621,#623,.T.);
#621 = VERTEX_POINT('',#622);
#622 = CARTESIAN_POINT('',(67.6867,60.1,2.5));
#623 = LINE('',#624,#625);
#624 = CARTESIAN_POINT('',(68.0788,60.0807,2.5));
#625 = VECTOR('',#626,1.);
#626 = DIRECTION('',(-0.998790787438,4.916261718327E-02,0.));
#627 = ORIENTED_EDGE('',*,*,#628,.T.);
#628 = EDGE_CURVE('',#621,#629,#631,.T.);
#629 = VERTEX_POINT('',#630);
#630 = CARTESIAN_POINT('',(58.1309,60.1,2.5));
#631 = LINE('',#632,#633);
#632 = CARTESIAN_POINT('',(67.6867,60.1,2.5));
#633 = VECTOR('',#634,1.);
#634 = DIRECTION('',(-1.,0.,0.));
#635 = ORIENTED_EDGE('',*,*,#636,.T.);
#636 = EDGE_CURVE('',#629,#637,#639,.T.);
#637 = VERTEX_POINT('',#638);
#638 = CARTESIAN_POINT('',(56.3774,60.2727,2.5));
#639 = LINE('',#640,#641);
#640 = CARTESIAN_POINT('',(58.1309,60.1,2.5));
#641 = VECTOR('',#642,1.);
#642 = DIRECTION('',(-0.995184985525,9.80145121187E-02,0.));
#643 = ORIENTED_EDGE('',*,*,#644,.T.);
#644 = EDGE_CURVE('',#637,#645,#647,.T.);
#645 = VERTEX_POINT('',#646);
#646 = CARTESIAN_POINT('',(54.8803,60.7268,2.5));
#647 = LINE('',#648,#649);
#648 = CARTESIAN_POINT('',(56.3774,60.2727,2.5));
#649 = VECTOR('',#650,1.);
#650 = DIRECTION('',(-0.956947494684,0.290261076305,0.));
#651 = ORIENTED_EDGE('',*,*,#652,.T.);
#652 = EDGE_CURVE('',#645,#653,#655,.T.);
#653 = VERTEX_POINT('',#654);
#654 = CARTESIAN_POINT('',(53.5006,61.4643,2.5));
#655 = LINE('',#656,#657);
#656 = CARTESIAN_POINT('',(54.8803,60.7268,2.5));
#657 = VECTOR('',#658,1.);
#658 = DIRECTION('',(-0.881911967069,0.4714141304,0.));
#659 = ORIENTED_EDGE('',*,*,#660,.T.);
#660 = EDGE_CURVE('',#653,#661,#663,.T.);
#661 = VERTEX_POINT('',#662);
#662 = CARTESIAN_POINT('',(52.2912,62.4568,2.5));
#663 = LINE('',#664,#665);
#664 = CARTESIAN_POINT('',(53.5006,61.4643,2.5));
#665 = VECTOR('',#666,1.);
#666 = DIRECTION('',(-0.773019521196,0.634382234816,0.));
#667 = ORIENTED_EDGE('',*,*,#668,.T.);
#668 = EDGE_CURVE('',#661,#669,#671,.T.);
#669 = VERTEX_POINT('',#670);
#670 = CARTESIAN_POINT('',(51.2987,63.6662,2.5));
#671 = LINE('',#672,#673);
#672 = CARTESIAN_POINT('',(52.2912,62.4568,2.5));
#673 = VECTOR('',#674,1.);
#674 = DIRECTION('',(-0.634382234816,0.773019521196,0.));
#675 = ORIENTED_EDGE('',*,*,#676,.T.);
#676 = EDGE_CURVE('',#669,#677,#679,.T.);
#677 = VERTEX_POINT('',#678);
#678 = CARTESIAN_POINT('',(50.9142,64.3856,2.5));
#679 = LINE('',#680,#681);
#680 = CARTESIAN_POINT('',(51.2987,63.6662,2.5));
#681 = VECTOR('',#682,1.);
#682 = DIRECTION('',(-0.471370695079,0.881935183458,0.));
#683 = ORIENTED_EDGE('',*,*,#684,.T.);
#684 = EDGE_CURVE('',#677,#685,#687,.T.);
#685 = VERTEX_POINT('',#686);
#686 = CARTESIAN_POINT('',(50.4785,65.0376,2.5));
#687 = LINE('',#688,#689);
#688 = CARTESIAN_POINT('',(50.9142,64.3856,2.5));
#689 = VECTOR('',#690,1.);
#690 = DIRECTION('',(-0.555612133582,0.831441613715,0.));
#691 = ORIENTED_EDGE('',*,*,#692,.T.);
#692 = EDGE_CURVE('',#685,#693,#695,.T.);
#693 = VERTEX_POINT('',#694);
#694 = CARTESIAN_POINT('',(49.9241,65.592,2.5));
#695 = LINE('',#696,#697);
#696 = CARTESIAN_POINT('',(50.4785,65.0376,2.5));
#697 = VECTOR('',#698,1.);
#698 = DIRECTION('',(-0.707106781187,0.707106781187,0.));
#699 = ORIENTED_EDGE('',*,*,#700,.T.);
#700 = EDGE_CURVE('',#693,#701,#703,.T.);
#701 = VERTEX_POINT('',#702);
#702 = CARTESIAN_POINT('',(49.2721,66.0277,2.5));
#703 = LINE('',#704,#705);
#704 = CARTESIAN_POINT('',(49.9241,65.592,2.5));
#705 = VECTOR('',#706,1.);
#706 = DIRECTION('',(-0.831441613715,0.555612133582,0.));
#707 = ORIENTED_EDGE('',*,*,#708,.T.);
#708 = EDGE_CURVE('',#701,#709,#711,.T.);
#709 = VERTEX_POINT('',#710);
#710 = CARTESIAN_POINT('',(48.5476,66.3278,2.5));
#711 = LINE('',#712,#713);
#712 = CARTESIAN_POINT('',(49.2721,66.0277,2.5));
#713 = VECTOR('',#714,1.);
#714 = DIRECTION('',(-0.923878507249,0.382685907558,0.));
#715 = ORIENTED_EDGE('',*,*,#716,.T.);
#716 = EDGE_CURVE('',#709,#717,#719,.T.);
#717 = VERTEX_POINT('',#718);
#718 = CARTESIAN_POINT('',(47.7786,66.4807,2.5));
#719 = LINE('',#720,#721);
#720 = CARTESIAN_POINT('',(48.5476,66.3278,2.5));
#721 = VECTOR('',#722,1.);
#722 = DIRECTION('',(-0.98080080092,0.195012278883,0.));
#723 = ORIENTED_EDGE('',*,*,#724,.T.);
#724 = EDGE_CURVE('',#717,#725,#727,.T.);
#725 = VERTEX_POINT('',#726);
#726 = CARTESIAN_POINT('',(47.3865,66.5,2.5));
#727 = LINE('',#728,#729);
#728 = CARTESIAN_POINT('',(47.7786,66.4807,2.5));
#729 = VECTOR('',#730,1.);
#730 = DIRECTION('',(-0.998790787438,4.916261718327E-02,0.));
#731 = ORIENTED_EDGE('',*,*,#732,.T.);
#732 = EDGE_CURVE('',#725,#733,#735,.T.);
#733 = VERTEX_POINT('',#734);
#734 = CARTESIAN_POINT('',(41.05803989155,66.5,2.5));
#735 = LINE('',#736,#737);
#736 = CARTESIAN_POINT('',(47.3865,66.5,2.5));
#737 = VECTOR('',#738,1.);
#738 = DIRECTION('',(-1.,0.,0.));
#739 = ORIENTED_EDGE('',*,*,#740,.T.);
#740 = EDGE_CURVE('',#733,#741,#743,.T.);
#741 = VERTEX_POINT('',#742);
#742 = CARTESIAN_POINT('',(41.1,66.,2.5));
#743 = CIRCLE('',#744,3.);
#744 = AXIS2_PLACEMENT_3D('',#745,#746,#747);
#745 = CARTESIAN_POINT('',(38.1,66.,2.5));
#746 = DIRECTION('',(0.,0.,-1.));
#747 = DIRECTION('',(1.,0.,0.));
#748 = ORIENTED_EDGE('',*,*,#749,.T.);
#749 = EDGE_CURVE('',#741,#750,#752,.T.);
#750 = VERTEX_POINT('',#751);
#751 = CARTESIAN_POINT('',(35.14196010845,66.5,2.5));
#752 = CIRCLE('',#753,3.);
#753 = AXIS2_PLACEMENT_3D('',#754,#755,#756);
#754 = CARTESIAN_POINT('',(38.1,66.,2.5));
#755 = DIRECTION('',(0.,0.,-1.));
#756 = DIRECTION('',(1.,0.,0.));
#757 = ORIENTED_EDGE('',*,*,#758,.T.);
#758 = EDGE_CURVE('',#750,#759,#761,.T.);
#759 = VERTEX_POINT('',#760);
#760 = CARTESIAN_POINT('',(28.8722,66.5,2.5));
#761 = LINE('',#762,#763);
#762 = CARTESIAN_POINT('',(47.3865,66.5,2.5));
#763 = VECTOR('',#764,1.);
#764 = DIRECTION('',(-1.,0.,0.));
#765 = ORIENTED_EDGE('',*,*,#766,.T.);
#766 = EDGE_CURVE('',#759,#767,#769,.T.);
#767 = VERTEX_POINT('',#768);
#768 = CARTESIAN_POINT('',(28.0918,66.4231,2.5));
#769 = LINE('',#770,#771);
#770 = CARTESIAN_POINT('',(28.8722,66.5,2.5));
#771 = VECTOR('',#772,1.);
#772 = DIRECTION('',(-0.995180084663,-9.806426000839E-02,0.));
#773 = ORIENTED_EDGE('',*,*,#774,.T.);
#774 = EDGE_CURVE('',#767,#775,#777,.T.);
#775 = VERTEX_POINT('',#776);
#776 = CARTESIAN_POINT('',(27.3415,66.1955,2.5));
#777 = LINE('',#778,#779);
#778 = CARTESIAN_POINT('',(28.0918,66.4231,2.5));
#779 = VECTOR('',#780,1.);
#780 = DIRECTION('',(-0.956940695942,-0.290283489799,0.));
#781 = ORIENTED_EDGE('',*,*,#782,.T.);
#782 = EDGE_CURVE('',#775,#783,#785,.T.);
#783 = VERTEX_POINT('',#784);
#784 = CARTESIAN_POINT('',(26.6499,65.8259,2.5));
#785 = LINE('',#786,#787);
#786 = CARTESIAN_POINT('',(27.3415,66.1955,2.5));
#787 = VECTOR('',#788,1.);
#788 = DIRECTION('',(-0.881957260666,-0.471329386267,0.));
#789 = ORIENTED_EDGE('',*,*,#790,.T.);
#790 = EDGE_CURVE('',#783,#791,#793,.T.);
#791 = VERTEX_POINT('',#792);
#792 = CARTESIAN_POINT('',(26.0438,65.3284,2.5));
#793 = LINE('',#794,#795);
#794 = CARTESIAN_POINT('',(26.6499,65.8259,2.5));
#795 = VECTOR('',#796,1.);
#796 = DIRECTION('',(-0.772956300772,-0.634459263544,0.));
#797 = ORIENTED_EDGE('',*,*,#798,.T.);
#798 = EDGE_CURVE('',#791,#799,#801,.T.);
#799 = VERTEX_POINT('',#800);
#800 = CARTESIAN_POINT('',(25.5463,64.7223,2.5));
#801 = LINE('',#802,#803);
#802 = CARTESIAN_POINT('',(26.0438,65.3284,2.5));
#803 = VECTOR('',#804,1.);
#804 = DIRECTION('',(-0.634459263544,-0.772956300772,0.));
#805 = ORIENTED_EDGE('',*,*,#806,.T.);
#806 = EDGE_CURVE('',#799,#807,#809,.T.);
#807 = VERTEX_POINT('',#808);
#808 = CARTESIAN_POINT('',(25.4887,64.6144,2.5));
#809 = LINE('',#810,#811);
#810 = CARTESIAN_POINT('',(25.5463,64.7223,2.5));
#811 = VECTOR('',#812,1.);
#812 = DIRECTION('',(-0.470927681203,-0.882171819476,0.));
#813 = ORIENTED_EDGE('',*,*,#814,.T.);
#814 = EDGE_CURVE('',#807,#815,#817,.T.);
#815 = VERTEX_POINT('',#816);
#816 = CARTESIAN_POINT('',(24.4348,63.0371,2.5));
#817 = LINE('',#818,#819);
#818 = CARTESIAN_POINT('',(25.4887,64.6144,2.5));
#819 = VECTOR('',#820,1.);
#820 = DIRECTION('',(-0.555563612717,-0.831474035809,0.));
#821 = ORIENTED_EDGE('',*,*,#822,.T.);
#822 = EDGE_CURVE('',#815,#823,#825,.T.);
#823 = VERTEX_POINT('',#824);
#824 = CARTESIAN_POINT('',(23.3285,61.9309,2.5));
#825 = LINE('',#826,#827);
#826 = CARTESIAN_POINT('',(24.4348,63.0371,2.5));
#827 = VECTOR('',#828,1.);
#828 = DIRECTION('',(-0.707138740093,-0.707074820836,0.));
#829 = ORIENTED_EDGE('',*,*,#830,.T.);
#830 = EDGE_CURVE('',#823,#831,#833,.T.);
#831 = VERTEX_POINT('',#832);
#832 = CARTESIAN_POINT('',(22.0277,61.0617,2.5));
#833 = LINE('',#834,#835);
#834 = CARTESIAN_POINT('',(23.3285,61.9309,2.5));
#835 = VECTOR('',#836,1.);
#836 = DIRECTION('',(-0.831459801075,-0.555584916278,0.));
#837 = ORIENTED_EDGE('',*,*,#838,.T.);
#838 = EDGE_CURVE('',#831,#839,#841,.T.);
#839 = VERTEX_POINT('',#840);
#840 = CARTESIAN_POINT('',(20.5823,60.463,2.5));
#841 = LINE('',#842,#843);
#842 = CARTESIAN_POINT('',(22.0277,61.0617,2.5));
#843 = VECTOR('',#844,1.);
#844 = DIRECTION('',(-0.923880500421,-0.382681095615,0.));
#845 = ORIENTED_EDGE('',*,*,#846,.T.);
#846 = EDGE_CURVE('',#839,#847,#849,.T.);
#847 = VERTEX_POINT('',#848);
#848 = CARTESIAN_POINT('',(18.9509,60.1385,2.5));
#849 = LINE('',#850,#851);
#850 = CARTESIAN_POINT('',(20.5823,60.463,2.5));
#851 = VECTOR('',#852,1.);
#852 = DIRECTION('',(-0.980785928742,-0.19508706257,0.));
#853 = ORIENTED_EDGE('',*,*,#854,.T.);
#854 = EDGE_CURVE('',#847,#855,#857,.T.);
#855 = VERTEX_POINT('',#856);
#856 = CARTESIAN_POINT('',(18.1674,60.1,2.5));
#857 = LINE('',#858,#859);
#858 = CARTESIAN_POINT('',(18.9509,60.1385,2.5));
#859 = VECTOR('',#860,1.);
#860 = DIRECTION('',(-0.998794886786,-4.907926374126E-02,0.));
#861 = ORIENTED_EDGE('',*,*,#862,.T.);
#862 = EDGE_CURVE('',#855,#863,#865,.T.);
#863 = VERTEX_POINT('',#864);
#864 = CARTESIAN_POINT('',(10.853,60.1,2.5));
#865 = LINE('',#866,#867);
#866 = CARTESIAN_POINT('',(18.1674,60.1,2.5));
#867 = VECTOR('',#868,1.);
#868 = DIRECTION('',(-1.,0.,0.));
#869 = ORIENTED_EDGE('',*,*,#870,.T.);
#870 = EDGE_CURVE('',#863,#871,#873,.T.);
#871 = VERTEX_POINT('',#872);
#872 = CARTESIAN_POINT('',(10.0727,60.0231,2.5));
#873 = LINE('',#874,#875);
#874 = CARTESIAN_POINT('',(10.853,60.1,2.5));
#875 = VECTOR('',#876,1.);
#876 = DIRECTION('',(-0.995178858103,-9.807670663608E-02,0.));
#877 = ORIENTED_EDGE('',*,*,#878,.T.);
#878 = EDGE_CURVE('',#871,#879,#881,.T.);
#879 = VERTEX_POINT('',#880);
#880 = CARTESIAN_POINT('',(9.32228,59.7955,2.5));
#881 = LINE('',#882,#883);
#882 = CARTESIAN_POINT('',(10.0727,60.0231,2.5));
#883 = VECTOR('',#884,1.);
#884 = DIRECTION('',(-0.956953589732,-0.290240981081,0.));
#885 = ORIENTED_EDGE('',*,*,#886,.T.);
#886 = EDGE_CURVE('',#879,#887,#889,.T.);
#887 = VERTEX_POINT('',#888);
#888 = CARTESIAN_POINT('',(8.63074,59.4259,2.5));
#889 = LINE('',#890,#891);
#890 = CARTESIAN_POINT('',(9.32228,59.7955,2.5));
#891 = VECTOR('',#892,1.);
#892 = DIRECTION('',(-0.88194026114,-0.471361194605,0.));
#893 = ORIENTED_EDGE('',*,*,#894,.T.);
#894 = EDGE_CURVE('',#887,#895,#897,.T.);
#895 = VERTEX_POINT('',#896);
#896 = CARTESIAN_POINT('',(8.02459,58.9284,2.5));
#897 = LINE('',#898,#899);
#898 = CARTESIAN_POINT('',(8.63074,59.4259,2.5));
#899 = VECTOR('',#900,1.);
#900 = DIRECTION('',(-0.772981966645,-0.634427993741,0.));
#901 = ORIENTED_EDGE('',*,*,#902,.T.);
#902 = EDGE_CURVE('',#895,#903,#905,.T.);
#903 = VERTEX_POINT('',#904);
#904 = CARTESIAN_POINT('',(7.52714,58.3223,2.5));
#905 = LINE('',#906,#907);
#906 = CARTESIAN_POINT('',(8.02459,58.9284,2.5));
#907 = VECTOR('',#908,1.);
#908 = DIRECTION('',(-0.634421164253,-0.772987571924,0.));
#909 = ORIENTED_EDGE('',*,*,#910,.T.);
#910 = EDGE_CURVE('',#903,#911,#913,.T.);
#911 = VERTEX_POINT('',#912);
#912 = CARTESIAN_POINT('',(7.1575,57.6307,2.5));
#913 = LINE('',#914,#915);
#914 = CARTESIAN_POINT('',(7.52714,58.3223,2.5));
#915 = VECTOR('',#916,1.);
#916 = DIRECTION('',(-0.47136906264,-0.881936055951,0.));
#917 = ORIENTED_EDGE('',*,*,#918,.T.);
#918 = EDGE_CURVE('',#911,#919,#921,.T.);
#919 = VERTEX_POINT('',#920);
#920 = CARTESIAN_POINT('',(6.92988,56.8804,2.5));
#921 = LINE('',#922,#923);
#922 = CARTESIAN_POINT('',(7.1575,57.6307,2.5));
#923 = VECTOR('',#924,1.);
#924 = DIRECTION('',(-0.290306848318,-0.956933609933,0.));
#925 = ORIENTED_EDGE('',*,*,#926,.T.);
#926 = EDGE_CURVE('',#919,#927,#929,.T.);
#927 = VERTEX_POINT('',#928);
#928 = CARTESIAN_POINT('',(6.88227,56.5594,2.5));
#929 = LINE('',#930,#931);
#930 = CARTESIAN_POINT('',(6.92988,56.8804,2.5));
#931 = VECTOR('',#932,1.);
#932 = DIRECTION('',(-0.146712829426,-0.989179127197,0.));
#933 = ORIENTED_EDGE('',*,*,#934,.T.);
#934 = EDGE_CURVE('',#927,#935,#937,.T.);
#935 = VERTEX_POINT('',#936);
#936 = CARTESIAN_POINT('',(6.42316,55.0459,2.5));
#937 = LINE('',#938,#939);
#938 = CARTESIAN_POINT('',(6.88227,56.5594,2.5));
#939 = VECTOR('',#940,1.);
#940 = DIRECTION('',(-0.290281663229,-0.956941250022,0.));
#941 = ORIENTED_EDGE('',*,*,#942,.T.);
#942 = EDGE_CURVE('',#935,#943,#945,.T.);
#943 = VERTEX_POINT('',#944);
#944 = CARTESIAN_POINT('',(5.68566,53.6662,2.5));
#945 = LINE('',#946,#947);
#946 = CARTESIAN_POINT('',(6.42316,55.0459,2.5));
#947 = VECTOR('',#948,1.);
#948 = DIRECTION('',(-0.4714141304,-0.881911967069,0.));
#949 = ORIENTED_EDGE('',*,*,#950,.T.);
#950 = EDGE_CURVE('',#943,#951,#953,.T.);
#951 = VERTEX_POINT('',#952);
#952 = CARTESIAN_POINT('',(4.69317,52.4568,2.5));
#953 = LINE('',#954,#955);
#954 = CARTESIAN_POINT('',(5.68566,53.6662,2.5));
#955 = VECTOR('',#956,1.);
#956 = DIRECTION('',(-0.634378415338,-0.773022655653,0.));
#957 = ORIENTED_EDGE('',*,*,#958,.T.);
#958 = EDGE_CURVE('',#951,#959,#961,.T.);
#959 = VERTEX_POINT('',#960);
#960 = CARTESIAN_POINT('',(3.48381,51.4643,2.5));
#961 = LINE('',#962,#963);
#962 = CARTESIAN_POINT('',(4.69317,52.4568,2.5));
#963 = VECTOR('',#964,1.);
#964 = DIRECTION('',(-0.773009231669,-0.634394772799,0.));
#965 = ORIENTED_EDGE('',*,*,#966,.T.);
#966 = EDGE_CURVE('',#959,#967,#969,.T.);
#967 = VERTEX_POINT('',#968);
#968 = CARTESIAN_POINT('',(2.10406,50.7268,2.5));
#969 = LINE('',#970,#971);
#970 = CARTESIAN_POINT('',(3.48381,51.4643,2.5));
#971 = VECTOR('',#972,1.);
#972 = DIRECTION('',(-0.881919069342,-0.47140084337,0.));
#973 = ORIENTED_EDGE('',*,*,#974,.T.);
#974 = EDGE_CURVE('',#967,#975,#977,.T.);
#975 = VERTEX_POINT('',#976);
#976 = CARTESIAN_POINT('',(0.606947,50.2727,2.5));
#977 = LINE('',#978,#979);
#978 = CARTESIAN_POINT('',(2.10406,50.7268,2.5));
#979 = VECTOR('',#980,1.);
#980 = DIRECTION('',(-0.956948194773,-0.290258768207,0.));
#981 = ORIENTED_EDGE('',*,*,#982,.T.);
#982 = EDGE_CURVE('',#975,#983,#985,.T.);
#983 = VERTEX_POINT('',#984);
#984 = CARTESIAN_POINT('',(-1.14651,50.1,2.5));
#985 = LINE('',#986,#987);
#986 = CARTESIAN_POINT('',(0.606947,50.2727,2.5));
#987 = VECTOR('',#988,1.);
#988 = DIRECTION('',(-0.995184751068,-9.801689263519E-02,0.));
#989 = ORIENTED_EDGE('',*,*,#990,.T.);
#990 = EDGE_CURVE('',#983,#991,#993,.T.);
#991 = VERTEX_POINT('',#992);
#992 = CARTESIAN_POINT('',(-8.,50.1,2.5));
#993 = LINE('',#994,#995);
#994 = CARTESIAN_POINT('',(-1.14651,50.1,2.5));
#995 = VECTOR('',#996,1.);
#996 = DIRECTION('',(-1.,0.,0.));
#997 = ORIENTED_EDGE('',*,*,#998,.T.);
#998 = EDGE_CURVE('',#991,#999,#1001,.T.);
#999 = VERTEX_POINT('',#1000);
#1000 = CARTESIAN_POINT('',(-8.78036,50.0231,2.5));
#1001 = LINE('',#1002,#1003);
#1002 = CARTESIAN_POINT('',(-8.,50.1,2.5));
#1003 = VECTOR('',#1004,1.);
#1004 = DIRECTION('',(-0.995179594095,-9.80692382822E-02,0.));
#1005 = ORIENTED_EDGE('',*,*,#1006,.T.);
#1006 = EDGE_CURVE('',#999,#1007,#1009,.T.);
#1007 = VERTEX_POINT('',#1008);
#1008 = CARTESIAN_POINT('',(-9.53073,49.7955,2.5));
#1009 = LINE('',#1010,#1011);
#1010 = CARTESIAN_POINT('',(-8.78036,50.0231,2.5));
#1011 = VECTOR('',#1012,1.);
#1012 = DIRECTION('',(-0.956948218008,-0.290258691604,0.));
#1013 = ORIENTED_EDGE('',*,*,#1014,.T.);
#1014 = EDGE_CURVE('',#1007,#1015,#1017,.T.);
#1015 = VERTEX_POINT('',#1016);
#1016 = CARTESIAN_POINT('',(-10.2223,49.4259,2.5));
#1017 = LINE('',#1018,#1019);
#1018 = CARTESIAN_POINT('',(-9.53073,49.7955,2.5));
#1019 = VECTOR('',#1020,1.);
#1020 = DIRECTION('',(-0.881948761333,-0.471345289976,0.));
#1021 = ORIENTED_EDGE('',*,*,#1022,.T.);
#1022 = EDGE_CURVE('',#1015,#1023,#1025,.T.);
#1023 = VERTEX_POINT('',#1024);
#1024 = CARTESIAN_POINT('',(-10.8284,48.9284,2.5));
#1025 = LINE('',#1026,#1027);
#1026 = CARTESIAN_POINT('',(-10.2223,49.4259,2.5));
#1027 = VECTOR('',#1028,1.);
#1028 = DIRECTION('',(-0.772956300772,-0.634459263544,0.));
#1029 = ORIENTED_EDGE('',*,*,#1030,.T.);
#1030 = EDGE_CURVE('',#1023,#1031,#1033,.T.);
#1031 = VERTEX_POINT('',#1032);
#1032 = CARTESIAN_POINT('',(-11.3259,48.3223,2.5));
#1033 = LINE('',#1034,#1035);
#1034 = CARTESIAN_POINT('',(-10.8284,48.9284,2.5));
#1035 = VECTOR('',#1036,1.);
#1036 = DIRECTION('',(-0.634459263544,-0.772956300772,0.));
#1037 = ORIENTED_EDGE('',*,*,#1038,.T.);
#1038 = EDGE_CURVE('',#1031,#1039,#1041,.T.);
#1039 = VERTEX_POINT('',#1040);
#1040 = CARTESIAN_POINT('',(-11.6955,47.6307,2.5));
#1041 = LINE('',#1042,#1043);
#1042 = CARTESIAN_POINT('',(-11.3259,48.3223,2.5));
#1043 = VECTOR('',#1044,1.);
#1044 = DIRECTION('',(-0.471329386267,-0.881957260666,0.));
#1045 = ORIENTED_EDGE('',*,*,#1046,.T.);
#1046 = EDGE_CURVE('',#1039,#1047,#1049,.T.);
#1047 = VERTEX_POINT('',#1048);
#1048 = CARTESIAN_POINT('',(-11.9231,46.8804,2.5));
#1049 = LINE('',#1050,#1051);
#1050 = CARTESIAN_POINT('',(-11.6955,47.6307,2.5));
#1051 = VECTOR('',#1052,1.);
#1052 = DIRECTION('',(-0.290283489799,-0.956940695942,0.));
#1053 = ORIENTED_EDGE('',*,*,#1054,.T.);
#1054 = EDGE_CURVE('',#1047,#1055,#1057,.T.);
#1055 = VERTEX_POINT('',#1056);
#1056 = CARTESIAN_POINT('',(-12.,46.1,2.5));
#1057 = LINE('',#1058,#1059);
#1058 = CARTESIAN_POINT('',(-11.9231,46.8804,2.5));
#1059 = VECTOR('',#1060,1.);
#1060 = DIRECTION('',(-9.80642600084E-02,-0.995180084663,0.));
#1061 = ORIENTED_EDGE('',*,*,#1062,.T.);
#1062 = EDGE_CURVE('',#1055,#1063,#1065,.T.);
#1063 = VERTEX_POINT('',#1064);
#1064 = CARTESIAN_POINT('',(-12.,24.95803989155,2.5));
#1065 = LINE('',#1066,#1067);
#1066 = CARTESIAN_POINT('',(-12.,46.1,2.5));
#1067 = VECTOR('',#1068,1.);
#1068 = DIRECTION('',(0.,-1.,0.));
#1069 = ORIENTED_EDGE('',*,*,#1070,.T.);
#1070 = EDGE_CURVE('',#1063,#1071,#1073,.T.);
#1071 = VERTEX_POINT('',#1072);
#1072 = CARTESIAN_POINT('',(-8.5,22.,2.5));
#1073 = CIRCLE('',#1074,3.);
#1074 = AXIS2_PLACEMENT_3D('',#1075,#1076,#1077);
#1075 = CARTESIAN_POINT('',(-11.5,22.,2.5));
#1076 = DIRECTION('',(0.,0.,-1.));
#1077 = DIRECTION('',(1.,0.,0.));
#1078 = ORIENTED_EDGE('',*,*,#1079,.T.);
#1079 = EDGE_CURVE('',#1071,#1080,#1082,.T.);
#1080 = VERTEX_POINT('',#1081);
#1081 = CARTESIAN_POINT('',(-12.,19.04196010845,2.5));
#1082 = CIRCLE('',#1083,3.);
#1083 = AXIS2_PLACEMENT_3D('',#1084,#1085,#1086);
#1084 = CARTESIAN_POINT('',(-11.5,22.,2.5));
#1085 = DIRECTION('',(0.,0.,-1.));
#1086 = DIRECTION('',(1.,0.,0.));
#1087 = ORIENTED_EDGE('',*,*,#1088,.T.);
#1088 = EDGE_CURVE('',#1080,#1089,#1091,.T.);
#1089 = VERTEX_POINT('',#1090);
#1090 = CARTESIAN_POINT('',(-12.,-8.,2.5));
#1091 = LINE('',#1092,#1093);
#1092 = CARTESIAN_POINT('',(-12.,46.1,2.5));
#1093 = VECTOR('',#1094,1.);
#1094 = DIRECTION('',(0.,-1.,0.));
#1095 = ORIENTED_EDGE('',*,*,#1096,.T.);
#1096 = EDGE_CURVE('',#1089,#1097,#1099,.T.);
#1097 = VERTEX_POINT('',#1098);
#1098 = CARTESIAN_POINT('',(-11.9231,-8.78036,2.5));
#1099 = LINE('',#1100,#1101);
#1100 = CARTESIAN_POINT('',(-12.,-8.,2.5));
#1101 = VECTOR('',#1102,1.);
#1102 = DIRECTION('',(9.806923828219E-02,-0.995179594095,0.));
#1103 = ORIENTED_EDGE('',*,*,#1104,.T.);
#1104 = EDGE_CURVE('',#1097,#1105,#1107,.T.);
#1105 = VERTEX_POINT('',#1106);
#1106 = CARTESIAN_POINT('',(-11.6955,-9.53073,2.5));
#1107 = LINE('',#1108,#1109);
#1108 = CARTESIAN_POINT('',(-11.9231,-8.78036,2.5));
#1109 = VECTOR('',#1110,1.);
#1110 = DIRECTION('',(0.290258691604,-0.956948218008,0.));
#1111 = ORIENTED_EDGE('',*,*,#1112,.T.);
#1112 = EDGE_CURVE('',#1105,#1113,#1115,.T.);
#1113 = VERTEX_POINT('',#1114);
#1114 = CARTESIAN_POINT('',(-11.3259,-10.2223,2.5));
#1115 = LINE('',#1116,#1117);
#1116 = CARTESIAN_POINT('',(-11.6955,-9.53073,2.5));
#1117 = VECTOR('',#1118,1.);
#1118 = DIRECTION('',(0.471345289976,-0.881948761333,0.));
#1119 = ORIENTED_EDGE('',*,*,#1120,.T.);
#1120 = EDGE_CURVE('',#1113,#1121,#1123,.T.);
#1121 = VERTEX_POINT('',#1122);
#1122 = CARTESIAN_POINT('',(-10.8284,-10.8284,2.5));
#1123 = LINE('',#1124,#1125);
#1124 = CARTESIAN_POINT('',(-11.3259,-10.2223,2.5));
#1125 = VECTOR('',#1126,1.);
#1126 = DIRECTION('',(0.634459263544,-0.772956300772,0.));
#1127 = ORIENTED_EDGE('',*,*,#1128,.T.);
#1128 = EDGE_CURVE('',#1121,#1129,#1131,.T.);
#1129 = VERTEX_POINT('',#1130);
#1130 = CARTESIAN_POINT('',(-10.2223,-11.3259,2.5));
#1131 = LINE('',#1132,#1133);
#1132 = CARTESIAN_POINT('',(-10.8284,-10.8284,2.5));
#1133 = VECTOR('',#1134,1.);
#1134 = DIRECTION('',(0.772956300772,-0.634459263544,0.));
#1135 = ORIENTED_EDGE('',*,*,#1136,.T.);
#1136 = EDGE_CURVE('',#1129,#1137,#1139,.T.);
#1137 = VERTEX_POINT('',#1138);
#1138 = CARTESIAN_POINT('',(-9.53073,-11.6955,2.5));
#1139 = LINE('',#1140,#1141);
#1140 = CARTESIAN_POINT('',(-10.2223,-11.3259,2.5));
#1141 = VECTOR('',#1142,1.);
#1142 = DIRECTION('',(0.881948761333,-0.471345289976,0.));
#1143 = ORIENTED_EDGE('',*,*,#1144,.T.);
#1144 = EDGE_CURVE('',#1137,#1145,#1147,.T.);
#1145 = VERTEX_POINT('',#1146);
#1146 = CARTESIAN_POINT('',(-8.78036,-11.9231,2.5));
#1147 = LINE('',#1148,#1149);
#1148 = CARTESIAN_POINT('',(-9.53073,-11.6955,2.5));
#1149 = VECTOR('',#1150,1.);
#1150 = DIRECTION('',(0.956948218008,-0.290258691604,0.));
#1151 = ORIENTED_EDGE('',*,*,#1152,.T.);
#1152 = EDGE_CURVE('',#1145,#1153,#1155,.T.);
#1153 = VERTEX_POINT('',#1154);
#1154 = CARTESIAN_POINT('',(-8.,-12.,2.5));
#1155 = LINE('',#1156,#1157);
#1156 = CARTESIAN_POINT('',(-8.78036,-11.9231,2.5));
#1157 = VECTOR('',#1158,1.);
#1158 = DIRECTION('',(0.995179594095,-9.806923828219E-02,0.));
#1159 = ORIENTED_EDGE('',*,*,#1160,.T.);
#1160 = EDGE_CURVE('',#1153,#1161,#1163,.T.);
#1161 = VERTEX_POINT('',#1162);
#1162 = CARTESIAN_POINT('',(-2.95803989155,-12.,2.5));
#1163 = LINE('',#1164,#1165);
#1164 = CARTESIAN_POINT('',(-8.,-12.,2.5));
#1165 = VECTOR('',#1166,1.);
#1166 = DIRECTION('',(1.,0.,0.));
#1167 = ORIENTED_EDGE('',*,*,#1168,.T.);
#1168 = EDGE_CURVE('',#1161,#1169,#1171,.T.);
#1169 = VERTEX_POINT('',#1170);
#1170 = CARTESIAN_POINT('',(3.,-11.5,2.5));
#1171 = CIRCLE('',#1172,3.);
#1172 = AXIS2_PLACEMENT_3D('',#1173,#1174,#1175);
#1173 = CARTESIAN_POINT('',(0.,-11.5,2.5));
#1174 = DIRECTION('',(0.,0.,-1.));
#1175 = DIRECTION('',(1.,0.,0.));
#1176 = ORIENTED_EDGE('',*,*,#1177,.T.);
#1177 = EDGE_CURVE('',#1169,#1178,#1180,.T.);
#1178 = VERTEX_POINT('',#1179);
#1179 = CARTESIAN_POINT('',(2.644865381966,-12.91586973669,2.5));
#1180 = CIRCLE('',#1181,3.);
#1181 = AXIS2_PLACEMENT_3D('',#1182,#1183,#1184);
#1182 = CARTESIAN_POINT('',(0.,-11.5,2.5));
#1183 = DIRECTION('',(0.,0.,-1.));
#1184 = DIRECTION('',(1.,0.,0.));
#1185 = ORIENTED_EDGE('',*,*,#1186,.T.);
#1186 = EDGE_CURVE('',#1178,#1187,#1189,.T.);
#1187 = VERTEX_POINT('',#1188);
#1188 = CARTESIAN_POINT('',(3.48381,-13.3643,2.5));
#1189 = LINE('',#1190,#1191);
#1190 = CARTESIAN_POINT('',(2.10406,-12.6268,2.5));
#1191 = VECTOR('',#1192,1.);
#1192 = DIRECTION('',(0.881919069342,-0.47140084337,0.));
#1193 = ORIENTED_EDGE('',*,*,#1194,.T.);
#1194 = EDGE_CURVE('',#1187,#1195,#1197,.T.);
#1195 = VERTEX_POINT('',#1196);
#1196 = CARTESIAN_POINT('',(4.69317,-14.3568,2.5));
#1197 = LINE('',#1198,#1199);
#1198 = CARTESIAN_POINT('',(3.48381,-13.3643,2.5));
#1199 = VECTOR('',#1200,1.);
#1200 = DIRECTION('',(0.773009231669,-0.634394772799,0.));
#1201 = ORIENTED_EDGE('',*,*,#1202,.T.);
#1202 = EDGE_CURVE('',#1195,#1203,#1205,.T.);
#1203 = VERTEX_POINT('',#1204);
#1204 = CARTESIAN_POINT('',(5.68566,-15.5662,2.5));
#1205 = LINE('',#1206,#1207);
#1206 = CARTESIAN_POINT('',(4.69317,-14.3568,2.5));
#1207 = VECTOR('',#1208,1.);
#1208 = DIRECTION('',(0.634378415338,-0.773022655653,0.));
#1209 = ORIENTED_EDGE('',*,*,#1210,.T.);
#1210 = EDGE_CURVE('',#1203,#1211,#1213,.T.);
#1211 = VERTEX_POINT('',#1212);
#1212 = CARTESIAN_POINT('',(6.42316,-16.9459,2.5));
#1213 = LINE('',#1214,#1215);
#1214 = CARTESIAN_POINT('',(5.68566,-15.5662,2.5));
#1215 = VECTOR('',#1216,1.);
#1216 = DIRECTION('',(0.4714141304,-0.881911967069,0.));
#1217 = ORIENTED_EDGE('',*,*,#1218,.T.);
#1218 = EDGE_CURVE('',#1211,#1219,#1221,.T.);
#1219 = VERTEX_POINT('',#1220);
#1220 = CARTESIAN_POINT('',(6.80695,-18.2111,2.5));
#1221 = LINE('',#1222,#1223);
#1222 = CARTESIAN_POINT('',(6.42316,-16.9459,2.5));
#1223 = VECTOR('',#1224,1.);
#1224 = DIRECTION('',(0.290281751552,-0.95694122323,0.));
#1225 = ORIENTED_EDGE('',*,*,#1226,.T.);
#1226 = EDGE_CURVE('',#1219,#1227,#1229,.T.);
#1227 = VERTEX_POINT('',#1228);
#1228 = CARTESIAN_POINT('',(7.10703,-18.9356,2.5));
#1229 = LINE('',#1230,#1231);
#1230 = CARTESIAN_POINT('',(6.80695,-18.2111,2.5));
#1231 = VECTOR('',#1232,1.);
#1232 = DIRECTION('',(0.382664138353,-0.923887524117,0.));
#1233 = ORIENTED_EDGE('',*,*,#1234,.T.);
#1234 = EDGE_CURVE('',#1227,#1235,#1237,.T.);
#1235 = VERTEX_POINT('',#1236);
#1236 = CARTESIAN_POINT('',(7.54267,-19.5876,2.5));
#1237 = LINE('',#1238,#1239);
#1238 = CARTESIAN_POINT('',(7.10703,-18.9356,2.5));
#1239 = VECTOR('',#1240,1.);
#1240 = DIRECTION('',(0.555559237121,-0.831476959422,0.));
#1241 = ORIENTED_EDGE('',*,*,#1242,.T.);
#1242 = EDGE_CURVE('',#1235,#1243,#1245,.T.);
#1243 = VERTEX_POINT('',#1244);
#1244 = CARTESIAN_POINT('',(8.09714,-20.142,2.5));
#1245 = LINE('',#1246,#1247);
#1246 = CARTESIAN_POINT('',(7.54267,-19.5876,2.5));
#1247 = VECTOR('',#1248,1.);
#1248 = DIRECTION('',(0.707151417539,-0.707062142016,0.));
#1249 = ORIENTED_EDGE('',*,*,#1250,.T.);
#1250 = EDGE_CURVE('',#1243,#1251,#1253,.T.);
#1251 = VERTEX_POINT('',#1252);
#1252 = CARTESIAN_POINT('',(8.74912,-20.5777,2.5));
#1253 = LINE('',#1254,#1255);
#1254 = CARTESIAN_POINT('',(8.09714,-20.142,2.5));
#1255 = VECTOR('',#1256,1.);
#1256 = DIRECTION('',(0.83143374015,-0.555623915739,0.));
#1257 = ORIENTED_EDGE('',*,*,#1258,.T.);
#1258 = EDGE_CURVE('',#1251,#1259,#1261,.T.);
#1259 = VERTEX_POINT('',#1260);
#1260 = CARTESIAN_POINT('',(9.47357,-20.8778,2.5));
#1261 = LINE('',#1262,#1263);
#1262 = CARTESIAN_POINT('',(8.74912,-20.5777,2.5));
#1263 = VECTOR('',#1264,1.);
#1264 = DIRECTION('',(0.923869168907,-0.382708451362,0.));
#1265 = ORIENTED_EDGE('',*,*,#1266,.T.);
#1266 = EDGE_CURVE('',#1259,#1267,#1269,.T.);
#1267 = VERTEX_POINT('',#1268);
#1268 = CARTESIAN_POINT('',(10.2426,-21.0307,2.5));
#1269 = LINE('',#1270,#1271);
#1270 = CARTESIAN_POINT('',(9.47357,-20.8778,2.5));
#1271 = VECTOR('',#1272,1.);
#1272 = DIRECTION('',(0.980802255961,-0.195004960712,0.));
#1273 = ORIENTED_EDGE('',*,*,#1274,.T.);
#1274 = EDGE_CURVE('',#1267,#1275,#1277,.T.);
#1275 = VERTEX_POINT('',#1276);
#1276 = CARTESIAN_POINT('',(10.6347,-21.05,2.5));
#1277 = LINE('',#1278,#1279);
#1278 = CARTESIAN_POINT('',(10.2426,-21.0307,2.5));
#1279 = VECTOR('',#1280,1.);
#1280 = DIRECTION('',(0.998790787438,-4.916261718327E-02,0.));
#1281 = ORIENTED_EDGE('',*,*,#1282,.T.);
#1282 = EDGE_CURVE('',#1275,#1283,#1285,.T.);
#1283 = VERTEX_POINT('',#1284);
#1284 = CARTESIAN_POINT('',(28.2778,-21.05,2.5));
#1285 = LINE('',#1286,#1287);
#1286 = CARTESIAN_POINT('',(10.6347,-21.05,2.5));
#1287 = VECTOR('',#1288,1.);
#1288 = DIRECTION('',(1.,0.,0.));
#1289 = ORIENTED_EDGE('',*,*,#1290,.T.);
#1290 = EDGE_CURVE('',#1283,#1291,#1293,.T.);
#1291 = VERTEX_POINT('',#1292);
#1292 = CARTESIAN_POINT('',(29.0582,-20.9731,2.5));
#1293 = LINE('',#1294,#1295);
#1294 = CARTESIAN_POINT('',(28.2778,-21.05,2.5));
#1295 = VECTOR('',#1296,1.);
#1296 = DIRECTION('',(0.995180084663,9.80642600084E-02,0.));
#1297 = ORIENTED_EDGE('',*,*,#1298,.T.);
#1298 = EDGE_CURVE('',#1291,#1299,#1301,.T.);
#1299 = VERTEX_POINT('',#1300);
#1300 = CARTESIAN_POINT('',(29.8085,-20.7455,2.5));
#1301 = LINE('',#1302,#1303);
#1302 = CARTESIAN_POINT('',(29.0582,-20.9731,2.5));
#1303 = VECTOR('',#1304,1.);
#1304 = DIRECTION('',(0.956940695942,0.290283489799,0.));
#1305 = ORIENTED_EDGE('',*,*,#1306,.T.);
#1306 = EDGE_CURVE('',#1299,#1307,#1309,.T.);
#1307 = VERTEX_POINT('',#1308);
#1308 = CARTESIAN_POINT('',(30.5001,-20.3759,2.5));
#1309 = LINE('',#1310,#1311);
#1310 = CARTESIAN_POINT('',(29.8085,-20.7455,2.5));
#1311 = VECTOR('',#1312,1.);
#1312 = DIRECTION('',(0.881957260666,0.471329386267,0.));
#1313 = ORIENTED_EDGE('',*,*,#1314,.T.);
#1314 = EDGE_CURVE('',#1307,#1315,#1317,.T.);
#1315 = VERTEX_POINT('',#1316);
#1316 = CARTESIAN_POINT('',(31.1062,-19.8784,2.5));
#1317 = LINE('',#1318,#1319);
#1318 = CARTESIAN_POINT('',(30.5001,-20.3759,2.5));
#1319 = VECTOR('',#1320,1.);
#1320 = DIRECTION('',(0.772956300772,0.634459263544,0.));
#1321 = ORIENTED_EDGE('',*,*,#1322,.T.);
#1322 = EDGE_CURVE('',#1315,#1323,#1325,.T.);
#1323 = VERTEX_POINT('',#1324);
#1324 = CARTESIAN_POINT('',(31.6037,-19.2723,2.5));
#1325 = LINE('',#1326,#1327);
#1326 = CARTESIAN_POINT('',(31.1062,-19.8784,2.5));
#1327 = VECTOR('',#1328,1.);
#1328 = DIRECTION('',(0.634459263544,0.772956300772,0.));
#1329 = ORIENTED_EDGE('',*,*,#1330,.T.);
#1330 = EDGE_CURVE('',#1323,#1331,#1333,.T.);
#1331 = VERTEX_POINT('',#1332);
#1332 = CARTESIAN_POINT('',(31.6613,-19.1644,2.5));
#1333 = LINE('',#1334,#1335);
#1334 = CARTESIAN_POINT('',(31.6037,-19.2723,2.5));
#1335 = VECTOR('',#1336,1.);
#1336 = DIRECTION('',(0.470927681203,0.882171819476,0.));
#1337 = ORIENTED_EDGE('',*,*,#1338,.T.);
#1338 = EDGE_CURVE('',#1331,#1339,#1341,.T.);
#1339 = VERTEX_POINT('',#1340);
#1340 = CARTESIAN_POINT('',(32.7152,-17.5871,2.5));
#1341 = LINE('',#1342,#1343);
#1342 = CARTESIAN_POINT('',(31.6613,-19.1644,2.5));
#1343 = VECTOR('',#1344,1.);
#1344 = DIRECTION('',(0.555563612717,0.831474035809,0.));
#1345 = ORIENTED_EDGE('',*,*,#1346,.T.);
#1346 = EDGE_CURVE('',#1339,#1347,#1349,.T.);
#1347 = VERTEX_POINT('',#1348);
#1348 = CARTESIAN_POINT('',(33.8215,-16.4809,2.5));
#1349 = LINE('',#1350,#1351);
#1350 = CARTESIAN_POINT('',(32.7152,-17.5871,2.5));
#1351 = VECTOR('',#1352,1.);
#1352 = DIRECTION('',(0.707138740093,0.707074820836,0.));
#1353 = ORIENTED_EDGE('',*,*,#1354,.T.);
#1354 = EDGE_CURVE('',#1347,#1355,#1357,.T.);
#1355 = VERTEX_POINT('',#1356);
#1356 = CARTESIAN_POINT('',(35.1223,-15.6117,2.5));
#1357 = LINE('',#1358,#1359);
#1358 = CARTESIAN_POINT('',(33.8215,-16.4809,2.5));
#1359 = VECTOR('',#1360,1.);
#1360 = DIRECTION('',(0.831459801075,0.555584916278,0.));
#1361 = ORIENTED_EDGE('',*,*,#1362,.T.);
#1362 = EDGE_CURVE('',#1355,#1363,#1365,.T.);
#1363 = VERTEX_POINT('',#1364);
#1364 = CARTESIAN_POINT('',(36.5677,-15.013,2.5));
#1365 = LINE('',#1366,#1367);
#1366 = CARTESIAN_POINT('',(35.1223,-15.6117,2.5));
#1367 = VECTOR('',#1368,1.);
#1368 = DIRECTION('',(0.923880500421,0.382681095615,0.));
#1369 = ORIENTED_EDGE('',*,*,#1370,.T.);
#1370 = EDGE_CURVE('',#1363,#1371,#1373,.T.);
#1371 = VERTEX_POINT('',#1372);
#1372 = CARTESIAN_POINT('',(38.1991,-14.6885,2.5));
#1373 = LINE('',#1374,#1375);
#1374 = CARTESIAN_POINT('',(36.5677,-15.013,2.5));
#1375 = VECTOR('',#1376,1.);
#1376 = DIRECTION('',(0.980785928742,0.19508706257,0.));
#1377 = ORIENTED_EDGE('',*,*,#1378,.T.);
#1378 = EDGE_CURVE('',#1371,#1379,#1381,.T.);
#1379 = VERTEX_POINT('',#1380);
#1380 = CARTESIAN_POINT('',(38.9826,-14.65,2.5));
#1381 = LINE('',#1382,#1383);
#1382 = CARTESIAN_POINT('',(38.1991,-14.6885,2.5));
#1383 = VECTOR('',#1384,1.);
#1384 = DIRECTION('',(0.998794886786,4.907926374126E-02,0.));
#1385 = ORIENTED_EDGE('',*,*,#1386,.T.);
#1386 = EDGE_CURVE('',#1379,#1387,#1389,.T.);
#1387 = VERTEX_POINT('',#1388);
#1388 = CARTESIAN_POINT('',(49.7342,-14.65,2.5));
#1389 = LINE('',#1390,#1391);
#1390 = CARTESIAN_POINT('',(38.9826,-14.65,2.5));
#1391 = VECTOR('',#1392,1.);
#1392 = DIRECTION('',(1.,0.,0.));
#1393 = ORIENTED_EDGE('',*,*,#1394,.T.);
#1394 = EDGE_CURVE('',#1387,#1395,#1397,.T.);
#1395 = VERTEX_POINT('',#1396);
#1396 = CARTESIAN_POINT('',(51.4877,-14.8227,2.5));
#1397 = LINE('',#1398,#1399);
#1398 = CARTESIAN_POINT('',(49.7342,-14.65,2.5));
#1399 = VECTOR('',#1400,1.);
#1400 = DIRECTION('',(0.995184985525,-9.80145121187E-02,0.));
#1401 = ORIENTED_EDGE('',*,*,#1402,.T.);
#1402 = EDGE_CURVE('',#1395,#1403,#1405,.T.);
#1403 = VERTEX_POINT('',#1404);
#1404 = CARTESIAN_POINT('',(52.9848,-15.2768,2.5));
#1405 = LINE('',#1406,#1407);
#1406 = CARTESIAN_POINT('',(51.4877,-14.8227,2.5));
#1407 = VECTOR('',#1408,1.);
#1408 = DIRECTION('',(0.956947494684,-0.290261076305,0.));
#1409 = ORIENTED_EDGE('',*,*,#1410,.T.);
#1410 = EDGE_CURVE('',#1403,#1411,#1413,.T.);
#1411 = VERTEX_POINT('',#1412);
#1412 = CARTESIAN_POINT('',(54.3645,-16.0143,2.5));
#1413 = LINE('',#1414,#1415);
#1414 = CARTESIAN_POINT('',(52.9848,-15.2768,2.5));
#1415 = VECTOR('',#1416,1.);
#1416 = DIRECTION('',(0.881911967069,-0.4714141304,0.));
#1417 = ORIENTED_EDGE('',*,*,#1418,.T.);
#1418 = EDGE_CURVE('',#1411,#1419,#1421,.T.);
#1419 = VERTEX_POINT('',#1420);
#1420 = CARTESIAN_POINT('',(55.5739,-17.0068,2.5));
#1421 = LINE('',#1422,#1423);
#1422 = CARTESIAN_POINT('',(54.3645,-16.0143,2.5));
#1423 = VECTOR('',#1424,1.);
#1424 = DIRECTION('',(0.773019521196,-0.634382234816,0.));
#1425 = ORIENTED_EDGE('',*,*,#1426,.T.);
#1426 = EDGE_CURVE('',#1419,#1427,#1429,.T.);
#1427 = VERTEX_POINT('',#1428);
#1428 = CARTESIAN_POINT('',(56.5664,-18.2162,2.5));
#1429 = LINE('',#1430,#1431);
#1430 = CARTESIAN_POINT('',(55.5739,-17.0068,2.5));
#1431 = VECTOR('',#1432,1.);
#1432 = DIRECTION('',(0.634382234816,-0.773019521196,0.));
#1433 = ORIENTED_EDGE('',*,*,#1434,.T.);
#1434 = EDGE_CURVE('',#1427,#1435,#1437,.T.);
#1435 = VERTEX_POINT('',#1436);
#1436 = CARTESIAN_POINT('',(57.3039,-19.5959,2.5));
#1437 = LINE('',#1438,#1439);
#1438 = CARTESIAN_POINT('',(56.5664,-18.2162,2.5));
#1439 = VECTOR('',#1440,1.);
#1440 = DIRECTION('',(0.4714141304,-0.881911967069,0.));
#1441 = ORIENTED_EDGE('',*,*,#1442,.T.);
#1442 = EDGE_CURVE('',#1435,#1443,#1445,.T.);
#1443 = VERTEX_POINT('',#1444);
#1444 = CARTESIAN_POINT('',(57.758,-21.0931,2.5));
#1445 = LINE('',#1446,#1447);
#1446 = CARTESIAN_POINT('',(57.3039,-19.5959,2.5));
#1447 = VECTOR('',#1448,1.);
#1448 = DIRECTION('',(0.290243322605,-0.956952879552,0.));
#1449 = ORIENTED_EDGE('',*,*,#1450,.T.);
#1450 = EDGE_CURVE('',#1443,#1451,#1453,.T.);
#1451 = VERTEX_POINT('',#1452);
#1452 = CARTESIAN_POINT('',(57.9135,-22.6719,2.5));
#1453 = LINE('',#1454,#1455);
#1454 = CARTESIAN_POINT('',(57.758,-21.0931,2.5));
#1455 = VECTOR('',#1456,1.);
#1456 = DIRECTION('',(9.801824680222E-02,-0.995184617694,0.));
#1457 = ORIENTED_EDGE('',*,*,#1458,.T.);
#1458 = EDGE_CURVE('',#1451,#1459,#1461,.T.);
#1459 = VERTEX_POINT('',#1460);
#1460 = CARTESIAN_POINT('',(57.7991,-23.9796,2.5));
#1461 = LINE('',#1462,#1463);
#1462 = CARTESIAN_POINT('',(57.9135,-22.6719,2.5));
#1463 = VECTOR('',#1464,1.);
#1464 = DIRECTION('',(-8.71489951774E-02,-0.996195288405,0.));
#1465 = ORIENTED_EDGE('',*,*,#1466,.T.);
#1466 = EDGE_CURVE('',#1459,#1467,#1469,.T.);
#1467 = VERTEX_POINT('',#1468);
#1468 = CARTESIAN_POINT('',(57.8077,-24.7637,2.5));
#1469 = LINE('',#1470,#1471);
#1470 = CARTESIAN_POINT('',(57.7991,-23.9796,2.5));
#1471 = VECTOR('',#1472,1.);
#1472 = DIRECTION('',(1.096732912959E-02,-0.999939857037,0.));
#1473 = ORIENTED_EDGE('',*,*,#1474,.T.);
#1474 = EDGE_CURVE('',#1467,#1475,#1477,.T.);
#1475 = VERTEX_POINT('',#1476);
#1476 = CARTESIAN_POINT('',(57.969,-25.531,2.5));
#1477 = LINE('',#1478,#1479);
#1478 = CARTESIAN_POINT('',(57.8077,-24.7637,2.5));
#1479 = VECTOR('',#1480,1.);
#1480 = DIRECTION('',(0.205721224627,-0.978610636432,0.));
#1481 = ORIENTED_EDGE('',*,*,#1482,.T.);
#1482 = EDGE_CURVE('',#1475,#1483,#1485,.T.);
#1483 = VERTEX_POINT('',#1484);
#1484 = CARTESIAN_POINT('',(58.277,-26.2521,2.5));
#1485 = LINE('',#1486,#1487);
#1486 = CARTESIAN_POINT('',(57.969,-25.531,2.5));
#1487 = VECTOR('',#1488,1.);
#1488 = DIRECTION('',(0.392795412362,-0.919625882643,0.));
#1489 = ORIENTED_EDGE('',*,*,#1490,.T.);
#1490 = EDGE_CURVE('',#1483,#1491,#1493,.T.);
#1491 = VERTEX_POINT('',#1492);
#1492 = CARTESIAN_POINT('',(58.7197,-26.8993,2.5));
#1493 = LINE('',#1494,#1495);
#1494 = CARTESIAN_POINT('',(58.277,-26.2521,2.5));
#1495 = VECTOR('',#1496,1.);
#1496 = DIRECTION('',(0.564578758272,-0.82537920116,0.));
#1497 = ORIENTED_EDGE('',*,*,#1498,.T.);
#1498 = EDGE_CURVE('',#1491,#1499,#1501,.T.);
#1499 = VERTEX_POINT('',#1500);
#1500 = CARTESIAN_POINT('',(59.2802,-27.4477,2.5));
#1501 = LINE('',#1502,#1503);
#1502 = CARTESIAN_POINT('',(58.7197,-26.8993,2.5));
#1503 = VECTOR('',#1504,1.);
#1504 = DIRECTION('',(0.714779976816,-0.699349401045,0.));
#1505 = ORIENTED_EDGE('',*,*,#1506,.T.);
#1506 = EDGE_CURVE('',#1499,#1507,#1509,.T.);
#1507 = VERTEX_POINT('',#1508);
#1508 = CARTESIAN_POINT('',(59.9369,-27.8762,2.5));
#1509 = LINE('',#1510,#1511);
#1510 = CARTESIAN_POINT('',(59.2802,-27.4477,2.5));
#1511 = VECTOR('',#1512,1.);
#1512 = DIRECTION('',(0.837483721683,-0.546462273095,0.));
#1513 = ORIENTED_EDGE('',*,*,#1514,.T.);
#1514 = EDGE_CURVE('',#1507,#1515,#1517,.T.);
#1515 = VERTEX_POINT('',#1516);
#1516 = CARTESIAN_POINT('',(60.6646,-28.1684,2.5));
#1517 = LINE('',#1518,#1519);
#1518 = CARTESIAN_POINT('',(59.9369,-27.8762,2.5));
#1519 = VECTOR('',#1520,1.);
#1520 = DIRECTION('',(0.927983372675,-0.372621604364,0.));
#1521 = ORIENTED_EDGE('',*,*,#1522,.T.);
#1522 = EDGE_CURVE('',#1515,#1523,#1525,.T.);
#1523 = VERTEX_POINT('',#1524);
#1524 = CARTESIAN_POINT('',(61.0893,-28.2674,2.5));
#1525 = LINE('',#1526,#1527);
#1526 = CARTESIAN_POINT('',(60.6646,-28.1684,2.5));
#1527 = VECTOR('',#1528,1.);
#1528 = DIRECTION('',(0.973890239148,-0.227019387039,0.));
#1529 = ORIENTED_EDGE('',*,*,#1530,.T.);
#1530 = EDGE_CURVE('',#1523,#1531,#1533,.T.);
#1531 = VERTEX_POINT('',#1532);
#1532 = CARTESIAN_POINT('',(77.4041,-31.1442,2.5));
#1533 = LINE('',#1534,#1535);
#1534 = CARTESIAN_POINT('',(61.0893,-28.2674,2.5));
#1535 = VECTOR('',#1536,1.);
#1536 = DIRECTION('',(0.98480712771,-0.173651723895,0.));
#1537 = ORIENTED_EDGE('',*,*,#1538,.T.);
#1538 = EDGE_CURVE('',#1531,#1539,#1541,.T.);
#1539 = VERTEX_POINT('',#1540);
#1540 = CARTESIAN_POINT('',(79.2747,-31.6673,2.5));
#1541 = LINE('',#1542,#1543);
#1542 = CARTESIAN_POINT('',(77.4041,-31.1442,2.5));
#1543 = VECTOR('',#1544,1.);
#1544 = DIRECTION('',(0.963053261259,-0.269311002333,0.));
#1545 = ORIENTED_EDGE('',*,*,#1546,.T.);
#1546 = EDGE_CURVE('',#1539,#1547,#1549,.T.);
#1547 = VERTEX_POINT('',#1548);
#1548 = CARTESIAN_POINT('',(94.9185,-37.9878,2.5));
#1549 = LINE('',#1550,#1551);
#1550 = CARTESIAN_POINT('',(79.2747,-31.6673,2.5));
#1551 = VECTOR('',#1552,1.);
#1552 = DIRECTION('',(0.927183967206,-0.374606314625,0.));
#1553 = ORIENTED_EDGE('',*,*,#1554,.T.);
#1554 = EDGE_CURVE('',#1547,#1555,#1557,.T.);
#1555 = VERTEX_POINT('',#1556);
#1556 = CARTESIAN_POINT('',(96.6395,-38.8885,2.5));
#1557 = LINE('',#1558,#1559);
#1558 = CARTESIAN_POINT('',(94.9185,-37.9878,2.5));
#1559 = VECTOR('',#1560,1.);
#1560 = DIRECTION('',(0.885995725757,-0.463693405107,0.));
#1561 = ORIENTED_EDGE('',*,*,#1562,.T.);
#1562 = EDGE_CURVE('',#1555,#1563,#1565,.T.);
#1563 = VERTEX_POINT('',#1564);
#1564 = CARTESIAN_POINT('',(109.61695550303,-47.64211483386,2.5));
#1565 = LINE('',#1566,#1567);
#1566 = CARTESIAN_POINT('',(96.6395,-38.8885,2.5));
#1567 = VECTOR('',#1568,1.);
#1568 = DIRECTION('',(0.82903133639,-0.559202148855,0.));
#1569 = ORIENTED_EDGE('',*,*,#1570,.T.);
#1570 = EDGE_CURVE('',#1563,#141,#1571,.T.);
#1571 = CIRCLE('',#1572,3.);
#1572 = AXIS2_PLACEMENT_3D('',#1573,#1574,#1575);
#1573 = CARTESIAN_POINT('',(112.3,-46.3,2.5));
#1574 = DIRECTION('',(0.,0.,-1.));
#1575 = DIRECTION('',(1.,0.,0.));
#1576 = FACE_BOUND('',#1577,.T.);
#1577 = EDGE_LOOP('',(#1578));
#1578 = ORIENTED_EDGE('',*,*,#1579,.T.);
#1579 = EDGE_CURVE('',#1580,#1580,#1582,.T.);
#1580 = VERTEX_POINT('',#1581);
#1581 = CARTESIAN_POINT('',(61.5,-4.4,2.5));
#1582 = CIRCLE('',#1583,3.);
#1583 = AXIS2_PLACEMENT_3D('',#1584,#1585,#1586);
#1584 = CARTESIAN_POINT('',(58.5,-4.4,2.5));
#1585 = DIRECTION('',(0.,0.,-1.));
#1586 = DIRECTION('',(1.,0.,0.));
#1587 = FACE_BOUND('',#1588,.T.);
#1588 = EDGE_LOOP('',(#1589,#1599,#1607,#1615));
#1589 = ORIENTED_EDGE('',*,*,#1590,.F.);
#1590 = EDGE_CURVE('',#1591,#1593,#1595,.T.);
#1591 = VERTEX_POINT('',#1592);
#1592 = CARTESIAN_POINT('',(46.3,21.5,2.5));
#1593 = VERTEX_POINT('',#1594);
#1594 = CARTESIAN_POINT('',(46.3,18.5,2.5));
#1595 = LINE('',#1596,#1597);
#1596 = CARTESIAN_POINT('',(46.3,16.067362443164,2.5));
#1597 = VECTOR('',#1598,1.);
#1598 = DIRECTION('',(0.,-1.,0.));
#1599 = ORIENTED_EDGE('',*,*,#1600,.T.);
#1600 = EDGE_CURVE('',#1591,#1601,#1603,.T.);
#1601 = VERTEX_POINT('',#1602);
#1602 = CARTESIAN_POINT('',(49.3,21.5,2.5));
#1603 = LINE('',#1604,#1605);
#1604 = CARTESIAN_POINT('',(55.363765532018,21.5,2.5));
#1605 = VECTOR('',#1606,1.);
#1606 = DIRECTION('',(1.,0.,0.));
#1607 = ORIENTED_EDGE('',*,*,#1608,.T.);
#1608 = EDGE_CURVE('',#1601,#1609,#1611,.T.);
#1609 = VERTEX_POINT('',#1610);
#1610 = CARTESIAN_POINT('',(49.3,18.5,2.5));
#1611 = LINE('',#1612,#1613);
#1612 = CARTESIAN_POINT('',(49.3,16.067362443164,2.5));
#1613 = VECTOR('',#1614,1.);
#1614 = DIRECTION('',(0.,-1.,0.));
#1615 = ORIENTED_EDGE('',*,*,#1616,.F.);
#1616 = EDGE_CURVE('',#1593,#1609,#1617,.T.);
#1617 = LINE('',#1618,#1619);
#1618 = CARTESIAN_POINT('',(55.363765532018,18.5,2.5));
#1619 = VECTOR('',#1620,1.);
#1620 = DIRECTION('',(1.,0.,0.));
#1621 = FACE_BOUND('',#1622,.T.);
#1622 = EDGE_LOOP('',(#1623,#1624,#1625,#1631));
#1623 = ORIENTED_EDGE('',*,*,#31,.F.);
#1624 = ORIENTED_EDGE('',*,*,#124,.T.);
#1625 = ORIENTED_EDGE('',*,*,#1626,.T.);
#1626 = EDGE_CURVE('',#117,#62,#1627,.T.);
#1627 = LINE('',#1628,#1629);
#1628 = CARTESIAN_POINT('',(30.1,28.817362443164,2.5));
#1629 = VECTOR('',#1630,1.);
#1630 = DIRECTION('',(0.,-1.,0.));
#1631 = ORIENTED_EDGE('',*,*,#71,.F.);
#1632 = FACE_BOUND('',#1633,.T.);
#1633 = EDGE_LOOP('',(#1634,#1644,#1652,#1660));
#1634 = ORIENTED_EDGE('',*,*,#1635,.F.);
#1635 = EDGE_CURVE('',#1636,#1638,#1640,.T.);
#1636 = VERTEX_POINT('',#1637);
#1637 = CARTESIAN_POINT('',(86.5,56.75,2.5));
#1638 = VERTEX_POINT('',#1639);
#1639 = CARTESIAN_POINT('',(86.5,15.25,2.5));
#1640 = LINE('',#1641,#1642);
#1641 = CARTESIAN_POINT('',(86.5,14.442362443164,2.5));
#1642 = VECTOR('',#1643,1.);
#1643 = DIRECTION('',(0.,-1.,0.));
#1644 = ORIENTED_EDGE('',*,*,#1645,.F.);
#1645 = EDGE_CURVE('',#1646,#1636,#1648,.T.);
#1646 = VERTEX_POINT('',#1647);
#1647 = CARTESIAN_POINT('',(118.,56.75,2.5));
#1648 = LINE('',#1649,#1650);
#1649 = CARTESIAN_POINT('',(75.463765532018,56.75,2.5));
#1650 = VECTOR('',#1651,1.);
#1651 = DIRECTION('',(-1.,0.,0.));
#1652 = ORIENTED_EDGE('',*,*,#1653,.T.);
#1653 = EDGE_CURVE('',#1646,#1654,#1656,.T.);
#1654 = VERTEX_POINT('',#1655);
#1655 = CARTESIAN_POINT('',(118.,15.25,2.5));
#1656 = LINE('',#1657,#1658);
#1657 = CARTESIAN_POINT('',(118.,14.442362443164,2.5));
#1658 = VECTOR('',#1659,1.);
#1659 = DIRECTION('',(0.,-1.,0.));
#1660 = ORIENTED_EDGE('',*,*,#1661,.T.);
#1661 = EDGE_CURVE('',#1654,#1638,#1662,.T.);
#1662 = LINE('',#1663,#1664);
#1663 = CARTESIAN_POINT('',(75.463765532018,15.25,2.5));
#1664 = VECTOR('',#1665,1.);
#1665 = DIRECTION('',(-1.,0.,0.));
#1666 = PLANE('',#1667);
#1667 = AXIS2_PLACEMENT_3D('',#1668,#1669,#1670);
#1668 = CARTESIAN_POINT('',(64.427531064036,13.634724886327,2.5));
#1669 = DIRECTION('',(0.,0.,1.));
#1670 = DIRECTION('',(1.,0.,0.));
#1671 = ADVANCED_FACE('',(#1672),#1678,.T.);
#1672 = FACE_BOUND('',#1673,.T.);
#1673 = EDGE_LOOP('',(#1674,#1675,#1676,#1677));
#1674 = ORIENTED_EDGE('',*,*,#61,.F.);
#1675 = ORIENTED_EDGE('',*,*,#1626,.F.);
#1676 = ORIENTED_EDGE('',*,*,#116,.T.);
#1677 = ORIENTED_EDGE('',*,*,#94,.F.);
#1678 = PLANE('',#1679);
#1679 = AXIS2_PLACEMENT_3D('',#1680,#1681,#1682);
#1680 = CARTESIAN_POINT('',(30.1,44.,2.49));
#1681 = DIRECTION('',(1.,0.,0.));
#1682 = DIRECTION('',(0.,0.,1.));
#1683 = ADVANCED_FACE('',(#1684),#1725,.T.);
#1684 = FACE_BOUND('',#1685,.T.);
#1685 = EDGE_LOOP('',(#1686,#1687,#1695,#1703,#1711,#1719));
#1686 = ORIENTED_EDGE('',*,*,#151,.F.);
#1687 = ORIENTED_EDGE('',*,*,#1688,.F.);
#1688 = EDGE_CURVE('',#1689,#143,#1691,.T.);
#1689 = VERTEX_POINT('',#1690);
#1690 = CARTESIAN_POINT('',(114.65588731133,-48.15736237075,4.9));
#1691 = LINE('',#1692,#1693);
#1692 = CARTESIAN_POINT('',(114.65588731133,-48.15736237075,0.));
#1693 = VECTOR('',#1694,1.);
#1694 = DIRECTION('',(-0.,-0.,-1.));
#1695 = ORIENTED_EDGE('',*,*,#1696,.F.);
#1696 = EDGE_CURVE('',#1697,#1689,#1699,.T.);
#1697 = VERTEX_POINT('',#1698);
#1698 = CARTESIAN_POINT('',(114.042,-48.4822,4.9));
#1699 = LINE('',#1700,#1701);
#1700 = CARTESIAN_POINT('',(113.81258880685,-48.60359261836,4.9));
#1701 = VECTOR('',#1702,1.);
#1702 = DIRECTION('',(0.883884073198,0.467706045659,0.));
#1703 = ORIENTED_EDGE('',*,*,#1704,.T.);
#1704 = EDGE_CURVE('',#1697,#1705,#1707,.T.);
#1705 = VERTEX_POINT('',#1706);
#1706 = CARTESIAN_POINT('',(114.042,-48.4822,10.));
#1707 = LINE('',#1708,#1709);
#1708 = CARTESIAN_POINT('',(114.042,-48.4822,2.5));
#1709 = VECTOR('',#1710,1.);
#1710 = DIRECTION('',(0.,0.,1.));
#1711 = ORIENTED_EDGE('',*,*,#1712,.F.);
#1712 = EDGE_CURVE('',#1713,#1705,#1715,.T.);
#1713 = VERTEX_POINT('',#1714);
#1714 = CARTESIAN_POINT('',(114.735,-48.1155,10.));
#1715 = LINE('',#1716,#1717);
#1716 = CARTESIAN_POINT('',(107.50082582216,-51.94345334922,10.));
#1717 = VECTOR('',#1718,1.);
#1718 = DIRECTION('',(-0.883884073198,-0.467706045659,0.));
#1719 = ORIENTED_EDGE('',*,*,#1720,.F.);
#1720 = EDGE_CURVE('',#152,#1713,#1721,.T.);
#1721 = LINE('',#1722,#1723);
#1722 = CARTESIAN_POINT('',(114.735,-48.1155,2.5));
#1723 = VECTOR('',#1724,1.);
#1724 = DIRECTION('',(0.,0.,1.));
#1725 = PLANE('',#1726);
#1726 = AXIS2_PLACEMENT_3D('',#1727,#1728,#1729);
#1727 = CARTESIAN_POINT('',(114.042,-48.4822,2.5));
#1728 = DIRECTION('',(-0.467706045659,0.883884073198,0.));
#1729 = DIRECTION('',(0.883884073198,0.467706045659,0.));
#1730 = ADVANCED_FACE('',(#1731),#1772,.T.);
#1731 = FACE_BOUND('',#1732,.T.);
#1732 = EDGE_LOOP('',(#1733,#1734,#1742,#1750,#1758,#1766));
#1733 = ORIENTED_EDGE('',*,*,#1562,.F.);
#1734 = ORIENTED_EDGE('',*,*,#1735,.T.);
#1735 = EDGE_CURVE('',#1555,#1736,#1738,.T.);
#1736 = VERTEX_POINT('',#1737);
#1737 = CARTESIAN_POINT('',(96.6395,-38.8885,10.));
#1738 = LINE('',#1739,#1740);
#1739 = CARTESIAN_POINT('',(96.6395,-38.8885,2.5));
#1740 = VECTOR('',#1741,1.);
#1741 = DIRECTION('',(0.,0.,1.));
#1742 = ORIENTED_EDGE('',*,*,#1743,.F.);
#1743 = EDGE_CURVE('',#1744,#1736,#1746,.T.);
#1744 = VERTEX_POINT('',#1745);
#1745 = CARTESIAN_POINT('',(110.29,-48.0961,10.));
#1746 = LINE('',#1747,#1748);
#1747 = CARTESIAN_POINT('',(73.395189080359,-23.20963715807,10.));
#1748 = VECTOR('',#1749,1.);
#1749 = DIRECTION('',(-0.82903133639,0.559202148855,0.));
#1750 = ORIENTED_EDGE('',*,*,#1751,.F.);
#1751 = EDGE_CURVE('',#1752,#1744,#1754,.T.);
#1752 = VERTEX_POINT('',#1753);
#1753 = CARTESIAN_POINT('',(110.29,-48.0961,4.9));
#1754 = LINE('',#1755,#1756);
#1755 = CARTESIAN_POINT('',(110.29,-48.0961,2.5));
#1756 = VECTOR('',#1757,1.);
#1757 = DIRECTION('',(0.,0.,1.));
#1758 = ORIENTED_EDGE('',*,*,#1759,.F.);
#1759 = EDGE_CURVE('',#1760,#1752,#1762,.T.);
#1760 = VERTEX_POINT('',#1761);
#1761 = CARTESIAN_POINT('',(109.61695550303,-47.64211483386,4.9));
#1762 = LINE('',#1763,#1764);
#1763 = CARTESIAN_POINT('',(103.7391469396,-43.67738752508,4.9));
#1764 = VECTOR('',#1765,1.);
#1765 = DIRECTION('',(0.82903133639,-0.559202148855,0.));
#1766 = ORIENTED_EDGE('',*,*,#1767,.T.);
#1767 = EDGE_CURVE('',#1760,#1563,#1768,.T.);
#1768 = LINE('',#1769,#1770);
#1769 = CARTESIAN_POINT('',(109.61695550303,-47.64211483386,0.));
#1770 = VECTOR('',#1771,1.);
#1771 = DIRECTION('',(-0.,-0.,-1.));
#1772 = PLANE('',#1773);
#1773 = AXIS2_PLACEMENT_3D('',#1774,#1775,#1776);
#1774 = CARTESIAN_POINT('',(96.6395,-38.8885,2.5));
#1775 = DIRECTION('',(0.559202148855,0.82903133639,0.));
#1776 = DIRECTION('',(0.82903133639,-0.559202148855,0.));
#1777 = ADVANCED_FACE('',(#1778),#1796,.T.);
#1778 = FACE_BOUND('',#1779,.T.);
#1779 = EDGE_LOOP('',(#1780,#1781,#1782,#1790));
#1780 = ORIENTED_EDGE('',*,*,#159,.F.);
#1781 = ORIENTED_EDGE('',*,*,#1720,.T.);
#1782 = ORIENTED_EDGE('',*,*,#1783,.F.);
#1783 = EDGE_CURVE('',#1784,#1713,#1786,.T.);
#1784 = VERTEX_POINT('',#1785);
#1785 = CARTESIAN_POINT('',(115.343,-47.6207,10.));
#1786 = LINE('',#1787,#1788);
#1787 = CARTESIAN_POINT('',(114.71870900387,-48.12875786987,10.));
#1788 = VECTOR('',#1789,1.);
#1789 = DIRECTION('',(-0.775614289878,-0.631207155644,0.));
#1790 = ORIENTED_EDGE('',*,*,#1791,.F.);
#1791 = EDGE_CURVE('',#160,#1784,#1792,.T.);
#1792 = LINE('',#1793,#1794);
#1793 = CARTESIAN_POINT('',(115.343,-47.6207,2.5));
#1794 = VECTOR('',#1795,1.);
#1795 = DIRECTION('',(0.,0.,1.));
#1796 = PLANE('',#1797);
#1797 = AXIS2_PLACEMENT_3D('',#1798,#1799,#1800);
#1798 = CARTESIAN_POINT('',(114.735,-48.1155,2.5));
#1799 = DIRECTION('',(-0.631207155644,0.775614289878,0.));
#1800 = DIRECTION('',(0.775614289878,0.631207155644,0.));
#1801 = ADVANCED_FACE('',(#1802),#1820,.T.);
#1802 = FACE_BOUND('',#1803,.T.);
#1803 = EDGE_LOOP('',(#1804,#1805,#1813,#1819));
#1804 = ORIENTED_EDGE('',*,*,#1554,.F.);
#1805 = ORIENTED_EDGE('',*,*,#1806,.T.);
#1806 = EDGE_CURVE('',#1547,#1807,#1809,.T.);
#1807 = VERTEX_POINT('',#1808);
#1808 = CARTESIAN_POINT('',(94.9185,-37.9878,10.));
#1809 = LINE('',#1810,#1811);
#1810 = CARTESIAN_POINT('',(94.9185,-37.9878,2.5));
#1811 = VECTOR('',#1812,1.);
#1812 = DIRECTION('',(0.,0.,1.));
#1813 = ORIENTED_EDGE('',*,*,#1814,.F.);
#1814 = EDGE_CURVE('',#1736,#1807,#1815,.T.);
#1815 = LINE('',#1816,#1817);
#1816 = CARTESIAN_POINT('',(72.346920514548,-26.17477173588,10.));
#1817 = VECTOR('',#1818,1.);
#1818 = DIRECTION('',(-0.885995725757,0.463693405107,0.));
#1819 = ORIENTED_EDGE('',*,*,#1735,.F.);
#1820 = PLANE('',#1821);
#1821 = AXIS2_PLACEMENT_3D('',#1822,#1823,#1824);
#1822 = CARTESIAN_POINT('',(94.9185,-37.9878,2.5));
#1823 = DIRECTION('',(0.463693405107,0.885995725757,0.));
#1824 = DIRECTION('',(0.885995725757,-0.463693405107,0.));
#1825 = ADVANCED_FACE('',(#1826),#1844,.T.);
#1826 = FACE_BOUND('',#1827,.T.);
#1827 = EDGE_LOOP('',(#1828,#1829,#1830,#1838));
#1828 = ORIENTED_EDGE('',*,*,#167,.F.);
#1829 = ORIENTED_EDGE('',*,*,#1791,.T.);
#1830 = ORIENTED_EDGE('',*,*,#1831,.F.);
#1831 = EDGE_CURVE('',#1832,#1784,#1834,.T.);
#1832 = VERTEX_POINT('',#1833);
#1833 = CARTESIAN_POINT('',(115.843,-47.0168,10.));
#1834 = LINE('',#1835,#1836);
#1835 = CARTESIAN_POINT('',(120.03411212891,-41.95477477069,10.));
#1836 = VECTOR('',#1837,1.);
#1837 = DIRECTION('',(-0.637734761248,-0.770256044635,0.));
#1838 = ORIENTED_EDGE('',*,*,#1839,.F.);
#1839 = EDGE_CURVE('',#168,#1832,#1840,.T.);
#1840 = LINE('',#1841,#1842);
#1841 = CARTESIAN_POINT('',(115.843,-47.0168,2.5));
#1842 = VECTOR('',#1843,1.);
#1843 = DIRECTION('',(0.,0.,1.));
#1844 = PLANE('',#1845);
#1845 = AXIS2_PLACEMENT_3D('',#1846,#1847,#1848);
#1846 = CARTESIAN_POINT('',(115.343,-47.6207,2.5));
#1847 = DIRECTION('',(-0.770256044635,0.637734761248,0.));
#1848 = DIRECTION('',(0.637734761248,0.770256044635,0.));
#1849 = ADVANCED_FACE('',(#1850),#1868,.T.);
#1850 = FACE_BOUND('',#1851,.T.);
#1851 = EDGE_LOOP('',(#1852,#1853,#1861,#1867));
#1852 = ORIENTED_EDGE('',*,*,#1546,.F.);
#1853 = ORIENTED_EDGE('',*,*,#1854,.T.);
#1854 = EDGE_CURVE('',#1539,#1855,#1857,.T.);
#1855 = VERTEX_POINT('',#1856);
#1856 = CARTESIAN_POINT('',(79.2747,-31.6673,10.));
#1857 = LINE('',#1858,#1859);
#1858 = CARTESIAN_POINT('',(79.2747,-31.6673,2.5));
#1859 = VECTOR('',#1860,1.);
#1860 = DIRECTION('',(0.,0.,1.));
#1861 = ORIENTED_EDGE('',*,*,#1862,.F.);
#1862 = EDGE_CURVE('',#1807,#1855,#1863,.T.);
#1863 = LINE('',#1864,#1865);
#1864 = CARTESIAN_POINT('',(65.025513533723,-25.91025995473,10.));
#1865 = VECTOR('',#1866,1.);
#1866 = DIRECTION('',(-0.927183967206,0.374606314625,0.));
#1867 = ORIENTED_EDGE('',*,*,#1806,.F.);
#1868 = PLANE('',#1869);
#1869 = AXIS2_PLACEMENT_3D('',#1870,#1871,#1872);
#1870 = CARTESIAN_POINT('',(79.2747,-31.6673,2.5));
#1871 = DIRECTION('',(0.374606314625,0.927183967206,0.));
#1872 = DIRECTION('',(0.927183967206,-0.374606314625,0.));
#1873 = ADVANCED_FACE('',(#1874),#1892,.T.);
#1874 = FACE_BOUND('',#1875,.T.);
#1875 = EDGE_LOOP('',(#1876,#1877,#1878,#1886));
#1876 = ORIENTED_EDGE('',*,*,#175,.F.);
#1877 = ORIENTED_EDGE('',*,*,#1839,.T.);
#1878 = ORIENTED_EDGE('',*,*,#1879,.F.);
#1879 = EDGE_CURVE('',#1880,#1832,#1882,.T.);
#1880 = VERTEX_POINT('',#1881);
#1881 = CARTESIAN_POINT('',(127.454,-29.8039,10.));
#1882 = LINE('',#1883,#1884);
#1883 = CARTESIAN_POINT('',(121.86268003502,-38.09283561494,10.));
#1884 = VECTOR('',#1885,1.);
#1885 = DIRECTION('',(-0.559217807842,-0.8290207738,0.));
#1886 = ORIENTED_EDGE('',*,*,#1887,.F.);
#1887 = EDGE_CURVE('',#176,#1880,#1888,.T.);
#1888 = LINE('',#1889,#1890);
#1889 = CARTESIAN_POINT('',(127.454,-29.8039,2.5));
#1890 = VECTOR('',#1891,1.);
#1891 = DIRECTION('',(0.,0.,1.));
#1892 = PLANE('',#1893);
#1893 = AXIS2_PLACEMENT_3D('',#1894,#1895,#1896);
#1894 = CARTESIAN_POINT('',(115.843,-47.0168,2.5));
#1895 = DIRECTION('',(-0.8290207738,0.559217807842,0.));
#1896 = DIRECTION('',(0.559217807842,0.8290207738,0.));
#1897 = ADVANCED_FACE('',(#1898),#1916,.T.);
#1898 = FACE_BOUND('',#1899,.T.);
#1899 = EDGE_LOOP('',(#1900,#1901,#1909,#1915));
#1900 = ORIENTED_EDGE('',*,*,#1538,.F.);
#1901 = ORIENTED_EDGE('',*,*,#1902,.T.);
#1902 = EDGE_CURVE('',#1531,#1903,#1905,.T.);
#1903 = VERTEX_POINT('',#1904);
#1904 = CARTESIAN_POINT('',(77.4041,-31.1442,10.));
#1905 = LINE('',#1906,#1907);
#1906 = CARTESIAN_POINT('',(77.4041,-31.1442,2.5));
#1907 = VECTOR('',#1908,1.);
#1908 = DIRECTION('',(0.,0.,1.));
#1909 = ORIENTED_EDGE('',*,*,#1910,.F.);
#1910 = EDGE_CURVE('',#1855,#1903,#1911,.T.);
#1911 = LINE('',#1912,#1913);
#1912 = CARTESIAN_POINT('',(65.579450760858,-27.83752085053,10.));
#1913 = VECTOR('',#1914,1.);
#1914 = DIRECTION('',(-0.963053261259,0.269311002333,0.));
#1915 = ORIENTED_EDGE('',*,*,#1854,.F.);
#1916 = PLANE('',#1917);
#1917 = AXIS2_PLACEMENT_3D('',#1918,#1919,#1920);
#1918 = CARTESIAN_POINT('',(77.4041,-31.1442,2.5));
#1919 = DIRECTION('',(0.269311002333,0.963053261259,0.));
#1920 = DIRECTION('',(0.963053261259,-0.269311002333,0.));
#1921 = ADVANCED_FACE('',(#1922),#1940,.T.);
#1922 = FACE_BOUND('',#1923,.T.);
#1923 = EDGE_LOOP('',(#1924,#1925,#1926,#1934));
#1924 = ORIENTED_EDGE('',*,*,#183,.F.);
#1925 = ORIENTED_EDGE('',*,*,#1887,.T.);
#1926 = ORIENTED_EDGE('',*,*,#1927,.F.);
#1927 = EDGE_CURVE('',#1928,#1880,#1930,.T.);
#1928 = VERTEX_POINT('',#1929);
#1929 = CARTESIAN_POINT('',(127.826,-29.1139,10.));
#1930 = LINE('',#1931,#1932);
#1931 = CARTESIAN_POINT('',(129.42961804586,-26.13944717299,10.));
#1932 = VECTOR('',#1933,1.);
#1933 = DIRECTION('',(-0.474556198408,-0.880225206724,0.));
#1934 = ORIENTED_EDGE('',*,*,#1935,.F.);
#1935 = EDGE_CURVE('',#184,#1928,#1936,.T.);
#1936 = LINE('',#1937,#1938);
#1937 = CARTESIAN_POINT('',(127.826,-29.1139,2.5));
#1938 = VECTOR('',#1939,1.);
#1939 = DIRECTION('',(0.,0.,1.));
#1940 = PLANE('',#1941);
#1941 = AXIS2_PLACEMENT_3D('',#1942,#1943,#1944);
#1942 = CARTESIAN_POINT('',(127.454,-29.8039,2.5));
#1943 = DIRECTION('',(-0.880225206724,0.474556198408,0.));
#1944 = DIRECTION('',(0.474556198408,0.880225206724,0.));
#1945 = ADVANCED_FACE('',(#1946),#1964,.T.);
#1946 = FACE_BOUND('',#1947,.T.);
#1947 = EDGE_LOOP('',(#1948,#1949,#1957,#1963));
#1948 = ORIENTED_EDGE('',*,*,#1530,.F.);
#1949 = ORIENTED_EDGE('',*,*,#1950,.T.);
#1950 = EDGE_CURVE('',#1523,#1951,#1953,.T.);
#1951 = VERTEX_POINT('',#1952);
#1952 = CARTESIAN_POINT('',(61.0893,-28.2674,10.));
#1953 = LINE('',#1954,#1955);
#1954 = CARTESIAN_POINT('',(61.0893,-28.2674,2.5));
#1955 = VECTOR('',#1956,1.);
#1956 = DIRECTION('',(0.,0.,1.));
#1957 = ORIENTED_EDGE('',*,*,#1958,.F.);
#1958 = EDGE_CURVE('',#1903,#1951,#1959,.T.);
#1959 = LINE('',#1960,#1961);
#1960 = CARTESIAN_POINT('',(59.12516990131,-27.92106357737,10.));
#1961 = VECTOR('',#1962,1.);
#1962 = DIRECTION('',(-0.98480712771,0.173651723895,0.));
#1963 = ORIENTED_EDGE('',*,*,#1902,.F.);
#1964 = PLANE('',#1965);
#1965 = AXIS2_PLACEMENT_3D('',#1966,#1967,#1968);
#1966 = CARTESIAN_POINT('',(61.0893,-28.2674,2.5));
#1967 = DIRECTION('',(0.173651723895,0.98480712771,0.));
#1968 = DIRECTION('',(0.98480712771,-0.173651723895,0.));
#1969 = ADVANCED_FACE('',(#1970),#1988,.T.);
#1970 = FACE_BOUND('',#1971,.T.);
#1971 = EDGE_LOOP('',(#1972,#1973,#1974,#1982));
#1972 = ORIENTED_EDGE('',*,*,#191,.F.);
#1973 = ORIENTED_EDGE('',*,*,#1935,.T.);
#1974 = ORIENTED_EDGE('',*,*,#1975,.F.);
#1975 = EDGE_CURVE('',#1976,#1928,#1978,.T.);
#1976 = VERTEX_POINT('',#1977);
#1977 = CARTESIAN_POINT('',(128.057,-28.3646,10.));
#1978 = LINE('',#1979,#1980);
#1979 = CARTESIAN_POINT('',(131.09227037176,-18.51902385469,10.));
#1980 = VECTOR('',#1981,1.);
#1981 = DIRECTION('',(-0.294605596197,-0.955618931734,0.));
#1982 = ORIENTED_EDGE('',*,*,#1983,.F.);
#1983 = EDGE_CURVE('',#192,#1976,#1984,.T.);
#1984 = LINE('',#1985,#1986);
#1985 = CARTESIAN_POINT('',(128.057,-28.3646,2.5));
#1986 = VECTOR('',#1987,1.);
#1987 = DIRECTION('',(0.,0.,1.));
#1988 = PLANE('',#1989);
#1989 = AXIS2_PLACEMENT_3D('',#1990,#1991,#1992);
#1990 = CARTESIAN_POINT('',(127.826,-29.1139,2.5));
#1991 = DIRECTION('',(-0.955618931734,0.294605596197,0.));
#1992 = DIRECTION('',(0.294605596197,0.955618931734,0.));
#1993 = ADVANCED_FACE('',(#1994),#2012,.T.);
#1994 = FACE_BOUND('',#1995,.T.);
#1995 = EDGE_LOOP('',(#1996,#1997,#2005,#2011));
#1996 = ORIENTED_EDGE('',*,*,#1522,.F.);
#1997 = ORIENTED_EDGE('',*,*,#1998,.T.);
#1998 = EDGE_CURVE('',#1515,#1999,#2001,.T.);
#1999 = VERTEX_POINT('',#2000);
#2000 = CARTESIAN_POINT('',(60.6646,-28.1684,10.));
#2001 = LINE('',#2002,#2003);
#2002 = CARTESIAN_POINT('',(60.6646,-28.1684,2.5));
#2003 = VECTOR('',#2004,1.);
#2004 = DIRECTION('',(0.,0.,1.));
#2005 = ORIENTED_EDGE('',*,*,#2006,.F.);
#2006 = EDGE_CURVE('',#1951,#1999,#2007,.T.);
#2007 = LINE('',#2008,#2009);
#2008 = CARTESIAN_POINT('',(57.827931418832,-27.5071563232,10.));
#2009 = VECTOR('',#2010,1.);
#2010 = DIRECTION('',(-0.973890239148,0.227019387039,0.));
#2011 = ORIENTED_EDGE('',*,*,#1950,.F.);
#2012 = PLANE('',#2013);
#2013 = AXIS2_PLACEMENT_3D('',#2014,#2015,#2016);
#2014 = CARTESIAN_POINT('',(60.6646,-28.1684,2.5));
#2015 = DIRECTION('',(0.227019387039,0.973890239148,0.));
#2016 = DIRECTION('',(0.973890239148,-0.227019387039,0.));
#2017 = ADVANCED_FACE('',(#2018),#2036,.T.);
#2018 = FACE_BOUND('',#2019,.T.);
#2019 = EDGE_LOOP('',(#2020,#2021,#2022,#2030));
#2020 = ORIENTED_EDGE('',*,*,#199,.F.);
#2021 = ORIENTED_EDGE('',*,*,#1983,.T.);
#2022 = ORIENTED_EDGE('',*,*,#2023,.F.);
#2023 = EDGE_CURVE('',#2024,#1976,#2026,.T.);
#2024 = VERTEX_POINT('',#2025);
#2025 = CARTESIAN_POINT('',(128.137,-27.5846,10.));
#2026 = LINE('',#2027,#2028);
#2027 = CARTESIAN_POINT('',(129.85720272586,-10.81262342287,10.));
#2028 = VECTOR('',#2029,1.);
#2029 = DIRECTION('',(-0.102028865499,-0.994781438611,0.));
#2030 = ORIENTED_EDGE('',*,*,#2031,.F.);
#2031 = EDGE_CURVE('',#200,#2024,#2032,.T.);
#2032 = LINE('',#2033,#2034);
#2033 = CARTESIAN_POINT('',(128.137,-27.5846,2.5));
#2034 = VECTOR('',#2035,1.);
#2035 = DIRECTION('',(0.,0.,1.));
#2036 = PLANE('',#2037);
#2037 = AXIS2_PLACEMENT_3D('',#2038,#2039,#2040);
#2038 = CARTESIAN_POINT('',(128.057,-28.3646,2.5));
#2039 = DIRECTION('',(-0.994781438611,0.102028865499,0.));
#2040 = DIRECTION('',(0.102028865499,0.994781438611,0.));
#2041 = ADVANCED_FACE('',(#2042),#2060,.T.);
#2042 = FACE_BOUND('',#2043,.T.);
#2043 = EDGE_LOOP('',(#2044,#2045,#2053,#2059));
#2044 = ORIENTED_EDGE('',*,*,#1514,.F.);
#2045 = ORIENTED_EDGE('',*,*,#2046,.T.);
#2046 = EDGE_CURVE('',#1507,#2047,#2049,.T.);
#2047 = VERTEX_POINT('',#2048);
#2048 = CARTESIAN_POINT('',(59.9369,-27.8762,10.));
#2049 = LINE('',#2050,#2051);
#2050 = CARTESIAN_POINT('',(59.9369,-27.8762,2.5));
#2051 = VECTOR('',#2052,1.);
#2052 = DIRECTION('',(0.,0.,1.));
#2053 = ORIENTED_EDGE('',*,*,#2054,.F.);
#2054 = EDGE_CURVE('',#1999,#2047,#2055,.T.);
#2055 = LINE('',#2056,#2057);
#2056 = CARTESIAN_POINT('',(54.693498627816,-25.77076935419,10.));
#2057 = VECTOR('',#2058,1.);
#2058 = DIRECTION('',(-0.927983372675,0.372621604364,0.));
#2059 = ORIENTED_EDGE('',*,*,#1998,.F.);
#2060 = PLANE('',#2061);
#2061 = AXIS2_PLACEMENT_3D('',#2062,#2063,#2064);
#2062 = CARTESIAN_POINT('',(59.9369,-27.8762,2.5));
#2063 = DIRECTION('',(0.372621604364,0.927983372675,0.));
#2064 = DIRECTION('',(0.927983372675,-0.372621604364,0.));
#2065 = ADVANCED_FACE('',(#2066),#2084,.T.);
#2066 = FACE_BOUND('',#2067,.T.);
#2067 = EDGE_LOOP('',(#2068,#2069,#2070,#2078));
#2068 = ORIENTED_EDGE('',*,*,#207,.F.);
#2069 = ORIENTED_EDGE('',*,*,#2031,.T.);
#2070 = ORIENTED_EDGE('',*,*,#2071,.F.);
#2071 = EDGE_CURVE('',#2072,#2024,#2074,.T.);
#2072 = VERTEX_POINT('',#2073);
#2073 = CARTESIAN_POINT('',(128.064,-26.8039,10.));
#2074 = LINE('',#2075,#2076);
#2075 = CARTESIAN_POINT('',(125.95047718791,-4.200786857617,10.));
#2076 = VECTOR('',#2077,1.);
#2077 = DIRECTION('',(9.309971265673E-02,-0.995656790015,0.));
#2078 = ORIENTED_EDGE('',*,*,#2079,.F.);
#2079 = EDGE_CURVE('',#208,#2072,#2080,.T.);
#2080 = LINE('',#2081,#2082);
#2081 = CARTESIAN_POINT('',(128.064,-26.8039,2.5));
#2082 = VECTOR('',#2083,1.);
#2083 = DIRECTION('',(0.,0.,1.));
#2084 = PLANE('',#2085);
#2085 = AXIS2_PLACEMENT_3D('',#2086,#2087,#2088);
#2086 = CARTESIAN_POINT('',(128.137,-27.5846,2.5));
#2087 = DIRECTION('',(-0.995656790015,-9.309971265673E-02,0.));
#2088 = DIRECTION('',(-9.309971265673E-02,0.995656790015,0.));
#2089 = ADVANCED_FACE('',(#2090),#2108,.T.);
#2090 = FACE_BOUND('',#2091,.T.);
#2091 = EDGE_LOOP('',(#2092,#2093,#2101,#2107));
#2092 = ORIENTED_EDGE('',*,*,#1506,.F.);
#2093 = ORIENTED_EDGE('',*,*,#2094,.T.);
#2094 = EDGE_CURVE('',#1499,#2095,#2097,.T.);
#2095 = VERTEX_POINT('',#2096);
#2096 = CARTESIAN_POINT('',(59.2802,-27.4477,10.));
#2097 = LINE('',#2098,#2099);
#2098 = CARTESIAN_POINT('',(59.2802,-27.4477,2.5));
#2099 = VECTOR('',#2100,1.);
#2100 = DIRECTION('',(0.,0.,1.));
#2101 = ORIENTED_EDGE('',*,*,#2102,.F.);
#2102 = EDGE_CURVE('',#2047,#2095,#2103,.T.);
#2103 = LINE('',#2104,#2105);
#2104 = CARTESIAN_POINT('',(51.684562113596,-22.4915086884,10.));
#2105 = VECTOR('',#2106,1.);
#2106 = DIRECTION('',(-0.837483721683,0.546462273095,0.));
#2107 = ORIENTED_EDGE('',*,*,#2046,.F.);
#2108 = PLANE('',#2109);
#2109 = AXIS2_PLACEMENT_3D('',#2110,#2111,#2112);
#2110 = CARTESIAN_POINT('',(59.2802,-27.4477,2.5));
#2111 = DIRECTION('',(0.546462273095,0.837483721683,0.));
#2112 = DIRECTION('',(0.837483721683,-0.546462273095,0.));
#2113 = ADVANCED_FACE('',(#2114),#2132,.T.);
#2114 = FACE_BOUND('',#2115,.T.);
#2115 = EDGE_LOOP('',(#2116,#2117,#2118,#2126));
#2116 = ORIENTED_EDGE('',*,*,#215,.F.);
#2117 = ORIENTED_EDGE('',*,*,#2079,.T.);
#2118 = ORIENTED_EDGE('',*,*,#2119,.F.);
#2119 = EDGE_CURVE('',#2120,#2072,#2122,.T.);
#2120 = VERTEX_POINT('',#2121);
#2121 = CARTESIAN_POINT('',(127.84,-26.0525,10.));
#2122 = LINE('',#2123,#2124);
#2123 = CARTESIAN_POINT('',(119.93147521088,0.476363957759,10.));
#2124 = VECTOR('',#2125,1.);
#2125 = DIRECTION('',(0.285685944228,-0.958323296842,0.));
#2126 = ORIENTED_EDGE('',*,*,#2127,.F.);
#2127 = EDGE_CURVE('',#216,#2120,#2128,.T.);
#2128 = LINE('',#2129,#2130);
#2129 = CARTESIAN_POINT('',(127.84,-26.0525,2.5));
#2130 = VECTOR('',#2131,1.);
#2131 = DIRECTION('',(0.,0.,1.));
#2132 = PLANE('',#2133);
#2133 = AXIS2_PLACEMENT_3D('',#2134,#2135,#2136);
#2134 = CARTESIAN_POINT('',(128.064,-26.8039,2.5));
#2135 = DIRECTION('',(-0.958323296842,-0.285685944228,0.));
#2136 = DIRECTION('',(-0.285685944228,0.958323296842,0.));
#2137 = ADVANCED_FACE('',(#2138),#2156,.T.);
#2138 = FACE_BOUND('',#2139,.T.);
#2139 = EDGE_LOOP('',(#2140,#2141,#2149,#2155));
#2140 = ORIENTED_EDGE('',*,*,#1498,.F.);
#2141 = ORIENTED_EDGE('',*,*,#2142,.T.);
#2142 = EDGE_CURVE('',#1491,#2143,#2145,.T.);
#2143 = VERTEX_POINT('',#2144);
#2144 = CARTESIAN_POINT('',(58.7197,-26.8993,10.));
#2145 = LINE('',#2146,#2147);
#2146 = CARTESIAN_POINT('',(58.7197,-26.8993,2.5));
#2147 = VECTOR('',#2148,1.);
#2148 = DIRECTION('',(0.,0.,1.));
#2149 = ORIENTED_EDGE('',*,*,#2150,.F.);
#2150 = EDGE_CURVE('',#2095,#2143,#2151,.T.);
#2151 = LINE('',#2152,#2153);
#2152 = CARTESIAN_POINT('',(50.046701762865,-18.41353330375,10.));
#2153 = VECTOR('',#2154,1.);
#2154 = DIRECTION('',(-0.714779976816,0.699349401045,0.));
#2155 = ORIENTED_EDGE('',*,*,#2094,.F.);
#2156 = PLANE('',#2157);
#2157 = AXIS2_PLACEMENT_3D('',#2158,#2159,#2160);
#2158 = CARTESIAN_POINT('',(58.7197,-26.8993,2.5));
#2159 = DIRECTION('',(0.699349401045,0.714779976816,0.));
#2160 = DIRECTION('',(0.714779976816,-0.699349401045,0.));
#2161 = ADVANCED_FACE('',(#2162),#2180,.T.);
#2162 = FACE_BOUND('',#2163,.T.);
#2163 = EDGE_LOOP('',(#2164,#2165,#2166,#2174));
#2164 = ORIENTED_EDGE('',*,*,#223,.F.);
#2165 = ORIENTED_EDGE('',*,*,#2127,.T.);
#2166 = ORIENTED_EDGE('',*,*,#2167,.F.);
#2167 = EDGE_CURVE('',#2168,#2120,#2170,.T.);
#2168 = VERTEX_POINT('',#2169);
#2169 = CARTESIAN_POINT('',(127.473,-25.3593,10.));
#2170 = LINE('',#2171,#2172);
#2171 = CARTESIAN_POINT('',(112.69280804862,2.557945396991,10.));
#2172 = VECTOR('',#2173,1.);
#2173 = DIRECTION('',(0.467899435954,-0.883781713906,0.));
#2174 = ORIENTED_EDGE('',*,*,#2175,.F.);
#2175 = EDGE_CURVE('',#224,#2168,#2176,.T.);
#2176 = LINE('',#2177,#2178);
#2177 = CARTESIAN_POINT('',(127.473,-25.3593,2.5));
#2178 = VECTOR('',#2179,1.);
#2179 = DIRECTION('',(0.,0.,1.));
#2180 = PLANE('',#2181);
#2181 = AXIS2_PLACEMENT_3D('',#2182,#2183,#2184);
#2182 = CARTESIAN_POINT('',(127.84,-26.0525,2.5));
#2183 = DIRECTION('',(-0.883781713906,-0.467899435954,0.));
#2184 = DIRECTION('',(-0.467899435954,0.883781713906,0.));
#2185 = ADVANCED_FACE('',(#2186),#2204,.T.);
#2186 = FACE_BOUND('',#2187,.T.);
#2187 = EDGE_LOOP('',(#2188,#2189,#2197,#2203));
#2188 = ORIENTED_EDGE('',*,*,#1490,.F.);
#2189 = ORIENTED_EDGE('',*,*,#2190,.T.);
#2190 = EDGE_CURVE('',#1483,#2191,#2193,.T.);
#2191 = VERTEX_POINT('',#2192);
#2192 = CARTESIAN_POINT('',(58.277,-26.2521,10.));
#2193 = LINE('',#2194,#2195);
#2194 = CARTESIAN_POINT('',(58.277,-26.2521,2.5));
#2195 = VECTOR('',#2196,1.);
#2196 = DIRECTION('',(0.,0.,1.));
#2197 = ORIENTED_EDGE('',*,*,#2198,.F.);
#2198 = EDGE_CURVE('',#2143,#2191,#2199,.T.);
#2199 = LINE('',#2200,#2201);
#2200 = CARTESIAN_POINT('',(49.963776383308,-14.09868160216,10.));
#2201 = VECTOR('',#2202,1.);
#2202 = DIRECTION('',(-0.564578758272,0.82537920116,0.));
#2203 = ORIENTED_EDGE('',*,*,#2142,.F.);
#2204 = PLANE('',#2205);
#2205 = AXIS2_PLACEMENT_3D('',#2206,#2207,#2208);
#2206 = CARTESIAN_POINT('',(58.277,-26.2521,2.5));
#2207 = DIRECTION('',(0.82537920116,0.564578758272,0.));
#2208 = DIRECTION('',(0.564578758272,-0.82537920116,0.));
#2209 = ADVANCED_FACE('',(#2210),#2228,.T.);
#2210 = FACE_BOUND('',#2211,.T.);
#2211 = EDGE_LOOP('',(#2212,#2213,#2214,#2222));
#2212 = ORIENTED_EDGE('',*,*,#231,.F.);
#2213 = ORIENTED_EDGE('',*,*,#2175,.T.);
#2214 = ORIENTED_EDGE('',*,*,#2215,.F.);
#2215 = EDGE_CURVE('',#2216,#2168,#2218,.T.);
#2216 = VERTEX_POINT('',#2217);
#2217 = CARTESIAN_POINT('',(126.978,-24.751,10.));
#2218 = LINE('',#2219,#2220);
#2219 = CARTESIAN_POINT('',(105.36993812966,1.802907142877,10.));
#2220 = VECTOR('',#2221,1.);
#2221 = DIRECTION('',(0.631173292938,-0.775641846655,0.));
#2222 = ORIENTED_EDGE('',*,*,#2223,.F.);
#2223 = EDGE_CURVE('',#232,#2216,#2224,.T.);
#2224 = LINE('',#2225,#2226);
#2225 = CARTESIAN_POINT('',(126.978,-24.751,2.5));
#2226 = VECTOR('',#2227,1.);
#2227 = DIRECTION('',(0.,0.,1.));
#2228 = PLANE('',#2229);
#2229 = AXIS2_PLACEMENT_3D('',#2230,#2231,#2232);
#2230 = CARTESIAN_POINT('',(127.473,-25.3593,2.5));
#2231 = DIRECTION('',(-0.775641846655,-0.631173292938,0.));
#2232 = DIRECTION('',(-0.631173292938,0.775641846655,0.));
#2233 = ADVANCED_FACE('',(#2234),#2252,.T.);
#2234 = FACE_BOUND('',#2235,.T.);
#2235 = EDGE_LOOP('',(#2236,#2237,#2245,#2251));
#2236 = ORIENTED_EDGE('',*,*,#1482,.F.);
#2237 = ORIENTED_EDGE('',*,*,#2238,.T.);
#2238 = EDGE_CURVE('',#1475,#2239,#2241,.T.);
#2239 = VERTEX_POINT('',#2240);
#2240 = CARTESIAN_POINT('',(57.969,-25.531,10.));
#2241 = LINE('',#2242,#2243);
#2242 = CARTESIAN_POINT('',(57.969,-25.531,2.5));
#2243 = VECTOR('',#2244,1.);
#2244 = DIRECTION('',(0.,0.,1.));
#2245 = ORIENTED_EDGE('',*,*,#2246,.F.);
#2246 = EDGE_CURVE('',#2191,#2239,#2247,.T.);
#2247 = LINE('',#2248,#2249);
#2248 = CARTESIAN_POINT('',(51.393421568725,-10.13603374418,10.));
#2249 = VECTOR('',#2250,1.);
#2250 = DIRECTION('',(-0.392795412362,0.919625882643,0.));
#2251 = ORIENTED_EDGE('',*,*,#2190,.F.);
#2252 = PLANE('',#2253);
#2253 = AXIS2_PLACEMENT_3D('',#2254,#2255,#2256);
#2254 = CARTESIAN_POINT('',(57.969,-25.531,2.5));
#2255 = DIRECTION('',(0.919625882643,0.392795412362,0.));
#2256 = DIRECTION('',(0.392795412362,-0.919625882643,0.));
#2257 = ADVANCED_FACE('',(#2258),#2276,.T.);
#2258 = FACE_BOUND('',#2259,.T.);
#2259 = EDGE_LOOP('',(#2260,#2261,#2262,#2270));
#2260 = ORIENTED_EDGE('',*,*,#239,.F.);
#2261 = ORIENTED_EDGE('',*,*,#2223,.T.);
#2262 = ORIENTED_EDGE('',*,*,#2263,.F.);
#2263 = EDGE_CURVE('',#2264,#2216,#2266,.T.);
#2264 = VERTEX_POINT('',#2265);
#2265 = CARTESIAN_POINT('',(126.374,-24.2509,10.));
#2266 = LINE('',#2267,#2268);
#2267 = CARTESIAN_POINT('',(98.995138333415,-1.581746490962,10.));
#2268 = VECTOR('',#2269,1.);
#2269 = DIRECTION('',(0.77024526703,-0.637747778215,0.));
#2270 = ORIENTED_EDGE('',*,*,#2271,.F.);
#2271 = EDGE_CURVE('',#240,#2264,#2272,.T.);
#2272 = LINE('',#2273,#2274);
#2273 = CARTESIAN_POINT('',(126.374,-24.2509,2.5));
#2274 = VECTOR('',#2275,1.);
#2275 = DIRECTION('',(0.,0.,1.));
#2276 = PLANE('',#2277);
#2277 = AXIS2_PLACEMENT_3D('',#2278,#2279,#2280);
#2278 = CARTESIAN_POINT('',(126.978,-24.751,2.5));
#2279 = DIRECTION('',(-0.637747778215,-0.77024526703,0.));
#2280 = DIRECTION('',(-0.77024526703,0.637747778215,0.));
#2281 = ADVANCED_FACE('',(#2282),#2300,.T.);
#2282 = FACE_BOUND('',#2283,.T.);
#2283 = EDGE_LOOP('',(#2284,#2285,#2293,#2299));
#2284 = ORIENTED_EDGE('',*,*,#1474,.F.);
#2285 = ORIENTED_EDGE('',*,*,#2286,.T.);
#2286 = EDGE_CURVE('',#1467,#2287,#2289,.T.);
#2287 = VERTEX_POINT('',#2288);
#2288 = CARTESIAN_POINT('',(57.8077,-24.7637,10.));
#2289 = LINE('',#2290,#2291);
#2290 = CARTESIAN_POINT('',(57.8077,-24.7637,2.5));
#2291 = VECTOR('',#2292,1.);
#2292 = DIRECTION('',(0.,0.,1.));
#2293 = ORIENTED_EDGE('',*,*,#2294,.F.);
#2294 = EDGE_CURVE('',#2239,#2287,#2295,.T.);
#2295 = LINE('',#2296,#2297);
#2296 = CARTESIAN_POINT('',(54.08257543426,-7.043377127758,10.));
#2297 = VECTOR('',#2298,1.);
#2298 = DIRECTION('',(-0.205721224627,0.978610636432,0.));
#2299 = ORIENTED_EDGE('',*,*,#2238,.F.);
#2300 = PLANE('',#2301);
#2301 = AXIS2_PLACEMENT_3D('',#2302,#2303,#2304);
#2302 = CARTESIAN_POINT('',(57.8077,-24.7637,2.5));
#2303 = DIRECTION('',(0.978610636432,0.205721224627,0.));
#2304 = DIRECTION('',(0.205721224627,-0.978610636432,0.));
#2305 = ADVANCED_FACE('',(#2306),#2324,.T.);
#2306 = FACE_BOUND('',#2307,.T.);
#2307 = EDGE_LOOP('',(#2308,#2309,#2310,#2318));
#2308 = ORIENTED_EDGE('',*,*,#247,.F.);
#2309 = ORIENTED_EDGE('',*,*,#2271,.T.);
#2310 = ORIENTED_EDGE('',*,*,#2311,.F.);
#2311 = EDGE_CURVE('',#2312,#2264,#2314,.T.);
#2312 = VERTEX_POINT('',#2313);
#2313 = CARTESIAN_POINT('',(112.573,-14.9422,10.));
#2314 = LINE('',#2315,#2316);
#2315 = CARTESIAN_POINT('',(96.304052126125,-3.968882481448,10.));
#2316 = VECTOR('',#2317,1.);
#2317 = DIRECTION('',(0.829042920576,-0.559184974622,0.));
#2318 = ORIENTED_EDGE('',*,*,#2319,.F.);
#2319 = EDGE_CURVE('',#248,#2312,#2320,.T.);
#2320 = LINE('',#2321,#2322);
#2321 = CARTESIAN_POINT('',(112.573,-14.9422,2.5));
#2322 = VECTOR('',#2323,1.);
#2323 = DIRECTION('',(0.,0.,1.));
#2324 = PLANE('',#2325);
#2325 = AXIS2_PLACEMENT_3D('',#2326,#2327,#2328);
#2326 = CARTESIAN_POINT('',(126.374,-24.2509,2.5));
#2327 = DIRECTION('',(-0.559184974622,-0.829042920576,0.));
#2328 = DIRECTION('',(-0.829042920576,0.559184974622,0.));
#2329 = ADVANCED_FACE('',(#2330),#2348,.T.);
#2330 = FACE_BOUND('',#2331,.T.);
#2331 = EDGE_LOOP('',(#2332,#2333,#2341,#2347));
#2332 = ORIENTED_EDGE('',*,*,#1466,.F.);
#2333 = ORIENTED_EDGE('',*,*,#2334,.T.);
#2334 = EDGE_CURVE('',#1459,#2335,#2337,.T.);
#2335 = VERTEX_POINT('',#2336);
#2336 = CARTESIAN_POINT('',(57.7991,-23.9796,10.));
#2337 = LINE('',#2338,#2339);
#2338 = CARTESIAN_POINT('',(57.7991,-23.9796,2.5));
#2339 = VECTOR('',#2340,1.);
#2340 = DIRECTION('',(0.,0.,1.));
#2341 = ORIENTED_EDGE('',*,*,#2342,.F.);
#2342 = EDGE_CURVE('',#2287,#2335,#2343,.T.);
#2343 = LINE('',#2344,#2345);
#2344 = CARTESIAN_POINT('',(57.593246706335,-5.21104563221,10.));
#2345 = VECTOR('',#2346,1.);
#2346 = DIRECTION('',(-1.096732912959E-02,0.999939857037,0.));
#2347 = ORIENTED_EDGE('',*,*,#2286,.F.);
#2348 = PLANE('',#2349);
#2349 = AXIS2_PLACEMENT_3D('',#2350,#2351,#2352);
#2350 = CARTESIAN_POINT('',(57.7991,-23.9796,2.5));
#2351 = DIRECTION('',(0.999939857037,1.096732912959E-02,0.));
#2352 = DIRECTION('',(1.096732912959E-02,-0.999939857037,0.));
#2353 = ADVANCED_FACE('',(#2354),#2372,.T.);
#2354 = FACE_BOUND('',#2355,.T.);
#2355 = EDGE_LOOP('',(#2356,#2357,#2358,#2366));
#2356 = ORIENTED_EDGE('',*,*,#255,.F.);
#2357 = ORIENTED_EDGE('',*,*,#2319,.T.);
#2358 = ORIENTED_EDGE('',*,*,#2359,.F.);
#2359 = EDGE_CURVE('',#2360,#2312,#2362,.T.);
#2360 = VERTEX_POINT('',#2361);
#2361 = CARTESIAN_POINT('',(111.216,-13.8185,10.));
#2362 = LINE('',#2363,#2364);
#2363 = CARTESIAN_POINT('',(91.273573162565,2.695357801935,10.));
#2364 = VECTOR('',#2365,1.);
#2365 = DIRECTION('',(0.770208752883,-0.637791875914,0.));
#2366 = ORIENTED_EDGE('',*,*,#2367,.F.);
#2367 = EDGE_CURVE('',#256,#2360,#2368,.T.);
#2368 = LINE('',#2369,#2370);
#2369 = CARTESIAN_POINT('',(111.216,-13.8185,2.5));
#2370 = VECTOR('',#2371,1.);
#2371 = DIRECTION('',(0.,0.,1.));
#2372 = PLANE('',#2373);
#2373 = AXIS2_PLACEMENT_3D('',#2374,#2375,#2376);
#2374 = CARTESIAN_POINT('',(112.573,-14.9422,2.5));
#2375 = DIRECTION('',(-0.637791875914,-0.770208752883,0.));
#2376 = DIRECTION('',(-0.770208752883,0.637791875914,0.));
#2377 = ADVANCED_FACE('',(#2378),#2396,.T.);
#2378 = FACE_BOUND('',#2379,.T.);
#2379 = EDGE_LOOP('',(#2380,#2381,#2389,#2395));
#2380 = ORIENTED_EDGE('',*,*,#1458,.F.);
#2381 = ORIENTED_EDGE('',*,*,#2382,.T.);
#2382 = EDGE_CURVE('',#1451,#2383,#2385,.T.);
#2383 = VERTEX_POINT('',#2384);
#2384 = CARTESIAN_POINT('',(57.9135,-22.6719,10.));
#2385 = LINE('',#2386,#2387);
#2386 = CARTESIAN_POINT('',(57.9135,-22.6719,2.5));
#2387 = VECTOR('',#2388,1.);
#2388 = DIRECTION('',(0.,0.,1.));
#2389 = ORIENTED_EDGE('',*,*,#2390,.F.);
#2390 = EDGE_CURVE('',#2335,#2383,#2391,.T.);
#2391 = LINE('',#2392,#2393);
#2392 = CARTESIAN_POINT('',(59.514260582968,-4.37369532913,10.));
#2393 = VECTOR('',#2394,1.);
#2394 = DIRECTION('',(8.71489951774E-02,0.996195288405,0.));
#2395 = ORIENTED_EDGE('',*,*,#2334,.F.);
#2396 = PLANE('',#2397);
#2397 = AXIS2_PLACEMENT_3D('',#2398,#2399,#2400);
#2398 = CARTESIAN_POINT('',(57.9135,-22.6719,2.5));
#2399 = DIRECTION('',(0.996195288405,-8.71489951774E-02,0.));
#2400 = DIRECTION('',(-8.71489951774E-02,-0.996195288405,0.));
#2401 = ADVANCED_FACE('',(#2402),#2420,.T.);
#2402 = FACE_BOUND('',#2403,.T.);
#2403 = EDGE_LOOP('',(#2404,#2405,#2406,#2414));
#2404 = ORIENTED_EDGE('',*,*,#263,.F.);
#2405 = ORIENTED_EDGE('',*,*,#2367,.T.);
#2406 = ORIENTED_EDGE('',*,*,#2407,.F.);
#2407 = EDGE_CURVE('',#2408,#2360,#2410,.T.);
#2408 = VERTEX_POINT('',#2409);
#2409 = CARTESIAN_POINT('',(110.229,-12.6048,10.));
#2410 = LINE('',#2411,#2412);
#2411 = CARTESIAN_POINT('',(95.184306859637,5.895447279087,10.));
#2412 = VECTOR('',#2413,1.);
#2413 = DIRECTION('',(0.630927075568,-0.77584213943,0.));
#2414 = ORIENTED_EDGE('',*,*,#2415,.F.);
#2415 = EDGE_CURVE('',#264,#2408,#2416,.T.);
#2416 = LINE('',#2417,#2418);
#2417 = CARTESIAN_POINT('',(110.229,-12.6048,2.5));
#2418 = VECTOR('',#2419,1.);
#2419 = DIRECTION('',(0.,0.,1.));
#2420 = PLANE('',#2421);
#2421 = AXIS2_PLACEMENT_3D('',#2422,#2423,#2424);
#2422 = CARTESIAN_POINT('',(111.216,-13.8185,2.5));
#2423 = DIRECTION('',(-0.77584213943,-0.630927075568,0.));
#2424 = DIRECTION('',(-0.630927075568,0.77584213943,0.));
#2425 = ADVANCED_FACE('',(#2426),#2444,.T.);
#2426 = FACE_BOUND('',#2427,.T.);
#2427 = EDGE_LOOP('',(#2428,#2429,#2437,#2443));
#2428 = ORIENTED_EDGE('',*,*,#1450,.F.);
#2429 = ORIENTED_EDGE('',*,*,#2430,.T.);
#2430 = EDGE_CURVE('',#1443,#2431,#2433,.T.);
#2431 = VERTEX_POINT('',#2432);
#2432 = CARTESIAN_POINT('',(57.758,-21.0931,10.));
#2433 = LINE('',#2434,#2435);
#2434 = CARTESIAN_POINT('',(57.758,-21.0931,2.5));
#2435 = VECTOR('',#2436,1.);
#2436 = DIRECTION('',(0.,0.,1.));
#2437 = ORIENTED_EDGE('',*,*,#2438,.F.);
#2438 = EDGE_CURVE('',#2383,#2431,#2439,.T.);
#2439 = LINE('',#2440,#2441);
#2440 = CARTESIAN_POINT('',(56.096254445947,-4.221306554736,10.));
#2441 = VECTOR('',#2442,1.);
#2442 = DIRECTION('',(-9.801824680222E-02,0.995184617694,0.));
#2443 = ORIENTED_EDGE('',*,*,#2382,.F.);
#2444 = PLANE('',#2445);
#2445 = AXIS2_PLACEMENT_3D('',#2446,#2447,#2448);
#2446 = CARTESIAN_POINT('',(57.758,-21.0931,2.5));
#2447 = DIRECTION('',(0.995184617694,9.801824680222E-02,0.));
#2448 = DIRECTION('',(9.801824680222E-02,-0.995184617694,0.));
#2449 = ADVANCED_FACE('',(#2450),#2468,.T.);
#2450 = FACE_BOUND('',#2451,.T.);
#2451 = EDGE_LOOP('',(#2452,#2453,#2454,#2462));
#2452 = ORIENTED_EDGE('',*,*,#271,.F.);
#2453 = ORIENTED_EDGE('',*,*,#2415,.T.);
#2454 = ORIENTED_EDGE('',*,*,#2455,.F.);
#2455 = EDGE_CURVE('',#2456,#2408,#2458,.T.);
#2456 = VERTEX_POINT('',#2457);
#2457 = CARTESIAN_POINT('',(109.498,-11.2219,10.));
#2458 = LINE('',#2459,#2460);
#2459 = CARTESIAN_POINT('',(99.807100771962,7.111266268747,10.));
#2460 = VECTOR('',#2461,1.);
#2461 = DIRECTION('',(0.467326599243,-0.884084752521,0.));
#2462 = ORIENTED_EDGE('',*,*,#2463,.F.);
#2463 = EDGE_CURVE('',#272,#2456,#2464,.T.);
#2464 = LINE('',#2465,#2466);
#2465 = CARTESIAN_POINT('',(109.498,-11.2219,2.5));
#2466 = VECTOR('',#2467,1.);
#2467 = DIRECTION('',(0.,0.,1.));
#2468 = PLANE('',#2469);
#2469 = AXIS2_PLACEMENT_3D('',#2470,#2471,#2472);
#2470 = CARTESIAN_POINT('',(110.229,-12.6048,2.5));
#2471 = DIRECTION('',(-0.884084752521,-0.467326599243,0.));
#2472 = DIRECTION('',(-0.467326599243,0.884084752521,0.));
#2473 = ADVANCED_FACE('',(#2474),#2492,.T.);
#2474 = FACE_BOUND('',#2475,.T.);
#2475 = EDGE_LOOP('',(#2476,#2477,#2485,#2491));
#2476 = ORIENTED_EDGE('',*,*,#1442,.F.);
#2477 = ORIENTED_EDGE('',*,*,#2478,.T.);
#2478 = EDGE_CURVE('',#1435,#2479,#2481,.T.);
#2479 = VERTEX_POINT('',#2480);
#2480 = CARTESIAN_POINT('',(57.3039,-19.5959,10.));
#2481 = LINE('',#2482,#2483);
#2482 = CARTESIAN_POINT('',(57.3039,-19.5959,2.5));
#2483 = VECTOR('',#2484,1.);
#2484 = DIRECTION('',(0.,0.,1.));
#2485 = ORIENTED_EDGE('',*,*,#2486,.F.);
#2486 = EDGE_CURVE('',#2431,#2479,#2487,.T.);
#2487 = LINE('',#2488,#2489);
#2488 = CARTESIAN_POINT('',(52.989062103867,-5.369572543293,10.));
#2489 = VECTOR('',#2490,1.);
#2490 = DIRECTION('',(-0.290243322605,0.956952879552,0.));
#2491 = ORIENTED_EDGE('',*,*,#2430,.F.);
#2492 = PLANE('',#2493);
#2493 = AXIS2_PLACEMENT_3D('',#2494,#2495,#2496);
#2494 = CARTESIAN_POINT('',(57.3039,-19.5959,2.5));
#2495 = DIRECTION('',(0.956952879552,0.290243322605,0.));
#2496 = DIRECTION('',(0.290243322605,-0.956952879552,0.));
#2497 = ADVANCED_FACE('',(#2498),#2516,.T.);
#2498 = FACE_BOUND('',#2499,.T.);
#2499 = EDGE_LOOP('',(#2500,#2501,#2502,#2510));
#2500 = ORIENTED_EDGE('',*,*,#279,.F.);
#2501 = ORIENTED_EDGE('',*,*,#2463,.T.);
#2502 = ORIENTED_EDGE('',*,*,#2503,.F.);
#2503 = EDGE_CURVE('',#2504,#2456,#2506,.T.);
#2504 = VERTEX_POINT('',#2505);
#2505 = CARTESIAN_POINT('',(109.05,-9.72278,10.));
#2506 = LINE('',#2507,#2508);
#2507 = CARTESIAN_POINT('',(104.24085237173,6.369830251074,10.));
#2508 = VECTOR('',#2509,1.);
#2509 = DIRECTION('',(0.286329807699,-0.958131119014,0.));
#2510 = ORIENTED_EDGE('',*,*,#2511,.F.);
#2511 = EDGE_CURVE('',#280,#2504,#2512,.T.);
#2512 = LINE('',#2513,#2514);
#2513 = CARTESIAN_POINT('',(109.05,-9.72278,2.5));
#2514 = VECTOR('',#2515,1.);
#2515 = DIRECTION('',(0.,0.,1.));
#2516 = PLANE('',#2517);
#2517 = AXIS2_PLACEMENT_3D('',#2518,#2519,#2520);
#2518 = CARTESIAN_POINT('',(109.498,-11.2219,2.5));
#2519 = DIRECTION('',(-0.958131119014,-0.286329807699,0.));
#2520 = DIRECTION('',(-0.286329807699,0.958131119014,0.));
#2521 = ADVANCED_FACE('',(#2522),#2540,.T.);
#2522 = FACE_BOUND('',#2523,.T.);
#2523 = EDGE_LOOP('',(#2524,#2525,#2533,#2539));
#2524 = ORIENTED_EDGE('',*,*,#1434,.F.);
#2525 = ORIENTED_EDGE('',*,*,#2526,.T.);
#2526 = EDGE_CURVE('',#1427,#2527,#2529,.T.);
#2527 = VERTEX_POINT('',#2528);
#2528 = CARTESIAN_POINT('',(56.5664,-18.2162,10.));
#2529 = LINE('',#2530,#2531);
#2530 = CARTESIAN_POINT('',(56.5664,-18.2162,2.5));
#2531 = VECTOR('',#2532,1.);
#2532 = DIRECTION('',(0.,0.,1.));
#2533 = ORIENTED_EDGE('',*,*,#2534,.F.);
#2534 = EDGE_CURVE('',#2479,#2527,#2535,.T.);
#2535 = LINE('',#2536,#2537);
#2536 = CARTESIAN_POINT('',(50.818951083224,-7.463989463762,10.));
#2537 = VECTOR('',#2538,1.);
#2538 = DIRECTION('',(-0.4714141304,0.881911967069,0.));
#2539 = ORIENTED_EDGE('',*,*,#2478,.F.);
#2540 = PLANE('',#2541);
#2541 = AXIS2_PLACEMENT_3D('',#2542,#2543,#2544);
#2542 = CARTESIAN_POINT('',(56.5664,-18.2162,2.5));
#2543 = DIRECTION('',(0.881911967069,0.4714141304,0.));
#2544 = DIRECTION('',(0.4714141304,-0.881911967069,0.));
#2545 = ADVANCED_FACE('',(#2546),#2564,.T.);
#2546 = FACE_BOUND('',#2547,.T.);
#2547 = EDGE_LOOP('',(#2548,#2549,#2550,#2558));
#2548 = ORIENTED_EDGE('',*,*,#287,.F.);
#2549 = ORIENTED_EDGE('',*,*,#2511,.T.);
#2550 = ORIENTED_EDGE('',*,*,#2551,.F.);
#2551 = EDGE_CURVE('',#2552,#2504,#2554,.T.);
#2552 = VERTEX_POINT('',#2553);
#2553 = CARTESIAN_POINT('',(108.903,-8.16518,10.));
#2554 = LINE('',#2555,#2556);
#2555 = CARTESIAN_POINT('',(107.76056902118,3.939925391871,10.));
#2556 = VECTOR('',#2557,1.);
#2557 = DIRECTION('',(9.395845499096E-02,-0.995576119006,0.));
#2558 = ORIENTED_EDGE('',*,*,#2559,.F.);
#2559 = EDGE_CURVE('',#288,#2552,#2560,.T.);
#2560 = LINE('',#2561,#2562);
#2561 = CARTESIAN_POINT('',(108.903,-8.16518,2.5));
#2562 = VECTOR('',#2563,1.);
#2563 = DIRECTION('',(0.,0.,1.));
#2564 = PLANE('',#2565);
#2565 = AXIS2_PLACEMENT_3D('',#2566,#2567,#2568);
#2566 = CARTESIAN_POINT('',(109.05,-9.72278,2.5));
#2567 = DIRECTION('',(-0.995576119006,-9.395845499096E-02,0.));
#2568 = DIRECTION('',(-9.395845499096E-02,0.995576119006,0.));
#2569 = ADVANCED_FACE('',(#2570),#2588,.T.);
#2570 = FACE_BOUND('',#2571,.T.);
#2571 = EDGE_LOOP('',(#2572,#2573,#2581,#2587));
#2572 = ORIENTED_EDGE('',*,*,#1426,.F.);
#2573 = ORIENTED_EDGE('',*,*,#2574,.T.);
#2574 = EDGE_CURVE('',#1419,#2575,#2577,.T.);
#2575 = VERTEX_POINT('',#2576);
#2576 = CARTESIAN_POINT('',(55.5739,-17.0068,10.));
#2577 = LINE('',#2578,#2579);
#2578 = CARTESIAN_POINT('',(55.5739,-17.0068,2.5));
#2579 = VECTOR('',#2580,1.);
#2580 = DIRECTION('',(0.,0.,1.));
#2581 = ORIENTED_EDGE('',*,*,#2582,.F.);
#2582 = EDGE_CURVE('',#2527,#2575,#2583,.T.);
#2583 = LINE('',#2584,#2585);
#2584 = CARTESIAN_POINT('',(49.842284854,-10.02260316617,10.));
#2585 = VECTOR('',#2586,1.);
#2586 = DIRECTION('',(-0.634382234816,0.773019521196,0.));
#2587 = ORIENTED_EDGE('',*,*,#2526,.F.);
#2588 = PLANE('',#2589);
#2589 = AXIS2_PLACEMENT_3D('',#2590,#2591,#2592);
#2590 = CARTESIAN_POINT('',(55.5739,-17.0068,2.5));
#2591 = DIRECTION('',(0.773019521196,0.634382234816,0.));
#2592 = DIRECTION('',(0.634382234816,-0.773019521196,0.));
#2593 = ADVANCED_FACE('',(#2594),#2612,.T.);
#2594 = FACE_BOUND('',#2595,.T.);
#2595 = EDGE_LOOP('',(#2596,#2597,#2598,#2606));
#2596 = ORIENTED_EDGE('',*,*,#295,.F.);
#2597 = ORIENTED_EDGE('',*,*,#2559,.T.);
#2598 = ORIENTED_EDGE('',*,*,#2599,.F.);
#2599 = EDGE_CURVE('',#2600,#2552,#2602,.T.);
#2600 = VERTEX_POINT('',#2601);
#2601 = CARTESIAN_POINT('',(109.064,-6.60892,10.));
#2602 = LINE('',#2603,#2604);
#2603 = CARTESIAN_POINT('',(109.78321332784,0.343147910548,10.));
#2604 = VECTOR('',#2605,1.);
#2605 = DIRECTION('',(-0.102903948506,-0.99469129753,0.));
#2606 = ORIENTED_EDGE('',*,*,#2607,.F.);
#2607 = EDGE_CURVE('',#296,#2600,#2608,.T.);
#2608 = LINE('',#2609,#2610);
#2609 = CARTESIAN_POINT('',(109.064,-6.60892,2.5));
#2610 = VECTOR('',#2611,1.);
#2611 = DIRECTION('',(0.,0.,1.));
#2612 = PLANE('',#2613);
#2613 = AXIS2_PLACEMENT_3D('',#2614,#2615,#2616);
#2614 = CARTESIAN_POINT('',(108.903,-8.16518,2.5));
#2615 = DIRECTION('',(-0.99469129753,0.102903948506,0.));
#2616 = DIRECTION('',(0.102903948506,0.99469129753,0.));
#2617 = ADVANCED_FACE('',(#2618),#2636,.T.);
#2618 = FACE_BOUND('',#2619,.T.);
#2619 = EDGE_LOOP('',(#2620,#2621,#2629,#2635));
#2620 = ORIENTED_EDGE('',*,*,#1418,.F.);
#2621 = ORIENTED_EDGE('',*,*,#2622,.T.);
#2622 = EDGE_CURVE('',#1411,#2623,#2625,.T.);
#2623 = VERTEX_POINT('',#2624);
#2624 = CARTESIAN_POINT('',(54.3645,-16.0143,10.));
#2625 = LINE('',#2626,#2627);
#2626 = CARTESIAN_POINT('',(54.3645,-16.0143,2.5));
#2627 = VECTOR('',#2628,1.);
#2628 = DIRECTION('',(0.,0.,1.));
#2629 = ORIENTED_EDGE('',*,*,#2630,.F.);
#2630 = EDGE_CURVE('',#2575,#2623,#2631,.T.);
#2631 = LINE('',#2632,#2633);
#2632 = CARTESIAN_POINT('',(50.101337841955,-12.51571521261,10.));
#2633 = VECTOR('',#2634,1.);
#2634 = DIRECTION('',(-0.773019521196,0.634382234816,0.));
#2635 = ORIENTED_EDGE('',*,*,#2574,.F.);
#2636 = PLANE('',#2637);
#2637 = AXIS2_PLACEMENT_3D('',#2638,#2639,#2640);
#2638 = CARTESIAN_POINT('',(54.3645,-16.0143,2.5));
#2639 = DIRECTION('',(0.634382234816,0.773019521196,0.));
#2640 = DIRECTION('',(0.773019521196,-0.634382234816,0.));
#2641 = ADVANCED_FACE('',(#2642),#2660,.T.);
#2642 = FACE_BOUND('',#2643,.T.);
#2643 = EDGE_LOOP('',(#2644,#2645,#2646,#2654));
#2644 = ORIENTED_EDGE('',*,*,#303,.F.);
#2645 = ORIENTED_EDGE('',*,*,#2607,.T.);
#2646 = ORIENTED_EDGE('',*,*,#2647,.F.);
#2647 = EDGE_CURVE('',#2648,#2600,#2650,.T.);
#2648 = VERTEX_POINT('',#2649);
#2649 = CARTESIAN_POINT('',(109.524,-5.1138,10.));
#2650 = LINE('',#2651,#2652);
#2651 = CARTESIAN_POINT('',(109.97892129705,-3.635187109458,10.));
#2652 = VECTOR('',#2653,1.);
#2653 = DIRECTION('',(-0.294064286352,-0.955785643067,0.));
#2654 = ORIENTED_EDGE('',*,*,#2655,.F.);
#2655 = EDGE_CURVE('',#304,#2648,#2656,.T.);
#2656 = LINE('',#2657,#2658);
#2657 = CARTESIAN_POINT('',(109.524,-5.1138,2.5));
#2658 = VECTOR('',#2659,1.);
#2659 = DIRECTION('',(0.,0.,1.));
#2660 = PLANE('',#2661);
#2661 = AXIS2_PLACEMENT_3D('',#2662,#2663,#2664);
#2662 = CARTESIAN_POINT('',(109.064,-6.60892,2.5));
#2663 = DIRECTION('',(-0.955785643067,0.294064286352,0.));
#2664 = DIRECTION('',(0.294064286352,0.955785643067,0.));
#2665 = ADVANCED_FACE('',(#2666),#2684,.T.);
#2666 = FACE_BOUND('',#2667,.T.);
#2667 = EDGE_LOOP('',(#2668,#2669,#2677,#2683));
#2668 = ORIENTED_EDGE('',*,*,#1410,.F.);
#2669 = ORIENTED_EDGE('',*,*,#2670,.T.);
#2670 = EDGE_CURVE('',#1403,#2671,#2673,.T.);
#2671 = VERTEX_POINT('',#2672);
#2672 = CARTESIAN_POINT('',(52.9848,-15.2768,10.));
#2673 = LINE('',#2674,#2675);
#2674 = CARTESIAN_POINT('',(52.9848,-15.2768,2.5));
#2675 = VECTOR('',#2676,1.);
#2676 = DIRECTION('',(0.,0.,1.));
#2677 = ORIENTED_EDGE('',*,*,#2678,.F.);
#2678 = EDGE_CURVE('',#2623,#2671,#2679,.T.);
#2679 = LINE('',#2680,#2681);
#2680 = CARTESIAN_POINT('',(51.424777145762,-14.4429108538,10.));
#2681 = VECTOR('',#2682,1.);
#2682 = DIRECTION('',(-0.881911967069,0.4714141304,0.));
#2683 = ORIENTED_EDGE('',*,*,#2622,.F.);
#2684 = PLANE('',#2685);
#2685 = AXIS2_PLACEMENT_3D('',#2686,#2687,#2688);
#2686 = CARTESIAN_POINT('',(52.9848,-15.2768,2.5));
#2687 = DIRECTION('',(0.4714141304,0.881911967069,0.));
#2688 = DIRECTION('',(0.881911967069,-0.4714141304,0.));
#2689 = ADVANCED_FACE('',(#2690),#2708,.T.);
#2690 = FACE_BOUND('',#2691,.T.);
#2691 = EDGE_LOOP('',(#2692,#2693,#2694,#2702));
#2692 = ORIENTED_EDGE('',*,*,#311,.F.);
#2693 = ORIENTED_EDGE('',*,*,#2655,.T.);
#2694 = ORIENTED_EDGE('',*,*,#2695,.F.);
#2695 = EDGE_CURVE('',#2696,#2648,#2698,.T.);
#2696 = VERTEX_POINT('',#2697);
#2697 = CARTESIAN_POINT('',(110.268,-3.73728,10.));
#2698 = LINE('',#2699,#2700);
#2699 = CARTESIAN_POINT('',(108.34737258138,-7.290750503055,10.));
#2700 = VECTOR('',#2701,1.);
#2701 = DIRECTION('',(-0.47548495297,-0.879723854115,0.));
#2702 = ORIENTED_EDGE('',*,*,#2703,.F.);
#2703 = EDGE_CURVE('',#312,#2696,#2704,.T.);
#2704 = LINE('',#2705,#2706);
#2705 = CARTESIAN_POINT('',(110.268,-3.73728,2.5));
#2706 = VECTOR('',#2707,1.);
#2707 = DIRECTION('',(0.,0.,1.));
#2708 = PLANE('',#2709);
#2709 = AXIS2_PLACEMENT_3D('',#2710,#2711,#2712);
#2710 = CARTESIAN_POINT('',(109.524,-5.1138,2.5));
#2711 = DIRECTION('',(-0.879723854115,0.47548495297,0.));
#2712 = DIRECTION('',(0.47548495297,0.879723854115,0.));
#2713 = ADVANCED_FACE('',(#2714),#2732,.T.);
#2714 = FACE_BOUND('',#2715,.T.);
#2715 = EDGE_LOOP('',(#2716,#2717,#2725,#2731));
#2716 = ORIENTED_EDGE('',*,*,#1402,.F.);
#2717 = ORIENTED_EDGE('',*,*,#2718,.T.);
#2718 = EDGE_CURVE('',#1395,#2719,#2721,.T.);
#2719 = VERTEX_POINT('',#2720);
#2720 = CARTESIAN_POINT('',(51.4877,-14.8227,10.));
#2721 = LINE('',#2722,#2723);
#2722 = CARTESIAN_POINT('',(51.4877,-14.8227,2.5));
#2723 = VECTOR('',#2724,1.);
#2724 = DIRECTION('',(0.,0.,1.));
#2725 = ORIENTED_EDGE('',*,*,#2726,.F.);
#2726 = EDGE_CURVE('',#2671,#2719,#2727,.T.);
#2727 = LINE('',#2728,#2729);
#2728 = CARTESIAN_POINT('',(53.460282733263,-15.4210233045,10.));
#2729 = VECTOR('',#2730,1.);
#2730 = DIRECTION('',(-0.956947494684,0.290261076305,0.));
#2731 = ORIENTED_EDGE('',*,*,#2670,.F.);
#2732 = PLANE('',#2733);
#2733 = AXIS2_PLACEMENT_3D('',#2734,#2735,#2736);
#2734 = CARTESIAN_POINT('',(51.4877,-14.8227,2.5));
#2735 = DIRECTION('',(0.290261076305,0.956947494684,0.));
#2736 = DIRECTION('',(0.956947494684,-0.290261076305,0.));
#2737 = ADVANCED_FACE('',(#2738),#2756,.T.);
#2738 = FACE_BOUND('',#2739,.T.);
#2739 = EDGE_LOOP('',(#2740,#2741,#2742,#2750));
#2740 = ORIENTED_EDGE('',*,*,#319,.F.);
#2741 = ORIENTED_EDGE('',*,*,#2703,.T.);
#2742 = ORIENTED_EDGE('',*,*,#2743,.F.);
#2743 = EDGE_CURVE('',#2744,#2696,#2746,.T.);
#2744 = VERTEX_POINT('',#2745);
#2745 = CARTESIAN_POINT('',(111.266,-2.53226,10.));
#2746 = LINE('',#2747,#2748);
#2747 = CARTESIAN_POINT('',(105.20983755386,-9.844681714276,10.));
#2748 = VECTOR('',#2749,1.);
#2749 = DIRECTION('',(-0.637849158163,-0.7701613152,0.));
#2750 = ORIENTED_EDGE('',*,*,#2751,.F.);
#2751 = EDGE_CURVE('',#320,#2744,#2752,.T.);
#2752 = LINE('',#2753,#2754);
#2753 = CARTESIAN_POINT('',(111.266,-2.53226,2.5));
#2754 = VECTOR('',#2755,1.);
#2755 = DIRECTION('',(0.,0.,1.));
#2756 = PLANE('',#2757);
#2757 = AXIS2_PLACEMENT_3D('',#2758,#2759,#2760);
#2758 = CARTESIAN_POINT('',(110.268,-3.73728,2.5));
#2759 = DIRECTION('',(-0.7701613152,0.637849158163,0.));
#2760 = DIRECTION('',(0.637849158163,0.7701613152,0.));
#2761 = ADVANCED_FACE('',(#2762),#2780,.T.);
#2762 = FACE_BOUND('',#2763,.T.);
#2763 = EDGE_LOOP('',(#2764,#2765,#2773,#2779));
#2764 = ORIENTED_EDGE('',*,*,#1394,.F.);
#2765 = ORIENTED_EDGE('',*,*,#2766,.T.);
#2766 = EDGE_CURVE('',#1387,#2767,#2769,.T.);
#2767 = VERTEX_POINT('',#2768);
#2768 = CARTESIAN_POINT('',(49.7342,-14.65,10.));
#2769 = LINE('',#2770,#2771);
#2770 = CARTESIAN_POINT('',(49.7342,-14.65,2.5));
#2771 = VECTOR('',#2772,1.);
#2772 = DIRECTION('',(0.,0.,1.));
#2773 = ORIENTED_EDGE('',*,*,#2774,.F.);
#2774 = EDGE_CURVE('',#2719,#2767,#2775,.T.);
#2775 = LINE('',#2776,#2777);
#2776 = CARTESIAN_POINT('',(55.630804867796,-15.2307491649,10.));
#2777 = VECTOR('',#2778,1.);
#2778 = DIRECTION('',(-0.995184985525,9.80145121187E-02,0.));
#2779 = ORIENTED_EDGE('',*,*,#2718,.F.);
#2780 = PLANE('',#2781);
#2781 = AXIS2_PLACEMENT_3D('',#2782,#2783,#2784);
#2782 = CARTESIAN_POINT('',(49.7342,-14.65,2.5));
#2783 = DIRECTION('',(9.80145121187E-02,0.995184985525,0.));
#2784 = DIRECTION('',(0.995184985525,-9.80145121187E-02,0.));
#2785 = ADVANCED_FACE('',(#2786),#2804,.T.);
#2786 = FACE_BOUND('',#2787,.T.);
#2787 = EDGE_LOOP('',(#2788,#2789,#2790,#2798));
#2788 = ORIENTED_EDGE('',*,*,#327,.F.);
#2789 = ORIENTED_EDGE('',*,*,#2751,.T.);
#2790 = ORIENTED_EDGE('',*,*,#2791,.F.);
#2791 = EDGE_CURVE('',#2792,#2744,#2794,.T.);
#2792 = VERTEX_POINT('',#2793);
#2793 = CARTESIAN_POINT('',(112.479,-1.54505,10.));
#2794 = LINE('',#2795,#2796);
#2795 = CARTESIAN_POINT('',(101.13560380518,-10.77696604079,10.));
#2796 = VECTOR('',#2797,1.);
#2797 = DIRECTION('',(-0.775598184769,-0.631226944753,0.));
#2798 = ORIENTED_EDGE('',*,*,#2799,.F.);
#2799 = EDGE_CURVE('',#328,#2792,#2800,.T.);
#2800 = LINE('',#2801,#2802);
#2801 = CARTESIAN_POINT('',(112.479,-1.54505,2.5));
#2802 = VECTOR('',#2803,1.);
#2803 = DIRECTION('',(0.,0.,1.));
#2804 = PLANE('',#2805);
#2805 = AXIS2_PLACEMENT_3D('',#2806,#2807,#2808);
#2806 = CARTESIAN_POINT('',(111.266,-2.53226,2.5));
#2807 = DIRECTION('',(-0.631226944753,0.775598184769,0.));
#2808 = DIRECTION('',(0.775598184769,0.631226944753,0.));
#2809 = ADVANCED_FACE('',(#2810),#2828,.T.);
#2810 = FACE_BOUND('',#2811,.T.);
#2811 = EDGE_LOOP('',(#2812,#2813,#2821,#2827));
#2812 = ORIENTED_EDGE('',*,*,#1386,.F.);
#2813 = ORIENTED_EDGE('',*,*,#2814,.T.);
#2814 = EDGE_CURVE('',#1379,#2815,#2817,.T.);
#2815 = VERTEX_POINT('',#2816);
#2816 = CARTESIAN_POINT('',(38.9826,-14.65,10.));
#2817 = LINE('',#2818,#2819);
#2818 = CARTESIAN_POINT('',(38.9826,-14.65,2.5));
#2819 = VECTOR('',#2820,1.);
#2820 = DIRECTION('',(0.,0.,1.));
#2821 = ORIENTED_EDGE('',*,*,#2822,.F.);
#2822 = EDGE_CURVE('',#2767,#2815,#2823,.T.);
#2823 = LINE('',#2824,#2825);
#2824 = CARTESIAN_POINT('',(51.705065532018,-14.65,10.));
#2825 = VECTOR('',#2826,1.);
#2826 = DIRECTION('',(-1.,0.,0.));
#2827 = ORIENTED_EDGE('',*,*,#2766,.F.);
#2828 = PLANE('',#2829);
#2829 = AXIS2_PLACEMENT_3D('',#2830,#2831,#2832);
#2830 = CARTESIAN_POINT('',(38.9826,-14.65,2.5));
#2831 = DIRECTION('',(0.,1.,0.));
#2832 = DIRECTION('',(1.,0.,0.));
#2833 = ADVANCED_FACE('',(#2834),#2852,.T.);
#2834 = FACE_BOUND('',#2835,.T.);
#2835 = EDGE_LOOP('',(#2836,#2837,#2838,#2846));
#2836 = ORIENTED_EDGE('',*,*,#335,.F.);
#2837 = ORIENTED_EDGE('',*,*,#2799,.T.);
#2838 = ORIENTED_EDGE('',*,*,#2839,.F.);
#2839 = EDGE_CURVE('',#2840,#2792,#2842,.T.);
#2840 = VERTEX_POINT('',#2841);
#2841 = CARTESIAN_POINT('',(113.862,-0.813589,10.));
#2842 = LINE('',#2843,#2844);
#2843 = CARTESIAN_POINT('',(96.841720354679,-9.815520142188,10.));
#2844 = VECTOR('',#2845,1.);
#2845 = DIRECTION('',(-0.883976947962,-0.467530486141,0.));
#2846 = ORIENTED_EDGE('',*,*,#2847,.F.);
#2847 = EDGE_CURVE('',#336,#2840,#2848,.T.);
#2848 = LINE('',#2849,#2850);
#2849 = CARTESIAN_POINT('',(113.862,-0.813589,2.5));
#2850 = VECTOR('',#2851,1.);
#2851 = DIRECTION('',(0.,0.,1.));
#2852 = PLANE('',#2853);
#2853 = AXIS2_PLACEMENT_3D('',#2854,#2855,#2856);
#2854 = CARTESIAN_POINT('',(112.479,-1.54505,2.5));
#2855 = DIRECTION('',(-0.467530486141,0.883976947962,0.));
#2856 = DIRECTION('',(0.883976947962,0.467530486141,0.));
#2857 = ADVANCED_FACE('',(#2858),#2876,.T.);
#2858 = FACE_BOUND('',#2859,.T.);
#2859 = EDGE_LOOP('',(#2860,#2861,#2869,#2875));
#2860 = ORIENTED_EDGE('',*,*,#1378,.F.);
#2861 = ORIENTED_EDGE('',*,*,#2862,.T.);
#2862 = EDGE_CURVE('',#1371,#2863,#2865,.T.);
#2863 = VERTEX_POINT('',#2864);
#2864 = CARTESIAN_POINT('',(38.1991,-14.6885,10.));
#2865 = LINE('',#2866,#2867);
#2866 = CARTESIAN_POINT('',(38.1991,-14.6885,2.5));
#2867 = VECTOR('',#2868,1.);
#2868 = DIRECTION('',(0.,0.,1.));
#2869 = ORIENTED_EDGE('',*,*,#2870,.F.);
#2870 = EDGE_CURVE('',#2815,#2863,#2871,.T.);
#2871 = LINE('',#2872,#2873);
#2872 = CARTESIAN_POINT('',(51.975930257307,-14.01152748576,10.));
#2873 = VECTOR('',#2874,1.);
#2874 = DIRECTION('',(-0.998794886786,-4.907926374126E-02,0.));
#2875 = ORIENTED_EDGE('',*,*,#2814,.F.);
#2876 = PLANE('',#2877);
#2877 = AXIS2_PLACEMENT_3D('',#2878,#2879,#2880);
#2878 = CARTESIAN_POINT('',(38.1991,-14.6885,2.5));
#2879 = DIRECTION('',(-4.907926374126E-02,0.998794886786,0.));
#2880 = DIRECTION('',(0.998794886786,4.907926374126E-02,0.));
#2881 = ADVANCED_FACE('',(#2882),#2900,.T.);
#2882 = FACE_BOUND('',#2883,.T.);
#2883 = EDGE_LOOP('',(#2884,#2885,#2886,#2894));
#2884 = ORIENTED_EDGE('',*,*,#343,.F.);
#2885 = ORIENTED_EDGE('',*,*,#2847,.T.);
#2886 = ORIENTED_EDGE('',*,*,#2887,.F.);
#2887 = EDGE_CURVE('',#2888,#2840,#2890,.T.);
#2888 = VERTEX_POINT('',#2889);
#2889 = CARTESIAN_POINT('',(115.365,-0.364721,10.));
#2890 = LINE('',#2891,#2892);
#2891 = CARTESIAN_POINT('',(93.149598389894,-6.999307087775,10.));
#2892 = VECTOR('',#2893,1.);
#2893 = DIRECTION('',(-0.9581820873,-0.286159199709,0.));
#2894 = ORIENTED_EDGE('',*,*,#2895,.F.);
#2895 = EDGE_CURVE('',#344,#2888,#2896,.T.);
#2896 = LINE('',#2897,#2898);
#2897 = CARTESIAN_POINT('',(115.365,-0.364721,2.5));
#2898 = VECTOR('',#2899,1.);
#2899 = DIRECTION('',(0.,0.,1.));
#2900 = PLANE('',#2901);
#2901 = AXIS2_PLACEMENT_3D('',#2902,#2903,#2904);
#2902 = CARTESIAN_POINT('',(113.862,-0.813589,2.5));
#2903 = DIRECTION('',(-0.286159199709,0.9581820873,0.));
#2904 = DIRECTION('',(0.9581820873,0.286159199709,0.));
#2905 = ADVANCED_FACE('',(#2906),#2924,.T.);
#2906 = FACE_BOUND('',#2907,.T.);
#2907 = EDGE_LOOP('',(#2908,#2909,#2917,#2923));
#2908 = ORIENTED_EDGE('',*,*,#1370,.F.);
#2909 = ORIENTED_EDGE('',*,*,#2910,.T.);
#2910 = EDGE_CURVE('',#1363,#2911,#2913,.T.);
#2911 = VERTEX_POINT('',#2912);
#2912 = CARTESIAN_POINT('',(36.5677,-15.013,10.));
#2913 = LINE('',#2914,#2915);
#2914 = CARTESIAN_POINT('',(36.5677,-15.013,2.5));
#2915 = VECTOR('',#2916,1.);
#2916 = DIRECTION('',(0.,0.,1.));
#2917 = ORIENTED_EDGE('',*,*,#2918,.F.);
#2918 = EDGE_CURVE('',#2863,#2911,#2919,.T.);
#2919 = LINE('',#2920,#2921);
#2920 = CARTESIAN_POINT('',(52.708165849561,-11.80251748916,10.));
#2921 = VECTOR('',#2922,1.);
#2922 = DIRECTION('',(-0.980785928742,-0.19508706257,0.));
#2923 = ORIENTED_EDGE('',*,*,#2862,.F.);
#2924 = PLANE('',#2925);
#2925 = AXIS2_PLACEMENT_3D('',#2926,#2927,#2928);
#2926 = CARTESIAN_POINT('',(36.5677,-15.013,2.5));
#2927 = DIRECTION('',(-0.19508706257,0.980785928742,0.));
#2928 = DIRECTION('',(0.980785928742,0.19508706257,0.));
#2929 = ADVANCED_FACE('',(#2930),#2948,.T.);
#2930 = FACE_BOUND('',#2931,.T.);
#2931 = EDGE_LOOP('',(#2932,#2933,#2934,#2942));
#2932 = ORIENTED_EDGE('',*,*,#351,.F.);
#2933 = ORIENTED_EDGE('',*,*,#2895,.T.);
#2934 = ORIENTED_EDGE('',*,*,#2935,.F.);
#2935 = EDGE_CURVE('',#2936,#2888,#2938,.T.);
#2936 = VERTEX_POINT('',#2937);
#2937 = CARTESIAN_POINT('',(117.076,-0.2,10.));
#2938 = LINE('',#2939,#2940);
#2939 = CARTESIAN_POINT('',(90.797835968661,-2.729845387146,10.));
#2940 = VECTOR('',#2941,1.);
#2941 = DIRECTION('',(-0.995397838968,-9.582871270171E-02,0.));
#2942 = ORIENTED_EDGE('',*,*,#2943,.F.);
#2943 = EDGE_CURVE('',#352,#2936,#2944,.T.);
#2944 = LINE('',#2945,#2946);
#2945 = CARTESIAN_POINT('',(117.076,-0.2,2.5));
#2946 = VECTOR('',#2947,1.);
#2947 = DIRECTION('',(0.,0.,1.));
#2948 = PLANE('',#2949);
#2949 = AXIS2_PLACEMENT_3D('',#2950,#2951,#2952);
#2950 = CARTESIAN_POINT('',(115.365,-0.364721,2.5));
#2951 = DIRECTION('',(-9.582871270171E-02,0.995397838968,0.));
#2952 = DIRECTION('',(0.995397838968,9.582871270171E-02,0.));
#2953 = ADVANCED_FACE('',(#2954),#2972,.T.);
#2954 = FACE_BOUND('',#2955,.T.);
#2955 = EDGE_LOOP('',(#2956,#2957,#2965,#2971));
#2956 = ORIENTED_EDGE('',*,*,#1362,.F.);
#2957 = ORIENTED_EDGE('',*,*,#2958,.T.);
#2958 = EDGE_CURVE('',#1355,#2959,#2961,.T.);
#2959 = VERTEX_POINT('',#2960);
#2960 = CARTESIAN_POINT('',(35.1223,-15.6117,10.));
#2961 = LINE('',#2962,#2963);
#2962 = CARTESIAN_POINT('',(35.1223,-15.6117,2.5));
#2963 = VECTOR('',#2964,1.);
#2964 = DIRECTION('',(0.,0.,1.));
#2965 = ORIENTED_EDGE('',*,*,#2966,.F.);
#2966 = EDGE_CURVE('',#2911,#2959,#2967,.T.);
#2967 = LINE('',#2968,#2969);
#2968 = CARTESIAN_POINT('',(52.799176061514,-8.289750575599,10.));
#2969 = VECTOR('',#2970,1.);
#2970 = DIRECTION('',(-0.923880500421,-0.382681095615,0.));
#2971 = ORIENTED_EDGE('',*,*,#2910,.F.);
#2972 = PLANE('',#2973);
#2973 = AXIS2_PLACEMENT_3D('',#2974,#2975,#2976);
#2974 = CARTESIAN_POINT('',(35.1223,-15.6117,2.5));
#2975 = DIRECTION('',(-0.382681095615,0.923880500421,0.));
#2976 = DIRECTION('',(0.923880500421,0.382681095615,0.));
#2977 = ADVANCED_FACE('',(#2978),#2996,.T.);
#2978 = FACE_BOUND('',#2979,.T.);
#2979 = EDGE_LOOP('',(#2980,#2981,#2982,#2990));
#2980 = ORIENTED_EDGE('',*,*,#359,.F.);
#2981 = ORIENTED_EDGE('',*,*,#2943,.T.);
#2982 = ORIENTED_EDGE('',*,*,#2983,.F.);
#2983 = EDGE_CURVE('',#2984,#2936,#2986,.T.);
#2984 = VERTEX_POINT('',#2985);
#2985 = CARTESIAN_POINT('',(122.9,-0.2,10.));
#2986 = LINE('',#2987,#2988);
#2987 = CARTESIAN_POINT('',(90.751765532018,-0.2,10.));
#2988 = VECTOR('',#2989,1.);
#2989 = DIRECTION('',(-1.,0.,0.));
#2990 = ORIENTED_EDGE('',*,*,#2991,.F.);
#2991 = EDGE_CURVE('',#360,#2984,#2992,.T.);
#2992 = LINE('',#2993,#2994);
#2993 = CARTESIAN_POINT('',(122.9,-0.2,2.5));
#2994 = VECTOR('',#2995,1.);
#2995 = DIRECTION('',(0.,0.,1.));
#2996 = PLANE('',#2997);
#2997 = AXIS2_PLACEMENT_3D('',#2998,#2999,#3000);
#2998 = CARTESIAN_POINT('',(117.076,-0.2,2.5));
#2999 = DIRECTION('',(0.,1.,0.));
#3000 = DIRECTION('',(1.,0.,0.));
#3001 = ADVANCED_FACE('',(#3002),#3020,.T.);
#3002 = FACE_BOUND('',#3003,.T.);
#3003 = EDGE_LOOP('',(#3004,#3005,#3013,#3019));
#3004 = ORIENTED_EDGE('',*,*,#1354,.F.);
#3005 = ORIENTED_EDGE('',*,*,#3006,.T.);
#3006 = EDGE_CURVE('',#1347,#3007,#3009,.T.);
#3007 = VERTEX_POINT('',#3008);
#3008 = CARTESIAN_POINT('',(33.8215,-16.4809,10.));
#3009 = LINE('',#3010,#3011);
#3010 = CARTESIAN_POINT('',(33.8215,-16.4809,2.5));
#3011 = VECTOR('',#3012,1.);
#3012 = DIRECTION('',(0.,0.,1.));
#3013 = ORIENTED_EDGE('',*,*,#3014,.F.);
#3014 = EDGE_CURVE('',#2959,#3007,#3015,.T.);
#3015 = LINE('',#3016,#3017);
#3016 = CARTESIAN_POINT('',(51.356767462883,-4.76376094808,10.));
#3017 = VECTOR('',#3018,1.);
#3018 = DIRECTION('',(-0.831459801075,-0.555584916278,0.));
#3019 = ORIENTED_EDGE('',*,*,#2958,.F.);
#3020 = PLANE('',#3021);
#3021 = AXIS2_PLACEMENT_3D('',#3022,#3023,#3024);
#3022 = CARTESIAN_POINT('',(33.8215,-16.4809,2.5));
#3023 = DIRECTION('',(-0.555584916278,0.831459801075,0.));
#3024 = DIRECTION('',(0.831459801075,0.555584916278,0.));
#3025 = ADVANCED_FACE('',(#3026),#3060,.T.);
#3026 = FACE_BOUND('',#3027,.T.);
#3027 = EDGE_LOOP('',(#3028,#3029,#3030,#3038,#3046,#3054));
#3028 = ORIENTED_EDGE('',*,*,#367,.F.);
#3029 = ORIENTED_EDGE('',*,*,#2991,.T.);
#3030 = ORIENTED_EDGE('',*,*,#3031,.F.);
#3031 = EDGE_CURVE('',#3032,#2984,#3034,.T.);
#3032 = VERTEX_POINT('',#3033);
#3033 = CARTESIAN_POINT('',(123.68,-0.123141,10.));
#3034 = LINE('',#3035,#3036);
#3035 = CARTESIAN_POINT('',(94.619970009814,-2.986634391046,10.));
#3036 = VECTOR('',#3037,1.);
#3037 = DIRECTION('',(-0.995180281931,-9.806225806271E-02,0.));
#3038 = ORIENTED_EDGE('',*,*,#3039,.F.);
#3039 = EDGE_CURVE('',#3040,#3032,#3042,.T.);
#3040 = VERTEX_POINT('',#3041);
#3041 = CARTESIAN_POINT('',(123.68,-0.123141,4.9));
#3042 = LINE('',#3043,#3044);
#3043 = CARTESIAN_POINT('',(123.68,-0.123141,2.5));
#3044 = VECTOR('',#3045,1.);
#3045 = DIRECTION('',(0.,0.,1.));
#3046 = ORIENTED_EDGE('',*,*,#3047,.F.);
#3047 = EDGE_CURVE('',#3048,#3040,#3050,.T.);
#3048 = VERTEX_POINT('',#3049);
#3049 = CARTESIAN_POINT('',(123.07698922568,-0.182559980902,4.9));
#3050 = LINE('',#3051,#3052);
#3051 = CARTESIAN_POINT('',(123.29398038682,-0.161178283909,4.9));
#3052 = VECTOR('',#3053,1.);
#3053 = DIRECTION('',(0.995180281931,9.806225806271E-02,0.));
#3054 = ORIENTED_EDGE('',*,*,#3055,.T.);
#3055 = EDGE_CURVE('',#3048,#368,#3056,.T.);
#3056 = LINE('',#3057,#3058);
#3057 = CARTESIAN_POINT('',(123.07698922568,-0.182559980902,0.));
#3058 = VECTOR('',#3059,1.);
#3059 = DIRECTION('',(-0.,-0.,-1.));
#3060 = PLANE('',#3061);
#3061 = AXIS2_PLACEMENT_3D('',#3062,#3063,#3064);
#3062 = CARTESIAN_POINT('',(122.9,-0.2,2.5));
#3063 = DIRECTION('',(-9.806225806271E-02,0.995180281931,0.));
#3064 = DIRECTION('',(0.995180281931,9.806225806271E-02,0.));
#3065 = ADVANCED_FACE('',(#3066),#3084,.T.);
#3066 = FACE_BOUND('',#3067,.T.);
#3067 = EDGE_LOOP('',(#3068,#3069,#3077,#3083));
#3068 = ORIENTED_EDGE('',*,*,#1346,.F.);
#3069 = ORIENTED_EDGE('',*,*,#3070,.T.);
#3070 = EDGE_CURVE('',#1339,#3071,#3073,.T.);
#3071 = VERTEX_POINT('',#3072);
#3072 = CARTESIAN_POINT('',(32.7152,-17.5871,10.));
#3073 = LINE('',#3074,#3075);
#3074 = CARTESIAN_POINT('',(32.7152,-17.5871,2.5));
#3075 = VECTOR('',#3076,1.);
#3076 = DIRECTION('',(0.,0.,1.));
#3077 = ORIENTED_EDGE('',*,*,#3078,.F.);
#3078 = EDGE_CURVE('',#3007,#3071,#3079,.T.);
#3079 = LINE('',#3080,#3081);
#3080 = CARTESIAN_POINT('',(48.449455618548,-1.854266622763,10.));
#3081 = VECTOR('',#3082,1.);
#3082 = DIRECTION('',(-0.707138740093,-0.707074820836,0.));
#3083 = ORIENTED_EDGE('',*,*,#3006,.F.);
#3084 = PLANE('',#3085);
#3085 = AXIS2_PLACEMENT_3D('',#3086,#3087,#3088);
#3086 = CARTESIAN_POINT('',(32.7152,-17.5871,2.5));
#3087 = DIRECTION('',(-0.707074820836,0.707138740093,0.));
#3088 = DIRECTION('',(0.707138740093,0.707074820836,0.));
#3089 = ADVANCED_FACE('',(#3090),#3108,.T.);
#3090 = FACE_BOUND('',#3091,.T.);
#3091 = EDGE_LOOP('',(#3092,#3093,#3101,#3107));
#3092 = ORIENTED_EDGE('',*,*,#1338,.F.);
#3093 = ORIENTED_EDGE('',*,*,#3094,.T.);
#3094 = EDGE_CURVE('',#1331,#3095,#3097,.T.);
#3095 = VERTEX_POINT('',#3096);
#3096 = CARTESIAN_POINT('',(31.6613,-19.1644,10.));
#3097 = LINE('',#3098,#3099);
#3098 = CARTESIAN_POINT('',(31.6613,-19.1644,2.5));
#3099 = VECTOR('',#3100,1.);
#3100 = DIRECTION('',(0.,0.,1.));
#3101 = ORIENTED_EDGE('',*,*,#3102,.F.);
#3102 = EDGE_CURVE('',#3071,#3095,#3103,.T.);
#3103 = LINE('',#3104,#3105);
#3104 = CARTESIAN_POINT('',(44.293523880363,-0.258615080656,10.));
#3105 = VECTOR('',#3106,1.);
#3106 = DIRECTION('',(-0.555563612717,-0.831474035809,0.));
#3107 = ORIENTED_EDGE('',*,*,#3070,.F.);
#3108 = PLANE('',#3109);
#3109 = AXIS2_PLACEMENT_3D('',#3110,#3111,#3112);
#3110 = CARTESIAN_POINT('',(31.6613,-19.1644,2.5));
#3111 = DIRECTION('',(-0.831474035809,0.555563612717,0.));
#3112 = DIRECTION('',(0.555563612717,0.831474035809,0.));
#3113 = ADVANCED_FACE('',(#3114),#3132,.T.);
#3114 = FACE_BOUND('',#3115,.T.);
#3115 = EDGE_LOOP('',(#3116,#3117,#3125,#3131));
#3116 = ORIENTED_EDGE('',*,*,#1330,.F.);
#3117 = ORIENTED_EDGE('',*,*,#3118,.T.);
#3118 = EDGE_CURVE('',#1323,#3119,#3121,.T.);
#3119 = VERTEX_POINT('',#3120);
#3120 = CARTESIAN_POINT('',(31.6037,-19.2723,10.));
#3121 = LINE('',#3122,#3123);
#3122 = CARTESIAN_POINT('',(31.6037,-19.2723,2.5));
#3123 = VECTOR('',#3124,1.);
#3124 = DIRECTION('',(0.,0.,1.));
#3125 = ORIENTED_EDGE('',*,*,#3126,.F.);
#3126 = EDGE_CURVE('',#3095,#3119,#3127,.T.);
#3127 = LINE('',#3128,#3129);
#3128 = CARTESIAN_POINT('',(42.078850673439,0.350421487224,10.));
#3129 = VECTOR('',#3130,1.);
#3130 = DIRECTION('',(-0.470927681203,-0.882171819476,0.));
#3131 = ORIENTED_EDGE('',*,*,#3094,.F.);
#3132 = PLANE('',#3133);
#3133 = AXIS2_PLACEMENT_3D('',#3134,#3135,#3136);
#3134 = CARTESIAN_POINT('',(31.6037,-19.2723,2.5));
#3135 = DIRECTION('',(-0.882171819476,0.470927681203,0.));
#3136 = DIRECTION('',(0.470927681203,0.882171819476,0.));
#3137 = ADVANCED_FACE('',(#3138),#3179,.T.);
#3138 = FACE_BOUND('',#3139,.T.);
#3139 = EDGE_LOOP('',(#3140,#3141,#3149,#3157,#3165,#3173));
#3140 = ORIENTED_EDGE('',*,*,#393,.F.);
#3141 = ORIENTED_EDGE('',*,*,#3142,.F.);
#3142 = EDGE_CURVE('',#3143,#385,#3145,.T.);
#3143 = VERTEX_POINT('',#3144);
#3144 = CARTESIAN_POINT('',(125.9986573602,1.301007029952,4.9));
#3145 = LINE('',#3146,#3147);
#3146 = CARTESIAN_POINT('',(125.9986573602,1.301007029952,0.));
#3147 = VECTOR('',#3148,1.);
#3148 = DIRECTION('',(-0.,-0.,-1.));
#3149 = ORIENTED_EDGE('',*,*,#3150,.F.);
#3150 = EDGE_CURVE('',#3151,#3143,#3153,.T.);
#3151 = VERTEX_POINT('',#3152);
#3152 = CARTESIAN_POINT('',(125.728,0.971573,4.9));
#3153 = LINE('',#3154,#3155);
#3154 = CARTESIAN_POINT('',(125.70734564391,0.946433289198,4.9));
#3155 = VECTOR('',#3156,1.);
#3156 = DIRECTION('',(0.634810614706,0.772667770427,0.));
#3157 = ORIENTED_EDGE('',*,*,#3158,.T.);
#3158 = EDGE_CURVE('',#3151,#3159,#3161,.T.);
#3159 = VERTEX_POINT('',#3160);
#3160 = CARTESIAN_POINT('',(125.728,0.971573,10.));
#3161 = LINE('',#3162,#3163);
#3162 = CARTESIAN_POINT('',(125.728,0.971573,2.5));
#3163 = VECTOR('',#3164,1.);
#3164 = DIRECTION('',(0.,0.,1.));
#3165 = ORIENTED_EDGE('',*,*,#3166,.F.);
#3166 = EDGE_CURVE('',#3167,#3159,#3169,.T.);
#3167 = VERTEX_POINT('',#3168);
#3168 = CARTESIAN_POINT('',(126.226,1.57772,10.));
#3169 = LINE('',#3170,#3171);
#3170 = CARTESIAN_POINT('',(116.48205353307,-10.28224770901,10.));
#3171 = VECTOR('',#3172,1.);
#3172 = DIRECTION('',(-0.634810614706,-0.772667770427,0.));
#3173 = ORIENTED_EDGE('',*,*,#3174,.F.);
#3174 = EDGE_CURVE('',#394,#3167,#3175,.T.);
#3175 = LINE('',#3176,#3177);
#3176 = CARTESIAN_POINT('',(126.226,1.57772,2.5));
#3177 = VECTOR('',#3178,1.);
#3178 = DIRECTION('',(0.,0.,1.));
#3179 = PLANE('',#3180);
#3180 = AXIS2_PLACEMENT_3D('',#3181,#3182,#3183);
#3181 = CARTESIAN_POINT('',(125.728,0.971573,2.5));
#3182 = DIRECTION('',(-0.772667770427,0.634810614706,0.));
#3183 = DIRECTION('',(0.634810614706,0.772667770427,0.));
#3184 = ADVANCED_FACE('',(#3185),#3203,.T.);
#3185 = FACE_BOUND('',#3186,.T.);
#3186 = EDGE_LOOP('',(#3187,#3188,#3196,#3202));
#3187 = ORIENTED_EDGE('',*,*,#1322,.F.);
#3188 = ORIENTED_EDGE('',*,*,#3189,.T.);
#3189 = EDGE_CURVE('',#1315,#3190,#3192,.T.);
#3190 = VERTEX_POINT('',#3191);
#3191 = CARTESIAN_POINT('',(31.1062,-19.8784,10.));
#3192 = LINE('',#3193,#3194);
#3193 = CARTESIAN_POINT('',(31.1062,-19.8784,2.5));
#3194 = VECTOR('',#3195,1.);
#3195 = DIRECTION('',(0.,0.,1.));
#3196 = ORIENTED_EDGE('',*,*,#3197,.F.);
#3197 = EDGE_CURVE('',#3119,#3190,#3198,.T.);
#3198 = LINE('',#3199,#3200);
#3199 = CARTESIAN_POINT('',(46.030334076032,-1.696454947773,10.));
#3200 = VECTOR('',#3201,1.);
#3201 = DIRECTION('',(-0.634459263544,-0.772956300772,0.));
#3202 = ORIENTED_EDGE('',*,*,#3118,.F.);
#3203 = PLANE('',#3204);
#3204 = AXIS2_PLACEMENT_3D('',#3205,#3206,#3207);
#3205 = CARTESIAN_POINT('',(31.1062,-19.8784,2.5));
#3206 = DIRECTION('',(-0.772956300772,0.634459263544,0.));
#3207 = DIRECTION('',(0.634459263544,0.772956300772,0.));
#3208 = ADVANCED_FACE('',(#3209),#3227,.T.);
#3209 = FACE_BOUND('',#3210,.T.);
#3210 = EDGE_LOOP('',(#3211,#3212,#3213,#3221));
#3211 = ORIENTED_EDGE('',*,*,#401,.F.);
#3212 = ORIENTED_EDGE('',*,*,#3174,.T.);
#3213 = ORIENTED_EDGE('',*,*,#3214,.F.);
#3214 = EDGE_CURVE('',#3215,#3167,#3217,.T.);
#3215 = VERTEX_POINT('',#3216);
#3216 = CARTESIAN_POINT('',(126.596,2.26927,10.));
#3217 = LINE('',#3218,#3219);
#3218 = CARTESIAN_POINT('',(121.85697010239,-6.588233042398,10.));
#3219 = VECTOR('',#3220,1.);
#3220 = DIRECTION('',(-0.47175253746,-0.88173099265,0.));
#3221 = ORIENTED_EDGE('',*,*,#3222,.F.);
#3222 = EDGE_CURVE('',#402,#3215,#3223,.T.);
#3223 = LINE('',#3224,#3225);
#3224 = CARTESIAN_POINT('',(126.596,2.26927,2.5));
#3225 = VECTOR('',#3226,1.);
#3226 = DIRECTION('',(0.,0.,1.));
#3227 = PLANE('',#3228);
#3228 = AXIS2_PLACEMENT_3D('',#3229,#3230,#3231);
#3229 = CARTESIAN_POINT('',(126.226,1.57772,2.5));
#3230 = DIRECTION('',(-0.88173099265,0.47175253746,0.));
#3231 = DIRECTION('',(0.47175253746,0.88173099265,0.));
#3232 = ADVANCED_FACE('',(#3233),#3251,.T.);
#3233 = FACE_BOUND('',#3234,.T.);
#3234 = EDGE_LOOP('',(#3235,#3236,#3244,#3250));
#3235 = ORIENTED_EDGE('',*,*,#1314,.F.);
#3236 = ORIENTED_EDGE('',*,*,#3237,.T.);
#3237 = EDGE_CURVE('',#1307,#3238,#3240,.T.);
#3238 = VERTEX_POINT('',#3239);
#3239 = CARTESIAN_POINT('',(30.5001,-20.3759,10.));
#3240 = LINE('',#3241,#3242);
#3241 = CARTESIAN_POINT('',(30.5001,-20.3759,2.5));
#3242 = VECTOR('',#3243,1.);
#3243 = DIRECTION('',(0.,0.,1.));
#3244 = ORIENTED_EDGE('',*,*,#3245,.F.);
#3245 = EDGE_CURVE('',#3190,#3238,#3246,.T.);
#3246 = LINE('',#3247,#3248);
#3247 = CARTESIAN_POINT('',(48.974829080985,-5.211442455387,10.));
#3248 = VECTOR('',#3249,1.);
#3249 = DIRECTION('',(-0.772956300772,-0.634459263544,0.));
#3250 = ORIENTED_EDGE('',*,*,#3189,.F.);
#3251 = PLANE('',#3252);
#3252 = AXIS2_PLACEMENT_3D('',#3253,#3254,#3255);
#3253 = CARTESIAN_POINT('',(30.5001,-20.3759,2.5));
#3254 = DIRECTION('',(-0.634459263544,0.772956300772,0.));
#3255 = DIRECTION('',(0.772956300772,0.634459263544,0.));
#3256 = ADVANCED_FACE('',(#3257),#3275,.T.);
#3257 = FACE_BOUND('',#3258,.T.);
#3258 = EDGE_LOOP('',(#3259,#3260,#3261,#3269));
#3259 = ORIENTED_EDGE('',*,*,#409,.F.);
#3260 = ORIENTED_EDGE('',*,*,#3222,.T.);
#3261 = ORIENTED_EDGE('',*,*,#3262,.F.);
#3262 = EDGE_CURVE('',#3263,#3215,#3265,.T.);
#3263 = VERTEX_POINT('',#3264);
#3264 = CARTESIAN_POINT('',(126.823,3.01964,10.));
#3265 = LINE('',#3266,#3267);
#3266 = CARTESIAN_POINT('',(125.56476954615,-1.139559936806,10.));
#3267 = VECTOR('',#3268,1.);
#3268 = DIRECTION('',(-0.289557743783,-0.957160547147,0.));
#3269 = ORIENTED_EDGE('',*,*,#3270,.F.);
#3270 = EDGE_CURVE('',#410,#3263,#3271,.T.);
#3271 = LINE('',#3272,#3273);
#3272 = CARTESIAN_POINT('',(126.823,3.01964,2.5));
#3273 = VECTOR('',#3274,1.);
#3274 = DIRECTION('',(0.,0.,1.));
#3275 = PLANE('',#3276);
#3276 = AXIS2_PLACEMENT_3D('',#3277,#3278,#3279);
#3277 = CARTESIAN_POINT('',(126.596,2.26927,2.5));
#3278 = DIRECTION('',(-0.957160547147,0.289557743783,0.));
#3279 = DIRECTION('',(0.289557743783,0.957160547147,0.));
#3280 = ADVANCED_FACE('',(#3281),#3299,.T.);
#3281 = FACE_BOUND('',#3282,.T.);
#3282 = EDGE_LOOP('',(#3283,#3284,#3292,#3298));
#3283 = ORIENTED_EDGE('',*,*,#1306,.F.);
#3284 = ORIENTED_EDGE('',*,*,#3285,.T.);
#3285 = EDGE_CURVE('',#1299,#3286,#3288,.T.);
#3286 = VERTEX_POINT('',#3287);
#3287 = CARTESIAN_POINT('',(29.8085,-20.7455,10.));
#3288 = LINE('',#3289,#3290);
#3289 = CARTESIAN_POINT('',(29.8085,-20.7455,2.5));
#3290 = VECTOR('',#3291,1.);
#3291 = DIRECTION('',(0.,0.,1.));
#3292 = ORIENTED_EDGE('',*,*,#3293,.F.);
#3293 = EDGE_CURVE('',#3238,#3286,#3294,.T.);
#3294 = LINE('',#3295,#3296);
#3295 = CARTESIAN_POINT('',(50.418481247559,-9.731259009402,10.));
#3296 = VECTOR('',#3297,1.);
#3297 = DIRECTION('',(-0.881957260666,-0.471329386267,0.));
#3298 = ORIENTED_EDGE('',*,*,#3237,.F.);
#3299 = PLANE('',#3300);
#3300 = AXIS2_PLACEMENT_3D('',#3301,#3302,#3303);
#3301 = CARTESIAN_POINT('',(29.8085,-20.7455,2.5));
#3302 = DIRECTION('',(-0.471329386267,0.881957260666,0.));
#3303 = DIRECTION('',(0.881957260666,0.471329386267,0.));
#3304 = ADVANCED_FACE('',(#3305),#3323,.T.);
#3305 = FACE_BOUND('',#3306,.T.);
#3306 = EDGE_LOOP('',(#3307,#3308,#3309,#3317));
#3307 = ORIENTED_EDGE('',*,*,#417,.F.);
#3308 = ORIENTED_EDGE('',*,*,#3270,.T.);
#3309 = ORIENTED_EDGE('',*,*,#3310,.F.);
#3310 = EDGE_CURVE('',#3311,#3263,#3313,.T.);
#3311 = VERTEX_POINT('',#3312);
#3312 = CARTESIAN_POINT('',(126.9,3.8,10.));
#3313 = LINE('',#3314,#3315);
#3314 = CARTESIAN_POINT('',(127.04083830866,5.227332240946,10.));
#3315 = VECTOR('',#3316,1.);
#3316 = DIRECTION('',(-9.819553766732E-02,-0.995167139923,0.));
#3317 = ORIENTED_EDGE('',*,*,#3318,.F.);
#3318 = EDGE_CURVE('',#418,#3311,#3319,.T.);
#3319 = LINE('',#3320,#3321);
#3320 = CARTESIAN_POINT('',(126.9,3.8,2.5));
#3321 = VECTOR('',#3322,1.);
#3322 = DIRECTION('',(0.,0.,1.));
#3323 = PLANE('',#3324);
#3324 = AXIS2_PLACEMENT_3D('',#3325,#3326,#3327);
#3325 = CARTESIAN_POINT('',(126.823,3.01964,2.5));
#3326 = DIRECTION('',(-0.995167139923,9.819553766732E-02,0.));
#3327 = DIRECTION('',(9.819553766732E-02,0.995167139923,0.));
#3328 = ADVANCED_FACE('',(#3329),#3347,.T.);
#3329 = FACE_BOUND('',#3330,.T.);
#3330 = EDGE_LOOP('',(#3331,#3332,#3340,#3346));
#3331 = ORIENTED_EDGE('',*,*,#1298,.F.);
#3332 = ORIENTED_EDGE('',*,*,#3333,.T.);
#3333 = EDGE_CURVE('',#1291,#3334,#3336,.T.);
#3334 = VERTEX_POINT('',#3335);
#3335 = CARTESIAN_POINT('',(29.0582,-20.9731,10.));
#3336 = LINE('',#3337,#3338);
#3337 = CARTESIAN_POINT('',(29.0582,-20.9731,2.5));
#3338 = VECTOR('',#3339,1.);
#3339 = DIRECTION('',(0.,0.,1.));
#3340 = ORIENTED_EDGE('',*,*,#3341,.F.);
#3341 = EDGE_CURVE('',#3286,#3334,#3342,.T.);
#3342 = LINE('',#3343,#3344);
#3343 = CARTESIAN_POINT('',(50.059427435199,-14.60247576402,10.));
#3344 = VECTOR('',#3345,1.);
#3345 = DIRECTION('',(-0.956940695942,-0.290283489799,0.));
#3346 = ORIENTED_EDGE('',*,*,#3285,.F.);
#3347 = PLANE('',#3348);
#3348 = AXIS2_PLACEMENT_3D('',#3349,#3350,#3351);
#3349 = CARTESIAN_POINT('',(29.0582,-20.9731,2.5));
#3350 = DIRECTION('',(-0.290283489799,0.956940695942,0.));
#3351 = DIRECTION('',(0.956940695942,0.290283489799,0.));
#3352 = ADVANCED_FACE('',(#3353),#3371,.T.);
#3353 = FACE_BOUND('',#3354,.T.);
#3354 = EDGE_LOOP('',(#3355,#3356,#3357,#3365));
#3355 = ORIENTED_EDGE('',*,*,#425,.F.);
#3356 = ORIENTED_EDGE('',*,*,#3318,.T.);
#3357 = ORIENTED_EDGE('',*,*,#3358,.F.);
#3358 = EDGE_CURVE('',#3359,#3311,#3361,.T.);
#3359 = VERTEX_POINT('',#3360);
#3360 = CARTESIAN_POINT('',(126.9,57.,10.));
#3361 = LINE('',#3362,#3363);
#3362 = CARTESIAN_POINT('',(126.9,8.717362443164,10.));
#3363 = VECTOR('',#3364,1.);
#3364 = DIRECTION('',(0.,-1.,0.));
#3365 = ORIENTED_EDGE('',*,*,#3366,.F.);
#3366 = EDGE_CURVE('',#426,#3359,#3367,.T.);
#3367 = LINE('',#3368,#3369);
#3368 = CARTESIAN_POINT('',(126.9,57.,2.5));
#3369 = VECTOR('',#3370,1.);
#3370 = DIRECTION('',(0.,0.,1.));
#3371 = PLANE('',#3372);
#3372 = AXIS2_PLACEMENT_3D('',#3373,#3374,#3375);
#3373 = CARTESIAN_POINT('',(126.9,3.8,2.5));
#3374 = DIRECTION('',(-1.,0.,0.));
#3375 = DIRECTION('',(0.,1.,0.));
#3376 = ADVANCED_FACE('',(#3377),#3395,.T.);
#3377 = FACE_BOUND('',#3378,.T.);
#3378 = EDGE_LOOP('',(#3379,#3380,#3388,#3394));
#3379 = ORIENTED_EDGE('',*,*,#1290,.F.);
#3380 = ORIENTED_EDGE('',*,*,#3381,.T.);
#3381 = EDGE_CURVE('',#1283,#3382,#3384,.T.);
#3382 = VERTEX_POINT('',#3383);
#3383 = CARTESIAN_POINT('',(28.2778,-21.05,10.));
#3384 = LINE('',#3385,#3386);
#3385 = CARTESIAN_POINT('',(28.2778,-21.05,2.5));
#3386 = VECTOR('',#3387,1.);
#3387 = DIRECTION('',(0.,0.,1.));
#3388 = ORIENTED_EDGE('',*,*,#3389,.F.);
#3389 = EDGE_CURVE('',#3334,#3382,#3390,.T.);
#3390 = LINE('',#3391,#3392);
#3391 = CARTESIAN_POINT('',(47.871315670512,-19.11927043175,10.));
#3392 = VECTOR('',#3393,1.);
#3393 = DIRECTION('',(-0.995180084663,-9.80642600084E-02,0.));
#3394 = ORIENTED_EDGE('',*,*,#3333,.F.);
#3395 = PLANE('',#3396);
#3396 = AXIS2_PLACEMENT_3D('',#3397,#3398,#3399);
#3397 = CARTESIAN_POINT('',(28.2778,-21.05,2.5));
#3398 = DIRECTION('',(-9.80642600084E-02,0.995180084663,0.));
#3399 = DIRECTION('',(0.995180084663,9.80642600084E-02,0.));
#3400 = ADVANCED_FACE('',(#3401),#3419,.T.);
#3401 = FACE_BOUND('',#3402,.T.);
#3402 = EDGE_LOOP('',(#3403,#3404,#3405,#3413));
#3403 = ORIENTED_EDGE('',*,*,#433,.F.);
#3404 = ORIENTED_EDGE('',*,*,#3366,.T.);
#3405 = ORIENTED_EDGE('',*,*,#3406,.F.);
#3406 = EDGE_CURVE('',#3407,#3359,#3409,.T.);
#3407 = VERTEX_POINT('',#3408);
#3408 = CARTESIAN_POINT('',(126.823,57.7804,10.));
#3409 = LINE('',#3410,#3411);
#3410 = CARTESIAN_POINT('',(128.71758136301,38.578694861137,10.));
#3411 = VECTOR('',#3412,1.);
#3412 = DIRECTION('',(9.819055310696E-02,-0.995167631749,0.));
#3413 = ORIENTED_EDGE('',*,*,#3414,.F.);
#3414 = EDGE_CURVE('',#434,#3407,#3415,.T.);
#3415 = LINE('',#3416,#3417);
#3416 = CARTESIAN_POINT('',(126.823,57.7804,2.5));
#3417 = VECTOR('',#3418,1.);
#3418 = DIRECTION('',(0.,0.,1.));
#3419 = PLANE('',#3420);
#3420 = AXIS2_PLACEMENT_3D('',#3421,#3422,#3423);
#3421 = CARTESIAN_POINT('',(126.9,57.,2.5));
#3422 = DIRECTION('',(-0.995167631749,-9.819055310696E-02,0.));
#3423 = DIRECTION('',(-9.819055310696E-02,0.995167631749,0.));
#3424 = ADVANCED_FACE('',(#3425),#3443,.T.);
#3425 = FACE_BOUND('',#3426,.T.);
#3426 = EDGE_LOOP('',(#3427,#3428,#3436,#3442));
#3427 = ORIENTED_EDGE('',*,*,#1282,.F.);
#3428 = ORIENTED_EDGE('',*,*,#3429,.T.);
#3429 = EDGE_CURVE('',#1275,#3430,#3432,.T.);
#3430 = VERTEX_POINT('',#3431);
#3431 = CARTESIAN_POINT('',(10.6347,-21.05,10.));
#3432 = LINE('',#3433,#3434);
#3433 = CARTESIAN_POINT('',(10.6347,-21.05,2.5));
#3434 = VECTOR('',#3435,1.);
#3435 = DIRECTION('',(0.,0.,1.));
#3436 = ORIENTED_EDGE('',*,*,#3437,.F.);
#3437 = EDGE_CURVE('',#3382,#3430,#3438,.T.);
#3438 = LINE('',#3439,#3440);
#3439 = CARTESIAN_POINT('',(37.531115532018,-21.05,10.));
#3440 = VECTOR('',#3441,1.);
#3441 = DIRECTION('',(-1.,0.,0.));
#3442 = ORIENTED_EDGE('',*,*,#3381,.F.);
#3443 = PLANE('',#3444);
#3444 = AXIS2_PLACEMENT_3D('',#3445,#3446,#3447);
#3445 = CARTESIAN_POINT('',(10.6347,-21.05,2.5));
#3446 = DIRECTION('',(0.,1.,0.));
#3447 = DIRECTION('',(1.,0.,0.));
#3448 = ADVANCED_FACE('',(#3449),#3467,.T.);
#3449 = FACE_BOUND('',#3450,.T.);
#3450 = EDGE_LOOP('',(#3451,#3452,#3453,#3461));
#3451 = ORIENTED_EDGE('',*,*,#441,.F.);
#3452 = ORIENTED_EDGE('',*,*,#3414,.T.);
#3453 = ORIENTED_EDGE('',*,*,#3454,.F.);
#3454 = EDGE_CURVE('',#3455,#3407,#3457,.T.);
#3455 = VERTEX_POINT('',#3456);
#3456 = CARTESIAN_POINT('',(126.596,58.5307,10.));
#3457 = LINE('',#3458,#3459);
#3458 = CARTESIAN_POINT('',(130.32485340706,46.205771756286,10.));
#3459 = VECTOR('',#3460,1.);
#3460 = DIRECTION('',(0.289582493074,-0.957153059706,0.));
#3461 = ORIENTED_EDGE('',*,*,#3462,.F.);
#3462 = EDGE_CURVE('',#442,#3455,#3463,.T.);
#3463 = LINE('',#3464,#3465);
#3464 = CARTESIAN_POINT('',(126.596,58.5307,2.5));
#3465 = VECTOR('',#3466,1.);
#3466 = DIRECTION('',(0.,0.,1.));
#3467 = PLANE('',#3468);
#3468 = AXIS2_PLACEMENT_3D('',#3469,#3470,#3471);
#3469 = CARTESIAN_POINT('',(126.823,57.7804,2.5));
#3470 = DIRECTION('',(-0.957153059706,-0.289582493074,0.));
#3471 = DIRECTION('',(-0.289582493074,0.957153059706,0.));
#3472 = ADVANCED_FACE('',(#3473),#3491,.T.);
#3473 = FACE_BOUND('',#3474,.T.);
#3474 = EDGE_LOOP('',(#3475,#3476,#3484,#3490));
#3475 = ORIENTED_EDGE('',*,*,#1274,.F.);
#3476 = ORIENTED_EDGE('',*,*,#3477,.T.);
#3477 = EDGE_CURVE('',#1267,#3478,#3480,.T.);
#3478 = VERTEX_POINT('',#3479);
#3479 = CARTESIAN_POINT('',(10.2426,-21.0307,10.));
#3480 = LINE('',#3481,#3482);
#3481 = CARTESIAN_POINT('',(10.2426,-21.0307,2.5));
#3482 = VECTOR('',#3483,1.);
#3483 = DIRECTION('',(0.,0.,1.));
#3484 = ORIENTED_EDGE('',*,*,#3485,.F.);
#3485 = EDGE_CURVE('',#3430,#3478,#3486,.T.);
#3486 = LINE('',#3487,#3488);
#3487 = CARTESIAN_POINT('',(36.41849293663,-22.31913339371,10.));
#3488 = VECTOR('',#3489,1.);
#3489 = DIRECTION('',(-0.998790787438,4.916261718327E-02,0.));
#3490 = ORIENTED_EDGE('',*,*,#3429,.F.);
#3491 = PLANE('',#3492);
#3492 = AXIS2_PLACEMENT_3D('',#3493,#3494,#3495);
#3493 = CARTESIAN_POINT('',(10.2426,-21.0307,2.5));
#3494 = DIRECTION('',(4.916261718327E-02,0.998790787438,0.));
#3495 = DIRECTION('',(0.998790787438,-4.916261718327E-02,0.));
#3496 = ADVANCED_FACE('',(#3497),#3531,.T.);
#3497 = FACE_BOUND('',#3498,.T.);
#3498 = EDGE_LOOP('',(#3499,#3500,#3501,#3509,#3517,#3525));
#3499 = ORIENTED_EDGE('',*,*,#449,.F.);
#3500 = ORIENTED_EDGE('',*,*,#3462,.T.);
#3501 = ORIENTED_EDGE('',*,*,#3502,.F.);
#3502 = EDGE_CURVE('',#3503,#3455,#3505,.T.);
#3503 = VERTEX_POINT('',#3504);
#3504 = CARTESIAN_POINT('',(126.226,59.2223,10.));
#3505 = LINE('',#3506,#3507);
#3506 = CARTESIAN_POINT('',(129.01603117311,54.00720389372,10.));
#3507 = VECTOR('',#3508,1.);
#3508 = DIRECTION('',(0.471726021219,-0.881745179122,0.));
#3509 = ORIENTED_EDGE('',*,*,#3510,.F.);
#3510 = EDGE_CURVE('',#3511,#3503,#3513,.T.);
#3511 = VERTEX_POINT('',#3512);
#3512 = CARTESIAN_POINT('',(126.226,59.2223,4.9));
#3513 = LINE('',#3514,#3515);
#3514 = CARTESIAN_POINT('',(126.226,59.2223,2.5));
#3515 = VECTOR('',#3516,1.);
#3516 = DIRECTION('',(0.,0.,1.));
#3517 = ORIENTED_EDGE('',*,*,#3518,.F.);
#3518 = EDGE_CURVE('',#3519,#3511,#3521,.T.);
#3519 = VERTEX_POINT('',#3520);
#3520 = CARTESIAN_POINT('',(126.41631946799,58.866556907938,4.9));
#3521 = LINE('',#3522,#3523);
#3522 = CARTESIAN_POINT('',(125.88647827495,59.856930337958,4.9));
#3523 = VECTOR('',#3524,1.);
#3524 = DIRECTION('',(-0.471726021219,0.881745179122,0.));
#3525 = ORIENTED_EDGE('',*,*,#3526,.T.);
#3526 = EDGE_CURVE('',#3519,#450,#3527,.T.);
#3527 = LINE('',#3528,#3529);
#3528 = CARTESIAN_POINT('',(126.41631946799,58.866556907938,0.));
#3529 = VECTOR('',#3530,1.);
#3530 = DIRECTION('',(-0.,-0.,-1.));
#3531 = PLANE('',#3532);
#3532 = AXIS2_PLACEMENT_3D('',#3533,#3534,#3535);
#3533 = CARTESIAN_POINT('',(126.596,58.5307,2.5));
#3534 = DIRECTION('',(-0.881745179122,-0.471726021219,0.));
#3535 = DIRECTION('',(-0.471726021219,0.881745179122,0.));
#3536 = ADVANCED_FACE('',(#3537),#3555,.T.);
#3537 = FACE_BOUND('',#3538,.T.);
#3538 = EDGE_LOOP('',(#3539,#3540,#3548,#3554));
#3539 = ORIENTED_EDGE('',*,*,#1266,.F.);
#3540 = ORIENTED_EDGE('',*,*,#3541,.T.);
#3541 = EDGE_CURVE('',#1259,#3542,#3544,.T.);
#3542 = VERTEX_POINT('',#3543);
#3543 = CARTESIAN_POINT('',(9.47357,-20.8778,10.));
#3544 = LINE('',#3545,#3546);
#3545 = CARTESIAN_POINT('',(9.47357,-20.8778,2.5));
#3546 = VECTOR('',#3547,1.);
#3547 = DIRECTION('',(0.,0.,1.));
#3548 = ORIENTED_EDGE('',*,*,#3549,.F.);
#3549 = EDGE_CURVE('',#3478,#3542,#3550,.T.);
#3550 = LINE('',#3551,#3552);
#3551 = CARTESIAN_POINT('',(32.60522990648,-25.47688039959,10.));
#3552 = VECTOR('',#3553,1.);
#3553 = DIRECTION('',(-0.980802255961,0.195004960712,0.));
#3554 = ORIENTED_EDGE('',*,*,#3477,.F.);
#3555 = PLANE('',#3556);
#3556 = AXIS2_PLACEMENT_3D('',#3557,#3558,#3559);
#3557 = CARTESIAN_POINT('',(9.47357,-20.8778,2.5));
#3558 = DIRECTION('',(0.195004960712,0.980802255961,0.));
#3559 = DIRECTION('',(0.980802255961,-0.195004960712,0.));
#3560 = ADVANCED_FACE('',(#3561),#3580,.T.);
#3561 = FACE_BOUND('',#3562,.F.);
#3562 = EDGE_LOOP('',(#3563,#3571,#3578,#3579));
#3563 = ORIENTED_EDGE('',*,*,#3564,.F.);
#3564 = EDGE_CURVE('',#3565,#458,#3567,.T.);
#3565 = VERTEX_POINT('',#3566);
#3566 = CARTESIAN_POINT('',(120.94196010845,61.,4.9));
#3567 = LINE('',#3568,#3569);
#3568 = CARTESIAN_POINT('',(120.94196010845,61.,0.));
#3569 = VECTOR('',#3570,1.);
#3570 = DIRECTION('',(-0.,-0.,-1.));
#3571 = ORIENTED_EDGE('',*,*,#3572,.T.);
#3572 = EDGE_CURVE('',#3565,#3519,#3573,.T.);
#3573 = CIRCLE('',#3574,3.);
#3574 = AXIS2_PLACEMENT_3D('',#3575,#3576,#3577);
#3575 = CARTESIAN_POINT('',(123.9,60.5,4.9));
#3576 = DIRECTION('',(0.,0.,1.));
#3577 = DIRECTION('',(1.,0.,0.));
#3578 = ORIENTED_EDGE('',*,*,#3526,.T.);
#3579 = ORIENTED_EDGE('',*,*,#457,.T.);
#3580 = CYLINDRICAL_SURFACE('',#3581,3.);
#3581 = AXIS2_PLACEMENT_3D('',#3582,#3583,#3584);
#3582 = CARTESIAN_POINT('',(123.9,60.5,0.));
#3583 = DIRECTION('',(-0.,-0.,-1.));
#3584 = DIRECTION('',(1.,0.,0.));
#3585 = ADVANCED_FACE('',(#3586),#3604,.T.);
#3586 = FACE_BOUND('',#3587,.T.);
#3587 = EDGE_LOOP('',(#3588,#3589,#3597,#3603));
#3588 = ORIENTED_EDGE('',*,*,#1258,.F.);
#3589 = ORIENTED_EDGE('',*,*,#3590,.T.);
#3590 = EDGE_CURVE('',#1251,#3591,#3593,.T.);
#3591 = VERTEX_POINT('',#3592);
#3592 = CARTESIAN_POINT('',(8.74912,-20.5777,10.));
#3593 = LINE('',#3594,#3595);
#3594 = CARTESIAN_POINT('',(8.74912,-20.5777,2.5));
#3595 = VECTOR('',#3596,1.);
#3596 = DIRECTION('',(0.,0.,1.));
#3597 = ORIENTED_EDGE('',*,*,#3598,.F.);
#3598 = EDGE_CURVE('',#3542,#3591,#3599,.T.);
#3599 = LINE('',#3600,#3601);
#3600 = CARTESIAN_POINT('',(26.46254820658,-27.915404196,10.));
#3601 = VECTOR('',#3602,1.);
#3602 = DIRECTION('',(-0.923869168907,0.382708451362,0.));
#3603 = ORIENTED_EDGE('',*,*,#3541,.F.);
#3604 = PLANE('',#3605);
#3605 = AXIS2_PLACEMENT_3D('',#3606,#3607,#3608);
#3606 = CARTESIAN_POINT('',(8.74912,-20.5777,2.5));
#3607 = DIRECTION('',(0.382708451362,0.923869168907,0.));
#3608 = DIRECTION('',(0.923869168907,-0.382708451362,0.));
#3609 = ADVANCED_FACE('',(#3610),#3692,.T.);
#3610 = FACE_BOUND('',#3611,.T.);
#3611 = EDGE_LOOP('',(#3612,#3613,#3614,#3622,#3630,#3638,#3646,#3654,
    #3662,#3670,#3678,#3686));
#3612 = ORIENTED_EDGE('',*,*,#466,.F.);
#3613 = ORIENTED_EDGE('',*,*,#3564,.F.);
#3614 = ORIENTED_EDGE('',*,*,#3615,.F.);
#3615 = EDGE_CURVE('',#3616,#3565,#3618,.T.);
#3616 = VERTEX_POINT('',#3617);
#3617 = CARTESIAN_POINT('',(121.86039219456,61.,4.9));
#3618 = LINE('',#3619,#3620);
#3619 = CARTESIAN_POINT('',(123.4,61.,4.9));
#3620 = VECTOR('',#3621,1.);
#3621 = DIRECTION('',(-1.,0.,0.));
#3622 = ORIENTED_EDGE('',*,*,#3623,.F.);
#3623 = EDGE_CURVE('',#3624,#3616,#3626,.T.);
#3624 = VERTEX_POINT('',#3625);
#3625 = CARTESIAN_POINT('',(121.86039219456,61.,5.9));
#3626 = LINE('',#3627,#3628);
#3627 = CARTESIAN_POINT('',(121.86039219456,61.,4.3));
#3628 = VECTOR('',#3629,1.);
#3629 = DIRECTION('',(-0.,-0.,-1.));
#3630 = ORIENTED_EDGE('',*,*,#3631,.F.);
#3631 = EDGE_CURVE('',#3632,#3624,#3634,.T.);
#3632 = VERTEX_POINT('',#3633);
#3633 = CARTESIAN_POINT('',(121.96350832689,61.,5.9));
#3634 = LINE('',#3635,#3636);
#3635 = CARTESIAN_POINT('',(123.4,61.,5.9));
#3636 = VECTOR('',#3637,1.);
#3637 = DIRECTION('',(-1.,0.,0.));
#3638 = ORIENTED_EDGE('',*,*,#3639,.F.);
#3639 = EDGE_CURVE('',#3640,#3632,#3642,.T.);
#3640 = VERTEX_POINT('',#3641);
#3641 = CARTESIAN_POINT('',(121.96350832689,61.,10.));
#3642 = LINE('',#3643,#3644);
#3643 = CARTESIAN_POINT('',(121.96350832689,61.,4.9));
#3644 = VECTOR('',#3645,1.);
#3645 = DIRECTION('',(-0.,-0.,-1.));
#3646 = ORIENTED_EDGE('',*,*,#3647,.F.);
#3647 = EDGE_CURVE('',#3648,#3640,#3650,.T.);
#3648 = VERTEX_POINT('',#3649);
#3649 = CARTESIAN_POINT('',(108.3,61.,10.));
#3650 = LINE('',#3651,#3652);
#3651 = CARTESIAN_POINT('',(93.663765532018,61.,10.));
#3652 = VECTOR('',#3653,1.);
#3653 = DIRECTION('',(1.,0.,0.));
#3654 = ORIENTED_EDGE('',*,*,#3655,.T.);
#3655 = EDGE_CURVE('',#3648,#3656,#3658,.T.);
#3656 = VERTEX_POINT('',#3657);
#3657 = CARTESIAN_POINT('',(108.3,61.,4.9));
#3658 = LINE('',#3659,#3660);
#3659 = CARTESIAN_POINT('',(108.3,61.,3.7));
#3660 = VECTOR('',#3661,1.);
#3661 = DIRECTION('',(-0.,-0.,-1.));
#3662 = ORIENTED_EDGE('',*,*,#3663,.T.);
#3663 = EDGE_CURVE('',#3656,#3664,#3666,.T.);
#3664 = VERTEX_POINT('',#3665);
#3665 = CARTESIAN_POINT('',(96.3,61.,4.9));
#3666 = LINE('',#3667,#3668);
#3667 = CARTESIAN_POINT('',(115.6,61.,4.9));
#3668 = VECTOR('',#3669,1.);
#3669 = DIRECTION('',(-1.,0.,0.));
#3670 = ORIENTED_EDGE('',*,*,#3671,.F.);
#3671 = EDGE_CURVE('',#3672,#3664,#3674,.T.);
#3672 = VERTEX_POINT('',#3673);
#3673 = CARTESIAN_POINT('',(96.3,61.,10.));
#3674 = LINE('',#3675,#3676);
#3675 = CARTESIAN_POINT('',(96.3,61.,3.7));
#3676 = VECTOR('',#3677,1.);
#3677 = DIRECTION('',(-0.,-0.,-1.));
#3678 = ORIENTED_EDGE('',*,*,#3679,.F.);
#3679 = EDGE_CURVE('',#3680,#3672,#3682,.T.);
#3680 = VERTEX_POINT('',#3681);
#3681 = CARTESIAN_POINT('',(88.2647,61.,10.));
#3682 = LINE('',#3683,#3684);
#3683 = CARTESIAN_POINT('',(93.663765532018,61.,10.));
#3684 = VECTOR('',#3685,1.);
#3685 = DIRECTION('',(1.,0.,0.));
#3686 = ORIENTED_EDGE('',*,*,#3687,.F.);
#3687 = EDGE_CURVE('',#467,#3680,#3688,.T.);
#3688 = LINE('',#3689,#3690);
#3689 = CARTESIAN_POINT('',(88.2647,61.,2.5));
#3690 = VECTOR('',#3691,1.);
#3691 = DIRECTION('',(0.,0.,1.));
#3692 = PLANE('',#3693);
#3693 = AXIS2_PLACEMENT_3D('',#3694,#3695,#3696);
#3694 = CARTESIAN_POINT('',(122.9,61.,2.5));
#3695 = DIRECTION('',(0.,-1.,0.));
#3696 = DIRECTION('',(-1.,0.,0.));
#3697 = ADVANCED_FACE('',(#3698),#3716,.T.);
#3698 = FACE_BOUND('',#3699,.T.);
#3699 = EDGE_LOOP('',(#3700,#3701,#3709,#3715));
#3700 = ORIENTED_EDGE('',*,*,#1250,.F.);
#3701 = ORIENTED_EDGE('',*,*,#3702,.T.);
#3702 = EDGE_CURVE('',#1243,#3703,#3705,.T.);
#3703 = VERTEX_POINT('',#3704);
#3704 = CARTESIAN_POINT('',(8.09714,-20.142,10.));
#3705 = LINE('',#3706,#3707);
#3706 = CARTESIAN_POINT('',(8.09714,-20.142,2.5));
#3707 = VECTOR('',#3708,1.);
#3708 = DIRECTION('',(0.,0.,1.));
#3709 = ORIENTED_EDGE('',*,*,#3710,.F.);
#3710 = EDGE_CURVE('',#3591,#3703,#3711,.T.);
#3711 = LINE('',#3712,#3713);
#3712 = CARTESIAN_POINT('',(19.765411096014,-27.93957924558,10.));
#3713 = VECTOR('',#3714,1.);
#3714 = DIRECTION('',(-0.83143374015,0.555623915739,0.));
#3715 = ORIENTED_EDGE('',*,*,#3590,.F.);
#3716 = PLANE('',#3717);
#3717 = AXIS2_PLACEMENT_3D('',#3718,#3719,#3720);
#3718 = CARTESIAN_POINT('',(8.09714,-20.142,2.5));
#3719 = DIRECTION('',(0.555623915739,0.83143374015,0.));
#3720 = DIRECTION('',(0.83143374015,-0.555623915739,0.));
#3721 = ADVANCED_FACE('',(#3722),#3740,.T.);
#3722 = FACE_BOUND('',#3723,.T.);
#3723 = EDGE_LOOP('',(#3724,#3725,#3726,#3734));
#3724 = ORIENTED_EDGE('',*,*,#474,.F.);
#3725 = ORIENTED_EDGE('',*,*,#3687,.T.);
#3726 = ORIENTED_EDGE('',*,*,#3727,.F.);
#3727 = EDGE_CURVE('',#3728,#3680,#3730,.T.);
#3728 = VERTEX_POINT('',#3729);
#3729 = CARTESIAN_POINT('',(87.4843,60.9231,10.));
#3730 = LINE('',#3731,#3732);
#3731 = CARTESIAN_POINT('',(74.149505322875,59.609099858187,10.));
#3732 = VECTOR('',#3733,1.);
#3733 = DIRECTION('',(0.995180084663,9.80642600084E-02,0.));
#3734 = ORIENTED_EDGE('',*,*,#3735,.F.);
#3735 = EDGE_CURVE('',#475,#3728,#3736,.T.);
#3736 = LINE('',#3737,#3738);
#3737 = CARTESIAN_POINT('',(87.4843,60.9231,2.5));
#3738 = VECTOR('',#3739,1.);
#3739 = DIRECTION('',(0.,0.,1.));
#3740 = PLANE('',#3741);
#3741 = AXIS2_PLACEMENT_3D('',#3742,#3743,#3744);
#3742 = CARTESIAN_POINT('',(88.2647,61.,2.5));
#3743 = DIRECTION('',(9.80642600084E-02,-0.995180084663,0.));
#3744 = DIRECTION('',(-0.995180084663,-9.80642600084E-02,0.));
#3745 = ADVANCED_FACE('',(#3746),#3764,.T.);
#3746 = FACE_BOUND('',#3747,.T.);
#3747 = EDGE_LOOP('',(#3748,#3749,#3757,#3763));
#3748 = ORIENTED_EDGE('',*,*,#1242,.F.);
#3749 = ORIENTED_EDGE('',*,*,#3750,.T.);
#3750 = EDGE_CURVE('',#1235,#3751,#3753,.T.);
#3751 = VERTEX_POINT('',#3752);
#3752 = CARTESIAN_POINT('',(7.54267,-19.5876,10.));
#3753 = LINE('',#3754,#3755);
#3754 = CARTESIAN_POINT('',(7.54267,-19.5876,2.5));
#3755 = VECTOR('',#3756,1.);
#3756 = DIRECTION('',(0.,0.,1.));
#3757 = ORIENTED_EDGE('',*,*,#3758,.F.);
#3758 = EDGE_CURVE('',#3703,#3751,#3759,.T.);
#3759 = LINE('',#3760,#3761);
#3760 = CARTESIAN_POINT('',(13.460099605253,-25.50428254937,10.));
#3761 = VECTOR('',#3762,1.);
#3762 = DIRECTION('',(-0.707151417539,0.707062142016,0.));
#3763 = ORIENTED_EDGE('',*,*,#3702,.F.);
#3764 = PLANE('',#3765);
#3765 = AXIS2_PLACEMENT_3D('',#3766,#3767,#3768);
#3766 = CARTESIAN_POINT('',(7.54267,-19.5876,2.5));
#3767 = DIRECTION('',(0.707062142016,0.707151417539,0.));
#3768 = DIRECTION('',(0.707151417539,-0.707062142016,0.));
#3769 = ADVANCED_FACE('',(#3770),#3788,.T.);
#3770 = FACE_BOUND('',#3771,.T.);
#3771 = EDGE_LOOP('',(#3772,#3773,#3774,#3782));
#3772 = ORIENTED_EDGE('',*,*,#482,.F.);
#3773 = ORIENTED_EDGE('',*,*,#3735,.T.);
#3774 = ORIENTED_EDGE('',*,*,#3775,.F.);
#3775 = EDGE_CURVE('',#3776,#3728,#3778,.T.);
#3776 = VERTEX_POINT('',#3777);
#3777 = CARTESIAN_POINT('',(86.7339,60.6955,10.));
#3778 = LINE('',#3779,#3780);
#3779 = CARTESIAN_POINT('',(70.359860835378,55.729173622244,10.));
#3780 = VECTOR('',#3781,1.);
#3781 = DIRECTION('',(0.95695144116,0.290248065043,0.));
#3782 = ORIENTED_EDGE('',*,*,#3783,.F.);
#3783 = EDGE_CURVE('',#483,#3776,#3784,.T.);
#3784 = LINE('',#3785,#3786);
#3785 = CARTESIAN_POINT('',(86.7339,60.6955,2.5));
#3786 = VECTOR('',#3787,1.);
#3787 = DIRECTION('',(0.,0.,1.));
#3788 = PLANE('',#3789);
#3789 = AXIS2_PLACEMENT_3D('',#3790,#3791,#3792);
#3790 = CARTESIAN_POINT('',(87.4843,60.9231,2.5));
#3791 = DIRECTION('',(0.290248065043,-0.95695144116,0.));
#3792 = DIRECTION('',(-0.95695144116,-0.290248065043,0.));
#3793 = ADVANCED_FACE('',(#3794),#3812,.T.);
#3794 = FACE_BOUND('',#3795,.T.);
#3795 = EDGE_LOOP('',(#3796,#3797,#3805,#3811));
#3796 = ORIENTED_EDGE('',*,*,#1234,.F.);
#3797 = ORIENTED_EDGE('',*,*,#3798,.T.);
#3798 = EDGE_CURVE('',#1227,#3799,#3801,.T.);
#3799 = VERTEX_POINT('',#3800);
#3800 = CARTESIAN_POINT('',(7.10703,-18.9356,10.));
#3801 = LINE('',#3802,#3803);
#3802 = CARTESIAN_POINT('',(7.10703,-18.9356,2.5));
#3803 = VECTOR('',#3804,1.);
#3804 = DIRECTION('',(0.,0.,1.));
#3805 = ORIENTED_EDGE('',*,*,#3806,.F.);
#3806 = EDGE_CURVE('',#3751,#3799,#3807,.T.);
#3807 = LINE('',#3808,#3809);
#3808 = CARTESIAN_POINT('',(8.430221862558,-20.91595326046,10.));
#3809 = VECTOR('',#3810,1.);
#3810 = DIRECTION('',(-0.555559237121,0.831476959422,0.));
#3811 = ORIENTED_EDGE('',*,*,#3750,.F.);
#3812 = PLANE('',#3813);
#3813 = AXIS2_PLACEMENT_3D('',#3814,#3815,#3816);
#3814 = CARTESIAN_POINT('',(7.10703,-18.9356,2.5));
#3815 = DIRECTION('',(0.831476959422,0.555559237121,0.));
#3816 = DIRECTION('',(0.555559237121,-0.831476959422,0.));
#3817 = ADVANCED_FACE('',(#3818),#3836,.T.);
#3818 = FACE_BOUND('',#3819,.T.);
#3819 = EDGE_LOOP('',(#3820,#3821,#3822,#3830));
#3820 = ORIENTED_EDGE('',*,*,#490,.F.);
#3821 = ORIENTED_EDGE('',*,*,#3783,.T.);
#3822 = ORIENTED_EDGE('',*,*,#3823,.F.);
#3823 = EDGE_CURVE('',#3824,#3776,#3826,.T.);
#3824 = VERTEX_POINT('',#3825);
#3825 = CARTESIAN_POINT('',(86.0424,60.3259,10.));
#3826 = LINE('',#3827,#3828);
#3827 = CARTESIAN_POINT('',(68.276779768474,50.830349403366,10.));
#3828 = VECTOR('',#3829,1.);
#3829 = DIRECTION('',(0.881928926211,0.471382402209,0.));
#3830 = ORIENTED_EDGE('',*,*,#3831,.F.);
#3831 = EDGE_CURVE('',#491,#3824,#3832,.T.);
#3832 = LINE('',#3833,#3834);
#3833 = CARTESIAN_POINT('',(86.0424,60.3259,2.5));
#3834 = VECTOR('',#3835,1.);
#3835 = DIRECTION('',(0.,0.,1.));
#3836 = PLANE('',#3837);
#3837 = AXIS2_PLACEMENT_3D('',#3838,#3839,#3840);
#3838 = CARTESIAN_POINT('',(86.7339,60.6955,2.5));
#3839 = DIRECTION('',(0.471382402209,-0.881928926211,0.));
#3840 = DIRECTION('',(-0.881928926211,-0.471382402209,0.));
#3841 = ADVANCED_FACE('',(#3842),#3860,.T.);
#3842 = FACE_BOUND('',#3843,.T.);
#3843 = EDGE_LOOP('',(#3844,#3845,#3853,#3859));
#3844 = ORIENTED_EDGE('',*,*,#1226,.F.);
#3845 = ORIENTED_EDGE('',*,*,#3846,.T.);
#3846 = EDGE_CURVE('',#1219,#3847,#3849,.T.);
#3847 = VERTEX_POINT('',#3848);
#3848 = CARTESIAN_POINT('',(6.80695,-18.2111,10.));
#3849 = LINE('',#3850,#3851);
#3850 = CARTESIAN_POINT('',(6.80695,-18.2111,2.5));
#3851 = VECTOR('',#3852,1.);
#3852 = DIRECTION('',(0.,0.,1.));
#3853 = ORIENTED_EDGE('',*,*,#3854,.F.);
#3854 = EDGE_CURVE('',#3799,#3847,#3855,.T.);
#3855 = LINE('',#3856,#3857);
#3856 = CARTESIAN_POINT('',(5.396329388776,-14.80535942138,10.));
#3857 = VECTOR('',#3858,1.);
#3858 = DIRECTION('',(-0.382664138353,0.923887524117,0.));
#3859 = ORIENTED_EDGE('',*,*,#3798,.F.);
#3860 = PLANE('',#3861);
#3861 = AXIS2_PLACEMENT_3D('',#3862,#3863,#3864);
#3862 = CARTESIAN_POINT('',(6.80695,-18.2111,2.5));
#3863 = DIRECTION('',(0.923887524117,0.382664138353,0.));
#3864 = DIRECTION('',(0.382664138353,-0.923887524117,0.));
#3865 = ADVANCED_FACE('',(#3866),#3884,.T.);
#3866 = FACE_BOUND('',#3867,.T.);
#3867 = EDGE_LOOP('',(#3868,#3869,#3870,#3878));
#3868 = ORIENTED_EDGE('',*,*,#498,.F.);
#3869 = ORIENTED_EDGE('',*,*,#3831,.T.);
#3870 = ORIENTED_EDGE('',*,*,#3871,.F.);
#3871 = EDGE_CURVE('',#3872,#3824,#3874,.T.);
#3872 = VERTEX_POINT('',#3873);
#3873 = CARTESIAN_POINT('',(85.4362,59.8284,10.));
#3874 = LINE('',#3875,#3876);
#3875 = CARTESIAN_POINT('',(68.13599242873,45.630357659672,10.));
#3876 = VECTOR('',#3877,1.);
#3877 = DIRECTION('',(0.773007628723,0.634396725981,0.));
#3878 = ORIENTED_EDGE('',*,*,#3879,.F.);
#3879 = EDGE_CURVE('',#499,#3872,#3880,.T.);
#3880 = LINE('',#3881,#3882);
#3881 = CARTESIAN_POINT('',(85.4362,59.8284,2.5));
#3882 = VECTOR('',#3883,1.);
#3883 = DIRECTION('',(0.,0.,1.));
#3884 = PLANE('',#3885);
#3885 = AXIS2_PLACEMENT_3D('',#3886,#3887,#3888);
#3886 = CARTESIAN_POINT('',(86.0424,60.3259,2.5));
#3887 = DIRECTION('',(0.634396725981,-0.773007628723,0.));
#3888 = DIRECTION('',(-0.773007628723,-0.634396725981,0.));
#3889 = ADVANCED_FACE('',(#3890),#3908,.T.);
#3890 = FACE_BOUND('',#3891,.T.);
#3891 = EDGE_LOOP('',(#3892,#3893,#3901,#3907));
#3892 = ORIENTED_EDGE('',*,*,#1218,.F.);
#3893 = ORIENTED_EDGE('',*,*,#3894,.T.);
#3894 = EDGE_CURVE('',#1211,#3895,#3897,.T.);
#3895 = VERTEX_POINT('',#3896);
#3896 = CARTESIAN_POINT('',(6.42316,-16.9459,10.));
#3897 = LINE('',#3898,#3899);
#3898 = CARTESIAN_POINT('',(6.42316,-16.9459,2.5));
#3899 = VECTOR('',#3900,1.);
#3900 = DIRECTION('',(0.,0.,1.));
#3901 = ORIENTED_EDGE('',*,*,#3902,.F.);
#3902 = EDGE_CURVE('',#3847,#3895,#3903,.T.);
#3903 = LINE('',#3904,#3905);
#3904 = CARTESIAN_POINT('',(4.619603169789,-11.00030448791,10.));
#3905 = VECTOR('',#3906,1.);
#3906 = DIRECTION('',(-0.290281751552,0.95694122323,0.));
#3907 = ORIENTED_EDGE('',*,*,#3846,.F.);
#3908 = PLANE('',#3909);
#3909 = AXIS2_PLACEMENT_3D('',#3910,#3911,#3912);
#3910 = CARTESIAN_POINT('',(6.42316,-16.9459,2.5));
#3911 = DIRECTION('',(0.95694122323,0.290281751552,0.));
#3912 = DIRECTION('',(0.290281751552,-0.95694122323,0.));
#3913 = ADVANCED_FACE('',(#3914),#3932,.T.);
#3914 = FACE_BOUND('',#3915,.T.);
#3915 = EDGE_LOOP('',(#3916,#3917,#3918,#3926));
#3916 = ORIENTED_EDGE('',*,*,#506,.F.);
#3917 = ORIENTED_EDGE('',*,*,#3879,.T.);
#3918 = ORIENTED_EDGE('',*,*,#3919,.F.);
#3919 = EDGE_CURVE('',#3920,#3872,#3922,.T.);
#3920 = VERTEX_POINT('',#3921);
#3921 = CARTESIAN_POINT('',(85.0387,59.4309,10.));
#3922 = LINE('',#3923,#3924);
#3923 = CARTESIAN_POINT('',(68.635613987591,43.027813987591,10.));
#3924 = VECTOR('',#3925,1.);
#3925 = DIRECTION('',(0.707106781187,0.707106781187,0.));
#3926 = ORIENTED_EDGE('',*,*,#3927,.F.);
#3927 = EDGE_CURVE('',#507,#3920,#3928,.T.);
#3928 = LINE('',#3929,#3930);
#3929 = CARTESIAN_POINT('',(85.0387,59.4309,2.5));
#3930 = VECTOR('',#3931,1.);
#3931 = DIRECTION('',(0.,0.,1.));
#3932 = PLANE('',#3933);
#3933 = AXIS2_PLACEMENT_3D('',#3934,#3935,#3936);
#3934 = CARTESIAN_POINT('',(85.4362,59.8284,2.5));
#3935 = DIRECTION('',(0.707106781187,-0.707106781187,0.));
#3936 = DIRECTION('',(-0.707106781187,-0.707106781187,0.));
#3937 = ADVANCED_FACE('',(#3938),#3956,.T.);
#3938 = FACE_BOUND('',#3939,.T.);
#3939 = EDGE_LOOP('',(#3940,#3941,#3949,#3955));
#3940 = ORIENTED_EDGE('',*,*,#1210,.F.);
#3941 = ORIENTED_EDGE('',*,*,#3942,.T.);
#3942 = EDGE_CURVE('',#1203,#3943,#3945,.T.);
#3943 = VERTEX_POINT('',#3944);
#3944 = CARTESIAN_POINT('',(5.68566,-15.5662,10.));
#3945 = LINE('',#3946,#3947);
#3946 = CARTESIAN_POINT('',(5.68566,-15.5662,2.5));
#3947 = VECTOR('',#3948,1.);
#3948 = DIRECTION('',(0.,0.,1.));
#3949 = ORIENTED_EDGE('',*,*,#3950,.F.);
#3950 = EDGE_CURVE('',#3895,#3943,#3951,.T.);
#3951 = LINE('',#3952,#3953);
#3952 = CARTESIAN_POINT('',(6.142720267589,-16.42125905246,10.));
#3953 = VECTOR('',#3954,1.);
#3954 = DIRECTION('',(-0.4714141304,0.881911967069,0.));
#3955 = ORIENTED_EDGE('',*,*,#3894,.F.);
#3956 = PLANE('',#3957);
#3957 = AXIS2_PLACEMENT_3D('',#3958,#3959,#3960);
#3958 = CARTESIAN_POINT('',(5.68566,-15.5662,2.5));
#3959 = DIRECTION('',(0.881911967069,0.4714141304,0.));
#3960 = DIRECTION('',(0.4714141304,-0.881911967069,0.));
#3961 = ADVANCED_FACE('',(#3962),#3980,.T.);
#3962 = FACE_BOUND('',#3963,.T.);
#3963 = EDGE_LOOP('',(#3964,#3965,#3966,#3974));
#3964 = ORIENTED_EDGE('',*,*,#514,.F.);
#3965 = ORIENTED_EDGE('',*,*,#3927,.T.);
#3966 = ORIENTED_EDGE('',*,*,#3967,.F.);
#3967 = EDGE_CURVE('',#3968,#3920,#3970,.T.);
#3968 = VERTEX_POINT('',#3969);
#3969 = CARTESIAN_POINT('',(83.7379,58.5617,10.));
#3970 = LINE('',#3971,#3972);
#3971 = CARTESIAN_POINT('',(67.336495734731,47.602213078589,10.));
#3972 = VECTOR('',#3973,1.);
#3973 = DIRECTION('',(0.831459801075,0.555584916278,0.));
#3974 = ORIENTED_EDGE('',*,*,#3975,.F.);
#3975 = EDGE_CURVE('',#515,#3968,#3976,.T.);
#3976 = LINE('',#3977,#3978);
#3977 = CARTESIAN_POINT('',(83.7379,58.5617,2.5));
#3978 = VECTOR('',#3979,1.);
#3979 = DIRECTION('',(0.,0.,1.));
#3980 = PLANE('',#3981);
#3981 = AXIS2_PLACEMENT_3D('',#3982,#3983,#3984);
#3982 = CARTESIAN_POINT('',(85.0387,59.4309,2.5));
#3983 = DIRECTION('',(0.555584916278,-0.831459801075,0.));
#3984 = DIRECTION('',(-0.831459801075,-0.555584916278,0.));
#3985 = ADVANCED_FACE('',(#3986),#4004,.T.);
#3986 = FACE_BOUND('',#3987,.T.);
#3987 = EDGE_LOOP('',(#3988,#3989,#3997,#4003));
#3988 = ORIENTED_EDGE('',*,*,#1202,.F.);
#3989 = ORIENTED_EDGE('',*,*,#3990,.T.);
#3990 = EDGE_CURVE('',#1195,#3991,#3993,.T.);
#3991 = VERTEX_POINT('',#3992);
#3992 = CARTESIAN_POINT('',(4.69317,-14.3568,10.));
#3993 = LINE('',#3994,#3995);
#3994 = CARTESIAN_POINT('',(4.69317,-14.3568,2.5));
#3995 = VECTOR('',#3996,1.);
#3996 = DIRECTION('',(0.,0.,1.));
#3997 = ORIENTED_EDGE('',*,*,#3998,.F.);
#3998 = EDGE_CURVE('',#3943,#3991,#3999,.T.);
#3999 = LINE('',#4000,#4001);
#4000 = CARTESIAN_POINT('',(9.849431511842,-20.63996927366,10.));
#4001 = VECTOR('',#4002,1.);
#4002 = DIRECTION('',(-0.634378415338,0.773022655653,0.));
#4003 = ORIENTED_EDGE('',*,*,#3942,.F.);
#4004 = PLANE('',#4005);
#4005 = AXIS2_PLACEMENT_3D('',#4006,#4007,#4008);
#4006 = CARTESIAN_POINT('',(4.69317,-14.3568,2.5));
#4007 = DIRECTION('',(0.773022655653,0.634378415338,0.));
#4008 = DIRECTION('',(0.634378415338,-0.773022655653,0.));
#4009 = ADVANCED_FACE('',(#4010),#4028,.T.);
#4010 = FACE_BOUND('',#4011,.T.);
#4011 = EDGE_LOOP('',(#4012,#4013,#4014,#4022));
#4012 = ORIENTED_EDGE('',*,*,#522,.F.);
#4013 = ORIENTED_EDGE('',*,*,#3975,.T.);
#4014 = ORIENTED_EDGE('',*,*,#4015,.F.);
#4015 = EDGE_CURVE('',#4016,#3968,#4018,.T.);
#4016 = VERTEX_POINT('',#4017);
#4017 = CARTESIAN_POINT('',(82.2925,57.963,10.));
#4018 = LINE('',#4019,#4020);
#4019 = CARTESIAN_POINT('',(67.554665277692,51.858432649616,10.));
#4020 = VECTOR('',#4021,1.);
#4021 = DIRECTION('',(0.923880500421,0.382681095615,0.));
#4022 = ORIENTED_EDGE('',*,*,#4023,.F.);
#4023 = EDGE_CURVE('',#523,#4016,#4024,.T.);
#4024 = LINE('',#4025,#4026);
#4025 = CARTESIAN_POINT('',(82.2925,57.963,2.5));
#4026 = VECTOR('',#4027,1.);
#4027 = DIRECTION('',(0.,0.,1.));
#4028 = PLANE('',#4029);
#4029 = AXIS2_PLACEMENT_3D('',#4030,#4031,#4032);
#4030 = CARTESIAN_POINT('',(83.7379,58.5617,2.5));
#4031 = DIRECTION('',(0.382681095615,-0.923880500421,0.));
#4032 = DIRECTION('',(-0.923880500421,-0.382681095615,0.));
#4033 = ADVANCED_FACE('',(#4034),#4052,.T.);
#4034 = FACE_BOUND('',#4035,.T.);
#4035 = EDGE_LOOP('',(#4036,#4037,#4045,#4051));
#4036 = ORIENTED_EDGE('',*,*,#1194,.F.);
#4037 = ORIENTED_EDGE('',*,*,#4038,.T.);
#4038 = EDGE_CURVE('',#1187,#4039,#4041,.T.);
#4039 = VERTEX_POINT('',#4040);
#4040 = CARTESIAN_POINT('',(3.48381,-13.3643,10.));
#4041 = LINE('',#4042,#4043);
#4042 = CARTESIAN_POINT('',(3.48381,-13.3643,2.5));
#4043 = VECTOR('',#4044,1.);
#4044 = DIRECTION('',(0.,0.,1.));
#4045 = ORIENTED_EDGE('',*,*,#4046,.F.);
#4046 = EDGE_CURVE('',#3991,#4039,#4047,.T.);
#4047 = LINE('',#4048,#4049);
#4048 = CARTESIAN_POINT('',(15.071998633592,-22.8745179821,10.));
#4049 = VECTOR('',#4050,1.);
#4050 = DIRECTION('',(-0.773009231669,0.634394772799,0.));
#4051 = ORIENTED_EDGE('',*,*,#3990,.F.);
#4052 = PLANE('',#4053);
#4053 = AXIS2_PLACEMENT_3D('',#4054,#4055,#4056);
#4054 = CARTESIAN_POINT('',(3.48381,-13.3643,2.5));
#4055 = DIRECTION('',(0.634394772799,0.773009231669,0.));
#4056 = DIRECTION('',(0.773009231669,-0.634394772799,0.));
#4057 = ADVANCED_FACE('',(#4058),#4076,.T.);
#4058 = FACE_BOUND('',#4059,.T.);
#4059 = EDGE_LOOP('',(#4060,#4061,#4062,#4070));
#4060 = ORIENTED_EDGE('',*,*,#530,.F.);
#4061 = ORIENTED_EDGE('',*,*,#4023,.T.);
#4062 = ORIENTED_EDGE('',*,*,#4063,.F.);
#4063 = EDGE_CURVE('',#4064,#4016,#4066,.T.);
#4064 = VERTEX_POINT('',#4065);
#4065 = CARTESIAN_POINT('',(80.661,57.6385,10.));
#4066 = LINE('',#4067,#4068);
#4067 = CARTESIAN_POINT('',(69.459320616694,55.410522703106,10.));
#4068 = VECTOR('',#4069,1.);
#4069 = DIRECTION('',(0.980788216617,0.195075560093,0.));
#4070 = ORIENTED_EDGE('',*,*,#4071,.F.);
#4071 = EDGE_CURVE('',#531,#4064,#4072,.T.);
#4072 = LINE('',#4073,#4074);
#4073 = CARTESIAN_POINT('',(80.661,57.6385,2.5));
#4074 = VECTOR('',#4075,1.);
#4075 = DIRECTION('',(0.,0.,1.));
#4076 = PLANE('',#4077);
#4077 = AXIS2_PLACEMENT_3D('',#4078,#4079,#4080);
#4078 = CARTESIAN_POINT('',(82.2925,57.963,2.5));
#4079 = DIRECTION('',(0.195075560093,-0.980788216617,0.));
#4080 = DIRECTION('',(-0.980788216617,-0.195075560093,0.));
#4081 = ADVANCED_FACE('',(#4082),#4116,.T.);
#4082 = FACE_BOUND('',#4083,.T.);
#4083 = EDGE_LOOP('',(#4084,#4085,#4093,#4101,#4109,#4115));
#4084 = ORIENTED_EDGE('',*,*,#1186,.F.);
#4085 = ORIENTED_EDGE('',*,*,#4086,.F.);
#4086 = EDGE_CURVE('',#4087,#1178,#4089,.T.);
#4087 = VERTEX_POINT('',#4088);
#4088 = CARTESIAN_POINT('',(2.644865381966,-12.91586973669,4.9));
#4089 = LINE('',#4090,#4091);
#4090 = CARTESIAN_POINT('',(2.644865381966,-12.91586973669,0.));
#4091 = VECTOR('',#4092,1.);
#4092 = DIRECTION('',(-0.,-0.,-1.));
#4093 = ORIENTED_EDGE('',*,*,#4094,.F.);
#4094 = EDGE_CURVE('',#4095,#4087,#4097,.T.);
#4095 = VERTEX_POINT('',#4096);
#4096 = CARTESIAN_POINT('',(2.10406,-12.6268,4.9));
#4097 = LINE('',#4098,#4099);
#4098 = CARTESIAN_POINT('',(1.051584349703,-12.06423374372,4.9));
#4099 = VECTOR('',#4100,1.);
#4100 = DIRECTION('',(0.881919069342,-0.47140084337,0.));
#4101 = ORIENTED_EDGE('',*,*,#4102,.T.);
#4102 = EDGE_CURVE('',#4095,#4103,#4105,.T.);
#4103 = VERTEX_POINT('',#4104);
#4104 = CARTESIAN_POINT('',(2.10406,-12.6268,10.));
#4105 = LINE('',#4106,#4107);
#4106 = CARTESIAN_POINT('',(2.10406,-12.6268,2.5));
#4107 = VECTOR('',#4108,1.);
#4108 = DIRECTION('',(0.,0.,1.));
#4109 = ORIENTED_EDGE('',*,*,#4110,.F.);
#4110 = EDGE_CURVE('',#4039,#4103,#4111,.T.);
#4111 = LINE('',#4112,#4113);
#4112 = CARTESIAN_POINT('',(20.882124507225,-22.66399700966,10.));
#4113 = VECTOR('',#4114,1.);
#4114 = DIRECTION('',(-0.881919069342,0.47140084337,0.));
#4115 = ORIENTED_EDGE('',*,*,#4038,.F.);
#4116 = PLANE('',#4117);
#4117 = AXIS2_PLACEMENT_3D('',#4118,#4119,#4120);
#4118 = CARTESIAN_POINT('',(2.10406,-12.6268,2.5));
#4119 = DIRECTION('',(0.47140084337,0.881919069342,0.));
#4120 = DIRECTION('',(0.881919069342,-0.47140084337,0.));
#4121 = ADVANCED_FACE('',(#4122),#4140,.T.);
#4122 = FACE_BOUND('',#4123,.T.);
#4123 = EDGE_LOOP('',(#4124,#4125,#4126,#4134));
#4124 = ORIENTED_EDGE('',*,*,#538,.F.);
#4125 = ORIENTED_EDGE('',*,*,#4071,.T.);
#4126 = ORIENTED_EDGE('',*,*,#4127,.F.);
#4127 = EDGE_CURVE('',#4128,#4064,#4130,.T.);
#4128 = VERTEX_POINT('',#4129);
#4129 = CARTESIAN_POINT('',(79.8776,57.6,10.));
#4130 = LINE('',#4131,#4132);
#4131 = CARTESIAN_POINT('',(71.485149764444,57.187555100755,10.));
#4132 = VECTOR('',#4133,1.);
#4133 = DIRECTION('',(0.998794579661,4.908551355237E-02,0.));
#4134 = ORIENTED_EDGE('',*,*,#4135,.F.);
#4135 = EDGE_CURVE('',#539,#4128,#4136,.T.);
#4136 = LINE('',#4137,#4138);
#4137 = CARTESIAN_POINT('',(79.8776,57.6,2.5));
#4138 = VECTOR('',#4139,1.);
#4139 = DIRECTION('',(0.,0.,1.));
#4140 = PLANE('',#4141);
#4141 = AXIS2_PLACEMENT_3D('',#4142,#4143,#4144);
#4142 = CARTESIAN_POINT('',(80.661,57.6385,2.5));
#4143 = DIRECTION('',(4.908551355237E-02,-0.998794579661,0.));
#4144 = DIRECTION('',(-0.998794579661,-4.908551355237E-02,0.));
#4145 = ADVANCED_FACE('',(#4146),#4196,.T.);
#4146 = FACE_BOUND('',#4147,.T.);
#4147 = EDGE_LOOP('',(#4148,#4149,#4150,#4158,#4166,#4174,#4182,#4190));
#4148 = ORIENTED_EDGE('',*,*,#546,.F.);
#4149 = ORIENTED_EDGE('',*,*,#4135,.T.);
#4150 = ORIENTED_EDGE('',*,*,#4151,.F.);
#4151 = EDGE_CURVE('',#4152,#4128,#4154,.T.);
#4152 = VERTEX_POINT('',#4153);
#4153 = CARTESIAN_POINT('',(78.136491673104,57.6,10.));
#4154 = LINE('',#4155,#4156);
#4155 = CARTESIAN_POINT('',(72.152565532018,57.6,10.));
#4156 = VECTOR('',#4157,1.);
#4157 = DIRECTION('',(1.,0.,0.));
#4158 = ORIENTED_EDGE('',*,*,#4159,.T.);
#4159 = EDGE_CURVE('',#4152,#4160,#4162,.T.);
#4160 = VERTEX_POINT('',#4161);
#4161 = CARTESIAN_POINT('',(78.136491673104,57.6,5.9));
#4162 = LINE('',#4163,#4164);
#4163 = CARTESIAN_POINT('',(78.136491673104,57.6,4.9));
#4164 = VECTOR('',#4165,1.);
#4165 = DIRECTION('',(-0.,-0.,-1.));
#4166 = ORIENTED_EDGE('',*,*,#4167,.F.);
#4167 = EDGE_CURVE('',#4168,#4160,#4170,.T.);
#4168 = VERTEX_POINT('',#4169);
#4169 = CARTESIAN_POINT('',(78.239607805437,57.6,5.9));
#4170 = LINE('',#4171,#4172);
#4171 = CARTESIAN_POINT('',(78.0388,57.6,5.9));
#4172 = VECTOR('',#4173,1.);
#4173 = DIRECTION('',(-1.,0.,0.));
#4174 = ORIENTED_EDGE('',*,*,#4175,.T.);
#4175 = EDGE_CURVE('',#4168,#4176,#4178,.T.);
#4176 = VERTEX_POINT('',#4177);
#4177 = CARTESIAN_POINT('',(78.239607805438,57.6,4.9));
#4178 = LINE('',#4179,#4180);
#4179 = CARTESIAN_POINT('',(78.239607805437,57.6,4.3));
#4180 = VECTOR('',#4181,1.);
#4181 = DIRECTION('',(-0.,-0.,-1.));
#4182 = ORIENTED_EDGE('',*,*,#4183,.F.);
#4183 = EDGE_CURVE('',#4184,#4176,#4186,.T.);
#4184 = VERTEX_POINT('',#4185);
#4185 = CARTESIAN_POINT('',(79.15803989155,57.6,4.9));
#4186 = LINE('',#4187,#4188);
#4187 = CARTESIAN_POINT('',(78.0388,57.6,4.9));
#4188 = VECTOR('',#4189,1.);
#4189 = DIRECTION('',(-1.,0.,0.));
#4190 = ORIENTED_EDGE('',*,*,#4191,.T.);
#4191 = EDGE_CURVE('',#4184,#547,#4192,.T.);
#4192 = LINE('',#4193,#4194);
#4193 = CARTESIAN_POINT('',(79.15803989155,57.6,0.));
#4194 = VECTOR('',#4195,1.);
#4195 = DIRECTION('',(-0.,-0.,-1.));
#4196 = PLANE('',#4197);
#4197 = AXIS2_PLACEMENT_3D('',#4198,#4199,#4200);
#4198 = CARTESIAN_POINT('',(79.8776,57.6,2.5));
#4199 = DIRECTION('',(0.,-1.,0.));
#4200 = DIRECTION('',(-1.,0.,0.));
#4201 = ADVANCED_FACE('',(#4202),#4259,.T.);
#4202 = FACE_BOUND('',#4203,.T.);
#4203 = EDGE_LOOP('',(#4204,#4205,#4213,#4221,#4229,#4237,#4245,#4253));
#4204 = ORIENTED_EDGE('',*,*,#1160,.F.);
#4205 = ORIENTED_EDGE('',*,*,#4206,.T.);
#4206 = EDGE_CURVE('',#1153,#4207,#4209,.T.);
#4207 = VERTEX_POINT('',#4208);
#4208 = CARTESIAN_POINT('',(-8.,-12.,10.));
#4209 = LINE('',#4210,#4211);
#4210 = CARTESIAN_POINT('',(-8.,-12.,2.5));
#4211 = VECTOR('',#4212,1.);
#4212 = DIRECTION('',(0.,0.,1.));
#4213 = ORIENTED_EDGE('',*,*,#4214,.F.);
#4214 = EDGE_CURVE('',#4215,#4207,#4217,.T.);
#4215 = VERTEX_POINT('',#4216);
#4216 = CARTESIAN_POINT('',(-1.936491673104,-12.,10.));
#4217 = LINE('',#4218,#4219);
#4218 = CARTESIAN_POINT('',(28.213765532018,-12.,10.));
#4219 = VECTOR('',#4220,1.);
#4220 = DIRECTION('',(-1.,0.,0.));
#4221 = ORIENTED_EDGE('',*,*,#4222,.T.);
#4222 = EDGE_CURVE('',#4215,#4223,#4225,.T.);
#4223 = VERTEX_POINT('',#4224);
#4224 = CARTESIAN_POINT('',(-1.936491673104,-12.,5.9));
#4225 = LINE('',#4226,#4227);
#4226 = CARTESIAN_POINT('',(-1.936491673104,-12.,4.9));
#4227 = VECTOR('',#4228,1.);
#4228 = DIRECTION('',(-0.,-0.,-1.));
#4229 = ORIENTED_EDGE('',*,*,#4230,.F.);
#4230 = EDGE_CURVE('',#4231,#4223,#4233,.T.);
#4231 = VERTEX_POINT('',#4232);
#4232 = CARTESIAN_POINT('',(-2.039607805437,-12.,5.9));
#4233 = LINE('',#4234,#4235);
#4234 = CARTESIAN_POINT('',(-4.,-12.,5.9));
#4235 = VECTOR('',#4236,1.);
#4236 = DIRECTION('',(1.,0.,0.));
#4237 = ORIENTED_EDGE('',*,*,#4238,.T.);
#4238 = EDGE_CURVE('',#4231,#4239,#4241,.T.);
#4239 = VERTEX_POINT('',#4240);
#4240 = CARTESIAN_POINT('',(-2.039607805437,-12.,4.9));
#4241 = LINE('',#4242,#4243);
#4242 = CARTESIAN_POINT('',(-2.039607805437,-12.,4.3));
#4243 = VECTOR('',#4244,1.);
#4244 = DIRECTION('',(-0.,-0.,-1.));
#4245 = ORIENTED_EDGE('',*,*,#4246,.F.);
#4246 = EDGE_CURVE('',#4247,#4239,#4249,.T.);
#4247 = VERTEX_POINT('',#4248);
#4248 = CARTESIAN_POINT('',(-2.95803989155,-12.,4.9));
#4249 = LINE('',#4250,#4251);
#4250 = CARTESIAN_POINT('',(-4.,-12.,4.9));
#4251 = VECTOR('',#4252,1.);
#4252 = DIRECTION('',(1.,0.,0.));
#4253 = ORIENTED_EDGE('',*,*,#4254,.T.);
#4254 = EDGE_CURVE('',#4247,#1161,#4255,.T.);
#4255 = LINE('',#4256,#4257);
#4256 = CARTESIAN_POINT('',(-2.95803989155,-12.,0.));
#4257 = VECTOR('',#4258,1.);
#4258 = DIRECTION('',(-0.,-0.,-1.));
#4259 = PLANE('',#4260);
#4260 = AXIS2_PLACEMENT_3D('',#4261,#4262,#4263);
#4261 = CARTESIAN_POINT('',(-8.,-12.,2.5));
#4262 = DIRECTION('',(0.,1.,0.));
#4263 = DIRECTION('',(1.,0.,0.));
#4264 = ADVANCED_FACE('',(#4265),#4283,.T.);
#4265 = FACE_BOUND('',#4266,.T.);
#4266 = EDGE_LOOP('',(#4267,#4268,#4276,#4282));
#4267 = ORIENTED_EDGE('',*,*,#1152,.F.);
#4268 = ORIENTED_EDGE('',*,*,#4269,.T.);
#4269 = EDGE_CURVE('',#1145,#4270,#4272,.T.);
#4270 = VERTEX_POINT('',#4271);
#4271 = CARTESIAN_POINT('',(-8.78036,-11.9231,10.));
#4272 = LINE('',#4273,#4274);
#4273 = CARTESIAN_POINT('',(-8.78036,-11.9231,2.5));
#4274 = VECTOR('',#4275,1.);
#4275 = DIRECTION('',(0.,0.,1.));
#4276 = ORIENTED_EDGE('',*,*,#4277,.F.);
#4277 = EDGE_CURVE('',#4207,#4270,#4278,.T.);
#4278 = LINE('',#4279,#4280);
#4279 = CARTESIAN_POINT('',(26.224367133448,-15.37261498867,10.));
#4280 = VECTOR('',#4281,1.);
#4281 = DIRECTION('',(-0.995179594095,9.806923828219E-02,0.));
#4282 = ORIENTED_EDGE('',*,*,#4206,.F.);
#4283 = PLANE('',#4284);
#4284 = AXIS2_PLACEMENT_3D('',#4285,#4286,#4287);
#4285 = CARTESIAN_POINT('',(-8.78036,-11.9231,2.5));
#4286 = DIRECTION('',(9.806923828219E-02,0.995179594095,0.));
#4287 = DIRECTION('',(0.995179594095,-9.806923828219E-02,0.));
#4288 = ADVANCED_FACE('',(#4289),#4330,.T.);
#4289 = FACE_BOUND('',#4290,.T.);
#4290 = EDGE_LOOP('',(#4291,#4292,#4300,#4308,#4316,#4324));
#4291 = ORIENTED_EDGE('',*,*,#572,.F.);
#4292 = ORIENTED_EDGE('',*,*,#4293,.F.);
#4293 = EDGE_CURVE('',#4294,#564,#4296,.T.);
#4294 = VERTEX_POINT('',#4295);
#4295 = CARTESIAN_POINT('',(73.28320260492,57.801635914171,4.9));
#4296 = LINE('',#4297,#4298);
#4297 = CARTESIAN_POINT('',(73.28320260492,57.801635914171,0.));
#4298 = VECTOR('',#4299,1.);
#4299 = DIRECTION('',(-0.,-0.,-1.));
#4300 = ORIENTED_EDGE('',*,*,#4301,.F.);
#4301 = EDGE_CURVE('',#4302,#4294,#4304,.T.);
#4302 = VERTEX_POINT('',#4303);
#4303 = CARTESIAN_POINT('',(73.3786,57.7727,4.9));
#4304 = LINE('',#4305,#4306);
#4305 = CARTESIAN_POINT('',(74.763872546144,57.352519475517,4.9));
#4306 = VECTOR('',#4307,1.);
#4307 = DIRECTION('',(-0.956947494684,0.290261076305,0.));
#4308 = ORIENTED_EDGE('',*,*,#4309,.T.);
#4309 = EDGE_CURVE('',#4302,#4310,#4312,.T.);
#4310 = VERTEX_POINT('',#4311);
#4311 = CARTESIAN_POINT('',(73.3786,57.7727,10.));
#4312 = LINE('',#4313,#4314);
#4313 = CARTESIAN_POINT('',(73.3786,57.7727,2.5));
#4314 = VECTOR('',#4315,1.);
#4315 = DIRECTION('',(0.,0.,1.));
#4316 = ORIENTED_EDGE('',*,*,#4317,.F.);
#4317 = EDGE_CURVE('',#4318,#4310,#4320,.T.);
#4318 = VERTEX_POINT('',#4319);
#4319 = CARTESIAN_POINT('',(71.8815,58.2268,10.));
#4320 = LINE('',#4321,#4322);
#4321 = CARTESIAN_POINT('',(75.410119707151,57.15649994722,10.));
#4322 = VECTOR('',#4323,1.);
#4323 = DIRECTION('',(0.956947494684,-0.290261076305,0.));
#4324 = ORIENTED_EDGE('',*,*,#4325,.F.);
#4325 = EDGE_CURVE('',#573,#4318,#4326,.T.);
#4326 = LINE('',#4327,#4328);
#4327 = CARTESIAN_POINT('',(71.8815,58.2268,2.5));
#4328 = VECTOR('',#4329,1.);
#4329 = DIRECTION('',(0.,0.,1.));
#4330 = PLANE('',#4331);
#4331 = AXIS2_PLACEMENT_3D('',#4332,#4333,#4334);
#4332 = CARTESIAN_POINT('',(73.3786,57.7727,2.5));
#4333 = DIRECTION('',(-0.290261076305,-0.956947494684,0.));
#4334 = DIRECTION('',(-0.956947494684,0.290261076305,0.));
#4335 = ADVANCED_FACE('',(#4336),#4354,.T.);
#4336 = FACE_BOUND('',#4337,.T.);
#4337 = EDGE_LOOP('',(#4338,#4339,#4347,#4353));
#4338 = ORIENTED_EDGE('',*,*,#1144,.F.);
#4339 = ORIENTED_EDGE('',*,*,#4340,.T.);
#4340 = EDGE_CURVE('',#1137,#4341,#4343,.T.);
#4341 = VERTEX_POINT('',#4342);
#4342 = CARTESIAN_POINT('',(-9.53073,-11.6955,10.));
#4343 = LINE('',#4344,#4345);
#4344 = CARTESIAN_POINT('',(-9.53073,-11.6955,2.5));
#4345 = VECTOR('',#4346,1.);
#4346 = DIRECTION('',(0.,0.,1.));
#4347 = ORIENTED_EDGE('',*,*,#4348,.F.);
#4348 = EDGE_CURVE('',#4270,#4341,#4349,.T.);
#4349 = LINE('',#4350,#4351);
#4350 = CARTESIAN_POINT('',(20.815011016687,-20.89988004637,10.));
#4351 = VECTOR('',#4352,1.);
#4352 = DIRECTION('',(-0.956948218008,0.290258691604,0.));
#4353 = ORIENTED_EDGE('',*,*,#4269,.F.);
#4354 = PLANE('',#4355);
#4355 = AXIS2_PLACEMENT_3D('',#4356,#4357,#4358);
#4356 = CARTESIAN_POINT('',(-9.53073,-11.6955,2.5));
#4357 = DIRECTION('',(0.290258691604,0.956948218008,0.));
#4358 = DIRECTION('',(0.956948218008,-0.290258691604,0.));
#4359 = ADVANCED_FACE('',(#4360),#4378,.T.);
#4360 = FACE_BOUND('',#4361,.T.);
#4361 = EDGE_LOOP('',(#4362,#4363,#4364,#4372));
#4362 = ORIENTED_EDGE('',*,*,#580,.F.);
#4363 = ORIENTED_EDGE('',*,*,#4325,.T.);
#4364 = ORIENTED_EDGE('',*,*,#4365,.F.);
#4365 = EDGE_CURVE('',#4366,#4318,#4368,.T.);
#4366 = VERTEX_POINT('',#4367);
#4367 = CARTESIAN_POINT('',(70.5018,58.9643,10.));
#4368 = LINE('',#4369,#4370);
#4369 = CARTESIAN_POINT('',(78.252251216555,54.82140098412,10.));
#4370 = VECTOR('',#4371,1.);
#4371 = DIRECTION('',(0.881911967069,-0.4714141304,0.));
#4372 = ORIENTED_EDGE('',*,*,#4373,.F.);
#4373 = EDGE_CURVE('',#581,#4366,#4374,.T.);
#4374 = LINE('',#4375,#4376);
#4375 = CARTESIAN_POINT('',(70.5018,58.9643,2.5));
#4376 = VECTOR('',#4377,1.);
#4377 = DIRECTION('',(0.,0.,1.));
#4378 = PLANE('',#4379);
#4379 = AXIS2_PLACEMENT_3D('',#4380,#4381,#4382);
#4380 = CARTESIAN_POINT('',(71.8815,58.2268,2.5));
#4381 = DIRECTION('',(-0.4714141304,-0.881911967069,0.));
#4382 = DIRECTION('',(-0.881911967069,0.4714141304,0.));
#4383 = ADVANCED_FACE('',(#4384),#4402,.T.);
#4384 = FACE_BOUND('',#4385,.T.);
#4385 = EDGE_LOOP('',(#4386,#4387,#4395,#4401));
#4386 = ORIENTED_EDGE('',*,*,#1136,.F.);
#4387 = ORIENTED_EDGE('',*,*,#4388,.T.);
#4388 = EDGE_CURVE('',#1129,#4389,#4391,.T.);
#4389 = VERTEX_POINT('',#4390);
#4390 = CARTESIAN_POINT('',(-10.2223,-11.3259,10.));
#4391 = LINE('',#4392,#4393);
#4392 = CARTESIAN_POINT('',(-10.2223,-11.3259,2.5));
#4393 = VECTOR('',#4394,1.);
#4394 = DIRECTION('',(0.,0.,1.));
#4395 = ORIENTED_EDGE('',*,*,#4396,.F.);
#4396 = EDGE_CURVE('',#4341,#4389,#4397,.T.);
#4397 = LINE('',#4398,#4399);
#4398 = CARTESIAN_POINT('',(13.622178306869,-24.06925090044,10.));
#4399 = VECTOR('',#4400,1.);
#4400 = DIRECTION('',(-0.881948761333,0.471345289976,0.));
#4401 = ORIENTED_EDGE('',*,*,#4340,.F.);
#4402 = PLANE('',#4403);
#4403 = AXIS2_PLACEMENT_3D('',#4404,#4405,#4406);
#4404 = CARTESIAN_POINT('',(-10.2223,-11.3259,2.5));
#4405 = DIRECTION('',(0.471345289976,0.881948761333,0.));
#4406 = DIRECTION('',(0.881948761333,-0.471345289976,0.));
#4407 = ADVANCED_FACE('',(#4408),#4426,.T.);
#4408 = FACE_BOUND('',#4409,.T.);
#4409 = EDGE_LOOP('',(#4410,#4411,#4412,#4420));
#4410 = ORIENTED_EDGE('',*,*,#588,.F.);
#4411 = ORIENTED_EDGE('',*,*,#4373,.T.);
#4412 = ORIENTED_EDGE('',*,*,#4413,.F.);
#4413 = EDGE_CURVE('',#4414,#4366,#4416,.T.);
#4414 = VERTEX_POINT('',#4415);
#4415 = CARTESIAN_POINT('',(70.2243,59.192,10.));
#4416 = LINE('',#4417,#4418);
#4417 = CARTESIAN_POINT('',(79.80100845816,51.333922465142,10.));
#4418 = VECTOR('',#4419,1.);
#4419 = DIRECTION('',(0.773062862009,-0.634329418664,0.));
#4420 = ORIENTED_EDGE('',*,*,#4421,.F.);
#4421 = EDGE_CURVE('',#589,#4414,#4422,.T.);
#4422 = LINE('',#4423,#4424);
#4423 = CARTESIAN_POINT('',(70.2243,59.192,2.5));
#4424 = VECTOR('',#4425,1.);
#4425 = DIRECTION('',(0.,0.,1.));
#4426 = PLANE('',#4427);
#4427 = AXIS2_PLACEMENT_3D('',#4428,#4429,#4430);
#4428 = CARTESIAN_POINT('',(70.5018,58.9643,2.5));
#4429 = DIRECTION('',(-0.634329418664,-0.773062862009,0.));
#4430 = DIRECTION('',(-0.773062862009,0.634329418664,0.));
#4431 = ADVANCED_FACE('',(#4432),#4450,.T.);
#4432 = FACE_BOUND('',#4433,.T.);
#4433 = EDGE_LOOP('',(#4434,#4435,#4443,#4449));
#4434 = ORIENTED_EDGE('',*,*,#1128,.F.);
#4435 = ORIENTED_EDGE('',*,*,#4436,.T.);
#4436 = EDGE_CURVE('',#1121,#4437,#4439,.T.);
#4437 = VERTEX_POINT('',#4438);
#4438 = CARTESIAN_POINT('',(-10.8284,-10.8284,10.));
#4439 = LINE('',#4440,#4441);
#4440 = CARTESIAN_POINT('',(-10.8284,-10.8284,2.5));
#4441 = VECTOR('',#4442,1.);
#4442 = DIRECTION('',(0.,0.,1.));
#4443 = ORIENTED_EDGE('',*,*,#4444,.F.);
#4444 = EDGE_CURVE('',#4389,#4437,#4445,.T.);
#4445 = LINE('',#4446,#4447);
#4446 = CARTESIAN_POINT('',(5.65438678393,-24.35782818842,10.));
#4447 = VECTOR('',#4448,1.);
#4448 = DIRECTION('',(-0.772956300772,0.634459263544,0.));
#4449 = ORIENTED_EDGE('',*,*,#4388,.F.);
#4450 = PLANE('',#4451);
#4451 = AXIS2_PLACEMENT_3D('',#4452,#4453,#4454);
#4452 = CARTESIAN_POINT('',(-10.8284,-10.8284,2.5));
#4453 = DIRECTION('',(0.634459263544,0.772956300772,0.));
#4454 = DIRECTION('',(0.772956300772,-0.634459263544,0.));
#4455 = ADVANCED_FACE('',(#4456),#4474,.T.);
#4456 = FACE_BOUND('',#4457,.T.);
#4457 = EDGE_LOOP('',(#4458,#4459,#4460,#4468));
#4458 = ORIENTED_EDGE('',*,*,#596,.F.);
#4459 = ORIENTED_EDGE('',*,*,#4421,.T.);
#4460 = ORIENTED_EDGE('',*,*,#4461,.F.);
#4461 = EDGE_CURVE('',#4462,#4414,#4464,.T.);
#4462 = VERTEX_POINT('',#4463);
#4463 = CARTESIAN_POINT('',(69.5723,59.6277,10.));
#4464 = LINE('',#4465,#4466);
#4465 = CARTESIAN_POINT('',(78.743458596129,53.499059201943,10.));
#4466 = VECTOR('',#4467,1.);
#4467 = DIRECTION('',(0.831441613715,-0.555612133582,0.));
#4468 = ORIENTED_EDGE('',*,*,#4469,.F.);
#4469 = EDGE_CURVE('',#597,#4462,#4470,.T.);
#4470 = LINE('',#4471,#4472);
#4471 = CARTESIAN_POINT('',(69.5723,59.6277,2.5));
#4472 = VECTOR('',#4473,1.);
#4473 = DIRECTION('',(0.,0.,1.));
#4474 = PLANE('',#4475);
#4475 = AXIS2_PLACEMENT_3D('',#4476,#4477,#4478);
#4476 = CARTESIAN_POINT('',(70.2243,59.192,2.5));
#4477 = DIRECTION('',(-0.555612133582,-0.831441613715,0.));
#4478 = DIRECTION('',(-0.831441613715,0.555612133582,0.));
#4479 = ADVANCED_FACE('',(#4480),#4498,.T.);
#4480 = FACE_BOUND('',#4481,.T.);
#4481 = EDGE_LOOP('',(#4482,#4483,#4491,#4497));
#4482 = ORIENTED_EDGE('',*,*,#1120,.F.);
#4483 = ORIENTED_EDGE('',*,*,#4484,.T.);
#4484 = EDGE_CURVE('',#1113,#4485,#4487,.T.);
#4485 = VERTEX_POINT('',#4486);
#4486 = CARTESIAN_POINT('',(-11.3259,-10.2223,10.));
#4487 = LINE('',#4488,#4489);
#4488 = CARTESIAN_POINT('',(-11.3259,-10.2223,2.5));
#4489 = VECTOR('',#4490,1.);
#4490 = DIRECTION('',(0.,0.,1.));
#4491 = ORIENTED_EDGE('',*,*,#4492,.F.);
#4492 = EDGE_CURVE('',#4437,#4485,#4493,.T.);
#4493 = LINE('',#4494,#4495);
#4494 = CARTESIAN_POINT('',(-1.928914844588,-21.67056673908,10.));
#4495 = VECTOR('',#4496,1.);
#4496 = DIRECTION('',(-0.634459263544,0.772956300772,0.));
#4497 = ORIENTED_EDGE('',*,*,#4436,.F.);
#4498 = PLANE('',#4499);
#4499 = AXIS2_PLACEMENT_3D('',#4500,#4501,#4502);
#4500 = CARTESIAN_POINT('',(-11.3259,-10.2223,2.5));
#4501 = DIRECTION('',(0.772956300772,0.634459263544,0.));
#4502 = DIRECTION('',(0.634459263544,-0.772956300772,0.));
#4503 = ADVANCED_FACE('',(#4504),#4522,.T.);
#4504 = FACE_BOUND('',#4505,.T.);
#4505 = EDGE_LOOP('',(#4506,#4507,#4508,#4516));
#4506 = ORIENTED_EDGE('',*,*,#604,.F.);
#4507 = ORIENTED_EDGE('',*,*,#4469,.T.);
#4508 = ORIENTED_EDGE('',*,*,#4509,.F.);
#4509 = EDGE_CURVE('',#4510,#4462,#4512,.T.);
#4510 = VERTEX_POINT('',#4511);
#4511 = CARTESIAN_POINT('',(68.8479,59.9278,10.));
#4512 = LINE('',#4513,#4514);
#4513 = CARTESIAN_POINT('',(75.508049465496,57.168674027339,10.));
#4514 = VECTOR('',#4515,1.);
#4515 = DIRECTION('',(0.923859828914,-0.382730997594,0.));
#4516 = ORIENTED_EDGE('',*,*,#4517,.F.);
#4517 = EDGE_CURVE('',#605,#4510,#4518,.T.);
#4518 = LINE('',#4519,#4520);
#4519 = CARTESIAN_POINT('',(68.8479,59.9278,2.5));
#4520 = VECTOR('',#4521,1.);
#4521 = DIRECTION('',(0.,0.,1.));
#4522 = PLANE('',#4523);
#4523 = AXIS2_PLACEMENT_3D('',#4524,#4525,#4526);
#4524 = CARTESIAN_POINT('',(69.5723,59.6277,2.5));
#4525 = DIRECTION('',(-0.382730997594,-0.923859828914,0.));
#4526 = DIRECTION('',(-0.923859828914,0.382730997594,0.));
#4527 = ADVANCED_FACE('',(#4528),#4546,.T.);
#4528 = FACE_BOUND('',#4529,.T.);
#4529 = EDGE_LOOP('',(#4530,#4531,#4539,#4545));
#4530 = ORIENTED_EDGE('',*,*,#1112,.F.);
#4531 = ORIENTED_EDGE('',*,*,#4532,.T.);
#4532 = EDGE_CURVE('',#1105,#4533,#4535,.T.);
#4533 = VERTEX_POINT('',#4534);
#4534 = CARTESIAN_POINT('',(-11.6955,-9.53073,10.));
#4535 = LINE('',#4536,#4537);
#4536 = CARTESIAN_POINT('',(-11.6955,-9.53073,2.5));
#4537 = VECTOR('',#4538,1.);
#4538 = DIRECTION('',(0.,0.,1.));
#4539 = ORIENTED_EDGE('',*,*,#4540,.F.);
#4540 = EDGE_CURVE('',#4485,#4533,#4541,.T.);
#4541 = LINE('',#4542,#4543);
#4542 = CARTESIAN_POINT('',(-8.054478321006,-16.34355836185,10.));
#4543 = VECTOR('',#4544,1.);
#4544 = DIRECTION('',(-0.471345289976,0.881948761333,0.));
#4545 = ORIENTED_EDGE('',*,*,#4484,.F.);
#4546 = PLANE('',#4547);
#4547 = AXIS2_PLACEMENT_3D('',#4548,#4549,#4550);
#4548 = CARTESIAN_POINT('',(-11.6955,-9.53073,2.5));
#4549 = DIRECTION('',(0.881948761333,0.471345289976,0.));
#4550 = DIRECTION('',(0.471345289976,-0.881948761333,0.));
#4551 = ADVANCED_FACE('',(#4552),#4570,.T.);
#4552 = FACE_BOUND('',#4553,.T.);
#4553 = EDGE_LOOP('',(#4554,#4555,#4556,#4564));
#4554 = ORIENTED_EDGE('',*,*,#612,.F.);
#4555 = ORIENTED_EDGE('',*,*,#4517,.T.);
#4556 = ORIENTED_EDGE('',*,*,#4557,.F.);
#4557 = EDGE_CURVE('',#4558,#4510,#4560,.T.);
#4558 = VERTEX_POINT('',#4559);
#4559 = CARTESIAN_POINT('',(68.0788,60.0807,10.));
#4560 = LINE('',#4561,#4562);
#4561 = CARTESIAN_POINT('',(71.148412055577,59.470449469123,10.));
#4562 = VECTOR('',#4563,1.);
#4563 = DIRECTION('',(0.980805650419,-0.194987887075,0.));
#4564 = ORIENTED_EDGE('',*,*,#4565,.F.);
#4565 = EDGE_CURVE('',#613,#4558,#4566,.T.);
#4566 = LINE('',#4567,#4568);
#4567 = CARTESIAN_POINT('',(68.0788,60.0807,2.5));
#4568 = VECTOR('',#4569,1.);
#4569 = DIRECTION('',(0.,0.,1.));
#4570 = PLANE('',#4571);
#4571 = AXIS2_PLACEMENT_3D('',#4572,#4573,#4574);
#4572 = CARTESIAN_POINT('',(68.8479,59.9278,2.5));
#4573 = DIRECTION('',(-0.194987887075,-0.980805650419,0.));
#4574 = DIRECTION('',(-0.980805650419,0.194987887075,0.));
#4575 = ADVANCED_FACE('',(#4576),#4594,.T.);
#4576 = FACE_BOUND('',#4577,.T.);
#4577 = EDGE_LOOP('',(#4578,#4579,#4587,#4593));
#4578 = ORIENTED_EDGE('',*,*,#1104,.F.);
#4579 = ORIENTED_EDGE('',*,*,#4580,.T.);
#4580 = EDGE_CURVE('',#1097,#4581,#4583,.T.);
#4581 = VERTEX_POINT('',#4582);
#4582 = CARTESIAN_POINT('',(-11.9231,-8.78036,10.));
#4583 = LINE('',#4584,#4585);
#4584 = CARTESIAN_POINT('',(-11.9231,-8.78036,2.5));
#4585 = VECTOR('',#4586,1.);
#4586 = DIRECTION('',(0.,0.,1.));
#4587 = ORIENTED_EDGE('',*,*,#4588,.F.);
#4588 = EDGE_CURVE('',#4533,#4581,#4589,.T.);
#4589 = LINE('',#4590,#4591);
#4590 = CARTESIAN_POINT('',(-11.81986097182,-9.120726738007,10.));
#4591 = VECTOR('',#4592,1.);
#4592 = DIRECTION('',(-0.290258691604,0.956948218008,0.));
#4593 = ORIENTED_EDGE('',*,*,#4532,.F.);
#4594 = PLANE('',#4595);
#4595 = AXIS2_PLACEMENT_3D('',#4596,#4597,#4598);
#4596 = CARTESIAN_POINT('',(-11.9231,-8.78036,2.5));
#4597 = DIRECTION('',(0.956948218008,0.290258691604,0.));
#4598 = DIRECTION('',(0.290258691604,-0.956948218008,0.));
#4599 = ADVANCED_FACE('',(#4600),#4618,.T.);
#4600 = FACE_BOUND('',#4601,.T.);
#4601 = EDGE_LOOP('',(#4602,#4603,#4604,#4612));
#4602 = ORIENTED_EDGE('',*,*,#620,.F.);
#4603 = ORIENTED_EDGE('',*,*,#4565,.T.);
#4604 = ORIENTED_EDGE('',*,*,#4605,.F.);
#4605 = EDGE_CURVE('',#4606,#4558,#4608,.T.);
#4606 = VERTEX_POINT('',#4607);
#4607 = CARTESIAN_POINT('',(67.6867,60.1,10.));
#4608 = LINE('',#4609,#4610);
#4609 = CARTESIAN_POINT('',(67.397900308532,60.11421533804,10.));
#4610 = VECTOR('',#4611,1.);
#4611 = DIRECTION('',(0.998790787438,-4.916261718327E-02,0.));
#4612 = ORIENTED_EDGE('',*,*,#4613,.F.);
#4613 = EDGE_CURVE('',#621,#4606,#4614,.T.);
#4614 = LINE('',#4615,#4616);
#4615 = CARTESIAN_POINT('',(67.6867,60.1,2.5));
#4616 = VECTOR('',#4617,1.);
#4617 = DIRECTION('',(0.,0.,1.));
#4618 = PLANE('',#4619);
#4619 = AXIS2_PLACEMENT_3D('',#4620,#4621,#4622);
#4620 = CARTESIAN_POINT('',(68.0788,60.0807,2.5));
#4621 = DIRECTION('',(-4.916261718327E-02,-0.998790787438,0.));
#4622 = DIRECTION('',(-0.998790787438,4.916261718327E-02,0.));
#4623 = ADVANCED_FACE('',(#4624),#4642,.T.);
#4624 = FACE_BOUND('',#4625,.T.);
#4625 = EDGE_LOOP('',(#4626,#4627,#4635,#4641));
#4626 = ORIENTED_EDGE('',*,*,#1096,.F.);
#4627 = ORIENTED_EDGE('',*,*,#4628,.T.);
#4628 = EDGE_CURVE('',#1089,#4629,#4631,.T.);
#4629 = VERTEX_POINT('',#4630);
#4630 = CARTESIAN_POINT('',(-12.,-8.,10.));
#4631 = LINE('',#4632,#4633);
#4632 = CARTESIAN_POINT('',(-12.,-8.,2.5));
#4633 = VECTOR('',#4634,1.);
#4634 = DIRECTION('',(0.,0.,1.));
#4635 = ORIENTED_EDGE('',*,*,#4636,.F.);
#4636 = EDGE_CURVE('',#4581,#4629,#4637,.T.);
#4637 = LINE('',#4638,#4639);
#4638 = CARTESIAN_POINT('',(-12.68821298999,-1.016204305956,10.));
#4639 = VECTOR('',#4640,1.);
#4640 = DIRECTION('',(-9.806923828219E-02,0.995179594095,0.));
#4641 = ORIENTED_EDGE('',*,*,#4580,.F.);
#4642 = PLANE('',#4643);
#4643 = AXIS2_PLACEMENT_3D('',#4644,#4645,#4646);
#4644 = CARTESIAN_POINT('',(-12.,-8.,2.5));
#4645 = DIRECTION('',(0.995179594095,9.806923828219E-02,0.));
#4646 = DIRECTION('',(9.806923828219E-02,-0.995179594095,0.));
#4647 = ADVANCED_FACE('',(#4648),#4666,.T.);
#4648 = FACE_BOUND('',#4649,.T.);
#4649 = EDGE_LOOP('',(#4650,#4651,#4652,#4660));
#4650 = ORIENTED_EDGE('',*,*,#628,.F.);
#4651 = ORIENTED_EDGE('',*,*,#4613,.T.);
#4652 = ORIENTED_EDGE('',*,*,#4653,.F.);
#4653 = EDGE_CURVE('',#4654,#4606,#4656,.T.);
#4654 = VERTEX_POINT('',#4655);
#4655 = CARTESIAN_POINT('',(58.1309,60.1,10.));
#4656 = LINE('',#4657,#4658);
#4657 = CARTESIAN_POINT('',(66.057115532018,60.1,10.));
#4658 = VECTOR('',#4659,1.);
#4659 = DIRECTION('',(1.,0.,0.));
#4660 = ORIENTED_EDGE('',*,*,#4661,.F.);
#4661 = EDGE_CURVE('',#629,#4654,#4662,.T.);
#4662 = LINE('',#4663,#4664);
#4663 = CARTESIAN_POINT('',(58.1309,60.1,2.5));
#4664 = VECTOR('',#4665,1.);
#4665 = DIRECTION('',(0.,0.,1.));
#4666 = PLANE('',#4667);
#4667 = AXIS2_PLACEMENT_3D('',#4668,#4669,#4670);
#4668 = CARTESIAN_POINT('',(67.6867,60.1,2.5));
#4669 = DIRECTION('',(0.,-1.,0.));
#4670 = DIRECTION('',(-1.,0.,0.));
#4671 = ADVANCED_FACE('',(#4672),#4722,.T.);
#4672 = FACE_BOUND('',#4673,.T.);
#4673 = EDGE_LOOP('',(#4674,#4684,#4690,#4691,#4692,#4700,#4708,#4716));
#4674 = ORIENTED_EDGE('',*,*,#4675,.F.);
#4675 = EDGE_CURVE('',#4676,#4678,#4680,.T.);
#4676 = VERTEX_POINT('',#4677);
#4677 = CARTESIAN_POINT('',(-12.,20.063508326896,10.));
#4678 = VERTEX_POINT('',#4679);
#4679 = CARTESIAN_POINT('',(-12.,20.063508326896,5.9));
#4680 = LINE('',#4681,#4682);
#4681 = CARTESIAN_POINT('',(-12.,20.063508326896,4.9));
#4682 = VECTOR('',#4683,1.);
#4683 = DIRECTION('',(-0.,-0.,-1.));
#4684 = ORIENTED_EDGE('',*,*,#4685,.F.);
#4685 = EDGE_CURVE('',#4629,#4676,#4686,.T.);
#4686 = LINE('',#4687,#4688);
#4687 = CARTESIAN_POINT('',(-12.,29.867362443164,10.));
#4688 = VECTOR('',#4689,1.);
#4689 = DIRECTION('',(0.,1.,0.));
#4690 = ORIENTED_EDGE('',*,*,#4628,.F.);
#4691 = ORIENTED_EDGE('',*,*,#1088,.F.);
#4692 = ORIENTED_EDGE('',*,*,#4693,.F.);
#4693 = EDGE_CURVE('',#4694,#1080,#4696,.T.);
#4694 = VERTEX_POINT('',#4695);
#4695 = CARTESIAN_POINT('',(-12.,19.04196010845,4.9));
#4696 = LINE('',#4697,#4698);
#4697 = CARTESIAN_POINT('',(-12.,19.04196010845,0.));
#4698 = VECTOR('',#4699,1.);
#4699 = DIRECTION('',(-0.,-0.,-1.));
#4700 = ORIENTED_EDGE('',*,*,#4701,.F.);
#4701 = EDGE_CURVE('',#4702,#4694,#4704,.T.);
#4702 = VERTEX_POINT('',#4703);
#4703 = CARTESIAN_POINT('',(-12.,19.960392194563,4.9));
#4704 = LINE('',#4705,#4706);
#4705 = CARTESIAN_POINT('',(-12.,34.05,4.9));
#4706 = VECTOR('',#4707,1.);
#4707 = DIRECTION('',(0.,-1.,0.));
#4708 = ORIENTED_EDGE('',*,*,#4709,.F.);
#4709 = EDGE_CURVE('',#4710,#4702,#4712,.T.);
#4710 = VERTEX_POINT('',#4711);
#4711 = CARTESIAN_POINT('',(-12.,19.960392194563,5.9));
#4712 = LINE('',#4713,#4714);
#4713 = CARTESIAN_POINT('',(-12.,19.960392194563,4.3));
#4714 = VECTOR('',#4715,1.);
#4715 = DIRECTION('',(-0.,-0.,-1.));
#4716 = ORIENTED_EDGE('',*,*,#4717,.F.);
#4717 = EDGE_CURVE('',#4678,#4710,#4718,.T.);
#4718 = LINE('',#4719,#4720);
#4719 = CARTESIAN_POINT('',(-12.,34.05,5.9));
#4720 = VECTOR('',#4721,1.);
#4721 = DIRECTION('',(0.,-1.,0.));
#4722 = PLANE('',#4723);
#4723 = AXIS2_PLACEMENT_3D('',#4724,#4725,#4726);
#4724 = CARTESIAN_POINT('',(-12.,46.1,2.5));
#4725 = DIRECTION('',(1.,0.,0.));
#4726 = DIRECTION('',(0.,-1.,0.));
#4727 = ADVANCED_FACE('',(#4728),#4746,.T.);
#4728 = FACE_BOUND('',#4729,.T.);
#4729 = EDGE_LOOP('',(#4730,#4731,#4732,#4740));
#4730 = ORIENTED_EDGE('',*,*,#636,.F.);
#4731 = ORIENTED_EDGE('',*,*,#4661,.T.);
#4732 = ORIENTED_EDGE('',*,*,#4733,.F.);
#4733 = EDGE_CURVE('',#4734,#4654,#4736,.T.);
#4734 = VERTEX_POINT('',#4735);
#4735 = CARTESIAN_POINT('',(56.3774,60.2727,10.));
#4736 = LINE('',#4737,#4738);
#4737 = CARTESIAN_POINT('',(63.515141348313,59.569712870913,10.));
#4738 = VECTOR('',#4739,1.);
#4739 = DIRECTION('',(0.995184985525,-9.80145121187E-02,0.));
#4740 = ORIENTED_EDGE('',*,*,#4741,.F.);
#4741 = EDGE_CURVE('',#637,#4734,#4742,.T.);
#4742 = LINE('',#4743,#4744);
#4743 = CARTESIAN_POINT('',(56.3774,60.2727,2.5));
#4744 = VECTOR('',#4745,1.);
#4745 = DIRECTION('',(0.,0.,1.));
#4746 = PLANE('',#4747);
#4747 = AXIS2_PLACEMENT_3D('',#4748,#4749,#4750);
#4748 = CARTESIAN_POINT('',(58.1309,60.1,2.5));
#4749 = DIRECTION('',(-9.80145121187E-02,-0.995184985525,0.));
#4750 = DIRECTION('',(-0.995184985525,9.80145121187E-02,0.));
#4751 = ADVANCED_FACE('',(#4752),#4770,.T.);
#4752 = FACE_BOUND('',#4753,.T.);
#4753 = EDGE_LOOP('',(#4754,#4755,#4756,#4764));
#4754 = ORIENTED_EDGE('',*,*,#644,.F.);
#4755 = ORIENTED_EDGE('',*,*,#4741,.T.);
#4756 = ORIENTED_EDGE('',*,*,#4757,.F.);
#4757 = EDGE_CURVE('',#4758,#4734,#4760,.T.);
#4758 = VERTEX_POINT('',#4759);
#4759 = CARTESIAN_POINT('',(54.8803,60.7268,10.));
#4760 = LINE('',#4761,#4762);
#4761 = CARTESIAN_POINT('',(66.540537232923,57.19001973985,10.));
#4762 = VECTOR('',#4763,1.);
#4763 = DIRECTION('',(0.956947494684,-0.290261076305,0.));
#4764 = ORIENTED_EDGE('',*,*,#4765,.F.);
#4765 = EDGE_CURVE('',#645,#4758,#4766,.T.);
#4766 = LINE('',#4767,#4768);
#4767 = CARTESIAN_POINT('',(54.8803,60.7268,2.5));
#4768 = VECTOR('',#4769,1.);
#4769 = DIRECTION('',(0.,0.,1.));
#4770 = PLANE('',#4771);
#4771 = AXIS2_PLACEMENT_3D('',#4772,#4773,#4774);
#4772 = CARTESIAN_POINT('',(56.3774,60.2727,2.5));
#4773 = DIRECTION('',(-0.290261076305,-0.956947494684,0.));
#4774 = DIRECTION('',(-0.956947494684,0.290261076305,0.));
#4775 = ADVANCED_FACE('',(#4776),#4794,.T.);
#4776 = FACE_BOUND('',#4777,.T.);
#4777 = EDGE_LOOP('',(#4778,#4779,#4780,#4788));
#4778 = ORIENTED_EDGE('',*,*,#652,.F.);
#4779 = ORIENTED_EDGE('',*,*,#4765,.T.);
#4780 = ORIENTED_EDGE('',*,*,#4781,.F.);
#4781 = EDGE_CURVE('',#4782,#4758,#4784,.T.);
#4782 = VERTEX_POINT('',#4783);
#4783 = CARTESIAN_POINT('',(53.5006,61.4643,10.));
#4784 = LINE('',#4785,#4786);
#4785 = CARTESIAN_POINT('',(68.382234181694,53.509523447852,10.));
#4786 = VECTOR('',#4787,1.);
#4787 = DIRECTION('',(0.881911967069,-0.4714141304,0.));
#4788 = ORIENTED_EDGE('',*,*,#4789,.F.);
#4789 = EDGE_CURVE('',#653,#4782,#4790,.T.);
#4790 = LINE('',#4791,#4792);
#4791 = CARTESIAN_POINT('',(53.5006,61.4643,2.5));
#4792 = VECTOR('',#4793,1.);
#4793 = DIRECTION('',(0.,0.,1.));
#4794 = PLANE('',#4795);
#4795 = AXIS2_PLACEMENT_3D('',#4796,#4797,#4798);
#4796 = CARTESIAN_POINT('',(54.8803,60.7268,2.5));
#4797 = DIRECTION('',(-0.4714141304,-0.881911967069,0.));
#4798 = DIRECTION('',(-0.881911967069,0.4714141304,0.));
#4799 = ADVANCED_FACE('',(#4800),#4857,.T.);
#4800 = FACE_BOUND('',#4801,.T.);
#4801 = EDGE_LOOP('',(#4802,#4803,#4811,#4819,#4827,#4835,#4843,#4851));
#4802 = ORIENTED_EDGE('',*,*,#1062,.F.);
#4803 = ORIENTED_EDGE('',*,*,#4804,.T.);
#4804 = EDGE_CURVE('',#1055,#4805,#4807,.T.);
#4805 = VERTEX_POINT('',#4806);
#4806 = CARTESIAN_POINT('',(-12.,46.1,10.));
#4807 = LINE('',#4808,#4809);
#4808 = CARTESIAN_POINT('',(-12.,46.1,2.5));
#4809 = VECTOR('',#4810,1.);
#4810 = DIRECTION('',(0.,0.,1.));
#4811 = ORIENTED_EDGE('',*,*,#4812,.F.);
#4812 = EDGE_CURVE('',#4813,#4805,#4815,.T.);
#4813 = VERTEX_POINT('',#4814);
#4814 = CARTESIAN_POINT('',(-12.,23.936491673104,10.));
#4815 = LINE('',#4816,#4817);
#4816 = CARTESIAN_POINT('',(-12.,29.867362443164,10.));
#4817 = VECTOR('',#4818,1.);
#4818 = DIRECTION('',(0.,1.,0.));
#4819 = ORIENTED_EDGE('',*,*,#4820,.T.);
#4820 = EDGE_CURVE('',#4813,#4821,#4823,.T.);
#4821 = VERTEX_POINT('',#4822);
#4822 = CARTESIAN_POINT('',(-12.,23.936491673104,5.9));
#4823 = LINE('',#4824,#4825);
#4824 = CARTESIAN_POINT('',(-12.,23.936491673104,4.9));
#4825 = VECTOR('',#4826,1.);
#4826 = DIRECTION('',(-0.,-0.,-1.));
#4827 = ORIENTED_EDGE('',*,*,#4828,.F.);
#4828 = EDGE_CURVE('',#4829,#4821,#4831,.T.);
#4829 = VERTEX_POINT('',#4830);
#4830 = CARTESIAN_POINT('',(-12.,24.039607805437,5.9));
#4831 = LINE('',#4832,#4833);
#4832 = CARTESIAN_POINT('',(-12.,34.05,5.9));
#4833 = VECTOR('',#4834,1.);
#4834 = DIRECTION('',(0.,-1.,0.));
#4835 = ORIENTED_EDGE('',*,*,#4836,.T.);
#4836 = EDGE_CURVE('',#4829,#4837,#4839,.T.);
#4837 = VERTEX_POINT('',#4838);
#4838 = CARTESIAN_POINT('',(-12.,24.039607805437,4.9));
#4839 = LINE('',#4840,#4841);
#4840 = CARTESIAN_POINT('',(-12.,24.039607805437,4.3));
#4841 = VECTOR('',#4842,1.);
#4842 = DIRECTION('',(-0.,-0.,-1.));
#4843 = ORIENTED_EDGE('',*,*,#4844,.F.);
#4844 = EDGE_CURVE('',#4845,#4837,#4847,.T.);
#4845 = VERTEX_POINT('',#4846);
#4846 = CARTESIAN_POINT('',(-12.,24.95803989155,4.9));
#4847 = LINE('',#4848,#4849);
#4848 = CARTESIAN_POINT('',(-12.,34.05,4.9));
#4849 = VECTOR('',#4850,1.);
#4850 = DIRECTION('',(0.,-1.,0.));
#4851 = ORIENTED_EDGE('',*,*,#4852,.T.);
#4852 = EDGE_CURVE('',#4845,#1063,#4853,.T.);
#4853 = LINE('',#4854,#4855);
#4854 = CARTESIAN_POINT('',(-12.,24.95803989155,0.));
#4855 = VECTOR('',#4856,1.);
#4856 = DIRECTION('',(-0.,-0.,-1.));
#4857 = PLANE('',#4858);
#4858 = AXIS2_PLACEMENT_3D('',#4859,#4860,#4861);
#4859 = CARTESIAN_POINT('',(-12.,46.1,2.5));
#4860 = DIRECTION('',(1.,0.,0.));
#4861 = DIRECTION('',(0.,-1.,0.));
#4862 = ADVANCED_FACE('',(#4863),#4881,.T.);
#4863 = FACE_BOUND('',#4864,.T.);
#4864 = EDGE_LOOP('',(#4865,#4866,#4867,#4875));
#4865 = ORIENTED_EDGE('',*,*,#660,.F.);
#4866 = ORIENTED_EDGE('',*,*,#4789,.T.);
#4867 = ORIENTED_EDGE('',*,*,#4868,.F.);
#4868 = EDGE_CURVE('',#4869,#4782,#4871,.T.);
#4869 = VERTEX_POINT('',#4870);
#4870 = CARTESIAN_POINT('',(52.2912,62.4568,10.));
#4871 = LINE('',#4872,#4873);
#4872 = CARTESIAN_POINT('',(68.492913100651,49.160785238634,10.));
#4873 = VECTOR('',#4874,1.);
#4874 = DIRECTION('',(0.773019521196,-0.634382234816,0.));
#4875 = ORIENTED_EDGE('',*,*,#4876,.F.);
#4876 = EDGE_CURVE('',#661,#4869,#4877,.T.);
#4877 = LINE('',#4878,#4879);
#4878 = CARTESIAN_POINT('',(52.2912,62.4568,2.5));
#4879 = VECTOR('',#4880,1.);
#4880 = DIRECTION('',(0.,0.,1.));
#4881 = PLANE('',#4882);
#4882 = AXIS2_PLACEMENT_3D('',#4883,#4884,#4885);
#4883 = CARTESIAN_POINT('',(53.5006,61.4643,2.5));
#4884 = DIRECTION('',(-0.634382234816,-0.773019521196,0.));
#4885 = DIRECTION('',(-0.773019521196,0.634382234816,0.));
#4886 = ADVANCED_FACE('',(#4887),#4905,.T.);
#4887 = FACE_BOUND('',#4888,.T.);
#4888 = EDGE_LOOP('',(#4889,#4890,#4898,#4904));
#4889 = ORIENTED_EDGE('',*,*,#1054,.F.);
#4890 = ORIENTED_EDGE('',*,*,#4891,.T.);
#4891 = EDGE_CURVE('',#1047,#4892,#4894,.T.);
#4892 = VERTEX_POINT('',#4893);
#4893 = CARTESIAN_POINT('',(-11.9231,46.8804,10.));
#4894 = LINE('',#4895,#4896);
#4895 = CARTESIAN_POINT('',(-11.9231,46.8804,2.5));
#4896 = VECTOR('',#4897,1.);
#4897 = DIRECTION('',(0.,0.,1.));
#4898 = ORIENTED_EDGE('',*,*,#4899,.F.);
#4899 = EDGE_CURVE('',#4805,#4892,#4900,.T.);
#4900 = LINE('',#4901,#4902);
#4901 = CARTESIAN_POINT('',(-13.17823258542,34.143007676674,10.));
#4902 = VECTOR('',#4903,1.);
#4903 = DIRECTION('',(9.80642600084E-02,0.995180084663,0.));
#4904 = ORIENTED_EDGE('',*,*,#4804,.F.);
#4905 = PLANE('',#4906);
#4906 = AXIS2_PLACEMENT_3D('',#4907,#4908,#4909);
#4907 = CARTESIAN_POINT('',(-11.9231,46.8804,2.5));
#4908 = DIRECTION('',(0.995180084663,-9.80642600084E-02,0.));
#4909 = DIRECTION('',(-9.80642600084E-02,-0.995180084663,0.));
#4910 = ADVANCED_FACE('',(#4911),#4929,.T.);
#4911 = FACE_BOUND('',#4912,.T.);
#4912 = EDGE_LOOP('',(#4913,#4914,#4915,#4923));
#4913 = ORIENTED_EDGE('',*,*,#668,.F.);
#4914 = ORIENTED_EDGE('',*,*,#4876,.T.);
#4915 = ORIENTED_EDGE('',*,*,#4916,.F.);
#4916 = EDGE_CURVE('',#4917,#4869,#4919,.T.);
#4917 = VERTEX_POINT('',#4918);
#4918 = CARTESIAN_POINT('',(51.2987,63.6662,10.));
#4919 = LINE('',#4920,#4921);
#4920 = CARTESIAN_POINT('',(66.704202592019,44.893993617342,10.));
#4921 = VECTOR('',#4922,1.);
#4922 = DIRECTION('',(0.634382234816,-0.773019521196,0.));
#4923 = ORIENTED_EDGE('',*,*,#4924,.F.);
#4924 = EDGE_CURVE('',#669,#4917,#4925,.T.);
#4925 = LINE('',#4926,#4927);
#4926 = CARTESIAN_POINT('',(51.2987,63.6662,2.5));
#4927 = VECTOR('',#4928,1.);
#4928 = DIRECTION('',(0.,0.,1.));
#4929 = PLANE('',#4930);
#4930 = AXIS2_PLACEMENT_3D('',#4931,#4932,#4933);
#4931 = CARTESIAN_POINT('',(52.2912,62.4568,2.5));
#4932 = DIRECTION('',(-0.773019521196,-0.634382234816,0.));
#4933 = DIRECTION('',(-0.634382234816,0.773019521196,0.));
#4934 = ADVANCED_FACE('',(#4935),#4953,.T.);
#4935 = FACE_BOUND('',#4936,.T.);
#4936 = EDGE_LOOP('',(#4937,#4938,#4946,#4952));
#4937 = ORIENTED_EDGE('',*,*,#1046,.F.);
#4938 = ORIENTED_EDGE('',*,*,#4939,.T.);
#4939 = EDGE_CURVE('',#1039,#4940,#4942,.T.);
#4940 = VERTEX_POINT('',#4941);
#4941 = CARTESIAN_POINT('',(-11.6955,47.6307,10.));
#4942 = LINE('',#4943,#4944);
#4943 = CARTESIAN_POINT('',(-11.6955,47.6307,2.5));
#4944 = VECTOR('',#4945,1.);
#4945 = DIRECTION('',(0.,0.,1.));
#4946 = ORIENTED_EDGE('',*,*,#4947,.F.);
#4947 = EDGE_CURVE('',#4892,#4940,#4948,.T.);
#4948 = LINE('',#4949,#4950);
#4949 = CARTESIAN_POINT('',(-13.21003567112,42.63792269751,10.));
#4950 = VECTOR('',#4951,1.);
#4951 = DIRECTION('',(0.290283489799,0.956940695942,0.));
#4952 = ORIENTED_EDGE('',*,*,#4891,.F.);
#4953 = PLANE('',#4954);
#4954 = AXIS2_PLACEMENT_3D('',#4955,#4956,#4957);
#4955 = CARTESIAN_POINT('',(-11.6955,47.6307,2.5));
#4956 = DIRECTION('',(0.956940695942,-0.290283489799,0.));
#4957 = DIRECTION('',(-0.290283489799,-0.956940695942,0.));
#4958 = ADVANCED_FACE('',(#4959),#4977,.T.);
#4959 = FACE_BOUND('',#4960,.T.);
#4960 = EDGE_LOOP('',(#4961,#4962,#4963,#4971));
#4961 = ORIENTED_EDGE('',*,*,#676,.F.);
#4962 = ORIENTED_EDGE('',*,*,#4924,.T.);
#4963 = ORIENTED_EDGE('',*,*,#4964,.F.);
#4964 = EDGE_CURVE('',#4965,#4917,#4967,.T.);
#4965 = VERTEX_POINT('',#4966);
#4966 = CARTESIAN_POINT('',(50.9142,64.3856,10.));
#4967 = LINE('',#4968,#4969);
#4968 = CARTESIAN_POINT('',(63.156752070598,41.479769155818,10.));
#4969 = VECTOR('',#4970,1.);
#4970 = DIRECTION('',(0.471370695079,-0.881935183458,0.));
#4971 = ORIENTED_EDGE('',*,*,#4972,.F.);
#4972 = EDGE_CURVE('',#677,#4965,#4973,.T.);
#4973 = LINE('',#4974,#4975);
#4974 = CARTESIAN_POINT('',(50.9142,64.3856,2.5));
#4975 = VECTOR('',#4976,1.);
#4976 = DIRECTION('',(0.,0.,1.));
#4977 = PLANE('',#4978);
#4978 = AXIS2_PLACEMENT_3D('',#4979,#4980,#4981);
#4979 = CARTESIAN_POINT('',(51.2987,63.6662,2.5));
#4980 = DIRECTION('',(-0.881935183458,-0.471370695079,0.));
#4981 = DIRECTION('',(-0.471370695079,0.881935183458,0.));
#4982 = ADVANCED_FACE('',(#4983),#5001,.T.);
#4983 = FACE_BOUND('',#4984,.T.);
#4984 = EDGE_LOOP('',(#4985,#4986,#4994,#5000));
#4985 = ORIENTED_EDGE('',*,*,#1038,.F.);
#4986 = ORIENTED_EDGE('',*,*,#4987,.T.);
#4987 = EDGE_CURVE('',#1031,#4988,#4990,.T.);
#4988 = VERTEX_POINT('',#4989);
#4989 = CARTESIAN_POINT('',(-11.3259,48.3223,10.));
#4990 = LINE('',#4991,#4992);
#4991 = CARTESIAN_POINT('',(-11.3259,48.3223,2.5));
#4992 = VECTOR('',#4993,1.);
#4993 = DIRECTION('',(0.,0.,1.));
#4994 = ORIENTED_EDGE('',*,*,#4995,.F.);
#4995 = EDGE_CURVE('',#4940,#4988,#4996,.T.);
#4996 = LINE('',#4997,#4998);
#4997 = CARTESIAN_POINT('',(-10.12121521264,50.576520776343,10.));
#4998 = VECTOR('',#4999,1.);
#4999 = DIRECTION('',(0.471329386267,0.881957260666,0.));
#5000 = ORIENTED_EDGE('',*,*,#4939,.F.);
#5001 = PLANE('',#5002);
#5002 = AXIS2_PLACEMENT_3D('',#5003,#5004,#5005);
#5003 = CARTESIAN_POINT('',(-11.3259,48.3223,2.5));
#5004 = DIRECTION('',(0.881957260666,-0.471329386267,0.));
#5005 = DIRECTION('',(-0.471329386267,-0.881957260666,0.));
#5006 = ADVANCED_FACE('',(#5007),#5025,.T.);
#5007 = FACE_BOUND('',#5008,.T.);
#5008 = EDGE_LOOP('',(#5009,#5010,#5011,#5019));
#5009 = ORIENTED_EDGE('',*,*,#684,.F.);
#5010 = ORIENTED_EDGE('',*,*,#4972,.T.);
#5011 = ORIENTED_EDGE('',*,*,#5012,.F.);
#5012 = EDGE_CURVE('',#5013,#4965,#5015,.T.);
#5013 = VERTEX_POINT('',#5014);
#5014 = CARTESIAN_POINT('',(50.4785,65.0376,10.));
#5015 = LINE('',#5016,#5017);
#5016 = CARTESIAN_POINT('',(64.72242837247,43.722380126576,10.));
#5017 = VECTOR('',#5018,1.);
#5018 = DIRECTION('',(0.555612133582,-0.831441613715,0.));
#5019 = ORIENTED_EDGE('',*,*,#5020,.F.);
#5020 = EDGE_CURVE('',#685,#5013,#5021,.T.);
#5021 = LINE('',#5022,#5023);
#5022 = CARTESIAN_POINT('',(50.4785,65.0376,2.5));
#5023 = VECTOR('',#5024,1.);
#5024 = DIRECTION('',(0.,0.,1.));
#5025 = PLANE('',#5026);
#5026 = AXIS2_PLACEMENT_3D('',#5027,#5028,#5029);
#5027 = CARTESIAN_POINT('',(50.9142,64.3856,2.5));
#5028 = DIRECTION('',(-0.831441613715,-0.555612133582,0.));
#5029 = DIRECTION('',(-0.555612133582,0.831441613715,0.));
#5030 = ADVANCED_FACE('',(#5031),#5049,.T.);
#5031 = FACE_BOUND('',#5032,.T.);
#5032 = EDGE_LOOP('',(#5033,#5034,#5042,#5048));
#5033 = ORIENTED_EDGE('',*,*,#1030,.F.);
#5034 = ORIENTED_EDGE('',*,*,#5035,.T.);
#5035 = EDGE_CURVE('',#1023,#5036,#5038,.T.);
#5036 = VERTEX_POINT('',#5037);
#5037 = CARTESIAN_POINT('',(-10.8284,48.9284,10.));
#5038 = LINE('',#5039,#5040);
#5039 = CARTESIAN_POINT('',(-10.8284,48.9284,2.5));
#5040 = VECTOR('',#5041,1.);
#5041 = DIRECTION('',(0.,0.,1.));
#5042 = ORIENTED_EDGE('',*,*,#5043,.F.);
#5043 = EDGE_CURVE('',#4988,#5036,#5044,.T.);
#5044 = LINE('',#5045,#5046);
#5045 = CARTESIAN_POINT('',(-4.335866043001,56.838198655954,10.));
#5046 = VECTOR('',#5047,1.);
#5047 = DIRECTION('',(0.634459263544,0.772956300772,0.));
#5048 = ORIENTED_EDGE('',*,*,#4987,.F.);
#5049 = PLANE('',#5050);
#5050 = AXIS2_PLACEMENT_3D('',#5051,#5052,#5053);
#5051 = CARTESIAN_POINT('',(-10.8284,48.9284,2.5));
#5052 = DIRECTION('',(0.772956300772,-0.634459263544,0.));
#5053 = DIRECTION('',(-0.634459263544,-0.772956300772,0.));
#5054 = ADVANCED_FACE('',(#5055),#5073,.T.);
#5055 = FACE_BOUND('',#5056,.T.);
#5056 = EDGE_LOOP('',(#5057,#5058,#5059,#5067));
#5057 = ORIENTED_EDGE('',*,*,#692,.F.);
#5058 = ORIENTED_EDGE('',*,*,#5020,.T.);
#5059 = ORIENTED_EDGE('',*,*,#5060,.F.);
#5060 = EDGE_CURVE('',#5061,#5013,#5063,.T.);
#5061 = VERTEX_POINT('',#5062);
#5062 = CARTESIAN_POINT('',(49.9241,65.592,10.));
#5063 = LINE('',#5064,#5065);
#5064 = CARTESIAN_POINT('',(66.816476544427,48.699623455573,10.));
#5065 = VECTOR('',#5066,1.);
#5066 = DIRECTION('',(0.707106781187,-0.707106781187,0.));
#5067 = ORIENTED_EDGE('',*,*,#5068,.F.);
#5068 = EDGE_CURVE('',#693,#5061,#5069,.T.);
#5069 = LINE('',#5070,#5071);
#5070 = CARTESIAN_POINT('',(49.9241,65.592,2.5));
#5071 = VECTOR('',#5072,1.);
#5072 = DIRECTION('',(0.,0.,1.));
#5073 = PLANE('',#5074);
#5074 = AXIS2_PLACEMENT_3D('',#5075,#5076,#5077);
#5075 = CARTESIAN_POINT('',(50.4785,65.0376,2.5));
#5076 = DIRECTION('',(-0.707106781187,-0.707106781187,0.));
#5077 = DIRECTION('',(-0.707106781187,0.707106781187,0.));
#5078 = ADVANCED_FACE('',(#5079),#5097,.T.);
#5079 = FACE_BOUND('',#5080,.T.);
#5080 = EDGE_LOOP('',(#5081,#5082,#5090,#5096));
#5081 = ORIENTED_EDGE('',*,*,#1022,.F.);
#5082 = ORIENTED_EDGE('',*,*,#5083,.T.);
#5083 = EDGE_CURVE('',#1015,#5084,#5086,.T.);
#5084 = VERTEX_POINT('',#5085);
#5085 = CARTESIAN_POINT('',(-10.2223,49.4259,10.));
#5086 = LINE('',#5087,#5088);
#5087 = CARTESIAN_POINT('',(-10.2223,49.4259,2.5));
#5088 = VECTOR('',#5089,1.);
#5089 = DIRECTION('',(0.,0.,1.));
#5090 = ORIENTED_EDGE('',*,*,#5091,.F.);
#5091 = EDGE_CURVE('',#5036,#5084,#5092,.T.);
#5092 = LINE('',#5093,#5094);
#5093 = CARTESIAN_POINT('',(3.301735585517,60.526721157886,10.));
#5094 = VECTOR('',#5095,1.);
#5095 = DIRECTION('',(0.772956300772,0.634459263544,0.));
#5096 = ORIENTED_EDGE('',*,*,#5035,.F.);
#5097 = PLANE('',#5098);
#5098 = AXIS2_PLACEMENT_3D('',#5099,#5100,#5101);
#5099 = CARTESIAN_POINT('',(-10.2223,49.4259,2.5));
#5100 = DIRECTION('',(0.634459263544,-0.772956300772,0.));
#5101 = DIRECTION('',(-0.772956300772,-0.634459263544,0.));
#5102 = ADVANCED_FACE('',(#5103),#5121,.T.);
#5103 = FACE_BOUND('',#5104,.T.);
#5104 = EDGE_LOOP('',(#5105,#5106,#5107,#5115));
#5105 = ORIENTED_EDGE('',*,*,#700,.F.);
#5106 = ORIENTED_EDGE('',*,*,#5068,.T.);
#5107 = ORIENTED_EDGE('',*,*,#5108,.F.);
#5108 = EDGE_CURVE('',#5109,#5061,#5111,.T.);
#5109 = VERTEX_POINT('',#5110);
#5110 = CARTESIAN_POINT('',(49.2721,66.0277,10.));
#5111 = LINE('',#5112,#5113);
#5112 = CARTESIAN_POINT('',(66.938242525985,54.2222731617,10.));
#5113 = VECTOR('',#5114,1.);
#5114 = DIRECTION('',(0.831441613715,-0.555612133582,0.));
#5115 = ORIENTED_EDGE('',*,*,#5116,.F.);
#5116 = EDGE_CURVE('',#701,#5109,#5117,.T.);
#5117 = LINE('',#5118,#5119);
#5118 = CARTESIAN_POINT('',(49.2721,66.0277,2.5));
#5119 = VECTOR('',#5120,1.);
#5120 = DIRECTION('',(0.,0.,1.));
#5121 = PLANE('',#5122);
#5122 = AXIS2_PLACEMENT_3D('',#5123,#5124,#5125);
#5123 = CARTESIAN_POINT('',(49.9241,65.592,2.5));
#5124 = DIRECTION('',(-0.555612133582,-0.831441613715,0.));
#5125 = DIRECTION('',(-0.831441613715,0.555612133582,0.));
#5126 = ADVANCED_FACE('',(#5127),#5145,.T.);
#5127 = FACE_BOUND('',#5128,.T.);
#5128 = EDGE_LOOP('',(#5129,#5130,#5138,#5144));
#5129 = ORIENTED_EDGE('',*,*,#1014,.F.);
#5130 = ORIENTED_EDGE('',*,*,#5131,.T.);
#5131 = EDGE_CURVE('',#1007,#5132,#5134,.T.);
#5132 = VERTEX_POINT('',#5133);
#5133 = CARTESIAN_POINT('',(-9.53073,49.7955,10.));
#5134 = LINE('',#5135,#5136);
#5135 = CARTESIAN_POINT('',(-9.53073,49.7955,2.5));
#5136 = VECTOR('',#5137,1.);
#5137 = DIRECTION('',(0.,0.,1.));
#5138 = ORIENTED_EDGE('',*,*,#5139,.F.);
#5139 = EDGE_CURVE('',#5084,#5132,#5140,.T.);
#5140 = LINE('',#5141,#5142);
#5141 = CARTESIAN_POINT('',(11.716820474401,61.15095881883,10.));
#5142 = VECTOR('',#5143,1.);
#5143 = DIRECTION('',(0.881948761333,0.471345289976,0.));
#5144 = ORIENTED_EDGE('',*,*,#5083,.F.);
#5145 = PLANE('',#5146);
#5146 = AXIS2_PLACEMENT_3D('',#5147,#5148,#5149);
#5147 = CARTESIAN_POINT('',(-9.53073,49.7955,2.5));
#5148 = DIRECTION('',(0.471345289976,-0.881948761333,0.));
#5149 = DIRECTION('',(-0.881948761333,-0.471345289976,0.));
#5150 = ADVANCED_FACE('',(#5151),#5169,.T.);
#5151 = FACE_BOUND('',#5152,.T.);
#5152 = EDGE_LOOP('',(#5153,#5154,#5155,#5163));
#5153 = ORIENTED_EDGE('',*,*,#708,.F.);
#5154 = ORIENTED_EDGE('',*,*,#5116,.T.);
#5155 = ORIENTED_EDGE('',*,*,#5156,.F.);
#5156 = EDGE_CURVE('',#5157,#5109,#5159,.T.);
#5157 = VERTEX_POINT('',#5158);
#5158 = CARTESIAN_POINT('',(48.5476,66.3278,10.));
#5159 = LINE('',#5160,#5161);
#5160 = CARTESIAN_POINT('',(65.001977054474,59.512122216636,10.));
#5161 = VECTOR('',#5162,1.);
#5162 = DIRECTION('',(0.923878507249,-0.382685907558,0.));
#5163 = ORIENTED_EDGE('',*,*,#5164,.F.);
#5164 = EDGE_CURVE('',#709,#5157,#5165,.T.);
#5165 = LINE('',#5166,#5167);
#5166 = CARTESIAN_POINT('',(48.5476,66.3278,2.5));
#5167 = VECTOR('',#5168,1.);
#5168 = DIRECTION('',(0.,0.,1.));
#5169 = PLANE('',#5170);
#5170 = AXIS2_PLACEMENT_3D('',#5171,#5172,#5173);
#5171 = CARTESIAN_POINT('',(49.2721,66.0277,2.5));
#5172 = DIRECTION('',(-0.382685907558,-0.923878507249,0.));
#5173 = DIRECTION('',(-0.923878507249,0.382685907558,0.));
#5174 = ADVANCED_FACE('',(#5175),#5193,.T.);
#5175 = FACE_BOUND('',#5176,.T.);
#5176 = EDGE_LOOP('',(#5177,#5178,#5186,#5192));
#5177 = ORIENTED_EDGE('',*,*,#1006,.F.);
#5178 = ORIENTED_EDGE('',*,*,#5179,.T.);
#5179 = EDGE_CURVE('',#999,#5180,#5182,.T.);
#5180 = VERTEX_POINT('',#5181);
#5181 = CARTESIAN_POINT('',(-8.78036,50.0231,10.));
#5182 = LINE('',#5183,#5184);
#5183 = CARTESIAN_POINT('',(-8.78036,50.0231,2.5));
#5184 = VECTOR('',#5185,1.);
#5185 = DIRECTION('',(0.,0.,1.));
#5186 = ORIENTED_EDGE('',*,*,#5187,.F.);
#5187 = EDGE_CURVE('',#5132,#5180,#5188,.T.);
#5188 = LINE('',#5189,#5190);
#5189 = CARTESIAN_POINT('',(19.686035458816,58.657442532919,10.));
#5190 = VECTOR('',#5191,1.);
#5191 = DIRECTION('',(0.956948218008,0.290258691604,0.));
#5192 = ORIENTED_EDGE('',*,*,#5131,.F.);
#5193 = PLANE('',#5194);
#5194 = AXIS2_PLACEMENT_3D('',#5195,#5196,#5197);
#5195 = CARTESIAN_POINT('',(-8.78036,50.0231,2.5));
#5196 = DIRECTION('',(0.290258691604,-0.956948218008,0.));
#5197 = DIRECTION('',(-0.956948218008,-0.290258691604,0.));
#5198 = ADVANCED_FACE('',(#5199),#5217,.T.);
#5199 = FACE_BOUND('',#5200,.T.);
#5200 = EDGE_LOOP('',(#5201,#5202,#5203,#5211));
#5201 = ORIENTED_EDGE('',*,*,#716,.F.);
#5202 = ORIENTED_EDGE('',*,*,#5164,.T.);
#5203 = ORIENTED_EDGE('',*,*,#5204,.F.);
#5204 = EDGE_CURVE('',#5205,#5157,#5207,.T.);
#5205 = VERTEX_POINT('',#5206);
#5206 = CARTESIAN_POINT('',(47.7786,66.4807,10.));
#5207 = LINE('',#5208,#5209);
#5208 = CARTESIAN_POINT('',(61.224865115582,63.807183828124,10.));
#5209 = VECTOR('',#5210,1.);
#5210 = DIRECTION('',(0.98080080092,-0.195012278883,0.));
#5211 = ORIENTED_EDGE('',*,*,#5212,.F.);
#5212 = EDGE_CURVE('',#717,#5205,#5213,.T.);
#5213 = LINE('',#5214,#5215);
#5214 = CARTESIAN_POINT('',(47.7786,66.4807,2.5));
#5215 = VECTOR('',#5216,1.);
#5216 = DIRECTION('',(0.,0.,1.));
#5217 = PLANE('',#5218);
#5218 = AXIS2_PLACEMENT_3D('',#5219,#5220,#5221);
#5219 = CARTESIAN_POINT('',(48.5476,66.3278,2.5));
#5220 = DIRECTION('',(-0.195012278883,-0.98080080092,0.));
#5221 = DIRECTION('',(-0.98080080092,0.195012278883,0.));
#5222 = ADVANCED_FACE('',(#5223),#5241,.T.);
#5223 = FACE_BOUND('',#5224,.T.);
#5224 = EDGE_LOOP('',(#5225,#5226,#5234,#5240));
#5225 = ORIENTED_EDGE('',*,*,#998,.F.);
#5226 = ORIENTED_EDGE('',*,*,#5227,.T.);
#5227 = EDGE_CURVE('',#991,#5228,#5230,.T.);
#5228 = VERTEX_POINT('',#5229);
#5229 = CARTESIAN_POINT('',(-8.,50.1,10.));
#5230 = LINE('',#5231,#5232);
#5231 = CARTESIAN_POINT('',(-8.,50.1,2.5));
#5232 = VECTOR('',#5233,1.);
#5233 = DIRECTION('',(0.,0.,1.));
#5234 = ORIENTED_EDGE('',*,*,#5235,.F.);
#5235 = EDGE_CURVE('',#5180,#5228,#5236,.T.);
#5236 = LINE('',#5237,#5238);
#5237 = CARTESIAN_POINT('',(26.086035210111,53.458983171431,10.));
#5238 = VECTOR('',#5239,1.);
#5239 = DIRECTION('',(0.995179594095,9.80692382822E-02,0.));
#5240 = ORIENTED_EDGE('',*,*,#5179,.F.);
#5241 = PLANE('',#5242);
#5242 = AXIS2_PLACEMENT_3D('',#5243,#5244,#5245);
#5243 = CARTESIAN_POINT('',(-8.,50.1,2.5));
#5244 = DIRECTION('',(9.80692382822E-02,-0.995179594095,0.));
#5245 = DIRECTION('',(-0.995179594095,-9.80692382822E-02,0.));
#5246 = ADVANCED_FACE('',(#5247),#5265,.T.);
#5247 = FACE_BOUND('',#5248,.T.);
#5248 = EDGE_LOOP('',(#5249,#5250,#5251,#5259));
#5249 = ORIENTED_EDGE('',*,*,#724,.F.);
#5250 = ORIENTED_EDGE('',*,*,#5212,.T.);
#5251 = ORIENTED_EDGE('',*,*,#5252,.F.);
#5252 = EDGE_CURVE('',#5253,#5205,#5255,.T.);
#5253 = VERTEX_POINT('',#5254);
#5254 = CARTESIAN_POINT('',(47.3865,66.5,10.));
#5255 = LINE('',#5256,#5257);
#5256 = CARTESIAN_POINT('',(57.380398034326,66.008078979693,10.));
#5257 = VECTOR('',#5258,1.);
#5258 = DIRECTION('',(0.998790787438,-4.916261718327E-02,0.));
#5259 = ORIENTED_EDGE('',*,*,#5260,.F.);
#5260 = EDGE_CURVE('',#725,#5253,#5261,.T.);
#5261 = LINE('',#5262,#5263);
#5262 = CARTESIAN_POINT('',(47.3865,66.5,2.5));
#5263 = VECTOR('',#5264,1.);
#5264 = DIRECTION('',(0.,0.,1.));
#5265 = PLANE('',#5266);
#5266 = AXIS2_PLACEMENT_3D('',#5267,#5268,#5269);
#5267 = CARTESIAN_POINT('',(47.7786,66.4807,2.5));
#5268 = DIRECTION('',(-4.916261718327E-02,-0.998790787438,0.));
#5269 = DIRECTION('',(-0.998790787438,4.916261718327E-02,0.));
#5270 = ADVANCED_FACE('',(#5271),#5289,.T.);
#5271 = FACE_BOUND('',#5272,.T.);
#5272 = EDGE_LOOP('',(#5273,#5274,#5282,#5288));
#5273 = ORIENTED_EDGE('',*,*,#990,.F.);
#5274 = ORIENTED_EDGE('',*,*,#5275,.T.);
#5275 = EDGE_CURVE('',#983,#5276,#5278,.T.);
#5276 = VERTEX_POINT('',#5277);
#5277 = CARTESIAN_POINT('',(-1.14651,50.1,10.));
#5278 = LINE('',#5279,#5280);
#5279 = CARTESIAN_POINT('',(-1.14651,50.1,2.5));
#5280 = VECTOR('',#5281,1.);
#5281 = DIRECTION('',(0.,0.,1.));
#5282 = ORIENTED_EDGE('',*,*,#5283,.F.);
#5283 = EDGE_CURVE('',#5228,#5276,#5284,.T.);
#5284 = LINE('',#5285,#5286);
#5285 = CARTESIAN_POINT('',(31.640510532018,50.1,10.));
#5286 = VECTOR('',#5287,1.);
#5287 = DIRECTION('',(1.,0.,0.));
#5288 = ORIENTED_EDGE('',*,*,#5227,.F.);
#5289 = PLANE('',#5290);
#5290 = AXIS2_PLACEMENT_3D('',#5291,#5292,#5293);
#5291 = CARTESIAN_POINT('',(-1.14651,50.1,2.5));
#5292 = DIRECTION('',(0.,-1.,0.));
#5293 = DIRECTION('',(-1.,0.,0.));
#5294 = ADVANCED_FACE('',(#5295),#5345,.T.);
#5295 = FACE_BOUND('',#5296,.T.);
#5296 = EDGE_LOOP('',(#5297,#5298,#5299,#5307,#5315,#5323,#5331,#5339));
#5297 = ORIENTED_EDGE('',*,*,#732,.F.);
#5298 = ORIENTED_EDGE('',*,*,#5260,.T.);
#5299 = ORIENTED_EDGE('',*,*,#5300,.F.);
#5300 = EDGE_CURVE('',#5301,#5253,#5303,.T.);
#5301 = VERTEX_POINT('',#5302);
#5302 = CARTESIAN_POINT('',(40.036491673104,66.5,10.));
#5303 = LINE('',#5304,#5305);
#5304 = CARTESIAN_POINT('',(55.907015532018,66.5,10.));
#5305 = VECTOR('',#5306,1.);
#5306 = DIRECTION('',(1.,0.,0.));
#5307 = ORIENTED_EDGE('',*,*,#5308,.T.);
#5308 = EDGE_CURVE('',#5301,#5309,#5311,.T.);
#5309 = VERTEX_POINT('',#5310);
#5310 = CARTESIAN_POINT('',(40.036491673104,66.5,5.9));
#5311 = LINE('',#5312,#5313);
#5312 = CARTESIAN_POINT('',(40.036491673104,66.5,4.9));
#5313 = VECTOR('',#5314,1.);
#5314 = DIRECTION('',(-0.,-0.,-1.));
#5315 = ORIENTED_EDGE('',*,*,#5316,.F.);
#5316 = EDGE_CURVE('',#5317,#5309,#5319,.T.);
#5317 = VERTEX_POINT('',#5318);
#5318 = CARTESIAN_POINT('',(40.139607805437,66.5,5.9));
#5319 = LINE('',#5320,#5321);
#5320 = CARTESIAN_POINT('',(42.74325,66.5,5.9));
#5321 = VECTOR('',#5322,1.);
#5322 = DIRECTION('',(-1.,0.,0.));
#5323 = ORIENTED_EDGE('',*,*,#5324,.T.);
#5324 = EDGE_CURVE('',#5317,#5325,#5327,.T.);
#5325 = VERTEX_POINT('',#5326);
#5326 = CARTESIAN_POINT('',(40.139607805437,66.5,4.9));
#5327 = LINE('',#5328,#5329);
#5328 = CARTESIAN_POINT('',(40.139607805437,66.5,4.3));
#5329 = VECTOR('',#5330,1.);
#5330 = DIRECTION('',(-0.,-0.,-1.));
#5331 = ORIENTED_EDGE('',*,*,#5332,.F.);
#5332 = EDGE_CURVE('',#5333,#5325,#5335,.T.);
#5333 = VERTEX_POINT('',#5334);
#5334 = CARTESIAN_POINT('',(41.05803989155,66.5,4.9));
#5335 = LINE('',#5336,#5337);
#5336 = CARTESIAN_POINT('',(42.74325,66.5,4.9));
#5337 = VECTOR('',#5338,1.);
#5338 = DIRECTION('',(-1.,0.,0.));
#5339 = ORIENTED_EDGE('',*,*,#5340,.T.);
#5340 = EDGE_CURVE('',#5333,#733,#5341,.T.);
#5341 = LINE('',#5342,#5343);
#5342 = CARTESIAN_POINT('',(41.05803989155,66.5,0.));
#5343 = VECTOR('',#5344,1.);
#5344 = DIRECTION('',(-0.,-0.,-1.));
#5345 = PLANE('',#5346);
#5346 = AXIS2_PLACEMENT_3D('',#5347,#5348,#5349);
#5347 = CARTESIAN_POINT('',(47.3865,66.5,2.5));
#5348 = DIRECTION('',(0.,-1.,0.));
#5349 = DIRECTION('',(-1.,0.,0.));
#5350 = ADVANCED_FACE('',(#5351),#5369,.T.);
#5351 = FACE_BOUND('',#5352,.T.);
#5352 = EDGE_LOOP('',(#5353,#5354,#5362,#5368));
#5353 = ORIENTED_EDGE('',*,*,#982,.F.);
#5354 = ORIENTED_EDGE('',*,*,#5355,.T.);
#5355 = EDGE_CURVE('',#975,#5356,#5358,.T.);
#5356 = VERTEX_POINT('',#5357);
#5357 = CARTESIAN_POINT('',(0.606947,50.2727,10.));
#5358 = LINE('',#5359,#5360);
#5359 = CARTESIAN_POINT('',(0.606947,50.2727,2.5));
#5360 = VECTOR('',#5361,1.);
#5361 = DIRECTION('',(0.,0.,1.));
#5362 = ORIENTED_EDGE('',*,*,#5363,.F.);
#5363 = EDGE_CURVE('',#5276,#5356,#5364,.T.);
#5364 = LINE('',#5365,#5366);
#5365 = CARTESIAN_POINT('',(30.423742805768,53.209390569347,10.));
#5366 = VECTOR('',#5367,1.);
#5367 = DIRECTION('',(0.995184751068,9.801689263519E-02,0.));
#5368 = ORIENTED_EDGE('',*,*,#5275,.F.);
#5369 = PLANE('',#5370);
#5370 = AXIS2_PLACEMENT_3D('',#5371,#5372,#5373);
#5371 = CARTESIAN_POINT('',(0.606947,50.2727,2.5));
#5372 = DIRECTION('',(9.801689263519E-02,-0.995184751068,0.));
#5373 = DIRECTION('',(-0.995184751068,-9.801689263519E-02,0.));
#5374 = ADVANCED_FACE('',(#5375),#5393,.T.);
#5375 = FACE_BOUND('',#5376,.T.);
#5376 = EDGE_LOOP('',(#5377,#5378,#5386,#5392));
#5377 = ORIENTED_EDGE('',*,*,#974,.F.);
#5378 = ORIENTED_EDGE('',*,*,#5379,.T.);
#5379 = EDGE_CURVE('',#967,#5380,#5382,.T.);
#5380 = VERTEX_POINT('',#5381);
#5381 = CARTESIAN_POINT('',(2.10406,50.7268,10.));
#5382 = LINE('',#5383,#5384);
#5383 = CARTESIAN_POINT('',(2.10406,50.7268,2.5));
#5384 = VECTOR('',#5385,1.);
#5385 = DIRECTION('',(0.,0.,1.));
#5386 = ORIENTED_EDGE('',*,*,#5387,.F.);
#5387 = EDGE_CURVE('',#5356,#5380,#5388,.T.);
#5388 = LINE('',#5389,#5390);
#5389 = CARTESIAN_POINT('',(25.489018870278,57.819858321578,10.));
#5390 = VECTOR('',#5391,1.);
#5391 = DIRECTION('',(0.956948194773,0.290258768207,0.));
#5392 = ORIENTED_EDGE('',*,*,#5355,.F.);
#5393 = PLANE('',#5394);
#5394 = AXIS2_PLACEMENT_3D('',#5395,#5396,#5397);
#5395 = CARTESIAN_POINT('',(2.10406,50.7268,2.5));
#5396 = DIRECTION('',(0.290258768207,-0.956948194773,0.));
#5397 = DIRECTION('',(-0.956948194773,-0.290258768207,0.));
#5398 = ADVANCED_FACE('',(#5399),#5417,.T.);
#5399 = FACE_BOUND('',#5400,.T.);
#5400 = EDGE_LOOP('',(#5401,#5402,#5410,#5416));
#5401 = ORIENTED_EDGE('',*,*,#966,.F.);
#5402 = ORIENTED_EDGE('',*,*,#5403,.T.);
#5403 = EDGE_CURVE('',#959,#5404,#5406,.T.);
#5404 = VERTEX_POINT('',#5405);
#5405 = CARTESIAN_POINT('',(3.48381,51.4643,10.));
#5406 = LINE('',#5407,#5408);
#5407 = CARTESIAN_POINT('',(3.48381,51.4643,2.5));
#5408 = VECTOR('',#5409,1.);
#5409 = DIRECTION('',(0.,0.,1.));
#5410 = ORIENTED_EDGE('',*,*,#5411,.F.);
#5411 = EDGE_CURVE('',#5380,#5404,#5412,.T.);
#5412 = LINE('',#5413,#5414);
#5413 = CARTESIAN_POINT('',(19.320667148698,59.929371315213,10.));
#5414 = VECTOR('',#5415,1.);
#5415 = DIRECTION('',(0.881919069342,0.47140084337,0.));
#5416 = ORIENTED_EDGE('',*,*,#5379,.F.);
#5417 = PLANE('',#5418);
#5418 = AXIS2_PLACEMENT_3D('',#5419,#5420,#5421);
#5419 = CARTESIAN_POINT('',(3.48381,51.4643,2.5));
#5420 = DIRECTION('',(0.47140084337,-0.881919069342,0.));
#5421 = DIRECTION('',(-0.881919069342,-0.47140084337,0.));
#5422 = ADVANCED_FACE('',(#5423),#5480,.T.);
#5423 = FACE_BOUND('',#5424,.T.);
#5424 = EDGE_LOOP('',(#5425,#5435,#5443,#5449,#5450,#5458,#5466,#5474));
#5425 = ORIENTED_EDGE('',*,*,#5426,.F.);
#5426 = EDGE_CURVE('',#5427,#5429,#5431,.T.);
#5427 = VERTEX_POINT('',#5428);
#5428 = CARTESIAN_POINT('',(36.163508326896,66.5,10.));
#5429 = VERTEX_POINT('',#5430);
#5430 = CARTESIAN_POINT('',(36.163508326896,66.5,5.9));
#5431 = LINE('',#5432,#5433);
#5432 = CARTESIAN_POINT('',(36.163508326896,66.5,4.9));
#5433 = VECTOR('',#5434,1.);
#5434 = DIRECTION('',(-0.,-0.,-1.));
#5435 = ORIENTED_EDGE('',*,*,#5436,.F.);
#5436 = EDGE_CURVE('',#5437,#5427,#5439,.T.);
#5437 = VERTEX_POINT('',#5438);
#5438 = CARTESIAN_POINT('',(28.8722,66.5,10.));
#5439 = LINE('',#5440,#5441);
#5440 = CARTESIAN_POINT('',(55.907015532018,66.5,10.));
#5441 = VECTOR('',#5442,1.);
#5442 = DIRECTION('',(1.,0.,0.));
#5443 = ORIENTED_EDGE('',*,*,#5444,.F.);
#5444 = EDGE_CURVE('',#759,#5437,#5445,.T.);
#5445 = LINE('',#5446,#5447);
#5446 = CARTESIAN_POINT('',(28.8722,66.5,2.5));
#5447 = VECTOR('',#5448,1.);
#5448 = DIRECTION('',(0.,0.,1.));
#5449 = ORIENTED_EDGE('',*,*,#758,.F.);
#5450 = ORIENTED_EDGE('',*,*,#5451,.F.);
#5451 = EDGE_CURVE('',#5452,#750,#5454,.T.);
#5452 = VERTEX_POINT('',#5453);
#5453 = CARTESIAN_POINT('',(35.14196010845,66.5,4.9));
#5454 = LINE('',#5455,#5456);
#5455 = CARTESIAN_POINT('',(35.14196010845,66.5,0.));
#5456 = VECTOR('',#5457,1.);
#5457 = DIRECTION('',(-0.,-0.,-1.));
#5458 = ORIENTED_EDGE('',*,*,#5459,.F.);
#5459 = EDGE_CURVE('',#5460,#5452,#5462,.T.);
#5460 = VERTEX_POINT('',#5461);
#5461 = CARTESIAN_POINT('',(36.060392194563,66.5,4.9));
#5462 = LINE('',#5463,#5464);
#5463 = CARTESIAN_POINT('',(42.74325,66.5,4.9));
#5464 = VECTOR('',#5465,1.);
#5465 = DIRECTION('',(-1.,0.,0.));
#5466 = ORIENTED_EDGE('',*,*,#5467,.F.);
#5467 = EDGE_CURVE('',#5468,#5460,#5470,.T.);
#5468 = VERTEX_POINT('',#5469);
#5469 = CARTESIAN_POINT('',(36.060392194563,66.5,5.9));
#5470 = LINE('',#5471,#5472);
#5471 = CARTESIAN_POINT('',(36.060392194563,66.5,4.3));
#5472 = VECTOR('',#5473,1.);
#5473 = DIRECTION('',(-0.,-0.,-1.));
#5474 = ORIENTED_EDGE('',*,*,#5475,.F.);
#5475 = EDGE_CURVE('',#5429,#5468,#5476,.T.);
#5476 = LINE('',#5477,#5478);
#5477 = CARTESIAN_POINT('',(42.74325,66.5,5.9));
#5478 = VECTOR('',#5479,1.);
#5479 = DIRECTION('',(-1.,0.,0.));
#5480 = PLANE('',#5481);
#5481 = AXIS2_PLACEMENT_3D('',#5482,#5483,#5484);
#5482 = CARTESIAN_POINT('',(47.3865,66.5,2.5));
#5483 = DIRECTION('',(0.,-1.,0.));
#5484 = DIRECTION('',(-1.,0.,0.));
#5485 = ADVANCED_FACE('',(#5486),#5504,.T.);
#5486 = FACE_BOUND('',#5487,.T.);
#5487 = EDGE_LOOP('',(#5488,#5489,#5497,#5503));
#5488 = ORIENTED_EDGE('',*,*,#958,.F.);
#5489 = ORIENTED_EDGE('',*,*,#5490,.T.);
#5490 = EDGE_CURVE('',#951,#5491,#5493,.T.);
#5491 = VERTEX_POINT('',#5492);
#5492 = CARTESIAN_POINT('',(4.69317,52.4568,10.));
#5493 = LINE('',#5494,#5495);
#5494 = CARTESIAN_POINT('',(4.69317,52.4568,2.5));
#5495 = VECTOR('',#5496,1.);
#5496 = DIRECTION('',(0.,0.,1.));
#5497 = ORIENTED_EDGE('',*,*,#5498,.F.);
#5498 = EDGE_CURVE('',#5404,#5491,#5499,.T.);
#5499 = LINE('',#5500,#5501);
#5500 = CARTESIAN_POINT('',(13.021065538692,59.291354079969,10.));
#5501 = VECTOR('',#5502,1.);
#5502 = DIRECTION('',(0.773009231669,0.634394772799,0.));
#5503 = ORIENTED_EDGE('',*,*,#5403,.F.);
#5504 = PLANE('',#5505);
#5505 = AXIS2_PLACEMENT_3D('',#5506,#5507,#5508);
#5506 = CARTESIAN_POINT('',(4.69317,52.4568,2.5));
#5507 = DIRECTION('',(0.634394772799,-0.773009231669,0.));
#5508 = DIRECTION('',(-0.773009231669,-0.634394772799,0.));
#5509 = ADVANCED_FACE('',(#5510),#5528,.T.);
#5510 = FACE_BOUND('',#5511,.T.);
#5511 = EDGE_LOOP('',(#5512,#5513,#5514,#5522));
#5512 = ORIENTED_EDGE('',*,*,#766,.F.);
#5513 = ORIENTED_EDGE('',*,*,#5444,.T.);
#5514 = ORIENTED_EDGE('',*,*,#5515,.F.);
#5515 = EDGE_CURVE('',#5516,#5437,#5518,.T.);
#5516 = VERTEX_POINT('',#5517);
#5517 = CARTESIAN_POINT('',(28.0918,66.4231,10.));
#5518 = LINE('',#5519,#5520);
#5519 = CARTESIAN_POINT('',(43.899301496031,67.980758719945,10.));
#5520 = VECTOR('',#5521,1.);
#5521 = DIRECTION('',(0.995180084663,9.806426000839E-02,0.));
#5522 = ORIENTED_EDGE('',*,*,#5523,.F.);
#5523 = EDGE_CURVE('',#767,#5516,#5524,.T.);
#5524 = LINE('',#5525,#5526);
#5525 = CARTESIAN_POINT('',(28.0918,66.4231,2.5));
#5526 = VECTOR('',#5527,1.);
#5527 = DIRECTION('',(0.,0.,1.));
#5528 = PLANE('',#5529);
#5529 = AXIS2_PLACEMENT_3D('',#5530,#5531,#5532);
#5530 = CARTESIAN_POINT('',(28.8722,66.5,2.5));
#5531 = DIRECTION('',(9.806426000839E-02,-0.995180084663,0.));
#5532 = DIRECTION('',(-0.995180084663,-9.806426000839E-02,0.));
#5533 = ADVANCED_FACE('',(#5534),#5552,.T.);
#5534 = FACE_BOUND('',#5535,.T.);
#5535 = EDGE_LOOP('',(#5536,#5537,#5545,#5551));
#5536 = ORIENTED_EDGE('',*,*,#950,.F.);
#5537 = ORIENTED_EDGE('',*,*,#5538,.T.);
#5538 = EDGE_CURVE('',#943,#5539,#5541,.T.);
#5539 = VERTEX_POINT('',#5540);
#5540 = CARTESIAN_POINT('',(5.68566,53.6662,10.));
#5541 = LINE('',#5542,#5543);
#5542 = CARTESIAN_POINT('',(5.68566,53.6662,2.5));
#5543 = VECTOR('',#5544,1.);
#5544 = DIRECTION('',(0.,0.,1.));
#5545 = ORIENTED_EDGE('',*,*,#5546,.F.);
#5546 = EDGE_CURVE('',#5491,#5539,#5547,.T.);
#5547 = LINE('',#5548,#5549);
#5548 = CARTESIAN_POINT('',(7.690085774351,56.108695674012,10.));
#5549 = VECTOR('',#5550,1.);
#5550 = DIRECTION('',(0.634378415338,0.773022655653,0.));
#5551 = ORIENTED_EDGE('',*,*,#5490,.F.);
#5552 = PLANE('',#5553);
#5553 = AXIS2_PLACEMENT_3D('',#5554,#5555,#5556);
#5554 = CARTESIAN_POINT('',(5.68566,53.6662,2.5));
#5555 = DIRECTION('',(0.773022655653,-0.634378415338,0.));
#5556 = DIRECTION('',(-0.634378415338,-0.773022655653,0.));
#5557 = ADVANCED_FACE('',(#5558),#5576,.T.);
#5558 = FACE_BOUND('',#5559,.T.);
#5559 = EDGE_LOOP('',(#5560,#5561,#5562,#5570));
#5560 = ORIENTED_EDGE('',*,*,#774,.F.);
#5561 = ORIENTED_EDGE('',*,*,#5523,.T.);
#5562 = ORIENTED_EDGE('',*,*,#5563,.F.);
#5563 = EDGE_CURVE('',#5564,#5516,#5566,.T.);
#5564 = VERTEX_POINT('',#5565);
#5565 = CARTESIAN_POINT('',(27.3415,66.1955,10.));
#5566 = LINE('',#5567,#5568);
#5567 = CARTESIAN_POINT('',(37.396874112878,69.245750763816,10.));
#5568 = VECTOR('',#5569,1.);
#5569 = DIRECTION('',(0.956940695942,0.290283489799,0.));
#5570 = ORIENTED_EDGE('',*,*,#5571,.F.);
#5571 = EDGE_CURVE('',#775,#5564,#5572,.T.);
#5572 = LINE('',#5573,#5574);
#5573 = CARTESIAN_POINT('',(27.3415,66.1955,2.5));
#5574 = VECTOR('',#5575,1.);
#5575 = DIRECTION('',(0.,0.,1.));
#5576 = PLANE('',#5577);
#5577 = AXIS2_PLACEMENT_3D('',#5578,#5579,#5580);
#5578 = CARTESIAN_POINT('',(28.0918,66.4231,2.5));
#5579 = DIRECTION('',(0.290283489799,-0.956940695942,0.));
#5580 = DIRECTION('',(-0.956940695942,-0.290283489799,0.));
#5581 = ADVANCED_FACE('',(#5582),#5600,.T.);
#5582 = FACE_BOUND('',#5583,.T.);
#5583 = EDGE_LOOP('',(#5584,#5585,#5593,#5599));
#5584 = ORIENTED_EDGE('',*,*,#942,.F.);
#5585 = ORIENTED_EDGE('',*,*,#5586,.T.);
#5586 = EDGE_CURVE('',#935,#5587,#5589,.T.);
#5587 = VERTEX_POINT('',#5588);
#5588 = CARTESIAN_POINT('',(6.42316,55.0459,10.));
#5589 = LINE('',#5590,#5591);
#5590 = CARTESIAN_POINT('',(6.42316,55.0459,2.5));
#5591 = VECTOR('',#5592,1.);
#5592 = DIRECTION('',(0.,0.,1.));
#5593 = ORIENTED_EDGE('',*,*,#5594,.F.);
#5594 = EDGE_CURVE('',#5539,#5587,#5595,.T.);
#5595 = LINE('',#5596,#5597);
#5596 = CARTESIAN_POINT('',(4.260092583355,50.999277471532,10.));
#5597 = VECTOR('',#5598,1.);
#5598 = DIRECTION('',(0.4714141304,0.881911967069,0.));
#5599 = ORIENTED_EDGE('',*,*,#5538,.F.);
#5600 = PLANE('',#5601);
#5601 = AXIS2_PLACEMENT_3D('',#5602,#5603,#5604);
#5602 = CARTESIAN_POINT('',(6.42316,55.0459,2.5));
#5603 = DIRECTION('',(0.881911967069,-0.4714141304,0.));
#5604 = DIRECTION('',(-0.4714141304,-0.881911967069,0.));
#5605 = ADVANCED_FACE('',(#5606),#5624,.T.);
#5606 = FACE_BOUND('',#5607,.T.);
#5607 = EDGE_LOOP('',(#5608,#5609,#5610,#5618));
#5608 = ORIENTED_EDGE('',*,*,#782,.F.);
#5609 = ORIENTED_EDGE('',*,*,#5571,.T.);
#5610 = ORIENTED_EDGE('',*,*,#5611,.F.);
#5611 = EDGE_CURVE('',#5612,#5564,#5614,.T.);
#5612 = VERTEX_POINT('',#5613);
#5613 = CARTESIAN_POINT('',(26.6499,65.8259,10.));
#5614 = LINE('',#5615,#5616);
#5615 = CARTESIAN_POINT('',(30.840602146926,68.065465519815,10.));
#5616 = VECTOR('',#5617,1.);
#5617 = DIRECTION('',(0.881957260666,0.471329386267,0.));
#5618 = ORIENTED_EDGE('',*,*,#5619,.F.);
#5619 = EDGE_CURVE('',#783,#5612,#5620,.T.);
#5620 = LINE('',#5621,#5622);
#5621 = CARTESIAN_POINT('',(26.6499,65.8259,2.5));
#5622 = VECTOR('',#5623,1.);
#5623 = DIRECTION('',(0.,0.,1.));
#5624 = PLANE('',#5625);
#5625 = AXIS2_PLACEMENT_3D('',#5626,#5627,#5628);
#5626 = CARTESIAN_POINT('',(27.3415,66.1955,2.5));
#5627 = DIRECTION('',(0.471329386267,-0.881957260666,0.));
#5628 = DIRECTION('',(-0.881957260666,-0.471329386267,0.));
#5629 = ADVANCED_FACE('',(#5630),#5648,.T.);
#5630 = FACE_BOUND('',#5631,.T.);
#5631 = EDGE_LOOP('',(#5632,#5633,#5641,#5647));
#5632 = ORIENTED_EDGE('',*,*,#934,.F.);
#5633 = ORIENTED_EDGE('',*,*,#5634,.T.);
#5634 = EDGE_CURVE('',#927,#5635,#5637,.T.);
#5635 = VERTEX_POINT('',#5636);
#5636 = CARTESIAN_POINT('',(6.88227,56.5594,10.));
#5637 = LINE('',#5638,#5639);
#5638 = CARTESIAN_POINT('',(6.88227,56.5594,2.5));
#5639 = VECTOR('',#5640,1.);
#5640 = DIRECTION('',(0.,0.,1.));
#5641 = ORIENTED_EDGE('',*,*,#5642,.F.);
#5642 = EDGE_CURVE('',#5587,#5635,#5643,.T.);
#5643 = LINE('',#5644,#5645);
#5644 = CARTESIAN_POINT('',(3.344889209421,44.898086095835,10.));
#5645 = VECTOR('',#5646,1.);
#5646 = DIRECTION('',(0.290281663229,0.956941250022,0.));
#5647 = ORIENTED_EDGE('',*,*,#5586,.F.);
#5648 = PLANE('',#5649);
#5649 = AXIS2_PLACEMENT_3D('',#5650,#5651,#5652);
#5650 = CARTESIAN_POINT('',(6.88227,56.5594,2.5));
#5651 = DIRECTION('',(0.956941250022,-0.290281663229,0.));
#5652 = DIRECTION('',(-0.290281663229,-0.956941250022,0.));
#5653 = ADVANCED_FACE('',(#5654),#5672,.T.);
#5654 = FACE_BOUND('',#5655,.T.);
#5655 = EDGE_LOOP('',(#5656,#5657,#5658,#5666));
#5656 = ORIENTED_EDGE('',*,*,#790,.F.);
#5657 = ORIENTED_EDGE('',*,*,#5619,.T.);
#5658 = ORIENTED_EDGE('',*,*,#5659,.F.);
#5659 = EDGE_CURVE('',#5660,#5612,#5662,.T.);
#5660 = VERTEX_POINT('',#5661);
#5661 = CARTESIAN_POINT('',(26.0438,65.3284,10.));
#5662 = LINE('',#5663,#5664);
#5663 = CARTESIAN_POINT('',(25.137720538227,64.584670364243,10.));
#5664 = VECTOR('',#5665,1.);
#5665 = DIRECTION('',(0.772956300772,0.634459263544,0.));
#5666 = ORIENTED_EDGE('',*,*,#5667,.F.);
#5667 = EDGE_CURVE('',#791,#5660,#5668,.T.);
#5668 = LINE('',#5669,#5670);
#5669 = CARTESIAN_POINT('',(26.0438,65.3284,2.5));
#5670 = VECTOR('',#5671,1.);
#5671 = DIRECTION('',(0.,0.,1.));
#5672 = PLANE('',#5673);
#5673 = AXIS2_PLACEMENT_3D('',#5674,#5675,#5676);
#5674 = CARTESIAN_POINT('',(26.6499,65.8259,2.5));
#5675 = DIRECTION('',(0.634459263544,-0.772956300772,0.));
#5676 = DIRECTION('',(-0.772956300772,-0.634459263544,0.));
#5677 = ADVANCED_FACE('',(#5678),#5696,.T.);
#5678 = FACE_BOUND('',#5679,.T.);
#5679 = EDGE_LOOP('',(#5680,#5681,#5689,#5695));
#5680 = ORIENTED_EDGE('',*,*,#926,.F.);
#5681 = ORIENTED_EDGE('',*,*,#5682,.T.);
#5682 = EDGE_CURVE('',#919,#5683,#5685,.T.);
#5683 = VERTEX_POINT('',#5684);
#5684 = CARTESIAN_POINT('',(6.92988,56.8804,10.));
#5685 = LINE('',#5686,#5687);
#5686 = CARTESIAN_POINT('',(6.92988,56.8804,2.5));
#5687 = VECTOR('',#5688,1.);
#5688 = DIRECTION('',(0.,0.,1.));
#5689 = ORIENTED_EDGE('',*,*,#5690,.F.);
#5690 = EDGE_CURVE('',#5635,#5683,#5691,.T.);
#5691 = LINE('',#5692,#5693);
#5692 = CARTESIAN_POINT('',(4.410668424158,39.895167573086,10.));
#5693 = VECTOR('',#5694,1.);
#5694 = DIRECTION('',(0.146712829426,0.989179127197,0.));
#5695 = ORIENTED_EDGE('',*,*,#5634,.F.);
#5696 = PLANE('',#5697);
#5697 = AXIS2_PLACEMENT_3D('',#5698,#5699,#5700);
#5698 = CARTESIAN_POINT('',(6.92988,56.8804,2.5));
#5699 = DIRECTION('',(0.989179127197,-0.146712829426,0.));
#5700 = DIRECTION('',(-0.146712829426,-0.989179127197,0.));
#5701 = ADVANCED_FACE('',(#5702),#5720,.T.);
#5702 = FACE_BOUND('',#5703,.T.);
#5703 = EDGE_LOOP('',(#5704,#5705,#5706,#5714));
#5704 = ORIENTED_EDGE('',*,*,#798,.F.);
#5705 = ORIENTED_EDGE('',*,*,#5667,.T.);
#5706 = ORIENTED_EDGE('',*,*,#5707,.F.);
#5707 = EDGE_CURVE('',#5708,#5660,#5710,.T.);
#5708 = VERTEX_POINT('',#5709);
#5709 = CARTESIAN_POINT('',(25.5463,64.7223,10.));
#5710 = LINE('',#5711,#5712);
#5711 = CARTESIAN_POINT('',(21.093736724721,59.2977801987,10.));
#5712 = VECTOR('',#5713,1.);
#5713 = DIRECTION('',(0.634459263544,0.772956300772,0.));
#5714 = ORIENTED_EDGE('',*,*,#5715,.F.);
#5715 = EDGE_CURVE('',#799,#5708,#5716,.T.);
#5716 = LINE('',#5717,#5718);
#5717 = CARTESIAN_POINT('',(25.5463,64.7223,2.5));
#5718 = VECTOR('',#5719,1.);
#5719 = DIRECTION('',(0.,0.,1.));
#5720 = PLANE('',#5721);
#5721 = AXIS2_PLACEMENT_3D('',#5722,#5723,#5724);
#5722 = CARTESIAN_POINT('',(26.0438,65.3284,2.5));
#5723 = DIRECTION('',(0.772956300772,-0.634459263544,0.));
#5724 = DIRECTION('',(-0.634459263544,-0.772956300772,0.));
#5725 = ADVANCED_FACE('',(#5726),#5744,.T.);
#5726 = FACE_BOUND('',#5727,.T.);
#5727 = EDGE_LOOP('',(#5728,#5729,#5737,#5743));
#5728 = ORIENTED_EDGE('',*,*,#918,.F.);
#5729 = ORIENTED_EDGE('',*,*,#5730,.T.);
#5730 = EDGE_CURVE('',#911,#5731,#5733,.T.);
#5731 = VERTEX_POINT('',#5732);
#5732 = CARTESIAN_POINT('',(7.1575,57.6307,10.));
#5733 = LINE('',#5734,#5735);
#5734 = CARTESIAN_POINT('',(7.1575,57.6307,2.5));
#5735 = VECTOR('',#5736,1.);
#5736 = DIRECTION('',(0.,0.,1.));
#5737 = ORIENTED_EDGE('',*,*,#5738,.F.);
#5738 = EDGE_CURVE('',#5683,#5731,#5739,.T.);
#5739 = LINE('',#5740,#5741);
#5740 = CARTESIAN_POINT('',(3.459666431925,45.441593040476,10.));
#5741 = VECTOR('',#5742,1.);
#5742 = DIRECTION('',(0.290306848318,0.956933609933,0.));
#5743 = ORIENTED_EDGE('',*,*,#5682,.F.);
#5744 = PLANE('',#5745);
#5745 = AXIS2_PLACEMENT_3D('',#5746,#5747,#5748);
#5746 = CARTESIAN_POINT('',(7.1575,57.6307,2.5));
#5747 = DIRECTION('',(0.956933609933,-0.290306848318,0.));
#5748 = DIRECTION('',(-0.290306848318,-0.956933609933,0.));
#5749 = ADVANCED_FACE('',(#5750),#5768,.T.);
#5750 = FACE_BOUND('',#5751,.T.);
#5751 = EDGE_LOOP('',(#5752,#5753,#5754,#5762));
#5752 = ORIENTED_EDGE('',*,*,#806,.F.);
#5753 = ORIENTED_EDGE('',*,*,#5715,.T.);
#5754 = ORIENTED_EDGE('',*,*,#5755,.F.);
#5755 = EDGE_CURVE('',#5756,#5708,#5758,.T.);
#5756 = VERTEX_POINT('',#5757);
#5757 = CARTESIAN_POINT('',(25.4887,64.6144,10.));
#5758 = LINE('',#5759,#5760);
#5759 = CARTESIAN_POINT('',(19.245812450077,52.919824190334,10.));
#5760 = VECTOR('',#5761,1.);
#5761 = DIRECTION('',(0.470927681203,0.882171819476,0.));
#5762 = ORIENTED_EDGE('',*,*,#5763,.F.);
#5763 = EDGE_CURVE('',#807,#5756,#5764,.T.);
#5764 = LINE('',#5765,#5766);
#5765 = CARTESIAN_POINT('',(25.4887,64.6144,2.5));
#5766 = VECTOR('',#5767,1.);
#5767 = DIRECTION('',(0.,0.,1.));
#5768 = PLANE('',#5769);
#5769 = AXIS2_PLACEMENT_3D('',#5770,#5771,#5772);
#5770 = CARTESIAN_POINT('',(25.5463,64.7223,2.5));
#5771 = DIRECTION('',(0.882171819476,-0.470927681203,0.));
#5772 = DIRECTION('',(-0.470927681203,-0.882171819476,0.));
#5773 = ADVANCED_FACE('',(#5774),#5792,.T.);
#5774 = FACE_BOUND('',#5775,.T.);
#5775 = EDGE_LOOP('',(#5776,#5777,#5785,#5791));
#5776 = ORIENTED_EDGE('',*,*,#910,.F.);
#5777 = ORIENTED_EDGE('',*,*,#5778,.T.);
#5778 = EDGE_CURVE('',#903,#5779,#5781,.T.);
#5779 = VERTEX_POINT('',#5780);
#5780 = CARTESIAN_POINT('',(7.52714,58.3223,10.));
#5781 = LINE('',#5782,#5783);
#5782 = CARTESIAN_POINT('',(7.52714,58.3223,2.5));
#5783 = VECTOR('',#5784,1.);
#5784 = DIRECTION('',(0.,0.,1.));
#5785 = ORIENTED_EDGE('',*,*,#5786,.F.);
#5786 = EDGE_CURVE('',#5731,#5779,#5787,.T.);
#5787 = LINE('',#5788,#5789);
#5788 = CARTESIAN_POINT('',(4.559753968265,52.770292155752,10.));
#5789 = VECTOR('',#5790,1.);
#5790 = DIRECTION('',(0.47136906264,0.881936055951,0.));
#5791 = ORIENTED_EDGE('',*,*,#5730,.F.);
#5792 = PLANE('',#5793);
#5793 = AXIS2_PLACEMENT_3D('',#5794,#5795,#5796);
#5794 = CARTESIAN_POINT('',(7.52714,58.3223,2.5));
#5795 = DIRECTION('',(0.881936055951,-0.47136906264,0.));
#5796 = DIRECTION('',(-0.47136906264,-0.881936055951,0.));
#5797 = ADVANCED_FACE('',(#5798),#5816,.T.);
#5798 = FACE_BOUND('',#5799,.T.);
#5799 = EDGE_LOOP('',(#5800,#5801,#5802,#5810));
#5800 = ORIENTED_EDGE('',*,*,#814,.F.);
#5801 = ORIENTED_EDGE('',*,*,#5763,.T.);
#5802 = ORIENTED_EDGE('',*,*,#5803,.F.);
#5803 = EDGE_CURVE('',#5804,#5756,#5806,.T.);
#5804 = VERTEX_POINT('',#5805);
#5805 = CARTESIAN_POINT('',(24.4348,63.0371,10.));
#5806 = LINE('',#5807,#5808);
#5807 = CARTESIAN_POINT('',(19.723261232884,55.985662389817,10.));
#5808 = VECTOR('',#5809,1.);
#5809 = DIRECTION('',(0.555563612717,0.831474035809,0.));
#5810 = ORIENTED_EDGE('',*,*,#5811,.F.);
#5811 = EDGE_CURVE('',#815,#5804,#5812,.T.);
#5812 = LINE('',#5813,#5814);
#5813 = CARTESIAN_POINT('',(24.4348,63.0371,2.5));
#5814 = VECTOR('',#5815,1.);
#5815 = DIRECTION('',(0.,0.,1.));
#5816 = PLANE('',#5817);
#5817 = AXIS2_PLACEMENT_3D('',#5818,#5819,#5820);
#5818 = CARTESIAN_POINT('',(25.4887,64.6144,2.5));
#5819 = DIRECTION('',(0.831474035809,-0.555563612717,0.));
#5820 = DIRECTION('',(-0.555563612717,-0.831474035809,0.));
#5821 = ADVANCED_FACE('',(#5822),#5840,.T.);
#5822 = FACE_BOUND('',#5823,.T.);
#5823 = EDGE_LOOP('',(#5824,#5825,#5833,#5839));
#5824 = ORIENTED_EDGE('',*,*,#902,.F.);
#5825 = ORIENTED_EDGE('',*,*,#5826,.T.);
#5826 = EDGE_CURVE('',#895,#5827,#5829,.T.);
#5827 = VERTEX_POINT('',#5828);
#5828 = CARTESIAN_POINT('',(8.02459,58.9284,10.));
#5829 = LINE('',#5830,#5831);
#5830 = CARTESIAN_POINT('',(8.02459,58.9284,2.5));
#5831 = VECTOR('',#5832,1.);
#5832 = DIRECTION('',(0.,0.,1.));
#5833 = ORIENTED_EDGE('',*,*,#5834,.F.);
#5834 = EDGE_CURVE('',#5779,#5827,#5835,.T.);
#5835 = LINE('',#5836,#5837);
#5836 = CARTESIAN_POINT('',(8.269404114537,59.226684922748,10.));
#5837 = VECTOR('',#5838,1.);
#5838 = DIRECTION('',(0.634421164253,0.772987571924,0.));
#5839 = ORIENTED_EDGE('',*,*,#5778,.F.);
#5840 = PLANE('',#5841);
#5841 = AXIS2_PLACEMENT_3D('',#5842,#5843,#5844);
#5842 = CARTESIAN_POINT('',(8.02459,58.9284,2.5));
#5843 = DIRECTION('',(0.772987571924,-0.634421164253,0.));
#5844 = DIRECTION('',(-0.634421164253,-0.772987571924,0.));
#5845 = ADVANCED_FACE('',(#5846),#5864,.T.);
#5846 = FACE_BOUND('',#5847,.T.);
#5847 = EDGE_LOOP('',(#5848,#5849,#5850,#5858));
#5848 = ORIENTED_EDGE('',*,*,#822,.F.);
#5849 = ORIENTED_EDGE('',*,*,#5811,.T.);
#5850 = ORIENTED_EDGE('',*,*,#5851,.F.);
#5851 = EDGE_CURVE('',#5852,#5804,#5854,.T.);
#5852 = VERTEX_POINT('',#5853);
#5853 = CARTESIAN_POINT('',(23.3285,61.9309,10.));
#5854 = LINE('',#5855,#5856);
#5855 = CARTESIAN_POINT('',(22.083292828582,60.685805384595,10.));
#5856 = VECTOR('',#5857,1.);
#5857 = DIRECTION('',(0.707138740093,0.707074820836,0.));
#5858 = ORIENTED_EDGE('',*,*,#5859,.F.);
#5859 = EDGE_CURVE('',#823,#5852,#5860,.T.);
#5860 = LINE('',#5861,#5862);
#5861 = CARTESIAN_POINT('',(23.3285,61.9309,2.5));
#5862 = VECTOR('',#5863,1.);
#5863 = DIRECTION('',(0.,0.,1.));
#5864 = PLANE('',#5865);
#5865 = AXIS2_PLACEMENT_3D('',#5866,#5867,#5868);
#5866 = CARTESIAN_POINT('',(24.4348,63.0371,2.5));
#5867 = DIRECTION('',(0.707074820836,-0.707138740093,0.));
#5868 = DIRECTION('',(-0.707138740093,-0.707074820836,0.));
#5869 = ADVANCED_FACE('',(#5870),#5888,.T.);
#5870 = FACE_BOUND('',#5871,.T.);
#5871 = EDGE_LOOP('',(#5872,#5873,#5881,#5887));
#5872 = ORIENTED_EDGE('',*,*,#894,.F.);
#5873 = ORIENTED_EDGE('',*,*,#5874,.T.);
#5874 = EDGE_CURVE('',#887,#5875,#5877,.T.);
#5875 = VERTEX_POINT('',#5876);
#5876 = CARTESIAN_POINT('',(8.63074,59.4259,10.));
#5877 = LINE('',#5878,#5879);
#5878 = CARTESIAN_POINT('',(8.63074,59.4259,2.5));
#5879 = VECTOR('',#5880,1.);
#5880 = DIRECTION('',(0.,0.,1.));
#5881 = ORIENTED_EDGE('',*,*,#5882,.F.);
#5882 = EDGE_CURVE('',#5827,#5875,#5883,.T.);
#5883 = LINE('',#5884,#5885);
#5884 = CARTESIAN_POINT('',(14.072034445053,63.891863847915,10.));
#5885 = VECTOR('',#5886,1.);
#5886 = DIRECTION('',(0.772981966645,0.634427993741,0.));
#5887 = ORIENTED_EDGE('',*,*,#5826,.F.);
#5888 = PLANE('',#5889);
#5889 = AXIS2_PLACEMENT_3D('',#5890,#5891,#5892);
#5890 = CARTESIAN_POINT('',(8.63074,59.4259,2.5));
#5891 = DIRECTION('',(0.634427993741,-0.772981966645,0.));
#5892 = DIRECTION('',(-0.772981966645,-0.634427993741,0.));
#5893 = ADVANCED_FACE('',(#5894),#5912,.T.);
#5894 = FACE_BOUND('',#5895,.T.);
#5895 = EDGE_LOOP('',(#5896,#5897,#5898,#5906));
#5896 = ORIENTED_EDGE('',*,*,#830,.F.);
#5897 = ORIENTED_EDGE('',*,*,#5859,.T.);
#5898 = ORIENTED_EDGE('',*,*,#5899,.F.);
#5899 = EDGE_CURVE('',#5900,#5852,#5902,.T.);
#5900 = VERTEX_POINT('',#5901);
#5901 = CARTESIAN_POINT('',(22.0277,61.0617,10.));
#5902 = LINE('',#5903,#5904);
#5903 = CARTESIAN_POINT('',(26.379776954122,63.969776021312,10.));
#5904 = VECTOR('',#5905,1.);
#5905 = DIRECTION('',(0.831459801075,0.555584916278,0.));
#5906 = ORIENTED_EDGE('',*,*,#5907,.F.);
#5907 = EDGE_CURVE('',#831,#5900,#5908,.T.);
#5908 = LINE('',#5909,#5910);
#5909 = CARTESIAN_POINT('',(22.0277,61.0617,2.5));
#5910 = VECTOR('',#5911,1.);
#5911 = DIRECTION('',(0.,0.,1.));
#5912 = PLANE('',#5913);
#5913 = AXIS2_PLACEMENT_3D('',#5914,#5915,#5916);
#5914 = CARTESIAN_POINT('',(23.3285,61.9309,2.5));
#5915 = DIRECTION('',(0.555584916278,-0.831459801075,0.));
#5916 = DIRECTION('',(-0.831459801075,-0.555584916278,0.));
#5917 = ADVANCED_FACE('',(#5918),#5936,.T.);
#5918 = FACE_BOUND('',#5919,.T.);
#5919 = EDGE_LOOP('',(#5920,#5921,#5929,#5935));
#5920 = ORIENTED_EDGE('',*,*,#886,.F.);
#5921 = ORIENTED_EDGE('',*,*,#5922,.T.);
#5922 = EDGE_CURVE('',#879,#5923,#5925,.T.);
#5923 = VERTEX_POINT('',#5924);
#5924 = CARTESIAN_POINT('',(9.32228,59.7955,10.));
#5925 = LINE('',#5926,#5927);
#5926 = CARTESIAN_POINT('',(9.32228,59.7955,2.5));
#5927 = VECTOR('',#5928,1.);
#5928 = DIRECTION('',(0.,0.,1.));
#5929 = ORIENTED_EDGE('',*,*,#5930,.F.);
#5930 = EDGE_CURVE('',#5875,#5923,#5931,.T.);
#5931 = LINE('',#5932,#5933);
#5932 = CARTESIAN_POINT('',(21.158421633155,66.121436240296,10.));
#5933 = VECTOR('',#5934,1.);
#5934 = DIRECTION('',(0.88194026114,0.471361194605,0.));
#5935 = ORIENTED_EDGE('',*,*,#5874,.F.);
#5936 = PLANE('',#5937);
#5937 = AXIS2_PLACEMENT_3D('',#5938,#5939,#5940);
#5938 = CARTESIAN_POINT('',(9.32228,59.7955,2.5));
#5939 = DIRECTION('',(0.471361194605,-0.88194026114,0.));
#5940 = DIRECTION('',(-0.88194026114,-0.471361194605,0.));
#5941 = ADVANCED_FACE('',(#5942),#5960,.T.);
#5942 = FACE_BOUND('',#5943,.T.);
#5943 = EDGE_LOOP('',(#5944,#5945,#5946,#5954));
#5944 = ORIENTED_EDGE('',*,*,#838,.F.);
#5945 = ORIENTED_EDGE('',*,*,#5907,.T.);
#5946 = ORIENTED_EDGE('',*,*,#5947,.F.);
#5947 = EDGE_CURVE('',#5948,#5900,#5950,.T.);
#5948 = VERTEX_POINT('',#5949);
#5949 = CARTESIAN_POINT('',(20.5823,60.463,10.));
#5950 = LINE('',#5951,#5952);
#5951 = CARTESIAN_POINT('',(31.739056180419,65.084246661974,10.));
#5952 = VECTOR('',#5953,1.);
#5953 = DIRECTION('',(0.923880500421,0.382681095615,0.));
#5954 = ORIENTED_EDGE('',*,*,#5955,.F.);
#5955 = EDGE_CURVE('',#839,#5948,#5956,.T.);
#5956 = LINE('',#5957,#5958);
#5957 = CARTESIAN_POINT('',(20.5823,60.463,2.5));
#5958 = VECTOR('',#5959,1.);
#5959 = DIRECTION('',(0.,0.,1.));
#5960 = PLANE('',#5961);
#5961 = AXIS2_PLACEMENT_3D('',#5962,#5963,#5964);
#5962 = CARTESIAN_POINT('',(22.0277,61.0617,2.5));
#5963 = DIRECTION('',(0.382681095615,-0.923880500421,0.));
#5964 = DIRECTION('',(-0.923880500421,-0.382681095615,0.));
#5965 = ADVANCED_FACE('',(#5966),#5984,.T.);
#5966 = FACE_BOUND('',#5967,.T.);
#5967 = EDGE_LOOP('',(#5968,#5969,#5977,#5983));
#5968 = ORIENTED_EDGE('',*,*,#878,.F.);
#5969 = ORIENTED_EDGE('',*,*,#5970,.T.);
#5970 = EDGE_CURVE('',#871,#5971,#5973,.T.);
#5971 = VERTEX_POINT('',#5972);
#5972 = CARTESIAN_POINT('',(10.0727,60.0231,10.));
#5973 = LINE('',#5974,#5975);
#5974 = CARTESIAN_POINT('',(10.0727,60.0231,2.5));
#5975 = VECTOR('',#5976,1.);
#5976 = DIRECTION('',(0.,0.,1.));
#5977 = ORIENTED_EDGE('',*,*,#5978,.F.);
#5978 = EDGE_CURVE('',#5923,#5971,#5979,.T.);
#5979 = LINE('',#5980,#5981);
#5980 = CARTESIAN_POINT('',(28.518575285512,65.617675324462,10.));
#5981 = VECTOR('',#5982,1.);
#5982 = DIRECTION('',(0.956953589732,0.290240981081,0.));
#5983 = ORIENTED_EDGE('',*,*,#5922,.F.);
#5984 = PLANE('',#5985);
#5985 = AXIS2_PLACEMENT_3D('',#5986,#5987,#5988);
#5986 = CARTESIAN_POINT('',(10.0727,60.0231,2.5));
#5987 = DIRECTION('',(0.290240981081,-0.956953589732,0.));
#5988 = DIRECTION('',(-0.956953589732,-0.290240981081,0.));
#5989 = ADVANCED_FACE('',(#5990),#6008,.T.);
#5990 = FACE_BOUND('',#5991,.T.);
#5991 = EDGE_LOOP('',(#5992,#5993,#5994,#6002));
#5992 = ORIENTED_EDGE('',*,*,#846,.F.);
#5993 = ORIENTED_EDGE('',*,*,#5955,.T.);
#5994 = ORIENTED_EDGE('',*,*,#5995,.F.);
#5995 = EDGE_CURVE('',#5996,#5948,#5998,.T.);
#5996 = VERTEX_POINT('',#5997);
#5997 = CARTESIAN_POINT('',(18.9509,60.1385,10.));
#5998 = LINE('',#5999,#6000);
#5999 = CARTESIAN_POINT('',(37.190534167106,63.766525798226,10.));
#6000 = VECTOR('',#6001,1.);
#6001 = DIRECTION('',(0.980785928742,0.19508706257,0.));
#6002 = ORIENTED_EDGE('',*,*,#6003,.F.);
#6003 = EDGE_CURVE('',#847,#5996,#6004,.T.);
#6004 = LINE('',#6005,#6006);
#6005 = CARTESIAN_POINT('',(18.9509,60.1385,2.5));
#6006 = VECTOR('',#6007,1.);
#6007 = DIRECTION('',(0.,0.,1.));
#6008 = PLANE('',#6009);
#6009 = AXIS2_PLACEMENT_3D('',#6010,#6011,#6012);
#6010 = CARTESIAN_POINT('',(20.5823,60.463,2.5));
#6011 = DIRECTION('',(0.19508706257,-0.980785928742,0.));
#6012 = DIRECTION('',(-0.980785928742,-0.19508706257,0.));
#6013 = ADVANCED_FACE('',(#6014),#6032,.T.);
#6014 = FACE_BOUND('',#6015,.T.);
#6015 = EDGE_LOOP('',(#6016,#6017,#6025,#6031));
#6016 = ORIENTED_EDGE('',*,*,#870,.F.);
#6017 = ORIENTED_EDGE('',*,*,#6018,.T.);
#6018 = EDGE_CURVE('',#863,#6019,#6021,.T.);
#6019 = VERTEX_POINT('',#6020);
#6020 = CARTESIAN_POINT('',(10.853,60.1,10.));
#6021 = LINE('',#6022,#6023);
#6022 = CARTESIAN_POINT('',(10.853,60.1,2.5));
#6023 = VECTOR('',#6024,1.);
#6024 = DIRECTION('',(0.,0.,1.));
#6025 = ORIENTED_EDGE('',*,*,#6026,.F.);
#6026 = EDGE_CURVE('',#5971,#6019,#6027,.T.);
#6027 = LINE('',#6028,#6029);
#6028 = CARTESIAN_POINT('',(35.115002525319,62.491064967573,10.));
#6029 = VECTOR('',#6030,1.);
#6030 = DIRECTION('',(0.995178858103,9.807670663608E-02,0.));
#6031 = ORIENTED_EDGE('',*,*,#5970,.F.);
#6032 = PLANE('',#6033);
#6033 = AXIS2_PLACEMENT_3D('',#6034,#6035,#6036);
#6034 = CARTESIAN_POINT('',(10.853,60.1,2.5));
#6035 = DIRECTION('',(9.807670663608E-02,-0.995178858103,0.));
#6036 = DIRECTION('',(-0.995178858103,-9.807670663608E-02,0.));
#6037 = ADVANCED_FACE('',(#6038),#6056,.T.);
#6038 = FACE_BOUND('',#6039,.T.);
#6039 = EDGE_LOOP('',(#6040,#6041,#6042,#6050));
#6040 = ORIENTED_EDGE('',*,*,#854,.F.);
#6041 = ORIENTED_EDGE('',*,*,#6003,.T.);
#6042 = ORIENTED_EDGE('',*,*,#6043,.F.);
#6043 = EDGE_CURVE('',#6044,#5996,#6046,.T.);
#6044 = VERTEX_POINT('',#6045);
#6045 = CARTESIAN_POINT('',(18.1674,60.1,10.));
#6046 = LINE('',#6047,#6048);
#6047 = CARTESIAN_POINT('',(40.494633801686,61.197126357837,10.));
#6048 = VECTOR('',#6049,1.);
#6049 = DIRECTION('',(0.998794886786,4.907926374126E-02,0.));
#6050 = ORIENTED_EDGE('',*,*,#6051,.F.);
#6051 = EDGE_CURVE('',#855,#6044,#6052,.T.);
#6052 = LINE('',#6053,#6054);
#6053 = CARTESIAN_POINT('',(18.1674,60.1,2.5));
#6054 = VECTOR('',#6055,1.);
#6055 = DIRECTION('',(0.,0.,1.));
#6056 = PLANE('',#6057);
#6057 = AXIS2_PLACEMENT_3D('',#6058,#6059,#6060);
#6058 = CARTESIAN_POINT('',(18.9509,60.1385,2.5));
#6059 = DIRECTION('',(4.907926374126E-02,-0.998794886786,0.));
#6060 = DIRECTION('',(-0.998794886786,-4.907926374126E-02,0.));
#6061 = ADVANCED_FACE('',(#6062),#6073,.T.);
#6062 = FACE_BOUND('',#6063,.T.);
#6063 = EDGE_LOOP('',(#6064,#6065,#6066,#6072));
#6064 = ORIENTED_EDGE('',*,*,#862,.F.);
#6065 = ORIENTED_EDGE('',*,*,#6051,.T.);
#6066 = ORIENTED_EDGE('',*,*,#6067,.F.);
#6067 = EDGE_CURVE('',#6019,#6044,#6068,.T.);
#6068 = LINE('',#6069,#6070);
#6069 = CARTESIAN_POINT('',(41.297465532018,60.1,10.));
#6070 = VECTOR('',#6071,1.);
#6071 = DIRECTION('',(1.,0.,0.));
#6072 = ORIENTED_EDGE('',*,*,#6018,.F.);
#6073 = PLANE('',#6074);
#6074 = AXIS2_PLACEMENT_3D('',#6075,#6076,#6077);
#6075 = CARTESIAN_POINT('',(18.1674,60.1,2.5));
#6076 = DIRECTION('',(0.,-1.,0.));
#6077 = DIRECTION('',(-1.,0.,0.));
#6078 = ADVANCED_FACE('',(#6079),#6098,.T.);
#6079 = FACE_BOUND('',#6080,.F.);
#6080 = EDGE_LOOP('',(#6081,#6082,#6090,#6097));
#6081 = ORIENTED_EDGE('',*,*,#1579,.T.);
#6082 = ORIENTED_EDGE('',*,*,#6083,.T.);
#6083 = EDGE_CURVE('',#1580,#6084,#6086,.T.);
#6084 = VERTEX_POINT('',#6085);
#6085 = CARTESIAN_POINT('',(61.5,-4.4,4.9));
#6086 = LINE('',#6087,#6088);
#6087 = CARTESIAN_POINT('',(61.5,-4.4,0.));
#6088 = VECTOR('',#6089,1.);
#6089 = DIRECTION('',(0.,0.,1.));
#6090 = ORIENTED_EDGE('',*,*,#6091,.T.);
#6091 = EDGE_CURVE('',#6084,#6084,#6092,.T.);
#6092 = CIRCLE('',#6093,3.);
#6093 = AXIS2_PLACEMENT_3D('',#6094,#6095,#6096);
#6094 = CARTESIAN_POINT('',(58.5,-4.4,4.9));
#6095 = DIRECTION('',(0.,0.,1.));
#6096 = DIRECTION('',(1.,0.,0.));
#6097 = ORIENTED_EDGE('',*,*,#6083,.F.);
#6098 = CYLINDRICAL_SURFACE('',#6099,3.);
#6099 = AXIS2_PLACEMENT_3D('',#6100,#6101,#6102);
#6100 = CARTESIAN_POINT('',(58.5,-4.4,0.));
#6101 = DIRECTION('',(-0.,-0.,-1.));
#6102 = DIRECTION('',(1.,0.,0.));
#6103 = ADVANCED_FACE('',(#6104),#6129,.F.);
#6104 = FACE_BOUND('',#6105,.F.);
#6105 = EDGE_LOOP('',(#6106,#6114,#6115,#6123));
#6106 = ORIENTED_EDGE('',*,*,#6107,.F.);
#6107 = EDGE_CURVE('',#1593,#6108,#6110,.T.);
#6108 = VERTEX_POINT('',#6109);
#6109 = CARTESIAN_POINT('',(46.3,18.5,4.8));
#6110 = LINE('',#6111,#6112);
#6111 = CARTESIAN_POINT('',(46.3,18.5,2.49));
#6112 = VECTOR('',#6113,1.);
#6113 = DIRECTION('',(0.,0.,1.));
#6114 = ORIENTED_EDGE('',*,*,#1590,.F.);
#6115 = ORIENTED_EDGE('',*,*,#6116,.T.);
#6116 = EDGE_CURVE('',#1591,#6117,#6119,.T.);
#6117 = VERTEX_POINT('',#6118);
#6118 = CARTESIAN_POINT('',(46.3,21.5,4.8));
#6119 = LINE('',#6120,#6121);
#6120 = CARTESIAN_POINT('',(46.3,21.5,2.49));
#6121 = VECTOR('',#6122,1.);
#6122 = DIRECTION('',(0.,0.,1.));
#6123 = ORIENTED_EDGE('',*,*,#6124,.F.);
#6124 = EDGE_CURVE('',#6108,#6117,#6125,.T.);
#6125 = LINE('',#6126,#6127);
#6126 = CARTESIAN_POINT('',(46.3,18.5,4.8));
#6127 = VECTOR('',#6128,1.);
#6128 = DIRECTION('',(0.,1.,0.));
#6129 = PLANE('',#6130);
#6130 = AXIS2_PLACEMENT_3D('',#6131,#6132,#6133);
#6131 = CARTESIAN_POINT('',(46.3,18.5,2.49));
#6132 = DIRECTION('',(1.,0.,0.));
#6133 = DIRECTION('',(0.,0.,1.));
#6134 = ADVANCED_FACE('',(#6135),#6153,.T.);
#6135 = FACE_BOUND('',#6136,.T.);
#6136 = EDGE_LOOP('',(#6137,#6145,#6146,#6147));
#6137 = ORIENTED_EDGE('',*,*,#6138,.F.);
#6138 = EDGE_CURVE('',#1601,#6139,#6141,.T.);
#6139 = VERTEX_POINT('',#6140);
#6140 = CARTESIAN_POINT('',(49.3,21.5,4.8));
#6141 = LINE('',#6142,#6143);
#6142 = CARTESIAN_POINT('',(49.3,21.5,2.49));
#6143 = VECTOR('',#6144,1.);
#6144 = DIRECTION('',(0.,0.,1.));
#6145 = ORIENTED_EDGE('',*,*,#1600,.F.);
#6146 = ORIENTED_EDGE('',*,*,#6116,.T.);
#6147 = ORIENTED_EDGE('',*,*,#6148,.T.);
#6148 = EDGE_CURVE('',#6117,#6139,#6149,.T.);
#6149 = LINE('',#6150,#6151);
#6150 = CARTESIAN_POINT('',(46.3,21.5,4.8));
#6151 = VECTOR('',#6152,1.);
#6152 = DIRECTION('',(1.,0.,0.));
#6153 = PLANE('',#6154);
#6154 = AXIS2_PLACEMENT_3D('',#6155,#6156,#6157);
#6155 = CARTESIAN_POINT('',(46.3,21.5,2.49));
#6156 = DIRECTION('',(0.,1.,0.));
#6157 = DIRECTION('',(0.,0.,1.));
#6158 = ADVANCED_FACE('',(#6159),#6177,.F.);
#6159 = FACE_BOUND('',#6160,.F.);
#6160 = EDGE_LOOP('',(#6161,#6169,#6170,#6171));
#6161 = ORIENTED_EDGE('',*,*,#6162,.F.);
#6162 = EDGE_CURVE('',#1609,#6163,#6165,.T.);
#6163 = VERTEX_POINT('',#6164);
#6164 = CARTESIAN_POINT('',(49.3,18.5,4.8));
#6165 = LINE('',#6166,#6167);
#6166 = CARTESIAN_POINT('',(49.3,18.5,2.49));
#6167 = VECTOR('',#6168,1.);
#6168 = DIRECTION('',(0.,0.,1.));
#6169 = ORIENTED_EDGE('',*,*,#1616,.F.);
#6170 = ORIENTED_EDGE('',*,*,#6107,.T.);
#6171 = ORIENTED_EDGE('',*,*,#6172,.T.);
#6172 = EDGE_CURVE('',#6108,#6163,#6173,.T.);
#6173 = LINE('',#6174,#6175);
#6174 = CARTESIAN_POINT('',(46.3,18.5,4.8));
#6175 = VECTOR('',#6176,1.);
#6176 = DIRECTION('',(1.,0.,0.));
#6177 = PLANE('',#6178);
#6178 = AXIS2_PLACEMENT_3D('',#6179,#6180,#6181);
#6179 = CARTESIAN_POINT('',(46.3,18.5,2.49));
#6180 = DIRECTION('',(0.,1.,0.));
#6181 = DIRECTION('',(0.,0.,1.));
#6182 = ADVANCED_FACE('',(#6183),#6194,.T.);
#6183 = FACE_BOUND('',#6184,.T.);
#6184 = EDGE_LOOP('',(#6185,#6186,#6187,#6188));
#6185 = ORIENTED_EDGE('',*,*,#6162,.F.);
#6186 = ORIENTED_EDGE('',*,*,#1608,.F.);
#6187 = ORIENTED_EDGE('',*,*,#6138,.T.);
#6188 = ORIENTED_EDGE('',*,*,#6189,.F.);
#6189 = EDGE_CURVE('',#6163,#6139,#6190,.T.);
#6190 = LINE('',#6191,#6192);
#6191 = CARTESIAN_POINT('',(49.3,18.5,4.8));
#6192 = VECTOR('',#6193,1.);
#6193 = DIRECTION('',(0.,1.,0.));
#6194 = PLANE('',#6195);
#6195 = AXIS2_PLACEMENT_3D('',#6196,#6197,#6198);
#6196 = CARTESIAN_POINT('',(49.3,18.5,2.49));
#6197 = DIRECTION('',(1.,0.,0.));
#6198 = DIRECTION('',(0.,0.,1.));
#6199 = ADVANCED_FACE('',(#6200),#6225,.F.);
#6200 = FACE_BOUND('',#6201,.F.);
#6201 = EDGE_LOOP('',(#6202,#6212,#6218,#6219));
#6202 = ORIENTED_EDGE('',*,*,#6203,.F.);
#6203 = EDGE_CURVE('',#6204,#6206,#6208,.T.);
#6204 = VERTEX_POINT('',#6205);
#6205 = CARTESIAN_POINT('',(86.5,15.25,1.2));
#6206 = VERTEX_POINT('',#6207);
#6207 = CARTESIAN_POINT('',(86.5,56.75,1.2));
#6208 = LINE('',#6209,#6210);
#6209 = CARTESIAN_POINT('',(86.5,15.25,1.2));
#6210 = VECTOR('',#6211,1.);
#6211 = DIRECTION('',(0.,1.,0.));
#6212 = ORIENTED_EDGE('',*,*,#6213,.T.);
#6213 = EDGE_CURVE('',#6204,#1638,#6214,.T.);
#6214 = LINE('',#6215,#6216);
#6215 = CARTESIAN_POINT('',(86.5,15.25,1.2));
#6216 = VECTOR('',#6217,1.);
#6217 = DIRECTION('',(0.,0.,1.));
#6218 = ORIENTED_EDGE('',*,*,#1635,.F.);
#6219 = ORIENTED_EDGE('',*,*,#6220,.F.);
#6220 = EDGE_CURVE('',#6206,#1636,#6221,.T.);
#6221 = LINE('',#6222,#6223);
#6222 = CARTESIAN_POINT('',(86.5,56.75,1.2));
#6223 = VECTOR('',#6224,1.);
#6224 = DIRECTION('',(0.,0.,1.));
#6225 = PLANE('',#6226);
#6226 = AXIS2_PLACEMENT_3D('',#6227,#6228,#6229);
#6227 = CARTESIAN_POINT('',(86.5,15.25,1.2));
#6228 = DIRECTION('',(-1.,0.,0.));
#6229 = DIRECTION('',(0.,1.,0.));
#6230 = ADVANCED_FACE('',(#6231),#6249,.T.);
#6231 = FACE_BOUND('',#6232,.T.);
#6232 = EDGE_LOOP('',(#6233,#6241,#6242,#6243));
#6233 = ORIENTED_EDGE('',*,*,#6234,.F.);
#6234 = EDGE_CURVE('',#6204,#6235,#6237,.T.);
#6235 = VERTEX_POINT('',#6236);
#6236 = CARTESIAN_POINT('',(118.,15.25,1.2));
#6237 = LINE('',#6238,#6239);
#6238 = CARTESIAN_POINT('',(86.5,15.25,1.2));
#6239 = VECTOR('',#6240,1.);
#6240 = DIRECTION('',(1.,0.,0.));
#6241 = ORIENTED_EDGE('',*,*,#6213,.T.);
#6242 = ORIENTED_EDGE('',*,*,#1661,.F.);
#6243 = ORIENTED_EDGE('',*,*,#6244,.F.);
#6244 = EDGE_CURVE('',#6235,#1654,#6245,.T.);
#6245 = LINE('',#6246,#6247);
#6246 = CARTESIAN_POINT('',(118.,15.25,1.2));
#6247 = VECTOR('',#6248,1.);
#6248 = DIRECTION('',(0.,0.,1.));
#6249 = PLANE('',#6250);
#6250 = AXIS2_PLACEMENT_3D('',#6251,#6252,#6253);
#6251 = CARTESIAN_POINT('',(86.5,15.25,1.2));
#6252 = DIRECTION('',(0.,1.,0.));
#6253 = DIRECTION('',(1.,0.,0.));
#6254 = ADVANCED_FACE('',(#6255),#6273,.T.);
#6255 = FACE_BOUND('',#6256,.T.);
#6256 = EDGE_LOOP('',(#6257,#6265,#6266,#6267));
#6257 = ORIENTED_EDGE('',*,*,#6258,.F.);
#6258 = EDGE_CURVE('',#6235,#6259,#6261,.T.);
#6259 = VERTEX_POINT('',#6260);
#6260 = CARTESIAN_POINT('',(118.,56.75,1.2));
#6261 = LINE('',#6262,#6263);
#6262 = CARTESIAN_POINT('',(118.,15.25,1.2));
#6263 = VECTOR('',#6264,1.);
#6264 = DIRECTION('',(0.,1.,0.));
#6265 = ORIENTED_EDGE('',*,*,#6244,.T.);
#6266 = ORIENTED_EDGE('',*,*,#1653,.F.);
#6267 = ORIENTED_EDGE('',*,*,#6268,.F.);
#6268 = EDGE_CURVE('',#6259,#1646,#6269,.T.);
#6269 = LINE('',#6270,#6271);
#6270 = CARTESIAN_POINT('',(118.,56.75,1.2));
#6271 = VECTOR('',#6272,1.);
#6272 = DIRECTION('',(0.,0.,1.));
#6273 = PLANE('',#6274);
#6274 = AXIS2_PLACEMENT_3D('',#6275,#6276,#6277);
#6275 = CARTESIAN_POINT('',(118.,15.25,1.2));
#6276 = DIRECTION('',(-1.,0.,0.));
#6277 = DIRECTION('',(0.,1.,0.));
#6278 = ADVANCED_FACE('',(#6279),#6290,.F.);
#6279 = FACE_BOUND('',#6280,.F.);
#6280 = EDGE_LOOP('',(#6281,#6287,#6288,#6289));
#6281 = ORIENTED_EDGE('',*,*,#6282,.F.);
#6282 = EDGE_CURVE('',#6206,#6259,#6283,.T.);
#6283 = LINE('',#6284,#6285);
#6284 = CARTESIAN_POINT('',(86.5,56.75,1.2));
#6285 = VECTOR('',#6286,1.);
#6286 = DIRECTION('',(1.,0.,0.));
#6287 = ORIENTED_EDGE('',*,*,#6220,.T.);
#6288 = ORIENTED_EDGE('',*,*,#1645,.F.);
#6289 = ORIENTED_EDGE('',*,*,#6268,.F.);
#6290 = PLANE('',#6291);
#6291 = AXIS2_PLACEMENT_3D('',#6292,#6293,#6294);
#6292 = CARTESIAN_POINT('',(86.5,56.75,1.2));
#6293 = DIRECTION('',(0.,1.,0.));
#6294 = DIRECTION('',(1.,0.,0.));
#6295 = ADVANCED_FACE('',(#6296,#6354),#6365,.T.);
#6296 = FACE_BOUND('',#6297,.T.);
#6297 = EDGE_LOOP('',(#6298,#6307,#6314,#6315,#6323,#6331,#6339,#6347,
    #6353));
#6298 = ORIENTED_EDGE('',*,*,#6299,.T.);
#6299 = EDGE_CURVE('',#1689,#6300,#6302,.T.);
#6300 = VERTEX_POINT('',#6301);
#6301 = CARTESIAN_POINT('',(115.3,-46.3,4.9));
#6302 = CIRCLE('',#6303,3.);
#6303 = AXIS2_PLACEMENT_3D('',#6304,#6305,#6306);
#6304 = CARTESIAN_POINT('',(112.3,-46.3,4.9));
#6305 = DIRECTION('',(0.,0.,1.));
#6306 = DIRECTION('',(1.,0.,0.));
#6307 = ORIENTED_EDGE('',*,*,#6308,.T.);
#6308 = EDGE_CURVE('',#6300,#1760,#6309,.T.);
#6309 = CIRCLE('',#6310,3.);
#6310 = AXIS2_PLACEMENT_3D('',#6311,#6312,#6313);
#6311 = CARTESIAN_POINT('',(112.3,-46.3,4.9));
#6312 = DIRECTION('',(0.,0.,1.));
#6313 = DIRECTION('',(1.,0.,0.));
#6314 = ORIENTED_EDGE('',*,*,#1759,.T.);
#6315 = ORIENTED_EDGE('',*,*,#6316,.T.);
#6316 = EDGE_CURVE('',#1752,#6317,#6319,.T.);
#6317 = VERTEX_POINT('',#6318);
#6318 = CARTESIAN_POINT('',(110.98,-48.4688,4.9));
#6319 = LINE('',#6320,#6321);
#6320 = CARTESIAN_POINT('',(110.69249290839,-48.31350450283,4.9));
#6321 = VECTOR('',#6322,1.);
#6322 = DIRECTION('',(0.879852079956,-0.475247637971,0.));
#6323 = ORIENTED_EDGE('',*,*,#6324,.T.);
#6324 = EDGE_CURVE('',#6317,#6325,#6327,.T.);
#6325 = VERTEX_POINT('',#6326);
#6326 = CARTESIAN_POINT('',(111.73,-48.6997,4.9));
#6327 = LINE('',#6328,#6329);
#6328 = CARTESIAN_POINT('',(111.27791266306,-48.56051737853,4.9));
#6329 = VECTOR('',#6330,1.);
#6330 = DIRECTION('',(0.955732157113,-0.294238073437,0.));
#6331 = ORIENTED_EDGE('',*,*,#6332,.T.);
#6332 = EDGE_CURVE('',#6325,#6333,#6335,.T.);
#6333 = VERTEX_POINT('',#6334);
#6334 = CARTESIAN_POINT('',(112.51,-48.78,4.9));
#6335 = LINE('',#6336,#6337);
#6336 = CARTESIAN_POINT('',(111.8897835249,-48.71614950903,4.9));
#6337 = VECTOR('',#6338,1.);
#6338 = DIRECTION('',(0.994742534713,-0.102407468638,0.));
#6339 = ORIENTED_EDGE('',*,*,#6340,.T.);
#6340 = EDGE_CURVE('',#6333,#6341,#6343,.T.);
#6341 = VERTEX_POINT('',#6342);
#6342 = CARTESIAN_POINT('',(113.29,-48.7065,4.9));
#6343 = LINE('',#6344,#6345);
#6344 = CARTESIAN_POINT('',(112.52174189244,-48.77889355244,4.9));
#6345 = VECTOR('',#6346,1.);
#6346 = DIRECTION('',(0.995589630628,9.381517673229E-02,0.));
#6347 = ORIENTED_EDGE('',*,*,#6348,.T.);
#6348 = EDGE_CURVE('',#6341,#1697,#6349,.T.);
#6349 = LINE('',#6350,#6351);
#6350 = CARTESIAN_POINT('',(113.1650143557,-48.74377962768,4.9));
#6351 = VECTOR('',#6352,1.);
#6352 = DIRECTION('',(0.958281025178,0.285827704717,0.));
#6353 = ORIENTED_EDGE('',*,*,#1696,.T.);
#6354 = FACE_BOUND('',#6355,.T.);
#6355 = EDGE_LOOP('',(#6356));
#6356 = ORIENTED_EDGE('',*,*,#6357,.T.);
#6357 = EDGE_CURVE('',#6358,#6358,#6360,.T.);
#6358 = VERTEX_POINT('',#6359);
#6359 = CARTESIAN_POINT('',(114.4,-46.3,4.9));
#6360 = CIRCLE('',#6361,2.1);
#6361 = AXIS2_PLACEMENT_3D('',#6362,#6363,#6364);
#6362 = CARTESIAN_POINT('',(112.3,-46.3,4.9));
#6363 = DIRECTION('',(0.,0.,-1.));
#6364 = DIRECTION('',(1.,0.,0.));
#6365 = PLANE('',#6366);
#6366 = AXIS2_PLACEMENT_3D('',#6367,#6368,#6369);
#6367 = CARTESIAN_POINT('',(112.3,-46.3,4.9));
#6368 = DIRECTION('',(0.,0.,1.));
#6369 = DIRECTION('',(1.,0.,0.));
#6370 = ADVANCED_FACE('',(#6371),#9077,.T.);
#6371 = FACE_BOUND('',#6372,.T.);
#6372 = EDGE_LOOP('',(#6373,#6384,#6392,#6401,#6409,#6418,#6426,#6435,
    #6443,#6452,#6460,#6469,#6477,#6486,#6494,#6503,#6511,#6520,#6528,
    #6537,#6545,#6554,#6562,#6571,#6579,#6588,#6596,#6605,#6613,#6621,
    #6629,#6637,#6645,#6653,#6661,#6669,#6677,#6685,#6693,#6701,#6709,
    #6717,#6725,#6734,#6742,#6751,#6759,#6768,#6776,#6785,#6793,#6802,
    #6810,#6819,#6827,#6836,#6844,#6853,#6861,#6870,#6878,#6887,#6895,
    #6904,#6912,#6921,#6929,#6938,#6946,#6955,#6963,#6972,#6980,#6989,
    #6997,#7006,#7014,#7023,#7031,#7037,#7038,#7047,#7056,#7062,#7063,
    #7064,#7065,#7066,#7067,#7068,#7069,#7070,#7078,#7086,#7092,#7093,
    #7094,#7095,#7096,#7097,#7098,#7099,#7100,#7101,#7102,#7103,#7104,
    #7105,#7106,#7107,#7108,#7109,#7110,#7111,#7112,#7113,#7114,#7115,
    #7116,#7117,#7118,#7119,#7120,#7128,#7136,#7144,#7152,#7158,#7159,
    #7160,#7161,#7162,#7163,#7164,#7165,#7166,#7167,#7168,#7169,#7170,
    #7171,#7172,#7173,#7174,#7175,#7176,#7177,#7178,#7179,#7180,#7181,
    #7182,#7183,#7184,#7185,#7186,#7187,#7188,#7189,#7190,#7191,#7192,
    #7193,#7194,#7195,#7196,#7197,#7198,#7199,#7200,#7201,#7202,#7203,
    #7204,#7205,#7206,#7214,#7221,#7222,#7223,#7224,#7225,#7226,#7227,
    #7228,#7229,#7230,#7231,#7238,#7239,#7240,#7241,#7242,#7243,#7244,
    #7245,#7246,#7247,#7248,#7249,#7250,#7251,#7252,#7253,#7254,#7255,
    #7256,#7257,#7258,#7259,#7260,#7261,#7262,#7263,#7264,#7265,#7266,
    #7267,#7268,#7269,#7270,#7271,#7272,#7273,#7274,#7275,#7276,#7277,
    #7284,#7285,#7286,#7287,#7288,#7289,#7290,#7291,#7292,#7293,#7294,
    #7295,#7296,#7297,#7298,#7299,#7300,#7301,#7302,#7303,#7304,#7305,
    #7313,#7320,#7321,#7322,#7323,#7324,#7325,#7326,#7327,#7328,#7329,
    #7330,#7331,#7339,#7347,#7356,#7364,#7373,#7381,#7390,#7398,#7407,
    #7415,#7424,#7432,#7440,#7448,#7456,#7464,#7472,#7480,#7488,#7496,
    #7504,#7513,#7521,#7530,#7538,#7547,#7555,#7564,#7572,#7581,#7589,
    #7597,#7605,#7613,#7621,#7629,#7637,#7646,#7654,#7663,#7671,#7680,
    #7688,#7697,#7705,#7714,#7722,#7731,#7739,#7748,#7756,#7765,#7773,
    #7782,#7790,#7799,#7807,#7816,#7824,#7833,#7841,#7850,#7858,#7866,
    #7874,#7882,#7890,#7898,#7906,#7915,#7923,#7932,#7940,#7949,#7957,
    #7966,#7974,#7983,#7991,#8000,#8008,#8017,#8025,#8034,#8042,#8050,
    #8058,#8066,#8074,#8082,#8090,#8098,#8106,#8115,#8123,#8132,#8140,
    #8149,#8157,#8166,#8174,#8183,#8191,#8200,#8208,#8217,#8225,#8234,
    #8242,#8251,#8259,#8268,#8276,#8285,#8293,#8302,#8310,#8319,#8327,
    #8336,#8344,#8353,#8361,#8370,#8378,#8387,#8395,#8404,#8412,#8420,
    #8428,#8436,#8444,#8452,#8460,#8468,#8477,#8485,#8494,#8502,#8511,
    #8519,#8528,#8536,#8545,#8553,#8562,#8570,#8579,#8587,#8596,#8604,
    #8613,#8621,#8630,#8638,#8647,#8655,#8664,#8672,#8681,#8689,#8698,
    #8706,#8714,#8722,#8730,#8738,#8746,#8754,#8762,#8770,#8778,#8786,
    #8794,#8802,#8810,#8818,#8826,#8835,#8843,#8852,#8860,#8869,#8877,
    #8886,#8894,#8903,#8911,#8920,#8928,#8937,#8945,#8954,#8962,#8971,
    #8979,#8987,#8995,#9003,#9011,#9020,#9028,#9037,#9045,#9054,#9062,
    #9071));
#6373 = ORIENTED_EDGE('',*,*,#6374,.F.);
#6374 = EDGE_CURVE('',#6375,#6377,#6379,.T.);
#6375 = VERTEX_POINT('',#6376);
#6376 = CARTESIAN_POINT('',(114.14748311415,-51.58134307553,10.));
#6377 = VERTEX_POINT('',#6378);
#6378 = CARTESIAN_POINT('',(113.57144553019,-51.69326889188,10.));
#6379 = CIRCLE('',#6380,3.);
#6380 = AXIS2_PLACEMENT_3D('',#6381,#6382,#6383);
#6381 = CARTESIAN_POINT('',(113.29,-48.7065,10.));
#6382 = DIRECTION('',(0.,0.,-1.));
#6383 = DIRECTION('',(0.958281025178,0.285827704717,0.));
#6384 = ORIENTED_EDGE('',*,*,#6385,.T.);
#6385 = EDGE_CURVE('',#6375,#6386,#6388,.T.);
#6386 = VERTEX_POINT('',#6387);
#6387 = CARTESIAN_POINT('',(114.89948311415,-51.35704307553,10.));
#6388 = LINE('',#6389,#6390);
#6389 = CARTESIAN_POINT('',(114.14748311415,-51.58134307553,10.));
#6390 = VECTOR('',#6391,1.);
#6391 = DIRECTION('',(0.958281025178,0.285827704717,0.));
#6392 = ORIENTED_EDGE('',*,*,#6393,.F.);
#6393 = EDGE_CURVE('',#6394,#6386,#6396,.T.);
#6394 = VERTEX_POINT('',#6395);
#6395 = CARTESIAN_POINT('',(115.44511813697,-51.13385221959,10.));
#6396 = CIRCLE('',#6397,3.);
#6397 = AXIS2_PLACEMENT_3D('',#6398,#6399,#6400);
#6398 = CARTESIAN_POINT('',(114.042,-48.4822,10.));
#6399 = DIRECTION('',(0.,0.,-1.));
#6400 = DIRECTION('',(0.883884073198,0.467706045659,0.));
#6401 = ORIENTED_EDGE('',*,*,#6402,.T.);
#6402 = EDGE_CURVE('',#6394,#6403,#6405,.T.);
#6403 = VERTEX_POINT('',#6404);
#6404 = CARTESIAN_POINT('',(116.13811813697,-50.76715221959,10.));
#6405 = LINE('',#6406,#6407);
#6406 = CARTESIAN_POINT('',(115.44511813697,-51.13385221959,10.));
#6407 = VECTOR('',#6408,1.);
#6408 = DIRECTION('',(0.883884073198,0.467706045659,0.));
#6409 = ORIENTED_EDGE('',*,*,#6410,.F.);
#6410 = EDGE_CURVE('',#6411,#6403,#6413,.T.);
#6411 = VERTEX_POINT('',#6412);
#6412 = CARTESIAN_POINT('',(116.62862146693,-50.44234286963,10.));
#6413 = CIRCLE('',#6414,3.);
#6414 = AXIS2_PLACEMENT_3D('',#6415,#6416,#6417);
#6415 = CARTESIAN_POINT('',(114.735,-48.1155,10.));
#6416 = DIRECTION('',(0.,0.,-1.));
#6417 = DIRECTION('',(0.775614289878,0.631207155644,0.));
#6418 = ORIENTED_EDGE('',*,*,#6419,.T.);
#6419 = EDGE_CURVE('',#6411,#6420,#6422,.T.);
#6420 = VERTEX_POINT('',#6421);
#6421 = CARTESIAN_POINT('',(117.23662146693,-49.94754286963,10.));
#6422 = LINE('',#6423,#6424);
#6423 = CARTESIAN_POINT('',(116.62862146693,-50.44234286963,10.));
#6424 = VECTOR('',#6425,1.);
#6425 = DIRECTION('',(0.775614289878,0.631207155644,0.));
#6426 = ORIENTED_EDGE('',*,*,#6427,.F.);
#6427 = EDGE_CURVE('',#6428,#6420,#6430,.T.);
#6428 = VERTEX_POINT('',#6429);
#6429 = CARTESIAN_POINT('',(117.6537681339,-49.53390428374,10.));
#6430 = CIRCLE('',#6431,3.);
#6431 = AXIS2_PLACEMENT_3D('',#6432,#6433,#6434);
#6432 = CARTESIAN_POINT('',(115.343,-47.6207,10.));
#6433 = DIRECTION('',(0.,0.,-1.));
#6434 = DIRECTION('',(0.637734761248,0.770256044635,0.));
#6435 = ORIENTED_EDGE('',*,*,#6436,.T.);
#6436 = EDGE_CURVE('',#6428,#6437,#6439,.T.);
#6437 = VERTEX_POINT('',#6438);
#6438 = CARTESIAN_POINT('',(118.1537681339,-48.93000428374,10.));
#6439 = LINE('',#6440,#6441);
#6440 = CARTESIAN_POINT('',(117.6537681339,-49.53390428374,10.));
#6441 = VECTOR('',#6442,1.);
#6442 = DIRECTION('',(0.637734761248,0.770256044635,0.));
#6443 = ORIENTED_EDGE('',*,*,#6444,.F.);
#6444 = EDGE_CURVE('',#6445,#6437,#6447,.T.);
#6445 = VERTEX_POINT('',#6446);
#6446 = CARTESIAN_POINT('',(118.3300623214,-48.69445342352,10.));
#6447 = CIRCLE('',#6448,3.);
#6448 = AXIS2_PLACEMENT_3D('',#6449,#6450,#6451);
#6449 = CARTESIAN_POINT('',(115.843,-47.0168,10.));
#6450 = DIRECTION('',(0.,0.,-1.));
#6451 = DIRECTION('',(0.559217807842,0.8290207738,0.));
#6452 = ORIENTED_EDGE('',*,*,#6453,.T.);
#6453 = EDGE_CURVE('',#6445,#6454,#6456,.T.);
#6454 = VERTEX_POINT('',#6455);
#6455 = CARTESIAN_POINT('',(129.9410623214,-31.48155342352,10.));
#6456 = LINE('',#6457,#6458);
#6457 = CARTESIAN_POINT('',(118.3300623214,-48.69445342352,10.));
#6458 = VECTOR('',#6459,1.);
#6459 = DIRECTION('',(0.559217807842,0.8290207738,0.));
#6460 = ORIENTED_EDGE('',*,*,#6461,.F.);
#6461 = EDGE_CURVE('',#6462,#6454,#6464,.T.);
#6462 = VERTEX_POINT('',#6463);
#6463 = CARTESIAN_POINT('',(130.09467562017,-31.22756859522,10.));
#6464 = CIRCLE('',#6465,3.);
#6465 = AXIS2_PLACEMENT_3D('',#6466,#6467,#6468);
#6466 = CARTESIAN_POINT('',(127.454,-29.8039,10.));
#6467 = DIRECTION('',(0.,0.,-1.));
#6468 = DIRECTION('',(0.474556198408,0.880225206724,0.));
#6469 = ORIENTED_EDGE('',*,*,#6470,.T.);
#6470 = EDGE_CURVE('',#6462,#6471,#6473,.T.);
#6471 = VERTEX_POINT('',#6472);
#6472 = CARTESIAN_POINT('',(130.46667562017,-30.53756859522,10.));
#6473 = LINE('',#6474,#6475);
#6474 = CARTESIAN_POINT('',(130.09467562017,-31.22756859522,10.));
#6475 = VECTOR('',#6476,1.);
#6476 = DIRECTION('',(0.474556198408,0.880225206724,0.));
#6477 = ORIENTED_EDGE('',*,*,#6478,.F.);
#6478 = EDGE_CURVE('',#6479,#6471,#6481,.T.);
#6479 = VERTEX_POINT('',#6480);
#6480 = CARTESIAN_POINT('',(130.6928567952,-29.99771678859,10.));
#6481 = CIRCLE('',#6482,3.);
#6482 = AXIS2_PLACEMENT_3D('',#6483,#6484,#6485);
#6483 = CARTESIAN_POINT('',(127.826,-29.1139,10.));
#6484 = DIRECTION('',(0.,0.,-1.));
#6485 = DIRECTION('',(0.294605596197,0.955618931734,0.));
#6486 = ORIENTED_EDGE('',*,*,#6487,.T.);
#6487 = EDGE_CURVE('',#6479,#6488,#6490,.T.);
#6488 = VERTEX_POINT('',#6489);
#6489 = CARTESIAN_POINT('',(130.9238567952,-29.24841678859,10.));
#6490 = LINE('',#6491,#6492);
#6491 = CARTESIAN_POINT('',(130.6928567952,-29.99771678859,10.));
#6492 = VECTOR('',#6493,1.);
#6493 = DIRECTION('',(0.294605596197,0.955618931734,0.));
#6494 = ORIENTED_EDGE('',*,*,#6495,.F.);
#6495 = EDGE_CURVE('',#6496,#6488,#6498,.T.);
#6496 = VERTEX_POINT('',#6497);
#6497 = CARTESIAN_POINT('',(131.04134431583,-28.67068659649,10.));
#6498 = CIRCLE('',#6499,3.);
#6499 = AXIS2_PLACEMENT_3D('',#6500,#6501,#6502);
#6500 = CARTESIAN_POINT('',(128.057,-28.3646,10.));
#6501 = DIRECTION('',(0.,0.,-1.));
#6502 = DIRECTION('',(0.102028865499,0.994781438611,0.));
#6503 = ORIENTED_EDGE('',*,*,#6504,.T.);
#6504 = EDGE_CURVE('',#6496,#6505,#6507,.T.);
#6505 = VERTEX_POINT('',#6506);
#6506 = CARTESIAN_POINT('',(131.12134431583,-27.89068659649,10.));
#6507 = LINE('',#6508,#6509);
#6508 = CARTESIAN_POINT('',(131.04134431583,-28.67068659649,10.));
#6509 = VECTOR('',#6510,1.);
#6510 = DIRECTION('',(0.102028865499,0.994781438611,0.));
#6511 = ORIENTED_EDGE('',*,*,#6512,.F.);
#6512 = EDGE_CURVE('',#6513,#6505,#6515,.T.);
#6513 = VERTEX_POINT('',#6514);
#6514 = CARTESIAN_POINT('',(131.12397037004,-27.30530086203,10.));
#6515 = CIRCLE('',#6516,3.);
#6516 = AXIS2_PLACEMENT_3D('',#6517,#6518,#6519);
#6517 = CARTESIAN_POINT('',(128.137,-27.5846,10.));
#6518 = DIRECTION('',(0.,0.,-1.));
#6519 = DIRECTION('',(-9.309971265673E-02,0.995656790015,0.));
#6520 = ORIENTED_EDGE('',*,*,#6521,.T.);
#6521 = EDGE_CURVE('',#6513,#6522,#6524,.T.);
#6522 = VERTEX_POINT('',#6523);
#6523 = CARTESIAN_POINT('',(131.05097037004,-26.52460086203,10.));
#6524 = LINE('',#6525,#6526);
#6525 = CARTESIAN_POINT('',(131.12397037004,-27.30530086203,10.));
#6526 = VECTOR('',#6527,1.);
#6527 = DIRECTION('',(-9.309971265673E-02,0.995656790015,0.));
#6528 = ORIENTED_EDGE('',*,*,#6529,.F.);
#6529 = EDGE_CURVE('',#6530,#6522,#6532,.T.);
#6530 = VERTEX_POINT('',#6531);
#6531 = CARTESIAN_POINT('',(130.93896989052,-25.94684216731,10.));
#6532 = CIRCLE('',#6533,3.);
#6533 = AXIS2_PLACEMENT_3D('',#6534,#6535,#6536);
#6534 = CARTESIAN_POINT('',(128.064,-26.8039,10.));
#6535 = DIRECTION('',(0.,0.,-1.));
#6536 = DIRECTION('',(-0.285685944228,0.958323296842,0.));
#6537 = ORIENTED_EDGE('',*,*,#6538,.T.);
#6538 = EDGE_CURVE('',#6530,#6539,#6541,.T.);
#6539 = VERTEX_POINT('',#6540);
#6540 = CARTESIAN_POINT('',(130.71496989052,-25.19544216731,10.));
#6541 = LINE('',#6542,#6543);
#6542 = CARTESIAN_POINT('',(130.93896989052,-25.94684216731,10.));
#6543 = VECTOR('',#6544,1.);
#6544 = DIRECTION('',(-0.285685944228,0.958323296842,0.));
#6545 = ORIENTED_EDGE('',*,*,#6546,.F.);
#6546 = EDGE_CURVE('',#6547,#6539,#6549,.T.);
#6547 = VERTEX_POINT('',#6548);
#6548 = CARTESIAN_POINT('',(130.49134514171,-24.64880169213,10.));
#6549 = CIRCLE('',#6550,3.);
#6550 = AXIS2_PLACEMENT_3D('',#6551,#6552,#6553);
#6551 = CARTESIAN_POINT('',(127.84,-26.0525,10.));
#6552 = DIRECTION('',(0.,0.,-1.));
#6553 = DIRECTION('',(-0.467899435954,0.883781713906,0.));
#6554 = ORIENTED_EDGE('',*,*,#6555,.T.);
#6555 = EDGE_CURVE('',#6547,#6556,#6558,.T.);
#6556 = VERTEX_POINT('',#6557);
#6557 = CARTESIAN_POINT('',(130.12434514171,-23.95560169213,10.));
#6558 = LINE('',#6559,#6560);
#6559 = CARTESIAN_POINT('',(130.49134514171,-24.64880169213,10.));
#6560 = VECTOR('',#6561,1.);
#6561 = DIRECTION('',(-0.467899435954,0.883781713906,0.));
#6562 = ORIENTED_EDGE('',*,*,#6563,.F.);
#6563 = EDGE_CURVE('',#6564,#6556,#6566,.T.);
#6564 = VERTEX_POINT('',#6565);
#6565 = CARTESIAN_POINT('',(129.79992553996,-23.46578012118,10.));
#6566 = CIRCLE('',#6567,3.);
#6567 = AXIS2_PLACEMENT_3D('',#6568,#6569,#6570);
#6568 = CARTESIAN_POINT('',(127.473,-25.3593,10.));
#6569 = DIRECTION('',(0.,0.,-1.));
#6570 = DIRECTION('',(-0.631173292938,0.775641846655,0.));
#6571 = ORIENTED_EDGE('',*,*,#6572,.T.);
#6572 = EDGE_CURVE('',#6564,#6573,#6575,.T.);
#6573 = VERTEX_POINT('',#6574);
#6574 = CARTESIAN_POINT('',(129.30492553996,-22.85748012118,10.));
#6575 = LINE('',#6576,#6577);
#6576 = CARTESIAN_POINT('',(129.79992553996,-23.46578012118,10.));
#6577 = VECTOR('',#6578,1.);
#6578 = DIRECTION('',(-0.631173292938,0.775641846655,0.));
#6579 = ORIENTED_EDGE('',*,*,#6580,.F.);
#6580 = EDGE_CURVE('',#6581,#6573,#6583,.T.);
#6581 = VERTEX_POINT('',#6582);
#6582 = CARTESIAN_POINT('',(128.89124333464,-22.44026419891,10.));
#6583 = CIRCLE('',#6584,3.);
#6584 = AXIS2_PLACEMENT_3D('',#6585,#6586,#6587);
#6585 = CARTESIAN_POINT('',(126.978,-24.751,10.));
#6586 = DIRECTION('',(0.,0.,-1.));
#6587 = DIRECTION('',(-0.77024526703,0.637747778215,0.));
#6588 = ORIENTED_EDGE('',*,*,#6589,.T.);
#6589 = EDGE_CURVE('',#6581,#6590,#6592,.T.);
#6590 = VERTEX_POINT('',#6591);
#6591 = CARTESIAN_POINT('',(128.28724333464,-21.94016419891,10.));
#6592 = LINE('',#6593,#6594);
#6593 = CARTESIAN_POINT('',(128.89124333464,-22.44026419891,10.));
#6594 = VECTOR('',#6595,1.);
#6595 = DIRECTION('',(-0.77024526703,0.637747778215,0.));
#6596 = ORIENTED_EDGE('',*,*,#6597,.F.);
#6597 = EDGE_CURVE('',#6598,#6590,#6600,.T.);
#6598 = VERTEX_POINT('',#6599);
#6599 = CARTESIAN_POINT('',(128.05155492386,-21.76377123827,10.));
#6600 = CIRCLE('',#6601,3.);
#6601 = AXIS2_PLACEMENT_3D('',#6602,#6603,#6604);
#6602 = CARTESIAN_POINT('',(126.374,-24.2509,10.));
#6603 = DIRECTION('',(0.,0.,-1.));
#6604 = DIRECTION('',(-0.829042920576,0.559184974622,0.));
#6605 = ORIENTED_EDGE('',*,*,#6606,.T.);
#6606 = EDGE_CURVE('',#6598,#6607,#6609,.T.);
#6607 = VERTEX_POINT('',#6608);
#6608 = CARTESIAN_POINT('',(114.37280302797,-12.53752692457,10.));
#6609 = LINE('',#6610,#6611);
#6610 = CARTESIAN_POINT('',(128.05155492386,-21.76377123827,10.));
#6611 = VECTOR('',#6612,1.);
#6612 = DIRECTION('',(-0.829042920576,0.559184974622,0.));
#6613 = ORIENTED_EDGE('',*,*,#6614,.T.);
#6614 = EDGE_CURVE('',#6607,#6615,#6617,.T.);
#6615 = VERTEX_POINT('',#6616);
#6616 = CARTESIAN_POINT('',(113.35703561431,-11.69639365801,10.));
#6617 = LINE('',#6618,#6619);
#6618 = CARTESIAN_POINT('',(114.48637562774,-12.63157374135,10.));
#6619 = VECTOR('',#6620,1.);
#6620 = DIRECTION('',(-0.770208752883,0.637791875914,0.));
#6621 = ORIENTED_EDGE('',*,*,#6622,.T.);
#6622 = EDGE_CURVE('',#6615,#6623,#6625,.T.);
#6623 = VERTEX_POINT('',#6624);
#6624 = CARTESIAN_POINT('',(112.74307674877,-10.94141708748,10.));
#6625 = LINE('',#6626,#6627);
#6626 = CARTESIAN_POINT('',(113.54352641828,-11.92571877329,10.));
#6627 = VECTOR('',#6628,1.);
#6628 = DIRECTION('',(-0.630927075568,0.77584213943,0.));
#6629 = ORIENTED_EDGE('',*,*,#6630,.T.);
#6630 = EDGE_CURVE('',#6623,#6631,#6633,.T.);
#6631 = VERTEX_POINT('',#6632);
#6632 = CARTESIAN_POINT('',(112.28799807419,-10.08050286166,10.));
#6633 = LINE('',#6634,#6635);
#6634 = CARTESIAN_POINT('',(112.88125425756,-11.20282020227,10.));
#6635 = VECTOR('',#6636,1.);
#6636 = DIRECTION('',(-0.467326599243,0.884084752521,0.));
#6637 = ORIENTED_EDGE('',*,*,#6638,.T.);
#6638 = EDGE_CURVE('',#6631,#6639,#6641,.T.);
#6639 = VERTEX_POINT('',#6640);
#6640 = CARTESIAN_POINT('',(112.00897356131,-9.146817085454,10.));
#6641 = LINE('',#6642,#6643);
#6642 = CARTESIAN_POINT('',(112.37239335704,-10.3629105769,10.));
#6643 = VECTOR('',#6644,1.);
#6644 = DIRECTION('',(-0.286329807699,0.958131119014,0.));
#6645 = ORIENTED_EDGE('',*,*,#6646,.T.);
#6646 = EDGE_CURVE('',#6639,#6647,#6649,.T.);
#6647 = VERTEX_POINT('',#6648);
#6648 = CARTESIAN_POINT('',(111.91760936505,-8.178729520181,10.));
#6649 = LINE('',#6650,#6651);
#6650 = CARTESIAN_POINT('',(112.03672835701,-9.440904635027,10.));
#6651 = VECTOR('',#6652,1.);
#6652 = DIRECTION('',(-9.395845499096E-02,0.995576119006,0.));
#6653 = ORIENTED_EDGE('',*,*,#6654,.T.);
#6654 = EDGE_CURVE('',#6647,#6655,#6657,.T.);
#6655 = VERTEX_POINT('',#6656);
#6656 = CARTESIAN_POINT('',(112.01781797955,-7.210091890337,10.));
#6657 = LINE('',#6658,#6659);
#6658 = CARTESIAN_POINT('',(111.88707389259,-8.473891845519,10.));
#6659 = VECTOR('',#6660,1.);
#6660 = DIRECTION('',(0.102903948506,0.99469129753,0.));
#6661 = ORIENTED_EDGE('',*,*,#6662,.T.);
#6662 = EDGE_CURVE('',#6655,#6663,#6665,.T.);
#6663 = VERTEX_POINT('',#6664);
#6664 = CARTESIAN_POINT('',(112.30416151189,-6.27940071193,10.));
#6665 = LINE('',#6666,#6667);
#6666 = CARTESIAN_POINT('',(111.9313569292,-7.491112859056,10.));
#6667 = VECTOR('',#6668,1.);
#6668 = DIRECTION('',(0.294064286352,0.955785643067,0.));
#6669 = ORIENTED_EDGE('',*,*,#6670,.T.);
#6670 = EDGE_CURVE('',#6663,#6671,#6673,.T.);
#6671 = VERTEX_POINT('',#6672);
#6672 = CARTESIAN_POINT('',(112.76679499934,-5.423454141838,10.));
#6673 = LINE('',#6674,#6675);
#6674 = CARTESIAN_POINT('',(112.16317156234,-6.540254858909,10.));
#6675 = VECTOR('',#6676,1.);
#6676 = DIRECTION('',(0.47548495297,0.879723854115,0.));
#6677 = ORIENTED_EDGE('',*,*,#6678,.T.);
#6678 = EDGE_CURVE('',#6671,#6679,#6681,.T.);
#6679 = VERTEX_POINT('',#6680);
#6680 = CARTESIAN_POINT('',(113.38839238703,-4.672915781009,10.));
#6681 = LINE('',#6682,#6683);
#6682 = CARTESIAN_POINT('',(112.5784839456,-5.650827474489,10.));
#6683 = VECTOR('',#6684,1.);
#6684 = DIRECTION('',(0.637849158163,0.7701613152,0.));
#6685 = ORIENTED_EDGE('',*,*,#6686,.T.);
#6686 = EDGE_CURVE('',#6679,#6687,#6689,.T.);
#6687 = VERTEX_POINT('',#6688);
#6688 = CARTESIAN_POINT('',(114.14317147313,-4.058632630482,10.));
#6689 = LINE('',#6690,#6691);
#6690 = CARTESIAN_POINT('',(113.15968083426,-4.859054554307,10.));
#6691 = VECTOR('',#6692,1.);
#6692 = DIRECTION('',(0.775598184769,0.631226944753,0.));
#6693 = ORIENTED_EDGE('',*,*,#6694,.T.);
#6694 = EDGE_CURVE('',#6687,#6695,#6697,.T.);
#6695 = VERTEX_POINT('',#6696);
#6696 = CARTESIAN_POINT('',(115.00349342102,-3.603613142176,10.));
#6697 = LINE('',#6698,#6699);
#6698 = CARTESIAN_POINT('',(113.88159145842,-4.196980843887,10.));
#6699 = VECTOR('',#6700,1.);
#6700 = DIRECTION('',(0.883976947962,0.467530486141,0.));
#6701 = ORIENTED_EDGE('',*,*,#6702,.T.);
#6702 = EDGE_CURVE('',#6695,#6703,#6705,.T.);
#6703 = VERTEX_POINT('',#6704);
#6704 = CARTESIAN_POINT('',(115.94342057018,-3.322905743913,10.));
#6705 = LINE('',#6706,#6707);
#6706 = CARTESIAN_POINT('',(114.72047759912,-3.688135261899,10.));
#6707 = VECTOR('',#6708,1.);
#6708 = DIRECTION('',(0.9581820873,0.286159199709,0.));
#6709 = ORIENTED_EDGE('',*,*,#6710,.T.);
#6710 = EDGE_CURVE('',#6703,#6711,#6713,.T.);
#6711 = VERTEX_POINT('',#6712);
#6712 = CARTESIAN_POINT('',(117.22007459629,-3.2,10.));
#6713 = LINE('',#6714,#6715);
#6714 = CARTESIAN_POINT('',(115.6524861381,-3.350914516904,10.));
#6715 = VECTOR('',#6716,1.);
#6716 = DIRECTION('',(0.995397838968,9.582871270171E-02,0.));
#6717 = ORIENTED_EDGE('',*,*,#6718,.T.);
#6718 = EDGE_CURVE('',#6711,#6719,#6721,.T.);
#6719 = VERTEX_POINT('',#6720);
#6720 = CARTESIAN_POINT('',(122.9,-3.2,10.));
#6721 = LINE('',#6722,#6723);
#6722 = CARTESIAN_POINT('',(117.076,-3.2,10.));
#6723 = VECTOR('',#6724,1.);
#6724 = DIRECTION('',(1.,0.,0.));
#6725 = ORIENTED_EDGE('',*,*,#6726,.F.);
#6726 = EDGE_CURVE('',#6727,#6719,#6729,.T.);
#6727 = VERTEX_POINT('',#6728);
#6728 = CARTESIAN_POINT('',(123.19418677418,-3.185540845792,10.));
#6729 = CIRCLE('',#6730,3.);
#6730 = AXIS2_PLACEMENT_3D('',#6731,#6732,#6733);
#6731 = CARTESIAN_POINT('',(122.9,-0.2,10.));
#6732 = DIRECTION('',(0.,0.,-1.));
#6733 = DIRECTION('',(0.995180281931,9.806225806271E-02,0.));
#6734 = ORIENTED_EDGE('',*,*,#6735,.T.);
#6735 = EDGE_CURVE('',#6727,#6736,#6738,.T.);
#6736 = VERTEX_POINT('',#6737);
#6737 = CARTESIAN_POINT('',(123.97418677418,-3.108681845792,10.));
#6738 = LINE('',#6739,#6740);
#6739 = CARTESIAN_POINT('',(123.19418677418,-3.185540845792,10.));
#6740 = VECTOR('',#6741,1.);
#6741 = DIRECTION('',(0.995180281931,9.806225806271E-02,0.));
#6742 = ORIENTED_EDGE('',*,*,#6743,.F.);
#6743 = EDGE_CURVE('',#6744,#6736,#6746,.T.);
#6744 = VERTEX_POINT('',#6745);
#6745 = CARTESIAN_POINT('',(124.55018759942,-2.994164082771,10.));
#6746 = CIRCLE('',#6747,3.);
#6747 = AXIS2_PLACEMENT_3D('',#6748,#6749,#6750);
#6748 = CARTESIAN_POINT('',(123.68,-0.123141,10.));
#6749 = DIRECTION('',(0.,0.,-1.));
#6750 = DIRECTION('',(0.957007694257,0.290062533142,0.));
#6751 = ORIENTED_EDGE('',*,*,#6752,.T.);
#6752 = EDGE_CURVE('',#6744,#6753,#6755,.T.);
#6753 = VERTEX_POINT('',#6754);
#6754 = CARTESIAN_POINT('',(125.30118759942,-2.766541082771,10.));
#6755 = LINE('',#6756,#6757);
#6756 = CARTESIAN_POINT('',(124.55018759942,-2.994164082771,10.));
#6757 = VECTOR('',#6758,1.);
#6758 = DIRECTION('',(0.957007694257,0.290062533142,0.));
#6759 = ORIENTED_EDGE('',*,*,#6760,.F.);
#6760 = EDGE_CURVE('',#6761,#6753,#6763,.T.);
#6761 = VERTEX_POINT('',#6762);
#6762 = CARTESIAN_POINT('',(125.8460619695,-2.540815643455,10.));
#6763 = CIRCLE('',#6764,3.);
#6764 = AXIS2_PLACEMENT_3D('',#6765,#6766,#6767);
#6765 = CARTESIAN_POINT('',(124.431,0.104482,10.));
#6766 = DIRECTION('',(0.,0.,-1.));
#6767 = DIRECTION('',(0.881765881152,0.471687323168,0.));
#6768 = ORIENTED_EDGE('',*,*,#6769,.T.);
#6769 = EDGE_CURVE('',#6761,#6770,#6772,.T.);
#6770 = VERTEX_POINT('',#6771);
#6771 = CARTESIAN_POINT('',(126.5370619695,-2.171175643455,10.));
#6772 = LINE('',#6773,#6774);
#6773 = CARTESIAN_POINT('',(125.8460619695,-2.540815643455,10.));
#6774 = VECTOR('',#6775,1.);
#6775 = DIRECTION('',(0.881765881152,0.471687323168,0.));
#6776 = ORIENTED_EDGE('',*,*,#6777,.F.);
#6777 = EDGE_CURVE('',#6778,#6770,#6780,.T.);
#6778 = VERTEX_POINT('',#6779);
#6779 = CARTESIAN_POINT('',(127.0254534199,-1.844684822106,10.));
#6780 = CIRCLE('',#6781,3.);
#6781 = AXIS2_PLACEMENT_3D('',#6782,#6783,#6784);
#6782 = CARTESIAN_POINT('',(125.122,0.474122,10.));
#6783 = DIRECTION('',(0.,0.,-1.));
#6784 = DIRECTION('',(0.772935607369,0.634484473302,0.));
#6785 = ORIENTED_EDGE('',*,*,#6786,.T.);
#6786 = EDGE_CURVE('',#6778,#6787,#6789,.T.);
#6787 = VERTEX_POINT('',#6788);
#6788 = CARTESIAN_POINT('',(127.6314534199,-1.347233822106,10.));
#6789 = LINE('',#6790,#6791);
#6790 = CARTESIAN_POINT('',(127.0254534199,-1.844684822106,10.));
#6791 = VECTOR('',#6792,1.);
#6792 = DIRECTION('',(0.772935607369,0.634484473302,0.));
#6793 = ORIENTED_EDGE('',*,*,#6794,.F.);
#6794 = EDGE_CURVE('',#6795,#6787,#6797,.T.);
#6795 = VERTEX_POINT('',#6796);
#6796 = CARTESIAN_POINT('',(128.04600331128,-0.932858844119,10.));
#6797 = CIRCLE('',#6798,3.);
#6798 = AXIS2_PLACEMENT_3D('',#6799,#6800,#6801);
#6799 = CARTESIAN_POINT('',(125.728,0.971573,10.));
#6800 = DIRECTION('',(0.,0.,-1.));
#6801 = DIRECTION('',(0.634810614706,0.772667770427,0.));
#6802 = ORIENTED_EDGE('',*,*,#6803,.T.);
#6803 = EDGE_CURVE('',#6795,#6804,#6806,.T.);
#6804 = VERTEX_POINT('',#6805);
#6805 = CARTESIAN_POINT('',(128.54400331128,-0.326711844119,10.));
#6806 = LINE('',#6807,#6808);
#6807 = CARTESIAN_POINT('',(128.04600331128,-0.932858844119,10.));
#6808 = VECTOR('',#6809,1.);
#6809 = DIRECTION('',(0.634810614706,0.772667770427,0.));
#6810 = ORIENTED_EDGE('',*,*,#6811,.F.);
#6811 = EDGE_CURVE('',#6812,#6804,#6814,.T.);
#6812 = VERTEX_POINT('',#6813);
#6813 = CARTESIAN_POINT('',(128.87119297795,0.16246238762,10.));
#6814 = CIRCLE('',#6815,3.);
#6815 = AXIS2_PLACEMENT_3D('',#6816,#6817,#6818);
#6816 = CARTESIAN_POINT('',(126.226,1.57772,10.));
#6817 = DIRECTION('',(0.,0.,-1.));
#6818 = DIRECTION('',(0.47175253746,0.88173099265,0.));
#6819 = ORIENTED_EDGE('',*,*,#6820,.T.);
#6820 = EDGE_CURVE('',#6812,#6821,#6823,.T.);
#6821 = VERTEX_POINT('',#6822);
#6822 = CARTESIAN_POINT('',(129.24119297795,0.85401238762,10.));
#6823 = LINE('',#6824,#6825);
#6824 = CARTESIAN_POINT('',(128.87119297795,0.16246238762,10.));
#6825 = VECTOR('',#6826,1.);
#6826 = DIRECTION('',(0.47175253746,0.88173099265,0.));
#6827 = ORIENTED_EDGE('',*,*,#6828,.F.);
#6828 = EDGE_CURVE('',#6829,#6821,#6831,.T.);
#6829 = VERTEX_POINT('',#6830);
#6830 = CARTESIAN_POINT('',(129.46748164144,1.400596768651,10.));
#6831 = CIRCLE('',#6832,3.);
#6832 = AXIS2_PLACEMENT_3D('',#6833,#6834,#6835);
#6833 = CARTESIAN_POINT('',(126.596,2.26927,10.));
#6834 = DIRECTION('',(0.,0.,-1.));
#6835 = DIRECTION('',(0.289557743783,0.957160547147,0.));
#6836 = ORIENTED_EDGE('',*,*,#6837,.T.);
#6837 = EDGE_CURVE('',#6829,#6838,#6840,.T.);
#6838 = VERTEX_POINT('',#6839);
#6839 = CARTESIAN_POINT('',(129.69448164144,2.150966768651,10.));
#6840 = LINE('',#6841,#6842);
#6841 = CARTESIAN_POINT('',(129.46748164144,1.400596768651,10.));
#6842 = VECTOR('',#6843,1.);
#6843 = DIRECTION('',(0.289557743783,0.957160547147,0.));
#6844 = ORIENTED_EDGE('',*,*,#6845,.F.);
#6845 = EDGE_CURVE('',#6846,#6838,#6848,.T.);
#6846 = VERTEX_POINT('',#6847);
#6847 = CARTESIAN_POINT('',(129.80850141976,2.725053386998,10.));
#6848 = CIRCLE('',#6849,3.);
#6849 = AXIS2_PLACEMENT_3D('',#6850,#6851,#6852);
#6850 = CARTESIAN_POINT('',(126.823,3.01964,10.));
#6851 = DIRECTION('',(0.,0.,-1.));
#6852 = DIRECTION('',(9.819553766732E-02,0.995167139923,0.));
#6853 = ORIENTED_EDGE('',*,*,#6854,.T.);
#6854 = EDGE_CURVE('',#6846,#6855,#6857,.T.);
#6855 = VERTEX_POINT('',#6856);
#6856 = CARTESIAN_POINT('',(129.88550141976,3.505413386998,10.));
#6857 = LINE('',#6858,#6859);
#6858 = CARTESIAN_POINT('',(129.80850141976,2.725053386998,10.));
#6859 = VECTOR('',#6860,1.);
#6860 = DIRECTION('',(9.819553766732E-02,0.995167139923,0.));
#6861 = ORIENTED_EDGE('',*,*,#6862,.F.);
#6862 = EDGE_CURVE('',#6863,#6855,#6865,.T.);
#6863 = VERTEX_POINT('',#6864);
#6864 = CARTESIAN_POINT('',(129.9,3.8,10.));
#6865 = CIRCLE('',#6866,3.);
#6866 = AXIS2_PLACEMENT_3D('',#6867,#6868,#6869);
#6867 = CARTESIAN_POINT('',(126.9,3.8,10.));
#6868 = DIRECTION('',(0.,0.,-1.));
#6869 = DIRECTION('',(0.,1.,0.));
#6870 = ORIENTED_EDGE('',*,*,#6871,.T.);
#6871 = EDGE_CURVE('',#6863,#6872,#6874,.T.);
#6872 = VERTEX_POINT('',#6873);
#6873 = CARTESIAN_POINT('',(129.9,57.,10.));
#6874 = LINE('',#6875,#6876);
#6875 = CARTESIAN_POINT('',(129.9,3.8,10.));
#6876 = VECTOR('',#6877,1.);
#6877 = DIRECTION('',(0.,1.,0.));
#6878 = ORIENTED_EDGE('',*,*,#6879,.F.);
#6879 = EDGE_CURVE('',#6880,#6872,#6882,.T.);
#6880 = VERTEX_POINT('',#6881);
#6881 = CARTESIAN_POINT('',(129.88550289524,57.294571659321,10.));
#6882 = CIRCLE('',#6883,3.);
#6883 = AXIS2_PLACEMENT_3D('',#6884,#6885,#6886);
#6884 = CARTESIAN_POINT('',(126.9,57.,10.));
#6885 = DIRECTION('',(0.,0.,-1.));
#6886 = DIRECTION('',(-9.819055310696E-02,0.995167631749,0.));
#6887 = ORIENTED_EDGE('',*,*,#6888,.T.);
#6888 = EDGE_CURVE('',#6880,#6889,#6891,.T.);
#6889 = VERTEX_POINT('',#6890);
#6890 = CARTESIAN_POINT('',(129.80850289524,58.074971659321,10.));
#6891 = LINE('',#6892,#6893);
#6892 = CARTESIAN_POINT('',(129.88550289524,57.294571659321,10.));
#6893 = VECTOR('',#6894,1.);
#6894 = DIRECTION('',(-9.819055310696E-02,0.995167631749,0.));
#6895 = ORIENTED_EDGE('',*,*,#6896,.F.);
#6896 = EDGE_CURVE('',#6897,#6889,#6899,.T.);
#6897 = VERTEX_POINT('',#6898);
#6898 = CARTESIAN_POINT('',(129.69445917911,58.649147479222,10.));
#6899 = CIRCLE('',#6900,3.);
#6900 = AXIS2_PLACEMENT_3D('',#6901,#6902,#6903);
#6901 = CARTESIAN_POINT('',(126.823,57.7804,10.));
#6902 = DIRECTION('',(0.,0.,-1.));
#6903 = DIRECTION('',(-0.289582493074,0.957153059706,0.));
#6904 = ORIENTED_EDGE('',*,*,#6905,.T.);
#6905 = EDGE_CURVE('',#6897,#6906,#6908,.T.);
#6906 = VERTEX_POINT('',#6907);
#6907 = CARTESIAN_POINT('',(129.46745917911,59.399447479222,10.));
#6908 = LINE('',#6909,#6910);
#6909 = CARTESIAN_POINT('',(129.69445917911,58.649147479222,10.));
#6910 = VECTOR('',#6911,1.);
#6911 = DIRECTION('',(-0.289582493074,0.957153059706,0.));
#6912 = ORIENTED_EDGE('',*,*,#6913,.F.);
#6913 = EDGE_CURVE('',#6914,#6906,#6916,.T.);
#6914 = VERTEX_POINT('',#6915);
#6915 = CARTESIAN_POINT('',(129.24123553736,59.945878063657,10.));
#6916 = CIRCLE('',#6917,3.);
#6917 = AXIS2_PLACEMENT_3D('',#6918,#6919,#6920);
#6918 = CARTESIAN_POINT('',(126.596,58.5307,10.));
#6919 = DIRECTION('',(0.,0.,-1.));
#6920 = DIRECTION('',(-0.471726021219,0.881745179122,0.));
#6921 = ORIENTED_EDGE('',*,*,#6922,.T.);
#6922 = EDGE_CURVE('',#6914,#6923,#6925,.T.);
#6923 = VERTEX_POINT('',#6924);
#6924 = CARTESIAN_POINT('',(128.87123553736,60.637478063657,10.));
#6925 = LINE('',#6926,#6927);
#6926 = CARTESIAN_POINT('',(129.24123553736,59.945878063657,10.));
#6927 = VECTOR('',#6928,1.);
#6928 = DIRECTION('',(-0.471726021219,0.881745179122,0.));
#6929 = ORIENTED_EDGE('',*,*,#6930,.F.);
#6930 = EDGE_CURVE('',#6931,#6923,#6933,.T.);
#6931 = VERTEX_POINT('',#6932);
#6932 = CARTESIAN_POINT('',(128.54393087561,61.12682000669,10.));
#6933 = CIRCLE('',#6934,3.);
#6934 = AXIS2_PLACEMENT_3D('',#6935,#6936,#6937);
#6935 = CARTESIAN_POINT('',(126.226,59.2223,10.));
#6936 = DIRECTION('',(0.,0.,-1.));
#6937 = DIRECTION('',(-0.63484000223,0.772643625204,0.));
#6938 = ORIENTED_EDGE('',*,*,#6939,.T.);
#6939 = EDGE_CURVE('',#6931,#6940,#6942,.T.);
#6940 = VERTEX_POINT('',#6941);
#6941 = CARTESIAN_POINT('',(128.04593087561,61.73292000669,10.));
#6942 = LINE('',#6943,#6944);
#6943 = CARTESIAN_POINT('',(128.54393087561,61.12682000669,10.));
#6944 = VECTOR('',#6945,1.);
#6945 = DIRECTION('',(-0.63484000223,0.772643625204,0.));
#6946 = ORIENTED_EDGE('',*,*,#6947,.F.);
#6947 = EDGE_CURVE('',#6948,#6940,#6950,.T.);
#6948 = VERTEX_POINT('',#6949);
#6949 = CARTESIAN_POINT('',(127.63156542785,62.147114872919,10.));
#6950 = CIRCLE('',#6951,3.);
#6951 = AXIS2_PLACEMENT_3D('',#6952,#6953,#6954);
#6952 = CARTESIAN_POINT('',(125.728,59.8284,10.));
#6953 = DIRECTION('',(0.,0.,-1.));
#6954 = DIRECTION('',(-0.77290495764,0.634521809283,0.));
#6955 = ORIENTED_EDGE('',*,*,#6956,.T.);
#6956 = EDGE_CURVE('',#6948,#6957,#6959,.T.);
#6957 = VERTEX_POINT('',#6958);
#6958 = CARTESIAN_POINT('',(127.02556542785,62.644614872919,10.));
#6959 = LINE('',#6960,#6961);
#6960 = CARTESIAN_POINT('',(127.63156542785,62.147114872919,10.));
#6961 = VECTOR('',#6962,1.);
#6962 = DIRECTION('',(-0.77290495764,0.634521809283,0.));
#6963 = ORIENTED_EDGE('',*,*,#6964,.F.);
#6964 = EDGE_CURVE('',#6965,#6957,#6967,.T.);
#6965 = VERTEX_POINT('',#6966);
#6966 = CARTESIAN_POINT('',(126.53694290597,62.971261331243,10.));
#6967 = CIRCLE('',#6968,3.);
#6968 = AXIS2_PLACEMENT_3D('',#6969,#6970,#6971);
#6969 = CARTESIAN_POINT('',(125.122,60.3259,10.));
#6970 = DIRECTION('',(0.,0.,-1.));
#6971 = DIRECTION('',(-0.881787110414,0.471647635324,0.));
#6972 = ORIENTED_EDGE('',*,*,#6973,.T.);
#6973 = EDGE_CURVE('',#6965,#6974,#6976,.T.);
#6974 = VERTEX_POINT('',#6975);
#6975 = CARTESIAN_POINT('',(125.84594290597,63.340861331243,10.));
#6976 = LINE('',#6977,#6978);
#6977 = CARTESIAN_POINT('',(126.53694290597,62.971261331243,10.));
#6978 = VECTOR('',#6979,1.);
#6979 = DIRECTION('',(-0.881787110414,0.471647635324,0.));
#6980 = ORIENTED_EDGE('',*,*,#6981,.F.);
#6981 = EDGE_CURVE('',#6982,#6974,#6984,.T.);
#6982 = VERTEX_POINT('',#6983);
#6983 = CARTESIAN_POINT('',(125.30110706881,63.566547489818,10.));
#6984 = CIRCLE('',#6985,3.);
#6985 = AXIS2_PLACEMENT_3D('',#6986,#6987,#6988);
#6986 = CARTESIAN_POINT('',(124.431,60.6955,10.));
#6987 = DIRECTION('',(0.,0.,-1.));
#6988 = DIRECTION('',(-0.957015829939,0.290035689606,0.));
#6989 = ORIENTED_EDGE('',*,*,#6990,.T.);
#6990 = EDGE_CURVE('',#6982,#6991,#6993,.T.);
#6991 = VERTEX_POINT('',#6992);
#6992 = CARTESIAN_POINT('',(124.55010706881,63.794147489818,10.));
#6993 = LINE('',#6994,#6995);
#6994 = CARTESIAN_POINT('',(125.30110706881,63.566547489818,10.));
#6995 = VECTOR('',#6996,1.);
#6996 = DIRECTION('',(-0.957015829939,0.290035689606,0.));
#6997 = ORIENTED_EDGE('',*,*,#6998,.F.);
#6998 = EDGE_CURVE('',#6999,#6991,#7001,.T.);
#6999 = VERTEX_POINT('',#7000);
#7000 = CARTESIAN_POINT('',(123.97434219617,63.908625526863,10.));
#7001 = CIRCLE('',#7002,3.);
#7002 = AXIS2_PLACEMENT_3D('',#7003,#7004,#7005);
#7003 = CARTESIAN_POINT('',(123.68,60.9231,10.));
#7004 = DIRECTION('',(0.,0.,-1.));
#7005 = DIRECTION('',(-0.995175175621,9.811406539136E-02,0.));
#7006 = ORIENTED_EDGE('',*,*,#7007,.T.);
#7007 = EDGE_CURVE('',#6999,#7008,#7010,.T.);
#7008 = VERTEX_POINT('',#7009);
#7009 = CARTESIAN_POINT('',(123.19434219617,63.985525526863,10.));
#7010 = LINE('',#7011,#7012);
#7011 = CARTESIAN_POINT('',(123.97434219617,63.908625526863,10.));
#7012 = VECTOR('',#7013,1.);
#7013 = DIRECTION('',(-0.995175175621,9.811406539136E-02,0.));
#7014 = ORIENTED_EDGE('',*,*,#7015,.F.);
#7015 = EDGE_CURVE('',#7016,#7008,#7018,.T.);
#7016 = VERTEX_POINT('',#7017);
#7017 = CARTESIAN_POINT('',(122.9,64.,10.));
#7018 = CIRCLE('',#7019,3.);
#7019 = AXIS2_PLACEMENT_3D('',#7020,#7021,#7022);
#7020 = CARTESIAN_POINT('',(122.9,61.,10.));
#7021 = DIRECTION('',(0.,0.,-1.));
#7022 = DIRECTION('',(-1.,0.,0.));
#7023 = ORIENTED_EDGE('',*,*,#7024,.T.);
#7024 = EDGE_CURVE('',#7016,#7025,#7027,.T.);
#7025 = VERTEX_POINT('',#7026);
#7026 = CARTESIAN_POINT('',(108.3,64.,10.));
#7027 = LINE('',#7028,#7029);
#7028 = CARTESIAN_POINT('',(122.9,64.,10.));
#7029 = VECTOR('',#7030,1.);
#7030 = DIRECTION('',(-1.,0.,0.));
#7031 = ORIENTED_EDGE('',*,*,#7032,.T.);
#7032 = EDGE_CURVE('',#7025,#3648,#7033,.T.);
#7033 = LINE('',#7034,#7035);
#7034 = CARTESIAN_POINT('',(108.3,34.817362443164,10.));
#7035 = VECTOR('',#7036,1.);
#7036 = DIRECTION('',(-2.22044604925E-16,-1.,0.));
#7037 = ORIENTED_EDGE('',*,*,#3647,.T.);
#7038 = ORIENTED_EDGE('',*,*,#7039,.T.);
#7039 = EDGE_CURVE('',#3640,#7040,#7042,.T.);
#7040 = VERTEX_POINT('',#7041);
#7041 = CARTESIAN_POINT('',(125.9,60.5,10.));
#7042 = CIRCLE('',#7043,2.);
#7043 = AXIS2_PLACEMENT_3D('',#7044,#7045,#7046);
#7044 = CARTESIAN_POINT('',(123.9,60.5,10.));
#7045 = DIRECTION('',(0.,0.,-1.));
#7046 = DIRECTION('',(1.,0.,0.));
#7047 = ORIENTED_EDGE('',*,*,#7048,.T.);
#7048 = EDGE_CURVE('',#7040,#7049,#7051,.T.);
#7049 = VERTEX_POINT('',#7050);
#7050 = CARTESIAN_POINT('',(125.76649947179,59.781543514346,10.));
#7051 = CIRCLE('',#7052,2.);
#7052 = AXIS2_PLACEMENT_3D('',#7053,#7054,#7055);
#7053 = CARTESIAN_POINT('',(123.9,60.5,10.));
#7054 = DIRECTION('',(0.,0.,-1.));
#7055 = DIRECTION('',(1.,0.,0.));
#7056 = ORIENTED_EDGE('',*,*,#7057,.T.);
#7057 = EDGE_CURVE('',#7049,#3503,#7058,.T.);
#7058 = LINE('',#7059,#7060);
#7059 = CARTESIAN_POINT('',(124.95340263369,60.771137878955,10.));
#7060 = VECTOR('',#7061,1.);
#7061 = DIRECTION('',(0.63484000223,-0.772643625204,0.));
#7062 = ORIENTED_EDGE('',*,*,#3502,.T.);
#7063 = ORIENTED_EDGE('',*,*,#3454,.T.);
#7064 = ORIENTED_EDGE('',*,*,#3406,.T.);
#7065 = ORIENTED_EDGE('',*,*,#3358,.T.);
#7066 = ORIENTED_EDGE('',*,*,#3310,.T.);
#7067 = ORIENTED_EDGE('',*,*,#3262,.T.);
#7068 = ORIENTED_EDGE('',*,*,#3214,.T.);
#7069 = ORIENTED_EDGE('',*,*,#3166,.T.);
#7070 = ORIENTED_EDGE('',*,*,#7071,.T.);
#7071 = EDGE_CURVE('',#3159,#7072,#7074,.T.);
#7072 = VERTEX_POINT('',#7073);
#7073 = CARTESIAN_POINT('',(125.122,0.474122,10.));
#7074 = LINE('',#7075,#7076);
#7075 = CARTESIAN_POINT('',(110.2187510626,-11.75960091609,10.));
#7076 = VECTOR('',#7077,1.);
#7077 = DIRECTION('',(-0.772935607369,-0.634484473302,0.));
#7078 = ORIENTED_EDGE('',*,*,#7079,.T.);
#7079 = EDGE_CURVE('',#7072,#7080,#7082,.T.);
#7080 = VERTEX_POINT('',#7081);
#7081 = CARTESIAN_POINT('',(124.431,0.104482,10.));
#7082 = LINE('',#7083,#7084);
#7083 = CARTESIAN_POINT('',(103.9180537042,-10.86860840344,10.));
#7084 = VECTOR('',#7085,1.);
#7085 = DIRECTION('',(-0.881765881152,-0.471687323168,0.));
#7086 = ORIENTED_EDGE('',*,*,#7087,.T.);
#7087 = EDGE_CURVE('',#7080,#3032,#7088,.T.);
#7088 = LINE('',#7089,#7090);
#7089 = CARTESIAN_POINT('',(98.4559437637,-7.768381150034,10.));
#7090 = VECTOR('',#7091,1.);
#7091 = DIRECTION('',(-0.957007694257,-0.290062533142,0.));
#7092 = ORIENTED_EDGE('',*,*,#3031,.T.);
#7093 = ORIENTED_EDGE('',*,*,#2983,.T.);
#7094 = ORIENTED_EDGE('',*,*,#2935,.T.);
#7095 = ORIENTED_EDGE('',*,*,#2887,.T.);
#7096 = ORIENTED_EDGE('',*,*,#2839,.T.);
#7097 = ORIENTED_EDGE('',*,*,#2791,.T.);
#7098 = ORIENTED_EDGE('',*,*,#2743,.T.);
#7099 = ORIENTED_EDGE('',*,*,#2695,.T.);
#7100 = ORIENTED_EDGE('',*,*,#2647,.T.);
#7101 = ORIENTED_EDGE('',*,*,#2599,.T.);
#7102 = ORIENTED_EDGE('',*,*,#2551,.T.);
#7103 = ORIENTED_EDGE('',*,*,#2503,.T.);
#7104 = ORIENTED_EDGE('',*,*,#2455,.T.);
#7105 = ORIENTED_EDGE('',*,*,#2407,.T.);
#7106 = ORIENTED_EDGE('',*,*,#2359,.T.);
#7107 = ORIENTED_EDGE('',*,*,#2311,.T.);
#7108 = ORIENTED_EDGE('',*,*,#2263,.T.);
#7109 = ORIENTED_EDGE('',*,*,#2215,.T.);
#7110 = ORIENTED_EDGE('',*,*,#2167,.T.);
#7111 = ORIENTED_EDGE('',*,*,#2119,.T.);
#7112 = ORIENTED_EDGE('',*,*,#2071,.T.);
#7113 = ORIENTED_EDGE('',*,*,#2023,.T.);
#7114 = ORIENTED_EDGE('',*,*,#1975,.T.);
#7115 = ORIENTED_EDGE('',*,*,#1927,.T.);
#7116 = ORIENTED_EDGE('',*,*,#1879,.T.);
#7117 = ORIENTED_EDGE('',*,*,#1831,.T.);
#7118 = ORIENTED_EDGE('',*,*,#1783,.T.);
#7119 = ORIENTED_EDGE('',*,*,#1712,.T.);
#7120 = ORIENTED_EDGE('',*,*,#7121,.T.);
#7121 = EDGE_CURVE('',#1705,#7122,#7124,.T.);
#7122 = VERTEX_POINT('',#7123);
#7123 = CARTESIAN_POINT('',(113.29,-48.7065,10.));
#7124 = LINE('',#7125,#7126);
#7125 = CARTESIAN_POINT('',(99.392468291078,-52.85173452435,10.));
#7126 = VECTOR('',#7127,1.);
#7127 = DIRECTION('',(-0.958281025178,-0.285827704717,0.));
#7128 = ORIENTED_EDGE('',*,*,#7129,.T.);
#7129 = EDGE_CURVE('',#7122,#7130,#7132,.T.);
#7130 = VERTEX_POINT('',#7131);
#7131 = CARTESIAN_POINT('',(112.51,-48.78,10.));
#7132 = LINE('',#7133,#7134);
#7133 = CARTESIAN_POINT('',(91.595171223381,-50.75082040395,10.));
#7134 = VECTOR('',#7135,1.);
#7135 = DIRECTION('',(-0.995589630628,-9.381517673229E-02,0.));
#7136 = ORIENTED_EDGE('',*,*,#7137,.T.);
#7137 = EDGE_CURVE('',#7130,#7138,#7140,.T.);
#7138 = VERTEX_POINT('',#7139);
#7139 = CARTESIAN_POINT('',(111.73,-48.6997,10.));
#7140 = LINE('',#7141,#7142);
#7141 = CARTESIAN_POINT('',(85.151828090114,-45.96351127645,10.));
#7142 = VECTOR('',#7143,1.);
#7143 = DIRECTION('',(-0.994742534713,0.102407468638,0.));
#7144 = ORIENTED_EDGE('',*,*,#7145,.T.);
#7145 = EDGE_CURVE('',#7138,#7146,#7148,.T.);
#7146 = VERTEX_POINT('',#7147);
#7147 = CARTESIAN_POINT('',(110.98,-48.4688,10.));
#7148 = LINE('',#7149,#7150);
#7149 = CARTESIAN_POINT('',(80.986777119676,-39.23488644924,10.));
#7150 = VECTOR('',#7151,1.);
#7151 = DIRECTION('',(-0.955732157113,0.294238073437,0.));
#7152 = ORIENTED_EDGE('',*,*,#7153,.T.);
#7153 = EDGE_CURVE('',#7146,#1744,#7154,.T.);
#7154 = LINE('',#7155,#7156);
#7155 = CARTESIAN_POINT('',(79.631722588553,-31.5361869692,10.));
#7156 = VECTOR('',#7157,1.);
#7157 = DIRECTION('',(-0.879852079956,0.475247637971,0.));
#7158 = ORIENTED_EDGE('',*,*,#1743,.T.);
#7159 = ORIENTED_EDGE('',*,*,#1814,.T.);
#7160 = ORIENTED_EDGE('',*,*,#1862,.T.);
#7161 = ORIENTED_EDGE('',*,*,#1910,.T.);
#7162 = ORIENTED_EDGE('',*,*,#1958,.T.);
#7163 = ORIENTED_EDGE('',*,*,#2006,.T.);
#7164 = ORIENTED_EDGE('',*,*,#2054,.T.);
#7165 = ORIENTED_EDGE('',*,*,#2102,.T.);
#7166 = ORIENTED_EDGE('',*,*,#2150,.T.);
#7167 = ORIENTED_EDGE('',*,*,#2198,.T.);
#7168 = ORIENTED_EDGE('',*,*,#2246,.T.);
#7169 = ORIENTED_EDGE('',*,*,#2294,.T.);
#7170 = ORIENTED_EDGE('',*,*,#2342,.T.);
#7171 = ORIENTED_EDGE('',*,*,#2390,.T.);
#7172 = ORIENTED_EDGE('',*,*,#2438,.T.);
#7173 = ORIENTED_EDGE('',*,*,#2486,.T.);
#7174 = ORIENTED_EDGE('',*,*,#2534,.T.);
#7175 = ORIENTED_EDGE('',*,*,#2582,.T.);
#7176 = ORIENTED_EDGE('',*,*,#2630,.T.);
#7177 = ORIENTED_EDGE('',*,*,#2678,.T.);
#7178 = ORIENTED_EDGE('',*,*,#2726,.T.);
#7179 = ORIENTED_EDGE('',*,*,#2774,.T.);
#7180 = ORIENTED_EDGE('',*,*,#2822,.T.);
#7181 = ORIENTED_EDGE('',*,*,#2870,.T.);
#7182 = ORIENTED_EDGE('',*,*,#2918,.T.);
#7183 = ORIENTED_EDGE('',*,*,#2966,.T.);
#7184 = ORIENTED_EDGE('',*,*,#3014,.T.);
#7185 = ORIENTED_EDGE('',*,*,#3078,.T.);
#7186 = ORIENTED_EDGE('',*,*,#3102,.T.);
#7187 = ORIENTED_EDGE('',*,*,#3126,.T.);
#7188 = ORIENTED_EDGE('',*,*,#3197,.T.);
#7189 = ORIENTED_EDGE('',*,*,#3245,.T.);
#7190 = ORIENTED_EDGE('',*,*,#3293,.T.);
#7191 = ORIENTED_EDGE('',*,*,#3341,.T.);
#7192 = ORIENTED_EDGE('',*,*,#3389,.T.);
#7193 = ORIENTED_EDGE('',*,*,#3437,.T.);
#7194 = ORIENTED_EDGE('',*,*,#3485,.T.);
#7195 = ORIENTED_EDGE('',*,*,#3549,.T.);
#7196 = ORIENTED_EDGE('',*,*,#3598,.T.);
#7197 = ORIENTED_EDGE('',*,*,#3710,.T.);
#7198 = ORIENTED_EDGE('',*,*,#3758,.T.);
#7199 = ORIENTED_EDGE('',*,*,#3806,.T.);
#7200 = ORIENTED_EDGE('',*,*,#3854,.T.);
#7201 = ORIENTED_EDGE('',*,*,#3902,.T.);
#7202 = ORIENTED_EDGE('',*,*,#3950,.T.);
#7203 = ORIENTED_EDGE('',*,*,#3998,.T.);
#7204 = ORIENTED_EDGE('',*,*,#4046,.T.);
#7205 = ORIENTED_EDGE('',*,*,#4110,.T.);
#7206 = ORIENTED_EDGE('',*,*,#7207,.T.);
#7207 = EDGE_CURVE('',#4103,#7208,#7210,.T.);
#7208 = VERTEX_POINT('',#7209);
#7209 = CARTESIAN_POINT('',(1.725144182292,-12.51186834633,10.));
#7210 = LINE('',#7211,#7212);
#7211 = CARTESIAN_POINT('',(26.244623288595,-19.94904607584,10.));
#7212 = VECTOR('',#7213,1.);
#7213 = DIRECTION('',(-0.956948194773,0.290258768207,0.));
#7214 = ORIENTED_EDGE('',*,*,#7215,.T.);
#7215 = EDGE_CURVE('',#7208,#4215,#7216,.T.);
#7216 = CIRCLE('',#7217,2.);
#7217 = AXIS2_PLACEMENT_3D('',#7218,#7219,#7220);
#7218 = CARTESIAN_POINT('',(0.,-11.5,10.));
#7219 = DIRECTION('',(0.,0.,-1.));
#7220 = DIRECTION('',(1.,0.,0.));
#7221 = ORIENTED_EDGE('',*,*,#4214,.T.);
#7222 = ORIENTED_EDGE('',*,*,#4277,.T.);
#7223 = ORIENTED_EDGE('',*,*,#4348,.T.);
#7224 = ORIENTED_EDGE('',*,*,#4396,.T.);
#7225 = ORIENTED_EDGE('',*,*,#4444,.T.);
#7226 = ORIENTED_EDGE('',*,*,#4492,.T.);
#7227 = ORIENTED_EDGE('',*,*,#4540,.T.);
#7228 = ORIENTED_EDGE('',*,*,#4588,.T.);
#7229 = ORIENTED_EDGE('',*,*,#4636,.T.);
#7230 = ORIENTED_EDGE('',*,*,#4685,.T.);
#7231 = ORIENTED_EDGE('',*,*,#7232,.T.);
#7232 = EDGE_CURVE('',#4676,#4813,#7233,.T.);
#7233 = CIRCLE('',#7234,2.);
#7234 = AXIS2_PLACEMENT_3D('',#7235,#7236,#7237);
#7235 = CARTESIAN_POINT('',(-11.5,22.,10.));
#7236 = DIRECTION('',(0.,0.,-1.));
#7237 = DIRECTION('',(1.,0.,0.));
#7238 = ORIENTED_EDGE('',*,*,#4812,.T.);
#7239 = ORIENTED_EDGE('',*,*,#4899,.T.);
#7240 = ORIENTED_EDGE('',*,*,#4947,.T.);
#7241 = ORIENTED_EDGE('',*,*,#4995,.T.);
#7242 = ORIENTED_EDGE('',*,*,#5043,.T.);
#7243 = ORIENTED_EDGE('',*,*,#5091,.T.);
#7244 = ORIENTED_EDGE('',*,*,#5139,.T.);
#7245 = ORIENTED_EDGE('',*,*,#5187,.T.);
#7246 = ORIENTED_EDGE('',*,*,#5235,.T.);
#7247 = ORIENTED_EDGE('',*,*,#5283,.T.);
#7248 = ORIENTED_EDGE('',*,*,#5363,.T.);
#7249 = ORIENTED_EDGE('',*,*,#5387,.T.);
#7250 = ORIENTED_EDGE('',*,*,#5411,.T.);
#7251 = ORIENTED_EDGE('',*,*,#5498,.T.);
#7252 = ORIENTED_EDGE('',*,*,#5546,.T.);
#7253 = ORIENTED_EDGE('',*,*,#5594,.T.);
#7254 = ORIENTED_EDGE('',*,*,#5642,.T.);
#7255 = ORIENTED_EDGE('',*,*,#5690,.T.);
#7256 = ORIENTED_EDGE('',*,*,#5738,.T.);
#7257 = ORIENTED_EDGE('',*,*,#5786,.T.);
#7258 = ORIENTED_EDGE('',*,*,#5834,.T.);
#7259 = ORIENTED_EDGE('',*,*,#5882,.T.);
#7260 = ORIENTED_EDGE('',*,*,#5930,.T.);
#7261 = ORIENTED_EDGE('',*,*,#5978,.T.);
#7262 = ORIENTED_EDGE('',*,*,#6026,.T.);
#7263 = ORIENTED_EDGE('',*,*,#6067,.T.);
#7264 = ORIENTED_EDGE('',*,*,#6043,.T.);
#7265 = ORIENTED_EDGE('',*,*,#5995,.T.);
#7266 = ORIENTED_EDGE('',*,*,#5947,.T.);
#7267 = ORIENTED_EDGE('',*,*,#5899,.T.);
#7268 = ORIENTED_EDGE('',*,*,#5851,.T.);
#7269 = ORIENTED_EDGE('',*,*,#5803,.T.);
#7270 = ORIENTED_EDGE('',*,*,#5755,.T.);
#7271 = ORIENTED_EDGE('',*,*,#5707,.T.);
#7272 = ORIENTED_EDGE('',*,*,#5659,.T.);
#7273 = ORIENTED_EDGE('',*,*,#5611,.T.);
#7274 = ORIENTED_EDGE('',*,*,#5563,.T.);
#7275 = ORIENTED_EDGE('',*,*,#5515,.T.);
#7276 = ORIENTED_EDGE('',*,*,#5436,.T.);
#7277 = ORIENTED_EDGE('',*,*,#7278,.T.);
#7278 = EDGE_CURVE('',#5427,#5301,#7279,.T.);
#7279 = CIRCLE('',#7280,2.);
#7280 = AXIS2_PLACEMENT_3D('',#7281,#7282,#7283);
#7281 = CARTESIAN_POINT('',(38.1,66.,10.));
#7282 = DIRECTION('',(0.,0.,-1.));
#7283 = DIRECTION('',(1.,0.,0.));
#7284 = ORIENTED_EDGE('',*,*,#5300,.T.);
#7285 = ORIENTED_EDGE('',*,*,#5252,.T.);
#7286 = ORIENTED_EDGE('',*,*,#5204,.T.);
#7287 = ORIENTED_EDGE('',*,*,#5156,.T.);
#7288 = ORIENTED_EDGE('',*,*,#5108,.T.);
#7289 = ORIENTED_EDGE('',*,*,#5060,.T.);
#7290 = ORIENTED_EDGE('',*,*,#5012,.T.);
#7291 = ORIENTED_EDGE('',*,*,#4964,.T.);
#7292 = ORIENTED_EDGE('',*,*,#4916,.T.);
#7293 = ORIENTED_EDGE('',*,*,#4868,.T.);
#7294 = ORIENTED_EDGE('',*,*,#4781,.T.);
#7295 = ORIENTED_EDGE('',*,*,#4757,.T.);
#7296 = ORIENTED_EDGE('',*,*,#4733,.T.);
#7297 = ORIENTED_EDGE('',*,*,#4653,.T.);
#7298 = ORIENTED_EDGE('',*,*,#4605,.T.);
#7299 = ORIENTED_EDGE('',*,*,#4557,.T.);
#7300 = ORIENTED_EDGE('',*,*,#4509,.T.);
#7301 = ORIENTED_EDGE('',*,*,#4461,.T.);
#7302 = ORIENTED_EDGE('',*,*,#4413,.T.);
#7303 = ORIENTED_EDGE('',*,*,#4365,.T.);
#7304 = ORIENTED_EDGE('',*,*,#4317,.T.);
#7305 = ORIENTED_EDGE('',*,*,#7306,.T.);
#7306 = EDGE_CURVE('',#4310,#7307,#7309,.T.);
#7307 = VERTEX_POINT('',#7308);
#7308 = CARTESIAN_POINT('',(74.286931370843,57.683239590679,10.));
#7309 = LINE('',#7310,#7311);
#7310 = CARTESIAN_POINT('',(71.975477077869,57.910891804193,10.));
#7311 = VECTOR('',#7312,1.);
#7312 = DIRECTION('',(0.995184985525,-9.80145121187E-02,0.));
#7313 = ORIENTED_EDGE('',*,*,#7314,.T.);
#7314 = EDGE_CURVE('',#7307,#4152,#7315,.T.);
#7315 = CIRCLE('',#7316,2.);
#7316 = AXIS2_PLACEMENT_3D('',#7317,#7318,#7319);
#7317 = CARTESIAN_POINT('',(76.2,57.1,10.));
#7318 = DIRECTION('',(0.,0.,-1.));
#7319 = DIRECTION('',(1.,0.,0.));
#7320 = ORIENTED_EDGE('',*,*,#4151,.T.);
#7321 = ORIENTED_EDGE('',*,*,#4127,.T.);
#7322 = ORIENTED_EDGE('',*,*,#4063,.T.);
#7323 = ORIENTED_EDGE('',*,*,#4015,.T.);
#7324 = ORIENTED_EDGE('',*,*,#3967,.T.);
#7325 = ORIENTED_EDGE('',*,*,#3919,.T.);
#7326 = ORIENTED_EDGE('',*,*,#3871,.T.);
#7327 = ORIENTED_EDGE('',*,*,#3823,.T.);
#7328 = ORIENTED_EDGE('',*,*,#3775,.T.);
#7329 = ORIENTED_EDGE('',*,*,#3727,.T.);
#7330 = ORIENTED_EDGE('',*,*,#3679,.T.);
#7331 = ORIENTED_EDGE('',*,*,#7332,.F.);
#7332 = EDGE_CURVE('',#7333,#3672,#7335,.T.);
#7333 = VERTEX_POINT('',#7334);
#7334 = CARTESIAN_POINT('',(96.3,64.,10.));
#7335 = LINE('',#7336,#7337);
#7336 = CARTESIAN_POINT('',(96.3,34.817362443164,10.));
#7337 = VECTOR('',#7338,1.);
#7338 = DIRECTION('',(-2.22044604925E-16,-1.,0.));
#7339 = ORIENTED_EDGE('',*,*,#7340,.T.);
#7340 = EDGE_CURVE('',#7333,#7341,#7343,.T.);
#7341 = VERTEX_POINT('',#7342);
#7342 = CARTESIAN_POINT('',(88.2647,64.,10.));
#7343 = LINE('',#7344,#7345);
#7344 = CARTESIAN_POINT('',(122.9,64.,10.));
#7345 = VECTOR('',#7346,1.);
#7346 = DIRECTION('',(-1.,0.,0.));
#7347 = ORIENTED_EDGE('',*,*,#7348,.F.);
#7348 = EDGE_CURVE('',#7349,#7341,#7351,.T.);
#7349 = VERTEX_POINT('',#7350);
#7350 = CARTESIAN_POINT('',(87.970507219975,63.985540253988,10.));
#7351 = CIRCLE('',#7352,3.);
#7352 = AXIS2_PLACEMENT_3D('',#7353,#7354,#7355);
#7353 = CARTESIAN_POINT('',(88.2647,61.,10.));
#7354 = DIRECTION('',(-0.,0.,-1.));
#7355 = DIRECTION('',(-0.995180084663,-9.80642600084E-02,0.));
#7356 = ORIENTED_EDGE('',*,*,#7357,.T.);
#7357 = EDGE_CURVE('',#7349,#7358,#7360,.T.);
#7358 = VERTEX_POINT('',#7359);
#7359 = CARTESIAN_POINT('',(87.190107219975,63.908640253988,10.));
#7360 = LINE('',#7361,#7362);
#7361 = CARTESIAN_POINT('',(87.970507219975,63.985540253988,10.));
#7362 = VECTOR('',#7363,1.);
#7363 = DIRECTION('',(-0.995180084663,-9.80642600084E-02,0.));
#7364 = ORIENTED_EDGE('',*,*,#7365,.F.);
#7365 = EDGE_CURVE('',#7366,#7358,#7368,.T.);
#7366 = VERTEX_POINT('',#7367);
#7367 = CARTESIAN_POINT('',(86.613555804872,63.793954323481,10.));
#7368 = CIRCLE('',#7369,3.);
#7369 = AXIS2_PLACEMENT_3D('',#7370,#7371,#7372);
#7370 = CARTESIAN_POINT('',(87.4843,60.9231,10.));
#7371 = DIRECTION('',(-0.,0.,-1.));
#7372 = DIRECTION('',(-0.95695144116,-0.290248065043,0.));
#7373 = ORIENTED_EDGE('',*,*,#7374,.T.);
#7374 = EDGE_CURVE('',#7366,#7375,#7377,.T.);
#7375 = VERTEX_POINT('',#7376);
#7376 = CARTESIAN_POINT('',(85.863155804872,63.566354323481,10.));
#7377 = LINE('',#7378,#7379);
#7378 = CARTESIAN_POINT('',(86.613555804872,63.793954323481,10.));
#7379 = VECTOR('',#7380,1.);
#7380 = DIRECTION('',(-0.95695144116,-0.290248065043,0.));
#7381 = ORIENTED_EDGE('',*,*,#7382,.F.);
#7382 = EDGE_CURVE('',#7383,#7375,#7385,.T.);
#7383 = VERTEX_POINT('',#7384);
#7384 = CARTESIAN_POINT('',(85.319752793373,63.341286778633,10.));
#7385 = CIRCLE('',#7386,3.);
#7386 = AXIS2_PLACEMENT_3D('',#7387,#7388,#7389);
#7387 = CARTESIAN_POINT('',(86.7339,60.6955,10.));
#7388 = DIRECTION('',(-0.,0.,-1.));
#7389 = DIRECTION('',(-0.881928926211,-0.471382402209,0.));
#7390 = ORIENTED_EDGE('',*,*,#7391,.T.);
#7391 = EDGE_CURVE('',#7383,#7392,#7394,.T.);
#7392 = VERTEX_POINT('',#7393);
#7393 = CARTESIAN_POINT('',(84.628252793373,62.971686778633,10.));
#7394 = LINE('',#7395,#7396);
#7395 = CARTESIAN_POINT('',(85.319752793373,63.341286778633,10.));
#7396 = VECTOR('',#7397,1.);
#7397 = DIRECTION('',(-0.881928926211,-0.471382402209,0.));
#7398 = ORIENTED_EDGE('',*,*,#7399,.F.);
#7399 = EDGE_CURVE('',#7400,#7392,#7402,.T.);
#7400 = VERTEX_POINT('',#7401);
#7401 = CARTESIAN_POINT('',(84.139209822056,62.64492288617,10.));
#7402 = CIRCLE('',#7403,3.);
#7403 = AXIS2_PLACEMENT_3D('',#7404,#7405,#7406);
#7404 = CARTESIAN_POINT('',(86.0424,60.3259,10.));
#7405 = DIRECTION('',(-0.,0.,-1.));
#7406 = DIRECTION('',(-0.773007628723,-0.634396725981,0.));
#7407 = ORIENTED_EDGE('',*,*,#7408,.T.);
#7408 = EDGE_CURVE('',#7400,#7409,#7411,.T.);
#7409 = VERTEX_POINT('',#7410);
#7410 = CARTESIAN_POINT('',(83.533009822056,62.14742288617,10.));
#7411 = LINE('',#7412,#7413);
#7412 = CARTESIAN_POINT('',(84.139209822056,62.64492288617,10.));
#7413 = VECTOR('',#7414,1.);
#7414 = DIRECTION('',(-0.773007628723,-0.634396725981,0.));
#7415 = ORIENTED_EDGE('',*,*,#7416,.F.);
#7416 = EDGE_CURVE('',#7417,#7409,#7419,.T.);
#7417 = VERTEX_POINT('',#7418);
#7418 = CARTESIAN_POINT('',(83.31487965644,61.94972034356,10.));
#7419 = CIRCLE('',#7420,3.);
#7420 = AXIS2_PLACEMENT_3D('',#7421,#7422,#7423);
#7421 = CARTESIAN_POINT('',(85.4362,59.8284,10.));
#7422 = DIRECTION('',(-0.,0.,-1.));
#7423 = DIRECTION('',(-0.707106781187,-0.707106781187,0.));
#7424 = ORIENTED_EDGE('',*,*,#7425,.T.);
#7425 = EDGE_CURVE('',#7417,#7426,#7428,.T.);
#7426 = VERTEX_POINT('',#7427);
#7427 = CARTESIAN_POINT('',(83.126292561628,61.761133248747,10.));
#7428 = LINE('',#7429,#7430);
#7429 = CARTESIAN_POINT('',(83.31487965644,61.94972034356,10.));
#7430 = VECTOR('',#7431,1.);
#7431 = DIRECTION('',(-0.707106781187,-0.707106781187,0.));
#7432 = ORIENTED_EDGE('',*,*,#7433,.T.);
#7433 = EDGE_CURVE('',#7426,#7434,#7436,.T.);
#7434 = VERTEX_POINT('',#7435);
#7435 = CARTESIAN_POINT('',(82.31684560262,61.220257405597,10.));
#7436 = LINE('',#7437,#7438);
#7437 = CARTESIAN_POINT('',(83.371945251165,61.925279403226,10.));
#7438 = VECTOR('',#7439,1.);
#7439 = DIRECTION('',(-0.831459801075,-0.555584916278,0.));
#7440 = ORIENTED_EDGE('',*,*,#7441,.T.);
#7441 = EDGE_CURVE('',#7434,#7442,#7444,.T.);
#7442 = VERTEX_POINT('',#7443);
#7443 = CARTESIAN_POINT('',(81.417457095566,60.847721153229,10.));
#7444 = LINE('',#7445,#7446);
#7445 = CARTESIAN_POINT('',(82.589856713154,61.333341501264,10.));
#7446 = VECTOR('',#7447,1.);
#7447 = DIRECTION('',(-0.923880500421,-0.382681095615,0.));
#7448 = ORIENTED_EDGE('',*,*,#7449,.T.);
#7449 = EDGE_CURVE('',#7442,#7450,#7452,.T.);
#7450 = VERTEX_POINT('',#7451);
#7451 = CARTESIAN_POINT('',(80.292766492716,60.624023880397,10.));
#7452 = LINE('',#7453,#7454);
#7453 = CARTESIAN_POINT('',(81.70727331972,60.90536464985,10.));
#7454 = VECTOR('',#7455,1.);
#7455 = DIRECTION('',(-0.980788216617,-0.195075560093,0.));
#7456 = ORIENTED_EDGE('',*,*,#7457,.T.);
#7457 = EDGE_CURVE('',#7450,#7458,#7460,.T.);
#7458 = VERTEX_POINT('',#7459);
#7459 = CARTESIAN_POINT('',(79.803927326402,60.6,10.));
#7460 = LINE('',#7461,#7462);
#7461 = CARTESIAN_POINT('',(80.513743459343,60.634883738982,10.));
#7462 = VECTOR('',#7463,1.);
#7463 = DIRECTION('',(-0.998794579661,-4.908551355237E-02,0.));
#7464 = ORIENTED_EDGE('',*,*,#7465,.T.);
#7465 = EDGE_CURVE('',#7458,#7466,#7468,.T.);
#7466 = VERTEX_POINT('',#7467);
#7467 = CARTESIAN_POINT('',(75.279476578357,60.6,10.));
#7468 = LINE('',#7469,#7470);
#7469 = CARTESIAN_POINT('',(79.8776,60.6,10.));
#7470 = VECTOR('',#7471,1.);
#7471 = DIRECTION('',(-1.,0.,0.));
#7472 = ORIENTED_EDGE('',*,*,#7473,.T.);
#7473 = EDGE_CURVE('',#7466,#7474,#7476,.T.);
#7474 = VERTEX_POINT('',#7475);
#7475 = CARTESIAN_POINT('',(73.966661841164,60.729297465134,10.));
#7476 = LINE('',#7477,#7478);
#7477 = CARTESIAN_POINT('',(75.426143536356,60.585554956575,10.));
#7478 = VECTOR('',#7479,1.);
#7479 = DIRECTION('',(-0.995184985525,9.80145121187E-02,0.));
#7480 = ORIENTED_EDGE('',*,*,#7481,.T.);
#7481 = EDGE_CURVE('',#7474,#7482,#7484,.T.);
#7482 = VERTEX_POINT('',#7483);
#7483 = CARTESIAN_POINT('',(73.035100863775,61.011858309321,10.));
#7484 = LINE('',#7485,#7486);
#7485 = CARTESIAN_POINT('',(74.249383228915,60.643542484053,10.));
#7486 = VECTOR('',#7487,1.);
#7487 = DIRECTION('',(-0.956947494684,0.290261076305,0.));
#7488 = ORIENTED_EDGE('',*,*,#7489,.T.);
#7489 = EDGE_CURVE('',#7482,#7490,#7492,.T.);
#7490 = VERTEX_POINT('',#7491);
#7491 = CARTESIAN_POINT('',(72.176487939642,61.47081825101,10.));
#7492 = LINE('',#7493,#7494);
#7493 = CARTESIAN_POINT('',(73.295742391201,60.872535901206,10.));
#7494 = VECTOR('',#7495,1.);
#7495 = DIRECTION('',(-0.881911967069,0.4714141304,0.));
#7496 = ORIENTED_EDGE('',*,*,#7497,.T.);
#7497 = EDGE_CURVE('',#7490,#7498,#7500,.T.);
#7498 = VERTEX_POINT('',#7499);
#7499 = CARTESIAN_POINT('',(72.127288255993,61.511188586026,10.));
#7500 = LINE('',#7501,#7502);
#7501 = CARTESIAN_POINT('',(72.404788255993,61.283488586026,10.));
#7502 = VECTOR('',#7503,1.);
#7503 = DIRECTION('',(-0.773062862009,0.634329418664,0.));
#7504 = ORIENTED_EDGE('',*,*,#7505,.F.);
#7505 = EDGE_CURVE('',#7506,#7498,#7508,.T.);
#7506 = VERTEX_POINT('',#7507);
#7507 = CARTESIAN_POINT('',(71.891136400746,61.686324841144,10.));
#7508 = CIRCLE('',#7509,3.);
#7509 = AXIS2_PLACEMENT_3D('',#7510,#7511,#7512);
#7510 = CARTESIAN_POINT('',(70.2243,59.192,10.));
#7511 = DIRECTION('',(0.,0.,-1.));
#7512 = DIRECTION('',(-0.831441613715,0.555612133582,0.));
#7513 = ORIENTED_EDGE('',*,*,#7514,.T.);
#7514 = EDGE_CURVE('',#7506,#7515,#7517,.T.);
#7515 = VERTEX_POINT('',#7516);
#7516 = CARTESIAN_POINT('',(71.239136400746,62.122024841144,10.));
#7517 = LINE('',#7518,#7519);
#7518 = CARTESIAN_POINT('',(71.891136400746,61.686324841144,10.));
#7519 = VECTOR('',#7520,1.);
#7520 = DIRECTION('',(-0.831441613715,0.555612133582,0.));
#7521 = ORIENTED_EDGE('',*,*,#7522,.F.);
#7522 = EDGE_CURVE('',#7523,#7515,#7525,.T.);
#7523 = VERTEX_POINT('',#7524);
#7524 = CARTESIAN_POINT('',(70.720492992782,62.399279486742,10.));
#7525 = CIRCLE('',#7526,3.);
#7526 = AXIS2_PLACEMENT_3D('',#7527,#7528,#7529);
#7527 = CARTESIAN_POINT('',(69.5723,59.6277,10.));
#7528 = DIRECTION('',(0.,0.,-1.));
#7529 = DIRECTION('',(-0.923859828914,0.382730997594,0.));
#7530 = ORIENTED_EDGE('',*,*,#7531,.T.);
#7531 = EDGE_CURVE('',#7523,#7532,#7534,.T.);
#7532 = VERTEX_POINT('',#7533);
#7533 = CARTESIAN_POINT('',(69.996092992782,62.699379486742,10.));
#7534 = LINE('',#7535,#7536);
#7535 = CARTESIAN_POINT('',(70.720492992782,62.399279486742,10.));
#7536 = VECTOR('',#7537,1.);
#7537 = DIRECTION('',(-0.923859828914,0.382730997594,0.));
#7538 = ORIENTED_EDGE('',*,*,#7539,.F.);
#7539 = EDGE_CURVE('',#7540,#7532,#7542,.T.);
#7540 = VERTEX_POINT('',#7541);
#7541 = CARTESIAN_POINT('',(69.432863661224,62.870216951258,10.));
#7542 = CIRCLE('',#7543,3.);
#7543 = AXIS2_PLACEMENT_3D('',#7544,#7545,#7546);
#7544 = CARTESIAN_POINT('',(68.8479,59.9278,10.));
#7545 = DIRECTION('',(0.,0.,-1.));
#7546 = DIRECTION('',(-0.980805650419,0.194987887075,0.));
#7547 = ORIENTED_EDGE('',*,*,#7548,.T.);
#7548 = EDGE_CURVE('',#7540,#7549,#7551,.T.);
#7549 = VERTEX_POINT('',#7550);
#7550 = CARTESIAN_POINT('',(68.663763661224,63.023116951258,10.));
#7551 = LINE('',#7552,#7553);
#7552 = CARTESIAN_POINT('',(69.432863661224,62.870216951258,10.));
#7553 = VECTOR('',#7554,1.);
#7554 = DIRECTION('',(-0.980805650419,0.194987887075,0.));
#7555 = ORIENTED_EDGE('',*,*,#7556,.F.);
#7556 = EDGE_CURVE('',#7557,#7549,#7559,.T.);
#7557 = VERTEX_POINT('',#7558);
#7558 = CARTESIAN_POINT('',(68.22628785155,63.077072362315,10.));
#7559 = CIRCLE('',#7560,3.);
#7560 = AXIS2_PLACEMENT_3D('',#7561,#7562,#7563);
#7561 = CARTESIAN_POINT('',(68.0788,60.0807,10.));
#7562 = DIRECTION('',(0.,0.,-1.));
#7563 = DIRECTION('',(-0.998790787438,4.916261718327E-02,0.));
#7564 = ORIENTED_EDGE('',*,*,#7565,.T.);
#7565 = EDGE_CURVE('',#7557,#7566,#7568,.T.);
#7566 = VERTEX_POINT('',#7567);
#7567 = CARTESIAN_POINT('',(67.83418785155,63.096372362315,10.));
#7568 = LINE('',#7569,#7570);
#7569 = CARTESIAN_POINT('',(68.22628785155,63.077072362315,10.));
#7570 = VECTOR('',#7571,1.);
#7571 = DIRECTION('',(-0.998790787438,4.916261718327E-02,0.));
#7572 = ORIENTED_EDGE('',*,*,#7573,.F.);
#7573 = EDGE_CURVE('',#7574,#7566,#7576,.T.);
#7574 = VERTEX_POINT('',#7575);
#7575 = CARTESIAN_POINT('',(67.6867,63.1,10.));
#7576 = CIRCLE('',#7577,3.);
#7577 = AXIS2_PLACEMENT_3D('',#7578,#7579,#7580);
#7578 = CARTESIAN_POINT('',(67.6867,60.1,10.));
#7579 = DIRECTION('',(0.,0.,-1.));
#7580 = DIRECTION('',(-1.,0.,0.));
#7581 = ORIENTED_EDGE('',*,*,#7582,.T.);
#7582 = EDGE_CURVE('',#7574,#7583,#7585,.T.);
#7583 = VERTEX_POINT('',#7584);
#7584 = CARTESIAN_POINT('',(58.278276578357,63.1,10.));
#7585 = LINE('',#7586,#7587);
#7586 = CARTESIAN_POINT('',(67.6867,63.1,10.));
#7587 = VECTOR('',#7588,1.);
#7588 = DIRECTION('',(-1.,0.,0.));
#7589 = ORIENTED_EDGE('',*,*,#7590,.T.);
#7590 = EDGE_CURVE('',#7583,#7591,#7593,.T.);
#7591 = VERTEX_POINT('',#7592);
#7592 = CARTESIAN_POINT('',(56.965461841164,63.229297465134,10.));
#7593 = LINE('',#7594,#7595);
#7594 = CARTESIAN_POINT('',(58.424943536356,63.085554956575,10.));
#7595 = VECTOR('',#7596,1.);
#7596 = DIRECTION('',(-0.995184985525,9.80145121187E-02,0.));
#7597 = ORIENTED_EDGE('',*,*,#7598,.T.);
#7598 = EDGE_CURVE('',#7591,#7599,#7601,.T.);
#7599 = VERTEX_POINT('',#7600);
#7600 = CARTESIAN_POINT('',(56.033900863775,63.511858309321,10.));
#7601 = LINE('',#7602,#7603);
#7602 = CARTESIAN_POINT('',(57.248183228915,63.143542484053,10.));
#7603 = VECTOR('',#7604,1.);
#7604 = DIRECTION('',(-0.956947494684,0.290261076305,0.));
#7605 = ORIENTED_EDGE('',*,*,#7606,.T.);
#7606 = EDGE_CURVE('',#7599,#7607,#7609,.T.);
#7607 = VERTEX_POINT('',#7608);
#7608 = CARTESIAN_POINT('',(55.175379197505,63.970769470352,10.));
#7609 = LINE('',#7610,#7611);
#7610 = CARTESIAN_POINT('',(56.294542391201,63.372535901206,10.));
#7611 = VECTOR('',#7612,1.);
#7612 = DIRECTION('',(-0.881911967069,0.4714141304,0.));
#7613 = ORIENTED_EDGE('',*,*,#7614,.T.);
#7614 = EDGE_CURVE('',#7607,#7615,#7617,.T.);
#7615 = VERTEX_POINT('',#7616);
#7616 = CARTESIAN_POINT('',(54.422787506684,64.588387506684,10.));
#7617 = LINE('',#7618,#7619);
#7618 = CARTESIAN_POINT('',(55.403746704449,63.783358563587,10.));
#7619 = VECTOR('',#7620,1.);
#7620 = DIRECTION('',(-0.773019521196,0.634382234816,0.));
#7621 = ORIENTED_EDGE('',*,*,#7622,.T.);
#7622 = EDGE_CURVE('',#7615,#7623,#7625,.T.);
#7623 = VERTEX_POINT('',#7624);
#7624 = CARTESIAN_POINT('',(53.80521679055,65.340921535996,10.));
#7625 = LINE('',#7626,#7627);
#7626 = CARTESIAN_POINT('',(54.610258563587,64.359946704449,10.));
#7627 = VECTOR('',#7628,1.);
#7628 = DIRECTION('',(-0.634382234816,0.773019521196,0.));
#7629 = ORIENTED_EDGE('',*,*,#7630,.T.);
#7630 = EDGE_CURVE('',#7623,#7631,#7633,.T.);
#7631 = VERTEX_POINT('',#7632);
#7632 = CARTESIAN_POINT('',(53.560005550374,65.799712085236,10.));
#7633 = LINE('',#7634,#7635);
#7634 = CARTESIAN_POINT('',(53.944505550374,65.080312085236,10.));
#7635 = VECTOR('',#7636,1.);
#7636 = DIRECTION('',(-0.471370695079,0.881935183458,0.));
#7637 = ORIENTED_EDGE('',*,*,#7638,.F.);
#7638 = EDGE_CURVE('',#7639,#7631,#7641,.T.);
#7639 = VERTEX_POINT('',#7640);
#7640 = CARTESIAN_POINT('',(53.408524841144,66.052436400746,10.));
#7641 = CIRCLE('',#7642,3.);
#7642 = AXIS2_PLACEMENT_3D('',#7643,#7644,#7645);
#7643 = CARTESIAN_POINT('',(50.9142,64.3856,10.));
#7644 = DIRECTION('',(0.,0.,-1.));
#7645 = DIRECTION('',(-0.555612133582,0.831441613715,0.));
#7646 = ORIENTED_EDGE('',*,*,#7647,.T.);
#7647 = EDGE_CURVE('',#7639,#7648,#7650,.T.);
#7648 = VERTEX_POINT('',#7649);
#7649 = CARTESIAN_POINT('',(52.972824841144,66.704436400746,10.));
#7650 = LINE('',#7651,#7652);
#7651 = CARTESIAN_POINT('',(53.408524841144,66.052436400746,10.));
#7652 = VECTOR('',#7653,1.);
#7653 = DIRECTION('',(-0.555612133582,0.831441613715,0.));
#7654 = ORIENTED_EDGE('',*,*,#7655,.F.);
#7655 = EDGE_CURVE('',#7656,#7648,#7658,.T.);
#7656 = VERTEX_POINT('',#7657);
#7657 = CARTESIAN_POINT('',(52.59982034356,67.15892034356,10.));
#7658 = CIRCLE('',#7659,3.);
#7659 = AXIS2_PLACEMENT_3D('',#7660,#7661,#7662);
#7660 = CARTESIAN_POINT('',(50.4785,65.0376,10.));
#7661 = DIRECTION('',(0.,0.,-1.));
#7662 = DIRECTION('',(-0.707106781187,0.707106781187,0.));
#7663 = ORIENTED_EDGE('',*,*,#7664,.T.);
#7664 = EDGE_CURVE('',#7656,#7665,#7667,.T.);
#7665 = VERTEX_POINT('',#7666);
#7666 = CARTESIAN_POINT('',(52.04542034356,67.71332034356,10.));
#7667 = LINE('',#7668,#7669);
#7668 = CARTESIAN_POINT('',(52.59982034356,67.15892034356,10.));
#7669 = VECTOR('',#7670,1.);
#7670 = DIRECTION('',(-0.707106781187,0.707106781187,0.));
#7671 = ORIENTED_EDGE('',*,*,#7672,.F.);
#7672 = EDGE_CURVE('',#7673,#7665,#7675,.T.);
#7673 = VERTEX_POINT('',#7674);
#7674 = CARTESIAN_POINT('',(51.590936400746,68.086324841144,10.));
#7675 = CIRCLE('',#7676,3.);
#7676 = AXIS2_PLACEMENT_3D('',#7677,#7678,#7679);
#7677 = CARTESIAN_POINT('',(49.9241,65.592,10.));
#7678 = DIRECTION('',(0.,0.,-1.));
#7679 = DIRECTION('',(-0.831441613715,0.555612133582,0.));
#7680 = ORIENTED_EDGE('',*,*,#7681,.T.);
#7681 = EDGE_CURVE('',#7673,#7682,#7684,.T.);
#7682 = VERTEX_POINT('',#7683);
#7683 = CARTESIAN_POINT('',(50.938936400746,68.522024841144,10.));
#7684 = LINE('',#7685,#7686);
#7685 = CARTESIAN_POINT('',(51.590936400746,68.086324841144,10.));
#7686 = VECTOR('',#7687,1.);
#7687 = DIRECTION('',(-0.831441613715,0.555612133582,0.));
#7688 = ORIENTED_EDGE('',*,*,#7689,.F.);
#7689 = EDGE_CURVE('',#7690,#7682,#7692,.T.);
#7690 = VERTEX_POINT('',#7691);
#7691 = CARTESIAN_POINT('',(50.420157722673,68.799335521747,10.));
#7692 = CIRCLE('',#7693,3.);
#7693 = AXIS2_PLACEMENT_3D('',#7694,#7695,#7696);
#7694 = CARTESIAN_POINT('',(49.2721,66.0277,10.));
#7695 = DIRECTION('',(0.,0.,-1.));
#7696 = DIRECTION('',(-0.923878507249,0.382685907558,0.));
#7697 = ORIENTED_EDGE('',*,*,#7698,.T.);
#7698 = EDGE_CURVE('',#7690,#7699,#7701,.T.);
#7699 = VERTEX_POINT('',#7700);
#7700 = CARTESIAN_POINT('',(49.695657722673,69.099435521747,10.));
#7701 = LINE('',#7702,#7703);
#7702 = CARTESIAN_POINT('',(50.420157722673,68.799335521747,10.));
#7703 = VECTOR('',#7704,1.);
#7704 = DIRECTION('',(-0.923878507249,0.382685907558,0.));
#7705 = ORIENTED_EDGE('',*,*,#7706,.F.);
#7706 = EDGE_CURVE('',#7707,#7699,#7709,.T.);
#7707 = VERTEX_POINT('',#7708);
#7708 = CARTESIAN_POINT('',(49.132636836648,69.27020240276,10.));
#7709 = CIRCLE('',#7710,3.);
#7710 = AXIS2_PLACEMENT_3D('',#7711,#7712,#7713);
#7711 = CARTESIAN_POINT('',(48.5476,66.3278,10.));
#7712 = DIRECTION('',(0.,0.,-1.));
#7713 = DIRECTION('',(-0.98080080092,0.195012278883,0.));
#7714 = ORIENTED_EDGE('',*,*,#7715,.T.);
#7715 = EDGE_CURVE('',#7707,#7716,#7718,.T.);
#7716 = VERTEX_POINT('',#7717);
#7717 = CARTESIAN_POINT('',(48.363636836648,69.42310240276,10.));
#7718 = LINE('',#7719,#7720);
#7719 = CARTESIAN_POINT('',(49.132636836648,69.27020240276,10.));
#7720 = VECTOR('',#7721,1.);
#7721 = DIRECTION('',(-0.98080080092,0.195012278883,0.));
#7722 = ORIENTED_EDGE('',*,*,#7723,.F.);
#7723 = EDGE_CURVE('',#7724,#7716,#7726,.T.);
#7724 = VERTEX_POINT('',#7725);
#7725 = CARTESIAN_POINT('',(47.92608785155,69.477072362315,10.));
#7726 = CIRCLE('',#7727,3.);
#7727 = AXIS2_PLACEMENT_3D('',#7728,#7729,#7730);
#7728 = CARTESIAN_POINT('',(47.7786,66.4807,10.));
#7729 = DIRECTION('',(0.,0.,-1.));
#7730 = DIRECTION('',(-0.998790787438,4.916261718327E-02,0.));
#7731 = ORIENTED_EDGE('',*,*,#7732,.T.);
#7732 = EDGE_CURVE('',#7724,#7733,#7735,.T.);
#7733 = VERTEX_POINT('',#7734);
#7734 = CARTESIAN_POINT('',(47.53398785155,69.496372362315,10.));
#7735 = LINE('',#7736,#7737);
#7736 = CARTESIAN_POINT('',(47.92608785155,69.477072362315,10.));
#7737 = VECTOR('',#7738,1.);
#7738 = DIRECTION('',(-0.998790787438,4.916261718327E-02,0.));
#7739 = ORIENTED_EDGE('',*,*,#7740,.F.);
#7740 = EDGE_CURVE('',#7741,#7733,#7743,.T.);
#7741 = VERTEX_POINT('',#7742);
#7742 = CARTESIAN_POINT('',(47.3865,69.5,10.));
#7743 = CIRCLE('',#7744,3.);
#7744 = AXIS2_PLACEMENT_3D('',#7745,#7746,#7747);
#7745 = CARTESIAN_POINT('',(47.3865,66.5,10.));
#7746 = DIRECTION('',(0.,0.,-1.));
#7747 = DIRECTION('',(-1.,0.,0.));
#7748 = ORIENTED_EDGE('',*,*,#7749,.T.);
#7749 = EDGE_CURVE('',#7741,#7750,#7752,.T.);
#7750 = VERTEX_POINT('',#7751);
#7751 = CARTESIAN_POINT('',(28.8722,69.5,10.));
#7752 = LINE('',#7753,#7754);
#7753 = CARTESIAN_POINT('',(47.3865,69.5,10.));
#7754 = VECTOR('',#7755,1.);
#7755 = DIRECTION('',(-1.,0.,0.));
#7756 = ORIENTED_EDGE('',*,*,#7757,.F.);
#7757 = EDGE_CURVE('',#7758,#7750,#7760,.T.);
#7758 = VERTEX_POINT('',#7759);
#7759 = CARTESIAN_POINT('',(28.578007219975,69.485540253988,10.));
#7760 = CIRCLE('',#7761,3.);
#7761 = AXIS2_PLACEMENT_3D('',#7762,#7763,#7764);
#7762 = CARTESIAN_POINT('',(28.8722,66.5,10.));
#7763 = DIRECTION('',(-0.,0.,-1.));
#7764 = DIRECTION('',(-0.995180084663,-9.806426000839E-02,0.));
#7765 = ORIENTED_EDGE('',*,*,#7766,.T.);
#7766 = EDGE_CURVE('',#7758,#7767,#7769,.T.);
#7767 = VERTEX_POINT('',#7768);
#7768 = CARTESIAN_POINT('',(27.797607219975,69.408640253988,10.));
#7769 = LINE('',#7770,#7771);
#7770 = CARTESIAN_POINT('',(28.578007219975,69.485540253988,10.));
#7771 = VECTOR('',#7772,1.);
#7772 = DIRECTION('',(-0.995180084663,-9.806426000839E-02,0.));
#7773 = ORIENTED_EDGE('',*,*,#7774,.F.);
#7774 = EDGE_CURVE('',#7775,#7767,#7777,.T.);
#7775 = VERTEX_POINT('',#7776);
#7776 = CARTESIAN_POINT('',(27.220949530602,69.293922087826,10.));
#7777 = CIRCLE('',#7778,3.);
#7778 = AXIS2_PLACEMENT_3D('',#7779,#7780,#7781);
#7779 = CARTESIAN_POINT('',(28.0918,66.4231,10.));
#7780 = DIRECTION('',(-0.,0.,-1.));
#7781 = DIRECTION('',(-0.956940695942,-0.290283489799,0.));
#7782 = ORIENTED_EDGE('',*,*,#7783,.T.);
#7783 = EDGE_CURVE('',#7775,#7784,#7786,.T.);
#7784 = VERTEX_POINT('',#7785);
#7785 = CARTESIAN_POINT('',(26.470649530602,69.066322087826,10.));
#7786 = LINE('',#7787,#7788);
#7787 = CARTESIAN_POINT('',(27.220949530602,69.293922087826,10.));
#7788 = VECTOR('',#7789,1.);
#7789 = DIRECTION('',(-0.956940695942,-0.290283489799,0.));
#7790 = ORIENTED_EDGE('',*,*,#7791,.F.);
#7791 = EDGE_CURVE('',#7792,#7784,#7794,.T.);
#7792 = VERTEX_POINT('',#7793);
#7793 = CARTESIAN_POINT('',(25.9275118412,68.841371781998,10.));
#7794 = CIRCLE('',#7795,3.);
#7795 = AXIS2_PLACEMENT_3D('',#7796,#7797,#7798);
#7796 = CARTESIAN_POINT('',(27.3415,66.1955,10.));
#7797 = DIRECTION('',(-0.,0.,-1.));
#7798 = DIRECTION('',(-0.881957260666,-0.471329386267,0.));
#7799 = ORIENTED_EDGE('',*,*,#7800,.T.);
#7800 = EDGE_CURVE('',#7792,#7801,#7803,.T.);
#7801 = VERTEX_POINT('',#7802);
#7802 = CARTESIAN_POINT('',(25.2359118412,68.471771781998,10.));
#7803 = LINE('',#7804,#7805);
#7804 = CARTESIAN_POINT('',(25.9275118412,68.841371781998,10.));
#7805 = VECTOR('',#7806,1.);
#7806 = DIRECTION('',(-0.881957260666,-0.471329386267,0.));
#7807 = ORIENTED_EDGE('',*,*,#7808,.F.);
#7808 = EDGE_CURVE('',#7809,#7801,#7811,.T.);
#7809 = VERTEX_POINT('',#7810);
#7810 = CARTESIAN_POINT('',(24.746522209368,68.144768902316,10.));
#7811 = CIRCLE('',#7812,3.);
#7812 = AXIS2_PLACEMENT_3D('',#7813,#7814,#7815);
#7813 = CARTESIAN_POINT('',(26.6499,65.8259,10.));
#7814 = DIRECTION('',(-0.,0.,-1.));
#7815 = DIRECTION('',(-0.772956300772,-0.634459263544,0.));
#7816 = ORIENTED_EDGE('',*,*,#7817,.T.);
#7817 = EDGE_CURVE('',#7809,#7818,#7820,.T.);
#7818 = VERTEX_POINT('',#7819);
#7819 = CARTESIAN_POINT('',(24.140422209368,67.647268902316,10.));
#7820 = LINE('',#7821,#7822);
#7821 = CARTESIAN_POINT('',(24.746522209368,68.144768902316,10.));
#7822 = VECTOR('',#7823,1.);
#7823 = DIRECTION('',(-0.772956300772,-0.634459263544,0.));
#7824 = ORIENTED_EDGE('',*,*,#7825,.F.);
#7825 = EDGE_CURVE('',#7826,#7818,#7828,.T.);
#7826 = VERTEX_POINT('',#7827);
#7827 = CARTESIAN_POINT('',(23.724931097684,67.231777790632,10.));
#7828 = CIRCLE('',#7829,3.);
#7829 = AXIS2_PLACEMENT_3D('',#7830,#7831,#7832);
#7830 = CARTESIAN_POINT('',(26.0438,65.3284,10.));
#7831 = DIRECTION('',(-0.,0.,-1.));
#7832 = DIRECTION('',(-0.634459263544,-0.772956300772,0.));
#7833 = ORIENTED_EDGE('',*,*,#7834,.T.);
#7834 = EDGE_CURVE('',#7826,#7835,#7837,.T.);
#7835 = VERTEX_POINT('',#7836);
#7836 = CARTESIAN_POINT('',(23.227431097684,66.625677790632,10.));
#7837 = LINE('',#7838,#7839);
#7838 = CARTESIAN_POINT('',(23.724931097684,67.231777790632,10.));
#7839 = VECTOR('',#7840,1.);
#7840 = DIRECTION('',(-0.634459263544,-0.772956300772,0.));
#7841 = ORIENTED_EDGE('',*,*,#7842,.F.);
#7842 = EDGE_CURVE('',#7843,#7835,#7845,.T.);
#7843 = VERTEX_POINT('',#7844);
#7844 = CARTESIAN_POINT('',(22.912650743766,66.158925071179,10.));
#7845 = CIRCLE('',#7846,3.);
#7846 = AXIS2_PLACEMENT_3D('',#7847,#7848,#7849);
#7847 = CARTESIAN_POINT('',(25.5463,64.7223,10.));
#7848 = DIRECTION('',(-0.,0.,-1.));
#7849 = DIRECTION('',(-0.470927681203,-0.882171819476,0.));
#7850 = ORIENTED_EDGE('',*,*,#7851,.T.);
#7851 = EDGE_CURVE('',#7843,#7852,#7854,.T.);
#7852 = VERTEX_POINT('',#7853);
#7853 = CARTESIAN_POINT('',(22.104577342592,64.949536917016,10.));
#7854 = LINE('',#7855,#7856);
#7855 = CARTESIAN_POINT('',(22.994277892573,66.281090838152,10.));
#7856 = VECTOR('',#7857,1.);
#7857 = DIRECTION('',(-0.555563612717,-0.831474035809,0.));
#7858 = ORIENTED_EDGE('',*,*,#7859,.T.);
#7859 = EDGE_CURVE('',#7852,#7860,#7862,.T.);
#7860 = VERTEX_POINT('',#7861);
#7861 = CARTESIAN_POINT('',(21.41614947838,64.261171280759,10.));
#7862 = LINE('',#7863,#7864);
#7863 = CARTESIAN_POINT('',(22.313575537493,65.158516220278,10.));
#7864 = VECTOR('',#7865,1.);
#7865 = DIRECTION('',(-0.707138740093,-0.707074820836,0.));
#7866 = ORIENTED_EDGE('',*,*,#7867,.T.);
#7867 = EDGE_CURVE('',#7860,#7868,#7870,.T.);
#7868 = VERTEX_POINT('',#7869);
#7869 = CARTESIAN_POINT('',(20.60664560262,63.720257405597,10.));
#7870 = LINE('',#7871,#7872);
#7871 = CARTESIAN_POINT('',(21.661745251165,64.425279403226,10.));
#7872 = VECTOR('',#7873,1.);
#7873 = DIRECTION('',(-0.831459801075,-0.555584916278,0.));
#7874 = ORIENTED_EDGE('',*,*,#7875,.T.);
#7875 = EDGE_CURVE('',#7868,#7876,#7878,.T.);
#7876 = VERTEX_POINT('',#7877);
#7877 = CARTESIAN_POINT('',(19.707240685264,63.347714355908,10.));
#7878 = LINE('',#7879,#7880);
#7879 = CARTESIAN_POINT('',(20.879656713154,63.833341501264,10.));
#7880 = VECTOR('',#7881,1.);
#7881 = DIRECTION('',(-0.923880500421,-0.382681095615,0.));
#7882 = ORIENTED_EDGE('',*,*,#7883,.T.);
#7883 = EDGE_CURVE('',#7876,#7884,#7886,.T.);
#7884 = VERTEX_POINT('',#7885);
#7885 = CARTESIAN_POINT('',(18.582658082412,63.124024853256,10.));
#7886 = LINE('',#7887,#7888);
#7887 = CARTESIAN_POINT('',(19.99703881229,63.405357786225,10.));
#7888 = VECTOR('',#7889,1.);
#7889 = DIRECTION('',(-0.980785928742,-0.19508706257,0.));
#7890 = ORIENTED_EDGE('',*,*,#7891,.T.);
#7891 = EDGE_CURVE('',#7884,#7892,#7894,.T.);
#7892 = VERTEX_POINT('',#7893);
#7893 = CARTESIAN_POINT('',(18.093736718091,63.1,10.));
#7894 = LINE('',#7895,#7896);
#7895 = CARTESIAN_POINT('',(18.803662208776,63.134884660359,10.));
#7896 = VECTOR('',#7897,1.);
#7897 = DIRECTION('',(-0.998794886786,-4.907926374126E-02,0.));
#7898 = ORIENTED_EDGE('',*,*,#7899,.T.);
#7899 = EDGE_CURVE('',#7892,#7900,#7902,.T.);
#7900 = VERTEX_POINT('',#7901);
#7901 = CARTESIAN_POINT('',(10.853,63.1,10.));
#7902 = LINE('',#7903,#7904);
#7903 = CARTESIAN_POINT('',(18.1674,63.1,10.));
#7904 = VECTOR('',#7905,1.);
#7905 = DIRECTION('',(-1.,0.,0.));
#7906 = ORIENTED_EDGE('',*,*,#7907,.F.);
#7907 = EDGE_CURVE('',#7908,#7900,#7910,.T.);
#7908 = VERTEX_POINT('',#7909);
#7909 = CARTESIAN_POINT('',(10.558769880092,63.085536574309,10.));
#7910 = CIRCLE('',#7911,3.);
#7911 = AXIS2_PLACEMENT_3D('',#7912,#7913,#7914);
#7912 = CARTESIAN_POINT('',(10.853,60.1,10.));
#7913 = DIRECTION('',(-0.,0.,-1.));
#7914 = DIRECTION('',(-0.995178858103,-9.807670663608E-02,0.));
#7915 = ORIENTED_EDGE('',*,*,#7916,.T.);
#7916 = EDGE_CURVE('',#7908,#7917,#7919,.T.);
#7917 = VERTEX_POINT('',#7918);
#7918 = CARTESIAN_POINT('',(9.778469880092,63.008636574309,10.));
#7919 = LINE('',#7920,#7921);
#7920 = CARTESIAN_POINT('',(10.558769880092,63.085536574309,10.));
#7921 = VECTOR('',#7922,1.);
#7922 = DIRECTION('',(-0.995178858103,-9.807670663608E-02,0.));
#7923 = ORIENTED_EDGE('',*,*,#7924,.F.);
#7924 = EDGE_CURVE('',#7925,#7917,#7927,.T.);
#7925 = VERTEX_POINT('',#7926);
#7926 = CARTESIAN_POINT('',(9.201977056756,62.893960769196,10.));
#7927 = CIRCLE('',#7928,3.);
#7928 = AXIS2_PLACEMENT_3D('',#7929,#7930,#7931);
#7929 = CARTESIAN_POINT('',(10.0727,60.0231,10.));
#7930 = DIRECTION('',(-0.,0.,-1.));
#7931 = DIRECTION('',(-0.956953589732,-0.290240981081,0.));
#7932 = ORIENTED_EDGE('',*,*,#7933,.T.);
#7933 = EDGE_CURVE('',#7925,#7934,#7936,.T.);
#7934 = VERTEX_POINT('',#7935);
#7935 = CARTESIAN_POINT('',(8.451557056756,62.666360769196,10.));
#7936 = LINE('',#7937,#7938);
#7937 = CARTESIAN_POINT('',(9.201977056756,62.893960769196,10.));
#7938 = VECTOR('',#7939,1.);
#7939 = DIRECTION('',(-0.956953589732,-0.290240981081,0.));
#7940 = ORIENTED_EDGE('',*,*,#7941,.F.);
#7941 = EDGE_CURVE('',#7942,#7934,#7944,.T.);
#7942 = VERTEX_POINT('',#7943);
#7943 = CARTESIAN_POINT('',(7.908196416184,62.441320783421,10.));
#7944 = CIRCLE('',#7945,3.);
#7945 = AXIS2_PLACEMENT_3D('',#7946,#7947,#7948);
#7946 = CARTESIAN_POINT('',(9.32228,59.7955,10.));
#7947 = DIRECTION('',(-0.,0.,-1.));
#7948 = DIRECTION('',(-0.88194026114,-0.471361194605,0.));
#7949 = ORIENTED_EDGE('',*,*,#7950,.T.);
#7950 = EDGE_CURVE('',#7942,#7951,#7953,.T.);
#7951 = VERTEX_POINT('',#7952);
#7952 = CARTESIAN_POINT('',(7.216656416184,62.071720783421,10.));
#7953 = LINE('',#7954,#7955);
#7954 = CARTESIAN_POINT('',(7.908196416184,62.441320783421,10.));
#7955 = VECTOR('',#7956,1.);
#7956 = DIRECTION('',(-0.88194026114,-0.471361194605,0.));
#7957 = ORIENTED_EDGE('',*,*,#7958,.F.);
#7958 = EDGE_CURVE('',#7959,#7951,#7961,.T.);
#7959 = VERTEX_POINT('',#7960);
#7960 = CARTESIAN_POINT('',(6.727456018778,61.744845899935,10.));
#7961 = CIRCLE('',#7962,3.);
#7962 = AXIS2_PLACEMENT_3D('',#7963,#7964,#7965);
#7963 = CARTESIAN_POINT('',(8.63074,59.4259,10.));
#7964 = DIRECTION('',(-0.,0.,-1.));
#7965 = DIRECTION('',(-0.772981966645,-0.634427993741,0.));
#7966 = ORIENTED_EDGE('',*,*,#7967,.T.);
#7967 = EDGE_CURVE('',#7959,#7968,#7970,.T.);
#7968 = VERTEX_POINT('',#7969);
#7969 = CARTESIAN_POINT('',(6.121306018778,61.247345899935,10.));
#7970 = LINE('',#7971,#7972);
#7971 = CARTESIAN_POINT('',(6.727456018778,61.744845899935,10.));
#7972 = VECTOR('',#7973,1.);
#7973 = DIRECTION('',(-0.772981966645,-0.634427993741,0.));
#7974 = ORIENTED_EDGE('',*,*,#7975,.F.);
#7975 = EDGE_CURVE('',#7976,#7968,#7978,.T.);
#7976 = VERTEX_POINT('',#7977);
#7977 = CARTESIAN_POINT('',(5.705627284229,60.831663492758,10.));
#7978 = CIRCLE('',#7979,3.);
#7979 = AXIS2_PLACEMENT_3D('',#7980,#7981,#7982);
#7980 = CARTESIAN_POINT('',(8.02459,58.9284,10.));
#7981 = DIRECTION('',(-0.,0.,-1.));
#7982 = DIRECTION('',(-0.634421164253,-0.772987571924,0.));
#7983 = ORIENTED_EDGE('',*,*,#7984,.T.);
#7984 = EDGE_CURVE('',#7976,#7985,#7987,.T.);
#7985 = VERTEX_POINT('',#7986);
#7986 = CARTESIAN_POINT('',(5.208177284229,60.225563492758,10.));
#7987 = LINE('',#7988,#7989);
#7988 = CARTESIAN_POINT('',(5.705627284229,60.831663492758,10.));
#7989 = VECTOR('',#7990,1.);
#7990 = DIRECTION('',(-0.634421164253,-0.772987571924,0.));
#7991 = ORIENTED_EDGE('',*,*,#7992,.F.);
#7992 = EDGE_CURVE('',#7993,#7985,#7995,.T.);
#7993 = VERTEX_POINT('',#7994);
#7994 = CARTESIAN_POINT('',(4.881331832148,59.736407187919,10.));
#7995 = CIRCLE('',#7996,3.);
#7996 = AXIS2_PLACEMENT_3D('',#7997,#7998,#7999);
#7997 = CARTESIAN_POINT('',(7.52714,58.3223,10.));
#7998 = DIRECTION('',(-0.,0.,-1.));
#7999 = DIRECTION('',(-0.47136906264,-0.881936055951,0.));
#8000 = ORIENTED_EDGE('',*,*,#8001,.T.);
#8001 = EDGE_CURVE('',#7993,#8002,#8004,.T.);
#8002 = VERTEX_POINT('',#8003);
#8003 = CARTESIAN_POINT('',(4.511691832148,59.044807187919,10.));
#8004 = LINE('',#8005,#8006);
#8005 = CARTESIAN_POINT('',(4.881331832148,59.736407187919,10.));
#8006 = VECTOR('',#8007,1.);
#8007 = DIRECTION('',(-0.47136906264,-0.881936055951,0.));
#8008 = ORIENTED_EDGE('',*,*,#8009,.F.);
#8009 = EDGE_CURVE('',#8010,#8002,#8012,.T.);
#8010 = VERTEX_POINT('',#8011);
#8011 = CARTESIAN_POINT('',(4.286699170201,58.501620544954,10.));
#8012 = CIRCLE('',#8013,3.);
#8013 = AXIS2_PLACEMENT_3D('',#8014,#8015,#8016);
#8014 = CARTESIAN_POINT('',(7.1575,57.6307,10.));
#8015 = DIRECTION('',(-0.,0.,-1.));
#8016 = DIRECTION('',(-0.290306848318,-0.956933609933,0.));
#8017 = ORIENTED_EDGE('',*,*,#8018,.T.);
#8018 = EDGE_CURVE('',#8010,#8019,#8021,.T.);
#8019 = VERTEX_POINT('',#8020);
#8020 = CARTESIAN_POINT('',(4.059079170201,57.751320544954,10.));
#8021 = LINE('',#8022,#8023);
#8022 = CARTESIAN_POINT('',(4.286699170201,58.501620544954,10.));
#8023 = VECTOR('',#8024,1.);
#8024 = DIRECTION('',(-0.290306848318,-0.956933609933,0.));
#8025 = ORIENTED_EDGE('',*,*,#8026,.F.);
#8026 = EDGE_CURVE('',#8027,#8019,#8029,.T.);
#8027 = VERTEX_POINT('',#8028);
#8028 = CARTESIAN_POINT('',(3.96234261841,57.320538488279,10.));
#8029 = CIRCLE('',#8030,3.);
#8030 = AXIS2_PLACEMENT_3D('',#8031,#8032,#8033);
#8031 = CARTESIAN_POINT('',(6.92988,56.8804,10.));
#8032 = DIRECTION('',(-0.,0.,-1.));
#8033 = DIRECTION('',(-0.146712829426,-0.989179127197,0.));
#8034 = ORIENTED_EDGE('',*,*,#8035,.T.);
#8035 = EDGE_CURVE('',#8027,#8036,#8038,.T.);
#8036 = VERTEX_POINT('',#8037);
#8037 = CARTESIAN_POINT('',(3.947202433851,57.218459109084,10.));
#8038 = LINE('',#8039,#8040);
#8039 = CARTESIAN_POINT('',(3.96234261841,57.320538488279,10.));
#8040 = VECTOR('',#8041,1.);
#8041 = DIRECTION('',(-0.146712829426,-0.989179127197,0.));
#8042 = ORIENTED_EDGE('',*,*,#8043,.T.);
#8043 = EDGE_CURVE('',#8036,#8044,#8046,.T.);
#8044 = VERTEX_POINT('',#8045);
#8045 = CARTESIAN_POINT('',(3.63811705073,56.199529599046,10.));
#8046 = LINE('',#8047,#8048);
#8047 = CARTESIAN_POINT('',(4.011446249935,57.430244989688,10.));
#8048 = VECTOR('',#8049,1.);
#8049 = DIRECTION('',(-0.290281663229,-0.956941250022,0.));
#8050 = ORIENTED_EDGE('',*,*,#8051,.T.);
#8051 = EDGE_CURVE('',#8044,#8052,#8054,.T.);
#8052 = VERTEX_POINT('',#8053);
#8053 = CARTESIAN_POINT('',(3.1791870019,55.340972597865,10.));
#8054 = LINE('',#8055,#8056);
#8055 = CARTESIAN_POINT('',(3.777424098794,56.460142391201,10.));
#8056 = VECTOR('',#8057,1.);
#8057 = DIRECTION('',(-0.4714141304,-0.881911967069,0.));
#8058 = ORIENTED_EDGE('',*,*,#8059,.T.);
#8059 = EDGE_CURVE('',#8052,#8060,#8062,.T.);
#8060 = VERTEX_POINT('',#8061);
#8061 = CARTESIAN_POINT('',(2.561561124714,54.588363769697,10.));
#8062 = LINE('',#8063,#8064);
#8063 = CARTESIAN_POINT('',(3.36659203304,55.569335246013,10.));
#8064 = VECTOR('',#8065,1.);
#8065 = DIRECTION('',(-0.634378415338,-0.773022655653,0.));
#8066 = ORIENTED_EDGE('',*,*,#8067,.T.);
#8067 = EDGE_CURVE('',#8060,#8068,#8070,.T.);
#8068 = VERTEX_POINT('',#8069);
#8069 = CARTESIAN_POINT('',(1.809026776825,53.970772365748,10.));
#8070 = LINE('',#8071,#8072);
#8071 = CARTESIAN_POINT('',(2.789985681604,54.775827695008,10.));
#8072 = VECTOR('',#8073,1.);
#8073 = DIRECTION('',(-0.773009231669,-0.634394772799,0.));
#8074 = ORIENTED_EDGE('',*,*,#8075,.T.);
#8075 = EDGE_CURVE('',#8068,#8076,#8078,.T.);
#8076 = VERTEX_POINT('',#8077);
#8077 = CARTESIAN_POINT('',(0.950484193956,53.511866654666,10.));
#8078 = LINE('',#8079,#8080);
#8079 = CARTESIAN_POINT('',(2.069607469889,54.110057208027,10.));
#8080 = VECTOR('',#8081,1.);
#8081 = DIRECTION('',(-0.881919069342,-0.47140084337,0.));
#8082 = ORIENTED_EDGE('',*,*,#8083,.T.);
#8083 = EDGE_CURVE('',#8076,#8084,#8086,.T.);
#8084 = VERTEX_POINT('',#8085);
#8085 = CARTESIAN_POINT('',(1.888532736197E-02,53.229296771617,10.));
#8086 = LINE('',#8087,#8088);
#8087 = CARTESIAN_POINT('',(1.23328369538,53.597644584319,10.));
#8088 = VECTOR('',#8089,1.);
#8089 = DIRECTION('',(-0.956948194773,-0.290258768207,0.));
#8090 = ORIENTED_EDGE('',*,*,#8091,.T.);
#8091 = EDGE_CURVE('',#8084,#8092,#8094,.T.);
#8092 = VERTEX_POINT('',#8093);
#8093 = CARTESIAN_POINT('',(-1.293890175068,53.1,10.));
#8094 = LINE('',#8095,#8096);
#8095 = CARTESIAN_POINT('',(0.312896322094,53.258254253204,10.));
#8096 = VECTOR('',#8097,1.);
#8097 = DIRECTION('',(-0.995184751068,-9.801689263519E-02,0.));
#8098 = ORIENTED_EDGE('',*,*,#8099,.T.);
#8099 = EDGE_CURVE('',#8092,#8100,#8102,.T.);
#8100 = VERTEX_POINT('',#8101);
#8101 = CARTESIAN_POINT('',(-8.,53.1,10.));
#8102 = LINE('',#8103,#8104);
#8103 = CARTESIAN_POINT('',(-1.14651,53.1,10.));
#8104 = VECTOR('',#8105,1.);
#8105 = DIRECTION('',(-1.,0.,0.));
#8106 = ORIENTED_EDGE('',*,*,#8107,.F.);
#8107 = EDGE_CURVE('',#8108,#8100,#8110,.T.);
#8108 = VERTEX_POINT('',#8109);
#8109 = CARTESIAN_POINT('',(-8.294207714847,53.085538782284,10.));
#8110 = CIRCLE('',#8111,3.);
#8111 = AXIS2_PLACEMENT_3D('',#8112,#8113,#8114);
#8112 = CARTESIAN_POINT('',(-8.,50.1,10.));
#8113 = DIRECTION('',(-0.,0.,-1.));
#8114 = DIRECTION('',(-0.995179594095,-9.80692382822E-02,0.));
#8115 = ORIENTED_EDGE('',*,*,#8116,.T.);
#8116 = EDGE_CURVE('',#8108,#8117,#8119,.T.);
#8117 = VERTEX_POINT('',#8118);
#8118 = CARTESIAN_POINT('',(-9.074567714847,53.008638782284,10.));
#8119 = LINE('',#8120,#8121);
#8120 = CARTESIAN_POINT('',(-8.294207714847,53.085538782284,10.));
#8121 = VECTOR('',#8122,1.);
#8122 = DIRECTION('',(-0.995179594095,-9.80692382822E-02,0.));
#8123 = ORIENTED_EDGE('',*,*,#8124,.F.);
#8124 = EDGE_CURVE('',#8125,#8117,#8127,.T.);
#8125 = VERTEX_POINT('',#8126);
#8126 = CARTESIAN_POINT('',(-9.651136074811,52.893944654024,10.));
#8127 = CIRCLE('',#8128,3.);
#8128 = AXIS2_PLACEMENT_3D('',#8129,#8130,#8131);
#8129 = CARTESIAN_POINT('',(-8.78036,50.0231,10.));
#8130 = DIRECTION('',(-0.,0.,-1.));
#8131 = DIRECTION('',(-0.956948218008,-0.290258691604,0.));
#8132 = ORIENTED_EDGE('',*,*,#8133,.T.);
#8133 = EDGE_CURVE('',#8125,#8134,#8136,.T.);
#8134 = VERTEX_POINT('',#8135);
#8135 = CARTESIAN_POINT('',(-10.40150607481,52.666344654024,10.));
#8136 = LINE('',#8137,#8138);
#8137 = CARTESIAN_POINT('',(-9.651136074811,52.893944654024,10.));
#8138 = VECTOR('',#8139,1.);
#8139 = DIRECTION('',(-0.956948218008,-0.290258691604,0.));
#8140 = ORIENTED_EDGE('',*,*,#8141,.F.);
#8141 = EDGE_CURVE('',#8142,#8134,#8144,.T.);
#8142 = VERTEX_POINT('',#8143);
#8143 = CARTESIAN_POINT('',(-10.94476586992,52.441346284,10.));
#8144 = CIRCLE('',#8145,3.);
#8145 = AXIS2_PLACEMENT_3D('',#8146,#8147,#8148);
#8146 = CARTESIAN_POINT('',(-9.53073,49.7955,10.));
#8147 = DIRECTION('',(-0.,0.,-1.));
#8148 = DIRECTION('',(-0.881948761333,-0.471345289976,0.));
#8149 = ORIENTED_EDGE('',*,*,#8150,.T.);
#8150 = EDGE_CURVE('',#8142,#8151,#8153,.T.);
#8151 = VERTEX_POINT('',#8152);
#8152 = CARTESIAN_POINT('',(-11.63633586992,52.071746284,10.));
#8153 = LINE('',#8154,#8155);
#8154 = CARTESIAN_POINT('',(-10.94476586992,52.441346284,10.));
#8155 = VECTOR('',#8156,1.);
#8156 = DIRECTION('',(-0.881948761333,-0.471345289976,0.));
#8157 = ORIENTED_EDGE('',*,*,#8158,.F.);
#8158 = EDGE_CURVE('',#8159,#8151,#8161,.T.);
#8159 = VERTEX_POINT('',#8160);
#8160 = CARTESIAN_POINT('',(-12.12567779063,51.744768902316,10.));
#8161 = CIRCLE('',#8162,3.);
#8162 = AXIS2_PLACEMENT_3D('',#8163,#8164,#8165);
#8163 = CARTESIAN_POINT('',(-10.2223,49.4259,10.));
#8164 = DIRECTION('',(-0.,0.,-1.));
#8165 = DIRECTION('',(-0.772956300772,-0.634459263544,0.));
#8166 = ORIENTED_EDGE('',*,*,#8167,.T.);
#8167 = EDGE_CURVE('',#8159,#8168,#8170,.T.);
#8168 = VERTEX_POINT('',#8169);
#8169 = CARTESIAN_POINT('',(-12.73177779063,51.247268902316,10.));
#8170 = LINE('',#8171,#8172);
#8171 = CARTESIAN_POINT('',(-12.12567779063,51.744768902316,10.));
#8172 = VECTOR('',#8173,1.);
#8173 = DIRECTION('',(-0.772956300772,-0.634459263544,0.));
#8174 = ORIENTED_EDGE('',*,*,#8175,.F.);
#8175 = EDGE_CURVE('',#8176,#8168,#8178,.T.);
#8176 = VERTEX_POINT('',#8177);
#8177 = CARTESIAN_POINT('',(-13.14726890231,50.831777790632,10.));
#8178 = CIRCLE('',#8179,3.);
#8179 = AXIS2_PLACEMENT_3D('',#8180,#8181,#8182);
#8180 = CARTESIAN_POINT('',(-10.8284,48.9284,10.));
#8181 = DIRECTION('',(-0.,0.,-1.));
#8182 = DIRECTION('',(-0.634459263544,-0.772956300772,0.));
#8183 = ORIENTED_EDGE('',*,*,#8184,.T.);
#8184 = EDGE_CURVE('',#8176,#8185,#8187,.T.);
#8185 = VERTEX_POINT('',#8186);
#8186 = CARTESIAN_POINT('',(-13.64476890231,50.225677790632,10.));
#8187 = LINE('',#8188,#8189);
#8188 = CARTESIAN_POINT('',(-13.14726890231,50.831777790632,10.));
#8189 = VECTOR('',#8190,1.);
#8190 = DIRECTION('',(-0.634459263544,-0.772956300772,0.));
#8191 = ORIENTED_EDGE('',*,*,#8192,.F.);
#8192 = EDGE_CURVE('',#8193,#8185,#8195,.T.);
#8193 = VERTEX_POINT('',#8194);
#8194 = CARTESIAN_POINT('',(-13.97177178199,49.7362881588,10.));
#8195 = CIRCLE('',#8196,3.);
#8196 = AXIS2_PLACEMENT_3D('',#8197,#8198,#8199);
#8197 = CARTESIAN_POINT('',(-11.3259,48.3223,10.));
#8198 = DIRECTION('',(-0.,0.,-1.));
#8199 = DIRECTION('',(-0.471329386267,-0.881957260666,0.));
#8200 = ORIENTED_EDGE('',*,*,#8201,.T.);
#8201 = EDGE_CURVE('',#8193,#8202,#8204,.T.);
#8202 = VERTEX_POINT('',#8203);
#8203 = CARTESIAN_POINT('',(-14.34137178199,49.0446881588,10.));
#8204 = LINE('',#8205,#8206);
#8205 = CARTESIAN_POINT('',(-13.97177178199,49.7362881588,10.));
#8206 = VECTOR('',#8207,1.);
#8207 = DIRECTION('',(-0.471329386267,-0.881957260666,0.));
#8208 = ORIENTED_EDGE('',*,*,#8209,.F.);
#8209 = EDGE_CURVE('',#8210,#8202,#8212,.T.);
#8210 = VERTEX_POINT('',#8211);
#8211 = CARTESIAN_POINT('',(-14.56632208782,48.501550469398,10.));
#8212 = CIRCLE('',#8213,3.);
#8213 = AXIS2_PLACEMENT_3D('',#8214,#8215,#8216);
#8214 = CARTESIAN_POINT('',(-11.6955,47.6307,10.));
#8215 = DIRECTION('',(-0.,0.,-1.));
#8216 = DIRECTION('',(-0.290283489799,-0.956940695942,0.));
#8217 = ORIENTED_EDGE('',*,*,#8218,.T.);
#8218 = EDGE_CURVE('',#8210,#8219,#8221,.T.);
#8219 = VERTEX_POINT('',#8220);
#8220 = CARTESIAN_POINT('',(-14.79392208782,47.751250469398,10.));
#8221 = LINE('',#8222,#8223);
#8222 = CARTESIAN_POINT('',(-14.56632208782,48.501550469398,10.));
#8223 = VECTOR('',#8224,1.);
#8224 = DIRECTION('',(-0.290283489799,-0.956940695942,0.));
#8225 = ORIENTED_EDGE('',*,*,#8226,.F.);
#8226 = EDGE_CURVE('',#8227,#8219,#8229,.T.);
#8227 = VERTEX_POINT('',#8228);
#8228 = CARTESIAN_POINT('',(-14.90864025398,47.174592780025,10.));
#8229 = CIRCLE('',#8230,3.);
#8230 = AXIS2_PLACEMENT_3D('',#8231,#8232,#8233);
#8231 = CARTESIAN_POINT('',(-11.9231,46.8804,10.));
#8232 = DIRECTION('',(-0.,0.,-1.));
#8233 = DIRECTION('',(-9.80642600084E-02,-0.995180084663,0.));
#8234 = ORIENTED_EDGE('',*,*,#8235,.T.);
#8235 = EDGE_CURVE('',#8227,#8236,#8238,.T.);
#8236 = VERTEX_POINT('',#8237);
#8237 = CARTESIAN_POINT('',(-14.98554025398,46.394192780025,10.));
#8238 = LINE('',#8239,#8240);
#8239 = CARTESIAN_POINT('',(-14.90864025398,47.174592780025,10.));
#8240 = VECTOR('',#8241,1.);
#8241 = DIRECTION('',(-9.80642600084E-02,-0.995180084663,0.));
#8242 = ORIENTED_EDGE('',*,*,#8243,.F.);
#8243 = EDGE_CURVE('',#8244,#8236,#8246,.T.);
#8244 = VERTEX_POINT('',#8245);
#8245 = CARTESIAN_POINT('',(-15.,46.1,10.));
#8246 = CIRCLE('',#8247,3.);
#8247 = AXIS2_PLACEMENT_3D('',#8248,#8249,#8250);
#8248 = CARTESIAN_POINT('',(-12.,46.1,10.));
#8249 = DIRECTION('',(-0.,-0.,-1.));
#8250 = DIRECTION('',(0.,-1.,0.));
#8251 = ORIENTED_EDGE('',*,*,#8252,.T.);
#8252 = EDGE_CURVE('',#8244,#8253,#8255,.T.);
#8253 = VERTEX_POINT('',#8254);
#8254 = CARTESIAN_POINT('',(-15.,-8.,10.));
#8255 = LINE('',#8256,#8257);
#8256 = CARTESIAN_POINT('',(-15.,46.1,10.));
#8257 = VECTOR('',#8258,1.);
#8258 = DIRECTION('',(0.,-1.,0.));
#8259 = ORIENTED_EDGE('',*,*,#8260,.F.);
#8260 = EDGE_CURVE('',#8261,#8253,#8263,.T.);
#8261 = VERTEX_POINT('',#8262);
#8262 = CARTESIAN_POINT('',(-14.98553878228,-8.294207714847,10.));
#8263 = CIRCLE('',#8264,3.);
#8264 = AXIS2_PLACEMENT_3D('',#8265,#8266,#8267);
#8265 = CARTESIAN_POINT('',(-12.,-8.,10.));
#8266 = DIRECTION('',(0.,-0.,-1.));
#8267 = DIRECTION('',(9.806923828219E-02,-0.995179594095,0.));
#8268 = ORIENTED_EDGE('',*,*,#8269,.T.);
#8269 = EDGE_CURVE('',#8261,#8270,#8272,.T.);
#8270 = VERTEX_POINT('',#8271);
#8271 = CARTESIAN_POINT('',(-14.90863878228,-9.074567714847,10.));
#8272 = LINE('',#8273,#8274);
#8273 = CARTESIAN_POINT('',(-14.98553878228,-8.294207714847,10.));
#8274 = VECTOR('',#8275,1.);
#8275 = DIRECTION('',(9.806923828219E-02,-0.995179594095,0.));
#8276 = ORIENTED_EDGE('',*,*,#8277,.F.);
#8277 = EDGE_CURVE('',#8278,#8270,#8280,.T.);
#8278 = VERTEX_POINT('',#8279);
#8279 = CARTESIAN_POINT('',(-14.79394465402,-9.651136074811,10.));
#8280 = CIRCLE('',#8281,3.);
#8281 = AXIS2_PLACEMENT_3D('',#8282,#8283,#8284);
#8282 = CARTESIAN_POINT('',(-11.9231,-8.78036,10.));
#8283 = DIRECTION('',(0.,-0.,-1.));
#8284 = DIRECTION('',(0.290258691604,-0.956948218008,0.));
#8285 = ORIENTED_EDGE('',*,*,#8286,.T.);
#8286 = EDGE_CURVE('',#8278,#8287,#8289,.T.);
#8287 = VERTEX_POINT('',#8288);
#8288 = CARTESIAN_POINT('',(-14.56634465402,-10.40150607481,10.));
#8289 = LINE('',#8290,#8291);
#8290 = CARTESIAN_POINT('',(-14.79394465402,-9.651136074811,10.));
#8291 = VECTOR('',#8292,1.);
#8292 = DIRECTION('',(0.290258691604,-0.956948218008,0.));
#8293 = ORIENTED_EDGE('',*,*,#8294,.F.);
#8294 = EDGE_CURVE('',#8295,#8287,#8297,.T.);
#8295 = VERTEX_POINT('',#8296);
#8296 = CARTESIAN_POINT('',(-14.341346284,-10.94476586992,10.));
#8297 = CIRCLE('',#8298,3.);
#8298 = AXIS2_PLACEMENT_3D('',#8299,#8300,#8301);
#8299 = CARTESIAN_POINT('',(-11.6955,-9.53073,10.));
#8300 = DIRECTION('',(0.,-0.,-1.));
#8301 = DIRECTION('',(0.471345289976,-0.881948761333,0.));
#8302 = ORIENTED_EDGE('',*,*,#8303,.T.);
#8303 = EDGE_CURVE('',#8295,#8304,#8306,.T.);
#8304 = VERTEX_POINT('',#8305);
#8305 = CARTESIAN_POINT('',(-13.971746284,-11.63633586992,10.));
#8306 = LINE('',#8307,#8308);
#8307 = CARTESIAN_POINT('',(-14.341346284,-10.94476586992,10.));
#8308 = VECTOR('',#8309,1.);
#8309 = DIRECTION('',(0.471345289976,-0.881948761333,0.));
#8310 = ORIENTED_EDGE('',*,*,#8311,.F.);
#8311 = EDGE_CURVE('',#8312,#8304,#8314,.T.);
#8312 = VERTEX_POINT('',#8313);
#8313 = CARTESIAN_POINT('',(-13.64476890231,-12.12567779063,10.));
#8314 = CIRCLE('',#8315,3.);
#8315 = AXIS2_PLACEMENT_3D('',#8316,#8317,#8318);
#8316 = CARTESIAN_POINT('',(-11.3259,-10.2223,10.));
#8317 = DIRECTION('',(0.,-0.,-1.));
#8318 = DIRECTION('',(0.634459263544,-0.772956300772,0.));
#8319 = ORIENTED_EDGE('',*,*,#8320,.T.);
#8320 = EDGE_CURVE('',#8312,#8321,#8323,.T.);
#8321 = VERTEX_POINT('',#8322);
#8322 = CARTESIAN_POINT('',(-13.14726890231,-12.73177779063,10.));
#8323 = LINE('',#8324,#8325);
#8324 = CARTESIAN_POINT('',(-13.64476890231,-12.12567779063,10.));
#8325 = VECTOR('',#8326,1.);
#8326 = DIRECTION('',(0.634459263544,-0.772956300772,0.));
#8327 = ORIENTED_EDGE('',*,*,#8328,.F.);
#8328 = EDGE_CURVE('',#8329,#8321,#8331,.T.);
#8329 = VERTEX_POINT('',#8330);
#8330 = CARTESIAN_POINT('',(-12.73177779063,-13.14726890231,10.));
#8331 = CIRCLE('',#8332,3.);
#8332 = AXIS2_PLACEMENT_3D('',#8333,#8334,#8335);
#8333 = CARTESIAN_POINT('',(-10.8284,-10.8284,10.));
#8334 = DIRECTION('',(0.,-0.,-1.));
#8335 = DIRECTION('',(0.772956300772,-0.634459263544,0.));
#8336 = ORIENTED_EDGE('',*,*,#8337,.T.);
#8337 = EDGE_CURVE('',#8329,#8338,#8340,.T.);
#8338 = VERTEX_POINT('',#8339);
#8339 = CARTESIAN_POINT('',(-12.12567779063,-13.64476890231,10.));
#8340 = LINE('',#8341,#8342);
#8341 = CARTESIAN_POINT('',(-12.73177779063,-13.14726890231,10.));
#8342 = VECTOR('',#8343,1.);
#8343 = DIRECTION('',(0.772956300772,-0.634459263544,0.));
#8344 = ORIENTED_EDGE('',*,*,#8345,.F.);
#8345 = EDGE_CURVE('',#8346,#8338,#8348,.T.);
#8346 = VERTEX_POINT('',#8347);
#8347 = CARTESIAN_POINT('',(-11.63633586992,-13.971746284,10.));
#8348 = CIRCLE('',#8349,3.);
#8349 = AXIS2_PLACEMENT_3D('',#8350,#8351,#8352);
#8350 = CARTESIAN_POINT('',(-10.2223,-11.3259,10.));
#8351 = DIRECTION('',(0.,-0.,-1.));
#8352 = DIRECTION('',(0.881948761333,-0.471345289976,0.));
#8353 = ORIENTED_EDGE('',*,*,#8354,.T.);
#8354 = EDGE_CURVE('',#8346,#8355,#8357,.T.);
#8355 = VERTEX_POINT('',#8356);
#8356 = CARTESIAN_POINT('',(-10.94476586992,-14.341346284,10.));
#8357 = LINE('',#8358,#8359);
#8358 = CARTESIAN_POINT('',(-11.63633586992,-13.971746284,10.));
#8359 = VECTOR('',#8360,1.);
#8360 = DIRECTION('',(0.881948761333,-0.471345289976,0.));
#8361 = ORIENTED_EDGE('',*,*,#8362,.F.);
#8362 = EDGE_CURVE('',#8363,#8355,#8365,.T.);
#8363 = VERTEX_POINT('',#8364);
#8364 = CARTESIAN_POINT('',(-10.40150607481,-14.56634465402,10.));
#8365 = CIRCLE('',#8366,3.);
#8366 = AXIS2_PLACEMENT_3D('',#8367,#8368,#8369);
#8367 = CARTESIAN_POINT('',(-9.53073,-11.6955,10.));
#8368 = DIRECTION('',(0.,-0.,-1.));
#8369 = DIRECTION('',(0.956948218008,-0.290258691604,0.));
#8370 = ORIENTED_EDGE('',*,*,#8371,.T.);
#8371 = EDGE_CURVE('',#8363,#8372,#8374,.T.);
#8372 = VERTEX_POINT('',#8373);
#8373 = CARTESIAN_POINT('',(-9.651136074811,-14.79394465402,10.));
#8374 = LINE('',#8375,#8376);
#8375 = CARTESIAN_POINT('',(-10.40150607481,-14.56634465402,10.));
#8376 = VECTOR('',#8377,1.);
#8377 = DIRECTION('',(0.956948218008,-0.290258691604,0.));
#8378 = ORIENTED_EDGE('',*,*,#8379,.F.);
#8379 = EDGE_CURVE('',#8380,#8372,#8382,.T.);
#8380 = VERTEX_POINT('',#8381);
#8381 = CARTESIAN_POINT('',(-9.074567714847,-14.90863878228,10.));
#8382 = CIRCLE('',#8383,3.);
#8383 = AXIS2_PLACEMENT_3D('',#8384,#8385,#8386);
#8384 = CARTESIAN_POINT('',(-8.78036,-11.9231,10.));
#8385 = DIRECTION('',(0.,-0.,-1.));
#8386 = DIRECTION('',(0.995179594095,-9.806923828219E-02,0.));
#8387 = ORIENTED_EDGE('',*,*,#8388,.T.);
#8388 = EDGE_CURVE('',#8380,#8389,#8391,.T.);
#8389 = VERTEX_POINT('',#8390);
#8390 = CARTESIAN_POINT('',(-8.294207714847,-14.98553878228,10.));
#8391 = LINE('',#8392,#8393);
#8392 = CARTESIAN_POINT('',(-9.074567714847,-14.90863878228,10.));
#8393 = VECTOR('',#8394,1.);
#8394 = DIRECTION('',(0.995179594095,-9.806923828219E-02,0.));
#8395 = ORIENTED_EDGE('',*,*,#8396,.F.);
#8396 = EDGE_CURVE('',#8397,#8389,#8399,.T.);
#8397 = VERTEX_POINT('',#8398);
#8398 = CARTESIAN_POINT('',(-8.,-15.,10.));
#8399 = CIRCLE('',#8400,3.);
#8400 = AXIS2_PLACEMENT_3D('',#8401,#8402,#8403);
#8401 = CARTESIAN_POINT('',(-8.,-12.,10.));
#8402 = DIRECTION('',(0.,0.,-1.));
#8403 = DIRECTION('',(1.,0.,0.));
#8404 = ORIENTED_EDGE('',*,*,#8405,.T.);
#8405 = EDGE_CURVE('',#8397,#8406,#8408,.T.);
#8406 = VERTEX_POINT('',#8407);
#8407 = CARTESIAN_POINT('',(-1.293890175068,-15.,10.));
#8408 = LINE('',#8409,#8410);
#8409 = CARTESIAN_POINT('',(-8.,-15.,10.));
#8410 = VECTOR('',#8411,1.);
#8411 = DIRECTION('',(1.,0.,0.));
#8412 = ORIENTED_EDGE('',*,*,#8413,.T.);
#8413 = EDGE_CURVE('',#8406,#8414,#8416,.T.);
#8414 = VERTEX_POINT('',#8415);
#8415 = CARTESIAN_POINT('',(1.888532736196E-02,-15.12929677161,10.));
#8416 = LINE('',#8417,#8418);
#8417 = CARTESIAN_POINT('',(-1.440560677906,-14.9855542532,10.));
#8418 = VECTOR('',#8419,1.);
#8419 = DIRECTION('',(0.995184751068,-9.80168926352E-02,0.));
#8420 = ORIENTED_EDGE('',*,*,#8421,.T.);
#8421 = EDGE_CURVE('',#8414,#8422,#8424,.T.);
#8422 = VERTEX_POINT('',#8423);
#8423 = CARTESIAN_POINT('',(0.950484193956,-15.41186665466,10.));
#8424 = LINE('',#8425,#8426);
#8425 = CARTESIAN_POINT('',(-0.26382930462,-15.04354458431,10.));
#8426 = VECTOR('',#8427,1.);
#8427 = DIRECTION('',(0.956948194773,-0.290258768207,0.));
#8428 = ORIENTED_EDGE('',*,*,#8429,.T.);
#8429 = EDGE_CURVE('',#8422,#8430,#8432,.T.);
#8430 = VERTEX_POINT('',#8431);
#8431 = CARTESIAN_POINT('',(1.809026776825,-15.87077236574,10.));
#8432 = LINE('',#8433,#8434);
#8433 = CARTESIAN_POINT('',(0.689857469889,-15.27255720802,10.));
#8434 = VECTOR('',#8435,1.);
#8435 = DIRECTION('',(0.881919069342,-0.47140084337,0.));
#8436 = ORIENTED_EDGE('',*,*,#8437,.T.);
#8437 = EDGE_CURVE('',#8430,#8438,#8440,.T.);
#8438 = VERTEX_POINT('',#8439);
#8439 = CARTESIAN_POINT('',(2.561561124714,-16.48836376969,10.));
#8440 = LINE('',#8441,#8442);
#8441 = CARTESIAN_POINT('',(1.580625681604,-15.683327695,10.));
#8442 = VECTOR('',#8443,1.);
#8443 = DIRECTION('',(0.773009231669,-0.634394772799,0.));
#8444 = ORIENTED_EDGE('',*,*,#8445,.T.);
#8445 = EDGE_CURVE('',#8438,#8446,#8448,.T.);
#8446 = VERTEX_POINT('',#8447);
#8447 = CARTESIAN_POINT('',(3.1791870019,-17.24097259786,10.));
#8448 = LINE('',#8449,#8450);
#8449 = CARTESIAN_POINT('',(2.37410203304,-16.25993524601,10.));
#8450 = VECTOR('',#8451,1.);
#8451 = DIRECTION('',(0.634378415338,-0.773022655653,0.));
#8452 = ORIENTED_EDGE('',*,*,#8453,.T.);
#8453 = EDGE_CURVE('',#8446,#8454,#8456,.T.);
#8454 = VERTEX_POINT('',#8455);
#8455 = CARTESIAN_POINT('',(3.638117116628,-18.09952972232,10.));
#8456 = LINE('',#8457,#8458);
#8457 = CARTESIAN_POINT('',(3.039924098794,-16.9804423912,10.));
#8458 = VECTOR('',#8459,1.);
#8459 = DIRECTION('',(0.4714141304,-0.881911967069,0.));
#8460 = ORIENTED_EDGE('',*,*,#8461,.T.);
#8461 = EDGE_CURVE('',#8454,#8462,#8464,.T.);
#8462 = VERTEX_POINT('',#8463);
#8463 = CARTESIAN_POINT('',(3.936126330311,-19.08194525465,10.));
#8464 = LINE('',#8465,#8466);
#8465 = CARTESIAN_POINT('',(3.552336330311,-17.81674525465,10.));
#8466 = VECTOR('',#8467,1.);
#8467 = DIRECTION('',(0.290281751552,-0.95694122323,0.));
#8468 = ORIENTED_EDGE('',*,*,#8469,.F.);
#8469 = EDGE_CURVE('',#8470,#8462,#8472,.T.);
#8470 = VERTEX_POINT('',#8471);
#8471 = CARTESIAN_POINT('',(4.03528742765,-19.35909241506,10.));
#8472 = CIRCLE('',#8473,3.);
#8473 = AXIS2_PLACEMENT_3D('',#8474,#8475,#8476);
#8474 = CARTESIAN_POINT('',(6.80695,-18.2111,10.));
#8475 = DIRECTION('',(0.,-0.,-1.));
#8476 = DIRECTION('',(0.382664138353,-0.923887524117,0.));
#8477 = ORIENTED_EDGE('',*,*,#8478,.T.);
#8478 = EDGE_CURVE('',#8470,#8479,#8481,.T.);
#8479 = VERTEX_POINT('',#8480);
#8480 = CARTESIAN_POINT('',(4.33536742765,-20.08359241506,10.));
#8481 = LINE('',#8482,#8483);
#8482 = CARTESIAN_POINT('',(4.03528742765,-19.35909241506,10.));
#8483 = VECTOR('',#8484,1.);
#8484 = DIRECTION('',(0.382664138353,-0.923887524117,0.));
#8485 = ORIENTED_EDGE('',*,*,#8486,.F.);
#8486 = EDGE_CURVE('',#8487,#8479,#8489,.T.);
#8487 = VERTEX_POINT('',#8488);
#8488 = CARTESIAN_POINT('',(4.612599121734,-20.60227771136,10.));
#8489 = CIRCLE('',#8490,3.);
#8490 = AXIS2_PLACEMENT_3D('',#8491,#8492,#8493);
#8491 = CARTESIAN_POINT('',(7.10703,-18.9356,10.));
#8492 = DIRECTION('',(0.,-0.,-1.));
#8493 = DIRECTION('',(0.555559237121,-0.831476959422,0.));
#8494 = ORIENTED_EDGE('',*,*,#8495,.T.);
#8495 = EDGE_CURVE('',#8487,#8496,#8498,.T.);
#8496 = VERTEX_POINT('',#8497);
#8497 = CARTESIAN_POINT('',(5.048239121734,-21.25427771136,10.));
#8498 = LINE('',#8499,#8500);
#8499 = CARTESIAN_POINT('',(4.612599121734,-20.60227771136,10.));
#8500 = VECTOR('',#8501,1.);
#8501 = DIRECTION('',(0.555559237121,-0.831476959422,0.));
#8502 = ORIENTED_EDGE('',*,*,#8503,.F.);
#8503 = EDGE_CURVE('',#8504,#8496,#8506,.T.);
#8504 = VERTEX_POINT('',#8505);
#8505 = CARTESIAN_POINT('',(5.421483573952,-21.70905425261,10.));
#8506 = CIRCLE('',#8507,3.);
#8507 = AXIS2_PLACEMENT_3D('',#8508,#8509,#8510);
#8508 = CARTESIAN_POINT('',(7.54267,-19.5876,10.));
#8509 = DIRECTION('',(0.,-0.,-1.));
#8510 = DIRECTION('',(0.707151417539,-0.707062142016,0.));
#8511 = ORIENTED_EDGE('',*,*,#8512,.T.);
#8512 = EDGE_CURVE('',#8504,#8513,#8515,.T.);
#8513 = VERTEX_POINT('',#8514);
#8514 = CARTESIAN_POINT('',(5.975953573952,-22.26345425261,10.));
#8515 = LINE('',#8516,#8517);
#8516 = CARTESIAN_POINT('',(5.421483573952,-21.70905425261,10.));
#8517 = VECTOR('',#8518,1.);
#8518 = DIRECTION('',(0.707151417539,-0.707062142016,0.));
#8519 = ORIENTED_EDGE('',*,*,#8520,.F.);
#8520 = EDGE_CURVE('',#8521,#8513,#8523,.T.);
#8521 = VERTEX_POINT('',#8522);
#8522 = CARTESIAN_POINT('',(6.430268252784,-22.63630122044,10.));
#8523 = CIRCLE('',#8524,3.);
#8524 = AXIS2_PLACEMENT_3D('',#8525,#8526,#8527);
#8525 = CARTESIAN_POINT('',(8.09714,-20.142,10.));
#8526 = DIRECTION('',(0.,-0.,-1.));
#8527 = DIRECTION('',(0.83143374015,-0.555623915739,0.));
#8528 = ORIENTED_EDGE('',*,*,#8529,.T.);
#8529 = EDGE_CURVE('',#8521,#8530,#8532,.T.);
#8530 = VERTEX_POINT('',#8531);
#8531 = CARTESIAN_POINT('',(7.082248252784,-23.07200122044,10.));
#8532 = LINE('',#8533,#8534);
#8533 = CARTESIAN_POINT('',(6.430268252784,-22.63630122044,10.));
#8534 = VECTOR('',#8535,1.);
#8535 = DIRECTION('',(0.83143374015,-0.555623915739,0.));
#8536 = ORIENTED_EDGE('',*,*,#8537,.F.);
#8537 = EDGE_CURVE('',#8538,#8530,#8540,.T.);
#8538 = VERTEX_POINT('',#8539);
#8539 = CARTESIAN_POINT('',(7.600994645915,-23.34930750672,10.));
#8540 = CIRCLE('',#8541,3.);
#8541 = AXIS2_PLACEMENT_3D('',#8542,#8543,#8544);
#8542 = CARTESIAN_POINT('',(8.74912,-20.5777,10.));
#8543 = DIRECTION('',(0.,-0.,-1.));
#8544 = DIRECTION('',(0.923869168907,-0.382708451362,0.));
#8545 = ORIENTED_EDGE('',*,*,#8546,.T.);
#8546 = EDGE_CURVE('',#8538,#8547,#8549,.T.);
#8547 = VERTEX_POINT('',#8548);
#8548 = CARTESIAN_POINT('',(8.325444645915,-23.64940750672,10.));
#8549 = LINE('',#8550,#8551);
#8550 = CARTESIAN_POINT('',(7.600994645915,-23.34930750672,10.));
#8551 = VECTOR('',#8552,1.);
#8552 = DIRECTION('',(0.923869168907,-0.382708451362,0.));
#8553 = ORIENTED_EDGE('',*,*,#8554,.F.);
#8554 = EDGE_CURVE('',#8555,#8547,#8557,.T.);
#8555 = VERTEX_POINT('',#8556);
#8556 = CARTESIAN_POINT('',(8.888555117864,-23.82020676788,10.));
#8557 = CIRCLE('',#8558,3.);
#8558 = AXIS2_PLACEMENT_3D('',#8559,#8560,#8561);
#8559 = CARTESIAN_POINT('',(9.47357,-20.8778,10.));
#8560 = DIRECTION('',(0.,-0.,-1.));
#8561 = DIRECTION('',(0.980802255961,-0.195004960712,0.));
#8562 = ORIENTED_EDGE('',*,*,#8563,.T.);
#8563 = EDGE_CURVE('',#8555,#8564,#8566,.T.);
#8564 = VERTEX_POINT('',#8565);
#8565 = CARTESIAN_POINT('',(9.657585117864,-23.97310676788,10.));
#8566 = LINE('',#8567,#8568);
#8567 = CARTESIAN_POINT('',(8.888555117864,-23.82020676788,10.));
#8568 = VECTOR('',#8569,1.);
#8569 = DIRECTION('',(0.980802255961,-0.195004960712,0.));
#8570 = ORIENTED_EDGE('',*,*,#8571,.F.);
#8571 = EDGE_CURVE('',#8572,#8564,#8574,.T.);
#8572 = VERTEX_POINT('',#8573);
#8573 = CARTESIAN_POINT('',(10.09511214845,-24.02707236231,10.));
#8574 = CIRCLE('',#8575,3.);
#8575 = AXIS2_PLACEMENT_3D('',#8576,#8577,#8578);
#8576 = CARTESIAN_POINT('',(10.2426,-21.0307,10.));
#8577 = DIRECTION('',(0.,-0.,-1.));
#8578 = DIRECTION('',(0.998790787438,-4.916261718327E-02,0.));
#8579 = ORIENTED_EDGE('',*,*,#8580,.T.);
#8580 = EDGE_CURVE('',#8572,#8581,#8583,.T.);
#8581 = VERTEX_POINT('',#8582);
#8582 = CARTESIAN_POINT('',(10.48721214845,-24.04637236231,10.));
#8583 = LINE('',#8584,#8585);
#8584 = CARTESIAN_POINT('',(10.09511214845,-24.02707236231,10.));
#8585 = VECTOR('',#8586,1.);
#8586 = DIRECTION('',(0.998790787438,-4.916261718327E-02,0.));
#8587 = ORIENTED_EDGE('',*,*,#8588,.F.);
#8588 = EDGE_CURVE('',#8589,#8581,#8591,.T.);
#8589 = VERTEX_POINT('',#8590);
#8590 = CARTESIAN_POINT('',(10.6347,-24.05,10.));
#8591 = CIRCLE('',#8592,3.);
#8592 = AXIS2_PLACEMENT_3D('',#8593,#8594,#8595);
#8593 = CARTESIAN_POINT('',(10.6347,-21.05,10.));
#8594 = DIRECTION('',(0.,0.,-1.));
#8595 = DIRECTION('',(1.,0.,0.));
#8596 = ORIENTED_EDGE('',*,*,#8597,.T.);
#8597 = EDGE_CURVE('',#8589,#8598,#8600,.T.);
#8598 = VERTEX_POINT('',#8599);
#8599 = CARTESIAN_POINT('',(28.2778,-24.05,10.));
#8600 = LINE('',#8601,#8602);
#8601 = CARTESIAN_POINT('',(10.6347,-24.05,10.));
#8602 = VECTOR('',#8603,1.);
#8603 = DIRECTION('',(1.,0.,0.));
#8604 = ORIENTED_EDGE('',*,*,#8605,.F.);
#8605 = EDGE_CURVE('',#8606,#8598,#8608,.T.);
#8606 = VERTEX_POINT('',#8607);
#8607 = CARTESIAN_POINT('',(28.571992780025,-24.03554025398,10.));
#8608 = CIRCLE('',#8609,3.);
#8609 = AXIS2_PLACEMENT_3D('',#8610,#8611,#8612);
#8610 = CARTESIAN_POINT('',(28.2778,-21.05,10.));
#8611 = DIRECTION('',(0.,0.,-1.));
#8612 = DIRECTION('',(0.995180084663,9.80642600084E-02,0.));
#8613 = ORIENTED_EDGE('',*,*,#8614,.T.);
#8614 = EDGE_CURVE('',#8606,#8615,#8617,.T.);
#8615 = VERTEX_POINT('',#8616);
#8616 = CARTESIAN_POINT('',(29.352392780025,-23.95864025398,10.));
#8617 = LINE('',#8618,#8619);
#8618 = CARTESIAN_POINT('',(28.571992780025,-24.03554025398,10.));
#8619 = VECTOR('',#8620,1.);
#8620 = DIRECTION('',(0.995180084663,9.80642600084E-02,0.));
#8621 = ORIENTED_EDGE('',*,*,#8622,.F.);
#8622 = EDGE_CURVE('',#8623,#8615,#8625,.T.);
#8623 = VERTEX_POINT('',#8624);
#8624 = CARTESIAN_POINT('',(29.929050469398,-23.84392208782,10.));
#8625 = CIRCLE('',#8626,3.);
#8626 = AXIS2_PLACEMENT_3D('',#8627,#8628,#8629);
#8627 = CARTESIAN_POINT('',(29.0582,-20.9731,10.));
#8628 = DIRECTION('',(0.,0.,-1.));
#8629 = DIRECTION('',(0.956940695942,0.290283489799,0.));
#8630 = ORIENTED_EDGE('',*,*,#8631,.T.);
#8631 = EDGE_CURVE('',#8623,#8632,#8634,.T.);
#8632 = VERTEX_POINT('',#8633);
#8633 = CARTESIAN_POINT('',(30.679350469398,-23.61632208782,10.));
#8634 = LINE('',#8635,#8636);
#8635 = CARTESIAN_POINT('',(29.929050469398,-23.84392208782,10.));
#8636 = VECTOR('',#8637,1.);
#8637 = DIRECTION('',(0.956940695942,0.290283489799,0.));
#8638 = ORIENTED_EDGE('',*,*,#8639,.F.);
#8639 = EDGE_CURVE('',#8640,#8632,#8642,.T.);
#8640 = VERTEX_POINT('',#8641);
#8641 = CARTESIAN_POINT('',(31.2224881588,-23.39137178199,10.));
#8642 = CIRCLE('',#8643,3.);
#8643 = AXIS2_PLACEMENT_3D('',#8644,#8645,#8646);
#8644 = CARTESIAN_POINT('',(29.8085,-20.7455,10.));
#8645 = DIRECTION('',(0.,0.,-1.));
#8646 = DIRECTION('',(0.881957260666,0.471329386267,0.));
#8647 = ORIENTED_EDGE('',*,*,#8648,.T.);
#8648 = EDGE_CURVE('',#8640,#8649,#8651,.T.);
#8649 = VERTEX_POINT('',#8650);
#8650 = CARTESIAN_POINT('',(31.9140881588,-23.02177178199,10.));
#8651 = LINE('',#8652,#8653);
#8652 = CARTESIAN_POINT('',(31.2224881588,-23.39137178199,10.));
#8653 = VECTOR('',#8654,1.);
#8654 = DIRECTION('',(0.881957260666,0.471329386267,0.));
#8655 = ORIENTED_EDGE('',*,*,#8656,.F.);
#8656 = EDGE_CURVE('',#8657,#8649,#8659,.T.);
#8657 = VERTEX_POINT('',#8658);
#8658 = CARTESIAN_POINT('',(32.403477790632,-22.69476890231,10.));
#8659 = CIRCLE('',#8660,3.);
#8660 = AXIS2_PLACEMENT_3D('',#8661,#8662,#8663);
#8661 = CARTESIAN_POINT('',(30.5001,-20.3759,10.));
#8662 = DIRECTION('',(0.,0.,-1.));
#8663 = DIRECTION('',(0.772956300772,0.634459263544,0.));
#8664 = ORIENTED_EDGE('',*,*,#8665,.T.);
#8665 = EDGE_CURVE('',#8657,#8666,#8668,.T.);
#8666 = VERTEX_POINT('',#8667);
#8667 = CARTESIAN_POINT('',(33.009577790632,-22.19726890231,10.));
#8668 = LINE('',#8669,#8670);
#8669 = CARTESIAN_POINT('',(32.403477790632,-22.69476890231,10.));
#8670 = VECTOR('',#8671,1.);
#8671 = DIRECTION('',(0.772956300772,0.634459263544,0.));
#8672 = ORIENTED_EDGE('',*,*,#8673,.F.);
#8673 = EDGE_CURVE('',#8674,#8666,#8676,.T.);
#8674 = VERTEX_POINT('',#8675);
#8675 = CARTESIAN_POINT('',(33.425068902316,-21.78177779063,10.));
#8676 = CIRCLE('',#8677,3.);
#8677 = AXIS2_PLACEMENT_3D('',#8678,#8679,#8680);
#8678 = CARTESIAN_POINT('',(31.1062,-19.8784,10.));
#8679 = DIRECTION('',(0.,0.,-1.));
#8680 = DIRECTION('',(0.634459263544,0.772956300772,0.));
#8681 = ORIENTED_EDGE('',*,*,#8682,.T.);
#8682 = EDGE_CURVE('',#8674,#8683,#8685,.T.);
#8683 = VERTEX_POINT('',#8684);
#8684 = CARTESIAN_POINT('',(33.922568902316,-21.17567779063,10.));
#8685 = LINE('',#8686,#8687);
#8686 = CARTESIAN_POINT('',(33.425068902316,-21.78177779063,10.));
#8687 = VECTOR('',#8688,1.);
#8688 = DIRECTION('',(0.634459263544,0.772956300772,0.));
#8689 = ORIENTED_EDGE('',*,*,#8690,.F.);
#8690 = EDGE_CURVE('',#8691,#8683,#8693,.T.);
#8691 = VERTEX_POINT('',#8692);
#8692 = CARTESIAN_POINT('',(34.237349256234,-20.70892507117,10.));
#8693 = CIRCLE('',#8694,3.);
#8694 = AXIS2_PLACEMENT_3D('',#8695,#8696,#8697);
#8695 = CARTESIAN_POINT('',(31.6037,-19.2723,10.));
#8696 = DIRECTION('',(0.,0.,-1.));
#8697 = DIRECTION('',(0.470927681203,0.882171819476,0.));
#8698 = ORIENTED_EDGE('',*,*,#8699,.T.);
#8699 = EDGE_CURVE('',#8691,#8700,#8702,.T.);
#8700 = VERTEX_POINT('',#8701);
#8701 = CARTESIAN_POINT('',(35.045422657408,-19.49953691701,10.));
#8702 = LINE('',#8703,#8704);
#8703 = CARTESIAN_POINT('',(34.155722107427,-20.83109083815,10.));
#8704 = VECTOR('',#8705,1.);
#8705 = DIRECTION('',(0.555563612717,0.831474035809,0.));
#8706 = ORIENTED_EDGE('',*,*,#8707,.T.);
#8707 = EDGE_CURVE('',#8700,#8708,#8710,.T.);
#8708 = VERTEX_POINT('',#8709);
#8709 = CARTESIAN_POINT('',(35.73385052162,-18.81117128075,10.));
#8710 = LINE('',#8711,#8712);
#8711 = CARTESIAN_POINT('',(34.836424462507,-19.70851622027,10.));
#8712 = VECTOR('',#8713,1.);
#8713 = DIRECTION('',(0.707138740093,0.707074820836,0.));
#8714 = ORIENTED_EDGE('',*,*,#8715,.T.);
#8715 = EDGE_CURVE('',#8708,#8716,#8718,.T.);
#8716 = VERTEX_POINT('',#8717);
#8717 = CARTESIAN_POINT('',(36.54335439738,-18.27025740559,10.));
#8718 = LINE('',#8719,#8720);
#8719 = CARTESIAN_POINT('',(35.488254748835,-18.97527940322,10.));
#8720 = VECTOR('',#8721,1.);
#8721 = DIRECTION('',(0.831459801075,0.555584916278,0.));
#8722 = ORIENTED_EDGE('',*,*,#8723,.T.);
#8723 = EDGE_CURVE('',#8716,#8724,#8726,.T.);
#8724 = VERTEX_POINT('',#8725);
#8725 = CARTESIAN_POINT('',(37.442759314736,-17.8977143559,10.));
#8726 = LINE('',#8727,#8728);
#8727 = CARTESIAN_POINT('',(36.270343286846,-18.38334150126,10.));
#8728 = VECTOR('',#8729,1.);
#8729 = DIRECTION('',(0.923880500421,0.382681095615,0.));
#8730 = ORIENTED_EDGE('',*,*,#8731,.T.);
#8731 = EDGE_CURVE('',#8724,#8732,#8734,.T.);
#8732 = VERTEX_POINT('',#8733);
#8733 = CARTESIAN_POINT('',(38.567341917588,-17.67402485325,10.));
#8734 = LINE('',#8735,#8736);
#8735 = CARTESIAN_POINT('',(37.15296118771,-17.95535778622,10.));
#8736 = VECTOR('',#8737,1.);
#8737 = DIRECTION('',(0.980785928742,0.19508706257,0.));
#8738 = ORIENTED_EDGE('',*,*,#8739,.T.);
#8739 = EDGE_CURVE('',#8732,#8740,#8742,.T.);
#8740 = VERTEX_POINT('',#8741);
#8741 = CARTESIAN_POINT('',(39.056263281909,-17.65,10.));
#8742 = LINE('',#8743,#8744);
#8743 = CARTESIAN_POINT('',(38.346337791224,-17.68488466035,10.));
#8744 = VECTOR('',#8745,1.);
#8745 = DIRECTION('',(0.998794886786,4.907926374126E-02,0.));
#8746 = ORIENTED_EDGE('',*,*,#8747,.T.);
#8747 = EDGE_CURVE('',#8740,#8748,#8750,.T.);
#8748 = VERTEX_POINT('',#8749);
#8749 = CARTESIAN_POINT('',(49.586823421643,-17.65,10.));
#8750 = LINE('',#8751,#8752);
#8751 = CARTESIAN_POINT('',(38.9826,-17.65,10.));
#8752 = VECTOR('',#8753,1.);
#8753 = DIRECTION('',(1.,0.,0.));
#8754 = ORIENTED_EDGE('',*,*,#8755,.T.);
#8755 = EDGE_CURVE('',#8748,#8756,#8758,.T.);
#8756 = VERTEX_POINT('',#8757);
#8757 = CARTESIAN_POINT('',(50.899638158836,-17.77929746513,10.));
#8758 = LINE('',#8759,#8760);
#8759 = CARTESIAN_POINT('',(49.440156463644,-17.63555495657,10.));
#8760 = VECTOR('',#8761,1.);
#8761 = DIRECTION('',(0.995184985525,-9.80145121187E-02,0.));
#8762 = ORIENTED_EDGE('',*,*,#8763,.T.);
#8763 = EDGE_CURVE('',#8756,#8764,#8766,.T.);
#8764 = VERTEX_POINT('',#8765);
#8765 = CARTESIAN_POINT('',(51.831199136225,-18.06185830932,10.));
#8766 = LINE('',#8767,#8768);
#8767 = CARTESIAN_POINT('',(50.616916771085,-17.69354248405,10.));
#8768 = VECTOR('',#8769,1.);
#8769 = DIRECTION('',(0.956947494684,-0.290261076305,0.));
#8770 = ORIENTED_EDGE('',*,*,#8771,.T.);
#8771 = EDGE_CURVE('',#8764,#8772,#8774,.T.);
#8772 = VERTEX_POINT('',#8773);
#8773 = CARTESIAN_POINT('',(52.689720802495,-18.52076947035,10.));
#8774 = LINE('',#8775,#8776);
#8775 = CARTESIAN_POINT('',(51.570557608799,-17.9225359012,10.));
#8776 = VECTOR('',#8777,1.);
#8777 = DIRECTION('',(0.881911967069,-0.4714141304,0.));
#8778 = ORIENTED_EDGE('',*,*,#8779,.T.);
#8779 = EDGE_CURVE('',#8772,#8780,#8782,.T.);
#8780 = VERTEX_POINT('',#8781);
#8781 = CARTESIAN_POINT('',(53.442312493316,-19.13838750668,10.));
#8782 = LINE('',#8783,#8784);
#8783 = CARTESIAN_POINT('',(52.461353295551,-18.33335856358,10.));
#8784 = VECTOR('',#8785,1.);
#8785 = DIRECTION('',(0.773019521196,-0.634382234816,0.));
#8786 = ORIENTED_EDGE('',*,*,#8787,.T.);
#8787 = EDGE_CURVE('',#8780,#8788,#8790,.T.);
#8788 = VERTEX_POINT('',#8789);
#8789 = CARTESIAN_POINT('',(54.059930529648,-19.8909791975,10.));
#8790 = LINE('',#8791,#8792);
#8791 = CARTESIAN_POINT('',(53.254841436413,-18.90994670444,10.));
#8792 = VECTOR('',#8793,1.);
#8793 = DIRECTION('',(0.634382234816,-0.773019521196,0.));
#8794 = ORIENTED_EDGE('',*,*,#8795,.T.);
#8795 = EDGE_CURVE('',#8788,#8796,#8798,.T.);
#8796 = VERTEX_POINT('',#8797);
#8797 = CARTESIAN_POINT('',(54.518828444571,-20.74947608322,10.));
#8798 = LINE('',#8799,#8800);
#8799 = CARTESIAN_POINT('',(53.920664098794,-19.6304423912,10.));
#8800 = VECTOR('',#8801,1.);
#8801 = DIRECTION('',(0.4714141304,-0.881911967069,0.));
#8802 = ORIENTED_EDGE('',*,*,#8803,.T.);
#8803 = EDGE_CURVE('',#8796,#8804,#8806,.T.);
#8804 = VERTEX_POINT('',#8805);
#8805 = CARTESIAN_POINT('',(54.801401430471,-21.68113931707,10.));
#8806 = LINE('',#8807,#8808);
#8807 = CARTESIAN_POINT('',(54.433041361344,-20.46662996781,10.));
#8808 = VECTOR('',#8809,1.);
#8809 = DIRECTION('',(0.290243322605,-0.956952879552,0.));
#8810 = ORIENTED_EDGE('',*,*,#8811,.T.);
#8811 = EDGE_CURVE('',#8804,#8812,#8814,.T.);
#8812 = VERTEX_POINT('',#8813);
#8813 = CARTESIAN_POINT('',(54.900603646824,-22.68834484233,10.));
#8814 = LINE('',#8815,#8816);
#8815 = CARTESIAN_POINT('',(54.772446146919,-21.3871547404,10.));
#8816 = VECTOR('',#8817,1.);
#8817 = DIRECTION('',(9.801824680222E-02,-0.995184617694,0.));
#8818 = ORIENTED_EDGE('',*,*,#8819,.T.);
#8819 = EDGE_CURVE('',#8812,#8820,#8822,.T.);
#8820 = VERTEX_POINT('',#8821);
#8821 = CARTESIAN_POINT('',(54.810514134786,-23.71815301446,10.));
#8822 = LINE('',#8823,#8824);
#8823 = CARTESIAN_POINT('',(54.924914134786,-22.41045301446,10.));
#8824 = VECTOR('',#8825,1.);
#8825 = DIRECTION('',(-8.71489951774E-02,-0.996195288405,0.));
#8826 = ORIENTED_EDGE('',*,*,#8827,.F.);
#8827 = EDGE_CURVE('',#8828,#8820,#8830,.T.);
#8828 = VERTEX_POINT('',#8829);
#8829 = CARTESIAN_POINT('',(54.799280428888,-24.01250198738,10.));
#8830 = CIRCLE('',#8831,3.);
#8831 = AXIS2_PLACEMENT_3D('',#8832,#8833,#8834);
#8832 = CARTESIAN_POINT('',(57.7991,-23.9796,10.));
#8833 = DIRECTION('',(0.,-0.,-1.));
#8834 = DIRECTION('',(1.096732912959E-02,-0.999939857037,0.));
#8835 = ORIENTED_EDGE('',*,*,#8836,.T.);
#8836 = EDGE_CURVE('',#8828,#8837,#8839,.T.);
#8837 = VERTEX_POINT('',#8838);
#8838 = CARTESIAN_POINT('',(54.807880428888,-24.79660198738,10.));
#8839 = LINE('',#8840,#8841);
#8840 = CARTESIAN_POINT('',(54.799280428888,-24.01250198738,10.));
#8841 = VECTOR('',#8842,1.);
#8842 = DIRECTION('',(1.096732912959E-02,-0.999939857037,0.));
#8843 = ORIENTED_EDGE('',*,*,#8844,.F.);
#8844 = EDGE_CURVE('',#8845,#8837,#8847,.T.);
#8845 = VERTEX_POINT('',#8846);
#8846 = CARTESIAN_POINT('',(54.871868090704,-25.38086367388,10.));
#8847 = CIRCLE('',#8848,3.);
#8848 = AXIS2_PLACEMENT_3D('',#8849,#8850,#8851);
#8849 = CARTESIAN_POINT('',(57.8077,-24.7637,10.));
#8850 = DIRECTION('',(0.,-0.,-1.));
#8851 = DIRECTION('',(0.205721224627,-0.978610636432,0.));
#8852 = ORIENTED_EDGE('',*,*,#8853,.T.);
#8853 = EDGE_CURVE('',#8845,#8854,#8856,.T.);
#8854 = VERTEX_POINT('',#8855);
#8855 = CARTESIAN_POINT('',(55.033168090704,-26.14816367388,10.));
#8856 = LINE('',#8857,#8858);
#8857 = CARTESIAN_POINT('',(54.871868090704,-25.38086367388,10.));
#8858 = VECTOR('',#8859,1.);
#8859 = DIRECTION('',(0.205721224627,-0.978610636432,0.));
#8860 = ORIENTED_EDGE('',*,*,#8861,.F.);
#8861 = EDGE_CURVE('',#8862,#8854,#8864,.T.);
#8862 = VERTEX_POINT('',#8863);
#8863 = CARTESIAN_POINT('',(55.21012235207,-26.70938623708,10.));
#8864 = CIRCLE('',#8865,3.);
#8865 = AXIS2_PLACEMENT_3D('',#8866,#8867,#8868);
#8866 = CARTESIAN_POINT('',(57.969,-25.531,10.));
#8867 = DIRECTION('',(0.,-0.,-1.));
#8868 = DIRECTION('',(0.392795412362,-0.919625882643,0.));
#8869 = ORIENTED_EDGE('',*,*,#8870,.T.);
#8870 = EDGE_CURVE('',#8862,#8871,#8873,.T.);
#8871 = VERTEX_POINT('',#8872);
#8872 = CARTESIAN_POINT('',(55.51812235207,-27.43048623708,10.));
#8873 = LINE('',#8874,#8875);
#8874 = CARTESIAN_POINT('',(55.21012235207,-26.70938623708,10.));
#8875 = VECTOR('',#8876,1.);
#8876 = DIRECTION('',(0.392795412362,-0.919625882643,0.));
#8877 = ORIENTED_EDGE('',*,*,#8878,.F.);
#8878 = EDGE_CURVE('',#8879,#8871,#8881,.T.);
#8879 = VERTEX_POINT('',#8880);
#8880 = CARTESIAN_POINT('',(55.800862396519,-27.94583627481,10.));
#8881 = CIRCLE('',#8882,3.);
#8882 = AXIS2_PLACEMENT_3D('',#8883,#8884,#8885);
#8883 = CARTESIAN_POINT('',(58.277,-26.2521,10.));
#8884 = DIRECTION('',(0.,-0.,-1.));
#8885 = DIRECTION('',(0.564578758272,-0.82537920116,0.));
#8886 = ORIENTED_EDGE('',*,*,#8887,.T.);
#8887 = EDGE_CURVE('',#8879,#8888,#8890,.T.);
#8888 = VERTEX_POINT('',#8889);
#8889 = CARTESIAN_POINT('',(56.243562396519,-28.59303627481,10.));
#8890 = LINE('',#8891,#8892);
#8891 = CARTESIAN_POINT('',(55.800862396519,-27.94583627481,10.));
#8892 = VECTOR('',#8893,1.);
#8893 = DIRECTION('',(0.564578758272,-0.82537920116,0.));
#8894 = ORIENTED_EDGE('',*,*,#8895,.F.);
#8895 = EDGE_CURVE('',#8896,#8888,#8898,.T.);
#8896 = VERTEX_POINT('',#8897);
#8897 = CARTESIAN_POINT('',(56.621651796864,-29.04363993044,10.));
#8898 = CIRCLE('',#8899,3.);
#8899 = AXIS2_PLACEMENT_3D('',#8900,#8901,#8902);
#8900 = CARTESIAN_POINT('',(58.7197,-26.8993,10.));
#8901 = DIRECTION('',(0.,-0.,-1.));
#8902 = DIRECTION('',(0.714779976816,-0.699349401045,0.));
#8903 = ORIENTED_EDGE('',*,*,#8904,.T.);
#8904 = EDGE_CURVE('',#8896,#8905,#8907,.T.);
#8905 = VERTEX_POINT('',#8906);
#8906 = CARTESIAN_POINT('',(57.182151796864,-29.59203993044,10.));
#8907 = LINE('',#8908,#8909);
#8908 = CARTESIAN_POINT('',(56.621651796864,-29.04363993044,10.));
#8909 = VECTOR('',#8910,1.);
#8910 = DIRECTION('',(0.714779976816,-0.699349401045,0.));
#8911 = ORIENTED_EDGE('',*,*,#8912,.F.);
#8912 = EDGE_CURVE('',#8913,#8905,#8915,.T.);
#8913 = VERTEX_POINT('',#8914);
#8914 = CARTESIAN_POINT('',(57.640813180716,-29.96015116504,10.));
#8915 = CIRCLE('',#8916,3.);
#8916 = AXIS2_PLACEMENT_3D('',#8917,#8918,#8919);
#8917 = CARTESIAN_POINT('',(59.2802,-27.4477,10.));
#8918 = DIRECTION('',(0.,-0.,-1.));
#8919 = DIRECTION('',(0.837483721683,-0.546462273095,0.));
#8920 = ORIENTED_EDGE('',*,*,#8921,.T.);
#8921 = EDGE_CURVE('',#8913,#8922,#8924,.T.);
#8922 = VERTEX_POINT('',#8923);
#8923 = CARTESIAN_POINT('',(58.297513180716,-30.38865116504,10.));
#8924 = LINE('',#8925,#8926);
#8925 = CARTESIAN_POINT('',(57.640813180716,-29.96015116504,10.));
#8926 = VECTOR('',#8927,1.);
#8927 = DIRECTION('',(0.837483721683,-0.546462273095,0.));
#8928 = ORIENTED_EDGE('',*,*,#8929,.F.);
#8929 = EDGE_CURVE('',#8930,#8922,#8932,.T.);
#8930 = VERTEX_POINT('',#8931);
#8931 = CARTESIAN_POINT('',(58.819035186908,-30.66015011802,10.));
#8932 = CIRCLE('',#8933,3.);
#8933 = AXIS2_PLACEMENT_3D('',#8934,#8935,#8936);
#8934 = CARTESIAN_POINT('',(59.9369,-27.8762,10.));
#8935 = DIRECTION('',(0.,-0.,-1.));
#8936 = DIRECTION('',(0.927983372675,-0.372621604364,0.));
#8937 = ORIENTED_EDGE('',*,*,#8938,.T.);
#8938 = EDGE_CURVE('',#8930,#8939,#8941,.T.);
#8939 = VERTEX_POINT('',#8940);
#8940 = CARTESIAN_POINT('',(59.546735186908,-30.95235011802,10.));
#8941 = LINE('',#8942,#8943);
#8942 = CARTESIAN_POINT('',(58.819035186908,-30.66015011802,10.));
#8943 = VECTOR('',#8944,1.);
#8944 = DIRECTION('',(0.927983372675,-0.372621604364,0.));
#8945 = ORIENTED_EDGE('',*,*,#8946,.F.);
#8946 = EDGE_CURVE('',#8947,#8939,#8949,.T.);
#8947 = VERTEX_POINT('',#8948);
#8948 = CARTESIAN_POINT('',(59.983541838882,-31.09007071744,10.));
#8949 = CIRCLE('',#8950,3.);
#8950 = AXIS2_PLACEMENT_3D('',#8951,#8952,#8953);
#8951 = CARTESIAN_POINT('',(60.6646,-28.1684,10.));
#8952 = DIRECTION('',(0.,-0.,-1.));
#8953 = DIRECTION('',(0.973890239148,-0.227019387039,0.));
#8954 = ORIENTED_EDGE('',*,*,#8955,.T.);
#8955 = EDGE_CURVE('',#8947,#8956,#8958,.T.);
#8956 = VERTEX_POINT('',#8957);
#8957 = CARTESIAN_POINT('',(60.408241838882,-31.18907071744,10.));
#8958 = LINE('',#8959,#8960);
#8959 = CARTESIAN_POINT('',(59.983541838882,-31.09007071744,10.));
#8960 = VECTOR('',#8961,1.);
#8961 = DIRECTION('',(0.973890239148,-0.227019387039,0.));
#8962 = ORIENTED_EDGE('',*,*,#8963,.F.);
#8963 = EDGE_CURVE('',#8964,#8956,#8966,.T.);
#8964 = VERTEX_POINT('',#8965);
#8965 = CARTESIAN_POINT('',(60.568344828316,-31.22182138313,10.));
#8966 = CIRCLE('',#8967,3.);
#8967 = AXIS2_PLACEMENT_3D('',#8968,#8969,#8970);
#8968 = CARTESIAN_POINT('',(61.0893,-28.2674,10.));
#8969 = DIRECTION('',(0.,-0.,-1.));
#8970 = DIRECTION('',(0.98480712771,-0.173651723895,0.));
#8971 = ORIENTED_EDGE('',*,*,#8972,.T.);
#8972 = EDGE_CURVE('',#8964,#8973,#8975,.T.);
#8973 = VERTEX_POINT('',#8974);
#8974 = CARTESIAN_POINT('',(76.738053414519,-34.07303731349,10.));
#8975 = LINE('',#8976,#8977);
#8976 = CARTESIAN_POINT('',(60.568344828316,-31.22182138313,10.));
#8977 = VECTOR('',#8978,1.);
#8978 = DIRECTION('',(0.98480712771,-0.173651723895,0.));
#8979 = ORIENTED_EDGE('',*,*,#8980,.T.);
#8980 = EDGE_CURVE('',#8973,#8981,#8983,.T.);
#8981 = VERTEX_POINT('',#8982);
#8982 = CARTESIAN_POINT('',(78.305826886059,-34.51145402629,10.));
#8983 = LINE('',#8984,#8985);
#8984 = CARTESIAN_POINT('',(76.596166993,-34.03335978377,10.));
#8985 = VECTOR('',#8986,1.);
#8986 = DIRECTION('',(0.963053261259,-0.269311002333,0.));
#8987 = ORIENTED_EDGE('',*,*,#8988,.T.);
#8988 = EDGE_CURVE('',#8981,#8989,#8991,.T.);
#8989 = VERTEX_POINT('',#8990);
#8990 = CARTESIAN_POINT('',(93.658014863082,-40.71413522324,10.));
#8991 = LINE('',#8992,#8993);
#8992 = CARTESIAN_POINT('',(78.150881056126,-34.44885190161,10.));
#8993 = VECTOR('',#8994,1.);
#8994 = DIRECTION('',(0.927183967206,-0.374606314625,0.));
#8995 = ORIENTED_EDGE('',*,*,#8996,.T.);
#8996 = EDGE_CURVE('',#8989,#8997,#8999,.T.);
#8997 = VERTEX_POINT('',#8998);
#8998 = CARTESIAN_POINT('',(95.100398204261,-41.46901882312,10.));
#8999 = LINE('',#9000,#9001);
#9000 = CARTESIAN_POINT('',(93.527419784678,-40.64578717727,10.));
#9001 = VECTOR('',#9002,1.);
#9002 = DIRECTION('',(0.885995725757,-0.463693405107,0.));
#9003 = ORIENTED_EDGE('',*,*,#9004,.T.);
#9004 = EDGE_CURVE('',#8997,#9005,#9007,.T.);
#9005 = VERTEX_POINT('',#9006);
#9006 = CARTESIAN_POINT('',(108.61239355343,-50.58319400916,10.));
#9007 = LINE('',#9008,#9009);
#9008 = CARTESIAN_POINT('',(94.961893553436,-41.37559400916,10.));
#9009 = VECTOR('',#9010,1.);
#9010 = DIRECTION('',(0.82903133639,-0.559202148855,0.));
#9011 = ORIENTED_EDGE('',*,*,#9012,.F.);
#9012 = EDGE_CURVE('',#9013,#9005,#9015,.T.);
#9013 = VERTEX_POINT('',#9014);
#9014 = CARTESIAN_POINT('',(108.86425708608,-50.73565623986,10.));
#9015 = CIRCLE('',#9016,3.);
#9016 = AXIS2_PLACEMENT_3D('',#9017,#9018,#9019);
#9017 = CARTESIAN_POINT('',(110.29,-48.0961,10.));
#9018 = DIRECTION('',(0.,-0.,-1.));
#9019 = DIRECTION('',(0.879852079956,-0.475247637971,0.));
#9020 = ORIENTED_EDGE('',*,*,#9021,.T.);
#9021 = EDGE_CURVE('',#9013,#9022,#9024,.T.);
#9022 = VERTEX_POINT('',#9023);
#9023 = CARTESIAN_POINT('',(109.55425708608,-51.10835623986,10.));
#9024 = LINE('',#9025,#9026);
#9025 = CARTESIAN_POINT('',(108.86425708608,-50.73565623986,10.));
#9026 = VECTOR('',#9027,1.);
#9027 = DIRECTION('',(0.879852079956,-0.475247637971,0.));
#9028 = ORIENTED_EDGE('',*,*,#9029,.F.);
#9029 = EDGE_CURVE('',#9030,#9022,#9032,.T.);
#9030 = VERTEX_POINT('',#9031);
#9031 = CARTESIAN_POINT('',(110.09728577969,-51.33599647134,10.));
#9032 = CIRCLE('',#9033,3.);
#9033 = AXIS2_PLACEMENT_3D('',#9034,#9035,#9036);
#9034 = CARTESIAN_POINT('',(110.98,-48.4688,10.));
#9035 = DIRECTION('',(0.,-0.,-1.));
#9036 = DIRECTION('',(0.955732157113,-0.294238073437,0.));
#9037 = ORIENTED_EDGE('',*,*,#9038,.T.);
#9038 = EDGE_CURVE('',#9030,#9039,#9041,.T.);
#9039 = VERTEX_POINT('',#9040);
#9040 = CARTESIAN_POINT('',(110.84728577969,-51.56689647134,10.));
#9041 = LINE('',#9042,#9043);
#9042 = CARTESIAN_POINT('',(110.09728577969,-51.33599647134,10.));
#9043 = VECTOR('',#9044,1.);
#9044 = DIRECTION('',(0.955732157113,-0.294238073437,0.));
#9045 = ORIENTED_EDGE('',*,*,#9046,.F.);
#9046 = EDGE_CURVE('',#9047,#9039,#9049,.T.);
#9047 = VERTEX_POINT('',#9048);
#9048 = CARTESIAN_POINT('',(111.42277759408,-51.68392760413,10.));
#9049 = CIRCLE('',#9050,3.);
#9050 = AXIS2_PLACEMENT_3D('',#9051,#9052,#9053);
#9051 = CARTESIAN_POINT('',(111.73,-48.6997,10.));
#9052 = DIRECTION('',(0.,-0.,-1.));
#9053 = DIRECTION('',(0.994742534713,-0.102407468638,0.));
#9054 = ORIENTED_EDGE('',*,*,#9055,.T.);
#9055 = EDGE_CURVE('',#9047,#9056,#9058,.T.);
#9056 = VERTEX_POINT('',#9057);
#9057 = CARTESIAN_POINT('',(112.20277759408,-51.76422760413,10.));
#9058 = LINE('',#9059,#9060);
#9059 = CARTESIAN_POINT('',(111.42277759408,-51.68392760413,10.));
#9060 = VECTOR('',#9061,1.);
#9061 = DIRECTION('',(0.994742534713,-0.102407468638,0.));
#9062 = ORIENTED_EDGE('',*,*,#9063,.F.);
#9063 = EDGE_CURVE('',#9064,#9056,#9066,.T.);
#9064 = VERTEX_POINT('',#9065);
#9065 = CARTESIAN_POINT('',(112.79144553019,-51.76676889188,10.));
#9066 = CIRCLE('',#9067,3.);
#9067 = AXIS2_PLACEMENT_3D('',#9068,#9069,#9070);
#9068 = CARTESIAN_POINT('',(112.51,-48.78,10.));
#9069 = DIRECTION('',(0.,0.,-1.));
#9070 = DIRECTION('',(0.995589630628,9.381517673229E-02,0.));
#9071 = ORIENTED_EDGE('',*,*,#9072,.T.);
#9072 = EDGE_CURVE('',#9064,#6377,#9073,.T.);
#9073 = LINE('',#9074,#9075);
#9074 = CARTESIAN_POINT('',(112.79144553019,-51.76676889188,10.));
#9075 = VECTOR('',#9076,1.);
#9076 = DIRECTION('',(0.995589630628,9.381517673229E-02,0.));
#9077 = PLANE('',#9078);
#9078 = AXIS2_PLACEMENT_3D('',#9079,#9080,#9081);
#9079 = CARTESIAN_POINT('',(64.427531064036,13.634724886327,10.));
#9080 = DIRECTION('',(0.,0.,1.));
#9081 = DIRECTION('',(1.,0.,0.));
#9082 = ADVANCED_FACE('',(#9083),#9094,.T.);
#9083 = FACE_BOUND('',#9084,.T.);
#9084 = EDGE_LOOP('',(#9085,#9086,#9092,#9093));
#9085 = ORIENTED_EDGE('',*,*,#6348,.F.);
#9086 = ORIENTED_EDGE('',*,*,#9087,.T.);
#9087 = EDGE_CURVE('',#6341,#7122,#9088,.T.);
#9088 = LINE('',#9089,#9090);
#9089 = CARTESIAN_POINT('',(113.29,-48.7065,2.5));
#9090 = VECTOR('',#9091,1.);
#9091 = DIRECTION('',(0.,0.,1.));
#9092 = ORIENTED_EDGE('',*,*,#7121,.F.);
#9093 = ORIENTED_EDGE('',*,*,#1704,.F.);
#9094 = PLANE('',#9095);
#9095 = AXIS2_PLACEMENT_3D('',#9096,#9097,#9098);
#9096 = CARTESIAN_POINT('',(113.29,-48.7065,2.5));
#9097 = DIRECTION('',(-0.285827704717,0.958281025178,0.));
#9098 = DIRECTION('',(0.958281025178,0.285827704717,0.));
#9099 = ADVANCED_FACE('',(#9100),#9111,.T.);
#9100 = FACE_BOUND('',#9101,.T.);
#9101 = EDGE_LOOP('',(#9102,#9103,#9104,#9105));
#9102 = ORIENTED_EDGE('',*,*,#6316,.F.);
#9103 = ORIENTED_EDGE('',*,*,#1751,.T.);
#9104 = ORIENTED_EDGE('',*,*,#7153,.F.);
#9105 = ORIENTED_EDGE('',*,*,#9106,.F.);
#9106 = EDGE_CURVE('',#6317,#7146,#9107,.T.);
#9107 = LINE('',#9108,#9109);
#9108 = CARTESIAN_POINT('',(110.98,-48.4688,2.5));
#9109 = VECTOR('',#9110,1.);
#9110 = DIRECTION('',(0.,0.,1.));
#9111 = PLANE('',#9112);
#9112 = AXIS2_PLACEMENT_3D('',#9113,#9114,#9115);
#9113 = CARTESIAN_POINT('',(110.29,-48.0961,2.5));
#9114 = DIRECTION('',(0.475247637971,0.879852079956,0.));
#9115 = DIRECTION('',(0.879852079956,-0.475247637971,0.));
#9116 = ADVANCED_FACE('',(#9117,#9159),#9170,.T.);
#9117 = FACE_BOUND('',#9118,.T.);
#9118 = EDGE_LOOP('',(#9119,#9128,#9135,#9136,#9144,#9152,#9158));
#9119 = ORIENTED_EDGE('',*,*,#9120,.T.);
#9120 = EDGE_CURVE('',#3143,#9121,#9123,.T.);
#9121 = VERTEX_POINT('',#9122);
#9122 = CARTESIAN_POINT('',(126.4,2.8,4.9));
#9123 = CIRCLE('',#9124,3.);
#9124 = AXIS2_PLACEMENT_3D('',#9125,#9126,#9127);
#9125 = CARTESIAN_POINT('',(123.4,2.8,4.9));
#9126 = DIRECTION('',(0.,0.,1.));
#9127 = DIRECTION('',(1.,0.,0.));
#9128 = ORIENTED_EDGE('',*,*,#9129,.T.);
#9129 = EDGE_CURVE('',#9121,#3048,#9130,.T.);
#9130 = CIRCLE('',#9131,3.);
#9131 = AXIS2_PLACEMENT_3D('',#9132,#9133,#9134);
#9132 = CARTESIAN_POINT('',(123.4,2.8,4.9));
#9133 = DIRECTION('',(0.,0.,1.));
#9134 = DIRECTION('',(1.,0.,0.));
#9135 = ORIENTED_EDGE('',*,*,#3047,.T.);
#9136 = ORIENTED_EDGE('',*,*,#9137,.T.);
#9137 = EDGE_CURVE('',#3040,#9138,#9140,.T.);
#9138 = VERTEX_POINT('',#9139);
#9139 = CARTESIAN_POINT('',(124.431,0.104482,4.9));
#9140 = LINE('',#9141,#9142);
#9141 = CARTESIAN_POINT('',(123.9574994676,-3.903279585358E-02,4.9));
#9142 = VECTOR('',#9143,1.);
#9143 = DIRECTION('',(0.957007694257,0.290062533142,0.));
#9144 = ORIENTED_EDGE('',*,*,#9145,.T.);
#9145 = EDGE_CURVE('',#9138,#9146,#9148,.T.);
#9146 = VERTEX_POINT('',#9147);
#9147 = CARTESIAN_POINT('',(125.122,0.474122,4.9));
#9148 = LINE('',#9149,#9150);
#9149 = CARTESIAN_POINT('',(124.59074998607,0.189937839149,4.9));
#9150 = VECTOR('',#9151,1.);
#9151 = DIRECTION('',(0.881765881152,0.471687323168,0.));
#9152 = ORIENTED_EDGE('',*,*,#9153,.T.);
#9153 = EDGE_CURVE('',#9146,#3151,#9154,.T.);
#9154 = LINE('',#9155,#9156);
#9155 = CARTESIAN_POINT('',(125.17793671683,0.52003912166,4.9));
#9156 = VECTOR('',#9157,1.);
#9157 = DIRECTION('',(0.772935607369,0.634484473302,0.));
#9158 = ORIENTED_EDGE('',*,*,#3150,.T.);
#9159 = FACE_BOUND('',#9160,.T.);
#9160 = EDGE_LOOP('',(#9161));
#9161 = ORIENTED_EDGE('',*,*,#9162,.T.);
#9162 = EDGE_CURVE('',#9163,#9163,#9165,.T.);
#9163 = VERTEX_POINT('',#9164);
#9164 = CARTESIAN_POINT('',(125.5,2.8,4.9));
#9165 = CIRCLE('',#9166,2.1);
#9166 = AXIS2_PLACEMENT_3D('',#9167,#9168,#9169);
#9167 = CARTESIAN_POINT('',(123.4,2.8,4.9));
#9168 = DIRECTION('',(0.,0.,-1.));
#9169 = DIRECTION('',(1.,0.,0.));
#9170 = PLANE('',#9171);
#9171 = AXIS2_PLACEMENT_3D('',#9172,#9173,#9174);
#9172 = CARTESIAN_POINT('',(123.4,2.8,4.9));
#9173 = DIRECTION('',(0.,0.,1.));
#9174 = DIRECTION('',(1.,0.,0.));
#9175 = ADVANCED_FACE('',(#9176),#9187,.T.);
#9176 = FACE_BOUND('',#9177,.T.);
#9177 = EDGE_LOOP('',(#9178,#9179,#9180,#9181));
#9178 = ORIENTED_EDGE('',*,*,#9137,.F.);
#9179 = ORIENTED_EDGE('',*,*,#3039,.T.);
#9180 = ORIENTED_EDGE('',*,*,#7087,.F.);
#9181 = ORIENTED_EDGE('',*,*,#9182,.F.);
#9182 = EDGE_CURVE('',#9138,#7080,#9183,.T.);
#9183 = LINE('',#9184,#9185);
#9184 = CARTESIAN_POINT('',(124.431,0.104482,2.5));
#9185 = VECTOR('',#9186,1.);
#9186 = DIRECTION('',(0.,0.,1.));
#9187 = PLANE('',#9188);
#9188 = AXIS2_PLACEMENT_3D('',#9189,#9190,#9191);
#9189 = CARTESIAN_POINT('',(123.68,-0.123141,2.5));
#9190 = DIRECTION('',(-0.290062533142,0.957007694257,0.));
#9191 = DIRECTION('',(0.957007694257,0.290062533142,0.));
#9192 = ADVANCED_FACE('',(#9193),#9204,.T.);
#9193 = FACE_BOUND('',#9194,.T.);
#9194 = EDGE_LOOP('',(#9195,#9196,#9202,#9203));
#9195 = ORIENTED_EDGE('',*,*,#9153,.F.);
#9196 = ORIENTED_EDGE('',*,*,#9197,.T.);
#9197 = EDGE_CURVE('',#9146,#7072,#9198,.T.);
#9198 = LINE('',#9199,#9200);
#9199 = CARTESIAN_POINT('',(125.122,0.474122,2.5));
#9200 = VECTOR('',#9201,1.);
#9201 = DIRECTION('',(0.,0.,1.));
#9202 = ORIENTED_EDGE('',*,*,#7071,.F.);
#9203 = ORIENTED_EDGE('',*,*,#3158,.F.);
#9204 = PLANE('',#9205);
#9205 = AXIS2_PLACEMENT_3D('',#9206,#9207,#9208);
#9206 = CARTESIAN_POINT('',(125.122,0.474122,2.5));
#9207 = DIRECTION('',(-0.634484473302,0.772935607369,0.));
#9208 = DIRECTION('',(0.772935607369,0.634484473302,0.));
#9209 = ADVANCED_FACE('',(#9210),#9230,.T.);
#9210 = FACE_BOUND('',#9211,.T.);
#9211 = EDGE_LOOP('',(#9212,#9221,#9222,#9223,#9224));
#9212 = ORIENTED_EDGE('',*,*,#9213,.T.);
#9213 = EDGE_CURVE('',#9214,#3616,#9216,.T.);
#9214 = VERTEX_POINT('',#9215);
#9215 = CARTESIAN_POINT('',(125.83891831709,59.693404835357,4.9));
#9216 = CIRCLE('',#9217,2.1);
#9217 = AXIS2_PLACEMENT_3D('',#9218,#9219,#9220);
#9218 = CARTESIAN_POINT('',(123.9,60.5,4.9));
#9219 = DIRECTION('',(0.,0.,-1.));
#9220 = DIRECTION('',(1.,0.,0.));
#9221 = ORIENTED_EDGE('',*,*,#3615,.T.);
#9222 = ORIENTED_EDGE('',*,*,#3572,.T.);
#9223 = ORIENTED_EDGE('',*,*,#3518,.T.);
#9224 = ORIENTED_EDGE('',*,*,#9225,.T.);
#9225 = EDGE_CURVE('',#3511,#9214,#9226,.T.);
#9226 = LINE('',#9227,#9228);
#9227 = CARTESIAN_POINT('',(125.44392644269,60.174136913816,4.9));
#9228 = VECTOR('',#9229,1.);
#9229 = DIRECTION('',(-0.63484000223,0.772643625204,0.));
#9230 = PLANE('',#9231);
#9231 = AXIS2_PLACEMENT_3D('',#9232,#9233,#9234);
#9232 = CARTESIAN_POINT('',(123.9,60.5,4.9));
#9233 = DIRECTION('',(0.,0.,1.));
#9234 = DIRECTION('',(1.,0.,0.));
#9235 = ADVANCED_FACE('',(#9236),#9263,.T.);
#9236 = FACE_BOUND('',#9237,.T.);
#9237 = EDGE_LOOP('',(#9238,#9239,#9240,#9241,#9249,#9257));
#9238 = ORIENTED_EDGE('',*,*,#9225,.F.);
#9239 = ORIENTED_EDGE('',*,*,#3510,.T.);
#9240 = ORIENTED_EDGE('',*,*,#7057,.F.);
#9241 = ORIENTED_EDGE('',*,*,#9242,.T.);
#9242 = EDGE_CURVE('',#7049,#9243,#9245,.T.);
#9243 = VERTEX_POINT('',#9244);
#9244 = CARTESIAN_POINT('',(125.76649947179,59.781543514345,5.9));
#9245 = LINE('',#9246,#9247);
#9246 = CARTESIAN_POINT('',(125.76649947179,59.781543514345,4.9));
#9247 = VECTOR('',#9248,1.);
#9248 = DIRECTION('',(-0.,-0.,-1.));
#9249 = ORIENTED_EDGE('',*,*,#9250,.F.);
#9250 = EDGE_CURVE('',#9251,#9243,#9253,.T.);
#9251 = VERTEX_POINT('',#9252);
#9252 = CARTESIAN_POINT('',(125.83891831709,59.693404835357,5.9));
#9253 = LINE('',#9254,#9255);
#9254 = CARTESIAN_POINT('',(125.44392644269,60.174136913816,5.9));
#9255 = VECTOR('',#9256,1.);
#9256 = DIRECTION('',(-0.63484000223,0.772643625204,0.));
#9257 = ORIENTED_EDGE('',*,*,#9258,.T.);
#9258 = EDGE_CURVE('',#9251,#9214,#9259,.T.);
#9259 = LINE('',#9260,#9261);
#9260 = CARTESIAN_POINT('',(125.83891831709,59.693404835357,4.3));
#9261 = VECTOR('',#9262,1.);
#9262 = DIRECTION('',(-0.,-0.,-1.));
#9263 = PLANE('',#9264);
#9264 = AXIS2_PLACEMENT_3D('',#9265,#9266,#9267);
#9265 = CARTESIAN_POINT('',(126.226,59.2223,2.5));
#9266 = DIRECTION('',(-0.772643625204,-0.63484000223,0.));
#9267 = DIRECTION('',(-0.63484000223,0.772643625204,0.));
#9268 = ADVANCED_FACE('',(#9269),#9287,.F.);
#9269 = FACE_BOUND('',#9270,.F.);
#9270 = EDGE_LOOP('',(#9271,#9279,#9280,#9281));
#9271 = ORIENTED_EDGE('',*,*,#9272,.F.);
#9272 = EDGE_CURVE('',#3664,#9273,#9275,.T.);
#9273 = VERTEX_POINT('',#9274);
#9274 = CARTESIAN_POINT('',(96.3,64.,4.9));
#9275 = LINE('',#9276,#9277);
#9276 = CARTESIAN_POINT('',(96.3,56.,4.9));
#9277 = VECTOR('',#9278,1.);
#9278 = DIRECTION('',(2.22044604925E-16,1.,0.));
#9279 = ORIENTED_EDGE('',*,*,#3671,.F.);
#9280 = ORIENTED_EDGE('',*,*,#7332,.F.);
#9281 = ORIENTED_EDGE('',*,*,#9282,.T.);
#9282 = EDGE_CURVE('',#7333,#9273,#9283,.T.);
#9283 = LINE('',#9284,#9285);
#9284 = CARTESIAN_POINT('',(96.3,64.,2.45));
#9285 = VECTOR('',#9286,1.);
#9286 = DIRECTION('',(-0.,-0.,-1.));
#9287 = PLANE('',#9288);
#9288 = AXIS2_PLACEMENT_3D('',#9289,#9290,#9291);
#9289 = CARTESIAN_POINT('',(96.3,56.,4.9));
#9290 = DIRECTION('',(-1.,2.22044604925E-16,0.));
#9291 = DIRECTION('',(0.,0.,1.));
#9292 = ADVANCED_FACE('',(#9293),#9311,.T.);
#9293 = FACE_BOUND('',#9294,.T.);
#9294 = EDGE_LOOP('',(#9295,#9296,#9297,#9305));
#9295 = ORIENTED_EDGE('',*,*,#9272,.F.);
#9296 = ORIENTED_EDGE('',*,*,#3663,.F.);
#9297 = ORIENTED_EDGE('',*,*,#9298,.T.);
#9298 = EDGE_CURVE('',#3656,#9299,#9301,.T.);
#9299 = VERTEX_POINT('',#9300);
#9300 = CARTESIAN_POINT('',(108.3,64.,4.9));
#9301 = LINE('',#9302,#9303);
#9302 = CARTESIAN_POINT('',(108.3,56.,4.9));
#9303 = VECTOR('',#9304,1.);
#9304 = DIRECTION('',(2.22044604925E-16,1.,0.));
#9305 = ORIENTED_EDGE('',*,*,#9306,.T.);
#9306 = EDGE_CURVE('',#9299,#9273,#9307,.T.);
#9307 = LINE('',#9308,#9309);
#9308 = CARTESIAN_POINT('',(115.6,64.,4.9));
#9309 = VECTOR('',#9310,1.);
#9310 = DIRECTION('',(-1.,0.,0.));
#9311 = PLANE('',#9312);
#9312 = AXIS2_PLACEMENT_3D('',#9313,#9314,#9315);
#9313 = CARTESIAN_POINT('',(108.3,56.,4.9));
#9314 = DIRECTION('',(0.,0.,1.));
#9315 = DIRECTION('',(2.22044604925E-16,1.,0.));
#9316 = ADVANCED_FACE('',(#9317),#9328,.T.);
#9317 = FACE_BOUND('',#9318,.T.);
#9318 = EDGE_LOOP('',(#9319,#9320,#9321,#9322));
#9319 = ORIENTED_EDGE('',*,*,#9298,.F.);
#9320 = ORIENTED_EDGE('',*,*,#3655,.F.);
#9321 = ORIENTED_EDGE('',*,*,#7032,.F.);
#9322 = ORIENTED_EDGE('',*,*,#9323,.T.);
#9323 = EDGE_CURVE('',#7025,#9299,#9324,.T.);
#9324 = LINE('',#9325,#9326);
#9325 = CARTESIAN_POINT('',(108.3,64.,2.45));
#9326 = VECTOR('',#9327,1.);
#9327 = DIRECTION('',(-0.,-0.,-1.));
#9328 = PLANE('',#9329);
#9329 = AXIS2_PLACEMENT_3D('',#9330,#9331,#9332);
#9330 = CARTESIAN_POINT('',(108.3,56.,4.9));
#9331 = DIRECTION('',(-1.,2.22044604925E-16,0.));
#9332 = DIRECTION('',(0.,0.,1.));
#9333 = ADVANCED_FACE('',(#9334),#9370,.F.);
#9334 = FACE_BOUND('',#9335,.F.);
#9335 = EDGE_LOOP('',(#9336,#9345,#9352,#9353,#9362,#9369));
#9336 = ORIENTED_EDGE('',*,*,#9337,.T.);
#9337 = EDGE_CURVE('',#9251,#9338,#9340,.T.);
#9338 = VERTEX_POINT('',#9339);
#9339 = CARTESIAN_POINT('',(126.,60.5,5.9));
#9340 = CIRCLE('',#9341,2.1);
#9341 = AXIS2_PLACEMENT_3D('',#9342,#9343,#9344);
#9342 = CARTESIAN_POINT('',(123.9,60.5,5.9));
#9343 = DIRECTION('',(0.,0.,1.));
#9344 = DIRECTION('',(1.,0.,0.));
#9345 = ORIENTED_EDGE('',*,*,#9346,.T.);
#9346 = EDGE_CURVE('',#9338,#3624,#9347,.T.);
#9347 = CIRCLE('',#9348,2.1);
#9348 = AXIS2_PLACEMENT_3D('',#9349,#9350,#9351);
#9349 = CARTESIAN_POINT('',(123.9,60.5,5.9));
#9350 = DIRECTION('',(0.,0.,1.));
#9351 = DIRECTION('',(1.,0.,0.));
#9352 = ORIENTED_EDGE('',*,*,#3631,.F.);
#9353 = ORIENTED_EDGE('',*,*,#9354,.T.);
#9354 = EDGE_CURVE('',#3632,#9355,#9357,.T.);
#9355 = VERTEX_POINT('',#9356);
#9356 = CARTESIAN_POINT('',(125.9,60.5,5.9));
#9357 = CIRCLE('',#9358,2.);
#9358 = AXIS2_PLACEMENT_3D('',#9359,#9360,#9361);
#9359 = CARTESIAN_POINT('',(123.9,60.5,5.9));
#9360 = DIRECTION('',(0.,0.,-1.));
#9361 = DIRECTION('',(1.,0.,0.));
#9362 = ORIENTED_EDGE('',*,*,#9363,.T.);
#9363 = EDGE_CURVE('',#9355,#9243,#9364,.T.);
#9364 = CIRCLE('',#9365,2.);
#9365 = AXIS2_PLACEMENT_3D('',#9366,#9367,#9368);
#9366 = CARTESIAN_POINT('',(123.9,60.5,5.9));
#9367 = DIRECTION('',(0.,0.,-1.));
#9368 = DIRECTION('',(1.,0.,0.));
#9369 = ORIENTED_EDGE('',*,*,#9250,.F.);
#9370 = PLANE('',#9371);
#9371 = AXIS2_PLACEMENT_3D('',#9372,#9373,#9374);
#9372 = CARTESIAN_POINT('',(123.9,60.5,5.9));
#9373 = DIRECTION('',(0.,0.,1.));
#9374 = DIRECTION('',(1.,0.,0.));
#9375 = ADVANCED_FACE('',(#9376),#9399,.F.);
#9376 = FACE_BOUND('',#9377,.T.);
#9377 = EDGE_LOOP('',(#9378,#9387,#9393,#9394,#9395,#9396,#9397,#9398));
#9378 = ORIENTED_EDGE('',*,*,#9379,.F.);
#9379 = EDGE_CURVE('',#9380,#9380,#9382,.T.);
#9380 = VERTEX_POINT('',#9381);
#9381 = CARTESIAN_POINT('',(126.,60.5,4.3));
#9382 = CIRCLE('',#9383,2.1);
#9383 = AXIS2_PLACEMENT_3D('',#9384,#9385,#9386);
#9384 = CARTESIAN_POINT('',(123.9,60.5,4.3));
#9385 = DIRECTION('',(0.,0.,1.));
#9386 = DIRECTION('',(1.,0.,0.));
#9387 = ORIENTED_EDGE('',*,*,#9388,.T.);
#9388 = EDGE_CURVE('',#9380,#9338,#9389,.T.);
#9389 = LINE('',#9390,#9391);
#9390 = CARTESIAN_POINT('',(126.,60.5,4.3));
#9391 = VECTOR('',#9392,1.);
#9392 = DIRECTION('',(0.,0.,1.));
#9393 = ORIENTED_EDGE('',*,*,#9346,.T.);
#9394 = ORIENTED_EDGE('',*,*,#3623,.T.);
#9395 = ORIENTED_EDGE('',*,*,#9213,.F.);
#9396 = ORIENTED_EDGE('',*,*,#9258,.F.);
#9397 = ORIENTED_EDGE('',*,*,#9337,.T.);
#9398 = ORIENTED_EDGE('',*,*,#9388,.F.);
#9399 = CYLINDRICAL_SURFACE('',#9400,2.1);
#9400 = AXIS2_PLACEMENT_3D('',#9401,#9402,#9403);
#9401 = CARTESIAN_POINT('',(123.9,60.5,4.3));
#9402 = DIRECTION('',(-0.,-0.,-1.));
#9403 = DIRECTION('',(1.,0.,0.));
#9404 = ADVANCED_FACE('',(#9405),#9439,.T.);
#9405 = FACE_BOUND('',#9406,.T.);
#9406 = EDGE_LOOP('',(#9407,#9415,#9423,#9431,#9437,#9438));
#9407 = ORIENTED_EDGE('',*,*,#9408,.F.);
#9408 = EDGE_CURVE('',#9409,#4095,#9411,.T.);
#9409 = VERTEX_POINT('',#9410);
#9410 = CARTESIAN_POINT('',(1.823431301397,-12.541680512,4.9));
#9411 = LINE('',#9412,#9413);
#9412 = CARTESIAN_POINT('',(0.235615736721,-12.06006887151,4.9));
#9413 = VECTOR('',#9414,1.);
#9414 = DIRECTION('',(0.956948194773,-0.290258768207,0.));
#9415 = ORIENTED_EDGE('',*,*,#9416,.F.);
#9416 = EDGE_CURVE('',#9417,#9409,#9419,.T.);
#9417 = VERTEX_POINT('',#9418);
#9418 = CARTESIAN_POINT('',(1.823431301397,-12.541680512,5.9));
#9419 = LINE('',#9420,#9421);
#9420 = CARTESIAN_POINT('',(1.823431301397,-12.541680512,4.3));
#9421 = VECTOR('',#9422,1.);
#9422 = DIRECTION('',(-0.,-0.,-1.));
#9423 = ORIENTED_EDGE('',*,*,#9424,.F.);
#9424 = EDGE_CURVE('',#9425,#9417,#9427,.T.);
#9425 = VERTEX_POINT('',#9426);
#9426 = CARTESIAN_POINT('',(1.725144182292,-12.51186834633,5.9));
#9427 = LINE('',#9428,#9429);
#9428 = CARTESIAN_POINT('',(0.235615736721,-12.06006887151,5.9));
#9429 = VECTOR('',#9430,1.);
#9430 = DIRECTION('',(0.956948194773,-0.290258768207,0.));
#9431 = ORIENTED_EDGE('',*,*,#9432,.F.);
#9432 = EDGE_CURVE('',#7208,#9425,#9433,.T.);
#9433 = LINE('',#9434,#9435);
#9434 = CARTESIAN_POINT('',(1.725144182292,-12.51186834633,4.9));
#9435 = VECTOR('',#9436,1.);
#9436 = DIRECTION('',(-0.,-0.,-1.));
#9437 = ORIENTED_EDGE('',*,*,#7207,.F.);
#9438 = ORIENTED_EDGE('',*,*,#4102,.F.);
#9439 = PLANE('',#9440);
#9440 = AXIS2_PLACEMENT_3D('',#9441,#9442,#9443);
#9441 = CARTESIAN_POINT('',(0.606947,-12.1727,2.5));
#9442 = DIRECTION('',(0.290258768207,0.956948194773,0.));
#9443 = DIRECTION('',(0.956948194773,-0.290258768207,0.));
#9444 = ADVANCED_FACE('',(#9445),#9482,.T.);
#9445 = FACE_BOUND('',#9446,.T.);
#9446 = EDGE_LOOP('',(#9447,#9448,#9457,#9464,#9465,#9474,#9481));
#9447 = ORIENTED_EDGE('',*,*,#4094,.T.);
#9448 = ORIENTED_EDGE('',*,*,#9449,.T.);
#9449 = EDGE_CURVE('',#4087,#9450,#9452,.T.);
#9450 = VERTEX_POINT('',#9451);
#9451 = CARTESIAN_POINT('',(3.,-11.5,4.9));
#9452 = CIRCLE('',#9453,3.);
#9453 = AXIS2_PLACEMENT_3D('',#9454,#9455,#9456);
#9454 = CARTESIAN_POINT('',(0.,-11.5,4.9));
#9455 = DIRECTION('',(0.,0.,1.));
#9456 = DIRECTION('',(1.,0.,0.));
#9457 = ORIENTED_EDGE('',*,*,#9458,.T.);
#9458 = EDGE_CURVE('',#9450,#4247,#9459,.T.);
#9459 = CIRCLE('',#9460,3.);
#9460 = AXIS2_PLACEMENT_3D('',#9461,#9462,#9463);
#9461 = CARTESIAN_POINT('',(0.,-11.5,4.9));
#9462 = DIRECTION('',(0.,0.,1.));
#9463 = DIRECTION('',(1.,0.,0.));
#9464 = ORIENTED_EDGE('',*,*,#4246,.T.);
#9465 = ORIENTED_EDGE('',*,*,#9466,.T.);
#9466 = EDGE_CURVE('',#4239,#9467,#9469,.T.);
#9467 = VERTEX_POINT('',#9468);
#9468 = CARTESIAN_POINT('',(2.1,-11.5,4.9));
#9469 = CIRCLE('',#9470,2.1);
#9470 = AXIS2_PLACEMENT_3D('',#9471,#9472,#9473);
#9471 = CARTESIAN_POINT('',(0.,-11.5,4.9));
#9472 = DIRECTION('',(0.,0.,-1.));
#9473 = DIRECTION('',(1.,0.,0.));
#9474 = ORIENTED_EDGE('',*,*,#9475,.T.);
#9475 = EDGE_CURVE('',#9467,#9409,#9476,.T.);
#9476 = CIRCLE('',#9477,2.1);
#9477 = AXIS2_PLACEMENT_3D('',#9478,#9479,#9480);
#9478 = CARTESIAN_POINT('',(0.,-11.5,4.9));
#9479 = DIRECTION('',(0.,0.,-1.));
#9480 = DIRECTION('',(1.,0.,0.));
#9481 = ORIENTED_EDGE('',*,*,#9408,.T.);
#9482 = PLANE('',#9483);
#9483 = AXIS2_PLACEMENT_3D('',#9484,#9485,#9486);
#9484 = CARTESIAN_POINT('',(0.,-11.5,4.9));
#9485 = DIRECTION('',(0.,0.,1.));
#9486 = DIRECTION('',(1.,0.,0.));
#9487 = ADVANCED_FACE('',(#9488),#9532,.T.);
#9488 = FACE_BOUND('',#9489,.T.);
#9489 = EDGE_LOOP('',(#9490,#9491,#9500,#9507,#9508,#9517,#9526));
#9490 = ORIENTED_EDGE('',*,*,#4301,.T.);
#9491 = ORIENTED_EDGE('',*,*,#9492,.T.);
#9492 = EDGE_CURVE('',#4294,#9493,#9495,.T.);
#9493 = VERTEX_POINT('',#9494);
#9494 = CARTESIAN_POINT('',(79.2,57.1,4.9));
#9495 = CIRCLE('',#9496,3.);
#9496 = AXIS2_PLACEMENT_3D('',#9497,#9498,#9499);
#9497 = CARTESIAN_POINT('',(76.2,57.1,4.9));
#9498 = DIRECTION('',(0.,0.,1.));
#9499 = DIRECTION('',(1.,0.,0.));
#9500 = ORIENTED_EDGE('',*,*,#9501,.T.);
#9501 = EDGE_CURVE('',#9493,#4184,#9502,.T.);
#9502 = CIRCLE('',#9503,3.);
#9503 = AXIS2_PLACEMENT_3D('',#9504,#9505,#9506);
#9504 = CARTESIAN_POINT('',(76.2,57.1,4.9));
#9505 = DIRECTION('',(0.,0.,1.));
#9506 = DIRECTION('',(1.,0.,0.));
#9507 = ORIENTED_EDGE('',*,*,#4183,.T.);
#9508 = ORIENTED_EDGE('',*,*,#9509,.T.);
#9509 = EDGE_CURVE('',#4176,#9510,#9512,.T.);
#9510 = VERTEX_POINT('',#9511);
#9511 = CARTESIAN_POINT('',(78.3,57.1,4.9));
#9512 = CIRCLE('',#9513,2.1);
#9513 = AXIS2_PLACEMENT_3D('',#9514,#9515,#9516);
#9514 = CARTESIAN_POINT('',(76.2,57.1,4.9));
#9515 = DIRECTION('',(0.,0.,-1.));
#9516 = DIRECTION('',(1.,0.,0.));
#9517 = ORIENTED_EDGE('',*,*,#9518,.T.);
#9518 = EDGE_CURVE('',#9510,#9519,#9521,.T.);
#9519 = VERTEX_POINT('',#9520);
#9520 = CARTESIAN_POINT('',(74.18553169853,57.693226316318,4.9));
#9521 = CIRCLE('',#9522,2.1);
#9522 = AXIS2_PLACEMENT_3D('',#9523,#9524,#9525);
#9523 = CARTESIAN_POINT('',(76.2,57.1,4.9));
#9524 = DIRECTION('',(0.,0.,-1.));
#9525 = DIRECTION('',(1.,0.,0.));
#9526 = ORIENTED_EDGE('',*,*,#9527,.T.);
#9527 = EDGE_CURVE('',#9519,#4302,#9528,.T.);
#9528 = LINE('',#9529,#9530);
#9529 = CARTESIAN_POINT('',(75.685306068039,57.545515433162,4.9));
#9530 = VECTOR('',#9531,1.);
#9531 = DIRECTION('',(-0.995184985525,9.80145121187E-02,0.));
#9532 = PLANE('',#9533);
#9533 = AXIS2_PLACEMENT_3D('',#9534,#9535,#9536);
#9534 = CARTESIAN_POINT('',(76.2,57.1,4.9));
#9535 = DIRECTION('',(0.,0.,1.));
#9536 = DIRECTION('',(1.,0.,0.));
#9537 = ADVANCED_FACE('',(#9538),#9574,.F.);
#9538 = FACE_BOUND('',#9539,.T.);
#9539 = EDGE_LOOP('',(#9540,#9549,#9555,#9556,#9557,#9566,#9572,#9573));
#9540 = ORIENTED_EDGE('',*,*,#9541,.F.);
#9541 = EDGE_CURVE('',#9542,#9542,#9544,.T.);
#9542 = VERTEX_POINT('',#9543);
#9543 = CARTESIAN_POINT('',(78.3,57.1,4.3));
#9544 = CIRCLE('',#9545,2.1);
#9545 = AXIS2_PLACEMENT_3D('',#9546,#9547,#9548);
#9546 = CARTESIAN_POINT('',(76.2,57.1,4.3));
#9547 = DIRECTION('',(0.,0.,1.));
#9548 = DIRECTION('',(1.,0.,0.));
#9549 = ORIENTED_EDGE('',*,*,#9550,.T.);
#9550 = EDGE_CURVE('',#9542,#9510,#9551,.T.);
#9551 = LINE('',#9552,#9553);
#9552 = CARTESIAN_POINT('',(78.3,57.1,4.3));
#9553 = VECTOR('',#9554,1.);
#9554 = DIRECTION('',(0.,0.,1.));
#9555 = ORIENTED_EDGE('',*,*,#9509,.F.);
#9556 = ORIENTED_EDGE('',*,*,#4175,.F.);
#9557 = ORIENTED_EDGE('',*,*,#9558,.T.);
#9558 = EDGE_CURVE('',#4168,#9559,#9561,.T.);
#9559 = VERTEX_POINT('',#9560);
#9560 = CARTESIAN_POINT('',(74.18553169853,57.693226316318,5.9));
#9561 = CIRCLE('',#9562,2.1);
#9562 = AXIS2_PLACEMENT_3D('',#9563,#9564,#9565);
#9563 = CARTESIAN_POINT('',(76.2,57.1,5.9));
#9564 = DIRECTION('',(0.,0.,1.));
#9565 = DIRECTION('',(1.,0.,0.));
#9566 = ORIENTED_EDGE('',*,*,#9567,.T.);
#9567 = EDGE_CURVE('',#9559,#9519,#9568,.T.);
#9568 = LINE('',#9569,#9570);
#9569 = CARTESIAN_POINT('',(74.18553169853,57.693226316318,4.3));
#9570 = VECTOR('',#9571,1.);
#9571 = DIRECTION('',(-0.,-0.,-1.));
#9572 = ORIENTED_EDGE('',*,*,#9518,.F.);
#9573 = ORIENTED_EDGE('',*,*,#9550,.F.);
#9574 = CYLINDRICAL_SURFACE('',#9575,2.1);
#9575 = AXIS2_PLACEMENT_3D('',#9576,#9577,#9578);
#9576 = CARTESIAN_POINT('',(76.2,57.1,4.3));
#9577 = DIRECTION('',(-0.,-0.,-1.));
#9578 = DIRECTION('',(1.,0.,0.));
#9579 = ADVANCED_FACE('',(#9580),#9599,.F.);
#9580 = FACE_BOUND('',#9581,.F.);
#9581 = EDGE_LOOP('',(#9582,#9583,#9584,#9592));
#9582 = ORIENTED_EDGE('',*,*,#4167,.F.);
#9583 = ORIENTED_EDGE('',*,*,#9558,.T.);
#9584 = ORIENTED_EDGE('',*,*,#9585,.F.);
#9585 = EDGE_CURVE('',#9586,#9559,#9588,.T.);
#9586 = VERTEX_POINT('',#9587);
#9587 = CARTESIAN_POINT('',(74.286931370843,57.683239590679,5.9));
#9588 = LINE('',#9589,#9590);
#9589 = CARTESIAN_POINT('',(75.685306068039,57.545515433162,5.9));
#9590 = VECTOR('',#9591,1.);
#9591 = DIRECTION('',(-0.995184985525,9.80145121187E-02,0.));
#9592 = ORIENTED_EDGE('',*,*,#9593,.T.);
#9593 = EDGE_CURVE('',#9586,#4160,#9594,.T.);
#9594 = CIRCLE('',#9595,2.);
#9595 = AXIS2_PLACEMENT_3D('',#9596,#9597,#9598);
#9596 = CARTESIAN_POINT('',(76.2,57.1,5.9));
#9597 = DIRECTION('',(0.,0.,-1.));
#9598 = DIRECTION('',(1.,0.,0.));
#9599 = PLANE('',#9600);
#9600 = AXIS2_PLACEMENT_3D('',#9601,#9602,#9603);
#9601 = CARTESIAN_POINT('',(76.2,57.1,5.9));
#9602 = DIRECTION('',(0.,0.,1.));
#9603 = DIRECTION('',(1.,0.,0.));
#9604 = ADVANCED_FACE('',(#9605),#9616,.F.);
#9605 = FACE_BOUND('',#9606,.T.);
#9606 = EDGE_LOOP('',(#9607,#9613,#9614,#9615));
#9607 = ORIENTED_EDGE('',*,*,#9608,.T.);
#9608 = EDGE_CURVE('',#7307,#9586,#9609,.T.);
#9609 = LINE('',#9610,#9611);
#9610 = CARTESIAN_POINT('',(74.286931370843,57.683239590679,4.9));
#9611 = VECTOR('',#9612,1.);
#9612 = DIRECTION('',(-0.,-0.,-1.));
#9613 = ORIENTED_EDGE('',*,*,#9593,.T.);
#9614 = ORIENTED_EDGE('',*,*,#4159,.F.);
#9615 = ORIENTED_EDGE('',*,*,#7314,.F.);
#9616 = CYLINDRICAL_SURFACE('',#9617,2.);
#9617 = AXIS2_PLACEMENT_3D('',#9618,#9619,#9620);
#9618 = CARTESIAN_POINT('',(76.2,57.1,4.9));
#9619 = DIRECTION('',(-0.,-0.,-1.));
#9620 = DIRECTION('',(1.,0.,0.));
#9621 = ADVANCED_FACE('',(#9622),#9651,.F.);
#9622 = FACE_BOUND('',#9623,.T.);
#9623 = EDGE_LOOP('',(#9624,#9633,#9639,#9640,#9641,#9648,#9649,#9650));
#9624 = ORIENTED_EDGE('',*,*,#9625,.F.);
#9625 = EDGE_CURVE('',#9626,#9626,#9628,.T.);
#9626 = VERTEX_POINT('',#9627);
#9627 = CARTESIAN_POINT('',(2.1,-11.5,4.3));
#9628 = CIRCLE('',#9629,2.1);
#9629 = AXIS2_PLACEMENT_3D('',#9630,#9631,#9632);
#9630 = CARTESIAN_POINT('',(0.,-11.5,4.3));
#9631 = DIRECTION('',(0.,0.,1.));
#9632 = DIRECTION('',(1.,0.,0.));
#9633 = ORIENTED_EDGE('',*,*,#9634,.T.);
#9634 = EDGE_CURVE('',#9626,#9467,#9635,.T.);
#9635 = LINE('',#9636,#9637);
#9636 = CARTESIAN_POINT('',(2.1,-11.5,4.3));
#9637 = VECTOR('',#9638,1.);
#9638 = DIRECTION('',(0.,0.,1.));
#9639 = ORIENTED_EDGE('',*,*,#9466,.F.);
#9640 = ORIENTED_EDGE('',*,*,#4238,.F.);
#9641 = ORIENTED_EDGE('',*,*,#9642,.T.);
#9642 = EDGE_CURVE('',#4231,#9417,#9643,.T.);
#9643 = CIRCLE('',#9644,2.1);
#9644 = AXIS2_PLACEMENT_3D('',#9645,#9646,#9647);
#9645 = CARTESIAN_POINT('',(0.,-11.5,5.9));
#9646 = DIRECTION('',(0.,0.,1.));
#9647 = DIRECTION('',(1.,0.,0.));
#9648 = ORIENTED_EDGE('',*,*,#9416,.T.);
#9649 = ORIENTED_EDGE('',*,*,#9475,.F.);
#9650 = ORIENTED_EDGE('',*,*,#9634,.F.);
#9651 = CYLINDRICAL_SURFACE('',#9652,2.1);
#9652 = AXIS2_PLACEMENT_3D('',#9653,#9654,#9655);
#9653 = CARTESIAN_POINT('',(0.,-11.5,4.3));
#9654 = DIRECTION('',(-0.,-0.,-1.));
#9655 = DIRECTION('',(1.,0.,0.));
#9656 = ADVANCED_FACE('',(#9657),#9669,.F.);
#9657 = FACE_BOUND('',#9658,.F.);
#9658 = EDGE_LOOP('',(#9659,#9660,#9661,#9662));
#9659 = ORIENTED_EDGE('',*,*,#4230,.F.);
#9660 = ORIENTED_EDGE('',*,*,#9642,.T.);
#9661 = ORIENTED_EDGE('',*,*,#9424,.F.);
#9662 = ORIENTED_EDGE('',*,*,#9663,.T.);
#9663 = EDGE_CURVE('',#9425,#4223,#9664,.T.);
#9664 = CIRCLE('',#9665,2.);
#9665 = AXIS2_PLACEMENT_3D('',#9666,#9667,#9668);
#9666 = CARTESIAN_POINT('',(0.,-11.5,5.9));
#9667 = DIRECTION('',(0.,0.,-1.));
#9668 = DIRECTION('',(1.,0.,0.));
#9669 = PLANE('',#9670);
#9670 = AXIS2_PLACEMENT_3D('',#9671,#9672,#9673);
#9671 = CARTESIAN_POINT('',(0.,-11.5,5.9));
#9672 = DIRECTION('',(0.,0.,1.));
#9673 = DIRECTION('',(1.,0.,0.));
#9674 = ADVANCED_FACE('',(#9675),#9681,.F.);
#9675 = FACE_BOUND('',#9676,.T.);
#9676 = EDGE_LOOP('',(#9677,#9678,#9679,#9680));
#9677 = ORIENTED_EDGE('',*,*,#9432,.T.);
#9678 = ORIENTED_EDGE('',*,*,#9663,.T.);
#9679 = ORIENTED_EDGE('',*,*,#4222,.F.);
#9680 = ORIENTED_EDGE('',*,*,#7215,.F.);
#9681 = CYLINDRICAL_SURFACE('',#9682,2.);
#9682 = AXIS2_PLACEMENT_3D('',#9683,#9684,#9685);
#9683 = CARTESIAN_POINT('',(0.,-11.5,4.9));
#9684 = DIRECTION('',(-0.,-0.,-1.));
#9685 = DIRECTION('',(1.,0.,0.));
#9686 = ADVANCED_FACE('',(#9687),#9695,.T.);
#9687 = FACE_BOUND('',#9688,.T.);
#9688 = EDGE_LOOP('',(#9689,#9690,#9691,#9692,#9693,#9694));
#9689 = ORIENTED_EDGE('',*,*,#9527,.F.);
#9690 = ORIENTED_EDGE('',*,*,#9567,.F.);
#9691 = ORIENTED_EDGE('',*,*,#9585,.F.);
#9692 = ORIENTED_EDGE('',*,*,#9608,.F.);
#9693 = ORIENTED_EDGE('',*,*,#7306,.F.);
#9694 = ORIENTED_EDGE('',*,*,#4309,.F.);
#9695 = PLANE('',#9696);
#9696 = AXIS2_PLACEMENT_3D('',#9697,#9698,#9699);
#9697 = CARTESIAN_POINT('',(75.1321,57.6,2.5));
#9698 = DIRECTION('',(-9.80145121187E-02,-0.995184985525,0.));
#9699 = DIRECTION('',(-0.995184985525,9.80145121187E-02,0.));
#9700 = ADVANCED_FACE('',(#9701),#9713,.F.);
#9701 = FACE_BOUND('',#9702,.T.);
#9702 = EDGE_LOOP('',(#9703,#9704,#9711,#9712));
#9703 = ORIENTED_EDGE('',*,*,#4675,.T.);
#9704 = ORIENTED_EDGE('',*,*,#9705,.T.);
#9705 = EDGE_CURVE('',#4678,#4821,#9706,.T.);
#9706 = CIRCLE('',#9707,2.);
#9707 = AXIS2_PLACEMENT_3D('',#9708,#9709,#9710);
#9708 = CARTESIAN_POINT('',(-11.5,22.,5.9));
#9709 = DIRECTION('',(0.,0.,-1.));
#9710 = DIRECTION('',(1.,0.,0.));
#9711 = ORIENTED_EDGE('',*,*,#4820,.F.);
#9712 = ORIENTED_EDGE('',*,*,#7232,.F.);
#9713 = CYLINDRICAL_SURFACE('',#9714,2.);
#9714 = AXIS2_PLACEMENT_3D('',#9715,#9716,#9717);
#9715 = CARTESIAN_POINT('',(-11.5,22.,4.9));
#9716 = DIRECTION('',(-0.,-0.,-1.));
#9717 = DIRECTION('',(1.,0.,0.));
#9718 = ADVANCED_FACE('',(#9719),#9731,.F.);
#9719 = FACE_BOUND('',#9720,.F.);
#9720 = EDGE_LOOP('',(#9721,#9722,#9729,#9730));
#9721 = ORIENTED_EDGE('',*,*,#4828,.F.);
#9722 = ORIENTED_EDGE('',*,*,#9723,.T.);
#9723 = EDGE_CURVE('',#4829,#4710,#9724,.T.);
#9724 = CIRCLE('',#9725,2.1);
#9725 = AXIS2_PLACEMENT_3D('',#9726,#9727,#9728);
#9726 = CARTESIAN_POINT('',(-11.5,22.,5.9));
#9727 = DIRECTION('',(0.,0.,1.));
#9728 = DIRECTION('',(1.,0.,0.));
#9729 = ORIENTED_EDGE('',*,*,#4717,.F.);
#9730 = ORIENTED_EDGE('',*,*,#9705,.T.);
#9731 = PLANE('',#9732);
#9732 = AXIS2_PLACEMENT_3D('',#9733,#9734,#9735);
#9733 = CARTESIAN_POINT('',(-11.5,22.,5.9));
#9734 = DIRECTION('',(0.,0.,1.));
#9735 = DIRECTION('',(1.,0.,0.));
#9736 = ADVANCED_FACE('',(#9737),#9774,.F.);
#9737 = FACE_BOUND('',#9738,.T.);
#9738 = EDGE_LOOP('',(#9739,#9748,#9756,#9763,#9764,#9765,#9766,#9773));
#9739 = ORIENTED_EDGE('',*,*,#9740,.F.);
#9740 = EDGE_CURVE('',#9741,#9741,#9743,.T.);
#9741 = VERTEX_POINT('',#9742);
#9742 = CARTESIAN_POINT('',(-9.4,22.,4.3));
#9743 = CIRCLE('',#9744,2.1);
#9744 = AXIS2_PLACEMENT_3D('',#9745,#9746,#9747);
#9745 = CARTESIAN_POINT('',(-11.5,22.,4.3));
#9746 = DIRECTION('',(0.,0.,1.));
#9747 = DIRECTION('',(1.,0.,0.));
#9748 = ORIENTED_EDGE('',*,*,#9749,.T.);
#9749 = EDGE_CURVE('',#9741,#9750,#9752,.T.);
#9750 = VERTEX_POINT('',#9751);
#9751 = CARTESIAN_POINT('',(-9.4,22.,4.9));
#9752 = LINE('',#9753,#9754);
#9753 = CARTESIAN_POINT('',(-9.4,22.,4.3));
#9754 = VECTOR('',#9755,1.);
#9755 = DIRECTION('',(0.,0.,1.));
#9756 = ORIENTED_EDGE('',*,*,#9757,.F.);
#9757 = EDGE_CURVE('',#4837,#9750,#9758,.T.);
#9758 = CIRCLE('',#9759,2.1);
#9759 = AXIS2_PLACEMENT_3D('',#9760,#9761,#9762);
#9760 = CARTESIAN_POINT('',(-11.5,22.,4.9));
#9761 = DIRECTION('',(0.,0.,-1.));
#9762 = DIRECTION('',(1.,0.,0.));
#9763 = ORIENTED_EDGE('',*,*,#4836,.F.);
#9764 = ORIENTED_EDGE('',*,*,#9723,.T.);
#9765 = ORIENTED_EDGE('',*,*,#4709,.T.);
#9766 = ORIENTED_EDGE('',*,*,#9767,.F.);
#9767 = EDGE_CURVE('',#9750,#4702,#9768,.T.);
#9768 = CIRCLE('',#9769,2.1);
#9769 = AXIS2_PLACEMENT_3D('',#9770,#9771,#9772);
#9770 = CARTESIAN_POINT('',(-11.5,22.,4.9));
#9771 = DIRECTION('',(0.,0.,-1.));
#9772 = DIRECTION('',(1.,0.,0.));
#9773 = ORIENTED_EDGE('',*,*,#9749,.F.);
#9774 = CYLINDRICAL_SURFACE('',#9775,2.1);
#9775 = AXIS2_PLACEMENT_3D('',#9776,#9777,#9778);
#9776 = CARTESIAN_POINT('',(-11.5,22.,4.3));
#9777 = DIRECTION('',(-0.,-0.,-1.));
#9778 = DIRECTION('',(1.,0.,0.));
#9779 = ADVANCED_FACE('',(#9780),#9802,.T.);
#9780 = FACE_BOUND('',#9781,.T.);
#9781 = EDGE_LOOP('',(#9782,#9783,#9792,#9799,#9800,#9801));
#9782 = ORIENTED_EDGE('',*,*,#4701,.T.);
#9783 = ORIENTED_EDGE('',*,*,#9784,.T.);
#9784 = EDGE_CURVE('',#4694,#9785,#9787,.T.);
#9785 = VERTEX_POINT('',#9786);
#9786 = CARTESIAN_POINT('',(-8.5,22.,4.9));
#9787 = CIRCLE('',#9788,3.);
#9788 = AXIS2_PLACEMENT_3D('',#9789,#9790,#9791);
#9789 = CARTESIAN_POINT('',(-11.5,22.,4.9));
#9790 = DIRECTION('',(0.,0.,1.));
#9791 = DIRECTION('',(1.,0.,0.));
#9792 = ORIENTED_EDGE('',*,*,#9793,.T.);
#9793 = EDGE_CURVE('',#9785,#4845,#9794,.T.);
#9794 = CIRCLE('',#9795,3.);
#9795 = AXIS2_PLACEMENT_3D('',#9796,#9797,#9798);
#9796 = CARTESIAN_POINT('',(-11.5,22.,4.9));
#9797 = DIRECTION('',(0.,0.,1.));
#9798 = DIRECTION('',(1.,0.,0.));
#9799 = ORIENTED_EDGE('',*,*,#4844,.T.);
#9800 = ORIENTED_EDGE('',*,*,#9757,.T.);
#9801 = ORIENTED_EDGE('',*,*,#9767,.T.);
#9802 = PLANE('',#9803);
#9803 = AXIS2_PLACEMENT_3D('',#9804,#9805,#9806);
#9804 = CARTESIAN_POINT('',(-11.5,22.,4.9));
#9805 = DIRECTION('',(0.,0.,1.));
#9806 = DIRECTION('',(1.,0.,0.));
#9807 = ADVANCED_FACE('',(#9808),#9844,.T.);
#9808 = FACE_BOUND('',#9809,.T.);
#9809 = EDGE_LOOP('',(#9810,#9811,#9820,#9827,#9828,#9837));
#9810 = ORIENTED_EDGE('',*,*,#5459,.T.);
#9811 = ORIENTED_EDGE('',*,*,#9812,.T.);
#9812 = EDGE_CURVE('',#5452,#9813,#9815,.T.);
#9813 = VERTEX_POINT('',#9814);
#9814 = CARTESIAN_POINT('',(41.1,66.,4.9));
#9815 = CIRCLE('',#9816,3.);
#9816 = AXIS2_PLACEMENT_3D('',#9817,#9818,#9819);
#9817 = CARTESIAN_POINT('',(38.1,66.,4.9));
#9818 = DIRECTION('',(0.,0.,1.));
#9819 = DIRECTION('',(1.,0.,0.));
#9820 = ORIENTED_EDGE('',*,*,#9821,.T.);
#9821 = EDGE_CURVE('',#9813,#5333,#9822,.T.);
#9822 = CIRCLE('',#9823,3.);
#9823 = AXIS2_PLACEMENT_3D('',#9824,#9825,#9826);
#9824 = CARTESIAN_POINT('',(38.1,66.,4.9));
#9825 = DIRECTION('',(0.,0.,1.));
#9826 = DIRECTION('',(1.,0.,0.));
#9827 = ORIENTED_EDGE('',*,*,#5332,.T.);
#9828 = ORIENTED_EDGE('',*,*,#9829,.T.);
#9829 = EDGE_CURVE('',#5325,#9830,#9832,.T.);
#9830 = VERTEX_POINT('',#9831);
#9831 = CARTESIAN_POINT('',(40.2,66.,4.9));
#9832 = CIRCLE('',#9833,2.1);
#9833 = AXIS2_PLACEMENT_3D('',#9834,#9835,#9836);
#9834 = CARTESIAN_POINT('',(38.1,66.,4.9));
#9835 = DIRECTION('',(0.,0.,-1.));
#9836 = DIRECTION('',(1.,0.,0.));
#9837 = ORIENTED_EDGE('',*,*,#9838,.T.);
#9838 = EDGE_CURVE('',#9830,#5460,#9839,.T.);
#9839 = CIRCLE('',#9840,2.1);
#9840 = AXIS2_PLACEMENT_3D('',#9841,#9842,#9843);
#9841 = CARTESIAN_POINT('',(38.1,66.,4.9));
#9842 = DIRECTION('',(0.,0.,-1.));
#9843 = DIRECTION('',(1.,0.,0.));
#9844 = PLANE('',#9845);
#9845 = AXIS2_PLACEMENT_3D('',#9846,#9847,#9848);
#9846 = CARTESIAN_POINT('',(38.1,66.,4.9));
#9847 = DIRECTION('',(0.,0.,1.));
#9848 = DIRECTION('',(1.,0.,0.));
#9849 = ADVANCED_FACE('',(#9850),#9879,.F.);
#9850 = FACE_BOUND('',#9851,.T.);
#9851 = EDGE_LOOP('',(#9852,#9861,#9867,#9868,#9869,#9876,#9877,#9878));
#9852 = ORIENTED_EDGE('',*,*,#9853,.F.);
#9853 = EDGE_CURVE('',#9854,#9854,#9856,.T.);
#9854 = VERTEX_POINT('',#9855);
#9855 = CARTESIAN_POINT('',(40.2,66.,4.3));
#9856 = CIRCLE('',#9857,2.1);
#9857 = AXIS2_PLACEMENT_3D('',#9858,#9859,#9860);
#9858 = CARTESIAN_POINT('',(38.1,66.,4.3));
#9859 = DIRECTION('',(0.,0.,1.));
#9860 = DIRECTION('',(1.,0.,0.));
#9861 = ORIENTED_EDGE('',*,*,#9862,.T.);
#9862 = EDGE_CURVE('',#9854,#9830,#9863,.T.);
#9863 = LINE('',#9864,#9865);
#9864 = CARTESIAN_POINT('',(40.2,66.,4.3));
#9865 = VECTOR('',#9866,1.);
#9866 = DIRECTION('',(0.,0.,1.));
#9867 = ORIENTED_EDGE('',*,*,#9829,.F.);
#9868 = ORIENTED_EDGE('',*,*,#5324,.F.);
#9869 = ORIENTED_EDGE('',*,*,#9870,.T.);
#9870 = EDGE_CURVE('',#5317,#5468,#9871,.T.);
#9871 = CIRCLE('',#9872,2.1);
#9872 = AXIS2_PLACEMENT_3D('',#9873,#9874,#9875);
#9873 = CARTESIAN_POINT('',(38.1,66.,5.9));
#9874 = DIRECTION('',(0.,0.,1.));
#9875 = DIRECTION('',(1.,0.,0.));
#9876 = ORIENTED_EDGE('',*,*,#5467,.T.);
#9877 = ORIENTED_EDGE('',*,*,#9838,.F.);
#9878 = ORIENTED_EDGE('',*,*,#9862,.F.);
#9879 = CYLINDRICAL_SURFACE('',#9880,2.1);
#9880 = AXIS2_PLACEMENT_3D('',#9881,#9882,#9883);
#9881 = CARTESIAN_POINT('',(38.1,66.,4.3));
#9882 = DIRECTION('',(-0.,-0.,-1.));
#9883 = DIRECTION('',(1.,0.,0.));
#9884 = ADVANCED_FACE('',(#9885),#9897,.F.);
#9885 = FACE_BOUND('',#9886,.F.);
#9886 = EDGE_LOOP('',(#9887,#9888,#9889,#9890));
#9887 = ORIENTED_EDGE('',*,*,#5316,.F.);
#9888 = ORIENTED_EDGE('',*,*,#9870,.T.);
#9889 = ORIENTED_EDGE('',*,*,#5475,.F.);
#9890 = ORIENTED_EDGE('',*,*,#9891,.T.);
#9891 = EDGE_CURVE('',#5429,#5309,#9892,.T.);
#9892 = CIRCLE('',#9893,2.);
#9893 = AXIS2_PLACEMENT_3D('',#9894,#9895,#9896);
#9894 = CARTESIAN_POINT('',(38.1,66.,5.9));
#9895 = DIRECTION('',(0.,0.,-1.));
#9896 = DIRECTION('',(1.,0.,0.));
#9897 = PLANE('',#9898);
#9898 = AXIS2_PLACEMENT_3D('',#9899,#9900,#9901);
#9899 = CARTESIAN_POINT('',(38.1,66.,5.9));
#9900 = DIRECTION('',(0.,0.,1.));
#9901 = DIRECTION('',(1.,0.,0.));
#9902 = ADVANCED_FACE('',(#9903),#9909,.F.);
#9903 = FACE_BOUND('',#9904,.T.);
#9904 = EDGE_LOOP('',(#9905,#9906,#9907,#9908));
#9905 = ORIENTED_EDGE('',*,*,#5426,.T.);
#9906 = ORIENTED_EDGE('',*,*,#9891,.T.);
#9907 = ORIENTED_EDGE('',*,*,#5308,.F.);
#9908 = ORIENTED_EDGE('',*,*,#7278,.F.);
#9909 = CYLINDRICAL_SURFACE('',#9910,2.);
#9910 = AXIS2_PLACEMENT_3D('',#9911,#9912,#9913);
#9911 = CARTESIAN_POINT('',(38.1,66.,4.9));
#9912 = DIRECTION('',(-0.,-0.,-1.));
#9913 = DIRECTION('',(1.,0.,0.));
#9914 = ADVANCED_FACE('',(#9915,#9918),#9929,.T.);
#9915 = FACE_BOUND('',#9916,.T.);
#9916 = EDGE_LOOP('',(#9917));
#9917 = ORIENTED_EDGE('',*,*,#6091,.T.);
#9918 = FACE_BOUND('',#9919,.T.);
#9919 = EDGE_LOOP('',(#9920));
#9920 = ORIENTED_EDGE('',*,*,#9921,.T.);
#9921 = EDGE_CURVE('',#9922,#9922,#9924,.T.);
#9922 = VERTEX_POINT('',#9923);
#9923 = CARTESIAN_POINT('',(60.6,-4.4,4.9));
#9924 = CIRCLE('',#9925,2.1);
#9925 = AXIS2_PLACEMENT_3D('',#9926,#9927,#9928);
#9926 = CARTESIAN_POINT('',(58.5,-4.4,4.9));
#9927 = DIRECTION('',(0.,0.,-1.));
#9928 = DIRECTION('',(1.,0.,0.));
#9929 = PLANE('',#9930);
#9930 = AXIS2_PLACEMENT_3D('',#9931,#9932,#9933);
#9931 = CARTESIAN_POINT('',(58.5,-4.4,4.9));
#9932 = DIRECTION('',(0.,0.,1.));
#9933 = DIRECTION('',(1.,0.,0.));
#9934 = ADVANCED_FACE('',(#9935),#9941,.T.);
#9935 = FACE_BOUND('',#9936,.T.);
#9936 = EDGE_LOOP('',(#9937,#9938,#9939,#9940));
#9937 = ORIENTED_EDGE('',*,*,#6124,.F.);
#9938 = ORIENTED_EDGE('',*,*,#6172,.T.);
#9939 = ORIENTED_EDGE('',*,*,#6189,.T.);
#9940 = ORIENTED_EDGE('',*,*,#6148,.F.);
#9941 = PLANE('',#9942);
#9942 = AXIS2_PLACEMENT_3D('',#9943,#9944,#9945);
#9943 = CARTESIAN_POINT('',(46.3,18.5,4.8));
#9944 = DIRECTION('',(0.,0.,1.));
#9945 = DIRECTION('',(1.,0.,0.));
#9946 = ADVANCED_FACE('',(#9947),#9953,.T.);
#9947 = FACE_BOUND('',#9948,.T.);
#9948 = EDGE_LOOP('',(#9949,#9950,#9951,#9952));
#9949 = ORIENTED_EDGE('',*,*,#6203,.F.);
#9950 = ORIENTED_EDGE('',*,*,#6234,.T.);
#9951 = ORIENTED_EDGE('',*,*,#6258,.T.);
#9952 = ORIENTED_EDGE('',*,*,#6282,.F.);
#9953 = PLANE('',#9954);
#9954 = AXIS2_PLACEMENT_3D('',#9955,#9956,#9957);
#9955 = CARTESIAN_POINT('',(86.5,15.25,1.2));
#9956 = DIRECTION('',(0.,0.,1.));
#9957 = DIRECTION('',(1.,0.,0.));
#9958 = ADVANCED_FACE('',(#9959),#9970,.T.);
#9959 = FACE_BOUND('',#9960,.T.);
#9960 = EDGE_LOOP('',(#9961,#9962,#9968,#9969));
#9961 = ORIENTED_EDGE('',*,*,#6340,.F.);
#9962 = ORIENTED_EDGE('',*,*,#9963,.T.);
#9963 = EDGE_CURVE('',#6333,#7130,#9964,.T.);
#9964 = LINE('',#9965,#9966);
#9965 = CARTESIAN_POINT('',(112.51,-48.78,2.5));
#9966 = VECTOR('',#9967,1.);
#9967 = DIRECTION('',(0.,0.,1.));
#9968 = ORIENTED_EDGE('',*,*,#7129,.F.);
#9969 = ORIENTED_EDGE('',*,*,#9087,.F.);
#9970 = PLANE('',#9971);
#9971 = AXIS2_PLACEMENT_3D('',#9972,#9973,#9974);
#9972 = CARTESIAN_POINT('',(112.51,-48.78,2.5));
#9973 = DIRECTION('',(-9.381517673229E-02,0.995589630628,0.));
#9974 = DIRECTION('',(0.995589630628,9.381517673229E-02,0.));
#9975 = ADVANCED_FACE('',(#9976),#9987,.T.);
#9976 = FACE_BOUND('',#9977,.T.);
#9977 = EDGE_LOOP('',(#9978,#9979,#9985,#9986));
#9978 = ORIENTED_EDGE('',*,*,#6332,.F.);
#9979 = ORIENTED_EDGE('',*,*,#9980,.T.);
#9980 = EDGE_CURVE('',#6325,#7138,#9981,.T.);
#9981 = LINE('',#9982,#9983);
#9982 = CARTESIAN_POINT('',(111.73,-48.6997,2.5));
#9983 = VECTOR('',#9984,1.);
#9984 = DIRECTION('',(0.,0.,1.));
#9985 = ORIENTED_EDGE('',*,*,#7137,.F.);
#9986 = ORIENTED_EDGE('',*,*,#9963,.F.);
#9987 = PLANE('',#9988);
#9988 = AXIS2_PLACEMENT_3D('',#9989,#9990,#9991);
#9989 = CARTESIAN_POINT('',(111.73,-48.6997,2.5));
#9990 = DIRECTION('',(0.102407468638,0.994742534713,0.));
#9991 = DIRECTION('',(0.994742534713,-0.102407468638,0.));
#9992 = ADVANCED_FACE('',(#9993),#9999,.T.);
#9993 = FACE_BOUND('',#9994,.T.);
#9994 = EDGE_LOOP('',(#9995,#9996,#9997,#9998));
#9995 = ORIENTED_EDGE('',*,*,#6324,.F.);
#9996 = ORIENTED_EDGE('',*,*,#9106,.T.);
#9997 = ORIENTED_EDGE('',*,*,#7145,.F.);
#9998 = ORIENTED_EDGE('',*,*,#9980,.F.);
#9999 = PLANE('',#10000);
#10000 = AXIS2_PLACEMENT_3D('',#10001,#10002,#10003);
#10001 = CARTESIAN_POINT('',(110.98,-48.4688,2.5));
#10002 = DIRECTION('',(0.294238073437,0.955732157113,0.));
#10003 = DIRECTION('',(0.955732157113,-0.294238073437,0.));
#10004 = ADVANCED_FACE('',(#10005),#10024,.F.);
#10005 = FACE_BOUND('',#10006,.T.);
#10006 = EDGE_LOOP('',(#10007,#10016,#10022,#10023));
#10007 = ORIENTED_EDGE('',*,*,#10008,.F.);
#10008 = EDGE_CURVE('',#10009,#10009,#10011,.T.);
#10009 = VERTEX_POINT('',#10010);
#10010 = CARTESIAN_POINT('',(114.4,-46.3,4.3));
#10011 = CIRCLE('',#10012,2.1);
#10012 = AXIS2_PLACEMENT_3D('',#10013,#10014,#10015);
#10013 = CARTESIAN_POINT('',(112.3,-46.3,4.3));
#10014 = DIRECTION('',(0.,0.,1.));
#10015 = DIRECTION('',(1.,0.,0.));
#10016 = ORIENTED_EDGE('',*,*,#10017,.T.);
#10017 = EDGE_CURVE('',#10009,#6358,#10018,.T.);
#10018 = LINE('',#10019,#10020);
#10019 = CARTESIAN_POINT('',(114.4,-46.3,4.3));
#10020 = VECTOR('',#10021,1.);
#10021 = DIRECTION('',(0.,0.,1.));
#10022 = ORIENTED_EDGE('',*,*,#6357,.F.);
#10023 = ORIENTED_EDGE('',*,*,#10017,.F.);
#10024 = CYLINDRICAL_SURFACE('',#10025,2.1);
#10025 = AXIS2_PLACEMENT_3D('',#10026,#10027,#10028);
#10026 = CARTESIAN_POINT('',(112.3,-46.3,4.3));
#10027 = DIRECTION('',(-0.,-0.,-1.));
#10028 = DIRECTION('',(1.,0.,0.));
#10029 = ADVANCED_FACE('',(#10030),#10056,.T.);
#10030 = FACE_BOUND('',#10031,.T.);
#10031 = EDGE_LOOP('',(#10032,#10040,#10041,#10049));
#10032 = ORIENTED_EDGE('',*,*,#10033,.T.);
#10033 = EDGE_CURVE('',#10034,#6375,#10036,.T.);
#10034 = VERTEX_POINT('',#10035);
#10035 = CARTESIAN_POINT('',(114.14748311415,-51.58134307553,0.));
#10036 = LINE('',#10037,#10038);
#10037 = CARTESIAN_POINT('',(114.14748311415,-51.58134307553,0.));
#10038 = VECTOR('',#10039,1.);
#10039 = DIRECTION('',(0.,0.,1.));
#10040 = ORIENTED_EDGE('',*,*,#6374,.T.);
#10041 = ORIENTED_EDGE('',*,*,#10042,.F.);
#10042 = EDGE_CURVE('',#10043,#6377,#10045,.T.);
#10043 = VERTEX_POINT('',#10044);
#10044 = CARTESIAN_POINT('',(113.57144553019,-51.69326889188,0.));
#10045 = LINE('',#10046,#10047);
#10046 = CARTESIAN_POINT('',(113.57144553019,-51.69326889188,0.));
#10047 = VECTOR('',#10048,1.);
#10048 = DIRECTION('',(0.,0.,1.));
#10049 = ORIENTED_EDGE('',*,*,#10050,.F.);
#10050 = EDGE_CURVE('',#10034,#10043,#10051,.T.);
#10051 = CIRCLE('',#10052,3.);
#10052 = AXIS2_PLACEMENT_3D('',#10053,#10054,#10055);
#10053 = CARTESIAN_POINT('',(113.29,-48.7065,0.));
#10054 = DIRECTION('',(0.,0.,-1.));
#10055 = DIRECTION('',(0.958281025178,0.285827704717,0.));
#10056 = CYLINDRICAL_SURFACE('',#10057,3.);
#10057 = AXIS2_PLACEMENT_3D('',#10058,#10059,#10060);
#10058 = CARTESIAN_POINT('',(113.29,-48.7065,0.));
#10059 = DIRECTION('',(0.,0.,-1.));
#10060 = DIRECTION('',(0.958281025178,0.285827704717,0.));
#10061 = ADVANCED_FACE('',(#10062),#10080,.F.);
#10062 = FACE_BOUND('',#10063,.F.);
#10063 = EDGE_LOOP('',(#10064,#10072,#10073,#10074));
#10064 = ORIENTED_EDGE('',*,*,#10065,.T.);
#10065 = EDGE_CURVE('',#10066,#9064,#10068,.T.);
#10066 = VERTEX_POINT('',#10067);
#10067 = CARTESIAN_POINT('',(112.79144553019,-51.76676889188,0.));
#10068 = LINE('',#10069,#10070);
#10069 = CARTESIAN_POINT('',(112.79144553019,-51.76676889188,0.));
#10070 = VECTOR('',#10071,1.);
#10071 = DIRECTION('',(0.,0.,1.));
#10072 = ORIENTED_EDGE('',*,*,#9072,.T.);
#10073 = ORIENTED_EDGE('',*,*,#10042,.F.);
#10074 = ORIENTED_EDGE('',*,*,#10075,.F.);
#10075 = EDGE_CURVE('',#10066,#10043,#10076,.T.);
#10076 = LINE('',#10077,#10078);
#10077 = CARTESIAN_POINT('',(112.79144553019,-51.76676889188,0.));
#10078 = VECTOR('',#10079,1.);
#10079 = DIRECTION('',(0.995589630628,9.381517673229E-02,0.));
#10080 = PLANE('',#10081);
#10081 = AXIS2_PLACEMENT_3D('',#10082,#10083,#10084);
#10082 = CARTESIAN_POINT('',(112.79144553019,-51.76676889188,0.));
#10083 = DIRECTION('',(-9.381517673229E-02,0.995589630628,0.));
#10084 = DIRECTION('',(0.995589630628,9.381517673229E-02,0.));
#10085 = ADVANCED_FACE('',(#10086),#10105,.T.);
#10086 = FACE_BOUND('',#10087,.T.);
#10087 = EDGE_LOOP('',(#10088,#10089,#10090,#10098));
#10088 = ORIENTED_EDGE('',*,*,#10065,.T.);
#10089 = ORIENTED_EDGE('',*,*,#9063,.T.);
#10090 = ORIENTED_EDGE('',*,*,#10091,.F.);
#10091 = EDGE_CURVE('',#10092,#9056,#10094,.T.);
#10092 = VERTEX_POINT('',#10093);
#10093 = CARTESIAN_POINT('',(112.20277759408,-51.76422760413,0.));
#10094 = LINE('',#10095,#10096);
#10095 = CARTESIAN_POINT('',(112.20277759408,-51.76422760413,0.));
#10096 = VECTOR('',#10097,1.);
#10097 = DIRECTION('',(0.,0.,1.));
#10098 = ORIENTED_EDGE('',*,*,#10099,.F.);
#10099 = EDGE_CURVE('',#10066,#10092,#10100,.T.);
#10100 = CIRCLE('',#10101,3.);
#10101 = AXIS2_PLACEMENT_3D('',#10102,#10103,#10104);
#10102 = CARTESIAN_POINT('',(112.51,-48.78,0.));
#10103 = DIRECTION('',(0.,0.,-1.));
#10104 = DIRECTION('',(0.995589630628,9.381517673229E-02,0.));
#10105 = CYLINDRICAL_SURFACE('',#10106,3.);
#10106 = AXIS2_PLACEMENT_3D('',#10107,#10108,#10109);
#10107 = CARTESIAN_POINT('',(112.51,-48.78,0.));
#10108 = DIRECTION('',(0.,0.,-1.));
#10109 = DIRECTION('',(0.995589630628,9.381517673229E-02,0.));
#10110 = ADVANCED_FACE('',(#10111),#10129,.F.);
#10111 = FACE_BOUND('',#10112,.F.);
#10112 = EDGE_LOOP('',(#10113,#10121,#10122,#10123));
#10113 = ORIENTED_EDGE('',*,*,#10114,.T.);
#10114 = EDGE_CURVE('',#10115,#9047,#10117,.T.);
#10115 = VERTEX_POINT('',#10116);
#10116 = CARTESIAN_POINT('',(111.42277759408,-51.68392760413,0.));
#10117 = LINE('',#10118,#10119);
#10118 = CARTESIAN_POINT('',(111.42277759408,-51.68392760413,0.));
#10119 = VECTOR('',#10120,1.);
#10120 = DIRECTION('',(0.,0.,1.));
#10121 = ORIENTED_EDGE('',*,*,#9055,.T.);
#10122 = ORIENTED_EDGE('',*,*,#10091,.F.);
#10123 = ORIENTED_EDGE('',*,*,#10124,.F.);
#10124 = EDGE_CURVE('',#10115,#10092,#10125,.T.);
#10125 = LINE('',#10126,#10127);
#10126 = CARTESIAN_POINT('',(111.42277759408,-51.68392760413,0.));
#10127 = VECTOR('',#10128,1.);
#10128 = DIRECTION('',(0.994742534713,-0.102407468638,0.));
#10129 = PLANE('',#10130);
#10130 = AXIS2_PLACEMENT_3D('',#10131,#10132,#10133);
#10131 = CARTESIAN_POINT('',(111.42277759408,-51.68392760413,0.));
#10132 = DIRECTION('',(0.102407468638,0.994742534713,0.));
#10133 = DIRECTION('',(0.994742534713,-0.102407468638,0.));
#10134 = ADVANCED_FACE('',(#10135),#10154,.T.);
#10135 = FACE_BOUND('',#10136,.T.);
#10136 = EDGE_LOOP('',(#10137,#10138,#10139,#10147));
#10137 = ORIENTED_EDGE('',*,*,#10114,.T.);
#10138 = ORIENTED_EDGE('',*,*,#9046,.T.);
#10139 = ORIENTED_EDGE('',*,*,#10140,.F.);
#10140 = EDGE_CURVE('',#10141,#9039,#10143,.T.);
#10141 = VERTEX_POINT('',#10142);
#10142 = CARTESIAN_POINT('',(110.84728577969,-51.56689647134,0.));
#10143 = LINE('',#10144,#10145);
#10144 = CARTESIAN_POINT('',(110.84728577969,-51.56689647134,0.));
#10145 = VECTOR('',#10146,1.);
#10146 = DIRECTION('',(0.,0.,1.));
#10147 = ORIENTED_EDGE('',*,*,#10148,.F.);
#10148 = EDGE_CURVE('',#10115,#10141,#10149,.T.);
#10149 = CIRCLE('',#10150,3.);
#10150 = AXIS2_PLACEMENT_3D('',#10151,#10152,#10153);
#10151 = CARTESIAN_POINT('',(111.73,-48.6997,0.));
#10152 = DIRECTION('',(0.,-0.,-1.));
#10153 = DIRECTION('',(0.994742534713,-0.102407468638,0.));
#10154 = CYLINDRICAL_SURFACE('',#10155,3.);
#10155 = AXIS2_PLACEMENT_3D('',#10156,#10157,#10158);
#10156 = CARTESIAN_POINT('',(111.73,-48.6997,0.));
#10157 = DIRECTION('',(0.,0.,-1.));
#10158 = DIRECTION('',(0.994742534713,-0.102407468638,0.));
#10159 = ADVANCED_FACE('',(#10160),#10178,.F.);
#10160 = FACE_BOUND('',#10161,.F.);
#10161 = EDGE_LOOP('',(#10162,#10170,#10171,#10172));
#10162 = ORIENTED_EDGE('',*,*,#10163,.T.);
#10163 = EDGE_CURVE('',#10164,#9030,#10166,.T.);
#10164 = VERTEX_POINT('',#10165);
#10165 = CARTESIAN_POINT('',(110.09728577969,-51.33599647134,0.));
#10166 = LINE('',#10167,#10168);
#10167 = CARTESIAN_POINT('',(110.09728577969,-51.33599647134,0.));
#10168 = VECTOR('',#10169,1.);
#10169 = DIRECTION('',(0.,0.,1.));
#10170 = ORIENTED_EDGE('',*,*,#9038,.T.);
#10171 = ORIENTED_EDGE('',*,*,#10140,.F.);
#10172 = ORIENTED_EDGE('',*,*,#10173,.F.);
#10173 = EDGE_CURVE('',#10164,#10141,#10174,.T.);
#10174 = LINE('',#10175,#10176);
#10175 = CARTESIAN_POINT('',(110.09728577969,-51.33599647134,0.));
#10176 = VECTOR('',#10177,1.);
#10177 = DIRECTION('',(0.955732157113,-0.294238073437,0.));
#10178 = PLANE('',#10179);
#10179 = AXIS2_PLACEMENT_3D('',#10180,#10181,#10182);
#10180 = CARTESIAN_POINT('',(110.09728577969,-51.33599647134,0.));
#10181 = DIRECTION('',(0.294238073437,0.955732157113,0.));
#10182 = DIRECTION('',(0.955732157113,-0.294238073437,0.));
#10183 = ADVANCED_FACE('',(#10184),#10203,.T.);
#10184 = FACE_BOUND('',#10185,.T.);
#10185 = EDGE_LOOP('',(#10186,#10187,#10188,#10196));
#10186 = ORIENTED_EDGE('',*,*,#10163,.T.);
#10187 = ORIENTED_EDGE('',*,*,#9029,.T.);
#10188 = ORIENTED_EDGE('',*,*,#10189,.F.);
#10189 = EDGE_CURVE('',#10190,#9022,#10192,.T.);
#10190 = VERTEX_POINT('',#10191);
#10191 = CARTESIAN_POINT('',(109.55425708608,-51.10835623986,0.));
#10192 = LINE('',#10193,#10194);
#10193 = CARTESIAN_POINT('',(109.55425708608,-51.10835623986,0.));
#10194 = VECTOR('',#10195,1.);
#10195 = DIRECTION('',(0.,0.,1.));
#10196 = ORIENTED_EDGE('',*,*,#10197,.F.);
#10197 = EDGE_CURVE('',#10164,#10190,#10198,.T.);
#10198 = CIRCLE('',#10199,3.);
#10199 = AXIS2_PLACEMENT_3D('',#10200,#10201,#10202);
#10200 = CARTESIAN_POINT('',(110.98,-48.4688,0.));
#10201 = DIRECTION('',(0.,-0.,-1.));
#10202 = DIRECTION('',(0.955732157113,-0.294238073437,0.));
#10203 = CYLINDRICAL_SURFACE('',#10204,3.);
#10204 = AXIS2_PLACEMENT_3D('',#10205,#10206,#10207);
#10205 = CARTESIAN_POINT('',(110.98,-48.4688,0.));
#10206 = DIRECTION('',(0.,0.,-1.));
#10207 = DIRECTION('',(0.955732157113,-0.294238073437,0.));
#10208 = ADVANCED_FACE('',(#10209),#10227,.F.);
#10209 = FACE_BOUND('',#10210,.F.);
#10210 = EDGE_LOOP('',(#10211,#10219,#10220,#10221));
#10211 = ORIENTED_EDGE('',*,*,#10212,.T.);
#10212 = EDGE_CURVE('',#10213,#9013,#10215,.T.);
#10213 = VERTEX_POINT('',#10214);
#10214 = CARTESIAN_POINT('',(108.86425708608,-50.73565623986,0.));
#10215 = LINE('',#10216,#10217);
#10216 = CARTESIAN_POINT('',(108.86425708608,-50.73565623986,0.));
#10217 = VECTOR('',#10218,1.);
#10218 = DIRECTION('',(0.,0.,1.));
#10219 = ORIENTED_EDGE('',*,*,#9021,.T.);
#10220 = ORIENTED_EDGE('',*,*,#10189,.F.);
#10221 = ORIENTED_EDGE('',*,*,#10222,.F.);
#10222 = EDGE_CURVE('',#10213,#10190,#10223,.T.);
#10223 = LINE('',#10224,#10225);
#10224 = CARTESIAN_POINT('',(108.86425708608,-50.73565623986,0.));
#10225 = VECTOR('',#10226,1.);
#10226 = DIRECTION('',(0.879852079956,-0.475247637971,0.));
#10227 = PLANE('',#10228);
#10228 = AXIS2_PLACEMENT_3D('',#10229,#10230,#10231);
#10229 = CARTESIAN_POINT('',(108.86425708608,-50.73565623986,0.));
#10230 = DIRECTION('',(0.475247637971,0.879852079956,0.));
#10231 = DIRECTION('',(0.879852079956,-0.475247637971,0.));
#10232 = ADVANCED_FACE('',(#10233),#10252,.T.);
#10233 = FACE_BOUND('',#10234,.T.);
#10234 = EDGE_LOOP('',(#10235,#10236,#10237,#10245));
#10235 = ORIENTED_EDGE('',*,*,#10212,.T.);
#10236 = ORIENTED_EDGE('',*,*,#9012,.T.);
#10237 = ORIENTED_EDGE('',*,*,#10238,.F.);
#10238 = EDGE_CURVE('',#10239,#9005,#10241,.T.);
#10239 = VERTEX_POINT('',#10240);
#10240 = CARTESIAN_POINT('',(108.61239355343,-50.58319400916,0.));
#10241 = LINE('',#10242,#10243);
#10242 = CARTESIAN_POINT('',(108.61239355343,-50.58319400916,0.));
#10243 = VECTOR('',#10244,1.);
#10244 = DIRECTION('',(0.,0.,1.));
#10245 = ORIENTED_EDGE('',*,*,#10246,.F.);
#10246 = EDGE_CURVE('',#10213,#10239,#10247,.T.);
#10247 = CIRCLE('',#10248,3.);
#10248 = AXIS2_PLACEMENT_3D('',#10249,#10250,#10251);
#10249 = CARTESIAN_POINT('',(110.29,-48.0961,0.));
#10250 = DIRECTION('',(0.,-0.,-1.));
#10251 = DIRECTION('',(0.879852079956,-0.475247637971,0.));
#10252 = CYLINDRICAL_SURFACE('',#10253,3.);
#10253 = AXIS2_PLACEMENT_3D('',#10254,#10255,#10256);
#10254 = CARTESIAN_POINT('',(110.29,-48.0961,0.));
#10255 = DIRECTION('',(0.,0.,-1.));
#10256 = DIRECTION('',(0.879852079956,-0.475247637971,0.));
#10257 = ADVANCED_FACE('',(#10258),#10276,.F.);
#10258 = FACE_BOUND('',#10259,.F.);
#10259 = EDGE_LOOP('',(#10260,#10268,#10269,#10270));
#10260 = ORIENTED_EDGE('',*,*,#10261,.T.);
#10261 = EDGE_CURVE('',#10262,#8997,#10264,.T.);
#10262 = VERTEX_POINT('',#10263);
#10263 = CARTESIAN_POINT('',(95.100398204261,-41.46901882312,0.));
#10264 = LINE('',#10265,#10266);
#10265 = CARTESIAN_POINT('',(95.100398204261,-41.46901882312,0.));
#10266 = VECTOR('',#10267,1.);
#10267 = DIRECTION('',(0.,0.,1.));
#10268 = ORIENTED_EDGE('',*,*,#9004,.T.);
#10269 = ORIENTED_EDGE('',*,*,#10238,.F.);
#10270 = ORIENTED_EDGE('',*,*,#10271,.F.);
#10271 = EDGE_CURVE('',#10262,#10239,#10272,.T.);
#10272 = LINE('',#10273,#10274);
#10273 = CARTESIAN_POINT('',(94.961893553436,-41.37559400916,0.));
#10274 = VECTOR('',#10275,1.);
#10275 = DIRECTION('',(0.82903133639,-0.559202148855,0.));
#10276 = PLANE('',#10277);
#10277 = AXIS2_PLACEMENT_3D('',#10278,#10279,#10280);
#10278 = CARTESIAN_POINT('',(95.100398204261,-41.46901882312,0.));
#10279 = DIRECTION('',(0.559202148855,0.82903133639,0.));
#10280 = DIRECTION('',(0.82903133639,-0.559202148855,0.));
#10281 = ADVANCED_FACE('',(#10282),#10300,.F.);
#10282 = FACE_BOUND('',#10283,.F.);
#10283 = EDGE_LOOP('',(#10284,#10292,#10293,#10294));
#10284 = ORIENTED_EDGE('',*,*,#10285,.T.);
#10285 = EDGE_CURVE('',#10286,#8989,#10288,.T.);
#10286 = VERTEX_POINT('',#10287);
#10287 = CARTESIAN_POINT('',(93.658014863082,-40.71413522324,0.));
#10288 = LINE('',#10289,#10290);
#10289 = CARTESIAN_POINT('',(93.658014863082,-40.71413522324,0.));
#10290 = VECTOR('',#10291,1.);
#10291 = DIRECTION('',(0.,0.,1.));
#10292 = ORIENTED_EDGE('',*,*,#8996,.T.);
#10293 = ORIENTED_EDGE('',*,*,#10261,.F.);
#10294 = ORIENTED_EDGE('',*,*,#10295,.F.);
#10295 = EDGE_CURVE('',#10286,#10262,#10296,.T.);
#10296 = LINE('',#10297,#10298);
#10297 = CARTESIAN_POINT('',(93.527419784678,-40.64578717727,0.));
#10298 = VECTOR('',#10299,1.);
#10299 = DIRECTION('',(0.885995725757,-0.463693405107,0.));
#10300 = PLANE('',#10301);
#10301 = AXIS2_PLACEMENT_3D('',#10302,#10303,#10304);
#10302 = CARTESIAN_POINT('',(93.658014863082,-40.71413522324,0.));
#10303 = DIRECTION('',(0.463693405107,0.885995725757,0.));
#10304 = DIRECTION('',(0.885995725757,-0.463693405107,0.));
#10305 = ADVANCED_FACE('',(#10306),#10324,.F.);
#10306 = FACE_BOUND('',#10307,.F.);
#10307 = EDGE_LOOP('',(#10308,#10316,#10317,#10318));
#10308 = ORIENTED_EDGE('',*,*,#10309,.T.);
#10309 = EDGE_CURVE('',#10310,#8981,#10312,.T.);
#10310 = VERTEX_POINT('',#10311);
#10311 = CARTESIAN_POINT('',(78.305826886059,-34.51145402629,0.));
#10312 = LINE('',#10313,#10314);
#10313 = CARTESIAN_POINT('',(78.305826886059,-34.51145402629,0.));
#10314 = VECTOR('',#10315,1.);
#10315 = DIRECTION('',(0.,0.,1.));
#10316 = ORIENTED_EDGE('',*,*,#8988,.T.);
#10317 = ORIENTED_EDGE('',*,*,#10285,.F.);
#10318 = ORIENTED_EDGE('',*,*,#10319,.F.);
#10319 = EDGE_CURVE('',#10310,#10286,#10320,.T.);
#10320 = LINE('',#10321,#10322);
#10321 = CARTESIAN_POINT('',(78.150881056126,-34.44885190161,0.));
#10322 = VECTOR('',#10323,1.);
#10323 = DIRECTION('',(0.927183967206,-0.374606314625,0.));
#10324 = PLANE('',#10325);
#10325 = AXIS2_PLACEMENT_3D('',#10326,#10327,#10328);
#10326 = CARTESIAN_POINT('',(78.305826886059,-34.51145402629,0.));
#10327 = DIRECTION('',(0.374606314625,0.927183967206,0.));
#10328 = DIRECTION('',(0.927183967206,-0.374606314625,0.));
#10329 = ADVANCED_FACE('',(#10330),#10348,.F.);
#10330 = FACE_BOUND('',#10331,.F.);
#10331 = EDGE_LOOP('',(#10332,#10340,#10341,#10342));
#10332 = ORIENTED_EDGE('',*,*,#10333,.T.);
#10333 = EDGE_CURVE('',#10334,#8973,#10336,.T.);
#10334 = VERTEX_POINT('',#10335);
#10335 = CARTESIAN_POINT('',(76.738053414519,-34.07303731349,0.));
#10336 = LINE('',#10337,#10338);
#10337 = CARTESIAN_POINT('',(76.738053414519,-34.07303731349,0.));
#10338 = VECTOR('',#10339,1.);
#10339 = DIRECTION('',(0.,0.,1.));
#10340 = ORIENTED_EDGE('',*,*,#8980,.T.);
#10341 = ORIENTED_EDGE('',*,*,#10309,.F.);
#10342 = ORIENTED_EDGE('',*,*,#10343,.F.);
#10343 = EDGE_CURVE('',#10334,#10310,#10344,.T.);
#10344 = LINE('',#10345,#10346);
#10345 = CARTESIAN_POINT('',(76.596166993,-34.03335978377,0.));
#10346 = VECTOR('',#10347,1.);
#10347 = DIRECTION('',(0.963053261259,-0.269311002333,0.));
#10348 = PLANE('',#10349);
#10349 = AXIS2_PLACEMENT_3D('',#10350,#10351,#10352);
#10350 = CARTESIAN_POINT('',(76.738053414519,-34.07303731349,0.));
#10351 = DIRECTION('',(0.269311002333,0.963053261259,0.));
#10352 = DIRECTION('',(0.963053261259,-0.269311002333,0.));
#10353 = ADVANCED_FACE('',(#10354),#10372,.F.);
#10354 = FACE_BOUND('',#10355,.F.);
#10355 = EDGE_LOOP('',(#10356,#10364,#10365,#10366));
#10356 = ORIENTED_EDGE('',*,*,#10357,.T.);
#10357 = EDGE_CURVE('',#10358,#8964,#10360,.T.);
#10358 = VERTEX_POINT('',#10359);
#10359 = CARTESIAN_POINT('',(60.568344828316,-31.22182138313,0.));
#10360 = LINE('',#10361,#10362);
#10361 = CARTESIAN_POINT('',(60.568344828316,-31.22182138313,0.));
#10362 = VECTOR('',#10363,1.);
#10363 = DIRECTION('',(0.,0.,1.));
#10364 = ORIENTED_EDGE('',*,*,#8972,.T.);
#10365 = ORIENTED_EDGE('',*,*,#10333,.F.);
#10366 = ORIENTED_EDGE('',*,*,#10367,.F.);
#10367 = EDGE_CURVE('',#10358,#10334,#10368,.T.);
#10368 = LINE('',#10369,#10370);
#10369 = CARTESIAN_POINT('',(60.568344828316,-31.22182138313,0.));
#10370 = VECTOR('',#10371,1.);
#10371 = DIRECTION('',(0.98480712771,-0.173651723895,0.));
#10372 = PLANE('',#10373);
#10373 = AXIS2_PLACEMENT_3D('',#10374,#10375,#10376);
#10374 = CARTESIAN_POINT('',(60.568344828316,-31.22182138313,0.));
#10375 = DIRECTION('',(0.173651723895,0.98480712771,0.));
#10376 = DIRECTION('',(0.98480712771,-0.173651723895,0.));
#10377 = ADVANCED_FACE('',(#10378),#10397,.T.);
#10378 = FACE_BOUND('',#10379,.T.);
#10379 = EDGE_LOOP('',(#10380,#10381,#10382,#10390));
#10380 = ORIENTED_EDGE('',*,*,#10357,.T.);
#10381 = ORIENTED_EDGE('',*,*,#8963,.T.);
#10382 = ORIENTED_EDGE('',*,*,#10383,.F.);
#10383 = EDGE_CURVE('',#10384,#8956,#10386,.T.);
#10384 = VERTEX_POINT('',#10385);
#10385 = CARTESIAN_POINT('',(60.408241838882,-31.18907071744,0.));
#10386 = LINE('',#10387,#10388);
#10387 = CARTESIAN_POINT('',(60.408241838882,-31.18907071744,0.));
#10388 = VECTOR('',#10389,1.);
#10389 = DIRECTION('',(0.,0.,1.));
#10390 = ORIENTED_EDGE('',*,*,#10391,.F.);
#10391 = EDGE_CURVE('',#10358,#10384,#10392,.T.);
#10392 = CIRCLE('',#10393,3.);
#10393 = AXIS2_PLACEMENT_3D('',#10394,#10395,#10396);
#10394 = CARTESIAN_POINT('',(61.0893,-28.2674,0.));
#10395 = DIRECTION('',(0.,-0.,-1.));
#10396 = DIRECTION('',(0.98480712771,-0.173651723895,0.));
#10397 = CYLINDRICAL_SURFACE('',#10398,3.);
#10398 = AXIS2_PLACEMENT_3D('',#10399,#10400,#10401);
#10399 = CARTESIAN_POINT('',(61.0893,-28.2674,0.));
#10400 = DIRECTION('',(0.,0.,-1.));
#10401 = DIRECTION('',(0.98480712771,-0.173651723895,0.));
#10402 = ADVANCED_FACE('',(#10403),#10421,.F.);
#10403 = FACE_BOUND('',#10404,.F.);
#10404 = EDGE_LOOP('',(#10405,#10413,#10414,#10415));
#10405 = ORIENTED_EDGE('',*,*,#10406,.T.);
#10406 = EDGE_CURVE('',#10407,#8947,#10409,.T.);
#10407 = VERTEX_POINT('',#10408);
#10408 = CARTESIAN_POINT('',(59.983541838882,-31.09007071744,0.));
#10409 = LINE('',#10410,#10411);
#10410 = CARTESIAN_POINT('',(59.983541838882,-31.09007071744,0.));
#10411 = VECTOR('',#10412,1.);
#10412 = DIRECTION('',(0.,0.,1.));
#10413 = ORIENTED_EDGE('',*,*,#8955,.T.);
#10414 = ORIENTED_EDGE('',*,*,#10383,.F.);
#10415 = ORIENTED_EDGE('',*,*,#10416,.F.);
#10416 = EDGE_CURVE('',#10407,#10384,#10417,.T.);
#10417 = LINE('',#10418,#10419);
#10418 = CARTESIAN_POINT('',(59.983541838882,-31.09007071744,0.));
#10419 = VECTOR('',#10420,1.);
#10420 = DIRECTION('',(0.973890239148,-0.227019387039,0.));
#10421 = PLANE('',#10422);
#10422 = AXIS2_PLACEMENT_3D('',#10423,#10424,#10425);
#10423 = CARTESIAN_POINT('',(59.983541838882,-31.09007071744,0.));
#10424 = DIRECTION('',(0.227019387039,0.973890239148,0.));
#10425 = DIRECTION('',(0.973890239148,-0.227019387039,0.));
#10426 = ADVANCED_FACE('',(#10427),#10446,.T.);
#10427 = FACE_BOUND('',#10428,.T.);
#10428 = EDGE_LOOP('',(#10429,#10430,#10431,#10439));
#10429 = ORIENTED_EDGE('',*,*,#10406,.T.);
#10430 = ORIENTED_EDGE('',*,*,#8946,.T.);
#10431 = ORIENTED_EDGE('',*,*,#10432,.F.);
#10432 = EDGE_CURVE('',#10433,#8939,#10435,.T.);
#10433 = VERTEX_POINT('',#10434);
#10434 = CARTESIAN_POINT('',(59.546735186908,-30.95235011802,0.));
#10435 = LINE('',#10436,#10437);
#10436 = CARTESIAN_POINT('',(59.546735186908,-30.95235011802,0.));
#10437 = VECTOR('',#10438,1.);
#10438 = DIRECTION('',(0.,0.,1.));
#10439 = ORIENTED_EDGE('',*,*,#10440,.F.);
#10440 = EDGE_CURVE('',#10407,#10433,#10441,.T.);
#10441 = CIRCLE('',#10442,3.);
#10442 = AXIS2_PLACEMENT_3D('',#10443,#10444,#10445);
#10443 = CARTESIAN_POINT('',(60.6646,-28.1684,0.));
#10444 = DIRECTION('',(0.,-0.,-1.));
#10445 = DIRECTION('',(0.973890239148,-0.227019387039,0.));
#10446 = CYLINDRICAL_SURFACE('',#10447,3.);
#10447 = AXIS2_PLACEMENT_3D('',#10448,#10449,#10450);
#10448 = CARTESIAN_POINT('',(60.6646,-28.1684,0.));
#10449 = DIRECTION('',(0.,0.,-1.));
#10450 = DIRECTION('',(0.973890239148,-0.227019387039,0.));
#10451 = ADVANCED_FACE('',(#10452),#10470,.F.);
#10452 = FACE_BOUND('',#10453,.F.);
#10453 = EDGE_LOOP('',(#10454,#10462,#10463,#10464));
#10454 = ORIENTED_EDGE('',*,*,#10455,.T.);
#10455 = EDGE_CURVE('',#10456,#8930,#10458,.T.);
#10456 = VERTEX_POINT('',#10457);
#10457 = CARTESIAN_POINT('',(58.819035186908,-30.66015011802,0.));
#10458 = LINE('',#10459,#10460);
#10459 = CARTESIAN_POINT('',(58.819035186908,-30.66015011802,0.));
#10460 = VECTOR('',#10461,1.);
#10461 = DIRECTION('',(0.,0.,1.));
#10462 = ORIENTED_EDGE('',*,*,#8938,.T.);
#10463 = ORIENTED_EDGE('',*,*,#10432,.F.);
#10464 = ORIENTED_EDGE('',*,*,#10465,.F.);
#10465 = EDGE_CURVE('',#10456,#10433,#10466,.T.);
#10466 = LINE('',#10467,#10468);
#10467 = CARTESIAN_POINT('',(58.819035186908,-30.66015011802,0.));
#10468 = VECTOR('',#10469,1.);
#10469 = DIRECTION('',(0.927983372675,-0.372621604364,0.));
#10470 = PLANE('',#10471);
#10471 = AXIS2_PLACEMENT_3D('',#10472,#10473,#10474);
#10472 = CARTESIAN_POINT('',(58.819035186908,-30.66015011802,0.));
#10473 = DIRECTION('',(0.372621604364,0.927983372675,0.));
#10474 = DIRECTION('',(0.927983372675,-0.372621604364,0.));
#10475 = ADVANCED_FACE('',(#10476),#10495,.T.);
#10476 = FACE_BOUND('',#10477,.T.);
#10477 = EDGE_LOOP('',(#10478,#10479,#10480,#10488));
#10478 = ORIENTED_EDGE('',*,*,#10455,.T.);
#10479 = ORIENTED_EDGE('',*,*,#8929,.T.);
#10480 = ORIENTED_EDGE('',*,*,#10481,.F.);
#10481 = EDGE_CURVE('',#10482,#8922,#10484,.T.);
#10482 = VERTEX_POINT('',#10483);
#10483 = CARTESIAN_POINT('',(58.297513180716,-30.38865116504,0.));
#10484 = LINE('',#10485,#10486);
#10485 = CARTESIAN_POINT('',(58.297513180716,-30.38865116504,0.));
#10486 = VECTOR('',#10487,1.);
#10487 = DIRECTION('',(0.,0.,1.));
#10488 = ORIENTED_EDGE('',*,*,#10489,.F.);
#10489 = EDGE_CURVE('',#10456,#10482,#10490,.T.);
#10490 = CIRCLE('',#10491,3.);
#10491 = AXIS2_PLACEMENT_3D('',#10492,#10493,#10494);
#10492 = CARTESIAN_POINT('',(59.9369,-27.8762,0.));
#10493 = DIRECTION('',(0.,-0.,-1.));
#10494 = DIRECTION('',(0.927983372675,-0.372621604364,0.));
#10495 = CYLINDRICAL_SURFACE('',#10496,3.);
#10496 = AXIS2_PLACEMENT_3D('',#10497,#10498,#10499);
#10497 = CARTESIAN_POINT('',(59.9369,-27.8762,0.));
#10498 = DIRECTION('',(0.,0.,-1.));
#10499 = DIRECTION('',(0.927983372675,-0.372621604364,0.));
#10500 = ADVANCED_FACE('',(#10501),#10519,.F.);
#10501 = FACE_BOUND('',#10502,.F.);
#10502 = EDGE_LOOP('',(#10503,#10511,#10512,#10513));
#10503 = ORIENTED_EDGE('',*,*,#10504,.T.);
#10504 = EDGE_CURVE('',#10505,#8913,#10507,.T.);
#10505 = VERTEX_POINT('',#10506);
#10506 = CARTESIAN_POINT('',(57.640813180716,-29.96015116504,0.));
#10507 = LINE('',#10508,#10509);
#10508 = CARTESIAN_POINT('',(57.640813180716,-29.96015116504,0.));
#10509 = VECTOR('',#10510,1.);
#10510 = DIRECTION('',(0.,0.,1.));
#10511 = ORIENTED_EDGE('',*,*,#8921,.T.);
#10512 = ORIENTED_EDGE('',*,*,#10481,.F.);
#10513 = ORIENTED_EDGE('',*,*,#10514,.F.);
#10514 = EDGE_CURVE('',#10505,#10482,#10515,.T.);
#10515 = LINE('',#10516,#10517);
#10516 = CARTESIAN_POINT('',(57.640813180716,-29.96015116504,0.));
#10517 = VECTOR('',#10518,1.);
#10518 = DIRECTION('',(0.837483721683,-0.546462273095,0.));
#10519 = PLANE('',#10520);
#10520 = AXIS2_PLACEMENT_3D('',#10521,#10522,#10523);
#10521 = CARTESIAN_POINT('',(57.640813180716,-29.96015116504,0.));
#10522 = DIRECTION('',(0.546462273095,0.837483721683,0.));
#10523 = DIRECTION('',(0.837483721683,-0.546462273095,0.));
#10524 = ADVANCED_FACE('',(#10525),#10544,.T.);
#10525 = FACE_BOUND('',#10526,.T.);
#10526 = EDGE_LOOP('',(#10527,#10528,#10529,#10537));
#10527 = ORIENTED_EDGE('',*,*,#10504,.T.);
#10528 = ORIENTED_EDGE('',*,*,#8912,.T.);
#10529 = ORIENTED_EDGE('',*,*,#10530,.F.);
#10530 = EDGE_CURVE('',#10531,#8905,#10533,.T.);
#10531 = VERTEX_POINT('',#10532);
#10532 = CARTESIAN_POINT('',(57.182151796864,-29.59203993044,0.));
#10533 = LINE('',#10534,#10535);
#10534 = CARTESIAN_POINT('',(57.182151796864,-29.59203993044,0.));
#10535 = VECTOR('',#10536,1.);
#10536 = DIRECTION('',(0.,0.,1.));
#10537 = ORIENTED_EDGE('',*,*,#10538,.F.);
#10538 = EDGE_CURVE('',#10505,#10531,#10539,.T.);
#10539 = CIRCLE('',#10540,3.);
#10540 = AXIS2_PLACEMENT_3D('',#10541,#10542,#10543);
#10541 = CARTESIAN_POINT('',(59.2802,-27.4477,0.));
#10542 = DIRECTION('',(0.,-0.,-1.));
#10543 = DIRECTION('',(0.837483721683,-0.546462273095,0.));
#10544 = CYLINDRICAL_SURFACE('',#10545,3.);
#10545 = AXIS2_PLACEMENT_3D('',#10546,#10547,#10548);
#10546 = CARTESIAN_POINT('',(59.2802,-27.4477,0.));
#10547 = DIRECTION('',(0.,0.,-1.));
#10548 = DIRECTION('',(0.837483721683,-0.546462273095,0.));
#10549 = ADVANCED_FACE('',(#10550),#10568,.F.);
#10550 = FACE_BOUND('',#10551,.F.);
#10551 = EDGE_LOOP('',(#10552,#10560,#10561,#10562));
#10552 = ORIENTED_EDGE('',*,*,#10553,.T.);
#10553 = EDGE_CURVE('',#10554,#8896,#10556,.T.);
#10554 = VERTEX_POINT('',#10555);
#10555 = CARTESIAN_POINT('',(56.621651796864,-29.04363993044,0.));
#10556 = LINE('',#10557,#10558);
#10557 = CARTESIAN_POINT('',(56.621651796864,-29.04363993044,0.));
#10558 = VECTOR('',#10559,1.);
#10559 = DIRECTION('',(0.,0.,1.));
#10560 = ORIENTED_EDGE('',*,*,#8904,.T.);
#10561 = ORIENTED_EDGE('',*,*,#10530,.F.);
#10562 = ORIENTED_EDGE('',*,*,#10563,.F.);
#10563 = EDGE_CURVE('',#10554,#10531,#10564,.T.);
#10564 = LINE('',#10565,#10566);
#10565 = CARTESIAN_POINT('',(56.621651796864,-29.04363993044,0.));
#10566 = VECTOR('',#10567,1.);
#10567 = DIRECTION('',(0.714779976816,-0.699349401045,0.));
#10568 = PLANE('',#10569);
#10569 = AXIS2_PLACEMENT_3D('',#10570,#10571,#10572);
#10570 = CARTESIAN_POINT('',(56.621651796864,-29.04363993044,0.));
#10571 = DIRECTION('',(0.699349401045,0.714779976816,0.));
#10572 = DIRECTION('',(0.714779976816,-0.699349401045,0.));
#10573 = ADVANCED_FACE('',(#10574),#10593,.T.);
#10574 = FACE_BOUND('',#10575,.T.);
#10575 = EDGE_LOOP('',(#10576,#10577,#10578,#10586));
#10576 = ORIENTED_EDGE('',*,*,#10553,.T.);
#10577 = ORIENTED_EDGE('',*,*,#8895,.T.);
#10578 = ORIENTED_EDGE('',*,*,#10579,.F.);
#10579 = EDGE_CURVE('',#10580,#8888,#10582,.T.);
#10580 = VERTEX_POINT('',#10581);
#10581 = CARTESIAN_POINT('',(56.243562396519,-28.59303627481,0.));
#10582 = LINE('',#10583,#10584);
#10583 = CARTESIAN_POINT('',(56.243562396519,-28.59303627481,0.));
#10584 = VECTOR('',#10585,1.);
#10585 = DIRECTION('',(0.,0.,1.));
#10586 = ORIENTED_EDGE('',*,*,#10587,.F.);
#10587 = EDGE_CURVE('',#10554,#10580,#10588,.T.);
#10588 = CIRCLE('',#10589,3.);
#10589 = AXIS2_PLACEMENT_3D('',#10590,#10591,#10592);
#10590 = CARTESIAN_POINT('',(58.7197,-26.8993,0.));
#10591 = DIRECTION('',(0.,-0.,-1.));
#10592 = DIRECTION('',(0.714779976816,-0.699349401045,0.));
#10593 = CYLINDRICAL_SURFACE('',#10594,3.);
#10594 = AXIS2_PLACEMENT_3D('',#10595,#10596,#10597);
#10595 = CARTESIAN_POINT('',(58.7197,-26.8993,0.));
#10596 = DIRECTION('',(0.,0.,-1.));
#10597 = DIRECTION('',(0.714779976816,-0.699349401045,0.));
#10598 = ADVANCED_FACE('',(#10599),#10617,.F.);
#10599 = FACE_BOUND('',#10600,.F.);
#10600 = EDGE_LOOP('',(#10601,#10609,#10610,#10611));
#10601 = ORIENTED_EDGE('',*,*,#10602,.T.);
#10602 = EDGE_CURVE('',#10603,#8879,#10605,.T.);
#10603 = VERTEX_POINT('',#10604);
#10604 = CARTESIAN_POINT('',(55.800862396519,-27.94583627481,0.));
#10605 = LINE('',#10606,#10607);
#10606 = CARTESIAN_POINT('',(55.800862396519,-27.94583627481,0.));
#10607 = VECTOR('',#10608,1.);
#10608 = DIRECTION('',(0.,0.,1.));
#10609 = ORIENTED_EDGE('',*,*,#8887,.T.);
#10610 = ORIENTED_EDGE('',*,*,#10579,.F.);
#10611 = ORIENTED_EDGE('',*,*,#10612,.F.);
#10612 = EDGE_CURVE('',#10603,#10580,#10613,.T.);
#10613 = LINE('',#10614,#10615);
#10614 = CARTESIAN_POINT('',(55.800862396519,-27.94583627481,0.));
#10615 = VECTOR('',#10616,1.);
#10616 = DIRECTION('',(0.564578758272,-0.82537920116,0.));
#10617 = PLANE('',#10618);
#10618 = AXIS2_PLACEMENT_3D('',#10619,#10620,#10621);
#10619 = CARTESIAN_POINT('',(55.800862396519,-27.94583627481,0.));
#10620 = DIRECTION('',(0.82537920116,0.564578758272,0.));
#10621 = DIRECTION('',(0.564578758272,-0.82537920116,0.));
#10622 = ADVANCED_FACE('',(#10623),#10642,.T.);
#10623 = FACE_BOUND('',#10624,.T.);
#10624 = EDGE_LOOP('',(#10625,#10626,#10627,#10635));
#10625 = ORIENTED_EDGE('',*,*,#10602,.T.);
#10626 = ORIENTED_EDGE('',*,*,#8878,.T.);
#10627 = ORIENTED_EDGE('',*,*,#10628,.F.);
#10628 = EDGE_CURVE('',#10629,#8871,#10631,.T.);
#10629 = VERTEX_POINT('',#10630);
#10630 = CARTESIAN_POINT('',(55.51812235207,-27.43048623708,0.));
#10631 = LINE('',#10632,#10633);
#10632 = CARTESIAN_POINT('',(55.51812235207,-27.43048623708,0.));
#10633 = VECTOR('',#10634,1.);
#10634 = DIRECTION('',(0.,0.,1.));
#10635 = ORIENTED_EDGE('',*,*,#10636,.F.);
#10636 = EDGE_CURVE('',#10603,#10629,#10637,.T.);
#10637 = CIRCLE('',#10638,3.);
#10638 = AXIS2_PLACEMENT_3D('',#10639,#10640,#10641);
#10639 = CARTESIAN_POINT('',(58.277,-26.2521,0.));
#10640 = DIRECTION('',(0.,-0.,-1.));
#10641 = DIRECTION('',(0.564578758272,-0.82537920116,0.));
#10642 = CYLINDRICAL_SURFACE('',#10643,3.);
#10643 = AXIS2_PLACEMENT_3D('',#10644,#10645,#10646);
#10644 = CARTESIAN_POINT('',(58.277,-26.2521,0.));
#10645 = DIRECTION('',(0.,0.,-1.));
#10646 = DIRECTION('',(0.564578758272,-0.82537920116,0.));
#10647 = ADVANCED_FACE('',(#10648),#10666,.F.);
#10648 = FACE_BOUND('',#10649,.F.);
#10649 = EDGE_LOOP('',(#10650,#10658,#10659,#10660));
#10650 = ORIENTED_EDGE('',*,*,#10651,.T.);
#10651 = EDGE_CURVE('',#10652,#8862,#10654,.T.);
#10652 = VERTEX_POINT('',#10653);
#10653 = CARTESIAN_POINT('',(55.21012235207,-26.70938623708,0.));
#10654 = LINE('',#10655,#10656);
#10655 = CARTESIAN_POINT('',(55.21012235207,-26.70938623708,0.));
#10656 = VECTOR('',#10657,1.);
#10657 = DIRECTION('',(0.,0.,1.));
#10658 = ORIENTED_EDGE('',*,*,#8870,.T.);
#10659 = ORIENTED_EDGE('',*,*,#10628,.F.);
#10660 = ORIENTED_EDGE('',*,*,#10661,.F.);
#10661 = EDGE_CURVE('',#10652,#10629,#10662,.T.);
#10662 = LINE('',#10663,#10664);
#10663 = CARTESIAN_POINT('',(55.21012235207,-26.70938623708,0.));
#10664 = VECTOR('',#10665,1.);
#10665 = DIRECTION('',(0.392795412362,-0.919625882643,0.));
#10666 = PLANE('',#10667);
#10667 = AXIS2_PLACEMENT_3D('',#10668,#10669,#10670);
#10668 = CARTESIAN_POINT('',(55.21012235207,-26.70938623708,0.));
#10669 = DIRECTION('',(0.919625882643,0.392795412362,0.));
#10670 = DIRECTION('',(0.392795412362,-0.919625882643,0.));
#10671 = ADVANCED_FACE('',(#10672),#10691,.T.);
#10672 = FACE_BOUND('',#10673,.T.);
#10673 = EDGE_LOOP('',(#10674,#10675,#10676,#10684));
#10674 = ORIENTED_EDGE('',*,*,#10651,.T.);
#10675 = ORIENTED_EDGE('',*,*,#8861,.T.);
#10676 = ORIENTED_EDGE('',*,*,#10677,.F.);
#10677 = EDGE_CURVE('',#10678,#8854,#10680,.T.);
#10678 = VERTEX_POINT('',#10679);
#10679 = CARTESIAN_POINT('',(55.033168090704,-26.14816367388,0.));
#10680 = LINE('',#10681,#10682);
#10681 = CARTESIAN_POINT('',(55.033168090704,-26.14816367388,0.));
#10682 = VECTOR('',#10683,1.);
#10683 = DIRECTION('',(0.,0.,1.));
#10684 = ORIENTED_EDGE('',*,*,#10685,.F.);
#10685 = EDGE_CURVE('',#10652,#10678,#10686,.T.);
#10686 = CIRCLE('',#10687,3.);
#10687 = AXIS2_PLACEMENT_3D('',#10688,#10689,#10690);
#10688 = CARTESIAN_POINT('',(57.969,-25.531,0.));
#10689 = DIRECTION('',(0.,-0.,-1.));
#10690 = DIRECTION('',(0.392795412362,-0.919625882643,0.));
#10691 = CYLINDRICAL_SURFACE('',#10692,3.);
#10692 = AXIS2_PLACEMENT_3D('',#10693,#10694,#10695);
#10693 = CARTESIAN_POINT('',(57.969,-25.531,0.));
#10694 = DIRECTION('',(0.,0.,-1.));
#10695 = DIRECTION('',(0.392795412362,-0.919625882643,0.));
#10696 = ADVANCED_FACE('',(#10697),#10715,.F.);
#10697 = FACE_BOUND('',#10698,.F.);
#10698 = EDGE_LOOP('',(#10699,#10707,#10708,#10709));
#10699 = ORIENTED_EDGE('',*,*,#10700,.T.);
#10700 = EDGE_CURVE('',#10701,#8845,#10703,.T.);
#10701 = VERTEX_POINT('',#10702);
#10702 = CARTESIAN_POINT('',(54.871868090704,-25.38086367388,0.));
#10703 = LINE('',#10704,#10705);
#10704 = CARTESIAN_POINT('',(54.871868090704,-25.38086367388,0.));
#10705 = VECTOR('',#10706,1.);
#10706 = DIRECTION('',(0.,0.,1.));
#10707 = ORIENTED_EDGE('',*,*,#8853,.T.);
#10708 = ORIENTED_EDGE('',*,*,#10677,.F.);
#10709 = ORIENTED_EDGE('',*,*,#10710,.F.);
#10710 = EDGE_CURVE('',#10701,#10678,#10711,.T.);
#10711 = LINE('',#10712,#10713);
#10712 = CARTESIAN_POINT('',(54.871868090704,-25.38086367388,0.));
#10713 = VECTOR('',#10714,1.);
#10714 = DIRECTION('',(0.205721224627,-0.978610636432,0.));
#10715 = PLANE('',#10716);
#10716 = AXIS2_PLACEMENT_3D('',#10717,#10718,#10719);
#10717 = CARTESIAN_POINT('',(54.871868090704,-25.38086367388,0.));
#10718 = DIRECTION('',(0.978610636432,0.205721224627,0.));
#10719 = DIRECTION('',(0.205721224627,-0.978610636432,0.));
#10720 = ADVANCED_FACE('',(#10721),#10740,.T.);
#10721 = FACE_BOUND('',#10722,.T.);
#10722 = EDGE_LOOP('',(#10723,#10724,#10725,#10733));
#10723 = ORIENTED_EDGE('',*,*,#10700,.T.);
#10724 = ORIENTED_EDGE('',*,*,#8844,.T.);
#10725 = ORIENTED_EDGE('',*,*,#10726,.F.);
#10726 = EDGE_CURVE('',#10727,#8837,#10729,.T.);
#10727 = VERTEX_POINT('',#10728);
#10728 = CARTESIAN_POINT('',(54.807880428888,-24.79660198738,0.));
#10729 = LINE('',#10730,#10731);
#10730 = CARTESIAN_POINT('',(54.807880428888,-24.79660198738,0.));
#10731 = VECTOR('',#10732,1.);
#10732 = DIRECTION('',(0.,0.,1.));
#10733 = ORIENTED_EDGE('',*,*,#10734,.F.);
#10734 = EDGE_CURVE('',#10701,#10727,#10735,.T.);
#10735 = CIRCLE('',#10736,3.);
#10736 = AXIS2_PLACEMENT_3D('',#10737,#10738,#10739);
#10737 = CARTESIAN_POINT('',(57.8077,-24.7637,0.));
#10738 = DIRECTION('',(0.,-0.,-1.));
#10739 = DIRECTION('',(0.205721224627,-0.978610636432,0.));
#10740 = CYLINDRICAL_SURFACE('',#10741,3.);
#10741 = AXIS2_PLACEMENT_3D('',#10742,#10743,#10744);
#10742 = CARTESIAN_POINT('',(57.8077,-24.7637,0.));
#10743 = DIRECTION('',(0.,0.,-1.));
#10744 = DIRECTION('',(0.205721224627,-0.978610636432,0.));
#10745 = ADVANCED_FACE('',(#10746),#10764,.F.);
#10746 = FACE_BOUND('',#10747,.F.);
#10747 = EDGE_LOOP('',(#10748,#10756,#10757,#10758));
#10748 = ORIENTED_EDGE('',*,*,#10749,.T.);
#10749 = EDGE_CURVE('',#10750,#8828,#10752,.T.);
#10750 = VERTEX_POINT('',#10751);
#10751 = CARTESIAN_POINT('',(54.799280428888,-24.01250198738,0.));
#10752 = LINE('',#10753,#10754);
#10753 = CARTESIAN_POINT('',(54.799280428888,-24.01250198738,0.));
#10754 = VECTOR('',#10755,1.);
#10755 = DIRECTION('',(0.,0.,1.));
#10756 = ORIENTED_EDGE('',*,*,#8836,.T.);
#10757 = ORIENTED_EDGE('',*,*,#10726,.F.);
#10758 = ORIENTED_EDGE('',*,*,#10759,.F.);
#10759 = EDGE_CURVE('',#10750,#10727,#10760,.T.);
#10760 = LINE('',#10761,#10762);
#10761 = CARTESIAN_POINT('',(54.799280428888,-24.01250198738,0.));
#10762 = VECTOR('',#10763,1.);
#10763 = DIRECTION('',(1.096732912959E-02,-0.999939857037,0.));
#10764 = PLANE('',#10765);
#10765 = AXIS2_PLACEMENT_3D('',#10766,#10767,#10768);
#10766 = CARTESIAN_POINT('',(54.799280428888,-24.01250198738,0.));
#10767 = DIRECTION('',(0.999939857037,1.096732912959E-02,0.));
#10768 = DIRECTION('',(1.096732912959E-02,-0.999939857037,0.));
#10769 = ADVANCED_FACE('',(#10770),#10789,.T.);
#10770 = FACE_BOUND('',#10771,.T.);
#10771 = EDGE_LOOP('',(#10772,#10773,#10774,#10782));
#10772 = ORIENTED_EDGE('',*,*,#10749,.T.);
#10773 = ORIENTED_EDGE('',*,*,#8827,.T.);
#10774 = ORIENTED_EDGE('',*,*,#10775,.F.);
#10775 = EDGE_CURVE('',#10776,#8820,#10778,.T.);
#10776 = VERTEX_POINT('',#10777);
#10777 = CARTESIAN_POINT('',(54.810514134786,-23.71815301446,0.));
#10778 = LINE('',#10779,#10780);
#10779 = CARTESIAN_POINT('',(54.810514134786,-23.71815301446,0.));
#10780 = VECTOR('',#10781,1.);
#10781 = DIRECTION('',(0.,0.,1.));
#10782 = ORIENTED_EDGE('',*,*,#10783,.F.);
#10783 = EDGE_CURVE('',#10750,#10776,#10784,.T.);
#10784 = CIRCLE('',#10785,3.);
#10785 = AXIS2_PLACEMENT_3D('',#10786,#10787,#10788);
#10786 = CARTESIAN_POINT('',(57.7991,-23.9796,0.));
#10787 = DIRECTION('',(0.,-0.,-1.));
#10788 = DIRECTION('',(1.096732912959E-02,-0.999939857037,0.));
#10789 = CYLINDRICAL_SURFACE('',#10790,3.);
#10790 = AXIS2_PLACEMENT_3D('',#10791,#10792,#10793);
#10791 = CARTESIAN_POINT('',(57.7991,-23.9796,0.));
#10792 = DIRECTION('',(0.,0.,-1.));
#10793 = DIRECTION('',(1.096732912959E-02,-0.999939857037,0.));
#10794 = ADVANCED_FACE('',(#10795),#10813,.F.);
#10795 = FACE_BOUND('',#10796,.F.);
#10796 = EDGE_LOOP('',(#10797,#10805,#10806,#10807));
#10797 = ORIENTED_EDGE('',*,*,#10798,.T.);
#10798 = EDGE_CURVE('',#10799,#8812,#10801,.T.);
#10799 = VERTEX_POINT('',#10800);
#10800 = CARTESIAN_POINT('',(54.900603646824,-22.68834484233,0.));
#10801 = LINE('',#10802,#10803);
#10802 = CARTESIAN_POINT('',(54.900603646824,-22.68834484233,0.));
#10803 = VECTOR('',#10804,1.);
#10804 = DIRECTION('',(0.,0.,1.));
#10805 = ORIENTED_EDGE('',*,*,#8819,.T.);
#10806 = ORIENTED_EDGE('',*,*,#10775,.F.);
#10807 = ORIENTED_EDGE('',*,*,#10808,.F.);
#10808 = EDGE_CURVE('',#10799,#10776,#10809,.T.);
#10809 = LINE('',#10810,#10811);
#10810 = CARTESIAN_POINT('',(54.924914134786,-22.41045301446,0.));
#10811 = VECTOR('',#10812,1.);
#10812 = DIRECTION('',(-8.71489951774E-02,-0.996195288405,0.));
#10813 = PLANE('',#10814);
#10814 = AXIS2_PLACEMENT_3D('',#10815,#10816,#10817);
#10815 = CARTESIAN_POINT('',(54.900603646824,-22.68834484233,0.));
#10816 = DIRECTION('',(0.996195288405,-8.71489951774E-02,0.));
#10817 = DIRECTION('',(-8.71489951774E-02,-0.996195288405,0.));
#10818 = ADVANCED_FACE('',(#10819),#10837,.F.);
#10819 = FACE_BOUND('',#10820,.F.);
#10820 = EDGE_LOOP('',(#10821,#10829,#10830,#10831));
#10821 = ORIENTED_EDGE('',*,*,#10822,.T.);
#10822 = EDGE_CURVE('',#10823,#8804,#10825,.T.);
#10823 = VERTEX_POINT('',#10824);
#10824 = CARTESIAN_POINT('',(54.801401430471,-21.68113931707,0.));
#10825 = LINE('',#10826,#10827);
#10826 = CARTESIAN_POINT('',(54.801401430471,-21.68113931707,0.));
#10827 = VECTOR('',#10828,1.);
#10828 = DIRECTION('',(0.,0.,1.));
#10829 = ORIENTED_EDGE('',*,*,#8811,.T.);
#10830 = ORIENTED_EDGE('',*,*,#10798,.F.);
#10831 = ORIENTED_EDGE('',*,*,#10832,.F.);
#10832 = EDGE_CURVE('',#10823,#10799,#10833,.T.);
#10833 = LINE('',#10834,#10835);
#10834 = CARTESIAN_POINT('',(54.772446146919,-21.3871547404,0.));
#10835 = VECTOR('',#10836,1.);
#10836 = DIRECTION('',(9.801824680222E-02,-0.995184617694,0.));
#10837 = PLANE('',#10838);
#10838 = AXIS2_PLACEMENT_3D('',#10839,#10840,#10841);
#10839 = CARTESIAN_POINT('',(54.801401430471,-21.68113931707,0.));
#10840 = DIRECTION('',(0.995184617694,9.801824680222E-02,0.));
#10841 = DIRECTION('',(9.801824680222E-02,-0.995184617694,0.));
#10842 = ADVANCED_FACE('',(#10843),#10861,.F.);
#10843 = FACE_BOUND('',#10844,.F.);
#10844 = EDGE_LOOP('',(#10845,#10853,#10854,#10855));
#10845 = ORIENTED_EDGE('',*,*,#10846,.T.);
#10846 = EDGE_CURVE('',#10847,#8796,#10849,.T.);
#10847 = VERTEX_POINT('',#10848);
#10848 = CARTESIAN_POINT('',(54.518828444571,-20.74947608322,0.));
#10849 = LINE('',#10850,#10851);
#10850 = CARTESIAN_POINT('',(54.518828444571,-20.74947608322,0.));
#10851 = VECTOR('',#10852,1.);
#10852 = DIRECTION('',(0.,0.,1.));
#10853 = ORIENTED_EDGE('',*,*,#8803,.T.);
#10854 = ORIENTED_EDGE('',*,*,#10822,.F.);
#10855 = ORIENTED_EDGE('',*,*,#10856,.F.);
#10856 = EDGE_CURVE('',#10847,#10823,#10857,.T.);
#10857 = LINE('',#10858,#10859);
#10858 = CARTESIAN_POINT('',(54.433041361344,-20.46662996781,0.));
#10859 = VECTOR('',#10860,1.);
#10860 = DIRECTION('',(0.290243322605,-0.956952879552,0.));
#10861 = PLANE('',#10862);
#10862 = AXIS2_PLACEMENT_3D('',#10863,#10864,#10865);
#10863 = CARTESIAN_POINT('',(54.518828444571,-20.74947608322,0.));
#10864 = DIRECTION('',(0.956952879552,0.290243322605,0.));
#10865 = DIRECTION('',(0.290243322605,-0.956952879552,0.));
#10866 = ADVANCED_FACE('',(#10867),#10885,.F.);
#10867 = FACE_BOUND('',#10868,.F.);
#10868 = EDGE_LOOP('',(#10869,#10877,#10878,#10879));
#10869 = ORIENTED_EDGE('',*,*,#10870,.T.);
#10870 = EDGE_CURVE('',#10871,#8788,#10873,.T.);
#10871 = VERTEX_POINT('',#10872);
#10872 = CARTESIAN_POINT('',(54.059930529648,-19.8909791975,0.));
#10873 = LINE('',#10874,#10875);
#10874 = CARTESIAN_POINT('',(54.059930529648,-19.8909791975,0.));
#10875 = VECTOR('',#10876,1.);
#10876 = DIRECTION('',(0.,0.,1.));
#10877 = ORIENTED_EDGE('',*,*,#8795,.T.);
#10878 = ORIENTED_EDGE('',*,*,#10846,.F.);
#10879 = ORIENTED_EDGE('',*,*,#10880,.F.);
#10880 = EDGE_CURVE('',#10871,#10847,#10881,.T.);
#10881 = LINE('',#10882,#10883);
#10882 = CARTESIAN_POINT('',(53.920664098794,-19.6304423912,0.));
#10883 = VECTOR('',#10884,1.);
#10884 = DIRECTION('',(0.4714141304,-0.881911967069,0.));
#10885 = PLANE('',#10886);
#10886 = AXIS2_PLACEMENT_3D('',#10887,#10888,#10889);
#10887 = CARTESIAN_POINT('',(54.059930529648,-19.8909791975,0.));
#10888 = DIRECTION('',(0.881911967069,0.4714141304,0.));
#10889 = DIRECTION('',(0.4714141304,-0.881911967069,0.));
#10890 = ADVANCED_FACE('',(#10891),#10909,.F.);
#10891 = FACE_BOUND('',#10892,.F.);
#10892 = EDGE_LOOP('',(#10893,#10901,#10902,#10903));
#10893 = ORIENTED_EDGE('',*,*,#10894,.T.);
#10894 = EDGE_CURVE('',#10895,#8780,#10897,.T.);
#10895 = VERTEX_POINT('',#10896);
#10896 = CARTESIAN_POINT('',(53.442312493316,-19.13838750668,0.));
#10897 = LINE('',#10898,#10899);
#10898 = CARTESIAN_POINT('',(53.442312493316,-19.13838750668,0.));
#10899 = VECTOR('',#10900,1.);
#10900 = DIRECTION('',(0.,0.,1.));
#10901 = ORIENTED_EDGE('',*,*,#8787,.T.);
#10902 = ORIENTED_EDGE('',*,*,#10870,.F.);
#10903 = ORIENTED_EDGE('',*,*,#10904,.F.);
#10904 = EDGE_CURVE('',#10895,#10871,#10905,.T.);
#10905 = LINE('',#10906,#10907);
#10906 = CARTESIAN_POINT('',(53.254841436413,-18.90994670444,0.));
#10907 = VECTOR('',#10908,1.);
#10908 = DIRECTION('',(0.634382234816,-0.773019521196,0.));
#10909 = PLANE('',#10910);
#10910 = AXIS2_PLACEMENT_3D('',#10911,#10912,#10913);
#10911 = CARTESIAN_POINT('',(53.442312493316,-19.13838750668,0.));
#10912 = DIRECTION('',(0.773019521196,0.634382234816,0.));
#10913 = DIRECTION('',(0.634382234816,-0.773019521196,0.));
#10914 = ADVANCED_FACE('',(#10915),#10933,.F.);
#10915 = FACE_BOUND('',#10916,.F.);
#10916 = EDGE_LOOP('',(#10917,#10925,#10926,#10927));
#10917 = ORIENTED_EDGE('',*,*,#10918,.T.);
#10918 = EDGE_CURVE('',#10919,#8772,#10921,.T.);
#10919 = VERTEX_POINT('',#10920);
#10920 = CARTESIAN_POINT('',(52.689720802495,-18.52076947035,0.));
#10921 = LINE('',#10922,#10923);
#10922 = CARTESIAN_POINT('',(52.689720802495,-18.52076947035,0.));
#10923 = VECTOR('',#10924,1.);
#10924 = DIRECTION('',(0.,0.,1.));
#10925 = ORIENTED_EDGE('',*,*,#8779,.T.);
#10926 = ORIENTED_EDGE('',*,*,#10894,.F.);
#10927 = ORIENTED_EDGE('',*,*,#10928,.F.);
#10928 = EDGE_CURVE('',#10919,#10895,#10929,.T.);
#10929 = LINE('',#10930,#10931);
#10930 = CARTESIAN_POINT('',(52.461353295551,-18.33335856358,0.));
#10931 = VECTOR('',#10932,1.);
#10932 = DIRECTION('',(0.773019521196,-0.634382234816,0.));
#10933 = PLANE('',#10934);
#10934 = AXIS2_PLACEMENT_3D('',#10935,#10936,#10937);
#10935 = CARTESIAN_POINT('',(52.689720802495,-18.52076947035,0.));
#10936 = DIRECTION('',(0.634382234816,0.773019521196,0.));
#10937 = DIRECTION('',(0.773019521196,-0.634382234816,0.));
#10938 = ADVANCED_FACE('',(#10939),#10957,.F.);
#10939 = FACE_BOUND('',#10940,.F.);
#10940 = EDGE_LOOP('',(#10941,#10949,#10950,#10951));
#10941 = ORIENTED_EDGE('',*,*,#10942,.T.);
#10942 = EDGE_CURVE('',#10943,#8764,#10945,.T.);
#10943 = VERTEX_POINT('',#10944);
#10944 = CARTESIAN_POINT('',(51.831199136225,-18.06185830932,0.));
#10945 = LINE('',#10946,#10947);
#10946 = CARTESIAN_POINT('',(51.831199136225,-18.06185830932,0.));
#10947 = VECTOR('',#10948,1.);
#10948 = DIRECTION('',(0.,0.,1.));
#10949 = ORIENTED_EDGE('',*,*,#8771,.T.);
#10950 = ORIENTED_EDGE('',*,*,#10918,.F.);
#10951 = ORIENTED_EDGE('',*,*,#10952,.F.);
#10952 = EDGE_CURVE('',#10943,#10919,#10953,.T.);
#10953 = LINE('',#10954,#10955);
#10954 = CARTESIAN_POINT('',(51.570557608799,-17.9225359012,0.));
#10955 = VECTOR('',#10956,1.);
#10956 = DIRECTION('',(0.881911967069,-0.4714141304,0.));
#10957 = PLANE('',#10958);
#10958 = AXIS2_PLACEMENT_3D('',#10959,#10960,#10961);
#10959 = CARTESIAN_POINT('',(51.831199136225,-18.06185830932,0.));
#10960 = DIRECTION('',(0.4714141304,0.881911967069,0.));
#10961 = DIRECTION('',(0.881911967069,-0.4714141304,0.));
#10962 = ADVANCED_FACE('',(#10963),#10981,.F.);
#10963 = FACE_BOUND('',#10964,.F.);
#10964 = EDGE_LOOP('',(#10965,#10973,#10974,#10975));
#10965 = ORIENTED_EDGE('',*,*,#10966,.T.);
#10966 = EDGE_CURVE('',#10967,#8756,#10969,.T.);
#10967 = VERTEX_POINT('',#10968);
#10968 = CARTESIAN_POINT('',(50.899638158836,-17.77929746513,0.));
#10969 = LINE('',#10970,#10971);
#10970 = CARTESIAN_POINT('',(50.899638158836,-17.77929746513,0.));
#10971 = VECTOR('',#10972,1.);
#10972 = DIRECTION('',(0.,0.,1.));
#10973 = ORIENTED_EDGE('',*,*,#8763,.T.);
#10974 = ORIENTED_EDGE('',*,*,#10942,.F.);
#10975 = ORIENTED_EDGE('',*,*,#10976,.F.);
#10976 = EDGE_CURVE('',#10967,#10943,#10977,.T.);
#10977 = LINE('',#10978,#10979);
#10978 = CARTESIAN_POINT('',(50.616916771085,-17.69354248405,0.));
#10979 = VECTOR('',#10980,1.);
#10980 = DIRECTION('',(0.956947494684,-0.290261076305,0.));
#10981 = PLANE('',#10982);
#10982 = AXIS2_PLACEMENT_3D('',#10983,#10984,#10985);
#10983 = CARTESIAN_POINT('',(50.899638158836,-17.77929746513,0.));
#10984 = DIRECTION('',(0.290261076305,0.956947494684,0.));
#10985 = DIRECTION('',(0.956947494684,-0.290261076305,0.));
#10986 = ADVANCED_FACE('',(#10987),#11005,.F.);
#10987 = FACE_BOUND('',#10988,.F.);
#10988 = EDGE_LOOP('',(#10989,#10997,#10998,#10999));
#10989 = ORIENTED_EDGE('',*,*,#10990,.T.);
#10990 = EDGE_CURVE('',#10991,#8748,#10993,.T.);
#10991 = VERTEX_POINT('',#10992);
#10992 = CARTESIAN_POINT('',(49.586823421643,-17.65,0.));
#10993 = LINE('',#10994,#10995);
#10994 = CARTESIAN_POINT('',(49.586823421643,-17.65,0.));
#10995 = VECTOR('',#10996,1.);
#10996 = DIRECTION('',(0.,0.,1.));
#10997 = ORIENTED_EDGE('',*,*,#8755,.T.);
#10998 = ORIENTED_EDGE('',*,*,#10966,.F.);
#10999 = ORIENTED_EDGE('',*,*,#11000,.F.);
#11000 = EDGE_CURVE('',#10991,#10967,#11001,.T.);
#11001 = LINE('',#11002,#11003);
#11002 = CARTESIAN_POINT('',(49.440156463644,-17.63555495657,0.));
#11003 = VECTOR('',#11004,1.);
#11004 = DIRECTION('',(0.995184985525,-9.80145121187E-02,0.));
#11005 = PLANE('',#11006);
#11006 = AXIS2_PLACEMENT_3D('',#11007,#11008,#11009);
#11007 = CARTESIAN_POINT('',(49.586823421643,-17.65,0.));
#11008 = DIRECTION('',(9.80145121187E-02,0.995184985525,0.));
#11009 = DIRECTION('',(0.995184985525,-9.80145121187E-02,0.));
#11010 = ADVANCED_FACE('',(#11011),#11029,.F.);
#11011 = FACE_BOUND('',#11012,.F.);
#11012 = EDGE_LOOP('',(#11013,#11021,#11022,#11023));
#11013 = ORIENTED_EDGE('',*,*,#11014,.T.);
#11014 = EDGE_CURVE('',#11015,#8740,#11017,.T.);
#11015 = VERTEX_POINT('',#11016);
#11016 = CARTESIAN_POINT('',(39.056263281909,-17.65,0.));
#11017 = LINE('',#11018,#11019);
#11018 = CARTESIAN_POINT('',(39.056263281909,-17.65,0.));
#11019 = VECTOR('',#11020,1.);
#11020 = DIRECTION('',(0.,0.,1.));
#11021 = ORIENTED_EDGE('',*,*,#8747,.T.);
#11022 = ORIENTED_EDGE('',*,*,#10990,.F.);
#11023 = ORIENTED_EDGE('',*,*,#11024,.F.);
#11024 = EDGE_CURVE('',#11015,#10991,#11025,.T.);
#11025 = LINE('',#11026,#11027);
#11026 = CARTESIAN_POINT('',(38.9826,-17.65,0.));
#11027 = VECTOR('',#11028,1.);
#11028 = DIRECTION('',(1.,0.,0.));
#11029 = PLANE('',#11030);
#11030 = AXIS2_PLACEMENT_3D('',#11031,#11032,#11033);
#11031 = CARTESIAN_POINT('',(39.056263281909,-17.65,0.));
#11032 = DIRECTION('',(0.,1.,0.));
#11033 = DIRECTION('',(1.,0.,0.));
#11034 = ADVANCED_FACE('',(#11035),#11053,.F.);
#11035 = FACE_BOUND('',#11036,.F.);
#11036 = EDGE_LOOP('',(#11037,#11045,#11046,#11047));
#11037 = ORIENTED_EDGE('',*,*,#11038,.T.);
#11038 = EDGE_CURVE('',#11039,#8732,#11041,.T.);
#11039 = VERTEX_POINT('',#11040);
#11040 = CARTESIAN_POINT('',(38.567341917588,-17.67402485325,0.));
#11041 = LINE('',#11042,#11043);
#11042 = CARTESIAN_POINT('',(38.567341917588,-17.67402485325,0.));
#11043 = VECTOR('',#11044,1.);
#11044 = DIRECTION('',(0.,0.,1.));
#11045 = ORIENTED_EDGE('',*,*,#8739,.T.);
#11046 = ORIENTED_EDGE('',*,*,#11014,.F.);
#11047 = ORIENTED_EDGE('',*,*,#11048,.F.);
#11048 = EDGE_CURVE('',#11039,#11015,#11049,.T.);
#11049 = LINE('',#11050,#11051);
#11050 = CARTESIAN_POINT('',(38.346337791224,-17.68488466035,0.));
#11051 = VECTOR('',#11052,1.);
#11052 = DIRECTION('',(0.998794886786,4.907926374126E-02,0.));
#11053 = PLANE('',#11054);
#11054 = AXIS2_PLACEMENT_3D('',#11055,#11056,#11057);
#11055 = CARTESIAN_POINT('',(38.567341917588,-17.67402485325,0.));
#11056 = DIRECTION('',(-4.907926374126E-02,0.998794886786,0.));
#11057 = DIRECTION('',(0.998794886786,4.907926374126E-02,0.));
#11058 = ADVANCED_FACE('',(#11059),#11077,.F.);
#11059 = FACE_BOUND('',#11060,.F.);
#11060 = EDGE_LOOP('',(#11061,#11069,#11070,#11071));
#11061 = ORIENTED_EDGE('',*,*,#11062,.T.);
#11062 = EDGE_CURVE('',#11063,#8724,#11065,.T.);
#11063 = VERTEX_POINT('',#11064);
#11064 = CARTESIAN_POINT('',(37.442759314736,-17.8977143559,0.));
#11065 = LINE('',#11066,#11067);
#11066 = CARTESIAN_POINT('',(37.442759314736,-17.8977143559,0.));
#11067 = VECTOR('',#11068,1.);
#11068 = DIRECTION('',(0.,0.,1.));
#11069 = ORIENTED_EDGE('',*,*,#8731,.T.);
#11070 = ORIENTED_EDGE('',*,*,#11038,.F.);
#11071 = ORIENTED_EDGE('',*,*,#11072,.F.);
#11072 = EDGE_CURVE('',#11063,#11039,#11073,.T.);
#11073 = LINE('',#11074,#11075);
#11074 = CARTESIAN_POINT('',(37.15296118771,-17.95535778622,0.));
#11075 = VECTOR('',#11076,1.);
#11076 = DIRECTION('',(0.980785928742,0.19508706257,0.));
#11077 = PLANE('',#11078);
#11078 = AXIS2_PLACEMENT_3D('',#11079,#11080,#11081);
#11079 = CARTESIAN_POINT('',(37.442759314736,-17.8977143559,0.));
#11080 = DIRECTION('',(-0.19508706257,0.980785928742,0.));
#11081 = DIRECTION('',(0.980785928742,0.19508706257,0.));
#11082 = ADVANCED_FACE('',(#11083),#11101,.F.);
#11083 = FACE_BOUND('',#11084,.F.);
#11084 = EDGE_LOOP('',(#11085,#11093,#11094,#11095));
#11085 = ORIENTED_EDGE('',*,*,#11086,.T.);
#11086 = EDGE_CURVE('',#11087,#8716,#11089,.T.);
#11087 = VERTEX_POINT('',#11088);
#11088 = CARTESIAN_POINT('',(36.54335439738,-18.27025740559,0.));
#11089 = LINE('',#11090,#11091);
#11090 = CARTESIAN_POINT('',(36.54335439738,-18.27025740559,0.));
#11091 = VECTOR('',#11092,1.);
#11092 = DIRECTION('',(0.,0.,1.));
#11093 = ORIENTED_EDGE('',*,*,#8723,.T.);
#11094 = ORIENTED_EDGE('',*,*,#11062,.F.);
#11095 = ORIENTED_EDGE('',*,*,#11096,.F.);
#11096 = EDGE_CURVE('',#11087,#11063,#11097,.T.);
#11097 = LINE('',#11098,#11099);
#11098 = CARTESIAN_POINT('',(36.270343286846,-18.38334150126,0.));
#11099 = VECTOR('',#11100,1.);
#11100 = DIRECTION('',(0.923880500421,0.382681095615,0.));
#11101 = PLANE('',#11102);
#11102 = AXIS2_PLACEMENT_3D('',#11103,#11104,#11105);
#11103 = CARTESIAN_POINT('',(36.54335439738,-18.27025740559,0.));
#11104 = DIRECTION('',(-0.382681095615,0.923880500421,0.));
#11105 = DIRECTION('',(0.923880500421,0.382681095615,0.));
#11106 = ADVANCED_FACE('',(#11107),#11125,.F.);
#11107 = FACE_BOUND('',#11108,.F.);
#11108 = EDGE_LOOP('',(#11109,#11117,#11118,#11119));
#11109 = ORIENTED_EDGE('',*,*,#11110,.T.);
#11110 = EDGE_CURVE('',#11111,#8708,#11113,.T.);
#11111 = VERTEX_POINT('',#11112);
#11112 = CARTESIAN_POINT('',(35.73385052162,-18.81117128075,0.));
#11113 = LINE('',#11114,#11115);
#11114 = CARTESIAN_POINT('',(35.73385052162,-18.81117128075,0.));
#11115 = VECTOR('',#11116,1.);
#11116 = DIRECTION('',(0.,0.,1.));
#11117 = ORIENTED_EDGE('',*,*,#8715,.T.);
#11118 = ORIENTED_EDGE('',*,*,#11086,.F.);
#11119 = ORIENTED_EDGE('',*,*,#11120,.F.);
#11120 = EDGE_CURVE('',#11111,#11087,#11121,.T.);
#11121 = LINE('',#11122,#11123);
#11122 = CARTESIAN_POINT('',(35.488254748835,-18.97527940322,0.));
#11123 = VECTOR('',#11124,1.);
#11124 = DIRECTION('',(0.831459801075,0.555584916278,0.));
#11125 = PLANE('',#11126);
#11126 = AXIS2_PLACEMENT_3D('',#11127,#11128,#11129);
#11127 = CARTESIAN_POINT('',(35.73385052162,-18.81117128075,0.));
#11128 = DIRECTION('',(-0.555584916278,0.831459801075,0.));
#11129 = DIRECTION('',(0.831459801075,0.555584916278,0.));
#11130 = ADVANCED_FACE('',(#11131),#11149,.F.);
#11131 = FACE_BOUND('',#11132,.F.);
#11132 = EDGE_LOOP('',(#11133,#11141,#11142,#11143));
#11133 = ORIENTED_EDGE('',*,*,#11134,.T.);
#11134 = EDGE_CURVE('',#11135,#8700,#11137,.T.);
#11135 = VERTEX_POINT('',#11136);
#11136 = CARTESIAN_POINT('',(35.045422657408,-19.49953691701,0.));
#11137 = LINE('',#11138,#11139);
#11138 = CARTESIAN_POINT('',(35.045422657408,-19.49953691701,0.));
#11139 = VECTOR('',#11140,1.);
#11140 = DIRECTION('',(0.,0.,1.));
#11141 = ORIENTED_EDGE('',*,*,#8707,.T.);
#11142 = ORIENTED_EDGE('',*,*,#11110,.F.);
#11143 = ORIENTED_EDGE('',*,*,#11144,.F.);
#11144 = EDGE_CURVE('',#11135,#11111,#11145,.T.);
#11145 = LINE('',#11146,#11147);
#11146 = CARTESIAN_POINT('',(34.836424462507,-19.70851622027,0.));
#11147 = VECTOR('',#11148,1.);
#11148 = DIRECTION('',(0.707138740093,0.707074820836,0.));
#11149 = PLANE('',#11150);
#11150 = AXIS2_PLACEMENT_3D('',#11151,#11152,#11153);
#11151 = CARTESIAN_POINT('',(35.045422657408,-19.49953691701,0.));
#11152 = DIRECTION('',(-0.707074820836,0.707138740093,0.));
#11153 = DIRECTION('',(0.707138740093,0.707074820836,0.));
#11154 = ADVANCED_FACE('',(#11155),#11173,.F.);
#11155 = FACE_BOUND('',#11156,.F.);
#11156 = EDGE_LOOP('',(#11157,#11165,#11166,#11167));
#11157 = ORIENTED_EDGE('',*,*,#11158,.T.);
#11158 = EDGE_CURVE('',#11159,#8691,#11161,.T.);
#11159 = VERTEX_POINT('',#11160);
#11160 = CARTESIAN_POINT('',(34.237349256234,-20.70892507117,0.));
#11161 = LINE('',#11162,#11163);
#11162 = CARTESIAN_POINT('',(34.237349256234,-20.70892507117,0.));
#11163 = VECTOR('',#11164,1.);
#11164 = DIRECTION('',(0.,0.,1.));
#11165 = ORIENTED_EDGE('',*,*,#8699,.T.);
#11166 = ORIENTED_EDGE('',*,*,#11134,.F.);
#11167 = ORIENTED_EDGE('',*,*,#11168,.F.);
#11168 = EDGE_CURVE('',#11159,#11135,#11169,.T.);
#11169 = LINE('',#11170,#11171);
#11170 = CARTESIAN_POINT('',(34.155722107427,-20.83109083815,0.));
#11171 = VECTOR('',#11172,1.);
#11172 = DIRECTION('',(0.555563612717,0.831474035809,0.));
#11173 = PLANE('',#11174);
#11174 = AXIS2_PLACEMENT_3D('',#11175,#11176,#11177);
#11175 = CARTESIAN_POINT('',(34.237349256234,-20.70892507117,0.));
#11176 = DIRECTION('',(-0.831474035809,0.555563612717,0.));
#11177 = DIRECTION('',(0.555563612717,0.831474035809,0.));
#11178 = ADVANCED_FACE('',(#11179),#11198,.T.);
#11179 = FACE_BOUND('',#11180,.T.);
#11180 = EDGE_LOOP('',(#11181,#11182,#11183,#11191));
#11181 = ORIENTED_EDGE('',*,*,#11158,.T.);
#11182 = ORIENTED_EDGE('',*,*,#8690,.T.);
#11183 = ORIENTED_EDGE('',*,*,#11184,.F.);
#11184 = EDGE_CURVE('',#11185,#8683,#11187,.T.);
#11185 = VERTEX_POINT('',#11186);
#11186 = CARTESIAN_POINT('',(33.922568902316,-21.17567779063,0.));
#11187 = LINE('',#11188,#11189);
#11188 = CARTESIAN_POINT('',(33.922568902316,-21.17567779063,0.));
#11189 = VECTOR('',#11190,1.);
#11190 = DIRECTION('',(0.,0.,1.));
#11191 = ORIENTED_EDGE('',*,*,#11192,.F.);
#11192 = EDGE_CURVE('',#11159,#11185,#11193,.T.);
#11193 = CIRCLE('',#11194,3.);
#11194 = AXIS2_PLACEMENT_3D('',#11195,#11196,#11197);
#11195 = CARTESIAN_POINT('',(31.6037,-19.2723,0.));
#11196 = DIRECTION('',(0.,0.,-1.));
#11197 = DIRECTION('',(0.470927681203,0.882171819476,0.));
#11198 = CYLINDRICAL_SURFACE('',#11199,3.);
#11199 = AXIS2_PLACEMENT_3D('',#11200,#11201,#11202);
#11200 = CARTESIAN_POINT('',(31.6037,-19.2723,0.));
#11201 = DIRECTION('',(0.,0.,-1.));
#11202 = DIRECTION('',(0.470927681203,0.882171819476,0.));
#11203 = ADVANCED_FACE('',(#11204),#11222,.F.);
#11204 = FACE_BOUND('',#11205,.F.);
#11205 = EDGE_LOOP('',(#11206,#11214,#11215,#11216));
#11206 = ORIENTED_EDGE('',*,*,#11207,.T.);
#11207 = EDGE_CURVE('',#11208,#8674,#11210,.T.);
#11208 = VERTEX_POINT('',#11209);
#11209 = CARTESIAN_POINT('',(33.425068902316,-21.78177779063,0.));
#11210 = LINE('',#11211,#11212);
#11211 = CARTESIAN_POINT('',(33.425068902316,-21.78177779063,0.));
#11212 = VECTOR('',#11213,1.);
#11213 = DIRECTION('',(0.,0.,1.));
#11214 = ORIENTED_EDGE('',*,*,#8682,.T.);
#11215 = ORIENTED_EDGE('',*,*,#11184,.F.);
#11216 = ORIENTED_EDGE('',*,*,#11217,.F.);
#11217 = EDGE_CURVE('',#11208,#11185,#11218,.T.);
#11218 = LINE('',#11219,#11220);
#11219 = CARTESIAN_POINT('',(33.425068902316,-21.78177779063,0.));
#11220 = VECTOR('',#11221,1.);
#11221 = DIRECTION('',(0.634459263544,0.772956300772,0.));
#11222 = PLANE('',#11223);
#11223 = AXIS2_PLACEMENT_3D('',#11224,#11225,#11226);
#11224 = CARTESIAN_POINT('',(33.425068902316,-21.78177779063,0.));
#11225 = DIRECTION('',(-0.772956300772,0.634459263544,0.));
#11226 = DIRECTION('',(0.634459263544,0.772956300772,0.));
#11227 = ADVANCED_FACE('',(#11228),#11247,.T.);
#11228 = FACE_BOUND('',#11229,.T.);
#11229 = EDGE_LOOP('',(#11230,#11231,#11232,#11240));
#11230 = ORIENTED_EDGE('',*,*,#11207,.T.);
#11231 = ORIENTED_EDGE('',*,*,#8673,.T.);
#11232 = ORIENTED_EDGE('',*,*,#11233,.F.);
#11233 = EDGE_CURVE('',#11234,#8666,#11236,.T.);
#11234 = VERTEX_POINT('',#11235);
#11235 = CARTESIAN_POINT('',(33.009577790632,-22.19726890231,0.));
#11236 = LINE('',#11237,#11238);
#11237 = CARTESIAN_POINT('',(33.009577790632,-22.19726890231,0.));
#11238 = VECTOR('',#11239,1.);
#11239 = DIRECTION('',(0.,0.,1.));
#11240 = ORIENTED_EDGE('',*,*,#11241,.F.);
#11241 = EDGE_CURVE('',#11208,#11234,#11242,.T.);
#11242 = CIRCLE('',#11243,3.);
#11243 = AXIS2_PLACEMENT_3D('',#11244,#11245,#11246);
#11244 = CARTESIAN_POINT('',(31.1062,-19.8784,0.));
#11245 = DIRECTION('',(0.,0.,-1.));
#11246 = DIRECTION('',(0.634459263544,0.772956300772,0.));
#11247 = CYLINDRICAL_SURFACE('',#11248,3.);
#11248 = AXIS2_PLACEMENT_3D('',#11249,#11250,#11251);
#11249 = CARTESIAN_POINT('',(31.1062,-19.8784,0.));
#11250 = DIRECTION('',(0.,0.,-1.));
#11251 = DIRECTION('',(0.634459263544,0.772956300772,0.));
#11252 = ADVANCED_FACE('',(#11253),#11271,.F.);
#11253 = FACE_BOUND('',#11254,.F.);
#11254 = EDGE_LOOP('',(#11255,#11263,#11264,#11265));
#11255 = ORIENTED_EDGE('',*,*,#11256,.T.);
#11256 = EDGE_CURVE('',#11257,#8657,#11259,.T.);
#11257 = VERTEX_POINT('',#11258);
#11258 = CARTESIAN_POINT('',(32.403477790632,-22.69476890231,0.));
#11259 = LINE('',#11260,#11261);
#11260 = CARTESIAN_POINT('',(32.403477790632,-22.69476890231,0.));
#11261 = VECTOR('',#11262,1.);
#11262 = DIRECTION('',(0.,0.,1.));
#11263 = ORIENTED_EDGE('',*,*,#8665,.T.);
#11264 = ORIENTED_EDGE('',*,*,#11233,.F.);
#11265 = ORIENTED_EDGE('',*,*,#11266,.F.);
#11266 = EDGE_CURVE('',#11257,#11234,#11267,.T.);
#11267 = LINE('',#11268,#11269);
#11268 = CARTESIAN_POINT('',(32.403477790632,-22.69476890231,0.));
#11269 = VECTOR('',#11270,1.);
#11270 = DIRECTION('',(0.772956300772,0.634459263544,0.));
#11271 = PLANE('',#11272);
#11272 = AXIS2_PLACEMENT_3D('',#11273,#11274,#11275);
#11273 = CARTESIAN_POINT('',(32.403477790632,-22.69476890231,0.));
#11274 = DIRECTION('',(-0.634459263544,0.772956300772,0.));
#11275 = DIRECTION('',(0.772956300772,0.634459263544,0.));
#11276 = ADVANCED_FACE('',(#11277),#11296,.T.);
#11277 = FACE_BOUND('',#11278,.T.);
#11278 = EDGE_LOOP('',(#11279,#11280,#11281,#11289));
#11279 = ORIENTED_EDGE('',*,*,#11256,.T.);
#11280 = ORIENTED_EDGE('',*,*,#8656,.T.);
#11281 = ORIENTED_EDGE('',*,*,#11282,.F.);
#11282 = EDGE_CURVE('',#11283,#8649,#11285,.T.);
#11283 = VERTEX_POINT('',#11284);
#11284 = CARTESIAN_POINT('',(31.9140881588,-23.02177178199,0.));
#11285 = LINE('',#11286,#11287);
#11286 = CARTESIAN_POINT('',(31.9140881588,-23.02177178199,0.));
#11287 = VECTOR('',#11288,1.);
#11288 = DIRECTION('',(0.,0.,1.));
#11289 = ORIENTED_EDGE('',*,*,#11290,.F.);
#11290 = EDGE_CURVE('',#11257,#11283,#11291,.T.);
#11291 = CIRCLE('',#11292,3.);
#11292 = AXIS2_PLACEMENT_3D('',#11293,#11294,#11295);
#11293 = CARTESIAN_POINT('',(30.5001,-20.3759,0.));
#11294 = DIRECTION('',(0.,0.,-1.));
#11295 = DIRECTION('',(0.772956300772,0.634459263544,0.));
#11296 = CYLINDRICAL_SURFACE('',#11297,3.);
#11297 = AXIS2_PLACEMENT_3D('',#11298,#11299,#11300);
#11298 = CARTESIAN_POINT('',(30.5001,-20.3759,0.));
#11299 = DIRECTION('',(0.,0.,-1.));
#11300 = DIRECTION('',(0.772956300772,0.634459263544,0.));
#11301 = ADVANCED_FACE('',(#11302),#11320,.F.);
#11302 = FACE_BOUND('',#11303,.F.);
#11303 = EDGE_LOOP('',(#11304,#11312,#11313,#11314));
#11304 = ORIENTED_EDGE('',*,*,#11305,.T.);
#11305 = EDGE_CURVE('',#11306,#8640,#11308,.T.);
#11306 = VERTEX_POINT('',#11307);
#11307 = CARTESIAN_POINT('',(31.2224881588,-23.39137178199,0.));
#11308 = LINE('',#11309,#11310);
#11309 = CARTESIAN_POINT('',(31.2224881588,-23.39137178199,0.));
#11310 = VECTOR('',#11311,1.);
#11311 = DIRECTION('',(0.,0.,1.));
#11312 = ORIENTED_EDGE('',*,*,#8648,.T.);
#11313 = ORIENTED_EDGE('',*,*,#11282,.F.);
#11314 = ORIENTED_EDGE('',*,*,#11315,.F.);
#11315 = EDGE_CURVE('',#11306,#11283,#11316,.T.);
#11316 = LINE('',#11317,#11318);
#11317 = CARTESIAN_POINT('',(31.2224881588,-23.39137178199,0.));
#11318 = VECTOR('',#11319,1.);
#11319 = DIRECTION('',(0.881957260666,0.471329386267,0.));
#11320 = PLANE('',#11321);
#11321 = AXIS2_PLACEMENT_3D('',#11322,#11323,#11324);
#11322 = CARTESIAN_POINT('',(31.2224881588,-23.39137178199,0.));
#11323 = DIRECTION('',(-0.471329386267,0.881957260666,0.));
#11324 = DIRECTION('',(0.881957260666,0.471329386267,0.));
#11325 = ADVANCED_FACE('',(#11326),#11345,.T.);
#11326 = FACE_BOUND('',#11327,.T.);
#11327 = EDGE_LOOP('',(#11328,#11329,#11330,#11338));
#11328 = ORIENTED_EDGE('',*,*,#11305,.T.);
#11329 = ORIENTED_EDGE('',*,*,#8639,.T.);
#11330 = ORIENTED_EDGE('',*,*,#11331,.F.);
#11331 = EDGE_CURVE('',#11332,#8632,#11334,.T.);
#11332 = VERTEX_POINT('',#11333);
#11333 = CARTESIAN_POINT('',(30.679350469398,-23.61632208782,0.));
#11334 = LINE('',#11335,#11336);
#11335 = CARTESIAN_POINT('',(30.679350469398,-23.61632208782,0.));
#11336 = VECTOR('',#11337,1.);
#11337 = DIRECTION('',(0.,0.,1.));
#11338 = ORIENTED_EDGE('',*,*,#11339,.F.);
#11339 = EDGE_CURVE('',#11306,#11332,#11340,.T.);
#11340 = CIRCLE('',#11341,3.);
#11341 = AXIS2_PLACEMENT_3D('',#11342,#11343,#11344);
#11342 = CARTESIAN_POINT('',(29.8085,-20.7455,0.));
#11343 = DIRECTION('',(0.,0.,-1.));
#11344 = DIRECTION('',(0.881957260666,0.471329386267,0.));
#11345 = CYLINDRICAL_SURFACE('',#11346,3.);
#11346 = AXIS2_PLACEMENT_3D('',#11347,#11348,#11349);
#11347 = CARTESIAN_POINT('',(29.8085,-20.7455,0.));
#11348 = DIRECTION('',(0.,0.,-1.));
#11349 = DIRECTION('',(0.881957260666,0.471329386267,0.));
#11350 = ADVANCED_FACE('',(#11351),#11369,.F.);
#11351 = FACE_BOUND('',#11352,.F.);
#11352 = EDGE_LOOP('',(#11353,#11361,#11362,#11363));
#11353 = ORIENTED_EDGE('',*,*,#11354,.T.);
#11354 = EDGE_CURVE('',#11355,#8623,#11357,.T.);
#11355 = VERTEX_POINT('',#11356);
#11356 = CARTESIAN_POINT('',(29.929050469398,-23.84392208782,0.));
#11357 = LINE('',#11358,#11359);
#11358 = CARTESIAN_POINT('',(29.929050469398,-23.84392208782,0.));
#11359 = VECTOR('',#11360,1.);
#11360 = DIRECTION('',(0.,0.,1.));
#11361 = ORIENTED_EDGE('',*,*,#8631,.T.);
#11362 = ORIENTED_EDGE('',*,*,#11331,.F.);
#11363 = ORIENTED_EDGE('',*,*,#11364,.F.);
#11364 = EDGE_CURVE('',#11355,#11332,#11365,.T.);
#11365 = LINE('',#11366,#11367);
#11366 = CARTESIAN_POINT('',(29.929050469398,-23.84392208782,0.));
#11367 = VECTOR('',#11368,1.);
#11368 = DIRECTION('',(0.956940695942,0.290283489799,0.));
#11369 = PLANE('',#11370);
#11370 = AXIS2_PLACEMENT_3D('',#11371,#11372,#11373);
#11371 = CARTESIAN_POINT('',(29.929050469398,-23.84392208782,0.));
#11372 = DIRECTION('',(-0.290283489799,0.956940695942,0.));
#11373 = DIRECTION('',(0.956940695942,0.290283489799,0.));
#11374 = ADVANCED_FACE('',(#11375),#11394,.T.);
#11375 = FACE_BOUND('',#11376,.T.);
#11376 = EDGE_LOOP('',(#11377,#11378,#11379,#11387));
#11377 = ORIENTED_EDGE('',*,*,#11354,.T.);
#11378 = ORIENTED_EDGE('',*,*,#8622,.T.);
#11379 = ORIENTED_EDGE('',*,*,#11380,.F.);
#11380 = EDGE_CURVE('',#11381,#8615,#11383,.T.);
#11381 = VERTEX_POINT('',#11382);
#11382 = CARTESIAN_POINT('',(29.352392780025,-23.95864025398,0.));
#11383 = LINE('',#11384,#11385);
#11384 = CARTESIAN_POINT('',(29.352392780025,-23.95864025398,0.));
#11385 = VECTOR('',#11386,1.);
#11386 = DIRECTION('',(0.,0.,1.));
#11387 = ORIENTED_EDGE('',*,*,#11388,.F.);
#11388 = EDGE_CURVE('',#11355,#11381,#11389,.T.);
#11389 = CIRCLE('',#11390,3.);
#11390 = AXIS2_PLACEMENT_3D('',#11391,#11392,#11393);
#11391 = CARTESIAN_POINT('',(29.0582,-20.9731,0.));
#11392 = DIRECTION('',(0.,0.,-1.));
#11393 = DIRECTION('',(0.956940695942,0.290283489799,0.));
#11394 = CYLINDRICAL_SURFACE('',#11395,3.);
#11395 = AXIS2_PLACEMENT_3D('',#11396,#11397,#11398);
#11396 = CARTESIAN_POINT('',(29.0582,-20.9731,0.));
#11397 = DIRECTION('',(0.,0.,-1.));
#11398 = DIRECTION('',(0.956940695942,0.290283489799,0.));
#11399 = ADVANCED_FACE('',(#11400),#11418,.F.);
#11400 = FACE_BOUND('',#11401,.F.);
#11401 = EDGE_LOOP('',(#11402,#11410,#11411,#11412));
#11402 = ORIENTED_EDGE('',*,*,#11403,.T.);
#11403 = EDGE_CURVE('',#11404,#8606,#11406,.T.);
#11404 = VERTEX_POINT('',#11405);
#11405 = CARTESIAN_POINT('',(28.571992780025,-24.03554025398,0.));
#11406 = LINE('',#11407,#11408);
#11407 = CARTESIAN_POINT('',(28.571992780025,-24.03554025398,0.));
#11408 = VECTOR('',#11409,1.);
#11409 = DIRECTION('',(0.,0.,1.));
#11410 = ORIENTED_EDGE('',*,*,#8614,.T.);
#11411 = ORIENTED_EDGE('',*,*,#11380,.F.);
#11412 = ORIENTED_EDGE('',*,*,#11413,.F.);
#11413 = EDGE_CURVE('',#11404,#11381,#11414,.T.);
#11414 = LINE('',#11415,#11416);
#11415 = CARTESIAN_POINT('',(28.571992780025,-24.03554025398,0.));
#11416 = VECTOR('',#11417,1.);
#11417 = DIRECTION('',(0.995180084663,9.80642600084E-02,0.));
#11418 = PLANE('',#11419);
#11419 = AXIS2_PLACEMENT_3D('',#11420,#11421,#11422);
#11420 = CARTESIAN_POINT('',(28.571992780025,-24.03554025398,0.));
#11421 = DIRECTION('',(-9.80642600084E-02,0.995180084663,0.));
#11422 = DIRECTION('',(0.995180084663,9.80642600084E-02,0.));
#11423 = ADVANCED_FACE('',(#11424),#11443,.T.);
#11424 = FACE_BOUND('',#11425,.T.);
#11425 = EDGE_LOOP('',(#11426,#11427,#11428,#11436));
#11426 = ORIENTED_EDGE('',*,*,#11403,.T.);
#11427 = ORIENTED_EDGE('',*,*,#8605,.T.);
#11428 = ORIENTED_EDGE('',*,*,#11429,.F.);
#11429 = EDGE_CURVE('',#11430,#8598,#11432,.T.);
#11430 = VERTEX_POINT('',#11431);
#11431 = CARTESIAN_POINT('',(28.2778,-24.05,0.));
#11432 = LINE('',#11433,#11434);
#11433 = CARTESIAN_POINT('',(28.2778,-24.05,0.));
#11434 = VECTOR('',#11435,1.);
#11435 = DIRECTION('',(0.,0.,1.));
#11436 = ORIENTED_EDGE('',*,*,#11437,.F.);
#11437 = EDGE_CURVE('',#11404,#11430,#11438,.T.);
#11438 = CIRCLE('',#11439,3.);
#11439 = AXIS2_PLACEMENT_3D('',#11440,#11441,#11442);
#11440 = CARTESIAN_POINT('',(28.2778,-21.05,0.));
#11441 = DIRECTION('',(0.,0.,-1.));
#11442 = DIRECTION('',(0.995180084663,9.80642600084E-02,0.));
#11443 = CYLINDRICAL_SURFACE('',#11444,3.);
#11444 = AXIS2_PLACEMENT_3D('',#11445,#11446,#11447);
#11445 = CARTESIAN_POINT('',(28.2778,-21.05,0.));
#11446 = DIRECTION('',(0.,0.,-1.));
#11447 = DIRECTION('',(0.995180084663,9.80642600084E-02,0.));
#11448 = ADVANCED_FACE('',(#11449),#11467,.F.);
#11449 = FACE_BOUND('',#11450,.F.);
#11450 = EDGE_LOOP('',(#11451,#11459,#11460,#11461));
#11451 = ORIENTED_EDGE('',*,*,#11452,.T.);
#11452 = EDGE_CURVE('',#11453,#8589,#11455,.T.);
#11453 = VERTEX_POINT('',#11454);
#11454 = CARTESIAN_POINT('',(10.6347,-24.05,0.));
#11455 = LINE('',#11456,#11457);
#11456 = CARTESIAN_POINT('',(10.6347,-24.05,0.));
#11457 = VECTOR('',#11458,1.);
#11458 = DIRECTION('',(0.,0.,1.));
#11459 = ORIENTED_EDGE('',*,*,#8597,.T.);
#11460 = ORIENTED_EDGE('',*,*,#11429,.F.);
#11461 = ORIENTED_EDGE('',*,*,#11462,.F.);
#11462 = EDGE_CURVE('',#11453,#11430,#11463,.T.);
#11463 = LINE('',#11464,#11465);
#11464 = CARTESIAN_POINT('',(10.6347,-24.05,0.));
#11465 = VECTOR('',#11466,1.);
#11466 = DIRECTION('',(1.,0.,0.));
#11467 = PLANE('',#11468);
#11468 = AXIS2_PLACEMENT_3D('',#11469,#11470,#11471);
#11469 = CARTESIAN_POINT('',(10.6347,-24.05,0.));
#11470 = DIRECTION('',(0.,1.,0.));
#11471 = DIRECTION('',(1.,0.,0.));
#11472 = ADVANCED_FACE('',(#11473),#11492,.T.);
#11473 = FACE_BOUND('',#11474,.T.);
#11474 = EDGE_LOOP('',(#11475,#11476,#11477,#11485));
#11475 = ORIENTED_EDGE('',*,*,#11452,.T.);
#11476 = ORIENTED_EDGE('',*,*,#8588,.T.);
#11477 = ORIENTED_EDGE('',*,*,#11478,.F.);
#11478 = EDGE_CURVE('',#11479,#8581,#11481,.T.);
#11479 = VERTEX_POINT('',#11480);
#11480 = CARTESIAN_POINT('',(10.48721214845,-24.04637236231,0.));
#11481 = LINE('',#11482,#11483);
#11482 = CARTESIAN_POINT('',(10.48721214845,-24.04637236231,0.));
#11483 = VECTOR('',#11484,1.);
#11484 = DIRECTION('',(0.,0.,1.));
#11485 = ORIENTED_EDGE('',*,*,#11486,.F.);
#11486 = EDGE_CURVE('',#11453,#11479,#11487,.T.);
#11487 = CIRCLE('',#11488,3.);
#11488 = AXIS2_PLACEMENT_3D('',#11489,#11490,#11491);
#11489 = CARTESIAN_POINT('',(10.6347,-21.05,0.));
#11490 = DIRECTION('',(0.,0.,-1.));
#11491 = DIRECTION('',(1.,0.,0.));
#11492 = CYLINDRICAL_SURFACE('',#11493,3.);
#11493 = AXIS2_PLACEMENT_3D('',#11494,#11495,#11496);
#11494 = CARTESIAN_POINT('',(10.6347,-21.05,0.));
#11495 = DIRECTION('',(0.,0.,-1.));
#11496 = DIRECTION('',(1.,0.,0.));
#11497 = ADVANCED_FACE('',(#11498),#11516,.F.);
#11498 = FACE_BOUND('',#11499,.F.);
#11499 = EDGE_LOOP('',(#11500,#11508,#11509,#11510));
#11500 = ORIENTED_EDGE('',*,*,#11501,.T.);
#11501 = EDGE_CURVE('',#11502,#8572,#11504,.T.);
#11502 = VERTEX_POINT('',#11503);
#11503 = CARTESIAN_POINT('',(10.09511214845,-24.02707236231,0.));
#11504 = LINE('',#11505,#11506);
#11505 = CARTESIAN_POINT('',(10.09511214845,-24.02707236231,0.));
#11506 = VECTOR('',#11507,1.);
#11507 = DIRECTION('',(0.,0.,1.));
#11508 = ORIENTED_EDGE('',*,*,#8580,.T.);
#11509 = ORIENTED_EDGE('',*,*,#11478,.F.);
#11510 = ORIENTED_EDGE('',*,*,#11511,.F.);
#11511 = EDGE_CURVE('',#11502,#11479,#11512,.T.);
#11512 = LINE('',#11513,#11514);
#11513 = CARTESIAN_POINT('',(10.09511214845,-24.02707236231,0.));
#11514 = VECTOR('',#11515,1.);
#11515 = DIRECTION('',(0.998790787438,-4.916261718327E-02,0.));
#11516 = PLANE('',#11517);
#11517 = AXIS2_PLACEMENT_3D('',#11518,#11519,#11520);
#11518 = CARTESIAN_POINT('',(10.09511214845,-24.02707236231,0.));
#11519 = DIRECTION('',(4.916261718327E-02,0.998790787438,0.));
#11520 = DIRECTION('',(0.998790787438,-4.916261718327E-02,0.));
#11521 = ADVANCED_FACE('',(#11522),#11541,.T.);
#11522 = FACE_BOUND('',#11523,.T.);
#11523 = EDGE_LOOP('',(#11524,#11525,#11526,#11534));
#11524 = ORIENTED_EDGE('',*,*,#11501,.T.);
#11525 = ORIENTED_EDGE('',*,*,#8571,.T.);
#11526 = ORIENTED_EDGE('',*,*,#11527,.F.);
#11527 = EDGE_CURVE('',#11528,#8564,#11530,.T.);
#11528 = VERTEX_POINT('',#11529);
#11529 = CARTESIAN_POINT('',(9.657585117864,-23.97310676788,0.));
#11530 = LINE('',#11531,#11532);
#11531 = CARTESIAN_POINT('',(9.657585117864,-23.97310676788,0.));
#11532 = VECTOR('',#11533,1.);
#11533 = DIRECTION('',(0.,0.,1.));
#11534 = ORIENTED_EDGE('',*,*,#11535,.F.);
#11535 = EDGE_CURVE('',#11502,#11528,#11536,.T.);
#11536 = CIRCLE('',#11537,3.);
#11537 = AXIS2_PLACEMENT_3D('',#11538,#11539,#11540);
#11538 = CARTESIAN_POINT('',(10.2426,-21.0307,0.));
#11539 = DIRECTION('',(0.,-0.,-1.));
#11540 = DIRECTION('',(0.998790787438,-4.916261718327E-02,0.));
#11541 = CYLINDRICAL_SURFACE('',#11542,3.);
#11542 = AXIS2_PLACEMENT_3D('',#11543,#11544,#11545);
#11543 = CARTESIAN_POINT('',(10.2426,-21.0307,0.));
#11544 = DIRECTION('',(0.,0.,-1.));
#11545 = DIRECTION('',(0.998790787438,-4.916261718327E-02,0.));
#11546 = ADVANCED_FACE('',(#11547),#11565,.F.);
#11547 = FACE_BOUND('',#11548,.F.);
#11548 = EDGE_LOOP('',(#11549,#11557,#11558,#11559));
#11549 = ORIENTED_EDGE('',*,*,#11550,.T.);
#11550 = EDGE_CURVE('',#11551,#8555,#11553,.T.);
#11551 = VERTEX_POINT('',#11552);
#11552 = CARTESIAN_POINT('',(8.888555117864,-23.82020676788,0.));
#11553 = LINE('',#11554,#11555);
#11554 = CARTESIAN_POINT('',(8.888555117864,-23.82020676788,0.));
#11555 = VECTOR('',#11556,1.);
#11556 = DIRECTION('',(0.,0.,1.));
#11557 = ORIENTED_EDGE('',*,*,#8563,.T.);
#11558 = ORIENTED_EDGE('',*,*,#11527,.F.);
#11559 = ORIENTED_EDGE('',*,*,#11560,.F.);
#11560 = EDGE_CURVE('',#11551,#11528,#11561,.T.);
#11561 = LINE('',#11562,#11563);
#11562 = CARTESIAN_POINT('',(8.888555117864,-23.82020676788,0.));
#11563 = VECTOR('',#11564,1.);
#11564 = DIRECTION('',(0.980802255961,-0.195004960712,0.));
#11565 = PLANE('',#11566);
#11566 = AXIS2_PLACEMENT_3D('',#11567,#11568,#11569);
#11567 = CARTESIAN_POINT('',(8.888555117864,-23.82020676788,0.));
#11568 = DIRECTION('',(0.195004960712,0.980802255961,0.));
#11569 = DIRECTION('',(0.980802255961,-0.195004960712,0.));
#11570 = ADVANCED_FACE('',(#11571),#11590,.T.);
#11571 = FACE_BOUND('',#11572,.T.);
#11572 = EDGE_LOOP('',(#11573,#11574,#11575,#11583));
#11573 = ORIENTED_EDGE('',*,*,#11550,.T.);
#11574 = ORIENTED_EDGE('',*,*,#8554,.T.);
#11575 = ORIENTED_EDGE('',*,*,#11576,.F.);
#11576 = EDGE_CURVE('',#11577,#8547,#11579,.T.);
#11577 = VERTEX_POINT('',#11578);
#11578 = CARTESIAN_POINT('',(8.325444645915,-23.64940750672,0.));
#11579 = LINE('',#11580,#11581);
#11580 = CARTESIAN_POINT('',(8.325444645915,-23.64940750672,0.));
#11581 = VECTOR('',#11582,1.);
#11582 = DIRECTION('',(0.,0.,1.));
#11583 = ORIENTED_EDGE('',*,*,#11584,.F.);
#11584 = EDGE_CURVE('',#11551,#11577,#11585,.T.);
#11585 = CIRCLE('',#11586,3.);
#11586 = AXIS2_PLACEMENT_3D('',#11587,#11588,#11589);
#11587 = CARTESIAN_POINT('',(9.47357,-20.8778,0.));
#11588 = DIRECTION('',(0.,-0.,-1.));
#11589 = DIRECTION('',(0.980802255961,-0.195004960712,0.));
#11590 = CYLINDRICAL_SURFACE('',#11591,3.);
#11591 = AXIS2_PLACEMENT_3D('',#11592,#11593,#11594);
#11592 = CARTESIAN_POINT('',(9.47357,-20.8778,0.));
#11593 = DIRECTION('',(0.,0.,-1.));
#11594 = DIRECTION('',(0.980802255961,-0.195004960712,0.));
#11595 = ADVANCED_FACE('',(#11596),#11614,.F.);
#11596 = FACE_BOUND('',#11597,.F.);
#11597 = EDGE_LOOP('',(#11598,#11606,#11607,#11608));
#11598 = ORIENTED_EDGE('',*,*,#11599,.T.);
#11599 = EDGE_CURVE('',#11600,#8538,#11602,.T.);
#11600 = VERTEX_POINT('',#11601);
#11601 = CARTESIAN_POINT('',(7.600994645915,-23.34930750672,0.));
#11602 = LINE('',#11603,#11604);
#11603 = CARTESIAN_POINT('',(7.600994645915,-23.34930750672,0.));
#11604 = VECTOR('',#11605,1.);
#11605 = DIRECTION('',(0.,0.,1.));
#11606 = ORIENTED_EDGE('',*,*,#8546,.T.);
#11607 = ORIENTED_EDGE('',*,*,#11576,.F.);
#11608 = ORIENTED_EDGE('',*,*,#11609,.F.);
#11609 = EDGE_CURVE('',#11600,#11577,#11610,.T.);
#11610 = LINE('',#11611,#11612);
#11611 = CARTESIAN_POINT('',(7.600994645915,-23.34930750672,0.));
#11612 = VECTOR('',#11613,1.);
#11613 = DIRECTION('',(0.923869168907,-0.382708451362,0.));
#11614 = PLANE('',#11615);
#11615 = AXIS2_PLACEMENT_3D('',#11616,#11617,#11618);
#11616 = CARTESIAN_POINT('',(7.600994645915,-23.34930750672,0.));
#11617 = DIRECTION('',(0.382708451362,0.923869168907,0.));
#11618 = DIRECTION('',(0.923869168907,-0.382708451362,0.));
#11619 = ADVANCED_FACE('',(#11620),#11639,.T.);
#11620 = FACE_BOUND('',#11621,.T.);
#11621 = EDGE_LOOP('',(#11622,#11623,#11624,#11632));
#11622 = ORIENTED_EDGE('',*,*,#11599,.T.);
#11623 = ORIENTED_EDGE('',*,*,#8537,.T.);
#11624 = ORIENTED_EDGE('',*,*,#11625,.F.);
#11625 = EDGE_CURVE('',#11626,#8530,#11628,.T.);
#11626 = VERTEX_POINT('',#11627);
#11627 = CARTESIAN_POINT('',(7.082248252784,-23.07200122044,0.));
#11628 = LINE('',#11629,#11630);
#11629 = CARTESIAN_POINT('',(7.082248252784,-23.07200122044,0.));
#11630 = VECTOR('',#11631,1.);
#11631 = DIRECTION('',(0.,0.,1.));
#11632 = ORIENTED_EDGE('',*,*,#11633,.F.);
#11633 = EDGE_CURVE('',#11600,#11626,#11634,.T.);
#11634 = CIRCLE('',#11635,3.);
#11635 = AXIS2_PLACEMENT_3D('',#11636,#11637,#11638);
#11636 = CARTESIAN_POINT('',(8.74912,-20.5777,0.));
#11637 = DIRECTION('',(0.,-0.,-1.));
#11638 = DIRECTION('',(0.923869168907,-0.382708451362,0.));
#11639 = CYLINDRICAL_SURFACE('',#11640,3.);
#11640 = AXIS2_PLACEMENT_3D('',#11641,#11642,#11643);
#11641 = CARTESIAN_POINT('',(8.74912,-20.5777,0.));
#11642 = DIRECTION('',(0.,0.,-1.));
#11643 = DIRECTION('',(0.923869168907,-0.382708451362,0.));
#11644 = ADVANCED_FACE('',(#11645),#11663,.F.);
#11645 = FACE_BOUND('',#11646,.F.);
#11646 = EDGE_LOOP('',(#11647,#11655,#11656,#11657));
#11647 = ORIENTED_EDGE('',*,*,#11648,.T.);
#11648 = EDGE_CURVE('',#11649,#8521,#11651,.T.);
#11649 = VERTEX_POINT('',#11650);
#11650 = CARTESIAN_POINT('',(6.430268252784,-22.63630122044,0.));
#11651 = LINE('',#11652,#11653);
#11652 = CARTESIAN_POINT('',(6.430268252784,-22.63630122044,0.));
#11653 = VECTOR('',#11654,1.);
#11654 = DIRECTION('',(0.,0.,1.));
#11655 = ORIENTED_EDGE('',*,*,#8529,.T.);
#11656 = ORIENTED_EDGE('',*,*,#11625,.F.);
#11657 = ORIENTED_EDGE('',*,*,#11658,.F.);
#11658 = EDGE_CURVE('',#11649,#11626,#11659,.T.);
#11659 = LINE('',#11660,#11661);
#11660 = CARTESIAN_POINT('',(6.430268252784,-22.63630122044,0.));
#11661 = VECTOR('',#11662,1.);
#11662 = DIRECTION('',(0.83143374015,-0.555623915739,0.));
#11663 = PLANE('',#11664);
#11664 = AXIS2_PLACEMENT_3D('',#11665,#11666,#11667);
#11665 = CARTESIAN_POINT('',(6.430268252784,-22.63630122044,0.));
#11666 = DIRECTION('',(0.555623915739,0.83143374015,0.));
#11667 = DIRECTION('',(0.83143374015,-0.555623915739,0.));
#11668 = ADVANCED_FACE('',(#11669),#11688,.T.);
#11669 = FACE_BOUND('',#11670,.T.);
#11670 = EDGE_LOOP('',(#11671,#11672,#11673,#11681));
#11671 = ORIENTED_EDGE('',*,*,#11648,.T.);
#11672 = ORIENTED_EDGE('',*,*,#8520,.T.);
#11673 = ORIENTED_EDGE('',*,*,#11674,.F.);
#11674 = EDGE_CURVE('',#11675,#8513,#11677,.T.);
#11675 = VERTEX_POINT('',#11676);
#11676 = CARTESIAN_POINT('',(5.975953573952,-22.26345425261,0.));
#11677 = LINE('',#11678,#11679);
#11678 = CARTESIAN_POINT('',(5.975953573952,-22.26345425261,0.));
#11679 = VECTOR('',#11680,1.);
#11680 = DIRECTION('',(0.,0.,1.));
#11681 = ORIENTED_EDGE('',*,*,#11682,.F.);
#11682 = EDGE_CURVE('',#11649,#11675,#11683,.T.);
#11683 = CIRCLE('',#11684,3.);
#11684 = AXIS2_PLACEMENT_3D('',#11685,#11686,#11687);
#11685 = CARTESIAN_POINT('',(8.09714,-20.142,0.));
#11686 = DIRECTION('',(0.,-0.,-1.));
#11687 = DIRECTION('',(0.83143374015,-0.555623915739,0.));
#11688 = CYLINDRICAL_SURFACE('',#11689,3.);
#11689 = AXIS2_PLACEMENT_3D('',#11690,#11691,#11692);
#11690 = CARTESIAN_POINT('',(8.09714,-20.142,0.));
#11691 = DIRECTION('',(0.,0.,-1.));
#11692 = DIRECTION('',(0.83143374015,-0.555623915739,0.));
#11693 = ADVANCED_FACE('',(#11694),#11712,.F.);
#11694 = FACE_BOUND('',#11695,.F.);
#11695 = EDGE_LOOP('',(#11696,#11704,#11705,#11706));
#11696 = ORIENTED_EDGE('',*,*,#11697,.T.);
#11697 = EDGE_CURVE('',#11698,#8504,#11700,.T.);
#11698 = VERTEX_POINT('',#11699);
#11699 = CARTESIAN_POINT('',(5.421483573952,-21.70905425261,0.));
#11700 = LINE('',#11701,#11702);
#11701 = CARTESIAN_POINT('',(5.421483573952,-21.70905425261,0.));
#11702 = VECTOR('',#11703,1.);
#11703 = DIRECTION('',(0.,0.,1.));
#11704 = ORIENTED_EDGE('',*,*,#8512,.T.);
#11705 = ORIENTED_EDGE('',*,*,#11674,.F.);
#11706 = ORIENTED_EDGE('',*,*,#11707,.F.);
#11707 = EDGE_CURVE('',#11698,#11675,#11708,.T.);
#11708 = LINE('',#11709,#11710);
#11709 = CARTESIAN_POINT('',(5.421483573952,-21.70905425261,0.));
#11710 = VECTOR('',#11711,1.);
#11711 = DIRECTION('',(0.707151417539,-0.707062142016,0.));
#11712 = PLANE('',#11713);
#11713 = AXIS2_PLACEMENT_3D('',#11714,#11715,#11716);
#11714 = CARTESIAN_POINT('',(5.421483573952,-21.70905425261,0.));
#11715 = DIRECTION('',(0.707062142016,0.707151417539,0.));
#11716 = DIRECTION('',(0.707151417539,-0.707062142016,0.));
#11717 = ADVANCED_FACE('',(#11718),#11737,.T.);
#11718 = FACE_BOUND('',#11719,.T.);
#11719 = EDGE_LOOP('',(#11720,#11721,#11722,#11730));
#11720 = ORIENTED_EDGE('',*,*,#11697,.T.);
#11721 = ORIENTED_EDGE('',*,*,#8503,.T.);
#11722 = ORIENTED_EDGE('',*,*,#11723,.F.);
#11723 = EDGE_CURVE('',#11724,#8496,#11726,.T.);
#11724 = VERTEX_POINT('',#11725);
#11725 = CARTESIAN_POINT('',(5.048239121734,-21.25427771136,0.));
#11726 = LINE('',#11727,#11728);
#11727 = CARTESIAN_POINT('',(5.048239121734,-21.25427771136,0.));
#11728 = VECTOR('',#11729,1.);
#11729 = DIRECTION('',(0.,0.,1.));
#11730 = ORIENTED_EDGE('',*,*,#11731,.F.);
#11731 = EDGE_CURVE('',#11698,#11724,#11732,.T.);
#11732 = CIRCLE('',#11733,3.);
#11733 = AXIS2_PLACEMENT_3D('',#11734,#11735,#11736);
#11734 = CARTESIAN_POINT('',(7.54267,-19.5876,0.));
#11735 = DIRECTION('',(0.,-0.,-1.));
#11736 = DIRECTION('',(0.707151417539,-0.707062142016,0.));
#11737 = CYLINDRICAL_SURFACE('',#11738,3.);
#11738 = AXIS2_PLACEMENT_3D('',#11739,#11740,#11741);
#11739 = CARTESIAN_POINT('',(7.54267,-19.5876,0.));
#11740 = DIRECTION('',(0.,0.,-1.));
#11741 = DIRECTION('',(0.707151417539,-0.707062142016,0.));
#11742 = ADVANCED_FACE('',(#11743),#11761,.F.);
#11743 = FACE_BOUND('',#11744,.F.);
#11744 = EDGE_LOOP('',(#11745,#11753,#11754,#11755));
#11745 = ORIENTED_EDGE('',*,*,#11746,.T.);
#11746 = EDGE_CURVE('',#11747,#8487,#11749,.T.);
#11747 = VERTEX_POINT('',#11748);
#11748 = CARTESIAN_POINT('',(4.612599121734,-20.60227771136,0.));
#11749 = LINE('',#11750,#11751);
#11750 = CARTESIAN_POINT('',(4.612599121734,-20.60227771136,0.));
#11751 = VECTOR('',#11752,1.);
#11752 = DIRECTION('',(0.,0.,1.));
#11753 = ORIENTED_EDGE('',*,*,#8495,.T.);
#11754 = ORIENTED_EDGE('',*,*,#11723,.F.);
#11755 = ORIENTED_EDGE('',*,*,#11756,.F.);
#11756 = EDGE_CURVE('',#11747,#11724,#11757,.T.);
#11757 = LINE('',#11758,#11759);
#11758 = CARTESIAN_POINT('',(4.612599121734,-20.60227771136,0.));
#11759 = VECTOR('',#11760,1.);
#11760 = DIRECTION('',(0.555559237121,-0.831476959422,0.));
#11761 = PLANE('',#11762);
#11762 = AXIS2_PLACEMENT_3D('',#11763,#11764,#11765);
#11763 = CARTESIAN_POINT('',(4.612599121734,-20.60227771136,0.));
#11764 = DIRECTION('',(0.831476959422,0.555559237121,0.));
#11765 = DIRECTION('',(0.555559237121,-0.831476959422,0.));
#11766 = ADVANCED_FACE('',(#11767),#11786,.T.);
#11767 = FACE_BOUND('',#11768,.T.);
#11768 = EDGE_LOOP('',(#11769,#11770,#11771,#11779));
#11769 = ORIENTED_EDGE('',*,*,#11746,.T.);
#11770 = ORIENTED_EDGE('',*,*,#8486,.T.);
#11771 = ORIENTED_EDGE('',*,*,#11772,.F.);
#11772 = EDGE_CURVE('',#11773,#8479,#11775,.T.);
#11773 = VERTEX_POINT('',#11774);
#11774 = CARTESIAN_POINT('',(4.33536742765,-20.08359241506,0.));
#11775 = LINE('',#11776,#11777);
#11776 = CARTESIAN_POINT('',(4.33536742765,-20.08359241506,0.));
#11777 = VECTOR('',#11778,1.);
#11778 = DIRECTION('',(0.,0.,1.));
#11779 = ORIENTED_EDGE('',*,*,#11780,.F.);
#11780 = EDGE_CURVE('',#11747,#11773,#11781,.T.);
#11781 = CIRCLE('',#11782,3.);
#11782 = AXIS2_PLACEMENT_3D('',#11783,#11784,#11785);
#11783 = CARTESIAN_POINT('',(7.10703,-18.9356,0.));
#11784 = DIRECTION('',(0.,-0.,-1.));
#11785 = DIRECTION('',(0.555559237121,-0.831476959422,0.));
#11786 = CYLINDRICAL_SURFACE('',#11787,3.);
#11787 = AXIS2_PLACEMENT_3D('',#11788,#11789,#11790);
#11788 = CARTESIAN_POINT('',(7.10703,-18.9356,0.));
#11789 = DIRECTION('',(0.,0.,-1.));
#11790 = DIRECTION('',(0.555559237121,-0.831476959422,0.));
#11791 = ADVANCED_FACE('',(#11792),#11810,.F.);
#11792 = FACE_BOUND('',#11793,.F.);
#11793 = EDGE_LOOP('',(#11794,#11802,#11803,#11804));
#11794 = ORIENTED_EDGE('',*,*,#11795,.T.);
#11795 = EDGE_CURVE('',#11796,#8470,#11798,.T.);
#11796 = VERTEX_POINT('',#11797);
#11797 = CARTESIAN_POINT('',(4.03528742765,-19.35909241506,0.));
#11798 = LINE('',#11799,#11800);
#11799 = CARTESIAN_POINT('',(4.03528742765,-19.35909241506,0.));
#11800 = VECTOR('',#11801,1.);
#11801 = DIRECTION('',(0.,0.,1.));
#11802 = ORIENTED_EDGE('',*,*,#8478,.T.);
#11803 = ORIENTED_EDGE('',*,*,#11772,.F.);
#11804 = ORIENTED_EDGE('',*,*,#11805,.F.);
#11805 = EDGE_CURVE('',#11796,#11773,#11806,.T.);
#11806 = LINE('',#11807,#11808);
#11807 = CARTESIAN_POINT('',(4.03528742765,-19.35909241506,0.));
#11808 = VECTOR('',#11809,1.);
#11809 = DIRECTION('',(0.382664138353,-0.923887524117,0.));
#11810 = PLANE('',#11811);
#11811 = AXIS2_PLACEMENT_3D('',#11812,#11813,#11814);
#11812 = CARTESIAN_POINT('',(4.03528742765,-19.35909241506,0.));
#11813 = DIRECTION('',(0.923887524117,0.382664138353,0.));
#11814 = DIRECTION('',(0.382664138353,-0.923887524117,0.));
#11815 = ADVANCED_FACE('',(#11816),#11835,.T.);
#11816 = FACE_BOUND('',#11817,.T.);
#11817 = EDGE_LOOP('',(#11818,#11819,#11820,#11828));
#11818 = ORIENTED_EDGE('',*,*,#11795,.T.);
#11819 = ORIENTED_EDGE('',*,*,#8469,.T.);
#11820 = ORIENTED_EDGE('',*,*,#11821,.F.);
#11821 = EDGE_CURVE('',#11822,#8462,#11824,.T.);
#11822 = VERTEX_POINT('',#11823);
#11823 = CARTESIAN_POINT('',(3.936126330311,-19.08194525465,0.));
#11824 = LINE('',#11825,#11826);
#11825 = CARTESIAN_POINT('',(3.936126330311,-19.08194525465,0.));
#11826 = VECTOR('',#11827,1.);
#11827 = DIRECTION('',(0.,0.,1.));
#11828 = ORIENTED_EDGE('',*,*,#11829,.F.);
#11829 = EDGE_CURVE('',#11796,#11822,#11830,.T.);
#11830 = CIRCLE('',#11831,3.);
#11831 = AXIS2_PLACEMENT_3D('',#11832,#11833,#11834);
#11832 = CARTESIAN_POINT('',(6.80695,-18.2111,0.));
#11833 = DIRECTION('',(0.,-0.,-1.));
#11834 = DIRECTION('',(0.382664138353,-0.923887524117,0.));
#11835 = CYLINDRICAL_SURFACE('',#11836,3.);
#11836 = AXIS2_PLACEMENT_3D('',#11837,#11838,#11839);
#11837 = CARTESIAN_POINT('',(6.80695,-18.2111,0.));
#11838 = DIRECTION('',(0.,0.,-1.));
#11839 = DIRECTION('',(0.382664138353,-0.923887524117,0.));
#11840 = ADVANCED_FACE('',(#11841),#11859,.F.);
#11841 = FACE_BOUND('',#11842,.F.);
#11842 = EDGE_LOOP('',(#11843,#11851,#11852,#11853));
#11843 = ORIENTED_EDGE('',*,*,#11844,.T.);
#11844 = EDGE_CURVE('',#11845,#8454,#11847,.T.);
#11845 = VERTEX_POINT('',#11846);
#11846 = CARTESIAN_POINT('',(3.638117116628,-18.09952972232,0.));
#11847 = LINE('',#11848,#11849);
#11848 = CARTESIAN_POINT('',(3.638117116628,-18.09952972232,0.));
#11849 = VECTOR('',#11850,1.);
#11850 = DIRECTION('',(0.,0.,1.));
#11851 = ORIENTED_EDGE('',*,*,#8461,.T.);
#11852 = ORIENTED_EDGE('',*,*,#11821,.F.);
#11853 = ORIENTED_EDGE('',*,*,#11854,.F.);
#11854 = EDGE_CURVE('',#11845,#11822,#11855,.T.);
#11855 = LINE('',#11856,#11857);
#11856 = CARTESIAN_POINT('',(3.552336330311,-17.81674525465,0.));
#11857 = VECTOR('',#11858,1.);
#11858 = DIRECTION('',(0.290281751552,-0.95694122323,0.));
#11859 = PLANE('',#11860);
#11860 = AXIS2_PLACEMENT_3D('',#11861,#11862,#11863);
#11861 = CARTESIAN_POINT('',(3.638117116628,-18.09952972232,0.));
#11862 = DIRECTION('',(0.95694122323,0.290281751552,0.));
#11863 = DIRECTION('',(0.290281751552,-0.95694122323,0.));
#11864 = ADVANCED_FACE('',(#11865),#11883,.F.);
#11865 = FACE_BOUND('',#11866,.F.);
#11866 = EDGE_LOOP('',(#11867,#11875,#11876,#11877));
#11867 = ORIENTED_EDGE('',*,*,#11868,.T.);
#11868 = EDGE_CURVE('',#11869,#8446,#11871,.T.);
#11869 = VERTEX_POINT('',#11870);
#11870 = CARTESIAN_POINT('',(3.1791870019,-17.24097259786,0.));
#11871 = LINE('',#11872,#11873);
#11872 = CARTESIAN_POINT('',(3.1791870019,-17.24097259786,0.));
#11873 = VECTOR('',#11874,1.);
#11874 = DIRECTION('',(0.,0.,1.));
#11875 = ORIENTED_EDGE('',*,*,#8453,.T.);
#11876 = ORIENTED_EDGE('',*,*,#11844,.F.);
#11877 = ORIENTED_EDGE('',*,*,#11878,.F.);
#11878 = EDGE_CURVE('',#11869,#11845,#11879,.T.);
#11879 = LINE('',#11880,#11881);
#11880 = CARTESIAN_POINT('',(3.039924098794,-16.9804423912,0.));
#11881 = VECTOR('',#11882,1.);
#11882 = DIRECTION('',(0.4714141304,-0.881911967069,0.));
#11883 = PLANE('',#11884);
#11884 = AXIS2_PLACEMENT_3D('',#11885,#11886,#11887);
#11885 = CARTESIAN_POINT('',(3.1791870019,-17.24097259786,0.));
#11886 = DIRECTION('',(0.881911967069,0.4714141304,0.));
#11887 = DIRECTION('',(0.4714141304,-0.881911967069,0.));
#11888 = ADVANCED_FACE('',(#11889),#11907,.F.);
#11889 = FACE_BOUND('',#11890,.F.);
#11890 = EDGE_LOOP('',(#11891,#11899,#11900,#11901));
#11891 = ORIENTED_EDGE('',*,*,#11892,.T.);
#11892 = EDGE_CURVE('',#11893,#8438,#11895,.T.);
#11893 = VERTEX_POINT('',#11894);
#11894 = CARTESIAN_POINT('',(2.561561124714,-16.48836376969,0.));
#11895 = LINE('',#11896,#11897);
#11896 = CARTESIAN_POINT('',(2.561561124714,-16.48836376969,0.));
#11897 = VECTOR('',#11898,1.);
#11898 = DIRECTION('',(0.,0.,1.));
#11899 = ORIENTED_EDGE('',*,*,#8445,.T.);
#11900 = ORIENTED_EDGE('',*,*,#11868,.F.);
#11901 = ORIENTED_EDGE('',*,*,#11902,.F.);
#11902 = EDGE_CURVE('',#11893,#11869,#11903,.T.);
#11903 = LINE('',#11904,#11905);
#11904 = CARTESIAN_POINT('',(2.37410203304,-16.25993524601,0.));
#11905 = VECTOR('',#11906,1.);
#11906 = DIRECTION('',(0.634378415338,-0.773022655653,0.));
#11907 = PLANE('',#11908);
#11908 = AXIS2_PLACEMENT_3D('',#11909,#11910,#11911);
#11909 = CARTESIAN_POINT('',(2.561561124714,-16.48836376969,0.));
#11910 = DIRECTION('',(0.773022655653,0.634378415338,0.));
#11911 = DIRECTION('',(0.634378415338,-0.773022655653,0.));
#11912 = ADVANCED_FACE('',(#11913),#11931,.F.);
#11913 = FACE_BOUND('',#11914,.F.);
#11914 = EDGE_LOOP('',(#11915,#11923,#11924,#11925));
#11915 = ORIENTED_EDGE('',*,*,#11916,.T.);
#11916 = EDGE_CURVE('',#11917,#8430,#11919,.T.);
#11917 = VERTEX_POINT('',#11918);
#11918 = CARTESIAN_POINT('',(1.809026776825,-15.87077236574,0.));
#11919 = LINE('',#11920,#11921);
#11920 = CARTESIAN_POINT('',(1.809026776825,-15.87077236574,0.));
#11921 = VECTOR('',#11922,1.);
#11922 = DIRECTION('',(0.,0.,1.));
#11923 = ORIENTED_EDGE('',*,*,#8437,.T.);
#11924 = ORIENTED_EDGE('',*,*,#11892,.F.);
#11925 = ORIENTED_EDGE('',*,*,#11926,.F.);
#11926 = EDGE_CURVE('',#11917,#11893,#11927,.T.);
#11927 = LINE('',#11928,#11929);
#11928 = CARTESIAN_POINT('',(1.580625681604,-15.683327695,0.));
#11929 = VECTOR('',#11930,1.);
#11930 = DIRECTION('',(0.773009231669,-0.634394772799,0.));
#11931 = PLANE('',#11932);
#11932 = AXIS2_PLACEMENT_3D('',#11933,#11934,#11935);
#11933 = CARTESIAN_POINT('',(1.809026776825,-15.87077236574,0.));
#11934 = DIRECTION('',(0.634394772799,0.773009231669,0.));
#11935 = DIRECTION('',(0.773009231669,-0.634394772799,0.));
#11936 = ADVANCED_FACE('',(#11937),#11955,.F.);
#11937 = FACE_BOUND('',#11938,.F.);
#11938 = EDGE_LOOP('',(#11939,#11947,#11948,#11949));
#11939 = ORIENTED_EDGE('',*,*,#11940,.T.);
#11940 = EDGE_CURVE('',#11941,#8422,#11943,.T.);
#11941 = VERTEX_POINT('',#11942);
#11942 = CARTESIAN_POINT('',(0.950484193956,-15.41186665466,0.));
#11943 = LINE('',#11944,#11945);
#11944 = CARTESIAN_POINT('',(0.950484193956,-15.41186665466,0.));
#11945 = VECTOR('',#11946,1.);
#11946 = DIRECTION('',(0.,0.,1.));
#11947 = ORIENTED_EDGE('',*,*,#8429,.T.);
#11948 = ORIENTED_EDGE('',*,*,#11916,.F.);
#11949 = ORIENTED_EDGE('',*,*,#11950,.F.);
#11950 = EDGE_CURVE('',#11941,#11917,#11951,.T.);
#11951 = LINE('',#11952,#11953);
#11952 = CARTESIAN_POINT('',(0.689857469889,-15.27255720802,0.));
#11953 = VECTOR('',#11954,1.);
#11954 = DIRECTION('',(0.881919069342,-0.47140084337,0.));
#11955 = PLANE('',#11956);
#11956 = AXIS2_PLACEMENT_3D('',#11957,#11958,#11959);
#11957 = CARTESIAN_POINT('',(0.950484193956,-15.41186665466,0.));
#11958 = DIRECTION('',(0.47140084337,0.881919069342,0.));
#11959 = DIRECTION('',(0.881919069342,-0.47140084337,0.));
#11960 = ADVANCED_FACE('',(#11961),#11979,.F.);
#11961 = FACE_BOUND('',#11962,.F.);
#11962 = EDGE_LOOP('',(#11963,#11971,#11972,#11973));
#11963 = ORIENTED_EDGE('',*,*,#11964,.T.);
#11964 = EDGE_CURVE('',#11965,#8414,#11967,.T.);
#11965 = VERTEX_POINT('',#11966);
#11966 = CARTESIAN_POINT('',(1.888532736196E-02,-15.12929677161,0.));
#11967 = LINE('',#11968,#11969);
#11968 = CARTESIAN_POINT('',(1.888532736196E-02,-15.12929677161,0.));
#11969 = VECTOR('',#11970,1.);
#11970 = DIRECTION('',(0.,0.,1.));
#11971 = ORIENTED_EDGE('',*,*,#8421,.T.);
#11972 = ORIENTED_EDGE('',*,*,#11940,.F.);
#11973 = ORIENTED_EDGE('',*,*,#11974,.F.);
#11974 = EDGE_CURVE('',#11965,#11941,#11975,.T.);
#11975 = LINE('',#11976,#11977);
#11976 = CARTESIAN_POINT('',(-0.26382930462,-15.04354458431,0.));
#11977 = VECTOR('',#11978,1.);
#11978 = DIRECTION('',(0.956948194773,-0.290258768207,0.));
#11979 = PLANE('',#11980);
#11980 = AXIS2_PLACEMENT_3D('',#11981,#11982,#11983);
#11981 = CARTESIAN_POINT('',(1.888532736196E-02,-15.12929677161,0.));
#11982 = DIRECTION('',(0.290258768207,0.956948194773,0.));
#11983 = DIRECTION('',(0.956948194773,-0.290258768207,0.));
#11984 = ADVANCED_FACE('',(#11985),#12003,.F.);
#11985 = FACE_BOUND('',#11986,.F.);
#11986 = EDGE_LOOP('',(#11987,#11995,#11996,#11997));
#11987 = ORIENTED_EDGE('',*,*,#11988,.T.);
#11988 = EDGE_CURVE('',#11989,#8406,#11991,.T.);
#11989 = VERTEX_POINT('',#11990);
#11990 = CARTESIAN_POINT('',(-1.293890175068,-15.,0.));
#11991 = LINE('',#11992,#11993);
#11992 = CARTESIAN_POINT('',(-1.293890175068,-15.,0.));
#11993 = VECTOR('',#11994,1.);
#11994 = DIRECTION('',(0.,0.,1.));
#11995 = ORIENTED_EDGE('',*,*,#8413,.T.);
#11996 = ORIENTED_EDGE('',*,*,#11964,.F.);
#11997 = ORIENTED_EDGE('',*,*,#11998,.F.);
#11998 = EDGE_CURVE('',#11989,#11965,#11999,.T.);
#11999 = LINE('',#12000,#12001);
#12000 = CARTESIAN_POINT('',(-1.440560677906,-14.9855542532,0.));
#12001 = VECTOR('',#12002,1.);
#12002 = DIRECTION('',(0.995184751068,-9.80168926352E-02,0.));
#12003 = PLANE('',#12004);
#12004 = AXIS2_PLACEMENT_3D('',#12005,#12006,#12007);
#12005 = CARTESIAN_POINT('',(-1.293890175068,-15.,0.));
#12006 = DIRECTION('',(9.80168926352E-02,0.995184751068,0.));
#12007 = DIRECTION('',(0.995184751068,-9.80168926352E-02,0.));
#12008 = ADVANCED_FACE('',(#12009),#12027,.F.);
#12009 = FACE_BOUND('',#12010,.F.);
#12010 = EDGE_LOOP('',(#12011,#12019,#12020,#12021));
#12011 = ORIENTED_EDGE('',*,*,#12012,.T.);
#12012 = EDGE_CURVE('',#12013,#8397,#12015,.T.);
#12013 = VERTEX_POINT('',#12014);
#12014 = CARTESIAN_POINT('',(-8.,-15.,0.));
#12015 = LINE('',#12016,#12017);
#12016 = CARTESIAN_POINT('',(-8.,-15.,0.));
#12017 = VECTOR('',#12018,1.);
#12018 = DIRECTION('',(0.,0.,1.));
#12019 = ORIENTED_EDGE('',*,*,#8405,.T.);
#12020 = ORIENTED_EDGE('',*,*,#11988,.F.);
#12021 = ORIENTED_EDGE('',*,*,#12022,.F.);
#12022 = EDGE_CURVE('',#12013,#11989,#12023,.T.);
#12023 = LINE('',#12024,#12025);
#12024 = CARTESIAN_POINT('',(-8.,-15.,0.));
#12025 = VECTOR('',#12026,1.);
#12026 = DIRECTION('',(1.,0.,0.));
#12027 = PLANE('',#12028);
#12028 = AXIS2_PLACEMENT_3D('',#12029,#12030,#12031);
#12029 = CARTESIAN_POINT('',(-8.,-15.,0.));
#12030 = DIRECTION('',(0.,1.,0.));
#12031 = DIRECTION('',(1.,0.,0.));
#12032 = ADVANCED_FACE('',(#12033),#12052,.T.);
#12033 = FACE_BOUND('',#12034,.T.);
#12034 = EDGE_LOOP('',(#12035,#12036,#12037,#12045));
#12035 = ORIENTED_EDGE('',*,*,#12012,.T.);
#12036 = ORIENTED_EDGE('',*,*,#8396,.T.);
#12037 = ORIENTED_EDGE('',*,*,#12038,.F.);
#12038 = EDGE_CURVE('',#12039,#8389,#12041,.T.);
#12039 = VERTEX_POINT('',#12040);
#12040 = CARTESIAN_POINT('',(-8.294207714847,-14.98553878228,0.));
#12041 = LINE('',#12042,#12043);
#12042 = CARTESIAN_POINT('',(-8.294207714847,-14.98553878228,0.));
#12043 = VECTOR('',#12044,1.);
#12044 = DIRECTION('',(0.,0.,1.));
#12045 = ORIENTED_EDGE('',*,*,#12046,.F.);
#12046 = EDGE_CURVE('',#12013,#12039,#12047,.T.);
#12047 = CIRCLE('',#12048,3.);
#12048 = AXIS2_PLACEMENT_3D('',#12049,#12050,#12051);
#12049 = CARTESIAN_POINT('',(-8.,-12.,0.));
#12050 = DIRECTION('',(0.,0.,-1.));
#12051 = DIRECTION('',(1.,0.,0.));
#12052 = CYLINDRICAL_SURFACE('',#12053,3.);
#12053 = AXIS2_PLACEMENT_3D('',#12054,#12055,#12056);
#12054 = CARTESIAN_POINT('',(-8.,-12.,0.));
#12055 = DIRECTION('',(0.,0.,-1.));
#12056 = DIRECTION('',(1.,0.,0.));
#12057 = ADVANCED_FACE('',(#12058),#12076,.F.);
#12058 = FACE_BOUND('',#12059,.F.);
#12059 = EDGE_LOOP('',(#12060,#12068,#12069,#12070));
#12060 = ORIENTED_EDGE('',*,*,#12061,.T.);
#12061 = EDGE_CURVE('',#12062,#8380,#12064,.T.);
#12062 = VERTEX_POINT('',#12063);
#12063 = CARTESIAN_POINT('',(-9.074567714847,-14.90863878228,0.));
#12064 = LINE('',#12065,#12066);
#12065 = CARTESIAN_POINT('',(-9.074567714847,-14.90863878228,0.));
#12066 = VECTOR('',#12067,1.);
#12067 = DIRECTION('',(0.,0.,1.));
#12068 = ORIENTED_EDGE('',*,*,#8388,.T.);
#12069 = ORIENTED_EDGE('',*,*,#12038,.F.);
#12070 = ORIENTED_EDGE('',*,*,#12071,.F.);
#12071 = EDGE_CURVE('',#12062,#12039,#12072,.T.);
#12072 = LINE('',#12073,#12074);
#12073 = CARTESIAN_POINT('',(-9.074567714847,-14.90863878228,0.));
#12074 = VECTOR('',#12075,1.);
#12075 = DIRECTION('',(0.995179594095,-9.806923828219E-02,0.));
#12076 = PLANE('',#12077);
#12077 = AXIS2_PLACEMENT_3D('',#12078,#12079,#12080);
#12078 = CARTESIAN_POINT('',(-9.074567714847,-14.90863878228,0.));
#12079 = DIRECTION('',(9.806923828219E-02,0.995179594095,0.));
#12080 = DIRECTION('',(0.995179594095,-9.806923828219E-02,0.));
#12081 = ADVANCED_FACE('',(#12082),#12101,.T.);
#12082 = FACE_BOUND('',#12083,.T.);
#12083 = EDGE_LOOP('',(#12084,#12085,#12086,#12094));
#12084 = ORIENTED_EDGE('',*,*,#12061,.T.);
#12085 = ORIENTED_EDGE('',*,*,#8379,.T.);
#12086 = ORIENTED_EDGE('',*,*,#12087,.F.);
#12087 = EDGE_CURVE('',#12088,#8372,#12090,.T.);
#12088 = VERTEX_POINT('',#12089);
#12089 = CARTESIAN_POINT('',(-9.651136074811,-14.79394465402,0.));
#12090 = LINE('',#12091,#12092);
#12091 = CARTESIAN_POINT('',(-9.651136074811,-14.79394465402,0.));
#12092 = VECTOR('',#12093,1.);
#12093 = DIRECTION('',(0.,0.,1.));
#12094 = ORIENTED_EDGE('',*,*,#12095,.F.);
#12095 = EDGE_CURVE('',#12062,#12088,#12096,.T.);
#12096 = CIRCLE('',#12097,3.);
#12097 = AXIS2_PLACEMENT_3D('',#12098,#12099,#12100);
#12098 = CARTESIAN_POINT('',(-8.78036,-11.9231,0.));
#12099 = DIRECTION('',(0.,-0.,-1.));
#12100 = DIRECTION('',(0.995179594095,-9.806923828219E-02,0.));
#12101 = CYLINDRICAL_SURFACE('',#12102,3.);
#12102 = AXIS2_PLACEMENT_3D('',#12103,#12104,#12105);
#12103 = CARTESIAN_POINT('',(-8.78036,-11.9231,0.));
#12104 = DIRECTION('',(0.,0.,-1.));
#12105 = DIRECTION('',(0.995179594095,-9.806923828219E-02,0.));
#12106 = ADVANCED_FACE('',(#12107),#12125,.F.);
#12107 = FACE_BOUND('',#12108,.F.);
#12108 = EDGE_LOOP('',(#12109,#12117,#12118,#12119));
#12109 = ORIENTED_EDGE('',*,*,#12110,.T.);
#12110 = EDGE_CURVE('',#12111,#8363,#12113,.T.);
#12111 = VERTEX_POINT('',#12112);
#12112 = CARTESIAN_POINT('',(-10.40150607481,-14.56634465402,0.));
#12113 = LINE('',#12114,#12115);
#12114 = CARTESIAN_POINT('',(-10.40150607481,-14.56634465402,0.));
#12115 = VECTOR('',#12116,1.);
#12116 = DIRECTION('',(0.,0.,1.));
#12117 = ORIENTED_EDGE('',*,*,#8371,.T.);
#12118 = ORIENTED_EDGE('',*,*,#12087,.F.);
#12119 = ORIENTED_EDGE('',*,*,#12120,.F.);
#12120 = EDGE_CURVE('',#12111,#12088,#12121,.T.);
#12121 = LINE('',#12122,#12123);
#12122 = CARTESIAN_POINT('',(-10.40150607481,-14.56634465402,0.));
#12123 = VECTOR('',#12124,1.);
#12124 = DIRECTION('',(0.956948218008,-0.290258691604,0.));
#12125 = PLANE('',#12126);
#12126 = AXIS2_PLACEMENT_3D('',#12127,#12128,#12129);
#12127 = CARTESIAN_POINT('',(-10.40150607481,-14.56634465402,0.));
#12128 = DIRECTION('',(0.290258691604,0.956948218008,0.));
#12129 = DIRECTION('',(0.956948218008,-0.290258691604,0.));
#12130 = ADVANCED_FACE('',(#12131),#12150,.T.);
#12131 = FACE_BOUND('',#12132,.T.);
#12132 = EDGE_LOOP('',(#12133,#12134,#12135,#12143));
#12133 = ORIENTED_EDGE('',*,*,#12110,.T.);
#12134 = ORIENTED_EDGE('',*,*,#8362,.T.);
#12135 = ORIENTED_EDGE('',*,*,#12136,.F.);
#12136 = EDGE_CURVE('',#12137,#8355,#12139,.T.);
#12137 = VERTEX_POINT('',#12138);
#12138 = CARTESIAN_POINT('',(-10.94476586992,-14.341346284,0.));
#12139 = LINE('',#12140,#12141);
#12140 = CARTESIAN_POINT('',(-10.94476586992,-14.341346284,0.));
#12141 = VECTOR('',#12142,1.);
#12142 = DIRECTION('',(0.,0.,1.));
#12143 = ORIENTED_EDGE('',*,*,#12144,.F.);
#12144 = EDGE_CURVE('',#12111,#12137,#12145,.T.);
#12145 = CIRCLE('',#12146,3.);
#12146 = AXIS2_PLACEMENT_3D('',#12147,#12148,#12149);
#12147 = CARTESIAN_POINT('',(-9.53073,-11.6955,0.));
#12148 = DIRECTION('',(0.,-0.,-1.));
#12149 = DIRECTION('',(0.956948218008,-0.290258691604,0.));
#12150 = CYLINDRICAL_SURFACE('',#12151,3.);
#12151 = AXIS2_PLACEMENT_3D('',#12152,#12153,#12154);
#12152 = CARTESIAN_POINT('',(-9.53073,-11.6955,0.));
#12153 = DIRECTION('',(0.,0.,-1.));
#12154 = DIRECTION('',(0.956948218008,-0.290258691604,0.));
#12155 = ADVANCED_FACE('',(#12156),#12174,.F.);
#12156 = FACE_BOUND('',#12157,.F.);
#12157 = EDGE_LOOP('',(#12158,#12166,#12167,#12168));
#12158 = ORIENTED_EDGE('',*,*,#12159,.T.);
#12159 = EDGE_CURVE('',#12160,#8346,#12162,.T.);
#12160 = VERTEX_POINT('',#12161);
#12161 = CARTESIAN_POINT('',(-11.63633586992,-13.971746284,0.));
#12162 = LINE('',#12163,#12164);
#12163 = CARTESIAN_POINT('',(-11.63633586992,-13.971746284,0.));
#12164 = VECTOR('',#12165,1.);
#12165 = DIRECTION('',(0.,0.,1.));
#12166 = ORIENTED_EDGE('',*,*,#8354,.T.);
#12167 = ORIENTED_EDGE('',*,*,#12136,.F.);
#12168 = ORIENTED_EDGE('',*,*,#12169,.F.);
#12169 = EDGE_CURVE('',#12160,#12137,#12170,.T.);
#12170 = LINE('',#12171,#12172);
#12171 = CARTESIAN_POINT('',(-11.63633586992,-13.971746284,0.));
#12172 = VECTOR('',#12173,1.);
#12173 = DIRECTION('',(0.881948761333,-0.471345289976,0.));
#12174 = PLANE('',#12175);
#12175 = AXIS2_PLACEMENT_3D('',#12176,#12177,#12178);
#12176 = CARTESIAN_POINT('',(-11.63633586992,-13.971746284,0.));
#12177 = DIRECTION('',(0.471345289976,0.881948761333,0.));
#12178 = DIRECTION('',(0.881948761333,-0.471345289976,0.));
#12179 = ADVANCED_FACE('',(#12180),#12199,.T.);
#12180 = FACE_BOUND('',#12181,.T.);
#12181 = EDGE_LOOP('',(#12182,#12183,#12184,#12192));
#12182 = ORIENTED_EDGE('',*,*,#12159,.T.);
#12183 = ORIENTED_EDGE('',*,*,#8345,.T.);
#12184 = ORIENTED_EDGE('',*,*,#12185,.F.);
#12185 = EDGE_CURVE('',#12186,#8338,#12188,.T.);
#12186 = VERTEX_POINT('',#12187);
#12187 = CARTESIAN_POINT('',(-12.12567779063,-13.64476890231,0.));
#12188 = LINE('',#12189,#12190);
#12189 = CARTESIAN_POINT('',(-12.12567779063,-13.64476890231,0.));
#12190 = VECTOR('',#12191,1.);
#12191 = DIRECTION('',(0.,0.,1.));
#12192 = ORIENTED_EDGE('',*,*,#12193,.F.);
#12193 = EDGE_CURVE('',#12160,#12186,#12194,.T.);
#12194 = CIRCLE('',#12195,3.);
#12195 = AXIS2_PLACEMENT_3D('',#12196,#12197,#12198);
#12196 = CARTESIAN_POINT('',(-10.2223,-11.3259,0.));
#12197 = DIRECTION('',(0.,-0.,-1.));
#12198 = DIRECTION('',(0.881948761333,-0.471345289976,0.));
#12199 = CYLINDRICAL_SURFACE('',#12200,3.);
#12200 = AXIS2_PLACEMENT_3D('',#12201,#12202,#12203);
#12201 = CARTESIAN_POINT('',(-10.2223,-11.3259,0.));
#12202 = DIRECTION('',(0.,0.,-1.));
#12203 = DIRECTION('',(0.881948761333,-0.471345289976,0.));
#12204 = ADVANCED_FACE('',(#12205),#12223,.F.);
#12205 = FACE_BOUND('',#12206,.F.);
#12206 = EDGE_LOOP('',(#12207,#12215,#12216,#12217));
#12207 = ORIENTED_EDGE('',*,*,#12208,.T.);
#12208 = EDGE_CURVE('',#12209,#8329,#12211,.T.);
#12209 = VERTEX_POINT('',#12210);
#12210 = CARTESIAN_POINT('',(-12.73177779063,-13.14726890231,0.));
#12211 = LINE('',#12212,#12213);
#12212 = CARTESIAN_POINT('',(-12.73177779063,-13.14726890231,0.));
#12213 = VECTOR('',#12214,1.);
#12214 = DIRECTION('',(0.,0.,1.));
#12215 = ORIENTED_EDGE('',*,*,#8337,.T.);
#12216 = ORIENTED_EDGE('',*,*,#12185,.F.);
#12217 = ORIENTED_EDGE('',*,*,#12218,.F.);
#12218 = EDGE_CURVE('',#12209,#12186,#12219,.T.);
#12219 = LINE('',#12220,#12221);
#12220 = CARTESIAN_POINT('',(-12.73177779063,-13.14726890231,0.));
#12221 = VECTOR('',#12222,1.);
#12222 = DIRECTION('',(0.772956300772,-0.634459263544,0.));
#12223 = PLANE('',#12224);
#12224 = AXIS2_PLACEMENT_3D('',#12225,#12226,#12227);
#12225 = CARTESIAN_POINT('',(-12.73177779063,-13.14726890231,0.));
#12226 = DIRECTION('',(0.634459263544,0.772956300772,0.));
#12227 = DIRECTION('',(0.772956300772,-0.634459263544,0.));
#12228 = ADVANCED_FACE('',(#12229),#12248,.T.);
#12229 = FACE_BOUND('',#12230,.T.);
#12230 = EDGE_LOOP('',(#12231,#12232,#12233,#12241));
#12231 = ORIENTED_EDGE('',*,*,#12208,.T.);
#12232 = ORIENTED_EDGE('',*,*,#8328,.T.);
#12233 = ORIENTED_EDGE('',*,*,#12234,.F.);
#12234 = EDGE_CURVE('',#12235,#8321,#12237,.T.);
#12235 = VERTEX_POINT('',#12236);
#12236 = CARTESIAN_POINT('',(-13.14726890231,-12.73177779063,0.));
#12237 = LINE('',#12238,#12239);
#12238 = CARTESIAN_POINT('',(-13.14726890231,-12.73177779063,0.));
#12239 = VECTOR('',#12240,1.);
#12240 = DIRECTION('',(0.,0.,1.));
#12241 = ORIENTED_EDGE('',*,*,#12242,.F.);
#12242 = EDGE_CURVE('',#12209,#12235,#12243,.T.);
#12243 = CIRCLE('',#12244,3.);
#12244 = AXIS2_PLACEMENT_3D('',#12245,#12246,#12247);
#12245 = CARTESIAN_POINT('',(-10.8284,-10.8284,0.));
#12246 = DIRECTION('',(0.,-0.,-1.));
#12247 = DIRECTION('',(0.772956300772,-0.634459263544,0.));
#12248 = CYLINDRICAL_SURFACE('',#12249,3.);
#12249 = AXIS2_PLACEMENT_3D('',#12250,#12251,#12252);
#12250 = CARTESIAN_POINT('',(-10.8284,-10.8284,0.));
#12251 = DIRECTION('',(0.,0.,-1.));
#12252 = DIRECTION('',(0.772956300772,-0.634459263544,0.));
#12253 = ADVANCED_FACE('',(#12254),#12272,.F.);
#12254 = FACE_BOUND('',#12255,.F.);
#12255 = EDGE_LOOP('',(#12256,#12264,#12265,#12266));
#12256 = ORIENTED_EDGE('',*,*,#12257,.T.);
#12257 = EDGE_CURVE('',#12258,#8312,#12260,.T.);
#12258 = VERTEX_POINT('',#12259);
#12259 = CARTESIAN_POINT('',(-13.64476890231,-12.12567779063,0.));
#12260 = LINE('',#12261,#12262);
#12261 = CARTESIAN_POINT('',(-13.64476890231,-12.12567779063,0.));
#12262 = VECTOR('',#12263,1.);
#12263 = DIRECTION('',(0.,0.,1.));
#12264 = ORIENTED_EDGE('',*,*,#8320,.T.);
#12265 = ORIENTED_EDGE('',*,*,#12234,.F.);
#12266 = ORIENTED_EDGE('',*,*,#12267,.F.);
#12267 = EDGE_CURVE('',#12258,#12235,#12268,.T.);
#12268 = LINE('',#12269,#12270);
#12269 = CARTESIAN_POINT('',(-13.64476890231,-12.12567779063,0.));
#12270 = VECTOR('',#12271,1.);
#12271 = DIRECTION('',(0.634459263544,-0.772956300772,0.));
#12272 = PLANE('',#12273);
#12273 = AXIS2_PLACEMENT_3D('',#12274,#12275,#12276);
#12274 = CARTESIAN_POINT('',(-13.64476890231,-12.12567779063,0.));
#12275 = DIRECTION('',(0.772956300772,0.634459263544,0.));
#12276 = DIRECTION('',(0.634459263544,-0.772956300772,0.));
#12277 = ADVANCED_FACE('',(#12278),#12297,.T.);
#12278 = FACE_BOUND('',#12279,.T.);
#12279 = EDGE_LOOP('',(#12280,#12281,#12282,#12290));
#12280 = ORIENTED_EDGE('',*,*,#12257,.T.);
#12281 = ORIENTED_EDGE('',*,*,#8311,.T.);
#12282 = ORIENTED_EDGE('',*,*,#12283,.F.);
#12283 = EDGE_CURVE('',#12284,#8304,#12286,.T.);
#12284 = VERTEX_POINT('',#12285);
#12285 = CARTESIAN_POINT('',(-13.971746284,-11.63633586992,0.));
#12286 = LINE('',#12287,#12288);
#12287 = CARTESIAN_POINT('',(-13.971746284,-11.63633586992,0.));
#12288 = VECTOR('',#12289,1.);
#12289 = DIRECTION('',(0.,0.,1.));
#12290 = ORIENTED_EDGE('',*,*,#12291,.F.);
#12291 = EDGE_CURVE('',#12258,#12284,#12292,.T.);
#12292 = CIRCLE('',#12293,3.);
#12293 = AXIS2_PLACEMENT_3D('',#12294,#12295,#12296);
#12294 = CARTESIAN_POINT('',(-11.3259,-10.2223,0.));
#12295 = DIRECTION('',(0.,-0.,-1.));
#12296 = DIRECTION('',(0.634459263544,-0.772956300772,0.));
#12297 = CYLINDRICAL_SURFACE('',#12298,3.);
#12298 = AXIS2_PLACEMENT_3D('',#12299,#12300,#12301);
#12299 = CARTESIAN_POINT('',(-11.3259,-10.2223,0.));
#12300 = DIRECTION('',(0.,0.,-1.));
#12301 = DIRECTION('',(0.634459263544,-0.772956300772,0.));
#12302 = ADVANCED_FACE('',(#12303),#12321,.F.);
#12303 = FACE_BOUND('',#12304,.F.);
#12304 = EDGE_LOOP('',(#12305,#12313,#12314,#12315));
#12305 = ORIENTED_EDGE('',*,*,#12306,.T.);
#12306 = EDGE_CURVE('',#12307,#8295,#12309,.T.);
#12307 = VERTEX_POINT('',#12308);
#12308 = CARTESIAN_POINT('',(-14.341346284,-10.94476586992,0.));
#12309 = LINE('',#12310,#12311);
#12310 = CARTESIAN_POINT('',(-14.341346284,-10.94476586992,0.));
#12311 = VECTOR('',#12312,1.);
#12312 = DIRECTION('',(0.,0.,1.));
#12313 = ORIENTED_EDGE('',*,*,#8303,.T.);
#12314 = ORIENTED_EDGE('',*,*,#12283,.F.);
#12315 = ORIENTED_EDGE('',*,*,#12316,.F.);
#12316 = EDGE_CURVE('',#12307,#12284,#12317,.T.);
#12317 = LINE('',#12318,#12319);
#12318 = CARTESIAN_POINT('',(-14.341346284,-10.94476586992,0.));
#12319 = VECTOR('',#12320,1.);
#12320 = DIRECTION('',(0.471345289976,-0.881948761333,0.));
#12321 = PLANE('',#12322);
#12322 = AXIS2_PLACEMENT_3D('',#12323,#12324,#12325);
#12323 = CARTESIAN_POINT('',(-14.341346284,-10.94476586992,0.));
#12324 = DIRECTION('',(0.881948761333,0.471345289976,0.));
#12325 = DIRECTION('',(0.471345289976,-0.881948761333,0.));
#12326 = ADVANCED_FACE('',(#12327),#12346,.T.);
#12327 = FACE_BOUND('',#12328,.T.);
#12328 = EDGE_LOOP('',(#12329,#12330,#12331,#12339));
#12329 = ORIENTED_EDGE('',*,*,#12306,.T.);
#12330 = ORIENTED_EDGE('',*,*,#8294,.T.);
#12331 = ORIENTED_EDGE('',*,*,#12332,.F.);
#12332 = EDGE_CURVE('',#12333,#8287,#12335,.T.);
#12333 = VERTEX_POINT('',#12334);
#12334 = CARTESIAN_POINT('',(-14.56634465402,-10.40150607481,0.));
#12335 = LINE('',#12336,#12337);
#12336 = CARTESIAN_POINT('',(-14.56634465402,-10.40150607481,0.));
#12337 = VECTOR('',#12338,1.);
#12338 = DIRECTION('',(0.,0.,1.));
#12339 = ORIENTED_EDGE('',*,*,#12340,.F.);
#12340 = EDGE_CURVE('',#12307,#12333,#12341,.T.);
#12341 = CIRCLE('',#12342,3.);
#12342 = AXIS2_PLACEMENT_3D('',#12343,#12344,#12345);
#12343 = CARTESIAN_POINT('',(-11.6955,-9.53073,0.));
#12344 = DIRECTION('',(0.,-0.,-1.));
#12345 = DIRECTION('',(0.471345289976,-0.881948761333,0.));
#12346 = CYLINDRICAL_SURFACE('',#12347,3.);
#12347 = AXIS2_PLACEMENT_3D('',#12348,#12349,#12350);
#12348 = CARTESIAN_POINT('',(-11.6955,-9.53073,0.));
#12349 = DIRECTION('',(0.,0.,-1.));
#12350 = DIRECTION('',(0.471345289976,-0.881948761333,0.));
#12351 = ADVANCED_FACE('',(#12352),#12370,.F.);
#12352 = FACE_BOUND('',#12353,.F.);
#12353 = EDGE_LOOP('',(#12354,#12362,#12363,#12364));
#12354 = ORIENTED_EDGE('',*,*,#12355,.T.);
#12355 = EDGE_CURVE('',#12356,#8278,#12358,.T.);
#12356 = VERTEX_POINT('',#12357);
#12357 = CARTESIAN_POINT('',(-14.79394465402,-9.651136074811,0.));
#12358 = LINE('',#12359,#12360);
#12359 = CARTESIAN_POINT('',(-14.79394465402,-9.651136074811,0.));
#12360 = VECTOR('',#12361,1.);
#12361 = DIRECTION('',(0.,0.,1.));
#12362 = ORIENTED_EDGE('',*,*,#8286,.T.);
#12363 = ORIENTED_EDGE('',*,*,#12332,.F.);
#12364 = ORIENTED_EDGE('',*,*,#12365,.F.);
#12365 = EDGE_CURVE('',#12356,#12333,#12366,.T.);
#12366 = LINE('',#12367,#12368);
#12367 = CARTESIAN_POINT('',(-14.79394465402,-9.651136074811,0.));
#12368 = VECTOR('',#12369,1.);
#12369 = DIRECTION('',(0.290258691604,-0.956948218008,0.));
#12370 = PLANE('',#12371);
#12371 = AXIS2_PLACEMENT_3D('',#12372,#12373,#12374);
#12372 = CARTESIAN_POINT('',(-14.79394465402,-9.651136074811,0.));
#12373 = DIRECTION('',(0.956948218008,0.290258691604,0.));
#12374 = DIRECTION('',(0.290258691604,-0.956948218008,0.));
#12375 = ADVANCED_FACE('',(#12376),#12395,.T.);
#12376 = FACE_BOUND('',#12377,.T.);
#12377 = EDGE_LOOP('',(#12378,#12379,#12380,#12388));
#12378 = ORIENTED_EDGE('',*,*,#12355,.T.);
#12379 = ORIENTED_EDGE('',*,*,#8277,.T.);
#12380 = ORIENTED_EDGE('',*,*,#12381,.F.);
#12381 = EDGE_CURVE('',#12382,#8270,#12384,.T.);
#12382 = VERTEX_POINT('',#12383);
#12383 = CARTESIAN_POINT('',(-14.90863878228,-9.074567714847,0.));
#12384 = LINE('',#12385,#12386);
#12385 = CARTESIAN_POINT('',(-14.90863878228,-9.074567714847,0.));
#12386 = VECTOR('',#12387,1.);
#12387 = DIRECTION('',(0.,0.,1.));
#12388 = ORIENTED_EDGE('',*,*,#12389,.F.);
#12389 = EDGE_CURVE('',#12356,#12382,#12390,.T.);
#12390 = CIRCLE('',#12391,3.);
#12391 = AXIS2_PLACEMENT_3D('',#12392,#12393,#12394);
#12392 = CARTESIAN_POINT('',(-11.9231,-8.78036,0.));
#12393 = DIRECTION('',(0.,-0.,-1.));
#12394 = DIRECTION('',(0.290258691604,-0.956948218008,0.));
#12395 = CYLINDRICAL_SURFACE('',#12396,3.);
#12396 = AXIS2_PLACEMENT_3D('',#12397,#12398,#12399);
#12397 = CARTESIAN_POINT('',(-11.9231,-8.78036,0.));
#12398 = DIRECTION('',(0.,0.,-1.));
#12399 = DIRECTION('',(0.290258691604,-0.956948218008,0.));
#12400 = ADVANCED_FACE('',(#12401),#12419,.F.);
#12401 = FACE_BOUND('',#12402,.F.);
#12402 = EDGE_LOOP('',(#12403,#12411,#12412,#12413));
#12403 = ORIENTED_EDGE('',*,*,#12404,.T.);
#12404 = EDGE_CURVE('',#12405,#8261,#12407,.T.);
#12405 = VERTEX_POINT('',#12406);
#12406 = CARTESIAN_POINT('',(-14.98553878228,-8.294207714847,0.));
#12407 = LINE('',#12408,#12409);
#12408 = CARTESIAN_POINT('',(-14.98553878228,-8.294207714847,0.));
#12409 = VECTOR('',#12410,1.);
#12410 = DIRECTION('',(0.,0.,1.));
#12411 = ORIENTED_EDGE('',*,*,#8269,.T.);
#12412 = ORIENTED_EDGE('',*,*,#12381,.F.);
#12413 = ORIENTED_EDGE('',*,*,#12414,.F.);
#12414 = EDGE_CURVE('',#12405,#12382,#12415,.T.);
#12415 = LINE('',#12416,#12417);
#12416 = CARTESIAN_POINT('',(-14.98553878228,-8.294207714847,0.));
#12417 = VECTOR('',#12418,1.);
#12418 = DIRECTION('',(9.806923828219E-02,-0.995179594095,0.));
#12419 = PLANE('',#12420);
#12420 = AXIS2_PLACEMENT_3D('',#12421,#12422,#12423);
#12421 = CARTESIAN_POINT('',(-14.98553878228,-8.294207714847,0.));
#12422 = DIRECTION('',(0.995179594095,9.806923828219E-02,0.));
#12423 = DIRECTION('',(9.806923828219E-02,-0.995179594095,0.));
#12424 = ADVANCED_FACE('',(#12425),#12444,.T.);
#12425 = FACE_BOUND('',#12426,.T.);
#12426 = EDGE_LOOP('',(#12427,#12428,#12429,#12437));
#12427 = ORIENTED_EDGE('',*,*,#12404,.T.);
#12428 = ORIENTED_EDGE('',*,*,#8260,.T.);
#12429 = ORIENTED_EDGE('',*,*,#12430,.F.);
#12430 = EDGE_CURVE('',#12431,#8253,#12433,.T.);
#12431 = VERTEX_POINT('',#12432);
#12432 = CARTESIAN_POINT('',(-15.,-8.,0.));
#12433 = LINE('',#12434,#12435);
#12434 = CARTESIAN_POINT('',(-15.,-8.,0.));
#12435 = VECTOR('',#12436,1.);
#12436 = DIRECTION('',(0.,0.,1.));
#12437 = ORIENTED_EDGE('',*,*,#12438,.F.);
#12438 = EDGE_CURVE('',#12405,#12431,#12439,.T.);
#12439 = CIRCLE('',#12440,3.);
#12440 = AXIS2_PLACEMENT_3D('',#12441,#12442,#12443);
#12441 = CARTESIAN_POINT('',(-12.,-8.,0.));
#12442 = DIRECTION('',(0.,-0.,-1.));
#12443 = DIRECTION('',(9.806923828219E-02,-0.995179594095,0.));
#12444 = CYLINDRICAL_SURFACE('',#12445,3.);
#12445 = AXIS2_PLACEMENT_3D('',#12446,#12447,#12448);
#12446 = CARTESIAN_POINT('',(-12.,-8.,0.));
#12447 = DIRECTION('',(0.,0.,-1.));
#12448 = DIRECTION('',(9.806923828219E-02,-0.995179594095,0.));
#12449 = ADVANCED_FACE('',(#12450),#12468,.F.);
#12450 = FACE_BOUND('',#12451,.F.);
#12451 = EDGE_LOOP('',(#12452,#12460,#12461,#12462));
#12452 = ORIENTED_EDGE('',*,*,#12453,.T.);
#12453 = EDGE_CURVE('',#12454,#8244,#12456,.T.);
#12454 = VERTEX_POINT('',#12455);
#12455 = CARTESIAN_POINT('',(-15.,46.1,0.));
#12456 = LINE('',#12457,#12458);
#12457 = CARTESIAN_POINT('',(-15.,46.1,0.));
#12458 = VECTOR('',#12459,1.);
#12459 = DIRECTION('',(0.,0.,1.));
#12460 = ORIENTED_EDGE('',*,*,#8252,.T.);
#12461 = ORIENTED_EDGE('',*,*,#12430,.F.);
#12462 = ORIENTED_EDGE('',*,*,#12463,.F.);
#12463 = EDGE_CURVE('',#12454,#12431,#12464,.T.);
#12464 = LINE('',#12465,#12466);
#12465 = CARTESIAN_POINT('',(-15.,46.1,0.));
#12466 = VECTOR('',#12467,1.);
#12467 = DIRECTION('',(0.,-1.,0.));
#12468 = PLANE('',#12469);
#12469 = AXIS2_PLACEMENT_3D('',#12470,#12471,#12472);
#12470 = CARTESIAN_POINT('',(-15.,46.1,0.));
#12471 = DIRECTION('',(1.,0.,0.));
#12472 = DIRECTION('',(0.,-1.,0.));
#12473 = ADVANCED_FACE('',(#12474),#12493,.T.);
#12474 = FACE_BOUND('',#12475,.T.);
#12475 = EDGE_LOOP('',(#12476,#12477,#12478,#12486));
#12476 = ORIENTED_EDGE('',*,*,#12453,.T.);
#12477 = ORIENTED_EDGE('',*,*,#8243,.T.);
#12478 = ORIENTED_EDGE('',*,*,#12479,.F.);
#12479 = EDGE_CURVE('',#12480,#8236,#12482,.T.);
#12480 = VERTEX_POINT('',#12481);
#12481 = CARTESIAN_POINT('',(-14.98554025398,46.394192780025,0.));
#12482 = LINE('',#12483,#12484);
#12483 = CARTESIAN_POINT('',(-14.98554025398,46.394192780025,0.));
#12484 = VECTOR('',#12485,1.);
#12485 = DIRECTION('',(0.,0.,1.));
#12486 = ORIENTED_EDGE('',*,*,#12487,.F.);
#12487 = EDGE_CURVE('',#12454,#12480,#12488,.T.);
#12488 = CIRCLE('',#12489,3.);
#12489 = AXIS2_PLACEMENT_3D('',#12490,#12491,#12492);
#12490 = CARTESIAN_POINT('',(-12.,46.1,0.));
#12491 = DIRECTION('',(-0.,-0.,-1.));
#12492 = DIRECTION('',(0.,-1.,0.));
#12493 = CYLINDRICAL_SURFACE('',#12494,3.);
#12494 = AXIS2_PLACEMENT_3D('',#12495,#12496,#12497);
#12495 = CARTESIAN_POINT('',(-12.,46.1,0.));
#12496 = DIRECTION('',(-0.,-0.,-1.));
#12497 = DIRECTION('',(0.,-1.,0.));
#12498 = ADVANCED_FACE('',(#12499),#12517,.F.);
#12499 = FACE_BOUND('',#12500,.F.);
#12500 = EDGE_LOOP('',(#12501,#12509,#12510,#12511));
#12501 = ORIENTED_EDGE('',*,*,#12502,.T.);
#12502 = EDGE_CURVE('',#12503,#8227,#12505,.T.);
#12503 = VERTEX_POINT('',#12504);
#12504 = CARTESIAN_POINT('',(-14.90864025398,47.174592780025,0.));
#12505 = LINE('',#12506,#12507);
#12506 = CARTESIAN_POINT('',(-14.90864025398,47.174592780025,0.));
#12507 = VECTOR('',#12508,1.);
#12508 = DIRECTION('',(0.,0.,1.));
#12509 = ORIENTED_EDGE('',*,*,#8235,.T.);
#12510 = ORIENTED_EDGE('',*,*,#12479,.F.);
#12511 = ORIENTED_EDGE('',*,*,#12512,.F.);
#12512 = EDGE_CURVE('',#12503,#12480,#12513,.T.);
#12513 = LINE('',#12514,#12515);
#12514 = CARTESIAN_POINT('',(-14.90864025398,47.174592780025,0.));
#12515 = VECTOR('',#12516,1.);
#12516 = DIRECTION('',(-9.80642600084E-02,-0.995180084663,0.));
#12517 = PLANE('',#12518);
#12518 = AXIS2_PLACEMENT_3D('',#12519,#12520,#12521);
#12519 = CARTESIAN_POINT('',(-14.90864025398,47.174592780025,0.));
#12520 = DIRECTION('',(0.995180084663,-9.80642600084E-02,0.));
#12521 = DIRECTION('',(-9.80642600084E-02,-0.995180084663,0.));
#12522 = ADVANCED_FACE('',(#12523),#12542,.T.);
#12523 = FACE_BOUND('',#12524,.T.);
#12524 = EDGE_LOOP('',(#12525,#12526,#12527,#12535));
#12525 = ORIENTED_EDGE('',*,*,#12502,.T.);
#12526 = ORIENTED_EDGE('',*,*,#8226,.T.);
#12527 = ORIENTED_EDGE('',*,*,#12528,.F.);
#12528 = EDGE_CURVE('',#12529,#8219,#12531,.T.);
#12529 = VERTEX_POINT('',#12530);
#12530 = CARTESIAN_POINT('',(-14.79392208782,47.751250469398,0.));
#12531 = LINE('',#12532,#12533);
#12532 = CARTESIAN_POINT('',(-14.79392208782,47.751250469398,0.));
#12533 = VECTOR('',#12534,1.);
#12534 = DIRECTION('',(0.,0.,1.));
#12535 = ORIENTED_EDGE('',*,*,#12536,.F.);
#12536 = EDGE_CURVE('',#12503,#12529,#12537,.T.);
#12537 = CIRCLE('',#12538,3.);
#12538 = AXIS2_PLACEMENT_3D('',#12539,#12540,#12541);
#12539 = CARTESIAN_POINT('',(-11.9231,46.8804,0.));
#12540 = DIRECTION('',(-0.,0.,-1.));
#12541 = DIRECTION('',(-9.80642600084E-02,-0.995180084663,0.));
#12542 = CYLINDRICAL_SURFACE('',#12543,3.);
#12543 = AXIS2_PLACEMENT_3D('',#12544,#12545,#12546);
#12544 = CARTESIAN_POINT('',(-11.9231,46.8804,0.));
#12545 = DIRECTION('',(0.,0.,-1.));
#12546 = DIRECTION('',(-9.80642600084E-02,-0.995180084663,0.));
#12547 = ADVANCED_FACE('',(#12548),#12566,.F.);
#12548 = FACE_BOUND('',#12549,.F.);
#12549 = EDGE_LOOP('',(#12550,#12558,#12559,#12560));
#12550 = ORIENTED_EDGE('',*,*,#12551,.T.);
#12551 = EDGE_CURVE('',#12552,#8210,#12554,.T.);
#12552 = VERTEX_POINT('',#12553);
#12553 = CARTESIAN_POINT('',(-14.56632208782,48.501550469398,0.));
#12554 = LINE('',#12555,#12556);
#12555 = CARTESIAN_POINT('',(-14.56632208782,48.501550469398,0.));
#12556 = VECTOR('',#12557,1.);
#12557 = DIRECTION('',(0.,0.,1.));
#12558 = ORIENTED_EDGE('',*,*,#8218,.T.);
#12559 = ORIENTED_EDGE('',*,*,#12528,.F.);
#12560 = ORIENTED_EDGE('',*,*,#12561,.F.);
#12561 = EDGE_CURVE('',#12552,#12529,#12562,.T.);
#12562 = LINE('',#12563,#12564);
#12563 = CARTESIAN_POINT('',(-14.56632208782,48.501550469398,0.));
#12564 = VECTOR('',#12565,1.);
#12565 = DIRECTION('',(-0.290283489799,-0.956940695942,0.));
#12566 = PLANE('',#12567);
#12567 = AXIS2_PLACEMENT_3D('',#12568,#12569,#12570);
#12568 = CARTESIAN_POINT('',(-14.56632208782,48.501550469398,0.));
#12569 = DIRECTION('',(0.956940695942,-0.290283489799,0.));
#12570 = DIRECTION('',(-0.290283489799,-0.956940695942,0.));
#12571 = ADVANCED_FACE('',(#12572),#12591,.T.);
#12572 = FACE_BOUND('',#12573,.T.);
#12573 = EDGE_LOOP('',(#12574,#12575,#12576,#12584));
#12574 = ORIENTED_EDGE('',*,*,#12551,.T.);
#12575 = ORIENTED_EDGE('',*,*,#8209,.T.);
#12576 = ORIENTED_EDGE('',*,*,#12577,.F.);
#12577 = EDGE_CURVE('',#12578,#8202,#12580,.T.);
#12578 = VERTEX_POINT('',#12579);
#12579 = CARTESIAN_POINT('',(-14.34137178199,49.0446881588,0.));
#12580 = LINE('',#12581,#12582);
#12581 = CARTESIAN_POINT('',(-14.34137178199,49.0446881588,0.));
#12582 = VECTOR('',#12583,1.);
#12583 = DIRECTION('',(0.,0.,1.));
#12584 = ORIENTED_EDGE('',*,*,#12585,.F.);
#12585 = EDGE_CURVE('',#12552,#12578,#12586,.T.);
#12586 = CIRCLE('',#12587,3.);
#12587 = AXIS2_PLACEMENT_3D('',#12588,#12589,#12590);
#12588 = CARTESIAN_POINT('',(-11.6955,47.6307,0.));
#12589 = DIRECTION('',(-0.,0.,-1.));
#12590 = DIRECTION('',(-0.290283489799,-0.956940695942,0.));
#12591 = CYLINDRICAL_SURFACE('',#12592,3.);
#12592 = AXIS2_PLACEMENT_3D('',#12593,#12594,#12595);
#12593 = CARTESIAN_POINT('',(-11.6955,47.6307,0.));
#12594 = DIRECTION('',(0.,0.,-1.));
#12595 = DIRECTION('',(-0.290283489799,-0.956940695942,0.));
#12596 = ADVANCED_FACE('',(#12597),#12615,.F.);
#12597 = FACE_BOUND('',#12598,.F.);
#12598 = EDGE_LOOP('',(#12599,#12607,#12608,#12609));
#12599 = ORIENTED_EDGE('',*,*,#12600,.T.);
#12600 = EDGE_CURVE('',#12601,#8193,#12603,.T.);
#12601 = VERTEX_POINT('',#12602);
#12602 = CARTESIAN_POINT('',(-13.97177178199,49.7362881588,0.));
#12603 = LINE('',#12604,#12605);
#12604 = CARTESIAN_POINT('',(-13.97177178199,49.7362881588,0.));
#12605 = VECTOR('',#12606,1.);
#12606 = DIRECTION('',(0.,0.,1.));
#12607 = ORIENTED_EDGE('',*,*,#8201,.T.);
#12608 = ORIENTED_EDGE('',*,*,#12577,.F.);
#12609 = ORIENTED_EDGE('',*,*,#12610,.F.);
#12610 = EDGE_CURVE('',#12601,#12578,#12611,.T.);
#12611 = LINE('',#12612,#12613);
#12612 = CARTESIAN_POINT('',(-13.97177178199,49.7362881588,0.));
#12613 = VECTOR('',#12614,1.);
#12614 = DIRECTION('',(-0.471329386267,-0.881957260666,0.));
#12615 = PLANE('',#12616);
#12616 = AXIS2_PLACEMENT_3D('',#12617,#12618,#12619);
#12617 = CARTESIAN_POINT('',(-13.97177178199,49.7362881588,0.));
#12618 = DIRECTION('',(0.881957260666,-0.471329386267,0.));
#12619 = DIRECTION('',(-0.471329386267,-0.881957260666,0.));
#12620 = ADVANCED_FACE('',(#12621),#12640,.T.);
#12621 = FACE_BOUND('',#12622,.T.);
#12622 = EDGE_LOOP('',(#12623,#12624,#12625,#12633));
#12623 = ORIENTED_EDGE('',*,*,#12600,.T.);
#12624 = ORIENTED_EDGE('',*,*,#8192,.T.);
#12625 = ORIENTED_EDGE('',*,*,#12626,.F.);
#12626 = EDGE_CURVE('',#12627,#8185,#12629,.T.);
#12627 = VERTEX_POINT('',#12628);
#12628 = CARTESIAN_POINT('',(-13.64476890231,50.225677790632,0.));
#12629 = LINE('',#12630,#12631);
#12630 = CARTESIAN_POINT('',(-13.64476890231,50.225677790632,0.));
#12631 = VECTOR('',#12632,1.);
#12632 = DIRECTION('',(0.,0.,1.));
#12633 = ORIENTED_EDGE('',*,*,#12634,.F.);
#12634 = EDGE_CURVE('',#12601,#12627,#12635,.T.);
#12635 = CIRCLE('',#12636,3.);
#12636 = AXIS2_PLACEMENT_3D('',#12637,#12638,#12639);
#12637 = CARTESIAN_POINT('',(-11.3259,48.3223,0.));
#12638 = DIRECTION('',(-0.,0.,-1.));
#12639 = DIRECTION('',(-0.471329386267,-0.881957260666,0.));
#12640 = CYLINDRICAL_SURFACE('',#12641,3.);
#12641 = AXIS2_PLACEMENT_3D('',#12642,#12643,#12644);
#12642 = CARTESIAN_POINT('',(-11.3259,48.3223,0.));
#12643 = DIRECTION('',(0.,0.,-1.));
#12644 = DIRECTION('',(-0.471329386267,-0.881957260666,0.));
#12645 = ADVANCED_FACE('',(#12646),#12664,.F.);
#12646 = FACE_BOUND('',#12647,.F.);
#12647 = EDGE_LOOP('',(#12648,#12656,#12657,#12658));
#12648 = ORIENTED_EDGE('',*,*,#12649,.T.);
#12649 = EDGE_CURVE('',#12650,#8176,#12652,.T.);
#12650 = VERTEX_POINT('',#12651);
#12651 = CARTESIAN_POINT('',(-13.14726890231,50.831777790632,0.));
#12652 = LINE('',#12653,#12654);
#12653 = CARTESIAN_POINT('',(-13.14726890231,50.831777790632,0.));
#12654 = VECTOR('',#12655,1.);
#12655 = DIRECTION('',(0.,0.,1.));
#12656 = ORIENTED_EDGE('',*,*,#8184,.T.);
#12657 = ORIENTED_EDGE('',*,*,#12626,.F.);
#12658 = ORIENTED_EDGE('',*,*,#12659,.F.);
#12659 = EDGE_CURVE('',#12650,#12627,#12660,.T.);
#12660 = LINE('',#12661,#12662);
#12661 = CARTESIAN_POINT('',(-13.14726890231,50.831777790632,0.));
#12662 = VECTOR('',#12663,1.);
#12663 = DIRECTION('',(-0.634459263544,-0.772956300772,0.));
#12664 = PLANE('',#12665);
#12665 = AXIS2_PLACEMENT_3D('',#12666,#12667,#12668);
#12666 = CARTESIAN_POINT('',(-13.14726890231,50.831777790632,0.));
#12667 = DIRECTION('',(0.772956300772,-0.634459263544,0.));
#12668 = DIRECTION('',(-0.634459263544,-0.772956300772,0.));
#12669 = ADVANCED_FACE('',(#12670),#12689,.T.);
#12670 = FACE_BOUND('',#12671,.T.);
#12671 = EDGE_LOOP('',(#12672,#12673,#12674,#12682));
#12672 = ORIENTED_EDGE('',*,*,#12649,.T.);
#12673 = ORIENTED_EDGE('',*,*,#8175,.T.);
#12674 = ORIENTED_EDGE('',*,*,#12675,.F.);
#12675 = EDGE_CURVE('',#12676,#8168,#12678,.T.);
#12676 = VERTEX_POINT('',#12677);
#12677 = CARTESIAN_POINT('',(-12.73177779063,51.247268902316,0.));
#12678 = LINE('',#12679,#12680);
#12679 = CARTESIAN_POINT('',(-12.73177779063,51.247268902316,0.));
#12680 = VECTOR('',#12681,1.);
#12681 = DIRECTION('',(0.,0.,1.));
#12682 = ORIENTED_EDGE('',*,*,#12683,.F.);
#12683 = EDGE_CURVE('',#12650,#12676,#12684,.T.);
#12684 = CIRCLE('',#12685,3.);
#12685 = AXIS2_PLACEMENT_3D('',#12686,#12687,#12688);
#12686 = CARTESIAN_POINT('',(-10.8284,48.9284,0.));
#12687 = DIRECTION('',(-0.,0.,-1.));
#12688 = DIRECTION('',(-0.634459263544,-0.772956300772,0.));
#12689 = CYLINDRICAL_SURFACE('',#12690,3.);
#12690 = AXIS2_PLACEMENT_3D('',#12691,#12692,#12693);
#12691 = CARTESIAN_POINT('',(-10.8284,48.9284,0.));
#12692 = DIRECTION('',(0.,0.,-1.));
#12693 = DIRECTION('',(-0.634459263544,-0.772956300772,0.));
#12694 = ADVANCED_FACE('',(#12695),#12713,.F.);
#12695 = FACE_BOUND('',#12696,.F.);
#12696 = EDGE_LOOP('',(#12697,#12705,#12706,#12707));
#12697 = ORIENTED_EDGE('',*,*,#12698,.T.);
#12698 = EDGE_CURVE('',#12699,#8159,#12701,.T.);
#12699 = VERTEX_POINT('',#12700);
#12700 = CARTESIAN_POINT('',(-12.12567779063,51.744768902316,0.));
#12701 = LINE('',#12702,#12703);
#12702 = CARTESIAN_POINT('',(-12.12567779063,51.744768902316,0.));
#12703 = VECTOR('',#12704,1.);
#12704 = DIRECTION('',(0.,0.,1.));
#12705 = ORIENTED_EDGE('',*,*,#8167,.T.);
#12706 = ORIENTED_EDGE('',*,*,#12675,.F.);
#12707 = ORIENTED_EDGE('',*,*,#12708,.F.);
#12708 = EDGE_CURVE('',#12699,#12676,#12709,.T.);
#12709 = LINE('',#12710,#12711);
#12710 = CARTESIAN_POINT('',(-12.12567779063,51.744768902316,0.));
#12711 = VECTOR('',#12712,1.);
#12712 = DIRECTION('',(-0.772956300772,-0.634459263544,0.));
#12713 = PLANE('',#12714);
#12714 = AXIS2_PLACEMENT_3D('',#12715,#12716,#12717);
#12715 = CARTESIAN_POINT('',(-12.12567779063,51.744768902316,0.));
#12716 = DIRECTION('',(0.634459263544,-0.772956300772,0.));
#12717 = DIRECTION('',(-0.772956300772,-0.634459263544,0.));
#12718 = ADVANCED_FACE('',(#12719),#12738,.T.);
#12719 = FACE_BOUND('',#12720,.T.);
#12720 = EDGE_LOOP('',(#12721,#12722,#12723,#12731));
#12721 = ORIENTED_EDGE('',*,*,#12698,.T.);
#12722 = ORIENTED_EDGE('',*,*,#8158,.T.);
#12723 = ORIENTED_EDGE('',*,*,#12724,.F.);
#12724 = EDGE_CURVE('',#12725,#8151,#12727,.T.);
#12725 = VERTEX_POINT('',#12726);
#12726 = CARTESIAN_POINT('',(-11.63633586992,52.071746284,0.));
#12727 = LINE('',#12728,#12729);
#12728 = CARTESIAN_POINT('',(-11.63633586992,52.071746284,0.));
#12729 = VECTOR('',#12730,1.);
#12730 = DIRECTION('',(0.,0.,1.));
#12731 = ORIENTED_EDGE('',*,*,#12732,.F.);
#12732 = EDGE_CURVE('',#12699,#12725,#12733,.T.);
#12733 = CIRCLE('',#12734,3.);
#12734 = AXIS2_PLACEMENT_3D('',#12735,#12736,#12737);
#12735 = CARTESIAN_POINT('',(-10.2223,49.4259,0.));
#12736 = DIRECTION('',(-0.,0.,-1.));
#12737 = DIRECTION('',(-0.772956300772,-0.634459263544,0.));
#12738 = CYLINDRICAL_SURFACE('',#12739,3.);
#12739 = AXIS2_PLACEMENT_3D('',#12740,#12741,#12742);
#12740 = CARTESIAN_POINT('',(-10.2223,49.4259,0.));
#12741 = DIRECTION('',(0.,0.,-1.));
#12742 = DIRECTION('',(-0.772956300772,-0.634459263544,0.));
#12743 = ADVANCED_FACE('',(#12744),#12762,.F.);
#12744 = FACE_BOUND('',#12745,.F.);
#12745 = EDGE_LOOP('',(#12746,#12754,#12755,#12756));
#12746 = ORIENTED_EDGE('',*,*,#12747,.T.);
#12747 = EDGE_CURVE('',#12748,#8142,#12750,.T.);
#12748 = VERTEX_POINT('',#12749);
#12749 = CARTESIAN_POINT('',(-10.94476586992,52.441346284,0.));
#12750 = LINE('',#12751,#12752);
#12751 = CARTESIAN_POINT('',(-10.94476586992,52.441346284,0.));
#12752 = VECTOR('',#12753,1.);
#12753 = DIRECTION('',(0.,0.,1.));
#12754 = ORIENTED_EDGE('',*,*,#8150,.T.);
#12755 = ORIENTED_EDGE('',*,*,#12724,.F.);
#12756 = ORIENTED_EDGE('',*,*,#12757,.F.);
#12757 = EDGE_CURVE('',#12748,#12725,#12758,.T.);
#12758 = LINE('',#12759,#12760);
#12759 = CARTESIAN_POINT('',(-10.94476586992,52.441346284,0.));
#12760 = VECTOR('',#12761,1.);
#12761 = DIRECTION('',(-0.881948761333,-0.471345289976,0.));
#12762 = PLANE('',#12763);
#12763 = AXIS2_PLACEMENT_3D('',#12764,#12765,#12766);
#12764 = CARTESIAN_POINT('',(-10.94476586992,52.441346284,0.));
#12765 = DIRECTION('',(0.471345289976,-0.881948761333,0.));
#12766 = DIRECTION('',(-0.881948761333,-0.471345289976,0.));
#12767 = ADVANCED_FACE('',(#12768),#12787,.T.);
#12768 = FACE_BOUND('',#12769,.T.);
#12769 = EDGE_LOOP('',(#12770,#12771,#12772,#12780));
#12770 = ORIENTED_EDGE('',*,*,#12747,.T.);
#12771 = ORIENTED_EDGE('',*,*,#8141,.T.);
#12772 = ORIENTED_EDGE('',*,*,#12773,.F.);
#12773 = EDGE_CURVE('',#12774,#8134,#12776,.T.);
#12774 = VERTEX_POINT('',#12775);
#12775 = CARTESIAN_POINT('',(-10.40150607481,52.666344654024,0.));
#12776 = LINE('',#12777,#12778);
#12777 = CARTESIAN_POINT('',(-10.40150607481,52.666344654024,0.));
#12778 = VECTOR('',#12779,1.);
#12779 = DIRECTION('',(0.,0.,1.));
#12780 = ORIENTED_EDGE('',*,*,#12781,.F.);
#12781 = EDGE_CURVE('',#12748,#12774,#12782,.T.);
#12782 = CIRCLE('',#12783,3.);
#12783 = AXIS2_PLACEMENT_3D('',#12784,#12785,#12786);
#12784 = CARTESIAN_POINT('',(-9.53073,49.7955,0.));
#12785 = DIRECTION('',(-0.,0.,-1.));
#12786 = DIRECTION('',(-0.881948761333,-0.471345289976,0.));
#12787 = CYLINDRICAL_SURFACE('',#12788,3.);
#12788 = AXIS2_PLACEMENT_3D('',#12789,#12790,#12791);
#12789 = CARTESIAN_POINT('',(-9.53073,49.7955,0.));
#12790 = DIRECTION('',(0.,0.,-1.));
#12791 = DIRECTION('',(-0.881948761333,-0.471345289976,0.));
#12792 = ADVANCED_FACE('',(#12793),#12811,.F.);
#12793 = FACE_BOUND('',#12794,.F.);
#12794 = EDGE_LOOP('',(#12795,#12803,#12804,#12805));
#12795 = ORIENTED_EDGE('',*,*,#12796,.T.);
#12796 = EDGE_CURVE('',#12797,#8125,#12799,.T.);
#12797 = VERTEX_POINT('',#12798);
#12798 = CARTESIAN_POINT('',(-9.651136074811,52.893944654024,0.));
#12799 = LINE('',#12800,#12801);
#12800 = CARTESIAN_POINT('',(-9.651136074811,52.893944654024,0.));
#12801 = VECTOR('',#12802,1.);
#12802 = DIRECTION('',(0.,0.,1.));
#12803 = ORIENTED_EDGE('',*,*,#8133,.T.);
#12804 = ORIENTED_EDGE('',*,*,#12773,.F.);
#12805 = ORIENTED_EDGE('',*,*,#12806,.F.);
#12806 = EDGE_CURVE('',#12797,#12774,#12807,.T.);
#12807 = LINE('',#12808,#12809);
#12808 = CARTESIAN_POINT('',(-9.651136074811,52.893944654024,0.));
#12809 = VECTOR('',#12810,1.);
#12810 = DIRECTION('',(-0.956948218008,-0.290258691604,0.));
#12811 = PLANE('',#12812);
#12812 = AXIS2_PLACEMENT_3D('',#12813,#12814,#12815);
#12813 = CARTESIAN_POINT('',(-9.651136074811,52.893944654024,0.));
#12814 = DIRECTION('',(0.290258691604,-0.956948218008,0.));
#12815 = DIRECTION('',(-0.956948218008,-0.290258691604,0.));
#12816 = ADVANCED_FACE('',(#12817),#12836,.T.);
#12817 = FACE_BOUND('',#12818,.T.);
#12818 = EDGE_LOOP('',(#12819,#12820,#12821,#12829));
#12819 = ORIENTED_EDGE('',*,*,#12796,.T.);
#12820 = ORIENTED_EDGE('',*,*,#8124,.T.);
#12821 = ORIENTED_EDGE('',*,*,#12822,.F.);
#12822 = EDGE_CURVE('',#12823,#8117,#12825,.T.);
#12823 = VERTEX_POINT('',#12824);
#12824 = CARTESIAN_POINT('',(-9.074567714847,53.008638782284,0.));
#12825 = LINE('',#12826,#12827);
#12826 = CARTESIAN_POINT('',(-9.074567714847,53.008638782284,0.));
#12827 = VECTOR('',#12828,1.);
#12828 = DIRECTION('',(0.,0.,1.));
#12829 = ORIENTED_EDGE('',*,*,#12830,.F.);
#12830 = EDGE_CURVE('',#12797,#12823,#12831,.T.);
#12831 = CIRCLE('',#12832,3.);
#12832 = AXIS2_PLACEMENT_3D('',#12833,#12834,#12835);
#12833 = CARTESIAN_POINT('',(-8.78036,50.0231,0.));
#12834 = DIRECTION('',(-0.,0.,-1.));
#12835 = DIRECTION('',(-0.956948218008,-0.290258691604,0.));
#12836 = CYLINDRICAL_SURFACE('',#12837,3.);
#12837 = AXIS2_PLACEMENT_3D('',#12838,#12839,#12840);
#12838 = CARTESIAN_POINT('',(-8.78036,50.0231,0.));
#12839 = DIRECTION('',(0.,0.,-1.));
#12840 = DIRECTION('',(-0.956948218008,-0.290258691604,0.));
#12841 = ADVANCED_FACE('',(#12842),#12860,.F.);
#12842 = FACE_BOUND('',#12843,.F.);
#12843 = EDGE_LOOP('',(#12844,#12852,#12853,#12854));
#12844 = ORIENTED_EDGE('',*,*,#12845,.T.);
#12845 = EDGE_CURVE('',#12846,#8108,#12848,.T.);
#12846 = VERTEX_POINT('',#12847);
#12847 = CARTESIAN_POINT('',(-8.294207714847,53.085538782284,0.));
#12848 = LINE('',#12849,#12850);
#12849 = CARTESIAN_POINT('',(-8.294207714847,53.085538782284,0.));
#12850 = VECTOR('',#12851,1.);
#12851 = DIRECTION('',(0.,0.,1.));
#12852 = ORIENTED_EDGE('',*,*,#8116,.T.);
#12853 = ORIENTED_EDGE('',*,*,#12822,.F.);
#12854 = ORIENTED_EDGE('',*,*,#12855,.F.);
#12855 = EDGE_CURVE('',#12846,#12823,#12856,.T.);
#12856 = LINE('',#12857,#12858);
#12857 = CARTESIAN_POINT('',(-8.294207714847,53.085538782284,0.));
#12858 = VECTOR('',#12859,1.);
#12859 = DIRECTION('',(-0.995179594095,-9.80692382822E-02,0.));
#12860 = PLANE('',#12861);
#12861 = AXIS2_PLACEMENT_3D('',#12862,#12863,#12864);
#12862 = CARTESIAN_POINT('',(-8.294207714847,53.085538782284,0.));
#12863 = DIRECTION('',(9.80692382822E-02,-0.995179594095,0.));
#12864 = DIRECTION('',(-0.995179594095,-9.80692382822E-02,0.));
#12865 = ADVANCED_FACE('',(#12866),#12885,.T.);
#12866 = FACE_BOUND('',#12867,.T.);
#12867 = EDGE_LOOP('',(#12868,#12869,#12870,#12878));
#12868 = ORIENTED_EDGE('',*,*,#12845,.T.);
#12869 = ORIENTED_EDGE('',*,*,#8107,.T.);
#12870 = ORIENTED_EDGE('',*,*,#12871,.F.);
#12871 = EDGE_CURVE('',#12872,#8100,#12874,.T.);
#12872 = VERTEX_POINT('',#12873);
#12873 = CARTESIAN_POINT('',(-8.,53.1,0.));
#12874 = LINE('',#12875,#12876);
#12875 = CARTESIAN_POINT('',(-8.,53.1,0.));
#12876 = VECTOR('',#12877,1.);
#12877 = DIRECTION('',(0.,0.,1.));
#12878 = ORIENTED_EDGE('',*,*,#12879,.F.);
#12879 = EDGE_CURVE('',#12846,#12872,#12880,.T.);
#12880 = CIRCLE('',#12881,3.);
#12881 = AXIS2_PLACEMENT_3D('',#12882,#12883,#12884);
#12882 = CARTESIAN_POINT('',(-8.,50.1,0.));
#12883 = DIRECTION('',(-0.,0.,-1.));
#12884 = DIRECTION('',(-0.995179594095,-9.80692382822E-02,0.));
#12885 = CYLINDRICAL_SURFACE('',#12886,3.);
#12886 = AXIS2_PLACEMENT_3D('',#12887,#12888,#12889);
#12887 = CARTESIAN_POINT('',(-8.,50.1,0.));
#12888 = DIRECTION('',(0.,0.,-1.));
#12889 = DIRECTION('',(-0.995179594095,-9.80692382822E-02,0.));
#12890 = ADVANCED_FACE('',(#12891),#12909,.F.);
#12891 = FACE_BOUND('',#12892,.F.);
#12892 = EDGE_LOOP('',(#12893,#12901,#12902,#12903));
#12893 = ORIENTED_EDGE('',*,*,#12894,.T.);
#12894 = EDGE_CURVE('',#12895,#8092,#12897,.T.);
#12895 = VERTEX_POINT('',#12896);
#12896 = CARTESIAN_POINT('',(-1.293890175068,53.1,0.));
#12897 = LINE('',#12898,#12899);
#12898 = CARTESIAN_POINT('',(-1.293890175068,53.1,0.));
#12899 = VECTOR('',#12900,1.);
#12900 = DIRECTION('',(0.,0.,1.));
#12901 = ORIENTED_EDGE('',*,*,#8099,.T.);
#12902 = ORIENTED_EDGE('',*,*,#12871,.F.);
#12903 = ORIENTED_EDGE('',*,*,#12904,.F.);
#12904 = EDGE_CURVE('',#12895,#12872,#12905,.T.);
#12905 = LINE('',#12906,#12907);
#12906 = CARTESIAN_POINT('',(-1.14651,53.1,0.));
#12907 = VECTOR('',#12908,1.);
#12908 = DIRECTION('',(-1.,0.,0.));
#12909 = PLANE('',#12910);
#12910 = AXIS2_PLACEMENT_3D('',#12911,#12912,#12913);
#12911 = CARTESIAN_POINT('',(-1.293890175068,53.1,0.));
#12912 = DIRECTION('',(0.,-1.,0.));
#12913 = DIRECTION('',(-1.,0.,0.));
#12914 = ADVANCED_FACE('',(#12915),#12933,.F.);
#12915 = FACE_BOUND('',#12916,.F.);
#12916 = EDGE_LOOP('',(#12917,#12925,#12926,#12927));
#12917 = ORIENTED_EDGE('',*,*,#12918,.T.);
#12918 = EDGE_CURVE('',#12919,#8084,#12921,.T.);
#12919 = VERTEX_POINT('',#12920);
#12920 = CARTESIAN_POINT('',(1.888532736197E-02,53.229296771617,0.));
#12921 = LINE('',#12922,#12923);
#12922 = CARTESIAN_POINT('',(1.888532736197E-02,53.229296771617,0.));
#12923 = VECTOR('',#12924,1.);
#12924 = DIRECTION('',(0.,0.,1.));
#12925 = ORIENTED_EDGE('',*,*,#8091,.T.);
#12926 = ORIENTED_EDGE('',*,*,#12894,.F.);
#12927 = ORIENTED_EDGE('',*,*,#12928,.F.);
#12928 = EDGE_CURVE('',#12919,#12895,#12929,.T.);
#12929 = LINE('',#12930,#12931);
#12930 = CARTESIAN_POINT('',(0.312896322094,53.258254253204,0.));
#12931 = VECTOR('',#12932,1.);
#12932 = DIRECTION('',(-0.995184751068,-9.801689263519E-02,0.));
#12933 = PLANE('',#12934);
#12934 = AXIS2_PLACEMENT_3D('',#12935,#12936,#12937);
#12935 = CARTESIAN_POINT('',(1.888532736197E-02,53.229296771617,0.));
#12936 = DIRECTION('',(9.801689263519E-02,-0.995184751068,0.));
#12937 = DIRECTION('',(-0.995184751068,-9.801689263519E-02,0.));
#12938 = ADVANCED_FACE('',(#12939),#12957,.F.);
#12939 = FACE_BOUND('',#12940,.F.);
#12940 = EDGE_LOOP('',(#12941,#12949,#12950,#12951));
#12941 = ORIENTED_EDGE('',*,*,#12942,.T.);
#12942 = EDGE_CURVE('',#12943,#8076,#12945,.T.);
#12943 = VERTEX_POINT('',#12944);
#12944 = CARTESIAN_POINT('',(0.950484193956,53.511866654666,0.));
#12945 = LINE('',#12946,#12947);
#12946 = CARTESIAN_POINT('',(0.950484193956,53.511866654666,0.));
#12947 = VECTOR('',#12948,1.);
#12948 = DIRECTION('',(0.,0.,1.));
#12949 = ORIENTED_EDGE('',*,*,#8083,.T.);
#12950 = ORIENTED_EDGE('',*,*,#12918,.F.);
#12951 = ORIENTED_EDGE('',*,*,#12952,.F.);
#12952 = EDGE_CURVE('',#12943,#12919,#12953,.T.);
#12953 = LINE('',#12954,#12955);
#12954 = CARTESIAN_POINT('',(1.23328369538,53.597644584319,0.));
#12955 = VECTOR('',#12956,1.);
#12956 = DIRECTION('',(-0.956948194773,-0.290258768207,0.));
#12957 = PLANE('',#12958);
#12958 = AXIS2_PLACEMENT_3D('',#12959,#12960,#12961);
#12959 = CARTESIAN_POINT('',(0.950484193956,53.511866654666,0.));
#12960 = DIRECTION('',(0.290258768207,-0.956948194773,0.));
#12961 = DIRECTION('',(-0.956948194773,-0.290258768207,0.));
#12962 = ADVANCED_FACE('',(#12963),#12981,.F.);
#12963 = FACE_BOUND('',#12964,.F.);
#12964 = EDGE_LOOP('',(#12965,#12973,#12974,#12975));
#12965 = ORIENTED_EDGE('',*,*,#12966,.T.);
#12966 = EDGE_CURVE('',#12967,#8068,#12969,.T.);
#12967 = VERTEX_POINT('',#12968);
#12968 = CARTESIAN_POINT('',(1.809026776825,53.970772365748,0.));
#12969 = LINE('',#12970,#12971);
#12970 = CARTESIAN_POINT('',(1.809026776825,53.970772365748,0.));
#12971 = VECTOR('',#12972,1.);
#12972 = DIRECTION('',(0.,0.,1.));
#12973 = ORIENTED_EDGE('',*,*,#8075,.T.);
#12974 = ORIENTED_EDGE('',*,*,#12942,.F.);
#12975 = ORIENTED_EDGE('',*,*,#12976,.F.);
#12976 = EDGE_CURVE('',#12967,#12943,#12977,.T.);
#12977 = LINE('',#12978,#12979);
#12978 = CARTESIAN_POINT('',(2.069607469889,54.110057208027,0.));
#12979 = VECTOR('',#12980,1.);
#12980 = DIRECTION('',(-0.881919069342,-0.47140084337,0.));
#12981 = PLANE('',#12982);
#12982 = AXIS2_PLACEMENT_3D('',#12983,#12984,#12985);
#12983 = CARTESIAN_POINT('',(1.809026776825,53.970772365748,0.));
#12984 = DIRECTION('',(0.47140084337,-0.881919069342,0.));
#12985 = DIRECTION('',(-0.881919069342,-0.47140084337,0.));
#12986 = ADVANCED_FACE('',(#12987),#13005,.F.);
#12987 = FACE_BOUND('',#12988,.F.);
#12988 = EDGE_LOOP('',(#12989,#12997,#12998,#12999));
#12989 = ORIENTED_EDGE('',*,*,#12990,.T.);
#12990 = EDGE_CURVE('',#12991,#8060,#12993,.T.);
#12991 = VERTEX_POINT('',#12992);
#12992 = CARTESIAN_POINT('',(2.561561124714,54.588363769697,0.));
#12993 = LINE('',#12994,#12995);
#12994 = CARTESIAN_POINT('',(2.561561124714,54.588363769697,0.));
#12995 = VECTOR('',#12996,1.);
#12996 = DIRECTION('',(0.,0.,1.));
#12997 = ORIENTED_EDGE('',*,*,#8067,.T.);
#12998 = ORIENTED_EDGE('',*,*,#12966,.F.);
#12999 = ORIENTED_EDGE('',*,*,#13000,.F.);
#13000 = EDGE_CURVE('',#12991,#12967,#13001,.T.);
#13001 = LINE('',#13002,#13003);
#13002 = CARTESIAN_POINT('',(2.789985681604,54.775827695008,0.));
#13003 = VECTOR('',#13004,1.);
#13004 = DIRECTION('',(-0.773009231669,-0.634394772799,0.));
#13005 = PLANE('',#13006);
#13006 = AXIS2_PLACEMENT_3D('',#13007,#13008,#13009);
#13007 = CARTESIAN_POINT('',(2.561561124714,54.588363769697,0.));
#13008 = DIRECTION('',(0.634394772799,-0.773009231669,0.));
#13009 = DIRECTION('',(-0.773009231669,-0.634394772799,0.));
#13010 = ADVANCED_FACE('',(#13011),#13029,.F.);
#13011 = FACE_BOUND('',#13012,.F.);
#13012 = EDGE_LOOP('',(#13013,#13021,#13022,#13023));
#13013 = ORIENTED_EDGE('',*,*,#13014,.T.);
#13014 = EDGE_CURVE('',#13015,#8052,#13017,.T.);
#13015 = VERTEX_POINT('',#13016);
#13016 = CARTESIAN_POINT('',(3.1791870019,55.340972597865,0.));
#13017 = LINE('',#13018,#13019);
#13018 = CARTESIAN_POINT('',(3.1791870019,55.340972597865,0.));
#13019 = VECTOR('',#13020,1.);
#13020 = DIRECTION('',(0.,0.,1.));
#13021 = ORIENTED_EDGE('',*,*,#8059,.T.);
#13022 = ORIENTED_EDGE('',*,*,#12990,.F.);
#13023 = ORIENTED_EDGE('',*,*,#13024,.F.);
#13024 = EDGE_CURVE('',#13015,#12991,#13025,.T.);
#13025 = LINE('',#13026,#13027);
#13026 = CARTESIAN_POINT('',(3.36659203304,55.569335246013,0.));
#13027 = VECTOR('',#13028,1.);
#13028 = DIRECTION('',(-0.634378415338,-0.773022655653,0.));
#13029 = PLANE('',#13030);
#13030 = AXIS2_PLACEMENT_3D('',#13031,#13032,#13033);
#13031 = CARTESIAN_POINT('',(3.1791870019,55.340972597865,0.));
#13032 = DIRECTION('',(0.773022655653,-0.634378415338,0.));
#13033 = DIRECTION('',(-0.634378415338,-0.773022655653,0.));
#13034 = ADVANCED_FACE('',(#13035),#13053,.F.);
#13035 = FACE_BOUND('',#13036,.F.);
#13036 = EDGE_LOOP('',(#13037,#13045,#13046,#13047));
#13037 = ORIENTED_EDGE('',*,*,#13038,.T.);
#13038 = EDGE_CURVE('',#13039,#8044,#13041,.T.);
#13039 = VERTEX_POINT('',#13040);
#13040 = CARTESIAN_POINT('',(3.63811705073,56.199529599046,0.));
#13041 = LINE('',#13042,#13043);
#13042 = CARTESIAN_POINT('',(3.63811705073,56.199529599046,0.));
#13043 = VECTOR('',#13044,1.);
#13044 = DIRECTION('',(0.,0.,1.));
#13045 = ORIENTED_EDGE('',*,*,#8051,.T.);
#13046 = ORIENTED_EDGE('',*,*,#13014,.F.);
#13047 = ORIENTED_EDGE('',*,*,#13048,.F.);
#13048 = EDGE_CURVE('',#13039,#13015,#13049,.T.);
#13049 = LINE('',#13050,#13051);
#13050 = CARTESIAN_POINT('',(3.777424098794,56.460142391201,0.));
#13051 = VECTOR('',#13052,1.);
#13052 = DIRECTION('',(-0.4714141304,-0.881911967069,0.));
#13053 = PLANE('',#13054);
#13054 = AXIS2_PLACEMENT_3D('',#13055,#13056,#13057);
#13055 = CARTESIAN_POINT('',(3.63811705073,56.199529599046,0.));
#13056 = DIRECTION('',(0.881911967069,-0.4714141304,0.));
#13057 = DIRECTION('',(-0.4714141304,-0.881911967069,0.));
#13058 = ADVANCED_FACE('',(#13059),#13077,.F.);
#13059 = FACE_BOUND('',#13060,.F.);
#13060 = EDGE_LOOP('',(#13061,#13069,#13070,#13071));
#13061 = ORIENTED_EDGE('',*,*,#13062,.T.);
#13062 = EDGE_CURVE('',#13063,#8036,#13065,.T.);
#13063 = VERTEX_POINT('',#13064);
#13064 = CARTESIAN_POINT('',(3.947202433851,57.218459109084,0.));
#13065 = LINE('',#13066,#13067);
#13066 = CARTESIAN_POINT('',(3.947202433851,57.218459109084,0.));
#13067 = VECTOR('',#13068,1.);
#13068 = DIRECTION('',(0.,0.,1.));
#13069 = ORIENTED_EDGE('',*,*,#8043,.T.);
#13070 = ORIENTED_EDGE('',*,*,#13038,.F.);
#13071 = ORIENTED_EDGE('',*,*,#13072,.F.);
#13072 = EDGE_CURVE('',#13063,#13039,#13073,.T.);
#13073 = LINE('',#13074,#13075);
#13074 = CARTESIAN_POINT('',(4.011446249935,57.430244989688,0.));
#13075 = VECTOR('',#13076,1.);
#13076 = DIRECTION('',(-0.290281663229,-0.956941250022,0.));
#13077 = PLANE('',#13078);
#13078 = AXIS2_PLACEMENT_3D('',#13079,#13080,#13081);
#13079 = CARTESIAN_POINT('',(3.947202433851,57.218459109084,0.));
#13080 = DIRECTION('',(0.956941250022,-0.290281663229,0.));
#13081 = DIRECTION('',(-0.290281663229,-0.956941250022,0.));
#13082 = ADVANCED_FACE('',(#13083),#13101,.F.);
#13083 = FACE_BOUND('',#13084,.F.);
#13084 = EDGE_LOOP('',(#13085,#13093,#13094,#13095));
#13085 = ORIENTED_EDGE('',*,*,#13086,.T.);
#13086 = EDGE_CURVE('',#13087,#8027,#13089,.T.);
#13087 = VERTEX_POINT('',#13088);
#13088 = CARTESIAN_POINT('',(3.96234261841,57.320538488279,0.));
#13089 = LINE('',#13090,#13091);
#13090 = CARTESIAN_POINT('',(3.96234261841,57.320538488279,0.));
#13091 = VECTOR('',#13092,1.);
#13092 = DIRECTION('',(0.,0.,1.));
#13093 = ORIENTED_EDGE('',*,*,#8035,.T.);
#13094 = ORIENTED_EDGE('',*,*,#13062,.F.);
#13095 = ORIENTED_EDGE('',*,*,#13096,.F.);
#13096 = EDGE_CURVE('',#13087,#13063,#13097,.T.);
#13097 = LINE('',#13098,#13099);
#13098 = CARTESIAN_POINT('',(3.96234261841,57.320538488279,0.));
#13099 = VECTOR('',#13100,1.);
#13100 = DIRECTION('',(-0.146712829426,-0.989179127197,0.));
#13101 = PLANE('',#13102);
#13102 = AXIS2_PLACEMENT_3D('',#13103,#13104,#13105);
#13103 = CARTESIAN_POINT('',(3.96234261841,57.320538488279,0.));
#13104 = DIRECTION('',(0.989179127197,-0.146712829426,0.));
#13105 = DIRECTION('',(-0.146712829426,-0.989179127197,0.));
#13106 = ADVANCED_FACE('',(#13107),#13126,.T.);
#13107 = FACE_BOUND('',#13108,.T.);
#13108 = EDGE_LOOP('',(#13109,#13110,#13111,#13119));
#13109 = ORIENTED_EDGE('',*,*,#13086,.T.);
#13110 = ORIENTED_EDGE('',*,*,#8026,.T.);
#13111 = ORIENTED_EDGE('',*,*,#13112,.F.);
#13112 = EDGE_CURVE('',#13113,#8019,#13115,.T.);
#13113 = VERTEX_POINT('',#13114);
#13114 = CARTESIAN_POINT('',(4.059079170201,57.751320544954,0.));
#13115 = LINE('',#13116,#13117);
#13116 = CARTESIAN_POINT('',(4.059079170201,57.751320544954,0.));
#13117 = VECTOR('',#13118,1.);
#13118 = DIRECTION('',(0.,0.,1.));
#13119 = ORIENTED_EDGE('',*,*,#13120,.F.);
#13120 = EDGE_CURVE('',#13087,#13113,#13121,.T.);
#13121 = CIRCLE('',#13122,3.);
#13122 = AXIS2_PLACEMENT_3D('',#13123,#13124,#13125);
#13123 = CARTESIAN_POINT('',(6.92988,56.8804,0.));
#13124 = DIRECTION('',(-0.,0.,-1.));
#13125 = DIRECTION('',(-0.146712829426,-0.989179127197,0.));
#13126 = CYLINDRICAL_SURFACE('',#13127,3.);
#13127 = AXIS2_PLACEMENT_3D('',#13128,#13129,#13130);
#13128 = CARTESIAN_POINT('',(6.92988,56.8804,0.));
#13129 = DIRECTION('',(0.,0.,-1.));
#13130 = DIRECTION('',(-0.146712829426,-0.989179127197,0.));
#13131 = ADVANCED_FACE('',(#13132),#13150,.F.);
#13132 = FACE_BOUND('',#13133,.F.);
#13133 = EDGE_LOOP('',(#13134,#13142,#13143,#13144));
#13134 = ORIENTED_EDGE('',*,*,#13135,.T.);
#13135 = EDGE_CURVE('',#13136,#8010,#13138,.T.);
#13136 = VERTEX_POINT('',#13137);
#13137 = CARTESIAN_POINT('',(4.286699170201,58.501620544954,0.));
#13138 = LINE('',#13139,#13140);
#13139 = CARTESIAN_POINT('',(4.286699170201,58.501620544954,0.));
#13140 = VECTOR('',#13141,1.);
#13141 = DIRECTION('',(0.,0.,1.));
#13142 = ORIENTED_EDGE('',*,*,#8018,.T.);
#13143 = ORIENTED_EDGE('',*,*,#13112,.F.);
#13144 = ORIENTED_EDGE('',*,*,#13145,.F.);
#13145 = EDGE_CURVE('',#13136,#13113,#13146,.T.);
#13146 = LINE('',#13147,#13148);
#13147 = CARTESIAN_POINT('',(4.286699170201,58.501620544954,0.));
#13148 = VECTOR('',#13149,1.);
#13149 = DIRECTION('',(-0.290306848318,-0.956933609933,0.));
#13150 = PLANE('',#13151);
#13151 = AXIS2_PLACEMENT_3D('',#13152,#13153,#13154);
#13152 = CARTESIAN_POINT('',(4.286699170201,58.501620544954,0.));
#13153 = DIRECTION('',(0.956933609933,-0.290306848318,0.));
#13154 = DIRECTION('',(-0.290306848318,-0.956933609933,0.));
#13155 = ADVANCED_FACE('',(#13156),#13175,.T.);
#13156 = FACE_BOUND('',#13157,.T.);
#13157 = EDGE_LOOP('',(#13158,#13159,#13160,#13168));
#13158 = ORIENTED_EDGE('',*,*,#13135,.T.);
#13159 = ORIENTED_EDGE('',*,*,#8009,.T.);
#13160 = ORIENTED_EDGE('',*,*,#13161,.F.);
#13161 = EDGE_CURVE('',#13162,#8002,#13164,.T.);
#13162 = VERTEX_POINT('',#13163);
#13163 = CARTESIAN_POINT('',(4.511691832148,59.044807187919,0.));
#13164 = LINE('',#13165,#13166);
#13165 = CARTESIAN_POINT('',(4.511691832148,59.044807187919,0.));
#13166 = VECTOR('',#13167,1.);
#13167 = DIRECTION('',(0.,0.,1.));
#13168 = ORIENTED_EDGE('',*,*,#13169,.F.);
#13169 = EDGE_CURVE('',#13136,#13162,#13170,.T.);
#13170 = CIRCLE('',#13171,3.);
#13171 = AXIS2_PLACEMENT_3D('',#13172,#13173,#13174);
#13172 = CARTESIAN_POINT('',(7.1575,57.6307,0.));
#13173 = DIRECTION('',(-0.,0.,-1.));
#13174 = DIRECTION('',(-0.290306848318,-0.956933609933,0.));
#13175 = CYLINDRICAL_SURFACE('',#13176,3.);
#13176 = AXIS2_PLACEMENT_3D('',#13177,#13178,#13179);
#13177 = CARTESIAN_POINT('',(7.1575,57.6307,0.));
#13178 = DIRECTION('',(0.,0.,-1.));
#13179 = DIRECTION('',(-0.290306848318,-0.956933609933,0.));
#13180 = ADVANCED_FACE('',(#13181),#13199,.F.);
#13181 = FACE_BOUND('',#13182,.F.);
#13182 = EDGE_LOOP('',(#13183,#13191,#13192,#13193));
#13183 = ORIENTED_EDGE('',*,*,#13184,.T.);
#13184 = EDGE_CURVE('',#13185,#7993,#13187,.T.);
#13185 = VERTEX_POINT('',#13186);
#13186 = CARTESIAN_POINT('',(4.881331832148,59.736407187919,0.));
#13187 = LINE('',#13188,#13189);
#13188 = CARTESIAN_POINT('',(4.881331832148,59.736407187919,0.));
#13189 = VECTOR('',#13190,1.);
#13190 = DIRECTION('',(0.,0.,1.));
#13191 = ORIENTED_EDGE('',*,*,#8001,.T.);
#13192 = ORIENTED_EDGE('',*,*,#13161,.F.);
#13193 = ORIENTED_EDGE('',*,*,#13194,.F.);
#13194 = EDGE_CURVE('',#13185,#13162,#13195,.T.);
#13195 = LINE('',#13196,#13197);
#13196 = CARTESIAN_POINT('',(4.881331832148,59.736407187919,0.));
#13197 = VECTOR('',#13198,1.);
#13198 = DIRECTION('',(-0.47136906264,-0.881936055951,0.));
#13199 = PLANE('',#13200);
#13200 = AXIS2_PLACEMENT_3D('',#13201,#13202,#13203);
#13201 = CARTESIAN_POINT('',(4.881331832148,59.736407187919,0.));
#13202 = DIRECTION('',(0.881936055951,-0.47136906264,0.));
#13203 = DIRECTION('',(-0.47136906264,-0.881936055951,0.));
#13204 = ADVANCED_FACE('',(#13205),#13224,.T.);
#13205 = FACE_BOUND('',#13206,.T.);
#13206 = EDGE_LOOP('',(#13207,#13208,#13209,#13217));
#13207 = ORIENTED_EDGE('',*,*,#13184,.T.);
#13208 = ORIENTED_EDGE('',*,*,#7992,.T.);
#13209 = ORIENTED_EDGE('',*,*,#13210,.F.);
#13210 = EDGE_CURVE('',#13211,#7985,#13213,.T.);
#13211 = VERTEX_POINT('',#13212);
#13212 = CARTESIAN_POINT('',(5.208177284229,60.225563492758,0.));
#13213 = LINE('',#13214,#13215);
#13214 = CARTESIAN_POINT('',(5.208177284229,60.225563492758,0.));
#13215 = VECTOR('',#13216,1.);
#13216 = DIRECTION('',(0.,0.,1.));
#13217 = ORIENTED_EDGE('',*,*,#13218,.F.);
#13218 = EDGE_CURVE('',#13185,#13211,#13219,.T.);
#13219 = CIRCLE('',#13220,3.);
#13220 = AXIS2_PLACEMENT_3D('',#13221,#13222,#13223);
#13221 = CARTESIAN_POINT('',(7.52714,58.3223,0.));
#13222 = DIRECTION('',(-0.,0.,-1.));
#13223 = DIRECTION('',(-0.47136906264,-0.881936055951,0.));
#13224 = CYLINDRICAL_SURFACE('',#13225,3.);
#13225 = AXIS2_PLACEMENT_3D('',#13226,#13227,#13228);
#13226 = CARTESIAN_POINT('',(7.52714,58.3223,0.));
#13227 = DIRECTION('',(0.,0.,-1.));
#13228 = DIRECTION('',(-0.47136906264,-0.881936055951,0.));
#13229 = ADVANCED_FACE('',(#13230),#13248,.F.);
#13230 = FACE_BOUND('',#13231,.F.);
#13231 = EDGE_LOOP('',(#13232,#13240,#13241,#13242));
#13232 = ORIENTED_EDGE('',*,*,#13233,.T.);
#13233 = EDGE_CURVE('',#13234,#7976,#13236,.T.);
#13234 = VERTEX_POINT('',#13235);
#13235 = CARTESIAN_POINT('',(5.705627284229,60.831663492758,0.));
#13236 = LINE('',#13237,#13238);
#13237 = CARTESIAN_POINT('',(5.705627284229,60.831663492758,0.));
#13238 = VECTOR('',#13239,1.);
#13239 = DIRECTION('',(0.,0.,1.));
#13240 = ORIENTED_EDGE('',*,*,#7984,.T.);
#13241 = ORIENTED_EDGE('',*,*,#13210,.F.);
#13242 = ORIENTED_EDGE('',*,*,#13243,.F.);
#13243 = EDGE_CURVE('',#13234,#13211,#13244,.T.);
#13244 = LINE('',#13245,#13246);
#13245 = CARTESIAN_POINT('',(5.705627284229,60.831663492758,0.));
#13246 = VECTOR('',#13247,1.);
#13247 = DIRECTION('',(-0.634421164253,-0.772987571924,0.));
#13248 = PLANE('',#13249);
#13249 = AXIS2_PLACEMENT_3D('',#13250,#13251,#13252);
#13250 = CARTESIAN_POINT('',(5.705627284229,60.831663492758,0.));
#13251 = DIRECTION('',(0.772987571924,-0.634421164253,0.));
#13252 = DIRECTION('',(-0.634421164253,-0.772987571924,0.));
#13253 = ADVANCED_FACE('',(#13254),#13273,.T.);
#13254 = FACE_BOUND('',#13255,.T.);
#13255 = EDGE_LOOP('',(#13256,#13257,#13258,#13266));
#13256 = ORIENTED_EDGE('',*,*,#13233,.T.);
#13257 = ORIENTED_EDGE('',*,*,#7975,.T.);
#13258 = ORIENTED_EDGE('',*,*,#13259,.F.);
#13259 = EDGE_CURVE('',#13260,#7968,#13262,.T.);
#13260 = VERTEX_POINT('',#13261);
#13261 = CARTESIAN_POINT('',(6.121306018778,61.247345899935,0.));
#13262 = LINE('',#13263,#13264);
#13263 = CARTESIAN_POINT('',(6.121306018778,61.247345899935,0.));
#13264 = VECTOR('',#13265,1.);
#13265 = DIRECTION('',(0.,0.,1.));
#13266 = ORIENTED_EDGE('',*,*,#13267,.F.);
#13267 = EDGE_CURVE('',#13234,#13260,#13268,.T.);
#13268 = CIRCLE('',#13269,3.);
#13269 = AXIS2_PLACEMENT_3D('',#13270,#13271,#13272);
#13270 = CARTESIAN_POINT('',(8.02459,58.9284,0.));
#13271 = DIRECTION('',(-0.,0.,-1.));
#13272 = DIRECTION('',(-0.634421164253,-0.772987571924,0.));
#13273 = CYLINDRICAL_SURFACE('',#13274,3.);
#13274 = AXIS2_PLACEMENT_3D('',#13275,#13276,#13277);
#13275 = CARTESIAN_POINT('',(8.02459,58.9284,0.));
#13276 = DIRECTION('',(0.,0.,-1.));
#13277 = DIRECTION('',(-0.634421164253,-0.772987571924,0.));
#13278 = ADVANCED_FACE('',(#13279),#13297,.F.);
#13279 = FACE_BOUND('',#13280,.F.);
#13280 = EDGE_LOOP('',(#13281,#13289,#13290,#13291));
#13281 = ORIENTED_EDGE('',*,*,#13282,.T.);
#13282 = EDGE_CURVE('',#13283,#7959,#13285,.T.);
#13283 = VERTEX_POINT('',#13284);
#13284 = CARTESIAN_POINT('',(6.727456018778,61.744845899935,0.));
#13285 = LINE('',#13286,#13287);
#13286 = CARTESIAN_POINT('',(6.727456018778,61.744845899935,0.));
#13287 = VECTOR('',#13288,1.);
#13288 = DIRECTION('',(0.,0.,1.));
#13289 = ORIENTED_EDGE('',*,*,#7967,.T.);
#13290 = ORIENTED_EDGE('',*,*,#13259,.F.);
#13291 = ORIENTED_EDGE('',*,*,#13292,.F.);
#13292 = EDGE_CURVE('',#13283,#13260,#13293,.T.);
#13293 = LINE('',#13294,#13295);
#13294 = CARTESIAN_POINT('',(6.727456018778,61.744845899935,0.));
#13295 = VECTOR('',#13296,1.);
#13296 = DIRECTION('',(-0.772981966645,-0.634427993741,0.));
#13297 = PLANE('',#13298);
#13298 = AXIS2_PLACEMENT_3D('',#13299,#13300,#13301);
#13299 = CARTESIAN_POINT('',(6.727456018778,61.744845899935,0.));
#13300 = DIRECTION('',(0.634427993741,-0.772981966645,0.));
#13301 = DIRECTION('',(-0.772981966645,-0.634427993741,0.));
#13302 = ADVANCED_FACE('',(#13303),#13322,.T.);
#13303 = FACE_BOUND('',#13304,.T.);
#13304 = EDGE_LOOP('',(#13305,#13306,#13307,#13315));
#13305 = ORIENTED_EDGE('',*,*,#13282,.T.);
#13306 = ORIENTED_EDGE('',*,*,#7958,.T.);
#13307 = ORIENTED_EDGE('',*,*,#13308,.F.);
#13308 = EDGE_CURVE('',#13309,#7951,#13311,.T.);
#13309 = VERTEX_POINT('',#13310);
#13310 = CARTESIAN_POINT('',(7.216656416184,62.071720783421,0.));
#13311 = LINE('',#13312,#13313);
#13312 = CARTESIAN_POINT('',(7.216656416184,62.071720783421,0.));
#13313 = VECTOR('',#13314,1.);
#13314 = DIRECTION('',(0.,0.,1.));
#13315 = ORIENTED_EDGE('',*,*,#13316,.F.);
#13316 = EDGE_CURVE('',#13283,#13309,#13317,.T.);
#13317 = CIRCLE('',#13318,3.);
#13318 = AXIS2_PLACEMENT_3D('',#13319,#13320,#13321);
#13319 = CARTESIAN_POINT('',(8.63074,59.4259,0.));
#13320 = DIRECTION('',(-0.,0.,-1.));
#13321 = DIRECTION('',(-0.772981966645,-0.634427993741,0.));
#13322 = CYLINDRICAL_SURFACE('',#13323,3.);
#13323 = AXIS2_PLACEMENT_3D('',#13324,#13325,#13326);
#13324 = CARTESIAN_POINT('',(8.63074,59.4259,0.));
#13325 = DIRECTION('',(0.,0.,-1.));
#13326 = DIRECTION('',(-0.772981966645,-0.634427993741,0.));
#13327 = ADVANCED_FACE('',(#13328),#13346,.F.);
#13328 = FACE_BOUND('',#13329,.F.);
#13329 = EDGE_LOOP('',(#13330,#13338,#13339,#13340));
#13330 = ORIENTED_EDGE('',*,*,#13331,.T.);
#13331 = EDGE_CURVE('',#13332,#7942,#13334,.T.);
#13332 = VERTEX_POINT('',#13333);
#13333 = CARTESIAN_POINT('',(7.908196416184,62.441320783421,0.));
#13334 = LINE('',#13335,#13336);
#13335 = CARTESIAN_POINT('',(7.908196416184,62.441320783421,0.));
#13336 = VECTOR('',#13337,1.);
#13337 = DIRECTION('',(0.,0.,1.));
#13338 = ORIENTED_EDGE('',*,*,#7950,.T.);
#13339 = ORIENTED_EDGE('',*,*,#13308,.F.);
#13340 = ORIENTED_EDGE('',*,*,#13341,.F.);
#13341 = EDGE_CURVE('',#13332,#13309,#13342,.T.);
#13342 = LINE('',#13343,#13344);
#13343 = CARTESIAN_POINT('',(7.908196416184,62.441320783421,0.));
#13344 = VECTOR('',#13345,1.);
#13345 = DIRECTION('',(-0.88194026114,-0.471361194605,0.));
#13346 = PLANE('',#13347);
#13347 = AXIS2_PLACEMENT_3D('',#13348,#13349,#13350);
#13348 = CARTESIAN_POINT('',(7.908196416184,62.441320783421,0.));
#13349 = DIRECTION('',(0.471361194605,-0.88194026114,0.));
#13350 = DIRECTION('',(-0.88194026114,-0.471361194605,0.));
#13351 = ADVANCED_FACE('',(#13352),#13371,.T.);
#13352 = FACE_BOUND('',#13353,.T.);
#13353 = EDGE_LOOP('',(#13354,#13355,#13356,#13364));
#13354 = ORIENTED_EDGE('',*,*,#13331,.T.);
#13355 = ORIENTED_EDGE('',*,*,#7941,.T.);
#13356 = ORIENTED_EDGE('',*,*,#13357,.F.);
#13357 = EDGE_CURVE('',#13358,#7934,#13360,.T.);
#13358 = VERTEX_POINT('',#13359);
#13359 = CARTESIAN_POINT('',(8.451557056756,62.666360769196,0.));
#13360 = LINE('',#13361,#13362);
#13361 = CARTESIAN_POINT('',(8.451557056756,62.666360769196,0.));
#13362 = VECTOR('',#13363,1.);
#13363 = DIRECTION('',(0.,0.,1.));
#13364 = ORIENTED_EDGE('',*,*,#13365,.F.);
#13365 = EDGE_CURVE('',#13332,#13358,#13366,.T.);
#13366 = CIRCLE('',#13367,3.);
#13367 = AXIS2_PLACEMENT_3D('',#13368,#13369,#13370);
#13368 = CARTESIAN_POINT('',(9.32228,59.7955,0.));
#13369 = DIRECTION('',(-0.,0.,-1.));
#13370 = DIRECTION('',(-0.88194026114,-0.471361194605,0.));
#13371 = CYLINDRICAL_SURFACE('',#13372,3.);
#13372 = AXIS2_PLACEMENT_3D('',#13373,#13374,#13375);
#13373 = CARTESIAN_POINT('',(9.32228,59.7955,0.));
#13374 = DIRECTION('',(0.,0.,-1.));
#13375 = DIRECTION('',(-0.88194026114,-0.471361194605,0.));
#13376 = ADVANCED_FACE('',(#13377),#13395,.F.);
#13377 = FACE_BOUND('',#13378,.F.);
#13378 = EDGE_LOOP('',(#13379,#13387,#13388,#13389));
#13379 = ORIENTED_EDGE('',*,*,#13380,.T.);
#13380 = EDGE_CURVE('',#13381,#7925,#13383,.T.);
#13381 = VERTEX_POINT('',#13382);
#13382 = CARTESIAN_POINT('',(9.201977056756,62.893960769196,0.));
#13383 = LINE('',#13384,#13385);
#13384 = CARTESIAN_POINT('',(9.201977056756,62.893960769196,0.));
#13385 = VECTOR('',#13386,1.);
#13386 = DIRECTION('',(0.,0.,1.));
#13387 = ORIENTED_EDGE('',*,*,#7933,.T.);
#13388 = ORIENTED_EDGE('',*,*,#13357,.F.);
#13389 = ORIENTED_EDGE('',*,*,#13390,.F.);
#13390 = EDGE_CURVE('',#13381,#13358,#13391,.T.);
#13391 = LINE('',#13392,#13393);
#13392 = CARTESIAN_POINT('',(9.201977056756,62.893960769196,0.));
#13393 = VECTOR('',#13394,1.);
#13394 = DIRECTION('',(-0.956953589732,-0.290240981081,0.));
#13395 = PLANE('',#13396);
#13396 = AXIS2_PLACEMENT_3D('',#13397,#13398,#13399);
#13397 = CARTESIAN_POINT('',(9.201977056756,62.893960769196,0.));
#13398 = DIRECTION('',(0.290240981081,-0.956953589732,0.));
#13399 = DIRECTION('',(-0.956953589732,-0.290240981081,0.));
#13400 = ADVANCED_FACE('',(#13401),#13420,.T.);
#13401 = FACE_BOUND('',#13402,.T.);
#13402 = EDGE_LOOP('',(#13403,#13404,#13405,#13413));
#13403 = ORIENTED_EDGE('',*,*,#13380,.T.);
#13404 = ORIENTED_EDGE('',*,*,#7924,.T.);
#13405 = ORIENTED_EDGE('',*,*,#13406,.F.);
#13406 = EDGE_CURVE('',#13407,#7917,#13409,.T.);
#13407 = VERTEX_POINT('',#13408);
#13408 = CARTESIAN_POINT('',(9.778469880092,63.008636574309,0.));
#13409 = LINE('',#13410,#13411);
#13410 = CARTESIAN_POINT('',(9.778469880092,63.008636574309,0.));
#13411 = VECTOR('',#13412,1.);
#13412 = DIRECTION('',(0.,0.,1.));
#13413 = ORIENTED_EDGE('',*,*,#13414,.F.);
#13414 = EDGE_CURVE('',#13381,#13407,#13415,.T.);
#13415 = CIRCLE('',#13416,3.);
#13416 = AXIS2_PLACEMENT_3D('',#13417,#13418,#13419);
#13417 = CARTESIAN_POINT('',(10.0727,60.0231,0.));
#13418 = DIRECTION('',(-0.,0.,-1.));
#13419 = DIRECTION('',(-0.956953589732,-0.290240981081,0.));
#13420 = CYLINDRICAL_SURFACE('',#13421,3.);
#13421 = AXIS2_PLACEMENT_3D('',#13422,#13423,#13424);
#13422 = CARTESIAN_POINT('',(10.0727,60.0231,0.));
#13423 = DIRECTION('',(0.,0.,-1.));
#13424 = DIRECTION('',(-0.956953589732,-0.290240981081,0.));
#13425 = ADVANCED_FACE('',(#13426),#13444,.F.);
#13426 = FACE_BOUND('',#13427,.F.);
#13427 = EDGE_LOOP('',(#13428,#13436,#13437,#13438));
#13428 = ORIENTED_EDGE('',*,*,#13429,.T.);
#13429 = EDGE_CURVE('',#13430,#7908,#13432,.T.);
#13430 = VERTEX_POINT('',#13431);
#13431 = CARTESIAN_POINT('',(10.558769880092,63.085536574309,0.));
#13432 = LINE('',#13433,#13434);
#13433 = CARTESIAN_POINT('',(10.558769880092,63.085536574309,0.));
#13434 = VECTOR('',#13435,1.);
#13435 = DIRECTION('',(0.,0.,1.));
#13436 = ORIENTED_EDGE('',*,*,#7916,.T.);
#13437 = ORIENTED_EDGE('',*,*,#13406,.F.);
#13438 = ORIENTED_EDGE('',*,*,#13439,.F.);
#13439 = EDGE_CURVE('',#13430,#13407,#13440,.T.);
#13440 = LINE('',#13441,#13442);
#13441 = CARTESIAN_POINT('',(10.558769880092,63.085536574309,0.));
#13442 = VECTOR('',#13443,1.);
#13443 = DIRECTION('',(-0.995178858103,-9.807670663608E-02,0.));
#13444 = PLANE('',#13445);
#13445 = AXIS2_PLACEMENT_3D('',#13446,#13447,#13448);
#13446 = CARTESIAN_POINT('',(10.558769880092,63.085536574309,0.));
#13447 = DIRECTION('',(9.807670663608E-02,-0.995178858103,0.));
#13448 = DIRECTION('',(-0.995178858103,-9.807670663608E-02,0.));
#13449 = ADVANCED_FACE('',(#13450),#13469,.T.);
#13450 = FACE_BOUND('',#13451,.T.);
#13451 = EDGE_LOOP('',(#13452,#13453,#13454,#13462));
#13452 = ORIENTED_EDGE('',*,*,#13429,.T.);
#13453 = ORIENTED_EDGE('',*,*,#7907,.T.);
#13454 = ORIENTED_EDGE('',*,*,#13455,.F.);
#13455 = EDGE_CURVE('',#13456,#7900,#13458,.T.);
#13456 = VERTEX_POINT('',#13457);
#13457 = CARTESIAN_POINT('',(10.853,63.1,0.));
#13458 = LINE('',#13459,#13460);
#13459 = CARTESIAN_POINT('',(10.853,63.1,0.));
#13460 = VECTOR('',#13461,1.);
#13461 = DIRECTION('',(0.,0.,1.));
#13462 = ORIENTED_EDGE('',*,*,#13463,.F.);
#13463 = EDGE_CURVE('',#13430,#13456,#13464,.T.);
#13464 = CIRCLE('',#13465,3.);
#13465 = AXIS2_PLACEMENT_3D('',#13466,#13467,#13468);
#13466 = CARTESIAN_POINT('',(10.853,60.1,0.));
#13467 = DIRECTION('',(-0.,0.,-1.));
#13468 = DIRECTION('',(-0.995178858103,-9.807670663608E-02,0.));
#13469 = CYLINDRICAL_SURFACE('',#13470,3.);
#13470 = AXIS2_PLACEMENT_3D('',#13471,#13472,#13473);
#13471 = CARTESIAN_POINT('',(10.853,60.1,0.));
#13472 = DIRECTION('',(0.,0.,-1.));
#13473 = DIRECTION('',(-0.995178858103,-9.807670663608E-02,0.));
#13474 = ADVANCED_FACE('',(#13475),#13493,.F.);
#13475 = FACE_BOUND('',#13476,.F.);
#13476 = EDGE_LOOP('',(#13477,#13485,#13486,#13487));
#13477 = ORIENTED_EDGE('',*,*,#13478,.T.);
#13478 = EDGE_CURVE('',#13479,#7892,#13481,.T.);
#13479 = VERTEX_POINT('',#13480);
#13480 = CARTESIAN_POINT('',(18.093736718091,63.1,0.));
#13481 = LINE('',#13482,#13483);
#13482 = CARTESIAN_POINT('',(18.093736718091,63.1,0.));
#13483 = VECTOR('',#13484,1.);
#13484 = DIRECTION('',(0.,0.,1.));
#13485 = ORIENTED_EDGE('',*,*,#7899,.T.);
#13486 = ORIENTED_EDGE('',*,*,#13455,.F.);
#13487 = ORIENTED_EDGE('',*,*,#13488,.F.);
#13488 = EDGE_CURVE('',#13479,#13456,#13489,.T.);
#13489 = LINE('',#13490,#13491);
#13490 = CARTESIAN_POINT('',(18.1674,63.1,0.));
#13491 = VECTOR('',#13492,1.);
#13492 = DIRECTION('',(-1.,0.,0.));
#13493 = PLANE('',#13494);
#13494 = AXIS2_PLACEMENT_3D('',#13495,#13496,#13497);
#13495 = CARTESIAN_POINT('',(18.093736718091,63.1,0.));
#13496 = DIRECTION('',(0.,-1.,0.));
#13497 = DIRECTION('',(-1.,0.,0.));
#13498 = ADVANCED_FACE('',(#13499),#13517,.F.);
#13499 = FACE_BOUND('',#13500,.F.);
#13500 = EDGE_LOOP('',(#13501,#13509,#13510,#13511));
#13501 = ORIENTED_EDGE('',*,*,#13502,.T.);
#13502 = EDGE_CURVE('',#13503,#7884,#13505,.T.);
#13503 = VERTEX_POINT('',#13504);
#13504 = CARTESIAN_POINT('',(18.582658082412,63.124024853256,0.));
#13505 = LINE('',#13506,#13507);
#13506 = CARTESIAN_POINT('',(18.582658082412,63.124024853256,0.));
#13507 = VECTOR('',#13508,1.);
#13508 = DIRECTION('',(0.,0.,1.));
#13509 = ORIENTED_EDGE('',*,*,#7891,.T.);
#13510 = ORIENTED_EDGE('',*,*,#13478,.F.);
#13511 = ORIENTED_EDGE('',*,*,#13512,.F.);
#13512 = EDGE_CURVE('',#13503,#13479,#13513,.T.);
#13513 = LINE('',#13514,#13515);
#13514 = CARTESIAN_POINT('',(18.803662208776,63.134884660359,0.));
#13515 = VECTOR('',#13516,1.);
#13516 = DIRECTION('',(-0.998794886786,-4.907926374126E-02,0.));
#13517 = PLANE('',#13518);
#13518 = AXIS2_PLACEMENT_3D('',#13519,#13520,#13521);
#13519 = CARTESIAN_POINT('',(18.582658082412,63.124024853256,0.));
#13520 = DIRECTION('',(4.907926374126E-02,-0.998794886786,0.));
#13521 = DIRECTION('',(-0.998794886786,-4.907926374126E-02,0.));
#13522 = ADVANCED_FACE('',(#13523),#13541,.F.);
#13523 = FACE_BOUND('',#13524,.F.);
#13524 = EDGE_LOOP('',(#13525,#13533,#13534,#13535));
#13525 = ORIENTED_EDGE('',*,*,#13526,.T.);
#13526 = EDGE_CURVE('',#13527,#7876,#13529,.T.);
#13527 = VERTEX_POINT('',#13528);
#13528 = CARTESIAN_POINT('',(19.707240685264,63.347714355908,0.));
#13529 = LINE('',#13530,#13531);
#13530 = CARTESIAN_POINT('',(19.707240685264,63.347714355908,0.));
#13531 = VECTOR('',#13532,1.);
#13532 = DIRECTION('',(0.,0.,1.));
#13533 = ORIENTED_EDGE('',*,*,#7883,.T.);
#13534 = ORIENTED_EDGE('',*,*,#13502,.F.);
#13535 = ORIENTED_EDGE('',*,*,#13536,.F.);
#13536 = EDGE_CURVE('',#13527,#13503,#13537,.T.);
#13537 = LINE('',#13538,#13539);
#13538 = CARTESIAN_POINT('',(19.99703881229,63.405357786225,0.));
#13539 = VECTOR('',#13540,1.);
#13540 = DIRECTION('',(-0.980785928742,-0.19508706257,0.));
#13541 = PLANE('',#13542);
#13542 = AXIS2_PLACEMENT_3D('',#13543,#13544,#13545);
#13543 = CARTESIAN_POINT('',(19.707240685264,63.347714355908,0.));
#13544 = DIRECTION('',(0.19508706257,-0.980785928742,0.));
#13545 = DIRECTION('',(-0.980785928742,-0.19508706257,0.));
#13546 = ADVANCED_FACE('',(#13547),#13565,.F.);
#13547 = FACE_BOUND('',#13548,.F.);
#13548 = EDGE_LOOP('',(#13549,#13557,#13558,#13559));
#13549 = ORIENTED_EDGE('',*,*,#13550,.T.);
#13550 = EDGE_CURVE('',#13551,#7868,#13553,.T.);
#13551 = VERTEX_POINT('',#13552);
#13552 = CARTESIAN_POINT('',(20.60664560262,63.720257405597,0.));
#13553 = LINE('',#13554,#13555);
#13554 = CARTESIAN_POINT('',(20.60664560262,63.720257405597,0.));
#13555 = VECTOR('',#13556,1.);
#13556 = DIRECTION('',(0.,0.,1.));
#13557 = ORIENTED_EDGE('',*,*,#7875,.T.);
#13558 = ORIENTED_EDGE('',*,*,#13526,.F.);
#13559 = ORIENTED_EDGE('',*,*,#13560,.F.);
#13560 = EDGE_CURVE('',#13551,#13527,#13561,.T.);
#13561 = LINE('',#13562,#13563);
#13562 = CARTESIAN_POINT('',(20.879656713154,63.833341501264,0.));
#13563 = VECTOR('',#13564,1.);
#13564 = DIRECTION('',(-0.923880500421,-0.382681095615,0.));
#13565 = PLANE('',#13566);
#13566 = AXIS2_PLACEMENT_3D('',#13567,#13568,#13569);
#13567 = CARTESIAN_POINT('',(20.60664560262,63.720257405597,0.));
#13568 = DIRECTION('',(0.382681095615,-0.923880500421,0.));
#13569 = DIRECTION('',(-0.923880500421,-0.382681095615,0.));
#13570 = ADVANCED_FACE('',(#13571),#13589,.F.);
#13571 = FACE_BOUND('',#13572,.F.);
#13572 = EDGE_LOOP('',(#13573,#13581,#13582,#13583));
#13573 = ORIENTED_EDGE('',*,*,#13574,.T.);
#13574 = EDGE_CURVE('',#13575,#7860,#13577,.T.);
#13575 = VERTEX_POINT('',#13576);
#13576 = CARTESIAN_POINT('',(21.41614947838,64.261171280759,0.));
#13577 = LINE('',#13578,#13579);
#13578 = CARTESIAN_POINT('',(21.41614947838,64.261171280759,0.));
#13579 = VECTOR('',#13580,1.);
#13580 = DIRECTION('',(0.,0.,1.));
#13581 = ORIENTED_EDGE('',*,*,#7867,.T.);
#13582 = ORIENTED_EDGE('',*,*,#13550,.F.);
#13583 = ORIENTED_EDGE('',*,*,#13584,.F.);
#13584 = EDGE_CURVE('',#13575,#13551,#13585,.T.);
#13585 = LINE('',#13586,#13587);
#13586 = CARTESIAN_POINT('',(21.661745251165,64.425279403226,0.));
#13587 = VECTOR('',#13588,1.);
#13588 = DIRECTION('',(-0.831459801075,-0.555584916278,0.));
#13589 = PLANE('',#13590);
#13590 = AXIS2_PLACEMENT_3D('',#13591,#13592,#13593);
#13591 = CARTESIAN_POINT('',(21.41614947838,64.261171280759,0.));
#13592 = DIRECTION('',(0.555584916278,-0.831459801075,0.));
#13593 = DIRECTION('',(-0.831459801075,-0.555584916278,0.));
#13594 = ADVANCED_FACE('',(#13595),#13613,.F.);
#13595 = FACE_BOUND('',#13596,.F.);
#13596 = EDGE_LOOP('',(#13597,#13605,#13606,#13607));
#13597 = ORIENTED_EDGE('',*,*,#13598,.T.);
#13598 = EDGE_CURVE('',#13599,#7852,#13601,.T.);
#13599 = VERTEX_POINT('',#13600);
#13600 = CARTESIAN_POINT('',(22.104577342592,64.949536917016,0.));
#13601 = LINE('',#13602,#13603);
#13602 = CARTESIAN_POINT('',(22.104577342592,64.949536917016,0.));
#13603 = VECTOR('',#13604,1.);
#13604 = DIRECTION('',(0.,0.,1.));
#13605 = ORIENTED_EDGE('',*,*,#7859,.T.);
#13606 = ORIENTED_EDGE('',*,*,#13574,.F.);
#13607 = ORIENTED_EDGE('',*,*,#13608,.F.);
#13608 = EDGE_CURVE('',#13599,#13575,#13609,.T.);
#13609 = LINE('',#13610,#13611);
#13610 = CARTESIAN_POINT('',(22.313575537493,65.158516220278,0.));
#13611 = VECTOR('',#13612,1.);
#13612 = DIRECTION('',(-0.707138740093,-0.707074820836,0.));
#13613 = PLANE('',#13614);
#13614 = AXIS2_PLACEMENT_3D('',#13615,#13616,#13617);
#13615 = CARTESIAN_POINT('',(22.104577342592,64.949536917016,0.));
#13616 = DIRECTION('',(0.707074820836,-0.707138740093,0.));
#13617 = DIRECTION('',(-0.707138740093,-0.707074820836,0.));
#13618 = ADVANCED_FACE('',(#13619),#13637,.F.);
#13619 = FACE_BOUND('',#13620,.F.);
#13620 = EDGE_LOOP('',(#13621,#13629,#13630,#13631));
#13621 = ORIENTED_EDGE('',*,*,#13622,.T.);
#13622 = EDGE_CURVE('',#13623,#7843,#13625,.T.);
#13623 = VERTEX_POINT('',#13624);
#13624 = CARTESIAN_POINT('',(22.912650743766,66.158925071179,0.));
#13625 = LINE('',#13626,#13627);
#13626 = CARTESIAN_POINT('',(22.912650743766,66.158925071179,0.));
#13627 = VECTOR('',#13628,1.);
#13628 = DIRECTION('',(0.,0.,1.));
#13629 = ORIENTED_EDGE('',*,*,#7851,.T.);
#13630 = ORIENTED_EDGE('',*,*,#13598,.F.);
#13631 = ORIENTED_EDGE('',*,*,#13632,.F.);
#13632 = EDGE_CURVE('',#13623,#13599,#13633,.T.);
#13633 = LINE('',#13634,#13635);
#13634 = CARTESIAN_POINT('',(22.994277892573,66.281090838152,0.));
#13635 = VECTOR('',#13636,1.);
#13636 = DIRECTION('',(-0.555563612717,-0.831474035809,0.));
#13637 = PLANE('',#13638);
#13638 = AXIS2_PLACEMENT_3D('',#13639,#13640,#13641);
#13639 = CARTESIAN_POINT('',(22.912650743766,66.158925071179,0.));
#13640 = DIRECTION('',(0.831474035809,-0.555563612717,0.));
#13641 = DIRECTION('',(-0.555563612717,-0.831474035809,0.));
#13642 = ADVANCED_FACE('',(#13643),#13662,.T.);
#13643 = FACE_BOUND('',#13644,.T.);
#13644 = EDGE_LOOP('',(#13645,#13646,#13647,#13655));
#13645 = ORIENTED_EDGE('',*,*,#13622,.T.);
#13646 = ORIENTED_EDGE('',*,*,#7842,.T.);
#13647 = ORIENTED_EDGE('',*,*,#13648,.F.);
#13648 = EDGE_CURVE('',#13649,#7835,#13651,.T.);
#13649 = VERTEX_POINT('',#13650);
#13650 = CARTESIAN_POINT('',(23.227431097684,66.625677790632,0.));
#13651 = LINE('',#13652,#13653);
#13652 = CARTESIAN_POINT('',(23.227431097684,66.625677790632,0.));
#13653 = VECTOR('',#13654,1.);
#13654 = DIRECTION('',(0.,0.,1.));
#13655 = ORIENTED_EDGE('',*,*,#13656,.F.);
#13656 = EDGE_CURVE('',#13623,#13649,#13657,.T.);
#13657 = CIRCLE('',#13658,3.);
#13658 = AXIS2_PLACEMENT_3D('',#13659,#13660,#13661);
#13659 = CARTESIAN_POINT('',(25.5463,64.7223,0.));
#13660 = DIRECTION('',(-0.,0.,-1.));
#13661 = DIRECTION('',(-0.470927681203,-0.882171819476,0.));
#13662 = CYLINDRICAL_SURFACE('',#13663,3.);
#13663 = AXIS2_PLACEMENT_3D('',#13664,#13665,#13666);
#13664 = CARTESIAN_POINT('',(25.5463,64.7223,0.));
#13665 = DIRECTION('',(0.,0.,-1.));
#13666 = DIRECTION('',(-0.470927681203,-0.882171819476,0.));
#13667 = ADVANCED_FACE('',(#13668),#13686,.F.);
#13668 = FACE_BOUND('',#13669,.F.);
#13669 = EDGE_LOOP('',(#13670,#13678,#13679,#13680));
#13670 = ORIENTED_EDGE('',*,*,#13671,.T.);
#13671 = EDGE_CURVE('',#13672,#7826,#13674,.T.);
#13672 = VERTEX_POINT('',#13673);
#13673 = CARTESIAN_POINT('',(23.724931097684,67.231777790632,0.));
#13674 = LINE('',#13675,#13676);
#13675 = CARTESIAN_POINT('',(23.724931097684,67.231777790632,0.));
#13676 = VECTOR('',#13677,1.);
#13677 = DIRECTION('',(0.,0.,1.));
#13678 = ORIENTED_EDGE('',*,*,#7834,.T.);
#13679 = ORIENTED_EDGE('',*,*,#13648,.F.);
#13680 = ORIENTED_EDGE('',*,*,#13681,.F.);
#13681 = EDGE_CURVE('',#13672,#13649,#13682,.T.);
#13682 = LINE('',#13683,#13684);
#13683 = CARTESIAN_POINT('',(23.724931097684,67.231777790632,0.));
#13684 = VECTOR('',#13685,1.);
#13685 = DIRECTION('',(-0.634459263544,-0.772956300772,0.));
#13686 = PLANE('',#13687);
#13687 = AXIS2_PLACEMENT_3D('',#13688,#13689,#13690);
#13688 = CARTESIAN_POINT('',(23.724931097684,67.231777790632,0.));
#13689 = DIRECTION('',(0.772956300772,-0.634459263544,0.));
#13690 = DIRECTION('',(-0.634459263544,-0.772956300772,0.));
#13691 = ADVANCED_FACE('',(#13692),#13711,.T.);
#13692 = FACE_BOUND('',#13693,.T.);
#13693 = EDGE_LOOP('',(#13694,#13695,#13696,#13704));
#13694 = ORIENTED_EDGE('',*,*,#13671,.T.);
#13695 = ORIENTED_EDGE('',*,*,#7825,.T.);
#13696 = ORIENTED_EDGE('',*,*,#13697,.F.);
#13697 = EDGE_CURVE('',#13698,#7818,#13700,.T.);
#13698 = VERTEX_POINT('',#13699);
#13699 = CARTESIAN_POINT('',(24.140422209368,67.647268902316,0.));
#13700 = LINE('',#13701,#13702);
#13701 = CARTESIAN_POINT('',(24.140422209368,67.647268902316,0.));
#13702 = VECTOR('',#13703,1.);
#13703 = DIRECTION('',(0.,0.,1.));
#13704 = ORIENTED_EDGE('',*,*,#13705,.F.);
#13705 = EDGE_CURVE('',#13672,#13698,#13706,.T.);
#13706 = CIRCLE('',#13707,3.);
#13707 = AXIS2_PLACEMENT_3D('',#13708,#13709,#13710);
#13708 = CARTESIAN_POINT('',(26.0438,65.3284,0.));
#13709 = DIRECTION('',(-0.,0.,-1.));
#13710 = DIRECTION('',(-0.634459263544,-0.772956300772,0.));
#13711 = CYLINDRICAL_SURFACE('',#13712,3.);
#13712 = AXIS2_PLACEMENT_3D('',#13713,#13714,#13715);
#13713 = CARTESIAN_POINT('',(26.0438,65.3284,0.));
#13714 = DIRECTION('',(0.,0.,-1.));
#13715 = DIRECTION('',(-0.634459263544,-0.772956300772,0.));
#13716 = ADVANCED_FACE('',(#13717),#13735,.F.);
#13717 = FACE_BOUND('',#13718,.F.);
#13718 = EDGE_LOOP('',(#13719,#13727,#13728,#13729));
#13719 = ORIENTED_EDGE('',*,*,#13720,.T.);
#13720 = EDGE_CURVE('',#13721,#7809,#13723,.T.);
#13721 = VERTEX_POINT('',#13722);
#13722 = CARTESIAN_POINT('',(24.746522209368,68.144768902316,0.));
#13723 = LINE('',#13724,#13725);
#13724 = CARTESIAN_POINT('',(24.746522209368,68.144768902316,0.));
#13725 = VECTOR('',#13726,1.);
#13726 = DIRECTION('',(0.,0.,1.));
#13727 = ORIENTED_EDGE('',*,*,#7817,.T.);
#13728 = ORIENTED_EDGE('',*,*,#13697,.F.);
#13729 = ORIENTED_EDGE('',*,*,#13730,.F.);
#13730 = EDGE_CURVE('',#13721,#13698,#13731,.T.);
#13731 = LINE('',#13732,#13733);
#13732 = CARTESIAN_POINT('',(24.746522209368,68.144768902316,0.));
#13733 = VECTOR('',#13734,1.);
#13734 = DIRECTION('',(-0.772956300772,-0.634459263544,0.));
#13735 = PLANE('',#13736);
#13736 = AXIS2_PLACEMENT_3D('',#13737,#13738,#13739);
#13737 = CARTESIAN_POINT('',(24.746522209368,68.144768902316,0.));
#13738 = DIRECTION('',(0.634459263544,-0.772956300772,0.));
#13739 = DIRECTION('',(-0.772956300772,-0.634459263544,0.));
#13740 = ADVANCED_FACE('',(#13741),#13760,.T.);
#13741 = FACE_BOUND('',#13742,.T.);
#13742 = EDGE_LOOP('',(#13743,#13744,#13745,#13753));
#13743 = ORIENTED_EDGE('',*,*,#13720,.T.);
#13744 = ORIENTED_EDGE('',*,*,#7808,.T.);
#13745 = ORIENTED_EDGE('',*,*,#13746,.F.);
#13746 = EDGE_CURVE('',#13747,#7801,#13749,.T.);
#13747 = VERTEX_POINT('',#13748);
#13748 = CARTESIAN_POINT('',(25.2359118412,68.471771781998,0.));
#13749 = LINE('',#13750,#13751);
#13750 = CARTESIAN_POINT('',(25.2359118412,68.471771781998,0.));
#13751 = VECTOR('',#13752,1.);
#13752 = DIRECTION('',(0.,0.,1.));
#13753 = ORIENTED_EDGE('',*,*,#13754,.F.);
#13754 = EDGE_CURVE('',#13721,#13747,#13755,.T.);
#13755 = CIRCLE('',#13756,3.);
#13756 = AXIS2_PLACEMENT_3D('',#13757,#13758,#13759);
#13757 = CARTESIAN_POINT('',(26.6499,65.8259,0.));
#13758 = DIRECTION('',(-0.,0.,-1.));
#13759 = DIRECTION('',(-0.772956300772,-0.634459263544,0.));
#13760 = CYLINDRICAL_SURFACE('',#13761,3.);
#13761 = AXIS2_PLACEMENT_3D('',#13762,#13763,#13764);
#13762 = CARTESIAN_POINT('',(26.6499,65.8259,0.));
#13763 = DIRECTION('',(0.,0.,-1.));
#13764 = DIRECTION('',(-0.772956300772,-0.634459263544,0.));
#13765 = ADVANCED_FACE('',(#13766),#13784,.F.);
#13766 = FACE_BOUND('',#13767,.F.);
#13767 = EDGE_LOOP('',(#13768,#13776,#13777,#13778));
#13768 = ORIENTED_EDGE('',*,*,#13769,.T.);
#13769 = EDGE_CURVE('',#13770,#7792,#13772,.T.);
#13770 = VERTEX_POINT('',#13771);
#13771 = CARTESIAN_POINT('',(25.9275118412,68.841371781998,0.));
#13772 = LINE('',#13773,#13774);
#13773 = CARTESIAN_POINT('',(25.9275118412,68.841371781998,0.));
#13774 = VECTOR('',#13775,1.);
#13775 = DIRECTION('',(0.,0.,1.));
#13776 = ORIENTED_EDGE('',*,*,#7800,.T.);
#13777 = ORIENTED_EDGE('',*,*,#13746,.F.);
#13778 = ORIENTED_EDGE('',*,*,#13779,.F.);
#13779 = EDGE_CURVE('',#13770,#13747,#13780,.T.);
#13780 = LINE('',#13781,#13782);
#13781 = CARTESIAN_POINT('',(25.9275118412,68.841371781998,0.));
#13782 = VECTOR('',#13783,1.);
#13783 = DIRECTION('',(-0.881957260666,-0.471329386267,0.));
#13784 = PLANE('',#13785);
#13785 = AXIS2_PLACEMENT_3D('',#13786,#13787,#13788);
#13786 = CARTESIAN_POINT('',(25.9275118412,68.841371781998,0.));
#13787 = DIRECTION('',(0.471329386267,-0.881957260666,0.));
#13788 = DIRECTION('',(-0.881957260666,-0.471329386267,0.));
#13789 = ADVANCED_FACE('',(#13790),#13809,.T.);
#13790 = FACE_BOUND('',#13791,.T.);
#13791 = EDGE_LOOP('',(#13792,#13793,#13794,#13802));
#13792 = ORIENTED_EDGE('',*,*,#13769,.T.);
#13793 = ORIENTED_EDGE('',*,*,#7791,.T.);
#13794 = ORIENTED_EDGE('',*,*,#13795,.F.);
#13795 = EDGE_CURVE('',#13796,#7784,#13798,.T.);
#13796 = VERTEX_POINT('',#13797);
#13797 = CARTESIAN_POINT('',(26.470649530602,69.066322087826,0.));
#13798 = LINE('',#13799,#13800);
#13799 = CARTESIAN_POINT('',(26.470649530602,69.066322087826,0.));
#13800 = VECTOR('',#13801,1.);
#13801 = DIRECTION('',(0.,0.,1.));
#13802 = ORIENTED_EDGE('',*,*,#13803,.F.);
#13803 = EDGE_CURVE('',#13770,#13796,#13804,.T.);
#13804 = CIRCLE('',#13805,3.);
#13805 = AXIS2_PLACEMENT_3D('',#13806,#13807,#13808);
#13806 = CARTESIAN_POINT('',(27.3415,66.1955,0.));
#13807 = DIRECTION('',(-0.,0.,-1.));
#13808 = DIRECTION('',(-0.881957260666,-0.471329386267,0.));
#13809 = CYLINDRICAL_SURFACE('',#13810,3.);
#13810 = AXIS2_PLACEMENT_3D('',#13811,#13812,#13813);
#13811 = CARTESIAN_POINT('',(27.3415,66.1955,0.));
#13812 = DIRECTION('',(0.,0.,-1.));
#13813 = DIRECTION('',(-0.881957260666,-0.471329386267,0.));
#13814 = ADVANCED_FACE('',(#13815),#13833,.F.);
#13815 = FACE_BOUND('',#13816,.F.);
#13816 = EDGE_LOOP('',(#13817,#13825,#13826,#13827));
#13817 = ORIENTED_EDGE('',*,*,#13818,.T.);
#13818 = EDGE_CURVE('',#13819,#7775,#13821,.T.);
#13819 = VERTEX_POINT('',#13820);
#13820 = CARTESIAN_POINT('',(27.220949530602,69.293922087826,0.));
#13821 = LINE('',#13822,#13823);
#13822 = CARTESIAN_POINT('',(27.220949530602,69.293922087826,0.));
#13823 = VECTOR('',#13824,1.);
#13824 = DIRECTION('',(0.,0.,1.));
#13825 = ORIENTED_EDGE('',*,*,#7783,.T.);
#13826 = ORIENTED_EDGE('',*,*,#13795,.F.);
#13827 = ORIENTED_EDGE('',*,*,#13828,.F.);
#13828 = EDGE_CURVE('',#13819,#13796,#13829,.T.);
#13829 = LINE('',#13830,#13831);
#13830 = CARTESIAN_POINT('',(27.220949530602,69.293922087826,0.));
#13831 = VECTOR('',#13832,1.);
#13832 = DIRECTION('',(-0.956940695942,-0.290283489799,0.));
#13833 = PLANE('',#13834);
#13834 = AXIS2_PLACEMENT_3D('',#13835,#13836,#13837);
#13835 = CARTESIAN_POINT('',(27.220949530602,69.293922087826,0.));
#13836 = DIRECTION('',(0.290283489799,-0.956940695942,0.));
#13837 = DIRECTION('',(-0.956940695942,-0.290283489799,0.));
#13838 = ADVANCED_FACE('',(#13839),#13858,.T.);
#13839 = FACE_BOUND('',#13840,.T.);
#13840 = EDGE_LOOP('',(#13841,#13842,#13843,#13851));
#13841 = ORIENTED_EDGE('',*,*,#13818,.T.);
#13842 = ORIENTED_EDGE('',*,*,#7774,.T.);
#13843 = ORIENTED_EDGE('',*,*,#13844,.F.);
#13844 = EDGE_CURVE('',#13845,#7767,#13847,.T.);
#13845 = VERTEX_POINT('',#13846);
#13846 = CARTESIAN_POINT('',(27.797607219975,69.408640253988,0.));
#13847 = LINE('',#13848,#13849);
#13848 = CARTESIAN_POINT('',(27.797607219975,69.408640253988,0.));
#13849 = VECTOR('',#13850,1.);
#13850 = DIRECTION('',(0.,0.,1.));
#13851 = ORIENTED_EDGE('',*,*,#13852,.F.);
#13852 = EDGE_CURVE('',#13819,#13845,#13853,.T.);
#13853 = CIRCLE('',#13854,3.);
#13854 = AXIS2_PLACEMENT_3D('',#13855,#13856,#13857);
#13855 = CARTESIAN_POINT('',(28.0918,66.4231,0.));
#13856 = DIRECTION('',(-0.,0.,-1.));
#13857 = DIRECTION('',(-0.956940695942,-0.290283489799,0.));
#13858 = CYLINDRICAL_SURFACE('',#13859,3.);
#13859 = AXIS2_PLACEMENT_3D('',#13860,#13861,#13862);
#13860 = CARTESIAN_POINT('',(28.0918,66.4231,0.));
#13861 = DIRECTION('',(0.,0.,-1.));
#13862 = DIRECTION('',(-0.956940695942,-0.290283489799,0.));
#13863 = ADVANCED_FACE('',(#13864),#13882,.F.);
#13864 = FACE_BOUND('',#13865,.F.);
#13865 = EDGE_LOOP('',(#13866,#13874,#13875,#13876));
#13866 = ORIENTED_EDGE('',*,*,#13867,.T.);
#13867 = EDGE_CURVE('',#13868,#7758,#13870,.T.);
#13868 = VERTEX_POINT('',#13869);
#13869 = CARTESIAN_POINT('',(28.578007219975,69.485540253988,0.));
#13870 = LINE('',#13871,#13872);
#13871 = CARTESIAN_POINT('',(28.578007219975,69.485540253988,0.));
#13872 = VECTOR('',#13873,1.);
#13873 = DIRECTION('',(0.,0.,1.));
#13874 = ORIENTED_EDGE('',*,*,#7766,.T.);
#13875 = ORIENTED_EDGE('',*,*,#13844,.F.);
#13876 = ORIENTED_EDGE('',*,*,#13877,.F.);
#13877 = EDGE_CURVE('',#13868,#13845,#13878,.T.);
#13878 = LINE('',#13879,#13880);
#13879 = CARTESIAN_POINT('',(28.578007219975,69.485540253988,0.));
#13880 = VECTOR('',#13881,1.);
#13881 = DIRECTION('',(-0.995180084663,-9.806426000839E-02,0.));
#13882 = PLANE('',#13883);
#13883 = AXIS2_PLACEMENT_3D('',#13884,#13885,#13886);
#13884 = CARTESIAN_POINT('',(28.578007219975,69.485540253988,0.));
#13885 = DIRECTION('',(9.806426000839E-02,-0.995180084663,0.));
#13886 = DIRECTION('',(-0.995180084663,-9.806426000839E-02,0.));
#13887 = ADVANCED_FACE('',(#13888),#13907,.T.);
#13888 = FACE_BOUND('',#13889,.T.);
#13889 = EDGE_LOOP('',(#13890,#13891,#13892,#13900));
#13890 = ORIENTED_EDGE('',*,*,#13867,.T.);
#13891 = ORIENTED_EDGE('',*,*,#7757,.T.);
#13892 = ORIENTED_EDGE('',*,*,#13893,.F.);
#13893 = EDGE_CURVE('',#13894,#7750,#13896,.T.);
#13894 = VERTEX_POINT('',#13895);
#13895 = CARTESIAN_POINT('',(28.8722,69.5,0.));
#13896 = LINE('',#13897,#13898);
#13897 = CARTESIAN_POINT('',(28.8722,69.5,0.));
#13898 = VECTOR('',#13899,1.);
#13899 = DIRECTION('',(0.,0.,1.));
#13900 = ORIENTED_EDGE('',*,*,#13901,.F.);
#13901 = EDGE_CURVE('',#13868,#13894,#13902,.T.);
#13902 = CIRCLE('',#13903,3.);
#13903 = AXIS2_PLACEMENT_3D('',#13904,#13905,#13906);
#13904 = CARTESIAN_POINT('',(28.8722,66.5,0.));
#13905 = DIRECTION('',(-0.,0.,-1.));
#13906 = DIRECTION('',(-0.995180084663,-9.806426000839E-02,0.));
#13907 = CYLINDRICAL_SURFACE('',#13908,3.);
#13908 = AXIS2_PLACEMENT_3D('',#13909,#13910,#13911);
#13909 = CARTESIAN_POINT('',(28.8722,66.5,0.));
#13910 = DIRECTION('',(0.,0.,-1.));
#13911 = DIRECTION('',(-0.995180084663,-9.806426000839E-02,0.));
#13912 = ADVANCED_FACE('',(#13913),#13931,.F.);
#13913 = FACE_BOUND('',#13914,.F.);
#13914 = EDGE_LOOP('',(#13915,#13923,#13924,#13925));
#13915 = ORIENTED_EDGE('',*,*,#13916,.T.);
#13916 = EDGE_CURVE('',#13917,#7741,#13919,.T.);
#13917 = VERTEX_POINT('',#13918);
#13918 = CARTESIAN_POINT('',(47.3865,69.5,0.));
#13919 = LINE('',#13920,#13921);
#13920 = CARTESIAN_POINT('',(47.3865,69.5,0.));
#13921 = VECTOR('',#13922,1.);
#13922 = DIRECTION('',(0.,0.,1.));
#13923 = ORIENTED_EDGE('',*,*,#7749,.T.);
#13924 = ORIENTED_EDGE('',*,*,#13893,.F.);
#13925 = ORIENTED_EDGE('',*,*,#13926,.F.);
#13926 = EDGE_CURVE('',#13917,#13894,#13927,.T.);
#13927 = LINE('',#13928,#13929);
#13928 = CARTESIAN_POINT('',(47.3865,69.5,0.));
#13929 = VECTOR('',#13930,1.);
#13930 = DIRECTION('',(-1.,0.,0.));
#13931 = PLANE('',#13932);
#13932 = AXIS2_PLACEMENT_3D('',#13933,#13934,#13935);
#13933 = CARTESIAN_POINT('',(47.3865,69.5,0.));
#13934 = DIRECTION('',(0.,-1.,0.));
#13935 = DIRECTION('',(-1.,0.,0.));
#13936 = ADVANCED_FACE('',(#13937),#13956,.T.);
#13937 = FACE_BOUND('',#13938,.T.);
#13938 = EDGE_LOOP('',(#13939,#13940,#13941,#13949));
#13939 = ORIENTED_EDGE('',*,*,#13916,.T.);
#13940 = ORIENTED_EDGE('',*,*,#7740,.T.);
#13941 = ORIENTED_EDGE('',*,*,#13942,.F.);
#13942 = EDGE_CURVE('',#13943,#7733,#13945,.T.);
#13943 = VERTEX_POINT('',#13944);
#13944 = CARTESIAN_POINT('',(47.53398785155,69.496372362315,0.));
#13945 = LINE('',#13946,#13947);
#13946 = CARTESIAN_POINT('',(47.53398785155,69.496372362315,0.));
#13947 = VECTOR('',#13948,1.);
#13948 = DIRECTION('',(0.,0.,1.));
#13949 = ORIENTED_EDGE('',*,*,#13950,.F.);
#13950 = EDGE_CURVE('',#13917,#13943,#13951,.T.);
#13951 = CIRCLE('',#13952,3.);
#13952 = AXIS2_PLACEMENT_3D('',#13953,#13954,#13955);
#13953 = CARTESIAN_POINT('',(47.3865,66.5,0.));
#13954 = DIRECTION('',(0.,0.,-1.));
#13955 = DIRECTION('',(-1.,0.,0.));
#13956 = CYLINDRICAL_SURFACE('',#13957,3.);
#13957 = AXIS2_PLACEMENT_3D('',#13958,#13959,#13960);
#13958 = CARTESIAN_POINT('',(47.3865,66.5,0.));
#13959 = DIRECTION('',(0.,0.,-1.));
#13960 = DIRECTION('',(-1.,0.,0.));
#13961 = ADVANCED_FACE('',(#13962),#13980,.F.);
#13962 = FACE_BOUND('',#13963,.F.);
#13963 = EDGE_LOOP('',(#13964,#13972,#13973,#13974));
#13964 = ORIENTED_EDGE('',*,*,#13965,.T.);
#13965 = EDGE_CURVE('',#13966,#7724,#13968,.T.);
#13966 = VERTEX_POINT('',#13967);
#13967 = CARTESIAN_POINT('',(47.92608785155,69.477072362315,0.));
#13968 = LINE('',#13969,#13970);
#13969 = CARTESIAN_POINT('',(47.92608785155,69.477072362315,0.));
#13970 = VECTOR('',#13971,1.);
#13971 = DIRECTION('',(0.,0.,1.));
#13972 = ORIENTED_EDGE('',*,*,#7732,.T.);
#13973 = ORIENTED_EDGE('',*,*,#13942,.F.);
#13974 = ORIENTED_EDGE('',*,*,#13975,.F.);
#13975 = EDGE_CURVE('',#13966,#13943,#13976,.T.);
#13976 = LINE('',#13977,#13978);
#13977 = CARTESIAN_POINT('',(47.92608785155,69.477072362315,0.));
#13978 = VECTOR('',#13979,1.);
#13979 = DIRECTION('',(-0.998790787438,4.916261718327E-02,0.));
#13980 = PLANE('',#13981);
#13981 = AXIS2_PLACEMENT_3D('',#13982,#13983,#13984);
#13982 = CARTESIAN_POINT('',(47.92608785155,69.477072362315,0.));
#13983 = DIRECTION('',(-4.916261718327E-02,-0.998790787438,0.));
#13984 = DIRECTION('',(-0.998790787438,4.916261718327E-02,0.));
#13985 = ADVANCED_FACE('',(#13986),#14005,.T.);
#13986 = FACE_BOUND('',#13987,.T.);
#13987 = EDGE_LOOP('',(#13988,#13989,#13990,#13998));
#13988 = ORIENTED_EDGE('',*,*,#13965,.T.);
#13989 = ORIENTED_EDGE('',*,*,#7723,.T.);
#13990 = ORIENTED_EDGE('',*,*,#13991,.F.);
#13991 = EDGE_CURVE('',#13992,#7716,#13994,.T.);
#13992 = VERTEX_POINT('',#13993);
#13993 = CARTESIAN_POINT('',(48.363636836648,69.42310240276,0.));
#13994 = LINE('',#13995,#13996);
#13995 = CARTESIAN_POINT('',(48.363636836648,69.42310240276,0.));
#13996 = VECTOR('',#13997,1.);
#13997 = DIRECTION('',(0.,0.,1.));
#13998 = ORIENTED_EDGE('',*,*,#13999,.F.);
#13999 = EDGE_CURVE('',#13966,#13992,#14000,.T.);
#14000 = CIRCLE('',#14001,3.);
#14001 = AXIS2_PLACEMENT_3D('',#14002,#14003,#14004);
#14002 = CARTESIAN_POINT('',(47.7786,66.4807,0.));
#14003 = DIRECTION('',(0.,0.,-1.));
#14004 = DIRECTION('',(-0.998790787438,4.916261718327E-02,0.));
#14005 = CYLINDRICAL_SURFACE('',#14006,3.);
#14006 = AXIS2_PLACEMENT_3D('',#14007,#14008,#14009);
#14007 = CARTESIAN_POINT('',(47.7786,66.4807,0.));
#14008 = DIRECTION('',(0.,0.,-1.));
#14009 = DIRECTION('',(-0.998790787438,4.916261718327E-02,0.));
#14010 = ADVANCED_FACE('',(#14011),#14029,.F.);
#14011 = FACE_BOUND('',#14012,.F.);
#14012 = EDGE_LOOP('',(#14013,#14021,#14022,#14023));
#14013 = ORIENTED_EDGE('',*,*,#14014,.T.);
#14014 = EDGE_CURVE('',#14015,#7707,#14017,.T.);
#14015 = VERTEX_POINT('',#14016);
#14016 = CARTESIAN_POINT('',(49.132636836648,69.27020240276,0.));
#14017 = LINE('',#14018,#14019);
#14018 = CARTESIAN_POINT('',(49.132636836648,69.27020240276,0.));
#14019 = VECTOR('',#14020,1.);
#14020 = DIRECTION('',(0.,0.,1.));
#14021 = ORIENTED_EDGE('',*,*,#7715,.T.);
#14022 = ORIENTED_EDGE('',*,*,#13991,.F.);
#14023 = ORIENTED_EDGE('',*,*,#14024,.F.);
#14024 = EDGE_CURVE('',#14015,#13992,#14025,.T.);
#14025 = LINE('',#14026,#14027);
#14026 = CARTESIAN_POINT('',(49.132636836648,69.27020240276,0.));
#14027 = VECTOR('',#14028,1.);
#14028 = DIRECTION('',(-0.98080080092,0.195012278883,0.));
#14029 = PLANE('',#14030);
#14030 = AXIS2_PLACEMENT_3D('',#14031,#14032,#14033);
#14031 = CARTESIAN_POINT('',(49.132636836648,69.27020240276,0.));
#14032 = DIRECTION('',(-0.195012278883,-0.98080080092,0.));
#14033 = DIRECTION('',(-0.98080080092,0.195012278883,0.));
#14034 = ADVANCED_FACE('',(#14035),#14054,.T.);
#14035 = FACE_BOUND('',#14036,.T.);
#14036 = EDGE_LOOP('',(#14037,#14038,#14039,#14047));
#14037 = ORIENTED_EDGE('',*,*,#14014,.T.);
#14038 = ORIENTED_EDGE('',*,*,#7706,.T.);
#14039 = ORIENTED_EDGE('',*,*,#14040,.F.);
#14040 = EDGE_CURVE('',#14041,#7699,#14043,.T.);
#14041 = VERTEX_POINT('',#14042);
#14042 = CARTESIAN_POINT('',(49.695657722673,69.099435521747,0.));
#14043 = LINE('',#14044,#14045);
#14044 = CARTESIAN_POINT('',(49.695657722673,69.099435521747,0.));
#14045 = VECTOR('',#14046,1.);
#14046 = DIRECTION('',(0.,0.,1.));
#14047 = ORIENTED_EDGE('',*,*,#14048,.F.);
#14048 = EDGE_CURVE('',#14015,#14041,#14049,.T.);
#14049 = CIRCLE('',#14050,3.);
#14050 = AXIS2_PLACEMENT_3D('',#14051,#14052,#14053);
#14051 = CARTESIAN_POINT('',(48.5476,66.3278,0.));
#14052 = DIRECTION('',(0.,0.,-1.));
#14053 = DIRECTION('',(-0.98080080092,0.195012278883,0.));
#14054 = CYLINDRICAL_SURFACE('',#14055,3.);
#14055 = AXIS2_PLACEMENT_3D('',#14056,#14057,#14058);
#14056 = CARTESIAN_POINT('',(48.5476,66.3278,0.));
#14057 = DIRECTION('',(0.,0.,-1.));
#14058 = DIRECTION('',(-0.98080080092,0.195012278883,0.));
#14059 = ADVANCED_FACE('',(#14060),#14078,.F.);
#14060 = FACE_BOUND('',#14061,.F.);
#14061 = EDGE_LOOP('',(#14062,#14070,#14071,#14072));
#14062 = ORIENTED_EDGE('',*,*,#14063,.T.);
#14063 = EDGE_CURVE('',#14064,#7690,#14066,.T.);
#14064 = VERTEX_POINT('',#14065);
#14065 = CARTESIAN_POINT('',(50.420157722673,68.799335521747,0.));
#14066 = LINE('',#14067,#14068);
#14067 = CARTESIAN_POINT('',(50.420157722673,68.799335521747,0.));
#14068 = VECTOR('',#14069,1.);
#14069 = DIRECTION('',(0.,0.,1.));
#14070 = ORIENTED_EDGE('',*,*,#7698,.T.);
#14071 = ORIENTED_EDGE('',*,*,#14040,.F.);
#14072 = ORIENTED_EDGE('',*,*,#14073,.F.);
#14073 = EDGE_CURVE('',#14064,#14041,#14074,.T.);
#14074 = LINE('',#14075,#14076);
#14075 = CARTESIAN_POINT('',(50.420157722673,68.799335521747,0.));
#14076 = VECTOR('',#14077,1.);
#14077 = DIRECTION('',(-0.923878507249,0.382685907558,0.));
#14078 = PLANE('',#14079);
#14079 = AXIS2_PLACEMENT_3D('',#14080,#14081,#14082);
#14080 = CARTESIAN_POINT('',(50.420157722673,68.799335521747,0.));
#14081 = DIRECTION('',(-0.382685907558,-0.923878507249,0.));
#14082 = DIRECTION('',(-0.923878507249,0.382685907558,0.));
#14083 = ADVANCED_FACE('',(#14084),#14103,.T.);
#14084 = FACE_BOUND('',#14085,.T.);
#14085 = EDGE_LOOP('',(#14086,#14087,#14088,#14096));
#14086 = ORIENTED_EDGE('',*,*,#14063,.T.);
#14087 = ORIENTED_EDGE('',*,*,#7689,.T.);
#14088 = ORIENTED_EDGE('',*,*,#14089,.F.);
#14089 = EDGE_CURVE('',#14090,#7682,#14092,.T.);
#14090 = VERTEX_POINT('',#14091);
#14091 = CARTESIAN_POINT('',(50.938936400746,68.522024841144,0.));
#14092 = LINE('',#14093,#14094);
#14093 = CARTESIAN_POINT('',(50.938936400746,68.522024841144,0.));
#14094 = VECTOR('',#14095,1.);
#14095 = DIRECTION('',(0.,0.,1.));
#14096 = ORIENTED_EDGE('',*,*,#14097,.F.);
#14097 = EDGE_CURVE('',#14064,#14090,#14098,.T.);
#14098 = CIRCLE('',#14099,3.);
#14099 = AXIS2_PLACEMENT_3D('',#14100,#14101,#14102);
#14100 = CARTESIAN_POINT('',(49.2721,66.0277,0.));
#14101 = DIRECTION('',(0.,0.,-1.));
#14102 = DIRECTION('',(-0.923878507249,0.382685907558,0.));
#14103 = CYLINDRICAL_SURFACE('',#14104,3.);
#14104 = AXIS2_PLACEMENT_3D('',#14105,#14106,#14107);
#14105 = CARTESIAN_POINT('',(49.2721,66.0277,0.));
#14106 = DIRECTION('',(0.,0.,-1.));
#14107 = DIRECTION('',(-0.923878507249,0.382685907558,0.));
#14108 = ADVANCED_FACE('',(#14109),#14127,.F.);
#14109 = FACE_BOUND('',#14110,.F.);
#14110 = EDGE_LOOP('',(#14111,#14119,#14120,#14121));
#14111 = ORIENTED_EDGE('',*,*,#14112,.T.);
#14112 = EDGE_CURVE('',#14113,#7673,#14115,.T.);
#14113 = VERTEX_POINT('',#14114);
#14114 = CARTESIAN_POINT('',(51.590936400746,68.086324841144,0.));
#14115 = LINE('',#14116,#14117);
#14116 = CARTESIAN_POINT('',(51.590936400746,68.086324841144,0.));
#14117 = VECTOR('',#14118,1.);
#14118 = DIRECTION('',(0.,0.,1.));
#14119 = ORIENTED_EDGE('',*,*,#7681,.T.);
#14120 = ORIENTED_EDGE('',*,*,#14089,.F.);
#14121 = ORIENTED_EDGE('',*,*,#14122,.F.);
#14122 = EDGE_CURVE('',#14113,#14090,#14123,.T.);
#14123 = LINE('',#14124,#14125);
#14124 = CARTESIAN_POINT('',(51.590936400746,68.086324841144,0.));
#14125 = VECTOR('',#14126,1.);
#14126 = DIRECTION('',(-0.831441613715,0.555612133582,0.));
#14127 = PLANE('',#14128);
#14128 = AXIS2_PLACEMENT_3D('',#14129,#14130,#14131);
#14129 = CARTESIAN_POINT('',(51.590936400746,68.086324841144,0.));
#14130 = DIRECTION('',(-0.555612133582,-0.831441613715,0.));
#14131 = DIRECTION('',(-0.831441613715,0.555612133582,0.));
#14132 = ADVANCED_FACE('',(#14133),#14152,.T.);
#14133 = FACE_BOUND('',#14134,.T.);
#14134 = EDGE_LOOP('',(#14135,#14136,#14137,#14145));
#14135 = ORIENTED_EDGE('',*,*,#14112,.T.);
#14136 = ORIENTED_EDGE('',*,*,#7672,.T.);
#14137 = ORIENTED_EDGE('',*,*,#14138,.F.);
#14138 = EDGE_CURVE('',#14139,#7665,#14141,.T.);
#14139 = VERTEX_POINT('',#14140);
#14140 = CARTESIAN_POINT('',(52.04542034356,67.71332034356,0.));
#14141 = LINE('',#14142,#14143);
#14142 = CARTESIAN_POINT('',(52.04542034356,67.71332034356,0.));
#14143 = VECTOR('',#14144,1.);
#14144 = DIRECTION('',(0.,0.,1.));
#14145 = ORIENTED_EDGE('',*,*,#14146,.F.);
#14146 = EDGE_CURVE('',#14113,#14139,#14147,.T.);
#14147 = CIRCLE('',#14148,3.);
#14148 = AXIS2_PLACEMENT_3D('',#14149,#14150,#14151);
#14149 = CARTESIAN_POINT('',(49.9241,65.592,0.));
#14150 = DIRECTION('',(0.,0.,-1.));
#14151 = DIRECTION('',(-0.831441613715,0.555612133582,0.));
#14152 = CYLINDRICAL_SURFACE('',#14153,3.);
#14153 = AXIS2_PLACEMENT_3D('',#14154,#14155,#14156);
#14154 = CARTESIAN_POINT('',(49.9241,65.592,0.));
#14155 = DIRECTION('',(0.,0.,-1.));
#14156 = DIRECTION('',(-0.831441613715,0.555612133582,0.));
#14157 = ADVANCED_FACE('',(#14158),#14176,.F.);
#14158 = FACE_BOUND('',#14159,.F.);
#14159 = EDGE_LOOP('',(#14160,#14168,#14169,#14170));
#14160 = ORIENTED_EDGE('',*,*,#14161,.T.);
#14161 = EDGE_CURVE('',#14162,#7656,#14164,.T.);
#14162 = VERTEX_POINT('',#14163);
#14163 = CARTESIAN_POINT('',(52.59982034356,67.15892034356,0.));
#14164 = LINE('',#14165,#14166);
#14165 = CARTESIAN_POINT('',(52.59982034356,67.15892034356,0.));
#14166 = VECTOR('',#14167,1.);
#14167 = DIRECTION('',(0.,0.,1.));
#14168 = ORIENTED_EDGE('',*,*,#7664,.T.);
#14169 = ORIENTED_EDGE('',*,*,#14138,.F.);
#14170 = ORIENTED_EDGE('',*,*,#14171,.F.);
#14171 = EDGE_CURVE('',#14162,#14139,#14172,.T.);
#14172 = LINE('',#14173,#14174);
#14173 = CARTESIAN_POINT('',(52.59982034356,67.15892034356,0.));
#14174 = VECTOR('',#14175,1.);
#14175 = DIRECTION('',(-0.707106781187,0.707106781187,0.));
#14176 = PLANE('',#14177);
#14177 = AXIS2_PLACEMENT_3D('',#14178,#14179,#14180);
#14178 = CARTESIAN_POINT('',(52.59982034356,67.15892034356,0.));
#14179 = DIRECTION('',(-0.707106781187,-0.707106781187,0.));
#14180 = DIRECTION('',(-0.707106781187,0.707106781187,0.));
#14181 = ADVANCED_FACE('',(#14182),#14201,.T.);
#14182 = FACE_BOUND('',#14183,.T.);
#14183 = EDGE_LOOP('',(#14184,#14185,#14186,#14194));
#14184 = ORIENTED_EDGE('',*,*,#14161,.T.);
#14185 = ORIENTED_EDGE('',*,*,#7655,.T.);
#14186 = ORIENTED_EDGE('',*,*,#14187,.F.);
#14187 = EDGE_CURVE('',#14188,#7648,#14190,.T.);
#14188 = VERTEX_POINT('',#14189);
#14189 = CARTESIAN_POINT('',(52.972824841144,66.704436400746,0.));
#14190 = LINE('',#14191,#14192);
#14191 = CARTESIAN_POINT('',(52.972824841144,66.704436400746,0.));
#14192 = VECTOR('',#14193,1.);
#14193 = DIRECTION('',(0.,0.,1.));
#14194 = ORIENTED_EDGE('',*,*,#14195,.F.);
#14195 = EDGE_CURVE('',#14162,#14188,#14196,.T.);
#14196 = CIRCLE('',#14197,3.);
#14197 = AXIS2_PLACEMENT_3D('',#14198,#14199,#14200);
#14198 = CARTESIAN_POINT('',(50.4785,65.0376,0.));
#14199 = DIRECTION('',(0.,0.,-1.));
#14200 = DIRECTION('',(-0.707106781187,0.707106781187,0.));
#14201 = CYLINDRICAL_SURFACE('',#14202,3.);
#14202 = AXIS2_PLACEMENT_3D('',#14203,#14204,#14205);
#14203 = CARTESIAN_POINT('',(50.4785,65.0376,0.));
#14204 = DIRECTION('',(0.,0.,-1.));
#14205 = DIRECTION('',(-0.707106781187,0.707106781187,0.));
#14206 = ADVANCED_FACE('',(#14207),#14225,.F.);
#14207 = FACE_BOUND('',#14208,.F.);
#14208 = EDGE_LOOP('',(#14209,#14217,#14218,#14219));
#14209 = ORIENTED_EDGE('',*,*,#14210,.T.);
#14210 = EDGE_CURVE('',#14211,#7639,#14213,.T.);
#14211 = VERTEX_POINT('',#14212);
#14212 = CARTESIAN_POINT('',(53.408524841144,66.052436400746,0.));
#14213 = LINE('',#14214,#14215);
#14214 = CARTESIAN_POINT('',(53.408524841144,66.052436400746,0.));
#14215 = VECTOR('',#14216,1.);
#14216 = DIRECTION('',(0.,0.,1.));
#14217 = ORIENTED_EDGE('',*,*,#7647,.T.);
#14218 = ORIENTED_EDGE('',*,*,#14187,.F.);
#14219 = ORIENTED_EDGE('',*,*,#14220,.F.);
#14220 = EDGE_CURVE('',#14211,#14188,#14221,.T.);
#14221 = LINE('',#14222,#14223);
#14222 = CARTESIAN_POINT('',(53.408524841144,66.052436400746,0.));
#14223 = VECTOR('',#14224,1.);
#14224 = DIRECTION('',(-0.555612133582,0.831441613715,0.));
#14225 = PLANE('',#14226);
#14226 = AXIS2_PLACEMENT_3D('',#14227,#14228,#14229);
#14227 = CARTESIAN_POINT('',(53.408524841144,66.052436400746,0.));
#14228 = DIRECTION('',(-0.831441613715,-0.555612133582,0.));
#14229 = DIRECTION('',(-0.555612133582,0.831441613715,0.));
#14230 = ADVANCED_FACE('',(#14231),#14250,.T.);
#14231 = FACE_BOUND('',#14232,.T.);
#14232 = EDGE_LOOP('',(#14233,#14234,#14235,#14243));
#14233 = ORIENTED_EDGE('',*,*,#14210,.T.);
#14234 = ORIENTED_EDGE('',*,*,#7638,.T.);
#14235 = ORIENTED_EDGE('',*,*,#14236,.F.);
#14236 = EDGE_CURVE('',#14237,#7631,#14239,.T.);
#14237 = VERTEX_POINT('',#14238);
#14238 = CARTESIAN_POINT('',(53.560005550374,65.799712085236,0.));
#14239 = LINE('',#14240,#14241);
#14240 = CARTESIAN_POINT('',(53.560005550374,65.799712085236,0.));
#14241 = VECTOR('',#14242,1.);
#14242 = DIRECTION('',(0.,0.,1.));
#14243 = ORIENTED_EDGE('',*,*,#14244,.F.);
#14244 = EDGE_CURVE('',#14211,#14237,#14245,.T.);
#14245 = CIRCLE('',#14246,3.);
#14246 = AXIS2_PLACEMENT_3D('',#14247,#14248,#14249);
#14247 = CARTESIAN_POINT('',(50.9142,64.3856,0.));
#14248 = DIRECTION('',(0.,0.,-1.));
#14249 = DIRECTION('',(-0.555612133582,0.831441613715,0.));
#14250 = CYLINDRICAL_SURFACE('',#14251,3.);
#14251 = AXIS2_PLACEMENT_3D('',#14252,#14253,#14254);
#14252 = CARTESIAN_POINT('',(50.9142,64.3856,0.));
#14253 = DIRECTION('',(0.,0.,-1.));
#14254 = DIRECTION('',(-0.555612133582,0.831441613715,0.));
#14255 = ADVANCED_FACE('',(#14256),#14274,.F.);
#14256 = FACE_BOUND('',#14257,.F.);
#14257 = EDGE_LOOP('',(#14258,#14266,#14267,#14268));
#14258 = ORIENTED_EDGE('',*,*,#14259,.T.);
#14259 = EDGE_CURVE('',#14260,#7623,#14262,.T.);
#14260 = VERTEX_POINT('',#14261);
#14261 = CARTESIAN_POINT('',(53.80521679055,65.340921535996,0.));
#14262 = LINE('',#14263,#14264);
#14263 = CARTESIAN_POINT('',(53.80521679055,65.340921535996,0.));
#14264 = VECTOR('',#14265,1.);
#14265 = DIRECTION('',(0.,0.,1.));
#14266 = ORIENTED_EDGE('',*,*,#7630,.T.);
#14267 = ORIENTED_EDGE('',*,*,#14236,.F.);
#14268 = ORIENTED_EDGE('',*,*,#14269,.F.);
#14269 = EDGE_CURVE('',#14260,#14237,#14270,.T.);
#14270 = LINE('',#14271,#14272);
#14271 = CARTESIAN_POINT('',(53.944505550374,65.080312085236,0.));
#14272 = VECTOR('',#14273,1.);
#14273 = DIRECTION('',(-0.471370695079,0.881935183458,0.));
#14274 = PLANE('',#14275);
#14275 = AXIS2_PLACEMENT_3D('',#14276,#14277,#14278);
#14276 = CARTESIAN_POINT('',(53.80521679055,65.340921535996,0.));
#14277 = DIRECTION('',(-0.881935183458,-0.471370695079,0.));
#14278 = DIRECTION('',(-0.471370695079,0.881935183458,0.));
#14279 = ADVANCED_FACE('',(#14280),#14298,.F.);
#14280 = FACE_BOUND('',#14281,.F.);
#14281 = EDGE_LOOP('',(#14282,#14290,#14291,#14292));
#14282 = ORIENTED_EDGE('',*,*,#14283,.T.);
#14283 = EDGE_CURVE('',#14284,#7615,#14286,.T.);
#14284 = VERTEX_POINT('',#14285);
#14285 = CARTESIAN_POINT('',(54.422787506684,64.588387506684,0.));
#14286 = LINE('',#14287,#14288);
#14287 = CARTESIAN_POINT('',(54.422787506684,64.588387506684,0.));
#14288 = VECTOR('',#14289,1.);
#14289 = DIRECTION('',(0.,0.,1.));
#14290 = ORIENTED_EDGE('',*,*,#7622,.T.);
#14291 = ORIENTED_EDGE('',*,*,#14259,.F.);
#14292 = ORIENTED_EDGE('',*,*,#14293,.F.);
#14293 = EDGE_CURVE('',#14284,#14260,#14294,.T.);
#14294 = LINE('',#14295,#14296);
#14295 = CARTESIAN_POINT('',(54.610258563587,64.359946704449,0.));
#14296 = VECTOR('',#14297,1.);
#14297 = DIRECTION('',(-0.634382234816,0.773019521196,0.));
#14298 = PLANE('',#14299);
#14299 = AXIS2_PLACEMENT_3D('',#14300,#14301,#14302);
#14300 = CARTESIAN_POINT('',(54.422787506684,64.588387506684,0.));
#14301 = DIRECTION('',(-0.773019521196,-0.634382234816,0.));
#14302 = DIRECTION('',(-0.634382234816,0.773019521196,0.));
#14303 = ADVANCED_FACE('',(#14304),#14322,.F.);
#14304 = FACE_BOUND('',#14305,.F.);
#14305 = EDGE_LOOP('',(#14306,#14314,#14315,#14316));
#14306 = ORIENTED_EDGE('',*,*,#14307,.T.);
#14307 = EDGE_CURVE('',#14308,#7607,#14310,.T.);
#14308 = VERTEX_POINT('',#14309);
#14309 = CARTESIAN_POINT('',(55.175379197505,63.970769470352,0.));
#14310 = LINE('',#14311,#14312);
#14311 = CARTESIAN_POINT('',(55.175379197505,63.970769470352,0.));
#14312 = VECTOR('',#14313,1.);
#14313 = DIRECTION('',(0.,0.,1.));
#14314 = ORIENTED_EDGE('',*,*,#7614,.T.);
#14315 = ORIENTED_EDGE('',*,*,#14283,.F.);
#14316 = ORIENTED_EDGE('',*,*,#14317,.F.);
#14317 = EDGE_CURVE('',#14308,#14284,#14318,.T.);
#14318 = LINE('',#14319,#14320);
#14319 = CARTESIAN_POINT('',(55.403746704449,63.783358563587,0.));
#14320 = VECTOR('',#14321,1.);
#14321 = DIRECTION('',(-0.773019521196,0.634382234816,0.));
#14322 = PLANE('',#14323);
#14323 = AXIS2_PLACEMENT_3D('',#14324,#14325,#14326);
#14324 = CARTESIAN_POINT('',(55.175379197505,63.970769470352,0.));
#14325 = DIRECTION('',(-0.634382234816,-0.773019521196,0.));
#14326 = DIRECTION('',(-0.773019521196,0.634382234816,0.));
#14327 = ADVANCED_FACE('',(#14328),#14346,.F.);
#14328 = FACE_BOUND('',#14329,.F.);
#14329 = EDGE_LOOP('',(#14330,#14338,#14339,#14340));
#14330 = ORIENTED_EDGE('',*,*,#14331,.T.);
#14331 = EDGE_CURVE('',#14332,#7599,#14334,.T.);
#14332 = VERTEX_POINT('',#14333);
#14333 = CARTESIAN_POINT('',(56.033900863775,63.511858309321,0.));
#14334 = LINE('',#14335,#14336);
#14335 = CARTESIAN_POINT('',(56.033900863775,63.511858309321,0.));
#14336 = VECTOR('',#14337,1.);
#14337 = DIRECTION('',(0.,0.,1.));
#14338 = ORIENTED_EDGE('',*,*,#7606,.T.);
#14339 = ORIENTED_EDGE('',*,*,#14307,.F.);
#14340 = ORIENTED_EDGE('',*,*,#14341,.F.);
#14341 = EDGE_CURVE('',#14332,#14308,#14342,.T.);
#14342 = LINE('',#14343,#14344);
#14343 = CARTESIAN_POINT('',(56.294542391201,63.372535901206,0.));
#14344 = VECTOR('',#14345,1.);
#14345 = DIRECTION('',(-0.881911967069,0.4714141304,0.));
#14346 = PLANE('',#14347);
#14347 = AXIS2_PLACEMENT_3D('',#14348,#14349,#14350);
#14348 = CARTESIAN_POINT('',(56.033900863775,63.511858309321,0.));
#14349 = DIRECTION('',(-0.4714141304,-0.881911967069,0.));
#14350 = DIRECTION('',(-0.881911967069,0.4714141304,0.));
#14351 = ADVANCED_FACE('',(#14352),#14370,.F.);
#14352 = FACE_BOUND('',#14353,.F.);
#14353 = EDGE_LOOP('',(#14354,#14362,#14363,#14364));
#14354 = ORIENTED_EDGE('',*,*,#14355,.T.);
#14355 = EDGE_CURVE('',#14356,#7591,#14358,.T.);
#14356 = VERTEX_POINT('',#14357);
#14357 = CARTESIAN_POINT('',(56.965461841164,63.229297465134,0.));
#14358 = LINE('',#14359,#14360);
#14359 = CARTESIAN_POINT('',(56.965461841164,63.229297465134,0.));
#14360 = VECTOR('',#14361,1.);
#14361 = DIRECTION('',(0.,0.,1.));
#14362 = ORIENTED_EDGE('',*,*,#7598,.T.);
#14363 = ORIENTED_EDGE('',*,*,#14331,.F.);
#14364 = ORIENTED_EDGE('',*,*,#14365,.F.);
#14365 = EDGE_CURVE('',#14356,#14332,#14366,.T.);
#14366 = LINE('',#14367,#14368);
#14367 = CARTESIAN_POINT('',(57.248183228915,63.143542484053,0.));
#14368 = VECTOR('',#14369,1.);
#14369 = DIRECTION('',(-0.956947494684,0.290261076305,0.));
#14370 = PLANE('',#14371);
#14371 = AXIS2_PLACEMENT_3D('',#14372,#14373,#14374);
#14372 = CARTESIAN_POINT('',(56.965461841164,63.229297465134,0.));
#14373 = DIRECTION('',(-0.290261076305,-0.956947494684,0.));
#14374 = DIRECTION('',(-0.956947494684,0.290261076305,0.));
#14375 = ADVANCED_FACE('',(#14376),#14394,.F.);
#14376 = FACE_BOUND('',#14377,.F.);
#14377 = EDGE_LOOP('',(#14378,#14386,#14387,#14388));
#14378 = ORIENTED_EDGE('',*,*,#14379,.T.);
#14379 = EDGE_CURVE('',#14380,#7583,#14382,.T.);
#14380 = VERTEX_POINT('',#14381);
#14381 = CARTESIAN_POINT('',(58.278276578357,63.1,0.));
#14382 = LINE('',#14383,#14384);
#14383 = CARTESIAN_POINT('',(58.278276578357,63.1,0.));
#14384 = VECTOR('',#14385,1.);
#14385 = DIRECTION('',(0.,0.,1.));
#14386 = ORIENTED_EDGE('',*,*,#7590,.T.);
#14387 = ORIENTED_EDGE('',*,*,#14355,.F.);
#14388 = ORIENTED_EDGE('',*,*,#14389,.F.);
#14389 = EDGE_CURVE('',#14380,#14356,#14390,.T.);
#14390 = LINE('',#14391,#14392);
#14391 = CARTESIAN_POINT('',(58.424943536356,63.085554956575,0.));
#14392 = VECTOR('',#14393,1.);
#14393 = DIRECTION('',(-0.995184985525,9.80145121187E-02,0.));
#14394 = PLANE('',#14395);
#14395 = AXIS2_PLACEMENT_3D('',#14396,#14397,#14398);
#14396 = CARTESIAN_POINT('',(58.278276578357,63.1,0.));
#14397 = DIRECTION('',(-9.80145121187E-02,-0.995184985525,0.));
#14398 = DIRECTION('',(-0.995184985525,9.80145121187E-02,0.));
#14399 = ADVANCED_FACE('',(#14400),#14418,.F.);
#14400 = FACE_BOUND('',#14401,.F.);
#14401 = EDGE_LOOP('',(#14402,#14410,#14411,#14412));
#14402 = ORIENTED_EDGE('',*,*,#14403,.T.);
#14403 = EDGE_CURVE('',#14404,#7574,#14406,.T.);
#14404 = VERTEX_POINT('',#14405);
#14405 = CARTESIAN_POINT('',(67.6867,63.1,0.));
#14406 = LINE('',#14407,#14408);
#14407 = CARTESIAN_POINT('',(67.6867,63.1,0.));
#14408 = VECTOR('',#14409,1.);
#14409 = DIRECTION('',(0.,0.,1.));
#14410 = ORIENTED_EDGE('',*,*,#7582,.T.);
#14411 = ORIENTED_EDGE('',*,*,#14379,.F.);
#14412 = ORIENTED_EDGE('',*,*,#14413,.F.);
#14413 = EDGE_CURVE('',#14404,#14380,#14414,.T.);
#14414 = LINE('',#14415,#14416);
#14415 = CARTESIAN_POINT('',(67.6867,63.1,0.));
#14416 = VECTOR('',#14417,1.);
#14417 = DIRECTION('',(-1.,0.,0.));
#14418 = PLANE('',#14419);
#14419 = AXIS2_PLACEMENT_3D('',#14420,#14421,#14422);
#14420 = CARTESIAN_POINT('',(67.6867,63.1,0.));
#14421 = DIRECTION('',(0.,-1.,0.));
#14422 = DIRECTION('',(-1.,0.,0.));
#14423 = ADVANCED_FACE('',(#14424),#14443,.T.);
#14424 = FACE_BOUND('',#14425,.T.);
#14425 = EDGE_LOOP('',(#14426,#14427,#14428,#14436));
#14426 = ORIENTED_EDGE('',*,*,#14403,.T.);
#14427 = ORIENTED_EDGE('',*,*,#7573,.T.);
#14428 = ORIENTED_EDGE('',*,*,#14429,.F.);
#14429 = EDGE_CURVE('',#14430,#7566,#14432,.T.);
#14430 = VERTEX_POINT('',#14431);
#14431 = CARTESIAN_POINT('',(67.83418785155,63.096372362315,0.));
#14432 = LINE('',#14433,#14434);
#14433 = CARTESIAN_POINT('',(67.83418785155,63.096372362315,0.));
#14434 = VECTOR('',#14435,1.);
#14435 = DIRECTION('',(0.,0.,1.));
#14436 = ORIENTED_EDGE('',*,*,#14437,.F.);
#14437 = EDGE_CURVE('',#14404,#14430,#14438,.T.);
#14438 = CIRCLE('',#14439,3.);
#14439 = AXIS2_PLACEMENT_3D('',#14440,#14441,#14442);
#14440 = CARTESIAN_POINT('',(67.6867,60.1,0.));
#14441 = DIRECTION('',(0.,0.,-1.));
#14442 = DIRECTION('',(-1.,0.,0.));
#14443 = CYLINDRICAL_SURFACE('',#14444,3.);
#14444 = AXIS2_PLACEMENT_3D('',#14445,#14446,#14447);
#14445 = CARTESIAN_POINT('',(67.6867,60.1,0.));
#14446 = DIRECTION('',(0.,0.,-1.));
#14447 = DIRECTION('',(-1.,0.,0.));
#14448 = ADVANCED_FACE('',(#14449),#14467,.F.);
#14449 = FACE_BOUND('',#14450,.F.);
#14450 = EDGE_LOOP('',(#14451,#14459,#14460,#14461));
#14451 = ORIENTED_EDGE('',*,*,#14452,.T.);
#14452 = EDGE_CURVE('',#14453,#7557,#14455,.T.);
#14453 = VERTEX_POINT('',#14454);
#14454 = CARTESIAN_POINT('',(68.22628785155,63.077072362315,0.));
#14455 = LINE('',#14456,#14457);
#14456 = CARTESIAN_POINT('',(68.22628785155,63.077072362315,0.));
#14457 = VECTOR('',#14458,1.);
#14458 = DIRECTION('',(0.,0.,1.));
#14459 = ORIENTED_EDGE('',*,*,#7565,.T.);
#14460 = ORIENTED_EDGE('',*,*,#14429,.F.);
#14461 = ORIENTED_EDGE('',*,*,#14462,.F.);
#14462 = EDGE_CURVE('',#14453,#14430,#14463,.T.);
#14463 = LINE('',#14464,#14465);
#14464 = CARTESIAN_POINT('',(68.22628785155,63.077072362315,0.));
#14465 = VECTOR('',#14466,1.);
#14466 = DIRECTION('',(-0.998790787438,4.916261718327E-02,0.));
#14467 = PLANE('',#14468);
#14468 = AXIS2_PLACEMENT_3D('',#14469,#14470,#14471);
#14469 = CARTESIAN_POINT('',(68.22628785155,63.077072362315,0.));
#14470 = DIRECTION('',(-4.916261718327E-02,-0.998790787438,0.));
#14471 = DIRECTION('',(-0.998790787438,4.916261718327E-02,0.));
#14472 = ADVANCED_FACE('',(#14473),#14492,.T.);
#14473 = FACE_BOUND('',#14474,.T.);
#14474 = EDGE_LOOP('',(#14475,#14476,#14477,#14485));
#14475 = ORIENTED_EDGE('',*,*,#14452,.T.);
#14476 = ORIENTED_EDGE('',*,*,#7556,.T.);
#14477 = ORIENTED_EDGE('',*,*,#14478,.F.);
#14478 = EDGE_CURVE('',#14479,#7549,#14481,.T.);
#14479 = VERTEX_POINT('',#14480);
#14480 = CARTESIAN_POINT('',(68.663763661224,63.023116951258,0.));
#14481 = LINE('',#14482,#14483);
#14482 = CARTESIAN_POINT('',(68.663763661224,63.023116951258,0.));
#14483 = VECTOR('',#14484,1.);
#14484 = DIRECTION('',(0.,0.,1.));
#14485 = ORIENTED_EDGE('',*,*,#14486,.F.);
#14486 = EDGE_CURVE('',#14453,#14479,#14487,.T.);
#14487 = CIRCLE('',#14488,3.);
#14488 = AXIS2_PLACEMENT_3D('',#14489,#14490,#14491);
#14489 = CARTESIAN_POINT('',(68.0788,60.0807,0.));
#14490 = DIRECTION('',(0.,0.,-1.));
#14491 = DIRECTION('',(-0.998790787438,4.916261718327E-02,0.));
#14492 = CYLINDRICAL_SURFACE('',#14493,3.);
#14493 = AXIS2_PLACEMENT_3D('',#14494,#14495,#14496);
#14494 = CARTESIAN_POINT('',(68.0788,60.0807,0.));
#14495 = DIRECTION('',(0.,0.,-1.));
#14496 = DIRECTION('',(-0.998790787438,4.916261718327E-02,0.));
#14497 = ADVANCED_FACE('',(#14498),#14516,.F.);
#14498 = FACE_BOUND('',#14499,.F.);
#14499 = EDGE_LOOP('',(#14500,#14508,#14509,#14510));
#14500 = ORIENTED_EDGE('',*,*,#14501,.T.);
#14501 = EDGE_CURVE('',#14502,#7540,#14504,.T.);
#14502 = VERTEX_POINT('',#14503);
#14503 = CARTESIAN_POINT('',(69.432863661224,62.870216951258,0.));
#14504 = LINE('',#14505,#14506);
#14505 = CARTESIAN_POINT('',(69.432863661224,62.870216951258,0.));
#14506 = VECTOR('',#14507,1.);
#14507 = DIRECTION('',(0.,0.,1.));
#14508 = ORIENTED_EDGE('',*,*,#7548,.T.);
#14509 = ORIENTED_EDGE('',*,*,#14478,.F.);
#14510 = ORIENTED_EDGE('',*,*,#14511,.F.);
#14511 = EDGE_CURVE('',#14502,#14479,#14512,.T.);
#14512 = LINE('',#14513,#14514);
#14513 = CARTESIAN_POINT('',(69.432863661224,62.870216951258,0.));
#14514 = VECTOR('',#14515,1.);
#14515 = DIRECTION('',(-0.980805650419,0.194987887075,0.));
#14516 = PLANE('',#14517);
#14517 = AXIS2_PLACEMENT_3D('',#14518,#14519,#14520);
#14518 = CARTESIAN_POINT('',(69.432863661224,62.870216951258,0.));
#14519 = DIRECTION('',(-0.194987887075,-0.980805650419,0.));
#14520 = DIRECTION('',(-0.980805650419,0.194987887075,0.));
#14521 = ADVANCED_FACE('',(#14522),#14541,.T.);
#14522 = FACE_BOUND('',#14523,.T.);
#14523 = EDGE_LOOP('',(#14524,#14525,#14526,#14534));
#14524 = ORIENTED_EDGE('',*,*,#14501,.T.);
#14525 = ORIENTED_EDGE('',*,*,#7539,.T.);
#14526 = ORIENTED_EDGE('',*,*,#14527,.F.);
#14527 = EDGE_CURVE('',#14528,#7532,#14530,.T.);
#14528 = VERTEX_POINT('',#14529);
#14529 = CARTESIAN_POINT('',(69.996092992782,62.699379486742,0.));
#14530 = LINE('',#14531,#14532);
#14531 = CARTESIAN_POINT('',(69.996092992782,62.699379486742,0.));
#14532 = VECTOR('',#14533,1.);
#14533 = DIRECTION('',(0.,0.,1.));
#14534 = ORIENTED_EDGE('',*,*,#14535,.F.);
#14535 = EDGE_CURVE('',#14502,#14528,#14536,.T.);
#14536 = CIRCLE('',#14537,3.);
#14537 = AXIS2_PLACEMENT_3D('',#14538,#14539,#14540);
#14538 = CARTESIAN_POINT('',(68.8479,59.9278,0.));
#14539 = DIRECTION('',(0.,0.,-1.));
#14540 = DIRECTION('',(-0.980805650419,0.194987887075,0.));
#14541 = CYLINDRICAL_SURFACE('',#14542,3.);
#14542 = AXIS2_PLACEMENT_3D('',#14543,#14544,#14545);
#14543 = CARTESIAN_POINT('',(68.8479,59.9278,0.));
#14544 = DIRECTION('',(0.,0.,-1.));
#14545 = DIRECTION('',(-0.980805650419,0.194987887075,0.));
#14546 = ADVANCED_FACE('',(#14547),#14565,.F.);
#14547 = FACE_BOUND('',#14548,.F.);
#14548 = EDGE_LOOP('',(#14549,#14557,#14558,#14559));
#14549 = ORIENTED_EDGE('',*,*,#14550,.T.);
#14550 = EDGE_CURVE('',#14551,#7523,#14553,.T.);
#14551 = VERTEX_POINT('',#14552);
#14552 = CARTESIAN_POINT('',(70.720492992782,62.399279486742,0.));
#14553 = LINE('',#14554,#14555);
#14554 = CARTESIAN_POINT('',(70.720492992782,62.399279486742,0.));
#14555 = VECTOR('',#14556,1.);
#14556 = DIRECTION('',(0.,0.,1.));
#14557 = ORIENTED_EDGE('',*,*,#7531,.T.);
#14558 = ORIENTED_EDGE('',*,*,#14527,.F.);
#14559 = ORIENTED_EDGE('',*,*,#14560,.F.);
#14560 = EDGE_CURVE('',#14551,#14528,#14561,.T.);
#14561 = LINE('',#14562,#14563);
#14562 = CARTESIAN_POINT('',(70.720492992782,62.399279486742,0.));
#14563 = VECTOR('',#14564,1.);
#14564 = DIRECTION('',(-0.923859828914,0.382730997594,0.));
#14565 = PLANE('',#14566);
#14566 = AXIS2_PLACEMENT_3D('',#14567,#14568,#14569);
#14567 = CARTESIAN_POINT('',(70.720492992782,62.399279486742,0.));
#14568 = DIRECTION('',(-0.382730997594,-0.923859828914,0.));
#14569 = DIRECTION('',(-0.923859828914,0.382730997594,0.));
#14570 = ADVANCED_FACE('',(#14571),#14590,.T.);
#14571 = FACE_BOUND('',#14572,.T.);
#14572 = EDGE_LOOP('',(#14573,#14574,#14575,#14583));
#14573 = ORIENTED_EDGE('',*,*,#14550,.T.);
#14574 = ORIENTED_EDGE('',*,*,#7522,.T.);
#14575 = ORIENTED_EDGE('',*,*,#14576,.F.);
#14576 = EDGE_CURVE('',#14577,#7515,#14579,.T.);
#14577 = VERTEX_POINT('',#14578);
#14578 = CARTESIAN_POINT('',(71.239136400746,62.122024841144,0.));
#14579 = LINE('',#14580,#14581);
#14580 = CARTESIAN_POINT('',(71.239136400746,62.122024841144,0.));
#14581 = VECTOR('',#14582,1.);
#14582 = DIRECTION('',(0.,0.,1.));
#14583 = ORIENTED_EDGE('',*,*,#14584,.F.);
#14584 = EDGE_CURVE('',#14551,#14577,#14585,.T.);
#14585 = CIRCLE('',#14586,3.);
#14586 = AXIS2_PLACEMENT_3D('',#14587,#14588,#14589);
#14587 = CARTESIAN_POINT('',(69.5723,59.6277,0.));
#14588 = DIRECTION('',(0.,0.,-1.));
#14589 = DIRECTION('',(-0.923859828914,0.382730997594,0.));
#14590 = CYLINDRICAL_SURFACE('',#14591,3.);
#14591 = AXIS2_PLACEMENT_3D('',#14592,#14593,#14594);
#14592 = CARTESIAN_POINT('',(69.5723,59.6277,0.));
#14593 = DIRECTION('',(0.,0.,-1.));
#14594 = DIRECTION('',(-0.923859828914,0.382730997594,0.));
#14595 = ADVANCED_FACE('',(#14596),#14614,.F.);
#14596 = FACE_BOUND('',#14597,.F.);
#14597 = EDGE_LOOP('',(#14598,#14606,#14607,#14608));
#14598 = ORIENTED_EDGE('',*,*,#14599,.T.);
#14599 = EDGE_CURVE('',#14600,#7506,#14602,.T.);
#14600 = VERTEX_POINT('',#14601);
#14601 = CARTESIAN_POINT('',(71.891136400746,61.686324841144,0.));
#14602 = LINE('',#14603,#14604);
#14603 = CARTESIAN_POINT('',(71.891136400746,61.686324841144,0.));
#14604 = VECTOR('',#14605,1.);
#14605 = DIRECTION('',(0.,0.,1.));
#14606 = ORIENTED_EDGE('',*,*,#7514,.T.);
#14607 = ORIENTED_EDGE('',*,*,#14576,.F.);
#14608 = ORIENTED_EDGE('',*,*,#14609,.F.);
#14609 = EDGE_CURVE('',#14600,#14577,#14610,.T.);
#14610 = LINE('',#14611,#14612);
#14611 = CARTESIAN_POINT('',(71.891136400746,61.686324841144,0.));
#14612 = VECTOR('',#14613,1.);
#14613 = DIRECTION('',(-0.831441613715,0.555612133582,0.));
#14614 = PLANE('',#14615);
#14615 = AXIS2_PLACEMENT_3D('',#14616,#14617,#14618);
#14616 = CARTESIAN_POINT('',(71.891136400746,61.686324841144,0.));
#14617 = DIRECTION('',(-0.555612133582,-0.831441613715,0.));
#14618 = DIRECTION('',(-0.831441613715,0.555612133582,0.));
#14619 = ADVANCED_FACE('',(#14620),#14639,.T.);
#14620 = FACE_BOUND('',#14621,.T.);
#14621 = EDGE_LOOP('',(#14622,#14623,#14624,#14632));
#14622 = ORIENTED_EDGE('',*,*,#14599,.T.);
#14623 = ORIENTED_EDGE('',*,*,#7505,.T.);
#14624 = ORIENTED_EDGE('',*,*,#14625,.F.);
#14625 = EDGE_CURVE('',#14626,#7498,#14628,.T.);
#14626 = VERTEX_POINT('',#14627);
#14627 = CARTESIAN_POINT('',(72.127288255993,61.511188586026,0.));
#14628 = LINE('',#14629,#14630);
#14629 = CARTESIAN_POINT('',(72.127288255993,61.511188586026,0.));
#14630 = VECTOR('',#14631,1.);
#14631 = DIRECTION('',(0.,0.,1.));
#14632 = ORIENTED_EDGE('',*,*,#14633,.F.);
#14633 = EDGE_CURVE('',#14600,#14626,#14634,.T.);
#14634 = CIRCLE('',#14635,3.);
#14635 = AXIS2_PLACEMENT_3D('',#14636,#14637,#14638);
#14636 = CARTESIAN_POINT('',(70.2243,59.192,0.));
#14637 = DIRECTION('',(0.,0.,-1.));
#14638 = DIRECTION('',(-0.831441613715,0.555612133582,0.));
#14639 = CYLINDRICAL_SURFACE('',#14640,3.);
#14640 = AXIS2_PLACEMENT_3D('',#14641,#14642,#14643);
#14641 = CARTESIAN_POINT('',(70.2243,59.192,0.));
#14642 = DIRECTION('',(0.,0.,-1.));
#14643 = DIRECTION('',(-0.831441613715,0.555612133582,0.));
#14644 = ADVANCED_FACE('',(#14645),#14663,.F.);
#14645 = FACE_BOUND('',#14646,.F.);
#14646 = EDGE_LOOP('',(#14647,#14655,#14656,#14657));
#14647 = ORIENTED_EDGE('',*,*,#14648,.T.);
#14648 = EDGE_CURVE('',#14649,#7490,#14651,.T.);
#14649 = VERTEX_POINT('',#14650);
#14650 = CARTESIAN_POINT('',(72.176487939642,61.47081825101,0.));
#14651 = LINE('',#14652,#14653);
#14652 = CARTESIAN_POINT('',(72.176487939642,61.47081825101,0.));
#14653 = VECTOR('',#14654,1.);
#14654 = DIRECTION('',(0.,0.,1.));
#14655 = ORIENTED_EDGE('',*,*,#7497,.T.);
#14656 = ORIENTED_EDGE('',*,*,#14625,.F.);
#14657 = ORIENTED_EDGE('',*,*,#14658,.F.);
#14658 = EDGE_CURVE('',#14649,#14626,#14659,.T.);
#14659 = LINE('',#14660,#14661);
#14660 = CARTESIAN_POINT('',(72.404788255993,61.283488586026,0.));
#14661 = VECTOR('',#14662,1.);
#14662 = DIRECTION('',(-0.773062862009,0.634329418664,0.));
#14663 = PLANE('',#14664);
#14664 = AXIS2_PLACEMENT_3D('',#14665,#14666,#14667);
#14665 = CARTESIAN_POINT('',(72.176487939642,61.47081825101,0.));
#14666 = DIRECTION('',(-0.634329418664,-0.773062862009,0.));
#14667 = DIRECTION('',(-0.773062862009,0.634329418664,0.));
#14668 = ADVANCED_FACE('',(#14669),#14687,.F.);
#14669 = FACE_BOUND('',#14670,.F.);
#14670 = EDGE_LOOP('',(#14671,#14679,#14680,#14681));
#14671 = ORIENTED_EDGE('',*,*,#14672,.T.);
#14672 = EDGE_CURVE('',#14673,#7482,#14675,.T.);
#14673 = VERTEX_POINT('',#14674);
#14674 = CARTESIAN_POINT('',(73.035100863775,61.011858309321,0.));
#14675 = LINE('',#14676,#14677);
#14676 = CARTESIAN_POINT('',(73.035100863775,61.011858309321,0.));
#14677 = VECTOR('',#14678,1.);
#14678 = DIRECTION('',(0.,0.,1.));
#14679 = ORIENTED_EDGE('',*,*,#7489,.T.);
#14680 = ORIENTED_EDGE('',*,*,#14648,.F.);
#14681 = ORIENTED_EDGE('',*,*,#14682,.F.);
#14682 = EDGE_CURVE('',#14673,#14649,#14683,.T.);
#14683 = LINE('',#14684,#14685);
#14684 = CARTESIAN_POINT('',(73.295742391201,60.872535901206,0.));
#14685 = VECTOR('',#14686,1.);
#14686 = DIRECTION('',(-0.881911967069,0.4714141304,0.));
#14687 = PLANE('',#14688);
#14688 = AXIS2_PLACEMENT_3D('',#14689,#14690,#14691);
#14689 = CARTESIAN_POINT('',(73.035100863775,61.011858309321,0.));
#14690 = DIRECTION('',(-0.4714141304,-0.881911967069,0.));
#14691 = DIRECTION('',(-0.881911967069,0.4714141304,0.));
#14692 = ADVANCED_FACE('',(#14693),#14711,.F.);
#14693 = FACE_BOUND('',#14694,.F.);
#14694 = EDGE_LOOP('',(#14695,#14703,#14704,#14705));
#14695 = ORIENTED_EDGE('',*,*,#14696,.T.);
#14696 = EDGE_CURVE('',#14697,#7474,#14699,.T.);
#14697 = VERTEX_POINT('',#14698);
#14698 = CARTESIAN_POINT('',(73.966661841164,60.729297465134,0.));
#14699 = LINE('',#14700,#14701);
#14700 = CARTESIAN_POINT('',(73.966661841164,60.729297465134,0.));
#14701 = VECTOR('',#14702,1.);
#14702 = DIRECTION('',(0.,0.,1.));
#14703 = ORIENTED_EDGE('',*,*,#7481,.T.);
#14704 = ORIENTED_EDGE('',*,*,#14672,.F.);
#14705 = ORIENTED_EDGE('',*,*,#14706,.F.);
#14706 = EDGE_CURVE('',#14697,#14673,#14707,.T.);
#14707 = LINE('',#14708,#14709);
#14708 = CARTESIAN_POINT('',(74.249383228915,60.643542484053,0.));
#14709 = VECTOR('',#14710,1.);
#14710 = DIRECTION('',(-0.956947494684,0.290261076305,0.));
#14711 = PLANE('',#14712);
#14712 = AXIS2_PLACEMENT_3D('',#14713,#14714,#14715);
#14713 = CARTESIAN_POINT('',(73.966661841164,60.729297465134,0.));
#14714 = DIRECTION('',(-0.290261076305,-0.956947494684,0.));
#14715 = DIRECTION('',(-0.956947494684,0.290261076305,0.));
#14716 = ADVANCED_FACE('',(#14717),#14735,.F.);
#14717 = FACE_BOUND('',#14718,.F.);
#14718 = EDGE_LOOP('',(#14719,#14727,#14728,#14729));
#14719 = ORIENTED_EDGE('',*,*,#14720,.T.);
#14720 = EDGE_CURVE('',#14721,#7466,#14723,.T.);
#14721 = VERTEX_POINT('',#14722);
#14722 = CARTESIAN_POINT('',(75.279476578357,60.6,0.));
#14723 = LINE('',#14724,#14725);
#14724 = CARTESIAN_POINT('',(75.279476578357,60.6,0.));
#14725 = VECTOR('',#14726,1.);
#14726 = DIRECTION('',(0.,0.,1.));
#14727 = ORIENTED_EDGE('',*,*,#7473,.T.);
#14728 = ORIENTED_EDGE('',*,*,#14696,.F.);
#14729 = ORIENTED_EDGE('',*,*,#14730,.F.);
#14730 = EDGE_CURVE('',#14721,#14697,#14731,.T.);
#14731 = LINE('',#14732,#14733);
#14732 = CARTESIAN_POINT('',(75.426143536356,60.585554956575,0.));
#14733 = VECTOR('',#14734,1.);
#14734 = DIRECTION('',(-0.995184985525,9.80145121187E-02,0.));
#14735 = PLANE('',#14736);
#14736 = AXIS2_PLACEMENT_3D('',#14737,#14738,#14739);
#14737 = CARTESIAN_POINT('',(75.279476578357,60.6,0.));
#14738 = DIRECTION('',(-9.80145121187E-02,-0.995184985525,0.));
#14739 = DIRECTION('',(-0.995184985525,9.80145121187E-02,0.));
#14740 = ADVANCED_FACE('',(#14741),#14759,.F.);
#14741 = FACE_BOUND('',#14742,.F.);
#14742 = EDGE_LOOP('',(#14743,#14751,#14752,#14753));
#14743 = ORIENTED_EDGE('',*,*,#14744,.T.);
#14744 = EDGE_CURVE('',#14745,#7458,#14747,.T.);
#14745 = VERTEX_POINT('',#14746);
#14746 = CARTESIAN_POINT('',(79.803927326402,60.6,0.));
#14747 = LINE('',#14748,#14749);
#14748 = CARTESIAN_POINT('',(79.803927326402,60.6,0.));
#14749 = VECTOR('',#14750,1.);
#14750 = DIRECTION('',(0.,0.,1.));
#14751 = ORIENTED_EDGE('',*,*,#7465,.T.);
#14752 = ORIENTED_EDGE('',*,*,#14720,.F.);
#14753 = ORIENTED_EDGE('',*,*,#14754,.F.);
#14754 = EDGE_CURVE('',#14745,#14721,#14755,.T.);
#14755 = LINE('',#14756,#14757);
#14756 = CARTESIAN_POINT('',(79.8776,60.6,0.));
#14757 = VECTOR('',#14758,1.);
#14758 = DIRECTION('',(-1.,0.,0.));
#14759 = PLANE('',#14760);
#14760 = AXIS2_PLACEMENT_3D('',#14761,#14762,#14763);
#14761 = CARTESIAN_POINT('',(79.803927326402,60.6,0.));
#14762 = DIRECTION('',(0.,-1.,0.));
#14763 = DIRECTION('',(-1.,0.,0.));
#14764 = ADVANCED_FACE('',(#14765),#14783,.F.);
#14765 = FACE_BOUND('',#14766,.F.);
#14766 = EDGE_LOOP('',(#14767,#14775,#14776,#14777));
#14767 = ORIENTED_EDGE('',*,*,#14768,.T.);
#14768 = EDGE_CURVE('',#14769,#7450,#14771,.T.);
#14769 = VERTEX_POINT('',#14770);
#14770 = CARTESIAN_POINT('',(80.292766492716,60.624023880397,0.));
#14771 = LINE('',#14772,#14773);
#14772 = CARTESIAN_POINT('',(80.292766492716,60.624023880397,0.));
#14773 = VECTOR('',#14774,1.);
#14774 = DIRECTION('',(0.,0.,1.));
#14775 = ORIENTED_EDGE('',*,*,#7457,.T.);
#14776 = ORIENTED_EDGE('',*,*,#14744,.F.);
#14777 = ORIENTED_EDGE('',*,*,#14778,.F.);
#14778 = EDGE_CURVE('',#14769,#14745,#14779,.T.);
#14779 = LINE('',#14780,#14781);
#14780 = CARTESIAN_POINT('',(80.513743459343,60.634883738982,0.));
#14781 = VECTOR('',#14782,1.);
#14782 = DIRECTION('',(-0.998794579661,-4.908551355237E-02,0.));
#14783 = PLANE('',#14784);
#14784 = AXIS2_PLACEMENT_3D('',#14785,#14786,#14787);
#14785 = CARTESIAN_POINT('',(80.292766492716,60.624023880397,0.));
#14786 = DIRECTION('',(4.908551355237E-02,-0.998794579661,0.));
#14787 = DIRECTION('',(-0.998794579661,-4.908551355237E-02,0.));
#14788 = ADVANCED_FACE('',(#14789),#14807,.F.);
#14789 = FACE_BOUND('',#14790,.F.);
#14790 = EDGE_LOOP('',(#14791,#14799,#14800,#14801));
#14791 = ORIENTED_EDGE('',*,*,#14792,.T.);
#14792 = EDGE_CURVE('',#14793,#7442,#14795,.T.);
#14793 = VERTEX_POINT('',#14794);
#14794 = CARTESIAN_POINT('',(81.417457095566,60.847721153229,0.));
#14795 = LINE('',#14796,#14797);
#14796 = CARTESIAN_POINT('',(81.417457095566,60.847721153229,0.));
#14797 = VECTOR('',#14798,1.);
#14798 = DIRECTION('',(0.,0.,1.));
#14799 = ORIENTED_EDGE('',*,*,#7449,.T.);
#14800 = ORIENTED_EDGE('',*,*,#14768,.F.);
#14801 = ORIENTED_EDGE('',*,*,#14802,.F.);
#14802 = EDGE_CURVE('',#14793,#14769,#14803,.T.);
#14803 = LINE('',#14804,#14805);
#14804 = CARTESIAN_POINT('',(81.70727331972,60.90536464985,0.));
#14805 = VECTOR('',#14806,1.);
#14806 = DIRECTION('',(-0.980788216617,-0.195075560093,0.));
#14807 = PLANE('',#14808);
#14808 = AXIS2_PLACEMENT_3D('',#14809,#14810,#14811);
#14809 = CARTESIAN_POINT('',(81.417457095566,60.847721153229,0.));
#14810 = DIRECTION('',(0.195075560093,-0.980788216617,0.));
#14811 = DIRECTION('',(-0.980788216617,-0.195075560093,0.));
#14812 = ADVANCED_FACE('',(#14813),#14831,.F.);
#14813 = FACE_BOUND('',#14814,.F.);
#14814 = EDGE_LOOP('',(#14815,#14823,#14824,#14825));
#14815 = ORIENTED_EDGE('',*,*,#14816,.T.);
#14816 = EDGE_CURVE('',#14817,#7434,#14819,.T.);
#14817 = VERTEX_POINT('',#14818);
#14818 = CARTESIAN_POINT('',(82.31684560262,61.220257405597,0.));
#14819 = LINE('',#14820,#14821);
#14820 = CARTESIAN_POINT('',(82.31684560262,61.220257405597,0.));
#14821 = VECTOR('',#14822,1.);
#14822 = DIRECTION('',(0.,0.,1.));
#14823 = ORIENTED_EDGE('',*,*,#7441,.T.);
#14824 = ORIENTED_EDGE('',*,*,#14792,.F.);
#14825 = ORIENTED_EDGE('',*,*,#14826,.F.);
#14826 = EDGE_CURVE('',#14817,#14793,#14827,.T.);
#14827 = LINE('',#14828,#14829);
#14828 = CARTESIAN_POINT('',(82.589856713154,61.333341501264,0.));
#14829 = VECTOR('',#14830,1.);
#14830 = DIRECTION('',(-0.923880500421,-0.382681095615,0.));
#14831 = PLANE('',#14832);
#14832 = AXIS2_PLACEMENT_3D('',#14833,#14834,#14835);
#14833 = CARTESIAN_POINT('',(82.31684560262,61.220257405597,0.));
#14834 = DIRECTION('',(0.382681095615,-0.923880500421,0.));
#14835 = DIRECTION('',(-0.923880500421,-0.382681095615,0.));
#14836 = ADVANCED_FACE('',(#14837),#14855,.F.);
#14837 = FACE_BOUND('',#14838,.F.);
#14838 = EDGE_LOOP('',(#14839,#14847,#14848,#14849));
#14839 = ORIENTED_EDGE('',*,*,#14840,.T.);
#14840 = EDGE_CURVE('',#14841,#7426,#14843,.T.);
#14841 = VERTEX_POINT('',#14842);
#14842 = CARTESIAN_POINT('',(83.126292561628,61.761133248747,0.));
#14843 = LINE('',#14844,#14845);
#14844 = CARTESIAN_POINT('',(83.126292561628,61.761133248747,0.));
#14845 = VECTOR('',#14846,1.);
#14846 = DIRECTION('',(0.,0.,1.));
#14847 = ORIENTED_EDGE('',*,*,#7433,.T.);
#14848 = ORIENTED_EDGE('',*,*,#14816,.F.);
#14849 = ORIENTED_EDGE('',*,*,#14850,.F.);
#14850 = EDGE_CURVE('',#14841,#14817,#14851,.T.);
#14851 = LINE('',#14852,#14853);
#14852 = CARTESIAN_POINT('',(83.371945251165,61.925279403226,0.));
#14853 = VECTOR('',#14854,1.);
#14854 = DIRECTION('',(-0.831459801075,-0.555584916278,0.));
#14855 = PLANE('',#14856);
#14856 = AXIS2_PLACEMENT_3D('',#14857,#14858,#14859);
#14857 = CARTESIAN_POINT('',(83.126292561628,61.761133248747,0.));
#14858 = DIRECTION('',(0.555584916278,-0.831459801075,0.));
#14859 = DIRECTION('',(-0.831459801075,-0.555584916278,0.));
#14860 = ADVANCED_FACE('',(#14861),#14879,.F.);
#14861 = FACE_BOUND('',#14862,.F.);
#14862 = EDGE_LOOP('',(#14863,#14871,#14872,#14873));
#14863 = ORIENTED_EDGE('',*,*,#14864,.T.);
#14864 = EDGE_CURVE('',#14865,#7417,#14867,.T.);
#14865 = VERTEX_POINT('',#14866);
#14866 = CARTESIAN_POINT('',(83.31487965644,61.94972034356,0.));
#14867 = LINE('',#14868,#14869);
#14868 = CARTESIAN_POINT('',(83.31487965644,61.94972034356,0.));
#14869 = VECTOR('',#14870,1.);
#14870 = DIRECTION('',(0.,0.,1.));
#14871 = ORIENTED_EDGE('',*,*,#7425,.T.);
#14872 = ORIENTED_EDGE('',*,*,#14840,.F.);
#14873 = ORIENTED_EDGE('',*,*,#14874,.F.);
#14874 = EDGE_CURVE('',#14865,#14841,#14875,.T.);
#14875 = LINE('',#14876,#14877);
#14876 = CARTESIAN_POINT('',(83.31487965644,61.94972034356,0.));
#14877 = VECTOR('',#14878,1.);
#14878 = DIRECTION('',(-0.707106781187,-0.707106781187,0.));
#14879 = PLANE('',#14880);
#14880 = AXIS2_PLACEMENT_3D('',#14881,#14882,#14883);
#14881 = CARTESIAN_POINT('',(83.31487965644,61.94972034356,0.));
#14882 = DIRECTION('',(0.707106781187,-0.707106781187,0.));
#14883 = DIRECTION('',(-0.707106781187,-0.707106781187,0.));
#14884 = ADVANCED_FACE('',(#14885),#14904,.T.);
#14885 = FACE_BOUND('',#14886,.T.);
#14886 = EDGE_LOOP('',(#14887,#14888,#14889,#14897));
#14887 = ORIENTED_EDGE('',*,*,#14864,.T.);
#14888 = ORIENTED_EDGE('',*,*,#7416,.T.);
#14889 = ORIENTED_EDGE('',*,*,#14890,.F.);
#14890 = EDGE_CURVE('',#14891,#7409,#14893,.T.);
#14891 = VERTEX_POINT('',#14892);
#14892 = CARTESIAN_POINT('',(83.533009822056,62.14742288617,0.));
#14893 = LINE('',#14894,#14895);
#14894 = CARTESIAN_POINT('',(83.533009822056,62.14742288617,0.));
#14895 = VECTOR('',#14896,1.);
#14896 = DIRECTION('',(0.,0.,1.));
#14897 = ORIENTED_EDGE('',*,*,#14898,.F.);
#14898 = EDGE_CURVE('',#14865,#14891,#14899,.T.);
#14899 = CIRCLE('',#14900,3.);
#14900 = AXIS2_PLACEMENT_3D('',#14901,#14902,#14903);
#14901 = CARTESIAN_POINT('',(85.4362,59.8284,0.));
#14902 = DIRECTION('',(-0.,0.,-1.));
#14903 = DIRECTION('',(-0.707106781187,-0.707106781187,0.));
#14904 = CYLINDRICAL_SURFACE('',#14905,3.);
#14905 = AXIS2_PLACEMENT_3D('',#14906,#14907,#14908);
#14906 = CARTESIAN_POINT('',(85.4362,59.8284,0.));
#14907 = DIRECTION('',(0.,0.,-1.));
#14908 = DIRECTION('',(-0.707106781187,-0.707106781187,0.));
#14909 = ADVANCED_FACE('',(#14910),#14928,.F.);
#14910 = FACE_BOUND('',#14911,.F.);
#14911 = EDGE_LOOP('',(#14912,#14920,#14921,#14922));
#14912 = ORIENTED_EDGE('',*,*,#14913,.T.);
#14913 = EDGE_CURVE('',#14914,#7400,#14916,.T.);
#14914 = VERTEX_POINT('',#14915);
#14915 = CARTESIAN_POINT('',(84.139209822056,62.64492288617,0.));
#14916 = LINE('',#14917,#14918);
#14917 = CARTESIAN_POINT('',(84.139209822056,62.64492288617,0.));
#14918 = VECTOR('',#14919,1.);
#14919 = DIRECTION('',(0.,0.,1.));
#14920 = ORIENTED_EDGE('',*,*,#7408,.T.);
#14921 = ORIENTED_EDGE('',*,*,#14890,.F.);
#14922 = ORIENTED_EDGE('',*,*,#14923,.F.);
#14923 = EDGE_CURVE('',#14914,#14891,#14924,.T.);
#14924 = LINE('',#14925,#14926);
#14925 = CARTESIAN_POINT('',(84.139209822056,62.64492288617,0.));
#14926 = VECTOR('',#14927,1.);
#14927 = DIRECTION('',(-0.773007628723,-0.634396725981,0.));
#14928 = PLANE('',#14929);
#14929 = AXIS2_PLACEMENT_3D('',#14930,#14931,#14932);
#14930 = CARTESIAN_POINT('',(84.139209822056,62.64492288617,0.));
#14931 = DIRECTION('',(0.634396725981,-0.773007628723,0.));
#14932 = DIRECTION('',(-0.773007628723,-0.634396725981,0.));
#14933 = ADVANCED_FACE('',(#14934),#14953,.T.);
#14934 = FACE_BOUND('',#14935,.T.);
#14935 = EDGE_LOOP('',(#14936,#14937,#14938,#14946));
#14936 = ORIENTED_EDGE('',*,*,#14913,.T.);
#14937 = ORIENTED_EDGE('',*,*,#7399,.T.);
#14938 = ORIENTED_EDGE('',*,*,#14939,.F.);
#14939 = EDGE_CURVE('',#14940,#7392,#14942,.T.);
#14940 = VERTEX_POINT('',#14941);
#14941 = CARTESIAN_POINT('',(84.628252793373,62.971686778633,0.));
#14942 = LINE('',#14943,#14944);
#14943 = CARTESIAN_POINT('',(84.628252793373,62.971686778633,0.));
#14944 = VECTOR('',#14945,1.);
#14945 = DIRECTION('',(0.,0.,1.));
#14946 = ORIENTED_EDGE('',*,*,#14947,.F.);
#14947 = EDGE_CURVE('',#14914,#14940,#14948,.T.);
#14948 = CIRCLE('',#14949,3.);
#14949 = AXIS2_PLACEMENT_3D('',#14950,#14951,#14952);
#14950 = CARTESIAN_POINT('',(86.0424,60.3259,0.));
#14951 = DIRECTION('',(-0.,0.,-1.));
#14952 = DIRECTION('',(-0.773007628723,-0.634396725981,0.));
#14953 = CYLINDRICAL_SURFACE('',#14954,3.);
#14954 = AXIS2_PLACEMENT_3D('',#14955,#14956,#14957);
#14955 = CARTESIAN_POINT('',(86.0424,60.3259,0.));
#14956 = DIRECTION('',(0.,0.,-1.));
#14957 = DIRECTION('',(-0.773007628723,-0.634396725981,0.));
#14958 = ADVANCED_FACE('',(#14959),#14977,.F.);
#14959 = FACE_BOUND('',#14960,.F.);
#14960 = EDGE_LOOP('',(#14961,#14969,#14970,#14971));
#14961 = ORIENTED_EDGE('',*,*,#14962,.T.);
#14962 = EDGE_CURVE('',#14963,#7383,#14965,.T.);
#14963 = VERTEX_POINT('',#14964);
#14964 = CARTESIAN_POINT('',(85.319752793373,63.341286778633,0.));
#14965 = LINE('',#14966,#14967);
#14966 = CARTESIAN_POINT('',(85.319752793373,63.341286778633,0.));
#14967 = VECTOR('',#14968,1.);
#14968 = DIRECTION('',(0.,0.,1.));
#14969 = ORIENTED_EDGE('',*,*,#7391,.T.);
#14970 = ORIENTED_EDGE('',*,*,#14939,.F.);
#14971 = ORIENTED_EDGE('',*,*,#14972,.F.);
#14972 = EDGE_CURVE('',#14963,#14940,#14973,.T.);
#14973 = LINE('',#14974,#14975);
#14974 = CARTESIAN_POINT('',(85.319752793373,63.341286778633,0.));
#14975 = VECTOR('',#14976,1.);
#14976 = DIRECTION('',(-0.881928926211,-0.471382402209,0.));
#14977 = PLANE('',#14978);
#14978 = AXIS2_PLACEMENT_3D('',#14979,#14980,#14981);
#14979 = CARTESIAN_POINT('',(85.319752793373,63.341286778633,0.));
#14980 = DIRECTION('',(0.471382402209,-0.881928926211,0.));
#14981 = DIRECTION('',(-0.881928926211,-0.471382402209,0.));
#14982 = ADVANCED_FACE('',(#14983),#15002,.T.);
#14983 = FACE_BOUND('',#14984,.T.);
#14984 = EDGE_LOOP('',(#14985,#14986,#14987,#14995));
#14985 = ORIENTED_EDGE('',*,*,#14962,.T.);
#14986 = ORIENTED_EDGE('',*,*,#7382,.T.);
#14987 = ORIENTED_EDGE('',*,*,#14988,.F.);
#14988 = EDGE_CURVE('',#14989,#7375,#14991,.T.);
#14989 = VERTEX_POINT('',#14990);
#14990 = CARTESIAN_POINT('',(85.863155804872,63.566354323481,0.));
#14991 = LINE('',#14992,#14993);
#14992 = CARTESIAN_POINT('',(85.863155804872,63.566354323481,0.));
#14993 = VECTOR('',#14994,1.);
#14994 = DIRECTION('',(0.,0.,1.));
#14995 = ORIENTED_EDGE('',*,*,#14996,.F.);
#14996 = EDGE_CURVE('',#14963,#14989,#14997,.T.);
#14997 = CIRCLE('',#14998,3.);
#14998 = AXIS2_PLACEMENT_3D('',#14999,#15000,#15001);
#14999 = CARTESIAN_POINT('',(86.7339,60.6955,0.));
#15000 = DIRECTION('',(-0.,0.,-1.));
#15001 = DIRECTION('',(-0.881928926211,-0.471382402209,0.));
#15002 = CYLINDRICAL_SURFACE('',#15003,3.);
#15003 = AXIS2_PLACEMENT_3D('',#15004,#15005,#15006);
#15004 = CARTESIAN_POINT('',(86.7339,60.6955,0.));
#15005 = DIRECTION('',(0.,0.,-1.));
#15006 = DIRECTION('',(-0.881928926211,-0.471382402209,0.));
#15007 = ADVANCED_FACE('',(#15008),#15026,.F.);
#15008 = FACE_BOUND('',#15009,.F.);
#15009 = EDGE_LOOP('',(#15010,#15018,#15019,#15020));
#15010 = ORIENTED_EDGE('',*,*,#15011,.T.);
#15011 = EDGE_CURVE('',#15012,#7366,#15014,.T.);
#15012 = VERTEX_POINT('',#15013);
#15013 = CARTESIAN_POINT('',(86.613555804872,63.793954323481,0.));
#15014 = LINE('',#15015,#15016);
#15015 = CARTESIAN_POINT('',(86.613555804872,63.793954323481,0.));
#15016 = VECTOR('',#15017,1.);
#15017 = DIRECTION('',(0.,0.,1.));
#15018 = ORIENTED_EDGE('',*,*,#7374,.T.);
#15019 = ORIENTED_EDGE('',*,*,#14988,.F.);
#15020 = ORIENTED_EDGE('',*,*,#15021,.F.);
#15021 = EDGE_CURVE('',#15012,#14989,#15022,.T.);
#15022 = LINE('',#15023,#15024);
#15023 = CARTESIAN_POINT('',(86.613555804872,63.793954323481,0.));
#15024 = VECTOR('',#15025,1.);
#15025 = DIRECTION('',(-0.95695144116,-0.290248065043,0.));
#15026 = PLANE('',#15027);
#15027 = AXIS2_PLACEMENT_3D('',#15028,#15029,#15030);
#15028 = CARTESIAN_POINT('',(86.613555804872,63.793954323481,0.));
#15029 = DIRECTION('',(0.290248065043,-0.95695144116,0.));
#15030 = DIRECTION('',(-0.95695144116,-0.290248065043,0.));
#15031 = ADVANCED_FACE('',(#15032),#15051,.T.);
#15032 = FACE_BOUND('',#15033,.T.);
#15033 = EDGE_LOOP('',(#15034,#15035,#15036,#15044));
#15034 = ORIENTED_EDGE('',*,*,#15011,.T.);
#15035 = ORIENTED_EDGE('',*,*,#7365,.T.);
#15036 = ORIENTED_EDGE('',*,*,#15037,.F.);
#15037 = EDGE_CURVE('',#15038,#7358,#15040,.T.);
#15038 = VERTEX_POINT('',#15039);
#15039 = CARTESIAN_POINT('',(87.190107219975,63.908640253988,0.));
#15040 = LINE('',#15041,#15042);
#15041 = CARTESIAN_POINT('',(87.190107219975,63.908640253988,0.));
#15042 = VECTOR('',#15043,1.);
#15043 = DIRECTION('',(0.,0.,1.));
#15044 = ORIENTED_EDGE('',*,*,#15045,.F.);
#15045 = EDGE_CURVE('',#15012,#15038,#15046,.T.);
#15046 = CIRCLE('',#15047,3.);
#15047 = AXIS2_PLACEMENT_3D('',#15048,#15049,#15050);
#15048 = CARTESIAN_POINT('',(87.4843,60.9231,0.));
#15049 = DIRECTION('',(-0.,0.,-1.));
#15050 = DIRECTION('',(-0.95695144116,-0.290248065043,0.));
#15051 = CYLINDRICAL_SURFACE('',#15052,3.);
#15052 = AXIS2_PLACEMENT_3D('',#15053,#15054,#15055);
#15053 = CARTESIAN_POINT('',(87.4843,60.9231,0.));
#15054 = DIRECTION('',(0.,0.,-1.));
#15055 = DIRECTION('',(-0.95695144116,-0.290248065043,0.));
#15056 = ADVANCED_FACE('',(#15057),#15075,.F.);
#15057 = FACE_BOUND('',#15058,.F.);
#15058 = EDGE_LOOP('',(#15059,#15067,#15068,#15069));
#15059 = ORIENTED_EDGE('',*,*,#15060,.T.);
#15060 = EDGE_CURVE('',#15061,#7349,#15063,.T.);
#15061 = VERTEX_POINT('',#15062);
#15062 = CARTESIAN_POINT('',(87.970507219975,63.985540253988,0.));
#15063 = LINE('',#15064,#15065);
#15064 = CARTESIAN_POINT('',(87.970507219975,63.985540253988,0.));
#15065 = VECTOR('',#15066,1.);
#15066 = DIRECTION('',(0.,0.,1.));
#15067 = ORIENTED_EDGE('',*,*,#7357,.T.);
#15068 = ORIENTED_EDGE('',*,*,#15037,.F.);
#15069 = ORIENTED_EDGE('',*,*,#15070,.F.);
#15070 = EDGE_CURVE('',#15061,#15038,#15071,.T.);
#15071 = LINE('',#15072,#15073);
#15072 = CARTESIAN_POINT('',(87.970507219975,63.985540253988,0.));
#15073 = VECTOR('',#15074,1.);
#15074 = DIRECTION('',(-0.995180084663,-9.80642600084E-02,0.));
#15075 = PLANE('',#15076);
#15076 = AXIS2_PLACEMENT_3D('',#15077,#15078,#15079);
#15077 = CARTESIAN_POINT('',(87.970507219975,63.985540253988,0.));
#15078 = DIRECTION('',(9.80642600084E-02,-0.995180084663,0.));
#15079 = DIRECTION('',(-0.995180084663,-9.80642600084E-02,0.));
#15080 = ADVANCED_FACE('',(#15081),#15100,.T.);
#15081 = FACE_BOUND('',#15082,.T.);
#15082 = EDGE_LOOP('',(#15083,#15084,#15085,#15093));
#15083 = ORIENTED_EDGE('',*,*,#15060,.T.);
#15084 = ORIENTED_EDGE('',*,*,#7348,.T.);
#15085 = ORIENTED_EDGE('',*,*,#15086,.F.);
#15086 = EDGE_CURVE('',#15087,#7341,#15089,.T.);
#15087 = VERTEX_POINT('',#15088);
#15088 = CARTESIAN_POINT('',(88.2647,64.,0.));
#15089 = LINE('',#15090,#15091);
#15090 = CARTESIAN_POINT('',(88.2647,64.,0.));
#15091 = VECTOR('',#15092,1.);
#15092 = DIRECTION('',(0.,0.,1.));
#15093 = ORIENTED_EDGE('',*,*,#15094,.F.);
#15094 = EDGE_CURVE('',#15061,#15087,#15095,.T.);
#15095 = CIRCLE('',#15096,3.);
#15096 = AXIS2_PLACEMENT_3D('',#15097,#15098,#15099);
#15097 = CARTESIAN_POINT('',(88.2647,61.,0.));
#15098 = DIRECTION('',(-0.,0.,-1.));
#15099 = DIRECTION('',(-0.995180084663,-9.80642600084E-02,0.));
#15100 = CYLINDRICAL_SURFACE('',#15101,3.);
#15101 = AXIS2_PLACEMENT_3D('',#15102,#15103,#15104);
#15102 = CARTESIAN_POINT('',(88.2647,61.,0.));
#15103 = DIRECTION('',(0.,0.,-1.));
#15104 = DIRECTION('',(-0.995180084663,-9.80642600084E-02,0.));
#15105 = ADVANCED_FACE('',(#15106),#15128,.F.);
#15106 = FACE_BOUND('',#15107,.F.);
#15107 = EDGE_LOOP('',(#15108,#15116,#15122,#15123,#15124,#15125,#15126,
    #15127));
#15108 = ORIENTED_EDGE('',*,*,#15109,.F.);
#15109 = EDGE_CURVE('',#15110,#15087,#15112,.T.);
#15110 = VERTEX_POINT('',#15111);
#15111 = CARTESIAN_POINT('',(122.9,64.,0.));
#15112 = LINE('',#15113,#15114);
#15113 = CARTESIAN_POINT('',(122.9,64.,0.));
#15114 = VECTOR('',#15115,1.);
#15115 = DIRECTION('',(-1.,0.,0.));
#15116 = ORIENTED_EDGE('',*,*,#15117,.T.);
#15117 = EDGE_CURVE('',#15110,#7016,#15118,.T.);
#15118 = LINE('',#15119,#15120);
#15119 = CARTESIAN_POINT('',(122.9,64.,0.));
#15120 = VECTOR('',#15121,1.);
#15121 = DIRECTION('',(0.,0.,1.));
#15122 = ORIENTED_EDGE('',*,*,#7024,.T.);
#15123 = ORIENTED_EDGE('',*,*,#9323,.T.);
#15124 = ORIENTED_EDGE('',*,*,#9306,.T.);
#15125 = ORIENTED_EDGE('',*,*,#9282,.F.);
#15126 = ORIENTED_EDGE('',*,*,#7340,.T.);
#15127 = ORIENTED_EDGE('',*,*,#15086,.F.);
#15128 = PLANE('',#15129);
#15129 = AXIS2_PLACEMENT_3D('',#15130,#15131,#15132);
#15130 = CARTESIAN_POINT('',(122.9,64.,0.));
#15131 = DIRECTION('',(0.,-1.,0.));
#15132 = DIRECTION('',(-1.,0.,0.));
#15133 = ADVANCED_FACE('',(#15134),#15140,.T.);
#15134 = FACE_BOUND('',#15135,.T.);
#15135 = EDGE_LOOP('',(#15136,#15137,#15138,#15139));
#15136 = ORIENTED_EDGE('',*,*,#9145,.F.);
#15137 = ORIENTED_EDGE('',*,*,#9182,.T.);
#15138 = ORIENTED_EDGE('',*,*,#7079,.F.);
#15139 = ORIENTED_EDGE('',*,*,#9197,.F.);
#15140 = PLANE('',#15141);
#15141 = AXIS2_PLACEMENT_3D('',#15142,#15143,#15144);
#15142 = CARTESIAN_POINT('',(124.431,0.104482,2.5));
#15143 = DIRECTION('',(-0.471687323168,0.881765881152,0.));
#15144 = DIRECTION('',(0.881765881152,0.471687323168,0.));
#15145 = ADVANCED_FACE('',(#15146),#15165,.T.);
#15146 = FACE_BOUND('',#15147,.T.);
#15147 = EDGE_LOOP('',(#15148,#15149,#15150,#15158));
#15148 = ORIENTED_EDGE('',*,*,#15117,.T.);
#15149 = ORIENTED_EDGE('',*,*,#7015,.T.);
#15150 = ORIENTED_EDGE('',*,*,#15151,.F.);
#15151 = EDGE_CURVE('',#15152,#7008,#15154,.T.);
#15152 = VERTEX_POINT('',#15153);
#15153 = CARTESIAN_POINT('',(123.19434219617,63.985525526863,0.));
#15154 = LINE('',#15155,#15156);
#15155 = CARTESIAN_POINT('',(123.19434219617,63.985525526863,0.));
#15156 = VECTOR('',#15157,1.);
#15157 = DIRECTION('',(0.,0.,1.));
#15158 = ORIENTED_EDGE('',*,*,#15159,.F.);
#15159 = EDGE_CURVE('',#15110,#15152,#15160,.T.);
#15160 = CIRCLE('',#15161,3.);
#15161 = AXIS2_PLACEMENT_3D('',#15162,#15163,#15164);
#15162 = CARTESIAN_POINT('',(122.9,61.,0.));
#15163 = DIRECTION('',(0.,0.,-1.));
#15164 = DIRECTION('',(-1.,0.,0.));
#15165 = CYLINDRICAL_SURFACE('',#15166,3.);
#15166 = AXIS2_PLACEMENT_3D('',#15167,#15168,#15169);
#15167 = CARTESIAN_POINT('',(122.9,61.,0.));
#15168 = DIRECTION('',(0.,0.,-1.));
#15169 = DIRECTION('',(-1.,0.,0.));
#15170 = ADVANCED_FACE('',(#15171),#15189,.F.);
#15171 = FACE_BOUND('',#15172,.F.);
#15172 = EDGE_LOOP('',(#15173,#15181,#15182,#15183));
#15173 = ORIENTED_EDGE('',*,*,#15174,.T.);
#15174 = EDGE_CURVE('',#15175,#6999,#15177,.T.);
#15175 = VERTEX_POINT('',#15176);
#15176 = CARTESIAN_POINT('',(123.97434219617,63.908625526863,0.));
#15177 = LINE('',#15178,#15179);
#15178 = CARTESIAN_POINT('',(123.97434219617,63.908625526863,0.));
#15179 = VECTOR('',#15180,1.);
#15180 = DIRECTION('',(0.,0.,1.));
#15181 = ORIENTED_EDGE('',*,*,#7007,.T.);
#15182 = ORIENTED_EDGE('',*,*,#15151,.F.);
#15183 = ORIENTED_EDGE('',*,*,#15184,.F.);
#15184 = EDGE_CURVE('',#15175,#15152,#15185,.T.);
#15185 = LINE('',#15186,#15187);
#15186 = CARTESIAN_POINT('',(123.97434219617,63.908625526863,0.));
#15187 = VECTOR('',#15188,1.);
#15188 = DIRECTION('',(-0.995175175621,9.811406539136E-02,0.));
#15189 = PLANE('',#15190);
#15190 = AXIS2_PLACEMENT_3D('',#15191,#15192,#15193);
#15191 = CARTESIAN_POINT('',(123.97434219617,63.908625526863,0.));
#15192 = DIRECTION('',(-9.811406539136E-02,-0.995175175621,0.));
#15193 = DIRECTION('',(-0.995175175621,9.811406539136E-02,0.));
#15194 = ADVANCED_FACE('',(#15195),#15214,.T.);
#15195 = FACE_BOUND('',#15196,.T.);
#15196 = EDGE_LOOP('',(#15197,#15198,#15199,#15207));
#15197 = ORIENTED_EDGE('',*,*,#15174,.T.);
#15198 = ORIENTED_EDGE('',*,*,#6998,.T.);
#15199 = ORIENTED_EDGE('',*,*,#15200,.F.);
#15200 = EDGE_CURVE('',#15201,#6991,#15203,.T.);
#15201 = VERTEX_POINT('',#15202);
#15202 = CARTESIAN_POINT('',(124.55010706881,63.794147489818,0.));
#15203 = LINE('',#15204,#15205);
#15204 = CARTESIAN_POINT('',(124.55010706881,63.794147489818,0.));
#15205 = VECTOR('',#15206,1.);
#15206 = DIRECTION('',(0.,0.,1.));
#15207 = ORIENTED_EDGE('',*,*,#15208,.F.);
#15208 = EDGE_CURVE('',#15175,#15201,#15209,.T.);
#15209 = CIRCLE('',#15210,3.);
#15210 = AXIS2_PLACEMENT_3D('',#15211,#15212,#15213);
#15211 = CARTESIAN_POINT('',(123.68,60.9231,0.));
#15212 = DIRECTION('',(0.,0.,-1.));
#15213 = DIRECTION('',(-0.995175175621,9.811406539136E-02,0.));
#15214 = CYLINDRICAL_SURFACE('',#15215,3.);
#15215 = AXIS2_PLACEMENT_3D('',#15216,#15217,#15218);
#15216 = CARTESIAN_POINT('',(123.68,60.9231,0.));
#15217 = DIRECTION('',(0.,0.,-1.));
#15218 = DIRECTION('',(-0.995175175621,9.811406539136E-02,0.));
#15219 = ADVANCED_FACE('',(#15220),#15238,.F.);
#15220 = FACE_BOUND('',#15221,.F.);
#15221 = EDGE_LOOP('',(#15222,#15230,#15231,#15232));
#15222 = ORIENTED_EDGE('',*,*,#15223,.T.);
#15223 = EDGE_CURVE('',#15224,#6982,#15226,.T.);
#15224 = VERTEX_POINT('',#15225);
#15225 = CARTESIAN_POINT('',(125.30110706881,63.566547489818,0.));
#15226 = LINE('',#15227,#15228);
#15227 = CARTESIAN_POINT('',(125.30110706881,63.566547489818,0.));
#15228 = VECTOR('',#15229,1.);
#15229 = DIRECTION('',(0.,0.,1.));
#15230 = ORIENTED_EDGE('',*,*,#6990,.T.);
#15231 = ORIENTED_EDGE('',*,*,#15200,.F.);
#15232 = ORIENTED_EDGE('',*,*,#15233,.F.);
#15233 = EDGE_CURVE('',#15224,#15201,#15234,.T.);
#15234 = LINE('',#15235,#15236);
#15235 = CARTESIAN_POINT('',(125.30110706881,63.566547489818,0.));
#15236 = VECTOR('',#15237,1.);
#15237 = DIRECTION('',(-0.957015829939,0.290035689606,0.));
#15238 = PLANE('',#15239);
#15239 = AXIS2_PLACEMENT_3D('',#15240,#15241,#15242);
#15240 = CARTESIAN_POINT('',(125.30110706881,63.566547489818,0.));
#15241 = DIRECTION('',(-0.290035689606,-0.957015829939,0.));
#15242 = DIRECTION('',(-0.957015829939,0.290035689606,0.));
#15243 = ADVANCED_FACE('',(#15244),#15263,.T.);
#15244 = FACE_BOUND('',#15245,.T.);
#15245 = EDGE_LOOP('',(#15246,#15247,#15248,#15256));
#15246 = ORIENTED_EDGE('',*,*,#15223,.T.);
#15247 = ORIENTED_EDGE('',*,*,#6981,.T.);
#15248 = ORIENTED_EDGE('',*,*,#15249,.F.);
#15249 = EDGE_CURVE('',#15250,#6974,#15252,.T.);
#15250 = VERTEX_POINT('',#15251);
#15251 = CARTESIAN_POINT('',(125.84594290597,63.340861331243,0.));
#15252 = LINE('',#15253,#15254);
#15253 = CARTESIAN_POINT('',(125.84594290597,63.340861331243,0.));
#15254 = VECTOR('',#15255,1.);
#15255 = DIRECTION('',(0.,0.,1.));
#15256 = ORIENTED_EDGE('',*,*,#15257,.F.);
#15257 = EDGE_CURVE('',#15224,#15250,#15258,.T.);
#15258 = CIRCLE('',#15259,3.);
#15259 = AXIS2_PLACEMENT_3D('',#15260,#15261,#15262);
#15260 = CARTESIAN_POINT('',(124.431,60.6955,0.));
#15261 = DIRECTION('',(0.,0.,-1.));
#15262 = DIRECTION('',(-0.957015829939,0.290035689606,0.));
#15263 = CYLINDRICAL_SURFACE('',#15264,3.);
#15264 = AXIS2_PLACEMENT_3D('',#15265,#15266,#15267);
#15265 = CARTESIAN_POINT('',(124.431,60.6955,0.));
#15266 = DIRECTION('',(0.,0.,-1.));
#15267 = DIRECTION('',(-0.957015829939,0.290035689606,0.));
#15268 = ADVANCED_FACE('',(#15269),#15287,.F.);
#15269 = FACE_BOUND('',#15270,.F.);
#15270 = EDGE_LOOP('',(#15271,#15279,#15280,#15281));
#15271 = ORIENTED_EDGE('',*,*,#15272,.T.);
#15272 = EDGE_CURVE('',#15273,#6965,#15275,.T.);
#15273 = VERTEX_POINT('',#15274);
#15274 = CARTESIAN_POINT('',(126.53694290597,62.971261331243,0.));
#15275 = LINE('',#15276,#15277);
#15276 = CARTESIAN_POINT('',(126.53694290597,62.971261331243,0.));
#15277 = VECTOR('',#15278,1.);
#15278 = DIRECTION('',(0.,0.,1.));
#15279 = ORIENTED_EDGE('',*,*,#6973,.T.);
#15280 = ORIENTED_EDGE('',*,*,#15249,.F.);
#15281 = ORIENTED_EDGE('',*,*,#15282,.F.);
#15282 = EDGE_CURVE('',#15273,#15250,#15283,.T.);
#15283 = LINE('',#15284,#15285);
#15284 = CARTESIAN_POINT('',(126.53694290597,62.971261331243,0.));
#15285 = VECTOR('',#15286,1.);
#15286 = DIRECTION('',(-0.881787110414,0.471647635324,0.));
#15287 = PLANE('',#15288);
#15288 = AXIS2_PLACEMENT_3D('',#15289,#15290,#15291);
#15289 = CARTESIAN_POINT('',(126.53694290597,62.971261331243,0.));
#15290 = DIRECTION('',(-0.471647635324,-0.881787110414,0.));
#15291 = DIRECTION('',(-0.881787110414,0.471647635324,0.));
#15292 = ADVANCED_FACE('',(#15293),#15312,.T.);
#15293 = FACE_BOUND('',#15294,.T.);
#15294 = EDGE_LOOP('',(#15295,#15296,#15297,#15305));
#15295 = ORIENTED_EDGE('',*,*,#15272,.T.);
#15296 = ORIENTED_EDGE('',*,*,#6964,.T.);
#15297 = ORIENTED_EDGE('',*,*,#15298,.F.);
#15298 = EDGE_CURVE('',#15299,#6957,#15301,.T.);
#15299 = VERTEX_POINT('',#15300);
#15300 = CARTESIAN_POINT('',(127.02556542785,62.644614872919,0.));
#15301 = LINE('',#15302,#15303);
#15302 = CARTESIAN_POINT('',(127.02556542785,62.644614872919,0.));
#15303 = VECTOR('',#15304,1.);
#15304 = DIRECTION('',(0.,0.,1.));
#15305 = ORIENTED_EDGE('',*,*,#15306,.F.);
#15306 = EDGE_CURVE('',#15273,#15299,#15307,.T.);
#15307 = CIRCLE('',#15308,3.);
#15308 = AXIS2_PLACEMENT_3D('',#15309,#15310,#15311);
#15309 = CARTESIAN_POINT('',(125.122,60.3259,0.));
#15310 = DIRECTION('',(0.,0.,-1.));
#15311 = DIRECTION('',(-0.881787110414,0.471647635324,0.));
#15312 = CYLINDRICAL_SURFACE('',#15313,3.);
#15313 = AXIS2_PLACEMENT_3D('',#15314,#15315,#15316);
#15314 = CARTESIAN_POINT('',(125.122,60.3259,0.));
#15315 = DIRECTION('',(0.,0.,-1.));
#15316 = DIRECTION('',(-0.881787110414,0.471647635324,0.));
#15317 = ADVANCED_FACE('',(#15318),#15336,.F.);
#15318 = FACE_BOUND('',#15319,.F.);
#15319 = EDGE_LOOP('',(#15320,#15328,#15329,#15330));
#15320 = ORIENTED_EDGE('',*,*,#15321,.T.);
#15321 = EDGE_CURVE('',#15322,#6948,#15324,.T.);
#15322 = VERTEX_POINT('',#15323);
#15323 = CARTESIAN_POINT('',(127.63156542785,62.147114872919,0.));
#15324 = LINE('',#15325,#15326);
#15325 = CARTESIAN_POINT('',(127.63156542785,62.147114872919,0.));
#15326 = VECTOR('',#15327,1.);
#15327 = DIRECTION('',(0.,0.,1.));
#15328 = ORIENTED_EDGE('',*,*,#6956,.T.);
#15329 = ORIENTED_EDGE('',*,*,#15298,.F.);
#15330 = ORIENTED_EDGE('',*,*,#15331,.F.);
#15331 = EDGE_CURVE('',#15322,#15299,#15332,.T.);
#15332 = LINE('',#15333,#15334);
#15333 = CARTESIAN_POINT('',(127.63156542785,62.147114872919,0.));
#15334 = VECTOR('',#15335,1.);
#15335 = DIRECTION('',(-0.77290495764,0.634521809283,0.));
#15336 = PLANE('',#15337);
#15337 = AXIS2_PLACEMENT_3D('',#15338,#15339,#15340);
#15338 = CARTESIAN_POINT('',(127.63156542785,62.147114872919,0.));
#15339 = DIRECTION('',(-0.634521809283,-0.77290495764,0.));
#15340 = DIRECTION('',(-0.77290495764,0.634521809283,0.));
#15341 = ADVANCED_FACE('',(#15342),#15361,.T.);
#15342 = FACE_BOUND('',#15343,.T.);
#15343 = EDGE_LOOP('',(#15344,#15345,#15346,#15354));
#15344 = ORIENTED_EDGE('',*,*,#15321,.T.);
#15345 = ORIENTED_EDGE('',*,*,#6947,.T.);
#15346 = ORIENTED_EDGE('',*,*,#15347,.F.);
#15347 = EDGE_CURVE('',#15348,#6940,#15350,.T.);
#15348 = VERTEX_POINT('',#15349);
#15349 = CARTESIAN_POINT('',(128.04593087561,61.73292000669,0.));
#15350 = LINE('',#15351,#15352);
#15351 = CARTESIAN_POINT('',(128.04593087561,61.73292000669,0.));
#15352 = VECTOR('',#15353,1.);
#15353 = DIRECTION('',(0.,0.,1.));
#15354 = ORIENTED_EDGE('',*,*,#15355,.F.);
#15355 = EDGE_CURVE('',#15322,#15348,#15356,.T.);
#15356 = CIRCLE('',#15357,3.);
#15357 = AXIS2_PLACEMENT_3D('',#15358,#15359,#15360);
#15358 = CARTESIAN_POINT('',(125.728,59.8284,0.));
#15359 = DIRECTION('',(0.,0.,-1.));
#15360 = DIRECTION('',(-0.77290495764,0.634521809283,0.));
#15361 = CYLINDRICAL_SURFACE('',#15362,3.);
#15362 = AXIS2_PLACEMENT_3D('',#15363,#15364,#15365);
#15363 = CARTESIAN_POINT('',(125.728,59.8284,0.));
#15364 = DIRECTION('',(0.,0.,-1.));
#15365 = DIRECTION('',(-0.77290495764,0.634521809283,0.));
#15366 = ADVANCED_FACE('',(#15367),#15385,.F.);
#15367 = FACE_BOUND('',#15368,.F.);
#15368 = EDGE_LOOP('',(#15369,#15377,#15378,#15379));
#15369 = ORIENTED_EDGE('',*,*,#15370,.T.);
#15370 = EDGE_CURVE('',#15371,#6931,#15373,.T.);
#15371 = VERTEX_POINT('',#15372);
#15372 = CARTESIAN_POINT('',(128.54393087561,61.12682000669,0.));
#15373 = LINE('',#15374,#15375);
#15374 = CARTESIAN_POINT('',(128.54393087561,61.12682000669,0.));
#15375 = VECTOR('',#15376,1.);
#15376 = DIRECTION('',(0.,0.,1.));
#15377 = ORIENTED_EDGE('',*,*,#6939,.T.);
#15378 = ORIENTED_EDGE('',*,*,#15347,.F.);
#15379 = ORIENTED_EDGE('',*,*,#15380,.F.);
#15380 = EDGE_CURVE('',#15371,#15348,#15381,.T.);
#15381 = LINE('',#15382,#15383);
#15382 = CARTESIAN_POINT('',(128.54393087561,61.12682000669,0.));
#15383 = VECTOR('',#15384,1.);
#15384 = DIRECTION('',(-0.63484000223,0.772643625204,0.));
#15385 = PLANE('',#15386);
#15386 = AXIS2_PLACEMENT_3D('',#15387,#15388,#15389);
#15387 = CARTESIAN_POINT('',(128.54393087561,61.12682000669,0.));
#15388 = DIRECTION('',(-0.772643625204,-0.63484000223,0.));
#15389 = DIRECTION('',(-0.63484000223,0.772643625204,0.));
#15390 = ADVANCED_FACE('',(#15391),#15410,.T.);
#15391 = FACE_BOUND('',#15392,.T.);
#15392 = EDGE_LOOP('',(#15393,#15394,#15395,#15403));
#15393 = ORIENTED_EDGE('',*,*,#15370,.T.);
#15394 = ORIENTED_EDGE('',*,*,#6930,.T.);
#15395 = ORIENTED_EDGE('',*,*,#15396,.F.);
#15396 = EDGE_CURVE('',#15397,#6923,#15399,.T.);
#15397 = VERTEX_POINT('',#15398);
#15398 = CARTESIAN_POINT('',(128.87123553736,60.637478063657,0.));
#15399 = LINE('',#15400,#15401);
#15400 = CARTESIAN_POINT('',(128.87123553736,60.637478063657,0.));
#15401 = VECTOR('',#15402,1.);
#15402 = DIRECTION('',(0.,0.,1.));
#15403 = ORIENTED_EDGE('',*,*,#15404,.F.);
#15404 = EDGE_CURVE('',#15371,#15397,#15405,.T.);
#15405 = CIRCLE('',#15406,3.);
#15406 = AXIS2_PLACEMENT_3D('',#15407,#15408,#15409);
#15407 = CARTESIAN_POINT('',(126.226,59.2223,0.));
#15408 = DIRECTION('',(0.,0.,-1.));
#15409 = DIRECTION('',(-0.63484000223,0.772643625204,0.));
#15410 = CYLINDRICAL_SURFACE('',#15411,3.);
#15411 = AXIS2_PLACEMENT_3D('',#15412,#15413,#15414);
#15412 = CARTESIAN_POINT('',(126.226,59.2223,0.));
#15413 = DIRECTION('',(0.,0.,-1.));
#15414 = DIRECTION('',(-0.63484000223,0.772643625204,0.));
#15415 = ADVANCED_FACE('',(#15416),#15434,.F.);
#15416 = FACE_BOUND('',#15417,.F.);
#15417 = EDGE_LOOP('',(#15418,#15426,#15427,#15428));
#15418 = ORIENTED_EDGE('',*,*,#15419,.T.);
#15419 = EDGE_CURVE('',#15420,#6914,#15422,.T.);
#15420 = VERTEX_POINT('',#15421);
#15421 = CARTESIAN_POINT('',(129.24123553736,59.945878063657,0.));
#15422 = LINE('',#15423,#15424);
#15423 = CARTESIAN_POINT('',(129.24123553736,59.945878063657,0.));
#15424 = VECTOR('',#15425,1.);
#15425 = DIRECTION('',(0.,0.,1.));
#15426 = ORIENTED_EDGE('',*,*,#6922,.T.);
#15427 = ORIENTED_EDGE('',*,*,#15396,.F.);
#15428 = ORIENTED_EDGE('',*,*,#15429,.F.);
#15429 = EDGE_CURVE('',#15420,#15397,#15430,.T.);
#15430 = LINE('',#15431,#15432);
#15431 = CARTESIAN_POINT('',(129.24123553736,59.945878063657,0.));
#15432 = VECTOR('',#15433,1.);
#15433 = DIRECTION('',(-0.471726021219,0.881745179122,0.));
#15434 = PLANE('',#15435);
#15435 = AXIS2_PLACEMENT_3D('',#15436,#15437,#15438);
#15436 = CARTESIAN_POINT('',(129.24123553736,59.945878063657,0.));
#15437 = DIRECTION('',(-0.881745179122,-0.471726021219,0.));
#15438 = DIRECTION('',(-0.471726021219,0.881745179122,0.));
#15439 = ADVANCED_FACE('',(#15440),#15459,.T.);
#15440 = FACE_BOUND('',#15441,.T.);
#15441 = EDGE_LOOP('',(#15442,#15443,#15444,#15452));
#15442 = ORIENTED_EDGE('',*,*,#15419,.T.);
#15443 = ORIENTED_EDGE('',*,*,#6913,.T.);
#15444 = ORIENTED_EDGE('',*,*,#15445,.F.);
#15445 = EDGE_CURVE('',#15446,#6906,#15448,.T.);
#15446 = VERTEX_POINT('',#15447);
#15447 = CARTESIAN_POINT('',(129.46745917911,59.399447479222,0.));
#15448 = LINE('',#15449,#15450);
#15449 = CARTESIAN_POINT('',(129.46745917911,59.399447479222,0.));
#15450 = VECTOR('',#15451,1.);
#15451 = DIRECTION('',(0.,0.,1.));
#15452 = ORIENTED_EDGE('',*,*,#15453,.F.);
#15453 = EDGE_CURVE('',#15420,#15446,#15454,.T.);
#15454 = CIRCLE('',#15455,3.);
#15455 = AXIS2_PLACEMENT_3D('',#15456,#15457,#15458);
#15456 = CARTESIAN_POINT('',(126.596,58.5307,0.));
#15457 = DIRECTION('',(0.,0.,-1.));
#15458 = DIRECTION('',(-0.471726021219,0.881745179122,0.));
#15459 = CYLINDRICAL_SURFACE('',#15460,3.);
#15460 = AXIS2_PLACEMENT_3D('',#15461,#15462,#15463);
#15461 = CARTESIAN_POINT('',(126.596,58.5307,0.));
#15462 = DIRECTION('',(0.,0.,-1.));
#15463 = DIRECTION('',(-0.471726021219,0.881745179122,0.));
#15464 = ADVANCED_FACE('',(#15465),#15483,.F.);
#15465 = FACE_BOUND('',#15466,.F.);
#15466 = EDGE_LOOP('',(#15467,#15475,#15476,#15477));
#15467 = ORIENTED_EDGE('',*,*,#15468,.T.);
#15468 = EDGE_CURVE('',#15469,#6897,#15471,.T.);
#15469 = VERTEX_POINT('',#15470);
#15470 = CARTESIAN_POINT('',(129.69445917911,58.649147479222,0.));
#15471 = LINE('',#15472,#15473);
#15472 = CARTESIAN_POINT('',(129.69445917911,58.649147479222,0.));
#15473 = VECTOR('',#15474,1.);
#15474 = DIRECTION('',(0.,0.,1.));
#15475 = ORIENTED_EDGE('',*,*,#6905,.T.);
#15476 = ORIENTED_EDGE('',*,*,#15445,.F.);
#15477 = ORIENTED_EDGE('',*,*,#15478,.F.);
#15478 = EDGE_CURVE('',#15469,#15446,#15479,.T.);
#15479 = LINE('',#15480,#15481);
#15480 = CARTESIAN_POINT('',(129.69445917911,58.649147479222,0.));
#15481 = VECTOR('',#15482,1.);
#15482 = DIRECTION('',(-0.289582493074,0.957153059706,0.));
#15483 = PLANE('',#15484);
#15484 = AXIS2_PLACEMENT_3D('',#15485,#15486,#15487);
#15485 = CARTESIAN_POINT('',(129.69445917911,58.649147479222,0.));
#15486 = DIRECTION('',(-0.957153059706,-0.289582493074,0.));
#15487 = DIRECTION('',(-0.289582493074,0.957153059706,0.));
#15488 = ADVANCED_FACE('',(#15489),#15508,.T.);
#15489 = FACE_BOUND('',#15490,.T.);
#15490 = EDGE_LOOP('',(#15491,#15492,#15493,#15501));
#15491 = ORIENTED_EDGE('',*,*,#15468,.T.);
#15492 = ORIENTED_EDGE('',*,*,#6896,.T.);
#15493 = ORIENTED_EDGE('',*,*,#15494,.F.);
#15494 = EDGE_CURVE('',#15495,#6889,#15497,.T.);
#15495 = VERTEX_POINT('',#15496);
#15496 = CARTESIAN_POINT('',(129.80850289524,58.074971659321,0.));
#15497 = LINE('',#15498,#15499);
#15498 = CARTESIAN_POINT('',(129.80850289524,58.074971659321,0.));
#15499 = VECTOR('',#15500,1.);
#15500 = DIRECTION('',(0.,0.,1.));
#15501 = ORIENTED_EDGE('',*,*,#15502,.F.);
#15502 = EDGE_CURVE('',#15469,#15495,#15503,.T.);
#15503 = CIRCLE('',#15504,3.);
#15504 = AXIS2_PLACEMENT_3D('',#15505,#15506,#15507);
#15505 = CARTESIAN_POINT('',(126.823,57.7804,0.));
#15506 = DIRECTION('',(0.,0.,-1.));
#15507 = DIRECTION('',(-0.289582493074,0.957153059706,0.));
#15508 = CYLINDRICAL_SURFACE('',#15509,3.);
#15509 = AXIS2_PLACEMENT_3D('',#15510,#15511,#15512);
#15510 = CARTESIAN_POINT('',(126.823,57.7804,0.));
#15511 = DIRECTION('',(0.,0.,-1.));
#15512 = DIRECTION('',(-0.289582493074,0.957153059706,0.));
#15513 = ADVANCED_FACE('',(#15514),#15532,.F.);
#15514 = FACE_BOUND('',#15515,.F.);
#15515 = EDGE_LOOP('',(#15516,#15524,#15525,#15526));
#15516 = ORIENTED_EDGE('',*,*,#15517,.T.);
#15517 = EDGE_CURVE('',#15518,#6880,#15520,.T.);
#15518 = VERTEX_POINT('',#15519);
#15519 = CARTESIAN_POINT('',(129.88550289524,57.294571659321,0.));
#15520 = LINE('',#15521,#15522);
#15521 = CARTESIAN_POINT('',(129.88550289524,57.294571659321,0.));
#15522 = VECTOR('',#15523,1.);
#15523 = DIRECTION('',(0.,0.,1.));
#15524 = ORIENTED_EDGE('',*,*,#6888,.T.);
#15525 = ORIENTED_EDGE('',*,*,#15494,.F.);
#15526 = ORIENTED_EDGE('',*,*,#15527,.F.);
#15527 = EDGE_CURVE('',#15518,#15495,#15528,.T.);
#15528 = LINE('',#15529,#15530);
#15529 = CARTESIAN_POINT('',(129.88550289524,57.294571659321,0.));
#15530 = VECTOR('',#15531,1.);
#15531 = DIRECTION('',(-9.819055310696E-02,0.995167631749,0.));
#15532 = PLANE('',#15533);
#15533 = AXIS2_PLACEMENT_3D('',#15534,#15535,#15536);
#15534 = CARTESIAN_POINT('',(129.88550289524,57.294571659321,0.));
#15535 = DIRECTION('',(-0.995167631749,-9.819055310696E-02,0.));
#15536 = DIRECTION('',(-9.819055310696E-02,0.995167631749,0.));
#15537 = ADVANCED_FACE('',(#15538),#15557,.T.);
#15538 = FACE_BOUND('',#15539,.T.);
#15539 = EDGE_LOOP('',(#15540,#15541,#15542,#15550));
#15540 = ORIENTED_EDGE('',*,*,#15517,.T.);
#15541 = ORIENTED_EDGE('',*,*,#6879,.T.);
#15542 = ORIENTED_EDGE('',*,*,#15543,.F.);
#15543 = EDGE_CURVE('',#15544,#6872,#15546,.T.);
#15544 = VERTEX_POINT('',#15545);
#15545 = CARTESIAN_POINT('',(129.9,57.,0.));
#15546 = LINE('',#15547,#15548);
#15547 = CARTESIAN_POINT('',(129.9,57.,0.));
#15548 = VECTOR('',#15549,1.);
#15549 = DIRECTION('',(0.,0.,1.));
#15550 = ORIENTED_EDGE('',*,*,#15551,.F.);
#15551 = EDGE_CURVE('',#15518,#15544,#15552,.T.);
#15552 = CIRCLE('',#15553,3.);
#15553 = AXIS2_PLACEMENT_3D('',#15554,#15555,#15556);
#15554 = CARTESIAN_POINT('',(126.9,57.,0.));
#15555 = DIRECTION('',(0.,0.,-1.));
#15556 = DIRECTION('',(-9.819055310696E-02,0.995167631749,0.));
#15557 = CYLINDRICAL_SURFACE('',#15558,3.);
#15558 = AXIS2_PLACEMENT_3D('',#15559,#15560,#15561);
#15559 = CARTESIAN_POINT('',(126.9,57.,0.));
#15560 = DIRECTION('',(0.,0.,-1.));
#15561 = DIRECTION('',(-9.819055310696E-02,0.995167631749,0.));
#15562 = ADVANCED_FACE('',(#15563),#15581,.F.);
#15563 = FACE_BOUND('',#15564,.F.);
#15564 = EDGE_LOOP('',(#15565,#15573,#15574,#15575));
#15565 = ORIENTED_EDGE('',*,*,#15566,.T.);
#15566 = EDGE_CURVE('',#15567,#6863,#15569,.T.);
#15567 = VERTEX_POINT('',#15568);
#15568 = CARTESIAN_POINT('',(129.9,3.8,0.));
#15569 = LINE('',#15570,#15571);
#15570 = CARTESIAN_POINT('',(129.9,3.8,0.));
#15571 = VECTOR('',#15572,1.);
#15572 = DIRECTION('',(0.,0.,1.));
#15573 = ORIENTED_EDGE('',*,*,#6871,.T.);
#15574 = ORIENTED_EDGE('',*,*,#15543,.F.);
#15575 = ORIENTED_EDGE('',*,*,#15576,.F.);
#15576 = EDGE_CURVE('',#15567,#15544,#15577,.T.);
#15577 = LINE('',#15578,#15579);
#15578 = CARTESIAN_POINT('',(129.9,3.8,0.));
#15579 = VECTOR('',#15580,1.);
#15580 = DIRECTION('',(0.,1.,0.));
#15581 = PLANE('',#15582);
#15582 = AXIS2_PLACEMENT_3D('',#15583,#15584,#15585);
#15583 = CARTESIAN_POINT('',(129.9,3.8,0.));
#15584 = DIRECTION('',(-1.,0.,0.));
#15585 = DIRECTION('',(0.,1.,0.));
#15586 = ADVANCED_FACE('',(#15587),#15606,.T.);
#15587 = FACE_BOUND('',#15588,.T.);
#15588 = EDGE_LOOP('',(#15589,#15590,#15591,#15599));
#15589 = ORIENTED_EDGE('',*,*,#15566,.T.);
#15590 = ORIENTED_EDGE('',*,*,#6862,.T.);
#15591 = ORIENTED_EDGE('',*,*,#15592,.F.);
#15592 = EDGE_CURVE('',#15593,#6855,#15595,.T.);
#15593 = VERTEX_POINT('',#15594);
#15594 = CARTESIAN_POINT('',(129.88550141976,3.505413386998,0.));
#15595 = LINE('',#15596,#15597);
#15596 = CARTESIAN_POINT('',(129.88550141976,3.505413386998,0.));
#15597 = VECTOR('',#15598,1.);
#15598 = DIRECTION('',(0.,0.,1.));
#15599 = ORIENTED_EDGE('',*,*,#15600,.F.);
#15600 = EDGE_CURVE('',#15567,#15593,#15601,.T.);
#15601 = CIRCLE('',#15602,3.);
#15602 = AXIS2_PLACEMENT_3D('',#15603,#15604,#15605);
#15603 = CARTESIAN_POINT('',(126.9,3.8,0.));
#15604 = DIRECTION('',(0.,0.,-1.));
#15605 = DIRECTION('',(0.,1.,0.));
#15606 = CYLINDRICAL_SURFACE('',#15607,3.);
#15607 = AXIS2_PLACEMENT_3D('',#15608,#15609,#15610);
#15608 = CARTESIAN_POINT('',(126.9,3.8,0.));
#15609 = DIRECTION('',(0.,0.,-1.));
#15610 = DIRECTION('',(0.,1.,0.));
#15611 = ADVANCED_FACE('',(#15612),#15630,.F.);
#15612 = FACE_BOUND('',#15613,.F.);
#15613 = EDGE_LOOP('',(#15614,#15622,#15623,#15624));
#15614 = ORIENTED_EDGE('',*,*,#15615,.T.);
#15615 = EDGE_CURVE('',#15616,#6846,#15618,.T.);
#15616 = VERTEX_POINT('',#15617);
#15617 = CARTESIAN_POINT('',(129.80850141976,2.725053386998,0.));
#15618 = LINE('',#15619,#15620);
#15619 = CARTESIAN_POINT('',(129.80850141976,2.725053386998,0.));
#15620 = VECTOR('',#15621,1.);
#15621 = DIRECTION('',(0.,0.,1.));
#15622 = ORIENTED_EDGE('',*,*,#6854,.T.);
#15623 = ORIENTED_EDGE('',*,*,#15592,.F.);
#15624 = ORIENTED_EDGE('',*,*,#15625,.F.);
#15625 = EDGE_CURVE('',#15616,#15593,#15626,.T.);
#15626 = LINE('',#15627,#15628);
#15627 = CARTESIAN_POINT('',(129.80850141976,2.725053386998,0.));
#15628 = VECTOR('',#15629,1.);
#15629 = DIRECTION('',(9.819553766732E-02,0.995167139923,0.));
#15630 = PLANE('',#15631);
#15631 = AXIS2_PLACEMENT_3D('',#15632,#15633,#15634);
#15632 = CARTESIAN_POINT('',(129.80850141976,2.725053386998,0.));
#15633 = DIRECTION('',(-0.995167139923,9.819553766732E-02,0.));
#15634 = DIRECTION('',(9.819553766732E-02,0.995167139923,0.));
#15635 = ADVANCED_FACE('',(#15636),#15655,.T.);
#15636 = FACE_BOUND('',#15637,.T.);
#15637 = EDGE_LOOP('',(#15638,#15639,#15640,#15648));
#15638 = ORIENTED_EDGE('',*,*,#15615,.T.);
#15639 = ORIENTED_EDGE('',*,*,#6845,.T.);
#15640 = ORIENTED_EDGE('',*,*,#15641,.F.);
#15641 = EDGE_CURVE('',#15642,#6838,#15644,.T.);
#15642 = VERTEX_POINT('',#15643);
#15643 = CARTESIAN_POINT('',(129.69448164144,2.150966768651,0.));
#15644 = LINE('',#15645,#15646);
#15645 = CARTESIAN_POINT('',(129.69448164144,2.150966768651,0.));
#15646 = VECTOR('',#15647,1.);
#15647 = DIRECTION('',(0.,0.,1.));
#15648 = ORIENTED_EDGE('',*,*,#15649,.F.);
#15649 = EDGE_CURVE('',#15616,#15642,#15650,.T.);
#15650 = CIRCLE('',#15651,3.);
#15651 = AXIS2_PLACEMENT_3D('',#15652,#15653,#15654);
#15652 = CARTESIAN_POINT('',(126.823,3.01964,0.));
#15653 = DIRECTION('',(0.,0.,-1.));
#15654 = DIRECTION('',(9.819553766732E-02,0.995167139923,0.));
#15655 = CYLINDRICAL_SURFACE('',#15656,3.);
#15656 = AXIS2_PLACEMENT_3D('',#15657,#15658,#15659);
#15657 = CARTESIAN_POINT('',(126.823,3.01964,0.));
#15658 = DIRECTION('',(0.,0.,-1.));
#15659 = DIRECTION('',(9.819553766732E-02,0.995167139923,0.));
#15660 = ADVANCED_FACE('',(#15661),#15679,.F.);
#15661 = FACE_BOUND('',#15662,.F.);
#15662 = EDGE_LOOP('',(#15663,#15671,#15672,#15673));
#15663 = ORIENTED_EDGE('',*,*,#15664,.T.);
#15664 = EDGE_CURVE('',#15665,#6829,#15667,.T.);
#15665 = VERTEX_POINT('',#15666);
#15666 = CARTESIAN_POINT('',(129.46748164144,1.400596768651,0.));
#15667 = LINE('',#15668,#15669);
#15668 = CARTESIAN_POINT('',(129.46748164144,1.400596768651,0.));
#15669 = VECTOR('',#15670,1.);
#15670 = DIRECTION('',(0.,0.,1.));
#15671 = ORIENTED_EDGE('',*,*,#6837,.T.);
#15672 = ORIENTED_EDGE('',*,*,#15641,.F.);
#15673 = ORIENTED_EDGE('',*,*,#15674,.F.);
#15674 = EDGE_CURVE('',#15665,#15642,#15675,.T.);
#15675 = LINE('',#15676,#15677);
#15676 = CARTESIAN_POINT('',(129.46748164144,1.400596768651,0.));
#15677 = VECTOR('',#15678,1.);
#15678 = DIRECTION('',(0.289557743783,0.957160547147,0.));
#15679 = PLANE('',#15680);
#15680 = AXIS2_PLACEMENT_3D('',#15681,#15682,#15683);
#15681 = CARTESIAN_POINT('',(129.46748164144,1.400596768651,0.));
#15682 = DIRECTION('',(-0.957160547147,0.289557743783,0.));
#15683 = DIRECTION('',(0.289557743783,0.957160547147,0.));
#15684 = ADVANCED_FACE('',(#15685),#15704,.T.);
#15685 = FACE_BOUND('',#15686,.T.);
#15686 = EDGE_LOOP('',(#15687,#15688,#15689,#15697));
#15687 = ORIENTED_EDGE('',*,*,#15664,.T.);
#15688 = ORIENTED_EDGE('',*,*,#6828,.T.);
#15689 = ORIENTED_EDGE('',*,*,#15690,.F.);
#15690 = EDGE_CURVE('',#15691,#6821,#15693,.T.);
#15691 = VERTEX_POINT('',#15692);
#15692 = CARTESIAN_POINT('',(129.24119297795,0.85401238762,0.));
#15693 = LINE('',#15694,#15695);
#15694 = CARTESIAN_POINT('',(129.24119297795,0.85401238762,0.));
#15695 = VECTOR('',#15696,1.);
#15696 = DIRECTION('',(0.,0.,1.));
#15697 = ORIENTED_EDGE('',*,*,#15698,.F.);
#15698 = EDGE_CURVE('',#15665,#15691,#15699,.T.);
#15699 = CIRCLE('',#15700,3.);
#15700 = AXIS2_PLACEMENT_3D('',#15701,#15702,#15703);
#15701 = CARTESIAN_POINT('',(126.596,2.26927,0.));
#15702 = DIRECTION('',(0.,0.,-1.));
#15703 = DIRECTION('',(0.289557743783,0.957160547147,0.));
#15704 = CYLINDRICAL_SURFACE('',#15705,3.);
#15705 = AXIS2_PLACEMENT_3D('',#15706,#15707,#15708);
#15706 = CARTESIAN_POINT('',(126.596,2.26927,0.));
#15707 = DIRECTION('',(0.,0.,-1.));
#15708 = DIRECTION('',(0.289557743783,0.957160547147,0.));
#15709 = ADVANCED_FACE('',(#15710),#15728,.F.);
#15710 = FACE_BOUND('',#15711,.F.);
#15711 = EDGE_LOOP('',(#15712,#15720,#15721,#15722));
#15712 = ORIENTED_EDGE('',*,*,#15713,.T.);
#15713 = EDGE_CURVE('',#15714,#6812,#15716,.T.);
#15714 = VERTEX_POINT('',#15715);
#15715 = CARTESIAN_POINT('',(128.87119297795,0.16246238762,0.));
#15716 = LINE('',#15717,#15718);
#15717 = CARTESIAN_POINT('',(128.87119297795,0.16246238762,0.));
#15718 = VECTOR('',#15719,1.);
#15719 = DIRECTION('',(0.,0.,1.));
#15720 = ORIENTED_EDGE('',*,*,#6820,.T.);
#15721 = ORIENTED_EDGE('',*,*,#15690,.F.);
#15722 = ORIENTED_EDGE('',*,*,#15723,.F.);
#15723 = EDGE_CURVE('',#15714,#15691,#15724,.T.);
#15724 = LINE('',#15725,#15726);
#15725 = CARTESIAN_POINT('',(128.87119297795,0.16246238762,0.));
#15726 = VECTOR('',#15727,1.);
#15727 = DIRECTION('',(0.47175253746,0.88173099265,0.));
#15728 = PLANE('',#15729);
#15729 = AXIS2_PLACEMENT_3D('',#15730,#15731,#15732);
#15730 = CARTESIAN_POINT('',(128.87119297795,0.16246238762,0.));
#15731 = DIRECTION('',(-0.88173099265,0.47175253746,0.));
#15732 = DIRECTION('',(0.47175253746,0.88173099265,0.));
#15733 = ADVANCED_FACE('',(#15734),#15753,.T.);
#15734 = FACE_BOUND('',#15735,.T.);
#15735 = EDGE_LOOP('',(#15736,#15737,#15738,#15746));
#15736 = ORIENTED_EDGE('',*,*,#15713,.T.);
#15737 = ORIENTED_EDGE('',*,*,#6811,.T.);
#15738 = ORIENTED_EDGE('',*,*,#15739,.F.);
#15739 = EDGE_CURVE('',#15740,#6804,#15742,.T.);
#15740 = VERTEX_POINT('',#15741);
#15741 = CARTESIAN_POINT('',(128.54400331128,-0.326711844119,0.));
#15742 = LINE('',#15743,#15744);
#15743 = CARTESIAN_POINT('',(128.54400331128,-0.326711844119,0.));
#15744 = VECTOR('',#15745,1.);
#15745 = DIRECTION('',(0.,0.,1.));
#15746 = ORIENTED_EDGE('',*,*,#15747,.F.);
#15747 = EDGE_CURVE('',#15714,#15740,#15748,.T.);
#15748 = CIRCLE('',#15749,3.);
#15749 = AXIS2_PLACEMENT_3D('',#15750,#15751,#15752);
#15750 = CARTESIAN_POINT('',(126.226,1.57772,0.));
#15751 = DIRECTION('',(0.,0.,-1.));
#15752 = DIRECTION('',(0.47175253746,0.88173099265,0.));
#15753 = CYLINDRICAL_SURFACE('',#15754,3.);
#15754 = AXIS2_PLACEMENT_3D('',#15755,#15756,#15757);
#15755 = CARTESIAN_POINT('',(126.226,1.57772,0.));
#15756 = DIRECTION('',(0.,0.,-1.));
#15757 = DIRECTION('',(0.47175253746,0.88173099265,0.));
#15758 = ADVANCED_FACE('',(#15759),#15777,.F.);
#15759 = FACE_BOUND('',#15760,.F.);
#15760 = EDGE_LOOP('',(#15761,#15769,#15770,#15771));
#15761 = ORIENTED_EDGE('',*,*,#15762,.T.);
#15762 = EDGE_CURVE('',#15763,#6795,#15765,.T.);
#15763 = VERTEX_POINT('',#15764);
#15764 = CARTESIAN_POINT('',(128.04600331128,-0.932858844119,0.));
#15765 = LINE('',#15766,#15767);
#15766 = CARTESIAN_POINT('',(128.04600331128,-0.932858844119,0.));
#15767 = VECTOR('',#15768,1.);
#15768 = DIRECTION('',(0.,0.,1.));
#15769 = ORIENTED_EDGE('',*,*,#6803,.T.);
#15770 = ORIENTED_EDGE('',*,*,#15739,.F.);
#15771 = ORIENTED_EDGE('',*,*,#15772,.F.);
#15772 = EDGE_CURVE('',#15763,#15740,#15773,.T.);
#15773 = LINE('',#15774,#15775);
#15774 = CARTESIAN_POINT('',(128.04600331128,-0.932858844119,0.));
#15775 = VECTOR('',#15776,1.);
#15776 = DIRECTION('',(0.634810614706,0.772667770427,0.));
#15777 = PLANE('',#15778);
#15778 = AXIS2_PLACEMENT_3D('',#15779,#15780,#15781);
#15779 = CARTESIAN_POINT('',(128.04600331128,-0.932858844119,0.));
#15780 = DIRECTION('',(-0.772667770427,0.634810614706,0.));
#15781 = DIRECTION('',(0.634810614706,0.772667770427,0.));
#15782 = ADVANCED_FACE('',(#15783),#15802,.T.);
#15783 = FACE_BOUND('',#15784,.T.);
#15784 = EDGE_LOOP('',(#15785,#15786,#15787,#15795));
#15785 = ORIENTED_EDGE('',*,*,#15762,.T.);
#15786 = ORIENTED_EDGE('',*,*,#6794,.T.);
#15787 = ORIENTED_EDGE('',*,*,#15788,.F.);
#15788 = EDGE_CURVE('',#15789,#6787,#15791,.T.);
#15789 = VERTEX_POINT('',#15790);
#15790 = CARTESIAN_POINT('',(127.6314534199,-1.347233822106,0.));
#15791 = LINE('',#15792,#15793);
#15792 = CARTESIAN_POINT('',(127.6314534199,-1.347233822106,0.));
#15793 = VECTOR('',#15794,1.);
#15794 = DIRECTION('',(0.,0.,1.));
#15795 = ORIENTED_EDGE('',*,*,#15796,.F.);
#15796 = EDGE_CURVE('',#15763,#15789,#15797,.T.);
#15797 = CIRCLE('',#15798,3.);
#15798 = AXIS2_PLACEMENT_3D('',#15799,#15800,#15801);
#15799 = CARTESIAN_POINT('',(125.728,0.971573,0.));
#15800 = DIRECTION('',(0.,0.,-1.));
#15801 = DIRECTION('',(0.634810614706,0.772667770427,0.));
#15802 = CYLINDRICAL_SURFACE('',#15803,3.);
#15803 = AXIS2_PLACEMENT_3D('',#15804,#15805,#15806);
#15804 = CARTESIAN_POINT('',(125.728,0.971573,0.));
#15805 = DIRECTION('',(0.,0.,-1.));
#15806 = DIRECTION('',(0.634810614706,0.772667770427,0.));
#15807 = ADVANCED_FACE('',(#15808),#15826,.F.);
#15808 = FACE_BOUND('',#15809,.F.);
#15809 = EDGE_LOOP('',(#15810,#15818,#15819,#15820));
#15810 = ORIENTED_EDGE('',*,*,#15811,.T.);
#15811 = EDGE_CURVE('',#15812,#6778,#15814,.T.);
#15812 = VERTEX_POINT('',#15813);
#15813 = CARTESIAN_POINT('',(127.0254534199,-1.844684822106,0.));
#15814 = LINE('',#15815,#15816);
#15815 = CARTESIAN_POINT('',(127.0254534199,-1.844684822106,0.));
#15816 = VECTOR('',#15817,1.);
#15817 = DIRECTION('',(0.,0.,1.));
#15818 = ORIENTED_EDGE('',*,*,#6786,.T.);
#15819 = ORIENTED_EDGE('',*,*,#15788,.F.);
#15820 = ORIENTED_EDGE('',*,*,#15821,.F.);
#15821 = EDGE_CURVE('',#15812,#15789,#15822,.T.);
#15822 = LINE('',#15823,#15824);
#15823 = CARTESIAN_POINT('',(127.0254534199,-1.844684822106,0.));
#15824 = VECTOR('',#15825,1.);
#15825 = DIRECTION('',(0.772935607369,0.634484473302,0.));
#15826 = PLANE('',#15827);
#15827 = AXIS2_PLACEMENT_3D('',#15828,#15829,#15830);
#15828 = CARTESIAN_POINT('',(127.0254534199,-1.844684822106,0.));
#15829 = DIRECTION('',(-0.634484473302,0.772935607369,0.));
#15830 = DIRECTION('',(0.772935607369,0.634484473302,0.));
#15831 = ADVANCED_FACE('',(#15832),#15851,.T.);
#15832 = FACE_BOUND('',#15833,.T.);
#15833 = EDGE_LOOP('',(#15834,#15835,#15836,#15844));
#15834 = ORIENTED_EDGE('',*,*,#15811,.T.);
#15835 = ORIENTED_EDGE('',*,*,#6777,.T.);
#15836 = ORIENTED_EDGE('',*,*,#15837,.F.);
#15837 = EDGE_CURVE('',#15838,#6770,#15840,.T.);
#15838 = VERTEX_POINT('',#15839);
#15839 = CARTESIAN_POINT('',(126.5370619695,-2.171175643455,0.));
#15840 = LINE('',#15841,#15842);
#15841 = CARTESIAN_POINT('',(126.5370619695,-2.171175643455,0.));
#15842 = VECTOR('',#15843,1.);
#15843 = DIRECTION('',(0.,0.,1.));
#15844 = ORIENTED_EDGE('',*,*,#15845,.F.);
#15845 = EDGE_CURVE('',#15812,#15838,#15846,.T.);
#15846 = CIRCLE('',#15847,3.);
#15847 = AXIS2_PLACEMENT_3D('',#15848,#15849,#15850);
#15848 = CARTESIAN_POINT('',(125.122,0.474122,0.));
#15849 = DIRECTION('',(0.,0.,-1.));
#15850 = DIRECTION('',(0.772935607369,0.634484473302,0.));
#15851 = CYLINDRICAL_SURFACE('',#15852,3.);
#15852 = AXIS2_PLACEMENT_3D('',#15853,#15854,#15855);
#15853 = CARTESIAN_POINT('',(125.122,0.474122,0.));
#15854 = DIRECTION('',(0.,0.,-1.));
#15855 = DIRECTION('',(0.772935607369,0.634484473302,0.));
#15856 = ADVANCED_FACE('',(#15857),#15875,.F.);
#15857 = FACE_BOUND('',#15858,.F.);
#15858 = EDGE_LOOP('',(#15859,#15867,#15868,#15869));
#15859 = ORIENTED_EDGE('',*,*,#15860,.T.);
#15860 = EDGE_CURVE('',#15861,#6761,#15863,.T.);
#15861 = VERTEX_POINT('',#15862);
#15862 = CARTESIAN_POINT('',(125.8460619695,-2.540815643455,0.));
#15863 = LINE('',#15864,#15865);
#15864 = CARTESIAN_POINT('',(125.8460619695,-2.540815643455,0.));
#15865 = VECTOR('',#15866,1.);
#15866 = DIRECTION('',(0.,0.,1.));
#15867 = ORIENTED_EDGE('',*,*,#6769,.T.);
#15868 = ORIENTED_EDGE('',*,*,#15837,.F.);
#15869 = ORIENTED_EDGE('',*,*,#15870,.F.);
#15870 = EDGE_CURVE('',#15861,#15838,#15871,.T.);
#15871 = LINE('',#15872,#15873);
#15872 = CARTESIAN_POINT('',(125.8460619695,-2.540815643455,0.));
#15873 = VECTOR('',#15874,1.);
#15874 = DIRECTION('',(0.881765881152,0.471687323168,0.));
#15875 = PLANE('',#15876);
#15876 = AXIS2_PLACEMENT_3D('',#15877,#15878,#15879);
#15877 = CARTESIAN_POINT('',(125.8460619695,-2.540815643455,0.));
#15878 = DIRECTION('',(-0.471687323168,0.881765881152,0.));
#15879 = DIRECTION('',(0.881765881152,0.471687323168,0.));
#15880 = ADVANCED_FACE('',(#15881),#15900,.T.);
#15881 = FACE_BOUND('',#15882,.T.);
#15882 = EDGE_LOOP('',(#15883,#15884,#15885,#15893));
#15883 = ORIENTED_EDGE('',*,*,#15860,.T.);
#15884 = ORIENTED_EDGE('',*,*,#6760,.T.);
#15885 = ORIENTED_EDGE('',*,*,#15886,.F.);
#15886 = EDGE_CURVE('',#15887,#6753,#15889,.T.);
#15887 = VERTEX_POINT('',#15888);
#15888 = CARTESIAN_POINT('',(125.30118759942,-2.766541082771,0.));
#15889 = LINE('',#15890,#15891);
#15890 = CARTESIAN_POINT('',(125.30118759942,-2.766541082771,0.));
#15891 = VECTOR('',#15892,1.);
#15892 = DIRECTION('',(0.,0.,1.));
#15893 = ORIENTED_EDGE('',*,*,#15894,.F.);
#15894 = EDGE_CURVE('',#15861,#15887,#15895,.T.);
#15895 = CIRCLE('',#15896,3.);
#15896 = AXIS2_PLACEMENT_3D('',#15897,#15898,#15899);
#15897 = CARTESIAN_POINT('',(124.431,0.104482,0.));
#15898 = DIRECTION('',(0.,0.,-1.));
#15899 = DIRECTION('',(0.881765881152,0.471687323168,0.));
#15900 = CYLINDRICAL_SURFACE('',#15901,3.);
#15901 = AXIS2_PLACEMENT_3D('',#15902,#15903,#15904);
#15902 = CARTESIAN_POINT('',(124.431,0.104482,0.));
#15903 = DIRECTION('',(0.,0.,-1.));
#15904 = DIRECTION('',(0.881765881152,0.471687323168,0.));
#15905 = ADVANCED_FACE('',(#15906),#15924,.F.);
#15906 = FACE_BOUND('',#15907,.F.);
#15907 = EDGE_LOOP('',(#15908,#15916,#15917,#15918));
#15908 = ORIENTED_EDGE('',*,*,#15909,.T.);
#15909 = EDGE_CURVE('',#15910,#6744,#15912,.T.);
#15910 = VERTEX_POINT('',#15911);
#15911 = CARTESIAN_POINT('',(124.55018759942,-2.994164082771,0.));
#15912 = LINE('',#15913,#15914);
#15913 = CARTESIAN_POINT('',(124.55018759942,-2.994164082771,0.));
#15914 = VECTOR('',#15915,1.);
#15915 = DIRECTION('',(0.,0.,1.));
#15916 = ORIENTED_EDGE('',*,*,#6752,.T.);
#15917 = ORIENTED_EDGE('',*,*,#15886,.F.);
#15918 = ORIENTED_EDGE('',*,*,#15919,.F.);
#15919 = EDGE_CURVE('',#15910,#15887,#15920,.T.);
#15920 = LINE('',#15921,#15922);
#15921 = CARTESIAN_POINT('',(124.55018759942,-2.994164082771,0.));
#15922 = VECTOR('',#15923,1.);
#15923 = DIRECTION('',(0.957007694257,0.290062533142,0.));
#15924 = PLANE('',#15925);
#15925 = AXIS2_PLACEMENT_3D('',#15926,#15927,#15928);
#15926 = CARTESIAN_POINT('',(124.55018759942,-2.994164082771,0.));
#15927 = DIRECTION('',(-0.290062533142,0.957007694257,0.));
#15928 = DIRECTION('',(0.957007694257,0.290062533142,0.));
#15929 = ADVANCED_FACE('',(#15930),#15949,.T.);
#15930 = FACE_BOUND('',#15931,.T.);
#15931 = EDGE_LOOP('',(#15932,#15933,#15934,#15942));
#15932 = ORIENTED_EDGE('',*,*,#15909,.T.);
#15933 = ORIENTED_EDGE('',*,*,#6743,.T.);
#15934 = ORIENTED_EDGE('',*,*,#15935,.F.);
#15935 = EDGE_CURVE('',#15936,#6736,#15938,.T.);
#15936 = VERTEX_POINT('',#15937);
#15937 = CARTESIAN_POINT('',(123.97418677418,-3.108681845792,0.));
#15938 = LINE('',#15939,#15940);
#15939 = CARTESIAN_POINT('',(123.97418677418,-3.108681845792,0.));
#15940 = VECTOR('',#15941,1.);
#15941 = DIRECTION('',(0.,0.,1.));
#15942 = ORIENTED_EDGE('',*,*,#15943,.F.);
#15943 = EDGE_CURVE('',#15910,#15936,#15944,.T.);
#15944 = CIRCLE('',#15945,3.);
#15945 = AXIS2_PLACEMENT_3D('',#15946,#15947,#15948);
#15946 = CARTESIAN_POINT('',(123.68,-0.123141,0.));
#15947 = DIRECTION('',(0.,0.,-1.));
#15948 = DIRECTION('',(0.957007694257,0.290062533142,0.));
#15949 = CYLINDRICAL_SURFACE('',#15950,3.);
#15950 = AXIS2_PLACEMENT_3D('',#15951,#15952,#15953);
#15951 = CARTESIAN_POINT('',(123.68,-0.123141,0.));
#15952 = DIRECTION('',(0.,0.,-1.));
#15953 = DIRECTION('',(0.957007694257,0.290062533142,0.));
#15954 = ADVANCED_FACE('',(#15955),#15973,.F.);
#15955 = FACE_BOUND('',#15956,.F.);
#15956 = EDGE_LOOP('',(#15957,#15965,#15966,#15967));
#15957 = ORIENTED_EDGE('',*,*,#15958,.T.);
#15958 = EDGE_CURVE('',#15959,#6727,#15961,.T.);
#15959 = VERTEX_POINT('',#15960);
#15960 = CARTESIAN_POINT('',(123.19418677418,-3.185540845792,0.));
#15961 = LINE('',#15962,#15963);
#15962 = CARTESIAN_POINT('',(123.19418677418,-3.185540845792,0.));
#15963 = VECTOR('',#15964,1.);
#15964 = DIRECTION('',(0.,0.,1.));
#15965 = ORIENTED_EDGE('',*,*,#6735,.T.);
#15966 = ORIENTED_EDGE('',*,*,#15935,.F.);
#15967 = ORIENTED_EDGE('',*,*,#15968,.F.);
#15968 = EDGE_CURVE('',#15959,#15936,#15969,.T.);
#15969 = LINE('',#15970,#15971);
#15970 = CARTESIAN_POINT('',(123.19418677418,-3.185540845792,0.));
#15971 = VECTOR('',#15972,1.);
#15972 = DIRECTION('',(0.995180281931,9.806225806271E-02,0.));
#15973 = PLANE('',#15974);
#15974 = AXIS2_PLACEMENT_3D('',#15975,#15976,#15977);
#15975 = CARTESIAN_POINT('',(123.19418677418,-3.185540845792,0.));
#15976 = DIRECTION('',(-9.806225806271E-02,0.995180281931,0.));
#15977 = DIRECTION('',(0.995180281931,9.806225806271E-02,0.));
#15978 = ADVANCED_FACE('',(#15979),#15998,.T.);
#15979 = FACE_BOUND('',#15980,.T.);
#15980 = EDGE_LOOP('',(#15981,#15982,#15983,#15991));
#15981 = ORIENTED_EDGE('',*,*,#15958,.T.);
#15982 = ORIENTED_EDGE('',*,*,#6726,.T.);
#15983 = ORIENTED_EDGE('',*,*,#15984,.F.);
#15984 = EDGE_CURVE('',#15985,#6719,#15987,.T.);
#15985 = VERTEX_POINT('',#15986);
#15986 = CARTESIAN_POINT('',(122.9,-3.2,0.));
#15987 = LINE('',#15988,#15989);
#15988 = CARTESIAN_POINT('',(122.9,-3.2,0.));
#15989 = VECTOR('',#15990,1.);
#15990 = DIRECTION('',(0.,0.,1.));
#15991 = ORIENTED_EDGE('',*,*,#15992,.F.);
#15992 = EDGE_CURVE('',#15959,#15985,#15993,.T.);
#15993 = CIRCLE('',#15994,3.);
#15994 = AXIS2_PLACEMENT_3D('',#15995,#15996,#15997);
#15995 = CARTESIAN_POINT('',(122.9,-0.2,0.));
#15996 = DIRECTION('',(0.,0.,-1.));
#15997 = DIRECTION('',(0.995180281931,9.806225806271E-02,0.));
#15998 = CYLINDRICAL_SURFACE('',#15999,3.);
#15999 = AXIS2_PLACEMENT_3D('',#16000,#16001,#16002);
#16000 = CARTESIAN_POINT('',(122.9,-0.2,0.));
#16001 = DIRECTION('',(0.,0.,-1.));
#16002 = DIRECTION('',(0.995180281931,9.806225806271E-02,0.));
#16003 = ADVANCED_FACE('',(#16004),#16022,.F.);
#16004 = FACE_BOUND('',#16005,.F.);
#16005 = EDGE_LOOP('',(#16006,#16014,#16015,#16016));
#16006 = ORIENTED_EDGE('',*,*,#16007,.T.);
#16007 = EDGE_CURVE('',#16008,#6711,#16010,.T.);
#16008 = VERTEX_POINT('',#16009);
#16009 = CARTESIAN_POINT('',(117.22007459629,-3.2,0.));
#16010 = LINE('',#16011,#16012);
#16011 = CARTESIAN_POINT('',(117.22007459629,-3.2,0.));
#16012 = VECTOR('',#16013,1.);
#16013 = DIRECTION('',(0.,0.,1.));
#16014 = ORIENTED_EDGE('',*,*,#6718,.T.);
#16015 = ORIENTED_EDGE('',*,*,#15984,.F.);
#16016 = ORIENTED_EDGE('',*,*,#16017,.F.);
#16017 = EDGE_CURVE('',#16008,#15985,#16018,.T.);
#16018 = LINE('',#16019,#16020);
#16019 = CARTESIAN_POINT('',(117.076,-3.2,0.));
#16020 = VECTOR('',#16021,1.);
#16021 = DIRECTION('',(1.,0.,0.));
#16022 = PLANE('',#16023);
#16023 = AXIS2_PLACEMENT_3D('',#16024,#16025,#16026);
#16024 = CARTESIAN_POINT('',(117.22007459629,-3.2,0.));
#16025 = DIRECTION('',(0.,1.,0.));
#16026 = DIRECTION('',(1.,0.,0.));
#16027 = ADVANCED_FACE('',(#16028),#16046,.F.);
#16028 = FACE_BOUND('',#16029,.F.);
#16029 = EDGE_LOOP('',(#16030,#16038,#16039,#16040));
#16030 = ORIENTED_EDGE('',*,*,#16031,.T.);
#16031 = EDGE_CURVE('',#16032,#6703,#16034,.T.);
#16032 = VERTEX_POINT('',#16033);
#16033 = CARTESIAN_POINT('',(115.94342057018,-3.322905743913,0.));
#16034 = LINE('',#16035,#16036);
#16035 = CARTESIAN_POINT('',(115.94342057018,-3.322905743913,0.));
#16036 = VECTOR('',#16037,1.);
#16037 = DIRECTION('',(0.,0.,1.));
#16038 = ORIENTED_EDGE('',*,*,#6710,.T.);
#16039 = ORIENTED_EDGE('',*,*,#16007,.F.);
#16040 = ORIENTED_EDGE('',*,*,#16041,.F.);
#16041 = EDGE_CURVE('',#16032,#16008,#16042,.T.);
#16042 = LINE('',#16043,#16044);
#16043 = CARTESIAN_POINT('',(115.6524861381,-3.350914516904,0.));
#16044 = VECTOR('',#16045,1.);
#16045 = DIRECTION('',(0.995397838968,9.582871270171E-02,0.));
#16046 = PLANE('',#16047);
#16047 = AXIS2_PLACEMENT_3D('',#16048,#16049,#16050);
#16048 = CARTESIAN_POINT('',(115.94342057018,-3.322905743913,0.));
#16049 = DIRECTION('',(-9.582871270171E-02,0.995397838968,0.));
#16050 = DIRECTION('',(0.995397838968,9.582871270171E-02,0.));
#16051 = ADVANCED_FACE('',(#16052),#16070,.F.);
#16052 = FACE_BOUND('',#16053,.F.);
#16053 = EDGE_LOOP('',(#16054,#16062,#16063,#16064));
#16054 = ORIENTED_EDGE('',*,*,#16055,.T.);
#16055 = EDGE_CURVE('',#16056,#6695,#16058,.T.);
#16056 = VERTEX_POINT('',#16057);
#16057 = CARTESIAN_POINT('',(115.00349342102,-3.603613142176,0.));
#16058 = LINE('',#16059,#16060);
#16059 = CARTESIAN_POINT('',(115.00349342102,-3.603613142176,0.));
#16060 = VECTOR('',#16061,1.);
#16061 = DIRECTION('',(0.,0.,1.));
#16062 = ORIENTED_EDGE('',*,*,#6702,.T.);
#16063 = ORIENTED_EDGE('',*,*,#16031,.F.);
#16064 = ORIENTED_EDGE('',*,*,#16065,.F.);
#16065 = EDGE_CURVE('',#16056,#16032,#16066,.T.);
#16066 = LINE('',#16067,#16068);
#16067 = CARTESIAN_POINT('',(114.72047759912,-3.688135261899,0.));
#16068 = VECTOR('',#16069,1.);
#16069 = DIRECTION('',(0.9581820873,0.286159199709,0.));
#16070 = PLANE('',#16071);
#16071 = AXIS2_PLACEMENT_3D('',#16072,#16073,#16074);
#16072 = CARTESIAN_POINT('',(115.00349342102,-3.603613142176,0.));
#16073 = DIRECTION('',(-0.286159199709,0.9581820873,0.));
#16074 = DIRECTION('',(0.9581820873,0.286159199709,0.));
#16075 = ADVANCED_FACE('',(#16076),#16094,.F.);
#16076 = FACE_BOUND('',#16077,.F.);
#16077 = EDGE_LOOP('',(#16078,#16086,#16087,#16088));
#16078 = ORIENTED_EDGE('',*,*,#16079,.T.);
#16079 = EDGE_CURVE('',#16080,#6687,#16082,.T.);
#16080 = VERTEX_POINT('',#16081);
#16081 = CARTESIAN_POINT('',(114.14317147313,-4.058632630482,0.));
#16082 = LINE('',#16083,#16084);
#16083 = CARTESIAN_POINT('',(114.14317147313,-4.058632630482,0.));
#16084 = VECTOR('',#16085,1.);
#16085 = DIRECTION('',(0.,0.,1.));
#16086 = ORIENTED_EDGE('',*,*,#6694,.T.);
#16087 = ORIENTED_EDGE('',*,*,#16055,.F.);
#16088 = ORIENTED_EDGE('',*,*,#16089,.F.);
#16089 = EDGE_CURVE('',#16080,#16056,#16090,.T.);
#16090 = LINE('',#16091,#16092);
#16091 = CARTESIAN_POINT('',(113.88159145842,-4.196980843887,0.));
#16092 = VECTOR('',#16093,1.);
#16093 = DIRECTION('',(0.883976947962,0.467530486141,0.));
#16094 = PLANE('',#16095);
#16095 = AXIS2_PLACEMENT_3D('',#16096,#16097,#16098);
#16096 = CARTESIAN_POINT('',(114.14317147313,-4.058632630482,0.));
#16097 = DIRECTION('',(-0.467530486141,0.883976947962,0.));
#16098 = DIRECTION('',(0.883976947962,0.467530486141,0.));
#16099 = ADVANCED_FACE('',(#16100),#16118,.F.);
#16100 = FACE_BOUND('',#16101,.F.);
#16101 = EDGE_LOOP('',(#16102,#16110,#16111,#16112));
#16102 = ORIENTED_EDGE('',*,*,#16103,.T.);
#16103 = EDGE_CURVE('',#16104,#6679,#16106,.T.);
#16104 = VERTEX_POINT('',#16105);
#16105 = CARTESIAN_POINT('',(113.38839238703,-4.672915781009,0.));
#16106 = LINE('',#16107,#16108);
#16107 = CARTESIAN_POINT('',(113.38839238703,-4.672915781009,0.));
#16108 = VECTOR('',#16109,1.);
#16109 = DIRECTION('',(0.,0.,1.));
#16110 = ORIENTED_EDGE('',*,*,#6686,.T.);
#16111 = ORIENTED_EDGE('',*,*,#16079,.F.);
#16112 = ORIENTED_EDGE('',*,*,#16113,.F.);
#16113 = EDGE_CURVE('',#16104,#16080,#16114,.T.);
#16114 = LINE('',#16115,#16116);
#16115 = CARTESIAN_POINT('',(113.15968083426,-4.859054554307,0.));
#16116 = VECTOR('',#16117,1.);
#16117 = DIRECTION('',(0.775598184769,0.631226944753,0.));
#16118 = PLANE('',#16119);
#16119 = AXIS2_PLACEMENT_3D('',#16120,#16121,#16122);
#16120 = CARTESIAN_POINT('',(113.38839238703,-4.672915781009,0.));
#16121 = DIRECTION('',(-0.631226944753,0.775598184769,0.));
#16122 = DIRECTION('',(0.775598184769,0.631226944753,0.));
#16123 = ADVANCED_FACE('',(#16124),#16142,.F.);
#16124 = FACE_BOUND('',#16125,.F.);
#16125 = EDGE_LOOP('',(#16126,#16134,#16135,#16136));
#16126 = ORIENTED_EDGE('',*,*,#16127,.T.);
#16127 = EDGE_CURVE('',#16128,#6671,#16130,.T.);
#16128 = VERTEX_POINT('',#16129);
#16129 = CARTESIAN_POINT('',(112.76679499934,-5.423454141838,0.));
#16130 = LINE('',#16131,#16132);
#16131 = CARTESIAN_POINT('',(112.76679499934,-5.423454141838,0.));
#16132 = VECTOR('',#16133,1.);
#16133 = DIRECTION('',(0.,0.,1.));
#16134 = ORIENTED_EDGE('',*,*,#6678,.T.);
#16135 = ORIENTED_EDGE('',*,*,#16103,.F.);
#16136 = ORIENTED_EDGE('',*,*,#16137,.F.);
#16137 = EDGE_CURVE('',#16128,#16104,#16138,.T.);
#16138 = LINE('',#16139,#16140);
#16139 = CARTESIAN_POINT('',(112.5784839456,-5.650827474489,0.));
#16140 = VECTOR('',#16141,1.);
#16141 = DIRECTION('',(0.637849158163,0.7701613152,0.));
#16142 = PLANE('',#16143);
#16143 = AXIS2_PLACEMENT_3D('',#16144,#16145,#16146);
#16144 = CARTESIAN_POINT('',(112.76679499934,-5.423454141838,0.));
#16145 = DIRECTION('',(-0.7701613152,0.637849158163,0.));
#16146 = DIRECTION('',(0.637849158163,0.7701613152,0.));
#16147 = ADVANCED_FACE('',(#16148),#16166,.F.);
#16148 = FACE_BOUND('',#16149,.F.);
#16149 = EDGE_LOOP('',(#16150,#16158,#16159,#16160));
#16150 = ORIENTED_EDGE('',*,*,#16151,.T.);
#16151 = EDGE_CURVE('',#16152,#6663,#16154,.T.);
#16152 = VERTEX_POINT('',#16153);
#16153 = CARTESIAN_POINT('',(112.30416151189,-6.27940071193,0.));
#16154 = LINE('',#16155,#16156);
#16155 = CARTESIAN_POINT('',(112.30416151189,-6.27940071193,0.));
#16156 = VECTOR('',#16157,1.);
#16157 = DIRECTION('',(0.,0.,1.));
#16158 = ORIENTED_EDGE('',*,*,#6670,.T.);
#16159 = ORIENTED_EDGE('',*,*,#16127,.F.);
#16160 = ORIENTED_EDGE('',*,*,#16161,.F.);
#16161 = EDGE_CURVE('',#16152,#16128,#16162,.T.);
#16162 = LINE('',#16163,#16164);
#16163 = CARTESIAN_POINT('',(112.16317156234,-6.540254858909,0.));
#16164 = VECTOR('',#16165,1.);
#16165 = DIRECTION('',(0.47548495297,0.879723854115,0.));
#16166 = PLANE('',#16167);
#16167 = AXIS2_PLACEMENT_3D('',#16168,#16169,#16170);
#16168 = CARTESIAN_POINT('',(112.30416151189,-6.27940071193,0.));
#16169 = DIRECTION('',(-0.879723854115,0.47548495297,0.));
#16170 = DIRECTION('',(0.47548495297,0.879723854115,0.));
#16171 = ADVANCED_FACE('',(#16172),#16190,.F.);
#16172 = FACE_BOUND('',#16173,.F.);
#16173 = EDGE_LOOP('',(#16174,#16182,#16183,#16184));
#16174 = ORIENTED_EDGE('',*,*,#16175,.T.);
#16175 = EDGE_CURVE('',#16176,#6655,#16178,.T.);
#16176 = VERTEX_POINT('',#16177);
#16177 = CARTESIAN_POINT('',(112.01781797955,-7.210091890337,0.));
#16178 = LINE('',#16179,#16180);
#16179 = CARTESIAN_POINT('',(112.01781797955,-7.210091890337,0.));
#16180 = VECTOR('',#16181,1.);
#16181 = DIRECTION('',(0.,0.,1.));
#16182 = ORIENTED_EDGE('',*,*,#6662,.T.);
#16183 = ORIENTED_EDGE('',*,*,#16151,.F.);
#16184 = ORIENTED_EDGE('',*,*,#16185,.F.);
#16185 = EDGE_CURVE('',#16176,#16152,#16186,.T.);
#16186 = LINE('',#16187,#16188);
#16187 = CARTESIAN_POINT('',(111.9313569292,-7.491112859056,0.));
#16188 = VECTOR('',#16189,1.);
#16189 = DIRECTION('',(0.294064286352,0.955785643067,0.));
#16190 = PLANE('',#16191);
#16191 = AXIS2_PLACEMENT_3D('',#16192,#16193,#16194);
#16192 = CARTESIAN_POINT('',(112.01781797955,-7.210091890337,0.));
#16193 = DIRECTION('',(-0.955785643067,0.294064286352,0.));
#16194 = DIRECTION('',(0.294064286352,0.955785643067,0.));
#16195 = ADVANCED_FACE('',(#16196),#16214,.F.);
#16196 = FACE_BOUND('',#16197,.F.);
#16197 = EDGE_LOOP('',(#16198,#16206,#16207,#16208));
#16198 = ORIENTED_EDGE('',*,*,#16199,.T.);
#16199 = EDGE_CURVE('',#16200,#6647,#16202,.T.);
#16200 = VERTEX_POINT('',#16201);
#16201 = CARTESIAN_POINT('',(111.91760936505,-8.178729520181,0.));
#16202 = LINE('',#16203,#16204);
#16203 = CARTESIAN_POINT('',(111.91760936505,-8.178729520181,0.));
#16204 = VECTOR('',#16205,1.);
#16205 = DIRECTION('',(0.,0.,1.));
#16206 = ORIENTED_EDGE('',*,*,#6654,.T.);
#16207 = ORIENTED_EDGE('',*,*,#16175,.F.);
#16208 = ORIENTED_EDGE('',*,*,#16209,.F.);
#16209 = EDGE_CURVE('',#16200,#16176,#16210,.T.);
#16210 = LINE('',#16211,#16212);
#16211 = CARTESIAN_POINT('',(111.88707389259,-8.473891845519,0.));
#16212 = VECTOR('',#16213,1.);
#16213 = DIRECTION('',(0.102903948506,0.99469129753,0.));
#16214 = PLANE('',#16215);
#16215 = AXIS2_PLACEMENT_3D('',#16216,#16217,#16218);
#16216 = CARTESIAN_POINT('',(111.91760936505,-8.178729520181,0.));
#16217 = DIRECTION('',(-0.99469129753,0.102903948506,0.));
#16218 = DIRECTION('',(0.102903948506,0.99469129753,0.));
#16219 = ADVANCED_FACE('',(#16220),#16238,.F.);
#16220 = FACE_BOUND('',#16221,.F.);
#16221 = EDGE_LOOP('',(#16222,#16230,#16231,#16232));
#16222 = ORIENTED_EDGE('',*,*,#16223,.T.);
#16223 = EDGE_CURVE('',#16224,#6639,#16226,.T.);
#16224 = VERTEX_POINT('',#16225);
#16225 = CARTESIAN_POINT('',(112.00897356131,-9.146817085454,0.));
#16226 = LINE('',#16227,#16228);
#16227 = CARTESIAN_POINT('',(112.00897356131,-9.146817085454,0.));
#16228 = VECTOR('',#16229,1.);
#16229 = DIRECTION('',(0.,0.,1.));
#16230 = ORIENTED_EDGE('',*,*,#6646,.T.);
#16231 = ORIENTED_EDGE('',*,*,#16199,.F.);
#16232 = ORIENTED_EDGE('',*,*,#16233,.F.);
#16233 = EDGE_CURVE('',#16224,#16200,#16234,.T.);
#16234 = LINE('',#16235,#16236);
#16235 = CARTESIAN_POINT('',(112.03672835701,-9.440904635027,0.));
#16236 = VECTOR('',#16237,1.);
#16237 = DIRECTION('',(-9.395845499096E-02,0.995576119006,0.));
#16238 = PLANE('',#16239);
#16239 = AXIS2_PLACEMENT_3D('',#16240,#16241,#16242);
#16240 = CARTESIAN_POINT('',(112.00897356131,-9.146817085454,0.));
#16241 = DIRECTION('',(-0.995576119006,-9.395845499096E-02,0.));
#16242 = DIRECTION('',(-9.395845499096E-02,0.995576119006,0.));
#16243 = ADVANCED_FACE('',(#16244),#16262,.F.);
#16244 = FACE_BOUND('',#16245,.F.);
#16245 = EDGE_LOOP('',(#16246,#16254,#16255,#16256));
#16246 = ORIENTED_EDGE('',*,*,#16247,.T.);
#16247 = EDGE_CURVE('',#16248,#6631,#16250,.T.);
#16248 = VERTEX_POINT('',#16249);
#16249 = CARTESIAN_POINT('',(112.28799807419,-10.08050286166,0.));
#16250 = LINE('',#16251,#16252);
#16251 = CARTESIAN_POINT('',(112.28799807419,-10.08050286166,0.));
#16252 = VECTOR('',#16253,1.);
#16253 = DIRECTION('',(0.,0.,1.));
#16254 = ORIENTED_EDGE('',*,*,#6638,.T.);
#16255 = ORIENTED_EDGE('',*,*,#16223,.F.);
#16256 = ORIENTED_EDGE('',*,*,#16257,.F.);
#16257 = EDGE_CURVE('',#16248,#16224,#16258,.T.);
#16258 = LINE('',#16259,#16260);
#16259 = CARTESIAN_POINT('',(112.37239335704,-10.3629105769,0.));
#16260 = VECTOR('',#16261,1.);
#16261 = DIRECTION('',(-0.286329807699,0.958131119014,0.));
#16262 = PLANE('',#16263);
#16263 = AXIS2_PLACEMENT_3D('',#16264,#16265,#16266);
#16264 = CARTESIAN_POINT('',(112.28799807419,-10.08050286166,0.));
#16265 = DIRECTION('',(-0.958131119014,-0.286329807699,0.));
#16266 = DIRECTION('',(-0.286329807699,0.958131119014,0.));
#16267 = ADVANCED_FACE('',(#16268),#16286,.F.);
#16268 = FACE_BOUND('',#16269,.F.);
#16269 = EDGE_LOOP('',(#16270,#16278,#16279,#16280));
#16270 = ORIENTED_EDGE('',*,*,#16271,.T.);
#16271 = EDGE_CURVE('',#16272,#6623,#16274,.T.);
#16272 = VERTEX_POINT('',#16273);
#16273 = CARTESIAN_POINT('',(112.74307674877,-10.94141708748,0.));
#16274 = LINE('',#16275,#16276);
#16275 = CARTESIAN_POINT('',(112.74307674877,-10.94141708748,0.));
#16276 = VECTOR('',#16277,1.);
#16277 = DIRECTION('',(0.,0.,1.));
#16278 = ORIENTED_EDGE('',*,*,#6630,.T.);
#16279 = ORIENTED_EDGE('',*,*,#16247,.F.);
#16280 = ORIENTED_EDGE('',*,*,#16281,.F.);
#16281 = EDGE_CURVE('',#16272,#16248,#16282,.T.);
#16282 = LINE('',#16283,#16284);
#16283 = CARTESIAN_POINT('',(112.88125425756,-11.20282020227,0.));
#16284 = VECTOR('',#16285,1.);
#16285 = DIRECTION('',(-0.467326599243,0.884084752521,0.));
#16286 = PLANE('',#16287);
#16287 = AXIS2_PLACEMENT_3D('',#16288,#16289,#16290);
#16288 = CARTESIAN_POINT('',(112.74307674877,-10.94141708748,0.));
#16289 = DIRECTION('',(-0.884084752521,-0.467326599243,0.));
#16290 = DIRECTION('',(-0.467326599243,0.884084752521,0.));
#16291 = ADVANCED_FACE('',(#16292),#16310,.F.);
#16292 = FACE_BOUND('',#16293,.F.);
#16293 = EDGE_LOOP('',(#16294,#16302,#16303,#16304));
#16294 = ORIENTED_EDGE('',*,*,#16295,.T.);
#16295 = EDGE_CURVE('',#16296,#6615,#16298,.T.);
#16296 = VERTEX_POINT('',#16297);
#16297 = CARTESIAN_POINT('',(113.35703561431,-11.69639365801,0.));
#16298 = LINE('',#16299,#16300);
#16299 = CARTESIAN_POINT('',(113.35703561431,-11.69639365801,0.));
#16300 = VECTOR('',#16301,1.);
#16301 = DIRECTION('',(0.,0.,1.));
#16302 = ORIENTED_EDGE('',*,*,#6622,.T.);
#16303 = ORIENTED_EDGE('',*,*,#16271,.F.);
#16304 = ORIENTED_EDGE('',*,*,#16305,.F.);
#16305 = EDGE_CURVE('',#16296,#16272,#16306,.T.);
#16306 = LINE('',#16307,#16308);
#16307 = CARTESIAN_POINT('',(113.54352641828,-11.92571877329,0.));
#16308 = VECTOR('',#16309,1.);
#16309 = DIRECTION('',(-0.630927075568,0.77584213943,0.));
#16310 = PLANE('',#16311);
#16311 = AXIS2_PLACEMENT_3D('',#16312,#16313,#16314);
#16312 = CARTESIAN_POINT('',(113.35703561431,-11.69639365801,0.));
#16313 = DIRECTION('',(-0.77584213943,-0.630927075568,0.));
#16314 = DIRECTION('',(-0.630927075568,0.77584213943,0.));
#16315 = ADVANCED_FACE('',(#16316),#16334,.F.);
#16316 = FACE_BOUND('',#16317,.F.);
#16317 = EDGE_LOOP('',(#16318,#16326,#16327,#16328));
#16318 = ORIENTED_EDGE('',*,*,#16319,.T.);
#16319 = EDGE_CURVE('',#16320,#6607,#16322,.T.);
#16320 = VERTEX_POINT('',#16321);
#16321 = CARTESIAN_POINT('',(114.37280302797,-12.53752692457,0.));
#16322 = LINE('',#16323,#16324);
#16323 = CARTESIAN_POINT('',(114.37280302797,-12.53752692457,0.));
#16324 = VECTOR('',#16325,1.);
#16325 = DIRECTION('',(0.,0.,1.));
#16326 = ORIENTED_EDGE('',*,*,#6614,.T.);
#16327 = ORIENTED_EDGE('',*,*,#16295,.F.);
#16328 = ORIENTED_EDGE('',*,*,#16329,.F.);
#16329 = EDGE_CURVE('',#16320,#16296,#16330,.T.);
#16330 = LINE('',#16331,#16332);
#16331 = CARTESIAN_POINT('',(114.48637562774,-12.63157374135,0.));
#16332 = VECTOR('',#16333,1.);
#16333 = DIRECTION('',(-0.770208752883,0.637791875914,0.));
#16334 = PLANE('',#16335);
#16335 = AXIS2_PLACEMENT_3D('',#16336,#16337,#16338);
#16336 = CARTESIAN_POINT('',(114.37280302797,-12.53752692457,0.));
#16337 = DIRECTION('',(-0.637791875914,-0.770208752883,0.));
#16338 = DIRECTION('',(-0.770208752883,0.637791875914,0.));
#16339 = ADVANCED_FACE('',(#16340),#16358,.F.);
#16340 = FACE_BOUND('',#16341,.F.);
#16341 = EDGE_LOOP('',(#16342,#16350,#16351,#16352));
#16342 = ORIENTED_EDGE('',*,*,#16343,.T.);
#16343 = EDGE_CURVE('',#16344,#6598,#16346,.T.);
#16344 = VERTEX_POINT('',#16345);
#16345 = CARTESIAN_POINT('',(128.05155492386,-21.76377123827,0.));
#16346 = LINE('',#16347,#16348);
#16347 = CARTESIAN_POINT('',(128.05155492386,-21.76377123827,0.));
#16348 = VECTOR('',#16349,1.);
#16349 = DIRECTION('',(0.,0.,1.));
#16350 = ORIENTED_EDGE('',*,*,#6606,.T.);
#16351 = ORIENTED_EDGE('',*,*,#16319,.F.);
#16352 = ORIENTED_EDGE('',*,*,#16353,.F.);
#16353 = EDGE_CURVE('',#16344,#16320,#16354,.T.);
#16354 = LINE('',#16355,#16356);
#16355 = CARTESIAN_POINT('',(128.05155492386,-21.76377123827,0.));
#16356 = VECTOR('',#16357,1.);
#16357 = DIRECTION('',(-0.829042920576,0.559184974622,0.));
#16358 = PLANE('',#16359);
#16359 = AXIS2_PLACEMENT_3D('',#16360,#16361,#16362);
#16360 = CARTESIAN_POINT('',(128.05155492386,-21.76377123827,0.));
#16361 = DIRECTION('',(-0.559184974622,-0.829042920576,0.));
#16362 = DIRECTION('',(-0.829042920576,0.559184974622,0.));
#16363 = ADVANCED_FACE('',(#16364),#16383,.T.);
#16364 = FACE_BOUND('',#16365,.T.);
#16365 = EDGE_LOOP('',(#16366,#16367,#16368,#16376));
#16366 = ORIENTED_EDGE('',*,*,#16343,.T.);
#16367 = ORIENTED_EDGE('',*,*,#6597,.T.);
#16368 = ORIENTED_EDGE('',*,*,#16369,.F.);
#16369 = EDGE_CURVE('',#16370,#6590,#16372,.T.);
#16370 = VERTEX_POINT('',#16371);
#16371 = CARTESIAN_POINT('',(128.28724333464,-21.94016419891,0.));
#16372 = LINE('',#16373,#16374);
#16373 = CARTESIAN_POINT('',(128.28724333464,-21.94016419891,0.));
#16374 = VECTOR('',#16375,1.);
#16375 = DIRECTION('',(0.,0.,1.));
#16376 = ORIENTED_EDGE('',*,*,#16377,.F.);
#16377 = EDGE_CURVE('',#16344,#16370,#16378,.T.);
#16378 = CIRCLE('',#16379,3.);
#16379 = AXIS2_PLACEMENT_3D('',#16380,#16381,#16382);
#16380 = CARTESIAN_POINT('',(126.374,-24.2509,0.));
#16381 = DIRECTION('',(0.,0.,-1.));
#16382 = DIRECTION('',(-0.829042920576,0.559184974622,0.));
#16383 = CYLINDRICAL_SURFACE('',#16384,3.);
#16384 = AXIS2_PLACEMENT_3D('',#16385,#16386,#16387);
#16385 = CARTESIAN_POINT('',(126.374,-24.2509,0.));
#16386 = DIRECTION('',(0.,0.,-1.));
#16387 = DIRECTION('',(-0.829042920576,0.559184974622,0.));
#16388 = ADVANCED_FACE('',(#16389),#16407,.F.);
#16389 = FACE_BOUND('',#16390,.F.);
#16390 = EDGE_LOOP('',(#16391,#16399,#16400,#16401));
#16391 = ORIENTED_EDGE('',*,*,#16392,.T.);
#16392 = EDGE_CURVE('',#16393,#6581,#16395,.T.);
#16393 = VERTEX_POINT('',#16394);
#16394 = CARTESIAN_POINT('',(128.89124333464,-22.44026419891,0.));
#16395 = LINE('',#16396,#16397);
#16396 = CARTESIAN_POINT('',(128.89124333464,-22.44026419891,0.));
#16397 = VECTOR('',#16398,1.);
#16398 = DIRECTION('',(0.,0.,1.));
#16399 = ORIENTED_EDGE('',*,*,#6589,.T.);
#16400 = ORIENTED_EDGE('',*,*,#16369,.F.);
#16401 = ORIENTED_EDGE('',*,*,#16402,.F.);
#16402 = EDGE_CURVE('',#16393,#16370,#16403,.T.);
#16403 = LINE('',#16404,#16405);
#16404 = CARTESIAN_POINT('',(128.89124333464,-22.44026419891,0.));
#16405 = VECTOR('',#16406,1.);
#16406 = DIRECTION('',(-0.77024526703,0.637747778215,0.));
#16407 = PLANE('',#16408);
#16408 = AXIS2_PLACEMENT_3D('',#16409,#16410,#16411);
#16409 = CARTESIAN_POINT('',(128.89124333464,-22.44026419891,0.));
#16410 = DIRECTION('',(-0.637747778215,-0.77024526703,0.));
#16411 = DIRECTION('',(-0.77024526703,0.637747778215,0.));
#16412 = ADVANCED_FACE('',(#16413),#16432,.T.);
#16413 = FACE_BOUND('',#16414,.T.);
#16414 = EDGE_LOOP('',(#16415,#16416,#16417,#16425));
#16415 = ORIENTED_EDGE('',*,*,#16392,.T.);
#16416 = ORIENTED_EDGE('',*,*,#6580,.T.);
#16417 = ORIENTED_EDGE('',*,*,#16418,.F.);
#16418 = EDGE_CURVE('',#16419,#6573,#16421,.T.);
#16419 = VERTEX_POINT('',#16420);
#16420 = CARTESIAN_POINT('',(129.30492553996,-22.85748012118,0.));
#16421 = LINE('',#16422,#16423);
#16422 = CARTESIAN_POINT('',(129.30492553996,-22.85748012118,0.));
#16423 = VECTOR('',#16424,1.);
#16424 = DIRECTION('',(0.,0.,1.));
#16425 = ORIENTED_EDGE('',*,*,#16426,.F.);
#16426 = EDGE_CURVE('',#16393,#16419,#16427,.T.);
#16427 = CIRCLE('',#16428,3.);
#16428 = AXIS2_PLACEMENT_3D('',#16429,#16430,#16431);
#16429 = CARTESIAN_POINT('',(126.978,-24.751,0.));
#16430 = DIRECTION('',(0.,0.,-1.));
#16431 = DIRECTION('',(-0.77024526703,0.637747778215,0.));
#16432 = CYLINDRICAL_SURFACE('',#16433,3.);
#16433 = AXIS2_PLACEMENT_3D('',#16434,#16435,#16436);
#16434 = CARTESIAN_POINT('',(126.978,-24.751,0.));
#16435 = DIRECTION('',(0.,0.,-1.));
#16436 = DIRECTION('',(-0.77024526703,0.637747778215,0.));
#16437 = ADVANCED_FACE('',(#16438),#16456,.F.);
#16438 = FACE_BOUND('',#16439,.F.);
#16439 = EDGE_LOOP('',(#16440,#16448,#16449,#16450));
#16440 = ORIENTED_EDGE('',*,*,#16441,.T.);
#16441 = EDGE_CURVE('',#16442,#6564,#16444,.T.);
#16442 = VERTEX_POINT('',#16443);
#16443 = CARTESIAN_POINT('',(129.79992553996,-23.46578012118,0.));
#16444 = LINE('',#16445,#16446);
#16445 = CARTESIAN_POINT('',(129.79992553996,-23.46578012118,0.));
#16446 = VECTOR('',#16447,1.);
#16447 = DIRECTION('',(0.,0.,1.));
#16448 = ORIENTED_EDGE('',*,*,#6572,.T.);
#16449 = ORIENTED_EDGE('',*,*,#16418,.F.);
#16450 = ORIENTED_EDGE('',*,*,#16451,.F.);
#16451 = EDGE_CURVE('',#16442,#16419,#16452,.T.);
#16452 = LINE('',#16453,#16454);
#16453 = CARTESIAN_POINT('',(129.79992553996,-23.46578012118,0.));
#16454 = VECTOR('',#16455,1.);
#16455 = DIRECTION('',(-0.631173292938,0.775641846655,0.));
#16456 = PLANE('',#16457);
#16457 = AXIS2_PLACEMENT_3D('',#16458,#16459,#16460);
#16458 = CARTESIAN_POINT('',(129.79992553996,-23.46578012118,0.));
#16459 = DIRECTION('',(-0.775641846655,-0.631173292938,0.));
#16460 = DIRECTION('',(-0.631173292938,0.775641846655,0.));
#16461 = ADVANCED_FACE('',(#16462),#16481,.T.);
#16462 = FACE_BOUND('',#16463,.T.);
#16463 = EDGE_LOOP('',(#16464,#16465,#16466,#16474));
#16464 = ORIENTED_EDGE('',*,*,#16441,.T.);
#16465 = ORIENTED_EDGE('',*,*,#6563,.T.);
#16466 = ORIENTED_EDGE('',*,*,#16467,.F.);
#16467 = EDGE_CURVE('',#16468,#6556,#16470,.T.);
#16468 = VERTEX_POINT('',#16469);
#16469 = CARTESIAN_POINT('',(130.12434514171,-23.95560169213,0.));
#16470 = LINE('',#16471,#16472);
#16471 = CARTESIAN_POINT('',(130.12434514171,-23.95560169213,0.));
#16472 = VECTOR('',#16473,1.);
#16473 = DIRECTION('',(0.,0.,1.));
#16474 = ORIENTED_EDGE('',*,*,#16475,.F.);
#16475 = EDGE_CURVE('',#16442,#16468,#16476,.T.);
#16476 = CIRCLE('',#16477,3.);
#16477 = AXIS2_PLACEMENT_3D('',#16478,#16479,#16480);
#16478 = CARTESIAN_POINT('',(127.473,-25.3593,0.));
#16479 = DIRECTION('',(0.,0.,-1.));
#16480 = DIRECTION('',(-0.631173292938,0.775641846655,0.));
#16481 = CYLINDRICAL_SURFACE('',#16482,3.);
#16482 = AXIS2_PLACEMENT_3D('',#16483,#16484,#16485);
#16483 = CARTESIAN_POINT('',(127.473,-25.3593,0.));
#16484 = DIRECTION('',(0.,0.,-1.));
#16485 = DIRECTION('',(-0.631173292938,0.775641846655,0.));
#16486 = ADVANCED_FACE('',(#16487),#16505,.F.);
#16487 = FACE_BOUND('',#16488,.F.);
#16488 = EDGE_LOOP('',(#16489,#16497,#16498,#16499));
#16489 = ORIENTED_EDGE('',*,*,#16490,.T.);
#16490 = EDGE_CURVE('',#16491,#6547,#16493,.T.);
#16491 = VERTEX_POINT('',#16492);
#16492 = CARTESIAN_POINT('',(130.49134514171,-24.64880169213,0.));
#16493 = LINE('',#16494,#16495);
#16494 = CARTESIAN_POINT('',(130.49134514171,-24.64880169213,0.));
#16495 = VECTOR('',#16496,1.);
#16496 = DIRECTION('',(0.,0.,1.));
#16497 = ORIENTED_EDGE('',*,*,#6555,.T.);
#16498 = ORIENTED_EDGE('',*,*,#16467,.F.);
#16499 = ORIENTED_EDGE('',*,*,#16500,.F.);
#16500 = EDGE_CURVE('',#16491,#16468,#16501,.T.);
#16501 = LINE('',#16502,#16503);
#16502 = CARTESIAN_POINT('',(130.49134514171,-24.64880169213,0.));
#16503 = VECTOR('',#16504,1.);
#16504 = DIRECTION('',(-0.467899435954,0.883781713906,0.));
#16505 = PLANE('',#16506);
#16506 = AXIS2_PLACEMENT_3D('',#16507,#16508,#16509);
#16507 = CARTESIAN_POINT('',(130.49134514171,-24.64880169213,0.));
#16508 = DIRECTION('',(-0.883781713906,-0.467899435954,0.));
#16509 = DIRECTION('',(-0.467899435954,0.883781713906,0.));
#16510 = ADVANCED_FACE('',(#16511),#16530,.T.);
#16511 = FACE_BOUND('',#16512,.T.);
#16512 = EDGE_LOOP('',(#16513,#16514,#16515,#16523));
#16513 = ORIENTED_EDGE('',*,*,#16490,.T.);
#16514 = ORIENTED_EDGE('',*,*,#6546,.T.);
#16515 = ORIENTED_EDGE('',*,*,#16516,.F.);
#16516 = EDGE_CURVE('',#16517,#6539,#16519,.T.);
#16517 = VERTEX_POINT('',#16518);
#16518 = CARTESIAN_POINT('',(130.71496989052,-25.19544216731,0.));
#16519 = LINE('',#16520,#16521);
#16520 = CARTESIAN_POINT('',(130.71496989052,-25.19544216731,0.));
#16521 = VECTOR('',#16522,1.);
#16522 = DIRECTION('',(0.,0.,1.));
#16523 = ORIENTED_EDGE('',*,*,#16524,.F.);
#16524 = EDGE_CURVE('',#16491,#16517,#16525,.T.);
#16525 = CIRCLE('',#16526,3.);
#16526 = AXIS2_PLACEMENT_3D('',#16527,#16528,#16529);
#16527 = CARTESIAN_POINT('',(127.84,-26.0525,0.));
#16528 = DIRECTION('',(0.,0.,-1.));
#16529 = DIRECTION('',(-0.467899435954,0.883781713906,0.));
#16530 = CYLINDRICAL_SURFACE('',#16531,3.);
#16531 = AXIS2_PLACEMENT_3D('',#16532,#16533,#16534);
#16532 = CARTESIAN_POINT('',(127.84,-26.0525,0.));
#16533 = DIRECTION('',(0.,0.,-1.));
#16534 = DIRECTION('',(-0.467899435954,0.883781713906,0.));
#16535 = ADVANCED_FACE('',(#16536),#16554,.F.);
#16536 = FACE_BOUND('',#16537,.F.);
#16537 = EDGE_LOOP('',(#16538,#16546,#16547,#16548));
#16538 = ORIENTED_EDGE('',*,*,#16539,.T.);
#16539 = EDGE_CURVE('',#16540,#6530,#16542,.T.);
#16540 = VERTEX_POINT('',#16541);
#16541 = CARTESIAN_POINT('',(130.93896989052,-25.94684216731,0.));
#16542 = LINE('',#16543,#16544);
#16543 = CARTESIAN_POINT('',(130.93896989052,-25.94684216731,0.));
#16544 = VECTOR('',#16545,1.);
#16545 = DIRECTION('',(0.,0.,1.));
#16546 = ORIENTED_EDGE('',*,*,#6538,.T.);
#16547 = ORIENTED_EDGE('',*,*,#16516,.F.);
#16548 = ORIENTED_EDGE('',*,*,#16549,.F.);
#16549 = EDGE_CURVE('',#16540,#16517,#16550,.T.);
#16550 = LINE('',#16551,#16552);
#16551 = CARTESIAN_POINT('',(130.93896989052,-25.94684216731,0.));
#16552 = VECTOR('',#16553,1.);
#16553 = DIRECTION('',(-0.285685944228,0.958323296842,0.));
#16554 = PLANE('',#16555);
#16555 = AXIS2_PLACEMENT_3D('',#16556,#16557,#16558);
#16556 = CARTESIAN_POINT('',(130.93896989052,-25.94684216731,0.));
#16557 = DIRECTION('',(-0.958323296842,-0.285685944228,0.));
#16558 = DIRECTION('',(-0.285685944228,0.958323296842,0.));
#16559 = ADVANCED_FACE('',(#16560),#16579,.T.);
#16560 = FACE_BOUND('',#16561,.T.);
#16561 = EDGE_LOOP('',(#16562,#16563,#16564,#16572));
#16562 = ORIENTED_EDGE('',*,*,#16539,.T.);
#16563 = ORIENTED_EDGE('',*,*,#6529,.T.);
#16564 = ORIENTED_EDGE('',*,*,#16565,.F.);
#16565 = EDGE_CURVE('',#16566,#6522,#16568,.T.);
#16566 = VERTEX_POINT('',#16567);
#16567 = CARTESIAN_POINT('',(131.05097037004,-26.52460086203,0.));
#16568 = LINE('',#16569,#16570);
#16569 = CARTESIAN_POINT('',(131.05097037004,-26.52460086203,0.));
#16570 = VECTOR('',#16571,1.);
#16571 = DIRECTION('',(0.,0.,1.));
#16572 = ORIENTED_EDGE('',*,*,#16573,.F.);
#16573 = EDGE_CURVE('',#16540,#16566,#16574,.T.);
#16574 = CIRCLE('',#16575,3.);
#16575 = AXIS2_PLACEMENT_3D('',#16576,#16577,#16578);
#16576 = CARTESIAN_POINT('',(128.064,-26.8039,0.));
#16577 = DIRECTION('',(0.,0.,-1.));
#16578 = DIRECTION('',(-0.285685944228,0.958323296842,0.));
#16579 = CYLINDRICAL_SURFACE('',#16580,3.);
#16580 = AXIS2_PLACEMENT_3D('',#16581,#16582,#16583);
#16581 = CARTESIAN_POINT('',(128.064,-26.8039,0.));
#16582 = DIRECTION('',(0.,0.,-1.));
#16583 = DIRECTION('',(-0.285685944228,0.958323296842,0.));
#16584 = ADVANCED_FACE('',(#16585),#16603,.F.);
#16585 = FACE_BOUND('',#16586,.F.);
#16586 = EDGE_LOOP('',(#16587,#16595,#16596,#16597));
#16587 = ORIENTED_EDGE('',*,*,#16588,.T.);
#16588 = EDGE_CURVE('',#16589,#6513,#16591,.T.);
#16589 = VERTEX_POINT('',#16590);
#16590 = CARTESIAN_POINT('',(131.12397037004,-27.30530086203,0.));
#16591 = LINE('',#16592,#16593);
#16592 = CARTESIAN_POINT('',(131.12397037004,-27.30530086203,0.));
#16593 = VECTOR('',#16594,1.);
#16594 = DIRECTION('',(0.,0.,1.));
#16595 = ORIENTED_EDGE('',*,*,#6521,.T.);
#16596 = ORIENTED_EDGE('',*,*,#16565,.F.);
#16597 = ORIENTED_EDGE('',*,*,#16598,.F.);
#16598 = EDGE_CURVE('',#16589,#16566,#16599,.T.);
#16599 = LINE('',#16600,#16601);
#16600 = CARTESIAN_POINT('',(131.12397037004,-27.30530086203,0.));
#16601 = VECTOR('',#16602,1.);
#16602 = DIRECTION('',(-9.309971265673E-02,0.995656790015,0.));
#16603 = PLANE('',#16604);
#16604 = AXIS2_PLACEMENT_3D('',#16605,#16606,#16607);
#16605 = CARTESIAN_POINT('',(131.12397037004,-27.30530086203,0.));
#16606 = DIRECTION('',(-0.995656790015,-9.309971265673E-02,0.));
#16607 = DIRECTION('',(-9.309971265673E-02,0.995656790015,0.));
#16608 = ADVANCED_FACE('',(#16609),#16628,.T.);
#16609 = FACE_BOUND('',#16610,.T.);
#16610 = EDGE_LOOP('',(#16611,#16612,#16613,#16621));
#16611 = ORIENTED_EDGE('',*,*,#16588,.T.);
#16612 = ORIENTED_EDGE('',*,*,#6512,.T.);
#16613 = ORIENTED_EDGE('',*,*,#16614,.F.);
#16614 = EDGE_CURVE('',#16615,#6505,#16617,.T.);
#16615 = VERTEX_POINT('',#16616);
#16616 = CARTESIAN_POINT('',(131.12134431583,-27.89068659649,0.));
#16617 = LINE('',#16618,#16619);
#16618 = CARTESIAN_POINT('',(131.12134431583,-27.89068659649,0.));
#16619 = VECTOR('',#16620,1.);
#16620 = DIRECTION('',(0.,0.,1.));
#16621 = ORIENTED_EDGE('',*,*,#16622,.F.);
#16622 = EDGE_CURVE('',#16589,#16615,#16623,.T.);
#16623 = CIRCLE('',#16624,3.);
#16624 = AXIS2_PLACEMENT_3D('',#16625,#16626,#16627);
#16625 = CARTESIAN_POINT('',(128.137,-27.5846,0.));
#16626 = DIRECTION('',(0.,0.,-1.));
#16627 = DIRECTION('',(-9.309971265673E-02,0.995656790015,0.));
#16628 = CYLINDRICAL_SURFACE('',#16629,3.);
#16629 = AXIS2_PLACEMENT_3D('',#16630,#16631,#16632);
#16630 = CARTESIAN_POINT('',(128.137,-27.5846,0.));
#16631 = DIRECTION('',(0.,0.,-1.));
#16632 = DIRECTION('',(-9.309971265673E-02,0.995656790015,0.));
#16633 = ADVANCED_FACE('',(#16634),#16652,.F.);
#16634 = FACE_BOUND('',#16635,.F.);
#16635 = EDGE_LOOP('',(#16636,#16644,#16645,#16646));
#16636 = ORIENTED_EDGE('',*,*,#16637,.T.);
#16637 = EDGE_CURVE('',#16638,#6496,#16640,.T.);
#16638 = VERTEX_POINT('',#16639);
#16639 = CARTESIAN_POINT('',(131.04134431583,-28.67068659649,0.));
#16640 = LINE('',#16641,#16642);
#16641 = CARTESIAN_POINT('',(131.04134431583,-28.67068659649,0.));
#16642 = VECTOR('',#16643,1.);
#16643 = DIRECTION('',(0.,0.,1.));
#16644 = ORIENTED_EDGE('',*,*,#6504,.T.);
#16645 = ORIENTED_EDGE('',*,*,#16614,.F.);
#16646 = ORIENTED_EDGE('',*,*,#16647,.F.);
#16647 = EDGE_CURVE('',#16638,#16615,#16648,.T.);
#16648 = LINE('',#16649,#16650);
#16649 = CARTESIAN_POINT('',(131.04134431583,-28.67068659649,0.));
#16650 = VECTOR('',#16651,1.);
#16651 = DIRECTION('',(0.102028865499,0.994781438611,0.));
#16652 = PLANE('',#16653);
#16653 = AXIS2_PLACEMENT_3D('',#16654,#16655,#16656);
#16654 = CARTESIAN_POINT('',(131.04134431583,-28.67068659649,0.));
#16655 = DIRECTION('',(-0.994781438611,0.102028865499,0.));
#16656 = DIRECTION('',(0.102028865499,0.994781438611,0.));
#16657 = ADVANCED_FACE('',(#16658),#16677,.T.);
#16658 = FACE_BOUND('',#16659,.T.);
#16659 = EDGE_LOOP('',(#16660,#16661,#16662,#16670));
#16660 = ORIENTED_EDGE('',*,*,#16637,.T.);
#16661 = ORIENTED_EDGE('',*,*,#6495,.T.);
#16662 = ORIENTED_EDGE('',*,*,#16663,.F.);
#16663 = EDGE_CURVE('',#16664,#6488,#16666,.T.);
#16664 = VERTEX_POINT('',#16665);
#16665 = CARTESIAN_POINT('',(130.9238567952,-29.24841678859,0.));
#16666 = LINE('',#16667,#16668);
#16667 = CARTESIAN_POINT('',(130.9238567952,-29.24841678859,0.));
#16668 = VECTOR('',#16669,1.);
#16669 = DIRECTION('',(0.,0.,1.));
#16670 = ORIENTED_EDGE('',*,*,#16671,.F.);
#16671 = EDGE_CURVE('',#16638,#16664,#16672,.T.);
#16672 = CIRCLE('',#16673,3.);
#16673 = AXIS2_PLACEMENT_3D('',#16674,#16675,#16676);
#16674 = CARTESIAN_POINT('',(128.057,-28.3646,0.));
#16675 = DIRECTION('',(0.,0.,-1.));
#16676 = DIRECTION('',(0.102028865499,0.994781438611,0.));
#16677 = CYLINDRICAL_SURFACE('',#16678,3.);
#16678 = AXIS2_PLACEMENT_3D('',#16679,#16680,#16681);
#16679 = CARTESIAN_POINT('',(128.057,-28.3646,0.));
#16680 = DIRECTION('',(0.,0.,-1.));
#16681 = DIRECTION('',(0.102028865499,0.994781438611,0.));
#16682 = ADVANCED_FACE('',(#16683),#16701,.F.);
#16683 = FACE_BOUND('',#16684,.F.);
#16684 = EDGE_LOOP('',(#16685,#16693,#16694,#16695));
#16685 = ORIENTED_EDGE('',*,*,#16686,.T.);
#16686 = EDGE_CURVE('',#16687,#6479,#16689,.T.);
#16687 = VERTEX_POINT('',#16688);
#16688 = CARTESIAN_POINT('',(130.6928567952,-29.99771678859,0.));
#16689 = LINE('',#16690,#16691);
#16690 = CARTESIAN_POINT('',(130.6928567952,-29.99771678859,0.));
#16691 = VECTOR('',#16692,1.);
#16692 = DIRECTION('',(0.,0.,1.));
#16693 = ORIENTED_EDGE('',*,*,#6487,.T.);
#16694 = ORIENTED_EDGE('',*,*,#16663,.F.);
#16695 = ORIENTED_EDGE('',*,*,#16696,.F.);
#16696 = EDGE_CURVE('',#16687,#16664,#16697,.T.);
#16697 = LINE('',#16698,#16699);
#16698 = CARTESIAN_POINT('',(130.6928567952,-29.99771678859,0.));
#16699 = VECTOR('',#16700,1.);
#16700 = DIRECTION('',(0.294605596197,0.955618931734,0.));
#16701 = PLANE('',#16702);
#16702 = AXIS2_PLACEMENT_3D('',#16703,#16704,#16705);
#16703 = CARTESIAN_POINT('',(130.6928567952,-29.99771678859,0.));
#16704 = DIRECTION('',(-0.955618931734,0.294605596197,0.));
#16705 = DIRECTION('',(0.294605596197,0.955618931734,0.));
#16706 = ADVANCED_FACE('',(#16707),#16726,.T.);
#16707 = FACE_BOUND('',#16708,.T.);
#16708 = EDGE_LOOP('',(#16709,#16710,#16711,#16719));
#16709 = ORIENTED_EDGE('',*,*,#16686,.T.);
#16710 = ORIENTED_EDGE('',*,*,#6478,.T.);
#16711 = ORIENTED_EDGE('',*,*,#16712,.F.);
#16712 = EDGE_CURVE('',#16713,#6471,#16715,.T.);
#16713 = VERTEX_POINT('',#16714);
#16714 = CARTESIAN_POINT('',(130.46667562017,-30.53756859522,0.));
#16715 = LINE('',#16716,#16717);
#16716 = CARTESIAN_POINT('',(130.46667562017,-30.53756859522,0.));
#16717 = VECTOR('',#16718,1.);
#16718 = DIRECTION('',(0.,0.,1.));
#16719 = ORIENTED_EDGE('',*,*,#16720,.F.);
#16720 = EDGE_CURVE('',#16687,#16713,#16721,.T.);
#16721 = CIRCLE('',#16722,3.);
#16722 = AXIS2_PLACEMENT_3D('',#16723,#16724,#16725);
#16723 = CARTESIAN_POINT('',(127.826,-29.1139,0.));
#16724 = DIRECTION('',(0.,0.,-1.));
#16725 = DIRECTION('',(0.294605596197,0.955618931734,0.));
#16726 = CYLINDRICAL_SURFACE('',#16727,3.);
#16727 = AXIS2_PLACEMENT_3D('',#16728,#16729,#16730);
#16728 = CARTESIAN_POINT('',(127.826,-29.1139,0.));
#16729 = DIRECTION('',(0.,0.,-1.));
#16730 = DIRECTION('',(0.294605596197,0.955618931734,0.));
#16731 = ADVANCED_FACE('',(#16732),#16750,.F.);
#16732 = FACE_BOUND('',#16733,.F.);
#16733 = EDGE_LOOP('',(#16734,#16742,#16743,#16744));
#16734 = ORIENTED_EDGE('',*,*,#16735,.T.);
#16735 = EDGE_CURVE('',#16736,#6462,#16738,.T.);
#16736 = VERTEX_POINT('',#16737);
#16737 = CARTESIAN_POINT('',(130.09467562017,-31.22756859522,0.));
#16738 = LINE('',#16739,#16740);
#16739 = CARTESIAN_POINT('',(130.09467562017,-31.22756859522,0.));
#16740 = VECTOR('',#16741,1.);
#16741 = DIRECTION('',(0.,0.,1.));
#16742 = ORIENTED_EDGE('',*,*,#6470,.T.);
#16743 = ORIENTED_EDGE('',*,*,#16712,.F.);
#16744 = ORIENTED_EDGE('',*,*,#16745,.F.);
#16745 = EDGE_CURVE('',#16736,#16713,#16746,.T.);
#16746 = LINE('',#16747,#16748);
#16747 = CARTESIAN_POINT('',(130.09467562017,-31.22756859522,0.));
#16748 = VECTOR('',#16749,1.);
#16749 = DIRECTION('',(0.474556198408,0.880225206724,0.));
#16750 = PLANE('',#16751);
#16751 = AXIS2_PLACEMENT_3D('',#16752,#16753,#16754);
#16752 = CARTESIAN_POINT('',(130.09467562017,-31.22756859522,0.));
#16753 = DIRECTION('',(-0.880225206724,0.474556198408,0.));
#16754 = DIRECTION('',(0.474556198408,0.880225206724,0.));
#16755 = ADVANCED_FACE('',(#16756),#16775,.T.);
#16756 = FACE_BOUND('',#16757,.T.);
#16757 = EDGE_LOOP('',(#16758,#16759,#16760,#16768));
#16758 = ORIENTED_EDGE('',*,*,#16735,.T.);
#16759 = ORIENTED_EDGE('',*,*,#6461,.T.);
#16760 = ORIENTED_EDGE('',*,*,#16761,.F.);
#16761 = EDGE_CURVE('',#16762,#6454,#16764,.T.);
#16762 = VERTEX_POINT('',#16763);
#16763 = CARTESIAN_POINT('',(129.9410623214,-31.48155342352,0.));
#16764 = LINE('',#16765,#16766);
#16765 = CARTESIAN_POINT('',(129.9410623214,-31.48155342352,0.));
#16766 = VECTOR('',#16767,1.);
#16767 = DIRECTION('',(0.,0.,1.));
#16768 = ORIENTED_EDGE('',*,*,#16769,.F.);
#16769 = EDGE_CURVE('',#16736,#16762,#16770,.T.);
#16770 = CIRCLE('',#16771,3.);
#16771 = AXIS2_PLACEMENT_3D('',#16772,#16773,#16774);
#16772 = CARTESIAN_POINT('',(127.454,-29.8039,0.));
#16773 = DIRECTION('',(0.,0.,-1.));
#16774 = DIRECTION('',(0.474556198408,0.880225206724,0.));
#16775 = CYLINDRICAL_SURFACE('',#16776,3.);
#16776 = AXIS2_PLACEMENT_3D('',#16777,#16778,#16779);
#16777 = CARTESIAN_POINT('',(127.454,-29.8039,0.));
#16778 = DIRECTION('',(0.,0.,-1.));
#16779 = DIRECTION('',(0.474556198408,0.880225206724,0.));
#16780 = ADVANCED_FACE('',(#16781),#16799,.F.);
#16781 = FACE_BOUND('',#16782,.F.);
#16782 = EDGE_LOOP('',(#16783,#16791,#16792,#16793));
#16783 = ORIENTED_EDGE('',*,*,#16784,.T.);
#16784 = EDGE_CURVE('',#16785,#6445,#16787,.T.);
#16785 = VERTEX_POINT('',#16786);
#16786 = CARTESIAN_POINT('',(118.3300623214,-48.69445342352,0.));
#16787 = LINE('',#16788,#16789);
#16788 = CARTESIAN_POINT('',(118.3300623214,-48.69445342352,0.));
#16789 = VECTOR('',#16790,1.);
#16790 = DIRECTION('',(0.,0.,1.));
#16791 = ORIENTED_EDGE('',*,*,#6453,.T.);
#16792 = ORIENTED_EDGE('',*,*,#16761,.F.);
#16793 = ORIENTED_EDGE('',*,*,#16794,.F.);
#16794 = EDGE_CURVE('',#16785,#16762,#16795,.T.);
#16795 = LINE('',#16796,#16797);
#16796 = CARTESIAN_POINT('',(118.3300623214,-48.69445342352,0.));
#16797 = VECTOR('',#16798,1.);
#16798 = DIRECTION('',(0.559217807842,0.8290207738,0.));
#16799 = PLANE('',#16800);
#16800 = AXIS2_PLACEMENT_3D('',#16801,#16802,#16803);
#16801 = CARTESIAN_POINT('',(118.3300623214,-48.69445342352,0.));
#16802 = DIRECTION('',(-0.8290207738,0.559217807842,0.));
#16803 = DIRECTION('',(0.559217807842,0.8290207738,0.));
#16804 = ADVANCED_FACE('',(#16805),#16824,.T.);
#16805 = FACE_BOUND('',#16806,.T.);
#16806 = EDGE_LOOP('',(#16807,#16808,#16809,#16817));
#16807 = ORIENTED_EDGE('',*,*,#16784,.T.);
#16808 = ORIENTED_EDGE('',*,*,#6444,.T.);
#16809 = ORIENTED_EDGE('',*,*,#16810,.F.);
#16810 = EDGE_CURVE('',#16811,#6437,#16813,.T.);
#16811 = VERTEX_POINT('',#16812);
#16812 = CARTESIAN_POINT('',(118.1537681339,-48.93000428374,0.));
#16813 = LINE('',#16814,#16815);
#16814 = CARTESIAN_POINT('',(118.1537681339,-48.93000428374,0.));
#16815 = VECTOR('',#16816,1.);
#16816 = DIRECTION('',(0.,0.,1.));
#16817 = ORIENTED_EDGE('',*,*,#16818,.F.);
#16818 = EDGE_CURVE('',#16785,#16811,#16819,.T.);
#16819 = CIRCLE('',#16820,3.);
#16820 = AXIS2_PLACEMENT_3D('',#16821,#16822,#16823);
#16821 = CARTESIAN_POINT('',(115.843,-47.0168,0.));
#16822 = DIRECTION('',(0.,0.,-1.));
#16823 = DIRECTION('',(0.559217807842,0.8290207738,0.));
#16824 = CYLINDRICAL_SURFACE('',#16825,3.);
#16825 = AXIS2_PLACEMENT_3D('',#16826,#16827,#16828);
#16826 = CARTESIAN_POINT('',(115.843,-47.0168,0.));
#16827 = DIRECTION('',(0.,0.,-1.));
#16828 = DIRECTION('',(0.559217807842,0.8290207738,0.));
#16829 = ADVANCED_FACE('',(#16830),#16848,.F.);
#16830 = FACE_BOUND('',#16831,.F.);
#16831 = EDGE_LOOP('',(#16832,#16840,#16841,#16842));
#16832 = ORIENTED_EDGE('',*,*,#16833,.T.);
#16833 = EDGE_CURVE('',#16834,#6428,#16836,.T.);
#16834 = VERTEX_POINT('',#16835);
#16835 = CARTESIAN_POINT('',(117.6537681339,-49.53390428374,0.));
#16836 = LINE('',#16837,#16838);
#16837 = CARTESIAN_POINT('',(117.6537681339,-49.53390428374,0.));
#16838 = VECTOR('',#16839,1.);
#16839 = DIRECTION('',(0.,0.,1.));
#16840 = ORIENTED_EDGE('',*,*,#6436,.T.);
#16841 = ORIENTED_EDGE('',*,*,#16810,.F.);
#16842 = ORIENTED_EDGE('',*,*,#16843,.F.);
#16843 = EDGE_CURVE('',#16834,#16811,#16844,.T.);
#16844 = LINE('',#16845,#16846);
#16845 = CARTESIAN_POINT('',(117.6537681339,-49.53390428374,0.));
#16846 = VECTOR('',#16847,1.);
#16847 = DIRECTION('',(0.637734761248,0.770256044635,0.));
#16848 = PLANE('',#16849);
#16849 = AXIS2_PLACEMENT_3D('',#16850,#16851,#16852);
#16850 = CARTESIAN_POINT('',(117.6537681339,-49.53390428374,0.));
#16851 = DIRECTION('',(-0.770256044635,0.637734761248,0.));
#16852 = DIRECTION('',(0.637734761248,0.770256044635,0.));
#16853 = ADVANCED_FACE('',(#16854),#16873,.T.);
#16854 = FACE_BOUND('',#16855,.T.);
#16855 = EDGE_LOOP('',(#16856,#16857,#16858,#16866));
#16856 = ORIENTED_EDGE('',*,*,#16833,.T.);
#16857 = ORIENTED_EDGE('',*,*,#6427,.T.);
#16858 = ORIENTED_EDGE('',*,*,#16859,.F.);
#16859 = EDGE_CURVE('',#16860,#6420,#16862,.T.);
#16860 = VERTEX_POINT('',#16861);
#16861 = CARTESIAN_POINT('',(117.23662146693,-49.94754286963,0.));
#16862 = LINE('',#16863,#16864);
#16863 = CARTESIAN_POINT('',(117.23662146693,-49.94754286963,0.));
#16864 = VECTOR('',#16865,1.);
#16865 = DIRECTION('',(0.,0.,1.));
#16866 = ORIENTED_EDGE('',*,*,#16867,.F.);
#16867 = EDGE_CURVE('',#16834,#16860,#16868,.T.);
#16868 = CIRCLE('',#16869,3.);
#16869 = AXIS2_PLACEMENT_3D('',#16870,#16871,#16872);
#16870 = CARTESIAN_POINT('',(115.343,-47.6207,0.));
#16871 = DIRECTION('',(0.,0.,-1.));
#16872 = DIRECTION('',(0.637734761248,0.770256044635,0.));
#16873 = CYLINDRICAL_SURFACE('',#16874,3.);
#16874 = AXIS2_PLACEMENT_3D('',#16875,#16876,#16877);
#16875 = CARTESIAN_POINT('',(115.343,-47.6207,0.));
#16876 = DIRECTION('',(0.,0.,-1.));
#16877 = DIRECTION('',(0.637734761248,0.770256044635,0.));
#16878 = ADVANCED_FACE('',(#16879),#16897,.F.);
#16879 = FACE_BOUND('',#16880,.F.);
#16880 = EDGE_LOOP('',(#16881,#16889,#16890,#16891));
#16881 = ORIENTED_EDGE('',*,*,#16882,.T.);
#16882 = EDGE_CURVE('',#16883,#6411,#16885,.T.);
#16883 = VERTEX_POINT('',#16884);
#16884 = CARTESIAN_POINT('',(116.62862146693,-50.44234286963,0.));
#16885 = LINE('',#16886,#16887);
#16886 = CARTESIAN_POINT('',(116.62862146693,-50.44234286963,0.));
#16887 = VECTOR('',#16888,1.);
#16888 = DIRECTION('',(0.,0.,1.));
#16889 = ORIENTED_EDGE('',*,*,#6419,.T.);
#16890 = ORIENTED_EDGE('',*,*,#16859,.F.);
#16891 = ORIENTED_EDGE('',*,*,#16892,.F.);
#16892 = EDGE_CURVE('',#16883,#16860,#16893,.T.);
#16893 = LINE('',#16894,#16895);
#16894 = CARTESIAN_POINT('',(116.62862146693,-50.44234286963,0.));
#16895 = VECTOR('',#16896,1.);
#16896 = DIRECTION('',(0.775614289878,0.631207155644,0.));
#16897 = PLANE('',#16898);
#16898 = AXIS2_PLACEMENT_3D('',#16899,#16900,#16901);
#16899 = CARTESIAN_POINT('',(116.62862146693,-50.44234286963,0.));
#16900 = DIRECTION('',(-0.631207155644,0.775614289878,0.));
#16901 = DIRECTION('',(0.775614289878,0.631207155644,0.));
#16902 = ADVANCED_FACE('',(#16903),#16922,.T.);
#16903 = FACE_BOUND('',#16904,.T.);
#16904 = EDGE_LOOP('',(#16905,#16906,#16907,#16915));
#16905 = ORIENTED_EDGE('',*,*,#16882,.T.);
#16906 = ORIENTED_EDGE('',*,*,#6410,.T.);
#16907 = ORIENTED_EDGE('',*,*,#16908,.F.);
#16908 = EDGE_CURVE('',#16909,#6403,#16911,.T.);
#16909 = VERTEX_POINT('',#16910);
#16910 = CARTESIAN_POINT('',(116.13811813697,-50.76715221959,0.));
#16911 = LINE('',#16912,#16913);
#16912 = CARTESIAN_POINT('',(116.13811813697,-50.76715221959,0.));
#16913 = VECTOR('',#16914,1.);
#16914 = DIRECTION('',(0.,0.,1.));
#16915 = ORIENTED_EDGE('',*,*,#16916,.F.);
#16916 = EDGE_CURVE('',#16883,#16909,#16917,.T.);
#16917 = CIRCLE('',#16918,3.);
#16918 = AXIS2_PLACEMENT_3D('',#16919,#16920,#16921);
#16919 = CARTESIAN_POINT('',(114.735,-48.1155,0.));
#16920 = DIRECTION('',(0.,0.,-1.));
#16921 = DIRECTION('',(0.775614289878,0.631207155644,0.));
#16922 = CYLINDRICAL_SURFACE('',#16923,3.);
#16923 = AXIS2_PLACEMENT_3D('',#16924,#16925,#16926);
#16924 = CARTESIAN_POINT('',(114.735,-48.1155,0.));
#16925 = DIRECTION('',(0.,0.,-1.));
#16926 = DIRECTION('',(0.775614289878,0.631207155644,0.));
#16927 = ADVANCED_FACE('',(#16928),#16946,.F.);
#16928 = FACE_BOUND('',#16929,.F.);
#16929 = EDGE_LOOP('',(#16930,#16938,#16939,#16940));
#16930 = ORIENTED_EDGE('',*,*,#16931,.T.);
#16931 = EDGE_CURVE('',#16932,#6394,#16934,.T.);
#16932 = VERTEX_POINT('',#16933);
#16933 = CARTESIAN_POINT('',(115.44511813697,-51.13385221959,0.));
#16934 = LINE('',#16935,#16936);
#16935 = CARTESIAN_POINT('',(115.44511813697,-51.13385221959,0.));
#16936 = VECTOR('',#16937,1.);
#16937 = DIRECTION('',(0.,0.,1.));
#16938 = ORIENTED_EDGE('',*,*,#6402,.T.);
#16939 = ORIENTED_EDGE('',*,*,#16908,.F.);
#16940 = ORIENTED_EDGE('',*,*,#16941,.F.);
#16941 = EDGE_CURVE('',#16932,#16909,#16942,.T.);
#16942 = LINE('',#16943,#16944);
#16943 = CARTESIAN_POINT('',(115.44511813697,-51.13385221959,0.));
#16944 = VECTOR('',#16945,1.);
#16945 = DIRECTION('',(0.883884073198,0.467706045659,0.));
#16946 = PLANE('',#16947);
#16947 = AXIS2_PLACEMENT_3D('',#16948,#16949,#16950);
#16948 = CARTESIAN_POINT('',(115.44511813697,-51.13385221959,0.));
#16949 = DIRECTION('',(-0.467706045659,0.883884073198,0.));
#16950 = DIRECTION('',(0.883884073198,0.467706045659,0.));
#16951 = ADVANCED_FACE('',(#16952),#16971,.T.);
#16952 = FACE_BOUND('',#16953,.T.);
#16953 = EDGE_LOOP('',(#16954,#16955,#16956,#16964));
#16954 = ORIENTED_EDGE('',*,*,#16931,.T.);
#16955 = ORIENTED_EDGE('',*,*,#6393,.T.);
#16956 = ORIENTED_EDGE('',*,*,#16957,.F.);
#16957 = EDGE_CURVE('',#16958,#6386,#16960,.T.);
#16958 = VERTEX_POINT('',#16959);
#16959 = CARTESIAN_POINT('',(114.89948311415,-51.35704307553,0.));
#16960 = LINE('',#16961,#16962);
#16961 = CARTESIAN_POINT('',(114.89948311415,-51.35704307553,0.));
#16962 = VECTOR('',#16963,1.);
#16963 = DIRECTION('',(0.,0.,1.));
#16964 = ORIENTED_EDGE('',*,*,#16965,.F.);
#16965 = EDGE_CURVE('',#16932,#16958,#16966,.T.);
#16966 = CIRCLE('',#16967,3.);
#16967 = AXIS2_PLACEMENT_3D('',#16968,#16969,#16970);
#16968 = CARTESIAN_POINT('',(114.042,-48.4822,0.));
#16969 = DIRECTION('',(0.,0.,-1.));
#16970 = DIRECTION('',(0.883884073198,0.467706045659,0.));
#16971 = CYLINDRICAL_SURFACE('',#16972,3.);
#16972 = AXIS2_PLACEMENT_3D('',#16973,#16974,#16975);
#16973 = CARTESIAN_POINT('',(114.042,-48.4822,0.));
#16974 = DIRECTION('',(0.,0.,-1.));
#16975 = DIRECTION('',(0.883884073198,0.467706045659,0.));
#16976 = ADVANCED_FACE('',(#16977),#16988,.F.);
#16977 = FACE_BOUND('',#16978,.F.);
#16978 = EDGE_LOOP('',(#16979,#16980,#16981,#16982));
#16979 = ORIENTED_EDGE('',*,*,#10033,.T.);
#16980 = ORIENTED_EDGE('',*,*,#6385,.T.);
#16981 = ORIENTED_EDGE('',*,*,#16957,.F.);
#16982 = ORIENTED_EDGE('',*,*,#16983,.F.);
#16983 = EDGE_CURVE('',#10034,#16958,#16984,.T.);
#16984 = LINE('',#16985,#16986);
#16985 = CARTESIAN_POINT('',(114.14748311415,-51.58134307553,0.));
#16986 = VECTOR('',#16987,1.);
#16987 = DIRECTION('',(0.958281025178,0.285827704717,0.));
#16988 = PLANE('',#16989);
#16989 = AXIS2_PLACEMENT_3D('',#16990,#16991,#16992);
#16990 = CARTESIAN_POINT('',(114.14748311415,-51.58134307553,0.));
#16991 = DIRECTION('',(-0.285827704717,0.958281025178,0.));
#16992 = DIRECTION('',(0.958281025178,0.285827704717,0.));
#16993 = ADVANCED_FACE('',(#16994),#17013,.F.);
#16994 = FACE_BOUND('',#16995,.T.);
#16995 = EDGE_LOOP('',(#16996,#17005,#17011,#17012));
#16996 = ORIENTED_EDGE('',*,*,#16997,.F.);
#16997 = EDGE_CURVE('',#16998,#16998,#17000,.T.);
#16998 = VERTEX_POINT('',#16999);
#16999 = CARTESIAN_POINT('',(125.5,2.8,4.3));
#17000 = CIRCLE('',#17001,2.1);
#17001 = AXIS2_PLACEMENT_3D('',#17002,#17003,#17004);
#17002 = CARTESIAN_POINT('',(123.4,2.8,4.3));
#17003 = DIRECTION('',(0.,0.,1.));
#17004 = DIRECTION('',(1.,0.,0.));
#17005 = ORIENTED_EDGE('',*,*,#17006,.T.);
#17006 = EDGE_CURVE('',#16998,#9163,#17007,.T.);
#17007 = LINE('',#17008,#17009);
#17008 = CARTESIAN_POINT('',(125.5,2.8,4.3));
#17009 = VECTOR('',#17010,1.);
#17010 = DIRECTION('',(0.,0.,1.));
#17011 = ORIENTED_EDGE('',*,*,#9162,.F.);
#17012 = ORIENTED_EDGE('',*,*,#17006,.F.);
#17013 = CYLINDRICAL_SURFACE('',#17014,2.1);
#17014 = AXIS2_PLACEMENT_3D('',#17015,#17016,#17017);
#17015 = CARTESIAN_POINT('',(123.4,2.8,4.3));
#17016 = DIRECTION('',(-0.,-0.,-1.));
#17017 = DIRECTION('',(1.,0.,0.));
#17018 = ADVANCED_FACE('',(#17019,#17022),#17033,.T.);
#17019 = FACE_BOUND('',#17020,.T.);
#17020 = EDGE_LOOP('',(#17021));
#17021 = ORIENTED_EDGE('',*,*,#9379,.T.);
#17022 = FACE_BOUND('',#17023,.T.);
#17023 = EDGE_LOOP('',(#17024));
#17024 = ORIENTED_EDGE('',*,*,#17025,.T.);
#17025 = EDGE_CURVE('',#17026,#17026,#17028,.T.);
#17026 = VERTEX_POINT('',#17027);
#17027 = CARTESIAN_POINT('',(125.55,60.5,4.3));
#17028 = CIRCLE('',#17029,1.65);
#17029 = AXIS2_PLACEMENT_3D('',#17030,#17031,#17032);
#17030 = CARTESIAN_POINT('',(123.9,60.5,4.3));
#17031 = DIRECTION('',(0.,0.,-1.));
#17032 = DIRECTION('',(1.,0.,0.));
#17033 = PLANE('',#17034);
#17034 = AXIS2_PLACEMENT_3D('',#17035,#17036,#17037);
#17035 = CARTESIAN_POINT('',(123.9,60.5,4.3));
#17036 = DIRECTION('',(0.,0.,1.));
#17037 = DIRECTION('',(1.,0.,0.));
#17038 = ADVANCED_FACE('',(#17039,#17042),#17053,.T.);
#17039 = FACE_BOUND('',#17040,.T.);
#17040 = EDGE_LOOP('',(#17041));
#17041 = ORIENTED_EDGE('',*,*,#9541,.T.);
#17042 = FACE_BOUND('',#17043,.T.);
#17043 = EDGE_LOOP('',(#17044));
#17044 = ORIENTED_EDGE('',*,*,#17045,.T.);
#17045 = EDGE_CURVE('',#17046,#17046,#17048,.T.);
#17046 = VERTEX_POINT('',#17047);
#17047 = CARTESIAN_POINT('',(77.85,57.1,4.3));
#17048 = CIRCLE('',#17049,1.65);
#17049 = AXIS2_PLACEMENT_3D('',#17050,#17051,#17052);
#17050 = CARTESIAN_POINT('',(76.2,57.1,4.3));
#17051 = DIRECTION('',(0.,0.,-1.));
#17052 = DIRECTION('',(1.,0.,0.));
#17053 = PLANE('',#17054);
#17054 = AXIS2_PLACEMENT_3D('',#17055,#17056,#17057);
#17055 = CARTESIAN_POINT('',(76.2,57.1,4.3));
#17056 = DIRECTION('',(0.,0.,1.));
#17057 = DIRECTION('',(1.,0.,0.));
#17058 = ADVANCED_FACE('',(#17059,#17062),#17073,.T.);
#17059 = FACE_BOUND('',#17060,.T.);
#17060 = EDGE_LOOP('',(#17061));
#17061 = ORIENTED_EDGE('',*,*,#9625,.T.);
#17062 = FACE_BOUND('',#17063,.T.);
#17063 = EDGE_LOOP('',(#17064));
#17064 = ORIENTED_EDGE('',*,*,#17065,.T.);
#17065 = EDGE_CURVE('',#17066,#17066,#17068,.T.);
#17066 = VERTEX_POINT('',#17067);
#17067 = CARTESIAN_POINT('',(1.65,-11.5,4.3));
#17068 = CIRCLE('',#17069,1.65);
#17069 = AXIS2_PLACEMENT_3D('',#17070,#17071,#17072);
#17070 = CARTESIAN_POINT('',(0.,-11.5,4.3));
#17071 = DIRECTION('',(0.,0.,-1.));
#17072 = DIRECTION('',(1.,0.,0.));
#17073 = PLANE('',#17074);
#17074 = AXIS2_PLACEMENT_3D('',#17075,#17076,#17077);
#17075 = CARTESIAN_POINT('',(0.,-11.5,4.3));
#17076 = DIRECTION('',(0.,0.,1.));
#17077 = DIRECTION('',(1.,0.,0.));
#17078 = ADVANCED_FACE('',(#17079,#17082),#17093,.T.);
#17079 = FACE_BOUND('',#17080,.T.);
#17080 = EDGE_LOOP('',(#17081));
#17081 = ORIENTED_EDGE('',*,*,#9740,.T.);
#17082 = FACE_BOUND('',#17083,.T.);
#17083 = EDGE_LOOP('',(#17084));
#17084 = ORIENTED_EDGE('',*,*,#17085,.T.);
#17085 = EDGE_CURVE('',#17086,#17086,#17088,.T.);
#17086 = VERTEX_POINT('',#17087);
#17087 = CARTESIAN_POINT('',(-9.85,22.,4.3));
#17088 = CIRCLE('',#17089,1.65);
#17089 = AXIS2_PLACEMENT_3D('',#17090,#17091,#17092);
#17090 = CARTESIAN_POINT('',(-11.5,22.,4.3));
#17091 = DIRECTION('',(0.,0.,-1.));
#17092 = DIRECTION('',(1.,0.,0.));
#17093 = PLANE('',#17094);
#17094 = AXIS2_PLACEMENT_3D('',#17095,#17096,#17097);
#17095 = CARTESIAN_POINT('',(-11.5,22.,4.3));
#17096 = DIRECTION('',(0.,0.,1.));
#17097 = DIRECTION('',(1.,0.,0.));
#17098 = ADVANCED_FACE('',(#17099,#17102),#17113,.T.);
#17099 = FACE_BOUND('',#17100,.T.);
#17100 = EDGE_LOOP('',(#17101));
#17101 = ORIENTED_EDGE('',*,*,#9853,.T.);
#17102 = FACE_BOUND('',#17103,.T.);
#17103 = EDGE_LOOP('',(#17104));
#17104 = ORIENTED_EDGE('',*,*,#17105,.T.);
#17105 = EDGE_CURVE('',#17106,#17106,#17108,.T.);
#17106 = VERTEX_POINT('',#17107);
#17107 = CARTESIAN_POINT('',(39.75,66.,4.3));
#17108 = CIRCLE('',#17109,1.65);
#17109 = AXIS2_PLACEMENT_3D('',#17110,#17111,#17112);
#17110 = CARTESIAN_POINT('',(38.1,66.,4.3));
#17111 = DIRECTION('',(0.,0.,-1.));
#17112 = DIRECTION('',(1.,0.,0.));
#17113 = PLANE('',#17114);
#17114 = AXIS2_PLACEMENT_3D('',#17115,#17116,#17117);
#17115 = CARTESIAN_POINT('',(38.1,66.,4.3));
#17116 = DIRECTION('',(0.,0.,1.));
#17117 = DIRECTION('',(1.,0.,0.));
#17118 = ADVANCED_FACE('',(#17119),#17138,.F.);
#17119 = FACE_BOUND('',#17120,.T.);
#17120 = EDGE_LOOP('',(#17121,#17130,#17136,#17137));
#17121 = ORIENTED_EDGE('',*,*,#17122,.F.);
#17122 = EDGE_CURVE('',#17123,#17123,#17125,.T.);
#17123 = VERTEX_POINT('',#17124);
#17124 = CARTESIAN_POINT('',(60.6,-4.4,4.3));
#17125 = CIRCLE('',#17126,2.1);
#17126 = AXIS2_PLACEMENT_3D('',#17127,#17128,#17129);
#17127 = CARTESIAN_POINT('',(58.5,-4.4,4.3));
#17128 = DIRECTION('',(0.,0.,1.));
#17129 = DIRECTION('',(1.,0.,0.));
#17130 = ORIENTED_EDGE('',*,*,#17131,.T.);
#17131 = EDGE_CURVE('',#17123,#9922,#17132,.T.);
#17132 = LINE('',#17133,#17134);
#17133 = CARTESIAN_POINT('',(60.6,-4.4,4.3));
#17134 = VECTOR('',#17135,1.);
#17135 = DIRECTION('',(0.,0.,1.));
#17136 = ORIENTED_EDGE('',*,*,#9921,.F.);
#17137 = ORIENTED_EDGE('',*,*,#17131,.F.);
#17138 = CYLINDRICAL_SURFACE('',#17139,2.1);
#17139 = AXIS2_PLACEMENT_3D('',#17140,#17141,#17142);
#17140 = CARTESIAN_POINT('',(58.5,-4.4,4.3));
#17141 = DIRECTION('',(-0.,-0.,-1.));
#17142 = DIRECTION('',(1.,0.,0.));
#17143 = ADVANCED_FACE('',(#17144,#17147),#17158,.T.);
#17144 = FACE_BOUND('',#17145,.T.);
#17145 = EDGE_LOOP('',(#17146));
#17146 = ORIENTED_EDGE('',*,*,#10008,.T.);
#17147 = FACE_BOUND('',#17148,.T.);
#17148 = EDGE_LOOP('',(#17149));
#17149 = ORIENTED_EDGE('',*,*,#17150,.T.);
#17150 = EDGE_CURVE('',#17151,#17151,#17153,.T.);
#17151 = VERTEX_POINT('',#17152);
#17152 = CARTESIAN_POINT('',(113.95,-46.3,4.3));
#17153 = CIRCLE('',#17154,1.65);
#17154 = AXIS2_PLACEMENT_3D('',#17155,#17156,#17157);
#17155 = CARTESIAN_POINT('',(112.3,-46.3,4.3));
#17156 = DIRECTION('',(0.,0.,-1.));
#17157 = DIRECTION('',(1.,0.,0.));
#17158 = PLANE('',#17159);
#17159 = AXIS2_PLACEMENT_3D('',#17160,#17161,#17162);
#17160 = CARTESIAN_POINT('',(112.3,-46.3,4.3));
#17161 = DIRECTION('',(0.,0.,1.));
#17162 = DIRECTION('',(1.,0.,0.));
#17163 = ADVANCED_FACE('',(#17164,#17167),#17178,.T.);
#17164 = FACE_BOUND('',#17165,.T.);
#17165 = EDGE_LOOP('',(#17166));
#17166 = ORIENTED_EDGE('',*,*,#16997,.T.);
#17167 = FACE_BOUND('',#17168,.T.);
#17168 = EDGE_LOOP('',(#17169));
#17169 = ORIENTED_EDGE('',*,*,#17170,.T.);
#17170 = EDGE_CURVE('',#17171,#17171,#17173,.T.);
#17171 = VERTEX_POINT('',#17172);
#17172 = CARTESIAN_POINT('',(125.05,2.8,4.3));
#17173 = CIRCLE('',#17174,1.65);
#17174 = AXIS2_PLACEMENT_3D('',#17175,#17176,#17177);
#17175 = CARTESIAN_POINT('',(123.4,2.8,4.3));
#17176 = DIRECTION('',(0.,0.,-1.));
#17177 = DIRECTION('',(1.,0.,0.));
#17178 = PLANE('',#17179);
#17179 = AXIS2_PLACEMENT_3D('',#17180,#17181,#17182);
#17180 = CARTESIAN_POINT('',(123.4,2.8,4.3));
#17181 = DIRECTION('',(0.,0.,1.));
#17182 = DIRECTION('',(1.,0.,0.));
#17183 = ADVANCED_FACE('',(#17184),#17203,.F.);
#17184 = FACE_BOUND('',#17185,.T.);
#17185 = EDGE_LOOP('',(#17186,#17195,#17201,#17202));
#17186 = ORIENTED_EDGE('',*,*,#17187,.F.);
#17187 = EDGE_CURVE('',#17188,#17188,#17190,.T.);
#17188 = VERTEX_POINT('',#17189);
#17189 = CARTESIAN_POINT('',(125.55,60.5,0.9));
#17190 = CIRCLE('',#17191,1.65);
#17191 = AXIS2_PLACEMENT_3D('',#17192,#17193,#17194);
#17192 = CARTESIAN_POINT('',(123.9,60.5,0.9));
#17193 = DIRECTION('',(0.,0.,1.));
#17194 = DIRECTION('',(1.,0.,0.));
#17195 = ORIENTED_EDGE('',*,*,#17196,.T.);
#17196 = EDGE_CURVE('',#17188,#17026,#17197,.T.);
#17197 = LINE('',#17198,#17199);
#17198 = CARTESIAN_POINT('',(125.55,60.5,0.9));
#17199 = VECTOR('',#17200,1.);
#17200 = DIRECTION('',(0.,0.,1.));
#17201 = ORIENTED_EDGE('',*,*,#17025,.F.);
#17202 = ORIENTED_EDGE('',*,*,#17196,.F.);
#17203 = CYLINDRICAL_SURFACE('',#17204,1.65);
#17204 = AXIS2_PLACEMENT_3D('',#17205,#17206,#17207);
#17205 = CARTESIAN_POINT('',(123.9,60.5,0.9));
#17206 = DIRECTION('',(-0.,-0.,-1.));
#17207 = DIRECTION('',(1.,0.,0.));
#17208 = ADVANCED_FACE('',(#17209),#17228,.F.);
#17209 = FACE_BOUND('',#17210,.T.);
#17210 = EDGE_LOOP('',(#17211,#17220,#17226,#17227));
#17211 = ORIENTED_EDGE('',*,*,#17212,.F.);
#17212 = EDGE_CURVE('',#17213,#17213,#17215,.T.);
#17213 = VERTEX_POINT('',#17214);
#17214 = CARTESIAN_POINT('',(77.85,57.1,0.9));
#17215 = CIRCLE('',#17216,1.65);
#17216 = AXIS2_PLACEMENT_3D('',#17217,#17218,#17219);
#17217 = CARTESIAN_POINT('',(76.2,57.1,0.9));
#17218 = DIRECTION('',(0.,0.,1.));
#17219 = DIRECTION('',(1.,0.,0.));
#17220 = ORIENTED_EDGE('',*,*,#17221,.T.);
#17221 = EDGE_CURVE('',#17213,#17046,#17222,.T.);
#17222 = LINE('',#17223,#17224);
#17223 = CARTESIAN_POINT('',(77.85,57.1,0.9));
#17224 = VECTOR('',#17225,1.);
#17225 = DIRECTION('',(0.,0.,1.));
#17226 = ORIENTED_EDGE('',*,*,#17045,.F.);
#17227 = ORIENTED_EDGE('',*,*,#17221,.F.);
#17228 = CYLINDRICAL_SURFACE('',#17229,1.65);
#17229 = AXIS2_PLACEMENT_3D('',#17230,#17231,#17232);
#17230 = CARTESIAN_POINT('',(76.2,57.1,0.9));
#17231 = DIRECTION('',(-0.,-0.,-1.));
#17232 = DIRECTION('',(1.,0.,0.));
#17233 = ADVANCED_FACE('',(#17234),#17253,.F.);
#17234 = FACE_BOUND('',#17235,.T.);
#17235 = EDGE_LOOP('',(#17236,#17245,#17251,#17252));
#17236 = ORIENTED_EDGE('',*,*,#17237,.F.);
#17237 = EDGE_CURVE('',#17238,#17238,#17240,.T.);
#17238 = VERTEX_POINT('',#17239);
#17239 = CARTESIAN_POINT('',(1.65,-11.5,0.9));
#17240 = CIRCLE('',#17241,1.65);
#17241 = AXIS2_PLACEMENT_3D('',#17242,#17243,#17244);
#17242 = CARTESIAN_POINT('',(0.,-11.5,0.9));
#17243 = DIRECTION('',(0.,0.,1.));
#17244 = DIRECTION('',(1.,0.,0.));
#17245 = ORIENTED_EDGE('',*,*,#17246,.T.);
#17246 = EDGE_CURVE('',#17238,#17066,#17247,.T.);
#17247 = LINE('',#17248,#17249);
#17248 = CARTESIAN_POINT('',(1.65,-11.5,0.9));
#17249 = VECTOR('',#17250,1.);
#17250 = DIRECTION('',(0.,0.,1.));
#17251 = ORIENTED_EDGE('',*,*,#17065,.F.);
#17252 = ORIENTED_EDGE('',*,*,#17246,.F.);
#17253 = CYLINDRICAL_SURFACE('',#17254,1.65);
#17254 = AXIS2_PLACEMENT_3D('',#17255,#17256,#17257);
#17255 = CARTESIAN_POINT('',(0.,-11.5,0.9));
#17256 = DIRECTION('',(-0.,-0.,-1.));
#17257 = DIRECTION('',(1.,0.,0.));
#17258 = ADVANCED_FACE('',(#17259),#17278,.F.);
#17259 = FACE_BOUND('',#17260,.T.);
#17260 = EDGE_LOOP('',(#17261,#17270,#17276,#17277));
#17261 = ORIENTED_EDGE('',*,*,#17262,.F.);
#17262 = EDGE_CURVE('',#17263,#17263,#17265,.T.);
#17263 = VERTEX_POINT('',#17264);
#17264 = CARTESIAN_POINT('',(-9.85,22.,0.9));
#17265 = CIRCLE('',#17266,1.65);
#17266 = AXIS2_PLACEMENT_3D('',#17267,#17268,#17269);
#17267 = CARTESIAN_POINT('',(-11.5,22.,0.9));
#17268 = DIRECTION('',(0.,0.,1.));
#17269 = DIRECTION('',(1.,0.,0.));
#17270 = ORIENTED_EDGE('',*,*,#17271,.T.);
#17271 = EDGE_CURVE('',#17263,#17086,#17272,.T.);
#17272 = LINE('',#17273,#17274);
#17273 = CARTESIAN_POINT('',(-9.85,22.,0.9));
#17274 = VECTOR('',#17275,1.);
#17275 = DIRECTION('',(0.,0.,1.));
#17276 = ORIENTED_EDGE('',*,*,#17085,.F.);
#17277 = ORIENTED_EDGE('',*,*,#17271,.F.);
#17278 = CYLINDRICAL_SURFACE('',#17279,1.65);
#17279 = AXIS2_PLACEMENT_3D('',#17280,#17281,#17282);
#17280 = CARTESIAN_POINT('',(-11.5,22.,0.9));
#17281 = DIRECTION('',(-0.,-0.,-1.));
#17282 = DIRECTION('',(1.,0.,0.));
#17283 = ADVANCED_FACE('',(#17284),#17303,.F.);
#17284 = FACE_BOUND('',#17285,.T.);
#17285 = EDGE_LOOP('',(#17286,#17295,#17301,#17302));
#17286 = ORIENTED_EDGE('',*,*,#17287,.F.);
#17287 = EDGE_CURVE('',#17288,#17288,#17290,.T.);
#17288 = VERTEX_POINT('',#17289);
#17289 = CARTESIAN_POINT('',(39.75,66.,0.9));
#17290 = CIRCLE('',#17291,1.65);
#17291 = AXIS2_PLACEMENT_3D('',#17292,#17293,#17294);
#17292 = CARTESIAN_POINT('',(38.1,66.,0.9));
#17293 = DIRECTION('',(0.,0.,1.));
#17294 = DIRECTION('',(1.,0.,0.));
#17295 = ORIENTED_EDGE('',*,*,#17296,.T.);
#17296 = EDGE_CURVE('',#17288,#17106,#17297,.T.);
#17297 = LINE('',#17298,#17299);
#17298 = CARTESIAN_POINT('',(39.75,66.,0.9));
#17299 = VECTOR('',#17300,1.);
#17300 = DIRECTION('',(0.,0.,1.));
#17301 = ORIENTED_EDGE('',*,*,#17105,.F.);
#17302 = ORIENTED_EDGE('',*,*,#17296,.F.);
#17303 = CYLINDRICAL_SURFACE('',#17304,1.65);
#17304 = AXIS2_PLACEMENT_3D('',#17305,#17306,#17307);
#17305 = CARTESIAN_POINT('',(38.1,66.,0.9));
#17306 = DIRECTION('',(-0.,-0.,-1.));
#17307 = DIRECTION('',(1.,0.,0.));
#17308 = ADVANCED_FACE('',(#17309,#17312),#17323,.T.);
#17309 = FACE_BOUND('',#17310,.T.);
#17310 = EDGE_LOOP('',(#17311));
#17311 = ORIENTED_EDGE('',*,*,#17122,.T.);
#17312 = FACE_BOUND('',#17313,.T.);
#17313 = EDGE_LOOP('',(#17314));
#17314 = ORIENTED_EDGE('',*,*,#17315,.T.);
#17315 = EDGE_CURVE('',#17316,#17316,#17318,.T.);
#17316 = VERTEX_POINT('',#17317);
#17317 = CARTESIAN_POINT('',(60.15,-4.4,4.3));
#17318 = CIRCLE('',#17319,1.65);
#17319 = AXIS2_PLACEMENT_3D('',#17320,#17321,#17322);
#17320 = CARTESIAN_POINT('',(58.5,-4.4,4.3));
#17321 = DIRECTION('',(0.,0.,-1.));
#17322 = DIRECTION('',(1.,0.,0.));
#17323 = PLANE('',#17324);
#17324 = AXIS2_PLACEMENT_3D('',#17325,#17326,#17327);
#17325 = CARTESIAN_POINT('',(58.5,-4.4,4.3));
#17326 = DIRECTION('',(0.,0.,1.));
#17327 = DIRECTION('',(1.,0.,0.));
#17328 = ADVANCED_FACE('',(#17329),#17348,.F.);
#17329 = FACE_BOUND('',#17330,.T.);
#17330 = EDGE_LOOP('',(#17331,#17340,#17346,#17347));
#17331 = ORIENTED_EDGE('',*,*,#17332,.F.);
#17332 = EDGE_CURVE('',#17333,#17333,#17335,.T.);
#17333 = VERTEX_POINT('',#17334);
#17334 = CARTESIAN_POINT('',(113.95,-46.3,0.9));
#17335 = CIRCLE('',#17336,1.65);
#17336 = AXIS2_PLACEMENT_3D('',#17337,#17338,#17339);
#17337 = CARTESIAN_POINT('',(112.3,-46.3,0.9));
#17338 = DIRECTION('',(0.,0.,1.));
#17339 = DIRECTION('',(1.,0.,0.));
#17340 = ORIENTED_EDGE('',*,*,#17341,.T.);
#17341 = EDGE_CURVE('',#17333,#17151,#17342,.T.);
#17342 = LINE('',#17343,#17344);
#17343 = CARTESIAN_POINT('',(113.95,-46.3,0.9));
#17344 = VECTOR('',#17345,1.);
#17345 = DIRECTION('',(0.,0.,1.));
#17346 = ORIENTED_EDGE('',*,*,#17150,.F.);
#17347 = ORIENTED_EDGE('',*,*,#17341,.F.);
#17348 = CYLINDRICAL_SURFACE('',#17349,1.65);
#17349 = AXIS2_PLACEMENT_3D('',#17350,#17351,#17352);
#17350 = CARTESIAN_POINT('',(112.3,-46.3,0.9));
#17351 = DIRECTION('',(-0.,-0.,-1.));
#17352 = DIRECTION('',(1.,0.,0.));
#17353 = ADVANCED_FACE('',(#17354),#17373,.F.);
#17354 = FACE_BOUND('',#17355,.T.);
#17355 = EDGE_LOOP('',(#17356,#17365,#17371,#17372));
#17356 = ORIENTED_EDGE('',*,*,#17357,.F.);
#17357 = EDGE_CURVE('',#17358,#17358,#17360,.T.);
#17358 = VERTEX_POINT('',#17359);
#17359 = CARTESIAN_POINT('',(125.05,2.8,0.9));
#17360 = CIRCLE('',#17361,1.65);
#17361 = AXIS2_PLACEMENT_3D('',#17362,#17363,#17364);
#17362 = CARTESIAN_POINT('',(123.4,2.8,0.9));
#17363 = DIRECTION('',(0.,0.,1.));
#17364 = DIRECTION('',(1.,0.,0.));
#17365 = ORIENTED_EDGE('',*,*,#17366,.T.);
#17366 = EDGE_CURVE('',#17358,#17171,#17367,.T.);
#17367 = LINE('',#17368,#17369);
#17368 = CARTESIAN_POINT('',(125.05,2.8,0.9));
#17369 = VECTOR('',#17370,1.);
#17370 = DIRECTION('',(0.,0.,1.));
#17371 = ORIENTED_EDGE('',*,*,#17170,.F.);
#17372 = ORIENTED_EDGE('',*,*,#17366,.F.);
#17373 = CYLINDRICAL_SURFACE('',#17374,1.65);
#17374 = AXIS2_PLACEMENT_3D('',#17375,#17376,#17377);
#17375 = CARTESIAN_POINT('',(123.4,2.8,0.9));
#17376 = DIRECTION('',(-0.,-0.,-1.));
#17377 = DIRECTION('',(1.,0.,0.));
#17378 = ADVANCED_FACE('',(#17379),#17382,.T.);
#17379 = FACE_BOUND('',#17380,.F.);
#17380 = EDGE_LOOP('',(#17381));
#17381 = ORIENTED_EDGE('',*,*,#17187,.F.);
#17382 = PLANE('',#17383);
#17383 = AXIS2_PLACEMENT_3D('',#17384,#17385,#17386);
#17384 = CARTESIAN_POINT('',(123.9,60.5,0.9));
#17385 = DIRECTION('',(0.,0.,1.));
#17386 = DIRECTION('',(1.,0.,0.));
#17387 = ADVANCED_FACE('',(#17388),#17391,.T.);
#17388 = FACE_BOUND('',#17389,.F.);
#17389 = EDGE_LOOP('',(#17390));
#17390 = ORIENTED_EDGE('',*,*,#17212,.F.);
#17391 = PLANE('',#17392);
#17392 = AXIS2_PLACEMENT_3D('',#17393,#17394,#17395);
#17393 = CARTESIAN_POINT('',(76.2,57.1,0.9));
#17394 = DIRECTION('',(0.,0.,1.));
#17395 = DIRECTION('',(1.,0.,0.));
#17396 = ADVANCED_FACE('',(#17397),#17400,.T.);
#17397 = FACE_BOUND('',#17398,.F.);
#17398 = EDGE_LOOP('',(#17399));
#17399 = ORIENTED_EDGE('',*,*,#17237,.F.);
#17400 = PLANE('',#17401);
#17401 = AXIS2_PLACEMENT_3D('',#17402,#17403,#17404);
#17402 = CARTESIAN_POINT('',(0.,-11.5,0.9));
#17403 = DIRECTION('',(0.,0.,1.));
#17404 = DIRECTION('',(1.,0.,0.));
#17405 = ADVANCED_FACE('',(#17406),#17409,.T.);
#17406 = FACE_BOUND('',#17407,.F.);
#17407 = EDGE_LOOP('',(#17408));
#17408 = ORIENTED_EDGE('',*,*,#17262,.F.);
#17409 = PLANE('',#17410);
#17410 = AXIS2_PLACEMENT_3D('',#17411,#17412,#17413);
#17411 = CARTESIAN_POINT('',(-11.5,22.,0.9));
#17412 = DIRECTION('',(0.,0.,1.));
#17413 = DIRECTION('',(1.,0.,0.));
#17414 = ADVANCED_FACE('',(#17415),#17418,.T.);
#17415 = FACE_BOUND('',#17416,.F.);
#17416 = EDGE_LOOP('',(#17417));
#17417 = ORIENTED_EDGE('',*,*,#17287,.F.);
#17418 = PLANE('',#17419);
#17419 = AXIS2_PLACEMENT_3D('',#17420,#17421,#17422);
#17420 = CARTESIAN_POINT('',(38.1,66.,0.9));
#17421 = DIRECTION('',(0.,0.,1.));
#17422 = DIRECTION('',(1.,0.,0.));
#17423 = ADVANCED_FACE('',(#17424),#17443,.F.);
#17424 = FACE_BOUND('',#17425,.T.);
#17425 = EDGE_LOOP('',(#17426,#17435,#17441,#17442));
#17426 = ORIENTED_EDGE('',*,*,#17427,.F.);
#17427 = EDGE_CURVE('',#17428,#17428,#17430,.T.);
#17428 = VERTEX_POINT('',#17429);
#17429 = CARTESIAN_POINT('',(60.15,-4.4,0.9));
#17430 = CIRCLE('',#17431,1.65);
#17431 = AXIS2_PLACEMENT_3D('',#17432,#17433,#17434);
#17432 = CARTESIAN_POINT('',(58.5,-4.4,0.9));
#17433 = DIRECTION('',(0.,0.,1.));
#17434 = DIRECTION('',(1.,0.,0.));
#17435 = ORIENTED_EDGE('',*,*,#17436,.T.);
#17436 = EDGE_CURVE('',#17428,#17316,#17437,.T.);
#17437 = LINE('',#17438,#17439);
#17438 = CARTESIAN_POINT('',(60.15,-4.4,0.9));
#17439 = VECTOR('',#17440,1.);
#17440 = DIRECTION('',(0.,0.,1.));
#17441 = ORIENTED_EDGE('',*,*,#17315,.F.);
#17442 = ORIENTED_EDGE('',*,*,#17436,.F.);
#17443 = CYLINDRICAL_SURFACE('',#17444,1.65);
#17444 = AXIS2_PLACEMENT_3D('',#17445,#17446,#17447);
#17445 = CARTESIAN_POINT('',(58.5,-4.4,0.9));
#17446 = DIRECTION('',(-0.,-0.,-1.));
#17447 = DIRECTION('',(1.,0.,0.));
#17448 = ADVANCED_FACE('',(#17449),#17452,.T.);
#17449 = FACE_BOUND('',#17450,.F.);
#17450 = EDGE_LOOP('',(#17451));
#17451 = ORIENTED_EDGE('',*,*,#17332,.F.);
#17452 = PLANE('',#17453);
#17453 = AXIS2_PLACEMENT_3D('',#17454,#17455,#17456);
#17454 = CARTESIAN_POINT('',(112.3,-46.3,0.9));
#17455 = DIRECTION('',(0.,0.,1.));
#17456 = DIRECTION('',(1.,0.,0.));
#17457 = ADVANCED_FACE('',(#17458),#17461,.T.);
#17458 = FACE_BOUND('',#17459,.F.);
#17459 = EDGE_LOOP('',(#17460));
#17460 = ORIENTED_EDGE('',*,*,#17357,.F.);
#17461 = PLANE('',#17462);
#17462 = AXIS2_PLACEMENT_3D('',#17463,#17464,#17465);
#17463 = CARTESIAN_POINT('',(123.4,2.8,0.9));
#17464 = DIRECTION('',(0.,0.,1.));
#17465 = DIRECTION('',(1.,0.,0.));
#17466 = ADVANCED_FACE('',(#17467),#17470,.T.);
#17467 = FACE_BOUND('',#17468,.F.);
#17468 = EDGE_LOOP('',(#17469));
#17469 = ORIENTED_EDGE('',*,*,#17427,.F.);
#17470 = PLANE('',#17471);
#17471 = AXIS2_PLACEMENT_3D('',#17472,#17473,#17474);
#17472 = CARTESIAN_POINT('',(58.5,-4.4,0.9));
#17473 = DIRECTION('',(0.,0.,1.));
#17474 = DIRECTION('',(1.,0.,0.));
#17475 = ADVANCED_FACE('',(#17476,#17763,#17774,#17803,#17814,#17825,
    #17836,#17847,#17858,#17869),#17898,.F.);
#17476 = FACE_BOUND('',#17477,.T.);
#17477 = EDGE_LOOP('',(#17478,#17479,#17480,#17481,#17482,#17483,#17484,
    #17485,#17486,#17487,#17488,#17489,#17490,#17491,#17492,#17493,
    #17494,#17495,#17496,#17497,#17498,#17499,#17500,#17501,#17502,
    #17503,#17504,#17505,#17506,#17507,#17508,#17509,#17510,#17511,
    #17512,#17513,#17514,#17515,#17516,#17517,#17518,#17519,#17520,
    #17521,#17522,#17523,#17524,#17525,#17526,#17527,#17528,#17529,
    #17530,#17531,#17532,#17533,#17534,#17535,#17536,#17537,#17538,
    #17539,#17540,#17541,#17542,#17543,#17544,#17545,#17546,#17547,
    #17548,#17549,#17550,#17551,#17552,#17553,#17554,#17555,#17556,
    #17557,#17558,#17559,#17560,#17561,#17562,#17563,#17564,#17565,
    #17566,#17567,#17568,#17569,#17570,#17571,#17572,#17573,#17574,
    #17575,#17576,#17577,#17578,#17579,#17580,#17581,#17582,#17583,
    #17584,#17585,#17586,#17587,#17588,#17589,#17590,#17591,#17592,
    #17593,#17594,#17595,#17596,#17597,#17598,#17599,#17600,#17601,
    #17602,#17603,#17604,#17605,#17606,#17607,#17608,#17609,#17610,
    #17611,#17612,#17613,#17614,#17615,#17616,#17617,#17618,#17619,
    #17620,#17621,#17622,#17623,#17624,#17625,#17626,#17627,#17628,
    #17629,#17630,#17631,#17632,#17633,#17634,#17635,#17636,#17637,
    #17638,#17639,#17640,#17641,#17642,#17643,#17644,#17645,#17646,
    #17647,#17648,#17649,#17650,#17651,#17652,#17653,#17654,#17655,
    #17656,#17657,#17658,#17659,#17660,#17661,#17662,#17663,#17664,
    #17665,#17666,#17667,#17668,#17669,#17670,#17671,#17672,#17673,
    #17674,#17675,#17676,#17677,#17678,#17679,#17680,#17681,#17682,
    #17683,#17684,#17685,#17686,#17687,#17688,#17689,#17690,#17691,
    #17692,#17693,#17694,#17695,#17696,#17697,#17698,#17699,#17700,
    #17701,#17702,#17703,#17704,#17705,#17706,#17707,#17708,#17709,
    #17710,#17711,#17712,#17713,#17714,#17715,#17716,#17717,#17718,
    #17719,#17720,#17721,#17722,#17723,#17724,#17725,#17726,#17727,
    #17728,#17729,#17730,#17731,#17732,#17733,#17734,#17735,#17736,
    #17737,#17738,#17739,#17740,#17741,#17742,#17743,#17744,#17745,
    #17746,#17747,#17748,#17749,#17750,#17751,#17752,#17753,#17754,
    #17755,#17756,#17757,#17758,#17759,#17760,#17761,#17762));
#17478 = ORIENTED_EDGE('',*,*,#16983,.F.);
#17479 = ORIENTED_EDGE('',*,*,#10050,.T.);
#17480 = ORIENTED_EDGE('',*,*,#10075,.F.);
#17481 = ORIENTED_EDGE('',*,*,#10099,.T.);
#17482 = ORIENTED_EDGE('',*,*,#10124,.F.);
#17483 = ORIENTED_EDGE('',*,*,#10148,.T.);
#17484 = ORIENTED_EDGE('',*,*,#10173,.F.);
#17485 = ORIENTED_EDGE('',*,*,#10197,.T.);
#17486 = ORIENTED_EDGE('',*,*,#10222,.F.);
#17487 = ORIENTED_EDGE('',*,*,#10246,.T.);
#17488 = ORIENTED_EDGE('',*,*,#10271,.F.);
#17489 = ORIENTED_EDGE('',*,*,#10295,.F.);
#17490 = ORIENTED_EDGE('',*,*,#10319,.F.);
#17491 = ORIENTED_EDGE('',*,*,#10343,.F.);
#17492 = ORIENTED_EDGE('',*,*,#10367,.F.);
#17493 = ORIENTED_EDGE('',*,*,#10391,.T.);
#17494 = ORIENTED_EDGE('',*,*,#10416,.F.);
#17495 = ORIENTED_EDGE('',*,*,#10440,.T.);
#17496 = ORIENTED_EDGE('',*,*,#10465,.F.);
#17497 = ORIENTED_EDGE('',*,*,#10489,.T.);
#17498 = ORIENTED_EDGE('',*,*,#10514,.F.);
#17499 = ORIENTED_EDGE('',*,*,#10538,.T.);
#17500 = ORIENTED_EDGE('',*,*,#10563,.F.);
#17501 = ORIENTED_EDGE('',*,*,#10587,.T.);
#17502 = ORIENTED_EDGE('',*,*,#10612,.F.);
#17503 = ORIENTED_EDGE('',*,*,#10636,.T.);
#17504 = ORIENTED_EDGE('',*,*,#10661,.F.);
#17505 = ORIENTED_EDGE('',*,*,#10685,.T.);
#17506 = ORIENTED_EDGE('',*,*,#10710,.F.);
#17507 = ORIENTED_EDGE('',*,*,#10734,.T.);
#17508 = ORIENTED_EDGE('',*,*,#10759,.F.);
#17509 = ORIENTED_EDGE('',*,*,#10783,.T.);
#17510 = ORIENTED_EDGE('',*,*,#10808,.F.);
#17511 = ORIENTED_EDGE('',*,*,#10832,.F.);
#17512 = ORIENTED_EDGE('',*,*,#10856,.F.);
#17513 = ORIENTED_EDGE('',*,*,#10880,.F.);
#17514 = ORIENTED_EDGE('',*,*,#10904,.F.);
#17515 = ORIENTED_EDGE('',*,*,#10928,.F.);
#17516 = ORIENTED_EDGE('',*,*,#10952,.F.);
#17517 = ORIENTED_EDGE('',*,*,#10976,.F.);
#17518 = ORIENTED_EDGE('',*,*,#11000,.F.);
#17519 = ORIENTED_EDGE('',*,*,#11024,.F.);
#17520 = ORIENTED_EDGE('',*,*,#11048,.F.);
#17521 = ORIENTED_EDGE('',*,*,#11072,.F.);
#17522 = ORIENTED_EDGE('',*,*,#11096,.F.);
#17523 = ORIENTED_EDGE('',*,*,#11120,.F.);
#17524 = ORIENTED_EDGE('',*,*,#11144,.F.);
#17525 = ORIENTED_EDGE('',*,*,#11168,.F.);
#17526 = ORIENTED_EDGE('',*,*,#11192,.T.);
#17527 = ORIENTED_EDGE('',*,*,#11217,.F.);
#17528 = ORIENTED_EDGE('',*,*,#11241,.T.);
#17529 = ORIENTED_EDGE('',*,*,#11266,.F.);
#17530 = ORIENTED_EDGE('',*,*,#11290,.T.);
#17531 = ORIENTED_EDGE('',*,*,#11315,.F.);
#17532 = ORIENTED_EDGE('',*,*,#11339,.T.);
#17533 = ORIENTED_EDGE('',*,*,#11364,.F.);
#17534 = ORIENTED_EDGE('',*,*,#11388,.T.);
#17535 = ORIENTED_EDGE('',*,*,#11413,.F.);
#17536 = ORIENTED_EDGE('',*,*,#11437,.T.);
#17537 = ORIENTED_EDGE('',*,*,#11462,.F.);
#17538 = ORIENTED_EDGE('',*,*,#11486,.T.);
#17539 = ORIENTED_EDGE('',*,*,#11511,.F.);
#17540 = ORIENTED_EDGE('',*,*,#11535,.T.);
#17541 = ORIENTED_EDGE('',*,*,#11560,.F.);
#17542 = ORIENTED_EDGE('',*,*,#11584,.T.);
#17543 = ORIENTED_EDGE('',*,*,#11609,.F.);
#17544 = ORIENTED_EDGE('',*,*,#11633,.T.);
#17545 = ORIENTED_EDGE('',*,*,#11658,.F.);
#17546 = ORIENTED_EDGE('',*,*,#11682,.T.);
#17547 = ORIENTED_EDGE('',*,*,#11707,.F.);
#17548 = ORIENTED_EDGE('',*,*,#11731,.T.);
#17549 = ORIENTED_EDGE('',*,*,#11756,.F.);
#17550 = ORIENTED_EDGE('',*,*,#11780,.T.);
#17551 = ORIENTED_EDGE('',*,*,#11805,.F.);
#17552 = ORIENTED_EDGE('',*,*,#11829,.T.);
#17553 = ORIENTED_EDGE('',*,*,#11854,.F.);
#17554 = ORIENTED_EDGE('',*,*,#11878,.F.);
#17555 = ORIENTED_EDGE('',*,*,#11902,.F.);
#17556 = ORIENTED_EDGE('',*,*,#11926,.F.);
#17557 = ORIENTED_EDGE('',*,*,#11950,.F.);
#17558 = ORIENTED_EDGE('',*,*,#11974,.F.);
#17559 = ORIENTED_EDGE('',*,*,#11998,.F.);
#17560 = ORIENTED_EDGE('',*,*,#12022,.F.);
#17561 = ORIENTED_EDGE('',*,*,#12046,.T.);
#17562 = ORIENTED_EDGE('',*,*,#12071,.F.);
#17563 = ORIENTED_EDGE('',*,*,#12095,.T.);
#17564 = ORIENTED_EDGE('',*,*,#12120,.F.);
#17565 = ORIENTED_EDGE('',*,*,#12144,.T.);
#17566 = ORIENTED_EDGE('',*,*,#12169,.F.);
#17567 = ORIENTED_EDGE('',*,*,#12193,.T.);
#17568 = ORIENTED_EDGE('',*,*,#12218,.F.);
#17569 = ORIENTED_EDGE('',*,*,#12242,.T.);
#17570 = ORIENTED_EDGE('',*,*,#12267,.F.);
#17571 = ORIENTED_EDGE('',*,*,#12291,.T.);
#17572 = ORIENTED_EDGE('',*,*,#12316,.F.);
#17573 = ORIENTED_EDGE('',*,*,#12340,.T.);
#17574 = ORIENTED_EDGE('',*,*,#12365,.F.);
#17575 = ORIENTED_EDGE('',*,*,#12389,.T.);
#17576 = ORIENTED_EDGE('',*,*,#12414,.F.);
#17577 = ORIENTED_EDGE('',*,*,#12438,.T.);
#17578 = ORIENTED_EDGE('',*,*,#12463,.F.);
#17579 = ORIENTED_EDGE('',*,*,#12487,.T.);
#17580 = ORIENTED_EDGE('',*,*,#12512,.F.);
#17581 = ORIENTED_EDGE('',*,*,#12536,.T.);
#17582 = ORIENTED_EDGE('',*,*,#12561,.F.);
#17583 = ORIENTED_EDGE('',*,*,#12585,.T.);
#17584 = ORIENTED_EDGE('',*,*,#12610,.F.);
#17585 = ORIENTED_EDGE('',*,*,#12634,.T.);
#17586 = ORIENTED_EDGE('',*,*,#12659,.F.);
#17587 = ORIENTED_EDGE('',*,*,#12683,.T.);
#17588 = ORIENTED_EDGE('',*,*,#12708,.F.);
#17589 = ORIENTED_EDGE('',*,*,#12732,.T.);
#17590 = ORIENTED_EDGE('',*,*,#12757,.F.);
#17591 = ORIENTED_EDGE('',*,*,#12781,.T.);
#17592 = ORIENTED_EDGE('',*,*,#12806,.F.);
#17593 = ORIENTED_EDGE('',*,*,#12830,.T.);
#17594 = ORIENTED_EDGE('',*,*,#12855,.F.);
#17595 = ORIENTED_EDGE('',*,*,#12879,.T.);
#17596 = ORIENTED_EDGE('',*,*,#12904,.F.);
#17597 = ORIENTED_EDGE('',*,*,#12928,.F.);
#17598 = ORIENTED_EDGE('',*,*,#12952,.F.);
#17599 = ORIENTED_EDGE('',*,*,#12976,.F.);
#17600 = ORIENTED_EDGE('',*,*,#13000,.F.);
#17601 = ORIENTED_EDGE('',*,*,#13024,.F.);
#17602 = ORIENTED_EDGE('',*,*,#13048,.F.);
#17603 = ORIENTED_EDGE('',*,*,#13072,.F.);
#17604 = ORIENTED_EDGE('',*,*,#13096,.F.);
#17605 = ORIENTED_EDGE('',*,*,#13120,.T.);
#17606 = ORIENTED_EDGE('',*,*,#13145,.F.);
#17607 = ORIENTED_EDGE('',*,*,#13169,.T.);
#17608 = ORIENTED_EDGE('',*,*,#13194,.F.);
#17609 = ORIENTED_EDGE('',*,*,#13218,.T.);
#17610 = ORIENTED_EDGE('',*,*,#13243,.F.);
#17611 = ORIENTED_EDGE('',*,*,#13267,.T.);
#17612 = ORIENTED_EDGE('',*,*,#13292,.F.);
#17613 = ORIENTED_EDGE('',*,*,#13316,.T.);
#17614 = ORIENTED_EDGE('',*,*,#13341,.F.);
#17615 = ORIENTED_EDGE('',*,*,#13365,.T.);
#17616 = ORIENTED_EDGE('',*,*,#13390,.F.);
#17617 = ORIENTED_EDGE('',*,*,#13414,.T.);
#17618 = ORIENTED_EDGE('',*,*,#13439,.F.);
#17619 = ORIENTED_EDGE('',*,*,#13463,.T.);
#17620 = ORIENTED_EDGE('',*,*,#13488,.F.);
#17621 = ORIENTED_EDGE('',*,*,#13512,.F.);
#17622 = ORIENTED_EDGE('',*,*,#13536,.F.);
#17623 = ORIENTED_EDGE('',*,*,#13560,.F.);
#17624 = ORIENTED_EDGE('',*,*,#13584,.F.);
#17625 = ORIENTED_EDGE('',*,*,#13608,.F.);
#17626 = ORIENTED_EDGE('',*,*,#13632,.F.);
#17627 = ORIENTED_EDGE('',*,*,#13656,.T.);
#17628 = ORIENTED_EDGE('',*,*,#13681,.F.);
#17629 = ORIENTED_EDGE('',*,*,#13705,.T.);
#17630 = ORIENTED_EDGE('',*,*,#13730,.F.);
#17631 = ORIENTED_EDGE('',*,*,#13754,.T.);
#17632 = ORIENTED_EDGE('',*,*,#13779,.F.);
#17633 = ORIENTED_EDGE('',*,*,#13803,.T.);
#17634 = ORIENTED_EDGE('',*,*,#13828,.F.);
#17635 = ORIENTED_EDGE('',*,*,#13852,.T.);
#17636 = ORIENTED_EDGE('',*,*,#13877,.F.);
#17637 = ORIENTED_EDGE('',*,*,#13901,.T.);
#17638 = ORIENTED_EDGE('',*,*,#13926,.F.);
#17639 = ORIENTED_EDGE('',*,*,#13950,.T.);
#17640 = ORIENTED_EDGE('',*,*,#13975,.F.);
#17641 = ORIENTED_EDGE('',*,*,#13999,.T.);
#17642 = ORIENTED_EDGE('',*,*,#14024,.F.);
#17643 = ORIENTED_EDGE('',*,*,#14048,.T.);
#17644 = ORIENTED_EDGE('',*,*,#14073,.F.);
#17645 = ORIENTED_EDGE('',*,*,#14097,.T.);
#17646 = ORIENTED_EDGE('',*,*,#14122,.F.);
#17647 = ORIENTED_EDGE('',*,*,#14146,.T.);
#17648 = ORIENTED_EDGE('',*,*,#14171,.F.);
#17649 = ORIENTED_EDGE('',*,*,#14195,.T.);
#17650 = ORIENTED_EDGE('',*,*,#14220,.F.);
#17651 = ORIENTED_EDGE('',*,*,#14244,.T.);
#17652 = ORIENTED_EDGE('',*,*,#14269,.F.);
#17653 = ORIENTED_EDGE('',*,*,#14293,.F.);
#17654 = ORIENTED_EDGE('',*,*,#14317,.F.);
#17655 = ORIENTED_EDGE('',*,*,#14341,.F.);
#17656 = ORIENTED_EDGE('',*,*,#14365,.F.);
#17657 = ORIENTED_EDGE('',*,*,#14389,.F.);
#17658 = ORIENTED_EDGE('',*,*,#14413,.F.);
#17659 = ORIENTED_EDGE('',*,*,#14437,.T.);
#17660 = ORIENTED_EDGE('',*,*,#14462,.F.);
#17661 = ORIENTED_EDGE('',*,*,#14486,.T.);
#17662 = ORIENTED_EDGE('',*,*,#14511,.F.);
#17663 = ORIENTED_EDGE('',*,*,#14535,.T.);
#17664 = ORIENTED_EDGE('',*,*,#14560,.F.);
#17665 = ORIENTED_EDGE('',*,*,#14584,.T.);
#17666 = ORIENTED_EDGE('',*,*,#14609,.F.);
#17667 = ORIENTED_EDGE('',*,*,#14633,.T.);
#17668 = ORIENTED_EDGE('',*,*,#14658,.F.);
#17669 = ORIENTED_EDGE('',*,*,#14682,.F.);
#17670 = ORIENTED_EDGE('',*,*,#14706,.F.);
#17671 = ORIENTED_EDGE('',*,*,#14730,.F.);
#17672 = ORIENTED_EDGE('',*,*,#14754,.F.);
#17673 = ORIENTED_EDGE('',*,*,#14778,.F.);
#17674 = ORIENTED_EDGE('',*,*,#14802,.F.);
#17675 = ORIENTED_EDGE('',*,*,#14826,.F.);
#17676 = ORIENTED_EDGE('',*,*,#14850,.F.);
#17677 = ORIENTED_EDGE('',*,*,#14874,.F.);
#17678 = ORIENTED_EDGE('',*,*,#14898,.T.);
#17679 = ORIENTED_EDGE('',*,*,#14923,.F.);
#17680 = ORIENTED_EDGE('',*,*,#14947,.T.);
#17681 = ORIENTED_EDGE('',*,*,#14972,.F.);
#17682 = ORIENTED_EDGE('',*,*,#14996,.T.);
#17683 = ORIENTED_EDGE('',*,*,#15021,.F.);
#17684 = ORIENTED_EDGE('',*,*,#15045,.T.);
#17685 = ORIENTED_EDGE('',*,*,#15070,.F.);
#17686 = ORIENTED_EDGE('',*,*,#15094,.T.);
#17687 = ORIENTED_EDGE('',*,*,#15109,.F.);
#17688 = ORIENTED_EDGE('',*,*,#15159,.T.);
#17689 = ORIENTED_EDGE('',*,*,#15184,.F.);
#17690 = ORIENTED_EDGE('',*,*,#15208,.T.);
#17691 = ORIENTED_EDGE('',*,*,#15233,.F.);
#17692 = ORIENTED_EDGE('',*,*,#15257,.T.);
#17693 = ORIENTED_EDGE('',*,*,#15282,.F.);
#17694 = ORIENTED_EDGE('',*,*,#15306,.T.);
#17695 = ORIENTED_EDGE('',*,*,#15331,.F.);
#17696 = ORIENTED_EDGE('',*,*,#15355,.T.);
#17697 = ORIENTED_EDGE('',*,*,#15380,.F.);
#17698 = ORIENTED_EDGE('',*,*,#15404,.T.);
#17699 = ORIENTED_EDGE('',*,*,#15429,.F.);
#17700 = ORIENTED_EDGE('',*,*,#15453,.T.);
#17701 = ORIENTED_EDGE('',*,*,#15478,.F.);
#17702 = ORIENTED_EDGE('',*,*,#15502,.T.);
#17703 = ORIENTED_EDGE('',*,*,#15527,.F.);
#17704 = ORIENTED_EDGE('',*,*,#15551,.T.);
#17705 = ORIENTED_EDGE('',*,*,#15576,.F.);
#17706 = ORIENTED_EDGE('',*,*,#15600,.T.);
#17707 = ORIENTED_EDGE('',*,*,#15625,.F.);
#17708 = ORIENTED_EDGE('',*,*,#15649,.T.);
#17709 = ORIENTED_EDGE('',*,*,#15674,.F.);
#17710 = ORIENTED_EDGE('',*,*,#15698,.T.);
#17711 = ORIENTED_EDGE('',*,*,#15723,.F.);
#17712 = ORIENTED_EDGE('',*,*,#15747,.T.);
#17713 = ORIENTED_EDGE('',*,*,#15772,.F.);
#17714 = ORIENTED_EDGE('',*,*,#15796,.T.);
#17715 = ORIENTED_EDGE('',*,*,#15821,.F.);
#17716 = ORIENTED_EDGE('',*,*,#15845,.T.);
#17717 = ORIENTED_EDGE('',*,*,#15870,.F.);
#17718 = ORIENTED_EDGE('',*,*,#15894,.T.);
#17719 = ORIENTED_EDGE('',*,*,#15919,.F.);
#17720 = ORIENTED_EDGE('',*,*,#15943,.T.);
#17721 = ORIENTED_EDGE('',*,*,#15968,.F.);
#17722 = ORIENTED_EDGE('',*,*,#15992,.T.);
#17723 = ORIENTED_EDGE('',*,*,#16017,.F.);
#17724 = ORIENTED_EDGE('',*,*,#16041,.F.);
#17725 = ORIENTED_EDGE('',*,*,#16065,.F.);
#17726 = ORIENTED_EDGE('',*,*,#16089,.F.);
#17727 = ORIENTED_EDGE('',*,*,#16113,.F.);
#17728 = ORIENTED_EDGE('',*,*,#16137,.F.);
#17729 = ORIENTED_EDGE('',*,*,#16161,.F.);
#17730 = ORIENTED_EDGE('',*,*,#16185,.F.);
#17731 = ORIENTED_EDGE('',*,*,#16209,.F.);
#17732 = ORIENTED_EDGE('',*,*,#16233,.F.);
#17733 = ORIENTED_EDGE('',*,*,#16257,.F.);
#17734 = ORIENTED_EDGE('',*,*,#16281,.F.);
#17735 = ORIENTED_EDGE('',*,*,#16305,.F.);
#17736 = ORIENTED_EDGE('',*,*,#16329,.F.);
#17737 = ORIENTED_EDGE('',*,*,#16353,.F.);
#17738 = ORIENTED_EDGE('',*,*,#16377,.T.);
#17739 = ORIENTED_EDGE('',*,*,#16402,.F.);
#17740 = ORIENTED_EDGE('',*,*,#16426,.T.);
#17741 = ORIENTED_EDGE('',*,*,#16451,.F.);
#17742 = ORIENTED_EDGE('',*,*,#16475,.T.);
#17743 = ORIENTED_EDGE('',*,*,#16500,.F.);
#17744 = ORIENTED_EDGE('',*,*,#16524,.T.);
#17745 = ORIENTED_EDGE('',*,*,#16549,.F.);
#17746 = ORIENTED_EDGE('',*,*,#16573,.T.);
#17747 = ORIENTED_EDGE('',*,*,#16598,.F.);
#17748 = ORIENTED_EDGE('',*,*,#16622,.T.);
#17749 = ORIENTED_EDGE('',*,*,#16647,.F.);
#17750 = ORIENTED_EDGE('',*,*,#16671,.T.);
#17751 = ORIENTED_EDGE('',*,*,#16696,.F.);
#17752 = ORIENTED_EDGE('',*,*,#16720,.T.);
#17753 = ORIENTED_EDGE('',*,*,#16745,.F.);
#17754 = ORIENTED_EDGE('',*,*,#16769,.T.);
#17755 = ORIENTED_EDGE('',*,*,#16794,.F.);
#17756 = ORIENTED_EDGE('',*,*,#16818,.T.);
#17757 = ORIENTED_EDGE('',*,*,#16843,.F.);
#17758 = ORIENTED_EDGE('',*,*,#16867,.T.);
#17759 = ORIENTED_EDGE('',*,*,#16892,.F.);
#17760 = ORIENTED_EDGE('',*,*,#16916,.T.);
#17761 = ORIENTED_EDGE('',*,*,#16941,.F.);
#17762 = ORIENTED_EDGE('',*,*,#16965,.T.);
#17763 = FACE_BOUND('',#17764,.F.);
#17764 = EDGE_LOOP('',(#17765));
#17765 = ORIENTED_EDGE('',*,*,#17766,.T.);
#17766 = EDGE_CURVE('',#17767,#17767,#17769,.T.);
#17767 = VERTEX_POINT('',#17768);
#17768 = CARTESIAN_POINT('',(85.3,28.,0.));
#17769 = CIRCLE('',#17770,28.3);
#17770 = AXIS2_PLACEMENT_3D('',#17771,#17772,#17773);
#17771 = CARTESIAN_POINT('',(57.,28.,0.));
#17772 = DIRECTION('',(0.,0.,-1.));
#17773 = DIRECTION('',(1.,0.,0.));
#17774 = FACE_BOUND('',#17775,.F.);
#17775 = EDGE_LOOP('',(#17776,#17787,#17796));
#17776 = ORIENTED_EDGE('',*,*,#17777,.T.);
#17777 = EDGE_CURVE('',#17778,#17780,#17782,.T.);
#17778 = VERTEX_POINT('',#17779);
#17779 = CARTESIAN_POINT('',(122.11608040408,58.088023450503,0.));
#17780 = VERTEX_POINT('',#17781);
#17781 = CARTESIAN_POINT('',(125.48557028813,57.953243855141,0.));
#17782 = CIRCLE('',#17783,5.3);
#17783 = AXIS2_PLACEMENT_3D('',#17784,#17785,#17786);
#17784 = CARTESIAN_POINT('',(123.6,53.,0.));
#17785 = DIRECTION('',(0.,0.,-1.));
#17786 = DIRECTION('',(1.,0.,0.));
#17787 = ORIENTED_EDGE('',*,*,#17788,.T.);
#17788 = EDGE_CURVE('',#17780,#17789,#17791,.T.);
#17789 = VERTEX_POINT('',#17790);
#17790 = CARTESIAN_POINT('',(128.9,53.,0.));
#17791 = CIRCLE('',#17792,5.3);
#17792 = AXIS2_PLACEMENT_3D('',#17793,#17794,#17795);
#17793 = CARTESIAN_POINT('',(123.6,53.,0.));
#17794 = DIRECTION('',(0.,0.,-1.));
#17795 = DIRECTION('',(1.,0.,0.));
#17796 = ORIENTED_EDGE('',*,*,#17797,.T.);
#17797 = EDGE_CURVE('',#17789,#17778,#17798,.T.);
#17798 = CIRCLE('',#17799,5.3);
#17799 = AXIS2_PLACEMENT_3D('',#17800,#17801,#17802);
#17800 = CARTESIAN_POINT('',(123.6,53.,0.));
#17801 = DIRECTION('',(0.,0.,-1.));
#17802 = DIRECTION('',(1.,0.,0.));
#17803 = FACE_BOUND('',#17804,.F.);
#17804 = EDGE_LOOP('',(#17805));
#17805 = ORIENTED_EDGE('',*,*,#17806,.T.);
#17806 = EDGE_CURVE('',#17807,#17807,#17809,.T.);
#17807 = VERTEX_POINT('',#17808);
#17808 = CARTESIAN_POINT('',(1.3,-4.,0.));
#17809 = CIRCLE('',#17810,5.3);
#17810 = AXIS2_PLACEMENT_3D('',#17811,#17812,#17813);
#17811 = CARTESIAN_POINT('',(-4.,-4.,0.));
#17812 = DIRECTION('',(0.,0.,-1.));
#17813 = DIRECTION('',(1.,0.,0.));
#17814 = FACE_BOUND('',#17815,.F.);
#17815 = EDGE_LOOP('',(#17816));
#17816 = ORIENTED_EDGE('',*,*,#17817,.T.);
#17817 = EDGE_CURVE('',#17818,#17818,#17820,.T.);
#17818 = VERTEX_POINT('',#17819);
#17819 = CARTESIAN_POINT('',(20.3,20.,0.));
#17820 = CIRCLE('',#17821,5.3);
#17821 = AXIS2_PLACEMENT_3D('',#17822,#17823,#17824);
#17822 = CARTESIAN_POINT('',(15.,20.,0.));
#17823 = DIRECTION('',(0.,0.,-1.));
#17824 = DIRECTION('',(1.,0.,0.));
#17825 = FACE_BOUND('',#17826,.F.);
#17826 = EDGE_LOOP('',(#17827));
#17827 = ORIENTED_EDGE('',*,*,#17828,.T.);
#17828 = EDGE_CURVE('',#17829,#17829,#17831,.T.);
#17829 = VERTEX_POINT('',#17830);
#17830 = CARTESIAN_POINT('',(117.,-31.7,0.));
#17831 = CIRCLE('',#17832,5.3);
#17832 = AXIS2_PLACEMENT_3D('',#17833,#17834,#17835);
#17833 = CARTESIAN_POINT('',(111.7,-31.7,0.));
#17834 = DIRECTION('',(0.,0.,-1.));
#17835 = DIRECTION('',(1.,0.,0.));
#17836 = FACE_BOUND('',#17837,.F.);
#17837 = EDGE_LOOP('',(#17838));
#17838 = ORIENTED_EDGE('',*,*,#17839,.T.);
#17839 = EDGE_CURVE('',#17840,#17840,#17842,.T.);
#17840 = VERTEX_POINT('',#17841);
#17841 = CARTESIAN_POINT('',(76.8,-15.5,0.));
#17842 = CIRCLE('',#17843,5.3);
#17843 = AXIS2_PLACEMENT_3D('',#17844,#17845,#17846);
#17844 = CARTESIAN_POINT('',(71.5,-15.5,0.));
#17845 = DIRECTION('',(0.,0.,-1.));
#17846 = DIRECTION('',(1.,0.,0.));
#17847 = FACE_BOUND('',#17848,.F.);
#17848 = EDGE_LOOP('',(#17849));
#17849 = ORIENTED_EDGE('',*,*,#17850,.T.);
#17850 = EDGE_CURVE('',#17851,#17851,#17853,.T.);
#17851 = VERTEX_POINT('',#17852);
#17852 = CARTESIAN_POINT('',(1.3,42.,0.));
#17853 = CIRCLE('',#17854,5.3);
#17854 = AXIS2_PLACEMENT_3D('',#17855,#17856,#17857);
#17855 = CARTESIAN_POINT('',(-4.,42.,0.));
#17856 = DIRECTION('',(0.,0.,-1.));
#17857 = DIRECTION('',(1.,0.,0.));
#17858 = FACE_BOUND('',#17859,.F.);
#17859 = EDGE_LOOP('',(#17860));
#17860 = ORIENTED_EDGE('',*,*,#17861,.T.);
#17861 = EDGE_CURVE('',#17862,#17862,#17864,.T.);
#17862 = VERTEX_POINT('',#17863);
#17863 = CARTESIAN_POINT('',(122.2,9.65,0.));
#17864 = CIRCLE('',#17865,5.3);
#17865 = AXIS2_PLACEMENT_3D('',#17866,#17867,#17868);
#17866 = CARTESIAN_POINT('',(116.9,9.65,0.));
#17867 = DIRECTION('',(0.,0.,-1.));
#17868 = DIRECTION('',(1.,0.,0.));
#17869 = FACE_BOUND('',#17870,.F.);
#17870 = EDGE_LOOP('',(#17871,#17882,#17891));
#17871 = ORIENTED_EDGE('',*,*,#17872,.T.);
#17872 = EDGE_CURVE('',#17873,#17875,#17877,.T.);
#17873 = VERTEX_POINT('',#17874);
#17874 = CARTESIAN_POINT('',(37.041013345516,63.193125,0.));
#17875 = VERTEX_POINT('',#17876);
#17876 = CARTESIAN_POINT('',(39.158986654484,63.193125,0.));
#17877 = CIRCLE('',#17878,5.3);
#17878 = AXIS2_PLACEMENT_3D('',#17879,#17880,#17881);
#17879 = CARTESIAN_POINT('',(38.1,58.,0.));
#17880 = DIRECTION('',(0.,0.,-1.));
#17881 = DIRECTION('',(1.,0.,0.));
#17882 = ORIENTED_EDGE('',*,*,#17883,.T.);
#17883 = EDGE_CURVE('',#17875,#17884,#17886,.T.);
#17884 = VERTEX_POINT('',#17885);
#17885 = CARTESIAN_POINT('',(43.4,58.,0.));
#17886 = CIRCLE('',#17887,5.3);
#17887 = AXIS2_PLACEMENT_3D('',#17888,#17889,#17890);
#17888 = CARTESIAN_POINT('',(38.1,58.,0.));
#17889 = DIRECTION('',(0.,0.,-1.));
#17890 = DIRECTION('',(1.,0.,0.));
#17891 = ORIENTED_EDGE('',*,*,#17892,.T.);
#17892 = EDGE_CURVE('',#17884,#17873,#17893,.T.);
#17893 = CIRCLE('',#17894,5.3);
#17894 = AXIS2_PLACEMENT_3D('',#17895,#17896,#17897);
#17895 = CARTESIAN_POINT('',(38.1,58.,0.));
#17896 = DIRECTION('',(0.,0.,-1.));
#17897 = DIRECTION('',(1.,0.,0.));
#17898 = PLANE('',#17899);
#17899 = AXIS2_PLACEMENT_3D('',#17900,#17901,#17902);
#17900 = CARTESIAN_POINT('',(64.427531064036,13.634724886327,0.));
#17901 = DIRECTION('',(0.,0.,1.));
#17902 = DIRECTION('',(1.,0.,0.));
#17903 = ADVANCED_FACE('',(#17904),#17923,.F.);
#17904 = FACE_BOUND('',#17905,.T.);
#17905 = EDGE_LOOP('',(#17906,#17907,#17915,#17922));
#17906 = ORIENTED_EDGE('',*,*,#17766,.T.);
#17907 = ORIENTED_EDGE('',*,*,#17908,.T.);
#17908 = EDGE_CURVE('',#17767,#17909,#17911,.T.);
#17909 = VERTEX_POINT('',#17910);
#17910 = CARTESIAN_POINT('',(85.3,28.,1.));
#17911 = LINE('',#17912,#17913);
#17912 = CARTESIAN_POINT('',(85.3,28.,-1.));
#17913 = VECTOR('',#17914,1.);
#17914 = DIRECTION('',(0.,0.,1.));
#17915 = ORIENTED_EDGE('',*,*,#17916,.T.);
#17916 = EDGE_CURVE('',#17909,#17909,#17917,.T.);
#17917 = CIRCLE('',#17918,28.3);
#17918 = AXIS2_PLACEMENT_3D('',#17919,#17920,#17921);
#17919 = CARTESIAN_POINT('',(57.,28.,1.));
#17920 = DIRECTION('',(0.,0.,1.));
#17921 = DIRECTION('',(1.,0.,0.));
#17922 = ORIENTED_EDGE('',*,*,#17908,.F.);
#17923 = CYLINDRICAL_SURFACE('',#17924,28.3);
#17924 = AXIS2_PLACEMENT_3D('',#17925,#17926,#17927);
#17925 = CARTESIAN_POINT('',(57.,28.,-1.));
#17926 = DIRECTION('',(-0.,-0.,-1.));
#17927 = DIRECTION('',(1.,0.,0.));
#17928 = ADVANCED_FACE('',(#17929),#17932,.F.);
#17929 = FACE_BOUND('',#17930,.T.);
#17930 = EDGE_LOOP('',(#17931));
#17931 = ORIENTED_EDGE('',*,*,#17916,.F.);
#17932 = PLANE('',#17933);
#17933 = AXIS2_PLACEMENT_3D('',#17934,#17935,#17936);
#17934 = CARTESIAN_POINT('',(57.,28.,1.));
#17935 = DIRECTION('',(0.,0.,1.));
#17936 = DIRECTION('',(1.,0.,0.));
#17937 = ADVANCED_FACE('',(#17938),#17959,.F.);
#17938 = FACE_BOUND('',#17939,.T.);
#17939 = EDGE_LOOP('',(#17940,#17941,#17949,#17956,#17957,#17958));
#17940 = ORIENTED_EDGE('',*,*,#17788,.T.);
#17941 = ORIENTED_EDGE('',*,*,#17942,.T.);
#17942 = EDGE_CURVE('',#17789,#17943,#17945,.T.);
#17943 = VERTEX_POINT('',#17944);
#17944 = CARTESIAN_POINT('',(128.9,53.,1.));
#17945 = LINE('',#17946,#17947);
#17946 = CARTESIAN_POINT('',(128.9,53.,-1.));
#17947 = VECTOR('',#17948,1.);
#17948 = DIRECTION('',(0.,0.,1.));
#17949 = ORIENTED_EDGE('',*,*,#17950,.T.);
#17950 = EDGE_CURVE('',#17943,#17943,#17951,.T.);
#17951 = CIRCLE('',#17952,5.3);
#17952 = AXIS2_PLACEMENT_3D('',#17953,#17954,#17955);
#17953 = CARTESIAN_POINT('',(123.6,53.,1.));
#17954 = DIRECTION('',(0.,0.,1.));
#17955 = DIRECTION('',(1.,0.,0.));
#17956 = ORIENTED_EDGE('',*,*,#17942,.F.);
#17957 = ORIENTED_EDGE('',*,*,#17797,.T.);
#17958 = ORIENTED_EDGE('',*,*,#17777,.T.);
#17959 = CYLINDRICAL_SURFACE('',#17960,5.3);
#17960 = AXIS2_PLACEMENT_3D('',#17961,#17962,#17963);
#17961 = CARTESIAN_POINT('',(123.6,53.,-1.));
#17962 = DIRECTION('',(-0.,-0.,-1.));
#17963 = DIRECTION('',(1.,0.,0.));
#17964 = ADVANCED_FACE('',(#17965),#17968,.F.);
#17965 = FACE_BOUND('',#17966,.T.);
#17966 = EDGE_LOOP('',(#17967));
#17967 = ORIENTED_EDGE('',*,*,#17950,.F.);
#17968 = PLANE('',#17969);
#17969 = AXIS2_PLACEMENT_3D('',#17970,#17971,#17972);
#17970 = CARTESIAN_POINT('',(123.6,53.,1.));
#17971 = DIRECTION('',(0.,0.,1.));
#17972 = DIRECTION('',(1.,0.,0.));
#17973 = ADVANCED_FACE('',(#17974),#17993,.F.);
#17974 = FACE_BOUND('',#17975,.T.);
#17975 = EDGE_LOOP('',(#17976,#17977,#17985,#17992));
#17976 = ORIENTED_EDGE('',*,*,#17806,.T.);
#17977 = ORIENTED_EDGE('',*,*,#17978,.T.);
#17978 = EDGE_CURVE('',#17807,#17979,#17981,.T.);
#17979 = VERTEX_POINT('',#17980);
#17980 = CARTESIAN_POINT('',(1.3,-4.,1.));
#17981 = LINE('',#17982,#17983);
#17982 = CARTESIAN_POINT('',(1.3,-4.,-1.));
#17983 = VECTOR('',#17984,1.);
#17984 = DIRECTION('',(0.,0.,1.));
#17985 = ORIENTED_EDGE('',*,*,#17986,.T.);
#17986 = EDGE_CURVE('',#17979,#17979,#17987,.T.);
#17987 = CIRCLE('',#17988,5.3);
#17988 = AXIS2_PLACEMENT_3D('',#17989,#17990,#17991);
#17989 = CARTESIAN_POINT('',(-4.,-4.,1.));
#17990 = DIRECTION('',(0.,0.,1.));
#17991 = DIRECTION('',(1.,0.,0.));
#17992 = ORIENTED_EDGE('',*,*,#17978,.F.);
#17993 = CYLINDRICAL_SURFACE('',#17994,5.3);
#17994 = AXIS2_PLACEMENT_3D('',#17995,#17996,#17997);
#17995 = CARTESIAN_POINT('',(-4.,-4.,-1.));
#17996 = DIRECTION('',(-0.,-0.,-1.));
#17997 = DIRECTION('',(1.,0.,0.));
#17998 = ADVANCED_FACE('',(#17999),#18002,.F.);
#17999 = FACE_BOUND('',#18000,.T.);
#18000 = EDGE_LOOP('',(#18001));
#18001 = ORIENTED_EDGE('',*,*,#17986,.F.);
#18002 = PLANE('',#18003);
#18003 = AXIS2_PLACEMENT_3D('',#18004,#18005,#18006);
#18004 = CARTESIAN_POINT('',(-4.,-4.,1.));
#18005 = DIRECTION('',(0.,0.,1.));
#18006 = DIRECTION('',(1.,0.,0.));
#18007 = ADVANCED_FACE('',(#18008),#18027,.F.);
#18008 = FACE_BOUND('',#18009,.T.);
#18009 = EDGE_LOOP('',(#18010,#18011,#18019,#18026));
#18010 = ORIENTED_EDGE('',*,*,#17817,.T.);
#18011 = ORIENTED_EDGE('',*,*,#18012,.T.);
#18012 = EDGE_CURVE('',#17818,#18013,#18015,.T.);
#18013 = VERTEX_POINT('',#18014);
#18014 = CARTESIAN_POINT('',(20.3,20.,1.));
#18015 = LINE('',#18016,#18017);
#18016 = CARTESIAN_POINT('',(20.3,20.,-1.));
#18017 = VECTOR('',#18018,1.);
#18018 = DIRECTION('',(0.,0.,1.));
#18019 = ORIENTED_EDGE('',*,*,#18020,.T.);
#18020 = EDGE_CURVE('',#18013,#18013,#18021,.T.);
#18021 = CIRCLE('',#18022,5.3);
#18022 = AXIS2_PLACEMENT_3D('',#18023,#18024,#18025);
#18023 = CARTESIAN_POINT('',(15.,20.,1.));
#18024 = DIRECTION('',(0.,0.,1.));
#18025 = DIRECTION('',(1.,0.,0.));
#18026 = ORIENTED_EDGE('',*,*,#18012,.F.);
#18027 = CYLINDRICAL_SURFACE('',#18028,5.3);
#18028 = AXIS2_PLACEMENT_3D('',#18029,#18030,#18031);
#18029 = CARTESIAN_POINT('',(15.,20.,-1.));
#18030 = DIRECTION('',(-0.,-0.,-1.));
#18031 = DIRECTION('',(1.,0.,0.));
#18032 = ADVANCED_FACE('',(#18033),#18036,.F.);
#18033 = FACE_BOUND('',#18034,.T.);
#18034 = EDGE_LOOP('',(#18035));
#18035 = ORIENTED_EDGE('',*,*,#18020,.F.);
#18036 = PLANE('',#18037);
#18037 = AXIS2_PLACEMENT_3D('',#18038,#18039,#18040);
#18038 = CARTESIAN_POINT('',(15.,20.,1.));
#18039 = DIRECTION('',(0.,0.,1.));
#18040 = DIRECTION('',(1.,0.,0.));
#18041 = ADVANCED_FACE('',(#18042),#18061,.F.);
#18042 = FACE_BOUND('',#18043,.T.);
#18043 = EDGE_LOOP('',(#18044,#18045,#18053,#18060));
#18044 = ORIENTED_EDGE('',*,*,#17828,.T.);
#18045 = ORIENTED_EDGE('',*,*,#18046,.T.);
#18046 = EDGE_CURVE('',#17829,#18047,#18049,.T.);
#18047 = VERTEX_POINT('',#18048);
#18048 = CARTESIAN_POINT('',(117.,-31.7,1.));
#18049 = LINE('',#18050,#18051);
#18050 = CARTESIAN_POINT('',(117.,-31.7,-1.));
#18051 = VECTOR('',#18052,1.);
#18052 = DIRECTION('',(0.,0.,1.));
#18053 = ORIENTED_EDGE('',*,*,#18054,.T.);
#18054 = EDGE_CURVE('',#18047,#18047,#18055,.T.);
#18055 = CIRCLE('',#18056,5.3);
#18056 = AXIS2_PLACEMENT_3D('',#18057,#18058,#18059);
#18057 = CARTESIAN_POINT('',(111.7,-31.7,1.));
#18058 = DIRECTION('',(0.,0.,1.));
#18059 = DIRECTION('',(1.,0.,0.));
#18060 = ORIENTED_EDGE('',*,*,#18046,.F.);
#18061 = CYLINDRICAL_SURFACE('',#18062,5.3);
#18062 = AXIS2_PLACEMENT_3D('',#18063,#18064,#18065);
#18063 = CARTESIAN_POINT('',(111.7,-31.7,-1.));
#18064 = DIRECTION('',(-0.,-0.,-1.));
#18065 = DIRECTION('',(1.,0.,0.));
#18066 = ADVANCED_FACE('',(#18067),#18070,.F.);
#18067 = FACE_BOUND('',#18068,.T.);
#18068 = EDGE_LOOP('',(#18069));
#18069 = ORIENTED_EDGE('',*,*,#18054,.F.);
#18070 = PLANE('',#18071);
#18071 = AXIS2_PLACEMENT_3D('',#18072,#18073,#18074);
#18072 = CARTESIAN_POINT('',(111.7,-31.7,1.));
#18073 = DIRECTION('',(0.,0.,1.));
#18074 = DIRECTION('',(1.,0.,0.));
#18075 = ADVANCED_FACE('',(#18076),#18095,.F.);
#18076 = FACE_BOUND('',#18077,.T.);
#18077 = EDGE_LOOP('',(#18078,#18079,#18087,#18094));
#18078 = ORIENTED_EDGE('',*,*,#17839,.T.);
#18079 = ORIENTED_EDGE('',*,*,#18080,.T.);
#18080 = EDGE_CURVE('',#17840,#18081,#18083,.T.);
#18081 = VERTEX_POINT('',#18082);
#18082 = CARTESIAN_POINT('',(76.8,-15.5,1.));
#18083 = LINE('',#18084,#18085);
#18084 = CARTESIAN_POINT('',(76.8,-15.5,-1.));
#18085 = VECTOR('',#18086,1.);
#18086 = DIRECTION('',(0.,0.,1.));
#18087 = ORIENTED_EDGE('',*,*,#18088,.T.);
#18088 = EDGE_CURVE('',#18081,#18081,#18089,.T.);
#18089 = CIRCLE('',#18090,5.3);
#18090 = AXIS2_PLACEMENT_3D('',#18091,#18092,#18093);
#18091 = CARTESIAN_POINT('',(71.5,-15.5,1.));
#18092 = DIRECTION('',(0.,0.,1.));
#18093 = DIRECTION('',(1.,0.,0.));
#18094 = ORIENTED_EDGE('',*,*,#18080,.F.);
#18095 = CYLINDRICAL_SURFACE('',#18096,5.3);
#18096 = AXIS2_PLACEMENT_3D('',#18097,#18098,#18099);
#18097 = CARTESIAN_POINT('',(71.5,-15.5,-1.));
#18098 = DIRECTION('',(-0.,-0.,-1.));
#18099 = DIRECTION('',(1.,0.,0.));
#18100 = ADVANCED_FACE('',(#18101),#18104,.F.);
#18101 = FACE_BOUND('',#18102,.T.);
#18102 = EDGE_LOOP('',(#18103));
#18103 = ORIENTED_EDGE('',*,*,#18088,.F.);
#18104 = PLANE('',#18105);
#18105 = AXIS2_PLACEMENT_3D('',#18106,#18107,#18108);
#18106 = CARTESIAN_POINT('',(71.5,-15.5,1.));
#18107 = DIRECTION('',(0.,0.,1.));
#18108 = DIRECTION('',(1.,0.,0.));
#18109 = ADVANCED_FACE('',(#18110),#18129,.F.);
#18110 = FACE_BOUND('',#18111,.T.);
#18111 = EDGE_LOOP('',(#18112,#18113,#18121,#18128));
#18112 = ORIENTED_EDGE('',*,*,#17850,.T.);
#18113 = ORIENTED_EDGE('',*,*,#18114,.T.);
#18114 = EDGE_CURVE('',#17851,#18115,#18117,.T.);
#18115 = VERTEX_POINT('',#18116);
#18116 = CARTESIAN_POINT('',(1.3,42.,1.));
#18117 = LINE('',#18118,#18119);
#18118 = CARTESIAN_POINT('',(1.3,42.,-1.));
#18119 = VECTOR('',#18120,1.);
#18120 = DIRECTION('',(0.,0.,1.));
#18121 = ORIENTED_EDGE('',*,*,#18122,.T.);
#18122 = EDGE_CURVE('',#18115,#18115,#18123,.T.);
#18123 = CIRCLE('',#18124,5.3);
#18124 = AXIS2_PLACEMENT_3D('',#18125,#18126,#18127);
#18125 = CARTESIAN_POINT('',(-4.,42.,1.));
#18126 = DIRECTION('',(0.,0.,1.));
#18127 = DIRECTION('',(1.,0.,0.));
#18128 = ORIENTED_EDGE('',*,*,#18114,.F.);
#18129 = CYLINDRICAL_SURFACE('',#18130,5.3);
#18130 = AXIS2_PLACEMENT_3D('',#18131,#18132,#18133);
#18131 = CARTESIAN_POINT('',(-4.,42.,-1.));
#18132 = DIRECTION('',(-0.,-0.,-1.));
#18133 = DIRECTION('',(1.,0.,0.));
#18134 = ADVANCED_FACE('',(#18135),#18138,.F.);
#18135 = FACE_BOUND('',#18136,.T.);
#18136 = EDGE_LOOP('',(#18137));
#18137 = ORIENTED_EDGE('',*,*,#18122,.F.);
#18138 = PLANE('',#18139);
#18139 = AXIS2_PLACEMENT_3D('',#18140,#18141,#18142);
#18140 = CARTESIAN_POINT('',(-4.,42.,1.));
#18141 = DIRECTION('',(0.,0.,1.));
#18142 = DIRECTION('',(1.,0.,0.));
#18143 = ADVANCED_FACE('',(#18144),#18163,.F.);
#18144 = FACE_BOUND('',#18145,.T.);
#18145 = EDGE_LOOP('',(#18146,#18147,#18155,#18162));
#18146 = ORIENTED_EDGE('',*,*,#17861,.T.);
#18147 = ORIENTED_EDGE('',*,*,#18148,.T.);
#18148 = EDGE_CURVE('',#17862,#18149,#18151,.T.);
#18149 = VERTEX_POINT('',#18150);
#18150 = CARTESIAN_POINT('',(122.2,9.65,1.));
#18151 = LINE('',#18152,#18153);
#18152 = CARTESIAN_POINT('',(122.2,9.65,-1.));
#18153 = VECTOR('',#18154,1.);
#18154 = DIRECTION('',(0.,0.,1.));
#18155 = ORIENTED_EDGE('',*,*,#18156,.T.);
#18156 = EDGE_CURVE('',#18149,#18149,#18157,.T.);
#18157 = CIRCLE('',#18158,5.3);
#18158 = AXIS2_PLACEMENT_3D('',#18159,#18160,#18161);
#18159 = CARTESIAN_POINT('',(116.9,9.65,1.));
#18160 = DIRECTION('',(0.,0.,1.));
#18161 = DIRECTION('',(1.,0.,0.));
#18162 = ORIENTED_EDGE('',*,*,#18148,.F.);
#18163 = CYLINDRICAL_SURFACE('',#18164,5.3);
#18164 = AXIS2_PLACEMENT_3D('',#18165,#18166,#18167);
#18165 = CARTESIAN_POINT('',(116.9,9.65,-1.));
#18166 = DIRECTION('',(-0.,-0.,-1.));
#18167 = DIRECTION('',(1.,0.,0.));
#18168 = ADVANCED_FACE('',(#18169),#18172,.F.);
#18169 = FACE_BOUND('',#18170,.T.);
#18170 = EDGE_LOOP('',(#18171));
#18171 = ORIENTED_EDGE('',*,*,#18156,.F.);
#18172 = PLANE('',#18173);
#18173 = AXIS2_PLACEMENT_3D('',#18174,#18175,#18176);
#18174 = CARTESIAN_POINT('',(116.9,9.65,1.));
#18175 = DIRECTION('',(0.,0.,1.));
#18176 = DIRECTION('',(1.,0.,0.));
#18177 = ADVANCED_FACE('',(#18178),#18199,.F.);
#18178 = FACE_BOUND('',#18179,.T.);
#18179 = EDGE_LOOP('',(#18180,#18181,#18189,#18196,#18197,#18198));
#18180 = ORIENTED_EDGE('',*,*,#17883,.T.);
#18181 = ORIENTED_EDGE('',*,*,#18182,.T.);
#18182 = EDGE_CURVE('',#17884,#18183,#18185,.T.);
#18183 = VERTEX_POINT('',#18184);
#18184 = CARTESIAN_POINT('',(43.4,58.,1.));
#18185 = LINE('',#18186,#18187);
#18186 = CARTESIAN_POINT('',(43.4,58.,-1.));
#18187 = VECTOR('',#18188,1.);
#18188 = DIRECTION('',(0.,0.,1.));
#18189 = ORIENTED_EDGE('',*,*,#18190,.T.);
#18190 = EDGE_CURVE('',#18183,#18183,#18191,.T.);
#18191 = CIRCLE('',#18192,5.3);
#18192 = AXIS2_PLACEMENT_3D('',#18193,#18194,#18195);
#18193 = CARTESIAN_POINT('',(38.1,58.,1.));
#18194 = DIRECTION('',(0.,0.,1.));
#18195 = DIRECTION('',(1.,0.,0.));
#18196 = ORIENTED_EDGE('',*,*,#18182,.F.);
#18197 = ORIENTED_EDGE('',*,*,#17892,.T.);
#18198 = ORIENTED_EDGE('',*,*,#17872,.T.);
#18199 = CYLINDRICAL_SURFACE('',#18200,5.3);
#18200 = AXIS2_PLACEMENT_3D('',#18201,#18202,#18203);
#18201 = CARTESIAN_POINT('',(38.1,58.,-1.));
#18202 = DIRECTION('',(-0.,-0.,-1.));
#18203 = DIRECTION('',(1.,0.,0.));
#18204 = ADVANCED_FACE('',(#18205),#18208,.F.);
#18205 = FACE_BOUND('',#18206,.T.);
#18206 = EDGE_LOOP('',(#18207));
#18207 = ORIENTED_EDGE('',*,*,#18190,.F.);
#18208 = PLANE('',#18209);
#18209 = AXIS2_PLACEMENT_3D('',#18210,#18211,#18212);
#18210 = CARTESIAN_POINT('',(38.1,58.,1.));
#18211 = DIRECTION('',(0.,0.,1.));
#18212 = DIRECTION('',(1.,0.,0.));
#18213 = ADVANCED_FACE('',(#18214),#18222,.T.);
#18214 = FACE_BOUND('',#18215,.F.);
#18215 = EDGE_LOOP('',(#18216,#18217,#18218,#18219,#18220,#18221));
#18216 = ORIENTED_EDGE('',*,*,#1767,.T.);
#18217 = ORIENTED_EDGE('',*,*,#1570,.T.);
#18218 = ORIENTED_EDGE('',*,*,#140,.T.);
#18219 = ORIENTED_EDGE('',*,*,#1688,.F.);
#18220 = ORIENTED_EDGE('',*,*,#6299,.T.);
#18221 = ORIENTED_EDGE('',*,*,#6308,.T.);
#18222 = CYLINDRICAL_SURFACE('',#18223,3.);
#18223 = AXIS2_PLACEMENT_3D('',#18224,#18225,#18226);
#18224 = CARTESIAN_POINT('',(112.3,-46.3,0.));
#18225 = DIRECTION('',(-0.,-0.,-1.));
#18226 = DIRECTION('',(1.,0.,0.));
#18227 = ADVANCED_FACE('',(#18228),#18236,.T.);
#18228 = FACE_BOUND('',#18229,.F.);
#18229 = EDGE_LOOP('',(#18230,#18231,#18232,#18233,#18234,#18235));
#18230 = ORIENTED_EDGE('',*,*,#3142,.F.);
#18231 = ORIENTED_EDGE('',*,*,#9120,.T.);
#18232 = ORIENTED_EDGE('',*,*,#9129,.T.);
#18233 = ORIENTED_EDGE('',*,*,#3055,.T.);
#18234 = ORIENTED_EDGE('',*,*,#375,.T.);
#18235 = ORIENTED_EDGE('',*,*,#384,.T.);
#18236 = CYLINDRICAL_SURFACE('',#18237,3.);
#18237 = AXIS2_PLACEMENT_3D('',#18238,#18239,#18240);
#18238 = CARTESIAN_POINT('',(123.4,2.8,0.));
#18239 = DIRECTION('',(-0.,-0.,-1.));
#18240 = DIRECTION('',(1.,0.,0.));
#18241 = ADVANCED_FACE('',(#18242),#18250,.T.);
#18242 = FACE_BOUND('',#18243,.F.);
#18243 = EDGE_LOOP('',(#18244,#18245,#18246,#18247,#18248,#18249));
#18244 = ORIENTED_EDGE('',*,*,#4254,.T.);
#18245 = ORIENTED_EDGE('',*,*,#1168,.T.);
#18246 = ORIENTED_EDGE('',*,*,#1177,.T.);
#18247 = ORIENTED_EDGE('',*,*,#4086,.F.);
#18248 = ORIENTED_EDGE('',*,*,#9449,.T.);
#18249 = ORIENTED_EDGE('',*,*,#9458,.T.);
#18250 = CYLINDRICAL_SURFACE('',#18251,3.);
#18251 = AXIS2_PLACEMENT_3D('',#18252,#18253,#18254);
#18252 = CARTESIAN_POINT('',(0.,-11.5,0.));
#18253 = DIRECTION('',(-0.,-0.,-1.));
#18254 = DIRECTION('',(1.,0.,0.));
#18255 = ADVANCED_FACE('',(#18256),#18264,.T.);
#18256 = FACE_BOUND('',#18257,.F.);
#18257 = EDGE_LOOP('',(#18258,#18259,#18260,#18261,#18262,#18263));
#18258 = ORIENTED_EDGE('',*,*,#4293,.F.);
#18259 = ORIENTED_EDGE('',*,*,#9492,.T.);
#18260 = ORIENTED_EDGE('',*,*,#9501,.T.);
#18261 = ORIENTED_EDGE('',*,*,#4191,.T.);
#18262 = ORIENTED_EDGE('',*,*,#554,.T.);
#18263 = ORIENTED_EDGE('',*,*,#563,.T.);
#18264 = CYLINDRICAL_SURFACE('',#18265,3.);
#18265 = AXIS2_PLACEMENT_3D('',#18266,#18267,#18268);
#18266 = CARTESIAN_POINT('',(76.2,57.1,0.));
#18267 = DIRECTION('',(-0.,-0.,-1.));
#18268 = DIRECTION('',(1.,0.,0.));
#18269 = ADVANCED_FACE('',(#18270),#18278,.T.);
#18270 = FACE_BOUND('',#18271,.F.);
#18271 = EDGE_LOOP('',(#18272,#18273,#18274,#18275,#18276,#18277));
#18272 = ORIENTED_EDGE('',*,*,#4852,.T.);
#18273 = ORIENTED_EDGE('',*,*,#1070,.T.);
#18274 = ORIENTED_EDGE('',*,*,#1079,.T.);
#18275 = ORIENTED_EDGE('',*,*,#4693,.F.);
#18276 = ORIENTED_EDGE('',*,*,#9784,.T.);
#18277 = ORIENTED_EDGE('',*,*,#9793,.T.);
#18278 = CYLINDRICAL_SURFACE('',#18279,3.);
#18279 = AXIS2_PLACEMENT_3D('',#18280,#18281,#18282);
#18280 = CARTESIAN_POINT('',(-11.5,22.,0.));
#18281 = DIRECTION('',(-0.,-0.,-1.));
#18282 = DIRECTION('',(1.,0.,0.));
#18283 = ADVANCED_FACE('',(#18284),#18292,.T.);
#18284 = FACE_BOUND('',#18285,.F.);
#18285 = EDGE_LOOP('',(#18286,#18287,#18288,#18289,#18290,#18291));
#18286 = ORIENTED_EDGE('',*,*,#5451,.F.);
#18287 = ORIENTED_EDGE('',*,*,#9812,.T.);
#18288 = ORIENTED_EDGE('',*,*,#9821,.T.);
#18289 = ORIENTED_EDGE('',*,*,#5340,.T.);
#18290 = ORIENTED_EDGE('',*,*,#740,.T.);
#18291 = ORIENTED_EDGE('',*,*,#749,.T.);
#18292 = CYLINDRICAL_SURFACE('',#18293,3.);
#18293 = AXIS2_PLACEMENT_3D('',#18294,#18295,#18296);
#18294 = CARTESIAN_POINT('',(38.1,66.,0.));
#18295 = DIRECTION('',(-0.,-0.,-1.));
#18296 = DIRECTION('',(1.,0.,0.));
#18297 = ADVANCED_FACE('',(#18298),#18306,.F.);
#18298 = FACE_BOUND('',#18299,.T.);
#18299 = EDGE_LOOP('',(#18300,#18301,#18302,#18303,#18304,#18305));
#18300 = ORIENTED_EDGE('',*,*,#9363,.T.);
#18301 = ORIENTED_EDGE('',*,*,#9242,.F.);
#18302 = ORIENTED_EDGE('',*,*,#7048,.F.);
#18303 = ORIENTED_EDGE('',*,*,#7039,.F.);
#18304 = ORIENTED_EDGE('',*,*,#3639,.T.);
#18305 = ORIENTED_EDGE('',*,*,#9354,.T.);
#18306 = CYLINDRICAL_SURFACE('',#18307,2.);
#18307 = AXIS2_PLACEMENT_3D('',#18308,#18309,#18310);
#18308 = CARTESIAN_POINT('',(123.9,60.5,4.9));
#18309 = DIRECTION('',(-0.,-0.,-1.));
#18310 = DIRECTION('',(1.,0.,0.));
#18311 = ( GEOMETRIC_REPRESENTATION_CONTEXT(3) 
GLOBAL_UNCERTAINTY_ASSIGNED_CONTEXT((#18315)) 
GLOBAL_UNIT_ASSIGNED_CONTEXT((#18312,#18313,#18314)) 
REPRESENTATION_CONTEXT('Context #1',
  '3D Context with UNIT and UNCERTAINTY') );
#18312 = ( LENGTH_UNIT() NAMED_UNIT(*) SI_UNIT(.MILLI.,.METRE.) );
#18313 = ( NAMED_UNIT(*) PLANE_ANGLE_UNIT() SI_UNIT($,.RADIAN.) );
#18314 = ( NAMED_UNIT(*) SI_UNIT($,.STERADIAN.) SOLID_ANGLE_UNIT() );
#18315 = UNCERTAINTY_MEASURE_WITH_UNIT(LENGTH_MEASURE(2.E-05),#18312,
  'distance_accuracy_value','confusion accuracy');
#18316 = PRODUCT_RELATED_PRODUCT_CATEGORY('part',$,(#7));
ENDSEC;
END-ISO-10303-21;
