ISO-10303-21;
HEADER;
FILE_DESCRIPTION(('FreeCAD Model'),'2;1');
FILE_NAME('Open CASCADE Shape Model','2026-08-23T17:28:25',('FreeCAD'),(
    'FreeCAD'),'Open CASCADE STEP processor 7.8','FreeCAD','Unknown');
FILE_SCHEMA(('AUTOMOTIVE_DESIGN { 1 0 10303 214 1 1 1 1 }'));
ENDSEC;
DATA;
#1 = APPLICATION_PROTOCOL_DEFINITION('international standard',
  'automotive_design',2000,#2);
#2 = APPLICATION_CONTEXT(
  'core data for automotive mechanical design processes');
#3 = SHAPE_DEFINITION_REPRESENTATION(#4,#10);
#4 = PRODUCT_DEFINITION_SHAPE('','',#5);
#5 = PRODUCT_DEFINITION('design','',#6,#9);
#6 = PRODUCT_DEFINITION_FORMATION('','',#7);
#7 = PRODUCT('Open CASCADE STEP translator 7.8 1',
  'Open CASCADE STEP translator 7.8 1','',(#8));
#8 = PRODUCT_CONTEXT('',#2,'mechanical');
#9 = PRODUCT_DEFINITION_CONTEXT('part definition',#2,'design');
#10 = ADVANCED_BREP_SHAPE_REPRESENTATION('',(#11,#15),#18528);
#11 = AXIS2_PLACEMENT_3D('',#12,#13,#14);
#12 = CARTESIAN_POINT('',(0.,0.,0.));
#13 = DIRECTION('',(0.,0.,1.));
#14 = DIRECTION('',(1.,0.,-0.));
#15 = MANIFOLD_SOLID_BREP('',#16);
#16 = CLOSED_SHELL('',(#17,#57,#90,#123,#4101,#4125,#4149,#4191,#4238,
    #4263,#4287,#4312,#4336,#4360,#4384,#4408,#4432,#4457,#4481,#4506,
    #4530,#4555,#4579,#4604,#4628,#4653,#4677,#4702,#4726,#4751,#4775,
    #4800,#4824,#4849,#4873,#4897,#4921,#4945,#4969,#4993,#5017,#5041,
    #5065,#5089,#5113,#5137,#5161,#5185,#5209,#5233,#5257,#5282,#5306,
    #5331,#5355,#5380,#5404,#5429,#5453,#5478,#5502,#5527,#5551,#5576,
    #5600,#5625,#5649,#5674,#5698,#5723,#5747,#5772,#5796,#5821,#5845,
    #5870,#5894,#5919,#5943,#5967,#5991,#6015,#6039,#6063,#6087,#6111,
    #6136,#6160,#6185,#6209,#6234,#6258,#6283,#6307,#6332,#6356,#6381,
    #6405,#6430,#6454,#6479,#6503,#6528,#6584,#6609,#6633,#6658,#6682,
    #6707,#6731,#6756,#6780,#6805,#6829,#6854,#6878,#6903,#6927,#6952,
    #6976,#7001,#7025,#7049,#7073,#7097,#7121,#7145,#7169,#7193,#7217,
    #7242,#7266,#7291,#7315,#7340,#7364,#7389,#7413,#7438,#7462,#7487,
    #7511,#7536,#7560,#7585,#7609,#7633,#7657,#7681,#7705,#7729,#7753,
    #7777,#7802,#7826,#7851,#7875,#7900,#7924,#7949,#7973,#7998,#8022,
    #8047,#8103,#8128,#8152,#8177,#8201,#8226,#8250,#8275,#8299,#8324,
    #8348,#8373,#8397,#8422,#8446,#8470,#8494,#8518,#8542,#8566,#8590,
    #8615,#8639,#8664,#8688,#8713,#8737,#8762,#8786,#8811,#8835,#8859,
    #8883,#8907,#8963,#8987,#9011,#9035,#9059,#9083,#9108,#9132,#9157,
    #9181,#9206,#9230,#9255,#9279,#9304,#9328,#9370,#9417,#9442,#9466,
    #9491,#9515,#9540,#9564,#9589,#9613,#9638,#9662,#9687,#9711,#9736,
    #9760,#9785,#9809,#9834,#9858,#9883,#9907,#9932,#9972,#10019,#10044,
    #10068,#10092,#10116,#10140,#10164,#10188,#10212,#10236,#10260,
    #10284,#10308,#10332,#10356,#10380,#10404,#10428,#10453,#10477,
    #10502,#10526,#10550,#10575,#10599,#10624,#10648,#10673,#10697,
    #10722,#10746,#10771,#10795,#10820,#10844,#10869,#10893,#10918,
    #10942,#10967,#10991,#11016,#11040,#11065,#11089,#11114,#11138,
    #11163,#11187,#11212,#11236,#11254,#11278,#11296,#11321,#11345,
    #11370,#11394,#11412,#11437,#11461,#11486,#11503,#11534,#11574,
    #11598,#11622,#11646,#11670,#11694,#11718,#11742,#11766,#11790,
    #11814,#11838,#11862,#11886,#11910,#11934,#11958,#11982,#12006,
    #12030,#12054,#12078,#12102,#12126,#12150,#12174,#12198,#12222,
    #12246,#12270,#12294,#12318,#12374,#12398,#12422,#12446,#12470,
    #12510,#12534,#12574,#12598,#12622,#12646,#12670,#12710,#12734,
    #12774,#12798,#12822,#12846,#12902,#12926,#12950,#12974,#12998,
    #13022,#13046,#13070,#13094,#13118,#13174,#13214,#13254,#13278,
    #13302,#13326,#13350,#13374,#13398,#13422,#13446,#13470,#13494,
    #13518,#13542,#13566,#13590,#13614,#13638,#13662,#13686,#13710,
    #13798,#13822,#13846,#13870,#13894,#13918,#13942,#13966,#13990,
    #14014,#14038,#14062,#14086,#14110,#14134,#14158,#14182,#14206,
    #14230,#14254,#14278,#14302,#14326,#14350,#14374,#14398,#14422,
    #14446,#14470,#14494,#14518,#14542,#14566,#14590,#14614,#14638,
    #14662,#14686,#14774,#14798,#14822,#14846,#14870,#14894,#14918,
    #14942,#14966,#15022,#15046,#15086,#15126,#15150,#15174,#15198,
    #15222,#15246,#15270,#15294,#15318,#15342,#15366,#15390,#15414,
    #15438,#15462,#15486,#15510,#15534,#15558,#15582,#15606,#15630,
    #15654,#15678,#15702,#15726,#15750,#15774,#15798,#15822,#15846,
    #15870,#15894,#15918,#15942,#15966,#15990,#16014,#16038,#16062,
    #16086,#16110,#16134,#16158,#16182,#16206,#16230,#16270,#16310,
    #16334,#16358,#16382,#16415,#16439,#16452,#16476,#16486,#16510,
    #16520,#16544,#16554,#16578,#16593,#16615,#16633,#16669,#16975,
    #16987,#17005,#17025,#17068,#17084,#17102,#17122,#17165,#17180,
    #17223,#17258,#17269,#17311,#17346,#17356,#17398,#17433,#17443,
    #17486,#17521,#17533,#17568,#17582,#17607,#17638,#17662,#17686,
    #17703,#17712,#17721,#17730,#17739,#17748,#17757,#17766,#17786,
    #17798,#17823,#17832,#18232,#18257,#18266,#18291,#18300,#18325,
    #18334,#18359,#18368,#18393,#18402,#18427,#18436,#18463,#18472,
    #18486,#18500,#18514));
#17 = ADVANCED_FACE('',(#18),#52,.F.);
#18 = FACE_BOUND('',#19,.T.);
#19 = EDGE_LOOP('',(#20,#30,#38,#46));
#20 = ORIENTED_EDGE('',*,*,#21,.T.);
#21 = EDGE_CURVE('',#22,#24,#26,.T.);
#22 = VERTEX_POINT('',#23);
#23 = CARTESIAN_POINT('',(-113.9759864913,-51.00637446042,0.));
#24 = VERTEX_POINT('',#25);
#25 = CARTESIAN_POINT('',(-113.9759864913,-51.00637446042,11.2));
#26 = LINE('',#27,#28);
#27 = CARTESIAN_POINT('',(-113.9759864913,-51.00637446042,0.));
#28 = VECTOR('',#29,1.);
#29 = DIRECTION('',(0.,0.,1.));
#30 = ORIENTED_EDGE('',*,*,#31,.T.);
#31 = EDGE_CURVE('',#24,#32,#34,.T.);
#32 = VERTEX_POINT('',#33);
#33 = CARTESIAN_POINT('',(-114.7279864913,-50.78207446042,11.2));
#34 = LINE('',#35,#36);
#35 = CARTESIAN_POINT('',(-113.9759864913,-51.00637446042,11.2));
#36 = VECTOR('',#37,1.);
#37 = DIRECTION('',(-0.958281025178,0.285827704717,0.));
#38 = ORIENTED_EDGE('',*,*,#39,.F.);
#39 = EDGE_CURVE('',#40,#32,#42,.T.);
#40 = VERTEX_POINT('',#41);
#41 = CARTESIAN_POINT('',(-114.7279864913,-50.78207446042,0.));
#42 = LINE('',#43,#44);
#43 = CARTESIAN_POINT('',(-114.7279864913,-50.78207446042,0.));
#44 = VECTOR('',#45,1.);
#45 = DIRECTION('',(0.,0.,1.));
#46 = ORIENTED_EDGE('',*,*,#47,.F.);
#47 = EDGE_CURVE('',#22,#40,#48,.T.);
#48 = LINE('',#49,#50);
#49 = CARTESIAN_POINT('',(-113.9759864913,-51.00637446042,0.));
#50 = VECTOR('',#51,1.);
#51 = DIRECTION('',(-0.958281025178,0.285827704717,0.));
#52 = PLANE('',#53);
#53 = AXIS2_PLACEMENT_3D('',#54,#55,#56);
#54 = CARTESIAN_POINT('',(-113.9759864913,-51.00637446042,0.));
#55 = DIRECTION('',(0.285827704717,0.958281025178,0.));
#56 = DIRECTION('',(0.958281025178,-0.285827704717,0.));
#57 = ADVANCED_FACE('',(#58),#85,.T.);
#58 = FACE_BOUND('',#59,.F.);
#59 = EDGE_LOOP('',(#60,#61,#70,#78));
#60 = ORIENTED_EDGE('',*,*,#21,.T.);
#61 = ORIENTED_EDGE('',*,*,#62,.T.);
#62 = EDGE_CURVE('',#24,#63,#65,.T.);
#63 = VERTEX_POINT('',#64);
#64 = CARTESIAN_POINT('',(-113.5151564241,-51.0959151135,11.2));
#65 = CIRCLE('',#66,2.4);
#66 = AXIS2_PLACEMENT_3D('',#67,#68,#69);
#67 = CARTESIAN_POINT('',(-113.29,-48.7065,11.2));
#68 = DIRECTION('',(0.,-0.,1.));
#69 = DIRECTION('',(-0.958281025178,0.285827704717,0.));
#70 = ORIENTED_EDGE('',*,*,#71,.F.);
#71 = EDGE_CURVE('',#72,#63,#74,.T.);
#72 = VERTEX_POINT('',#73);
#73 = CARTESIAN_POINT('',(-113.5151564241,-51.0959151135,0.));
#74 = LINE('',#75,#76);
#75 = CARTESIAN_POINT('',(-113.5151564241,-51.0959151135,0.));
#76 = VECTOR('',#77,1.);
#77 = DIRECTION('',(0.,0.,1.));
#78 = ORIENTED_EDGE('',*,*,#79,.F.);
#79 = EDGE_CURVE('',#22,#72,#80,.T.);
#80 = CIRCLE('',#81,2.4);
#81 = AXIS2_PLACEMENT_3D('',#82,#83,#84);
#82 = CARTESIAN_POINT('',(-113.29,-48.7065,0.));
#83 = DIRECTION('',(0.,-0.,1.));
#84 = DIRECTION('',(-0.958281025178,0.285827704717,0.));
#85 = CYLINDRICAL_SURFACE('',#86,2.4);
#86 = AXIS2_PLACEMENT_3D('',#87,#88,#89);
#87 = CARTESIAN_POINT('',(-113.29,-48.7065,0.));
#88 = DIRECTION('',(-0.,-0.,-1.));
#89 = DIRECTION('',(-0.958281025178,0.285827704717,0.));
#90 = ADVANCED_FACE('',(#91),#118,.T.);
#91 = FACE_BOUND('',#92,.F.);
#92 = EDGE_LOOP('',(#93,#103,#110,#111));
#93 = ORIENTED_EDGE('',*,*,#94,.T.);
#94 = EDGE_CURVE('',#95,#97,#99,.T.);
#95 = VERTEX_POINT('',#96);
#96 = CARTESIAN_POINT('',(-115.1644945095,-50.60352177567,0.));
#97 = VERTEX_POINT('',#98);
#98 = CARTESIAN_POINT('',(-115.1644945095,-50.60352177567,11.2));
#99 = LINE('',#100,#101);
#100 = CARTESIAN_POINT('',(-115.1644945095,-50.60352177567,0.));
#101 = VECTOR('',#102,1.);
#102 = DIRECTION('',(0.,0.,1.));
#103 = ORIENTED_EDGE('',*,*,#104,.T.);
#104 = EDGE_CURVE('',#97,#32,#105,.T.);
#105 = CIRCLE('',#106,2.4);
#106 = AXIS2_PLACEMENT_3D('',#107,#108,#109);
#107 = CARTESIAN_POINT('',(-114.042,-48.4822,11.2));
#108 = DIRECTION('',(0.,-0.,1.));
#109 = DIRECTION('',(-0.883884073198,0.467706045659,0.));
#110 = ORIENTED_EDGE('',*,*,#39,.F.);
#111 = ORIENTED_EDGE('',*,*,#112,.F.);
#112 = EDGE_CURVE('',#95,#40,#113,.T.);
#113 = CIRCLE('',#114,2.4);
#114 = AXIS2_PLACEMENT_3D('',#115,#116,#117);
#115 = CARTESIAN_POINT('',(-114.042,-48.4822,0.));
#116 = DIRECTION('',(0.,-0.,1.));
#117 = DIRECTION('',(-0.883884073198,0.467706045659,0.));
#118 = CYLINDRICAL_SURFACE('',#119,2.4);
#119 = AXIS2_PLACEMENT_3D('',#120,#121,#122);
#120 = CARTESIAN_POINT('',(-114.042,-48.4822,0.));
#121 = DIRECTION('',(-0.,-0.,-1.));
#122 = DIRECTION('',(-0.883884073198,0.467706045659,0.));
#123 = ADVANCED_FACE('',(#124,#2606),#4096,.T.);
#124 = FACE_BOUND('',#125,.F.);
#125 = EDGE_LOOP('',(#126,#127,#128,#136,#145,#153,#162,#170,#179,#187,
    #196,#204,#213,#221,#230,#238,#247,#255,#264,#272,#281,#289,#298,
    #306,#315,#323,#332,#340,#349,#357,#366,#374,#383,#391,#399,#408,
    #416,#425,#433,#441,#449,#457,#465,#473,#481,#489,#497,#505,#513,
    #521,#529,#537,#545,#553,#562,#570,#579,#587,#596,#604,#613,#621,
    #630,#638,#647,#655,#664,#672,#681,#689,#698,#706,#715,#723,#732,
    #740,#749,#757,#766,#774,#783,#791,#800,#808,#817,#825,#834,#842,
    #851,#859,#868,#876,#885,#893,#902,#910,#919,#927,#936,#944,#952,
    #960,#968,#976,#984,#992,#1000,#1008,#1016,#1025,#1033,#1042,#1050,
    #1059,#1067,#1076,#1084,#1093,#1101,#1109,#1117,#1125,#1133,#1141,
    #1149,#1158,#1166,#1175,#1183,#1192,#1200,#1209,#1217,#1226,#1234,
    #1243,#1251,#1260,#1268,#1277,#1285,#1294,#1302,#1311,#1319,#1328,
    #1336,#1345,#1353,#1362,#1370,#1378,#1386,#1394,#1402,#1410,#1418,
    #1426,#1435,#1443,#1452,#1460,#1469,#1477,#1486,#1494,#1503,#1511,
    #1520,#1528,#1537,#1545,#1554,#1562,#1570,#1578,#1586,#1594,#1602,
    #1610,#1618,#1626,#1635,#1643,#1652,#1660,#1669,#1677,#1686,#1694,
    #1703,#1711,#1720,#1728,#1737,#1745,#1754,#1762,#1771,#1779,#1788,
    #1796,#1805,#1813,#1822,#1830,#1839,#1847,#1856,#1864,#1873,#1881,
    #1890,#1898,#1907,#1915,#1924,#1932,#1940,#1948,#1956,#1964,#1972,
    #1980,#1988,#1997,#2005,#2014,#2022,#2031,#2039,#2048,#2056,#2065,
    #2073,#2082,#2090,#2099,#2107,#2116,#2124,#2133,#2141,#2150,#2158,
    #2167,#2175,#2184,#2192,#2201,#2209,#2218,#2226,#2234,#2242,#2250,
    #2258,#2266,#2274,#2282,#2290,#2298,#2306,#2314,#2322,#2330,#2338,
    #2346,#2354,#2363,#2371,#2380,#2388,#2397,#2405,#2414,#2422,#2431,
    #2439,#2448,#2456,#2465,#2473,#2482,#2490,#2499,#2507,#2515,#2523,
    #2531,#2539,#2548,#2556,#2565,#2573,#2582,#2590,#2599,#2605));
#126 = ORIENTED_EDGE('',*,*,#31,.T.);
#127 = ORIENTED_EDGE('',*,*,#104,.F.);
#128 = ORIENTED_EDGE('',*,*,#129,.T.);
#129 = EDGE_CURVE('',#97,#130,#132,.T.);
#130 = VERTEX_POINT('',#131);
#131 = CARTESIAN_POINT('',(-115.8574945095,-50.23682177567,11.2));
#132 = LINE('',#133,#134);
#133 = CARTESIAN_POINT('',(-115.1644945095,-50.60352177567,11.2));
#134 = VECTOR('',#135,1.);
#135 = DIRECTION('',(-0.883884073198,0.467706045659,0.));
#136 = ORIENTED_EDGE('',*,*,#137,.F.);
#137 = EDGE_CURVE('',#138,#130,#140,.T.);
#138 = VERTEX_POINT('',#139);
#139 = CARTESIAN_POINT('',(-116.2498971735,-49.9769742957,11.2));
#140 = CIRCLE('',#141,2.4);
#141 = AXIS2_PLACEMENT_3D('',#142,#143,#144);
#142 = CARTESIAN_POINT('',(-114.735,-48.1155,11.2));
#143 = DIRECTION('',(0.,-0.,1.));
#144 = DIRECTION('',(-0.775614289878,0.631207155644,0.));
#145 = ORIENTED_EDGE('',*,*,#146,.T.);
#146 = EDGE_CURVE('',#138,#147,#149,.T.);
#147 = VERTEX_POINT('',#148);
#148 = CARTESIAN_POINT('',(-116.8578971735,-49.4821742957,11.2));
#149 = LINE('',#150,#151);
#150 = CARTESIAN_POINT('',(-116.2498971735,-49.9769742957,11.2));
#151 = VECTOR('',#152,1.);
#152 = DIRECTION('',(-0.775614289878,0.631207155644,0.));
#153 = ORIENTED_EDGE('',*,*,#154,.F.);
#154 = EDGE_CURVE('',#155,#147,#157,.T.);
#155 = VERTEX_POINT('',#156);
#156 = CARTESIAN_POINT('',(-117.1916145071,-49.15126342699,11.2));
#157 = CIRCLE('',#158,2.4);
#158 = AXIS2_PLACEMENT_3D('',#159,#160,#161);
#159 = CARTESIAN_POINT('',(-115.343,-47.6207,11.2));
#160 = DIRECTION('',(0.,-0.,1.));
#161 = DIRECTION('',(-0.637734761248,0.770256044635,0.));
#162 = ORIENTED_EDGE('',*,*,#163,.T.);
#163 = EDGE_CURVE('',#155,#164,#166,.T.);
#164 = VERTEX_POINT('',#165);
#165 = CARTESIAN_POINT('',(-117.6916145071,-48.54736342699,11.2));
#166 = LINE('',#167,#168);
#167 = CARTESIAN_POINT('',(-117.1916145071,-49.15126342699,11.2));
#168 = VECTOR('',#169,1.);
#169 = DIRECTION('',(-0.637734761248,0.770256044635,0.));
#170 = ORIENTED_EDGE('',*,*,#171,.F.);
#171 = EDGE_CURVE('',#172,#164,#174,.T.);
#172 = VERTEX_POINT('',#173);
#173 = CARTESIAN_POINT('',(-117.8326498571,-48.35892273882,11.2));
#174 = CIRCLE('',#175,2.4);
#175 = AXIS2_PLACEMENT_3D('',#176,#177,#178);
#176 = CARTESIAN_POINT('',(-115.843,-47.0168,11.2));
#177 = DIRECTION('',(0.,-0.,1.));
#178 = DIRECTION('',(-0.559217807842,0.8290207738,0.));
#179 = ORIENTED_EDGE('',*,*,#180,.T.);
#180 = EDGE_CURVE('',#172,#181,#183,.T.);
#181 = VERTEX_POINT('',#182);
#182 = CARTESIAN_POINT('',(-129.4436498571,-31.14602273882,11.2));
#183 = LINE('',#184,#185);
#184 = CARTESIAN_POINT('',(-117.8326498571,-48.35892273882,11.2));
#185 = VECTOR('',#186,1.);
#186 = DIRECTION('',(-0.559217807842,0.8290207738,0.));
#187 = ORIENTED_EDGE('',*,*,#188,.F.);
#188 = EDGE_CURVE('',#189,#181,#191,.T.);
#189 = VERTEX_POINT('',#190);
#190 = CARTESIAN_POINT('',(-129.5665404961,-30.94283487617,11.2));
#191 = CIRCLE('',#192,2.4);
#192 = AXIS2_PLACEMENT_3D('',#193,#194,#195);
#193 = CARTESIAN_POINT('',(-127.454,-29.8039,11.2));
#194 = DIRECTION('',(0.,-0.,1.));
#195 = DIRECTION('',(-0.474556198408,0.880225206724,0.));
#196 = ORIENTED_EDGE('',*,*,#197,.T.);
#197 = EDGE_CURVE('',#189,#198,#200,.T.);
#198 = VERTEX_POINT('',#199);
#199 = CARTESIAN_POINT('',(-129.9385404961,-30.25283487617,11.2));
#200 = LINE('',#201,#202);
#201 = CARTESIAN_POINT('',(-129.5665404961,-30.94283487617,11.2));
#202 = VECTOR('',#203,1.);
#203 = DIRECTION('',(-0.474556198408,0.880225206724,0.));
#204 = ORIENTED_EDGE('',*,*,#205,.F.);
#205 = EDGE_CURVE('',#206,#198,#208,.T.);
#206 = VERTEX_POINT('',#207);
#207 = CARTESIAN_POINT('',(-130.1194854361,-29.82095343087,11.2));
#208 = CIRCLE('',#209,2.4);
#209 = AXIS2_PLACEMENT_3D('',#210,#211,#212);
#210 = CARTESIAN_POINT('',(-127.826,-29.1139,11.2));
#211 = DIRECTION('',(0.,-0.,1.));
#212 = DIRECTION('',(-0.294605596197,0.955618931734,0.));
#213 = ORIENTED_EDGE('',*,*,#214,.T.);
#214 = EDGE_CURVE('',#206,#215,#217,.T.);
#215 = VERTEX_POINT('',#216);
#216 = CARTESIAN_POINT('',(-130.3504854361,-29.07165343087,11.2));
#217 = LINE('',#218,#219);
#218 = CARTESIAN_POINT('',(-130.1194854361,-29.82095343087,11.2));
#219 = VECTOR('',#220,1.);
#220 = DIRECTION('',(-0.294605596197,0.955618931734,0.));
#221 = ORIENTED_EDGE('',*,*,#222,.F.);
#222 = EDGE_CURVE('',#223,#215,#225,.T.);
#223 = VERTEX_POINT('',#224);
#224 = CARTESIAN_POINT('',(-130.4444754526,-28.60946927719,11.2));
#225 = CIRCLE('',#226,2.4);
#226 = AXIS2_PLACEMENT_3D('',#227,#228,#229);
#227 = CARTESIAN_POINT('',(-128.057,-28.3646,11.2));
#228 = DIRECTION('',(0.,-0.,1.));
#229 = DIRECTION('',(-0.102028865499,0.994781438611,0.));
#230 = ORIENTED_EDGE('',*,*,#231,.T.);
#231 = EDGE_CURVE('',#223,#232,#234,.T.);
#232 = VERTEX_POINT('',#233);
#233 = CARTESIAN_POINT('',(-130.5244754526,-27.82946927719,11.2));
#234 = LINE('',#235,#236);
#235 = CARTESIAN_POINT('',(-130.4444754526,-28.60946927719,11.2));
#236 = VECTOR('',#237,1.);
#237 = DIRECTION('',(-0.102028865499,0.994781438611,0.));
#238 = ORIENTED_EDGE('',*,*,#239,.F.);
#239 = EDGE_CURVE('',#240,#232,#242,.T.);
#240 = VERTEX_POINT('',#241);
#241 = CARTESIAN_POINT('',(-130.526576296,-27.36116068962,11.2));
#242 = CIRCLE('',#243,2.4);
#243 = AXIS2_PLACEMENT_3D('',#244,#245,#246);
#244 = CARTESIAN_POINT('',(-128.137,-27.5846,11.2));
#245 = DIRECTION('',(0.,-0.,1.));
#246 = DIRECTION('',(9.309971265673E-02,0.995656790015,0.));
#247 = ORIENTED_EDGE('',*,*,#248,.T.);
#248 = EDGE_CURVE('',#240,#249,#251,.T.);
#249 = VERTEX_POINT('',#250);
#250 = CARTESIAN_POINT('',(-130.453576296,-26.58046068962,11.2));
#251 = LINE('',#252,#253);
#252 = CARTESIAN_POINT('',(-130.526576296,-27.36116068962,11.2));
#253 = VECTOR('',#254,1.);
#254 = DIRECTION('',(9.309971265673E-02,0.995656790015,0.));
#255 = ORIENTED_EDGE('',*,*,#256,.F.);
#256 = EDGE_CURVE('',#257,#249,#259,.T.);
#257 = VERTEX_POINT('',#258);
#258 = CARTESIAN_POINT('',(-130.3639759124,-26.11825373385,11.2));
#259 = CIRCLE('',#260,2.4);
#260 = AXIS2_PLACEMENT_3D('',#261,#262,#263);
#261 = CARTESIAN_POINT('',(-128.064,-26.8039,11.2));
#262 = DIRECTION('',(0.,-0.,1.));
#263 = DIRECTION('',(0.285685944228,0.958323296842,0.));
#264 = ORIENTED_EDGE('',*,*,#265,.T.);
#265 = EDGE_CURVE('',#257,#266,#268,.T.);
#266 = VERTEX_POINT('',#267);
#267 = CARTESIAN_POINT('',(-130.1399759124,-25.36685373385,11.2));
#268 = LINE('',#269,#270);
#269 = CARTESIAN_POINT('',(-130.3639759124,-26.11825373385,11.2));
#270 = VECTOR('',#271,1.);
#271 = DIRECTION('',(0.285685944228,0.958323296842,0.));
#272 = ORIENTED_EDGE('',*,*,#273,.F.);
#273 = EDGE_CURVE('',#274,#266,#276,.T.);
#274 = VERTEX_POINT('',#275);
#275 = CARTESIAN_POINT('',(-129.9610761133,-24.92954135371,11.2));
#276 = CIRCLE('',#277,2.4);
#277 = AXIS2_PLACEMENT_3D('',#278,#279,#280);
#278 = CARTESIAN_POINT('',(-127.84,-26.0525,11.2));
#279 = DIRECTION('',(0.,-0.,1.));
#280 = DIRECTION('',(0.467899435954,0.883781713906,0.));
#281 = ORIENTED_EDGE('',*,*,#282,.T.);
#282 = EDGE_CURVE('',#274,#283,#285,.T.);
#283 = VERTEX_POINT('',#284);
#284 = CARTESIAN_POINT('',(-129.5940761133,-24.23634135371,11.2));
#285 = LINE('',#286,#287);
#286 = CARTESIAN_POINT('',(-129.9610761133,-24.92954135371,11.2));
#287 = VECTOR('',#288,1.);
#288 = DIRECTION('',(0.467899435954,0.883781713906,0.));
#289 = ORIENTED_EDGE('',*,*,#290,.F.);
#290 = EDGE_CURVE('',#291,#283,#293,.T.);
#291 = VERTEX_POINT('',#292);
#292 = CARTESIAN_POINT('',(-129.3345404319,-23.84448409694,11.2));
#293 = CIRCLE('',#294,2.4);
#294 = AXIS2_PLACEMENT_3D('',#295,#296,#297);
#295 = CARTESIAN_POINT('',(-127.473,-25.3593,11.2));
#296 = DIRECTION('',(0.,-0.,1.));
#297 = DIRECTION('',(0.631173292938,0.775641846655,0.));
#298 = ORIENTED_EDGE('',*,*,#299,.T.);
#299 = EDGE_CURVE('',#291,#300,#302,.T.);
#300 = VERTEX_POINT('',#301);
#301 = CARTESIAN_POINT('',(-128.8395404319,-23.23618409694,11.2));
#302 = LINE('',#303,#304);
#303 = CARTESIAN_POINT('',(-129.3345404319,-23.84448409694,11.2));
#304 = VECTOR('',#305,1.);
#305 = DIRECTION('',(0.631173292938,0.775641846655,0.));
#306 = ORIENTED_EDGE('',*,*,#307,.F.);
#307 = EDGE_CURVE('',#308,#300,#310,.T.);
#308 = VERTEX_POINT('',#309);
#309 = CARTESIAN_POINT('',(-128.5085946677,-22.90241135912,11.2));
#310 = CIRCLE('',#311,2.4);
#311 = AXIS2_PLACEMENT_3D('',#312,#313,#314);
#312 = CARTESIAN_POINT('',(-126.978,-24.751,11.2));
#313 = DIRECTION('',(0.,-0.,1.));
#314 = DIRECTION('',(0.77024526703,0.637747778215,0.));
#315 = ORIENTED_EDGE('',*,*,#316,.T.);
#316 = EDGE_CURVE('',#308,#317,#319,.T.);
#317 = VERTEX_POINT('',#318);
#318 = CARTESIAN_POINT('',(-127.9045946677,-22.40231135912,11.2));
#319 = LINE('',#320,#321);
#320 = CARTESIAN_POINT('',(-128.5085946677,-22.90241135912,11.2));
#321 = VECTOR('',#322,1.);
#322 = DIRECTION('',(0.77024526703,0.637747778215,0.));
#323 = ORIENTED_EDGE('',*,*,#324,.F.);
#324 = EDGE_CURVE('',#325,#317,#327,.T.);
#325 = VERTEX_POINT('',#326);
#326 = CARTESIAN_POINT('',(-127.7160637286,-22.26121033871,11.2));
#327 = CIRCLE('',#328,2.4);
#328 = AXIS2_PLACEMENT_3D('',#329,#330,#331);
#329 = CARTESIAN_POINT('',(-126.374,-24.2509,11.2));
#330 = DIRECTION('',(0.,-0.,1.));
#331 = DIRECTION('',(0.829037358869,0.559193220273,0.));
#332 = ORIENTED_EDGE('',*,*,#333,.T.);
#333 = EDGE_CURVE('',#325,#334,#336,.T.);
#334 = VERTEX_POINT('',#335);
#335 = CARTESIAN_POINT('',(-111.6240637286,-11.40701033871,11.2));
#336 = LINE('',#337,#338);
#337 = CARTESIAN_POINT('',(-127.7160637286,-22.26121033871,11.2));
#338 = VECTOR('',#339,1.);
#339 = DIRECTION('',(0.829037358869,0.559193220273,0.));
#340 = ORIENTED_EDGE('',*,*,#341,.F.);
#341 = EDGE_CURVE('',#342,#334,#344,.T.);
#342 = VERTEX_POINT('',#343);
#343 = CARTESIAN_POINT('',(-111.5239729481,-11.34304394405,11.2));
#344 = CIRCLE('',#345,2.4);
#345 = AXIS2_PLACEMENT_3D('',#346,#347,#348);
#346 = CARTESIAN_POINT('',(-110.282,-13.3967,11.2));
#347 = DIRECTION('',(0.,-0.,1.));
#348 = DIRECTION('',(0.855690023312,0.517488728384,0.));
#349 = ORIENTED_EDGE('',*,*,#350,.T.);
#350 = EDGE_CURVE('',#342,#351,#353,.T.);
#351 = VERTEX_POINT('',#352);
#352 = CARTESIAN_POINT('',(-111.1879729481,-11.13984394405,11.2));
#353 = LINE('',#354,#355);
#354 = CARTESIAN_POINT('',(-111.5239729481,-11.34304394405,11.2));
#355 = VECTOR('',#356,1.);
#356 = DIRECTION('',(0.855690023312,0.517488728384,0.));
#357 = ORIENTED_EDGE('',*,*,#358,.F.);
#358 = EDGE_CURVE('',#359,#351,#361,.T.);
#359 = VERTEX_POINT('',#360);
#360 = CARTESIAN_POINT('',(-111.0873639013,-11.08227086872,11.2));
#361 = CIRCLE('',#362,2.4);
#362 = AXIS2_PLACEMENT_3D('',#363,#364,#365);
#363 = CARTESIAN_POINT('',(-109.946,-13.1935,11.2));
#364 = DIRECTION('',(0.,-0.,1.));
#365 = DIRECTION('',(0.879678804699,0.475568292218,0.));
#366 = ORIENTED_EDGE('',*,*,#367,.T.);
#367 = EDGE_CURVE('',#359,#368,#370,.T.);
#368 = VERTEX_POINT('',#369);
#369 = CARTESIAN_POINT('',(-110.4053639013,-10.71357086872,11.2));
#370 = LINE('',#371,#372);
#371 = CARTESIAN_POINT('',(-111.0873639013,-11.08227086872,11.2));
#372 = VECTOR('',#373,1.);
#373 = DIRECTION('',(0.879678804699,0.475568292218,0.));
#374 = ORIENTED_EDGE('',*,*,#375,.F.);
#375 = EDGE_CURVE('',#376,#368,#378,.T.);
#376 = VERTEX_POINT('',#377);
#377 = CARTESIAN_POINT('',(-110.291743177,-10.65598835257,11.2));
#378 = CIRCLE('',#379,2.4);
#379 = AXIS2_PLACEMENT_3D('',#380,#381,#382);
#380 = CARTESIAN_POINT('',(-109.264,-12.8248,11.2));
#381 = DIRECTION('',(0.,-0.,1.));
#382 = DIRECTION('',(0.903671519759,0.428226323778,0.));
#383 = ORIENTED_EDGE('',*,*,#384,.T.);
#384 = EDGE_CURVE('',#376,#385,#387,.T.);
#385 = VERTEX_POINT('',#386);
#386 = CARTESIAN_POINT('',(-110.1122747548,-10.57094295612,11.2));
#387 = LINE('',#388,#389);
#388 = CARTESIAN_POINT('',(-110.291743177,-10.65598835257,11.2));
#389 = VECTOR('',#390,1.);
#390 = DIRECTION('',(0.903671519759,0.428226323778,0.));
#391 = ORIENTED_EDGE('',*,*,#392,.T.);
#392 = EDGE_CURVE('',#385,#393,#395,.T.);
#393 = VERTEX_POINT('',#394);
#394 = CARTESIAN_POINT('',(-109.9349834506,-10.47824955731,11.2));
#395 = LINE('',#396,#397);
#396 = CARTESIAN_POINT('',(-110.1539834506,-10.59274955731,11.2));
#397 = VECTOR('',#398,1.);
#398 = DIRECTION('',(0.886187684451,0.463326437761,0.));
#399 = ORIENTED_EDGE('',*,*,#400,.F.);
#400 = EDGE_CURVE('',#401,#393,#403,.T.);
#401 = VERTEX_POINT('',#402);
#402 = CARTESIAN_POINT('',(-109.8307180257,-10.42691167469,11.2));
#403 = CIRCLE('',#404,2.4);
#404 = AXIS2_PLACEMENT_3D('',#405,#406,#407);
#405 = CARTESIAN_POINT('',(-108.823,-12.6051,11.2));
#406 = DIRECTION('',(0.,-0.,1.));
#407 = DIRECTION('',(0.907578468879,0.419882510743,0.));
#408 = ORIENTED_EDGE('',*,*,#409,.T.);
#409 = EDGE_CURVE('',#401,#410,#412,.T.);
#410 = VERTEX_POINT('',#411);
#411 = CARTESIAN_POINT('',(-109.4747180257,-10.26221167469,11.2));
#412 = LINE('',#413,#414);
#413 = CARTESIAN_POINT('',(-109.8307180257,-10.42691167469,11.2));
#414 = VECTOR('',#415,1.);
#415 = DIRECTION('',(0.907578468879,0.419882510743,0.));
#416 = ORIENTED_EDGE('',*,*,#417,.F.);
#417 = EDGE_CURVE('',#418,#410,#420,.T.);
#418 = VERTEX_POINT('',#419);
#419 = CARTESIAN_POINT('',(-109.3660534839,-10.21515780353,11.2));
#420 = CIRCLE('',#421,2.4);
#421 = AXIS2_PLACEMENT_3D('',#422,#423,#424);
#422 = CARTESIAN_POINT('',(-108.467,-12.4404,11.2));
#423 = DIRECTION('',(0.,-0.,1.));
#424 = DIRECTION('',(0.927184248526,0.374605618332,0.));
#425 = ORIENTED_EDGE('',*,*,#426,.T.);
#426 = EDGE_CURVE('',#418,#427,#429,.T.);
#427 = VERTEX_POINT('',#428);
#428 = CARTESIAN_POINT('',(-95.4927676948,-4.610003477835,11.2));
#429 = LINE('',#430,#431);
#430 = CARTESIAN_POINT('',(-109.3660534839,-10.21515780353,11.2));
#431 = VECTOR('',#432,1.);
#432 = DIRECTION('',(0.927184248526,0.374605618332,0.));
#433 = ORIENTED_EDGE('',*,*,#434,.T.);
#434 = EDGE_CURVE('',#427,#435,#437,.T.);
#435 = VERTEX_POINT('',#436);
#436 = CARTESIAN_POINT('',(-94.24559543092,-3.957313197808,11.2));
#437 = LINE('',#438,#439);
#438 = CARTESIAN_POINT('',(-95.59722677628,-4.664670687099,11.2));
#439 = VECTOR('',#440,1.);
#440 = DIRECTION('',(0.886003880375,0.463677823451,0.));
#441 = ORIENTED_EDGE('',*,*,#442,.T.);
#442 = EDGE_CURVE('',#435,#443,#445,.T.);
#443 = VERTEX_POINT('',#444);
#444 = CARTESIAN_POINT('',(-93.39574747341,-3.272145524371,11.2));
#445 = LINE('',#446,#447);
#446 = CARTESIAN_POINT('',(-94.42964799007,-4.105700756583,11.2));
#447 = VECTOR('',#448,1.);
#448 = DIRECTION('',(0.778499684757,0.627644995864,0.));
#449 = ORIENTED_EDGE('',*,*,#450,.T.);
#450 = EDGE_CURVE('',#443,#451,#453,.T.);
#451 = VERTEX_POINT('',#452);
#452 = CARTESIAN_POINT('',(-92.69581828948,-2.434289118908,11.2));
#453 = LINE('',#454,#455);
#454 = CARTESIAN_POINT('',(-93.54727501808,-3.453532908727,11.2));
#455 = VECTOR('',#456,1.);
#456 = DIRECTION('',(0.64111128803,0.767447924201,0.));
#457 = ORIENTED_EDGE('',*,*,#458,.T.);
#458 = EDGE_CURVE('',#451,#459,#461,.T.);
#459 = VERTEX_POINT('',#460);
#460 = CARTESIAN_POINT('',(-92.17279919449,-1.475995319854,11.2));
#461 = LINE('',#462,#463);
#462 = CARTESIAN_POINT('',(-92.80905969368,-2.641773963112,11.2));
#463 = VECTOR('',#464,1.);
#464 = DIRECTION('',(0.479073348703,0.877774872369,0.));
#465 = ORIENTED_EDGE('',*,*,#466,.T.);
#466 = EDGE_CURVE('',#459,#467,#469,.T.);
#467 = VERTEX_POINT('',#468);
#468 = CARTESIAN_POINT('',(-91.84676098989,-0.434028998862,11.2));
#469 = LINE('',#470,#471);
#470 = CARTESIAN_POINT('',(-92.24338660677,-1.701581478929,11.2));
#471 = VECTOR('',#472,1.);
#472 = DIRECTION('',(0.298628550446,0.95436941949,0.));
#473 = ORIENTED_EDGE('',*,*,#474,.T.);
#474 = EDGE_CURVE('',#467,#475,#477,.T.);
#475 = VERTEX_POINT('',#476);
#476 = CARTESIAN_POINT('',(-91.73022964448,0.651422105071,11.2));
#477 = LINE('',#478,#479);
#478 = CARTESIAN_POINT('',(-91.87198765332,-0.669007060554,11.2));
#479 = VECTOR('',#480,1.);
#480 = DIRECTION('',(0.106744141436,0.99428652222,0.));
#481 = ORIENTED_EDGE('',*,*,#482,.T.);
#482 = EDGE_CURVE('',#475,#483,#485,.T.);
#483 = VERTEX_POINT('',#484);
#484 = CARTESIAN_POINT('',(-91.82777703906,1.73869387777,11.2));
#485 = LINE('',#486,#487);
#486 = CARTESIAN_POINT('',(-91.70909882944,0.415896196664,11.2));
#487 = VECTOR('',#488,1.);
#488 = DIRECTION('',(-8.935866805676E-02,0.995999512271,0.));
#489 = ORIENTED_EDGE('',*,*,#490,.T.);
#490 = EDGE_CURVE('',#483,#491,#493,.T.);
#491 = VERTEX_POINT('',#492);
#492 = CARTESIAN_POINT('',(-92.13559953225,2.786183605128,11.2));
#493 = LINE('',#494,#495);
#494 = CARTESIAN_POINT('',(-91.76113347829,1.511912382462,11.2));
#495 = VECTOR('',#496,1.);
#496 = DIRECTION('',(-0.281944840641,0.959430615957,0.));
#497 = ORIENTED_EDGE('',*,*,#498,.T.);
#498 = EDGE_CURVE('',#491,#499,#501,.T.);
#499 = VERTEX_POINT('',#500);
#500 = CARTESIAN_POINT('',(-92.6418099501,3.753475370353,11.2));
#501 = LINE('',#502,#503);
#502 = CARTESIAN_POINT('',(-92.02601680055,2.576787531383,11.2));
#503 = VECTOR('',#504,1.);
#504 = DIRECTION('',(-0.463671861924,0.886007000232,0.));
#505 = ORIENTED_EDGE('',*,*,#506,.T.);
#506 = EDGE_CURVE('',#499,#507,#509,.T.);
#507 = VERTEX_POINT('',#508);
#508 = CARTESIAN_POINT('',(-93.32700363172,4.603411413057,11.2));
#509 = LINE('',#510,#511);
#510 = CARTESIAN_POINT('',(-92.49344758827,3.569441976451,11.2));
#511 = VECTOR('',#512,1.);
#512 = DIRECTION('',(-0.627620009812,0.778519828446,0.));
#513 = ORIENTED_EDGE('',*,*,#514,.T.);
#514 = EDGE_CURVE('',#507,#515,#517,.T.);
#515 = VERTEX_POINT('',#516);
#516 = CARTESIAN_POINT('',(-94.16477650136,5.303306936943,11.2));
#517 = LINE('',#518,#519);
#518 = CARTESIAN_POINT('',(-93.1456138665,4.451874058059,11.2));
#519 = VECTOR('',#520,1.);
#520 = DIRECTION('',(-0.767431642475,0.64113077771,0.));
#521 = ORIENTED_EDGE('',*,*,#522,.T.);
#522 = EDGE_CURVE('',#515,#523,#525,.T.);
#523 = VERTEX_POINT('',#524);
#524 = CARTESIAN_POINT('',(-95.12307990755,5.826316041247,11.2));
#525 = LINE('',#526,#527);
#526 = CARTESIAN_POINT('',(-93.95725023339,5.19004622345,11.2));
#527 = VECTOR('',#528,1.);
#528 = DIRECTION('',(-0.877780740229,0.479062597249,0.));
#529 = ORIENTED_EDGE('',*,*,#530,.T.);
#530 = EDGE_CURVE('',#523,#531,#533,.T.);
#531 = VERTEX_POINT('',#532);
#532 = CARTESIAN_POINT('',(-96.16500904787,6.152341956695,11.2));
#533 = LINE('',#534,#535);
#534 = CARTESIAN_POINT('',(-94.89750720945,5.755732982809,11.2));
#535 = VECTOR('',#536,1.);
#536 = DIRECTION('',(-0.954369590496,0.298628003938,0.));
#537 = ORIENTED_EDGE('',*,*,#538,.T.);
#538 = EDGE_CURVE('',#531,#539,#541,.T.);
#539 = VERTEX_POINT('',#540);
#540 = CARTESIAN_POINT('',(-97.54100347328,6.3,11.2));
#541 = LINE('',#542,#543);
#542 = CARTESIAN_POINT('',(-95.92997395922,6.12712032741,11.2));
#543 = VECTOR('',#544,1.);
#544 = DIRECTION('',(-0.994291530246,0.106697483012,0.));
#545 = ORIENTED_EDGE('',*,*,#546,.T.);
#546 = EDGE_CURVE('',#539,#547,#549,.T.);
#547 = VERTEX_POINT('',#548);
#548 = CARTESIAN_POINT('',(-118.,6.3,11.2));
#549 = LINE('',#550,#551);
#550 = CARTESIAN_POINT('',(-97.4126,6.3,11.2));
#551 = VECTOR('',#552,1.);
#552 = DIRECTION('',(-1.,-0.,-0.));
#553 = ORIENTED_EDGE('',*,*,#554,.F.);
#554 = EDGE_CURVE('',#555,#547,#557,.T.);
#555 = VERTEX_POINT('',#556);
#556 = CARTESIAN_POINT('',(-118.2353524519,6.311567622197,11.2));
#557 = CIRCLE('',#558,2.4);
#558 = AXIS2_PLACEMENT_3D('',#559,#560,#561);
#559 = CARTESIAN_POINT('',(-118.,8.7,11.2));
#560 = DIRECTION('',(0.,-0.,1.));
#561 = DIRECTION('',(-0.995180157418,9.806352166557E-02,0.));
#562 = ORIENTED_EDGE('',*,*,#563,.T.);
#563 = EDGE_CURVE('',#555,#564,#566,.T.);
#564 = VERTEX_POINT('',#565);
#565 = CARTESIAN_POINT('',(-119.0153524519,6.388427622197,11.2));
#566 = LINE('',#567,#568);
#567 = CARTESIAN_POINT('',(-118.2353524519,6.311567622197,11.2));
#568 = VECTOR('',#569,1.);
#569 = DIRECTION('',(-0.995180157418,9.806352166557E-02,0.));
#570 = ORIENTED_EDGE('',*,*,#571,.F.);
#571 = EDGE_CURVE('',#572,#564,#574,.T.);
#572 = VERTEX_POINT('',#573);
#573 = CARTESIAN_POINT('',(-119.4761416764,6.480038986877,11.2));
#574 = CIRCLE('',#575,2.4);
#575 = AXIS2_PLACEMENT_3D('',#576,#577,#578);
#576 = CARTESIAN_POINT('',(-118.78,8.77686,11.2));
#577 = DIRECTION('',(0.,-0.,1.));
#578 = DIRECTION('',(-0.957008755468,0.29005903185,0.));
#579 = ORIENTED_EDGE('',*,*,#580,.T.);
#580 = EDGE_CURVE('',#572,#581,#583,.T.);
#581 = VERTEX_POINT('',#582);
#582 = CARTESIAN_POINT('',(-120.2271416764,6.707658986877,11.2));
#583 = LINE('',#584,#585);
#584 = CARTESIAN_POINT('',(-119.4761416764,6.480038986877,11.2));
#585 = VECTOR('',#586,1.);
#586 = DIRECTION('',(-0.957008755468,0.29005903185,0.));
#587 = ORIENTED_EDGE('',*,*,#588,.F.);
#588 = EDGE_CURVE('',#589,#581,#591,.T.);
#589 = VERTEX_POINT('',#590);
#590 = CARTESIAN_POINT('',(-120.6630495756,6.888241885236,11.2));
#591 = CIRCLE('',#592,2.4);
#592 = AXIS2_PLACEMENT_3D('',#593,#594,#595);
#593 = CARTESIAN_POINT('',(-119.531,9.00448,11.2));
#594 = DIRECTION('',(0.,-0.,1.));
#595 = DIRECTION('',(-0.881765881152,0.471687323168,0.));
#596 = ORIENTED_EDGE('',*,*,#597,.T.);
#597 = EDGE_CURVE('',#589,#598,#600,.T.);
#598 = VERTEX_POINT('',#599);
#599 = CARTESIAN_POINT('',(-121.3540495756,7.257881885236,11.2));
#600 = LINE('',#601,#602);
#601 = CARTESIAN_POINT('',(-120.6630495756,6.888241885236,11.2));
#602 = VECTOR('',#603,1.);
#603 = DIRECTION('',(-0.881765881152,0.471687323168,0.));
#604 = ORIENTED_EDGE('',*,*,#605,.F.);
#605 = EDGE_CURVE('',#606,#598,#608,.T.);
#606 = VERTEX_POINT('',#607);
#607 = CARTESIAN_POINT('',(-121.7447609071,7.519073041088,11.2));
#608 = CIRCLE('',#609,2.4);
#609 = AXIS2_PLACEMENT_3D('',#610,#611,#612);
#610 = CARTESIAN_POINT('',(-120.222,9.37412,11.2));
#611 = DIRECTION('',(0.,-0.,1.));
#612 = DIRECTION('',(-0.77293623288,0.634483711297,0.));
#613 = ORIENTED_EDGE('',*,*,#614,.T.);
#614 = EDGE_CURVE('',#606,#615,#617,.T.);
#615 = VERTEX_POINT('',#616);
#616 = CARTESIAN_POINT('',(-122.3507609071,8.016523041088,11.2));
#617 = LINE('',#618,#619);
#618 = CARTESIAN_POINT('',(-121.7447609071,7.519073041088,11.2));
#619 = VECTOR('',#620,1.);
#620 = DIRECTION('',(-0.77293623288,0.634483711297,0.));
#621 = ORIENTED_EDGE('',*,*,#622,.F.);
#622 = EDGE_CURVE('',#623,#615,#625,.T.);
#623 = VERTEX_POINT('',#624);
#624 = CARTESIAN_POINT('',(-122.6823816898,8.347999014332,11.2));
#625 = CIRCLE('',#626,2.4);
#626 = AXIS2_PLACEMENT_3D('',#627,#628,#629);
#627 = CARTESIAN_POINT('',(-120.828,9.87157,11.2));
#628 = DIRECTION('',(0.,-0.,1.));
#629 = DIRECTION('',(-0.634821244028,0.772659037435,0.));
#630 = ORIENTED_EDGE('',*,*,#631,.T.);
#631 = EDGE_CURVE('',#623,#632,#634,.T.);
#632 = VERTEX_POINT('',#633);
#633 = CARTESIAN_POINT('',(-123.1803816898,8.954129014332,11.2));
#634 = LINE('',#635,#636);
#635 = CARTESIAN_POINT('',(-122.6823816898,8.347999014332,11.2));
#636 = VECTOR('',#637,1.);
#637 = DIRECTION('',(-0.634821244028,0.772659037435,0.));
#638 = ORIENTED_EDGE('',*,*,#639,.F.);
#639 = EDGE_CURVE('',#640,#632,#642,.T.);
#640 = VERTEX_POINT('',#641);
#641 = CARTESIAN_POINT('',(-123.4421884298,9.345557549074,11.2));
#642 = CIRCLE('',#643,2.4);
#643 = AXIS2_PLACEMENT_3D('',#644,#645,#646);
#644 = CARTESIAN_POINT('',(-121.326,10.4777,11.2));
#645 = DIRECTION('',(0.,-0.,1.));
#646 = DIRECTION('',(-0.471726021219,0.881745179122,0.));
#647 = ORIENTED_EDGE('',*,*,#648,.T.);
#648 = EDGE_CURVE('',#640,#649,#651,.T.);
#649 = VERTEX_POINT('',#650);
#650 = CARTESIAN_POINT('',(-123.8121884298,10.037157549074,11.2));
#651 = LINE('',#652,#653);
#652 = CARTESIAN_POINT('',(-123.4421884298,9.345557549074,11.2));
#653 = VECTOR('',#654,1.);
#654 = DIRECTION('',(-0.471726021219,0.881745179122,0.));
#655 = ORIENTED_EDGE('',*,*,#656,.F.);
#656 = EDGE_CURVE('',#657,#649,#659,.T.);
#657 = VERTEX_POINT('',#658);
#658 = CARTESIAN_POINT('',(-123.9931673432,10.474302016623,11.2));
#659 = CIRCLE('',#660,2.4);
#660 = AXIS2_PLACEMENT_3D('',#661,#662,#663);
#661 = CARTESIAN_POINT('',(-121.696,11.1693,11.2));
#662 = DIRECTION('',(0.,-0.,1.));
#663 = DIRECTION('',(-0.289582493074,0.957153059706,0.));
#664 = ORIENTED_EDGE('',*,*,#665,.T.);
#665 = EDGE_CURVE('',#657,#666,#668,.T.);
#666 = VERTEX_POINT('',#667);
#667 = CARTESIAN_POINT('',(-124.2201673432,11.224602016623,11.2));
#668 = LINE('',#669,#670);
#669 = CARTESIAN_POINT('',(-123.9931673432,10.474302016623,11.2));
#670 = VECTOR('',#671,1.);
#671 = DIRECTION('',(-0.289582493074,0.957153059706,0.));
#672 = ORIENTED_EDGE('',*,*,#673,.F.);
#673 = EDGE_CURVE('',#674,#666,#676,.T.);
#674 = VERTEX_POINT('',#675);
#675 = CARTESIAN_POINT('',(-124.3114023161,11.683942672543,11.2));
#676 = CIRCLE('',#677,2.4);
#677 = AXIS2_PLACEMENT_3D('',#678,#679,#680);
#678 = CARTESIAN_POINT('',(-121.923,11.9196,11.2));
#679 = DIRECTION('',(0.,-0.,1.));
#680 = DIRECTION('',(-9.819055310694E-02,0.995167631749,0.));
#681 = ORIENTED_EDGE('',*,*,#682,.T.);
#682 = EDGE_CURVE('',#674,#683,#685,.T.);
#683 = VERTEX_POINT('',#684);
#684 = CARTESIAN_POINT('',(-124.3884023161,12.464342672543,11.2));
#685 = LINE('',#686,#687);
#686 = CARTESIAN_POINT('',(-124.3114023161,11.683942672543,11.2));
#687 = VECTOR('',#688,1.);
#688 = DIRECTION('',(-9.819055310694E-02,0.995167631749,0.));
#689 = ORIENTED_EDGE('',*,*,#690,.F.);
#690 = EDGE_CURVE('',#691,#683,#693,.T.);
#691 = VERTEX_POINT('',#692);
#692 = CARTESIAN_POINT('',(-124.4,12.7,11.2));
#693 = CIRCLE('',#694,2.4);
#694 = AXIS2_PLACEMENT_3D('',#695,#696,#697);
#695 = CARTESIAN_POINT('',(-122.,12.7,11.2));
#696 = DIRECTION('',(0.,0.,1.));
#697 = DIRECTION('',(0.,1.,0.));
#698 = ORIENTED_EDGE('',*,*,#699,.T.);
#699 = EDGE_CURVE('',#691,#700,#702,.T.);
#700 = VERTEX_POINT('',#701);
#701 = CARTESIAN_POINT('',(-124.4,57.,11.2));
#702 = LINE('',#703,#704);
#703 = CARTESIAN_POINT('',(-124.4,12.7,11.2));
#704 = VECTOR('',#705,1.);
#705 = DIRECTION('',(0.,1.,0.));
#706 = ORIENTED_EDGE('',*,*,#707,.F.);
#707 = EDGE_CURVE('',#708,#700,#710,.T.);
#708 = VERTEX_POINT('',#709);
#709 = CARTESIAN_POINT('',(-124.3884023161,57.235657327457,11.2));
#710 = CIRCLE('',#711,2.4);
#711 = AXIS2_PLACEMENT_3D('',#712,#713,#714);
#712 = CARTESIAN_POINT('',(-122.,57.,11.2));
#713 = DIRECTION('',(0.,-0.,1.));
#714 = DIRECTION('',(9.819055310694E-02,0.995167631749,0.));
#715 = ORIENTED_EDGE('',*,*,#716,.T.);
#716 = EDGE_CURVE('',#708,#717,#719,.T.);
#717 = VERTEX_POINT('',#718);
#718 = CARTESIAN_POINT('',(-124.3114023161,58.016057327457,11.2));
#719 = LINE('',#720,#721);
#720 = CARTESIAN_POINT('',(-124.3884023161,57.235657327457,11.2));
#721 = VECTOR('',#722,1.);
#722 = DIRECTION('',(9.819055310694E-02,0.995167631749,0.));
#723 = ORIENTED_EDGE('',*,*,#724,.F.);
#724 = EDGE_CURVE('',#725,#717,#727,.T.);
#725 = VERTEX_POINT('',#726);
#726 = CARTESIAN_POINT('',(-124.2201673432,58.475397983377,11.2));
#727 = CIRCLE('',#728,2.4);
#728 = AXIS2_PLACEMENT_3D('',#729,#730,#731);
#729 = CARTESIAN_POINT('',(-121.923,57.7804,11.2));
#730 = DIRECTION('',(0.,-0.,1.));
#731 = DIRECTION('',(0.289582493074,0.957153059706,0.));
#732 = ORIENTED_EDGE('',*,*,#733,.T.);
#733 = EDGE_CURVE('',#725,#734,#736,.T.);
#734 = VERTEX_POINT('',#735);
#735 = CARTESIAN_POINT('',(-123.9931673432,59.225697983377,11.2));
#736 = LINE('',#737,#738);
#737 = CARTESIAN_POINT('',(-124.2201673432,58.475397983377,11.2));
#738 = VECTOR('',#739,1.);
#739 = DIRECTION('',(0.289582493074,0.957153059706,0.));
#740 = ORIENTED_EDGE('',*,*,#741,.F.);
#741 = EDGE_CURVE('',#742,#734,#744,.T.);
#742 = VERTEX_POINT('',#743);
#743 = CARTESIAN_POINT('',(-123.8121884298,59.662842450926,11.2));
#744 = CIRCLE('',#745,2.4);
#745 = AXIS2_PLACEMENT_3D('',#746,#747,#748);
#746 = CARTESIAN_POINT('',(-121.696,58.5307,11.2));
#747 = DIRECTION('',(0.,-0.,1.));
#748 = DIRECTION('',(0.471726021219,0.881745179122,0.));
#749 = ORIENTED_EDGE('',*,*,#750,.T.);
#750 = EDGE_CURVE('',#742,#751,#753,.T.);
#751 = VERTEX_POINT('',#752);
#752 = CARTESIAN_POINT('',(-123.4421884298,60.354442450926,11.2));
#753 = LINE('',#754,#755);
#754 = CARTESIAN_POINT('',(-123.8121884298,59.662842450926,11.2));
#755 = VECTOR('',#756,1.);
#756 = DIRECTION('',(0.471726021219,0.881745179122,0.));
#757 = ORIENTED_EDGE('',*,*,#758,.F.);
#758 = EDGE_CURVE('',#759,#751,#761,.T.);
#759 = VERTEX_POINT('',#760);
#760 = CARTESIAN_POINT('',(-123.1803447004,60.745916005352,11.2));
#761 = CIRCLE('',#762,2.4);
#762 = AXIS2_PLACEMENT_3D('',#763,#764,#765);
#763 = CARTESIAN_POINT('',(-121.326,59.2223,11.2));
#764 = DIRECTION('',(0.,-0.,1.));
#765 = DIRECTION('',(0.63484000223,0.772643625204,0.));
#766 = ORIENTED_EDGE('',*,*,#767,.T.);
#767 = EDGE_CURVE('',#759,#768,#770,.T.);
#768 = VERTEX_POINT('',#769);
#769 = CARTESIAN_POINT('',(-122.6823447004,61.352016005352,11.2));
#770 = LINE('',#771,#772);
#771 = CARTESIAN_POINT('',(-123.1803447004,60.745916005352,11.2));
#772 = VECTOR('',#773,1.);
#773 = DIRECTION('',(0.63484000223,0.772643625204,0.));
#774 = ORIENTED_EDGE('',*,*,#775,.F.);
#775 = EDGE_CURVE('',#776,#768,#778,.T.);
#776 = VERTEX_POINT('',#777);
#777 = CARTESIAN_POINT('',(-122.3508523422,61.683371898335,11.2));
#778 = CIRCLE('',#779,2.4);
#779 = AXIS2_PLACEMENT_3D('',#780,#781,#782);
#780 = CARTESIAN_POINT('',(-120.828,59.8284,11.2));
#781 = DIRECTION('',(0.,-0.,1.));
#782 = DIRECTION('',(0.77290495764,0.634521809283,0.));
#783 = ORIENTED_EDGE('',*,*,#784,.T.);
#784 = EDGE_CURVE('',#776,#785,#787,.T.);
#785 = VERTEX_POINT('',#786);
#786 = CARTESIAN_POINT('',(-121.7448523422,62.180871898335,11.2));
#787 = LINE('',#788,#789);
#788 = CARTESIAN_POINT('',(-122.3508523422,61.683371898335,11.2));
#789 = VECTOR('',#790,1.);
#790 = DIRECTION('',(0.77290495764,0.634521809283,0.));
#791 = ORIENTED_EDGE('',*,*,#792,.F.);
#792 = EDGE_CURVE('',#793,#785,#795,.T.);
#793 = VERTEX_POINT('',#794);
#794 = CARTESIAN_POINT('',(-121.3539543247,62.442189064994,11.2));
#795 = CIRCLE('',#796,2.4);
#796 = AXIS2_PLACEMENT_3D('',#797,#798,#799);
#797 = CARTESIAN_POINT('',(-120.222,60.3259,11.2));
#798 = DIRECTION('',(0.,-0.,1.));
#799 = DIRECTION('',(0.881787110414,0.471647635324,0.));
#800 = ORIENTED_EDGE('',*,*,#801,.T.);
#801 = EDGE_CURVE('',#793,#802,#804,.T.);
#802 = VERTEX_POINT('',#803);
#803 = CARTESIAN_POINT('',(-120.6629543247,62.811789064994,11.2));
#804 = LINE('',#805,#806);
#805 = CARTESIAN_POINT('',(-121.3539543247,62.442189064994,11.2));
#806 = VECTOR('',#807,1.);
#807 = DIRECTION('',(0.881787110414,0.471647635324,0.));
#808 = ORIENTED_EDGE('',*,*,#809,.F.);
#809 = EDGE_CURVE('',#810,#802,#812,.T.);
#810 = VERTEX_POINT('',#811);
#811 = CARTESIAN_POINT('',(-120.227085655,62.992337991855,11.2));
#812 = CIRCLE('',#813,2.4);
#813 = AXIS2_PLACEMENT_3D('',#814,#815,#816);
#814 = CARTESIAN_POINT('',(-119.531,60.6955,11.2));
#815 = DIRECTION('',(0.,-0.,1.));
#816 = DIRECTION('',(0.957015829939,0.290035689606,0.));
#817 = ORIENTED_EDGE('',*,*,#818,.T.);
#818 = EDGE_CURVE('',#810,#819,#821,.T.);
#819 = VERTEX_POINT('',#820);
#820 = CARTESIAN_POINT('',(-119.476085655,63.219937991855,11.2));
#821 = LINE('',#822,#823);
#822 = CARTESIAN_POINT('',(-120.227085655,62.992337991855,11.2));
#823 = VECTOR('',#824,1.);
#824 = DIRECTION('',(0.957015829939,0.290035689606,0.));
#825 = ORIENTED_EDGE('',*,*,#826,.F.);
#826 = EDGE_CURVE('',#827,#819,#829,.T.);
#827 = VERTEX_POINT('',#828);
#828 = CARTESIAN_POINT('',(-119.0154737569,63.311520421491,11.2));
#829 = CIRCLE('',#830,2.4);
#830 = AXIS2_PLACEMENT_3D('',#831,#832,#833);
#831 = CARTESIAN_POINT('',(-118.78,60.9231,11.2));
#832 = DIRECTION('',(0.,-0.,1.));
#833 = DIRECTION('',(0.995175175621,9.811406539136E-02,0.));
#834 = ORIENTED_EDGE('',*,*,#835,.T.);
#835 = EDGE_CURVE('',#827,#836,#838,.T.);
#836 = VERTEX_POINT('',#837);
#837 = CARTESIAN_POINT('',(-118.2354737569,63.388420421491,11.2));
#838 = LINE('',#839,#840);
#839 = CARTESIAN_POINT('',(-119.0154737569,63.311520421491,11.2));
#840 = VECTOR('',#841,1.);
#841 = DIRECTION('',(0.995175175621,9.811406539136E-02,0.));
#842 = ORIENTED_EDGE('',*,*,#843,.F.);
#843 = EDGE_CURVE('',#844,#836,#846,.T.);
#844 = VERTEX_POINT('',#845);
#845 = CARTESIAN_POINT('',(-118.,63.4,11.2));
#846 = CIRCLE('',#847,2.4);
#847 = AXIS2_PLACEMENT_3D('',#848,#849,#850);
#848 = CARTESIAN_POINT('',(-118.,61.,11.2));
#849 = DIRECTION('',(0.,0.,1.));
#850 = DIRECTION('',(1.,0.,0.));
#851 = ORIENTED_EDGE('',*,*,#852,.T.);
#852 = EDGE_CURVE('',#844,#853,#855,.T.);
#853 = VERTEX_POINT('',#854);
#854 = CARTESIAN_POINT('',(-88.2647,63.4,11.2));
#855 = LINE('',#856,#857);
#856 = CARTESIAN_POINT('',(-118.,63.4,11.2));
#857 = VECTOR('',#858,1.);
#858 = DIRECTION('',(1.,0.,0.));
#859 = ORIENTED_EDGE('',*,*,#860,.F.);
#860 = EDGE_CURVE('',#861,#853,#863,.T.);
#861 = VERTEX_POINT('',#862);
#862 = CARTESIAN_POINT('',(-88.02934577598,63.38843220319,11.2));
#863 = CIRCLE('',#864,2.4);
#864 = AXIS2_PLACEMENT_3D('',#865,#866,#867);
#865 = CARTESIAN_POINT('',(-88.2647,61.,11.2));
#866 = DIRECTION('',(-0.,0.,1.));
#867 = DIRECTION('',(0.995180084663,-9.80642600084E-02,0.));
#868 = ORIENTED_EDGE('',*,*,#869,.T.);
#869 = EDGE_CURVE('',#861,#870,#872,.T.);
#870 = VERTEX_POINT('',#871);
#871 = CARTESIAN_POINT('',(-87.24894577598,63.31153220319,11.2));
#872 = LINE('',#873,#874);
#873 = CARTESIAN_POINT('',(-88.02934577598,63.38843220319,11.2));
#874 = VECTOR('',#875,1.);
#875 = DIRECTION('',(0.995180084663,-9.80642600084E-02,0.));
#876 = ORIENTED_EDGE('',*,*,#877,.F.);
#877 = EDGE_CURVE('',#878,#870,#880,.T.);
#878 = VERTEX_POINT('',#879);
#879 = CARTESIAN_POINT('',(-86.78770464389,63.219783458785,11.2));
#880 = CIRCLE('',#881,2.4);
#881 = AXIS2_PLACEMENT_3D('',#882,#883,#884);
#882 = CARTESIAN_POINT('',(-87.4843,60.9231,11.2));
#883 = DIRECTION('',(-0.,0.,1.));
#884 = DIRECTION('',(0.95695144116,-0.290248065043,0.));
#885 = ORIENTED_EDGE('',*,*,#886,.T.);
#886 = EDGE_CURVE('',#878,#887,#889,.T.);
#887 = VERTEX_POINT('',#888);
#888 = CARTESIAN_POINT('',(-86.03730464389,62.992183458785,11.2));
#889 = LINE('',#890,#891);
#890 = CARTESIAN_POINT('',(-86.78770464389,63.219783458785,11.2));
#891 = VECTOR('',#892,1.);
#892 = DIRECTION('',(0.95695144116,-0.290248065043,0.));
#893 = ORIENTED_EDGE('',*,*,#894,.F.);
#894 = EDGE_CURVE('',#895,#887,#897,.T.);
#895 = VERTEX_POINT('',#896);
#896 = CARTESIAN_POINT('',(-85.60258223469,62.812129422906,11.2));
#897 = CIRCLE('',#898,2.4);
#898 = AXIS2_PLACEMENT_3D('',#899,#900,#901);
#899 = CARTESIAN_POINT('',(-86.7339,60.6955,11.2));
#900 = DIRECTION('',(-0.,0.,1.));
#901 = DIRECTION('',(0.881928926211,-0.471382402209,0.));
#902 = ORIENTED_EDGE('',*,*,#903,.T.);
#903 = EDGE_CURVE('',#895,#904,#906,.T.);
#904 = VERTEX_POINT('',#905);
#905 = CARTESIAN_POINT('',(-84.91108223469,62.442529422906,11.2));
#906 = LINE('',#907,#908);
#907 = CARTESIAN_POINT('',(-85.60258223469,62.812129422906,11.2));
#908 = VECTOR('',#909,1.);
#909 = DIRECTION('',(0.881928926211,-0.471382402209,0.));
#910 = ORIENTED_EDGE('',*,*,#911,.F.);
#911 = EDGE_CURVE('',#912,#904,#914,.T.);
#912 = VERTEX_POINT('',#913);
#913 = CARTESIAN_POINT('',(-84.51984785764,62.181118308936,11.2));
#914 = CIRCLE('',#915,2.4);
#915 = AXIS2_PLACEMENT_3D('',#916,#917,#918);
#916 = CARTESIAN_POINT('',(-86.0424,60.3259,11.2));
#917 = DIRECTION('',(-0.,0.,1.));
#918 = DIRECTION('',(0.773007628723,-0.634396725981,0.));
#919 = ORIENTED_EDGE('',*,*,#920,.T.);
#920 = EDGE_CURVE('',#912,#921,#923,.T.);
#921 = VERTEX_POINT('',#922);
#922 = CARTESIAN_POINT('',(-83.91364785764,61.683618308936,11.2));
#923 = LINE('',#924,#925);
#924 = CARTESIAN_POINT('',(-84.51984785764,62.181118308936,11.2));
#925 = VECTOR('',#926,1.);
#926 = DIRECTION('',(0.773007628723,-0.634396725981,0.));
#927 = ORIENTED_EDGE('',*,*,#928,.F.);
#928 = EDGE_CURVE('',#929,#921,#931,.T.);
#929 = VERTEX_POINT('',#930);
#930 = CARTESIAN_POINT('',(-83.73914372515,61.525456274848,11.2));
#931 = CIRCLE('',#932,2.4);
#932 = AXIS2_PLACEMENT_3D('',#933,#934,#935);
#933 = CARTESIAN_POINT('',(-85.4362,59.8284,11.2));
#934 = DIRECTION('',(-0.,0.,1.));
#935 = DIRECTION('',(0.707106781187,-0.707106781187,0.));
#936 = ORIENTED_EDGE('',*,*,#937,.T.);
#937 = EDGE_CURVE('',#929,#938,#940,.T.);
#938 = VERTEX_POINT('',#939);
#939 = CARTESIAN_POINT('',(-83.5087740493,61.295086598997,11.2));
#940 = LINE('',#941,#942);
#941 = CARTESIAN_POINT('',(-83.73914372515,61.525456274848,11.2));
#942 = VECTOR('',#943,1.);
#943 = DIRECTION('',(0.707106781187,-0.707106781187,0.));
#944 = ORIENTED_EDGE('',*,*,#945,.T.);
#945 = EDGE_CURVE('',#938,#946,#948,.T.);
#946 = VERTEX_POINT('',#947);
#947 = CARTESIAN_POINT('',(-82.60105648209,60.688545924478,11.2));
#948 = LINE('',#949,#950);
#949 = CARTESIAN_POINT('',(-83.70529620093,61.426403522581,11.2));
#950 = VECTOR('',#951,1.);
#951 = DIRECTION('',(0.831459801075,-0.555584916278,0.));
#952 = ORIENTED_EDGE('',*,*,#953,.T.);
#953 = EDGE_CURVE('',#946,#954,#956,.T.);
#954 = VERTEX_POINT('',#955);
#955 = CARTESIAN_POINT('',(-81.59246567645,60.270776922583,11.2));
#956 = LINE('',#957,#958);
#957 = CARTESIAN_POINT('',(-82.81946537052,60.779013201011,11.2));
#958 = VECTOR('',#959,1.);
#959 = DIRECTION('',(0.923880500421,-0.382681095615,0.));
#960 = ORIENTED_EDGE('',*,*,#961,.T.);
#961 = EDGE_CURVE('',#954,#962,#964,.T.);
#962 = VERTEX_POINT('',#963);
#963 = CARTESIAN_POINT('',(-80.36641319417,60.026919104318,11.2));
#964 = LINE('',#965,#966);
#965 = CARTESIAN_POINT('',(-81.82431865577,60.31689171988,11.2));
#966 = VECTOR('',#967,1.);
#967 = DIRECTION('',(0.980788216617,-0.195075560093,0.));
#968 = ORIENTED_EDGE('',*,*,#969,.T.);
#969 = EDGE_CURVE('',#962,#970,#972,.T.);
#970 = VERTEX_POINT('',#971);
#971 = CARTESIAN_POINT('',(-79.81866186112,60.,11.2));
#972 = LINE('',#973,#974);
#973 = CARTESIAN_POINT('',(-80.54319476747,60.035606991185,11.2));
#974 = VECTOR('',#975,1.);
#975 = DIRECTION('',(0.998794579661,-4.908551355237E-02,0.));
#976 = ORIENTED_EDGE('',*,*,#977,.T.);
#977 = EDGE_CURVE('',#970,#978,#980,.T.);
#978 = VERTEX_POINT('',#979);
#979 = CARTESIAN_POINT('',(-75.25000126268,60.,11.2));
#980 = LINE('',#981,#982);
#981 = CARTESIAN_POINT('',(-79.8776,60.,11.2));
#982 = VECTOR('',#983,1.);
#983 = DIRECTION('',(1.,0.,0.));
#984 = ORIENTED_EDGE('',*,*,#985,.T.);
#985 = EDGE_CURVE('',#978,#986,#988,.T.);
#986 = VERTEX_POINT('',#987);
#987 = CARTESIAN_POINT('',(-73.84904947293,60.137977972108,11.2));
#988 = LINE('',#989,#990);
#989 = CARTESIAN_POINT('',(-75.36733482908,59.98844396526,11.2));
#990 = VECTOR('',#991,1.);
#991 = DIRECTION('',(0.995184985525,9.80145121187E-02,0.));
#992 = ORIENTED_EDGE('',*,*,#993,.T.);
#993 = EDGE_CURVE('',#986,#994,#996,.T.);
#994 = VERTEX_POINT('',#995);
#995 = CARTESIAN_POINT('',(-72.80438069102,60.454846647457,11.2));
#996 = LINE('',#997,#998);
#997 = CARTESIAN_POINT('',(-74.07522658313,60.069373987242,11.2));
#998 = VECTOR('',#999,1.);
#999 = DIRECTION('',(0.956947494684,0.290261076305,0.));
#1000 = ORIENTED_EDGE('',*,*,#1001,.T.);
#1001 = EDGE_CURVE('',#994,#1002,#1004,.T.);
#1002 = VERTEX_POINT('',#1003);
#1003 = CARTESIAN_POINT('',(-71.84155035171,60.969514600808,11.2));
#1004 = LINE('',#1005,#1006);
#1005 = CARTESIAN_POINT('',(-73.01289391296,60.343388720965,11.2));
#1006 = VECTOR('',#1007,1.);
#1007 = DIRECTION('',(0.881911967069,0.4714141304,0.));
#1008 = ORIENTED_EDGE('',*,*,#1009,.T.);
#1009 = EDGE_CURVE('',#1002,#1010,#1012,.T.);
#1010 = VERTEX_POINT('',#1011);
#1011 = CARTESIAN_POINT('',(-71.74669060479,61.047350868821,11.2));
#1012 = LINE('',#1013,#1014);
#1013 = CARTESIAN_POINT('',(-72.02419060479,60.819650868821,11.2));
#1014 = VECTOR('',#1015,1.);
#1015 = DIRECTION('',(0.773062862009,0.634329418664,0.));
#1016 = ORIENTED_EDGE('',*,*,#1017,.F.);
#1017 = EDGE_CURVE('',#1018,#1010,#1020,.T.);
#1018 = VERTEX_POINT('',#1019);
#1019 = CARTESIAN_POINT('',(-71.55776912059,61.187459872915,11.2));
#1020 = CIRCLE('',#1021,2.4);
#1021 = AXIS2_PLACEMENT_3D('',#1022,#1023,#1024);
#1022 = CARTESIAN_POINT('',(-70.2243,59.192,11.2));
#1023 = DIRECTION('',(0.,-0.,1.));
#1024 = DIRECTION('',(0.831441613715,0.555612133582,0.));
#1025 = ORIENTED_EDGE('',*,*,#1026,.T.);
#1026 = EDGE_CURVE('',#1018,#1027,#1029,.T.);
#1027 = VERTEX_POINT('',#1028);
#1028 = CARTESIAN_POINT('',(-70.90576912059,61.623159872915,11.2));
#1029 = LINE('',#1030,#1031);
#1030 = CARTESIAN_POINT('',(-71.55776912059,61.187459872915,11.2));
#1031 = VECTOR('',#1032,1.);
#1032 = DIRECTION('',(0.831441613715,0.555612133582,0.));
#1033 = ORIENTED_EDGE('',*,*,#1034,.F.);
#1034 = EDGE_CURVE('',#1035,#1027,#1037,.T.);
#1035 = VERTEX_POINT('',#1036);
#1036 = CARTESIAN_POINT('',(-70.49085439422,61.844963589393,11.2));
#1037 = CIRCLE('',#1038,2.4);
#1038 = AXIS2_PLACEMENT_3D('',#1039,#1040,#1041);
#1039 = CARTESIAN_POINT('',(-69.5723,59.6277,11.2));
#1040 = DIRECTION('',(0.,-0.,1.));
#1041 = DIRECTION('',(0.923859828914,0.382730997594,0.));
#1042 = ORIENTED_EDGE('',*,*,#1043,.T.);
#1043 = EDGE_CURVE('',#1035,#1044,#1046,.T.);
#1044 = VERTEX_POINT('',#1045);
#1045 = CARTESIAN_POINT('',(-69.76645439422,62.145063589393,11.2));
#1046 = LINE('',#1047,#1048);
#1047 = CARTESIAN_POINT('',(-70.49085439422,61.844963589393,11.2));
#1048 = VECTOR('',#1049,1.);
#1049 = DIRECTION('',(0.923859828914,0.382730997594,0.));
#1050 = ORIENTED_EDGE('',*,*,#1051,.F.);
#1051 = EDGE_CURVE('',#1052,#1044,#1054,.T.);
#1052 = VERTEX_POINT('',#1053);
#1053 = CARTESIAN_POINT('',(-69.31587092897,62.281733561006,11.2));
#1054 = CIRCLE('',#1055,2.4);
#1055 = AXIS2_PLACEMENT_3D('',#1056,#1057,#1058);
#1056 = CARTESIAN_POINT('',(-68.8479,59.9278,11.2));
#1057 = DIRECTION('',(0.,-0.,1.));
#1058 = DIRECTION('',(0.980805650419,0.194987887075,0.));
#1059 = ORIENTED_EDGE('',*,*,#1060,.T.);
#1060 = EDGE_CURVE('',#1052,#1061,#1063,.T.);
#1061 = VERTEX_POINT('',#1062);
#1062 = CARTESIAN_POINT('',(-68.54677092897,62.434633561006,11.2));
#1063 = LINE('',#1064,#1065);
#1064 = CARTESIAN_POINT('',(-69.31587092897,62.281733561006,11.2));
#1065 = VECTOR('',#1066,1.);
#1066 = DIRECTION('',(0.980805650419,0.194987887075,0.));
#1067 = ORIENTED_EDGE('',*,*,#1068,.F.);
#1068 = EDGE_CURVE('',#1069,#1061,#1071,.T.);
#1069 = VERTEX_POINT('',#1070);
#1070 = CARTESIAN_POINT('',(-68.19679028124,62.477797889852,11.2));
#1071 = CIRCLE('',#1072,2.4);
#1072 = AXIS2_PLACEMENT_3D('',#1073,#1074,#1075);
#1073 = CARTESIAN_POINT('',(-68.0788,60.0807,11.2));
#1074 = DIRECTION('',(0.,-0.,1.));
#1075 = DIRECTION('',(0.998790787438,4.916261718327E-02,0.));
#1076 = ORIENTED_EDGE('',*,*,#1077,.T.);
#1077 = EDGE_CURVE('',#1069,#1078,#1080,.T.);
#1078 = VERTEX_POINT('',#1079);
#1079 = CARTESIAN_POINT('',(-67.80469028124,62.497097889852,11.2));
#1080 = LINE('',#1081,#1082);
#1081 = CARTESIAN_POINT('',(-68.19679028124,62.477797889852,11.2));
#1082 = VECTOR('',#1083,1.);
#1083 = DIRECTION('',(0.998790787438,4.916261718327E-02,0.));
#1084 = ORIENTED_EDGE('',*,*,#1085,.F.);
#1085 = EDGE_CURVE('',#1086,#1078,#1088,.T.);
#1086 = VERTEX_POINT('',#1087);
#1087 = CARTESIAN_POINT('',(-67.6867,62.5,11.2));
#1088 = CIRCLE('',#1089,2.4);
#1089 = AXIS2_PLACEMENT_3D('',#1090,#1091,#1092);
#1090 = CARTESIAN_POINT('',(-67.6867,60.1,11.2));
#1091 = DIRECTION('',(0.,0.,1.));
#1092 = DIRECTION('',(1.,0.,0.));
#1093 = ORIENTED_EDGE('',*,*,#1094,.T.);
#1094 = EDGE_CURVE('',#1086,#1095,#1097,.T.);
#1095 = VERTEX_POINT('',#1096);
#1096 = CARTESIAN_POINT('',(-58.24880126268,62.5,11.2));
#1097 = LINE('',#1098,#1099);
#1098 = CARTESIAN_POINT('',(-67.6867,62.5,11.2));
#1099 = VECTOR('',#1100,1.);
#1100 = DIRECTION('',(1.,0.,0.));
#1101 = ORIENTED_EDGE('',*,*,#1102,.T.);
#1102 = EDGE_CURVE('',#1095,#1103,#1105,.T.);
#1103 = VERTEX_POINT('',#1104);
#1104 = CARTESIAN_POINT('',(-56.84784947293,62.637977972108,11.2));
#1105 = LINE('',#1106,#1107);
#1106 = CARTESIAN_POINT('',(-58.36613482908,62.48844396526,11.2));
#1107 = VECTOR('',#1108,1.);
#1108 = DIRECTION('',(0.995184985525,9.80145121187E-02,0.));
#1109 = ORIENTED_EDGE('',*,*,#1110,.T.);
#1110 = EDGE_CURVE('',#1103,#1111,#1113,.T.);
#1111 = VERTEX_POINT('',#1112);
#1112 = CARTESIAN_POINT('',(-55.80318069102,62.954846647457,11.2));
#1113 = LINE('',#1114,#1115);
#1114 = CARTESIAN_POINT('',(-57.07402658313,62.569373987242,11.2));
#1115 = VECTOR('',#1116,1.);
#1116 = DIRECTION('',(0.956947494684,0.290261076305,0.));
#1117 = ORIENTED_EDGE('',*,*,#1118,.T.);
#1118 = EDGE_CURVE('',#1111,#1119,#1121,.T.);
#1119 = VERTEX_POINT('',#1120);
#1120 = CARTESIAN_POINT('',(-54.840423358,63.469475576282,11.2));
#1121 = LINE('',#1122,#1123);
#1122 = CARTESIAN_POINT('',(-56.01169391296,62.843388720965,11.2));
#1123 = VECTOR('',#1124,1.);
#1124 = DIRECTION('',(0.881911967069,0.4714141304,0.));
#1125 = ORIENTED_EDGE('',*,*,#1126,.T.);
#1126 = EDGE_CURVE('',#1119,#1127,#1129,.T.);
#1127 = VERTEX_POINT('',#1128);
#1128 = CARTESIAN_POINT('',(-53.99647000534,64.162070005347,11.2));
#1129 = LINE('',#1130,#1131);
#1130 = CARTESIAN_POINT('',(-55.02311736355,63.31954685087,11.2));
#1131 = VECTOR('',#1132,1.);
#1132 = DIRECTION('',(0.773019521196,0.634382234816,0.));
#1133 = ORIENTED_EDGE('',*,*,#1134,.T.);
#1134 = EDGE_CURVE('',#1127,#1135,#1137,.T.);
#1135 = VERTEX_POINT('',#1136);
#1136 = CARTESIAN_POINT('',(-53.30391343244,65.005977228797,11.2));
#1137 = LINE('',#1138,#1139);
#1138 = CARTESIAN_POINT('',(-54.14644685087,63.979317363559,11.2));
#1139 = VECTOR('',#1140,1.);
#1140 = DIRECTION('',(0.634382234816,0.773019521196,0.));
#1141 = ORIENTED_EDGE('',*,*,#1142,.T.);
#1142 = EDGE_CURVE('',#1135,#1143,#1145,.T.);
#1143 = VERTEX_POINT('',#1144);
#1144 = CARTESIAN_POINT('',(-53.03084444029,65.516889668189,11.2));
#1145 = LINE('',#1146,#1147);
#1146 = CARTESIAN_POINT('',(-53.41534444029,64.797489668189,11.2));
#1147 = VECTOR('',#1148,1.);
#1148 = DIRECTION('',(0.471370695079,0.881935183458,0.));
#1149 = ORIENTED_EDGE('',*,*,#1150,.F.);
#1150 = EDGE_CURVE('',#1151,#1143,#1153,.T.);
#1151 = VERTEX_POINT('',#1152);
#1152 = CARTESIAN_POINT('',(-52.90965987291,65.719069120597,11.2));
#1153 = CIRCLE('',#1154,2.4);
#1154 = AXIS2_PLACEMENT_3D('',#1155,#1156,#1157);
#1155 = CARTESIAN_POINT('',(-50.9142,64.3856,11.2));
#1156 = DIRECTION('',(0.,-0.,1.));
#1157 = DIRECTION('',(0.555612133582,0.831441613715,0.));
#1158 = ORIENTED_EDGE('',*,*,#1159,.T.);
#1159 = EDGE_CURVE('',#1151,#1160,#1162,.T.);
#1160 = VERTEX_POINT('',#1161);
#1161 = CARTESIAN_POINT('',(-52.47395987291,66.371069120597,11.2));
#1162 = LINE('',#1163,#1164);
#1163 = CARTESIAN_POINT('',(-52.90965987291,65.719069120597,11.2));
#1164 = VECTOR('',#1165,1.);
#1165 = DIRECTION('',(0.555612133582,0.831441613715,0.));
#1166 = ORIENTED_EDGE('',*,*,#1167,.F.);
#1167 = EDGE_CURVE('',#1168,#1160,#1170,.T.);
#1168 = VERTEX_POINT('',#1169);
#1169 = CARTESIAN_POINT('',(-52.17555627484,66.734656274848,11.2));
#1170 = CIRCLE('',#1171,2.4);
#1171 = AXIS2_PLACEMENT_3D('',#1172,#1173,#1174);
#1172 = CARTESIAN_POINT('',(-50.4785,65.0376,11.2));
#1173 = DIRECTION('',(0.,-0.,1.));
#1174 = DIRECTION('',(0.707106781187,0.707106781187,0.));
#1175 = ORIENTED_EDGE('',*,*,#1176,.T.);
#1176 = EDGE_CURVE('',#1168,#1177,#1179,.T.);
#1177 = VERTEX_POINT('',#1178);
#1178 = CARTESIAN_POINT('',(-51.62115627484,67.289056274848,11.2));
#1179 = LINE('',#1180,#1181);
#1180 = CARTESIAN_POINT('',(-52.17555627484,66.734656274848,11.2));
#1181 = VECTOR('',#1182,1.);
#1182 = DIRECTION('',(0.707106781187,0.707106781187,0.));
#1183 = ORIENTED_EDGE('',*,*,#1184,.F.);
#1184 = EDGE_CURVE('',#1185,#1177,#1187,.T.);
#1185 = VERTEX_POINT('',#1186);
#1186 = CARTESIAN_POINT('',(-51.25756912059,67.587459872915,11.2));
#1187 = CIRCLE('',#1188,2.4);
#1188 = AXIS2_PLACEMENT_3D('',#1189,#1190,#1191);
#1189 = CARTESIAN_POINT('',(-49.9241,65.592,11.2));
#1190 = DIRECTION('',(0.,-0.,1.));
#1191 = DIRECTION('',(0.831441613715,0.555612133582,0.));
#1192 = ORIENTED_EDGE('',*,*,#1193,.T.);
#1193 = EDGE_CURVE('',#1185,#1194,#1196,.T.);
#1194 = VERTEX_POINT('',#1195);
#1195 = CARTESIAN_POINT('',(-50.60556912059,68.023159872915,11.2));
#1196 = LINE('',#1197,#1198);
#1197 = CARTESIAN_POINT('',(-51.25756912059,67.587459872915,11.2));
#1198 = VECTOR('',#1199,1.);
#1199 = DIRECTION('',(0.831441613715,0.555612133582,0.));
#1200 = ORIENTED_EDGE('',*,*,#1201,.F.);
#1201 = EDGE_CURVE('',#1202,#1194,#1204,.T.);
#1202 = VERTEX_POINT('',#1203);
#1203 = CARTESIAN_POINT('',(-50.19054617813,68.245008417398,11.2));
#1204 = CIRCLE('',#1205,2.4);
#1205 = AXIS2_PLACEMENT_3D('',#1206,#1207,#1208);
#1206 = CARTESIAN_POINT('',(-49.2721,66.0277,11.2));
#1207 = DIRECTION('',(0.,-0.,1.));
#1208 = DIRECTION('',(0.923878507249,0.382685907558,0.));
#1209 = ORIENTED_EDGE('',*,*,#1210,.T.);
#1210 = EDGE_CURVE('',#1202,#1211,#1213,.T.);
#1211 = VERTEX_POINT('',#1212);
#1212 = CARTESIAN_POINT('',(-49.46604617813,68.545108417398,11.2));
#1213 = LINE('',#1214,#1215);
#1214 = CARTESIAN_POINT('',(-50.19054617813,68.245008417398,11.2));
#1215 = VECTOR('',#1216,1.);
#1216 = DIRECTION('',(0.923878507249,0.382685907558,0.));
#1217 = ORIENTED_EDGE('',*,*,#1218,.F.);
#1218 = EDGE_CURVE('',#1219,#1211,#1221,.T.);
#1219 = VERTEX_POINT('',#1220);
#1220 = CARTESIAN_POINT('',(-49.01562946931,68.681721922208,11.2));
#1221 = CIRCLE('',#1222,2.4);
#1222 = AXIS2_PLACEMENT_3D('',#1223,#1224,#1225);
#1223 = CARTESIAN_POINT('',(-48.5476,66.3278,11.2));
#1224 = DIRECTION('',(0.,-0.,1.));
#1225 = DIRECTION('',(0.98080080092,0.195012278883,0.));
#1226 = ORIENTED_EDGE('',*,*,#1227,.T.);
#1227 = EDGE_CURVE('',#1219,#1228,#1230,.T.);
#1228 = VERTEX_POINT('',#1229);
#1229 = CARTESIAN_POINT('',(-48.24662946931,68.834621922208,11.2));
#1230 = LINE('',#1231,#1232);
#1231 = CARTESIAN_POINT('',(-49.01562946931,68.681721922208,11.2));
#1232 = VECTOR('',#1233,1.);
#1233 = DIRECTION('',(0.98080080092,0.195012278883,0.));
#1234 = ORIENTED_EDGE('',*,*,#1235,.F.);
#1235 = EDGE_CURVE('',#1236,#1228,#1238,.T.);
#1236 = VERTEX_POINT('',#1237);
#1237 = CARTESIAN_POINT('',(-47.89659028124,68.877797889852,11.2));
#1238 = CIRCLE('',#1239,2.4);
#1239 = AXIS2_PLACEMENT_3D('',#1240,#1241,#1242);
#1240 = CARTESIAN_POINT('',(-47.7786,66.4807,11.2));
#1241 = DIRECTION('',(0.,-0.,1.));
#1242 = DIRECTION('',(0.998790787438,4.916261718327E-02,0.));
#1243 = ORIENTED_EDGE('',*,*,#1244,.T.);
#1244 = EDGE_CURVE('',#1236,#1245,#1247,.T.);
#1245 = VERTEX_POINT('',#1246);
#1246 = CARTESIAN_POINT('',(-47.50449028124,68.897097889852,11.2));
#1247 = LINE('',#1248,#1249);
#1248 = CARTESIAN_POINT('',(-47.89659028124,68.877797889852,11.2));
#1249 = VECTOR('',#1250,1.);
#1250 = DIRECTION('',(0.998790787438,4.916261718327E-02,0.));
#1251 = ORIENTED_EDGE('',*,*,#1252,.F.);
#1252 = EDGE_CURVE('',#1253,#1245,#1255,.T.);
#1253 = VERTEX_POINT('',#1254);
#1254 = CARTESIAN_POINT('',(-47.3865,68.9,11.2));
#1255 = CIRCLE('',#1256,2.4);
#1256 = AXIS2_PLACEMENT_3D('',#1257,#1258,#1259);
#1257 = CARTESIAN_POINT('',(-47.3865,66.5,11.2));
#1258 = DIRECTION('',(0.,0.,1.));
#1259 = DIRECTION('',(1.,0.,0.));
#1260 = ORIENTED_EDGE('',*,*,#1261,.T.);
#1261 = EDGE_CURVE('',#1253,#1262,#1264,.T.);
#1262 = VERTEX_POINT('',#1263);
#1263 = CARTESIAN_POINT('',(-28.8722,68.9,11.2));
#1264 = LINE('',#1265,#1266);
#1265 = CARTESIAN_POINT('',(-47.3865,68.9,11.2));
#1266 = VECTOR('',#1267,1.);
#1267 = DIRECTION('',(1.,0.,0.));
#1268 = ORIENTED_EDGE('',*,*,#1269,.F.);
#1269 = EDGE_CURVE('',#1270,#1262,#1272,.T.);
#1270 = VERTEX_POINT('',#1271);
#1271 = CARTESIAN_POINT('',(-28.63684577598,68.88843220319,11.2));
#1272 = CIRCLE('',#1273,2.4);
#1273 = AXIS2_PLACEMENT_3D('',#1274,#1275,#1276);
#1274 = CARTESIAN_POINT('',(-28.8722,66.5,11.2));
#1275 = DIRECTION('',(-0.,0.,1.));
#1276 = DIRECTION('',(0.995180084663,-9.806426000839E-02,0.));
#1277 = ORIENTED_EDGE('',*,*,#1278,.T.);
#1278 = EDGE_CURVE('',#1270,#1279,#1281,.T.);
#1279 = VERTEX_POINT('',#1280);
#1280 = CARTESIAN_POINT('',(-27.85644577598,68.81153220319,11.2));
#1281 = LINE('',#1282,#1283);
#1282 = CARTESIAN_POINT('',(-28.63684577598,68.88843220319,11.2));
#1283 = VECTOR('',#1284,1.);
#1284 = DIRECTION('',(0.995180084663,-9.806426000839E-02,0.));
#1285 = ORIENTED_EDGE('',*,*,#1286,.F.);
#1286 = EDGE_CURVE('',#1287,#1279,#1289,.T.);
#1287 = VERTEX_POINT('',#1288);
#1288 = CARTESIAN_POINT('',(-27.39511962448,68.719757670261,11.2));
#1289 = CIRCLE('',#1290,2.4);
#1290 = AXIS2_PLACEMENT_3D('',#1291,#1292,#1293);
#1291 = CARTESIAN_POINT('',(-28.0918,66.4231,11.2));
#1292 = DIRECTION('',(-0.,0.,1.));
#1293 = DIRECTION('',(0.956940695942,-0.290283489799,0.));
#1294 = ORIENTED_EDGE('',*,*,#1295,.T.);
#1295 = EDGE_CURVE('',#1287,#1296,#1298,.T.);
#1296 = VERTEX_POINT('',#1297);
#1297 = CARTESIAN_POINT('',(-26.64481962448,68.492157670261,11.2));
#1298 = LINE('',#1299,#1300);
#1299 = CARTESIAN_POINT('',(-27.39511962448,68.719757670261,11.2));
#1300 = VECTOR('',#1301,1.);
#1301 = DIRECTION('',(0.956940695942,-0.290283489799,0.));
#1302 = ORIENTED_EDGE('',*,*,#1303,.F.);
#1303 = EDGE_CURVE('',#1304,#1296,#1306,.T.);
#1304 = VERTEX_POINT('',#1305);
#1305 = CARTESIAN_POINT('',(-26.21030947296,68.312197425598,11.2));
#1306 = CIRCLE('',#1307,2.4);
#1307 = AXIS2_PLACEMENT_3D('',#1308,#1309,#1310);
#1308 = CARTESIAN_POINT('',(-27.3415,66.1955,11.2));
#1309 = DIRECTION('',(-0.,0.,1.));
#1310 = DIRECTION('',(0.881957260666,-0.471329386267,0.));
#1311 = ORIENTED_EDGE('',*,*,#1312,.T.);
#1312 = EDGE_CURVE('',#1304,#1313,#1315,.T.);
#1313 = VERTEX_POINT('',#1314);
#1314 = CARTESIAN_POINT('',(-25.51870947296,67.942597425598,11.2));
#1315 = LINE('',#1316,#1317);
#1316 = CARTESIAN_POINT('',(-26.21030947296,68.312197425598,11.2));
#1317 = VECTOR('',#1318,1.);
#1318 = DIRECTION('',(0.881957260666,-0.471329386267,0.));
#1319 = ORIENTED_EDGE('',*,*,#1320,.F.);
#1320 = EDGE_CURVE('',#1321,#1313,#1323,.T.);
#1321 = VERTEX_POINT('',#1322);
#1322 = CARTESIAN_POINT('',(-25.12719776749,67.680995121853,11.2));
#1323 = CIRCLE('',#1324,2.4);
#1324 = AXIS2_PLACEMENT_3D('',#1325,#1326,#1327);
#1325 = CARTESIAN_POINT('',(-26.6499,65.8259,11.2));
#1326 = DIRECTION('',(-0.,0.,1.));
#1327 = DIRECTION('',(0.772956300772,-0.634459263544,0.));
#1328 = ORIENTED_EDGE('',*,*,#1329,.T.);
#1329 = EDGE_CURVE('',#1321,#1330,#1332,.T.);
#1330 = VERTEX_POINT('',#1331);
#1331 = CARTESIAN_POINT('',(-24.52109776749,67.183495121853,11.2));
#1332 = LINE('',#1333,#1334);
#1333 = CARTESIAN_POINT('',(-25.12719776749,67.680995121853,11.2));
#1334 = VECTOR('',#1335,1.);
#1335 = DIRECTION('',(0.772956300772,-0.634459263544,0.));
#1336 = ORIENTED_EDGE('',*,*,#1337,.F.);
#1337 = EDGE_CURVE('',#1338,#1330,#1340,.T.);
#1338 = VERTEX_POINT('',#1339);
#1339 = CARTESIAN_POINT('',(-24.18870487814,66.851102232506,11.2));
#1340 = CIRCLE('',#1341,2.4);
#1341 = AXIS2_PLACEMENT_3D('',#1342,#1343,#1344);
#1342 = CARTESIAN_POINT('',(-26.0438,65.3284,11.2));
#1343 = DIRECTION('',(-0.,0.,1.));
#1344 = DIRECTION('',(0.634459263544,-0.772956300772,0.));
#1345 = ORIENTED_EDGE('',*,*,#1346,.T.);
#1346 = EDGE_CURVE('',#1338,#1347,#1349,.T.);
#1347 = VERTEX_POINT('',#1348);
#1348 = CARTESIAN_POINT('',(-23.69120487814,66.245002232506,11.2));
#1349 = LINE('',#1350,#1351);
#1350 = CARTESIAN_POINT('',(-24.18870487814,66.851102232506,11.2));
#1351 = VECTOR('',#1352,1.);
#1352 = DIRECTION('',(0.634459263544,-0.772956300772,0.));
#1353 = ORIENTED_EDGE('',*,*,#1354,.F.);
#1354 = EDGE_CURVE('',#1355,#1347,#1357,.T.);
#1355 = VERTEX_POINT('',#1356);
#1356 = CARTESIAN_POINT('',(-23.42908763325,65.852526434887,11.2));
#1357 = CIRCLE('',#1358,2.4);
#1358 = AXIS2_PLACEMENT_3D('',#1359,#1360,#1361);
#1359 = CARTESIAN_POINT('',(-25.5463,64.7223,11.2));
#1360 = DIRECTION('',(-0.,0.,1.));
#1361 = DIRECTION('',(0.470927681203,-0.882171819476,0.));
#1362 = ORIENTED_EDGE('',*,*,#1363,.T.);
#1363 = EDGE_CURVE('',#1355,#1364,#1366,.T.);
#1364 = VERTEX_POINT('',#1365);
#1365 = CARTESIAN_POINT('',(-23.42730883274,65.849194272121,11.2));
#1366 = LINE('',#1367,#1368);
#1367 = CARTESIAN_POINT('',(-23.42908763325,65.852526434887,11.2));
#1368 = VECTOR('',#1369,1.);
#1369 = DIRECTION('',(0.470927681203,-0.882171819476,0.));
#1370 = ORIENTED_EDGE('',*,*,#1371,.T.);
#1371 = EDGE_CURVE('',#1364,#1372,#1374,.T.);
#1372 = VERTEX_POINT('',#1373);
#1373 = CARTESIAN_POINT('',(-22.57062187407,64.567049533613,11.2));
#1374 = LINE('',#1375,#1376);
#1375 = CARTESIAN_POINT('',(-23.49316231405,65.947752670522,11.2));
#1376 = VECTOR('',#1377,1.);
#1377 = DIRECTION('',(0.555563612717,-0.831474035809,0.));
#1378 = ORIENTED_EDGE('',*,*,#1379,.T.);
#1379 = EDGE_CURVE('',#1372,#1380,#1382,.T.);
#1380 = VERTEX_POINT('',#1381);
#1381 = CARTESIAN_POINT('',(-21.7986195827,63.795117024607,11.2));
#1382 = LINE('',#1383,#1384);
#1383 = CARTESIAN_POINT('',(-22.73782042999,64.734232976223,11.2));
#1384 = VECTOR('',#1385,1.);
#1385 = DIRECTION('',(0.707138740093,-0.707074820836,0.));
#1386 = ORIENTED_EDGE('',*,*,#1387,.T.);
#1387 = EDGE_CURVE('',#1380,#1388,#1390,.T.);
#1388 = VERTEX_POINT('',#1389);
#1389 = CARTESIAN_POINT('',(-20.89085648209,63.188545924478,11.2));
#1390 = LINE('',#1391,#1392);
#1391 = CARTESIAN_POINT('',(-21.99509620093,63.926403522581,11.2));
#1392 = VECTOR('',#1393,1.);
#1393 = DIRECTION('',(0.831459801075,-0.555584916278,0.));
#1394 = ORIENTED_EDGE('',*,*,#1395,.T.);
#1395 = EDGE_CURVE('',#1388,#1396,#1398,.T.);
#1396 = VERTEX_POINT('',#1397);
#1397 = CARTESIAN_POINT('',(-19.88225254821,62.770771484726,11.2));
#1398 = LINE('',#1399,#1400);
#1399 = CARTESIAN_POINT('',(-21.10926537052,63.279013201011,11.2));
#1400 = VECTOR('',#1401,1.);
#1401 = DIRECTION('',(0.923880500421,-0.382681095615,0.));
#1402 = ORIENTED_EDGE('',*,*,#1403,.T.);
#1403 = EDGE_CURVE('',#1396,#1404,#1406,.T.);
#1404 = VERTEX_POINT('',#1405);
#1405 = CARTESIAN_POINT('',(-18.65630646593,62.526919882605,11.2));
#1406 = LINE('',#1407,#1408);
#1407 = CARTESIAN_POINT('',(-20.11409104983,62.81688622898,11.2));
#1408 = VECTOR('',#1409,1.);
#1409 = DIRECTION('',(0.980785928742,-0.19508706257,0.));
#1410 = ORIENTED_EDGE('',*,*,#1411,.T.);
#1411 = EDGE_CURVE('',#1404,#1412,#1414,.T.);
#1412 = VERTEX_POINT('',#1413);
#1413 = CARTESIAN_POINT('',(-18.10846937447,62.5,11.2));
#1414 = LINE('',#1415,#1416);
#1415 = CARTESIAN_POINT('',(-18.83310976702,62.535607728287,11.2));
#1416 = VECTOR('',#1417,1.);
#1417 = DIRECTION('',(0.998794886786,-4.907926374126E-02,0.));
#1418 = ORIENTED_EDGE('',*,*,#1419,.T.);
#1419 = EDGE_CURVE('',#1412,#1420,#1422,.T.);
#1420 = VERTEX_POINT('',#1421);
#1421 = CARTESIAN_POINT('',(-10.853,62.5,11.2));
#1422 = LINE('',#1423,#1424);
#1423 = CARTESIAN_POINT('',(-18.1674,62.5,11.2));
#1424 = VECTOR('',#1425,1.);
#1425 = DIRECTION('',(1.,0.,0.));
#1426 = ORIENTED_EDGE('',*,*,#1427,.F.);
#1427 = EDGE_CURVE('',#1428,#1420,#1430,.T.);
#1428 = VERTEX_POINT('',#1429);
#1429 = CARTESIAN_POINT('',(-10.61761590407,62.488429259447,11.2));
#1430 = CIRCLE('',#1431,2.4);
#1431 = AXIS2_PLACEMENT_3D('',#1432,#1433,#1434);
#1432 = CARTESIAN_POINT('',(-10.853,60.1,11.2));
#1433 = DIRECTION('',(-0.,0.,1.));
#1434 = DIRECTION('',(0.995178858103,-9.807670663608E-02,0.));
#1435 = ORIENTED_EDGE('',*,*,#1436,.T.);
#1436 = EDGE_CURVE('',#1428,#1437,#1439,.T.);
#1437 = VERTEX_POINT('',#1438);
#1438 = CARTESIAN_POINT('',(-9.837315904073,62.411529259447,11.2));
#1439 = LINE('',#1440,#1441);
#1440 = CARTESIAN_POINT('',(-10.61761590407,62.488429259447,11.2));
#1441 = VECTOR('',#1442,1.);
#1442 = DIRECTION('',(0.995178858103,-9.807670663608E-02,0.));
#1443 = ORIENTED_EDGE('',*,*,#1444,.F.);
#1444 = EDGE_CURVE('',#1445,#1437,#1447,.T.);
#1445 = VERTEX_POINT('',#1446);
#1446 = CARTESIAN_POINT('',(-9.376121645405,62.319788615357,11.2));
#1447 = CIRCLE('',#1448,2.4);
#1448 = AXIS2_PLACEMENT_3D('',#1449,#1450,#1451);
#1449 = CARTESIAN_POINT('',(-10.0727,60.0231,11.2));
#1450 = DIRECTION('',(-0.,0.,1.));
#1451 = DIRECTION('',(0.956953589732,-0.290240981081,0.));
#1452 = ORIENTED_EDGE('',*,*,#1453,.T.);
#1453 = EDGE_CURVE('',#1445,#1454,#1456,.T.);
#1454 = VERTEX_POINT('',#1455);
#1455 = CARTESIAN_POINT('',(-8.625701645405,62.092188615357,11.2));
#1456 = LINE('',#1457,#1458);
#1457 = CARTESIAN_POINT('',(-9.376121645405,62.319788615357,11.2));
#1458 = VECTOR('',#1459,1.);
#1459 = DIRECTION('',(0.956953589732,-0.290240981081,0.));
#1460 = ORIENTED_EDGE('',*,*,#1461,.F.);
#1461 = EDGE_CURVE('',#1462,#1454,#1464,.T.);
#1462 = VERTEX_POINT('',#1463);
#1463 = CARTESIAN_POINT('',(-8.191013132947,61.912156626737,11.2));
#1464 = CIRCLE('',#1465,2.4);
#1465 = AXIS2_PLACEMENT_3D('',#1466,#1467,#1468);
#1466 = CARTESIAN_POINT('',(-9.32228,59.7955,11.2));
#1467 = DIRECTION('',(-0.,0.,1.));
#1468 = DIRECTION('',(0.88194026114,-0.471361194605,0.));
#1469 = ORIENTED_EDGE('',*,*,#1470,.T.);
#1470 = EDGE_CURVE('',#1462,#1471,#1473,.T.);
#1471 = VERTEX_POINT('',#1472);
#1472 = CARTESIAN_POINT('',(-7.499473132947,61.542556626737,11.2));
#1473 = LINE('',#1474,#1475);
#1474 = CARTESIAN_POINT('',(-8.191013132947,61.912156626737,11.2));
#1475 = VECTOR('',#1476,1.);
#1476 = DIRECTION('',(0.88194026114,-0.471361194605,0.));
#1477 = ORIENTED_EDGE('',*,*,#1478,.F.);
#1478 = EDGE_CURVE('',#1479,#1471,#1481,.T.);
#1479 = VERTEX_POINT('',#1480);
#1480 = CARTESIAN_POINT('',(-7.108112815023,61.281056719948,11.2));
#1481 = CIRCLE('',#1482,2.4);
#1482 = AXIS2_PLACEMENT_3D('',#1483,#1484,#1485);
#1483 = CARTESIAN_POINT('',(-8.63074,59.4259,11.2));
#1484 = DIRECTION('',(-0.,0.,1.));
#1485 = DIRECTION('',(0.772981966645,-0.634427993741,0.));
#1486 = ORIENTED_EDGE('',*,*,#1487,.T.);
#1487 = EDGE_CURVE('',#1479,#1488,#1490,.T.);
#1488 = VERTEX_POINT('',#1489);
#1489 = CARTESIAN_POINT('',(-6.501962815023,60.783556719948,11.2));
#1490 = LINE('',#1491,#1492);
#1491 = CARTESIAN_POINT('',(-7.108112815023,61.281056719948,11.2));
#1492 = VECTOR('',#1493,1.);
#1493 = DIRECTION('',(0.772981966645,-0.634427993741,0.));
#1494 = ORIENTED_EDGE('',*,*,#1495,.F.);
#1495 = EDGE_CURVE('',#1496,#1488,#1498,.T.);
#1496 = VERTEX_POINT('',#1497);
#1497 = CARTESIAN_POINT('',(-6.169419827383,60.451010794206,11.2));
#1498 = CIRCLE('',#1499,2.4);
#1499 = AXIS2_PLACEMENT_3D('',#1500,#1501,#1502);
#1500 = CARTESIAN_POINT('',(-8.02459,58.9284,11.2));
#1501 = DIRECTION('',(-0.,0.,1.));
#1502 = DIRECTION('',(0.634421164253,-0.772987571924,0.));
#1503 = ORIENTED_EDGE('',*,*,#1504,.T.);
#1504 = EDGE_CURVE('',#1496,#1505,#1507,.T.);
#1505 = VERTEX_POINT('',#1506);
#1506 = CARTESIAN_POINT('',(-5.671969827383,59.844910794206,11.2));
#1507 = LINE('',#1508,#1509);
#1508 = CARTESIAN_POINT('',(-6.169419827383,60.451010794206,11.2));
#1509 = VECTOR('',#1510,1.);
#1510 = DIRECTION('',(0.634421164253,-0.772987571924,0.));
#1511 = ORIENTED_EDGE('',*,*,#1512,.F.);
#1512 = EDGE_CURVE('',#1513,#1505,#1515,.T.);
#1513 = VERTEX_POINT('',#1514);
#1514 = CARTESIAN_POINT('',(-5.410493465718,59.453585750335,11.2));
#1515 = CIRCLE('',#1516,2.4);
#1516 = AXIS2_PLACEMENT_3D('',#1517,#1518,#1519);
#1517 = CARTESIAN_POINT('',(-7.52714,58.3223,11.2));
#1518 = DIRECTION('',(-0.,0.,1.));
#1519 = DIRECTION('',(0.47136906264,-0.881936055951,0.));
#1520 = ORIENTED_EDGE('',*,*,#1521,.T.);
#1521 = EDGE_CURVE('',#1513,#1522,#1524,.T.);
#1522 = VERTEX_POINT('',#1523);
#1523 = CARTESIAN_POINT('',(-5.040853465718,58.761985750335,11.2));
#1524 = LINE('',#1525,#1526);
#1525 = CARTESIAN_POINT('',(-5.410493465718,59.453585750335,11.2));
#1526 = VECTOR('',#1527,1.);
#1527 = DIRECTION('',(0.47136906264,-0.881936055951,0.));
#1528 = ORIENTED_EDGE('',*,*,#1529,.F.);
#1529 = EDGE_CURVE('',#1530,#1522,#1532,.T.);
#1530 = VERTEX_POINT('',#1531);
#1531 = CARTESIAN_POINT('',(-4.86085933616,58.327436435963,11.2));
#1532 = CIRCLE('',#1533,2.4);
#1533 = AXIS2_PLACEMENT_3D('',#1534,#1535,#1536);
#1534 = CARTESIAN_POINT('',(-7.1575,57.6307,11.2));
#1535 = DIRECTION('',(-0.,0.,1.));
#1536 = DIRECTION('',(0.290306848318,-0.956933609933,0.));
#1537 = ORIENTED_EDGE('',*,*,#1538,.T.);
#1538 = EDGE_CURVE('',#1530,#1539,#1541,.T.);
#1539 = VERTEX_POINT('',#1540);
#1540 = CARTESIAN_POINT('',(-4.63323933616,57.577136435963,11.2));
#1541 = LINE('',#1542,#1543);
#1542 = CARTESIAN_POINT('',(-4.86085933616,58.327436435963,11.2));
#1543 = VECTOR('',#1544,1.);
#1544 = DIRECTION('',(0.290306848318,-0.956933609933,0.));
#1545 = ORIENTED_EDGE('',*,*,#1546,.F.);
#1546 = EDGE_CURVE('',#1547,#1539,#1549,.T.);
#1547 = VERTEX_POINT('',#1548);
#1548 = CARTESIAN_POINT('',(-4.555850094728,57.232510790623,11.2));
#1549 = CIRCLE('',#1550,2.4);
#1550 = AXIS2_PLACEMENT_3D('',#1551,#1552,#1553);
#1551 = CARTESIAN_POINT('',(-6.92988,56.8804,11.2));
#1552 = DIRECTION('',(-0.,0.,1.));
#1553 = DIRECTION('',(0.146712829426,-0.989179127197,0.));
#1554 = ORIENTED_EDGE('',*,*,#1555,.T.);
#1555 = EDGE_CURVE('',#1547,#1556,#1558,.T.);
#1556 = VERTEX_POINT('',#1557);
#1557 = CARTESIAN_POINT('',(-4.53421594708,57.086647287267,11.2));
#1558 = LINE('',#1559,#1560);
#1559 = CARTESIAN_POINT('',(-4.555850094728,57.232510790623,11.2));
#1560 = VECTOR('',#1561,1.);
#1561 = DIRECTION('',(0.146712829426,-0.989179127197,0.));
#1562 = ORIENTED_EDGE('',*,*,#1563,.T.);
#1563 = EDGE_CURVE('',#1556,#1564,#1566,.T.);
#1564 = VERTEX_POINT('',#1565);
#1565 = CARTESIAN_POINT('',(-4.195125640584,55.968803679237,11.2));
#1566 = LINE('',#1567,#1568);
#1567 = CARTESIAN_POINT('',(-4.585610999948,57.25607599175,11.2));
#1568 = VECTOR('',#1569,1.);
#1569 = DIRECTION('',(0.290281663229,-0.956941250022,0.));
#1570 = ORIENTED_EDGE('',*,*,#1571,.T.);
#1571 = EDGE_CURVE('',#1564,#1572,#1574,.T.);
#1572 = VERTEX_POINT('',#1573);
#1573 = CARTESIAN_POINT('',(-3.68048160152,55.006018078292,11.2));
#1574 = LINE('',#1575,#1576);
#1575 = CARTESIAN_POINT('',(-4.306571279035,56.177293912961,11.2));
#1576 = VECTOR('',#1577,1.);
#1577 = DIRECTION('',(0.4714141304,-0.881911967069,0.));
#1578 = ORIENTED_EDGE('',*,*,#1579,.T.);
#1579 = EDGE_CURVE('',#1572,#1580,#1582,.T.);
#1580 = VERTEX_POINT('',#1581);
#1581 = CARTESIAN_POINT('',(-2.987882899771,54.162051015758,11.2));
#1582 = LINE('',#1583,#1584);
#1583 = CARTESIAN_POINT('',(-3.830405626432,55.188708196811,11.2));
#1584 = VECTOR('',#1585,1.);
#1585 = DIRECTION('',(0.634378415338,-0.773022655653,0.));
#1586 = ORIENTED_EDGE('',*,*,#1587,.T.);
#1587 = EDGE_CURVE('',#1580,#1588,#1590,.T.);
#1588 = VERTEX_POINT('',#1589);
#1589 = CARTESIAN_POINT('',(-2.14398342146,53.469477892598,11.2));
#1590 = LINE('',#1591,#1592);
#1591 = CARTESIAN_POINT('',(-3.170622545283,54.312022156006,11.2));
#1592 = VECTOR('',#1593,1.);
#1593 = DIRECTION('',(0.773009231669,-0.634394772799,0.));
#1594 = ORIENTED_EDGE('',*,*,#1595,.T.);
#1595 = EDGE_CURVE('',#1588,#1596,#1598,.T.);
#1596 = VERTEX_POINT('',#1597);
#1597 = CARTESIAN_POINT('',(-1.181199355165,52.954853323733,11.2));
#1598 = LINE('',#1599,#1600);
#1599 = CARTESIAN_POINT('',(-2.352447975911,53.580905766422,11.2));
#1600 = VECTOR('',#1601,1.);
#1601 = DIRECTION('',(0.881919069342,-0.47140084337,0.));
#1602 = ORIENTED_EDGE('',*,*,#1603,.T.);
#1603 = EDGE_CURVE('',#1596,#1604,#1606,.T.);
#1604 = VERTEX_POINT('',#1605);
#1605 = CARTESIAN_POINT('',(-0.13649766189,52.637977417294,11.2));
#1606 = LINE('',#1607,#1608);
#1607 = CARTESIAN_POINT('',(-1.407438956304,53.023475667455,11.2));
#1608 = VECTOR('',#1609,1.);
#1609 = DIRECTION('',(0.956948194773,-0.290258768207,0.));
#1610 = ORIENTED_EDGE('',*,*,#1611,.T.);
#1611 = EDGE_CURVE('',#1604,#1612,#1614,.T.);
#1612 = VERTEX_POINT('',#1613);
#1613 = CARTESIAN_POINT('',(1.264414140054,52.5,11.2));
#1614 = LINE('',#1615,#1616);
#1615 = CARTESIAN_POINT('',(-0.371706457676,52.661143402563,11.2));
#1616 = VECTOR('',#1617,1.);
#1617 = DIRECTION('',(0.995184751068,-9.801689263519E-02,0.));
#1618 = ORIENTED_EDGE('',*,*,#1619,.T.);
#1619 = EDGE_CURVE('',#1612,#1620,#1622,.T.);
#1620 = VERTEX_POINT('',#1621);
#1621 = CARTESIAN_POINT('',(8.,52.5,11.2));
#1622 = LINE('',#1623,#1624);
#1623 = CARTESIAN_POINT('',(1.14651,52.5,11.2));
#1624 = VECTOR('',#1625,1.);
#1625 = DIRECTION('',(1.,0.,0.));
#1626 = ORIENTED_EDGE('',*,*,#1627,.F.);
#1627 = EDGE_CURVE('',#1628,#1620,#1630,.T.);
#1628 = VERTEX_POINT('',#1629);
#1629 = CARTESIAN_POINT('',(8.235366171877,52.488431025828,11.2));
#1630 = CIRCLE('',#1631,2.4);
#1631 = AXIS2_PLACEMENT_3D('',#1632,#1633,#1634);
#1632 = CARTESIAN_POINT('',(8.,50.1,11.2));
#1633 = DIRECTION('',(-0.,0.,1.));
#1634 = DIRECTION('',(0.995179594095,-9.80692382822E-02,0.));
#1635 = ORIENTED_EDGE('',*,*,#1636,.T.);
#1636 = EDGE_CURVE('',#1628,#1637,#1639,.T.);
#1637 = VERTEX_POINT('',#1638);
#1638 = CARTESIAN_POINT('',(9.015726171877,52.411531025828,11.2));
#1639 = LINE('',#1640,#1641);
#1640 = CARTESIAN_POINT('',(8.235366171877,52.488431025828,11.2));
#1641 = VECTOR('',#1642,1.);
#1642 = DIRECTION('',(0.995179594095,-9.80692382822E-02,0.));
#1643 = ORIENTED_EDGE('',*,*,#1644,.F.);
#1644 = EDGE_CURVE('',#1645,#1637,#1647,.T.);
#1645 = VERTEX_POINT('',#1646);
#1646 = CARTESIAN_POINT('',(9.476980859849,52.319775723219,11.2));
#1647 = CIRCLE('',#1648,2.4);
#1648 = AXIS2_PLACEMENT_3D('',#1649,#1650,#1651);
#1649 = CARTESIAN_POINT('',(8.78036,50.0231,11.2));
#1650 = DIRECTION('',(-0.,0.,1.));
#1651 = DIRECTION('',(0.956948218008,-0.290258691604,0.));
#1652 = ORIENTED_EDGE('',*,*,#1653,.T.);
#1653 = EDGE_CURVE('',#1645,#1654,#1656,.T.);
#1654 = VERTEX_POINT('',#1655);
#1655 = CARTESIAN_POINT('',(10.227350859849,52.092175723219,11.2));
#1656 = LINE('',#1657,#1658);
#1657 = CARTESIAN_POINT('',(9.476980859849,52.319775723219,11.2));
#1658 = VECTOR('',#1659,1.);
#1659 = DIRECTION('',(0.956948218008,-0.290258691604,0.));
#1660 = ORIENTED_EDGE('',*,*,#1661,.F.);
#1661 = EDGE_CURVE('',#1662,#1654,#1664,.T.);
#1662 = VERTEX_POINT('',#1663);
#1663 = CARTESIAN_POINT('',(10.661958695943,51.9121770272,11.2));
#1664 = CIRCLE('',#1665,2.4);
#1665 = AXIS2_PLACEMENT_3D('',#1666,#1667,#1668);
#1666 = CARTESIAN_POINT('',(9.53073,49.7955,11.2));
#1667 = DIRECTION('',(-0.,0.,1.));
#1668 = DIRECTION('',(0.881948761333,-0.471345289976,0.));
#1669 = ORIENTED_EDGE('',*,*,#1670,.T.);
#1670 = EDGE_CURVE('',#1662,#1671,#1673,.T.);
#1671 = VERTEX_POINT('',#1672);
#1672 = CARTESIAN_POINT('',(11.353528695943,51.5425770272,11.2));
#1673 = LINE('',#1674,#1675);
#1674 = CARTESIAN_POINT('',(10.661958695943,51.9121770272,11.2));
#1675 = VECTOR('',#1676,1.);
#1676 = DIRECTION('',(0.881948761333,-0.471345289976,0.));
#1677 = ORIENTED_EDGE('',*,*,#1678,.F.);
#1678 = EDGE_CURVE('',#1679,#1671,#1681,.T.);
#1679 = VERTEX_POINT('',#1680);
#1680 = CARTESIAN_POINT('',(11.745002232506,51.280995121853,11.2));
#1681 = CIRCLE('',#1682,2.4);
#1682 = AXIS2_PLACEMENT_3D('',#1683,#1684,#1685);
#1683 = CARTESIAN_POINT('',(10.2223,49.4259,11.2));
#1684 = DIRECTION('',(-0.,0.,1.));
#1685 = DIRECTION('',(0.772956300772,-0.634459263544,0.));
#1686 = ORIENTED_EDGE('',*,*,#1687,.T.);
#1687 = EDGE_CURVE('',#1679,#1688,#1690,.T.);
#1688 = VERTEX_POINT('',#1689);
#1689 = CARTESIAN_POINT('',(12.351102232506,50.783495121853,11.2));
#1690 = LINE('',#1691,#1692);
#1691 = CARTESIAN_POINT('',(11.745002232506,51.280995121853,11.2));
#1692 = VECTOR('',#1693,1.);
#1693 = DIRECTION('',(0.772956300772,-0.634459263544,0.));
#1694 = ORIENTED_EDGE('',*,*,#1695,.F.);
#1695 = EDGE_CURVE('',#1696,#1688,#1698,.T.);
#1696 = VERTEX_POINT('',#1697);
#1697 = CARTESIAN_POINT('',(12.683495121853,50.451102232506,11.2));
#1698 = CIRCLE('',#1699,2.4);
#1699 = AXIS2_PLACEMENT_3D('',#1700,#1701,#1702);
#1700 = CARTESIAN_POINT('',(10.8284,48.9284,11.2));
#1701 = DIRECTION('',(-0.,0.,1.));
#1702 = DIRECTION('',(0.634459263544,-0.772956300772,0.));
#1703 = ORIENTED_EDGE('',*,*,#1704,.T.);
#1704 = EDGE_CURVE('',#1696,#1705,#1707,.T.);
#1705 = VERTEX_POINT('',#1706);
#1706 = CARTESIAN_POINT('',(13.180995121853,49.845002232506,11.2));
#1707 = LINE('',#1708,#1709);
#1708 = CARTESIAN_POINT('',(12.683495121853,50.451102232506,11.2));
#1709 = VECTOR('',#1710,1.);
#1710 = DIRECTION('',(0.634459263544,-0.772956300772,0.));
#1711 = ORIENTED_EDGE('',*,*,#1712,.F.);
#1712 = EDGE_CURVE('',#1713,#1705,#1715,.T.);
#1713 = VERTEX_POINT('',#1714);
#1714 = CARTESIAN_POINT('',(13.442597425598,49.45349052704,11.2));
#1715 = CIRCLE('',#1716,2.4);
#1716 = AXIS2_PLACEMENT_3D('',#1717,#1718,#1719);
#1717 = CARTESIAN_POINT('',(11.3259,48.3223,11.2));
#1718 = DIRECTION('',(-0.,0.,1.));
#1719 = DIRECTION('',(0.471329386267,-0.881957260666,0.));
#1720 = ORIENTED_EDGE('',*,*,#1721,.T.);
#1721 = EDGE_CURVE('',#1713,#1722,#1724,.T.);
#1722 = VERTEX_POINT('',#1723);
#1723 = CARTESIAN_POINT('',(13.812197425598,48.76189052704,11.2));
#1724 = LINE('',#1725,#1726);
#1725 = CARTESIAN_POINT('',(13.442597425598,49.45349052704,11.2));
#1726 = VECTOR('',#1727,1.);
#1727 = DIRECTION('',(0.471329386267,-0.881957260666,0.));
#1728 = ORIENTED_EDGE('',*,*,#1729,.F.);
#1729 = EDGE_CURVE('',#1730,#1722,#1732,.T.);
#1730 = VERTEX_POINT('',#1731);
#1731 = CARTESIAN_POINT('',(13.992157670261,48.327380375518,11.2));
#1732 = CIRCLE('',#1733,2.4);
#1733 = AXIS2_PLACEMENT_3D('',#1734,#1735,#1736);
#1734 = CARTESIAN_POINT('',(11.6955,47.6307,11.2));
#1735 = DIRECTION('',(-0.,0.,1.));
#1736 = DIRECTION('',(0.290283489799,-0.956940695942,0.));
#1737 = ORIENTED_EDGE('',*,*,#1738,.T.);
#1738 = EDGE_CURVE('',#1730,#1739,#1741,.T.);
#1739 = VERTEX_POINT('',#1740);
#1740 = CARTESIAN_POINT('',(14.219757670261,47.577080375518,11.2));
#1741 = LINE('',#1742,#1743);
#1742 = CARTESIAN_POINT('',(13.992157670261,48.327380375518,11.2));
#1743 = VECTOR('',#1744,1.);
#1744 = DIRECTION('',(0.290283489799,-0.956940695942,0.));
#1745 = ORIENTED_EDGE('',*,*,#1746,.F.);
#1746 = EDGE_CURVE('',#1747,#1739,#1749,.T.);
#1747 = VERTEX_POINT('',#1748);
#1748 = CARTESIAN_POINT('',(14.31153220319,47.11575422402,11.2));
#1749 = CIRCLE('',#1750,2.4);
#1750 = AXIS2_PLACEMENT_3D('',#1751,#1752,#1753);
#1751 = CARTESIAN_POINT('',(11.9231,46.8804,11.2));
#1752 = DIRECTION('',(-0.,0.,1.));
#1753 = DIRECTION('',(9.80642600084E-02,-0.995180084663,0.));
#1754 = ORIENTED_EDGE('',*,*,#1755,.T.);
#1755 = EDGE_CURVE('',#1747,#1756,#1758,.T.);
#1756 = VERTEX_POINT('',#1757);
#1757 = CARTESIAN_POINT('',(14.38843220319,46.33535422402,11.2));
#1758 = LINE('',#1759,#1760);
#1759 = CARTESIAN_POINT('',(14.31153220319,47.11575422402,11.2));
#1760 = VECTOR('',#1761,1.);
#1761 = DIRECTION('',(9.80642600084E-02,-0.995180084663,0.));
#1762 = ORIENTED_EDGE('',*,*,#1763,.F.);
#1763 = EDGE_CURVE('',#1764,#1756,#1766,.T.);
#1764 = VERTEX_POINT('',#1765);
#1765 = CARTESIAN_POINT('',(14.4,46.1,11.2));
#1766 = CIRCLE('',#1767,2.4);
#1767 = AXIS2_PLACEMENT_3D('',#1768,#1769,#1770);
#1768 = CARTESIAN_POINT('',(12.,46.1,11.2));
#1769 = DIRECTION('',(0.,0.,1.));
#1770 = DIRECTION('',(-0.,-1.,-0.));
#1771 = ORIENTED_EDGE('',*,*,#1772,.T.);
#1772 = EDGE_CURVE('',#1764,#1773,#1775,.T.);
#1773 = VERTEX_POINT('',#1774);
#1774 = CARTESIAN_POINT('',(14.4,-8.,11.2));
#1775 = LINE('',#1776,#1777);
#1776 = CARTESIAN_POINT('',(14.4,46.1,11.2));
#1777 = VECTOR('',#1778,1.);
#1778 = DIRECTION('',(-0.,-1.,-0.));
#1779 = ORIENTED_EDGE('',*,*,#1780,.F.);
#1780 = EDGE_CURVE('',#1781,#1773,#1783,.T.);
#1781 = VERTEX_POINT('',#1782);
#1782 = CARTESIAN_POINT('',(14.388431025828,-8.235366171877,11.2));
#1783 = CIRCLE('',#1784,2.4);
#1784 = AXIS2_PLACEMENT_3D('',#1785,#1786,#1787);
#1785 = CARTESIAN_POINT('',(12.,-8.,11.2));
#1786 = DIRECTION('',(-0.,0.,1.));
#1787 = DIRECTION('',(-9.806923828219E-02,-0.995179594095,-0.));
#1788 = ORIENTED_EDGE('',*,*,#1789,.T.);
#1789 = EDGE_CURVE('',#1781,#1790,#1792,.T.);
#1790 = VERTEX_POINT('',#1791);
#1791 = CARTESIAN_POINT('',(14.311531025828,-9.015726171877,11.2));
#1792 = LINE('',#1793,#1794);
#1793 = CARTESIAN_POINT('',(14.388431025828,-8.235366171877,11.2));
#1794 = VECTOR('',#1795,1.);
#1795 = DIRECTION('',(-9.806923828219E-02,-0.995179594095,-0.));
#1796 = ORIENTED_EDGE('',*,*,#1797,.F.);
#1797 = EDGE_CURVE('',#1798,#1790,#1800,.T.);
#1798 = VERTEX_POINT('',#1799);
#1799 = CARTESIAN_POINT('',(14.219775723219,-9.476980859849,11.2));
#1800 = CIRCLE('',#1801,2.4);
#1801 = AXIS2_PLACEMENT_3D('',#1802,#1803,#1804);
#1802 = CARTESIAN_POINT('',(11.9231,-8.78036,11.2));
#1803 = DIRECTION('',(-0.,0.,1.));
#1804 = DIRECTION('',(-0.290258691604,-0.956948218008,-0.));
#1805 = ORIENTED_EDGE('',*,*,#1806,.T.);
#1806 = EDGE_CURVE('',#1798,#1807,#1809,.T.);
#1807 = VERTEX_POINT('',#1808);
#1808 = CARTESIAN_POINT('',(13.992175723219,-10.22735085984,11.2));
#1809 = LINE('',#1810,#1811);
#1810 = CARTESIAN_POINT('',(14.219775723219,-9.476980859849,11.2));
#1811 = VECTOR('',#1812,1.);
#1812 = DIRECTION('',(-0.290258691604,-0.956948218008,-0.));
#1813 = ORIENTED_EDGE('',*,*,#1814,.F.);
#1814 = EDGE_CURVE('',#1815,#1807,#1817,.T.);
#1815 = VERTEX_POINT('',#1816);
#1816 = CARTESIAN_POINT('',(13.8121770272,-10.66195869594,11.2));
#1817 = CIRCLE('',#1818,2.4);
#1818 = AXIS2_PLACEMENT_3D('',#1819,#1820,#1821);
#1819 = CARTESIAN_POINT('',(11.6955,-9.53073,11.2));
#1820 = DIRECTION('',(-0.,0.,1.));
#1821 = DIRECTION('',(-0.471345289976,-0.881948761333,-0.));
#1822 = ORIENTED_EDGE('',*,*,#1823,.T.);
#1823 = EDGE_CURVE('',#1815,#1824,#1826,.T.);
#1824 = VERTEX_POINT('',#1825);
#1825 = CARTESIAN_POINT('',(13.4425770272,-11.35352869594,11.2));
#1826 = LINE('',#1827,#1828);
#1827 = CARTESIAN_POINT('',(13.8121770272,-10.66195869594,11.2));
#1828 = VECTOR('',#1829,1.);
#1829 = DIRECTION('',(-0.471345289976,-0.881948761333,-0.));
#1830 = ORIENTED_EDGE('',*,*,#1831,.F.);
#1831 = EDGE_CURVE('',#1832,#1824,#1834,.T.);
#1832 = VERTEX_POINT('',#1833);
#1833 = CARTESIAN_POINT('',(13.180995121853,-11.7450022325,11.2));
#1834 = CIRCLE('',#1835,2.4);
#1835 = AXIS2_PLACEMENT_3D('',#1836,#1837,#1838);
#1836 = CARTESIAN_POINT('',(11.3259,-10.2223,11.2));
#1837 = DIRECTION('',(-0.,0.,1.));
#1838 = DIRECTION('',(-0.634459263544,-0.772956300772,-0.));
#1839 = ORIENTED_EDGE('',*,*,#1840,.T.);
#1840 = EDGE_CURVE('',#1832,#1841,#1843,.T.);
#1841 = VERTEX_POINT('',#1842);
#1842 = CARTESIAN_POINT('',(12.683495121853,-12.3511022325,11.2));
#1843 = LINE('',#1844,#1845);
#1844 = CARTESIAN_POINT('',(13.180995121853,-11.7450022325,11.2));
#1845 = VECTOR('',#1846,1.);
#1846 = DIRECTION('',(-0.634459263544,-0.772956300772,-0.));
#1847 = ORIENTED_EDGE('',*,*,#1848,.F.);
#1848 = EDGE_CURVE('',#1849,#1841,#1851,.T.);
#1849 = VERTEX_POINT('',#1850);
#1850 = CARTESIAN_POINT('',(12.351102232506,-12.68349512185,11.2));
#1851 = CIRCLE('',#1852,2.4);
#1852 = AXIS2_PLACEMENT_3D('',#1853,#1854,#1855);
#1853 = CARTESIAN_POINT('',(10.8284,-10.8284,11.2));
#1854 = DIRECTION('',(-0.,0.,1.));
#1855 = DIRECTION('',(-0.772956300772,-0.634459263544,-0.));
#1856 = ORIENTED_EDGE('',*,*,#1857,.T.);
#1857 = EDGE_CURVE('',#1849,#1858,#1860,.T.);
#1858 = VERTEX_POINT('',#1859);
#1859 = CARTESIAN_POINT('',(11.745002232506,-13.18099512185,11.2));
#1860 = LINE('',#1861,#1862);
#1861 = CARTESIAN_POINT('',(12.351102232506,-12.68349512185,11.2));
#1862 = VECTOR('',#1863,1.);
#1863 = DIRECTION('',(-0.772956300772,-0.634459263544,-0.));
#1864 = ORIENTED_EDGE('',*,*,#1865,.F.);
#1865 = EDGE_CURVE('',#1866,#1858,#1868,.T.);
#1866 = VERTEX_POINT('',#1867);
#1867 = CARTESIAN_POINT('',(11.353528695943,-13.4425770272,11.2));
#1868 = CIRCLE('',#1869,2.4);
#1869 = AXIS2_PLACEMENT_3D('',#1870,#1871,#1872);
#1870 = CARTESIAN_POINT('',(10.2223,-11.3259,11.2));
#1871 = DIRECTION('',(-0.,0.,1.));
#1872 = DIRECTION('',(-0.881948761333,-0.471345289976,-0.));
#1873 = ORIENTED_EDGE('',*,*,#1874,.T.);
#1874 = EDGE_CURVE('',#1866,#1875,#1877,.T.);
#1875 = VERTEX_POINT('',#1876);
#1876 = CARTESIAN_POINT('',(10.661958695943,-13.8121770272,11.2));
#1877 = LINE('',#1878,#1879);
#1878 = CARTESIAN_POINT('',(11.353528695943,-13.4425770272,11.2));
#1879 = VECTOR('',#1880,1.);
#1880 = DIRECTION('',(-0.881948761333,-0.471345289976,-0.));
#1881 = ORIENTED_EDGE('',*,*,#1882,.F.);
#1882 = EDGE_CURVE('',#1883,#1875,#1885,.T.);
#1883 = VERTEX_POINT('',#1884);
#1884 = CARTESIAN_POINT('',(10.227350859849,-13.99217572321,11.2));
#1885 = CIRCLE('',#1886,2.4);
#1886 = AXIS2_PLACEMENT_3D('',#1887,#1888,#1889);
#1887 = CARTESIAN_POINT('',(9.53073,-11.6955,11.2));
#1888 = DIRECTION('',(-0.,0.,1.));
#1889 = DIRECTION('',(-0.956948218008,-0.290258691604,-0.));
#1890 = ORIENTED_EDGE('',*,*,#1891,.T.);
#1891 = EDGE_CURVE('',#1883,#1892,#1894,.T.);
#1892 = VERTEX_POINT('',#1893);
#1893 = CARTESIAN_POINT('',(9.476980859849,-14.21977572321,11.2));
#1894 = LINE('',#1895,#1896);
#1895 = CARTESIAN_POINT('',(10.227350859849,-13.99217572321,11.2));
#1896 = VECTOR('',#1897,1.);
#1897 = DIRECTION('',(-0.956948218008,-0.290258691604,-0.));
#1898 = ORIENTED_EDGE('',*,*,#1899,.F.);
#1899 = EDGE_CURVE('',#1900,#1892,#1902,.T.);
#1900 = VERTEX_POINT('',#1901);
#1901 = CARTESIAN_POINT('',(9.015726171877,-14.31153102582,11.2));
#1902 = CIRCLE('',#1903,2.4);
#1903 = AXIS2_PLACEMENT_3D('',#1904,#1905,#1906);
#1904 = CARTESIAN_POINT('',(8.78036,-11.9231,11.2));
#1905 = DIRECTION('',(-0.,0.,1.));
#1906 = DIRECTION('',(-0.995179594095,-9.806923828219E-02,-0.));
#1907 = ORIENTED_EDGE('',*,*,#1908,.T.);
#1908 = EDGE_CURVE('',#1900,#1909,#1911,.T.);
#1909 = VERTEX_POINT('',#1910);
#1910 = CARTESIAN_POINT('',(8.235366171877,-14.38843102582,11.2));
#1911 = LINE('',#1912,#1913);
#1912 = CARTESIAN_POINT('',(9.015726171877,-14.31153102582,11.2));
#1913 = VECTOR('',#1914,1.);
#1914 = DIRECTION('',(-0.995179594095,-9.806923828219E-02,-0.));
#1915 = ORIENTED_EDGE('',*,*,#1916,.F.);
#1916 = EDGE_CURVE('',#1917,#1909,#1919,.T.);
#1917 = VERTEX_POINT('',#1918);
#1918 = CARTESIAN_POINT('',(8.,-14.4,11.2));
#1919 = CIRCLE('',#1920,2.4);
#1920 = AXIS2_PLACEMENT_3D('',#1921,#1922,#1923);
#1921 = CARTESIAN_POINT('',(8.,-12.,11.2));
#1922 = DIRECTION('',(0.,0.,1.));
#1923 = DIRECTION('',(-1.,-0.,-0.));
#1924 = ORIENTED_EDGE('',*,*,#1925,.T.);
#1925 = EDGE_CURVE('',#1917,#1926,#1928,.T.);
#1926 = VERTEX_POINT('',#1927);
#1927 = CARTESIAN_POINT('',(1.264414140054,-14.4,11.2));
#1928 = LINE('',#1929,#1930);
#1929 = CARTESIAN_POINT('',(8.,-14.4,11.2));
#1930 = VECTOR('',#1931,1.);
#1931 = DIRECTION('',(-1.,-0.,-0.));
#1932 = ORIENTED_EDGE('',*,*,#1933,.T.);
#1933 = EDGE_CURVE('',#1926,#1934,#1936,.T.);
#1934 = VERTEX_POINT('',#1935);
#1935 = CARTESIAN_POINT('',(-0.13649766189,-14.53797741729,11.2));
#1936 = LINE('',#1937,#1938);
#1937 = CARTESIAN_POINT('',(1.381750542324,-14.38844340256,11.2));
#1938 = VECTOR('',#1939,1.);
#1939 = DIRECTION('',(-0.995184751068,-9.80168926352E-02,-0.));
#1940 = ORIENTED_EDGE('',*,*,#1941,.T.);
#1941 = EDGE_CURVE('',#1934,#1942,#1944,.T.);
#1942 = VERTEX_POINT('',#1943);
#1943 = CARTESIAN_POINT('',(-1.181199355165,-14.85485332373,11.2));
#1944 = LINE('',#1945,#1946);
#1945 = CARTESIAN_POINT('',(8.967404369629E-02,-14.46937566745,11.2));
#1946 = VECTOR('',#1947,1.);
#1947 = DIRECTION('',(-0.956948194773,-0.290258768207,-0.));
#1948 = ORIENTED_EDGE('',*,*,#1949,.T.);
#1949 = EDGE_CURVE('',#1942,#1950,#1952,.T.);
#1950 = VERTEX_POINT('',#1951);
#1951 = CARTESIAN_POINT('',(-2.14398342146,-15.36947789259,11.2));
#1952 = LINE('',#1953,#1954);
#1953 = CARTESIAN_POINT('',(-0.972697975911,-14.74340576642,11.2));
#1954 = VECTOR('',#1955,1.);
#1955 = DIRECTION('',(-0.881919069342,-0.47140084337,-0.));
#1956 = ORIENTED_EDGE('',*,*,#1957,.T.);
#1957 = EDGE_CURVE('',#1950,#1958,#1960,.T.);
#1958 = VERTEX_POINT('',#1959);
#1959 = CARTESIAN_POINT('',(-2.987882899771,-16.06205101575,11.2));
#1960 = LINE('',#1961,#1962);
#1961 = CARTESIAN_POINT('',(-1.961262545283,-15.219522156,11.2));
#1962 = VECTOR('',#1963,1.);
#1963 = DIRECTION('',(-0.773009231669,-0.634394772799,-0.));
#1964 = ORIENTED_EDGE('',*,*,#1965,.T.);
#1965 = EDGE_CURVE('',#1958,#1966,#1968,.T.);
#1966 = VERTEX_POINT('',#1967);
#1967 = CARTESIAN_POINT('',(-3.68048160152,-16.90601807829,11.2));
#1968 = LINE('',#1969,#1970);
#1969 = CARTESIAN_POINT('',(-2.837915626432,-15.87930819681,11.2));
#1970 = VECTOR('',#1971,1.);
#1971 = DIRECTION('',(-0.634378415338,-0.773022655653,-0.));
#1972 = ORIENTED_EDGE('',*,*,#1973,.T.);
#1973 = EDGE_CURVE('',#1966,#1974,#1976,.T.);
#1974 = VERTEX_POINT('',#1975);
#1975 = CARTESIAN_POINT('',(-4.195125693302,-17.86880377786,11.2));
#1976 = LINE('',#1977,#1978);
#1977 = CARTESIAN_POINT('',(-3.569071279035,-16.69759391296,11.2));
#1978 = VECTOR('',#1979,1.);
#1979 = DIRECTION('',(-0.4714141304,-0.881911967069,-0.));
#1980 = ORIENTED_EDGE('',*,*,#1981,.T.);
#1981 = EDGE_CURVE('',#1974,#1982,#1984,.T.);
#1982 = VERTEX_POINT('',#1983);
#1983 = CARTESIAN_POINT('',(-4.510291064249,-18.90777620372,11.2));
#1984 = LINE('',#1985,#1986);
#1985 = CARTESIAN_POINT('',(-4.126501064249,-17.64257620372,11.2));
#1986 = VECTOR('',#1987,1.);
#1987 = DIRECTION('',(-0.290281751552,-0.95694122323,-0.));
#1988 = ORIENTED_EDGE('',*,*,#1989,.F.);
#1989 = EDGE_CURVE('',#1990,#1982,#1992,.T.);
#1990 = VERTEX_POINT('',#1991);
#1991 = CARTESIAN_POINT('',(-4.58961994212,-19.12949393204,11.2));
#1992 = CIRCLE('',#1993,2.4);
#1993 = AXIS2_PLACEMENT_3D('',#1994,#1995,#1996);
#1994 = CARTESIAN_POINT('',(-6.80695,-18.2111,11.2));
#1995 = DIRECTION('',(-0.,0.,1.));
#1996 = DIRECTION('',(-0.382664138353,-0.923887524117,-0.));
#1997 = ORIENTED_EDGE('',*,*,#1998,.T.);
#1998 = EDGE_CURVE('',#1990,#1999,#2001,.T.);
#1999 = VERTEX_POINT('',#2000);
#2000 = CARTESIAN_POINT('',(-4.88969994212,-19.85399393204,11.2));
#2001 = LINE('',#2002,#2003);
#2002 = CARTESIAN_POINT('',(-4.58961994212,-19.12949393204,11.2));
#2003 = VECTOR('',#2004,1.);
#2004 = DIRECTION('',(-0.382664138353,-0.923887524117,-0.));
#2005 = ORIENTED_EDGE('',*,*,#2006,.F.);
#2006 = EDGE_CURVE('',#2007,#1999,#2009,.T.);
#2007 = VERTEX_POINT('',#2008);
#2008 = CARTESIAN_POINT('',(-5.111485297387,-20.26894216909,11.2));
#2009 = CIRCLE('',#2010,2.4);
#2010 = AXIS2_PLACEMENT_3D('',#2011,#2012,#2013);
#2011 = CARTESIAN_POINT('',(-7.10703,-18.9356,11.2));
#2012 = DIRECTION('',(-0.,0.,1.));
#2013 = DIRECTION('',(-0.555559237121,-0.831476959422,-0.));
#2014 = ORIENTED_EDGE('',*,*,#2015,.T.);
#2015 = EDGE_CURVE('',#2007,#2016,#2018,.T.);
#2016 = VERTEX_POINT('',#2017);
#2017 = CARTESIAN_POINT('',(-5.547125297387,-20.92094216909,11.2));
#2018 = LINE('',#2019,#2020);
#2019 = CARTESIAN_POINT('',(-5.111485297387,-20.26894216909,11.2));
#2020 = VECTOR('',#2021,1.);
#2021 = DIRECTION('',(-0.555559237121,-0.831476959422,-0.));
#2022 = ORIENTED_EDGE('',*,*,#2023,.F.);
#2023 = EDGE_CURVE('',#2024,#2016,#2026,.T.);
#2024 = VERTEX_POINT('',#2025);
#2025 = CARTESIAN_POINT('',(-5.845720859161,-21.28476340209,11.2));
#2026 = CIRCLE('',#2027,2.4);
#2027 = AXIS2_PLACEMENT_3D('',#2028,#2029,#2030);
#2028 = CARTESIAN_POINT('',(-7.54267,-19.5876,11.2));
#2029 = DIRECTION('',(-0.,0.,1.));
#2030 = DIRECTION('',(-0.707151417539,-0.707062142016,-0.));
#2031 = ORIENTED_EDGE('',*,*,#2032,.T.);
#2032 = EDGE_CURVE('',#2024,#2033,#2035,.T.);
#2033 = VERTEX_POINT('',#2034);
#2034 = CARTESIAN_POINT('',(-6.400190859161,-21.83916340209,11.2));
#2035 = LINE('',#2036,#2037);
#2036 = CARTESIAN_POINT('',(-5.845720859161,-21.28476340209,11.2));
#2037 = VECTOR('',#2038,1.);
#2038 = DIRECTION('',(-0.707151417539,-0.707062142016,-0.));
#2039 = ORIENTED_EDGE('',*,*,#2040,.F.);
#2040 = EDGE_CURVE('',#2041,#2033,#2043,.T.);
#2041 = VERTEX_POINT('',#2042);
#2042 = CARTESIAN_POINT('',(-6.763642602227,-22.13744097635,11.2));
#2043 = CIRCLE('',#2044,2.4);
#2044 = AXIS2_PLACEMENT_3D('',#2045,#2046,#2047);
#2045 = CARTESIAN_POINT('',(-8.09714,-20.142,11.2));
#2046 = DIRECTION('',(-0.,0.,1.));
#2047 = DIRECTION('',(-0.83143374015,-0.555623915739,-0.));
#2048 = ORIENTED_EDGE('',*,*,#2049,.T.);
#2049 = EDGE_CURVE('',#2041,#2050,#2052,.T.);
#2050 = VERTEX_POINT('',#2051);
#2051 = CARTESIAN_POINT('',(-7.415622602227,-22.57314097635,11.2));
#2052 = LINE('',#2053,#2054);
#2053 = CARTESIAN_POINT('',(-6.763642602227,-22.13744097635,11.2));
#2054 = VECTOR('',#2055,1.);
#2055 = DIRECTION('',(-0.83143374015,-0.555623915739,-0.));
#2056 = ORIENTED_EDGE('',*,*,#2057,.F.);
#2057 = EDGE_CURVE('',#2058,#2050,#2060,.T.);
#2058 = VERTEX_POINT('',#2059);
#2059 = CARTESIAN_POINT('',(-7.830619716732,-22.79498600537,11.2));
#2060 = CIRCLE('',#2061,2.4);
#2061 = AXIS2_PLACEMENT_3D('',#2062,#2063,#2064);
#2062 = CARTESIAN_POINT('',(-8.74912,-20.5777,11.2));
#2063 = DIRECTION('',(-0.,0.,1.));
#2064 = DIRECTION('',(-0.923869168907,-0.382708451362,-0.));
#2065 = ORIENTED_EDGE('',*,*,#2066,.T.);
#2066 = EDGE_CURVE('',#2058,#2067,#2069,.T.);
#2067 = VERTEX_POINT('',#2068);
#2068 = CARTESIAN_POINT('',(-8.555069716732,-23.09508600537,11.2));
#2069 = LINE('',#2070,#2071);
#2070 = CARTESIAN_POINT('',(-7.830619716732,-22.79498600537,11.2));
#2071 = VECTOR('',#2072,1.);
#2072 = DIRECTION('',(-0.923869168907,-0.382708451362,-0.));
#2073 = ORIENTED_EDGE('',*,*,#2074,.F.);
#2074 = EDGE_CURVE('',#2075,#2067,#2077,.T.);
#2075 = VERTEX_POINT('',#2076);
#2076 = CARTESIAN_POINT('',(-9.005558094291,-23.2317254143,11.2));
#2077 = CIRCLE('',#2078,2.4);
#2078 = AXIS2_PLACEMENT_3D('',#2079,#2080,#2081);
#2079 = CARTESIAN_POINT('',(-9.47357,-20.8778,11.2));
#2080 = DIRECTION('',(-0.,0.,1.));
#2081 = DIRECTION('',(-0.980802255961,-0.195004960712,-0.));
#2082 = ORIENTED_EDGE('',*,*,#2083,.T.);
#2083 = EDGE_CURVE('',#2075,#2084,#2086,.T.);
#2084 = VERTEX_POINT('',#2085);
#2085 = CARTESIAN_POINT('',(-9.774588094291,-23.3846254143,11.2));
#2086 = LINE('',#2087,#2088);
#2087 = CARTESIAN_POINT('',(-9.005558094291,-23.2317254143,11.2));
#2088 = VECTOR('',#2089,1.);
#2089 = DIRECTION('',(-0.980802255961,-0.195004960712,-0.));
#2090 = ORIENTED_EDGE('',*,*,#2091,.F.);
#2091 = EDGE_CURVE('',#2092,#2084,#2094,.T.);
#2092 = VERTEX_POINT('',#2093);
#2093 = CARTESIAN_POINT('',(-10.12460971876,-23.42779788985,11.2));
#2094 = CIRCLE('',#2095,2.4);
#2095 = AXIS2_PLACEMENT_3D('',#2096,#2097,#2098);
#2096 = CARTESIAN_POINT('',(-10.2426,-21.0307,11.2));
#2097 = DIRECTION('',(-0.,0.,1.));
#2098 = DIRECTION('',(-0.998790787438,-4.916261718327E-02,-0.));
#2099 = ORIENTED_EDGE('',*,*,#2100,.T.);
#2100 = EDGE_CURVE('',#2092,#2101,#2103,.T.);
#2101 = VERTEX_POINT('',#2102);
#2102 = CARTESIAN_POINT('',(-10.51670971876,-23.44709788985,11.2));
#2103 = LINE('',#2104,#2105);
#2104 = CARTESIAN_POINT('',(-10.12460971876,-23.42779788985,11.2));
#2105 = VECTOR('',#2106,1.);
#2106 = DIRECTION('',(-0.998790787438,-4.916261718327E-02,-0.));
#2107 = ORIENTED_EDGE('',*,*,#2108,.F.);
#2108 = EDGE_CURVE('',#2109,#2101,#2111,.T.);
#2109 = VERTEX_POINT('',#2110);
#2110 = CARTESIAN_POINT('',(-10.6347,-23.45,11.2));
#2111 = CIRCLE('',#2112,2.4);
#2112 = AXIS2_PLACEMENT_3D('',#2113,#2114,#2115);
#2113 = CARTESIAN_POINT('',(-10.6347,-21.05,11.2));
#2114 = DIRECTION('',(0.,0.,1.));
#2115 = DIRECTION('',(-1.,-0.,-0.));
#2116 = ORIENTED_EDGE('',*,*,#2117,.T.);
#2117 = EDGE_CURVE('',#2109,#2118,#2120,.T.);
#2118 = VERTEX_POINT('',#2119);
#2119 = CARTESIAN_POINT('',(-28.2778,-23.45,11.2));
#2120 = LINE('',#2121,#2122);
#2121 = CARTESIAN_POINT('',(-10.6347,-23.45,11.2));
#2122 = VECTOR('',#2123,1.);
#2123 = DIRECTION('',(-1.,-0.,-0.));
#2124 = ORIENTED_EDGE('',*,*,#2125,.F.);
#2125 = EDGE_CURVE('',#2126,#2118,#2128,.T.);
#2126 = VERTEX_POINT('',#2127);
#2127 = CARTESIAN_POINT('',(-28.51315422402,-23.43843220319,11.2));
#2128 = CIRCLE('',#2129,2.4);
#2129 = AXIS2_PLACEMENT_3D('',#2130,#2131,#2132);
#2130 = CARTESIAN_POINT('',(-28.2778,-21.05,11.2));
#2131 = DIRECTION('',(0.,-0.,1.));
#2132 = DIRECTION('',(-0.995180084663,9.80642600084E-02,0.));
#2133 = ORIENTED_EDGE('',*,*,#2134,.T.);
#2134 = EDGE_CURVE('',#2126,#2135,#2137,.T.);
#2135 = VERTEX_POINT('',#2136);
#2136 = CARTESIAN_POINT('',(-29.29355422402,-23.36153220319,11.2));
#2137 = LINE('',#2138,#2139);
#2138 = CARTESIAN_POINT('',(-28.51315422402,-23.43843220319,11.2));
#2139 = VECTOR('',#2140,1.);
#2140 = DIRECTION('',(-0.995180084663,9.80642600084E-02,0.));
#2141 = ORIENTED_EDGE('',*,*,#2142,.F.);
#2142 = EDGE_CURVE('',#2143,#2135,#2145,.T.);
#2143 = VERTEX_POINT('',#2144);
#2144 = CARTESIAN_POINT('',(-29.75488037551,-23.26975767026,11.2));
#2145 = CIRCLE('',#2146,2.4);
#2146 = AXIS2_PLACEMENT_3D('',#2147,#2148,#2149);
#2147 = CARTESIAN_POINT('',(-29.0582,-20.9731,11.2));
#2148 = DIRECTION('',(0.,-0.,1.));
#2149 = DIRECTION('',(-0.956940695942,0.290283489799,0.));
#2150 = ORIENTED_EDGE('',*,*,#2151,.T.);
#2151 = EDGE_CURVE('',#2143,#2152,#2154,.T.);
#2152 = VERTEX_POINT('',#2153);
#2153 = CARTESIAN_POINT('',(-30.50518037551,-23.04215767026,11.2));
#2154 = LINE('',#2155,#2156);
#2155 = CARTESIAN_POINT('',(-29.75488037551,-23.26975767026,11.2));
#2156 = VECTOR('',#2157,1.);
#2157 = DIRECTION('',(-0.956940695942,0.290283489799,0.));
#2158 = ORIENTED_EDGE('',*,*,#2159,.F.);
#2159 = EDGE_CURVE('',#2160,#2152,#2162,.T.);
#2160 = VERTEX_POINT('',#2161);
#2161 = CARTESIAN_POINT('',(-30.93969052704,-22.86219742559,11.2));
#2162 = CIRCLE('',#2163,2.4);
#2163 = AXIS2_PLACEMENT_3D('',#2164,#2165,#2166);
#2164 = CARTESIAN_POINT('',(-29.8085,-20.7455,11.2));
#2165 = DIRECTION('',(0.,-0.,1.));
#2166 = DIRECTION('',(-0.881957260666,0.471329386267,0.));
#2167 = ORIENTED_EDGE('',*,*,#2168,.T.);
#2168 = EDGE_CURVE('',#2160,#2169,#2171,.T.);
#2169 = VERTEX_POINT('',#2170);
#2170 = CARTESIAN_POINT('',(-31.63129052704,-22.49259742559,11.2));
#2171 = LINE('',#2172,#2173);
#2172 = CARTESIAN_POINT('',(-30.93969052704,-22.86219742559,11.2));
#2173 = VECTOR('',#2174,1.);
#2174 = DIRECTION('',(-0.881957260666,0.471329386267,0.));
#2175 = ORIENTED_EDGE('',*,*,#2176,.F.);
#2176 = EDGE_CURVE('',#2177,#2169,#2179,.T.);
#2177 = VERTEX_POINT('',#2178);
#2178 = CARTESIAN_POINT('',(-32.0228022325,-22.23099512185,11.2));
#2179 = CIRCLE('',#2180,2.4);
#2180 = AXIS2_PLACEMENT_3D('',#2181,#2182,#2183);
#2181 = CARTESIAN_POINT('',(-30.5001,-20.3759,11.2));
#2182 = DIRECTION('',(0.,-0.,1.));
#2183 = DIRECTION('',(-0.772956300772,0.634459263544,0.));
#2184 = ORIENTED_EDGE('',*,*,#2185,.T.);
#2185 = EDGE_CURVE('',#2177,#2186,#2188,.T.);
#2186 = VERTEX_POINT('',#2187);
#2187 = CARTESIAN_POINT('',(-32.6289022325,-21.73349512185,11.2));
#2188 = LINE('',#2189,#2190);
#2189 = CARTESIAN_POINT('',(-32.0228022325,-22.23099512185,11.2));
#2190 = VECTOR('',#2191,1.);
#2191 = DIRECTION('',(-0.772956300772,0.634459263544,0.));
#2192 = ORIENTED_EDGE('',*,*,#2193,.F.);
#2193 = EDGE_CURVE('',#2194,#2186,#2196,.T.);
#2194 = VERTEX_POINT('',#2195);
#2195 = CARTESIAN_POINT('',(-32.96129512185,-21.4011022325,11.2));
#2196 = CIRCLE('',#2197,2.4);
#2197 = AXIS2_PLACEMENT_3D('',#2198,#2199,#2200);
#2198 = CARTESIAN_POINT('',(-31.1062,-19.8784,11.2));
#2199 = DIRECTION('',(0.,-0.,1.));
#2200 = DIRECTION('',(-0.634459263544,0.772956300772,0.));
#2201 = ORIENTED_EDGE('',*,*,#2202,.T.);
#2202 = EDGE_CURVE('',#2194,#2203,#2205,.T.);
#2203 = VERTEX_POINT('',#2204);
#2204 = CARTESIAN_POINT('',(-33.45879512185,-20.7950022325,11.2));
#2205 = LINE('',#2206,#2207);
#2206 = CARTESIAN_POINT('',(-32.96129512185,-21.4011022325,11.2));
#2207 = VECTOR('',#2208,1.);
#2208 = DIRECTION('',(-0.634459263544,0.772956300772,0.));
#2209 = ORIENTED_EDGE('',*,*,#2210,.F.);
#2210 = EDGE_CURVE('',#2211,#2203,#2213,.T.);
#2211 = VERTEX_POINT('',#2212);
#2212 = CARTESIAN_POINT('',(-33.72091236674,-20.40252643488,11.2));
#2213 = CIRCLE('',#2214,2.4);
#2214 = AXIS2_PLACEMENT_3D('',#2215,#2216,#2217);
#2215 = CARTESIAN_POINT('',(-31.6037,-19.2723,11.2));
#2216 = DIRECTION('',(0.,-0.,1.));
#2217 = DIRECTION('',(-0.470927681203,0.882171819476,0.));
#2218 = ORIENTED_EDGE('',*,*,#2219,.T.);
#2219 = EDGE_CURVE('',#2211,#2220,#2222,.T.);
#2220 = VERTEX_POINT('',#2221);
#2221 = CARTESIAN_POINT('',(-33.72269116725,-20.39919427212,11.2));
#2222 = LINE('',#2223,#2224);
#2223 = CARTESIAN_POINT('',(-33.72091236674,-20.40252643488,11.2));
#2224 = VECTOR('',#2225,1.);
#2225 = DIRECTION('',(-0.470927681203,0.882171819476,0.));
#2226 = ORIENTED_EDGE('',*,*,#2227,.T.);
#2227 = EDGE_CURVE('',#2220,#2228,#2230,.T.);
#2228 = VERTEX_POINT('',#2229);
#2229 = CARTESIAN_POINT('',(-34.57937812592,-19.11704953361,11.2));
#2230 = LINE('',#2231,#2232);
#2231 = CARTESIAN_POINT('',(-33.65683768594,-20.49775267052,11.2));
#2232 = VECTOR('',#2233,1.);
#2233 = DIRECTION('',(-0.555563612717,0.831474035809,0.));
#2234 = ORIENTED_EDGE('',*,*,#2235,.T.);
#2235 = EDGE_CURVE('',#2228,#2236,#2238,.T.);
#2236 = VERTEX_POINT('',#2237);
#2237 = CARTESIAN_POINT('',(-35.35138041729,-18.3451170246,11.2));
#2238 = LINE('',#2239,#2240);
#2239 = CARTESIAN_POINT('',(-34.41217957,-19.28423297622,11.2));
#2240 = VECTOR('',#2241,1.);
#2241 = DIRECTION('',(-0.707138740093,0.707074820836,0.));
#2242 = ORIENTED_EDGE('',*,*,#2243,.T.);
#2243 = EDGE_CURVE('',#2236,#2244,#2246,.T.);
#2244 = VERTEX_POINT('',#2245);
#2245 = CARTESIAN_POINT('',(-36.2591435179,-17.73854592447,11.2));
#2246 = LINE('',#2247,#2248);
#2247 = CARTESIAN_POINT('',(-35.15490379906,-18.47640352258,11.2));
#2248 = VECTOR('',#2249,1.);
#2249 = DIRECTION('',(-0.831459801075,0.555584916278,0.));
#2250 = ORIENTED_EDGE('',*,*,#2251,.T.);
#2251 = EDGE_CURVE('',#2244,#2252,#2254,.T.);
#2252 = VERTEX_POINT('',#2253);
#2253 = CARTESIAN_POINT('',(-37.26774745178,-17.32077148472,11.2));
#2254 = LINE('',#2255,#2256);
#2255 = CARTESIAN_POINT('',(-36.04073462947,-17.82901320101,11.2));
#2256 = VECTOR('',#2257,1.);
#2257 = DIRECTION('',(-0.923880500421,0.382681095615,0.));
#2258 = ORIENTED_EDGE('',*,*,#2259,.T.);
#2259 = EDGE_CURVE('',#2252,#2260,#2262,.T.);
#2260 = VERTEX_POINT('',#2261);
#2261 = CARTESIAN_POINT('',(-38.49369353407,-17.0769198826,11.2));
#2262 = LINE('',#2263,#2264);
#2263 = CARTESIAN_POINT('',(-37.03590895016,-17.36688622898,11.2));
#2264 = VECTOR('',#2265,1.);
#2265 = DIRECTION('',(-0.980785928742,0.19508706257,0.));
#2266 = ORIENTED_EDGE('',*,*,#2267,.T.);
#2267 = EDGE_CURVE('',#2260,#2268,#2270,.T.);
#2268 = VERTEX_POINT('',#2269);
#2269 = CARTESIAN_POINT('',(-39.04153062552,-17.05,11.2));
#2270 = LINE('',#2271,#2272);
#2271 = CARTESIAN_POINT('',(-38.31689023297,-17.08560772828,11.2));
#2272 = VECTOR('',#2273,1.);
#2273 = DIRECTION('',(-0.998794886786,4.907926374126E-02,0.));
#2274 = ORIENTED_EDGE('',*,*,#2275,.T.);
#2275 = EDGE_CURVE('',#2268,#2276,#2278,.T.);
#2276 = VERTEX_POINT('',#2277);
#2277 = CARTESIAN_POINT('',(-49.61629873731,-17.05,11.2));
#2278 = LINE('',#2279,#2280);
#2279 = CARTESIAN_POINT('',(-38.9826,-17.05,11.2));
#2280 = VECTOR('',#2281,1.);
#2281 = DIRECTION('',(-1.,-0.,-0.));
#2282 = ORIENTED_EDGE('',*,*,#2283,.T.);
#2283 = EDGE_CURVE('',#2276,#2284,#2286,.T.);
#2284 = VERTEX_POINT('',#2285);
#2285 = CARTESIAN_POINT('',(-51.01725052706,-17.1879779721,11.2));
#2286 = LINE('',#2287,#2288);
#2287 = CARTESIAN_POINT('',(-49.49896517091,-17.03844396526,11.2));
#2288 = VECTOR('',#2289,1.);
#2289 = DIRECTION('',(-0.995184985525,-9.80145121187E-02,-0.));
#2290 = ORIENTED_EDGE('',*,*,#2291,.T.);
#2291 = EDGE_CURVE('',#2284,#2292,#2294,.T.);
#2292 = VERTEX_POINT('',#2293);
#2293 = CARTESIAN_POINT('',(-52.06191930898,-17.50484664745,11.2));
#2294 = LINE('',#2295,#2296);
#2295 = CARTESIAN_POINT('',(-50.79107341686,-17.11937398724,11.2));
#2296 = VECTOR('',#2297,1.);
#2297 = DIRECTION('',(-0.956947494684,-0.290261076305,-0.));
#2298 = ORIENTED_EDGE('',*,*,#2299,.T.);
#2299 = EDGE_CURVE('',#2292,#2300,#2302,.T.);
#2300 = VERTEX_POINT('',#2301);
#2301 = CARTESIAN_POINT('',(-53.02467664199,-18.01947557628,11.2));
#2302 = LINE('',#2303,#2304);
#2303 = CARTESIAN_POINT('',(-51.85340608703,-17.39338872096,11.2));
#2304 = VECTOR('',#2305,1.);
#2305 = DIRECTION('',(-0.881911967069,-0.4714141304,-0.));
#2306 = ORIENTED_EDGE('',*,*,#2307,.T.);
#2307 = EDGE_CURVE('',#2300,#2308,#2310,.T.);
#2308 = VERTEX_POINT('',#2309);
#2309 = CARTESIAN_POINT('',(-53.86862999465,-18.71207000534,11.2));
#2310 = LINE('',#2311,#2312);
#2311 = CARTESIAN_POINT('',(-52.84198263644,-17.86954685087,11.2));
#2312 = VECTOR('',#2313,1.);
#2313 = DIRECTION('',(-0.773019521196,-0.634382234816,-0.));
#2314 = ORIENTED_EDGE('',*,*,#2315,.T.);
#2315 = EDGE_CURVE('',#2308,#2316,#2318,.T.);
#2316 = VERTEX_POINT('',#2317);
#2317 = CARTESIAN_POINT('',(-54.56122442371,-19.556023358,11.2));
#2318 = LINE('',#2319,#2320);
#2319 = CARTESIAN_POINT('',(-53.71865314913,-18.52931736355,11.2));
#2320 = VECTOR('',#2321,1.);
#2321 = DIRECTION('',(-0.634382234816,-0.773019521196,-0.));
#2322 = ORIENTED_EDGE('',*,*,#2323,.T.);
#2323 = EDGE_CURVE('',#2316,#2324,#2326,.T.);
#2324 = VERTEX_POINT('',#2325);
#2325 = CARTESIAN_POINT('',(-55.07584275565,-20.51876086658,11.2));
#2326 = LINE('',#2327,#2328);
#2327 = CARTESIAN_POINT('',(-54.44981127903,-19.34759391296,11.2));
#2328 = VECTOR('',#2329,1.);
#2329 = DIRECTION('',(-0.4714141304,-0.881911967069,-0.));
#2330 = ORIENTED_EDGE('',*,*,#2331,.T.);
#2331 = EDGE_CURVE('',#2324,#2332,#2334,.T.);
#2332 = VERTEX_POINT('',#2333);
#2333 = CARTESIAN_POINT('',(-55.39272114437,-21.56353145365,11.2));
#2334 = LINE('',#2335,#2336);
#2335 = CARTESIAN_POINT('',(-55.00721308907,-20.29248397425,11.2));
#2336 = VECTOR('',#2337,1.);
#2337 = DIRECTION('',(-0.290243322605,-0.956952879552,-0.));
#2338 = ORIENTED_EDGE('',*,*,#2339,.T.);
#2339 = EDGE_CURVE('',#2332,#2340,#2342,.T.);
#2340 = VERTEX_POINT('',#2341);
#2341 = CARTESIAN_POINT('',(-55.50318291745,-22.68505587386,11.2));
#2342 = LINE('',#2343,#2344);
#2343 = CARTESIAN_POINT('',(-55.36955691753,-21.32834379232,11.2));
#2344 = VECTOR('',#2345,1.);
#2345 = DIRECTION('',(-9.801824680222E-02,-0.995184617694,-0.));
#2346 = ORIENTED_EDGE('',*,*,#2347,.T.);
#2347 = EDGE_CURVE('',#2340,#2348,#2350,.T.);
#2348 = VERTEX_POINT('',#2349);
#2349 = CARTESIAN_POINT('',(-55.40823130782,-23.77044241157,11.2));
#2350 = LINE('',#2351,#2352);
#2351 = CARTESIAN_POINT('',(-55.52263130782,-22.46274241157,11.2));
#2352 = VECTOR('',#2353,1.);
#2353 = DIRECTION('',(8.71489951774E-02,-0.996195288405,0.));
#2354 = ORIENTED_EDGE('',*,*,#2355,.F.);
#2355 = EDGE_CURVE('',#2356,#2348,#2358,.T.);
#2356 = VERTEX_POINT('',#2357);
#2357 = CARTESIAN_POINT('',(-55.39924434311,-24.00592158991,11.2));
#2358 = CIRCLE('',#2359,2.4);
#2359 = AXIS2_PLACEMENT_3D('',#2360,#2361,#2362);
#2360 = CARTESIAN_POINT('',(-57.7991,-23.9796,11.2));
#2361 = DIRECTION('',(-0.,0.,1.));
#2362 = DIRECTION('',(-1.096732912959E-02,-0.999939857037,-0.));
#2363 = ORIENTED_EDGE('',*,*,#2364,.T.);
#2364 = EDGE_CURVE('',#2356,#2365,#2367,.T.);
#2365 = VERTEX_POINT('',#2366);
#2366 = CARTESIAN_POINT('',(-55.40784434311,-24.79002158991,11.2));
#2367 = LINE('',#2368,#2369);
#2368 = CARTESIAN_POINT('',(-55.39924434311,-24.00592158991,11.2));
#2369 = VECTOR('',#2370,1.);
#2370 = DIRECTION('',(-1.096732912959E-02,-0.999939857037,-0.));
#2371 = ORIENTED_EDGE('',*,*,#2372,.F.);
#2372 = EDGE_CURVE('',#2373,#2365,#2375,.T.);
#2373 = VERTEX_POINT('',#2374);
#2374 = CARTESIAN_POINT('',(-55.45903447256,-25.2574309391,11.2));
#2375 = CIRCLE('',#2376,2.4);
#2376 = AXIS2_PLACEMENT_3D('',#2377,#2378,#2379);
#2377 = CARTESIAN_POINT('',(-57.8077,-24.7637,11.2));
#2378 = DIRECTION('',(-0.,0.,1.));
#2379 = DIRECTION('',(-0.205721224627,-0.978610636432,-0.));
#2380 = ORIENTED_EDGE('',*,*,#2381,.T.);
#2381 = EDGE_CURVE('',#2373,#2382,#2384,.T.);
#2382 = VERTEX_POINT('',#2383);
#2383 = CARTESIAN_POINT('',(-55.62033447256,-26.0247309391,11.2));
#2384 = LINE('',#2385,#2386);
#2385 = CARTESIAN_POINT('',(-55.45903447256,-25.2574309391,11.2));
#2386 = VECTOR('',#2387,1.);
#2387 = DIRECTION('',(-0.205721224627,-0.978610636432,-0.));
#2388 = ORIENTED_EDGE('',*,*,#2389,.F.);
#2389 = EDGE_CURVE('',#2390,#2382,#2392,.T.);
#2390 = VERTEX_POINT('',#2391);
#2391 = CARTESIAN_POINT('',(-55.76189788165,-26.47370898966,11.2));
#2392 = CIRCLE('',#2393,2.4);
#2393 = AXIS2_PLACEMENT_3D('',#2394,#2395,#2396);
#2394 = CARTESIAN_POINT('',(-57.969,-25.531,11.2));
#2395 = DIRECTION('',(-0.,0.,1.));
#2396 = DIRECTION('',(-0.392795412362,-0.919625882643,-0.));
#2397 = ORIENTED_EDGE('',*,*,#2398,.T.);
#2398 = EDGE_CURVE('',#2390,#2399,#2401,.T.);
#2399 = VERTEX_POINT('',#2400);
#2400 = CARTESIAN_POINT('',(-56.06989788165,-27.19480898966,11.2));
#2401 = LINE('',#2402,#2403);
#2402 = CARTESIAN_POINT('',(-55.76189788165,-26.47370898966,11.2));
#2403 = VECTOR('',#2404,1.);
#2404 = DIRECTION('',(-0.392795412362,-0.919625882643,-0.));
#2405 = ORIENTED_EDGE('',*,*,#2406,.F.);
#2406 = EDGE_CURVE('',#2407,#2399,#2409,.T.);
#2407 = VERTEX_POINT('',#2408);
#2408 = CARTESIAN_POINT('',(-56.29608991721,-27.60708901985,11.2));
#2409 = CIRCLE('',#2410,2.4);
#2410 = AXIS2_PLACEMENT_3D('',#2411,#2412,#2413);
#2411 = CARTESIAN_POINT('',(-58.277,-26.2521,11.2));
#2412 = DIRECTION('',(-0.,0.,1.));
#2413 = DIRECTION('',(-0.564578758272,-0.82537920116,-0.));
#2414 = ORIENTED_EDGE('',*,*,#2415,.T.);
#2415 = EDGE_CURVE('',#2407,#2416,#2418,.T.);
#2416 = VERTEX_POINT('',#2417);
#2417 = CARTESIAN_POINT('',(-56.73878991721,-28.25428901985,11.2));
#2418 = LINE('',#2419,#2420);
#2419 = CARTESIAN_POINT('',(-56.29608991721,-27.60708901985,11.2));
#2420 = VECTOR('',#2421,1.);
#2421 = DIRECTION('',(-0.564578758272,-0.82537920116,-0.));
#2422 = ORIENTED_EDGE('',*,*,#2423,.F.);
#2423 = EDGE_CURVE('',#2424,#2416,#2426,.T.);
#2424 = VERTEX_POINT('',#2425);
#2425 = CARTESIAN_POINT('',(-57.04126143749,-28.61477194435,11.2));
#2426 = CIRCLE('',#2427,2.4);
#2427 = AXIS2_PLACEMENT_3D('',#2428,#2429,#2430);
#2428 = CARTESIAN_POINT('',(-58.7197,-26.8993,11.2));
#2429 = DIRECTION('',(-0.,0.,1.));
#2430 = DIRECTION('',(-0.714779976816,-0.699349401045,-0.));
#2431 = ORIENTED_EDGE('',*,*,#2432,.T.);
#2432 = EDGE_CURVE('',#2424,#2433,#2435,.T.);
#2433 = VERTEX_POINT('',#2434);
#2434 = CARTESIAN_POINT('',(-57.60176143749,-29.16317194435,11.2));
#2435 = LINE('',#2436,#2437);
#2436 = CARTESIAN_POINT('',(-57.04126143749,-28.61477194435,11.2));
#2437 = VECTOR('',#2438,1.);
#2438 = DIRECTION('',(-0.714779976816,-0.699349401045,-0.));
#2439 = ORIENTED_EDGE('',*,*,#2440,.F.);
#2440 = EDGE_CURVE('',#2441,#2433,#2443,.T.);
#2441 = VERTEX_POINT('',#2442);
#2442 = CARTESIAN_POINT('',(-57.96869054457,-29.45766093204,11.2));
#2443 = CIRCLE('',#2444,2.4);
#2444 = AXIS2_PLACEMENT_3D('',#2445,#2446,#2447);
#2445 = CARTESIAN_POINT('',(-59.2802,-27.4477,11.2));
#2446 = DIRECTION('',(-0.,0.,1.));
#2447 = DIRECTION('',(-0.837483721683,-0.546462273095,-0.));
#2448 = ORIENTED_EDGE('',*,*,#2449,.T.);
#2449 = EDGE_CURVE('',#2441,#2450,#2452,.T.);
#2450 = VERTEX_POINT('',#2451);
#2451 = CARTESIAN_POINT('',(-58.62539054457,-29.88616093204,11.2));
#2452 = LINE('',#2453,#2454);
#2453 = CARTESIAN_POINT('',(-57.96869054457,-29.45766093204,11.2));
#2454 = VECTOR('',#2455,1.);
#2455 = DIRECTION('',(-0.837483721683,-0.546462273095,-0.));
#2456 = ORIENTED_EDGE('',*,*,#2457,.F.);
#2457 = EDGE_CURVE('',#2458,#2450,#2460,.T.);
#2458 = VERTEX_POINT('',#2459);
#2459 = CARTESIAN_POINT('',(-59.04260814952,-30.10336009442,11.2));
#2460 = CIRCLE('',#2461,2.4);
#2461 = AXIS2_PLACEMENT_3D('',#2462,#2463,#2464);
#2462 = CARTESIAN_POINT('',(-59.9369,-27.8762,11.2));
#2463 = DIRECTION('',(-0.,0.,1.));
#2464 = DIRECTION('',(-0.927983372675,-0.372621604364,-0.));
#2465 = ORIENTED_EDGE('',*,*,#2466,.T.);
#2466 = EDGE_CURVE('',#2458,#2467,#2469,.T.);
#2467 = VERTEX_POINT('',#2468);
#2468 = CARTESIAN_POINT('',(-59.77030814952,-30.39556009442,11.2));
#2469 = LINE('',#2470,#2471);
#2470 = CARTESIAN_POINT('',(-59.04260814952,-30.10336009442,11.2));
#2471 = VECTOR('',#2472,1.);
#2472 = DIRECTION('',(-0.927983372675,-0.372621604364,-0.));
#2473 = ORIENTED_EDGE('',*,*,#2474,.F.);
#2474 = EDGE_CURVE('',#2475,#2467,#2477,.T.);
#2475 = VERTEX_POINT('',#2476);
#2476 = CARTESIAN_POINT('',(-60.1197534711,-30.50573657395,11.2));
#2477 = CIRCLE('',#2478,2.4);
#2478 = AXIS2_PLACEMENT_3D('',#2479,#2480,#2481);
#2479 = CARTESIAN_POINT('',(-60.6646,-28.1684,11.2));
#2480 = DIRECTION('',(-0.,0.,1.));
#2481 = DIRECTION('',(-0.973890239148,-0.227019387039,-0.));
#2482 = ORIENTED_EDGE('',*,*,#2483,.T.);
#2483 = EDGE_CURVE('',#2475,#2484,#2486,.T.);
#2484 = VERTEX_POINT('',#2485);
#2485 = CARTESIAN_POINT('',(-60.5444534711,-30.60473657395,11.2));
#2486 = LINE('',#2487,#2488);
#2487 = CARTESIAN_POINT('',(-60.1197534711,-30.50573657395,11.2));
#2488 = VECTOR('',#2489,1.);
#2489 = DIRECTION('',(-0.973890239148,-0.227019387039,-0.));
#2490 = ORIENTED_EDGE('',*,*,#2491,.F.);
#2491 = EDGE_CURVE('',#2492,#2484,#2494,.T.);
#2492 = VERTEX_POINT('',#2493);
#2493 = CARTESIAN_POINT('',(-60.67253586265,-30.6309371065,11.2));
#2494 = CIRCLE('',#2495,2.4);
#2495 = AXIS2_PLACEMENT_3D('',#2496,#2497,#2498);
#2496 = CARTESIAN_POINT('',(-61.0893,-28.2674,11.2));
#2497 = DIRECTION('',(-0.,0.,1.));
#2498 = DIRECTION('',(-0.98480712771,-0.173651723895,-0.));
#2499 = ORIENTED_EDGE('',*,*,#2500,.T.);
#2500 = EDGE_CURVE('',#2492,#2501,#2503,.T.);
#2501 = VERTEX_POINT('',#2502);
#2502 = CARTESIAN_POINT('',(-76.87126273161,-33.48726985079,11.2));
#2503 = LINE('',#2504,#2505);
#2504 = CARTESIAN_POINT('',(-60.67253586265,-30.6309371065,11.2));
#2505 = VECTOR('',#2506,1.);
#2506 = DIRECTION('',(-0.98480712771,-0.173651723895,-0.));
#2507 = ORIENTED_EDGE('',*,*,#2508,.T.);
#2508 = EDGE_CURVE('',#2501,#2509,#2511,.T.);
#2509 = VERTEX_POINT('',#2510);
#2510 = CARTESIAN_POINT('',(-78.49960150884,-33.94262322103,11.2));
#2511 = LINE('',#2512,#2513);
#2512 = CARTESIAN_POINT('',(-76.7577535944,-33.45552782702,11.2));
#2513 = VECTOR('',#2514,1.);
#2514 = DIRECTION('',(-0.963053261259,-0.269311002333,-0.));
#2515 = ORIENTED_EDGE('',*,*,#2516,.T.);
#2516 = EDGE_CURVE('',#2509,#2517,#2519,.T.);
#2517 = VERTEX_POINT('',#2518);
#2518 = CARTESIAN_POINT('',(-93.91011189046,-40.16886817859,11.2));
#2519 = LINE('',#2520,#2521);
#2520 = CARTESIAN_POINT('',(-78.3756448449,-33.89254152129,11.2));
#2521 = VECTOR('',#2522,1.);
#2522 = DIRECTION('',(-0.927183967206,-0.374606314625,-0.));
#2523 = ORIENTED_EDGE('',*,*,#2524,.T.);
#2524 = EDGE_CURVE('',#2517,#2525,#2527,.T.);
#2525 = VERTEX_POINT('',#2526);
#2526 = CARTESIAN_POINT('',(-95.4082185634,-40.9529150585,11.2));
#2527 = LINE('',#2528,#2529);
#2528 = CARTESIAN_POINT('',(-93.80563582774,-40.11418974181,11.2));
#2529 = VECTOR('',#2530,1.);
#2530 = DIRECTION('',(-0.885995725757,-0.463693405107,-0.));
#2531 = ORIENTED_EDGE('',*,*,#2532,.T.);
#2532 = EDGE_CURVE('',#2525,#2533,#2535,.T.);
#2533 = VERTEX_POINT('',#2534);
#2534 = CARTESIAN_POINT('',(-108.9479148427,-50.08577520733,11.2));
#2535 = LINE('',#2536,#2537);
#2536 = CARTESIAN_POINT('',(-95.29741484274,-40.87817520733,11.2));
#2537 = VECTOR('',#2538,1.);
#2538 = DIRECTION('',(-0.82903133639,-0.559202148855,-0.));
#2539 = ORIENTED_EDGE('',*,*,#2540,.F.);
#2540 = EDGE_CURVE('',#2541,#2533,#2543,.T.);
#2541 = VERTEX_POINT('',#2542);
#2542 = CARTESIAN_POINT('',(-109.1494056688,-50.20774499189,11.2));
#2543 = CIRCLE('',#2544,2.4);
#2544 = AXIS2_PLACEMENT_3D('',#2545,#2546,#2547);
#2545 = CARTESIAN_POINT('',(-110.29,-48.0961,11.2));
#2546 = DIRECTION('',(-0.,0.,1.));
#2547 = DIRECTION('',(-0.879852079956,-0.475247637971,-0.));
#2548 = ORIENTED_EDGE('',*,*,#2549,.T.);
#2549 = EDGE_CURVE('',#2541,#2550,#2552,.T.);
#2550 = VERTEX_POINT('',#2551);
#2551 = CARTESIAN_POINT('',(-109.8394056688,-50.58044499189,11.2));
#2552 = LINE('',#2553,#2554);
#2553 = CARTESIAN_POINT('',(-109.1494056688,-50.20774499189,11.2));
#2554 = VECTOR('',#2555,1.);
#2555 = DIRECTION('',(-0.879852079956,-0.475247637971,-0.));
#2556 = ORIENTED_EDGE('',*,*,#2557,.F.);
#2557 = EDGE_CURVE('',#2558,#2550,#2560,.T.);
#2558 = VERTEX_POINT('',#2559);
#2559 = CARTESIAN_POINT('',(-110.2738286237,-50.76255717707,11.2));
#2560 = CIRCLE('',#2561,2.4);
#2561 = AXIS2_PLACEMENT_3D('',#2562,#2563,#2564);
#2562 = CARTESIAN_POINT('',(-110.98,-48.4688,11.2));
#2563 = DIRECTION('',(-0.,0.,1.));
#2564 = DIRECTION('',(-0.955732157113,-0.294238073437,-0.));
#2565 = ORIENTED_EDGE('',*,*,#2566,.T.);
#2566 = EDGE_CURVE('',#2558,#2567,#2569,.T.);
#2567 = VERTEX_POINT('',#2568);
#2568 = CARTESIAN_POINT('',(-111.0238286237,-50.99345717707,11.2));
#2569 = LINE('',#2570,#2571);
#2570 = CARTESIAN_POINT('',(-110.2738286237,-50.76255717707,11.2));
#2571 = VECTOR('',#2572,1.);
#2572 = DIRECTION('',(-0.955732157113,-0.294238073437,-0.));
#2573 = ORIENTED_EDGE('',*,*,#2574,.F.);
#2574 = EDGE_CURVE('',#2575,#2567,#2577,.T.);
#2575 = VERTEX_POINT('',#2576);
#2576 = CARTESIAN_POINT('',(-111.4842220752,-51.08708208331,11.2));
#2577 = CIRCLE('',#2578,2.4);
#2578 = AXIS2_PLACEMENT_3D('',#2579,#2580,#2581);
#2579 = CARTESIAN_POINT('',(-111.73,-48.6997,11.2));
#2580 = DIRECTION('',(-0.,0.,1.));
#2581 = DIRECTION('',(-0.994742534713,-0.102407468638,-0.));
#2582 = ORIENTED_EDGE('',*,*,#2583,.T.);
#2583 = EDGE_CURVE('',#2575,#2584,#2586,.T.);
#2584 = VERTEX_POINT('',#2585);
#2585 = CARTESIAN_POINT('',(-112.2642220752,-51.16738208331,11.2));
#2586 = LINE('',#2587,#2588);
#2587 = CARTESIAN_POINT('',(-111.4842220752,-51.08708208331,11.2));
#2588 = VECTOR('',#2589,1.);
#2589 = DIRECTION('',(-0.994742534713,-0.102407468638,-0.));
#2590 = ORIENTED_EDGE('',*,*,#2591,.F.);
#2591 = EDGE_CURVE('',#2592,#2584,#2594,.T.);
#2592 = VERTEX_POINT('',#2593);
#2593 = CARTESIAN_POINT('',(-112.7351564241,-51.1694151135,11.2));
#2594 = CIRCLE('',#2595,2.4);
#2595 = AXIS2_PLACEMENT_3D('',#2596,#2597,#2598);
#2596 = CARTESIAN_POINT('',(-112.51,-48.78,11.2));
#2597 = DIRECTION('',(0.,-0.,1.));
#2598 = DIRECTION('',(-0.995589630628,9.381517673229E-02,0.));
#2599 = ORIENTED_EDGE('',*,*,#2600,.T.);
#2600 = EDGE_CURVE('',#2592,#63,#2601,.T.);
#2601 = LINE('',#2602,#2603);
#2602 = CARTESIAN_POINT('',(-112.7351564241,-51.1694151135,11.2));
#2603 = VECTOR('',#2604,1.);
#2604 = DIRECTION('',(-0.995589630628,9.381517673229E-02,0.));
#2605 = ORIENTED_EDGE('',*,*,#62,.F.);
#2606 = FACE_BOUND('',#2607,.F.);
#2607 = EDGE_LOOP('',(#2608,#2618,#2626,#2634,#2642,#2650,#2658,#2666,
    #2674,#2682,#2690,#2698,#2706,#2714,#2722,#2730,#2738,#2746,#2754,
    #2762,#2770,#2778,#2786,#2794,#2802,#2810,#2818,#2826,#2834,#2842,
    #2850,#2858,#2866,#2874,#2882,#2890,#2898,#2906,#2914,#2922,#2930,
    #2938,#2946,#2954,#2962,#2970,#2978,#2986,#2994,#3002,#3010,#3018,
    #3026,#3034,#3042,#3050,#3058,#3066,#3074,#3082,#3090,#3098,#3106,
    #3114,#3122,#3130,#3138,#3146,#3154,#3162,#3170,#3178,#3186,#3194,
    #3202,#3210,#3218,#3226,#3234,#3242,#3250,#3258,#3266,#3274,#3282,
    #3290,#3298,#3306,#3314,#3322,#3330,#3338,#3346,#3354,#3362,#3370,
    #3378,#3386,#3394,#3402,#3410,#3418,#3426,#3434,#3442,#3450,#3458,
    #3466,#3474,#3482,#3490,#3498,#3506,#3514,#3522,#3530,#3538,#3546,
    #3554,#3562,#3570,#3578,#3586,#3594,#3602,#3610,#3618,#3626,#3634,
    #3642,#3650,#3658,#3666,#3674,#3682,#3690,#3698,#3706,#3714,#3722,
    #3730,#3738,#3746,#3754,#3762,#3770,#3778,#3786,#3794,#3802,#3810,
    #3818,#3826,#3834,#3842,#3850,#3858,#3866,#3874,#3882,#3890,#3898,
    #3906,#3914,#3922,#3930,#3938,#3946,#3954,#3962,#3970,#3978,#3986,
    #3994,#4002,#4010,#4018,#4026,#4034,#4042,#4050,#4058,#4066,#4074,
    #4082,#4090));
#2608 = ORIENTED_EDGE('',*,*,#2609,.T.);
#2609 = EDGE_CURVE('',#2610,#2612,#2614,.T.);
#2610 = VERTEX_POINT('',#2611);
#2611 = CARTESIAN_POINT('',(-114.735,-48.1155,11.2));
#2612 = VERTEX_POINT('',#2613);
#2613 = CARTESIAN_POINT('',(-114.042,-48.4822,11.2));
#2614 = LINE('',#2615,#2616);
#2615 = CARTESIAN_POINT('',(-107.2153802257,-52.09449649528,11.2));
#2616 = VECTOR('',#2617,1.);
#2617 = DIRECTION('',(0.883884073198,-0.467706045659,0.));
#2618 = ORIENTED_EDGE('',*,*,#2619,.T.);
#2619 = EDGE_CURVE('',#2612,#2620,#2622,.T.);
#2620 = VERTEX_POINT('',#2621);
#2621 = CARTESIAN_POINT('',(-113.29,-48.7065,11.2));
#2622 = LINE('',#2623,#2624);
#2623 = CARTESIAN_POINT('',(-99.15646292505,-52.92212814615,11.2));
#2624 = VECTOR('',#2625,1.);
#2625 = DIRECTION('',(0.958281025178,-0.285827704717,0.));
#2626 = ORIENTED_EDGE('',*,*,#2627,.T.);
#2627 = EDGE_CURVE('',#2620,#2628,#2630,.T.);
#2628 = VERTEX_POINT('',#2629);
#2629 = CARTESIAN_POINT('',(-112.51,-48.78,11.2));
#2630 = LINE('',#2631,#2632);
#2631 = CARTESIAN_POINT('',(-91.43536005376,-50.76587953339,11.2));
#2632 = VECTOR('',#2633,1.);
#2633 = DIRECTION('',(0.995589630628,-9.381517673229E-02,0.));
#2634 = ORIENTED_EDGE('',*,*,#2635,.T.);
#2635 = EDGE_CURVE('',#2628,#2636,#2638,.T.);
#2636 = VERTEX_POINT('',#2637);
#2637 = CARTESIAN_POINT('',(-111.73,-48.6997,11.2));
#2638 = LINE('',#2639,#2640);
#2639 = CARTESIAN_POINT('',(-85.08386930971,-45.95651500714,11.2));
#2640 = VECTOR('',#2641,1.);
#2641 = DIRECTION('',(0.994742534713,0.102407468638,0.));
#2642 = ORIENTED_EDGE('',*,*,#2643,.T.);
#2643 = EDGE_CURVE('',#2636,#2644,#2646,.T.);
#2644 = VERTEX_POINT('',#2645);
#2645 = CARTESIAN_POINT('',(-110.98,-48.4688,11.2));
#2646 = LINE('',#2647,#2648);
#2647 = CARTESIAN_POINT('',(-81.01190027047,-39.24262102993,11.2));
#2648 = VECTOR('',#2649,1.);
#2649 = DIRECTION('',(0.955732157113,0.294238073437,0.));
#2650 = ORIENTED_EDGE('',*,*,#2651,.T.);
#2651 = EDGE_CURVE('',#2644,#2652,#2654,.T.);
#2652 = VERTEX_POINT('',#2653);
#2653 = CARTESIAN_POINT('',(-110.29,-48.0961,11.2));
#2654 = LINE('',#2655,#2656);
#2655 = CARTESIAN_POINT('',(-79.73741590317,-31.59327667697,11.2));
#2656 = VECTOR('',#2657,1.);
#2657 = DIRECTION('',(0.879852079956,0.475247637971,0.));
#2658 = ORIENTED_EDGE('',*,*,#2659,.T.);
#2659 = EDGE_CURVE('',#2652,#2660,#2662,.T.);
#2660 = VERTEX_POINT('',#2661);
#2661 = CARTESIAN_POINT('',(-96.6395,-38.8885,11.2));
#2662 = LINE('',#2663,#2664);
#2663 = CARTESIAN_POINT('',(-73.53237590664,-23.30217306677,11.2));
#2664 = VECTOR('',#2665,1.);
#2665 = DIRECTION('',(0.82903133639,0.559202148855,0.));
#2666 = ORIENTED_EDGE('',*,*,#2667,.T.);
#2667 = EDGE_CURVE('',#2660,#2668,#2670,.T.);
#2668 = VERTEX_POINT('',#2669);
#2669 = CARTESIAN_POINT('',(-94.9185,-37.9878,11.2));
#2670 = LINE('',#2671,#2672);
#2671 = CARTESIAN_POINT('',(-72.44790998471,-26.22762543476,11.2));
#2672 = VECTOR('',#2673,1.);
#2673 = DIRECTION('',(0.885995725757,0.463693405107,0.));
#2674 = ORIENTED_EDGE('',*,*,#2675,.T.);
#2675 = EDGE_CURVE('',#2668,#2676,#2678,.T.);
#2676 = VERTEX_POINT('',#2677);
#2677 = CARTESIAN_POINT('',(-79.2747,-31.6673,11.2));
#2678 = LINE('',#2679,#2680);
#2679 = CARTESIAN_POINT('',(-65.08795921449,-25.93548962561,11.2));
#2680 = VECTOR('',#2681,1.);
#2681 = DIRECTION('',(0.927183967206,0.374606314625,0.));
#2682 = ORIENTED_EDGE('',*,*,#2683,.T.);
#2683 = EDGE_CURVE('',#2676,#2684,#2686,.T.);
#2684 = VERTEX_POINT('',#2685);
#2685 = CARTESIAN_POINT('',(-77.4041,-31.1442,11.2));
#2686 = LINE('',#2687,#2688);
#2687 = CARTESIAN_POINT('',(-65.59267356688,-27.84121851429,11.2));
#2688 = VECTOR('',#2689,1.);
#2689 = DIRECTION('',(0.963053261259,0.269311002333,0.));
#2690 = ORIENTED_EDGE('',*,*,#2691,.T.);
#2691 = EDGE_CURVE('',#2684,#2692,#2694,.T.);
#2692 = VERTEX_POINT('',#2693);
#2693 = CARTESIAN_POINT('',(-61.0893,-28.2674,11.2));
#2694 = LINE('',#2695,#2696);
#2695 = CARTESIAN_POINT('',(-59.09196690956,-27.9152088708,11.2));
#2696 = VECTOR('',#2697,1.);
#2697 = DIRECTION('',(0.98480712771,0.173651723895,0.));
#2698 = ORIENTED_EDGE('',*,*,#2699,.T.);
#2699 = EDGE_CURVE('',#2692,#2700,#2702,.T.);
#2700 = VERTEX_POINT('',#2701);
#2701 = CARTESIAN_POINT('',(-60.6646,-28.1684,11.2));
#2702 = LINE('',#2703,#2704);
#2703 = CARTESIAN_POINT('',(-57.82073584891,-27.50547899468,11.2));
#2704 = VECTOR('',#2705,1.);
#2705 = DIRECTION('',(0.973890239148,0.227019387039,0.));
#2706 = ORIENTED_EDGE('',*,*,#2707,.T.);
#2707 = EDGE_CURVE('',#2700,#2708,#2710,.T.);
#2708 = VERTEX_POINT('',#2709);
#2709 = CARTESIAN_POINT('',(-59.9369,-27.8762,11.2));
#2710 = LINE('',#2711,#2712);
#2711 = CARTESIAN_POINT('',(-54.75504686824,-25.795483379,11.2));
#2712 = VECTOR('',#2713,1.);
#2713 = DIRECTION('',(0.927983372675,0.372621604364,0.));
#2714 = ORIENTED_EDGE('',*,*,#2715,.T.);
#2715 = EDGE_CURVE('',#2708,#2716,#2718,.T.);
#2716 = VERTEX_POINT('',#2717);
#2717 = CARTESIAN_POINT('',(-59.2802,-27.4477,11.2));
#2718 = LINE('',#2719,#2720);
#2719 = CARTESIAN_POINT('',(-51.8173114411,-22.57812828157,11.2));
#2720 = VECTOR('',#2721,1.);
#2721 = DIRECTION('',(0.837483721683,0.546462273095,0.));
#2722 = ORIENTED_EDGE('',*,*,#2723,.T.);
#2723 = EDGE_CURVE('',#2716,#2724,#2726,.T.);
#2724 = VERTEX_POINT('',#2725);
#2725 = CARTESIAN_POINT('',(-58.7197,-26.8993,11.2));
#2726 = LINE('',#2727,#2728);
#2727 = CARTESIAN_POINT('',(-50.22155666159,-18.58461345801,11.2));
#2728 = VECTOR('',#2729,1.);
#2729 = DIRECTION('',(0.714779976816,0.699349401045,0.));
#2730 = ORIENTED_EDGE('',*,*,#2731,.T.);
#2731 = EDGE_CURVE('',#2724,#2732,#2734,.T.);
#2732 = VERTEX_POINT('',#2733);
#2733 = CARTESIAN_POINT('',(-58.277,-26.2521,11.2));
#2734 = LINE('',#2735,#2736);
#2735 = CARTESIAN_POINT('',(-50.14520742812,-14.36392256038,11.2));
#2736 = VECTOR('',#2737,1.);
#2737 = DIRECTION('',(0.564578758272,0.82537920116,0.));
#2738 = ORIENTED_EDGE('',*,*,#2739,.T.);
#2739 = EDGE_CURVE('',#2732,#2740,#2742,.T.);
#2740 = VERTEX_POINT('',#2741);
#2741 = CARTESIAN_POINT('',(-57.969,-25.531,11.2));
#2742 = LINE('',#2743,#2744);
#2743 = CARTESIAN_POINT('',(-51.5449197341,-10.49072636447,11.2));
#2744 = VECTOR('',#2745,1.);
#2745 = DIRECTION('',(0.392795412362,0.919625882643,0.));
#2746 = ORIENTED_EDGE('',*,*,#2747,.T.);
#2747 = EDGE_CURVE('',#2740,#2748,#2750,.T.);
#2748 = VERTEX_POINT('',#2749);
#2749 = CARTESIAN_POINT('',(-57.8077,-24.7637,11.2));
#2750 = LINE('',#2751,#2752);
#2751 = CARTESIAN_POINT('',(-54.17211890429,-7.469333138658,11.2));
#2752 = VECTOR('',#2753,1.);
#2753 = DIRECTION('',(0.205721224627,0.978610636432,0.));
#2754 = ORIENTED_EDGE('',*,*,#2755,.T.);
#2755 = EDGE_CURVE('',#2748,#2756,#2758,.T.);
#2756 = VERTEX_POINT('',#2757);
#2757 = CARTESIAN_POINT('',(-57.7991,-23.9796,11.2));
#2758 = LINE('',#2759,#2760);
#2759 = CARTESIAN_POINT('',(-57.59838011617,-5.679081289852,11.2));
#2760 = VECTOR('',#2761,1.);
#2761 = DIRECTION('',(1.096732912959E-02,0.999939857037,0.));
#2762 = ORIENTED_EDGE('',*,*,#2763,.T.);
#2763 = EDGE_CURVE('',#2756,#2764,#2766,.T.);
#2764 = VERTEX_POINT('',#2765);
#2765 = CARTESIAN_POINT('',(-57.9135,-22.6719,11.2));
#2766 = LINE('',#2767,#2768);
#2767 = CARTESIAN_POINT('',(-59.4726220244,-4.849663362596,11.2));
#2768 = VECTOR('',#2769,1.);
#2769 = DIRECTION('',(-8.71489951774E-02,0.996195288405,0.));
#2770 = ORIENTED_EDGE('',*,*,#2771,.T.);
#2771 = EDGE_CURVE('',#2764,#2772,#2774,.T.);
#2772 = VERTEX_POINT('',#2773);
#2773 = CARTESIAN_POINT('',(-57.758,-21.0931,11.2));
#2774 = LINE('',#2775,#2776);
#2775 = CARTESIAN_POINT('',(-56.14091614703,-4.674759247151,11.2));
#2776 = VECTOR('',#2777,1.);
#2777 = DIRECTION('',(9.801824680222E-02,0.995184617694,0.));
#2778 = ORIENTED_EDGE('',*,*,#2779,.T.);
#2779 = EDGE_CURVE('',#2772,#2780,#2782,.T.);
#2780 = VERTEX_POINT('',#2781);
#2781 = CARTESIAN_POINT('',(-57.3039,-19.5959,11.2));
#2782 = LINE('',#2783,#2784);
#2783 = CARTESIAN_POINT('',(-53.10957441794,-5.766910214807,11.2));
#2784 = VECTOR('',#2785,1.);
#2785 = DIRECTION('',(0.290243322605,0.956952879552,0.));
#2786 = ORIENTED_EDGE('',*,*,#2787,.T.);
#2787 = EDGE_CURVE('',#2780,#2788,#2790,.T.);
#2788 = VERTEX_POINT('',#2789);
#2789 = CARTESIAN_POINT('',(-56.5664,-18.2162,11.2));
#2790 = LINE('',#2791,#2792);
#2791 = CARTESIAN_POINT('',(-50.98809064651,-7.780412318631,11.2));
#2792 = VECTOR('',#2793,1.);
#2793 = DIRECTION('',(0.4714141304,0.881911967069,0.));
#2794 = ORIENTED_EDGE('',*,*,#2795,.T.);
#2795 = EDGE_CURVE('',#2788,#2796,#2798,.T.);
#2796 = VERTEX_POINT('',#2797);
#2797 = CARTESIAN_POINT('',(-55.5739,-17.0068,11.2));
#2798 = LINE('',#2799,#2800);
#2799 = CARTESIAN_POINT('',(-50.02537587618,-10.24570672509,11.2));
#2800 = VECTOR('',#2801,1.);
#2801 = DIRECTION('',(0.634382234816,0.773019521196,0.));
#2802 = ORIENTED_EDGE('',*,*,#2803,.T.);
#2803 = EDGE_CURVE('',#2796,#2804,#2806,.T.);
#2804 = VERTEX_POINT('',#2805);
#2805 = CARTESIAN_POINT('',(-54.3645,-16.0143,11.2));
#2806 = LINE('',#2807,#2808);
#2807 = CARTESIAN_POINT('',(-50.26159989604,-12.64723504781,11.2));
#2808 = VECTOR('',#2809,1.);
#2809 = DIRECTION('',(0.773019521196,0.634382234816,0.));
#2810 = ORIENTED_EDGE('',*,*,#2811,.T.);
#2811 = EDGE_CURVE('',#2804,#2812,#2814,.T.);
#2812 = VERTEX_POINT('',#2813);
#2813 = CARTESIAN_POINT('',(-52.9848,-15.2768,11.2));
#2814 = LINE('',#2815,#2816);
#2815 = CARTESIAN_POINT('',(-51.52891848761,-14.4985782015,11.2));
#2816 = VECTOR('',#2817,1.);
#2817 = DIRECTION('',(0.881911967069,0.4714141304,0.));
#2818 = ORIENTED_EDGE('',*,*,#2819,.T.);
#2819 = EDGE_CURVE('',#2812,#2820,#2822,.T.);
#2820 = VERTEX_POINT('',#2821);
#2821 = CARTESIAN_POINT('',(-51.4877,-14.8227,11.2));
#2822 = LINE('',#2823,#2824);
#2823 = CARTESIAN_POINT('',(-53.48351542039,-15.42807023739,11.2));
#2824 = VECTOR('',#2825,1.);
#2825 = DIRECTION('',(0.956947494684,0.290261076305,0.));
#2826 = ORIENTED_EDGE('',*,*,#2827,.T.);
#2827 = EDGE_CURVE('',#2820,#2828,#2830,.T.);
#2828 = VERTEX_POINT('',#2829);
#2829 = CARTESIAN_POINT('',(-49.7342,-14.65,11.2));
#2830 = LINE('',#2831,#2832);
#2831 = CARTESIAN_POINT('',(-55.56071232565,-15.22384583897,11.2));
#2832 = VECTOR('',#2833,1.);
#2833 = DIRECTION('',(0.995184985525,9.80145121187E-02,0.));
#2834 = ORIENTED_EDGE('',*,*,#2835,.T.);
#2835 = EDGE_CURVE('',#2828,#2836,#2838,.T.);
#2836 = VERTEX_POINT('',#2837);
#2837 = CARTESIAN_POINT('',(-38.9826,-14.65,11.2));
#2838 = LINE('',#2839,#2840);
#2839 = CARTESIAN_POINT('',(-51.58806491729,-14.65,11.2));
#2840 = VECTOR('',#2841,1.);
#2841 = DIRECTION('',(1.,0.,0.));
#2842 = ORIENTED_EDGE('',*,*,#2843,.T.);
#2843 = EDGE_CURVE('',#2836,#2844,#2846,.T.);
#2844 = VERTEX_POINT('',#2845);
#2845 = CARTESIAN_POINT('',(-38.1991,-14.6885,11.2));
#2846 = LINE('',#2847,#2848);
#2847 = CARTESIAN_POINT('',(-51.83620264201,-14.01839348855,11.2));
#2848 = VECTOR('',#2849,1.);
#2849 = DIRECTION('',(0.998794886786,-4.907926374126E-02,0.));
#2850 = ORIENTED_EDGE('',*,*,#2851,.T.);
#2851 = EDGE_CURVE('',#2844,#2852,#2854,.T.);
#2852 = VERTEX_POINT('',#2853);
#2853 = CARTESIAN_POINT('',(-36.5677,-15.013,11.2));
#2854 = LINE('',#2855,#2856);
#2855 = CARTESIAN_POINT('',(-52.50580853736,-11.84276816208,11.2));
#2856 = VECTOR('',#2857,1.);
#2857 = DIRECTION('',(0.980785928742,-0.19508706257,0.));
#2858 = ORIENTED_EDGE('',*,*,#2859,.T.);
#2859 = EDGE_CURVE('',#2852,#2860,#2862,.T.);
#2860 = VERTEX_POINT('',#2861);
#2861 = CARTESIAN_POINT('',(-35.1223,-15.6117,11.2));
#2862 = LINE('',#2863,#2864);
#2863 = CARTESIAN_POINT('',(-52.53336121904,-8.399853900759,11.2));
#2864 = VECTOR('',#2865,1.);
#2865 = DIRECTION('',(0.923880500421,-0.382681095615,0.));
#2866 = ORIENTED_EDGE('',*,*,#2867,.T.);
#2867 = EDGE_CURVE('',#2860,#2868,#2870,.T.);
#2868 = VERTEX_POINT('',#2869);
#2869 = CARTESIAN_POINT('',(-33.8215,-16.4809,11.2));
#2870 = LINE('',#2871,#2872);
#2871 = CARTESIAN_POINT('',(-51.05905571366,-4.962693183953,11.2));
#2872 = VECTOR('',#2873,1.);
#2873 = DIRECTION('',(0.831459801075,-0.555584916278,0.));
#2874 = ORIENTED_EDGE('',*,*,#2875,.T.);
#2875 = EDGE_CURVE('',#2868,#2876,#2878,.T.);
#2876 = VERTEX_POINT('',#2877);
#2877 = CARTESIAN_POINT('',(-32.7152,-17.5871,11.2));
#2878 = LINE('',#2879,#2880);
#2879 = CARTESIAN_POINT('',(-48.15626241285,-2.14743332631,11.2));
#2880 = VECTOR('',#2881,1.);
#2881 = DIRECTION('',(0.707138740093,-0.707074820836,0.));
#2882 = ORIENTED_EDGE('',*,*,#2883,.T.);
#2883 = EDGE_CURVE('',#2876,#2884,#2886,.T.);
#2884 = VERTEX_POINT('',#2885);
#2885 = CARTESIAN_POINT('',(-31.6613,-19.1644,11.2));
#2886 = LINE('',#2887,#2888);
#2887 = CARTESIAN_POINT('',(-44.04058988183,-0.637164085195,11.2));
#2888 = VECTOR('',#2889,1.);
#2889 = DIRECTION('',(0.555563612717,-0.831474035809,0.));
#2890 = ORIENTED_EDGE('',*,*,#2891,.T.);
#2891 = EDGE_CURVE('',#2884,#2892,#2894,.T.);
#2892 = VERTEX_POINT('',#2893);
#2893 = CARTESIAN_POINT('',(-31.6037,-19.2723,11.2));
#2894 = LINE('',#2895,#2896);
#2895 = CARTESIAN_POINT('',(-41.85790627636,-6.346567326962E-02,11.2));
#2896 = VECTOR('',#2897,1.);
#2897 = DIRECTION('',(0.470927681203,-0.882171819476,0.));
#2898 = ORIENTED_EDGE('',*,*,#2899,.T.);
#2899 = EDGE_CURVE('',#2892,#2900,#2902,.T.);
#2900 = VERTEX_POINT('',#2901);
#2901 = CARTESIAN_POINT('',(-31.1062,-19.8784,11.2));
#2902 = LINE('',#2903,#2904);
#2903 = CARTESIAN_POINT('',(-45.7530508501,-2.034266733172,11.2));
#2904 = VECTOR('',#2905,1.);
#2905 = DIRECTION('',(0.634459263544,-0.772956300772,0.));
#2906 = ORIENTED_EDGE('',*,*,#2907,.T.);
#2907 = EDGE_CURVE('',#2900,#2908,#2910,.T.);
#2908 = VERTEX_POINT('',#2909);
#2909 = CARTESIAN_POINT('',(-30.5001,-20.3759,11.2));
#2910 = LINE('',#2911,#2912);
#2911 = CARTESIAN_POINT('',(-48.67473975759,-5.457762267938,11.2));
#2912 = VECTOR('',#2913,1.);
#2913 = DIRECTION('',(0.772956300772,-0.634459263544,0.));
#2914 = ORIENTED_EDGE('',*,*,#2915,.T.);
#2915 = EDGE_CURVE('',#2908,#2916,#2918,.T.);
#2916 = VERTEX_POINT('',#2917);
#2917 = CARTESIAN_POINT('',(-29.8085,-20.7455,11.2));
#2918 = LINE('',#2919,#2920);
#2919 = CARTESIAN_POINT('',(-50.13235678145,-9.884167630962,11.2));
#2920 = VECTOR('',#2921,1.);
#2921 = DIRECTION('',(0.881957260666,-0.471329386267,0.));
#2922 = ORIENTED_EDGE('',*,*,#2923,.T.);
#2923 = EDGE_CURVE('',#2916,#2924,#2926,.T.);
#2924 = VERTEX_POINT('',#2925);
#2925 = CARTESIAN_POINT('',(-29.0582,-20.9731,11.2));
#2926 = LINE('',#2927,#2928);
#2927 = CARTESIAN_POINT('',(-49.82190085278,-14.6745283432,11.2));
#2928 = VECTOR('',#2929,1.);
#2929 = DIRECTION('',(0.956940695942,-0.290283489799,0.));
#2930 = ORIENTED_EDGE('',*,*,#2931,.T.);
#2931 = EDGE_CURVE('',#2924,#2932,#2934,.T.);
#2932 = VERTEX_POINT('',#2933);
#2933 = CARTESIAN_POINT('',(-28.2778,-21.05,11.2));
#2934 = LINE('',#2935,#2936);
#2935 = CARTESIAN_POINT('',(-47.70963312552,-19.13520250211,11.2));
#2936 = VECTOR('',#2937,1.);
#2937 = DIRECTION('',(0.995180084663,-9.80642600084E-02,0.));
#2938 = ORIENTED_EDGE('',*,*,#2939,.T.);
#2939 = EDGE_CURVE('',#2932,#2940,#2942,.T.);
#2940 = VERTEX_POINT('',#2941);
#2941 = CARTESIAN_POINT('',(-10.6347,-21.05,11.2));
#2942 = LINE('',#2943,#2944);
#2943 = CARTESIAN_POINT('',(-37.41411491729,-21.05,11.2));
#2944 = VECTOR('',#2945,1.);
#2945 = DIRECTION('',(1.,0.,0.));
#2946 = ORIENTED_EDGE('',*,*,#2947,.T.);
#2947 = EDGE_CURVE('',#2940,#2948,#2950,.T.);
#2948 = VERTEX_POINT('',#2949);
#2949 = CARTESIAN_POINT('',(-10.2426,-21.0307,11.2));
#2950 = LINE('',#2951,#2952);
#2951 = CARTESIAN_POINT('',(-36.32482291898,-22.31452275525,11.2));
#2952 = VECTOR('',#2953,1.);
#2953 = DIRECTION('',(0.998790787438,4.916261718327E-02,0.));
#2954 = ORIENTED_EDGE('',*,*,#2955,.T.);
#2955 = EDGE_CURVE('',#2948,#2956,#2958,.T.);
#2956 = VERTEX_POINT('',#2957);
#2957 = CARTESIAN_POINT('',(-9.47357,-20.8778,11.2));
#2958 = LINE('',#2959,#2960);
#2959 = CARTESIAN_POINT('',(-32.58245178422,-25.47235161022,11.2));
#2960 = VECTOR('',#2961,1.);
#2961 = DIRECTION('',(0.980802255961,0.195004960712,0.));
#2962 = ORIENTED_EDGE('',*,*,#2963,.T.);
#2963 = EDGE_CURVE('',#2956,#2964,#2966,.T.);
#2964 = VERTEX_POINT('',#2965);
#2965 = CARTESIAN_POINT('',(-8.74912,-20.5777,11.2));
#2966 = LINE('',#2967,#2968);
#2967 = CARTESIAN_POINT('',(-26.52864236469,-27.94278338966,11.2));
#2968 = VECTOR('',#2969,1.);
#2969 = DIRECTION('',(0.923869168907,0.382708451362,0.));
#2970 = ORIENTED_EDGE('',*,*,#2971,.T.);
#2971 = EDGE_CURVE('',#2964,#2972,#2974,.T.);
#2972 = VERTEX_POINT('',#2973);
#2973 = CARTESIAN_POINT('',(-8.09714,-20.142,11.2));
#2974 = LINE('',#2975,#2976);
#2975 = CARTESIAN_POINT('',(-19.9013653455,-28.03043366826,11.2));
#2976 = VECTOR('',#2977,1.);
#2977 = DIRECTION('',(0.83143374015,0.555623915739,0.));
#2978 = ORIENTED_EDGE('',*,*,#2979,.T.);
#2979 = EDGE_CURVE('',#2972,#2980,#2982,.T.);
#2980 = VERTEX_POINT('',#2981);
#2981 = CARTESIAN_POINT('',(-7.54267,-19.5876,11.2));
#2982 = LINE('',#2983,#2984);
#2983 = CARTESIAN_POINT('',(-13.63627952121,-25.6804402232,11.2));
#2984 = VECTOR('',#2985,1.);
#2985 = DIRECTION('',(0.707151417539,0.707062142016,0.));
#2986 = ORIENTED_EDGE('',*,*,#2987,.T.);
#2987 = EDGE_CURVE('',#2980,#2988,#2990,.T.);
#2988 = VERTEX_POINT('',#2989);
#2989 = CARTESIAN_POINT('',(-7.10703,-18.9356,11.2));
#2990 = LINE('',#2991,#2992);
#2991 = CARTESIAN_POINT('',(-8.610930788058,-21.18641102243,11.2));
#2992 = VECTOR('',#2993,1.);
#2993 = DIRECTION('',(0.555559237121,0.831476959422,0.));
#2994 = ORIENTED_EDGE('',*,*,#2995,.T.);
#2995 = EDGE_CURVE('',#2988,#2996,#2998,.T.);
#2996 = VERTEX_POINT('',#2997);
#2997 = CARTESIAN_POINT('',(-6.80695,-18.2111,11.2));
#2998 = LINE('',#2999,#3000);
#2999 = CARTESIAN_POINT('',(-5.545139043067,-15.16463892862,11.2));
#3000 = VECTOR('',#3001,1.);
#3001 = DIRECTION('',(0.382664138353,0.923887524117,0.));
#3002 = ORIENTED_EDGE('',*,*,#3003,.T.);
#3003 = EDGE_CURVE('',#2996,#3004,#3006,.T.);
#3004 = VERTEX_POINT('',#3005);
#3005 = CARTESIAN_POINT('',(-6.42316,-16.9459,11.2));
#3006 = LINE('',#3007,#3008);
#3007 = CARTESIAN_POINT('',(-4.740128546644,-11.39762778137,11.2));
#3008 = VECTOR('',#3009,1.);
#3009 = DIRECTION('',(0.290281751552,0.95694122323,0.));
#3010 = ORIENTED_EDGE('',*,*,#3011,.T.);
#3011 = EDGE_CURVE('',#3004,#3012,#3014,.T.);
#3012 = VERTEX_POINT('',#3013);
#3013 = CARTESIAN_POINT('',(-5.68566,-15.5662,11.2));
#3014 = LINE('',#3015,#3016);
#3015 = CARTESIAN_POINT('',(-6.311859830875,-16.73768190733,11.2));
#3016 = VECTOR('',#3017,1.);
#3017 = DIRECTION('',(0.4714141304,0.881911967069,0.));
#3018 = ORIENTED_EDGE('',*,*,#3019,.T.);
#3019 = EDGE_CURVE('',#3012,#3020,#3022,.T.);
#3020 = VERTEX_POINT('',#3021);
#3021 = CARTESIAN_POINT('',(-4.69317,-14.3568,11.2));
#3022 = LINE('',#3023,#3024);
#3023 = CARTESIAN_POINT('',(-10.03252264849,-20.86307521998,11.2));
#3024 = VECTOR('',#3025,1.);
#3025 = DIRECTION('',(0.634378415338,0.773022655653,0.));
#3026 = ORIENTED_EDGE('',*,*,#3027,.T.);
#3027 = EDGE_CURVE('',#3020,#3028,#3030,.T.);
#3028 = VERTEX_POINT('',#3029);
#3029 = CARTESIAN_POINT('',(-3.48381,-13.3643,11.2));
#3030 = LINE('',#3031,#3032);
#3031 = CARTESIAN_POINT('',(-15.23226403424,-23.00604491382,11.2));
#3032 = VECTOR('',#3033,1.);
#3033 = DIRECTION('',(0.773009231669,0.634394772799,0.));
#3034 = ORIENTED_EDGE('',*,*,#3035,.T.);
#3035 = EDGE_CURVE('',#3028,#3036,#3038,.T.);
#3036 = VERTEX_POINT('',#3037);
#3037 = CARTESIAN_POINT('',(-2.10406,-12.6268,11.2));
#3038 = LINE('',#3039,#3040);
#3039 = CARTESIAN_POINT('',(-20.98626045473,-22.71965945668,11.2));
#3040 = VECTOR('',#3041,1.);
#3041 = DIRECTION('',(0.881919069342,0.47140084337,0.));
#3042 = ORIENTED_EDGE('',*,*,#3043,.T.);
#3043 = EDGE_CURVE('',#3036,#3044,#3046,.T.);
#3044 = VERTEX_POINT('',#3045);
#3045 = CARTESIAN_POINT('',(-0.606947,-12.1727,11.2));
#3046 = LINE('',#3047,#3048);
#3047 = CARTESIAN_POINT('',(-26.26785487761,-19.95609261446,11.2));
#3048 = VECTOR('',#3049,1.);
#3049 = DIRECTION('',(0.956948194773,0.290258768207,0.));
#3050 = ORIENTED_EDGE('',*,*,#3051,.T.);
#3051 = EDGE_CURVE('',#3044,#3052,#3054,.T.);
#3052 = VERTEX_POINT('',#3053);
#3053 = CARTESIAN_POINT('',(1.14651,-12.,11.2));
#3054 = LINE('',#3055,#3056);
#3055 = CARTESIAN_POINT('',(-30.00515548035,-15.06816342143,11.2));
#3056 = VECTOR('',#3057,1.);
#3057 = DIRECTION('',(0.995184751068,9.80168926352E-02,0.));
#3058 = ORIENTED_EDGE('',*,*,#3059,.T.);
#3059 = EDGE_CURVE('',#3052,#3060,#3062,.T.);
#3060 = VERTEX_POINT('',#3061);
#3061 = CARTESIAN_POINT('',(8.,-12.,11.2));
#3062 = LINE('',#3063,#3064);
#3063 = CARTESIAN_POINT('',(-28.09676491729,-12.,11.2));
#3064 = VECTOR('',#3065,1.);
#3065 = DIRECTION('',(1.,0.,0.));
#3066 = ORIENTED_EDGE('',*,*,#3067,.T.);
#3067 = EDGE_CURVE('',#3060,#3068,#3070,.T.);
#3068 = VERTEX_POINT('',#3069);
#3069 = CARTESIAN_POINT('',(8.78036,-11.9231,11.2));
#3070 = LINE('',#3071,#3072);
#3071 = CARTESIAN_POINT('',(-26.15430116208,-15.36571038926,11.2));
#3072 = VECTOR('',#3073,1.);
#3073 = DIRECTION('',(0.995179594095,9.806923828219E-02,0.));
#3074 = ORIENTED_EDGE('',*,*,#3075,.T.);
#3075 = EDGE_CURVE('',#3068,#3076,#3078,.T.);
#3076 = VERTEX_POINT('',#3077);
#3077 = CARTESIAN_POINT('',(9.53073,-11.6955,11.2));
#3078 = LINE('',#3079,#3080);
#3079 = CARTESIAN_POINT('',(-20.83824256926,-20.90692657191,11.2));
#3080 = VECTOR('',#3081,1.);
#3081 = DIRECTION('',(0.956948218008,0.290258691604,0.));
#3082 = ORIENTED_EDGE('',*,*,#3083,.T.);
#3083 = EDGE_CURVE('',#3076,#3084,#3086,.T.);
#3084 = VERTEX_POINT('',#3085);
#3085 = CARTESIAN_POINT('',(10.2223,-11.3259,11.2));
#3086 = LINE('',#3087,#3088);
#3087 = CARTESIAN_POINT('',(-13.72629169934,-24.12489285983,11.2));
#3088 = VECTOR('',#3089,1.);
#3089 = DIRECTION('',(0.881948761333,0.471345289976,0.));
#3090 = ORIENTED_EDGE('',*,*,#3091,.T.);
#3091 = EDGE_CURVE('',#3084,#3092,#3094,.T.);
#3092 = VERTEX_POINT('',#3093);
#3093 = CARTESIAN_POINT('',(10.8284,-10.8284,11.2));
#3094 = LINE('',#3095,#3096);
#3095 = CARTESIAN_POINT('',(-5.81466939514,-24.48939162528,11.2));
#3096 = VECTOR('',#3097,1.);
#3097 = DIRECTION('',(0.772956300772,0.634459263544,0.));
#3098 = ORIENTED_EDGE('',*,*,#3099,.T.);
#3099 = EDGE_CURVE('',#3092,#3100,#3102,.T.);
#3100 = VERTEX_POINT('',#3101);
#3101 = CARTESIAN_POINT('',(11.3259,-10.2223,11.2));
#3102 = LINE('',#3103,#3104);
#3103 = CARTESIAN_POINT('',(1.745826135916,-21.89362214878,11.2));
#3104 = VECTOR('',#3105,1.);
#3105 = DIRECTION('',(0.634459263544,0.772956300772,0.));
#3106 = ORIENTED_EDGE('',*,*,#3107,.T.);
#3107 = EDGE_CURVE('',#3100,#3108,#3110,.T.);
#3108 = VERTEX_POINT('',#3109);
#3109 = CARTESIAN_POINT('',(11.6955,-9.53073,11.2));
#3110 = LINE('',#3111,#3112);
#3111 = CARTESIAN_POINT('',(7.885351520433,-16.66001675328,11.2));
#3112 = VECTOR('',#3113,1.);
#3113 = DIRECTION('',(0.471345289976,0.881948761333,0.));
#3114 = ORIENTED_EDGE('',*,*,#3115,.T.);
#3115 = EDGE_CURVE('',#3108,#3116,#3118,.T.);
#3116 = VERTEX_POINT('',#3117);
#3117 = CARTESIAN_POINT('',(11.9231,-8.78036,11.2));
#3118 = LINE('',#3119,#3120);
#3119 = CARTESIAN_POINT('',(11.699343433397,-9.518058659412,11.2));
#3120 = VECTOR('',#3121,1.);
#3121 = DIRECTION('',(0.290258691604,0.956948218008,0.));
#3122 = ORIENTED_EDGE('',*,*,#3123,.T.);
#3123 = EDGE_CURVE('',#3116,#3124,#3126,.T.);
#3124 = VERTEX_POINT('',#3125);
#3125 = CARTESIAN_POINT('',(12.,-8.,11.2));
#3126 = LINE('',#3127,#3128);
#3127 = CARTESIAN_POINT('',(12.643528871133,-1.469646425522,11.2));
#3128 = VECTOR('',#3129,1.);
#3129 = DIRECTION('',(9.806923828219E-02,0.995179594095,0.));
#3130 = ORIENTED_EDGE('',*,*,#3131,.T.);
#3131 = EDGE_CURVE('',#3124,#3132,#3134,.T.);
#3132 = VERTEX_POINT('',#3133);
#3133 = CARTESIAN_POINT('',(12.,46.1,11.2));
#3134 = LINE('',#3135,#3136);
#3135 = CARTESIAN_POINT('',(12.,29.397987220911,11.2));
#3136 = VECTOR('',#3137,1.);
#3137 = DIRECTION('',(0.,1.,0.));
#3138 = ORIENTED_EDGE('',*,*,#3139,.T.);
#3139 = EDGE_CURVE('',#3132,#3140,#3142,.T.);
#3140 = VERTEX_POINT('',#3141);
#3141 = CARTESIAN_POINT('',(11.9231,46.8804,11.2));
#3142 = LINE('',#3143,#3144);
#3143 = CARTESIAN_POINT('',(13.2251648117,33.666727970732,11.2));
#3144 = VECTOR('',#3145,1.);
#3145 = DIRECTION('',(-9.80642600084E-02,0.995180084663,0.));
#3146 = ORIENTED_EDGE('',*,*,#3147,.T.);
#3147 = EDGE_CURVE('',#3140,#3148,#3150,.T.);
#3148 = VERTEX_POINT('',#3149);
#3149 = CARTESIAN_POINT('',(11.6955,47.6307,11.2));
#3150 = LINE('',#3151,#3152);
#3151 = CARTESIAN_POINT('',(13.350279636464,42.175598237087,11.2));
#3152 = VECTOR('',#3153,1.);
#3153 = DIRECTION('',(-0.290283489799,0.956940695942,0.));
#3154 = ORIENTED_EDGE('',*,*,#3155,.T.);
#3155 = EDGE_CURVE('',#3148,#3156,#3158,.T.);
#3156 = VERTEX_POINT('',#3157);
#3157 = CARTESIAN_POINT('',(11.3259,48.3223,11.2));
#3158 = LINE('',#3159,#3160);
#3159 = CARTESIAN_POINT('',(10.34232276249,50.162781648977,11.2));
#3160 = VECTOR('',#3161,1.);
#3161 = DIRECTION('',(-0.471329386267,0.881957260666,0.));
#3162 = ORIENTED_EDGE('',*,*,#3163,.T.);
#3163 = EDGE_CURVE('',#3156,#3164,#3166,.T.);
#3164 = VERTEX_POINT('',#3165);
#3165 = CARTESIAN_POINT('',(10.8284,48.9284,11.2));
#3166 = LINE('',#3167,#3168);
#3167 = CARTESIAN_POINT('',(4.613149268931,56.500386870555,11.2));
#3168 = VECTOR('',#3169,1.);
#3169 = DIRECTION('',(-0.634459263544,0.772956300772,0.));
#3170 = ORIENTED_EDGE('',*,*,#3171,.T.);
#3171 = EDGE_CURVE('',#3164,#3172,#3174,.T.);
#3172 = VERTEX_POINT('',#3173);
#3173 = CARTESIAN_POINT('',(10.2223,49.4259,11.2));
#3174 = LINE('',#3175,#3176);
#3175 = CARTESIAN_POINT('',(-3.001646262126,60.280401345335,11.2));
#3176 = VECTOR('',#3177,1.);
#3177 = DIRECTION('',(-0.772956300772,0.634459263544,0.));
#3178 = ORIENTED_EDGE('',*,*,#3179,.T.);
#3179 = EDGE_CURVE('',#3172,#3180,#3182,.T.);
#3180 = VERTEX_POINT('',#3181);
#3181 = CARTESIAN_POINT('',(9.53073,49.7955,11.2));
#3182 = LINE('',#3183,#3184);
#3183 = CARTESIAN_POINT('',(-11.4306930591,60.998041988008,11.2));
#3184 = VECTOR('',#3185,1.);
#3185 = DIRECTION('',(-0.881948761333,0.471345289976,0.));
#3186 = ORIENTED_EDGE('',*,*,#3187,.T.);
#3187 = EDGE_CURVE('',#3180,#3188,#3190,.T.);
#3188 = VERTEX_POINT('',#3189);
#3189 = CARTESIAN_POINT('',(8.78036,50.0231,11.2));
#3190 = LINE('',#3191,#3192);
#3191 = CARTESIAN_POINT('',(-19.44851730566,58.585399232072,11.2));
#3192 = VECTOR('',#3193,1.);
#3193 = DIRECTION('',(-0.956948218008,0.290258691604,0.));
#3194 = ORIENTED_EDGE('',*,*,#3195,.T.);
#3195 = EDGE_CURVE('',#3188,#3196,#3198,.T.);
#3196 = VERTEX_POINT('',#3197);
#3197 = CARTESIAN_POINT('',(8.,50.1,11.2));
#3198 = LINE('',#3199,#3200);
#3199 = CARTESIAN_POINT('',(-25.92435047653,53.443050068744,11.2));
#3200 = VECTOR('',#3201,1.);
#3201 = DIRECTION('',(-0.995179594095,9.80692382822E-02,0.));
#3202 = ORIENTED_EDGE('',*,*,#3203,.T.);
#3203 = EDGE_CURVE('',#3196,#3204,#3206,.T.);
#3204 = VERTEX_POINT('',#3205);
#3205 = CARTESIAN_POINT('',(1.14651,50.1,11.2));
#3206 = LINE('',#3207,#3208);
#3207 = CARTESIAN_POINT('',(-31.52350991729,50.1,11.2));
#3208 = VECTOR('',#3209,1.);
#3209 = DIRECTION('',(-1.,-0.,-0.));
#3210 = ORIENTED_EDGE('',*,*,#3211,.T.);
#3211 = EDGE_CURVE('',#3204,#3212,#3214,.T.);
#3212 = VERTEX_POINT('',#3213);
#3213 = CARTESIAN_POINT('',(-0.606947,50.2727,11.2));
#3214 = LINE('',#3215,#3216);
#3215 = CARTESIAN_POINT('',(-30.26208108532,53.193468320258,11.2));
#3216 = VECTOR('',#3217,1.);
#3217 = DIRECTION('',(-0.995184751068,9.801689263519E-02,0.));
#3218 = ORIENTED_EDGE('',*,*,#3219,.T.);
#3219 = EDGE_CURVE('',#3212,#3220,#3222,.T.);
#3220 = VERTEX_POINT('',#3221);
#3221 = CARTESIAN_POINT('',(-2.10406,50.7268,11.2));
#3222 = LINE('',#3223,#3224);
#3223 = CARTESIAN_POINT('',(-25.25150069109,57.747814992071,11.2));
#3224 = VECTOR('',#3225,1.);
#3225 = DIRECTION('',(-0.956948194773,0.290258768207,0.));
#3226 = ORIENTED_EDGE('',*,*,#3227,.T.);
#3227 = EDGE_CURVE('',#3220,#3228,#3230,.T.);
#3228 = VERTEX_POINT('',#3229);
#3229 = CARTESIAN_POINT('',(-3.48381,51.4643,11.2));
#3230 = LINE('',#3231,#3232);
#3231 = CARTESIAN_POINT('',(-19.03452943365,59.776425807084,11.2));
#3232 = VECTOR('',#3233,1.);
#3233 = DIRECTION('',(-0.881919069342,0.47140084337,0.));
#3234 = ORIENTED_EDGE('',*,*,#3235,.T.);
#3235 = EDGE_CURVE('',#3228,#3236,#3238,.T.);
#3236 = VERTEX_POINT('',#3237);
#3237 = CARTESIAN_POINT('',(-4.69317,52.4568,11.2));
#3238 = LINE('',#3239,#3240);
#3239 = CARTESIAN_POINT('',(-12.72097427769,59.045074579619,11.2));
#3240 = VECTOR('',#3241,1.);
#3241 = DIRECTION('',(-0.773009231669,0.634394772799,0.));
#3242 = ORIENTED_EDGE('',*,*,#3243,.T.);
#3243 = EDGE_CURVE('',#3236,#3244,#3246,.T.);
#3244 = VERTEX_POINT('',#3245);
#3245 = CARTESIAN_POINT('',(-5.68566,53.6662,11.2));
#3246 = LINE('',#3247,#3248);
#3247 = CARTESIAN_POINT('',(-7.412824125053,55.770838125159,11.2));
#3248 = VECTOR('',#3249,1.);
#3249 = DIRECTION('',(-0.634378415338,0.773022655653,0.));
#3250 = ORIENTED_EDGE('',*,*,#3251,.T.);
#3251 = EDGE_CURVE('',#3244,#3252,#3254,.T.);
#3252 = VERTEX_POINT('',#3253);
#3253 = CARTESIAN_POINT('',(-6.42316,55.0459,11.2));
#3254 = LINE('',#3255,#3256);
#3255 = CARTESIAN_POINT('',(-4.038950626781,50.585569596976,11.2));
#3256 = VECTOR('',#3257,1.);
#3257 = DIRECTION('',(-0.4714141304,0.881911967069,0.));
#3258 = ORIENTED_EDGE('',*,*,#3259,.T.);
#3259 = EDGE_CURVE('',#3252,#3260,#3262,.T.);
#3260 = VERTEX_POINT('',#3261);
#3261 = CARTESIAN_POINT('',(-6.88227,56.5594,11.2));
#3262 = LINE('',#3263,#3264);
#3263 = CARTESIAN_POINT('',(-3.204646113093,44.435761323356,11.2));
#3264 = VECTOR('',#3265,1.);
#3265 = DIRECTION('',(-0.290281663229,0.956941250022,0.));
#3266 = ORIENTED_EDGE('',*,*,#3267,.T.);
#3267 = EDGE_CURVE('',#3260,#3268,#3270,.T.);
#3268 = VERTEX_POINT('',#3269);
#3269 = CARTESIAN_POINT('',(-6.92988,56.8804,11.2));
#3270 = LINE('',#3271,#3272);
#3271 = CARTESIAN_POINT('',(-4.340031821186,39.418915744606,11.2));
#3272 = VECTOR('',#3273,1.);
#3273 = DIRECTION('',(-0.146712829426,0.989179127197,0.));
#3274 = ORIENTED_EDGE('',*,*,#3275,.T.);
#3275 = EDGE_CURVE('',#3268,#3276,#3278,.T.);
#3276 = VERTEX_POINT('',#3277);
#3277 = CARTESIAN_POINT('',(-7.1575,57.6307,11.2));
#3278 = LINE('',#3279,#3280);
#3279 = CARTESIAN_POINT('',(-3.319411353605,44.979272570995,11.2));
#3280 = VECTOR('',#3281,1.);
#3281 = DIRECTION('',(-0.290306848318,0.956933609933,0.));
#3282 = ORIENTED_EDGE('',*,*,#3283,.T.);
#3283 = EDGE_CURVE('',#3276,#3284,#3286,.T.);
#3284 = VERTEX_POINT('',#3285);
#3285 = CARTESIAN_POINT('',(-7.52714,58.3223,11.2));
#3286 = LINE('',#3287,#3288);
#3287 = CARTESIAN_POINT('',(-4.338630308998,52.356567659622,11.2));
#3288 = VECTOR('',#3289,1.);
#3289 = DIRECTION('',(-0.47136906264,0.881936055951,0.));
#3290 = ORIENTED_EDGE('',*,*,#3291,.T.);
#3291 = EDGE_CURVE('',#3284,#3292,#3294,.T.);
#3292 = VERTEX_POINT('',#3293);
#3293 = CARTESIAN_POINT('',(-8.02459,58.9284,11.2));
#3294 = LINE('',#3295,#3296);
#3295 = CARTESIAN_POINT('',(-7.99213105552,58.888851570511,11.2));
#3296 = VECTOR('',#3297,1.);
#3297 = DIRECTION('',(-0.634421164253,0.772987571924,0.));
#3298 = ORIENTED_EDGE('',*,*,#3299,.T.);
#3299 = EDGE_CURVE('',#3292,#3300,#3302,.T.);
#3300 = VERTEX_POINT('',#3301);
#3301 = CARTESIAN_POINT('',(-8.63074,59.4259,11.2));
#3302 = LINE('',#3303,#3304);
#3303 = CARTESIAN_POINT('',(-13.77194418131,63.645563581955,11.2));
#3304 = VECTOR('',#3305,1.);
#3305 = DIRECTION('',(-0.772981966645,0.634427993741,0.));
#3306 = ORIENTED_EDGE('',*,*,#3307,.T.);
#3307 = EDGE_CURVE('',#3300,#3308,#3310,.T.);
#3308 = VERTEX_POINT('',#3309);
#3309 = CARTESIAN_POINT('',(-9.32228,59.7955,11.2));
#3310 = LINE('',#3311,#3312);
#3311 = CARTESIAN_POINT('',(-20.87229126876,65.96851119955,11.2));
#3312 = VECTOR('',#3313,1.);
#3313 = DIRECTION('',(-0.88194026114,0.471361194605,0.));
#3314 = ORIENTED_EDGE('',*,*,#3315,.T.);
#3315 = EDGE_CURVE('',#3308,#3316,#3318,.T.);
#3316 = VERTEX_POINT('',#3317);
#3317 = CARTESIAN_POINT('',(-10.0727,60.0231,11.2));
#3318 = LINE('',#3319,#3320);
#3319 = CARTESIAN_POINT('',(-28.28106315268,65.545638649756,11.2));
#3320 = VECTOR('',#3321,1.);
#3321 = DIRECTION('',(-0.956953589732,0.290240981081,0.));
#3322 = ORIENTED_EDGE('',*,*,#3323,.T.);
#3323 = EDGE_CURVE('',#3316,#3324,#3326,.T.);
#3324 = VERTEX_POINT('',#3325);
#3325 = CARTESIAN_POINT('',(-10.853,60.1,11.2));
#3326 = LINE('',#3327,#3328);
#3327 = CARTESIAN_POINT('',(-34.95331450845,62.47513031616,11.2));
#3328 = VECTOR('',#3329,1.);
#3329 = DIRECTION('',(-0.995178858103,9.807670663608E-02,0.));
#3330 = ORIENTED_EDGE('',*,*,#3331,.T.);
#3331 = EDGE_CURVE('',#3324,#3332,#3334,.T.);
#3332 = VERTEX_POINT('',#3333);
#3333 = CARTESIAN_POINT('',(-18.1674,60.1,11.2));
#3334 = LINE('',#3335,#3336);
#3335 = CARTESIAN_POINT('',(-41.18046491729,60.1,11.2));
#3336 = VECTOR('',#3337,1.);
#3337 = DIRECTION('',(-1.,-0.,-0.));
#3338 = ORIENTED_EDGE('',*,*,#3339,.T.);
#3339 = EDGE_CURVE('',#3332,#3340,#3342,.T.);
#3340 = VERTEX_POINT('',#3341);
#3341 = CARTESIAN_POINT('',(-18.9509,60.1385,11.2));
#3342 = LINE('',#3343,#3344);
#3343 = CARTESIAN_POINT('',(-40.35490618639,61.190260355043,11.2));
#3344 = VECTOR('',#3345,1.);
#3345 = DIRECTION('',(-0.998794886786,4.907926374126E-02,0.));
#3346 = ORIENTED_EDGE('',*,*,#3347,.T.);
#3347 = EDGE_CURVE('',#3340,#3348,#3350,.T.);
#3348 = VERTEX_POINT('',#3349);
#3349 = CARTESIAN_POINT('',(-20.5823,60.463,11.2));
#3350 = LINE('',#3351,#3352);
#3351 = CARTESIAN_POINT('',(-36.98817685491,63.726275125303,11.2));
#3352 = VECTOR('',#3353,1.);
#3353 = DIRECTION('',(-0.980785928742,0.19508706257,0.));
#3354 = ORIENTED_EDGE('',*,*,#3355,.T.);
#3355 = EDGE_CURVE('',#3348,#3356,#3358,.T.);
#3356 = VERTEX_POINT('',#3357);
#3357 = CARTESIAN_POINT('',(-22.0277,61.0617,11.2));
#3358 = LINE('',#3359,#3360);
#3359 = CARTESIAN_POINT('',(-31.47324133795,64.974143336814,11.2));
#3360 = VECTOR('',#3361,1.);
#3361 = DIRECTION('',(-0.923880500421,0.382681095615,0.));
#3362 = ORIENTED_EDGE('',*,*,#3363,.T.);
#3363 = EDGE_CURVE('',#3356,#3364,#3366,.T.);
#3364 = VERTEX_POINT('',#3365);
#3365 = CARTESIAN_POINT('',(-23.3285,61.9309,11.2));
#3366 = LINE('',#3367,#3368);
#3367 = CARTESIAN_POINT('',(-26.0820652049,63.770843785439,11.2));
#3368 = VECTOR('',#3369,1.);
#3369 = DIRECTION('',(-0.831459801075,0.555584916278,0.));
#3370 = ORIENTED_EDGE('',*,*,#3371,.T.);
#3371 = EDGE_CURVE('',#3364,#3372,#3374,.T.);
#3372 = VERTEX_POINT('',#3373);
#3373 = CARTESIAN_POINT('',(-24.4348,63.0371,11.2));
#3374 = LINE('',#3375,#3376);
#3375 = CARTESIAN_POINT('',(-21.79009962289,60.392638681048,11.2));
#3376 = VECTOR('',#3377,1.);
#3377 = DIRECTION('',(-0.707138740093,0.707074820836,0.));
#3378 = ORIENTED_EDGE('',*,*,#3379,.T.);
#3379 = EDGE_CURVE('',#3372,#3380,#3382,.T.);
#3380 = VERTEX_POINT('',#3381);
#3381 = CARTESIAN_POINT('',(-25.4887,64.6144,11.2));
#3382 = LINE('',#3383,#3384);
#3383 = CARTESIAN_POINT('',(-19.47032723435,55.607113385279,11.2));
#3384 = VECTOR('',#3385,1.);
#3385 = DIRECTION('',(-0.555563612717,0.831474035809,0.));
#3386 = ORIENTED_EDGE('',*,*,#3387,.T.);
#3387 = EDGE_CURVE('',#3380,#3388,#3390,.T.);
#3388 = VERTEX_POINT('',#3389);
#3389 = CARTESIAN_POINT('',(-25.5463,64.7223,11.2));
#3390 = LINE('',#3391,#3392);
#3391 = CARTESIAN_POINT('',(-19.024868053,52.505937029841,11.2));
#3392 = VECTOR('',#3393,1.);
#3393 = DIRECTION('',(-0.470927681203,0.882171819476,0.));
#3394 = ORIENTED_EDGE('',*,*,#3395,.T.);
#3395 = EDGE_CURVE('',#3388,#3396,#3398,.T.);
#3396 = VERTEX_POINT('',#3397);
#3397 = CARTESIAN_POINT('',(-26.0438,65.3284,11.2));
#3398 = LINE('',#3399,#3400);
#3399 = CARTESIAN_POINT('',(-20.81645349879,58.959968413302,11.2));
#3400 = VECTOR('',#3401,1.);
#3401 = DIRECTION('',(-0.634459263544,0.772956300772,0.));
#3402 = ORIENTED_EDGE('',*,*,#3403,.T.);
#3403 = EDGE_CURVE('',#3396,#3404,#3406,.T.);
#3404 = VERTEX_POINT('',#3405);
#3405 = CARTESIAN_POINT('',(-26.6499,65.8259,11.2));
#3406 = LINE('',#3407,#3408);
#3407 = CARTESIAN_POINT('',(-24.83763121483,64.338350551692,11.2));
#3408 = VECTOR('',#3409,1.);
#3409 = DIRECTION('',(-0.772956300772,0.634459263544,0.));
#3410 = ORIENTED_EDGE('',*,*,#3411,.T.);
#3411 = EDGE_CURVE('',#3404,#3412,#3414,.T.);
#3412 = VERTEX_POINT('',#3413);
#3413 = CARTESIAN_POINT('',(-27.3415,66.1955,11.2));
#3414 = LINE('',#3415,#3416);
#3415 = CARTESIAN_POINT('',(-30.55447768082,67.912556898254,11.2));
#3416 = VECTOR('',#3417,1.);
#3417 = DIRECTION('',(-0.881957260666,0.471329386267,0.));
#3418 = ORIENTED_EDGE('',*,*,#3419,.T.);
#3419 = EDGE_CURVE('',#3412,#3420,#3422,.T.);
#3420 = VERTEX_POINT('',#3421);
#3421 = CARTESIAN_POINT('',(-28.0918,66.4231,11.2));
#3422 = LINE('',#3423,#3424);
#3423 = CARTESIAN_POINT('',(-37.15934753046,69.173698184637,11.2));
#3424 = VECTOR('',#3425,1.);
#3425 = DIRECTION('',(-0.956940695942,0.290283489799,0.));
#3426 = ORIENTED_EDGE('',*,*,#3427,.T.);
#3427 = EDGE_CURVE('',#3420,#3428,#3430,.T.);
#3428 = VERTEX_POINT('',#3429);
#3429 = CARTESIAN_POINT('',(-28.8722,66.5,11.2));
#3430 = LINE('',#3431,#3432);
#3431 = CARTESIAN_POINT('',(-43.73761895104,67.964826649584,11.2));
#3432 = VECTOR('',#3433,1.);
#3433 = DIRECTION('',(-0.995180084663,9.806426000839E-02,0.));
#3434 = ORIENTED_EDGE('',*,*,#3435,.T.);
#3435 = EDGE_CURVE('',#3428,#3436,#3438,.T.);
#3436 = VERTEX_POINT('',#3437);
#3437 = CARTESIAN_POINT('',(-47.3865,66.5,11.2));
#3438 = LINE('',#3439,#3440);
#3439 = CARTESIAN_POINT('',(-55.79001491729,66.5,11.2));
#3440 = VECTOR('',#3441,1.);
#3441 = DIRECTION('',(-1.,-0.,-0.));
#3442 = ORIENTED_EDGE('',*,*,#3443,.T.);
#3443 = EDGE_CURVE('',#3436,#3444,#3446,.T.);
#3444 = VERTEX_POINT('',#3445);
#3445 = CARTESIAN_POINT('',(-47.7786,66.4807,11.2));
#3446 = LINE('',#3447,#3448);
#3447 = CARTESIAN_POINT('',(-57.28672801667,66.012689618154,11.2));
#3448 = VECTOR('',#3449,1.);
#3449 = DIRECTION('',(-0.998790787438,-4.916261718327E-02,-0.));
#3450 = ORIENTED_EDGE('',*,*,#3451,.T.);
#3451 = EDGE_CURVE('',#3444,#3452,#3454,.T.);
#3452 = VERTEX_POINT('',#3453);
#3453 = CARTESIAN_POINT('',(-48.5476,66.3278,11.2));
#3454 = LINE('',#3455,#3456);
#3455 = CARTESIAN_POINT('',(-61.2020905631,63.811712084396,11.2));
#3456 = VECTOR('',#3457,1.);
#3457 = DIRECTION('',(-0.98080080092,-0.195012278883,-0.));
#3458 = ORIENTED_EDGE('',*,*,#3459,.T.);
#3459 = EDGE_CURVE('',#3452,#3460,#3462,.T.);
#3460 = VERTEX_POINT('',#3461);
#3461 = CARTESIAN_POINT('',(-49.2721,66.0277,11.2));
#3462 = LINE('',#3463,#3464);
#3463 = CARTESIAN_POINT('',(-65.06806109521,59.48474910328,11.2));
#3464 = VECTOR('',#3465,1.);
#3465 = DIRECTION('',(-0.923878507249,-0.382685907558,-0.));
#3466 = ORIENTED_EDGE('',*,*,#3467,.T.);
#3467 = EDGE_CURVE('',#3460,#3468,#3470,.T.);
#3468 = VERTEX_POINT('',#3469);
#3469 = CARTESIAN_POINT('',(-49.9241,65.592,11.2));
#3470 = LINE('',#3471,#3472);
#3471 = CARTESIAN_POINT('',(-67.07419269893,54.131424250116,11.2));
#3472 = VECTOR('',#3473,1.);
#3473 = DIRECTION('',(-0.831441613715,-0.555612133582,-0.));
#3474 = ORIENTED_EDGE('',*,*,#3475,.T.);
#3475 = EDGE_CURVE('',#3468,#3476,#3478,.T.);
#3476 = VERTEX_POINT('',#3477);
#3477 = CARTESIAN_POINT('',(-50.4785,65.0376,11.2));
#3478 = LINE('',#3479,#3480);
#3479 = CARTESIAN_POINT('',(-66.99266384819,48.523436151806,11.2));
#3480 = VECTOR('',#3481,1.);
#3481 = DIRECTION('',(-0.707106781187,-0.707106781187,-0.));
#3482 = ORIENTED_EDGE('',*,*,#3483,.T.);
#3483 = EDGE_CURVE('',#3476,#3484,#3486,.T.);
#3484 = VERTEX_POINT('',#3485);
#3485 = CARTESIAN_POINT('',(-50.9142,64.3856,11.2));
#3486 = LINE('',#3487,#3488);
#3487 = CARTESIAN_POINT('',(-64.90314184734,43.451952801312,11.2));
#3488 = VECTOR('',#3489,1.);
#3489 = DIRECTION('',(-0.555612133582,-0.831441613715,-0.));
#3490 = ORIENTED_EDGE('',*,*,#3491,.T.);
#3491 = EDGE_CURVE('',#3484,#3492,#3494,.T.);
#3492 = VERTEX_POINT('',#3493);
#3493 = CARTESIAN_POINT('',(-51.2987,63.6662,11.2));
#3494 = LINE('',#3495,#3496);
#3495 = CARTESIAN_POINT('',(-63.32588358174,41.163323878517,11.2));
#3496 = VECTOR('',#3497,1.);
#3497 = DIRECTION('',(-0.471370695079,-0.881935183458,-0.));
#3498 = ORIENTED_EDGE('',*,*,#3499,.T.);
#3499 = EDGE_CURVE('',#3492,#3500,#3502,.T.);
#3500 = VERTEX_POINT('',#3501);
#3501 = CARTESIAN_POINT('',(-52.2912,62.4568,11.2));
#3502 = LINE('',#3503,#3504);
#3503 = CARTESIAN_POINT('',(-66.8872936142,44.670890058418,11.2));
#3504 = VECTOR('',#3505,1.);
#3505 = DIRECTION('',(-0.634382234816,-0.773019521196,-0.));
#3506 = ORIENTED_EDGE('',*,*,#3507,.T.);
#3507 = EDGE_CURVE('',#3500,#3508,#3510,.T.);
#3508 = VERTEX_POINT('',#3509);
#3509 = CARTESIAN_POINT('',(-53.5006,61.4643,11.2));
#3510 = LINE('',#3511,#3512);
#3511 = CARTESIAN_POINT('',(-68.65317515473,49.029265403441,11.2));
#3512 = VECTOR('',#3513,1.);
#3513 = DIRECTION('',(-0.773019521196,-0.634382234816,-0.));
#3514 = ORIENTED_EDGE('',*,*,#3515,.T.);
#3515 = EDGE_CURVE('',#3508,#3516,#3518,.T.);
#3516 = VERTEX_POINT('',#3517);
#3517 = CARTESIAN_POINT('',(-54.8803,60.7268,11.2));
#3518 = LINE('',#3519,#3520);
#3519 = CARTESIAN_POINT('',(-68.48637552354,53.453856100155,11.2));
#3520 = VECTOR('',#3521,1.);
#3521 = DIRECTION('',(-0.881911967069,-0.4714141304,-0.));
#3522 = ORIENTED_EDGE('',*,*,#3523,.T.);
#3523 = EDGE_CURVE('',#3516,#3524,#3526,.T.);
#3524 = VERTEX_POINT('',#3525);
#3525 = CARTESIAN_POINT('',(-56.3774,60.2727,11.2));
#3526 = LINE('',#3527,#3528);
#3527 = CARTESIAN_POINT('',(-66.56376992005,57.182972806962,11.2));
#3528 = VECTOR('',#3529,1.);
#3529 = DIRECTION('',(-0.956947494684,-0.290261076305,-0.));
#3530 = ORIENTED_EDGE('',*,*,#3531,.T.);
#3531 = EDGE_CURVE('',#3524,#3532,#3534,.T.);
#3532 = VERTEX_POINT('',#3533);
#3533 = CARTESIAN_POINT('',(-58.1309,60.1,11.2));
#3534 = LINE('',#3535,#3536);
#3535 = CARTESIAN_POINT('',(-63.44504880617,59.576616196848,11.2));
#3536 = VECTOR('',#3537,1.);
#3537 = DIRECTION('',(-0.995184985525,-9.80145121187E-02,-0.));
#3538 = ORIENTED_EDGE('',*,*,#3539,.T.);
#3539 = EDGE_CURVE('',#3532,#3540,#3542,.T.);
#3540 = VERTEX_POINT('',#3541);
#3541 = CARTESIAN_POINT('',(-67.6867,60.1,11.2));
#3542 = LINE('',#3543,#3544);
#3543 = CARTESIAN_POINT('',(-65.94011491729,60.1,11.2));
#3544 = VECTOR('',#3545,1.);
#3545 = DIRECTION('',(-1.,-0.,-0.));
#3546 = ORIENTED_EDGE('',*,*,#3547,.T.);
#3547 = EDGE_CURVE('',#3540,#3548,#3550,.T.);
#3548 = VERTEX_POINT('',#3549);
#3549 = CARTESIAN_POINT('',(-68.0788,60.0807,11.2));
#3550 = LINE('',#3551,#3552);
#3551 = CARTESIAN_POINT('',(-67.30423029088,60.118825976501,11.2));
#3552 = VECTOR('',#3553,1.);
#3553 = DIRECTION('',(-0.998790787438,-4.916261718327E-02,-0.));
#3554 = ORIENTED_EDGE('',*,*,#3555,.T.);
#3555 = EDGE_CURVE('',#3548,#3556,#3558,.T.);
#3556 = VERTEX_POINT('',#3557);
#3557 = CARTESIAN_POINT('',(-68.8479,59.9278,11.2));
#3558 = LINE('',#3559,#3560);
#3559 = CARTESIAN_POINT('',(-71.12562560483,59.474979502042,11.2));
#3560 = VECTOR('',#3561,1.);
#3561 = DIRECTION('',(-0.980805650419,-0.194987887075,-0.));
#3562 = ORIENTED_EDGE('',*,*,#3563,.T.);
#3563 = EDGE_CURVE('',#3556,#3564,#3566,.T.);
#3564 = VERTEX_POINT('',#3565);
#3565 = CARTESIAN_POINT('',(-69.5723,59.6277,11.2));
#3566 = LINE('',#3567,#3568);
#3567 = CARTESIAN_POINT('',(-75.57415374188,57.141288752156,11.2));
#3568 = VECTOR('',#3569,1.);
#3569 = DIRECTION('',(-0.923859828914,-0.382730997594,-0.));
#3570 = ORIENTED_EDGE('',*,*,#3571,.T.);
#3571 = EDGE_CURVE('',#3564,#3572,#3574,.T.);
#3572 = VERTEX_POINT('',#3573);
#3573 = CARTESIAN_POINT('',(-70.2243,59.192,11.2));
#3574 = LINE('',#3575,#3576);
#3575 = CARTESIAN_POINT('',(-78.87940876907,53.408210290359,11.2));
#3576 = VECTOR('',#3577,1.);
#3577 = DIRECTION('',(-0.831441613715,-0.555612133582,-0.));
#3578 = ORIENTED_EDGE('',*,*,#3579,.T.);
#3579 = EDGE_CURVE('',#3572,#3580,#3582,.T.);
#3580 = VERTEX_POINT('',#3581);
#3581 = CARTESIAN_POINT('',(-70.5018,58.9643,11.2));
#3582 = LINE('',#3583,#3584);
#3583 = CARTESIAN_POINT('',(-79.96125641283,51.202432521794,11.2));
#3584 = VECTOR('',#3585,1.);
#3585 = DIRECTION('',(-0.773062862009,-0.634329418664,-0.));
#3586 = ORIENTED_EDGE('',*,*,#3587,.T.);
#3587 = EDGE_CURVE('',#3580,#3588,#3590,.T.);
#3588 = VERTEX_POINT('',#3589);
#3589 = CARTESIAN_POINT('',(-71.8815,58.2268,11.2));
#3590 = LINE('',#3591,#3592);
#3591 = CARTESIAN_POINT('',(-78.3563925584,54.765733636423,11.2));
#3592 = VECTOR('',#3593,1.);
#3593 = DIRECTION('',(-0.881911967069,-0.4714141304,-0.));
#3594 = ORIENTED_EDGE('',*,*,#3595,.T.);
#3595 = EDGE_CURVE('',#3588,#3596,#3598,.T.);
#3596 = VERTEX_POINT('',#3597);
#3597 = CARTESIAN_POINT('',(-73.3786,57.7727,11.2));
#3598 = LINE('',#3599,#3600);
#3599 = CARTESIAN_POINT('',(-75.43335239428,57.149453014332,11.2));
#3600 = VECTOR('',#3601,1.);
#3601 = DIRECTION('',(-0.956947494684,-0.290261076305,-0.));
#3602 = ORIENTED_EDGE('',*,*,#3603,.T.);
#3603 = EDGE_CURVE('',#3596,#3604,#3606,.T.);
#3604 = VERTEX_POINT('',#3605);
#3605 = CARTESIAN_POINT('',(-75.1321,57.6,11.2));
#3606 = LINE('',#3607,#3608);
#3607 = CARTESIAN_POINT('',(-71.90538453573,57.917795130128,11.2));
#3608 = VECTOR('',#3609,1.);
#3609 = DIRECTION('',(-0.995184985525,-9.80145121187E-02,-0.));
#3610 = ORIENTED_EDGE('',*,*,#3611,.T.);
#3611 = EDGE_CURVE('',#3604,#3612,#3614,.T.);
#3612 = VERTEX_POINT('',#3613);
#3613 = CARTESIAN_POINT('',(-79.8776,57.6,11.2));
#3614 = LINE('',#3615,#3616);
#3615 = CARTESIAN_POINT('',(-72.03556491729,57.6,11.2));
#3616 = VECTOR('',#3617,1.);
#3617 = DIRECTION('',(-1.,-0.,-0.));
#3618 = ORIENTED_EDGE('',*,*,#3619,.T.);
#3619 = EDGE_CURVE('',#3612,#3620,#3622,.T.);
#3620 = VERTEX_POINT('',#3621);
#3621 = CARTESIAN_POINT('',(-80.661,57.6385,11.2));
#3622 = LINE('',#3623,#3624);
#3623 = CARTESIAN_POINT('',(-71.34541929803,57.180688081407,11.2));
#3624 = VECTOR('',#3625,1.);
#3625 = DIRECTION('',(-0.998794579661,4.908551355237E-02,0.));
#3626 = ORIENTED_EDGE('',*,*,#3627,.T.);
#3627 = EDGE_CURVE('',#3620,#3628,#3630,.T.);
#3628 = VERTEX_POINT('',#3629);
#3629 = CARTESIAN_POINT('',(-82.2925,57.963,11.2));
#3630 = LINE('',#3631,#3632);
#3631 = CARTESIAN_POINT('',(-69.25696786517,55.370275404383,11.2));
#3632 = VECTOR('',#3633,1.);
#3633 = DIRECTION('',(-0.980788216617,0.195075560093,0.));
#3634 = ORIENTED_EDGE('',*,*,#3635,.T.);
#3635 = EDGE_CURVE('',#3628,#3636,#3638,.T.);
#3636 = VERTEX_POINT('',#3637);
#3637 = CARTESIAN_POINT('',(-83.7379,58.5617,11.2));
#3638 = LINE('',#3639,#3640);
#3639 = CARTESIAN_POINT('',(-67.28885043522,51.748329324456,11.2));
#3640 = VECTOR('',#3641,1.);
#3641 = DIRECTION('',(-0.923880500421,0.382681095615,0.));
#3642 = ORIENTED_EDGE('',*,*,#3643,.T.);
#3643 = EDGE_CURVE('',#3636,#3644,#3646,.T.);
#3644 = VERTEX_POINT('',#3645);
#3645 = CARTESIAN_POINT('',(-85.0387,59.4309,11.2));
#3646 = LINE('',#3647,#3648);
#3647 = CARTESIAN_POINT('',(-67.0387839855,47.403280842716,11.2));
#3648 = VECTOR('',#3649,1.);
#3649 = DIRECTION('',(-0.831459801075,0.555584916278,0.));
#3650 = ORIENTED_EDGE('',*,*,#3651,.T.);
#3651 = EDGE_CURVE('',#3644,#3652,#3654,.T.);
#3652 = VERTEX_POINT('',#3653);
#3653 = CARTESIAN_POINT('',(-85.4362,59.8284,11.2));
#3654 = LINE('',#3655,#3656);
#3655 = CARTESIAN_POINT('',(-68.3424260691,42.734626069105,11.2));
#3656 = VECTOR('',#3657,1.);
#3657 = DIRECTION('',(-0.707106781187,0.707106781187,0.));
#3658 = ORIENTED_EDGE('',*,*,#3659,.T.);
#3659 = EDGE_CURVE('',#3652,#3660,#3662,.T.);
#3660 = VERTEX_POINT('',#3661);
#3661 = CARTESIAN_POINT('',(-86.0424,60.3259,11.2));
#3662 = LINE('',#3663,#3664);
#3663 = CARTESIAN_POINT('',(-67.83590122631,45.384076938453,11.2));
#3664 = VECTOR('',#3665,1.);
#3665 = DIRECTION('',(-0.773007628723,0.634396725981,0.));
#3666 = ORIENTED_EDGE('',*,*,#3667,.T.);
#3667 = EDGE_CURVE('',#3660,#3668,#3670,.T.);
#3668 = VERTEX_POINT('',#3669);
#3669 = CARTESIAN_POINT('',(-86.7339,60.6955,11.2));
#3670 = LINE('',#3671,#3672);
#3671 = CARTESIAN_POINT('',(-67.99064547211,50.67741341503,11.2));
#3672 = VECTOR('',#3673,1.);
#3673 = DIRECTION('',(-0.881928926211,0.471382402209,0.));
#3674 = ORIENTED_EDGE('',*,*,#3675,.T.);
#3675 = EDGE_CURVE('',#3668,#3676,#3678,.T.);
#3676 = VERTEX_POINT('',#3677);
#3677 = CARTESIAN_POINT('',(-87.4843,60.9231,11.2));
#3678 = LINE('',#3679,#3680);
#3679 = CARTESIAN_POINT('',(-70.12234629447,55.657134297206,11.2));
#3680 = VECTOR('',#3681,1.);
#3681 = DIRECTION('',(-0.95695144116,0.290248065043,0.));
#3682 = ORIENTED_EDGE('',*,*,#3683,.T.);
#3683 = EDGE_CURVE('',#3676,#3684,#3686,.T.);
#3684 = VERTEX_POINT('',#3685);
#3685 = CARTESIAN_POINT('',(-88.2647,61.,11.2));
#3686 = LINE('',#3687,#3688);
#3687 = CARTESIAN_POINT('',(-73.98782277788,59.593167787826,11.2));
#3688 = VECTOR('',#3689,1.);
#3689 = DIRECTION('',(-0.995180084663,9.80642600084E-02,0.));
#3690 = ORIENTED_EDGE('',*,*,#3691,.T.);
#3691 = EDGE_CURVE('',#3684,#3692,#3694,.T.);
#3692 = VERTEX_POINT('',#3693);
#3693 = CARTESIAN_POINT('',(-118.,61.,11.2));
#3694 = LINE('',#3695,#3696);
#3695 = CARTESIAN_POINT('',(-91.09676491729,61.,11.2));
#3696 = VECTOR('',#3697,1.);
#3697 = DIRECTION('',(-1.,-0.,-0.));
#3698 = ORIENTED_EDGE('',*,*,#3699,.T.);
#3699 = EDGE_CURVE('',#3692,#3700,#3702,.T.);
#3700 = VERTEX_POINT('',#3701);
#3701 = CARTESIAN_POINT('',(-118.78,60.9231,11.2));
#3702 = LINE('',#3703,#3704);
#3703 = CARTESIAN_POINT('',(-94.10396441338,63.355904021296,11.2));
#3704 = VECTOR('',#3705,1.);
#3705 = DIRECTION('',(-0.995175175621,-9.811406539136E-02,-0.));
#3706 = ORIENTED_EDGE('',*,*,#3707,.T.);
#3707 = EDGE_CURVE('',#3700,#3708,#3710,.T.);
#3708 = VERTEX_POINT('',#3709);
#3709 = CARTESIAN_POINT('',(-119.531,60.6955,11.2));
#3710 = LINE('',#3711,#3712);
#3711 = CARTESIAN_POINT('',(-100.8513623787,66.356599231161,11.2));
#3712 = VECTOR('',#3713,1.);
#3713 = DIRECTION('',(-0.957015829939,-0.290035689606,-0.));
#3714 = ORIENTED_EDGE('',*,*,#3715,.T.);
#3715 = EDGE_CURVE('',#3708,#3716,#3718,.T.);
#3716 = VERTEX_POINT('',#3717);
#3717 = CARTESIAN_POINT('',(-120.222,60.3259,11.2));
#3718 = LINE('',#3719,#3720);
#3719 = CARTESIAN_POINT('',(-108.3440449888,66.679144822182,11.2));
#3720 = VECTOR('',#3721,1.);
#3721 = DIRECTION('',(-0.881787110414,-0.471647635324,-0.));
#3722 = ORIENTED_EDGE('',*,*,#3723,.T.);
#3723 = EDGE_CURVE('',#3716,#3724,#3726,.T.);
#3724 = VERTEX_POINT('',#3725);
#3725 = CARTESIAN_POINT('',(-120.828,59.8284,11.2));
#3726 = LINE('',#3727,#3728);
#3727 = CARTESIAN_POINT('',(-115.4692525198,64.227701767943,11.2));
#3728 = VECTOR('',#3729,1.);
#3729 = DIRECTION('',(-0.77290495764,-0.634521809283,-0.));
#3730 = ORIENTED_EDGE('',*,*,#3731,.T.);
#3731 = EDGE_CURVE('',#3724,#3732,#3734,.T.);
#3732 = VERTEX_POINT('',#3733);
#3733 = CARTESIAN_POINT('',(-121.326,59.2223,11.2));
#3734 = LINE('',#3735,#3736);
#3735 = CARTESIAN_POINT('',(-121.2238832429,59.346583065134,11.2));
#3736 = VECTOR('',#3737,1.);
#3737 = DIRECTION('',(-0.63484000223,-0.772643625204,-0.));
#3738 = ORIENTED_EDGE('',*,*,#3739,.T.);
#3739 = EDGE_CURVE('',#3732,#3740,#3742,.T.);
#3740 = VERTEX_POINT('',#3741);
#3741 = CARTESIAN_POINT('',(-121.696,58.5307,11.2));
#3742 = LINE('',#3743,#3744);
#3743 = CARTESIAN_POINT('',(-124.8304158225,52.671883830124,11.2));
#3744 = VECTOR('',#3745,1.);
#3745 = DIRECTION('',(-0.471726021219,-0.881745179122,-0.));
#3746 = ORIENTED_EDGE('',*,*,#3747,.T.);
#3747 = EDGE_CURVE('',#3740,#3748,#3750,.T.);
#3748 = VERTEX_POINT('',#3749);
#3749 = CARTESIAN_POINT('',(-121.923,57.7804,11.2));
#3750 = LINE('',#3751,#3752);
#3751 = CARTESIAN_POINT('',(-125.7505930858,45.129108844596,11.2));
#3752 = VECTOR('',#3753,1.);
#3753 = DIRECTION('',(-0.289582493074,-0.957153059706,-0.));
#3754 = ORIENTED_EDGE('',*,*,#3755,.T.);
#3755 = EDGE_CURVE('',#3748,#3756,#3758,.T.);
#3756 = VERTEX_POINT('',#3757);
#3757 = CARTESIAN_POINT('',(-122.,57.,11.2));
#3758 = LINE('',#3759,#3760);
#3759 = CARTESIAN_POINT('',(-123.8859402051,37.885873557612,11.2));
#3760 = VECTOR('',#3761,1.);
#3761 = DIRECTION('',(-9.819055310694E-02,-0.995167631749,-0.));
#3762 = ORIENTED_EDGE('',*,*,#3763,.T.);
#3763 = EDGE_CURVE('',#3756,#3764,#3766,.T.);
#3764 = VERTEX_POINT('',#3765);
#3765 = CARTESIAN_POINT('',(-122.,12.7,11.2));
#3766 = LINE('',#3767,#3768);
#3767 = CARTESIAN_POINT('',(-122.,12.697987220911,11.2));
#3768 = VECTOR('',#3769,1.);
#3769 = DIRECTION('',(-0.,-1.,-0.));
#3770 = ORIENTED_EDGE('',*,*,#3771,.T.);
#3771 = EDGE_CURVE('',#3764,#3772,#3774,.T.);
#3772 = VERTEX_POINT('',#3773);
#3773 = CARTESIAN_POINT('',(-121.923,11.9196,11.2));
#3774 = LINE('',#3775,#3776);
#3775 = CARTESIAN_POINT('',(-121.68263611,9.483496367702,11.2));
#3776 = VECTOR('',#3777,1.);
#3777 = DIRECTION('',(9.819055310694E-02,-0.995167631749,0.));
#3778 = ORIENTED_EDGE('',*,*,#3779,.T.);
#3779 = EDGE_CURVE('',#3772,#3780,#3782,.T.);
#3780 = VERTEX_POINT('',#3781);
#3781 = CARTESIAN_POINT('',(-121.696,11.1693,11.2));
#3782 = LINE('',#3783,#3784);
#3783 = CARTESIAN_POINT('',(-119.496556163,3.899508322098,11.2));
#3784 = VECTOR('',#3785,1.);
#3785 = DIRECTION('',(0.289582493074,-0.957153059706,0.));
#3786 = ORIENTED_EDGE('',*,*,#3787,.T.);
#3787 = EDGE_CURVE('',#3780,#3788,#3790,.T.);
#3788 = VERTEX_POINT('',#3789);
#3789 = CARTESIAN_POINT('',(-121.326,10.4777,11.2));
#3790 = LINE('',#3791,#3792);
#3791 = CARTESIAN_POINT('',(-115.4306229097,-0.541875123242,11.2));
#3792 = VECTOR('',#3793,1.);
#3793 = DIRECTION('',(0.471726021219,-0.881745179122,0.));
#3794 = ORIENTED_EDGE('',*,*,#3795,.T.);
#3795 = EDGE_CURVE('',#3788,#3796,#3798,.T.);
#3796 = VERTEX_POINT('',#3797);
#3797 = CARTESIAN_POINT('',(-120.828,9.87157,11.2));
#3798 = LINE('',#3799,#3800);
#3799 = CARTESIAN_POINT('',(-110.1088962738,-3.174956790266,11.2));
#3800 = VECTOR('',#3801,1.);
#3801 = DIRECTION('',(0.634821244028,-0.772659037435,0.));
#3802 = ORIENTED_EDGE('',*,*,#3803,.T.);
#3803 = EDGE_CURVE('',#3796,#3804,#3806,.T.);
#3804 = VERTEX_POINT('',#3805);
#3805 = CARTESIAN_POINT('',(-120.222,9.37412,11.2));
#3806 = LINE('',#3807,#3808);
#3807 = CARTESIAN_POINT('',(-104.2999881356,-3.695854920658,11.2));
#3808 = VECTOR('',#3809,1.);
#3809 = DIRECTION('',(0.77293623288,-0.634483711297,0.));
#3810 = ORIENTED_EDGE('',*,*,#3811,.T.);
#3811 = EDGE_CURVE('',#3804,#3812,#3814,.T.);
#3812 = VERTEX_POINT('',#3813);
#3813 = CARTESIAN_POINT('',(-119.531,9.00448,11.2));
#3814 = LINE('',#3815,#3816);
#3815 = CARTESIAN_POINT('',(-98.78593130505,-2.092780770478,11.2));
#3816 = VECTOR('',#3817,1.);
#3817 = DIRECTION('',(0.881765881152,-0.471687323168,0.));
#3818 = ORIENTED_EDGE('',*,*,#3819,.T.);
#3819 = EDGE_CURVE('',#3812,#3820,#3822,.T.);
#3820 = VERTEX_POINT('',#3821);
#3821 = CARTESIAN_POINT('',(-118.78,8.77686,11.2));
#3822 = LINE('',#3823,#3824);
#3823 = CARTESIAN_POINT('',(-94.32701215578,1.365423125033,11.2));
#3824 = VECTOR('',#3825,1.);
#3825 = DIRECTION('',(0.957008755468,-0.29005903185,0.));
#3826 = ORIENTED_EDGE('',*,*,#3827,.T.);
#3827 = EDGE_CURVE('',#3820,#3828,#3830,.T.);
#3828 = VERTEX_POINT('',#3829);
#3829 = CARTESIAN_POINT('',(-118.,8.7,11.2));
#3830 = LINE('',#3831,#3832);
#3831 = CARTESIAN_POINT('',(-91.55046396048,6.09370341026,11.2));
#3832 = VECTOR('',#3833,1.);
#3833 = DIRECTION('',(0.995180157418,-9.806352166557E-02,0.));
#3834 = ORIENTED_EDGE('',*,*,#3835,.T.);
#3835 = EDGE_CURVE('',#3828,#3836,#3838,.T.);
#3836 = VERTEX_POINT('',#3837);
#3837 = CARTESIAN_POINT('',(-97.4126,8.7,11.2));
#3838 = LINE('',#3839,#3840);
#3839 = CARTESIAN_POINT('',(-80.80306491729,8.7,11.2));
#3840 = VECTOR('',#3841,1.);
#3841 = DIRECTION('',(1.,0.,0.));
#3842 = ORIENTED_EDGE('',*,*,#3843,.T.);
#3843 = EDGE_CURVE('',#3836,#3844,#3846,.T.);
#3844 = VERTEX_POINT('',#3845);
#3845 = CARTESIAN_POINT('',(-95.6739,8.51342,11.2));
#3846 = LINE('',#3847,#3848);
#3847 = CARTESIAN_POINT('',(-80.33476700066,6.867376729157,11.2));
#3848 = VECTOR('',#3849,1.);
#3849 = DIRECTION('',(0.994291530246,-0.106697483012,0.));
#3850 = ORIENTED_EDGE('',*,*,#3851,.T.);
#3851 = EDGE_CURVE('',#3844,#3852,#3854,.T.);
#3852 = VERTEX_POINT('',#3853);
#3853 = CARTESIAN_POINT('',(-94.1808,8.04622,11.2));
#3854 = LINE('',#3855,#3856);
#3855 = CARTESIAN_POINT('',(-81.18687103571,3.980341216185,11.2));
#3856 = VECTOR('',#3857,1.);
#3857 = DIRECTION('',(0.954369590496,-0.298628003938,0.));
#3858 = ORIENTED_EDGE('',*,*,#3859,.T.);
#3859 = EDGE_CURVE('',#3852,#3860,#3862,.T.);
#3860 = VERTEX_POINT('',#3861);
#3861 = CARTESIAN_POINT('',(-92.8075,7.29672,11.2));
#3862 = LINE('',#3863,#3864);
#3863 = CARTESIAN_POINT('',(-82.91920733062,1.900029287337,11.2));
#3864 = VECTOR('',#3865,1.);
#3865 = DIRECTION('',(0.877780740229,-0.479062597249,0.));
#3866 = ORIENTED_EDGE('',*,*,#3867,.T.);
#3867 = EDGE_CURVE('',#3860,#3868,#3870,.T.);
#3868 = VERTEX_POINT('',#3869);
#3869 = CARTESIAN_POINT('',(-91.6069,6.29371,11.2));
#3870 = LINE('',#3871,#3872);
#3871 = CARTESIAN_POINT('',(-85.10936367363,0.865512506492,11.2));
#3872 = VECTOR('',#3873,1.);
#3873 = DIRECTION('',(0.767431642475,-0.64113077771,0.));
#3874 = ORIENTED_EDGE('',*,*,#3875,.T.);
#3875 = EDGE_CURVE('',#3868,#3876,#3878,.T.);
#3876 = VERTEX_POINT('',#3877);
#3877 = CARTESIAN_POINT('',(-90.625,5.07573,11.2));
#3878 = LINE('',#3879,#3880);
#3879 = CARTESIAN_POINT('',(-87.2809125002,0.927617470212,11.2));
#3880 = VECTOR('',#3881,1.);
#3881 = DIRECTION('',(0.627620009812,-0.778519828446,0.));
#3882 = ORIENTED_EDGE('',*,*,#3883,.T.);
#3883 = EDGE_CURVE('',#3876,#3884,#3886,.T.);
#3884 = VERTEX_POINT('',#3885);
#3885 = CARTESIAN_POINT('',(-89.8996,3.6896,11.2));
#3886 = LINE('',#3887,#3888);
#3887 = CARTESIAN_POINT('',(-88.98628916266,1.94440072932,11.2));
#3888 = VECTOR('',#3889,1.);
#3889 = DIRECTION('',(0.463671861924,-0.886007000232,0.));
#3890 = ORIENTED_EDGE('',*,*,#3891,.T.);
#3891 = EDGE_CURVE('',#3884,#3892,#3894,.T.);
#3892 = VERTEX_POINT('',#3893);
#3893 = CARTESIAN_POINT('',(-89.4585,2.18858,11.2));
#3894 = LINE('',#3895,#3896);
#3895 = CARTESIAN_POINT('',(-89.87546652389,3.607476149859,11.2));
#3896 = VECTOR('',#3897,1.);
#3897 = DIRECTION('',(0.281944840641,-0.959430615957,0.));
#3898 = ORIENTED_EDGE('',*,*,#3899,.T.);
#3899 = EDGE_CURVE('',#3892,#3900,#3902,.T.);
#3900 = VERTEX_POINT('',#3901);
#3901 = CARTESIAN_POINT('',(-89.3187,0.630357,11.2));
#3902 = LINE('',#3903,#3904);
#3903 = CARTESIAN_POINT('',(-89.75531526944,5.496908895522,11.2));
#3904 = VECTOR('',#3905,1.);
#3905 = DIRECTION('',(8.935866805676E-02,-0.995999512271,0.));
#3906 = ORIENTED_EDGE('',*,*,#3907,.T.);
#3907 = EDGE_CURVE('',#3900,#3908,#3910,.T.);
#3908 = VERTEX_POINT('',#3909);
#3909 = CARTESIAN_POINT('',(-89.4857,-0.925193,11.2));
#3910 = LINE('',#3911,#3912);
#3911 = CARTESIAN_POINT('',(-88.61877029313,7.149971703692,11.2));
#3912 = VECTOR('',#3913,1.);
#3913 = DIRECTION('',(-0.106744141436,-0.99428652222,-0.));
#3914 = ORIENTED_EDGE('',*,*,#3915,.T.);
#3915 = EDGE_CURVE('',#3908,#3916,#3918,.T.);
#3916 = VERTEX_POINT('',#3917);
#3917 = CARTESIAN_POINT('',(-89.9529,-2.41829,11.2));
#3918 = LINE('',#3919,#3920);
#3919 = CARTESIAN_POINT('',(-86.65050495328,8.135640087903,11.2));
#3920 = VECTOR('',#3921,1.);
#3921 = DIRECTION('',(-0.298628550446,-0.95436941949,-0.));
#3922 = ORIENTED_EDGE('',*,*,#3923,.T.);
#3923 = EDGE_CURVE('',#3916,#3924,#3926,.T.);
#3924 = VERTEX_POINT('',#3925);
#3925 = CARTESIAN_POINT('',(-90.7024,-3.79155,11.2));
#3926 = LINE('',#3927,#3928);
#3927 = CARTESIAN_POINT('',(-84.19370281028,8.133911644759,11.2));
#3928 = VECTOR('',#3929,1.);
#3929 = DIRECTION('',(-0.479073348703,-0.877774872369,-0.));
#3930 = ORIENTED_EDGE('',*,*,#3931,.T.);
#3931 = EDGE_CURVE('',#3924,#3932,#3934,.T.);
#3932 = VERTEX_POINT('',#3933);
#3933 = CARTESIAN_POINT('',(-91.7054,-4.9922,11.2));
#3934 = LINE('',#3935,#3936);
#3935 = CARTESIAN_POINT('',(-81.69992127762,6.984946588258,11.2));
#3936 = VECTOR('',#3937,1.);
#3937 = DIRECTION('',(-0.64111128803,-0.767447924201,-0.));
#3938 = ORIENTED_EDGE('',*,*,#3939,.T.);
#3939 = EDGE_CURVE('',#3932,#3940,#3942,.T.);
#3940 = VERTEX_POINT('',#3941);
#3941 = CARTESIAN_POINT('',(-92.9233,-5.9741,11.2));
#3942 = LINE('',#3943,#3944);
#3943 = CARTESIAN_POINT('',(-79.65599322731,4.722318852205,11.2));
#3944 = VECTOR('',#3945,1.);
#3945 = DIRECTION('',(-0.778499684757,-0.627644995864,-0.));
#3946 = ORIENTED_EDGE('',*,*,#3947,.T.);
#3947 = EDGE_CURVE('',#3940,#3948,#3950,.T.);
#3948 = VERTEX_POINT('',#3949);
#3949 = CARTESIAN_POINT('',(-94.4844,-6.79108,11.2));
#3950 = LINE('',#3951,#3952);
#3951 = CARTESIAN_POINT('',(-78.59235063007,1.525803283739,11.2));
#3952 = VECTOR('',#3953,1.);
#3953 = DIRECTION('',(-0.886003880375,-0.463677823451,-0.));
#3954 = ORIENTED_EDGE('',*,*,#3955,.T.);
#3955 = EDGE_CURVE('',#3948,#3956,#3958,.T.);
#3956 = VERTEX_POINT('',#3957);
#3957 = CARTESIAN_POINT('',(-108.467,-12.4404,11.2));
#3958 = LINE('',#3959,#3960);
#3959 = CARTESIAN_POINT('',(-85.07141027011,-2.987996800823,11.2));
#3960 = VECTOR('',#3961,1.);
#3961 = DIRECTION('',(-0.927184248526,-0.374605618332,-0.));
#3962 = ORIENTED_EDGE('',*,*,#3963,.T.);
#3963 = EDGE_CURVE('',#3956,#3964,#3966,.T.);
#3964 = VERTEX_POINT('',#3965);
#3965 = CARTESIAN_POINT('',(-108.823,-12.6051,11.2));
#3966 = LINE('',#3967,#3968);
#3967 = CARTESIAN_POINT('',(-85.62156198221,-1.871176287838,11.2));
#3968 = VECTOR('',#3969,1.);
#3969 = DIRECTION('',(-0.907578468879,-0.419882510743,-0.));
#3970 = ORIENTED_EDGE('',*,*,#3971,.T.);
#3971 = EDGE_CURVE('',#3964,#3972,#3974,.T.);
#3972 = VERTEX_POINT('',#3973);
#3973 = CARTESIAN_POINT('',(-109.042,-12.7196,11.2));
#3974 = LINE('',#3975,#3976);
#3975 = CARTESIAN_POINT('',(-86.21386307371,-0.784341196075,11.2));
#3976 = VECTOR('',#3977,1.);
#3977 = DIRECTION('',(-0.886187684451,-0.463326437761,-0.));
#3978 = ORIENTED_EDGE('',*,*,#3979,.T.);
#3979 = EDGE_CURVE('',#3972,#3980,#3982,.T.);
#3980 = VERTEX_POINT('',#3981);
#3981 = CARTESIAN_POINT('',(-109.264,-12.8248,11.2));
#3982 = LINE('',#3983,#3984);
#3983 = CARTESIAN_POINT('',(-85.92326364934,-1.764234846446,11.2));
#3984 = VECTOR('',#3985,1.);
#3985 = DIRECTION('',(-0.903671519759,-0.428226323778,-0.));
#3986 = ORIENTED_EDGE('',*,*,#3987,.T.);
#3987 = EDGE_CURVE('',#3980,#3988,#3990,.T.);
#3988 = VERTEX_POINT('',#3989);
#3989 = CARTESIAN_POINT('',(-109.946,-13.1935,11.2));
#3990 = LINE('',#3991,#3992);
#3991 = CARTESIAN_POINT('',(-86.82817674085,-0.695638657408,11.2));
#3992 = VECTOR('',#3993,1.);
#3993 = DIRECTION('',(-0.879678804699,-0.475568292218,-0.));
#3994 = ORIENTED_EDGE('',*,*,#3995,.T.);
#3995 = EDGE_CURVE('',#3988,#3996,#3998,.T.);
#3996 = VERTEX_POINT('',#3997);
#3997 = CARTESIAN_POINT('',(-110.282,-13.3967,11.2));
#3998 = LINE('',#3999,#4000);
#3999 = CARTESIAN_POINT('',(-87.63183843615,0.301254850516,11.2));
#4000 = VECTOR('',#4001,1.);
#4001 = DIRECTION('',(-0.855690023312,-0.517488728384,-0.));
#4002 = ORIENTED_EDGE('',*,*,#4003,.T.);
#4003 = EDGE_CURVE('',#3996,#4004,#4006,.T.);
#4004 = VERTEX_POINT('',#4005);
#4005 = CARTESIAN_POINT('',(-126.374,-24.2509,11.2));
#4006 = LINE('',#4007,#4008);
#4007 = CARTESIAN_POINT('',(-96.44145093848,-4.061124085042,11.2));
#4008 = VECTOR('',#4009,1.);
#4009 = DIRECTION('',(-0.829037358869,-0.559193220273,-0.));
#4010 = ORIENTED_EDGE('',*,*,#4011,.T.);
#4011 = EDGE_CURVE('',#4004,#4012,#4014,.T.);
#4012 = VERTEX_POINT('',#4013);
#4013 = CARTESIAN_POINT('',(-126.978,-24.751,11.2));
#4014 = LINE('',#4015,#4016);
#4015 = CARTESIAN_POINT('',(-99.15629200239,-1.715178527146,11.2));
#4016 = VECTOR('',#4017,1.);
#4017 = DIRECTION('',(-0.77024526703,-0.637747778215,-0.));
#4018 = ORIENTED_EDGE('',*,*,#4019,.T.);
#4019 = EDGE_CURVE('',#4012,#4020,#4022,.T.);
#4020 = VERTEX_POINT('',#4021);
#4021 = CARTESIAN_POINT('',(-127.473,-25.3593,11.2));
#4022 = LINE('',#4023,#4024);
#4023 = CARTESIAN_POINT('',(-105.5531168646,1.577800830833,11.2));
#4024 = VECTOR('',#4025,1.);
#4025 = DIRECTION('',(-0.631173292938,-0.775641846655,-0.));
#4026 = ORIENTED_EDGE('',*,*,#4027,.T.);
#4027 = EDGE_CURVE('',#4020,#4028,#4030,.T.);
#4028 = VERTEX_POINT('',#4029);
#4029 = CARTESIAN_POINT('',(-127.84,-26.0525,11.2));
#4030 = LINE('',#4031,#4032);
#4031 = CARTESIAN_POINT('',(-112.8612896128,2.239712643995,11.2));
#4032 = VECTOR('',#4033,1.);
#4033 = DIRECTION('',(-0.467899435954,-0.883781713906,-0.));
#4034 = ORIENTED_EDGE('',*,*,#4035,.T.);
#4035 = EDGE_CURVE('',#4028,#4036,#4038,.T.);
#4036 = VERTEX_POINT('',#4037);
#4037 = CARTESIAN_POINT('',(-128.064,-26.8039,11.2));
#4038 = LINE('',#4039,#4040);
#4039 = CARTESIAN_POINT('',(-120.0504313467,7.732984828399E-02,11.2));
#4040 = VECTOR('',#4041,1.);
#4041 = DIRECTION('',(-0.285685944228,-0.958323296842,-0.));
#4042 = ORIENTED_EDGE('',*,*,#4043,.T.);
#4043 = EDGE_CURVE('',#4036,#4044,#4046,.T.);
#4044 = VERTEX_POINT('',#4045);
#4045 = CARTESIAN_POINT('',(-128.137,-27.5846,11.2));
#4046 = LINE('',#4047,#4048);
#4047 = CARTESIAN_POINT('',(-125.9929719841,-4.655248329387,11.2));
#4048 = VECTOR('',#4049,1.);
#4049 = DIRECTION('',(-9.309971265673E-02,-0.995656790015,-0.));
#4050 = ORIENTED_EDGE('',*,*,#4051,.T.);
#4051 = EDGE_CURVE('',#4044,#4052,#4054,.T.);
#4052 = VERTEX_POINT('',#4053);
#4053 = CARTESIAN_POINT('',(-128.057,-28.3646,11.2));
#4054 = LINE('',#4055,#4056);
#4055 = CARTESIAN_POINT('',(-129.8083448569,-11.28898764469,11.2));
#4056 = VECTOR('',#4057,1.);
#4057 = DIRECTION('',(0.102028865499,-0.994781438611,0.));
#4058 = ORIENTED_EDGE('',*,*,#4059,.T.);
#4059 = EDGE_CURVE('',#4052,#4060,#4062,.T.);
#4060 = VERTEX_POINT('',#4061);
#4061 = CARTESIAN_POINT('',(-127.826,-29.1139,11.2));
#4062 = LINE('',#4063,#4064);
#4063 = CARTESIAN_POINT('',(-130.949972073,-18.98060011122,11.2));
#4064 = VECTOR('',#4065,1.);
#4065 = DIRECTION('',(0.294605596197,-0.955618931734,0.));
#4066 = ORIENTED_EDGE('',*,*,#4067,.T.);
#4067 = EDGE_CURVE('',#4060,#4068,#4070,.T.);
#4068 = VERTEX_POINT('',#4069);
#4069 = CARTESIAN_POINT('',(-127.454,-29.8039,11.2));
#4070 = LINE('',#4071,#4072);
#4071 = CARTESIAN_POINT('',(-129.2072033937,-26.55199047941,11.2));
#4072 = VECTOR('',#4073,1.);
#4073 = DIRECTION('',(0.474556198408,-0.880225206724,0.));
#4074 = ORIENTED_EDGE('',*,*,#4075,.T.);
#4075 = EDGE_CURVE('',#4068,#4076,#4078,.T.);
#4076 = VERTEX_POINT('',#4077);
#4077 = CARTESIAN_POINT('',(-115.843,-47.0168,11.2));
#4078 = LINE('',#4079,#4080);
#4079 = CARTESIAN_POINT('',(-121.6084872241,-38.46966753595,11.2));
#4080 = VECTOR('',#4081,1.);
#4081 = DIRECTION('',(0.559217807842,-0.8290207738,0.));
#4082 = ORIENTED_EDGE('',*,*,#4083,.T.);
#4083 = EDGE_CURVE('',#4076,#4084,#4086,.T.);
#4084 = VERTEX_POINT('',#4085);
#4085 = CARTESIAN_POINT('',(-115.343,-47.6207,11.2));
#4086 = LINE('',#4087,#4088);
#4087 = CARTESIAN_POINT('',(-119.7559612677,-42.29072538085,11.2));
#4088 = VECTOR('',#4089,1.);
#4089 = DIRECTION('',(0.637734761248,-0.770256044635,0.));
#4090 = ORIENTED_EDGE('',*,*,#4091,.T.);
#4091 = EDGE_CURVE('',#4084,#2610,#4092,.T.);
#4092 = LINE('',#4093,#4094);
#4093 = CARTESIAN_POINT('',(-114.4185304917,-48.3730478827,11.2));
#4094 = VECTOR('',#4095,1.);
#4095 = DIRECTION('',(0.775614289878,-0.631207155644,0.));
#4096 = PLANE('',#4097);
#4097 = AXIS2_PLACEMENT_3D('',#4098,#4099,#4100);
#4098 = CARTESIAN_POINT('',(-64.19352983459,12.695974441823,11.2));
#4099 = DIRECTION('',(0.,0.,1.));
#4100 = DIRECTION('',(1.,0.,0.));
#4101 = ADVANCED_FACE('',(#4102),#4120,.F.);
#4102 = FACE_BOUND('',#4103,.T.);
#4103 = EDGE_LOOP('',(#4104,#4112,#4113,#4114));
#4104 = ORIENTED_EDGE('',*,*,#4105,.T.);
#4105 = EDGE_CURVE('',#4106,#2592,#4108,.T.);
#4106 = VERTEX_POINT('',#4107);
#4107 = CARTESIAN_POINT('',(-112.7351564241,-51.1694151135,0.));
#4108 = LINE('',#4109,#4110);
#4109 = CARTESIAN_POINT('',(-112.7351564241,-51.1694151135,0.));
#4110 = VECTOR('',#4111,1.);
#4111 = DIRECTION('',(0.,0.,1.));
#4112 = ORIENTED_EDGE('',*,*,#2600,.T.);
#4113 = ORIENTED_EDGE('',*,*,#71,.F.);
#4114 = ORIENTED_EDGE('',*,*,#4115,.F.);
#4115 = EDGE_CURVE('',#4106,#72,#4116,.T.);
#4116 = LINE('',#4117,#4118);
#4117 = CARTESIAN_POINT('',(-112.7351564241,-51.1694151135,0.));
#4118 = VECTOR('',#4119,1.);
#4119 = DIRECTION('',(-0.995589630628,9.381517673229E-02,0.));
#4120 = PLANE('',#4121);
#4121 = AXIS2_PLACEMENT_3D('',#4122,#4123,#4124);
#4122 = CARTESIAN_POINT('',(-112.7351564241,-51.1694151135,0.));
#4123 = DIRECTION('',(9.381517673229E-02,0.995589630628,0.));
#4124 = DIRECTION('',(0.995589630628,-9.381517673229E-02,0.));
#4125 = ADVANCED_FACE('',(#4126),#4144,.F.);
#4126 = FACE_BOUND('',#4127,.T.);
#4127 = EDGE_LOOP('',(#4128,#4129,#4130,#4138));
#4128 = ORIENTED_EDGE('',*,*,#94,.T.);
#4129 = ORIENTED_EDGE('',*,*,#129,.T.);
#4130 = ORIENTED_EDGE('',*,*,#4131,.F.);
#4131 = EDGE_CURVE('',#4132,#130,#4134,.T.);
#4132 = VERTEX_POINT('',#4133);
#4133 = CARTESIAN_POINT('',(-115.8574945095,-50.23682177567,0.));
#4134 = LINE('',#4135,#4136);
#4135 = CARTESIAN_POINT('',(-115.8574945095,-50.23682177567,0.));
#4136 = VECTOR('',#4137,1.);
#4137 = DIRECTION('',(0.,0.,1.));
#4138 = ORIENTED_EDGE('',*,*,#4139,.F.);
#4139 = EDGE_CURVE('',#95,#4132,#4140,.T.);
#4140 = LINE('',#4141,#4142);
#4141 = CARTESIAN_POINT('',(-115.1644945095,-50.60352177567,0.));
#4142 = VECTOR('',#4143,1.);
#4143 = DIRECTION('',(-0.883884073198,0.467706045659,0.));
#4144 = PLANE('',#4145);
#4145 = AXIS2_PLACEMENT_3D('',#4146,#4147,#4148);
#4146 = CARTESIAN_POINT('',(-115.1644945095,-50.60352177567,0.));
#4147 = DIRECTION('',(0.467706045659,0.883884073198,0.));
#4148 = DIRECTION('',(0.883884073198,-0.467706045659,0.));
#4149 = ADVANCED_FACE('',(#4150),#4186,.T.);
#4150 = FACE_BOUND('',#4151,.F.);
#4151 = EDGE_LOOP('',(#4152,#4161,#4162,#4163,#4171,#4180));
#4152 = ORIENTED_EDGE('',*,*,#4153,.F.);
#4153 = EDGE_CURVE('',#4106,#4154,#4156,.T.);
#4154 = VERTEX_POINT('',#4155);
#4155 = CARTESIAN_POINT('',(-112.3764819113,-51.17628314687,0.));
#4156 = CIRCLE('',#4157,2.4);
#4157 = AXIS2_PLACEMENT_3D('',#4158,#4159,#4160);
#4158 = CARTESIAN_POINT('',(-112.51,-48.78,0.));
#4159 = DIRECTION('',(0.,-0.,1.));
#4160 = DIRECTION('',(-0.995589630628,9.381517673229E-02,0.));
#4161 = ORIENTED_EDGE('',*,*,#4105,.T.);
#4162 = ORIENTED_EDGE('',*,*,#2591,.T.);
#4163 = ORIENTED_EDGE('',*,*,#4164,.F.);
#4164 = EDGE_CURVE('',#4165,#2584,#4167,.T.);
#4165 = VERTEX_POINT('',#4166);
#4166 = CARTESIAN_POINT('',(-112.2642220752,-51.16738208331,6.1));
#4167 = LINE('',#4168,#4169);
#4168 = CARTESIAN_POINT('',(-112.2642220752,-51.16738208331,0.));
#4169 = VECTOR('',#4170,1.);
#4170 = DIRECTION('',(0.,0.,1.));
#4171 = ORIENTED_EDGE('',*,*,#4172,.F.);
#4172 = EDGE_CURVE('',#4173,#4165,#4175,.T.);
#4173 = VERTEX_POINT('',#4174);
#4174 = CARTESIAN_POINT('',(-112.3764819113,-51.17628314687,6.1));
#4175 = CIRCLE('',#4176,2.4);
#4176 = AXIS2_PLACEMENT_3D('',#4177,#4178,#4179);
#4177 = CARTESIAN_POINT('',(-112.51,-48.78,6.1));
#4178 = DIRECTION('',(0.,-0.,1.));
#4179 = DIRECTION('',(-0.995589630628,9.381517673229E-02,0.));
#4180 = ORIENTED_EDGE('',*,*,#4181,.T.);
#4181 = EDGE_CURVE('',#4173,#4154,#4182,.T.);
#4182 = LINE('',#4183,#4184);
#4183 = CARTESIAN_POINT('',(-112.3764819113,-51.17628314687,0.));
#4184 = VECTOR('',#4185,1.);
#4185 = DIRECTION('',(-0.,-0.,-1.));
#4186 = CYLINDRICAL_SURFACE('',#4187,2.4);
#4187 = AXIS2_PLACEMENT_3D('',#4188,#4189,#4190);
#4188 = CARTESIAN_POINT('',(-112.51,-48.78,0.));
#4189 = DIRECTION('',(-0.,-0.,-1.));
#4190 = DIRECTION('',(-0.995589630628,9.381517673229E-02,0.));
#4191 = ADVANCED_FACE('',(#4192),#4233,.F.);
#4192 = FACE_BOUND('',#4193,.T.);
#4193 = EDGE_LOOP('',(#4194,#4204,#4210,#4211,#4219,#4227));
#4194 = ORIENTED_EDGE('',*,*,#4195,.F.);
#4195 = EDGE_CURVE('',#4196,#4198,#4200,.T.);
#4196 = VERTEX_POINT('',#4197);
#4197 = CARTESIAN_POINT('',(-110.2738286237,-50.76255717707,0.));
#4198 = VERTEX_POINT('',#4199);
#4199 = CARTESIAN_POINT('',(-110.6463540116,-50.87724532649,0.));
#4200 = LINE('',#4201,#4202);
#4201 = CARTESIAN_POINT('',(-110.2738286237,-50.76255717707,0.));
#4202 = VECTOR('',#4203,1.);
#4203 = DIRECTION('',(-0.955732157113,-0.294238073437,-0.));
#4204 = ORIENTED_EDGE('',*,*,#4205,.T.);
#4205 = EDGE_CURVE('',#4196,#2558,#4206,.T.);
#4206 = LINE('',#4207,#4208);
#4207 = CARTESIAN_POINT('',(-110.2738286237,-50.76255717707,0.));
#4208 = VECTOR('',#4209,1.);
#4209 = DIRECTION('',(0.,0.,1.));
#4210 = ORIENTED_EDGE('',*,*,#2566,.T.);
#4211 = ORIENTED_EDGE('',*,*,#4212,.F.);
#4212 = EDGE_CURVE('',#4213,#2567,#4215,.T.);
#4213 = VERTEX_POINT('',#4214);
#4214 = CARTESIAN_POINT('',(-111.0238286237,-50.99345717707,6.1));
#4215 = LINE('',#4216,#4217);
#4216 = CARTESIAN_POINT('',(-111.0238286237,-50.99345717707,0.));
#4217 = VECTOR('',#4218,1.);
#4218 = DIRECTION('',(0.,0.,1.));
#4219 = ORIENTED_EDGE('',*,*,#4220,.F.);
#4220 = EDGE_CURVE('',#4221,#4213,#4223,.T.);
#4221 = VERTEX_POINT('',#4222);
#4222 = CARTESIAN_POINT('',(-110.6463540116,-50.87724532649,6.1));
#4223 = LINE('',#4224,#4225);
#4224 = CARTESIAN_POINT('',(-110.7018798425,-50.89433987897,6.1));
#4225 = VECTOR('',#4226,1.);
#4226 = DIRECTION('',(-0.955732157113,-0.294238073437,-0.));
#4227 = ORIENTED_EDGE('',*,*,#4228,.T.);
#4228 = EDGE_CURVE('',#4221,#4198,#4229,.T.);
#4229 = LINE('',#4230,#4231);
#4230 = CARTESIAN_POINT('',(-110.6463540116,-50.87724532649,0.));
#4231 = VECTOR('',#4232,1.);
#4232 = DIRECTION('',(0.,0.,-1.));
#4233 = PLANE('',#4234);
#4234 = AXIS2_PLACEMENT_3D('',#4235,#4236,#4237);
#4235 = CARTESIAN_POINT('',(-110.2738286237,-50.76255717707,0.));
#4236 = DIRECTION('',(-0.294238073437,0.955732157113,0.));
#4237 = DIRECTION('',(0.955732157113,0.294238073437,0.));
#4238 = ADVANCED_FACE('',(#4239),#4258,.T.);
#4239 = FACE_BOUND('',#4240,.F.);
#4240 = EDGE_LOOP('',(#4241,#4242,#4243,#4251));
#4241 = ORIENTED_EDGE('',*,*,#4205,.T.);
#4242 = ORIENTED_EDGE('',*,*,#2557,.T.);
#4243 = ORIENTED_EDGE('',*,*,#4244,.F.);
#4244 = EDGE_CURVE('',#4245,#2550,#4247,.T.);
#4245 = VERTEX_POINT('',#4246);
#4246 = CARTESIAN_POINT('',(-109.8394056688,-50.58044499189,0.));
#4247 = LINE('',#4248,#4249);
#4248 = CARTESIAN_POINT('',(-109.8394056688,-50.58044499189,0.));
#4249 = VECTOR('',#4250,1.);
#4250 = DIRECTION('',(0.,0.,1.));
#4251 = ORIENTED_EDGE('',*,*,#4252,.F.);
#4252 = EDGE_CURVE('',#4196,#4245,#4253,.T.);
#4253 = CIRCLE('',#4254,2.4);
#4254 = AXIS2_PLACEMENT_3D('',#4255,#4256,#4257);
#4255 = CARTESIAN_POINT('',(-110.98,-48.4688,0.));
#4256 = DIRECTION('',(-0.,0.,1.));
#4257 = DIRECTION('',(-0.955732157113,-0.294238073437,-0.));
#4258 = CYLINDRICAL_SURFACE('',#4259,2.4);
#4259 = AXIS2_PLACEMENT_3D('',#4260,#4261,#4262);
#4260 = CARTESIAN_POINT('',(-110.98,-48.4688,0.));
#4261 = DIRECTION('',(-0.,-0.,-1.));
#4262 = DIRECTION('',(-0.955732157113,-0.294238073437,-0.));
#4263 = ADVANCED_FACE('',(#4264),#4282,.F.);
#4264 = FACE_BOUND('',#4265,.T.);
#4265 = EDGE_LOOP('',(#4266,#4274,#4275,#4276));
#4266 = ORIENTED_EDGE('',*,*,#4267,.T.);
#4267 = EDGE_CURVE('',#4268,#2541,#4270,.T.);
#4268 = VERTEX_POINT('',#4269);
#4269 = CARTESIAN_POINT('',(-109.1494056688,-50.20774499189,0.));
#4270 = LINE('',#4271,#4272);
#4271 = CARTESIAN_POINT('',(-109.1494056688,-50.20774499189,0.));
#4272 = VECTOR('',#4273,1.);
#4273 = DIRECTION('',(0.,0.,1.));
#4274 = ORIENTED_EDGE('',*,*,#2549,.T.);
#4275 = ORIENTED_EDGE('',*,*,#4244,.F.);
#4276 = ORIENTED_EDGE('',*,*,#4277,.F.);
#4277 = EDGE_CURVE('',#4268,#4245,#4278,.T.);
#4278 = LINE('',#4279,#4280);
#4279 = CARTESIAN_POINT('',(-109.1494056688,-50.20774499189,0.));
#4280 = VECTOR('',#4281,1.);
#4281 = DIRECTION('',(-0.879852079956,-0.475247637971,-0.));
#4282 = PLANE('',#4283);
#4283 = AXIS2_PLACEMENT_3D('',#4284,#4285,#4286);
#4284 = CARTESIAN_POINT('',(-109.1494056688,-50.20774499189,0.));
#4285 = DIRECTION('',(-0.475247637971,0.879852079956,0.));
#4286 = DIRECTION('',(0.879852079956,0.475247637971,0.));
#4287 = ADVANCED_FACE('',(#4288),#4307,.T.);
#4288 = FACE_BOUND('',#4289,.F.);
#4289 = EDGE_LOOP('',(#4290,#4291,#4292,#4300));
#4290 = ORIENTED_EDGE('',*,*,#4267,.T.);
#4291 = ORIENTED_EDGE('',*,*,#2540,.T.);
#4292 = ORIENTED_EDGE('',*,*,#4293,.F.);
#4293 = EDGE_CURVE('',#4294,#2533,#4296,.T.);
#4294 = VERTEX_POINT('',#4295);
#4295 = CARTESIAN_POINT('',(-108.9479148427,-50.08577520733,0.));
#4296 = LINE('',#4297,#4298);
#4297 = CARTESIAN_POINT('',(-108.9479148427,-50.08577520733,0.));
#4298 = VECTOR('',#4299,1.);
#4299 = DIRECTION('',(0.,0.,1.));
#4300 = ORIENTED_EDGE('',*,*,#4301,.F.);
#4301 = EDGE_CURVE('',#4268,#4294,#4302,.T.);
#4302 = CIRCLE('',#4303,2.4);
#4303 = AXIS2_PLACEMENT_3D('',#4304,#4305,#4306);
#4304 = CARTESIAN_POINT('',(-110.29,-48.0961,0.));
#4305 = DIRECTION('',(-0.,0.,1.));
#4306 = DIRECTION('',(-0.879852079956,-0.475247637971,-0.));
#4307 = CYLINDRICAL_SURFACE('',#4308,2.4);
#4308 = AXIS2_PLACEMENT_3D('',#4309,#4310,#4311);
#4309 = CARTESIAN_POINT('',(-110.29,-48.0961,0.));
#4310 = DIRECTION('',(-0.,-0.,-1.));
#4311 = DIRECTION('',(-0.879852079956,-0.475247637971,-0.));
#4312 = ADVANCED_FACE('',(#4313),#4331,.F.);
#4313 = FACE_BOUND('',#4314,.T.);
#4314 = EDGE_LOOP('',(#4315,#4323,#4324,#4325));
#4315 = ORIENTED_EDGE('',*,*,#4316,.T.);
#4316 = EDGE_CURVE('',#4317,#2525,#4319,.T.);
#4317 = VERTEX_POINT('',#4318);
#4318 = CARTESIAN_POINT('',(-95.4082185634,-40.9529150585,0.));
#4319 = LINE('',#4320,#4321);
#4320 = CARTESIAN_POINT('',(-95.4082185634,-40.9529150585,0.));
#4321 = VECTOR('',#4322,1.);
#4322 = DIRECTION('',(0.,0.,1.));
#4323 = ORIENTED_EDGE('',*,*,#2532,.T.);
#4324 = ORIENTED_EDGE('',*,*,#4293,.F.);
#4325 = ORIENTED_EDGE('',*,*,#4326,.F.);
#4326 = EDGE_CURVE('',#4317,#4294,#4327,.T.);
#4327 = LINE('',#4328,#4329);
#4328 = CARTESIAN_POINT('',(-95.29741484274,-40.87817520733,0.));
#4329 = VECTOR('',#4330,1.);
#4330 = DIRECTION('',(-0.82903133639,-0.559202148855,-0.));
#4331 = PLANE('',#4332);
#4332 = AXIS2_PLACEMENT_3D('',#4333,#4334,#4335);
#4333 = CARTESIAN_POINT('',(-95.4082185634,-40.9529150585,0.));
#4334 = DIRECTION('',(-0.559202148855,0.82903133639,0.));
#4335 = DIRECTION('',(0.82903133639,0.559202148855,0.));
#4336 = ADVANCED_FACE('',(#4337),#4355,.F.);
#4337 = FACE_BOUND('',#4338,.T.);
#4338 = EDGE_LOOP('',(#4339,#4347,#4348,#4349));
#4339 = ORIENTED_EDGE('',*,*,#4340,.T.);
#4340 = EDGE_CURVE('',#4341,#2517,#4343,.T.);
#4341 = VERTEX_POINT('',#4342);
#4342 = CARTESIAN_POINT('',(-93.91011189046,-40.16886817859,0.));
#4343 = LINE('',#4344,#4345);
#4344 = CARTESIAN_POINT('',(-93.91011189046,-40.16886817859,0.));
#4345 = VECTOR('',#4346,1.);
#4346 = DIRECTION('',(0.,0.,1.));
#4347 = ORIENTED_EDGE('',*,*,#2524,.T.);
#4348 = ORIENTED_EDGE('',*,*,#4316,.F.);
#4349 = ORIENTED_EDGE('',*,*,#4350,.F.);
#4350 = EDGE_CURVE('',#4341,#4317,#4351,.T.);
#4351 = LINE('',#4352,#4353);
#4352 = CARTESIAN_POINT('',(-93.80563582774,-40.11418974181,0.));
#4353 = VECTOR('',#4354,1.);
#4354 = DIRECTION('',(-0.885995725757,-0.463693405107,-0.));
#4355 = PLANE('',#4356);
#4356 = AXIS2_PLACEMENT_3D('',#4357,#4358,#4359);
#4357 = CARTESIAN_POINT('',(-93.91011189046,-40.16886817859,0.));
#4358 = DIRECTION('',(-0.463693405107,0.885995725757,0.));
#4359 = DIRECTION('',(0.885995725757,0.463693405107,0.));
#4360 = ADVANCED_FACE('',(#4361),#4379,.F.);
#4361 = FACE_BOUND('',#4362,.T.);
#4362 = EDGE_LOOP('',(#4363,#4371,#4372,#4373));
#4363 = ORIENTED_EDGE('',*,*,#4364,.T.);
#4364 = EDGE_CURVE('',#4365,#2509,#4367,.T.);
#4365 = VERTEX_POINT('',#4366);
#4366 = CARTESIAN_POINT('',(-78.49960150884,-33.94262322103,0.));
#4367 = LINE('',#4368,#4369);
#4368 = CARTESIAN_POINT('',(-78.49960150884,-33.94262322103,0.));
#4369 = VECTOR('',#4370,1.);
#4370 = DIRECTION('',(0.,0.,1.));
#4371 = ORIENTED_EDGE('',*,*,#2516,.T.);
#4372 = ORIENTED_EDGE('',*,*,#4340,.F.);
#4373 = ORIENTED_EDGE('',*,*,#4374,.F.);
#4374 = EDGE_CURVE('',#4365,#4341,#4375,.T.);
#4375 = LINE('',#4376,#4377);
#4376 = CARTESIAN_POINT('',(-78.3756448449,-33.89254152129,0.));
#4377 = VECTOR('',#4378,1.);
#4378 = DIRECTION('',(-0.927183967206,-0.374606314625,-0.));
#4379 = PLANE('',#4380);
#4380 = AXIS2_PLACEMENT_3D('',#4381,#4382,#4383);
#4381 = CARTESIAN_POINT('',(-78.49960150884,-33.94262322103,0.));
#4382 = DIRECTION('',(-0.374606314625,0.927183967206,0.));
#4383 = DIRECTION('',(0.927183967206,0.374606314625,0.));
#4384 = ADVANCED_FACE('',(#4385),#4403,.F.);
#4385 = FACE_BOUND('',#4386,.T.);
#4386 = EDGE_LOOP('',(#4387,#4395,#4396,#4397));
#4387 = ORIENTED_EDGE('',*,*,#4388,.T.);
#4388 = EDGE_CURVE('',#4389,#2501,#4391,.T.);
#4389 = VERTEX_POINT('',#4390);
#4390 = CARTESIAN_POINT('',(-76.87126273161,-33.48726985079,0.));
#4391 = LINE('',#4392,#4393);
#4392 = CARTESIAN_POINT('',(-76.87126273161,-33.48726985079,0.));
#4393 = VECTOR('',#4394,1.);
#4394 = DIRECTION('',(0.,0.,1.));
#4395 = ORIENTED_EDGE('',*,*,#2508,.T.);
#4396 = ORIENTED_EDGE('',*,*,#4364,.F.);
#4397 = ORIENTED_EDGE('',*,*,#4398,.F.);
#4398 = EDGE_CURVE('',#4389,#4365,#4399,.T.);
#4399 = LINE('',#4400,#4401);
#4400 = CARTESIAN_POINT('',(-76.7577535944,-33.45552782702,0.));
#4401 = VECTOR('',#4402,1.);
#4402 = DIRECTION('',(-0.963053261259,-0.269311002333,-0.));
#4403 = PLANE('',#4404);
#4404 = AXIS2_PLACEMENT_3D('',#4405,#4406,#4407);
#4405 = CARTESIAN_POINT('',(-76.87126273161,-33.48726985079,0.));
#4406 = DIRECTION('',(-0.269311002333,0.963053261259,0.));
#4407 = DIRECTION('',(0.963053261259,0.269311002333,0.));
#4408 = ADVANCED_FACE('',(#4409),#4427,.F.);
#4409 = FACE_BOUND('',#4410,.T.);
#4410 = EDGE_LOOP('',(#4411,#4419,#4420,#4421));
#4411 = ORIENTED_EDGE('',*,*,#4412,.T.);
#4412 = EDGE_CURVE('',#4413,#2492,#4415,.T.);
#4413 = VERTEX_POINT('',#4414);
#4414 = CARTESIAN_POINT('',(-60.67253586265,-30.6309371065,0.));
#4415 = LINE('',#4416,#4417);
#4416 = CARTESIAN_POINT('',(-60.67253586265,-30.6309371065,0.));
#4417 = VECTOR('',#4418,1.);
#4418 = DIRECTION('',(0.,0.,1.));
#4419 = ORIENTED_EDGE('',*,*,#2500,.T.);
#4420 = ORIENTED_EDGE('',*,*,#4388,.F.);
#4421 = ORIENTED_EDGE('',*,*,#4422,.F.);
#4422 = EDGE_CURVE('',#4413,#4389,#4423,.T.);
#4423 = LINE('',#4424,#4425);
#4424 = CARTESIAN_POINT('',(-60.67253586265,-30.6309371065,0.));
#4425 = VECTOR('',#4426,1.);
#4426 = DIRECTION('',(-0.98480712771,-0.173651723895,-0.));
#4427 = PLANE('',#4428);
#4428 = AXIS2_PLACEMENT_3D('',#4429,#4430,#4431);
#4429 = CARTESIAN_POINT('',(-60.67253586265,-30.6309371065,0.));
#4430 = DIRECTION('',(-0.173651723895,0.98480712771,0.));
#4431 = DIRECTION('',(0.98480712771,0.173651723895,0.));
#4432 = ADVANCED_FACE('',(#4433),#4452,.T.);
#4433 = FACE_BOUND('',#4434,.F.);
#4434 = EDGE_LOOP('',(#4435,#4436,#4437,#4445));
#4435 = ORIENTED_EDGE('',*,*,#4412,.T.);
#4436 = ORIENTED_EDGE('',*,*,#2491,.T.);
#4437 = ORIENTED_EDGE('',*,*,#4438,.F.);
#4438 = EDGE_CURVE('',#4439,#2484,#4441,.T.);
#4439 = VERTEX_POINT('',#4440);
#4440 = CARTESIAN_POINT('',(-60.5444534711,-30.60473657395,0.));
#4441 = LINE('',#4442,#4443);
#4442 = CARTESIAN_POINT('',(-60.5444534711,-30.60473657395,0.));
#4443 = VECTOR('',#4444,1.);
#4444 = DIRECTION('',(0.,0.,1.));
#4445 = ORIENTED_EDGE('',*,*,#4446,.F.);
#4446 = EDGE_CURVE('',#4413,#4439,#4447,.T.);
#4447 = CIRCLE('',#4448,2.4);
#4448 = AXIS2_PLACEMENT_3D('',#4449,#4450,#4451);
#4449 = CARTESIAN_POINT('',(-61.0893,-28.2674,0.));
#4450 = DIRECTION('',(-0.,0.,1.));
#4451 = DIRECTION('',(-0.98480712771,-0.173651723895,-0.));
#4452 = CYLINDRICAL_SURFACE('',#4453,2.4);
#4453 = AXIS2_PLACEMENT_3D('',#4454,#4455,#4456);
#4454 = CARTESIAN_POINT('',(-61.0893,-28.2674,0.));
#4455 = DIRECTION('',(-0.,-0.,-1.));
#4456 = DIRECTION('',(-0.98480712771,-0.173651723895,-0.));
#4457 = ADVANCED_FACE('',(#4458),#4476,.F.);
#4458 = FACE_BOUND('',#4459,.T.);
#4459 = EDGE_LOOP('',(#4460,#4468,#4469,#4470));
#4460 = ORIENTED_EDGE('',*,*,#4461,.T.);
#4461 = EDGE_CURVE('',#4462,#2475,#4464,.T.);
#4462 = VERTEX_POINT('',#4463);
#4463 = CARTESIAN_POINT('',(-60.1197534711,-30.50573657395,0.));
#4464 = LINE('',#4465,#4466);
#4465 = CARTESIAN_POINT('',(-60.1197534711,-30.50573657395,0.));
#4466 = VECTOR('',#4467,1.);
#4467 = DIRECTION('',(0.,0.,1.));
#4468 = ORIENTED_EDGE('',*,*,#2483,.T.);
#4469 = ORIENTED_EDGE('',*,*,#4438,.F.);
#4470 = ORIENTED_EDGE('',*,*,#4471,.F.);
#4471 = EDGE_CURVE('',#4462,#4439,#4472,.T.);
#4472 = LINE('',#4473,#4474);
#4473 = CARTESIAN_POINT('',(-60.1197534711,-30.50573657395,0.));
#4474 = VECTOR('',#4475,1.);
#4475 = DIRECTION('',(-0.973890239148,-0.227019387039,-0.));
#4476 = PLANE('',#4477);
#4477 = AXIS2_PLACEMENT_3D('',#4478,#4479,#4480);
#4478 = CARTESIAN_POINT('',(-60.1197534711,-30.50573657395,0.));
#4479 = DIRECTION('',(-0.227019387039,0.973890239148,0.));
#4480 = DIRECTION('',(0.973890239148,0.227019387039,0.));
#4481 = ADVANCED_FACE('',(#4482),#4501,.T.);
#4482 = FACE_BOUND('',#4483,.F.);
#4483 = EDGE_LOOP('',(#4484,#4485,#4486,#4494));
#4484 = ORIENTED_EDGE('',*,*,#4461,.T.);
#4485 = ORIENTED_EDGE('',*,*,#2474,.T.);
#4486 = ORIENTED_EDGE('',*,*,#4487,.F.);
#4487 = EDGE_CURVE('',#4488,#2467,#4490,.T.);
#4488 = VERTEX_POINT('',#4489);
#4489 = CARTESIAN_POINT('',(-59.77030814952,-30.39556009442,0.));
#4490 = LINE('',#4491,#4492);
#4491 = CARTESIAN_POINT('',(-59.77030814952,-30.39556009442,0.));
#4492 = VECTOR('',#4493,1.);
#4493 = DIRECTION('',(0.,0.,1.));
#4494 = ORIENTED_EDGE('',*,*,#4495,.F.);
#4495 = EDGE_CURVE('',#4462,#4488,#4496,.T.);
#4496 = CIRCLE('',#4497,2.4);
#4497 = AXIS2_PLACEMENT_3D('',#4498,#4499,#4500);
#4498 = CARTESIAN_POINT('',(-60.6646,-28.1684,0.));
#4499 = DIRECTION('',(-0.,0.,1.));
#4500 = DIRECTION('',(-0.973890239148,-0.227019387039,-0.));
#4501 = CYLINDRICAL_SURFACE('',#4502,2.4);
#4502 = AXIS2_PLACEMENT_3D('',#4503,#4504,#4505);
#4503 = CARTESIAN_POINT('',(-60.6646,-28.1684,0.));
#4504 = DIRECTION('',(-0.,-0.,-1.));
#4505 = DIRECTION('',(-0.973890239148,-0.227019387039,-0.));
#4506 = ADVANCED_FACE('',(#4507),#4525,.F.);
#4507 = FACE_BOUND('',#4508,.T.);
#4508 = EDGE_LOOP('',(#4509,#4517,#4518,#4519));
#4509 = ORIENTED_EDGE('',*,*,#4510,.T.);
#4510 = EDGE_CURVE('',#4511,#2458,#4513,.T.);
#4511 = VERTEX_POINT('',#4512);
#4512 = CARTESIAN_POINT('',(-59.04260814952,-30.10336009442,0.));
#4513 = LINE('',#4514,#4515);
#4514 = CARTESIAN_POINT('',(-59.04260814952,-30.10336009442,0.));
#4515 = VECTOR('',#4516,1.);
#4516 = DIRECTION('',(0.,0.,1.));
#4517 = ORIENTED_EDGE('',*,*,#2466,.T.);
#4518 = ORIENTED_EDGE('',*,*,#4487,.F.);
#4519 = ORIENTED_EDGE('',*,*,#4520,.F.);
#4520 = EDGE_CURVE('',#4511,#4488,#4521,.T.);
#4521 = LINE('',#4522,#4523);
#4522 = CARTESIAN_POINT('',(-59.04260814952,-30.10336009442,0.));
#4523 = VECTOR('',#4524,1.);
#4524 = DIRECTION('',(-0.927983372675,-0.372621604364,-0.));
#4525 = PLANE('',#4526);
#4526 = AXIS2_PLACEMENT_3D('',#4527,#4528,#4529);
#4527 = CARTESIAN_POINT('',(-59.04260814952,-30.10336009442,0.));
#4528 = DIRECTION('',(-0.372621604364,0.927983372675,0.));
#4529 = DIRECTION('',(0.927983372675,0.372621604364,0.));
#4530 = ADVANCED_FACE('',(#4531),#4550,.T.);
#4531 = FACE_BOUND('',#4532,.F.);
#4532 = EDGE_LOOP('',(#4533,#4534,#4535,#4543));
#4533 = ORIENTED_EDGE('',*,*,#4510,.T.);
#4534 = ORIENTED_EDGE('',*,*,#2457,.T.);
#4535 = ORIENTED_EDGE('',*,*,#4536,.F.);
#4536 = EDGE_CURVE('',#4537,#2450,#4539,.T.);
#4537 = VERTEX_POINT('',#4538);
#4538 = CARTESIAN_POINT('',(-58.62539054457,-29.88616093204,0.));
#4539 = LINE('',#4540,#4541);
#4540 = CARTESIAN_POINT('',(-58.62539054457,-29.88616093204,0.));
#4541 = VECTOR('',#4542,1.);
#4542 = DIRECTION('',(0.,0.,1.));
#4543 = ORIENTED_EDGE('',*,*,#4544,.F.);
#4544 = EDGE_CURVE('',#4511,#4537,#4545,.T.);
#4545 = CIRCLE('',#4546,2.4);
#4546 = AXIS2_PLACEMENT_3D('',#4547,#4548,#4549);
#4547 = CARTESIAN_POINT('',(-59.9369,-27.8762,0.));
#4548 = DIRECTION('',(-0.,0.,1.));
#4549 = DIRECTION('',(-0.927983372675,-0.372621604364,-0.));
#4550 = CYLINDRICAL_SURFACE('',#4551,2.4);
#4551 = AXIS2_PLACEMENT_3D('',#4552,#4553,#4554);
#4552 = CARTESIAN_POINT('',(-59.9369,-27.8762,0.));
#4553 = DIRECTION('',(-0.,-0.,-1.));
#4554 = DIRECTION('',(-0.927983372675,-0.372621604364,-0.));
#4555 = ADVANCED_FACE('',(#4556),#4574,.F.);
#4556 = FACE_BOUND('',#4557,.T.);
#4557 = EDGE_LOOP('',(#4558,#4566,#4567,#4568));
#4558 = ORIENTED_EDGE('',*,*,#4559,.T.);
#4559 = EDGE_CURVE('',#4560,#2441,#4562,.T.);
#4560 = VERTEX_POINT('',#4561);
#4561 = CARTESIAN_POINT('',(-57.96869054457,-29.45766093204,0.));
#4562 = LINE('',#4563,#4564);
#4563 = CARTESIAN_POINT('',(-57.96869054457,-29.45766093204,0.));
#4564 = VECTOR('',#4565,1.);
#4565 = DIRECTION('',(0.,0.,1.));
#4566 = ORIENTED_EDGE('',*,*,#2449,.T.);
#4567 = ORIENTED_EDGE('',*,*,#4536,.F.);
#4568 = ORIENTED_EDGE('',*,*,#4569,.F.);
#4569 = EDGE_CURVE('',#4560,#4537,#4570,.T.);
#4570 = LINE('',#4571,#4572);
#4571 = CARTESIAN_POINT('',(-57.96869054457,-29.45766093204,0.));
#4572 = VECTOR('',#4573,1.);
#4573 = DIRECTION('',(-0.837483721683,-0.546462273095,-0.));
#4574 = PLANE('',#4575);
#4575 = AXIS2_PLACEMENT_3D('',#4576,#4577,#4578);
#4576 = CARTESIAN_POINT('',(-57.96869054457,-29.45766093204,0.));
#4577 = DIRECTION('',(-0.546462273095,0.837483721683,0.));
#4578 = DIRECTION('',(0.837483721683,0.546462273095,0.));
#4579 = ADVANCED_FACE('',(#4580),#4599,.T.);
#4580 = FACE_BOUND('',#4581,.F.);
#4581 = EDGE_LOOP('',(#4582,#4583,#4584,#4592));
#4582 = ORIENTED_EDGE('',*,*,#4559,.T.);
#4583 = ORIENTED_EDGE('',*,*,#2440,.T.);
#4584 = ORIENTED_EDGE('',*,*,#4585,.F.);
#4585 = EDGE_CURVE('',#4586,#2433,#4588,.T.);
#4586 = VERTEX_POINT('',#4587);
#4587 = CARTESIAN_POINT('',(-57.60176143749,-29.16317194435,0.));
#4588 = LINE('',#4589,#4590);
#4589 = CARTESIAN_POINT('',(-57.60176143749,-29.16317194435,0.));
#4590 = VECTOR('',#4591,1.);
#4591 = DIRECTION('',(0.,0.,1.));
#4592 = ORIENTED_EDGE('',*,*,#4593,.F.);
#4593 = EDGE_CURVE('',#4560,#4586,#4594,.T.);
#4594 = CIRCLE('',#4595,2.4);
#4595 = AXIS2_PLACEMENT_3D('',#4596,#4597,#4598);
#4596 = CARTESIAN_POINT('',(-59.2802,-27.4477,0.));
#4597 = DIRECTION('',(-0.,0.,1.));
#4598 = DIRECTION('',(-0.837483721683,-0.546462273095,-0.));
#4599 = CYLINDRICAL_SURFACE('',#4600,2.4);
#4600 = AXIS2_PLACEMENT_3D('',#4601,#4602,#4603);
#4601 = CARTESIAN_POINT('',(-59.2802,-27.4477,0.));
#4602 = DIRECTION('',(-0.,-0.,-1.));
#4603 = DIRECTION('',(-0.837483721683,-0.546462273095,-0.));
#4604 = ADVANCED_FACE('',(#4605),#4623,.F.);
#4605 = FACE_BOUND('',#4606,.T.);
#4606 = EDGE_LOOP('',(#4607,#4615,#4616,#4617));
#4607 = ORIENTED_EDGE('',*,*,#4608,.T.);
#4608 = EDGE_CURVE('',#4609,#2424,#4611,.T.);
#4609 = VERTEX_POINT('',#4610);
#4610 = CARTESIAN_POINT('',(-57.04126143749,-28.61477194435,0.));
#4611 = LINE('',#4612,#4613);
#4612 = CARTESIAN_POINT('',(-57.04126143749,-28.61477194435,0.));
#4613 = VECTOR('',#4614,1.);
#4614 = DIRECTION('',(0.,0.,1.));
#4615 = ORIENTED_EDGE('',*,*,#2432,.T.);
#4616 = ORIENTED_EDGE('',*,*,#4585,.F.);
#4617 = ORIENTED_EDGE('',*,*,#4618,.F.);
#4618 = EDGE_CURVE('',#4609,#4586,#4619,.T.);
#4619 = LINE('',#4620,#4621);
#4620 = CARTESIAN_POINT('',(-57.04126143749,-28.61477194435,0.));
#4621 = VECTOR('',#4622,1.);
#4622 = DIRECTION('',(-0.714779976816,-0.699349401045,-0.));
#4623 = PLANE('',#4624);
#4624 = AXIS2_PLACEMENT_3D('',#4625,#4626,#4627);
#4625 = CARTESIAN_POINT('',(-57.04126143749,-28.61477194435,0.));
#4626 = DIRECTION('',(-0.699349401045,0.714779976816,0.));
#4627 = DIRECTION('',(0.714779976816,0.699349401045,0.));
#4628 = ADVANCED_FACE('',(#4629),#4648,.T.);
#4629 = FACE_BOUND('',#4630,.F.);
#4630 = EDGE_LOOP('',(#4631,#4632,#4633,#4641));
#4631 = ORIENTED_EDGE('',*,*,#4608,.T.);
#4632 = ORIENTED_EDGE('',*,*,#2423,.T.);
#4633 = ORIENTED_EDGE('',*,*,#4634,.F.);
#4634 = EDGE_CURVE('',#4635,#2416,#4637,.T.);
#4635 = VERTEX_POINT('',#4636);
#4636 = CARTESIAN_POINT('',(-56.73878991721,-28.25428901985,0.));
#4637 = LINE('',#4638,#4639);
#4638 = CARTESIAN_POINT('',(-56.73878991721,-28.25428901985,0.));
#4639 = VECTOR('',#4640,1.);
#4640 = DIRECTION('',(0.,0.,1.));
#4641 = ORIENTED_EDGE('',*,*,#4642,.F.);
#4642 = EDGE_CURVE('',#4609,#4635,#4643,.T.);
#4643 = CIRCLE('',#4644,2.4);
#4644 = AXIS2_PLACEMENT_3D('',#4645,#4646,#4647);
#4645 = CARTESIAN_POINT('',(-58.7197,-26.8993,0.));
#4646 = DIRECTION('',(-0.,0.,1.));
#4647 = DIRECTION('',(-0.714779976816,-0.699349401045,-0.));
#4648 = CYLINDRICAL_SURFACE('',#4649,2.4);
#4649 = AXIS2_PLACEMENT_3D('',#4650,#4651,#4652);
#4650 = CARTESIAN_POINT('',(-58.7197,-26.8993,0.));
#4651 = DIRECTION('',(-0.,-0.,-1.));
#4652 = DIRECTION('',(-0.714779976816,-0.699349401045,-0.));
#4653 = ADVANCED_FACE('',(#4654),#4672,.F.);
#4654 = FACE_BOUND('',#4655,.T.);
#4655 = EDGE_LOOP('',(#4656,#4664,#4665,#4666));
#4656 = ORIENTED_EDGE('',*,*,#4657,.T.);
#4657 = EDGE_CURVE('',#4658,#2407,#4660,.T.);
#4658 = VERTEX_POINT('',#4659);
#4659 = CARTESIAN_POINT('',(-56.29608991721,-27.60708901985,0.));
#4660 = LINE('',#4661,#4662);
#4661 = CARTESIAN_POINT('',(-56.29608991721,-27.60708901985,0.));
#4662 = VECTOR('',#4663,1.);
#4663 = DIRECTION('',(0.,0.,1.));
#4664 = ORIENTED_EDGE('',*,*,#2415,.T.);
#4665 = ORIENTED_EDGE('',*,*,#4634,.F.);
#4666 = ORIENTED_EDGE('',*,*,#4667,.F.);
#4667 = EDGE_CURVE('',#4658,#4635,#4668,.T.);
#4668 = LINE('',#4669,#4670);
#4669 = CARTESIAN_POINT('',(-56.29608991721,-27.60708901985,0.));
#4670 = VECTOR('',#4671,1.);
#4671 = DIRECTION('',(-0.564578758272,-0.82537920116,-0.));
#4672 = PLANE('',#4673);
#4673 = AXIS2_PLACEMENT_3D('',#4674,#4675,#4676);
#4674 = CARTESIAN_POINT('',(-56.29608991721,-27.60708901985,0.));
#4675 = DIRECTION('',(-0.82537920116,0.564578758272,0.));
#4676 = DIRECTION('',(0.564578758272,0.82537920116,0.));
#4677 = ADVANCED_FACE('',(#4678),#4697,.T.);
#4678 = FACE_BOUND('',#4679,.F.);
#4679 = EDGE_LOOP('',(#4680,#4681,#4682,#4690));
#4680 = ORIENTED_EDGE('',*,*,#4657,.T.);
#4681 = ORIENTED_EDGE('',*,*,#2406,.T.);
#4682 = ORIENTED_EDGE('',*,*,#4683,.F.);
#4683 = EDGE_CURVE('',#4684,#2399,#4686,.T.);
#4684 = VERTEX_POINT('',#4685);
#4685 = CARTESIAN_POINT('',(-56.06989788165,-27.19480898966,0.));
#4686 = LINE('',#4687,#4688);
#4687 = CARTESIAN_POINT('',(-56.06989788165,-27.19480898966,0.));
#4688 = VECTOR('',#4689,1.);
#4689 = DIRECTION('',(0.,0.,1.));
#4690 = ORIENTED_EDGE('',*,*,#4691,.F.);
#4691 = EDGE_CURVE('',#4658,#4684,#4692,.T.);
#4692 = CIRCLE('',#4693,2.4);
#4693 = AXIS2_PLACEMENT_3D('',#4694,#4695,#4696);
#4694 = CARTESIAN_POINT('',(-58.277,-26.2521,0.));
#4695 = DIRECTION('',(-0.,0.,1.));
#4696 = DIRECTION('',(-0.564578758272,-0.82537920116,-0.));
#4697 = CYLINDRICAL_SURFACE('',#4698,2.4);
#4698 = AXIS2_PLACEMENT_3D('',#4699,#4700,#4701);
#4699 = CARTESIAN_POINT('',(-58.277,-26.2521,0.));
#4700 = DIRECTION('',(-0.,-0.,-1.));
#4701 = DIRECTION('',(-0.564578758272,-0.82537920116,-0.));
#4702 = ADVANCED_FACE('',(#4703),#4721,.F.);
#4703 = FACE_BOUND('',#4704,.T.);
#4704 = EDGE_LOOP('',(#4705,#4713,#4714,#4715));
#4705 = ORIENTED_EDGE('',*,*,#4706,.T.);
#4706 = EDGE_CURVE('',#4707,#2390,#4709,.T.);
#4707 = VERTEX_POINT('',#4708);
#4708 = CARTESIAN_POINT('',(-55.76189788165,-26.47370898966,0.));
#4709 = LINE('',#4710,#4711);
#4710 = CARTESIAN_POINT('',(-55.76189788165,-26.47370898966,0.));
#4711 = VECTOR('',#4712,1.);
#4712 = DIRECTION('',(0.,0.,1.));
#4713 = ORIENTED_EDGE('',*,*,#2398,.T.);
#4714 = ORIENTED_EDGE('',*,*,#4683,.F.);
#4715 = ORIENTED_EDGE('',*,*,#4716,.F.);
#4716 = EDGE_CURVE('',#4707,#4684,#4717,.T.);
#4717 = LINE('',#4718,#4719);
#4718 = CARTESIAN_POINT('',(-55.76189788165,-26.47370898966,0.));
#4719 = VECTOR('',#4720,1.);
#4720 = DIRECTION('',(-0.392795412362,-0.919625882643,-0.));
#4721 = PLANE('',#4722);
#4722 = AXIS2_PLACEMENT_3D('',#4723,#4724,#4725);
#4723 = CARTESIAN_POINT('',(-55.76189788165,-26.47370898966,0.));
#4724 = DIRECTION('',(-0.919625882643,0.392795412362,0.));
#4725 = DIRECTION('',(0.392795412362,0.919625882643,0.));
#4726 = ADVANCED_FACE('',(#4727),#4746,.T.);
#4727 = FACE_BOUND('',#4728,.F.);
#4728 = EDGE_LOOP('',(#4729,#4730,#4731,#4739));
#4729 = ORIENTED_EDGE('',*,*,#4706,.T.);
#4730 = ORIENTED_EDGE('',*,*,#2389,.T.);
#4731 = ORIENTED_EDGE('',*,*,#4732,.F.);
#4732 = EDGE_CURVE('',#4733,#2382,#4735,.T.);
#4733 = VERTEX_POINT('',#4734);
#4734 = CARTESIAN_POINT('',(-55.62033447256,-26.0247309391,0.));
#4735 = LINE('',#4736,#4737);
#4736 = CARTESIAN_POINT('',(-55.62033447256,-26.0247309391,0.));
#4737 = VECTOR('',#4738,1.);
#4738 = DIRECTION('',(0.,0.,1.));
#4739 = ORIENTED_EDGE('',*,*,#4740,.F.);
#4740 = EDGE_CURVE('',#4707,#4733,#4741,.T.);
#4741 = CIRCLE('',#4742,2.4);
#4742 = AXIS2_PLACEMENT_3D('',#4743,#4744,#4745);
#4743 = CARTESIAN_POINT('',(-57.969,-25.531,0.));
#4744 = DIRECTION('',(-0.,0.,1.));
#4745 = DIRECTION('',(-0.392795412362,-0.919625882643,-0.));
#4746 = CYLINDRICAL_SURFACE('',#4747,2.4);
#4747 = AXIS2_PLACEMENT_3D('',#4748,#4749,#4750);
#4748 = CARTESIAN_POINT('',(-57.969,-25.531,0.));
#4749 = DIRECTION('',(-0.,-0.,-1.));
#4750 = DIRECTION('',(-0.392795412362,-0.919625882643,-0.));
#4751 = ADVANCED_FACE('',(#4752),#4770,.F.);
#4752 = FACE_BOUND('',#4753,.T.);
#4753 = EDGE_LOOP('',(#4754,#4762,#4763,#4764));
#4754 = ORIENTED_EDGE('',*,*,#4755,.T.);
#4755 = EDGE_CURVE('',#4756,#2373,#4758,.T.);
#4756 = VERTEX_POINT('',#4757);
#4757 = CARTESIAN_POINT('',(-55.45903447256,-25.2574309391,0.));
#4758 = LINE('',#4759,#4760);
#4759 = CARTESIAN_POINT('',(-55.45903447256,-25.2574309391,0.));
#4760 = VECTOR('',#4761,1.);
#4761 = DIRECTION('',(0.,0.,1.));
#4762 = ORIENTED_EDGE('',*,*,#2381,.T.);
#4763 = ORIENTED_EDGE('',*,*,#4732,.F.);
#4764 = ORIENTED_EDGE('',*,*,#4765,.F.);
#4765 = EDGE_CURVE('',#4756,#4733,#4766,.T.);
#4766 = LINE('',#4767,#4768);
#4767 = CARTESIAN_POINT('',(-55.45903447256,-25.2574309391,0.));
#4768 = VECTOR('',#4769,1.);
#4769 = DIRECTION('',(-0.205721224627,-0.978610636432,-0.));
#4770 = PLANE('',#4771);
#4771 = AXIS2_PLACEMENT_3D('',#4772,#4773,#4774);
#4772 = CARTESIAN_POINT('',(-55.45903447256,-25.2574309391,0.));
#4773 = DIRECTION('',(-0.978610636432,0.205721224627,0.));
#4774 = DIRECTION('',(0.205721224627,0.978610636432,0.));
#4775 = ADVANCED_FACE('',(#4776),#4795,.T.);
#4776 = FACE_BOUND('',#4777,.F.);
#4777 = EDGE_LOOP('',(#4778,#4779,#4780,#4788));
#4778 = ORIENTED_EDGE('',*,*,#4755,.T.);
#4779 = ORIENTED_EDGE('',*,*,#2372,.T.);
#4780 = ORIENTED_EDGE('',*,*,#4781,.F.);
#4781 = EDGE_CURVE('',#4782,#2365,#4784,.T.);
#4782 = VERTEX_POINT('',#4783);
#4783 = CARTESIAN_POINT('',(-55.40784434311,-24.79002158991,0.));
#4784 = LINE('',#4785,#4786);
#4785 = CARTESIAN_POINT('',(-55.40784434311,-24.79002158991,0.));
#4786 = VECTOR('',#4787,1.);
#4787 = DIRECTION('',(0.,0.,1.));
#4788 = ORIENTED_EDGE('',*,*,#4789,.F.);
#4789 = EDGE_CURVE('',#4756,#4782,#4790,.T.);
#4790 = CIRCLE('',#4791,2.4);
#4791 = AXIS2_PLACEMENT_3D('',#4792,#4793,#4794);
#4792 = CARTESIAN_POINT('',(-57.8077,-24.7637,0.));
#4793 = DIRECTION('',(-0.,0.,1.));
#4794 = DIRECTION('',(-0.205721224627,-0.978610636432,-0.));
#4795 = CYLINDRICAL_SURFACE('',#4796,2.4);
#4796 = AXIS2_PLACEMENT_3D('',#4797,#4798,#4799);
#4797 = CARTESIAN_POINT('',(-57.8077,-24.7637,0.));
#4798 = DIRECTION('',(-0.,-0.,-1.));
#4799 = DIRECTION('',(-0.205721224627,-0.978610636432,-0.));
#4800 = ADVANCED_FACE('',(#4801),#4819,.F.);
#4801 = FACE_BOUND('',#4802,.T.);
#4802 = EDGE_LOOP('',(#4803,#4811,#4812,#4813));
#4803 = ORIENTED_EDGE('',*,*,#4804,.T.);
#4804 = EDGE_CURVE('',#4805,#2356,#4807,.T.);
#4805 = VERTEX_POINT('',#4806);
#4806 = CARTESIAN_POINT('',(-55.39924434311,-24.00592158991,0.));
#4807 = LINE('',#4808,#4809);
#4808 = CARTESIAN_POINT('',(-55.39924434311,-24.00592158991,0.));
#4809 = VECTOR('',#4810,1.);
#4810 = DIRECTION('',(0.,0.,1.));
#4811 = ORIENTED_EDGE('',*,*,#2364,.T.);
#4812 = ORIENTED_EDGE('',*,*,#4781,.F.);
#4813 = ORIENTED_EDGE('',*,*,#4814,.F.);
#4814 = EDGE_CURVE('',#4805,#4782,#4815,.T.);
#4815 = LINE('',#4816,#4817);
#4816 = CARTESIAN_POINT('',(-55.39924434311,-24.00592158991,0.));
#4817 = VECTOR('',#4818,1.);
#4818 = DIRECTION('',(-1.096732912959E-02,-0.999939857037,-0.));
#4819 = PLANE('',#4820);
#4820 = AXIS2_PLACEMENT_3D('',#4821,#4822,#4823);
#4821 = CARTESIAN_POINT('',(-55.39924434311,-24.00592158991,0.));
#4822 = DIRECTION('',(-0.999939857037,1.096732912959E-02,0.));
#4823 = DIRECTION('',(1.096732912959E-02,0.999939857037,0.));
#4824 = ADVANCED_FACE('',(#4825),#4844,.T.);
#4825 = FACE_BOUND('',#4826,.F.);
#4826 = EDGE_LOOP('',(#4827,#4828,#4829,#4837));
#4827 = ORIENTED_EDGE('',*,*,#4804,.T.);
#4828 = ORIENTED_EDGE('',*,*,#2355,.T.);
#4829 = ORIENTED_EDGE('',*,*,#4830,.F.);
#4830 = EDGE_CURVE('',#4831,#2348,#4833,.T.);
#4831 = VERTEX_POINT('',#4832);
#4832 = CARTESIAN_POINT('',(-55.40823130782,-23.77044241157,0.));
#4833 = LINE('',#4834,#4835);
#4834 = CARTESIAN_POINT('',(-55.40823130782,-23.77044241157,0.));
#4835 = VECTOR('',#4836,1.);
#4836 = DIRECTION('',(0.,0.,1.));
#4837 = ORIENTED_EDGE('',*,*,#4838,.F.);
#4838 = EDGE_CURVE('',#4805,#4831,#4839,.T.);
#4839 = CIRCLE('',#4840,2.4);
#4840 = AXIS2_PLACEMENT_3D('',#4841,#4842,#4843);
#4841 = CARTESIAN_POINT('',(-57.7991,-23.9796,0.));
#4842 = DIRECTION('',(-0.,0.,1.));
#4843 = DIRECTION('',(-1.096732912959E-02,-0.999939857037,-0.));
#4844 = CYLINDRICAL_SURFACE('',#4845,2.4);
#4845 = AXIS2_PLACEMENT_3D('',#4846,#4847,#4848);
#4846 = CARTESIAN_POINT('',(-57.7991,-23.9796,0.));
#4847 = DIRECTION('',(-0.,-0.,-1.));
#4848 = DIRECTION('',(-1.096732912959E-02,-0.999939857037,-0.));
#4849 = ADVANCED_FACE('',(#4850),#4868,.F.);
#4850 = FACE_BOUND('',#4851,.T.);
#4851 = EDGE_LOOP('',(#4852,#4860,#4861,#4862));
#4852 = ORIENTED_EDGE('',*,*,#4853,.T.);
#4853 = EDGE_CURVE('',#4854,#2340,#4856,.T.);
#4854 = VERTEX_POINT('',#4855);
#4855 = CARTESIAN_POINT('',(-55.50318291745,-22.68505587386,0.));
#4856 = LINE('',#4857,#4858);
#4857 = CARTESIAN_POINT('',(-55.50318291745,-22.68505587386,0.));
#4858 = VECTOR('',#4859,1.);
#4859 = DIRECTION('',(0.,0.,1.));
#4860 = ORIENTED_EDGE('',*,*,#2347,.T.);
#4861 = ORIENTED_EDGE('',*,*,#4830,.F.);
#4862 = ORIENTED_EDGE('',*,*,#4863,.F.);
#4863 = EDGE_CURVE('',#4854,#4831,#4864,.T.);
#4864 = LINE('',#4865,#4866);
#4865 = CARTESIAN_POINT('',(-55.52263130782,-22.46274241157,0.));
#4866 = VECTOR('',#4867,1.);
#4867 = DIRECTION('',(8.71489951774E-02,-0.996195288405,0.));
#4868 = PLANE('',#4869);
#4869 = AXIS2_PLACEMENT_3D('',#4870,#4871,#4872);
#4870 = CARTESIAN_POINT('',(-55.50318291745,-22.68505587386,0.));
#4871 = DIRECTION('',(-0.996195288405,-8.71489951774E-02,-0.));
#4872 = DIRECTION('',(-8.71489951774E-02,0.996195288405,0.));
#4873 = ADVANCED_FACE('',(#4874),#4892,.F.);
#4874 = FACE_BOUND('',#4875,.T.);
#4875 = EDGE_LOOP('',(#4876,#4884,#4885,#4886));
#4876 = ORIENTED_EDGE('',*,*,#4877,.T.);
#4877 = EDGE_CURVE('',#4878,#2332,#4880,.T.);
#4878 = VERTEX_POINT('',#4879);
#4879 = CARTESIAN_POINT('',(-55.39272114437,-21.56353145365,0.));
#4880 = LINE('',#4881,#4882);
#4881 = CARTESIAN_POINT('',(-55.39272114437,-21.56353145365,0.));
#4882 = VECTOR('',#4883,1.);
#4883 = DIRECTION('',(0.,0.,1.));
#4884 = ORIENTED_EDGE('',*,*,#2339,.T.);
#4885 = ORIENTED_EDGE('',*,*,#4853,.F.);
#4886 = ORIENTED_EDGE('',*,*,#4887,.F.);
#4887 = EDGE_CURVE('',#4878,#4854,#4888,.T.);
#4888 = LINE('',#4889,#4890);
#4889 = CARTESIAN_POINT('',(-55.36955691753,-21.32834379232,0.));
#4890 = VECTOR('',#4891,1.);
#4891 = DIRECTION('',(-9.801824680222E-02,-0.995184617694,-0.));
#4892 = PLANE('',#4893);
#4893 = AXIS2_PLACEMENT_3D('',#4894,#4895,#4896);
#4894 = CARTESIAN_POINT('',(-55.39272114437,-21.56353145365,0.));
#4895 = DIRECTION('',(-0.995184617694,9.801824680222E-02,0.));
#4896 = DIRECTION('',(9.801824680222E-02,0.995184617694,0.));
#4897 = ADVANCED_FACE('',(#4898),#4916,.F.);
#4898 = FACE_BOUND('',#4899,.T.);
#4899 = EDGE_LOOP('',(#4900,#4908,#4909,#4910));
#4900 = ORIENTED_EDGE('',*,*,#4901,.T.);
#4901 = EDGE_CURVE('',#4902,#2324,#4904,.T.);
#4902 = VERTEX_POINT('',#4903);
#4903 = CARTESIAN_POINT('',(-55.07584275565,-20.51876086658,0.));
#4904 = LINE('',#4905,#4906);
#4905 = CARTESIAN_POINT('',(-55.07584275565,-20.51876086658,0.));
#4906 = VECTOR('',#4907,1.);
#4907 = DIRECTION('',(0.,0.,1.));
#4908 = ORIENTED_EDGE('',*,*,#2331,.T.);
#4909 = ORIENTED_EDGE('',*,*,#4877,.F.);
#4910 = ORIENTED_EDGE('',*,*,#4911,.F.);
#4911 = EDGE_CURVE('',#4902,#4878,#4912,.T.);
#4912 = LINE('',#4913,#4914);
#4913 = CARTESIAN_POINT('',(-55.00721308907,-20.29248397425,0.));
#4914 = VECTOR('',#4915,1.);
#4915 = DIRECTION('',(-0.290243322605,-0.956952879552,-0.));
#4916 = PLANE('',#4917);
#4917 = AXIS2_PLACEMENT_3D('',#4918,#4919,#4920);
#4918 = CARTESIAN_POINT('',(-55.07584275565,-20.51876086658,0.));
#4919 = DIRECTION('',(-0.956952879552,0.290243322605,0.));
#4920 = DIRECTION('',(0.290243322605,0.956952879552,0.));
#4921 = ADVANCED_FACE('',(#4922),#4940,.F.);
#4922 = FACE_BOUND('',#4923,.T.);
#4923 = EDGE_LOOP('',(#4924,#4932,#4933,#4934));
#4924 = ORIENTED_EDGE('',*,*,#4925,.T.);
#4925 = EDGE_CURVE('',#4926,#2316,#4928,.T.);
#4926 = VERTEX_POINT('',#4927);
#4927 = CARTESIAN_POINT('',(-54.56122442371,-19.556023358,0.));
#4928 = LINE('',#4929,#4930);
#4929 = CARTESIAN_POINT('',(-54.56122442371,-19.556023358,0.));
#4930 = VECTOR('',#4931,1.);
#4931 = DIRECTION('',(0.,0.,1.));
#4932 = ORIENTED_EDGE('',*,*,#2323,.T.);
#4933 = ORIENTED_EDGE('',*,*,#4901,.F.);
#4934 = ORIENTED_EDGE('',*,*,#4935,.F.);
#4935 = EDGE_CURVE('',#4926,#4902,#4936,.T.);
#4936 = LINE('',#4937,#4938);
#4937 = CARTESIAN_POINT('',(-54.44981127903,-19.34759391296,0.));
#4938 = VECTOR('',#4939,1.);
#4939 = DIRECTION('',(-0.4714141304,-0.881911967069,-0.));
#4940 = PLANE('',#4941);
#4941 = AXIS2_PLACEMENT_3D('',#4942,#4943,#4944);
#4942 = CARTESIAN_POINT('',(-54.56122442371,-19.556023358,0.));
#4943 = DIRECTION('',(-0.881911967069,0.4714141304,0.));
#4944 = DIRECTION('',(0.4714141304,0.881911967069,0.));
#4945 = ADVANCED_FACE('',(#4946),#4964,.F.);
#4946 = FACE_BOUND('',#4947,.T.);
#4947 = EDGE_LOOP('',(#4948,#4956,#4957,#4958));
#4948 = ORIENTED_EDGE('',*,*,#4949,.T.);
#4949 = EDGE_CURVE('',#4950,#2308,#4952,.T.);
#4950 = VERTEX_POINT('',#4951);
#4951 = CARTESIAN_POINT('',(-53.86862999465,-18.71207000534,0.));
#4952 = LINE('',#4953,#4954);
#4953 = CARTESIAN_POINT('',(-53.86862999465,-18.71207000534,0.));
#4954 = VECTOR('',#4955,1.);
#4955 = DIRECTION('',(0.,0.,1.));
#4956 = ORIENTED_EDGE('',*,*,#2315,.T.);
#4957 = ORIENTED_EDGE('',*,*,#4925,.F.);
#4958 = ORIENTED_EDGE('',*,*,#4959,.F.);
#4959 = EDGE_CURVE('',#4950,#4926,#4960,.T.);
#4960 = LINE('',#4961,#4962);
#4961 = CARTESIAN_POINT('',(-53.71865314913,-18.52931736355,0.));
#4962 = VECTOR('',#4963,1.);
#4963 = DIRECTION('',(-0.634382234816,-0.773019521196,-0.));
#4964 = PLANE('',#4965);
#4965 = AXIS2_PLACEMENT_3D('',#4966,#4967,#4968);
#4966 = CARTESIAN_POINT('',(-53.86862999465,-18.71207000534,0.));
#4967 = DIRECTION('',(-0.773019521196,0.634382234816,0.));
#4968 = DIRECTION('',(0.634382234816,0.773019521196,0.));
#4969 = ADVANCED_FACE('',(#4970),#4988,.F.);
#4970 = FACE_BOUND('',#4971,.T.);
#4971 = EDGE_LOOP('',(#4972,#4980,#4981,#4982));
#4972 = ORIENTED_EDGE('',*,*,#4973,.T.);
#4973 = EDGE_CURVE('',#4974,#2300,#4976,.T.);
#4974 = VERTEX_POINT('',#4975);
#4975 = CARTESIAN_POINT('',(-53.02467664199,-18.01947557628,0.));
#4976 = LINE('',#4977,#4978);
#4977 = CARTESIAN_POINT('',(-53.02467664199,-18.01947557628,0.));
#4978 = VECTOR('',#4979,1.);
#4979 = DIRECTION('',(0.,0.,1.));
#4980 = ORIENTED_EDGE('',*,*,#2307,.T.);
#4981 = ORIENTED_EDGE('',*,*,#4949,.F.);
#4982 = ORIENTED_EDGE('',*,*,#4983,.F.);
#4983 = EDGE_CURVE('',#4974,#4950,#4984,.T.);
#4984 = LINE('',#4985,#4986);
#4985 = CARTESIAN_POINT('',(-52.84198263644,-17.86954685087,0.));
#4986 = VECTOR('',#4987,1.);
#4987 = DIRECTION('',(-0.773019521196,-0.634382234816,-0.));
#4988 = PLANE('',#4989);
#4989 = AXIS2_PLACEMENT_3D('',#4990,#4991,#4992);
#4990 = CARTESIAN_POINT('',(-53.02467664199,-18.01947557628,0.));
#4991 = DIRECTION('',(-0.634382234816,0.773019521196,0.));
#4992 = DIRECTION('',(0.773019521196,0.634382234816,0.));
#4993 = ADVANCED_FACE('',(#4994),#5012,.F.);
#4994 = FACE_BOUND('',#4995,.T.);
#4995 = EDGE_LOOP('',(#4996,#5004,#5005,#5006));
#4996 = ORIENTED_EDGE('',*,*,#4997,.T.);
#4997 = EDGE_CURVE('',#4998,#2292,#5000,.T.);
#4998 = VERTEX_POINT('',#4999);
#4999 = CARTESIAN_POINT('',(-52.06191930898,-17.50484664745,0.));
#5000 = LINE('',#5001,#5002);
#5001 = CARTESIAN_POINT('',(-52.06191930898,-17.50484664745,0.));
#5002 = VECTOR('',#5003,1.);
#5003 = DIRECTION('',(0.,0.,1.));
#5004 = ORIENTED_EDGE('',*,*,#2299,.T.);
#5005 = ORIENTED_EDGE('',*,*,#4973,.F.);
#5006 = ORIENTED_EDGE('',*,*,#5007,.F.);
#5007 = EDGE_CURVE('',#4998,#4974,#5008,.T.);
#5008 = LINE('',#5009,#5010);
#5009 = CARTESIAN_POINT('',(-51.85340608703,-17.39338872096,0.));
#5010 = VECTOR('',#5011,1.);
#5011 = DIRECTION('',(-0.881911967069,-0.4714141304,-0.));
#5012 = PLANE('',#5013);
#5013 = AXIS2_PLACEMENT_3D('',#5014,#5015,#5016);
#5014 = CARTESIAN_POINT('',(-52.06191930898,-17.50484664745,0.));
#5015 = DIRECTION('',(-0.4714141304,0.881911967069,0.));
#5016 = DIRECTION('',(0.881911967069,0.4714141304,0.));
#5017 = ADVANCED_FACE('',(#5018),#5036,.F.);
#5018 = FACE_BOUND('',#5019,.T.);
#5019 = EDGE_LOOP('',(#5020,#5028,#5029,#5030));
#5020 = ORIENTED_EDGE('',*,*,#5021,.T.);
#5021 = EDGE_CURVE('',#5022,#2284,#5024,.T.);
#5022 = VERTEX_POINT('',#5023);
#5023 = CARTESIAN_POINT('',(-51.01725052706,-17.1879779721,0.));
#5024 = LINE('',#5025,#5026);
#5025 = CARTESIAN_POINT('',(-51.01725052706,-17.1879779721,0.));
#5026 = VECTOR('',#5027,1.);
#5027 = DIRECTION('',(0.,0.,1.));
#5028 = ORIENTED_EDGE('',*,*,#2291,.T.);
#5029 = ORIENTED_EDGE('',*,*,#4997,.F.);
#5030 = ORIENTED_EDGE('',*,*,#5031,.F.);
#5031 = EDGE_CURVE('',#5022,#4998,#5032,.T.);
#5032 = LINE('',#5033,#5034);
#5033 = CARTESIAN_POINT('',(-50.79107341686,-17.11937398724,0.));
#5034 = VECTOR('',#5035,1.);
#5035 = DIRECTION('',(-0.956947494684,-0.290261076305,-0.));
#5036 = PLANE('',#5037);
#5037 = AXIS2_PLACEMENT_3D('',#5038,#5039,#5040);
#5038 = CARTESIAN_POINT('',(-51.01725052706,-17.1879779721,0.));
#5039 = DIRECTION('',(-0.290261076305,0.956947494684,0.));
#5040 = DIRECTION('',(0.956947494684,0.290261076305,0.));
#5041 = ADVANCED_FACE('',(#5042),#5060,.F.);
#5042 = FACE_BOUND('',#5043,.T.);
#5043 = EDGE_LOOP('',(#5044,#5052,#5053,#5054));
#5044 = ORIENTED_EDGE('',*,*,#5045,.T.);
#5045 = EDGE_CURVE('',#5046,#2276,#5048,.T.);
#5046 = VERTEX_POINT('',#5047);
#5047 = CARTESIAN_POINT('',(-49.61629873731,-17.05,0.));
#5048 = LINE('',#5049,#5050);
#5049 = CARTESIAN_POINT('',(-49.61629873731,-17.05,0.));
#5050 = VECTOR('',#5051,1.);
#5051 = DIRECTION('',(0.,0.,1.));
#5052 = ORIENTED_EDGE('',*,*,#2283,.T.);
#5053 = ORIENTED_EDGE('',*,*,#5021,.F.);
#5054 = ORIENTED_EDGE('',*,*,#5055,.F.);
#5055 = EDGE_CURVE('',#5046,#5022,#5056,.T.);
#5056 = LINE('',#5057,#5058);
#5057 = CARTESIAN_POINT('',(-49.49896517091,-17.03844396526,0.));
#5058 = VECTOR('',#5059,1.);
#5059 = DIRECTION('',(-0.995184985525,-9.80145121187E-02,-0.));
#5060 = PLANE('',#5061);
#5061 = AXIS2_PLACEMENT_3D('',#5062,#5063,#5064);
#5062 = CARTESIAN_POINT('',(-49.61629873731,-17.05,0.));
#5063 = DIRECTION('',(-9.80145121187E-02,0.995184985525,0.));
#5064 = DIRECTION('',(0.995184985525,9.80145121187E-02,0.));
#5065 = ADVANCED_FACE('',(#5066),#5084,.F.);
#5066 = FACE_BOUND('',#5067,.T.);
#5067 = EDGE_LOOP('',(#5068,#5076,#5077,#5078));
#5068 = ORIENTED_EDGE('',*,*,#5069,.T.);
#5069 = EDGE_CURVE('',#5070,#2268,#5072,.T.);
#5070 = VERTEX_POINT('',#5071);
#5071 = CARTESIAN_POINT('',(-39.04153062552,-17.05,0.));
#5072 = LINE('',#5073,#5074);
#5073 = CARTESIAN_POINT('',(-39.04153062552,-17.05,0.));
#5074 = VECTOR('',#5075,1.);
#5075 = DIRECTION('',(0.,0.,1.));
#5076 = ORIENTED_EDGE('',*,*,#2275,.T.);
#5077 = ORIENTED_EDGE('',*,*,#5045,.F.);
#5078 = ORIENTED_EDGE('',*,*,#5079,.F.);
#5079 = EDGE_CURVE('',#5070,#5046,#5080,.T.);
#5080 = LINE('',#5081,#5082);
#5081 = CARTESIAN_POINT('',(-38.9826,-17.05,0.));
#5082 = VECTOR('',#5083,1.);
#5083 = DIRECTION('',(-1.,-0.,-0.));
#5084 = PLANE('',#5085);
#5085 = AXIS2_PLACEMENT_3D('',#5086,#5087,#5088);
#5086 = CARTESIAN_POINT('',(-39.04153062552,-17.05,0.));
#5087 = DIRECTION('',(0.,1.,0.));
#5088 = DIRECTION('',(1.,0.,0.));
#5089 = ADVANCED_FACE('',(#5090),#5108,.F.);
#5090 = FACE_BOUND('',#5091,.T.);
#5091 = EDGE_LOOP('',(#5092,#5100,#5101,#5102));
#5092 = ORIENTED_EDGE('',*,*,#5093,.T.);
#5093 = EDGE_CURVE('',#5094,#2260,#5096,.T.);
#5094 = VERTEX_POINT('',#5095);
#5095 = CARTESIAN_POINT('',(-38.49369353407,-17.0769198826,0.));
#5096 = LINE('',#5097,#5098);
#5097 = CARTESIAN_POINT('',(-38.49369353407,-17.0769198826,0.));
#5098 = VECTOR('',#5099,1.);
#5099 = DIRECTION('',(0.,0.,1.));
#5100 = ORIENTED_EDGE('',*,*,#2267,.T.);
#5101 = ORIENTED_EDGE('',*,*,#5069,.F.);
#5102 = ORIENTED_EDGE('',*,*,#5103,.F.);
#5103 = EDGE_CURVE('',#5094,#5070,#5104,.T.);
#5104 = LINE('',#5105,#5106);
#5105 = CARTESIAN_POINT('',(-38.31689023297,-17.08560772828,0.));
#5106 = VECTOR('',#5107,1.);
#5107 = DIRECTION('',(-0.998794886786,4.907926374126E-02,0.));
#5108 = PLANE('',#5109);
#5109 = AXIS2_PLACEMENT_3D('',#5110,#5111,#5112);
#5110 = CARTESIAN_POINT('',(-38.49369353407,-17.0769198826,0.));
#5111 = DIRECTION('',(4.907926374126E-02,0.998794886786,0.));
#5112 = DIRECTION('',(0.998794886786,-4.907926374126E-02,0.));
#5113 = ADVANCED_FACE('',(#5114),#5132,.F.);
#5114 = FACE_BOUND('',#5115,.T.);
#5115 = EDGE_LOOP('',(#5116,#5124,#5125,#5126));
#5116 = ORIENTED_EDGE('',*,*,#5117,.T.);
#5117 = EDGE_CURVE('',#5118,#2252,#5120,.T.);
#5118 = VERTEX_POINT('',#5119);
#5119 = CARTESIAN_POINT('',(-37.26774745178,-17.32077148472,0.));
#5120 = LINE('',#5121,#5122);
#5121 = CARTESIAN_POINT('',(-37.26774745178,-17.32077148472,0.));
#5122 = VECTOR('',#5123,1.);
#5123 = DIRECTION('',(0.,0.,1.));
#5124 = ORIENTED_EDGE('',*,*,#2259,.T.);
#5125 = ORIENTED_EDGE('',*,*,#5093,.F.);
#5126 = ORIENTED_EDGE('',*,*,#5127,.F.);
#5127 = EDGE_CURVE('',#5118,#5094,#5128,.T.);
#5128 = LINE('',#5129,#5130);
#5129 = CARTESIAN_POINT('',(-37.03590895016,-17.36688622898,0.));
#5130 = VECTOR('',#5131,1.);
#5131 = DIRECTION('',(-0.980785928742,0.19508706257,0.));
#5132 = PLANE('',#5133);
#5133 = AXIS2_PLACEMENT_3D('',#5134,#5135,#5136);
#5134 = CARTESIAN_POINT('',(-37.26774745178,-17.32077148472,0.));
#5135 = DIRECTION('',(0.19508706257,0.980785928742,0.));
#5136 = DIRECTION('',(0.980785928742,-0.19508706257,0.));
#5137 = ADVANCED_FACE('',(#5138),#5156,.F.);
#5138 = FACE_BOUND('',#5139,.T.);
#5139 = EDGE_LOOP('',(#5140,#5148,#5149,#5150));
#5140 = ORIENTED_EDGE('',*,*,#5141,.T.);
#5141 = EDGE_CURVE('',#5142,#2244,#5144,.T.);
#5142 = VERTEX_POINT('',#5143);
#5143 = CARTESIAN_POINT('',(-36.2591435179,-17.73854592447,0.));
#5144 = LINE('',#5145,#5146);
#5145 = CARTESIAN_POINT('',(-36.2591435179,-17.73854592447,0.));
#5146 = VECTOR('',#5147,1.);
#5147 = DIRECTION('',(0.,0.,1.));
#5148 = ORIENTED_EDGE('',*,*,#2251,.T.);
#5149 = ORIENTED_EDGE('',*,*,#5117,.F.);
#5150 = ORIENTED_EDGE('',*,*,#5151,.F.);
#5151 = EDGE_CURVE('',#5142,#5118,#5152,.T.);
#5152 = LINE('',#5153,#5154);
#5153 = CARTESIAN_POINT('',(-36.04073462947,-17.82901320101,0.));
#5154 = VECTOR('',#5155,1.);
#5155 = DIRECTION('',(-0.923880500421,0.382681095615,0.));
#5156 = PLANE('',#5157);
#5157 = AXIS2_PLACEMENT_3D('',#5158,#5159,#5160);
#5158 = CARTESIAN_POINT('',(-36.2591435179,-17.73854592447,0.));
#5159 = DIRECTION('',(0.382681095615,0.923880500421,0.));
#5160 = DIRECTION('',(0.923880500421,-0.382681095615,0.));
#5161 = ADVANCED_FACE('',(#5162),#5180,.F.);
#5162 = FACE_BOUND('',#5163,.T.);
#5163 = EDGE_LOOP('',(#5164,#5172,#5173,#5174));
#5164 = ORIENTED_EDGE('',*,*,#5165,.T.);
#5165 = EDGE_CURVE('',#5166,#2236,#5168,.T.);
#5166 = VERTEX_POINT('',#5167);
#5167 = CARTESIAN_POINT('',(-35.35138041729,-18.3451170246,0.));
#5168 = LINE('',#5169,#5170);
#5169 = CARTESIAN_POINT('',(-35.35138041729,-18.3451170246,0.));
#5170 = VECTOR('',#5171,1.);
#5171 = DIRECTION('',(0.,0.,1.));
#5172 = ORIENTED_EDGE('',*,*,#2243,.T.);
#5173 = ORIENTED_EDGE('',*,*,#5141,.F.);
#5174 = ORIENTED_EDGE('',*,*,#5175,.F.);
#5175 = EDGE_CURVE('',#5166,#5142,#5176,.T.);
#5176 = LINE('',#5177,#5178);
#5177 = CARTESIAN_POINT('',(-35.15490379906,-18.47640352258,0.));
#5178 = VECTOR('',#5179,1.);
#5179 = DIRECTION('',(-0.831459801075,0.555584916278,0.));
#5180 = PLANE('',#5181);
#5181 = AXIS2_PLACEMENT_3D('',#5182,#5183,#5184);
#5182 = CARTESIAN_POINT('',(-35.35138041729,-18.3451170246,0.));
#5183 = DIRECTION('',(0.555584916278,0.831459801075,0.));
#5184 = DIRECTION('',(0.831459801075,-0.555584916278,0.));
#5185 = ADVANCED_FACE('',(#5186),#5204,.F.);
#5186 = FACE_BOUND('',#5187,.T.);
#5187 = EDGE_LOOP('',(#5188,#5196,#5197,#5198));
#5188 = ORIENTED_EDGE('',*,*,#5189,.T.);
#5189 = EDGE_CURVE('',#5190,#2228,#5192,.T.);
#5190 = VERTEX_POINT('',#5191);
#5191 = CARTESIAN_POINT('',(-34.57937812592,-19.11704953361,0.));
#5192 = LINE('',#5193,#5194);
#5193 = CARTESIAN_POINT('',(-34.57937812592,-19.11704953361,0.));
#5194 = VECTOR('',#5195,1.);
#5195 = DIRECTION('',(0.,0.,1.));
#5196 = ORIENTED_EDGE('',*,*,#2235,.T.);
#5197 = ORIENTED_EDGE('',*,*,#5165,.F.);
#5198 = ORIENTED_EDGE('',*,*,#5199,.F.);
#5199 = EDGE_CURVE('',#5190,#5166,#5200,.T.);
#5200 = LINE('',#5201,#5202);
#5201 = CARTESIAN_POINT('',(-34.41217957,-19.28423297622,0.));
#5202 = VECTOR('',#5203,1.);
#5203 = DIRECTION('',(-0.707138740093,0.707074820836,0.));
#5204 = PLANE('',#5205);
#5205 = AXIS2_PLACEMENT_3D('',#5206,#5207,#5208);
#5206 = CARTESIAN_POINT('',(-34.57937812592,-19.11704953361,0.));
#5207 = DIRECTION('',(0.707074820836,0.707138740093,0.));
#5208 = DIRECTION('',(0.707138740093,-0.707074820836,0.));
#5209 = ADVANCED_FACE('',(#5210),#5228,.F.);
#5210 = FACE_BOUND('',#5211,.T.);
#5211 = EDGE_LOOP('',(#5212,#5220,#5221,#5222));
#5212 = ORIENTED_EDGE('',*,*,#5213,.T.);
#5213 = EDGE_CURVE('',#5214,#2220,#5216,.T.);
#5214 = VERTEX_POINT('',#5215);
#5215 = CARTESIAN_POINT('',(-33.72269116725,-20.39919427212,0.));
#5216 = LINE('',#5217,#5218);
#5217 = CARTESIAN_POINT('',(-33.72269116725,-20.39919427212,0.));
#5218 = VECTOR('',#5219,1.);
#5219 = DIRECTION('',(0.,0.,1.));
#5220 = ORIENTED_EDGE('',*,*,#2227,.T.);
#5221 = ORIENTED_EDGE('',*,*,#5189,.F.);
#5222 = ORIENTED_EDGE('',*,*,#5223,.F.);
#5223 = EDGE_CURVE('',#5214,#5190,#5224,.T.);
#5224 = LINE('',#5225,#5226);
#5225 = CARTESIAN_POINT('',(-33.65683768594,-20.49775267052,0.));
#5226 = VECTOR('',#5227,1.);
#5227 = DIRECTION('',(-0.555563612717,0.831474035809,0.));
#5228 = PLANE('',#5229);
#5229 = AXIS2_PLACEMENT_3D('',#5230,#5231,#5232);
#5230 = CARTESIAN_POINT('',(-33.72269116725,-20.39919427212,0.));
#5231 = DIRECTION('',(0.831474035809,0.555563612717,0.));
#5232 = DIRECTION('',(0.555563612717,-0.831474035809,0.));
#5233 = ADVANCED_FACE('',(#5234),#5252,.F.);
#5234 = FACE_BOUND('',#5235,.T.);
#5235 = EDGE_LOOP('',(#5236,#5244,#5245,#5246));
#5236 = ORIENTED_EDGE('',*,*,#5237,.T.);
#5237 = EDGE_CURVE('',#5238,#2211,#5240,.T.);
#5238 = VERTEX_POINT('',#5239);
#5239 = CARTESIAN_POINT('',(-33.72091236674,-20.40252643488,0.));
#5240 = LINE('',#5241,#5242);
#5241 = CARTESIAN_POINT('',(-33.72091236674,-20.40252643488,0.));
#5242 = VECTOR('',#5243,1.);
#5243 = DIRECTION('',(0.,0.,1.));
#5244 = ORIENTED_EDGE('',*,*,#2219,.T.);
#5245 = ORIENTED_EDGE('',*,*,#5213,.F.);
#5246 = ORIENTED_EDGE('',*,*,#5247,.F.);
#5247 = EDGE_CURVE('',#5238,#5214,#5248,.T.);
#5248 = LINE('',#5249,#5250);
#5249 = CARTESIAN_POINT('',(-33.72091236674,-20.40252643488,0.));
#5250 = VECTOR('',#5251,1.);
#5251 = DIRECTION('',(-0.470927681203,0.882171819476,0.));
#5252 = PLANE('',#5253);
#5253 = AXIS2_PLACEMENT_3D('',#5254,#5255,#5256);
#5254 = CARTESIAN_POINT('',(-33.72091236674,-20.40252643488,0.));
#5255 = DIRECTION('',(0.882171819476,0.470927681203,0.));
#5256 = DIRECTION('',(0.470927681203,-0.882171819476,0.));
#5257 = ADVANCED_FACE('',(#5258),#5277,.T.);
#5258 = FACE_BOUND('',#5259,.F.);
#5259 = EDGE_LOOP('',(#5260,#5261,#5262,#5270));
#5260 = ORIENTED_EDGE('',*,*,#5237,.T.);
#5261 = ORIENTED_EDGE('',*,*,#2210,.T.);
#5262 = ORIENTED_EDGE('',*,*,#5263,.F.);
#5263 = EDGE_CURVE('',#5264,#2203,#5266,.T.);
#5264 = VERTEX_POINT('',#5265);
#5265 = CARTESIAN_POINT('',(-33.45879512185,-20.7950022325,0.));
#5266 = LINE('',#5267,#5268);
#5267 = CARTESIAN_POINT('',(-33.45879512185,-20.7950022325,0.));
#5268 = VECTOR('',#5269,1.);
#5269 = DIRECTION('',(0.,0.,1.));
#5270 = ORIENTED_EDGE('',*,*,#5271,.F.);
#5271 = EDGE_CURVE('',#5238,#5264,#5272,.T.);
#5272 = CIRCLE('',#5273,2.4);
#5273 = AXIS2_PLACEMENT_3D('',#5274,#5275,#5276);
#5274 = CARTESIAN_POINT('',(-31.6037,-19.2723,0.));
#5275 = DIRECTION('',(0.,-0.,1.));
#5276 = DIRECTION('',(-0.470927681203,0.882171819476,0.));
#5277 = CYLINDRICAL_SURFACE('',#5278,2.4);
#5278 = AXIS2_PLACEMENT_3D('',#5279,#5280,#5281);
#5279 = CARTESIAN_POINT('',(-31.6037,-19.2723,0.));
#5280 = DIRECTION('',(-0.,-0.,-1.));
#5281 = DIRECTION('',(-0.470927681203,0.882171819476,0.));
#5282 = ADVANCED_FACE('',(#5283),#5301,.F.);
#5283 = FACE_BOUND('',#5284,.T.);
#5284 = EDGE_LOOP('',(#5285,#5293,#5294,#5295));
#5285 = ORIENTED_EDGE('',*,*,#5286,.T.);
#5286 = EDGE_CURVE('',#5287,#2194,#5289,.T.);
#5287 = VERTEX_POINT('',#5288);
#5288 = CARTESIAN_POINT('',(-32.96129512185,-21.4011022325,0.));
#5289 = LINE('',#5290,#5291);
#5290 = CARTESIAN_POINT('',(-32.96129512185,-21.4011022325,0.));
#5291 = VECTOR('',#5292,1.);
#5292 = DIRECTION('',(0.,0.,1.));
#5293 = ORIENTED_EDGE('',*,*,#2202,.T.);
#5294 = ORIENTED_EDGE('',*,*,#5263,.F.);
#5295 = ORIENTED_EDGE('',*,*,#5296,.F.);
#5296 = EDGE_CURVE('',#5287,#5264,#5297,.T.);
#5297 = LINE('',#5298,#5299);
#5298 = CARTESIAN_POINT('',(-32.96129512185,-21.4011022325,0.));
#5299 = VECTOR('',#5300,1.);
#5300 = DIRECTION('',(-0.634459263544,0.772956300772,0.));
#5301 = PLANE('',#5302);
#5302 = AXIS2_PLACEMENT_3D('',#5303,#5304,#5305);
#5303 = CARTESIAN_POINT('',(-32.96129512185,-21.4011022325,0.));
#5304 = DIRECTION('',(0.772956300772,0.634459263544,0.));
#5305 = DIRECTION('',(0.634459263544,-0.772956300772,0.));
#5306 = ADVANCED_FACE('',(#5307),#5326,.T.);
#5307 = FACE_BOUND('',#5308,.F.);
#5308 = EDGE_LOOP('',(#5309,#5310,#5311,#5319));
#5309 = ORIENTED_EDGE('',*,*,#5286,.T.);
#5310 = ORIENTED_EDGE('',*,*,#2193,.T.);
#5311 = ORIENTED_EDGE('',*,*,#5312,.F.);
#5312 = EDGE_CURVE('',#5313,#2186,#5315,.T.);
#5313 = VERTEX_POINT('',#5314);
#5314 = CARTESIAN_POINT('',(-32.6289022325,-21.73349512185,0.));
#5315 = LINE('',#5316,#5317);
#5316 = CARTESIAN_POINT('',(-32.6289022325,-21.73349512185,0.));
#5317 = VECTOR('',#5318,1.);
#5318 = DIRECTION('',(0.,0.,1.));
#5319 = ORIENTED_EDGE('',*,*,#5320,.F.);
#5320 = EDGE_CURVE('',#5287,#5313,#5321,.T.);
#5321 = CIRCLE('',#5322,2.4);
#5322 = AXIS2_PLACEMENT_3D('',#5323,#5324,#5325);
#5323 = CARTESIAN_POINT('',(-31.1062,-19.8784,0.));
#5324 = DIRECTION('',(0.,-0.,1.));
#5325 = DIRECTION('',(-0.634459263544,0.772956300772,0.));
#5326 = CYLINDRICAL_SURFACE('',#5327,2.4);
#5327 = AXIS2_PLACEMENT_3D('',#5328,#5329,#5330);
#5328 = CARTESIAN_POINT('',(-31.1062,-19.8784,0.));
#5329 = DIRECTION('',(-0.,-0.,-1.));
#5330 = DIRECTION('',(-0.634459263544,0.772956300772,0.));
#5331 = ADVANCED_FACE('',(#5332),#5350,.F.);
#5332 = FACE_BOUND('',#5333,.T.);
#5333 = EDGE_LOOP('',(#5334,#5342,#5343,#5344));
#5334 = ORIENTED_EDGE('',*,*,#5335,.T.);
#5335 = EDGE_CURVE('',#5336,#2177,#5338,.T.);
#5336 = VERTEX_POINT('',#5337);
#5337 = CARTESIAN_POINT('',(-32.0228022325,-22.23099512185,0.));
#5338 = LINE('',#5339,#5340);
#5339 = CARTESIAN_POINT('',(-32.0228022325,-22.23099512185,0.));
#5340 = VECTOR('',#5341,1.);
#5341 = DIRECTION('',(0.,0.,1.));
#5342 = ORIENTED_EDGE('',*,*,#2185,.T.);
#5343 = ORIENTED_EDGE('',*,*,#5312,.F.);
#5344 = ORIENTED_EDGE('',*,*,#5345,.F.);
#5345 = EDGE_CURVE('',#5336,#5313,#5346,.T.);
#5346 = LINE('',#5347,#5348);
#5347 = CARTESIAN_POINT('',(-32.0228022325,-22.23099512185,0.));
#5348 = VECTOR('',#5349,1.);
#5349 = DIRECTION('',(-0.772956300772,0.634459263544,0.));
#5350 = PLANE('',#5351);
#5351 = AXIS2_PLACEMENT_3D('',#5352,#5353,#5354);
#5352 = CARTESIAN_POINT('',(-32.0228022325,-22.23099512185,0.));
#5353 = DIRECTION('',(0.634459263544,0.772956300772,0.));
#5354 = DIRECTION('',(0.772956300772,-0.634459263544,0.));
#5355 = ADVANCED_FACE('',(#5356),#5375,.T.);
#5356 = FACE_BOUND('',#5357,.F.);
#5357 = EDGE_LOOP('',(#5358,#5359,#5360,#5368));
#5358 = ORIENTED_EDGE('',*,*,#5335,.T.);
#5359 = ORIENTED_EDGE('',*,*,#2176,.T.);
#5360 = ORIENTED_EDGE('',*,*,#5361,.F.);
#5361 = EDGE_CURVE('',#5362,#2169,#5364,.T.);
#5362 = VERTEX_POINT('',#5363);
#5363 = CARTESIAN_POINT('',(-31.63129052704,-22.49259742559,0.));
#5364 = LINE('',#5365,#5366);
#5365 = CARTESIAN_POINT('',(-31.63129052704,-22.49259742559,0.));
#5366 = VECTOR('',#5367,1.);
#5367 = DIRECTION('',(0.,0.,1.));
#5368 = ORIENTED_EDGE('',*,*,#5369,.F.);
#5369 = EDGE_CURVE('',#5336,#5362,#5370,.T.);
#5370 = CIRCLE('',#5371,2.4);
#5371 = AXIS2_PLACEMENT_3D('',#5372,#5373,#5374);
#5372 = CARTESIAN_POINT('',(-30.5001,-20.3759,0.));
#5373 = DIRECTION('',(0.,-0.,1.));
#5374 = DIRECTION('',(-0.772956300772,0.634459263544,0.));
#5375 = CYLINDRICAL_SURFACE('',#5376,2.4);
#5376 = AXIS2_PLACEMENT_3D('',#5377,#5378,#5379);
#5377 = CARTESIAN_POINT('',(-30.5001,-20.3759,0.));
#5378 = DIRECTION('',(-0.,-0.,-1.));
#5379 = DIRECTION('',(-0.772956300772,0.634459263544,0.));
#5380 = ADVANCED_FACE('',(#5381),#5399,.F.);
#5381 = FACE_BOUND('',#5382,.T.);
#5382 = EDGE_LOOP('',(#5383,#5391,#5392,#5393));
#5383 = ORIENTED_EDGE('',*,*,#5384,.T.);
#5384 = EDGE_CURVE('',#5385,#2160,#5387,.T.);
#5385 = VERTEX_POINT('',#5386);
#5386 = CARTESIAN_POINT('',(-30.93969052704,-22.86219742559,0.));
#5387 = LINE('',#5388,#5389);
#5388 = CARTESIAN_POINT('',(-30.93969052704,-22.86219742559,0.));
#5389 = VECTOR('',#5390,1.);
#5390 = DIRECTION('',(0.,0.,1.));
#5391 = ORIENTED_EDGE('',*,*,#2168,.T.);
#5392 = ORIENTED_EDGE('',*,*,#5361,.F.);
#5393 = ORIENTED_EDGE('',*,*,#5394,.F.);
#5394 = EDGE_CURVE('',#5385,#5362,#5395,.T.);
#5395 = LINE('',#5396,#5397);
#5396 = CARTESIAN_POINT('',(-30.93969052704,-22.86219742559,0.));
#5397 = VECTOR('',#5398,1.);
#5398 = DIRECTION('',(-0.881957260666,0.471329386267,0.));
#5399 = PLANE('',#5400);
#5400 = AXIS2_PLACEMENT_3D('',#5401,#5402,#5403);
#5401 = CARTESIAN_POINT('',(-30.93969052704,-22.86219742559,0.));
#5402 = DIRECTION('',(0.471329386267,0.881957260666,0.));
#5403 = DIRECTION('',(0.881957260666,-0.471329386267,0.));
#5404 = ADVANCED_FACE('',(#5405),#5424,.T.);
#5405 = FACE_BOUND('',#5406,.F.);
#5406 = EDGE_LOOP('',(#5407,#5408,#5409,#5417));
#5407 = ORIENTED_EDGE('',*,*,#5384,.T.);
#5408 = ORIENTED_EDGE('',*,*,#2159,.T.);
#5409 = ORIENTED_EDGE('',*,*,#5410,.F.);
#5410 = EDGE_CURVE('',#5411,#2152,#5413,.T.);
#5411 = VERTEX_POINT('',#5412);
#5412 = CARTESIAN_POINT('',(-30.50518037551,-23.04215767026,0.));
#5413 = LINE('',#5414,#5415);
#5414 = CARTESIAN_POINT('',(-30.50518037551,-23.04215767026,0.));
#5415 = VECTOR('',#5416,1.);
#5416 = DIRECTION('',(0.,0.,1.));
#5417 = ORIENTED_EDGE('',*,*,#5418,.F.);
#5418 = EDGE_CURVE('',#5385,#5411,#5419,.T.);
#5419 = CIRCLE('',#5420,2.4);
#5420 = AXIS2_PLACEMENT_3D('',#5421,#5422,#5423);
#5421 = CARTESIAN_POINT('',(-29.8085,-20.7455,0.));
#5422 = DIRECTION('',(0.,-0.,1.));
#5423 = DIRECTION('',(-0.881957260666,0.471329386267,0.));
#5424 = CYLINDRICAL_SURFACE('',#5425,2.4);
#5425 = AXIS2_PLACEMENT_3D('',#5426,#5427,#5428);
#5426 = CARTESIAN_POINT('',(-29.8085,-20.7455,0.));
#5427 = DIRECTION('',(-0.,-0.,-1.));
#5428 = DIRECTION('',(-0.881957260666,0.471329386267,0.));
#5429 = ADVANCED_FACE('',(#5430),#5448,.F.);
#5430 = FACE_BOUND('',#5431,.T.);
#5431 = EDGE_LOOP('',(#5432,#5440,#5441,#5442));
#5432 = ORIENTED_EDGE('',*,*,#5433,.T.);
#5433 = EDGE_CURVE('',#5434,#2143,#5436,.T.);
#5434 = VERTEX_POINT('',#5435);
#5435 = CARTESIAN_POINT('',(-29.75488037551,-23.26975767026,0.));
#5436 = LINE('',#5437,#5438);
#5437 = CARTESIAN_POINT('',(-29.75488037551,-23.26975767026,0.));
#5438 = VECTOR('',#5439,1.);
#5439 = DIRECTION('',(0.,0.,1.));
#5440 = ORIENTED_EDGE('',*,*,#2151,.T.);
#5441 = ORIENTED_EDGE('',*,*,#5410,.F.);
#5442 = ORIENTED_EDGE('',*,*,#5443,.F.);
#5443 = EDGE_CURVE('',#5434,#5411,#5444,.T.);
#5444 = LINE('',#5445,#5446);
#5445 = CARTESIAN_POINT('',(-29.75488037551,-23.26975767026,0.));
#5446 = VECTOR('',#5447,1.);
#5447 = DIRECTION('',(-0.956940695942,0.290283489799,0.));
#5448 = PLANE('',#5449);
#5449 = AXIS2_PLACEMENT_3D('',#5450,#5451,#5452);
#5450 = CARTESIAN_POINT('',(-29.75488037551,-23.26975767026,0.));
#5451 = DIRECTION('',(0.290283489799,0.956940695942,0.));
#5452 = DIRECTION('',(0.956940695942,-0.290283489799,0.));
#5453 = ADVANCED_FACE('',(#5454),#5473,.T.);
#5454 = FACE_BOUND('',#5455,.F.);
#5455 = EDGE_LOOP('',(#5456,#5457,#5458,#5466));
#5456 = ORIENTED_EDGE('',*,*,#5433,.T.);
#5457 = ORIENTED_EDGE('',*,*,#2142,.T.);
#5458 = ORIENTED_EDGE('',*,*,#5459,.F.);
#5459 = EDGE_CURVE('',#5460,#2135,#5462,.T.);
#5460 = VERTEX_POINT('',#5461);
#5461 = CARTESIAN_POINT('',(-29.29355422402,-23.36153220319,0.));
#5462 = LINE('',#5463,#5464);
#5463 = CARTESIAN_POINT('',(-29.29355422402,-23.36153220319,0.));
#5464 = VECTOR('',#5465,1.);
#5465 = DIRECTION('',(0.,0.,1.));
#5466 = ORIENTED_EDGE('',*,*,#5467,.F.);
#5467 = EDGE_CURVE('',#5434,#5460,#5468,.T.);
#5468 = CIRCLE('',#5469,2.4);
#5469 = AXIS2_PLACEMENT_3D('',#5470,#5471,#5472);
#5470 = CARTESIAN_POINT('',(-29.0582,-20.9731,0.));
#5471 = DIRECTION('',(0.,-0.,1.));
#5472 = DIRECTION('',(-0.956940695942,0.290283489799,0.));
#5473 = CYLINDRICAL_SURFACE('',#5474,2.4);
#5474 = AXIS2_PLACEMENT_3D('',#5475,#5476,#5477);
#5475 = CARTESIAN_POINT('',(-29.0582,-20.9731,0.));
#5476 = DIRECTION('',(-0.,-0.,-1.));
#5477 = DIRECTION('',(-0.956940695942,0.290283489799,0.));
#5478 = ADVANCED_FACE('',(#5479),#5497,.F.);
#5479 = FACE_BOUND('',#5480,.T.);
#5480 = EDGE_LOOP('',(#5481,#5489,#5490,#5491));
#5481 = ORIENTED_EDGE('',*,*,#5482,.T.);
#5482 = EDGE_CURVE('',#5483,#2126,#5485,.T.);
#5483 = VERTEX_POINT('',#5484);
#5484 = CARTESIAN_POINT('',(-28.51315422402,-23.43843220319,0.));
#5485 = LINE('',#5486,#5487);
#5486 = CARTESIAN_POINT('',(-28.51315422402,-23.43843220319,0.));
#5487 = VECTOR('',#5488,1.);
#5488 = DIRECTION('',(0.,0.,1.));
#5489 = ORIENTED_EDGE('',*,*,#2134,.T.);
#5490 = ORIENTED_EDGE('',*,*,#5459,.F.);
#5491 = ORIENTED_EDGE('',*,*,#5492,.F.);
#5492 = EDGE_CURVE('',#5483,#5460,#5493,.T.);
#5493 = LINE('',#5494,#5495);
#5494 = CARTESIAN_POINT('',(-28.51315422402,-23.43843220319,0.));
#5495 = VECTOR('',#5496,1.);
#5496 = DIRECTION('',(-0.995180084663,9.80642600084E-02,0.));
#5497 = PLANE('',#5498);
#5498 = AXIS2_PLACEMENT_3D('',#5499,#5500,#5501);
#5499 = CARTESIAN_POINT('',(-28.51315422402,-23.43843220319,0.));
#5500 = DIRECTION('',(9.80642600084E-02,0.995180084663,0.));
#5501 = DIRECTION('',(0.995180084663,-9.80642600084E-02,0.));
#5502 = ADVANCED_FACE('',(#5503),#5522,.T.);
#5503 = FACE_BOUND('',#5504,.F.);
#5504 = EDGE_LOOP('',(#5505,#5506,#5507,#5515));
#5505 = ORIENTED_EDGE('',*,*,#5482,.T.);
#5506 = ORIENTED_EDGE('',*,*,#2125,.T.);
#5507 = ORIENTED_EDGE('',*,*,#5508,.F.);
#5508 = EDGE_CURVE('',#5509,#2118,#5511,.T.);
#5509 = VERTEX_POINT('',#5510);
#5510 = CARTESIAN_POINT('',(-28.2778,-23.45,0.));
#5511 = LINE('',#5512,#5513);
#5512 = CARTESIAN_POINT('',(-28.2778,-23.45,0.));
#5513 = VECTOR('',#5514,1.);
#5514 = DIRECTION('',(0.,0.,1.));
#5515 = ORIENTED_EDGE('',*,*,#5516,.F.);
#5516 = EDGE_CURVE('',#5483,#5509,#5517,.T.);
#5517 = CIRCLE('',#5518,2.4);
#5518 = AXIS2_PLACEMENT_3D('',#5519,#5520,#5521);
#5519 = CARTESIAN_POINT('',(-28.2778,-21.05,0.));
#5520 = DIRECTION('',(0.,-0.,1.));
#5521 = DIRECTION('',(-0.995180084663,9.80642600084E-02,0.));
#5522 = CYLINDRICAL_SURFACE('',#5523,2.4);
#5523 = AXIS2_PLACEMENT_3D('',#5524,#5525,#5526);
#5524 = CARTESIAN_POINT('',(-28.2778,-21.05,0.));
#5525 = DIRECTION('',(-0.,-0.,-1.));
#5526 = DIRECTION('',(-0.995180084663,9.80642600084E-02,0.));
#5527 = ADVANCED_FACE('',(#5528),#5546,.F.);
#5528 = FACE_BOUND('',#5529,.T.);
#5529 = EDGE_LOOP('',(#5530,#5538,#5539,#5540));
#5530 = ORIENTED_EDGE('',*,*,#5531,.T.);
#5531 = EDGE_CURVE('',#5532,#2109,#5534,.T.);
#5532 = VERTEX_POINT('',#5533);
#5533 = CARTESIAN_POINT('',(-10.6347,-23.45,0.));
#5534 = LINE('',#5535,#5536);
#5535 = CARTESIAN_POINT('',(-10.6347,-23.45,0.));
#5536 = VECTOR('',#5537,1.);
#5537 = DIRECTION('',(0.,0.,1.));
#5538 = ORIENTED_EDGE('',*,*,#2117,.T.);
#5539 = ORIENTED_EDGE('',*,*,#5508,.F.);
#5540 = ORIENTED_EDGE('',*,*,#5541,.F.);
#5541 = EDGE_CURVE('',#5532,#5509,#5542,.T.);
#5542 = LINE('',#5543,#5544);
#5543 = CARTESIAN_POINT('',(-10.6347,-23.45,0.));
#5544 = VECTOR('',#5545,1.);
#5545 = DIRECTION('',(-1.,-0.,-0.));
#5546 = PLANE('',#5547);
#5547 = AXIS2_PLACEMENT_3D('',#5548,#5549,#5550);
#5548 = CARTESIAN_POINT('',(-10.6347,-23.45,0.));
#5549 = DIRECTION('',(0.,1.,0.));
#5550 = DIRECTION('',(1.,0.,0.));
#5551 = ADVANCED_FACE('',(#5552),#5571,.T.);
#5552 = FACE_BOUND('',#5553,.F.);
#5553 = EDGE_LOOP('',(#5554,#5555,#5556,#5564));
#5554 = ORIENTED_EDGE('',*,*,#5531,.T.);
#5555 = ORIENTED_EDGE('',*,*,#2108,.T.);
#5556 = ORIENTED_EDGE('',*,*,#5557,.F.);
#5557 = EDGE_CURVE('',#5558,#2101,#5560,.T.);
#5558 = VERTEX_POINT('',#5559);
#5559 = CARTESIAN_POINT('',(-10.51670971876,-23.44709788985,0.));
#5560 = LINE('',#5561,#5562);
#5561 = CARTESIAN_POINT('',(-10.51670971876,-23.44709788985,0.));
#5562 = VECTOR('',#5563,1.);
#5563 = DIRECTION('',(0.,0.,1.));
#5564 = ORIENTED_EDGE('',*,*,#5565,.F.);
#5565 = EDGE_CURVE('',#5532,#5558,#5566,.T.);
#5566 = CIRCLE('',#5567,2.4);
#5567 = AXIS2_PLACEMENT_3D('',#5568,#5569,#5570);
#5568 = CARTESIAN_POINT('',(-10.6347,-21.05,0.));
#5569 = DIRECTION('',(0.,0.,1.));
#5570 = DIRECTION('',(-1.,-0.,-0.));
#5571 = CYLINDRICAL_SURFACE('',#5572,2.4);
#5572 = AXIS2_PLACEMENT_3D('',#5573,#5574,#5575);
#5573 = CARTESIAN_POINT('',(-10.6347,-21.05,0.));
#5574 = DIRECTION('',(-0.,-0.,-1.));
#5575 = DIRECTION('',(-1.,-0.,-0.));
#5576 = ADVANCED_FACE('',(#5577),#5595,.F.);
#5577 = FACE_BOUND('',#5578,.T.);
#5578 = EDGE_LOOP('',(#5579,#5587,#5588,#5589));
#5579 = ORIENTED_EDGE('',*,*,#5580,.T.);
#5580 = EDGE_CURVE('',#5581,#2092,#5583,.T.);
#5581 = VERTEX_POINT('',#5582);
#5582 = CARTESIAN_POINT('',(-10.12460971876,-23.42779788985,0.));
#5583 = LINE('',#5584,#5585);
#5584 = CARTESIAN_POINT('',(-10.12460971876,-23.42779788985,0.));
#5585 = VECTOR('',#5586,1.);
#5586 = DIRECTION('',(0.,0.,1.));
#5587 = ORIENTED_EDGE('',*,*,#2100,.T.);
#5588 = ORIENTED_EDGE('',*,*,#5557,.F.);
#5589 = ORIENTED_EDGE('',*,*,#5590,.F.);
#5590 = EDGE_CURVE('',#5581,#5558,#5591,.T.);
#5591 = LINE('',#5592,#5593);
#5592 = CARTESIAN_POINT('',(-10.12460971876,-23.42779788985,0.));
#5593 = VECTOR('',#5594,1.);
#5594 = DIRECTION('',(-0.998790787438,-4.916261718327E-02,-0.));
#5595 = PLANE('',#5596);
#5596 = AXIS2_PLACEMENT_3D('',#5597,#5598,#5599);
#5597 = CARTESIAN_POINT('',(-10.12460971876,-23.42779788985,0.));
#5598 = DIRECTION('',(-4.916261718327E-02,0.998790787438,0.));
#5599 = DIRECTION('',(0.998790787438,4.916261718327E-02,0.));
#5600 = ADVANCED_FACE('',(#5601),#5620,.T.);
#5601 = FACE_BOUND('',#5602,.F.);
#5602 = EDGE_LOOP('',(#5603,#5604,#5605,#5613));
#5603 = ORIENTED_EDGE('',*,*,#5580,.T.);
#5604 = ORIENTED_EDGE('',*,*,#2091,.T.);
#5605 = ORIENTED_EDGE('',*,*,#5606,.F.);
#5606 = EDGE_CURVE('',#5607,#2084,#5609,.T.);
#5607 = VERTEX_POINT('',#5608);
#5608 = CARTESIAN_POINT('',(-9.774588094291,-23.3846254143,0.));
#5609 = LINE('',#5610,#5611);
#5610 = CARTESIAN_POINT('',(-9.774588094291,-23.3846254143,0.));
#5611 = VECTOR('',#5612,1.);
#5612 = DIRECTION('',(0.,0.,1.));
#5613 = ORIENTED_EDGE('',*,*,#5614,.F.);
#5614 = EDGE_CURVE('',#5581,#5607,#5615,.T.);
#5615 = CIRCLE('',#5616,2.4);
#5616 = AXIS2_PLACEMENT_3D('',#5617,#5618,#5619);
#5617 = CARTESIAN_POINT('',(-10.2426,-21.0307,0.));
#5618 = DIRECTION('',(-0.,0.,1.));
#5619 = DIRECTION('',(-0.998790787438,-4.916261718327E-02,-0.));
#5620 = CYLINDRICAL_SURFACE('',#5621,2.4);
#5621 = AXIS2_PLACEMENT_3D('',#5622,#5623,#5624);
#5622 = CARTESIAN_POINT('',(-10.2426,-21.0307,0.));
#5623 = DIRECTION('',(-0.,-0.,-1.));
#5624 = DIRECTION('',(-0.998790787438,-4.916261718327E-02,-0.));
#5625 = ADVANCED_FACE('',(#5626),#5644,.F.);
#5626 = FACE_BOUND('',#5627,.T.);
#5627 = EDGE_LOOP('',(#5628,#5636,#5637,#5638));
#5628 = ORIENTED_EDGE('',*,*,#5629,.T.);
#5629 = EDGE_CURVE('',#5630,#2075,#5632,.T.);
#5630 = VERTEX_POINT('',#5631);
#5631 = CARTESIAN_POINT('',(-9.005558094291,-23.2317254143,0.));
#5632 = LINE('',#5633,#5634);
#5633 = CARTESIAN_POINT('',(-9.005558094291,-23.2317254143,0.));
#5634 = VECTOR('',#5635,1.);
#5635 = DIRECTION('',(0.,0.,1.));
#5636 = ORIENTED_EDGE('',*,*,#2083,.T.);
#5637 = ORIENTED_EDGE('',*,*,#5606,.F.);
#5638 = ORIENTED_EDGE('',*,*,#5639,.F.);
#5639 = EDGE_CURVE('',#5630,#5607,#5640,.T.);
#5640 = LINE('',#5641,#5642);
#5641 = CARTESIAN_POINT('',(-9.005558094291,-23.2317254143,0.));
#5642 = VECTOR('',#5643,1.);
#5643 = DIRECTION('',(-0.980802255961,-0.195004960712,-0.));
#5644 = PLANE('',#5645);
#5645 = AXIS2_PLACEMENT_3D('',#5646,#5647,#5648);
#5646 = CARTESIAN_POINT('',(-9.005558094291,-23.2317254143,0.));
#5647 = DIRECTION('',(-0.195004960712,0.980802255961,0.));
#5648 = DIRECTION('',(0.980802255961,0.195004960712,0.));
#5649 = ADVANCED_FACE('',(#5650),#5669,.T.);
#5650 = FACE_BOUND('',#5651,.F.);
#5651 = EDGE_LOOP('',(#5652,#5653,#5654,#5662));
#5652 = ORIENTED_EDGE('',*,*,#5629,.T.);
#5653 = ORIENTED_EDGE('',*,*,#2074,.T.);
#5654 = ORIENTED_EDGE('',*,*,#5655,.F.);
#5655 = EDGE_CURVE('',#5656,#2067,#5658,.T.);
#5656 = VERTEX_POINT('',#5657);
#5657 = CARTESIAN_POINT('',(-8.555069716732,-23.09508600537,0.));
#5658 = LINE('',#5659,#5660);
#5659 = CARTESIAN_POINT('',(-8.555069716732,-23.09508600537,0.));
#5660 = VECTOR('',#5661,1.);
#5661 = DIRECTION('',(0.,0.,1.));
#5662 = ORIENTED_EDGE('',*,*,#5663,.F.);
#5663 = EDGE_CURVE('',#5630,#5656,#5664,.T.);
#5664 = CIRCLE('',#5665,2.4);
#5665 = AXIS2_PLACEMENT_3D('',#5666,#5667,#5668);
#5666 = CARTESIAN_POINT('',(-9.47357,-20.8778,0.));
#5667 = DIRECTION('',(-0.,0.,1.));
#5668 = DIRECTION('',(-0.980802255961,-0.195004960712,-0.));
#5669 = CYLINDRICAL_SURFACE('',#5670,2.4);
#5670 = AXIS2_PLACEMENT_3D('',#5671,#5672,#5673);
#5671 = CARTESIAN_POINT('',(-9.47357,-20.8778,0.));
#5672 = DIRECTION('',(-0.,-0.,-1.));
#5673 = DIRECTION('',(-0.980802255961,-0.195004960712,-0.));
#5674 = ADVANCED_FACE('',(#5675),#5693,.F.);
#5675 = FACE_BOUND('',#5676,.T.);
#5676 = EDGE_LOOP('',(#5677,#5685,#5686,#5687));
#5677 = ORIENTED_EDGE('',*,*,#5678,.T.);
#5678 = EDGE_CURVE('',#5679,#2058,#5681,.T.);
#5679 = VERTEX_POINT('',#5680);
#5680 = CARTESIAN_POINT('',(-7.830619716732,-22.79498600537,0.));
#5681 = LINE('',#5682,#5683);
#5682 = CARTESIAN_POINT('',(-7.830619716732,-22.79498600537,0.));
#5683 = VECTOR('',#5684,1.);
#5684 = DIRECTION('',(0.,0.,1.));
#5685 = ORIENTED_EDGE('',*,*,#2066,.T.);
#5686 = ORIENTED_EDGE('',*,*,#5655,.F.);
#5687 = ORIENTED_EDGE('',*,*,#5688,.F.);
#5688 = EDGE_CURVE('',#5679,#5656,#5689,.T.);
#5689 = LINE('',#5690,#5691);
#5690 = CARTESIAN_POINT('',(-7.830619716732,-22.79498600537,0.));
#5691 = VECTOR('',#5692,1.);
#5692 = DIRECTION('',(-0.923869168907,-0.382708451362,-0.));
#5693 = PLANE('',#5694);
#5694 = AXIS2_PLACEMENT_3D('',#5695,#5696,#5697);
#5695 = CARTESIAN_POINT('',(-7.830619716732,-22.79498600537,0.));
#5696 = DIRECTION('',(-0.382708451362,0.923869168907,0.));
#5697 = DIRECTION('',(0.923869168907,0.382708451362,0.));
#5698 = ADVANCED_FACE('',(#5699),#5718,.T.);
#5699 = FACE_BOUND('',#5700,.F.);
#5700 = EDGE_LOOP('',(#5701,#5702,#5703,#5711));
#5701 = ORIENTED_EDGE('',*,*,#5678,.T.);
#5702 = ORIENTED_EDGE('',*,*,#2057,.T.);
#5703 = ORIENTED_EDGE('',*,*,#5704,.F.);
#5704 = EDGE_CURVE('',#5705,#2050,#5707,.T.);
#5705 = VERTEX_POINT('',#5706);
#5706 = CARTESIAN_POINT('',(-7.415622602227,-22.57314097635,0.));
#5707 = LINE('',#5708,#5709);
#5708 = CARTESIAN_POINT('',(-7.415622602227,-22.57314097635,0.));
#5709 = VECTOR('',#5710,1.);
#5710 = DIRECTION('',(0.,0.,1.));
#5711 = ORIENTED_EDGE('',*,*,#5712,.F.);
#5712 = EDGE_CURVE('',#5679,#5705,#5713,.T.);
#5713 = CIRCLE('',#5714,2.4);
#5714 = AXIS2_PLACEMENT_3D('',#5715,#5716,#5717);
#5715 = CARTESIAN_POINT('',(-8.74912,-20.5777,0.));
#5716 = DIRECTION('',(-0.,0.,1.));
#5717 = DIRECTION('',(-0.923869168907,-0.382708451362,-0.));
#5718 = CYLINDRICAL_SURFACE('',#5719,2.4);
#5719 = AXIS2_PLACEMENT_3D('',#5720,#5721,#5722);
#5720 = CARTESIAN_POINT('',(-8.74912,-20.5777,0.));
#5721 = DIRECTION('',(-0.,-0.,-1.));
#5722 = DIRECTION('',(-0.923869168907,-0.382708451362,-0.));
#5723 = ADVANCED_FACE('',(#5724),#5742,.F.);
#5724 = FACE_BOUND('',#5725,.T.);
#5725 = EDGE_LOOP('',(#5726,#5734,#5735,#5736));
#5726 = ORIENTED_EDGE('',*,*,#5727,.T.);
#5727 = EDGE_CURVE('',#5728,#2041,#5730,.T.);
#5728 = VERTEX_POINT('',#5729);
#5729 = CARTESIAN_POINT('',(-6.763642602227,-22.13744097635,0.));
#5730 = LINE('',#5731,#5732);
#5731 = CARTESIAN_POINT('',(-6.763642602227,-22.13744097635,0.));
#5732 = VECTOR('',#5733,1.);
#5733 = DIRECTION('',(0.,0.,1.));
#5734 = ORIENTED_EDGE('',*,*,#2049,.T.);
#5735 = ORIENTED_EDGE('',*,*,#5704,.F.);
#5736 = ORIENTED_EDGE('',*,*,#5737,.F.);
#5737 = EDGE_CURVE('',#5728,#5705,#5738,.T.);
#5738 = LINE('',#5739,#5740);
#5739 = CARTESIAN_POINT('',(-6.763642602227,-22.13744097635,0.));
#5740 = VECTOR('',#5741,1.);
#5741 = DIRECTION('',(-0.83143374015,-0.555623915739,-0.));
#5742 = PLANE('',#5743);
#5743 = AXIS2_PLACEMENT_3D('',#5744,#5745,#5746);
#5744 = CARTESIAN_POINT('',(-6.763642602227,-22.13744097635,0.));
#5745 = DIRECTION('',(-0.555623915739,0.83143374015,0.));
#5746 = DIRECTION('',(0.83143374015,0.555623915739,0.));
#5747 = ADVANCED_FACE('',(#5748),#5767,.T.);
#5748 = FACE_BOUND('',#5749,.F.);
#5749 = EDGE_LOOP('',(#5750,#5751,#5752,#5760));
#5750 = ORIENTED_EDGE('',*,*,#5727,.T.);
#5751 = ORIENTED_EDGE('',*,*,#2040,.T.);
#5752 = ORIENTED_EDGE('',*,*,#5753,.F.);
#5753 = EDGE_CURVE('',#5754,#2033,#5756,.T.);
#5754 = VERTEX_POINT('',#5755);
#5755 = CARTESIAN_POINT('',(-6.400190859161,-21.83916340209,0.));
#5756 = LINE('',#5757,#5758);
#5757 = CARTESIAN_POINT('',(-6.400190859161,-21.83916340209,0.));
#5758 = VECTOR('',#5759,1.);
#5759 = DIRECTION('',(0.,0.,1.));
#5760 = ORIENTED_EDGE('',*,*,#5761,.F.);
#5761 = EDGE_CURVE('',#5728,#5754,#5762,.T.);
#5762 = CIRCLE('',#5763,2.4);
#5763 = AXIS2_PLACEMENT_3D('',#5764,#5765,#5766);
#5764 = CARTESIAN_POINT('',(-8.09714,-20.142,0.));
#5765 = DIRECTION('',(-0.,0.,1.));
#5766 = DIRECTION('',(-0.83143374015,-0.555623915739,-0.));
#5767 = CYLINDRICAL_SURFACE('',#5768,2.4);
#5768 = AXIS2_PLACEMENT_3D('',#5769,#5770,#5771);
#5769 = CARTESIAN_POINT('',(-8.09714,-20.142,0.));
#5770 = DIRECTION('',(-0.,-0.,-1.));
#5771 = DIRECTION('',(-0.83143374015,-0.555623915739,-0.));
#5772 = ADVANCED_FACE('',(#5773),#5791,.F.);
#5773 = FACE_BOUND('',#5774,.T.);
#5774 = EDGE_LOOP('',(#5775,#5783,#5784,#5785));
#5775 = ORIENTED_EDGE('',*,*,#5776,.T.);
#5776 = EDGE_CURVE('',#5777,#2024,#5779,.T.);
#5777 = VERTEX_POINT('',#5778);
#5778 = CARTESIAN_POINT('',(-5.845720859161,-21.28476340209,0.));
#5779 = LINE('',#5780,#5781);
#5780 = CARTESIAN_POINT('',(-5.845720859161,-21.28476340209,0.));
#5781 = VECTOR('',#5782,1.);
#5782 = DIRECTION('',(0.,0.,1.));
#5783 = ORIENTED_EDGE('',*,*,#2032,.T.);
#5784 = ORIENTED_EDGE('',*,*,#5753,.F.);
#5785 = ORIENTED_EDGE('',*,*,#5786,.F.);
#5786 = EDGE_CURVE('',#5777,#5754,#5787,.T.);
#5787 = LINE('',#5788,#5789);
#5788 = CARTESIAN_POINT('',(-5.845720859161,-21.28476340209,0.));
#5789 = VECTOR('',#5790,1.);
#5790 = DIRECTION('',(-0.707151417539,-0.707062142016,-0.));
#5791 = PLANE('',#5792);
#5792 = AXIS2_PLACEMENT_3D('',#5793,#5794,#5795);
#5793 = CARTESIAN_POINT('',(-5.845720859161,-21.28476340209,0.));
#5794 = DIRECTION('',(-0.707062142016,0.707151417539,0.));
#5795 = DIRECTION('',(0.707151417539,0.707062142016,0.));
#5796 = ADVANCED_FACE('',(#5797),#5816,.T.);
#5797 = FACE_BOUND('',#5798,.F.);
#5798 = EDGE_LOOP('',(#5799,#5800,#5801,#5809));
#5799 = ORIENTED_EDGE('',*,*,#5776,.T.);
#5800 = ORIENTED_EDGE('',*,*,#2023,.T.);
#5801 = ORIENTED_EDGE('',*,*,#5802,.F.);
#5802 = EDGE_CURVE('',#5803,#2016,#5805,.T.);
#5803 = VERTEX_POINT('',#5804);
#5804 = CARTESIAN_POINT('',(-5.547125297387,-20.92094216909,0.));
#5805 = LINE('',#5806,#5807);
#5806 = CARTESIAN_POINT('',(-5.547125297387,-20.92094216909,0.));
#5807 = VECTOR('',#5808,1.);
#5808 = DIRECTION('',(0.,0.,1.));
#5809 = ORIENTED_EDGE('',*,*,#5810,.F.);
#5810 = EDGE_CURVE('',#5777,#5803,#5811,.T.);
#5811 = CIRCLE('',#5812,2.4);
#5812 = AXIS2_PLACEMENT_3D('',#5813,#5814,#5815);
#5813 = CARTESIAN_POINT('',(-7.54267,-19.5876,0.));
#5814 = DIRECTION('',(-0.,0.,1.));
#5815 = DIRECTION('',(-0.707151417539,-0.707062142016,-0.));
#5816 = CYLINDRICAL_SURFACE('',#5817,2.4);
#5817 = AXIS2_PLACEMENT_3D('',#5818,#5819,#5820);
#5818 = CARTESIAN_POINT('',(-7.54267,-19.5876,0.));
#5819 = DIRECTION('',(-0.,-0.,-1.));
#5820 = DIRECTION('',(-0.707151417539,-0.707062142016,-0.));
#5821 = ADVANCED_FACE('',(#5822),#5840,.F.);
#5822 = FACE_BOUND('',#5823,.T.);
#5823 = EDGE_LOOP('',(#5824,#5832,#5833,#5834));
#5824 = ORIENTED_EDGE('',*,*,#5825,.T.);
#5825 = EDGE_CURVE('',#5826,#2007,#5828,.T.);
#5826 = VERTEX_POINT('',#5827);
#5827 = CARTESIAN_POINT('',(-5.111485297387,-20.26894216909,0.));
#5828 = LINE('',#5829,#5830);
#5829 = CARTESIAN_POINT('',(-5.111485297387,-20.26894216909,0.));
#5830 = VECTOR('',#5831,1.);
#5831 = DIRECTION('',(0.,0.,1.));
#5832 = ORIENTED_EDGE('',*,*,#2015,.T.);
#5833 = ORIENTED_EDGE('',*,*,#5802,.F.);
#5834 = ORIENTED_EDGE('',*,*,#5835,.F.);
#5835 = EDGE_CURVE('',#5826,#5803,#5836,.T.);
#5836 = LINE('',#5837,#5838);
#5837 = CARTESIAN_POINT('',(-5.111485297387,-20.26894216909,0.));
#5838 = VECTOR('',#5839,1.);
#5839 = DIRECTION('',(-0.555559237121,-0.831476959422,-0.));
#5840 = PLANE('',#5841);
#5841 = AXIS2_PLACEMENT_3D('',#5842,#5843,#5844);
#5842 = CARTESIAN_POINT('',(-5.111485297387,-20.26894216909,0.));
#5843 = DIRECTION('',(-0.831476959422,0.555559237121,0.));
#5844 = DIRECTION('',(0.555559237121,0.831476959422,0.));
#5845 = ADVANCED_FACE('',(#5846),#5865,.T.);
#5846 = FACE_BOUND('',#5847,.F.);
#5847 = EDGE_LOOP('',(#5848,#5849,#5850,#5858));
#5848 = ORIENTED_EDGE('',*,*,#5825,.T.);
#5849 = ORIENTED_EDGE('',*,*,#2006,.T.);
#5850 = ORIENTED_EDGE('',*,*,#5851,.F.);
#5851 = EDGE_CURVE('',#5852,#1999,#5854,.T.);
#5852 = VERTEX_POINT('',#5853);
#5853 = CARTESIAN_POINT('',(-4.88969994212,-19.85399393204,0.));
#5854 = LINE('',#5855,#5856);
#5855 = CARTESIAN_POINT('',(-4.88969994212,-19.85399393204,0.));
#5856 = VECTOR('',#5857,1.);
#5857 = DIRECTION('',(0.,0.,1.));
#5858 = ORIENTED_EDGE('',*,*,#5859,.F.);
#5859 = EDGE_CURVE('',#5826,#5852,#5860,.T.);
#5860 = CIRCLE('',#5861,2.4);
#5861 = AXIS2_PLACEMENT_3D('',#5862,#5863,#5864);
#5862 = CARTESIAN_POINT('',(-7.10703,-18.9356,0.));
#5863 = DIRECTION('',(-0.,0.,1.));
#5864 = DIRECTION('',(-0.555559237121,-0.831476959422,-0.));
#5865 = CYLINDRICAL_SURFACE('',#5866,2.4);
#5866 = AXIS2_PLACEMENT_3D('',#5867,#5868,#5869);
#5867 = CARTESIAN_POINT('',(-7.10703,-18.9356,0.));
#5868 = DIRECTION('',(-0.,-0.,-1.));
#5869 = DIRECTION('',(-0.555559237121,-0.831476959422,-0.));
#5870 = ADVANCED_FACE('',(#5871),#5889,.F.);
#5871 = FACE_BOUND('',#5872,.T.);
#5872 = EDGE_LOOP('',(#5873,#5881,#5882,#5883));
#5873 = ORIENTED_EDGE('',*,*,#5874,.T.);
#5874 = EDGE_CURVE('',#5875,#1990,#5877,.T.);
#5875 = VERTEX_POINT('',#5876);
#5876 = CARTESIAN_POINT('',(-4.58961994212,-19.12949393204,0.));
#5877 = LINE('',#5878,#5879);
#5878 = CARTESIAN_POINT('',(-4.58961994212,-19.12949393204,0.));
#5879 = VECTOR('',#5880,1.);
#5880 = DIRECTION('',(0.,0.,1.));
#5881 = ORIENTED_EDGE('',*,*,#1998,.T.);
#5882 = ORIENTED_EDGE('',*,*,#5851,.F.);
#5883 = ORIENTED_EDGE('',*,*,#5884,.F.);
#5884 = EDGE_CURVE('',#5875,#5852,#5885,.T.);
#5885 = LINE('',#5886,#5887);
#5886 = CARTESIAN_POINT('',(-4.58961994212,-19.12949393204,0.));
#5887 = VECTOR('',#5888,1.);
#5888 = DIRECTION('',(-0.382664138353,-0.923887524117,-0.));
#5889 = PLANE('',#5890);
#5890 = AXIS2_PLACEMENT_3D('',#5891,#5892,#5893);
#5891 = CARTESIAN_POINT('',(-4.58961994212,-19.12949393204,0.));
#5892 = DIRECTION('',(-0.923887524117,0.382664138353,0.));
#5893 = DIRECTION('',(0.382664138353,0.923887524117,0.));
#5894 = ADVANCED_FACE('',(#5895),#5914,.T.);
#5895 = FACE_BOUND('',#5896,.F.);
#5896 = EDGE_LOOP('',(#5897,#5898,#5899,#5907));
#5897 = ORIENTED_EDGE('',*,*,#5874,.T.);
#5898 = ORIENTED_EDGE('',*,*,#1989,.T.);
#5899 = ORIENTED_EDGE('',*,*,#5900,.F.);
#5900 = EDGE_CURVE('',#5901,#1982,#5903,.T.);
#5901 = VERTEX_POINT('',#5902);
#5902 = CARTESIAN_POINT('',(-4.510291064249,-18.90777620372,0.));
#5903 = LINE('',#5904,#5905);
#5904 = CARTESIAN_POINT('',(-4.510291064249,-18.90777620372,0.));
#5905 = VECTOR('',#5906,1.);
#5906 = DIRECTION('',(0.,0.,1.));
#5907 = ORIENTED_EDGE('',*,*,#5908,.F.);
#5908 = EDGE_CURVE('',#5875,#5901,#5909,.T.);
#5909 = CIRCLE('',#5910,2.4);
#5910 = AXIS2_PLACEMENT_3D('',#5911,#5912,#5913);
#5911 = CARTESIAN_POINT('',(-6.80695,-18.2111,0.));
#5912 = DIRECTION('',(-0.,0.,1.));
#5913 = DIRECTION('',(-0.382664138353,-0.923887524117,-0.));
#5914 = CYLINDRICAL_SURFACE('',#5915,2.4);
#5915 = AXIS2_PLACEMENT_3D('',#5916,#5917,#5918);
#5916 = CARTESIAN_POINT('',(-6.80695,-18.2111,0.));
#5917 = DIRECTION('',(-0.,-0.,-1.));
#5918 = DIRECTION('',(-0.382664138353,-0.923887524117,-0.));
#5919 = ADVANCED_FACE('',(#5920),#5938,.F.);
#5920 = FACE_BOUND('',#5921,.T.);
#5921 = EDGE_LOOP('',(#5922,#5930,#5931,#5932));
#5922 = ORIENTED_EDGE('',*,*,#5923,.T.);
#5923 = EDGE_CURVE('',#5924,#1974,#5926,.T.);
#5924 = VERTEX_POINT('',#5925);
#5925 = CARTESIAN_POINT('',(-4.195125693302,-17.86880377786,0.));
#5926 = LINE('',#5927,#5928);
#5927 = CARTESIAN_POINT('',(-4.195125693302,-17.86880377786,0.));
#5928 = VECTOR('',#5929,1.);
#5929 = DIRECTION('',(0.,0.,1.));
#5930 = ORIENTED_EDGE('',*,*,#1981,.T.);
#5931 = ORIENTED_EDGE('',*,*,#5900,.F.);
#5932 = ORIENTED_EDGE('',*,*,#5933,.F.);
#5933 = EDGE_CURVE('',#5924,#5901,#5934,.T.);
#5934 = LINE('',#5935,#5936);
#5935 = CARTESIAN_POINT('',(-4.126501064249,-17.64257620372,0.));
#5936 = VECTOR('',#5937,1.);
#5937 = DIRECTION('',(-0.290281751552,-0.95694122323,-0.));
#5938 = PLANE('',#5939);
#5939 = AXIS2_PLACEMENT_3D('',#5940,#5941,#5942);
#5940 = CARTESIAN_POINT('',(-4.195125693302,-17.86880377786,0.));
#5941 = DIRECTION('',(-0.95694122323,0.290281751552,0.));
#5942 = DIRECTION('',(0.290281751552,0.95694122323,0.));
#5943 = ADVANCED_FACE('',(#5944),#5962,.F.);
#5944 = FACE_BOUND('',#5945,.T.);
#5945 = EDGE_LOOP('',(#5946,#5954,#5955,#5956));
#5946 = ORIENTED_EDGE('',*,*,#5947,.T.);
#5947 = EDGE_CURVE('',#5948,#1966,#5950,.T.);
#5948 = VERTEX_POINT('',#5949);
#5949 = CARTESIAN_POINT('',(-3.68048160152,-16.90601807829,0.));
#5950 = LINE('',#5951,#5952);
#5951 = CARTESIAN_POINT('',(-3.68048160152,-16.90601807829,0.));
#5952 = VECTOR('',#5953,1.);
#5953 = DIRECTION('',(0.,0.,1.));
#5954 = ORIENTED_EDGE('',*,*,#1973,.T.);
#5955 = ORIENTED_EDGE('',*,*,#5923,.F.);
#5956 = ORIENTED_EDGE('',*,*,#5957,.F.);
#5957 = EDGE_CURVE('',#5948,#5924,#5958,.T.);
#5958 = LINE('',#5959,#5960);
#5959 = CARTESIAN_POINT('',(-3.569071279035,-16.69759391296,0.));
#5960 = VECTOR('',#5961,1.);
#5961 = DIRECTION('',(-0.4714141304,-0.881911967069,-0.));
#5962 = PLANE('',#5963);
#5963 = AXIS2_PLACEMENT_3D('',#5964,#5965,#5966);
#5964 = CARTESIAN_POINT('',(-3.68048160152,-16.90601807829,0.));
#5965 = DIRECTION('',(-0.881911967069,0.4714141304,0.));
#5966 = DIRECTION('',(0.4714141304,0.881911967069,0.));
#5967 = ADVANCED_FACE('',(#5968),#5986,.F.);
#5968 = FACE_BOUND('',#5969,.T.);
#5969 = EDGE_LOOP('',(#5970,#5978,#5979,#5980));
#5970 = ORIENTED_EDGE('',*,*,#5971,.T.);
#5971 = EDGE_CURVE('',#5972,#1958,#5974,.T.);
#5972 = VERTEX_POINT('',#5973);
#5973 = CARTESIAN_POINT('',(-2.987882899771,-16.06205101575,0.));
#5974 = LINE('',#5975,#5976);
#5975 = CARTESIAN_POINT('',(-2.987882899771,-16.06205101575,0.));
#5976 = VECTOR('',#5977,1.);
#5977 = DIRECTION('',(0.,0.,1.));
#5978 = ORIENTED_EDGE('',*,*,#1965,.T.);
#5979 = ORIENTED_EDGE('',*,*,#5947,.F.);
#5980 = ORIENTED_EDGE('',*,*,#5981,.F.);
#5981 = EDGE_CURVE('',#5972,#5948,#5982,.T.);
#5982 = LINE('',#5983,#5984);
#5983 = CARTESIAN_POINT('',(-2.837915626432,-15.87930819681,0.));
#5984 = VECTOR('',#5985,1.);
#5985 = DIRECTION('',(-0.634378415338,-0.773022655653,-0.));
#5986 = PLANE('',#5987);
#5987 = AXIS2_PLACEMENT_3D('',#5988,#5989,#5990);
#5988 = CARTESIAN_POINT('',(-2.987882899771,-16.06205101575,0.));
#5989 = DIRECTION('',(-0.773022655653,0.634378415338,0.));
#5990 = DIRECTION('',(0.634378415338,0.773022655653,0.));
#5991 = ADVANCED_FACE('',(#5992),#6010,.F.);
#5992 = FACE_BOUND('',#5993,.T.);
#5993 = EDGE_LOOP('',(#5994,#6002,#6003,#6004));
#5994 = ORIENTED_EDGE('',*,*,#5995,.T.);
#5995 = EDGE_CURVE('',#5996,#1950,#5998,.T.);
#5996 = VERTEX_POINT('',#5997);
#5997 = CARTESIAN_POINT('',(-2.14398342146,-15.36947789259,0.));
#5998 = LINE('',#5999,#6000);
#5999 = CARTESIAN_POINT('',(-2.14398342146,-15.36947789259,0.));
#6000 = VECTOR('',#6001,1.);
#6001 = DIRECTION('',(0.,0.,1.));
#6002 = ORIENTED_EDGE('',*,*,#1957,.T.);
#6003 = ORIENTED_EDGE('',*,*,#5971,.F.);
#6004 = ORIENTED_EDGE('',*,*,#6005,.F.);
#6005 = EDGE_CURVE('',#5996,#5972,#6006,.T.);
#6006 = LINE('',#6007,#6008);
#6007 = CARTESIAN_POINT('',(-1.961262545283,-15.219522156,0.));
#6008 = VECTOR('',#6009,1.);
#6009 = DIRECTION('',(-0.773009231669,-0.634394772799,-0.));
#6010 = PLANE('',#6011);
#6011 = AXIS2_PLACEMENT_3D('',#6012,#6013,#6014);
#6012 = CARTESIAN_POINT('',(-2.14398342146,-15.36947789259,0.));
#6013 = DIRECTION('',(-0.634394772799,0.773009231669,0.));
#6014 = DIRECTION('',(0.773009231669,0.634394772799,0.));
#6015 = ADVANCED_FACE('',(#6016),#6034,.F.);
#6016 = FACE_BOUND('',#6017,.T.);
#6017 = EDGE_LOOP('',(#6018,#6026,#6027,#6028));
#6018 = ORIENTED_EDGE('',*,*,#6019,.T.);
#6019 = EDGE_CURVE('',#6020,#1942,#6022,.T.);
#6020 = VERTEX_POINT('',#6021);
#6021 = CARTESIAN_POINT('',(-1.181199355165,-14.85485332373,0.));
#6022 = LINE('',#6023,#6024);
#6023 = CARTESIAN_POINT('',(-1.181199355165,-14.85485332373,0.));
#6024 = VECTOR('',#6025,1.);
#6025 = DIRECTION('',(0.,0.,1.));
#6026 = ORIENTED_EDGE('',*,*,#1949,.T.);
#6027 = ORIENTED_EDGE('',*,*,#5995,.F.);
#6028 = ORIENTED_EDGE('',*,*,#6029,.F.);
#6029 = EDGE_CURVE('',#6020,#5996,#6030,.T.);
#6030 = LINE('',#6031,#6032);
#6031 = CARTESIAN_POINT('',(-0.972697975911,-14.74340576642,0.));
#6032 = VECTOR('',#6033,1.);
#6033 = DIRECTION('',(-0.881919069342,-0.47140084337,-0.));
#6034 = PLANE('',#6035);
#6035 = AXIS2_PLACEMENT_3D('',#6036,#6037,#6038);
#6036 = CARTESIAN_POINT('',(-1.181199355165,-14.85485332373,0.));
#6037 = DIRECTION('',(-0.47140084337,0.881919069342,0.));
#6038 = DIRECTION('',(0.881919069342,0.47140084337,0.));
#6039 = ADVANCED_FACE('',(#6040),#6058,.F.);
#6040 = FACE_BOUND('',#6041,.T.);
#6041 = EDGE_LOOP('',(#6042,#6050,#6051,#6052));
#6042 = ORIENTED_EDGE('',*,*,#6043,.T.);
#6043 = EDGE_CURVE('',#6044,#1934,#6046,.T.);
#6044 = VERTEX_POINT('',#6045);
#6045 = CARTESIAN_POINT('',(-0.13649766189,-14.53797741729,0.));
#6046 = LINE('',#6047,#6048);
#6047 = CARTESIAN_POINT('',(-0.13649766189,-14.53797741729,0.));
#6048 = VECTOR('',#6049,1.);
#6049 = DIRECTION('',(0.,0.,1.));
#6050 = ORIENTED_EDGE('',*,*,#1941,.T.);
#6051 = ORIENTED_EDGE('',*,*,#6019,.F.);
#6052 = ORIENTED_EDGE('',*,*,#6053,.F.);
#6053 = EDGE_CURVE('',#6044,#6020,#6054,.T.);
#6054 = LINE('',#6055,#6056);
#6055 = CARTESIAN_POINT('',(8.967404369629E-02,-14.46937566745,0.));
#6056 = VECTOR('',#6057,1.);
#6057 = DIRECTION('',(-0.956948194773,-0.290258768207,-0.));
#6058 = PLANE('',#6059);
#6059 = AXIS2_PLACEMENT_3D('',#6060,#6061,#6062);
#6060 = CARTESIAN_POINT('',(-0.13649766189,-14.53797741729,0.));
#6061 = DIRECTION('',(-0.290258768207,0.956948194773,0.));
#6062 = DIRECTION('',(0.956948194773,0.290258768207,0.));
#6063 = ADVANCED_FACE('',(#6064),#6082,.F.);
#6064 = FACE_BOUND('',#6065,.T.);
#6065 = EDGE_LOOP('',(#6066,#6074,#6075,#6076));
#6066 = ORIENTED_EDGE('',*,*,#6067,.T.);
#6067 = EDGE_CURVE('',#6068,#1926,#6070,.T.);
#6068 = VERTEX_POINT('',#6069);
#6069 = CARTESIAN_POINT('',(1.264414140054,-14.4,0.));
#6070 = LINE('',#6071,#6072);
#6071 = CARTESIAN_POINT('',(1.264414140054,-14.4,0.));
#6072 = VECTOR('',#6073,1.);
#6073 = DIRECTION('',(0.,0.,1.));
#6074 = ORIENTED_EDGE('',*,*,#1933,.T.);
#6075 = ORIENTED_EDGE('',*,*,#6043,.F.);
#6076 = ORIENTED_EDGE('',*,*,#6077,.F.);
#6077 = EDGE_CURVE('',#6068,#6044,#6078,.T.);
#6078 = LINE('',#6079,#6080);
#6079 = CARTESIAN_POINT('',(1.381750542324,-14.38844340256,0.));
#6080 = VECTOR('',#6081,1.);
#6081 = DIRECTION('',(-0.995184751068,-9.80168926352E-02,-0.));
#6082 = PLANE('',#6083);
#6083 = AXIS2_PLACEMENT_3D('',#6084,#6085,#6086);
#6084 = CARTESIAN_POINT('',(1.264414140054,-14.4,0.));
#6085 = DIRECTION('',(-9.80168926352E-02,0.995184751068,0.));
#6086 = DIRECTION('',(0.995184751068,9.80168926352E-02,0.));
#6087 = ADVANCED_FACE('',(#6088),#6106,.F.);
#6088 = FACE_BOUND('',#6089,.T.);
#6089 = EDGE_LOOP('',(#6090,#6098,#6099,#6100));
#6090 = ORIENTED_EDGE('',*,*,#6091,.T.);
#6091 = EDGE_CURVE('',#6092,#1917,#6094,.T.);
#6092 = VERTEX_POINT('',#6093);
#6093 = CARTESIAN_POINT('',(8.,-14.4,0.));
#6094 = LINE('',#6095,#6096);
#6095 = CARTESIAN_POINT('',(8.,-14.4,0.));
#6096 = VECTOR('',#6097,1.);
#6097 = DIRECTION('',(0.,0.,1.));
#6098 = ORIENTED_EDGE('',*,*,#1925,.T.);
#6099 = ORIENTED_EDGE('',*,*,#6067,.F.);
#6100 = ORIENTED_EDGE('',*,*,#6101,.F.);
#6101 = EDGE_CURVE('',#6092,#6068,#6102,.T.);
#6102 = LINE('',#6103,#6104);
#6103 = CARTESIAN_POINT('',(8.,-14.4,0.));
#6104 = VECTOR('',#6105,1.);
#6105 = DIRECTION('',(-1.,-0.,-0.));
#6106 = PLANE('',#6107);
#6107 = AXIS2_PLACEMENT_3D('',#6108,#6109,#6110);
#6108 = CARTESIAN_POINT('',(8.,-14.4,0.));
#6109 = DIRECTION('',(0.,1.,0.));
#6110 = DIRECTION('',(1.,0.,0.));
#6111 = ADVANCED_FACE('',(#6112),#6131,.T.);
#6112 = FACE_BOUND('',#6113,.F.);
#6113 = EDGE_LOOP('',(#6114,#6115,#6116,#6124));
#6114 = ORIENTED_EDGE('',*,*,#6091,.T.);
#6115 = ORIENTED_EDGE('',*,*,#1916,.T.);
#6116 = ORIENTED_EDGE('',*,*,#6117,.F.);
#6117 = EDGE_CURVE('',#6118,#1909,#6120,.T.);
#6118 = VERTEX_POINT('',#6119);
#6119 = CARTESIAN_POINT('',(8.235366171877,-14.38843102582,0.));
#6120 = LINE('',#6121,#6122);
#6121 = CARTESIAN_POINT('',(8.235366171877,-14.38843102582,0.));
#6122 = VECTOR('',#6123,1.);
#6123 = DIRECTION('',(0.,0.,1.));
#6124 = ORIENTED_EDGE('',*,*,#6125,.F.);
#6125 = EDGE_CURVE('',#6092,#6118,#6126,.T.);
#6126 = CIRCLE('',#6127,2.4);
#6127 = AXIS2_PLACEMENT_3D('',#6128,#6129,#6130);
#6128 = CARTESIAN_POINT('',(8.,-12.,0.));
#6129 = DIRECTION('',(0.,0.,1.));
#6130 = DIRECTION('',(-1.,-0.,-0.));
#6131 = CYLINDRICAL_SURFACE('',#6132,2.4);
#6132 = AXIS2_PLACEMENT_3D('',#6133,#6134,#6135);
#6133 = CARTESIAN_POINT('',(8.,-12.,0.));
#6134 = DIRECTION('',(-0.,-0.,-1.));
#6135 = DIRECTION('',(-1.,-0.,-0.));
#6136 = ADVANCED_FACE('',(#6137),#6155,.F.);
#6137 = FACE_BOUND('',#6138,.T.);
#6138 = EDGE_LOOP('',(#6139,#6147,#6148,#6149));
#6139 = ORIENTED_EDGE('',*,*,#6140,.T.);
#6140 = EDGE_CURVE('',#6141,#1900,#6143,.T.);
#6141 = VERTEX_POINT('',#6142);
#6142 = CARTESIAN_POINT('',(9.015726171877,-14.31153102582,0.));
#6143 = LINE('',#6144,#6145);
#6144 = CARTESIAN_POINT('',(9.015726171877,-14.31153102582,0.));
#6145 = VECTOR('',#6146,1.);
#6146 = DIRECTION('',(0.,0.,1.));
#6147 = ORIENTED_EDGE('',*,*,#1908,.T.);
#6148 = ORIENTED_EDGE('',*,*,#6117,.F.);
#6149 = ORIENTED_EDGE('',*,*,#6150,.F.);
#6150 = EDGE_CURVE('',#6141,#6118,#6151,.T.);
#6151 = LINE('',#6152,#6153);
#6152 = CARTESIAN_POINT('',(9.015726171877,-14.31153102582,0.));
#6153 = VECTOR('',#6154,1.);
#6154 = DIRECTION('',(-0.995179594095,-9.806923828219E-02,-0.));
#6155 = PLANE('',#6156);
#6156 = AXIS2_PLACEMENT_3D('',#6157,#6158,#6159);
#6157 = CARTESIAN_POINT('',(9.015726171877,-14.31153102582,0.));
#6158 = DIRECTION('',(-9.806923828219E-02,0.995179594095,0.));
#6159 = DIRECTION('',(0.995179594095,9.806923828219E-02,0.));
#6160 = ADVANCED_FACE('',(#6161),#6180,.T.);
#6161 = FACE_BOUND('',#6162,.F.);
#6162 = EDGE_LOOP('',(#6163,#6164,#6165,#6173));
#6163 = ORIENTED_EDGE('',*,*,#6140,.T.);
#6164 = ORIENTED_EDGE('',*,*,#1899,.T.);
#6165 = ORIENTED_EDGE('',*,*,#6166,.F.);
#6166 = EDGE_CURVE('',#6167,#1892,#6169,.T.);
#6167 = VERTEX_POINT('',#6168);
#6168 = CARTESIAN_POINT('',(9.476980859849,-14.21977572321,0.));
#6169 = LINE('',#6170,#6171);
#6170 = CARTESIAN_POINT('',(9.476980859849,-14.21977572321,0.));
#6171 = VECTOR('',#6172,1.);
#6172 = DIRECTION('',(0.,0.,1.));
#6173 = ORIENTED_EDGE('',*,*,#6174,.F.);
#6174 = EDGE_CURVE('',#6141,#6167,#6175,.T.);
#6175 = CIRCLE('',#6176,2.4);
#6176 = AXIS2_PLACEMENT_3D('',#6177,#6178,#6179);
#6177 = CARTESIAN_POINT('',(8.78036,-11.9231,0.));
#6178 = DIRECTION('',(-0.,0.,1.));
#6179 = DIRECTION('',(-0.995179594095,-9.806923828219E-02,-0.));
#6180 = CYLINDRICAL_SURFACE('',#6181,2.4);
#6181 = AXIS2_PLACEMENT_3D('',#6182,#6183,#6184);
#6182 = CARTESIAN_POINT('',(8.78036,-11.9231,0.));
#6183 = DIRECTION('',(-0.,-0.,-1.));
#6184 = DIRECTION('',(-0.995179594095,-9.806923828219E-02,-0.));
#6185 = ADVANCED_FACE('',(#6186),#6204,.F.);
#6186 = FACE_BOUND('',#6187,.T.);
#6187 = EDGE_LOOP('',(#6188,#6196,#6197,#6198));
#6188 = ORIENTED_EDGE('',*,*,#6189,.T.);
#6189 = EDGE_CURVE('',#6190,#1883,#6192,.T.);
#6190 = VERTEX_POINT('',#6191);
#6191 = CARTESIAN_POINT('',(10.227350859849,-13.99217572321,0.));
#6192 = LINE('',#6193,#6194);
#6193 = CARTESIAN_POINT('',(10.227350859849,-13.99217572321,0.));
#6194 = VECTOR('',#6195,1.);
#6195 = DIRECTION('',(0.,0.,1.));
#6196 = ORIENTED_EDGE('',*,*,#1891,.T.);
#6197 = ORIENTED_EDGE('',*,*,#6166,.F.);
#6198 = ORIENTED_EDGE('',*,*,#6199,.F.);
#6199 = EDGE_CURVE('',#6190,#6167,#6200,.T.);
#6200 = LINE('',#6201,#6202);
#6201 = CARTESIAN_POINT('',(10.227350859849,-13.99217572321,0.));
#6202 = VECTOR('',#6203,1.);
#6203 = DIRECTION('',(-0.956948218008,-0.290258691604,-0.));
#6204 = PLANE('',#6205);
#6205 = AXIS2_PLACEMENT_3D('',#6206,#6207,#6208);
#6206 = CARTESIAN_POINT('',(10.227350859849,-13.99217572321,0.));
#6207 = DIRECTION('',(-0.290258691604,0.956948218008,0.));
#6208 = DIRECTION('',(0.956948218008,0.290258691604,0.));
#6209 = ADVANCED_FACE('',(#6210),#6229,.T.);
#6210 = FACE_BOUND('',#6211,.F.);
#6211 = EDGE_LOOP('',(#6212,#6213,#6214,#6222));
#6212 = ORIENTED_EDGE('',*,*,#6189,.T.);
#6213 = ORIENTED_EDGE('',*,*,#1882,.T.);
#6214 = ORIENTED_EDGE('',*,*,#6215,.F.);
#6215 = EDGE_CURVE('',#6216,#1875,#6218,.T.);
#6216 = VERTEX_POINT('',#6217);
#6217 = CARTESIAN_POINT('',(10.661958695943,-13.8121770272,0.));
#6218 = LINE('',#6219,#6220);
#6219 = CARTESIAN_POINT('',(10.661958695943,-13.8121770272,0.));
#6220 = VECTOR('',#6221,1.);
#6221 = DIRECTION('',(0.,0.,1.));
#6222 = ORIENTED_EDGE('',*,*,#6223,.F.);
#6223 = EDGE_CURVE('',#6190,#6216,#6224,.T.);
#6224 = CIRCLE('',#6225,2.4);
#6225 = AXIS2_PLACEMENT_3D('',#6226,#6227,#6228);
#6226 = CARTESIAN_POINT('',(9.53073,-11.6955,0.));
#6227 = DIRECTION('',(-0.,0.,1.));
#6228 = DIRECTION('',(-0.956948218008,-0.290258691604,-0.));
#6229 = CYLINDRICAL_SURFACE('',#6230,2.4);
#6230 = AXIS2_PLACEMENT_3D('',#6231,#6232,#6233);
#6231 = CARTESIAN_POINT('',(9.53073,-11.6955,0.));
#6232 = DIRECTION('',(-0.,-0.,-1.));
#6233 = DIRECTION('',(-0.956948218008,-0.290258691604,-0.));
#6234 = ADVANCED_FACE('',(#6235),#6253,.F.);
#6235 = FACE_BOUND('',#6236,.T.);
#6236 = EDGE_LOOP('',(#6237,#6245,#6246,#6247));
#6237 = ORIENTED_EDGE('',*,*,#6238,.T.);
#6238 = EDGE_CURVE('',#6239,#1866,#6241,.T.);
#6239 = VERTEX_POINT('',#6240);
#6240 = CARTESIAN_POINT('',(11.353528695943,-13.4425770272,0.));
#6241 = LINE('',#6242,#6243);
#6242 = CARTESIAN_POINT('',(11.353528695943,-13.4425770272,0.));
#6243 = VECTOR('',#6244,1.);
#6244 = DIRECTION('',(0.,0.,1.));
#6245 = ORIENTED_EDGE('',*,*,#1874,.T.);
#6246 = ORIENTED_EDGE('',*,*,#6215,.F.);
#6247 = ORIENTED_EDGE('',*,*,#6248,.F.);
#6248 = EDGE_CURVE('',#6239,#6216,#6249,.T.);
#6249 = LINE('',#6250,#6251);
#6250 = CARTESIAN_POINT('',(11.353528695943,-13.4425770272,0.));
#6251 = VECTOR('',#6252,1.);
#6252 = DIRECTION('',(-0.881948761333,-0.471345289976,-0.));
#6253 = PLANE('',#6254);
#6254 = AXIS2_PLACEMENT_3D('',#6255,#6256,#6257);
#6255 = CARTESIAN_POINT('',(11.353528695943,-13.4425770272,0.));
#6256 = DIRECTION('',(-0.471345289976,0.881948761333,0.));
#6257 = DIRECTION('',(0.881948761333,0.471345289976,0.));
#6258 = ADVANCED_FACE('',(#6259),#6278,.T.);
#6259 = FACE_BOUND('',#6260,.F.);
#6260 = EDGE_LOOP('',(#6261,#6262,#6263,#6271));
#6261 = ORIENTED_EDGE('',*,*,#6238,.T.);
#6262 = ORIENTED_EDGE('',*,*,#1865,.T.);
#6263 = ORIENTED_EDGE('',*,*,#6264,.F.);
#6264 = EDGE_CURVE('',#6265,#1858,#6267,.T.);
#6265 = VERTEX_POINT('',#6266);
#6266 = CARTESIAN_POINT('',(11.745002232506,-13.18099512185,0.));
#6267 = LINE('',#6268,#6269);
#6268 = CARTESIAN_POINT('',(11.745002232506,-13.18099512185,0.));
#6269 = VECTOR('',#6270,1.);
#6270 = DIRECTION('',(0.,0.,1.));
#6271 = ORIENTED_EDGE('',*,*,#6272,.F.);
#6272 = EDGE_CURVE('',#6239,#6265,#6273,.T.);
#6273 = CIRCLE('',#6274,2.4);
#6274 = AXIS2_PLACEMENT_3D('',#6275,#6276,#6277);
#6275 = CARTESIAN_POINT('',(10.2223,-11.3259,0.));
#6276 = DIRECTION('',(-0.,0.,1.));
#6277 = DIRECTION('',(-0.881948761333,-0.471345289976,-0.));
#6278 = CYLINDRICAL_SURFACE('',#6279,2.4);
#6279 = AXIS2_PLACEMENT_3D('',#6280,#6281,#6282);
#6280 = CARTESIAN_POINT('',(10.2223,-11.3259,0.));
#6281 = DIRECTION('',(-0.,-0.,-1.));
#6282 = DIRECTION('',(-0.881948761333,-0.471345289976,-0.));
#6283 = ADVANCED_FACE('',(#6284),#6302,.F.);
#6284 = FACE_BOUND('',#6285,.T.);
#6285 = EDGE_LOOP('',(#6286,#6294,#6295,#6296));
#6286 = ORIENTED_EDGE('',*,*,#6287,.T.);
#6287 = EDGE_CURVE('',#6288,#1849,#6290,.T.);
#6288 = VERTEX_POINT('',#6289);
#6289 = CARTESIAN_POINT('',(12.351102232506,-12.68349512185,0.));
#6290 = LINE('',#6291,#6292);
#6291 = CARTESIAN_POINT('',(12.351102232506,-12.68349512185,0.));
#6292 = VECTOR('',#6293,1.);
#6293 = DIRECTION('',(0.,0.,1.));
#6294 = ORIENTED_EDGE('',*,*,#1857,.T.);
#6295 = ORIENTED_EDGE('',*,*,#6264,.F.);
#6296 = ORIENTED_EDGE('',*,*,#6297,.F.);
#6297 = EDGE_CURVE('',#6288,#6265,#6298,.T.);
#6298 = LINE('',#6299,#6300);
#6299 = CARTESIAN_POINT('',(12.351102232506,-12.68349512185,0.));
#6300 = VECTOR('',#6301,1.);
#6301 = DIRECTION('',(-0.772956300772,-0.634459263544,-0.));
#6302 = PLANE('',#6303);
#6303 = AXIS2_PLACEMENT_3D('',#6304,#6305,#6306);
#6304 = CARTESIAN_POINT('',(12.351102232506,-12.68349512185,0.));
#6305 = DIRECTION('',(-0.634459263544,0.772956300772,0.));
#6306 = DIRECTION('',(0.772956300772,0.634459263544,0.));
#6307 = ADVANCED_FACE('',(#6308),#6327,.T.);
#6308 = FACE_BOUND('',#6309,.F.);
#6309 = EDGE_LOOP('',(#6310,#6311,#6312,#6320));
#6310 = ORIENTED_EDGE('',*,*,#6287,.T.);
#6311 = ORIENTED_EDGE('',*,*,#1848,.T.);
#6312 = ORIENTED_EDGE('',*,*,#6313,.F.);
#6313 = EDGE_CURVE('',#6314,#1841,#6316,.T.);
#6314 = VERTEX_POINT('',#6315);
#6315 = CARTESIAN_POINT('',(12.683495121853,-12.3511022325,0.));
#6316 = LINE('',#6317,#6318);
#6317 = CARTESIAN_POINT('',(12.683495121853,-12.3511022325,0.));
#6318 = VECTOR('',#6319,1.);
#6319 = DIRECTION('',(0.,0.,1.));
#6320 = ORIENTED_EDGE('',*,*,#6321,.F.);
#6321 = EDGE_CURVE('',#6288,#6314,#6322,.T.);
#6322 = CIRCLE('',#6323,2.4);
#6323 = AXIS2_PLACEMENT_3D('',#6324,#6325,#6326);
#6324 = CARTESIAN_POINT('',(10.8284,-10.8284,0.));
#6325 = DIRECTION('',(-0.,0.,1.));
#6326 = DIRECTION('',(-0.772956300772,-0.634459263544,-0.));
#6327 = CYLINDRICAL_SURFACE('',#6328,2.4);
#6328 = AXIS2_PLACEMENT_3D('',#6329,#6330,#6331);
#6329 = CARTESIAN_POINT('',(10.8284,-10.8284,0.));
#6330 = DIRECTION('',(-0.,-0.,-1.));
#6331 = DIRECTION('',(-0.772956300772,-0.634459263544,-0.));
#6332 = ADVANCED_FACE('',(#6333),#6351,.F.);
#6333 = FACE_BOUND('',#6334,.T.);
#6334 = EDGE_LOOP('',(#6335,#6343,#6344,#6345));
#6335 = ORIENTED_EDGE('',*,*,#6336,.T.);
#6336 = EDGE_CURVE('',#6337,#1832,#6339,.T.);
#6337 = VERTEX_POINT('',#6338);
#6338 = CARTESIAN_POINT('',(13.180995121853,-11.7450022325,0.));
#6339 = LINE('',#6340,#6341);
#6340 = CARTESIAN_POINT('',(13.180995121853,-11.7450022325,0.));
#6341 = VECTOR('',#6342,1.);
#6342 = DIRECTION('',(0.,0.,1.));
#6343 = ORIENTED_EDGE('',*,*,#1840,.T.);
#6344 = ORIENTED_EDGE('',*,*,#6313,.F.);
#6345 = ORIENTED_EDGE('',*,*,#6346,.F.);
#6346 = EDGE_CURVE('',#6337,#6314,#6347,.T.);
#6347 = LINE('',#6348,#6349);
#6348 = CARTESIAN_POINT('',(13.180995121853,-11.7450022325,0.));
#6349 = VECTOR('',#6350,1.);
#6350 = DIRECTION('',(-0.634459263544,-0.772956300772,-0.));
#6351 = PLANE('',#6352);
#6352 = AXIS2_PLACEMENT_3D('',#6353,#6354,#6355);
#6353 = CARTESIAN_POINT('',(13.180995121853,-11.7450022325,0.));
#6354 = DIRECTION('',(-0.772956300772,0.634459263544,0.));
#6355 = DIRECTION('',(0.634459263544,0.772956300772,0.));
#6356 = ADVANCED_FACE('',(#6357),#6376,.T.);
#6357 = FACE_BOUND('',#6358,.F.);
#6358 = EDGE_LOOP('',(#6359,#6360,#6361,#6369));
#6359 = ORIENTED_EDGE('',*,*,#6336,.T.);
#6360 = ORIENTED_EDGE('',*,*,#1831,.T.);
#6361 = ORIENTED_EDGE('',*,*,#6362,.F.);
#6362 = EDGE_CURVE('',#6363,#1824,#6365,.T.);
#6363 = VERTEX_POINT('',#6364);
#6364 = CARTESIAN_POINT('',(13.4425770272,-11.35352869594,0.));
#6365 = LINE('',#6366,#6367);
#6366 = CARTESIAN_POINT('',(13.4425770272,-11.35352869594,0.));
#6367 = VECTOR('',#6368,1.);
#6368 = DIRECTION('',(0.,0.,1.));
#6369 = ORIENTED_EDGE('',*,*,#6370,.F.);
#6370 = EDGE_CURVE('',#6337,#6363,#6371,.T.);
#6371 = CIRCLE('',#6372,2.4);
#6372 = AXIS2_PLACEMENT_3D('',#6373,#6374,#6375);
#6373 = CARTESIAN_POINT('',(11.3259,-10.2223,0.));
#6374 = DIRECTION('',(-0.,0.,1.));
#6375 = DIRECTION('',(-0.634459263544,-0.772956300772,-0.));
#6376 = CYLINDRICAL_SURFACE('',#6377,2.4);
#6377 = AXIS2_PLACEMENT_3D('',#6378,#6379,#6380);
#6378 = CARTESIAN_POINT('',(11.3259,-10.2223,0.));
#6379 = DIRECTION('',(-0.,-0.,-1.));
#6380 = DIRECTION('',(-0.634459263544,-0.772956300772,-0.));
#6381 = ADVANCED_FACE('',(#6382),#6400,.F.);
#6382 = FACE_BOUND('',#6383,.T.);
#6383 = EDGE_LOOP('',(#6384,#6392,#6393,#6394));
#6384 = ORIENTED_EDGE('',*,*,#6385,.T.);
#6385 = EDGE_CURVE('',#6386,#1815,#6388,.T.);
#6386 = VERTEX_POINT('',#6387);
#6387 = CARTESIAN_POINT('',(13.8121770272,-10.66195869594,0.));
#6388 = LINE('',#6389,#6390);
#6389 = CARTESIAN_POINT('',(13.8121770272,-10.66195869594,0.));
#6390 = VECTOR('',#6391,1.);
#6391 = DIRECTION('',(0.,0.,1.));
#6392 = ORIENTED_EDGE('',*,*,#1823,.T.);
#6393 = ORIENTED_EDGE('',*,*,#6362,.F.);
#6394 = ORIENTED_EDGE('',*,*,#6395,.F.);
#6395 = EDGE_CURVE('',#6386,#6363,#6396,.T.);
#6396 = LINE('',#6397,#6398);
#6397 = CARTESIAN_POINT('',(13.8121770272,-10.66195869594,0.));
#6398 = VECTOR('',#6399,1.);
#6399 = DIRECTION('',(-0.471345289976,-0.881948761333,-0.));
#6400 = PLANE('',#6401);
#6401 = AXIS2_PLACEMENT_3D('',#6402,#6403,#6404);
#6402 = CARTESIAN_POINT('',(13.8121770272,-10.66195869594,0.));
#6403 = DIRECTION('',(-0.881948761333,0.471345289976,0.));
#6404 = DIRECTION('',(0.471345289976,0.881948761333,0.));
#6405 = ADVANCED_FACE('',(#6406),#6425,.T.);
#6406 = FACE_BOUND('',#6407,.F.);
#6407 = EDGE_LOOP('',(#6408,#6409,#6410,#6418));
#6408 = ORIENTED_EDGE('',*,*,#6385,.T.);
#6409 = ORIENTED_EDGE('',*,*,#1814,.T.);
#6410 = ORIENTED_EDGE('',*,*,#6411,.F.);
#6411 = EDGE_CURVE('',#6412,#1807,#6414,.T.);
#6412 = VERTEX_POINT('',#6413);
#6413 = CARTESIAN_POINT('',(13.992175723219,-10.22735085984,0.));
#6414 = LINE('',#6415,#6416);
#6415 = CARTESIAN_POINT('',(13.992175723219,-10.22735085984,0.));
#6416 = VECTOR('',#6417,1.);
#6417 = DIRECTION('',(0.,0.,1.));
#6418 = ORIENTED_EDGE('',*,*,#6419,.F.);
#6419 = EDGE_CURVE('',#6386,#6412,#6420,.T.);
#6420 = CIRCLE('',#6421,2.4);
#6421 = AXIS2_PLACEMENT_3D('',#6422,#6423,#6424);
#6422 = CARTESIAN_POINT('',(11.6955,-9.53073,0.));
#6423 = DIRECTION('',(-0.,0.,1.));
#6424 = DIRECTION('',(-0.471345289976,-0.881948761333,-0.));
#6425 = CYLINDRICAL_SURFACE('',#6426,2.4);
#6426 = AXIS2_PLACEMENT_3D('',#6427,#6428,#6429);
#6427 = CARTESIAN_POINT('',(11.6955,-9.53073,0.));
#6428 = DIRECTION('',(-0.,-0.,-1.));
#6429 = DIRECTION('',(-0.471345289976,-0.881948761333,-0.));
#6430 = ADVANCED_FACE('',(#6431),#6449,.F.);
#6431 = FACE_BOUND('',#6432,.T.);
#6432 = EDGE_LOOP('',(#6433,#6441,#6442,#6443));
#6433 = ORIENTED_EDGE('',*,*,#6434,.T.);
#6434 = EDGE_CURVE('',#6435,#1798,#6437,.T.);
#6435 = VERTEX_POINT('',#6436);
#6436 = CARTESIAN_POINT('',(14.219775723219,-9.476980859849,0.));
#6437 = LINE('',#6438,#6439);
#6438 = CARTESIAN_POINT('',(14.219775723219,-9.476980859849,0.));
#6439 = VECTOR('',#6440,1.);
#6440 = DIRECTION('',(0.,0.,1.));
#6441 = ORIENTED_EDGE('',*,*,#1806,.T.);
#6442 = ORIENTED_EDGE('',*,*,#6411,.F.);
#6443 = ORIENTED_EDGE('',*,*,#6444,.F.);
#6444 = EDGE_CURVE('',#6435,#6412,#6445,.T.);
#6445 = LINE('',#6446,#6447);
#6446 = CARTESIAN_POINT('',(14.219775723219,-9.476980859849,0.));
#6447 = VECTOR('',#6448,1.);
#6448 = DIRECTION('',(-0.290258691604,-0.956948218008,-0.));
#6449 = PLANE('',#6450);
#6450 = AXIS2_PLACEMENT_3D('',#6451,#6452,#6453);
#6451 = CARTESIAN_POINT('',(14.219775723219,-9.476980859849,0.));
#6452 = DIRECTION('',(-0.956948218008,0.290258691604,0.));
#6453 = DIRECTION('',(0.290258691604,0.956948218008,0.));
#6454 = ADVANCED_FACE('',(#6455),#6474,.T.);
#6455 = FACE_BOUND('',#6456,.F.);
#6456 = EDGE_LOOP('',(#6457,#6458,#6459,#6467));
#6457 = ORIENTED_EDGE('',*,*,#6434,.T.);
#6458 = ORIENTED_EDGE('',*,*,#1797,.T.);
#6459 = ORIENTED_EDGE('',*,*,#6460,.F.);
#6460 = EDGE_CURVE('',#6461,#1790,#6463,.T.);
#6461 = VERTEX_POINT('',#6462);
#6462 = CARTESIAN_POINT('',(14.311531025828,-9.015726171877,0.));
#6463 = LINE('',#6464,#6465);
#6464 = CARTESIAN_POINT('',(14.311531025828,-9.015726171877,0.));
#6465 = VECTOR('',#6466,1.);
#6466 = DIRECTION('',(0.,0.,1.));
#6467 = ORIENTED_EDGE('',*,*,#6468,.F.);
#6468 = EDGE_CURVE('',#6435,#6461,#6469,.T.);
#6469 = CIRCLE('',#6470,2.4);
#6470 = AXIS2_PLACEMENT_3D('',#6471,#6472,#6473);
#6471 = CARTESIAN_POINT('',(11.9231,-8.78036,0.));
#6472 = DIRECTION('',(-0.,0.,1.));
#6473 = DIRECTION('',(-0.290258691604,-0.956948218008,-0.));
#6474 = CYLINDRICAL_SURFACE('',#6475,2.4);
#6475 = AXIS2_PLACEMENT_3D('',#6476,#6477,#6478);
#6476 = CARTESIAN_POINT('',(11.9231,-8.78036,0.));
#6477 = DIRECTION('',(-0.,-0.,-1.));
#6478 = DIRECTION('',(-0.290258691604,-0.956948218008,-0.));
#6479 = ADVANCED_FACE('',(#6480),#6498,.F.);
#6480 = FACE_BOUND('',#6481,.T.);
#6481 = EDGE_LOOP('',(#6482,#6490,#6491,#6492));
#6482 = ORIENTED_EDGE('',*,*,#6483,.T.);
#6483 = EDGE_CURVE('',#6484,#1781,#6486,.T.);
#6484 = VERTEX_POINT('',#6485);
#6485 = CARTESIAN_POINT('',(14.388431025828,-8.235366171877,0.));
#6486 = LINE('',#6487,#6488);
#6487 = CARTESIAN_POINT('',(14.388431025828,-8.235366171877,0.));
#6488 = VECTOR('',#6489,1.);
#6489 = DIRECTION('',(0.,0.,1.));
#6490 = ORIENTED_EDGE('',*,*,#1789,.T.);
#6491 = ORIENTED_EDGE('',*,*,#6460,.F.);
#6492 = ORIENTED_EDGE('',*,*,#6493,.F.);
#6493 = EDGE_CURVE('',#6484,#6461,#6494,.T.);
#6494 = LINE('',#6495,#6496);
#6495 = CARTESIAN_POINT('',(14.388431025828,-8.235366171877,0.));
#6496 = VECTOR('',#6497,1.);
#6497 = DIRECTION('',(-9.806923828219E-02,-0.995179594095,-0.));
#6498 = PLANE('',#6499);
#6499 = AXIS2_PLACEMENT_3D('',#6500,#6501,#6502);
#6500 = CARTESIAN_POINT('',(14.388431025828,-8.235366171877,0.));
#6501 = DIRECTION('',(-0.995179594095,9.806923828219E-02,0.));
#6502 = DIRECTION('',(9.806923828219E-02,0.995179594095,0.));
#6503 = ADVANCED_FACE('',(#6504),#6523,.T.);
#6504 = FACE_BOUND('',#6505,.F.);
#6505 = EDGE_LOOP('',(#6506,#6507,#6508,#6516));
#6506 = ORIENTED_EDGE('',*,*,#6483,.T.);
#6507 = ORIENTED_EDGE('',*,*,#1780,.T.);
#6508 = ORIENTED_EDGE('',*,*,#6509,.F.);
#6509 = EDGE_CURVE('',#6510,#1773,#6512,.T.);
#6510 = VERTEX_POINT('',#6511);
#6511 = CARTESIAN_POINT('',(14.4,-8.,0.));
#6512 = LINE('',#6513,#6514);
#6513 = CARTESIAN_POINT('',(14.4,-8.,0.));
#6514 = VECTOR('',#6515,1.);
#6515 = DIRECTION('',(0.,0.,1.));
#6516 = ORIENTED_EDGE('',*,*,#6517,.F.);
#6517 = EDGE_CURVE('',#6484,#6510,#6518,.T.);
#6518 = CIRCLE('',#6519,2.4);
#6519 = AXIS2_PLACEMENT_3D('',#6520,#6521,#6522);
#6520 = CARTESIAN_POINT('',(12.,-8.,0.));
#6521 = DIRECTION('',(-0.,0.,1.));
#6522 = DIRECTION('',(-9.806923828219E-02,-0.995179594095,-0.));
#6523 = CYLINDRICAL_SURFACE('',#6524,2.4);
#6524 = AXIS2_PLACEMENT_3D('',#6525,#6526,#6527);
#6525 = CARTESIAN_POINT('',(12.,-8.,0.));
#6526 = DIRECTION('',(-0.,-0.,-1.));
#6527 = DIRECTION('',(-9.806923828219E-02,-0.995179594095,-0.));
#6528 = ADVANCED_FACE('',(#6529),#6579,.F.);
#6529 = FACE_BOUND('',#6530,.T.);
#6530 = EDGE_LOOP('',(#6531,#6541,#6547,#6548,#6549,#6557,#6565,#6573));
#6531 = ORIENTED_EDGE('',*,*,#6532,.F.);
#6532 = EDGE_CURVE('',#6533,#6535,#6537,.T.);
#6533 = VERTEX_POINT('',#6534);
#6534 = CARTESIAN_POINT('',(14.4,46.1,0.));
#6535 = VERTEX_POINT('',#6536);
#6536 = CARTESIAN_POINT('',(14.4,22.768114574787,0.));
#6537 = LINE('',#6538,#6539);
#6538 = CARTESIAN_POINT('',(14.4,46.1,0.));
#6539 = VECTOR('',#6540,1.);
#6540 = DIRECTION('',(-0.,-1.,-0.));
#6541 = ORIENTED_EDGE('',*,*,#6542,.T.);
#6542 = EDGE_CURVE('',#6533,#1764,#6543,.T.);
#6543 = LINE('',#6544,#6545);
#6544 = CARTESIAN_POINT('',(14.4,46.1,0.));
#6545 = VECTOR('',#6546,1.);
#6546 = DIRECTION('',(0.,0.,1.));
#6547 = ORIENTED_EDGE('',*,*,#1772,.T.);
#6548 = ORIENTED_EDGE('',*,*,#6509,.F.);
#6549 = ORIENTED_EDGE('',*,*,#6550,.F.);
#6550 = EDGE_CURVE('',#6551,#6510,#6553,.T.);
#6551 = VERTEX_POINT('',#6552);
#6552 = CARTESIAN_POINT('',(14.4,21.231885425213,0.));
#6553 = LINE('',#6554,#6555);
#6554 = CARTESIAN_POINT('',(14.4,46.1,0.));
#6555 = VECTOR('',#6556,1.);
#6556 = DIRECTION('',(-0.,-1.,-0.));
#6557 = ORIENTED_EDGE('',*,*,#6558,.F.);
#6558 = EDGE_CURVE('',#6559,#6551,#6561,.T.);
#6559 = VERTEX_POINT('',#6560);
#6560 = CARTESIAN_POINT('',(14.4,21.231885425213,6.1));
#6561 = LINE('',#6562,#6563);
#6562 = CARTESIAN_POINT('',(14.4,21.231885425213,0.));
#6563 = VECTOR('',#6564,1.);
#6564 = DIRECTION('',(0.,0.,-1.));
#6565 = ORIENTED_EDGE('',*,*,#6566,.F.);
#6566 = EDGE_CURVE('',#6567,#6559,#6569,.T.);
#6567 = VERTEX_POINT('',#6568);
#6568 = CARTESIAN_POINT('',(14.4,22.768114574787,6.1));
#6569 = LINE('',#6570,#6571);
#6570 = CARTESIAN_POINT('',(14.4,34.05,6.1));
#6571 = VECTOR('',#6572,1.);
#6572 = DIRECTION('',(-0.,-1.,-0.));
#6573 = ORIENTED_EDGE('',*,*,#6574,.T.);
#6574 = EDGE_CURVE('',#6567,#6535,#6575,.T.);
#6575 = LINE('',#6576,#6577);
#6576 = CARTESIAN_POINT('',(14.4,22.768114574787,0.));
#6577 = VECTOR('',#6578,1.);
#6578 = DIRECTION('',(0.,0.,-1.));
#6579 = PLANE('',#6580);
#6580 = AXIS2_PLACEMENT_3D('',#6581,#6582,#6583);
#6581 = CARTESIAN_POINT('',(14.4,46.1,0.));
#6582 = DIRECTION('',(-1.,-0.,-0.));
#6583 = DIRECTION('',(0.,1.,0.));
#6584 = ADVANCED_FACE('',(#6585),#6604,.T.);
#6585 = FACE_BOUND('',#6586,.F.);
#6586 = EDGE_LOOP('',(#6587,#6588,#6589,#6597));
#6587 = ORIENTED_EDGE('',*,*,#6542,.T.);
#6588 = ORIENTED_EDGE('',*,*,#1763,.T.);
#6589 = ORIENTED_EDGE('',*,*,#6590,.F.);
#6590 = EDGE_CURVE('',#6591,#1756,#6593,.T.);
#6591 = VERTEX_POINT('',#6592);
#6592 = CARTESIAN_POINT('',(14.38843220319,46.33535422402,0.));
#6593 = LINE('',#6594,#6595);
#6594 = CARTESIAN_POINT('',(14.38843220319,46.33535422402,0.));
#6595 = VECTOR('',#6596,1.);
#6596 = DIRECTION('',(0.,0.,1.));
#6597 = ORIENTED_EDGE('',*,*,#6598,.F.);
#6598 = EDGE_CURVE('',#6533,#6591,#6599,.T.);
#6599 = CIRCLE('',#6600,2.4);
#6600 = AXIS2_PLACEMENT_3D('',#6601,#6602,#6603);
#6601 = CARTESIAN_POINT('',(12.,46.1,0.));
#6602 = DIRECTION('',(0.,0.,1.));
#6603 = DIRECTION('',(-0.,-1.,-0.));
#6604 = CYLINDRICAL_SURFACE('',#6605,2.4);
#6605 = AXIS2_PLACEMENT_3D('',#6606,#6607,#6608);
#6606 = CARTESIAN_POINT('',(12.,46.1,0.));
#6607 = DIRECTION('',(0.,0.,-1.));
#6608 = DIRECTION('',(-0.,-1.,-0.));
#6609 = ADVANCED_FACE('',(#6610),#6628,.F.);
#6610 = FACE_BOUND('',#6611,.T.);
#6611 = EDGE_LOOP('',(#6612,#6620,#6621,#6622));
#6612 = ORIENTED_EDGE('',*,*,#6613,.T.);
#6613 = EDGE_CURVE('',#6614,#1747,#6616,.T.);
#6614 = VERTEX_POINT('',#6615);
#6615 = CARTESIAN_POINT('',(14.31153220319,47.11575422402,0.));
#6616 = LINE('',#6617,#6618);
#6617 = CARTESIAN_POINT('',(14.31153220319,47.11575422402,0.));
#6618 = VECTOR('',#6619,1.);
#6619 = DIRECTION('',(0.,0.,1.));
#6620 = ORIENTED_EDGE('',*,*,#1755,.T.);
#6621 = ORIENTED_EDGE('',*,*,#6590,.F.);
#6622 = ORIENTED_EDGE('',*,*,#6623,.F.);
#6623 = EDGE_CURVE('',#6614,#6591,#6624,.T.);
#6624 = LINE('',#6625,#6626);
#6625 = CARTESIAN_POINT('',(14.31153220319,47.11575422402,0.));
#6626 = VECTOR('',#6627,1.);
#6627 = DIRECTION('',(9.80642600084E-02,-0.995180084663,0.));
#6628 = PLANE('',#6629);
#6629 = AXIS2_PLACEMENT_3D('',#6630,#6631,#6632);
#6630 = CARTESIAN_POINT('',(14.31153220319,47.11575422402,0.));
#6631 = DIRECTION('',(-0.995180084663,-9.80642600084E-02,-0.));
#6632 = DIRECTION('',(-9.80642600084E-02,0.995180084663,0.));
#6633 = ADVANCED_FACE('',(#6634),#6653,.T.);
#6634 = FACE_BOUND('',#6635,.F.);
#6635 = EDGE_LOOP('',(#6636,#6637,#6638,#6646));
#6636 = ORIENTED_EDGE('',*,*,#6613,.T.);
#6637 = ORIENTED_EDGE('',*,*,#1746,.T.);
#6638 = ORIENTED_EDGE('',*,*,#6639,.F.);
#6639 = EDGE_CURVE('',#6640,#1739,#6642,.T.);
#6640 = VERTEX_POINT('',#6641);
#6641 = CARTESIAN_POINT('',(14.219757670261,47.577080375518,0.));
#6642 = LINE('',#6643,#6644);
#6643 = CARTESIAN_POINT('',(14.219757670261,47.577080375518,0.));
#6644 = VECTOR('',#6645,1.);
#6645 = DIRECTION('',(0.,0.,1.));
#6646 = ORIENTED_EDGE('',*,*,#6647,.F.);
#6647 = EDGE_CURVE('',#6614,#6640,#6648,.T.);
#6648 = CIRCLE('',#6649,2.4);
#6649 = AXIS2_PLACEMENT_3D('',#6650,#6651,#6652);
#6650 = CARTESIAN_POINT('',(11.9231,46.8804,0.));
#6651 = DIRECTION('',(-0.,0.,1.));
#6652 = DIRECTION('',(9.80642600084E-02,-0.995180084663,0.));
#6653 = CYLINDRICAL_SURFACE('',#6654,2.4);
#6654 = AXIS2_PLACEMENT_3D('',#6655,#6656,#6657);
#6655 = CARTESIAN_POINT('',(11.9231,46.8804,0.));
#6656 = DIRECTION('',(0.,0.,-1.));
#6657 = DIRECTION('',(9.80642600084E-02,-0.995180084663,0.));
#6658 = ADVANCED_FACE('',(#6659),#6677,.F.);
#6659 = FACE_BOUND('',#6660,.T.);
#6660 = EDGE_LOOP('',(#6661,#6669,#6670,#6671));
#6661 = ORIENTED_EDGE('',*,*,#6662,.T.);
#6662 = EDGE_CURVE('',#6663,#1730,#6665,.T.);
#6663 = VERTEX_POINT('',#6664);
#6664 = CARTESIAN_POINT('',(13.992157670261,48.327380375518,0.));
#6665 = LINE('',#6666,#6667);
#6666 = CARTESIAN_POINT('',(13.992157670261,48.327380375518,0.));
#6667 = VECTOR('',#6668,1.);
#6668 = DIRECTION('',(0.,0.,1.));
#6669 = ORIENTED_EDGE('',*,*,#1738,.T.);
#6670 = ORIENTED_EDGE('',*,*,#6639,.F.);
#6671 = ORIENTED_EDGE('',*,*,#6672,.F.);
#6672 = EDGE_CURVE('',#6663,#6640,#6673,.T.);
#6673 = LINE('',#6674,#6675);
#6674 = CARTESIAN_POINT('',(13.992157670261,48.327380375518,0.));
#6675 = VECTOR('',#6676,1.);
#6676 = DIRECTION('',(0.290283489799,-0.956940695942,0.));
#6677 = PLANE('',#6678);
#6678 = AXIS2_PLACEMENT_3D('',#6679,#6680,#6681);
#6679 = CARTESIAN_POINT('',(13.992157670261,48.327380375518,0.));
#6680 = DIRECTION('',(-0.956940695942,-0.290283489799,-0.));
#6681 = DIRECTION('',(-0.290283489799,0.956940695942,0.));
#6682 = ADVANCED_FACE('',(#6683),#6702,.T.);
#6683 = FACE_BOUND('',#6684,.F.);
#6684 = EDGE_LOOP('',(#6685,#6686,#6687,#6695));
#6685 = ORIENTED_EDGE('',*,*,#6662,.T.);
#6686 = ORIENTED_EDGE('',*,*,#1729,.T.);
#6687 = ORIENTED_EDGE('',*,*,#6688,.F.);
#6688 = EDGE_CURVE('',#6689,#1722,#6691,.T.);
#6689 = VERTEX_POINT('',#6690);
#6690 = CARTESIAN_POINT('',(13.812197425598,48.76189052704,0.));
#6691 = LINE('',#6692,#6693);
#6692 = CARTESIAN_POINT('',(13.812197425598,48.76189052704,0.));
#6693 = VECTOR('',#6694,1.);
#6694 = DIRECTION('',(0.,0.,1.));
#6695 = ORIENTED_EDGE('',*,*,#6696,.F.);
#6696 = EDGE_CURVE('',#6663,#6689,#6697,.T.);
#6697 = CIRCLE('',#6698,2.4);
#6698 = AXIS2_PLACEMENT_3D('',#6699,#6700,#6701);
#6699 = CARTESIAN_POINT('',(11.6955,47.6307,0.));
#6700 = DIRECTION('',(-0.,0.,1.));
#6701 = DIRECTION('',(0.290283489799,-0.956940695942,0.));
#6702 = CYLINDRICAL_SURFACE('',#6703,2.4);
#6703 = AXIS2_PLACEMENT_3D('',#6704,#6705,#6706);
#6704 = CARTESIAN_POINT('',(11.6955,47.6307,0.));
#6705 = DIRECTION('',(0.,0.,-1.));
#6706 = DIRECTION('',(0.290283489799,-0.956940695942,0.));
#6707 = ADVANCED_FACE('',(#6708),#6726,.F.);
#6708 = FACE_BOUND('',#6709,.T.);
#6709 = EDGE_LOOP('',(#6710,#6718,#6719,#6720));
#6710 = ORIENTED_EDGE('',*,*,#6711,.T.);
#6711 = EDGE_CURVE('',#6712,#1713,#6714,.T.);
#6712 = VERTEX_POINT('',#6713);
#6713 = CARTESIAN_POINT('',(13.442597425598,49.45349052704,0.));
#6714 = LINE('',#6715,#6716);
#6715 = CARTESIAN_POINT('',(13.442597425598,49.45349052704,0.));
#6716 = VECTOR('',#6717,1.);
#6717 = DIRECTION('',(0.,0.,1.));
#6718 = ORIENTED_EDGE('',*,*,#1721,.T.);
#6719 = ORIENTED_EDGE('',*,*,#6688,.F.);
#6720 = ORIENTED_EDGE('',*,*,#6721,.F.);
#6721 = EDGE_CURVE('',#6712,#6689,#6722,.T.);
#6722 = LINE('',#6723,#6724);
#6723 = CARTESIAN_POINT('',(13.442597425598,49.45349052704,0.));
#6724 = VECTOR('',#6725,1.);
#6725 = DIRECTION('',(0.471329386267,-0.881957260666,0.));
#6726 = PLANE('',#6727);
#6727 = AXIS2_PLACEMENT_3D('',#6728,#6729,#6730);
#6728 = CARTESIAN_POINT('',(13.442597425598,49.45349052704,0.));
#6729 = DIRECTION('',(-0.881957260666,-0.471329386267,-0.));
#6730 = DIRECTION('',(-0.471329386267,0.881957260666,0.));
#6731 = ADVANCED_FACE('',(#6732),#6751,.T.);
#6732 = FACE_BOUND('',#6733,.F.);
#6733 = EDGE_LOOP('',(#6734,#6735,#6736,#6744));
#6734 = ORIENTED_EDGE('',*,*,#6711,.T.);
#6735 = ORIENTED_EDGE('',*,*,#1712,.T.);
#6736 = ORIENTED_EDGE('',*,*,#6737,.F.);
#6737 = EDGE_CURVE('',#6738,#1705,#6740,.T.);
#6738 = VERTEX_POINT('',#6739);
#6739 = CARTESIAN_POINT('',(13.180995121853,49.845002232506,0.));
#6740 = LINE('',#6741,#6742);
#6741 = CARTESIAN_POINT('',(13.180995121853,49.845002232506,0.));
#6742 = VECTOR('',#6743,1.);
#6743 = DIRECTION('',(0.,0.,1.));
#6744 = ORIENTED_EDGE('',*,*,#6745,.F.);
#6745 = EDGE_CURVE('',#6712,#6738,#6746,.T.);
#6746 = CIRCLE('',#6747,2.4);
#6747 = AXIS2_PLACEMENT_3D('',#6748,#6749,#6750);
#6748 = CARTESIAN_POINT('',(11.3259,48.3223,0.));
#6749 = DIRECTION('',(-0.,0.,1.));
#6750 = DIRECTION('',(0.471329386267,-0.881957260666,0.));
#6751 = CYLINDRICAL_SURFACE('',#6752,2.4);
#6752 = AXIS2_PLACEMENT_3D('',#6753,#6754,#6755);
#6753 = CARTESIAN_POINT('',(11.3259,48.3223,0.));
#6754 = DIRECTION('',(0.,0.,-1.));
#6755 = DIRECTION('',(0.471329386267,-0.881957260666,0.));
#6756 = ADVANCED_FACE('',(#6757),#6775,.F.);
#6757 = FACE_BOUND('',#6758,.T.);
#6758 = EDGE_LOOP('',(#6759,#6767,#6768,#6769));
#6759 = ORIENTED_EDGE('',*,*,#6760,.T.);
#6760 = EDGE_CURVE('',#6761,#1696,#6763,.T.);
#6761 = VERTEX_POINT('',#6762);
#6762 = CARTESIAN_POINT('',(12.683495121853,50.451102232506,0.));
#6763 = LINE('',#6764,#6765);
#6764 = CARTESIAN_POINT('',(12.683495121853,50.451102232506,0.));
#6765 = VECTOR('',#6766,1.);
#6766 = DIRECTION('',(0.,0.,1.));
#6767 = ORIENTED_EDGE('',*,*,#1704,.T.);
#6768 = ORIENTED_EDGE('',*,*,#6737,.F.);
#6769 = ORIENTED_EDGE('',*,*,#6770,.F.);
#6770 = EDGE_CURVE('',#6761,#6738,#6771,.T.);
#6771 = LINE('',#6772,#6773);
#6772 = CARTESIAN_POINT('',(12.683495121853,50.451102232506,0.));
#6773 = VECTOR('',#6774,1.);
#6774 = DIRECTION('',(0.634459263544,-0.772956300772,0.));
#6775 = PLANE('',#6776);
#6776 = AXIS2_PLACEMENT_3D('',#6777,#6778,#6779);
#6777 = CARTESIAN_POINT('',(12.683495121853,50.451102232506,0.));
#6778 = DIRECTION('',(-0.772956300772,-0.634459263544,-0.));
#6779 = DIRECTION('',(-0.634459263544,0.772956300772,0.));
#6780 = ADVANCED_FACE('',(#6781),#6800,.T.);
#6781 = FACE_BOUND('',#6782,.F.);
#6782 = EDGE_LOOP('',(#6783,#6784,#6785,#6793));
#6783 = ORIENTED_EDGE('',*,*,#6760,.T.);
#6784 = ORIENTED_EDGE('',*,*,#1695,.T.);
#6785 = ORIENTED_EDGE('',*,*,#6786,.F.);
#6786 = EDGE_CURVE('',#6787,#1688,#6789,.T.);
#6787 = VERTEX_POINT('',#6788);
#6788 = CARTESIAN_POINT('',(12.351102232506,50.783495121853,0.));
#6789 = LINE('',#6790,#6791);
#6790 = CARTESIAN_POINT('',(12.351102232506,50.783495121853,0.));
#6791 = VECTOR('',#6792,1.);
#6792 = DIRECTION('',(0.,0.,1.));
#6793 = ORIENTED_EDGE('',*,*,#6794,.F.);
#6794 = EDGE_CURVE('',#6761,#6787,#6795,.T.);
#6795 = CIRCLE('',#6796,2.4);
#6796 = AXIS2_PLACEMENT_3D('',#6797,#6798,#6799);
#6797 = CARTESIAN_POINT('',(10.8284,48.9284,0.));
#6798 = DIRECTION('',(-0.,0.,1.));
#6799 = DIRECTION('',(0.634459263544,-0.772956300772,0.));
#6800 = CYLINDRICAL_SURFACE('',#6801,2.4);
#6801 = AXIS2_PLACEMENT_3D('',#6802,#6803,#6804);
#6802 = CARTESIAN_POINT('',(10.8284,48.9284,0.));
#6803 = DIRECTION('',(0.,0.,-1.));
#6804 = DIRECTION('',(0.634459263544,-0.772956300772,0.));
#6805 = ADVANCED_FACE('',(#6806),#6824,.F.);
#6806 = FACE_BOUND('',#6807,.T.);
#6807 = EDGE_LOOP('',(#6808,#6816,#6817,#6818));
#6808 = ORIENTED_EDGE('',*,*,#6809,.T.);
#6809 = EDGE_CURVE('',#6810,#1679,#6812,.T.);
#6810 = VERTEX_POINT('',#6811);
#6811 = CARTESIAN_POINT('',(11.745002232506,51.280995121853,0.));
#6812 = LINE('',#6813,#6814);
#6813 = CARTESIAN_POINT('',(11.745002232506,51.280995121853,0.));
#6814 = VECTOR('',#6815,1.);
#6815 = DIRECTION('',(0.,0.,1.));
#6816 = ORIENTED_EDGE('',*,*,#1687,.T.);
#6817 = ORIENTED_EDGE('',*,*,#6786,.F.);
#6818 = ORIENTED_EDGE('',*,*,#6819,.F.);
#6819 = EDGE_CURVE('',#6810,#6787,#6820,.T.);
#6820 = LINE('',#6821,#6822);
#6821 = CARTESIAN_POINT('',(11.745002232506,51.280995121853,0.));
#6822 = VECTOR('',#6823,1.);
#6823 = DIRECTION('',(0.772956300772,-0.634459263544,0.));
#6824 = PLANE('',#6825);
#6825 = AXIS2_PLACEMENT_3D('',#6826,#6827,#6828);
#6826 = CARTESIAN_POINT('',(11.745002232506,51.280995121853,0.));
#6827 = DIRECTION('',(-0.634459263544,-0.772956300772,-0.));
#6828 = DIRECTION('',(-0.772956300772,0.634459263544,0.));
#6829 = ADVANCED_FACE('',(#6830),#6849,.T.);
#6830 = FACE_BOUND('',#6831,.F.);
#6831 = EDGE_LOOP('',(#6832,#6833,#6834,#6842));
#6832 = ORIENTED_EDGE('',*,*,#6809,.T.);
#6833 = ORIENTED_EDGE('',*,*,#1678,.T.);
#6834 = ORIENTED_EDGE('',*,*,#6835,.F.);
#6835 = EDGE_CURVE('',#6836,#1671,#6838,.T.);
#6836 = VERTEX_POINT('',#6837);
#6837 = CARTESIAN_POINT('',(11.353528695943,51.5425770272,0.));
#6838 = LINE('',#6839,#6840);
#6839 = CARTESIAN_POINT('',(11.353528695943,51.5425770272,0.));
#6840 = VECTOR('',#6841,1.);
#6841 = DIRECTION('',(0.,0.,1.));
#6842 = ORIENTED_EDGE('',*,*,#6843,.F.);
#6843 = EDGE_CURVE('',#6810,#6836,#6844,.T.);
#6844 = CIRCLE('',#6845,2.4);
#6845 = AXIS2_PLACEMENT_3D('',#6846,#6847,#6848);
#6846 = CARTESIAN_POINT('',(10.2223,49.4259,0.));
#6847 = DIRECTION('',(-0.,0.,1.));
#6848 = DIRECTION('',(0.772956300772,-0.634459263544,0.));
#6849 = CYLINDRICAL_SURFACE('',#6850,2.4);
#6850 = AXIS2_PLACEMENT_3D('',#6851,#6852,#6853);
#6851 = CARTESIAN_POINT('',(10.2223,49.4259,0.));
#6852 = DIRECTION('',(0.,0.,-1.));
#6853 = DIRECTION('',(0.772956300772,-0.634459263544,0.));
#6854 = ADVANCED_FACE('',(#6855),#6873,.F.);
#6855 = FACE_BOUND('',#6856,.T.);
#6856 = EDGE_LOOP('',(#6857,#6865,#6866,#6867));
#6857 = ORIENTED_EDGE('',*,*,#6858,.T.);
#6858 = EDGE_CURVE('',#6859,#1662,#6861,.T.);
#6859 = VERTEX_POINT('',#6860);
#6860 = CARTESIAN_POINT('',(10.661958695943,51.9121770272,0.));
#6861 = LINE('',#6862,#6863);
#6862 = CARTESIAN_POINT('',(10.661958695943,51.9121770272,0.));
#6863 = VECTOR('',#6864,1.);
#6864 = DIRECTION('',(0.,0.,1.));
#6865 = ORIENTED_EDGE('',*,*,#1670,.T.);
#6866 = ORIENTED_EDGE('',*,*,#6835,.F.);
#6867 = ORIENTED_EDGE('',*,*,#6868,.F.);
#6868 = EDGE_CURVE('',#6859,#6836,#6869,.T.);
#6869 = LINE('',#6870,#6871);
#6870 = CARTESIAN_POINT('',(10.661958695943,51.9121770272,0.));
#6871 = VECTOR('',#6872,1.);
#6872 = DIRECTION('',(0.881948761333,-0.471345289976,0.));
#6873 = PLANE('',#6874);
#6874 = AXIS2_PLACEMENT_3D('',#6875,#6876,#6877);
#6875 = CARTESIAN_POINT('',(10.661958695943,51.9121770272,0.));
#6876 = DIRECTION('',(-0.471345289976,-0.881948761333,-0.));
#6877 = DIRECTION('',(-0.881948761333,0.471345289976,0.));
#6878 = ADVANCED_FACE('',(#6879),#6898,.T.);
#6879 = FACE_BOUND('',#6880,.F.);
#6880 = EDGE_LOOP('',(#6881,#6882,#6883,#6891));
#6881 = ORIENTED_EDGE('',*,*,#6858,.T.);
#6882 = ORIENTED_EDGE('',*,*,#1661,.T.);
#6883 = ORIENTED_EDGE('',*,*,#6884,.F.);
#6884 = EDGE_CURVE('',#6885,#1654,#6887,.T.);
#6885 = VERTEX_POINT('',#6886);
#6886 = CARTESIAN_POINT('',(10.227350859849,52.092175723219,0.));
#6887 = LINE('',#6888,#6889);
#6888 = CARTESIAN_POINT('',(10.227350859849,52.092175723219,0.));
#6889 = VECTOR('',#6890,1.);
#6890 = DIRECTION('',(0.,0.,1.));
#6891 = ORIENTED_EDGE('',*,*,#6892,.F.);
#6892 = EDGE_CURVE('',#6859,#6885,#6893,.T.);
#6893 = CIRCLE('',#6894,2.4);
#6894 = AXIS2_PLACEMENT_3D('',#6895,#6896,#6897);
#6895 = CARTESIAN_POINT('',(9.53073,49.7955,0.));
#6896 = DIRECTION('',(-0.,0.,1.));
#6897 = DIRECTION('',(0.881948761333,-0.471345289976,0.));
#6898 = CYLINDRICAL_SURFACE('',#6899,2.4);
#6899 = AXIS2_PLACEMENT_3D('',#6900,#6901,#6902);
#6900 = CARTESIAN_POINT('',(9.53073,49.7955,0.));
#6901 = DIRECTION('',(0.,0.,-1.));
#6902 = DIRECTION('',(0.881948761333,-0.471345289976,0.));
#6903 = ADVANCED_FACE('',(#6904),#6922,.F.);
#6904 = FACE_BOUND('',#6905,.T.);
#6905 = EDGE_LOOP('',(#6906,#6914,#6915,#6916));
#6906 = ORIENTED_EDGE('',*,*,#6907,.T.);
#6907 = EDGE_CURVE('',#6908,#1645,#6910,.T.);
#6908 = VERTEX_POINT('',#6909);
#6909 = CARTESIAN_POINT('',(9.476980859849,52.319775723219,0.));
#6910 = LINE('',#6911,#6912);
#6911 = CARTESIAN_POINT('',(9.476980859849,52.319775723219,0.));
#6912 = VECTOR('',#6913,1.);
#6913 = DIRECTION('',(0.,0.,1.));
#6914 = ORIENTED_EDGE('',*,*,#1653,.T.);
#6915 = ORIENTED_EDGE('',*,*,#6884,.F.);
#6916 = ORIENTED_EDGE('',*,*,#6917,.F.);
#6917 = EDGE_CURVE('',#6908,#6885,#6918,.T.);
#6918 = LINE('',#6919,#6920);
#6919 = CARTESIAN_POINT('',(9.476980859849,52.319775723219,0.));
#6920 = VECTOR('',#6921,1.);
#6921 = DIRECTION('',(0.956948218008,-0.290258691604,0.));
#6922 = PLANE('',#6923);
#6923 = AXIS2_PLACEMENT_3D('',#6924,#6925,#6926);
#6924 = CARTESIAN_POINT('',(9.476980859849,52.319775723219,0.));
#6925 = DIRECTION('',(-0.290258691604,-0.956948218008,-0.));
#6926 = DIRECTION('',(-0.956948218008,0.290258691604,0.));
#6927 = ADVANCED_FACE('',(#6928),#6947,.T.);
#6928 = FACE_BOUND('',#6929,.F.);
#6929 = EDGE_LOOP('',(#6930,#6931,#6932,#6940));
#6930 = ORIENTED_EDGE('',*,*,#6907,.T.);
#6931 = ORIENTED_EDGE('',*,*,#1644,.T.);
#6932 = ORIENTED_EDGE('',*,*,#6933,.F.);
#6933 = EDGE_CURVE('',#6934,#1637,#6936,.T.);
#6934 = VERTEX_POINT('',#6935);
#6935 = CARTESIAN_POINT('',(9.015726171877,52.411531025828,0.));
#6936 = LINE('',#6937,#6938);
#6937 = CARTESIAN_POINT('',(9.015726171877,52.411531025828,0.));
#6938 = VECTOR('',#6939,1.);
#6939 = DIRECTION('',(0.,0.,1.));
#6940 = ORIENTED_EDGE('',*,*,#6941,.F.);
#6941 = EDGE_CURVE('',#6908,#6934,#6942,.T.);
#6942 = CIRCLE('',#6943,2.4);
#6943 = AXIS2_PLACEMENT_3D('',#6944,#6945,#6946);
#6944 = CARTESIAN_POINT('',(8.78036,50.0231,0.));
#6945 = DIRECTION('',(-0.,0.,1.));
#6946 = DIRECTION('',(0.956948218008,-0.290258691604,0.));
#6947 = CYLINDRICAL_SURFACE('',#6948,2.4);
#6948 = AXIS2_PLACEMENT_3D('',#6949,#6950,#6951);
#6949 = CARTESIAN_POINT('',(8.78036,50.0231,0.));
#6950 = DIRECTION('',(0.,0.,-1.));
#6951 = DIRECTION('',(0.956948218008,-0.290258691604,0.));
#6952 = ADVANCED_FACE('',(#6953),#6971,.F.);
#6953 = FACE_BOUND('',#6954,.T.);
#6954 = EDGE_LOOP('',(#6955,#6963,#6964,#6965));
#6955 = ORIENTED_EDGE('',*,*,#6956,.T.);
#6956 = EDGE_CURVE('',#6957,#1628,#6959,.T.);
#6957 = VERTEX_POINT('',#6958);
#6958 = CARTESIAN_POINT('',(8.235366171877,52.488431025828,0.));
#6959 = LINE('',#6960,#6961);
#6960 = CARTESIAN_POINT('',(8.235366171877,52.488431025828,0.));
#6961 = VECTOR('',#6962,1.);
#6962 = DIRECTION('',(0.,0.,1.));
#6963 = ORIENTED_EDGE('',*,*,#1636,.T.);
#6964 = ORIENTED_EDGE('',*,*,#6933,.F.);
#6965 = ORIENTED_EDGE('',*,*,#6966,.F.);
#6966 = EDGE_CURVE('',#6957,#6934,#6967,.T.);
#6967 = LINE('',#6968,#6969);
#6968 = CARTESIAN_POINT('',(8.235366171877,52.488431025828,0.));
#6969 = VECTOR('',#6970,1.);
#6970 = DIRECTION('',(0.995179594095,-9.80692382822E-02,0.));
#6971 = PLANE('',#6972);
#6972 = AXIS2_PLACEMENT_3D('',#6973,#6974,#6975);
#6973 = CARTESIAN_POINT('',(8.235366171877,52.488431025828,0.));
#6974 = DIRECTION('',(-9.80692382822E-02,-0.995179594095,-0.));
#6975 = DIRECTION('',(-0.995179594095,9.80692382822E-02,0.));
#6976 = ADVANCED_FACE('',(#6977),#6996,.T.);
#6977 = FACE_BOUND('',#6978,.F.);
#6978 = EDGE_LOOP('',(#6979,#6980,#6981,#6989));
#6979 = ORIENTED_EDGE('',*,*,#6956,.T.);
#6980 = ORIENTED_EDGE('',*,*,#1627,.T.);
#6981 = ORIENTED_EDGE('',*,*,#6982,.F.);
#6982 = EDGE_CURVE('',#6983,#1620,#6985,.T.);
#6983 = VERTEX_POINT('',#6984);
#6984 = CARTESIAN_POINT('',(8.,52.5,0.));
#6985 = LINE('',#6986,#6987);
#6986 = CARTESIAN_POINT('',(8.,52.5,0.));
#6987 = VECTOR('',#6988,1.);
#6988 = DIRECTION('',(0.,0.,1.));
#6989 = ORIENTED_EDGE('',*,*,#6990,.F.);
#6990 = EDGE_CURVE('',#6957,#6983,#6991,.T.);
#6991 = CIRCLE('',#6992,2.4);
#6992 = AXIS2_PLACEMENT_3D('',#6993,#6994,#6995);
#6993 = CARTESIAN_POINT('',(8.,50.1,0.));
#6994 = DIRECTION('',(-0.,0.,1.));
#6995 = DIRECTION('',(0.995179594095,-9.80692382822E-02,0.));
#6996 = CYLINDRICAL_SURFACE('',#6997,2.4);
#6997 = AXIS2_PLACEMENT_3D('',#6998,#6999,#7000);
#6998 = CARTESIAN_POINT('',(8.,50.1,0.));
#6999 = DIRECTION('',(0.,0.,-1.));
#7000 = DIRECTION('',(0.995179594095,-9.80692382822E-02,0.));
#7001 = ADVANCED_FACE('',(#7002),#7020,.F.);
#7002 = FACE_BOUND('',#7003,.T.);
#7003 = EDGE_LOOP('',(#7004,#7012,#7013,#7014));
#7004 = ORIENTED_EDGE('',*,*,#7005,.T.);
#7005 = EDGE_CURVE('',#7006,#1612,#7008,.T.);
#7006 = VERTEX_POINT('',#7007);
#7007 = CARTESIAN_POINT('',(1.264414140054,52.5,0.));
#7008 = LINE('',#7009,#7010);
#7009 = CARTESIAN_POINT('',(1.264414140054,52.5,0.));
#7010 = VECTOR('',#7011,1.);
#7011 = DIRECTION('',(0.,0.,1.));
#7012 = ORIENTED_EDGE('',*,*,#1619,.T.);
#7013 = ORIENTED_EDGE('',*,*,#6982,.F.);
#7014 = ORIENTED_EDGE('',*,*,#7015,.F.);
#7015 = EDGE_CURVE('',#7006,#6983,#7016,.T.);
#7016 = LINE('',#7017,#7018);
#7017 = CARTESIAN_POINT('',(1.14651,52.5,0.));
#7018 = VECTOR('',#7019,1.);
#7019 = DIRECTION('',(1.,0.,0.));
#7020 = PLANE('',#7021);
#7021 = AXIS2_PLACEMENT_3D('',#7022,#7023,#7024);
#7022 = CARTESIAN_POINT('',(1.264414140054,52.5,0.));
#7023 = DIRECTION('',(-0.,-1.,-0.));
#7024 = DIRECTION('',(-1.,0.,0.));
#7025 = ADVANCED_FACE('',(#7026),#7044,.F.);
#7026 = FACE_BOUND('',#7027,.T.);
#7027 = EDGE_LOOP('',(#7028,#7036,#7037,#7038));
#7028 = ORIENTED_EDGE('',*,*,#7029,.T.);
#7029 = EDGE_CURVE('',#7030,#1604,#7032,.T.);
#7030 = VERTEX_POINT('',#7031);
#7031 = CARTESIAN_POINT('',(-0.13649766189,52.637977417294,0.));
#7032 = LINE('',#7033,#7034);
#7033 = CARTESIAN_POINT('',(-0.13649766189,52.637977417294,0.));
#7034 = VECTOR('',#7035,1.);
#7035 = DIRECTION('',(0.,0.,1.));
#7036 = ORIENTED_EDGE('',*,*,#1611,.T.);
#7037 = ORIENTED_EDGE('',*,*,#7005,.F.);
#7038 = ORIENTED_EDGE('',*,*,#7039,.F.);
#7039 = EDGE_CURVE('',#7030,#7006,#7040,.T.);
#7040 = LINE('',#7041,#7042);
#7041 = CARTESIAN_POINT('',(-0.371706457676,52.661143402563,0.));
#7042 = VECTOR('',#7043,1.);
#7043 = DIRECTION('',(0.995184751068,-9.801689263519E-02,0.));
#7044 = PLANE('',#7045);
#7045 = AXIS2_PLACEMENT_3D('',#7046,#7047,#7048);
#7046 = CARTESIAN_POINT('',(-0.13649766189,52.637977417294,0.));
#7047 = DIRECTION('',(-9.801689263519E-02,-0.995184751068,-0.));
#7048 = DIRECTION('',(-0.995184751068,9.801689263519E-02,0.));
#7049 = ADVANCED_FACE('',(#7050),#7068,.F.);
#7050 = FACE_BOUND('',#7051,.T.);
#7051 = EDGE_LOOP('',(#7052,#7060,#7061,#7062));
#7052 = ORIENTED_EDGE('',*,*,#7053,.T.);
#7053 = EDGE_CURVE('',#7054,#1596,#7056,.T.);
#7054 = VERTEX_POINT('',#7055);
#7055 = CARTESIAN_POINT('',(-1.181199355165,52.954853323733,0.));
#7056 = LINE('',#7057,#7058);
#7057 = CARTESIAN_POINT('',(-1.181199355165,52.954853323733,0.));
#7058 = VECTOR('',#7059,1.);
#7059 = DIRECTION('',(0.,0.,1.));
#7060 = ORIENTED_EDGE('',*,*,#1603,.T.);
#7061 = ORIENTED_EDGE('',*,*,#7029,.F.);
#7062 = ORIENTED_EDGE('',*,*,#7063,.F.);
#7063 = EDGE_CURVE('',#7054,#7030,#7064,.T.);
#7064 = LINE('',#7065,#7066);
#7065 = CARTESIAN_POINT('',(-1.407438956304,53.023475667455,0.));
#7066 = VECTOR('',#7067,1.);
#7067 = DIRECTION('',(0.956948194773,-0.290258768207,0.));
#7068 = PLANE('',#7069);
#7069 = AXIS2_PLACEMENT_3D('',#7070,#7071,#7072);
#7070 = CARTESIAN_POINT('',(-1.181199355165,52.954853323733,0.));
#7071 = DIRECTION('',(-0.290258768207,-0.956948194773,-0.));
#7072 = DIRECTION('',(-0.956948194773,0.290258768207,0.));
#7073 = ADVANCED_FACE('',(#7074),#7092,.F.);
#7074 = FACE_BOUND('',#7075,.T.);
#7075 = EDGE_LOOP('',(#7076,#7084,#7085,#7086));
#7076 = ORIENTED_EDGE('',*,*,#7077,.T.);
#7077 = EDGE_CURVE('',#7078,#1588,#7080,.T.);
#7078 = VERTEX_POINT('',#7079);
#7079 = CARTESIAN_POINT('',(-2.14398342146,53.469477892598,0.));
#7080 = LINE('',#7081,#7082);
#7081 = CARTESIAN_POINT('',(-2.14398342146,53.469477892598,0.));
#7082 = VECTOR('',#7083,1.);
#7083 = DIRECTION('',(0.,0.,1.));
#7084 = ORIENTED_EDGE('',*,*,#1595,.T.);
#7085 = ORIENTED_EDGE('',*,*,#7053,.F.);
#7086 = ORIENTED_EDGE('',*,*,#7087,.F.);
#7087 = EDGE_CURVE('',#7078,#7054,#7088,.T.);
#7088 = LINE('',#7089,#7090);
#7089 = CARTESIAN_POINT('',(-2.352447975911,53.580905766422,0.));
#7090 = VECTOR('',#7091,1.);
#7091 = DIRECTION('',(0.881919069342,-0.47140084337,0.));
#7092 = PLANE('',#7093);
#7093 = AXIS2_PLACEMENT_3D('',#7094,#7095,#7096);
#7094 = CARTESIAN_POINT('',(-2.14398342146,53.469477892598,0.));
#7095 = DIRECTION('',(-0.47140084337,-0.881919069342,-0.));
#7096 = DIRECTION('',(-0.881919069342,0.47140084337,0.));
#7097 = ADVANCED_FACE('',(#7098),#7116,.F.);
#7098 = FACE_BOUND('',#7099,.T.);
#7099 = EDGE_LOOP('',(#7100,#7108,#7109,#7110));
#7100 = ORIENTED_EDGE('',*,*,#7101,.T.);
#7101 = EDGE_CURVE('',#7102,#1580,#7104,.T.);
#7102 = VERTEX_POINT('',#7103);
#7103 = CARTESIAN_POINT('',(-2.987882899771,54.162051015758,0.));
#7104 = LINE('',#7105,#7106);
#7105 = CARTESIAN_POINT('',(-2.987882899771,54.162051015758,0.));
#7106 = VECTOR('',#7107,1.);
#7107 = DIRECTION('',(0.,0.,1.));
#7108 = ORIENTED_EDGE('',*,*,#1587,.T.);
#7109 = ORIENTED_EDGE('',*,*,#7077,.F.);
#7110 = ORIENTED_EDGE('',*,*,#7111,.F.);
#7111 = EDGE_CURVE('',#7102,#7078,#7112,.T.);
#7112 = LINE('',#7113,#7114);
#7113 = CARTESIAN_POINT('',(-3.170622545283,54.312022156006,0.));
#7114 = VECTOR('',#7115,1.);
#7115 = DIRECTION('',(0.773009231669,-0.634394772799,0.));
#7116 = PLANE('',#7117);
#7117 = AXIS2_PLACEMENT_3D('',#7118,#7119,#7120);
#7118 = CARTESIAN_POINT('',(-2.987882899771,54.162051015758,0.));
#7119 = DIRECTION('',(-0.634394772799,-0.773009231669,-0.));
#7120 = DIRECTION('',(-0.773009231669,0.634394772799,0.));
#7121 = ADVANCED_FACE('',(#7122),#7140,.F.);
#7122 = FACE_BOUND('',#7123,.T.);
#7123 = EDGE_LOOP('',(#7124,#7132,#7133,#7134));
#7124 = ORIENTED_EDGE('',*,*,#7125,.T.);
#7125 = EDGE_CURVE('',#7126,#1572,#7128,.T.);
#7126 = VERTEX_POINT('',#7127);
#7127 = CARTESIAN_POINT('',(-3.68048160152,55.006018078292,0.));
#7128 = LINE('',#7129,#7130);
#7129 = CARTESIAN_POINT('',(-3.68048160152,55.006018078292,0.));
#7130 = VECTOR('',#7131,1.);
#7131 = DIRECTION('',(0.,0.,1.));
#7132 = ORIENTED_EDGE('',*,*,#1579,.T.);
#7133 = ORIENTED_EDGE('',*,*,#7101,.F.);
#7134 = ORIENTED_EDGE('',*,*,#7135,.F.);
#7135 = EDGE_CURVE('',#7126,#7102,#7136,.T.);
#7136 = LINE('',#7137,#7138);
#7137 = CARTESIAN_POINT('',(-3.830405626432,55.188708196811,0.));
#7138 = VECTOR('',#7139,1.);
#7139 = DIRECTION('',(0.634378415338,-0.773022655653,0.));
#7140 = PLANE('',#7141);
#7141 = AXIS2_PLACEMENT_3D('',#7142,#7143,#7144);
#7142 = CARTESIAN_POINT('',(-3.68048160152,55.006018078292,0.));
#7143 = DIRECTION('',(-0.773022655653,-0.634378415338,-0.));
#7144 = DIRECTION('',(-0.634378415338,0.773022655653,0.));
#7145 = ADVANCED_FACE('',(#7146),#7164,.F.);
#7146 = FACE_BOUND('',#7147,.T.);
#7147 = EDGE_LOOP('',(#7148,#7156,#7157,#7158));
#7148 = ORIENTED_EDGE('',*,*,#7149,.T.);
#7149 = EDGE_CURVE('',#7150,#1564,#7152,.T.);
#7150 = VERTEX_POINT('',#7151);
#7151 = CARTESIAN_POINT('',(-4.195125640584,55.968803679237,0.));
#7152 = LINE('',#7153,#7154);
#7153 = CARTESIAN_POINT('',(-4.195125640584,55.968803679237,0.));
#7154 = VECTOR('',#7155,1.);
#7155 = DIRECTION('',(0.,0.,1.));
#7156 = ORIENTED_EDGE('',*,*,#1571,.T.);
#7157 = ORIENTED_EDGE('',*,*,#7125,.F.);
#7158 = ORIENTED_EDGE('',*,*,#7159,.F.);
#7159 = EDGE_CURVE('',#7150,#7126,#7160,.T.);
#7160 = LINE('',#7161,#7162);
#7161 = CARTESIAN_POINT('',(-4.306571279035,56.177293912961,0.));
#7162 = VECTOR('',#7163,1.);
#7163 = DIRECTION('',(0.4714141304,-0.881911967069,0.));
#7164 = PLANE('',#7165);
#7165 = AXIS2_PLACEMENT_3D('',#7166,#7167,#7168);
#7166 = CARTESIAN_POINT('',(-4.195125640584,55.968803679237,0.));
#7167 = DIRECTION('',(-0.881911967069,-0.4714141304,-0.));
#7168 = DIRECTION('',(-0.4714141304,0.881911967069,0.));
#7169 = ADVANCED_FACE('',(#7170),#7188,.F.);
#7170 = FACE_BOUND('',#7171,.T.);
#7171 = EDGE_LOOP('',(#7172,#7180,#7181,#7182));
#7172 = ORIENTED_EDGE('',*,*,#7173,.T.);
#7173 = EDGE_CURVE('',#7174,#1556,#7176,.T.);
#7174 = VERTEX_POINT('',#7175);
#7175 = CARTESIAN_POINT('',(-4.53421594708,57.086647287267,0.));
#7176 = LINE('',#7177,#7178);
#7177 = CARTESIAN_POINT('',(-4.53421594708,57.086647287267,0.));
#7178 = VECTOR('',#7179,1.);
#7179 = DIRECTION('',(0.,0.,1.));
#7180 = ORIENTED_EDGE('',*,*,#1563,.T.);
#7181 = ORIENTED_EDGE('',*,*,#7149,.F.);
#7182 = ORIENTED_EDGE('',*,*,#7183,.F.);
#7183 = EDGE_CURVE('',#7174,#7150,#7184,.T.);
#7184 = LINE('',#7185,#7186);
#7185 = CARTESIAN_POINT('',(-4.585610999948,57.25607599175,0.));
#7186 = VECTOR('',#7187,1.);
#7187 = DIRECTION('',(0.290281663229,-0.956941250022,0.));
#7188 = PLANE('',#7189);
#7189 = AXIS2_PLACEMENT_3D('',#7190,#7191,#7192);
#7190 = CARTESIAN_POINT('',(-4.53421594708,57.086647287267,0.));
#7191 = DIRECTION('',(-0.956941250022,-0.290281663229,-0.));
#7192 = DIRECTION('',(-0.290281663229,0.956941250022,0.));
#7193 = ADVANCED_FACE('',(#7194),#7212,.F.);
#7194 = FACE_BOUND('',#7195,.T.);
#7195 = EDGE_LOOP('',(#7196,#7204,#7205,#7206));
#7196 = ORIENTED_EDGE('',*,*,#7197,.T.);
#7197 = EDGE_CURVE('',#7198,#1547,#7200,.T.);
#7198 = VERTEX_POINT('',#7199);
#7199 = CARTESIAN_POINT('',(-4.555850094728,57.232510790623,0.));
#7200 = LINE('',#7201,#7202);
#7201 = CARTESIAN_POINT('',(-4.555850094728,57.232510790623,0.));
#7202 = VECTOR('',#7203,1.);
#7203 = DIRECTION('',(0.,0.,1.));
#7204 = ORIENTED_EDGE('',*,*,#1555,.T.);
#7205 = ORIENTED_EDGE('',*,*,#7173,.F.);
#7206 = ORIENTED_EDGE('',*,*,#7207,.F.);
#7207 = EDGE_CURVE('',#7198,#7174,#7208,.T.);
#7208 = LINE('',#7209,#7210);
#7209 = CARTESIAN_POINT('',(-4.555850094728,57.232510790623,0.));
#7210 = VECTOR('',#7211,1.);
#7211 = DIRECTION('',(0.146712829426,-0.989179127197,0.));
#7212 = PLANE('',#7213);
#7213 = AXIS2_PLACEMENT_3D('',#7214,#7215,#7216);
#7214 = CARTESIAN_POINT('',(-4.555850094728,57.232510790623,0.));
#7215 = DIRECTION('',(-0.989179127197,-0.146712829426,-0.));
#7216 = DIRECTION('',(-0.146712829426,0.989179127197,0.));
#7217 = ADVANCED_FACE('',(#7218),#7237,.T.);
#7218 = FACE_BOUND('',#7219,.F.);
#7219 = EDGE_LOOP('',(#7220,#7221,#7222,#7230));
#7220 = ORIENTED_EDGE('',*,*,#7197,.T.);
#7221 = ORIENTED_EDGE('',*,*,#1546,.T.);
#7222 = ORIENTED_EDGE('',*,*,#7223,.F.);
#7223 = EDGE_CURVE('',#7224,#1539,#7226,.T.);
#7224 = VERTEX_POINT('',#7225);
#7225 = CARTESIAN_POINT('',(-4.63323933616,57.577136435963,0.));
#7226 = LINE('',#7227,#7228);
#7227 = CARTESIAN_POINT('',(-4.63323933616,57.577136435963,0.));
#7228 = VECTOR('',#7229,1.);
#7229 = DIRECTION('',(0.,0.,1.));
#7230 = ORIENTED_EDGE('',*,*,#7231,.F.);
#7231 = EDGE_CURVE('',#7198,#7224,#7232,.T.);
#7232 = CIRCLE('',#7233,2.4);
#7233 = AXIS2_PLACEMENT_3D('',#7234,#7235,#7236);
#7234 = CARTESIAN_POINT('',(-6.92988,56.8804,0.));
#7235 = DIRECTION('',(-0.,0.,1.));
#7236 = DIRECTION('',(0.146712829426,-0.989179127197,0.));
#7237 = CYLINDRICAL_SURFACE('',#7238,2.4);
#7238 = AXIS2_PLACEMENT_3D('',#7239,#7240,#7241);
#7239 = CARTESIAN_POINT('',(-6.92988,56.8804,0.));
#7240 = DIRECTION('',(0.,0.,-1.));
#7241 = DIRECTION('',(0.146712829426,-0.989179127197,0.));
#7242 = ADVANCED_FACE('',(#7243),#7261,.F.);
#7243 = FACE_BOUND('',#7244,.T.);
#7244 = EDGE_LOOP('',(#7245,#7253,#7254,#7255));
#7245 = ORIENTED_EDGE('',*,*,#7246,.T.);
#7246 = EDGE_CURVE('',#7247,#1530,#7249,.T.);
#7247 = VERTEX_POINT('',#7248);
#7248 = CARTESIAN_POINT('',(-4.86085933616,58.327436435963,0.));
#7249 = LINE('',#7250,#7251);
#7250 = CARTESIAN_POINT('',(-4.86085933616,58.327436435963,0.));
#7251 = VECTOR('',#7252,1.);
#7252 = DIRECTION('',(0.,0.,1.));
#7253 = ORIENTED_EDGE('',*,*,#1538,.T.);
#7254 = ORIENTED_EDGE('',*,*,#7223,.F.);
#7255 = ORIENTED_EDGE('',*,*,#7256,.F.);
#7256 = EDGE_CURVE('',#7247,#7224,#7257,.T.);
#7257 = LINE('',#7258,#7259);
#7258 = CARTESIAN_POINT('',(-4.86085933616,58.327436435963,0.));
#7259 = VECTOR('',#7260,1.);
#7260 = DIRECTION('',(0.290306848318,-0.956933609933,0.));
#7261 = PLANE('',#7262);
#7262 = AXIS2_PLACEMENT_3D('',#7263,#7264,#7265);
#7263 = CARTESIAN_POINT('',(-4.86085933616,58.327436435963,0.));
#7264 = DIRECTION('',(-0.956933609933,-0.290306848318,-0.));
#7265 = DIRECTION('',(-0.290306848318,0.956933609933,0.));
#7266 = ADVANCED_FACE('',(#7267),#7286,.T.);
#7267 = FACE_BOUND('',#7268,.F.);
#7268 = EDGE_LOOP('',(#7269,#7270,#7271,#7279));
#7269 = ORIENTED_EDGE('',*,*,#7246,.T.);
#7270 = ORIENTED_EDGE('',*,*,#1529,.T.);
#7271 = ORIENTED_EDGE('',*,*,#7272,.F.);
#7272 = EDGE_CURVE('',#7273,#1522,#7275,.T.);
#7273 = VERTEX_POINT('',#7274);
#7274 = CARTESIAN_POINT('',(-5.040853465718,58.761985750335,0.));
#7275 = LINE('',#7276,#7277);
#7276 = CARTESIAN_POINT('',(-5.040853465718,58.761985750335,0.));
#7277 = VECTOR('',#7278,1.);
#7278 = DIRECTION('',(0.,0.,1.));
#7279 = ORIENTED_EDGE('',*,*,#7280,.F.);
#7280 = EDGE_CURVE('',#7247,#7273,#7281,.T.);
#7281 = CIRCLE('',#7282,2.4);
#7282 = AXIS2_PLACEMENT_3D('',#7283,#7284,#7285);
#7283 = CARTESIAN_POINT('',(-7.1575,57.6307,0.));
#7284 = DIRECTION('',(-0.,0.,1.));
#7285 = DIRECTION('',(0.290306848318,-0.956933609933,0.));
#7286 = CYLINDRICAL_SURFACE('',#7287,2.4);
#7287 = AXIS2_PLACEMENT_3D('',#7288,#7289,#7290);
#7288 = CARTESIAN_POINT('',(-7.1575,57.6307,0.));
#7289 = DIRECTION('',(0.,0.,-1.));
#7290 = DIRECTION('',(0.290306848318,-0.956933609933,0.));
#7291 = ADVANCED_FACE('',(#7292),#7310,.F.);
#7292 = FACE_BOUND('',#7293,.T.);
#7293 = EDGE_LOOP('',(#7294,#7302,#7303,#7304));
#7294 = ORIENTED_EDGE('',*,*,#7295,.T.);
#7295 = EDGE_CURVE('',#7296,#1513,#7298,.T.);
#7296 = VERTEX_POINT('',#7297);
#7297 = CARTESIAN_POINT('',(-5.410493465718,59.453585750335,0.));
#7298 = LINE('',#7299,#7300);
#7299 = CARTESIAN_POINT('',(-5.410493465718,59.453585750335,0.));
#7300 = VECTOR('',#7301,1.);
#7301 = DIRECTION('',(0.,0.,1.));
#7302 = ORIENTED_EDGE('',*,*,#1521,.T.);
#7303 = ORIENTED_EDGE('',*,*,#7272,.F.);
#7304 = ORIENTED_EDGE('',*,*,#7305,.F.);
#7305 = EDGE_CURVE('',#7296,#7273,#7306,.T.);
#7306 = LINE('',#7307,#7308);
#7307 = CARTESIAN_POINT('',(-5.410493465718,59.453585750335,0.));
#7308 = VECTOR('',#7309,1.);
#7309 = DIRECTION('',(0.47136906264,-0.881936055951,0.));
#7310 = PLANE('',#7311);
#7311 = AXIS2_PLACEMENT_3D('',#7312,#7313,#7314);
#7312 = CARTESIAN_POINT('',(-5.410493465718,59.453585750335,0.));
#7313 = DIRECTION('',(-0.881936055951,-0.47136906264,-0.));
#7314 = DIRECTION('',(-0.47136906264,0.881936055951,0.));
#7315 = ADVANCED_FACE('',(#7316),#7335,.T.);
#7316 = FACE_BOUND('',#7317,.F.);
#7317 = EDGE_LOOP('',(#7318,#7319,#7320,#7328));
#7318 = ORIENTED_EDGE('',*,*,#7295,.T.);
#7319 = ORIENTED_EDGE('',*,*,#1512,.T.);
#7320 = ORIENTED_EDGE('',*,*,#7321,.F.);
#7321 = EDGE_CURVE('',#7322,#1505,#7324,.T.);
#7322 = VERTEX_POINT('',#7323);
#7323 = CARTESIAN_POINT('',(-5.671969827383,59.844910794206,0.));
#7324 = LINE('',#7325,#7326);
#7325 = CARTESIAN_POINT('',(-5.671969827383,59.844910794206,0.));
#7326 = VECTOR('',#7327,1.);
#7327 = DIRECTION('',(0.,0.,1.));
#7328 = ORIENTED_EDGE('',*,*,#7329,.F.);
#7329 = EDGE_CURVE('',#7296,#7322,#7330,.T.);
#7330 = CIRCLE('',#7331,2.4);
#7331 = AXIS2_PLACEMENT_3D('',#7332,#7333,#7334);
#7332 = CARTESIAN_POINT('',(-7.52714,58.3223,0.));
#7333 = DIRECTION('',(-0.,0.,1.));
#7334 = DIRECTION('',(0.47136906264,-0.881936055951,0.));
#7335 = CYLINDRICAL_SURFACE('',#7336,2.4);
#7336 = AXIS2_PLACEMENT_3D('',#7337,#7338,#7339);
#7337 = CARTESIAN_POINT('',(-7.52714,58.3223,0.));
#7338 = DIRECTION('',(0.,0.,-1.));
#7339 = DIRECTION('',(0.47136906264,-0.881936055951,0.));
#7340 = ADVANCED_FACE('',(#7341),#7359,.F.);
#7341 = FACE_BOUND('',#7342,.T.);
#7342 = EDGE_LOOP('',(#7343,#7351,#7352,#7353));
#7343 = ORIENTED_EDGE('',*,*,#7344,.T.);
#7344 = EDGE_CURVE('',#7345,#1496,#7347,.T.);
#7345 = VERTEX_POINT('',#7346);
#7346 = CARTESIAN_POINT('',(-6.169419827383,60.451010794206,0.));
#7347 = LINE('',#7348,#7349);
#7348 = CARTESIAN_POINT('',(-6.169419827383,60.451010794206,0.));
#7349 = VECTOR('',#7350,1.);
#7350 = DIRECTION('',(0.,0.,1.));
#7351 = ORIENTED_EDGE('',*,*,#1504,.T.);
#7352 = ORIENTED_EDGE('',*,*,#7321,.F.);
#7353 = ORIENTED_EDGE('',*,*,#7354,.F.);
#7354 = EDGE_CURVE('',#7345,#7322,#7355,.T.);
#7355 = LINE('',#7356,#7357);
#7356 = CARTESIAN_POINT('',(-6.169419827383,60.451010794206,0.));
#7357 = VECTOR('',#7358,1.);
#7358 = DIRECTION('',(0.634421164253,-0.772987571924,0.));
#7359 = PLANE('',#7360);
#7360 = AXIS2_PLACEMENT_3D('',#7361,#7362,#7363);
#7361 = CARTESIAN_POINT('',(-6.169419827383,60.451010794206,0.));
#7362 = DIRECTION('',(-0.772987571924,-0.634421164253,-0.));
#7363 = DIRECTION('',(-0.634421164253,0.772987571924,0.));
#7364 = ADVANCED_FACE('',(#7365),#7384,.T.);
#7365 = FACE_BOUND('',#7366,.F.);
#7366 = EDGE_LOOP('',(#7367,#7368,#7369,#7377));
#7367 = ORIENTED_EDGE('',*,*,#7344,.T.);
#7368 = ORIENTED_EDGE('',*,*,#1495,.T.);
#7369 = ORIENTED_EDGE('',*,*,#7370,.F.);
#7370 = EDGE_CURVE('',#7371,#1488,#7373,.T.);
#7371 = VERTEX_POINT('',#7372);
#7372 = CARTESIAN_POINT('',(-6.501962815023,60.783556719948,0.));
#7373 = LINE('',#7374,#7375);
#7374 = CARTESIAN_POINT('',(-6.501962815023,60.783556719948,0.));
#7375 = VECTOR('',#7376,1.);
#7376 = DIRECTION('',(0.,0.,1.));
#7377 = ORIENTED_EDGE('',*,*,#7378,.F.);
#7378 = EDGE_CURVE('',#7345,#7371,#7379,.T.);
#7379 = CIRCLE('',#7380,2.4);
#7380 = AXIS2_PLACEMENT_3D('',#7381,#7382,#7383);
#7381 = CARTESIAN_POINT('',(-8.02459,58.9284,0.));
#7382 = DIRECTION('',(-0.,0.,1.));
#7383 = DIRECTION('',(0.634421164253,-0.772987571924,0.));
#7384 = CYLINDRICAL_SURFACE('',#7385,2.4);
#7385 = AXIS2_PLACEMENT_3D('',#7386,#7387,#7388);
#7386 = CARTESIAN_POINT('',(-8.02459,58.9284,0.));
#7387 = DIRECTION('',(0.,0.,-1.));
#7388 = DIRECTION('',(0.634421164253,-0.772987571924,0.));
#7389 = ADVANCED_FACE('',(#7390),#7408,.F.);
#7390 = FACE_BOUND('',#7391,.T.);
#7391 = EDGE_LOOP('',(#7392,#7400,#7401,#7402));
#7392 = ORIENTED_EDGE('',*,*,#7393,.T.);
#7393 = EDGE_CURVE('',#7394,#1479,#7396,.T.);
#7394 = VERTEX_POINT('',#7395);
#7395 = CARTESIAN_POINT('',(-7.108112815023,61.281056719948,0.));
#7396 = LINE('',#7397,#7398);
#7397 = CARTESIAN_POINT('',(-7.108112815023,61.281056719948,0.));
#7398 = VECTOR('',#7399,1.);
#7399 = DIRECTION('',(0.,0.,1.));
#7400 = ORIENTED_EDGE('',*,*,#1487,.T.);
#7401 = ORIENTED_EDGE('',*,*,#7370,.F.);
#7402 = ORIENTED_EDGE('',*,*,#7403,.F.);
#7403 = EDGE_CURVE('',#7394,#7371,#7404,.T.);
#7404 = LINE('',#7405,#7406);
#7405 = CARTESIAN_POINT('',(-7.108112815023,61.281056719948,0.));
#7406 = VECTOR('',#7407,1.);
#7407 = DIRECTION('',(0.772981966645,-0.634427993741,0.));
#7408 = PLANE('',#7409);
#7409 = AXIS2_PLACEMENT_3D('',#7410,#7411,#7412);
#7410 = CARTESIAN_POINT('',(-7.108112815023,61.281056719948,0.));
#7411 = DIRECTION('',(-0.634427993741,-0.772981966645,-0.));
#7412 = DIRECTION('',(-0.772981966645,0.634427993741,0.));
#7413 = ADVANCED_FACE('',(#7414),#7433,.T.);
#7414 = FACE_BOUND('',#7415,.F.);
#7415 = EDGE_LOOP('',(#7416,#7417,#7418,#7426));
#7416 = ORIENTED_EDGE('',*,*,#7393,.T.);
#7417 = ORIENTED_EDGE('',*,*,#1478,.T.);
#7418 = ORIENTED_EDGE('',*,*,#7419,.F.);
#7419 = EDGE_CURVE('',#7420,#1471,#7422,.T.);
#7420 = VERTEX_POINT('',#7421);
#7421 = CARTESIAN_POINT('',(-7.499473132947,61.542556626737,0.));
#7422 = LINE('',#7423,#7424);
#7423 = CARTESIAN_POINT('',(-7.499473132947,61.542556626737,0.));
#7424 = VECTOR('',#7425,1.);
#7425 = DIRECTION('',(0.,0.,1.));
#7426 = ORIENTED_EDGE('',*,*,#7427,.F.);
#7427 = EDGE_CURVE('',#7394,#7420,#7428,.T.);
#7428 = CIRCLE('',#7429,2.4);
#7429 = AXIS2_PLACEMENT_3D('',#7430,#7431,#7432);
#7430 = CARTESIAN_POINT('',(-8.63074,59.4259,0.));
#7431 = DIRECTION('',(-0.,0.,1.));
#7432 = DIRECTION('',(0.772981966645,-0.634427993741,0.));
#7433 = CYLINDRICAL_SURFACE('',#7434,2.4);
#7434 = AXIS2_PLACEMENT_3D('',#7435,#7436,#7437);
#7435 = CARTESIAN_POINT('',(-8.63074,59.4259,0.));
#7436 = DIRECTION('',(0.,0.,-1.));
#7437 = DIRECTION('',(0.772981966645,-0.634427993741,0.));
#7438 = ADVANCED_FACE('',(#7439),#7457,.F.);
#7439 = FACE_BOUND('',#7440,.T.);
#7440 = EDGE_LOOP('',(#7441,#7449,#7450,#7451));
#7441 = ORIENTED_EDGE('',*,*,#7442,.T.);
#7442 = EDGE_CURVE('',#7443,#1462,#7445,.T.);
#7443 = VERTEX_POINT('',#7444);
#7444 = CARTESIAN_POINT('',(-8.191013132947,61.912156626737,0.));
#7445 = LINE('',#7446,#7447);
#7446 = CARTESIAN_POINT('',(-8.191013132947,61.912156626737,0.));
#7447 = VECTOR('',#7448,1.);
#7448 = DIRECTION('',(0.,0.,1.));
#7449 = ORIENTED_EDGE('',*,*,#1470,.T.);
#7450 = ORIENTED_EDGE('',*,*,#7419,.F.);
#7451 = ORIENTED_EDGE('',*,*,#7452,.F.);
#7452 = EDGE_CURVE('',#7443,#7420,#7453,.T.);
#7453 = LINE('',#7454,#7455);
#7454 = CARTESIAN_POINT('',(-8.191013132947,61.912156626737,0.));
#7455 = VECTOR('',#7456,1.);
#7456 = DIRECTION('',(0.88194026114,-0.471361194605,0.));
#7457 = PLANE('',#7458);
#7458 = AXIS2_PLACEMENT_3D('',#7459,#7460,#7461);
#7459 = CARTESIAN_POINT('',(-8.191013132947,61.912156626737,0.));
#7460 = DIRECTION('',(-0.471361194605,-0.88194026114,-0.));
#7461 = DIRECTION('',(-0.88194026114,0.471361194605,0.));
#7462 = ADVANCED_FACE('',(#7463),#7482,.T.);
#7463 = FACE_BOUND('',#7464,.F.);
#7464 = EDGE_LOOP('',(#7465,#7466,#7467,#7475));
#7465 = ORIENTED_EDGE('',*,*,#7442,.T.);
#7466 = ORIENTED_EDGE('',*,*,#1461,.T.);
#7467 = ORIENTED_EDGE('',*,*,#7468,.F.);
#7468 = EDGE_CURVE('',#7469,#1454,#7471,.T.);
#7469 = VERTEX_POINT('',#7470);
#7470 = CARTESIAN_POINT('',(-8.625701645405,62.092188615357,0.));
#7471 = LINE('',#7472,#7473);
#7472 = CARTESIAN_POINT('',(-8.625701645405,62.092188615357,0.));
#7473 = VECTOR('',#7474,1.);
#7474 = DIRECTION('',(0.,0.,1.));
#7475 = ORIENTED_EDGE('',*,*,#7476,.F.);
#7476 = EDGE_CURVE('',#7443,#7469,#7477,.T.);
#7477 = CIRCLE('',#7478,2.4);
#7478 = AXIS2_PLACEMENT_3D('',#7479,#7480,#7481);
#7479 = CARTESIAN_POINT('',(-9.32228,59.7955,0.));
#7480 = DIRECTION('',(-0.,0.,1.));
#7481 = DIRECTION('',(0.88194026114,-0.471361194605,0.));
#7482 = CYLINDRICAL_SURFACE('',#7483,2.4);
#7483 = AXIS2_PLACEMENT_3D('',#7484,#7485,#7486);
#7484 = CARTESIAN_POINT('',(-9.32228,59.7955,0.));
#7485 = DIRECTION('',(0.,0.,-1.));
#7486 = DIRECTION('',(0.88194026114,-0.471361194605,0.));
#7487 = ADVANCED_FACE('',(#7488),#7506,.F.);
#7488 = FACE_BOUND('',#7489,.T.);
#7489 = EDGE_LOOP('',(#7490,#7498,#7499,#7500));
#7490 = ORIENTED_EDGE('',*,*,#7491,.T.);
#7491 = EDGE_CURVE('',#7492,#1445,#7494,.T.);
#7492 = VERTEX_POINT('',#7493);
#7493 = CARTESIAN_POINT('',(-9.376121645405,62.319788615357,0.));
#7494 = LINE('',#7495,#7496);
#7495 = CARTESIAN_POINT('',(-9.376121645405,62.319788615357,0.));
#7496 = VECTOR('',#7497,1.);
#7497 = DIRECTION('',(0.,0.,1.));
#7498 = ORIENTED_EDGE('',*,*,#1453,.T.);
#7499 = ORIENTED_EDGE('',*,*,#7468,.F.);
#7500 = ORIENTED_EDGE('',*,*,#7501,.F.);
#7501 = EDGE_CURVE('',#7492,#7469,#7502,.T.);
#7502 = LINE('',#7503,#7504);
#7503 = CARTESIAN_POINT('',(-9.376121645405,62.319788615357,0.));
#7504 = VECTOR('',#7505,1.);
#7505 = DIRECTION('',(0.956953589732,-0.290240981081,0.));
#7506 = PLANE('',#7507);
#7507 = AXIS2_PLACEMENT_3D('',#7508,#7509,#7510);
#7508 = CARTESIAN_POINT('',(-9.376121645405,62.319788615357,0.));
#7509 = DIRECTION('',(-0.290240981081,-0.956953589732,-0.));
#7510 = DIRECTION('',(-0.956953589732,0.290240981081,0.));
#7511 = ADVANCED_FACE('',(#7512),#7531,.T.);
#7512 = FACE_BOUND('',#7513,.F.);
#7513 = EDGE_LOOP('',(#7514,#7515,#7516,#7524));
#7514 = ORIENTED_EDGE('',*,*,#7491,.T.);
#7515 = ORIENTED_EDGE('',*,*,#1444,.T.);
#7516 = ORIENTED_EDGE('',*,*,#7517,.F.);
#7517 = EDGE_CURVE('',#7518,#1437,#7520,.T.);
#7518 = VERTEX_POINT('',#7519);
#7519 = CARTESIAN_POINT('',(-9.837315904073,62.411529259447,0.));
#7520 = LINE('',#7521,#7522);
#7521 = CARTESIAN_POINT('',(-9.837315904073,62.411529259447,0.));
#7522 = VECTOR('',#7523,1.);
#7523 = DIRECTION('',(0.,0.,1.));
#7524 = ORIENTED_EDGE('',*,*,#7525,.F.);
#7525 = EDGE_CURVE('',#7492,#7518,#7526,.T.);
#7526 = CIRCLE('',#7527,2.4);
#7527 = AXIS2_PLACEMENT_3D('',#7528,#7529,#7530);
#7528 = CARTESIAN_POINT('',(-10.0727,60.0231,0.));
#7529 = DIRECTION('',(-0.,0.,1.));
#7530 = DIRECTION('',(0.956953589732,-0.290240981081,0.));
#7531 = CYLINDRICAL_SURFACE('',#7532,2.4);
#7532 = AXIS2_PLACEMENT_3D('',#7533,#7534,#7535);
#7533 = CARTESIAN_POINT('',(-10.0727,60.0231,0.));
#7534 = DIRECTION('',(0.,0.,-1.));
#7535 = DIRECTION('',(0.956953589732,-0.290240981081,0.));
#7536 = ADVANCED_FACE('',(#7537),#7555,.F.);
#7537 = FACE_BOUND('',#7538,.T.);
#7538 = EDGE_LOOP('',(#7539,#7547,#7548,#7549));
#7539 = ORIENTED_EDGE('',*,*,#7540,.T.);
#7540 = EDGE_CURVE('',#7541,#1428,#7543,.T.);
#7541 = VERTEX_POINT('',#7542);
#7542 = CARTESIAN_POINT('',(-10.61761590407,62.488429259447,0.));
#7543 = LINE('',#7544,#7545);
#7544 = CARTESIAN_POINT('',(-10.61761590407,62.488429259447,0.));
#7545 = VECTOR('',#7546,1.);
#7546 = DIRECTION('',(0.,0.,1.));
#7547 = ORIENTED_EDGE('',*,*,#1436,.T.);
#7548 = ORIENTED_EDGE('',*,*,#7517,.F.);
#7549 = ORIENTED_EDGE('',*,*,#7550,.F.);
#7550 = EDGE_CURVE('',#7541,#7518,#7551,.T.);
#7551 = LINE('',#7552,#7553);
#7552 = CARTESIAN_POINT('',(-10.61761590407,62.488429259447,0.));
#7553 = VECTOR('',#7554,1.);
#7554 = DIRECTION('',(0.995178858103,-9.807670663608E-02,0.));
#7555 = PLANE('',#7556);
#7556 = AXIS2_PLACEMENT_3D('',#7557,#7558,#7559);
#7557 = CARTESIAN_POINT('',(-10.61761590407,62.488429259447,0.));
#7558 = DIRECTION('',(-9.807670663608E-02,-0.995178858103,-0.));
#7559 = DIRECTION('',(-0.995178858103,9.807670663608E-02,0.));
#7560 = ADVANCED_FACE('',(#7561),#7580,.T.);
#7561 = FACE_BOUND('',#7562,.F.);
#7562 = EDGE_LOOP('',(#7563,#7564,#7565,#7573));
#7563 = ORIENTED_EDGE('',*,*,#7540,.T.);
#7564 = ORIENTED_EDGE('',*,*,#1427,.T.);
#7565 = ORIENTED_EDGE('',*,*,#7566,.F.);
#7566 = EDGE_CURVE('',#7567,#1420,#7569,.T.);
#7567 = VERTEX_POINT('',#7568);
#7568 = CARTESIAN_POINT('',(-10.853,62.5,0.));
#7569 = LINE('',#7570,#7571);
#7570 = CARTESIAN_POINT('',(-10.853,62.5,0.));
#7571 = VECTOR('',#7572,1.);
#7572 = DIRECTION('',(0.,0.,1.));
#7573 = ORIENTED_EDGE('',*,*,#7574,.F.);
#7574 = EDGE_CURVE('',#7541,#7567,#7575,.T.);
#7575 = CIRCLE('',#7576,2.4);
#7576 = AXIS2_PLACEMENT_3D('',#7577,#7578,#7579);
#7577 = CARTESIAN_POINT('',(-10.853,60.1,0.));
#7578 = DIRECTION('',(-0.,0.,1.));
#7579 = DIRECTION('',(0.995178858103,-9.807670663608E-02,0.));
#7580 = CYLINDRICAL_SURFACE('',#7581,2.4);
#7581 = AXIS2_PLACEMENT_3D('',#7582,#7583,#7584);
#7582 = CARTESIAN_POINT('',(-10.853,60.1,0.));
#7583 = DIRECTION('',(0.,0.,-1.));
#7584 = DIRECTION('',(0.995178858103,-9.807670663608E-02,0.));
#7585 = ADVANCED_FACE('',(#7586),#7604,.F.);
#7586 = FACE_BOUND('',#7587,.T.);
#7587 = EDGE_LOOP('',(#7588,#7596,#7597,#7598));
#7588 = ORIENTED_EDGE('',*,*,#7589,.T.);
#7589 = EDGE_CURVE('',#7590,#1412,#7592,.T.);
#7590 = VERTEX_POINT('',#7591);
#7591 = CARTESIAN_POINT('',(-18.10846937447,62.5,0.));
#7592 = LINE('',#7593,#7594);
#7593 = CARTESIAN_POINT('',(-18.10846937447,62.5,0.));
#7594 = VECTOR('',#7595,1.);
#7595 = DIRECTION('',(0.,0.,1.));
#7596 = ORIENTED_EDGE('',*,*,#1419,.T.);
#7597 = ORIENTED_EDGE('',*,*,#7566,.F.);
#7598 = ORIENTED_EDGE('',*,*,#7599,.F.);
#7599 = EDGE_CURVE('',#7590,#7567,#7600,.T.);
#7600 = LINE('',#7601,#7602);
#7601 = CARTESIAN_POINT('',(-18.1674,62.5,0.));
#7602 = VECTOR('',#7603,1.);
#7603 = DIRECTION('',(1.,0.,0.));
#7604 = PLANE('',#7605);
#7605 = AXIS2_PLACEMENT_3D('',#7606,#7607,#7608);
#7606 = CARTESIAN_POINT('',(-18.10846937447,62.5,0.));
#7607 = DIRECTION('',(-0.,-1.,-0.));
#7608 = DIRECTION('',(-1.,0.,0.));
#7609 = ADVANCED_FACE('',(#7610),#7628,.F.);
#7610 = FACE_BOUND('',#7611,.T.);
#7611 = EDGE_LOOP('',(#7612,#7620,#7621,#7622));
#7612 = ORIENTED_EDGE('',*,*,#7613,.T.);
#7613 = EDGE_CURVE('',#7614,#1404,#7616,.T.);
#7614 = VERTEX_POINT('',#7615);
#7615 = CARTESIAN_POINT('',(-18.65630646593,62.526919882605,0.));
#7616 = LINE('',#7617,#7618);
#7617 = CARTESIAN_POINT('',(-18.65630646593,62.526919882605,0.));
#7618 = VECTOR('',#7619,1.);
#7619 = DIRECTION('',(0.,0.,1.));
#7620 = ORIENTED_EDGE('',*,*,#1411,.T.);
#7621 = ORIENTED_EDGE('',*,*,#7589,.F.);
#7622 = ORIENTED_EDGE('',*,*,#7623,.F.);
#7623 = EDGE_CURVE('',#7614,#7590,#7624,.T.);
#7624 = LINE('',#7625,#7626);
#7625 = CARTESIAN_POINT('',(-18.83310976702,62.535607728287,0.));
#7626 = VECTOR('',#7627,1.);
#7627 = DIRECTION('',(0.998794886786,-4.907926374126E-02,0.));
#7628 = PLANE('',#7629);
#7629 = AXIS2_PLACEMENT_3D('',#7630,#7631,#7632);
#7630 = CARTESIAN_POINT('',(-18.65630646593,62.526919882605,0.));
#7631 = DIRECTION('',(-4.907926374126E-02,-0.998794886786,-0.));
#7632 = DIRECTION('',(-0.998794886786,4.907926374126E-02,0.));
#7633 = ADVANCED_FACE('',(#7634),#7652,.F.);
#7634 = FACE_BOUND('',#7635,.T.);
#7635 = EDGE_LOOP('',(#7636,#7644,#7645,#7646));
#7636 = ORIENTED_EDGE('',*,*,#7637,.T.);
#7637 = EDGE_CURVE('',#7638,#1396,#7640,.T.);
#7638 = VERTEX_POINT('',#7639);
#7639 = CARTESIAN_POINT('',(-19.88225254821,62.770771484726,0.));
#7640 = LINE('',#7641,#7642);
#7641 = CARTESIAN_POINT('',(-19.88225254821,62.770771484726,0.));
#7642 = VECTOR('',#7643,1.);
#7643 = DIRECTION('',(0.,0.,1.));
#7644 = ORIENTED_EDGE('',*,*,#1403,.T.);
#7645 = ORIENTED_EDGE('',*,*,#7613,.F.);
#7646 = ORIENTED_EDGE('',*,*,#7647,.F.);
#7647 = EDGE_CURVE('',#7638,#7614,#7648,.T.);
#7648 = LINE('',#7649,#7650);
#7649 = CARTESIAN_POINT('',(-20.11409104983,62.81688622898,0.));
#7650 = VECTOR('',#7651,1.);
#7651 = DIRECTION('',(0.980785928742,-0.19508706257,0.));
#7652 = PLANE('',#7653);
#7653 = AXIS2_PLACEMENT_3D('',#7654,#7655,#7656);
#7654 = CARTESIAN_POINT('',(-19.88225254821,62.770771484726,0.));
#7655 = DIRECTION('',(-0.19508706257,-0.980785928742,-0.));
#7656 = DIRECTION('',(-0.980785928742,0.19508706257,0.));
#7657 = ADVANCED_FACE('',(#7658),#7676,.F.);
#7658 = FACE_BOUND('',#7659,.T.);
#7659 = EDGE_LOOP('',(#7660,#7668,#7669,#7670));
#7660 = ORIENTED_EDGE('',*,*,#7661,.T.);
#7661 = EDGE_CURVE('',#7662,#1388,#7664,.T.);
#7662 = VERTEX_POINT('',#7663);
#7663 = CARTESIAN_POINT('',(-20.89085648209,63.188545924478,0.));
#7664 = LINE('',#7665,#7666);
#7665 = CARTESIAN_POINT('',(-20.89085648209,63.188545924478,0.));
#7666 = VECTOR('',#7667,1.);
#7667 = DIRECTION('',(0.,0.,1.));
#7668 = ORIENTED_EDGE('',*,*,#1395,.T.);
#7669 = ORIENTED_EDGE('',*,*,#7637,.F.);
#7670 = ORIENTED_EDGE('',*,*,#7671,.F.);
#7671 = EDGE_CURVE('',#7662,#7638,#7672,.T.);
#7672 = LINE('',#7673,#7674);
#7673 = CARTESIAN_POINT('',(-21.10926537052,63.279013201011,0.));
#7674 = VECTOR('',#7675,1.);
#7675 = DIRECTION('',(0.923880500421,-0.382681095615,0.));
#7676 = PLANE('',#7677);
#7677 = AXIS2_PLACEMENT_3D('',#7678,#7679,#7680);
#7678 = CARTESIAN_POINT('',(-20.89085648209,63.188545924478,0.));
#7679 = DIRECTION('',(-0.382681095615,-0.923880500421,-0.));
#7680 = DIRECTION('',(-0.923880500421,0.382681095615,0.));
#7681 = ADVANCED_FACE('',(#7682),#7700,.F.);
#7682 = FACE_BOUND('',#7683,.T.);
#7683 = EDGE_LOOP('',(#7684,#7692,#7693,#7694));
#7684 = ORIENTED_EDGE('',*,*,#7685,.T.);
#7685 = EDGE_CURVE('',#7686,#1380,#7688,.T.);
#7686 = VERTEX_POINT('',#7687);
#7687 = CARTESIAN_POINT('',(-21.7986195827,63.795117024607,0.));
#7688 = LINE('',#7689,#7690);
#7689 = CARTESIAN_POINT('',(-21.7986195827,63.795117024607,0.));
#7690 = VECTOR('',#7691,1.);
#7691 = DIRECTION('',(0.,0.,1.));
#7692 = ORIENTED_EDGE('',*,*,#1387,.T.);
#7693 = ORIENTED_EDGE('',*,*,#7661,.F.);
#7694 = ORIENTED_EDGE('',*,*,#7695,.F.);
#7695 = EDGE_CURVE('',#7686,#7662,#7696,.T.);
#7696 = LINE('',#7697,#7698);
#7697 = CARTESIAN_POINT('',(-21.99509620093,63.926403522581,0.));
#7698 = VECTOR('',#7699,1.);
#7699 = DIRECTION('',(0.831459801075,-0.555584916278,0.));
#7700 = PLANE('',#7701);
#7701 = AXIS2_PLACEMENT_3D('',#7702,#7703,#7704);
#7702 = CARTESIAN_POINT('',(-21.7986195827,63.795117024607,0.));
#7703 = DIRECTION('',(-0.555584916278,-0.831459801075,-0.));
#7704 = DIRECTION('',(-0.831459801075,0.555584916278,0.));
#7705 = ADVANCED_FACE('',(#7706),#7724,.F.);
#7706 = FACE_BOUND('',#7707,.T.);
#7707 = EDGE_LOOP('',(#7708,#7716,#7717,#7718));
#7708 = ORIENTED_EDGE('',*,*,#7709,.T.);
#7709 = EDGE_CURVE('',#7710,#1372,#7712,.T.);
#7710 = VERTEX_POINT('',#7711);
#7711 = CARTESIAN_POINT('',(-22.57062187407,64.567049533613,0.));
#7712 = LINE('',#7713,#7714);
#7713 = CARTESIAN_POINT('',(-22.57062187407,64.567049533613,0.));
#7714 = VECTOR('',#7715,1.);
#7715 = DIRECTION('',(0.,0.,1.));
#7716 = ORIENTED_EDGE('',*,*,#1379,.T.);
#7717 = ORIENTED_EDGE('',*,*,#7685,.F.);
#7718 = ORIENTED_EDGE('',*,*,#7719,.F.);
#7719 = EDGE_CURVE('',#7710,#7686,#7720,.T.);
#7720 = LINE('',#7721,#7722);
#7721 = CARTESIAN_POINT('',(-22.73782042999,64.734232976223,0.));
#7722 = VECTOR('',#7723,1.);
#7723 = DIRECTION('',(0.707138740093,-0.707074820836,0.));
#7724 = PLANE('',#7725);
#7725 = AXIS2_PLACEMENT_3D('',#7726,#7727,#7728);
#7726 = CARTESIAN_POINT('',(-22.57062187407,64.567049533613,0.));
#7727 = DIRECTION('',(-0.707074820836,-0.707138740093,-0.));
#7728 = DIRECTION('',(-0.707138740093,0.707074820836,0.));
#7729 = ADVANCED_FACE('',(#7730),#7748,.F.);
#7730 = FACE_BOUND('',#7731,.T.);
#7731 = EDGE_LOOP('',(#7732,#7740,#7741,#7742));
#7732 = ORIENTED_EDGE('',*,*,#7733,.T.);
#7733 = EDGE_CURVE('',#7734,#1364,#7736,.T.);
#7734 = VERTEX_POINT('',#7735);
#7735 = CARTESIAN_POINT('',(-23.42730883274,65.849194272121,0.));
#7736 = LINE('',#7737,#7738);
#7737 = CARTESIAN_POINT('',(-23.42730883274,65.849194272121,0.));
#7738 = VECTOR('',#7739,1.);
#7739 = DIRECTION('',(0.,0.,1.));
#7740 = ORIENTED_EDGE('',*,*,#1371,.T.);
#7741 = ORIENTED_EDGE('',*,*,#7709,.F.);
#7742 = ORIENTED_EDGE('',*,*,#7743,.F.);
#7743 = EDGE_CURVE('',#7734,#7710,#7744,.T.);
#7744 = LINE('',#7745,#7746);
#7745 = CARTESIAN_POINT('',(-23.49316231405,65.947752670522,0.));
#7746 = VECTOR('',#7747,1.);
#7747 = DIRECTION('',(0.555563612717,-0.831474035809,0.));
#7748 = PLANE('',#7749);
#7749 = AXIS2_PLACEMENT_3D('',#7750,#7751,#7752);
#7750 = CARTESIAN_POINT('',(-23.42730883274,65.849194272122,0.));
#7751 = DIRECTION('',(-0.831474035809,-0.555563612717,-0.));
#7752 = DIRECTION('',(-0.555563612717,0.831474035809,0.));
#7753 = ADVANCED_FACE('',(#7754),#7772,.F.);
#7754 = FACE_BOUND('',#7755,.T.);
#7755 = EDGE_LOOP('',(#7756,#7764,#7765,#7766));
#7756 = ORIENTED_EDGE('',*,*,#7757,.T.);
#7757 = EDGE_CURVE('',#7758,#1355,#7760,.T.);
#7758 = VERTEX_POINT('',#7759);
#7759 = CARTESIAN_POINT('',(-23.42908763325,65.852526434887,0.));
#7760 = LINE('',#7761,#7762);
#7761 = CARTESIAN_POINT('',(-23.42908763325,65.852526434887,0.));
#7762 = VECTOR('',#7763,1.);
#7763 = DIRECTION('',(0.,0.,1.));
#7764 = ORIENTED_EDGE('',*,*,#1363,.T.);
#7765 = ORIENTED_EDGE('',*,*,#7733,.F.);
#7766 = ORIENTED_EDGE('',*,*,#7767,.F.);
#7767 = EDGE_CURVE('',#7758,#7734,#7768,.T.);
#7768 = LINE('',#7769,#7770);
#7769 = CARTESIAN_POINT('',(-23.42908763325,65.852526434887,0.));
#7770 = VECTOR('',#7771,1.);
#7771 = DIRECTION('',(0.470927681203,-0.882171819476,0.));
#7772 = PLANE('',#7773);
#7773 = AXIS2_PLACEMENT_3D('',#7774,#7775,#7776);
#7774 = CARTESIAN_POINT('',(-23.42908763325,65.852526434887,0.));
#7775 = DIRECTION('',(-0.882171819476,-0.470927681203,-0.));
#7776 = DIRECTION('',(-0.470927681203,0.882171819476,0.));
#7777 = ADVANCED_FACE('',(#7778),#7797,.T.);
#7778 = FACE_BOUND('',#7779,.F.);
#7779 = EDGE_LOOP('',(#7780,#7781,#7782,#7790));
#7780 = ORIENTED_EDGE('',*,*,#7757,.T.);
#7781 = ORIENTED_EDGE('',*,*,#1354,.T.);
#7782 = ORIENTED_EDGE('',*,*,#7783,.F.);
#7783 = EDGE_CURVE('',#7784,#1347,#7786,.T.);
#7784 = VERTEX_POINT('',#7785);
#7785 = CARTESIAN_POINT('',(-23.69120487814,66.245002232506,0.));
#7786 = LINE('',#7787,#7788);
#7787 = CARTESIAN_POINT('',(-23.69120487814,66.245002232506,0.));
#7788 = VECTOR('',#7789,1.);
#7789 = DIRECTION('',(0.,0.,1.));
#7790 = ORIENTED_EDGE('',*,*,#7791,.F.);
#7791 = EDGE_CURVE('',#7758,#7784,#7792,.T.);
#7792 = CIRCLE('',#7793,2.4);
#7793 = AXIS2_PLACEMENT_3D('',#7794,#7795,#7796);
#7794 = CARTESIAN_POINT('',(-25.5463,64.7223,0.));
#7795 = DIRECTION('',(-0.,0.,1.));
#7796 = DIRECTION('',(0.470927681203,-0.882171819476,0.));
#7797 = CYLINDRICAL_SURFACE('',#7798,2.4);
#7798 = AXIS2_PLACEMENT_3D('',#7799,#7800,#7801);
#7799 = CARTESIAN_POINT('',(-25.5463,64.7223,0.));
#7800 = DIRECTION('',(0.,0.,-1.));
#7801 = DIRECTION('',(0.470927681203,-0.882171819476,0.));
#7802 = ADVANCED_FACE('',(#7803),#7821,.F.);
#7803 = FACE_BOUND('',#7804,.T.);
#7804 = EDGE_LOOP('',(#7805,#7813,#7814,#7815));
#7805 = ORIENTED_EDGE('',*,*,#7806,.T.);
#7806 = EDGE_CURVE('',#7807,#1338,#7809,.T.);
#7807 = VERTEX_POINT('',#7808);
#7808 = CARTESIAN_POINT('',(-24.18870487814,66.851102232506,0.));
#7809 = LINE('',#7810,#7811);
#7810 = CARTESIAN_POINT('',(-24.18870487814,66.851102232506,0.));
#7811 = VECTOR('',#7812,1.);
#7812 = DIRECTION('',(0.,0.,1.));
#7813 = ORIENTED_EDGE('',*,*,#1346,.T.);
#7814 = ORIENTED_EDGE('',*,*,#7783,.F.);
#7815 = ORIENTED_EDGE('',*,*,#7816,.F.);
#7816 = EDGE_CURVE('',#7807,#7784,#7817,.T.);
#7817 = LINE('',#7818,#7819);
#7818 = CARTESIAN_POINT('',(-24.18870487814,66.851102232506,0.));
#7819 = VECTOR('',#7820,1.);
#7820 = DIRECTION('',(0.634459263544,-0.772956300772,0.));
#7821 = PLANE('',#7822);
#7822 = AXIS2_PLACEMENT_3D('',#7823,#7824,#7825);
#7823 = CARTESIAN_POINT('',(-24.18870487814,66.851102232506,0.));
#7824 = DIRECTION('',(-0.772956300772,-0.634459263544,-0.));
#7825 = DIRECTION('',(-0.634459263544,0.772956300772,0.));
#7826 = ADVANCED_FACE('',(#7827),#7846,.T.);
#7827 = FACE_BOUND('',#7828,.F.);
#7828 = EDGE_LOOP('',(#7829,#7830,#7831,#7839));
#7829 = ORIENTED_EDGE('',*,*,#7806,.T.);
#7830 = ORIENTED_EDGE('',*,*,#1337,.T.);
#7831 = ORIENTED_EDGE('',*,*,#7832,.F.);
#7832 = EDGE_CURVE('',#7833,#1330,#7835,.T.);
#7833 = VERTEX_POINT('',#7834);
#7834 = CARTESIAN_POINT('',(-24.52109776749,67.183495121853,0.));
#7835 = LINE('',#7836,#7837);
#7836 = CARTESIAN_POINT('',(-24.52109776749,67.183495121853,0.));
#7837 = VECTOR('',#7838,1.);
#7838 = DIRECTION('',(0.,0.,1.));
#7839 = ORIENTED_EDGE('',*,*,#7840,.F.);
#7840 = EDGE_CURVE('',#7807,#7833,#7841,.T.);
#7841 = CIRCLE('',#7842,2.4);
#7842 = AXIS2_PLACEMENT_3D('',#7843,#7844,#7845);
#7843 = CARTESIAN_POINT('',(-26.0438,65.3284,0.));
#7844 = DIRECTION('',(-0.,0.,1.));
#7845 = DIRECTION('',(0.634459263544,-0.772956300772,0.));
#7846 = CYLINDRICAL_SURFACE('',#7847,2.4);
#7847 = AXIS2_PLACEMENT_3D('',#7848,#7849,#7850);
#7848 = CARTESIAN_POINT('',(-26.0438,65.3284,0.));
#7849 = DIRECTION('',(0.,0.,-1.));
#7850 = DIRECTION('',(0.634459263544,-0.772956300772,0.));
#7851 = ADVANCED_FACE('',(#7852),#7870,.F.);
#7852 = FACE_BOUND('',#7853,.T.);
#7853 = EDGE_LOOP('',(#7854,#7862,#7863,#7864));
#7854 = ORIENTED_EDGE('',*,*,#7855,.T.);
#7855 = EDGE_CURVE('',#7856,#1321,#7858,.T.);
#7856 = VERTEX_POINT('',#7857);
#7857 = CARTESIAN_POINT('',(-25.12719776749,67.680995121853,0.));
#7858 = LINE('',#7859,#7860);
#7859 = CARTESIAN_POINT('',(-25.12719776749,67.680995121853,0.));
#7860 = VECTOR('',#7861,1.);
#7861 = DIRECTION('',(0.,0.,1.));
#7862 = ORIENTED_EDGE('',*,*,#1329,.T.);
#7863 = ORIENTED_EDGE('',*,*,#7832,.F.);
#7864 = ORIENTED_EDGE('',*,*,#7865,.F.);
#7865 = EDGE_CURVE('',#7856,#7833,#7866,.T.);
#7866 = LINE('',#7867,#7868);
#7867 = CARTESIAN_POINT('',(-25.12719776749,67.680995121853,0.));
#7868 = VECTOR('',#7869,1.);
#7869 = DIRECTION('',(0.772956300772,-0.634459263544,0.));
#7870 = PLANE('',#7871);
#7871 = AXIS2_PLACEMENT_3D('',#7872,#7873,#7874);
#7872 = CARTESIAN_POINT('',(-25.12719776749,67.680995121853,0.));
#7873 = DIRECTION('',(-0.634459263544,-0.772956300772,-0.));
#7874 = DIRECTION('',(-0.772956300772,0.634459263544,0.));
#7875 = ADVANCED_FACE('',(#7876),#7895,.T.);
#7876 = FACE_BOUND('',#7877,.F.);
#7877 = EDGE_LOOP('',(#7878,#7879,#7880,#7888));
#7878 = ORIENTED_EDGE('',*,*,#7855,.T.);
#7879 = ORIENTED_EDGE('',*,*,#1320,.T.);
#7880 = ORIENTED_EDGE('',*,*,#7881,.F.);
#7881 = EDGE_CURVE('',#7882,#1313,#7884,.T.);
#7882 = VERTEX_POINT('',#7883);
#7883 = CARTESIAN_POINT('',(-25.51870947296,67.942597425598,0.));
#7884 = LINE('',#7885,#7886);
#7885 = CARTESIAN_POINT('',(-25.51870947296,67.942597425598,0.));
#7886 = VECTOR('',#7887,1.);
#7887 = DIRECTION('',(0.,0.,1.));
#7888 = ORIENTED_EDGE('',*,*,#7889,.F.);
#7889 = EDGE_CURVE('',#7856,#7882,#7890,.T.);
#7890 = CIRCLE('',#7891,2.4);
#7891 = AXIS2_PLACEMENT_3D('',#7892,#7893,#7894);
#7892 = CARTESIAN_POINT('',(-26.6499,65.8259,0.));
#7893 = DIRECTION('',(-0.,0.,1.));
#7894 = DIRECTION('',(0.772956300772,-0.634459263544,0.));
#7895 = CYLINDRICAL_SURFACE('',#7896,2.4);
#7896 = AXIS2_PLACEMENT_3D('',#7897,#7898,#7899);
#7897 = CARTESIAN_POINT('',(-26.6499,65.8259,0.));
#7898 = DIRECTION('',(0.,0.,-1.));
#7899 = DIRECTION('',(0.772956300772,-0.634459263544,0.));
#7900 = ADVANCED_FACE('',(#7901),#7919,.F.);
#7901 = FACE_BOUND('',#7902,.T.);
#7902 = EDGE_LOOP('',(#7903,#7911,#7912,#7913));
#7903 = ORIENTED_EDGE('',*,*,#7904,.T.);
#7904 = EDGE_CURVE('',#7905,#1304,#7907,.T.);
#7905 = VERTEX_POINT('',#7906);
#7906 = CARTESIAN_POINT('',(-26.21030947296,68.312197425598,0.));
#7907 = LINE('',#7908,#7909);
#7908 = CARTESIAN_POINT('',(-26.21030947296,68.312197425598,0.));
#7909 = VECTOR('',#7910,1.);
#7910 = DIRECTION('',(0.,0.,1.));
#7911 = ORIENTED_EDGE('',*,*,#1312,.T.);
#7912 = ORIENTED_EDGE('',*,*,#7881,.F.);
#7913 = ORIENTED_EDGE('',*,*,#7914,.F.);
#7914 = EDGE_CURVE('',#7905,#7882,#7915,.T.);
#7915 = LINE('',#7916,#7917);
#7916 = CARTESIAN_POINT('',(-26.21030947296,68.312197425598,0.));
#7917 = VECTOR('',#7918,1.);
#7918 = DIRECTION('',(0.881957260666,-0.471329386267,0.));
#7919 = PLANE('',#7920);
#7920 = AXIS2_PLACEMENT_3D('',#7921,#7922,#7923);
#7921 = CARTESIAN_POINT('',(-26.21030947296,68.312197425598,0.));
#7922 = DIRECTION('',(-0.471329386267,-0.881957260666,-0.));
#7923 = DIRECTION('',(-0.881957260666,0.471329386267,0.));
#7924 = ADVANCED_FACE('',(#7925),#7944,.T.);
#7925 = FACE_BOUND('',#7926,.F.);
#7926 = EDGE_LOOP('',(#7927,#7928,#7929,#7937));
#7927 = ORIENTED_EDGE('',*,*,#7904,.T.);
#7928 = ORIENTED_EDGE('',*,*,#1303,.T.);
#7929 = ORIENTED_EDGE('',*,*,#7930,.F.);
#7930 = EDGE_CURVE('',#7931,#1296,#7933,.T.);
#7931 = VERTEX_POINT('',#7932);
#7932 = CARTESIAN_POINT('',(-26.64481962448,68.492157670261,0.));
#7933 = LINE('',#7934,#7935);
#7934 = CARTESIAN_POINT('',(-26.64481962448,68.492157670261,0.));
#7935 = VECTOR('',#7936,1.);
#7936 = DIRECTION('',(0.,0.,1.));
#7937 = ORIENTED_EDGE('',*,*,#7938,.F.);
#7938 = EDGE_CURVE('',#7905,#7931,#7939,.T.);
#7939 = CIRCLE('',#7940,2.4);
#7940 = AXIS2_PLACEMENT_3D('',#7941,#7942,#7943);
#7941 = CARTESIAN_POINT('',(-27.3415,66.1955,0.));
#7942 = DIRECTION('',(-0.,0.,1.));
#7943 = DIRECTION('',(0.881957260666,-0.471329386267,0.));
#7944 = CYLINDRICAL_SURFACE('',#7945,2.4);
#7945 = AXIS2_PLACEMENT_3D('',#7946,#7947,#7948);
#7946 = CARTESIAN_POINT('',(-27.3415,66.1955,0.));
#7947 = DIRECTION('',(0.,0.,-1.));
#7948 = DIRECTION('',(0.881957260666,-0.471329386267,0.));
#7949 = ADVANCED_FACE('',(#7950),#7968,.F.);
#7950 = FACE_BOUND('',#7951,.T.);
#7951 = EDGE_LOOP('',(#7952,#7960,#7961,#7962));
#7952 = ORIENTED_EDGE('',*,*,#7953,.T.);
#7953 = EDGE_CURVE('',#7954,#1287,#7956,.T.);
#7954 = VERTEX_POINT('',#7955);
#7955 = CARTESIAN_POINT('',(-27.39511962448,68.719757670261,0.));
#7956 = LINE('',#7957,#7958);
#7957 = CARTESIAN_POINT('',(-27.39511962448,68.719757670261,0.));
#7958 = VECTOR('',#7959,1.);
#7959 = DIRECTION('',(0.,0.,1.));
#7960 = ORIENTED_EDGE('',*,*,#1295,.T.);
#7961 = ORIENTED_EDGE('',*,*,#7930,.F.);
#7962 = ORIENTED_EDGE('',*,*,#7963,.F.);
#7963 = EDGE_CURVE('',#7954,#7931,#7964,.T.);
#7964 = LINE('',#7965,#7966);
#7965 = CARTESIAN_POINT('',(-27.39511962448,68.719757670261,0.));
#7966 = VECTOR('',#7967,1.);
#7967 = DIRECTION('',(0.956940695942,-0.290283489799,0.));
#7968 = PLANE('',#7969);
#7969 = AXIS2_PLACEMENT_3D('',#7970,#7971,#7972);
#7970 = CARTESIAN_POINT('',(-27.39511962448,68.719757670261,0.));
#7971 = DIRECTION('',(-0.290283489799,-0.956940695942,-0.));
#7972 = DIRECTION('',(-0.956940695942,0.290283489799,0.));
#7973 = ADVANCED_FACE('',(#7974),#7993,.T.);
#7974 = FACE_BOUND('',#7975,.F.);
#7975 = EDGE_LOOP('',(#7976,#7977,#7978,#7986));
#7976 = ORIENTED_EDGE('',*,*,#7953,.T.);
#7977 = ORIENTED_EDGE('',*,*,#1286,.T.);
#7978 = ORIENTED_EDGE('',*,*,#7979,.F.);
#7979 = EDGE_CURVE('',#7980,#1279,#7982,.T.);
#7980 = VERTEX_POINT('',#7981);
#7981 = CARTESIAN_POINT('',(-27.85644577598,68.81153220319,0.));
#7982 = LINE('',#7983,#7984);
#7983 = CARTESIAN_POINT('',(-27.85644577598,68.81153220319,0.));
#7984 = VECTOR('',#7985,1.);
#7985 = DIRECTION('',(0.,0.,1.));
#7986 = ORIENTED_EDGE('',*,*,#7987,.F.);
#7987 = EDGE_CURVE('',#7954,#7980,#7988,.T.);
#7988 = CIRCLE('',#7989,2.4);
#7989 = AXIS2_PLACEMENT_3D('',#7990,#7991,#7992);
#7990 = CARTESIAN_POINT('',(-28.0918,66.4231,0.));
#7991 = DIRECTION('',(-0.,0.,1.));
#7992 = DIRECTION('',(0.956940695942,-0.290283489799,0.));
#7993 = CYLINDRICAL_SURFACE('',#7994,2.4);
#7994 = AXIS2_PLACEMENT_3D('',#7995,#7996,#7997);
#7995 = CARTESIAN_POINT('',(-28.0918,66.4231,0.));
#7996 = DIRECTION('',(0.,0.,-1.));
#7997 = DIRECTION('',(0.956940695942,-0.290283489799,0.));
#7998 = ADVANCED_FACE('',(#7999),#8017,.F.);
#7999 = FACE_BOUND('',#8000,.T.);
#8000 = EDGE_LOOP('',(#8001,#8009,#8010,#8011));
#8001 = ORIENTED_EDGE('',*,*,#8002,.T.);
#8002 = EDGE_CURVE('',#8003,#1270,#8005,.T.);
#8003 = VERTEX_POINT('',#8004);
#8004 = CARTESIAN_POINT('',(-28.63684577598,68.88843220319,0.));
#8005 = LINE('',#8006,#8007);
#8006 = CARTESIAN_POINT('',(-28.63684577598,68.88843220319,0.));
#8007 = VECTOR('',#8008,1.);
#8008 = DIRECTION('',(0.,0.,1.));
#8009 = ORIENTED_EDGE('',*,*,#1278,.T.);
#8010 = ORIENTED_EDGE('',*,*,#7979,.F.);
#8011 = ORIENTED_EDGE('',*,*,#8012,.F.);
#8012 = EDGE_CURVE('',#8003,#7980,#8013,.T.);
#8013 = LINE('',#8014,#8015);
#8014 = CARTESIAN_POINT('',(-28.63684577598,68.88843220319,0.));
#8015 = VECTOR('',#8016,1.);
#8016 = DIRECTION('',(0.995180084663,-9.806426000839E-02,0.));
#8017 = PLANE('',#8018);
#8018 = AXIS2_PLACEMENT_3D('',#8019,#8020,#8021);
#8019 = CARTESIAN_POINT('',(-28.63684577598,68.88843220319,0.));
#8020 = DIRECTION('',(-9.806426000839E-02,-0.995180084663,-0.));
#8021 = DIRECTION('',(-0.995180084663,9.806426000839E-02,0.));
#8022 = ADVANCED_FACE('',(#8023),#8042,.T.);
#8023 = FACE_BOUND('',#8024,.F.);
#8024 = EDGE_LOOP('',(#8025,#8026,#8027,#8035));
#8025 = ORIENTED_EDGE('',*,*,#8002,.T.);
#8026 = ORIENTED_EDGE('',*,*,#1269,.T.);
#8027 = ORIENTED_EDGE('',*,*,#8028,.F.);
#8028 = EDGE_CURVE('',#8029,#1262,#8031,.T.);
#8029 = VERTEX_POINT('',#8030);
#8030 = CARTESIAN_POINT('',(-28.8722,68.9,0.));
#8031 = LINE('',#8032,#8033);
#8032 = CARTESIAN_POINT('',(-28.8722,68.9,0.));
#8033 = VECTOR('',#8034,1.);
#8034 = DIRECTION('',(0.,0.,1.));
#8035 = ORIENTED_EDGE('',*,*,#8036,.F.);
#8036 = EDGE_CURVE('',#8003,#8029,#8037,.T.);
#8037 = CIRCLE('',#8038,2.4);
#8038 = AXIS2_PLACEMENT_3D('',#8039,#8040,#8041);
#8039 = CARTESIAN_POINT('',(-28.8722,66.5,0.));
#8040 = DIRECTION('',(-0.,0.,1.));
#8041 = DIRECTION('',(0.995180084663,-9.806426000839E-02,0.));
#8042 = CYLINDRICAL_SURFACE('',#8043,2.4);
#8043 = AXIS2_PLACEMENT_3D('',#8044,#8045,#8046);
#8044 = CARTESIAN_POINT('',(-28.8722,66.5,0.));
#8045 = DIRECTION('',(0.,0.,-1.));
#8046 = DIRECTION('',(0.995180084663,-9.806426000839E-02,0.));
#8047 = ADVANCED_FACE('',(#8048),#8098,.F.);
#8048 = FACE_BOUND('',#8049,.T.);
#8049 = EDGE_LOOP('',(#8050,#8060,#8066,#8067,#8068,#8076,#8084,#8092));
#8050 = ORIENTED_EDGE('',*,*,#8051,.F.);
#8051 = EDGE_CURVE('',#8052,#8054,#8056,.T.);
#8052 = VERTEX_POINT('',#8053);
#8053 = CARTESIAN_POINT('',(-47.3865,68.9,0.));
#8054 = VERTEX_POINT('',#8055);
#8055 = CARTESIAN_POINT('',(-38.86811457478,68.9,0.));
#8056 = LINE('',#8057,#8058);
#8057 = CARTESIAN_POINT('',(-47.3865,68.9,0.));
#8058 = VECTOR('',#8059,1.);
#8059 = DIRECTION('',(1.,0.,0.));
#8060 = ORIENTED_EDGE('',*,*,#8061,.T.);
#8061 = EDGE_CURVE('',#8052,#1253,#8062,.T.);
#8062 = LINE('',#8063,#8064);
#8063 = CARTESIAN_POINT('',(-47.3865,68.9,0.));
#8064 = VECTOR('',#8065,1.);
#8065 = DIRECTION('',(0.,0.,1.));
#8066 = ORIENTED_EDGE('',*,*,#1261,.T.);
#8067 = ORIENTED_EDGE('',*,*,#8028,.F.);
#8068 = ORIENTED_EDGE('',*,*,#8069,.F.);
#8069 = EDGE_CURVE('',#8070,#8029,#8072,.T.);
#8070 = VERTEX_POINT('',#8071);
#8071 = CARTESIAN_POINT('',(-37.33188542521,68.9,0.));
#8072 = LINE('',#8073,#8074);
#8073 = CARTESIAN_POINT('',(-47.3865,68.9,0.));
#8074 = VECTOR('',#8075,1.);
#8075 = DIRECTION('',(1.,0.,0.));
#8076 = ORIENTED_EDGE('',*,*,#8077,.F.);
#8077 = EDGE_CURVE('',#8078,#8070,#8080,.T.);
#8078 = VERTEX_POINT('',#8079);
#8079 = CARTESIAN_POINT('',(-37.33188542521,68.9,6.1));
#8080 = LINE('',#8081,#8082);
#8081 = CARTESIAN_POINT('',(-37.33188542521,68.9,0.));
#8082 = VECTOR('',#8083,1.);
#8083 = DIRECTION('',(0.,0.,-1.));
#8084 = ORIENTED_EDGE('',*,*,#8085,.F.);
#8085 = EDGE_CURVE('',#8086,#8078,#8088,.T.);
#8086 = VERTEX_POINT('',#8087);
#8087 = CARTESIAN_POINT('',(-38.86811457478,68.9,6.1));
#8088 = LINE('',#8089,#8090);
#8089 = CARTESIAN_POINT('',(-42.74325,68.9,6.1));
#8090 = VECTOR('',#8091,1.);
#8091 = DIRECTION('',(1.,0.,0.));
#8092 = ORIENTED_EDGE('',*,*,#8093,.T.);
#8093 = EDGE_CURVE('',#8086,#8054,#8094,.T.);
#8094 = LINE('',#8095,#8096);
#8095 = CARTESIAN_POINT('',(-38.86811457478,68.9,0.));
#8096 = VECTOR('',#8097,1.);
#8097 = DIRECTION('',(0.,0.,-1.));
#8098 = PLANE('',#8099);
#8099 = AXIS2_PLACEMENT_3D('',#8100,#8101,#8102);
#8100 = CARTESIAN_POINT('',(-47.3865,68.9,0.));
#8101 = DIRECTION('',(-0.,-1.,-0.));
#8102 = DIRECTION('',(-1.,0.,0.));
#8103 = ADVANCED_FACE('',(#8104),#8123,.T.);
#8104 = FACE_BOUND('',#8105,.F.);
#8105 = EDGE_LOOP('',(#8106,#8107,#8108,#8116));
#8106 = ORIENTED_EDGE('',*,*,#8061,.T.);
#8107 = ORIENTED_EDGE('',*,*,#1252,.T.);
#8108 = ORIENTED_EDGE('',*,*,#8109,.F.);
#8109 = EDGE_CURVE('',#8110,#1245,#8112,.T.);
#8110 = VERTEX_POINT('',#8111);
#8111 = CARTESIAN_POINT('',(-47.50449028124,68.897097889852,0.));
#8112 = LINE('',#8113,#8114);
#8113 = CARTESIAN_POINT('',(-47.50449028124,68.897097889852,0.));
#8114 = VECTOR('',#8115,1.);
#8115 = DIRECTION('',(0.,0.,1.));
#8116 = ORIENTED_EDGE('',*,*,#8117,.F.);
#8117 = EDGE_CURVE('',#8052,#8110,#8118,.T.);
#8118 = CIRCLE('',#8119,2.4);
#8119 = AXIS2_PLACEMENT_3D('',#8120,#8121,#8122);
#8120 = CARTESIAN_POINT('',(-47.3865,66.5,0.));
#8121 = DIRECTION('',(0.,0.,1.));
#8122 = DIRECTION('',(1.,0.,0.));
#8123 = CYLINDRICAL_SURFACE('',#8124,2.4);
#8124 = AXIS2_PLACEMENT_3D('',#8125,#8126,#8127);
#8125 = CARTESIAN_POINT('',(-47.3865,66.5,0.));
#8126 = DIRECTION('',(-0.,-0.,-1.));
#8127 = DIRECTION('',(1.,0.,0.));
#8128 = ADVANCED_FACE('',(#8129),#8147,.F.);
#8129 = FACE_BOUND('',#8130,.T.);
#8130 = EDGE_LOOP('',(#8131,#8139,#8140,#8141));
#8131 = ORIENTED_EDGE('',*,*,#8132,.T.);
#8132 = EDGE_CURVE('',#8133,#1236,#8135,.T.);
#8133 = VERTEX_POINT('',#8134);
#8134 = CARTESIAN_POINT('',(-47.89659028124,68.877797889852,0.));
#8135 = LINE('',#8136,#8137);
#8136 = CARTESIAN_POINT('',(-47.89659028124,68.877797889852,0.));
#8137 = VECTOR('',#8138,1.);
#8138 = DIRECTION('',(0.,0.,1.));
#8139 = ORIENTED_EDGE('',*,*,#1244,.T.);
#8140 = ORIENTED_EDGE('',*,*,#8109,.F.);
#8141 = ORIENTED_EDGE('',*,*,#8142,.F.);
#8142 = EDGE_CURVE('',#8133,#8110,#8143,.T.);
#8143 = LINE('',#8144,#8145);
#8144 = CARTESIAN_POINT('',(-47.89659028124,68.877797889852,0.));
#8145 = VECTOR('',#8146,1.);
#8146 = DIRECTION('',(0.998790787438,4.916261718327E-02,0.));
#8147 = PLANE('',#8148);
#8148 = AXIS2_PLACEMENT_3D('',#8149,#8150,#8151);
#8149 = CARTESIAN_POINT('',(-47.89659028124,68.877797889852,0.));
#8150 = DIRECTION('',(4.916261718327E-02,-0.998790787438,0.));
#8151 = DIRECTION('',(-0.998790787438,-4.916261718327E-02,0.));
#8152 = ADVANCED_FACE('',(#8153),#8172,.T.);
#8153 = FACE_BOUND('',#8154,.F.);
#8154 = EDGE_LOOP('',(#8155,#8156,#8157,#8165));
#8155 = ORIENTED_EDGE('',*,*,#8132,.T.);
#8156 = ORIENTED_EDGE('',*,*,#1235,.T.);
#8157 = ORIENTED_EDGE('',*,*,#8158,.F.);
#8158 = EDGE_CURVE('',#8159,#1228,#8161,.T.);
#8159 = VERTEX_POINT('',#8160);
#8160 = CARTESIAN_POINT('',(-48.24662946931,68.834621922208,0.));
#8161 = LINE('',#8162,#8163);
#8162 = CARTESIAN_POINT('',(-48.24662946931,68.834621922208,0.));
#8163 = VECTOR('',#8164,1.);
#8164 = DIRECTION('',(0.,0.,1.));
#8165 = ORIENTED_EDGE('',*,*,#8166,.F.);
#8166 = EDGE_CURVE('',#8133,#8159,#8167,.T.);
#8167 = CIRCLE('',#8168,2.4);
#8168 = AXIS2_PLACEMENT_3D('',#8169,#8170,#8171);
#8169 = CARTESIAN_POINT('',(-47.7786,66.4807,0.));
#8170 = DIRECTION('',(0.,-0.,1.));
#8171 = DIRECTION('',(0.998790787438,4.916261718327E-02,0.));
#8172 = CYLINDRICAL_SURFACE('',#8173,2.4);
#8173 = AXIS2_PLACEMENT_3D('',#8174,#8175,#8176);
#8174 = CARTESIAN_POINT('',(-47.7786,66.4807,0.));
#8175 = DIRECTION('',(-0.,-0.,-1.));
#8176 = DIRECTION('',(0.998790787438,4.916261718327E-02,0.));
#8177 = ADVANCED_FACE('',(#8178),#8196,.F.);
#8178 = FACE_BOUND('',#8179,.T.);
#8179 = EDGE_LOOP('',(#8180,#8188,#8189,#8190));
#8180 = ORIENTED_EDGE('',*,*,#8181,.T.);
#8181 = EDGE_CURVE('',#8182,#1219,#8184,.T.);
#8182 = VERTEX_POINT('',#8183);
#8183 = CARTESIAN_POINT('',(-49.01562946931,68.681721922208,0.));
#8184 = LINE('',#8185,#8186);
#8185 = CARTESIAN_POINT('',(-49.01562946931,68.681721922208,0.));
#8186 = VECTOR('',#8187,1.);
#8187 = DIRECTION('',(0.,0.,1.));
#8188 = ORIENTED_EDGE('',*,*,#1227,.T.);
#8189 = ORIENTED_EDGE('',*,*,#8158,.F.);
#8190 = ORIENTED_EDGE('',*,*,#8191,.F.);
#8191 = EDGE_CURVE('',#8182,#8159,#8192,.T.);
#8192 = LINE('',#8193,#8194);
#8193 = CARTESIAN_POINT('',(-49.01562946931,68.681721922208,0.));
#8194 = VECTOR('',#8195,1.);
#8195 = DIRECTION('',(0.98080080092,0.195012278883,0.));
#8196 = PLANE('',#8197);
#8197 = AXIS2_PLACEMENT_3D('',#8198,#8199,#8200);
#8198 = CARTESIAN_POINT('',(-49.01562946931,68.681721922208,0.));
#8199 = DIRECTION('',(0.195012278883,-0.98080080092,0.));
#8200 = DIRECTION('',(-0.98080080092,-0.195012278883,0.));
#8201 = ADVANCED_FACE('',(#8202),#8221,.T.);
#8202 = FACE_BOUND('',#8203,.F.);
#8203 = EDGE_LOOP('',(#8204,#8205,#8206,#8214));
#8204 = ORIENTED_EDGE('',*,*,#8181,.T.);
#8205 = ORIENTED_EDGE('',*,*,#1218,.T.);
#8206 = ORIENTED_EDGE('',*,*,#8207,.F.);
#8207 = EDGE_CURVE('',#8208,#1211,#8210,.T.);
#8208 = VERTEX_POINT('',#8209);
#8209 = CARTESIAN_POINT('',(-49.46604617813,68.545108417398,0.));
#8210 = LINE('',#8211,#8212);
#8211 = CARTESIAN_POINT('',(-49.46604617813,68.545108417398,0.));
#8212 = VECTOR('',#8213,1.);
#8213 = DIRECTION('',(0.,0.,1.));
#8214 = ORIENTED_EDGE('',*,*,#8215,.F.);
#8215 = EDGE_CURVE('',#8182,#8208,#8216,.T.);
#8216 = CIRCLE('',#8217,2.4);
#8217 = AXIS2_PLACEMENT_3D('',#8218,#8219,#8220);
#8218 = CARTESIAN_POINT('',(-48.5476,66.3278,0.));
#8219 = DIRECTION('',(0.,-0.,1.));
#8220 = DIRECTION('',(0.98080080092,0.195012278883,0.));
#8221 = CYLINDRICAL_SURFACE('',#8222,2.4);
#8222 = AXIS2_PLACEMENT_3D('',#8223,#8224,#8225);
#8223 = CARTESIAN_POINT('',(-48.5476,66.3278,0.));
#8224 = DIRECTION('',(-0.,-0.,-1.));
#8225 = DIRECTION('',(0.98080080092,0.195012278883,0.));
#8226 = ADVANCED_FACE('',(#8227),#8245,.F.);
#8227 = FACE_BOUND('',#8228,.T.);
#8228 = EDGE_LOOP('',(#8229,#8237,#8238,#8239));
#8229 = ORIENTED_EDGE('',*,*,#8230,.T.);
#8230 = EDGE_CURVE('',#8231,#1202,#8233,.T.);
#8231 = VERTEX_POINT('',#8232);
#8232 = CARTESIAN_POINT('',(-50.19054617813,68.245008417398,0.));
#8233 = LINE('',#8234,#8235);
#8234 = CARTESIAN_POINT('',(-50.19054617813,68.245008417398,0.));
#8235 = VECTOR('',#8236,1.);
#8236 = DIRECTION('',(0.,0.,1.));
#8237 = ORIENTED_EDGE('',*,*,#1210,.T.);
#8238 = ORIENTED_EDGE('',*,*,#8207,.F.);
#8239 = ORIENTED_EDGE('',*,*,#8240,.F.);
#8240 = EDGE_CURVE('',#8231,#8208,#8241,.T.);
#8241 = LINE('',#8242,#8243);
#8242 = CARTESIAN_POINT('',(-50.19054617813,68.245008417398,0.));
#8243 = VECTOR('',#8244,1.);
#8244 = DIRECTION('',(0.923878507249,0.382685907558,0.));
#8245 = PLANE('',#8246);
#8246 = AXIS2_PLACEMENT_3D('',#8247,#8248,#8249);
#8247 = CARTESIAN_POINT('',(-50.19054617813,68.245008417398,0.));
#8248 = DIRECTION('',(0.382685907558,-0.923878507249,0.));
#8249 = DIRECTION('',(-0.923878507249,-0.382685907558,0.));
#8250 = ADVANCED_FACE('',(#8251),#8270,.T.);
#8251 = FACE_BOUND('',#8252,.F.);
#8252 = EDGE_LOOP('',(#8253,#8254,#8255,#8263));
#8253 = ORIENTED_EDGE('',*,*,#8230,.T.);
#8254 = ORIENTED_EDGE('',*,*,#1201,.T.);
#8255 = ORIENTED_EDGE('',*,*,#8256,.F.);
#8256 = EDGE_CURVE('',#8257,#1194,#8259,.T.);
#8257 = VERTEX_POINT('',#8258);
#8258 = CARTESIAN_POINT('',(-50.60556912059,68.023159872915,0.));
#8259 = LINE('',#8260,#8261);
#8260 = CARTESIAN_POINT('',(-50.60556912059,68.023159872915,0.));
#8261 = VECTOR('',#8262,1.);
#8262 = DIRECTION('',(0.,0.,1.));
#8263 = ORIENTED_EDGE('',*,*,#8264,.F.);
#8264 = EDGE_CURVE('',#8231,#8257,#8265,.T.);
#8265 = CIRCLE('',#8266,2.4);
#8266 = AXIS2_PLACEMENT_3D('',#8267,#8268,#8269);
#8267 = CARTESIAN_POINT('',(-49.2721,66.0277,0.));
#8268 = DIRECTION('',(0.,-0.,1.));
#8269 = DIRECTION('',(0.923878507249,0.382685907558,0.));
#8270 = CYLINDRICAL_SURFACE('',#8271,2.4);
#8271 = AXIS2_PLACEMENT_3D('',#8272,#8273,#8274);
#8272 = CARTESIAN_POINT('',(-49.2721,66.0277,0.));
#8273 = DIRECTION('',(-0.,-0.,-1.));
#8274 = DIRECTION('',(0.923878507249,0.382685907558,0.));
#8275 = ADVANCED_FACE('',(#8276),#8294,.F.);
#8276 = FACE_BOUND('',#8277,.T.);
#8277 = EDGE_LOOP('',(#8278,#8286,#8287,#8288));
#8278 = ORIENTED_EDGE('',*,*,#8279,.T.);
#8279 = EDGE_CURVE('',#8280,#1185,#8282,.T.);
#8280 = VERTEX_POINT('',#8281);
#8281 = CARTESIAN_POINT('',(-51.25756912059,67.587459872915,0.));
#8282 = LINE('',#8283,#8284);
#8283 = CARTESIAN_POINT('',(-51.25756912059,67.587459872915,0.));
#8284 = VECTOR('',#8285,1.);
#8285 = DIRECTION('',(0.,0.,1.));
#8286 = ORIENTED_EDGE('',*,*,#1193,.T.);
#8287 = ORIENTED_EDGE('',*,*,#8256,.F.);
#8288 = ORIENTED_EDGE('',*,*,#8289,.F.);
#8289 = EDGE_CURVE('',#8280,#8257,#8290,.T.);
#8290 = LINE('',#8291,#8292);
#8291 = CARTESIAN_POINT('',(-51.25756912059,67.587459872915,0.));
#8292 = VECTOR('',#8293,1.);
#8293 = DIRECTION('',(0.831441613715,0.555612133582,0.));
#8294 = PLANE('',#8295);
#8295 = AXIS2_PLACEMENT_3D('',#8296,#8297,#8298);
#8296 = CARTESIAN_POINT('',(-51.25756912059,67.587459872915,0.));
#8297 = DIRECTION('',(0.555612133582,-0.831441613715,0.));
#8298 = DIRECTION('',(-0.831441613715,-0.555612133582,0.));
#8299 = ADVANCED_FACE('',(#8300),#8319,.T.);
#8300 = FACE_BOUND('',#8301,.F.);
#8301 = EDGE_LOOP('',(#8302,#8303,#8304,#8312));
#8302 = ORIENTED_EDGE('',*,*,#8279,.T.);
#8303 = ORIENTED_EDGE('',*,*,#1184,.T.);
#8304 = ORIENTED_EDGE('',*,*,#8305,.F.);
#8305 = EDGE_CURVE('',#8306,#1177,#8308,.T.);
#8306 = VERTEX_POINT('',#8307);
#8307 = CARTESIAN_POINT('',(-51.62115627484,67.289056274848,0.));
#8308 = LINE('',#8309,#8310);
#8309 = CARTESIAN_POINT('',(-51.62115627484,67.289056274848,0.));
#8310 = VECTOR('',#8311,1.);
#8311 = DIRECTION('',(0.,0.,1.));
#8312 = ORIENTED_EDGE('',*,*,#8313,.F.);
#8313 = EDGE_CURVE('',#8280,#8306,#8314,.T.);
#8314 = CIRCLE('',#8315,2.4);
#8315 = AXIS2_PLACEMENT_3D('',#8316,#8317,#8318);
#8316 = CARTESIAN_POINT('',(-49.9241,65.592,0.));
#8317 = DIRECTION('',(0.,-0.,1.));
#8318 = DIRECTION('',(0.831441613715,0.555612133582,0.));
#8319 = CYLINDRICAL_SURFACE('',#8320,2.4);
#8320 = AXIS2_PLACEMENT_3D('',#8321,#8322,#8323);
#8321 = CARTESIAN_POINT('',(-49.9241,65.592,0.));
#8322 = DIRECTION('',(-0.,-0.,-1.));
#8323 = DIRECTION('',(0.831441613715,0.555612133582,0.));
#8324 = ADVANCED_FACE('',(#8325),#8343,.F.);
#8325 = FACE_BOUND('',#8326,.T.);
#8326 = EDGE_LOOP('',(#8327,#8335,#8336,#8337));
#8327 = ORIENTED_EDGE('',*,*,#8328,.T.);
#8328 = EDGE_CURVE('',#8329,#1168,#8331,.T.);
#8329 = VERTEX_POINT('',#8330);
#8330 = CARTESIAN_POINT('',(-52.17555627484,66.734656274848,0.));
#8331 = LINE('',#8332,#8333);
#8332 = CARTESIAN_POINT('',(-52.17555627484,66.734656274848,0.));
#8333 = VECTOR('',#8334,1.);
#8334 = DIRECTION('',(0.,0.,1.));
#8335 = ORIENTED_EDGE('',*,*,#1176,.T.);
#8336 = ORIENTED_EDGE('',*,*,#8305,.F.);
#8337 = ORIENTED_EDGE('',*,*,#8338,.F.);
#8338 = EDGE_CURVE('',#8329,#8306,#8339,.T.);
#8339 = LINE('',#8340,#8341);
#8340 = CARTESIAN_POINT('',(-52.17555627484,66.734656274848,0.));
#8341 = VECTOR('',#8342,1.);
#8342 = DIRECTION('',(0.707106781187,0.707106781187,0.));
#8343 = PLANE('',#8344);
#8344 = AXIS2_PLACEMENT_3D('',#8345,#8346,#8347);
#8345 = CARTESIAN_POINT('',(-52.17555627484,66.734656274848,0.));
#8346 = DIRECTION('',(0.707106781187,-0.707106781187,0.));
#8347 = DIRECTION('',(-0.707106781187,-0.707106781187,0.));
#8348 = ADVANCED_FACE('',(#8349),#8368,.T.);
#8349 = FACE_BOUND('',#8350,.F.);
#8350 = EDGE_LOOP('',(#8351,#8352,#8353,#8361));
#8351 = ORIENTED_EDGE('',*,*,#8328,.T.);
#8352 = ORIENTED_EDGE('',*,*,#1167,.T.);
#8353 = ORIENTED_EDGE('',*,*,#8354,.F.);
#8354 = EDGE_CURVE('',#8355,#1160,#8357,.T.);
#8355 = VERTEX_POINT('',#8356);
#8356 = CARTESIAN_POINT('',(-52.47395987291,66.371069120597,0.));
#8357 = LINE('',#8358,#8359);
#8358 = CARTESIAN_POINT('',(-52.47395987291,66.371069120597,0.));
#8359 = VECTOR('',#8360,1.);
#8360 = DIRECTION('',(0.,0.,1.));
#8361 = ORIENTED_EDGE('',*,*,#8362,.F.);
#8362 = EDGE_CURVE('',#8329,#8355,#8363,.T.);
#8363 = CIRCLE('',#8364,2.4);
#8364 = AXIS2_PLACEMENT_3D('',#8365,#8366,#8367);
#8365 = CARTESIAN_POINT('',(-50.4785,65.0376,0.));
#8366 = DIRECTION('',(0.,-0.,1.));
#8367 = DIRECTION('',(0.707106781187,0.707106781187,0.));
#8368 = CYLINDRICAL_SURFACE('',#8369,2.4);
#8369 = AXIS2_PLACEMENT_3D('',#8370,#8371,#8372);
#8370 = CARTESIAN_POINT('',(-50.4785,65.0376,0.));
#8371 = DIRECTION('',(-0.,-0.,-1.));
#8372 = DIRECTION('',(0.707106781187,0.707106781187,0.));
#8373 = ADVANCED_FACE('',(#8374),#8392,.F.);
#8374 = FACE_BOUND('',#8375,.T.);
#8375 = EDGE_LOOP('',(#8376,#8384,#8385,#8386));
#8376 = ORIENTED_EDGE('',*,*,#8377,.T.);
#8377 = EDGE_CURVE('',#8378,#1151,#8380,.T.);
#8378 = VERTEX_POINT('',#8379);
#8379 = CARTESIAN_POINT('',(-52.90965987291,65.719069120597,0.));
#8380 = LINE('',#8381,#8382);
#8381 = CARTESIAN_POINT('',(-52.90965987291,65.719069120597,0.));
#8382 = VECTOR('',#8383,1.);
#8383 = DIRECTION('',(0.,0.,1.));
#8384 = ORIENTED_EDGE('',*,*,#1159,.T.);
#8385 = ORIENTED_EDGE('',*,*,#8354,.F.);
#8386 = ORIENTED_EDGE('',*,*,#8387,.F.);
#8387 = EDGE_CURVE('',#8378,#8355,#8388,.T.);
#8388 = LINE('',#8389,#8390);
#8389 = CARTESIAN_POINT('',(-52.90965987291,65.719069120597,0.));
#8390 = VECTOR('',#8391,1.);
#8391 = DIRECTION('',(0.555612133582,0.831441613715,0.));
#8392 = PLANE('',#8393);
#8393 = AXIS2_PLACEMENT_3D('',#8394,#8395,#8396);
#8394 = CARTESIAN_POINT('',(-52.90965987291,65.719069120597,0.));
#8395 = DIRECTION('',(0.831441613715,-0.555612133582,0.));
#8396 = DIRECTION('',(-0.555612133582,-0.831441613715,0.));
#8397 = ADVANCED_FACE('',(#8398),#8417,.T.);
#8398 = FACE_BOUND('',#8399,.F.);
#8399 = EDGE_LOOP('',(#8400,#8401,#8402,#8410));
#8400 = ORIENTED_EDGE('',*,*,#8377,.T.);
#8401 = ORIENTED_EDGE('',*,*,#1150,.T.);
#8402 = ORIENTED_EDGE('',*,*,#8403,.F.);
#8403 = EDGE_CURVE('',#8404,#1143,#8406,.T.);
#8404 = VERTEX_POINT('',#8405);
#8405 = CARTESIAN_POINT('',(-53.03084444029,65.516889668189,0.));
#8406 = LINE('',#8407,#8408);
#8407 = CARTESIAN_POINT('',(-53.03084444029,65.516889668189,0.));
#8408 = VECTOR('',#8409,1.);
#8409 = DIRECTION('',(0.,0.,1.));
#8410 = ORIENTED_EDGE('',*,*,#8411,.F.);
#8411 = EDGE_CURVE('',#8378,#8404,#8412,.T.);
#8412 = CIRCLE('',#8413,2.4);
#8413 = AXIS2_PLACEMENT_3D('',#8414,#8415,#8416);
#8414 = CARTESIAN_POINT('',(-50.9142,64.3856,0.));
#8415 = DIRECTION('',(0.,-0.,1.));
#8416 = DIRECTION('',(0.555612133582,0.831441613715,0.));
#8417 = CYLINDRICAL_SURFACE('',#8418,2.4);
#8418 = AXIS2_PLACEMENT_3D('',#8419,#8420,#8421);
#8419 = CARTESIAN_POINT('',(-50.9142,64.3856,0.));
#8420 = DIRECTION('',(-0.,-0.,-1.));
#8421 = DIRECTION('',(0.555612133582,0.831441613715,0.));
#8422 = ADVANCED_FACE('',(#8423),#8441,.F.);
#8423 = FACE_BOUND('',#8424,.T.);
#8424 = EDGE_LOOP('',(#8425,#8433,#8434,#8435));
#8425 = ORIENTED_EDGE('',*,*,#8426,.T.);
#8426 = EDGE_CURVE('',#8427,#1135,#8429,.T.);
#8427 = VERTEX_POINT('',#8428);
#8428 = CARTESIAN_POINT('',(-53.30391343244,65.005977228797,0.));
#8429 = LINE('',#8430,#8431);
#8430 = CARTESIAN_POINT('',(-53.30391343244,65.005977228797,0.));
#8431 = VECTOR('',#8432,1.);
#8432 = DIRECTION('',(0.,0.,1.));
#8433 = ORIENTED_EDGE('',*,*,#1142,.T.);
#8434 = ORIENTED_EDGE('',*,*,#8403,.F.);
#8435 = ORIENTED_EDGE('',*,*,#8436,.F.);
#8436 = EDGE_CURVE('',#8427,#8404,#8437,.T.);
#8437 = LINE('',#8438,#8439);
#8438 = CARTESIAN_POINT('',(-53.41534444029,64.797489668189,0.));
#8439 = VECTOR('',#8440,1.);
#8440 = DIRECTION('',(0.471370695079,0.881935183458,0.));
#8441 = PLANE('',#8442);
#8442 = AXIS2_PLACEMENT_3D('',#8443,#8444,#8445);
#8443 = CARTESIAN_POINT('',(-53.30391343244,65.005977228797,0.));
#8444 = DIRECTION('',(0.881935183458,-0.471370695079,0.));
#8445 = DIRECTION('',(-0.471370695079,-0.881935183458,0.));
#8446 = ADVANCED_FACE('',(#8447),#8465,.F.);
#8447 = FACE_BOUND('',#8448,.T.);
#8448 = EDGE_LOOP('',(#8449,#8457,#8458,#8459));
#8449 = ORIENTED_EDGE('',*,*,#8450,.T.);
#8450 = EDGE_CURVE('',#8451,#1127,#8453,.T.);
#8451 = VERTEX_POINT('',#8452);
#8452 = CARTESIAN_POINT('',(-53.99647000534,64.162070005347,0.));
#8453 = LINE('',#8454,#8455);
#8454 = CARTESIAN_POINT('',(-53.99647000534,64.162070005347,0.));
#8455 = VECTOR('',#8456,1.);
#8456 = DIRECTION('',(0.,0.,1.));
#8457 = ORIENTED_EDGE('',*,*,#1134,.T.);
#8458 = ORIENTED_EDGE('',*,*,#8426,.F.);
#8459 = ORIENTED_EDGE('',*,*,#8460,.F.);
#8460 = EDGE_CURVE('',#8451,#8427,#8461,.T.);
#8461 = LINE('',#8462,#8463);
#8462 = CARTESIAN_POINT('',(-54.14644685087,63.979317363559,0.));
#8463 = VECTOR('',#8464,1.);
#8464 = DIRECTION('',(0.634382234816,0.773019521196,0.));
#8465 = PLANE('',#8466);
#8466 = AXIS2_PLACEMENT_3D('',#8467,#8468,#8469);
#8467 = CARTESIAN_POINT('',(-53.99647000534,64.162070005347,0.));
#8468 = DIRECTION('',(0.773019521196,-0.634382234816,0.));
#8469 = DIRECTION('',(-0.634382234816,-0.773019521196,0.));
#8470 = ADVANCED_FACE('',(#8471),#8489,.F.);
#8471 = FACE_BOUND('',#8472,.T.);
#8472 = EDGE_LOOP('',(#8473,#8481,#8482,#8483));
#8473 = ORIENTED_EDGE('',*,*,#8474,.T.);
#8474 = EDGE_CURVE('',#8475,#1119,#8477,.T.);
#8475 = VERTEX_POINT('',#8476);
#8476 = CARTESIAN_POINT('',(-54.840423358,63.469475576282,0.));
#8477 = LINE('',#8478,#8479);
#8478 = CARTESIAN_POINT('',(-54.840423358,63.469475576282,0.));
#8479 = VECTOR('',#8480,1.);
#8480 = DIRECTION('',(0.,0.,1.));
#8481 = ORIENTED_EDGE('',*,*,#1126,.T.);
#8482 = ORIENTED_EDGE('',*,*,#8450,.F.);
#8483 = ORIENTED_EDGE('',*,*,#8484,.F.);
#8484 = EDGE_CURVE('',#8475,#8451,#8485,.T.);
#8485 = LINE('',#8486,#8487);
#8486 = CARTESIAN_POINT('',(-55.02311736355,63.31954685087,0.));
#8487 = VECTOR('',#8488,1.);
#8488 = DIRECTION('',(0.773019521196,0.634382234816,0.));
#8489 = PLANE('',#8490);
#8490 = AXIS2_PLACEMENT_3D('',#8491,#8492,#8493);
#8491 = CARTESIAN_POINT('',(-54.840423358,63.469475576282,0.));
#8492 = DIRECTION('',(0.634382234816,-0.773019521196,0.));
#8493 = DIRECTION('',(-0.773019521196,-0.634382234816,0.));
#8494 = ADVANCED_FACE('',(#8495),#8513,.F.);
#8495 = FACE_BOUND('',#8496,.T.);
#8496 = EDGE_LOOP('',(#8497,#8505,#8506,#8507));
#8497 = ORIENTED_EDGE('',*,*,#8498,.T.);
#8498 = EDGE_CURVE('',#8499,#1111,#8501,.T.);
#8499 = VERTEX_POINT('',#8500);
#8500 = CARTESIAN_POINT('',(-55.80318069102,62.954846647457,0.));
#8501 = LINE('',#8502,#8503);
#8502 = CARTESIAN_POINT('',(-55.80318069102,62.954846647457,0.));
#8503 = VECTOR('',#8504,1.);
#8504 = DIRECTION('',(0.,0.,1.));
#8505 = ORIENTED_EDGE('',*,*,#1118,.T.);
#8506 = ORIENTED_EDGE('',*,*,#8474,.F.);
#8507 = ORIENTED_EDGE('',*,*,#8508,.F.);
#8508 = EDGE_CURVE('',#8499,#8475,#8509,.T.);
#8509 = LINE('',#8510,#8511);
#8510 = CARTESIAN_POINT('',(-56.01169391296,62.843388720965,0.));
#8511 = VECTOR('',#8512,1.);
#8512 = DIRECTION('',(0.881911967069,0.4714141304,0.));
#8513 = PLANE('',#8514);
#8514 = AXIS2_PLACEMENT_3D('',#8515,#8516,#8517);
#8515 = CARTESIAN_POINT('',(-55.80318069102,62.954846647457,0.));
#8516 = DIRECTION('',(0.4714141304,-0.881911967069,0.));
#8517 = DIRECTION('',(-0.881911967069,-0.4714141304,0.));
#8518 = ADVANCED_FACE('',(#8519),#8537,.F.);
#8519 = FACE_BOUND('',#8520,.T.);
#8520 = EDGE_LOOP('',(#8521,#8529,#8530,#8531));
#8521 = ORIENTED_EDGE('',*,*,#8522,.T.);
#8522 = EDGE_CURVE('',#8523,#1103,#8525,.T.);
#8523 = VERTEX_POINT('',#8524);
#8524 = CARTESIAN_POINT('',(-56.84784947293,62.637977972108,0.));
#8525 = LINE('',#8526,#8527);
#8526 = CARTESIAN_POINT('',(-56.84784947293,62.637977972108,0.));
#8527 = VECTOR('',#8528,1.);
#8528 = DIRECTION('',(0.,0.,1.));
#8529 = ORIENTED_EDGE('',*,*,#1110,.T.);
#8530 = ORIENTED_EDGE('',*,*,#8498,.F.);
#8531 = ORIENTED_EDGE('',*,*,#8532,.F.);
#8532 = EDGE_CURVE('',#8523,#8499,#8533,.T.);
#8533 = LINE('',#8534,#8535);
#8534 = CARTESIAN_POINT('',(-57.07402658313,62.569373987242,0.));
#8535 = VECTOR('',#8536,1.);
#8536 = DIRECTION('',(0.956947494684,0.290261076305,0.));
#8537 = PLANE('',#8538);
#8538 = AXIS2_PLACEMENT_3D('',#8539,#8540,#8541);
#8539 = CARTESIAN_POINT('',(-56.84784947293,62.637977972108,0.));
#8540 = DIRECTION('',(0.290261076305,-0.956947494684,0.));
#8541 = DIRECTION('',(-0.956947494684,-0.290261076305,0.));
#8542 = ADVANCED_FACE('',(#8543),#8561,.F.);
#8543 = FACE_BOUND('',#8544,.T.);
#8544 = EDGE_LOOP('',(#8545,#8553,#8554,#8555));
#8545 = ORIENTED_EDGE('',*,*,#8546,.T.);
#8546 = EDGE_CURVE('',#8547,#1095,#8549,.T.);
#8547 = VERTEX_POINT('',#8548);
#8548 = CARTESIAN_POINT('',(-58.24880126268,62.5,0.));
#8549 = LINE('',#8550,#8551);
#8550 = CARTESIAN_POINT('',(-58.24880126268,62.5,0.));
#8551 = VECTOR('',#8552,1.);
#8552 = DIRECTION('',(0.,0.,1.));
#8553 = ORIENTED_EDGE('',*,*,#1102,.T.);
#8554 = ORIENTED_EDGE('',*,*,#8522,.F.);
#8555 = ORIENTED_EDGE('',*,*,#8556,.F.);
#8556 = EDGE_CURVE('',#8547,#8523,#8557,.T.);
#8557 = LINE('',#8558,#8559);
#8558 = CARTESIAN_POINT('',(-58.36613482908,62.48844396526,0.));
#8559 = VECTOR('',#8560,1.);
#8560 = DIRECTION('',(0.995184985525,9.80145121187E-02,0.));
#8561 = PLANE('',#8562);
#8562 = AXIS2_PLACEMENT_3D('',#8563,#8564,#8565);
#8563 = CARTESIAN_POINT('',(-58.24880126268,62.5,0.));
#8564 = DIRECTION('',(9.80145121187E-02,-0.995184985525,0.));
#8565 = DIRECTION('',(-0.995184985525,-9.80145121187E-02,0.));
#8566 = ADVANCED_FACE('',(#8567),#8585,.F.);
#8567 = FACE_BOUND('',#8568,.T.);
#8568 = EDGE_LOOP('',(#8569,#8577,#8578,#8579));
#8569 = ORIENTED_EDGE('',*,*,#8570,.T.);
#8570 = EDGE_CURVE('',#8571,#1086,#8573,.T.);
#8571 = VERTEX_POINT('',#8572);
#8572 = CARTESIAN_POINT('',(-67.6867,62.5,0.));
#8573 = LINE('',#8574,#8575);
#8574 = CARTESIAN_POINT('',(-67.6867,62.5,0.));
#8575 = VECTOR('',#8576,1.);
#8576 = DIRECTION('',(0.,0.,1.));
#8577 = ORIENTED_EDGE('',*,*,#1094,.T.);
#8578 = ORIENTED_EDGE('',*,*,#8546,.F.);
#8579 = ORIENTED_EDGE('',*,*,#8580,.F.);
#8580 = EDGE_CURVE('',#8571,#8547,#8581,.T.);
#8581 = LINE('',#8582,#8583);
#8582 = CARTESIAN_POINT('',(-67.6867,62.5,0.));
#8583 = VECTOR('',#8584,1.);
#8584 = DIRECTION('',(1.,0.,0.));
#8585 = PLANE('',#8586);
#8586 = AXIS2_PLACEMENT_3D('',#8587,#8588,#8589);
#8587 = CARTESIAN_POINT('',(-67.6867,62.5,0.));
#8588 = DIRECTION('',(-0.,-1.,-0.));
#8589 = DIRECTION('',(-1.,0.,0.));
#8590 = ADVANCED_FACE('',(#8591),#8610,.T.);
#8591 = FACE_BOUND('',#8592,.F.);
#8592 = EDGE_LOOP('',(#8593,#8594,#8595,#8603));
#8593 = ORIENTED_EDGE('',*,*,#8570,.T.);
#8594 = ORIENTED_EDGE('',*,*,#1085,.T.);
#8595 = ORIENTED_EDGE('',*,*,#8596,.F.);
#8596 = EDGE_CURVE('',#8597,#1078,#8599,.T.);
#8597 = VERTEX_POINT('',#8598);
#8598 = CARTESIAN_POINT('',(-67.80469028124,62.497097889852,0.));
#8599 = LINE('',#8600,#8601);
#8600 = CARTESIAN_POINT('',(-67.80469028124,62.497097889852,0.));
#8601 = VECTOR('',#8602,1.);
#8602 = DIRECTION('',(0.,0.,1.));
#8603 = ORIENTED_EDGE('',*,*,#8604,.F.);
#8604 = EDGE_CURVE('',#8571,#8597,#8605,.T.);
#8605 = CIRCLE('',#8606,2.4);
#8606 = AXIS2_PLACEMENT_3D('',#8607,#8608,#8609);
#8607 = CARTESIAN_POINT('',(-67.6867,60.1,0.));
#8608 = DIRECTION('',(0.,0.,1.));
#8609 = DIRECTION('',(1.,0.,0.));
#8610 = CYLINDRICAL_SURFACE('',#8611,2.4);
#8611 = AXIS2_PLACEMENT_3D('',#8612,#8613,#8614);
#8612 = CARTESIAN_POINT('',(-67.6867,60.1,0.));
#8613 = DIRECTION('',(-0.,-0.,-1.));
#8614 = DIRECTION('',(1.,0.,0.));
#8615 = ADVANCED_FACE('',(#8616),#8634,.F.);
#8616 = FACE_BOUND('',#8617,.T.);
#8617 = EDGE_LOOP('',(#8618,#8626,#8627,#8628));
#8618 = ORIENTED_EDGE('',*,*,#8619,.T.);
#8619 = EDGE_CURVE('',#8620,#1069,#8622,.T.);
#8620 = VERTEX_POINT('',#8621);
#8621 = CARTESIAN_POINT('',(-68.19679028124,62.477797889852,0.));
#8622 = LINE('',#8623,#8624);
#8623 = CARTESIAN_POINT('',(-68.19679028124,62.477797889852,0.));
#8624 = VECTOR('',#8625,1.);
#8625 = DIRECTION('',(0.,0.,1.));
#8626 = ORIENTED_EDGE('',*,*,#1077,.T.);
#8627 = ORIENTED_EDGE('',*,*,#8596,.F.);
#8628 = ORIENTED_EDGE('',*,*,#8629,.F.);
#8629 = EDGE_CURVE('',#8620,#8597,#8630,.T.);
#8630 = LINE('',#8631,#8632);
#8631 = CARTESIAN_POINT('',(-68.19679028124,62.477797889852,0.));
#8632 = VECTOR('',#8633,1.);
#8633 = DIRECTION('',(0.998790787438,4.916261718327E-02,0.));
#8634 = PLANE('',#8635);
#8635 = AXIS2_PLACEMENT_3D('',#8636,#8637,#8638);
#8636 = CARTESIAN_POINT('',(-68.19679028124,62.477797889852,0.));
#8637 = DIRECTION('',(4.916261718327E-02,-0.998790787438,0.));
#8638 = DIRECTION('',(-0.998790787438,-4.916261718327E-02,0.));
#8639 = ADVANCED_FACE('',(#8640),#8659,.T.);
#8640 = FACE_BOUND('',#8641,.F.);
#8641 = EDGE_LOOP('',(#8642,#8643,#8644,#8652));
#8642 = ORIENTED_EDGE('',*,*,#8619,.T.);
#8643 = ORIENTED_EDGE('',*,*,#1068,.T.);
#8644 = ORIENTED_EDGE('',*,*,#8645,.F.);
#8645 = EDGE_CURVE('',#8646,#1061,#8648,.T.);
#8646 = VERTEX_POINT('',#8647);
#8647 = CARTESIAN_POINT('',(-68.54677092897,62.434633561006,0.));
#8648 = LINE('',#8649,#8650);
#8649 = CARTESIAN_POINT('',(-68.54677092897,62.434633561006,0.));
#8650 = VECTOR('',#8651,1.);
#8651 = DIRECTION('',(0.,0.,1.));
#8652 = ORIENTED_EDGE('',*,*,#8653,.F.);
#8653 = EDGE_CURVE('',#8620,#8646,#8654,.T.);
#8654 = CIRCLE('',#8655,2.4);
#8655 = AXIS2_PLACEMENT_3D('',#8656,#8657,#8658);
#8656 = CARTESIAN_POINT('',(-68.0788,60.0807,0.));
#8657 = DIRECTION('',(0.,-0.,1.));
#8658 = DIRECTION('',(0.998790787438,4.916261718327E-02,0.));
#8659 = CYLINDRICAL_SURFACE('',#8660,2.4);
#8660 = AXIS2_PLACEMENT_3D('',#8661,#8662,#8663);
#8661 = CARTESIAN_POINT('',(-68.0788,60.0807,0.));
#8662 = DIRECTION('',(-0.,-0.,-1.));
#8663 = DIRECTION('',(0.998790787438,4.916261718327E-02,0.));
#8664 = ADVANCED_FACE('',(#8665),#8683,.F.);
#8665 = FACE_BOUND('',#8666,.T.);
#8666 = EDGE_LOOP('',(#8667,#8675,#8676,#8677));
#8667 = ORIENTED_EDGE('',*,*,#8668,.T.);
#8668 = EDGE_CURVE('',#8669,#1052,#8671,.T.);
#8669 = VERTEX_POINT('',#8670);
#8670 = CARTESIAN_POINT('',(-69.31587092897,62.281733561006,0.));
#8671 = LINE('',#8672,#8673);
#8672 = CARTESIAN_POINT('',(-69.31587092897,62.281733561006,0.));
#8673 = VECTOR('',#8674,1.);
#8674 = DIRECTION('',(0.,0.,1.));
#8675 = ORIENTED_EDGE('',*,*,#1060,.T.);
#8676 = ORIENTED_EDGE('',*,*,#8645,.F.);
#8677 = ORIENTED_EDGE('',*,*,#8678,.F.);
#8678 = EDGE_CURVE('',#8669,#8646,#8679,.T.);
#8679 = LINE('',#8680,#8681);
#8680 = CARTESIAN_POINT('',(-69.31587092897,62.281733561006,0.));
#8681 = VECTOR('',#8682,1.);
#8682 = DIRECTION('',(0.980805650419,0.194987887075,0.));
#8683 = PLANE('',#8684);
#8684 = AXIS2_PLACEMENT_3D('',#8685,#8686,#8687);
#8685 = CARTESIAN_POINT('',(-69.31587092897,62.281733561006,0.));
#8686 = DIRECTION('',(0.194987887075,-0.980805650419,0.));
#8687 = DIRECTION('',(-0.980805650419,-0.194987887075,0.));
#8688 = ADVANCED_FACE('',(#8689),#8708,.T.);
#8689 = FACE_BOUND('',#8690,.F.);
#8690 = EDGE_LOOP('',(#8691,#8692,#8693,#8701));
#8691 = ORIENTED_EDGE('',*,*,#8668,.T.);
#8692 = ORIENTED_EDGE('',*,*,#1051,.T.);
#8693 = ORIENTED_EDGE('',*,*,#8694,.F.);
#8694 = EDGE_CURVE('',#8695,#1044,#8697,.T.);
#8695 = VERTEX_POINT('',#8696);
#8696 = CARTESIAN_POINT('',(-69.76645439422,62.145063589393,0.));
#8697 = LINE('',#8698,#8699);
#8698 = CARTESIAN_POINT('',(-69.76645439422,62.145063589393,0.));
#8699 = VECTOR('',#8700,1.);
#8700 = DIRECTION('',(0.,0.,1.));
#8701 = ORIENTED_EDGE('',*,*,#8702,.F.);
#8702 = EDGE_CURVE('',#8669,#8695,#8703,.T.);
#8703 = CIRCLE('',#8704,2.4);
#8704 = AXIS2_PLACEMENT_3D('',#8705,#8706,#8707);
#8705 = CARTESIAN_POINT('',(-68.8479,59.9278,0.));
#8706 = DIRECTION('',(0.,-0.,1.));
#8707 = DIRECTION('',(0.980805650419,0.194987887075,0.));
#8708 = CYLINDRICAL_SURFACE('',#8709,2.4);
#8709 = AXIS2_PLACEMENT_3D('',#8710,#8711,#8712);
#8710 = CARTESIAN_POINT('',(-68.8479,59.9278,0.));
#8711 = DIRECTION('',(-0.,-0.,-1.));
#8712 = DIRECTION('',(0.980805650419,0.194987887075,0.));
#8713 = ADVANCED_FACE('',(#8714),#8732,.F.);
#8714 = FACE_BOUND('',#8715,.T.);
#8715 = EDGE_LOOP('',(#8716,#8724,#8725,#8726));
#8716 = ORIENTED_EDGE('',*,*,#8717,.T.);
#8717 = EDGE_CURVE('',#8718,#1035,#8720,.T.);
#8718 = VERTEX_POINT('',#8719);
#8719 = CARTESIAN_POINT('',(-70.49085439422,61.844963589393,0.));
#8720 = LINE('',#8721,#8722);
#8721 = CARTESIAN_POINT('',(-70.49085439422,61.844963589393,0.));
#8722 = VECTOR('',#8723,1.);
#8723 = DIRECTION('',(0.,0.,1.));
#8724 = ORIENTED_EDGE('',*,*,#1043,.T.);
#8725 = ORIENTED_EDGE('',*,*,#8694,.F.);
#8726 = ORIENTED_EDGE('',*,*,#8727,.F.);
#8727 = EDGE_CURVE('',#8718,#8695,#8728,.T.);
#8728 = LINE('',#8729,#8730);
#8729 = CARTESIAN_POINT('',(-70.49085439422,61.844963589393,0.));
#8730 = VECTOR('',#8731,1.);
#8731 = DIRECTION('',(0.923859828914,0.382730997594,0.));
#8732 = PLANE('',#8733);
#8733 = AXIS2_PLACEMENT_3D('',#8734,#8735,#8736);
#8734 = CARTESIAN_POINT('',(-70.49085439422,61.844963589393,0.));
#8735 = DIRECTION('',(0.382730997594,-0.923859828914,0.));
#8736 = DIRECTION('',(-0.923859828914,-0.382730997594,0.));
#8737 = ADVANCED_FACE('',(#8738),#8757,.T.);
#8738 = FACE_BOUND('',#8739,.F.);
#8739 = EDGE_LOOP('',(#8740,#8741,#8742,#8750));
#8740 = ORIENTED_EDGE('',*,*,#8717,.T.);
#8741 = ORIENTED_EDGE('',*,*,#1034,.T.);
#8742 = ORIENTED_EDGE('',*,*,#8743,.F.);
#8743 = EDGE_CURVE('',#8744,#1027,#8746,.T.);
#8744 = VERTEX_POINT('',#8745);
#8745 = CARTESIAN_POINT('',(-70.90576912059,61.623159872915,0.));
#8746 = LINE('',#8747,#8748);
#8747 = CARTESIAN_POINT('',(-70.90576912059,61.623159872915,0.));
#8748 = VECTOR('',#8749,1.);
#8749 = DIRECTION('',(0.,0.,1.));
#8750 = ORIENTED_EDGE('',*,*,#8751,.F.);
#8751 = EDGE_CURVE('',#8718,#8744,#8752,.T.);
#8752 = CIRCLE('',#8753,2.4);
#8753 = AXIS2_PLACEMENT_3D('',#8754,#8755,#8756);
#8754 = CARTESIAN_POINT('',(-69.5723,59.6277,0.));
#8755 = DIRECTION('',(0.,-0.,1.));
#8756 = DIRECTION('',(0.923859828914,0.382730997594,0.));
#8757 = CYLINDRICAL_SURFACE('',#8758,2.4);
#8758 = AXIS2_PLACEMENT_3D('',#8759,#8760,#8761);
#8759 = CARTESIAN_POINT('',(-69.5723,59.6277,0.));
#8760 = DIRECTION('',(-0.,-0.,-1.));
#8761 = DIRECTION('',(0.923859828914,0.382730997594,0.));
#8762 = ADVANCED_FACE('',(#8763),#8781,.F.);
#8763 = FACE_BOUND('',#8764,.T.);
#8764 = EDGE_LOOP('',(#8765,#8773,#8774,#8775));
#8765 = ORIENTED_EDGE('',*,*,#8766,.T.);
#8766 = EDGE_CURVE('',#8767,#1018,#8769,.T.);
#8767 = VERTEX_POINT('',#8768);
#8768 = CARTESIAN_POINT('',(-71.55776912059,61.187459872915,0.));
#8769 = LINE('',#8770,#8771);
#8770 = CARTESIAN_POINT('',(-71.55776912059,61.187459872915,0.));
#8771 = VECTOR('',#8772,1.);
#8772 = DIRECTION('',(0.,0.,1.));
#8773 = ORIENTED_EDGE('',*,*,#1026,.T.);
#8774 = ORIENTED_EDGE('',*,*,#8743,.F.);
#8775 = ORIENTED_EDGE('',*,*,#8776,.F.);
#8776 = EDGE_CURVE('',#8767,#8744,#8777,.T.);
#8777 = LINE('',#8778,#8779);
#8778 = CARTESIAN_POINT('',(-71.55776912059,61.187459872915,0.));
#8779 = VECTOR('',#8780,1.);
#8780 = DIRECTION('',(0.831441613715,0.555612133582,0.));
#8781 = PLANE('',#8782);
#8782 = AXIS2_PLACEMENT_3D('',#8783,#8784,#8785);
#8783 = CARTESIAN_POINT('',(-71.55776912059,61.187459872915,0.));
#8784 = DIRECTION('',(0.555612133582,-0.831441613715,0.));
#8785 = DIRECTION('',(-0.831441613715,-0.555612133582,0.));
#8786 = ADVANCED_FACE('',(#8787),#8806,.T.);
#8787 = FACE_BOUND('',#8788,.F.);
#8788 = EDGE_LOOP('',(#8789,#8790,#8791,#8799));
#8789 = ORIENTED_EDGE('',*,*,#8766,.T.);
#8790 = ORIENTED_EDGE('',*,*,#1017,.T.);
#8791 = ORIENTED_EDGE('',*,*,#8792,.F.);
#8792 = EDGE_CURVE('',#8793,#1010,#8795,.T.);
#8793 = VERTEX_POINT('',#8794);
#8794 = CARTESIAN_POINT('',(-71.74669060479,61.047350868821,0.));
#8795 = LINE('',#8796,#8797);
#8796 = CARTESIAN_POINT('',(-71.74669060479,61.047350868821,0.));
#8797 = VECTOR('',#8798,1.);
#8798 = DIRECTION('',(0.,0.,1.));
#8799 = ORIENTED_EDGE('',*,*,#8800,.F.);
#8800 = EDGE_CURVE('',#8767,#8793,#8801,.T.);
#8801 = CIRCLE('',#8802,2.4);
#8802 = AXIS2_PLACEMENT_3D('',#8803,#8804,#8805);
#8803 = CARTESIAN_POINT('',(-70.2243,59.192,0.));
#8804 = DIRECTION('',(0.,-0.,1.));
#8805 = DIRECTION('',(0.831441613715,0.555612133582,0.));
#8806 = CYLINDRICAL_SURFACE('',#8807,2.4);
#8807 = AXIS2_PLACEMENT_3D('',#8808,#8809,#8810);
#8808 = CARTESIAN_POINT('',(-70.2243,59.192,0.));
#8809 = DIRECTION('',(-0.,-0.,-1.));
#8810 = DIRECTION('',(0.831441613715,0.555612133582,0.));
#8811 = ADVANCED_FACE('',(#8812),#8830,.F.);
#8812 = FACE_BOUND('',#8813,.T.);
#8813 = EDGE_LOOP('',(#8814,#8822,#8823,#8824));
#8814 = ORIENTED_EDGE('',*,*,#8815,.T.);
#8815 = EDGE_CURVE('',#8816,#1002,#8818,.T.);
#8816 = VERTEX_POINT('',#8817);
#8817 = CARTESIAN_POINT('',(-71.84155035171,60.969514600808,0.));
#8818 = LINE('',#8819,#8820);
#8819 = CARTESIAN_POINT('',(-71.84155035171,60.969514600808,0.));
#8820 = VECTOR('',#8821,1.);
#8821 = DIRECTION('',(0.,0.,1.));
#8822 = ORIENTED_EDGE('',*,*,#1009,.T.);
#8823 = ORIENTED_EDGE('',*,*,#8792,.F.);
#8824 = ORIENTED_EDGE('',*,*,#8825,.F.);
#8825 = EDGE_CURVE('',#8816,#8793,#8826,.T.);
#8826 = LINE('',#8827,#8828);
#8827 = CARTESIAN_POINT('',(-72.02419060479,60.819650868821,0.));
#8828 = VECTOR('',#8829,1.);
#8829 = DIRECTION('',(0.773062862009,0.634329418664,0.));
#8830 = PLANE('',#8831);
#8831 = AXIS2_PLACEMENT_3D('',#8832,#8833,#8834);
#8832 = CARTESIAN_POINT('',(-71.84155035171,60.969514600808,0.));
#8833 = DIRECTION('',(0.634329418664,-0.773062862009,0.));
#8834 = DIRECTION('',(-0.773062862009,-0.634329418664,0.));
#8835 = ADVANCED_FACE('',(#8836),#8854,.F.);
#8836 = FACE_BOUND('',#8837,.T.);
#8837 = EDGE_LOOP('',(#8838,#8846,#8847,#8848));
#8838 = ORIENTED_EDGE('',*,*,#8839,.T.);
#8839 = EDGE_CURVE('',#8840,#994,#8842,.T.);
#8840 = VERTEX_POINT('',#8841);
#8841 = CARTESIAN_POINT('',(-72.80438069102,60.454846647457,0.));
#8842 = LINE('',#8843,#8844);
#8843 = CARTESIAN_POINT('',(-72.80438069102,60.454846647457,0.));
#8844 = VECTOR('',#8845,1.);
#8845 = DIRECTION('',(0.,0.,1.));
#8846 = ORIENTED_EDGE('',*,*,#1001,.T.);
#8847 = ORIENTED_EDGE('',*,*,#8815,.F.);
#8848 = ORIENTED_EDGE('',*,*,#8849,.F.);
#8849 = EDGE_CURVE('',#8840,#8816,#8850,.T.);
#8850 = LINE('',#8851,#8852);
#8851 = CARTESIAN_POINT('',(-73.01289391296,60.343388720965,0.));
#8852 = VECTOR('',#8853,1.);
#8853 = DIRECTION('',(0.881911967069,0.4714141304,0.));
#8854 = PLANE('',#8855);
#8855 = AXIS2_PLACEMENT_3D('',#8856,#8857,#8858);
#8856 = CARTESIAN_POINT('',(-72.80438069102,60.454846647457,0.));
#8857 = DIRECTION('',(0.4714141304,-0.881911967069,0.));
#8858 = DIRECTION('',(-0.881911967069,-0.4714141304,0.));
#8859 = ADVANCED_FACE('',(#8860),#8878,.F.);
#8860 = FACE_BOUND('',#8861,.T.);
#8861 = EDGE_LOOP('',(#8862,#8870,#8871,#8872));
#8862 = ORIENTED_EDGE('',*,*,#8863,.T.);
#8863 = EDGE_CURVE('',#8864,#986,#8866,.T.);
#8864 = VERTEX_POINT('',#8865);
#8865 = CARTESIAN_POINT('',(-73.84904947293,60.137977972108,0.));
#8866 = LINE('',#8867,#8868);
#8867 = CARTESIAN_POINT('',(-73.84904947293,60.137977972108,0.));
#8868 = VECTOR('',#8869,1.);
#8869 = DIRECTION('',(0.,0.,1.));
#8870 = ORIENTED_EDGE('',*,*,#993,.T.);
#8871 = ORIENTED_EDGE('',*,*,#8839,.F.);
#8872 = ORIENTED_EDGE('',*,*,#8873,.F.);
#8873 = EDGE_CURVE('',#8864,#8840,#8874,.T.);
#8874 = LINE('',#8875,#8876);
#8875 = CARTESIAN_POINT('',(-74.07522658313,60.069373987242,0.));
#8876 = VECTOR('',#8877,1.);
#8877 = DIRECTION('',(0.956947494684,0.290261076305,0.));
#8878 = PLANE('',#8879);
#8879 = AXIS2_PLACEMENT_3D('',#8880,#8881,#8882);
#8880 = CARTESIAN_POINT('',(-73.84904947293,60.137977972108,0.));
#8881 = DIRECTION('',(0.290261076305,-0.956947494684,0.));
#8882 = DIRECTION('',(-0.956947494684,-0.290261076305,0.));
#8883 = ADVANCED_FACE('',(#8884),#8902,.F.);
#8884 = FACE_BOUND('',#8885,.T.);
#8885 = EDGE_LOOP('',(#8886,#8894,#8895,#8896));
#8886 = ORIENTED_EDGE('',*,*,#8887,.T.);
#8887 = EDGE_CURVE('',#8888,#978,#8890,.T.);
#8888 = VERTEX_POINT('',#8889);
#8889 = CARTESIAN_POINT('',(-75.25000126268,60.,0.));
#8890 = LINE('',#8891,#8892);
#8891 = CARTESIAN_POINT('',(-75.25000126268,60.,0.));
#8892 = VECTOR('',#8893,1.);
#8893 = DIRECTION('',(0.,0.,1.));
#8894 = ORIENTED_EDGE('',*,*,#985,.T.);
#8895 = ORIENTED_EDGE('',*,*,#8863,.F.);
#8896 = ORIENTED_EDGE('',*,*,#8897,.F.);
#8897 = EDGE_CURVE('',#8888,#8864,#8898,.T.);
#8898 = LINE('',#8899,#8900);
#8899 = CARTESIAN_POINT('',(-75.36733482908,59.98844396526,0.));
#8900 = VECTOR('',#8901,1.);
#8901 = DIRECTION('',(0.995184985525,9.80145121187E-02,0.));
#8902 = PLANE('',#8903);
#8903 = AXIS2_PLACEMENT_3D('',#8904,#8905,#8906);
#8904 = CARTESIAN_POINT('',(-75.25000126268,60.,0.));
#8905 = DIRECTION('',(9.80145121187E-02,-0.995184985525,0.));
#8906 = DIRECTION('',(-0.995184985525,-9.80145121187E-02,0.));
#8907 = ADVANCED_FACE('',(#8908),#8958,.F.);
#8908 = FACE_BOUND('',#8909,.T.);
#8909 = EDGE_LOOP('',(#8910,#8920,#8926,#8927,#8928,#8936,#8944,#8952));
#8910 = ORIENTED_EDGE('',*,*,#8911,.F.);
#8911 = EDGE_CURVE('',#8912,#8914,#8916,.T.);
#8912 = VERTEX_POINT('',#8913);
#8913 = CARTESIAN_POINT('',(-79.81866186112,60.,0.));
#8914 = VERTEX_POINT('',#8915);
#8915 = CARTESIAN_POINT('',(-76.96811457478,60.,0.));
#8916 = LINE('',#8917,#8918);
#8917 = CARTESIAN_POINT('',(-79.8776,60.,0.));
#8918 = VECTOR('',#8919,1.);
#8919 = DIRECTION('',(1.,0.,0.));
#8920 = ORIENTED_EDGE('',*,*,#8921,.T.);
#8921 = EDGE_CURVE('',#8912,#970,#8922,.T.);
#8922 = LINE('',#8923,#8924);
#8923 = CARTESIAN_POINT('',(-79.81866186112,60.,0.));
#8924 = VECTOR('',#8925,1.);
#8925 = DIRECTION('',(0.,0.,1.));
#8926 = ORIENTED_EDGE('',*,*,#977,.T.);
#8927 = ORIENTED_EDGE('',*,*,#8887,.F.);
#8928 = ORIENTED_EDGE('',*,*,#8929,.F.);
#8929 = EDGE_CURVE('',#8930,#8888,#8932,.T.);
#8930 = VERTEX_POINT('',#8931);
#8931 = CARTESIAN_POINT('',(-75.43188542521,60.,0.));
#8932 = LINE('',#8933,#8934);
#8933 = CARTESIAN_POINT('',(-79.8776,60.,0.));
#8934 = VECTOR('',#8935,1.);
#8935 = DIRECTION('',(1.,0.,0.));
#8936 = ORIENTED_EDGE('',*,*,#8937,.F.);
#8937 = EDGE_CURVE('',#8938,#8930,#8940,.T.);
#8938 = VERTEX_POINT('',#8939);
#8939 = CARTESIAN_POINT('',(-75.43188542521,60.,6.1));
#8940 = LINE('',#8941,#8942);
#8941 = CARTESIAN_POINT('',(-75.43188542521,60.,0.));
#8942 = VECTOR('',#8943,1.);
#8943 = DIRECTION('',(0.,0.,-1.));
#8944 = ORIENTED_EDGE('',*,*,#8945,.F.);
#8945 = EDGE_CURVE('',#8946,#8938,#8948,.T.);
#8946 = VERTEX_POINT('',#8947);
#8947 = CARTESIAN_POINT('',(-76.96811457478,60.,6.1));
#8948 = LINE('',#8949,#8950);
#8949 = CARTESIAN_POINT('',(-78.00933093056,60.,6.1));
#8950 = VECTOR('',#8951,1.);
#8951 = DIRECTION('',(1.,0.,0.));
#8952 = ORIENTED_EDGE('',*,*,#8953,.T.);
#8953 = EDGE_CURVE('',#8946,#8914,#8954,.T.);
#8954 = LINE('',#8955,#8956);
#8955 = CARTESIAN_POINT('',(-76.96811457478,60.,0.));
#8956 = VECTOR('',#8957,1.);
#8957 = DIRECTION('',(0.,0.,-1.));
#8958 = PLANE('',#8959);
#8959 = AXIS2_PLACEMENT_3D('',#8960,#8961,#8962);
#8960 = CARTESIAN_POINT('',(-79.81866186112,60.,0.));
#8961 = DIRECTION('',(-0.,-1.,-0.));
#8962 = DIRECTION('',(-1.,0.,0.));
#8963 = ADVANCED_FACE('',(#8964),#8982,.F.);
#8964 = FACE_BOUND('',#8965,.T.);
#8965 = EDGE_LOOP('',(#8966,#8974,#8975,#8976));
#8966 = ORIENTED_EDGE('',*,*,#8967,.T.);
#8967 = EDGE_CURVE('',#8968,#962,#8970,.T.);
#8968 = VERTEX_POINT('',#8969);
#8969 = CARTESIAN_POINT('',(-80.36641319417,60.026919104318,0.));
#8970 = LINE('',#8971,#8972);
#8971 = CARTESIAN_POINT('',(-80.36641319417,60.026919104318,0.));
#8972 = VECTOR('',#8973,1.);
#8973 = DIRECTION('',(0.,0.,1.));
#8974 = ORIENTED_EDGE('',*,*,#969,.T.);
#8975 = ORIENTED_EDGE('',*,*,#8921,.F.);
#8976 = ORIENTED_EDGE('',*,*,#8977,.F.);
#8977 = EDGE_CURVE('',#8968,#8912,#8978,.T.);
#8978 = LINE('',#8979,#8980);
#8979 = CARTESIAN_POINT('',(-80.54319476747,60.035606991185,0.));
#8980 = VECTOR('',#8981,1.);
#8981 = DIRECTION('',(0.998794579661,-4.908551355237E-02,0.));
#8982 = PLANE('',#8983);
#8983 = AXIS2_PLACEMENT_3D('',#8984,#8985,#8986);
#8984 = CARTESIAN_POINT('',(-80.36641319417,60.026919104318,0.));
#8985 = DIRECTION('',(-4.908551355237E-02,-0.998794579661,-0.));
#8986 = DIRECTION('',(-0.998794579661,4.908551355237E-02,0.));
#8987 = ADVANCED_FACE('',(#8988),#9006,.F.);
#8988 = FACE_BOUND('',#8989,.T.);
#8989 = EDGE_LOOP('',(#8990,#8998,#8999,#9000));
#8990 = ORIENTED_EDGE('',*,*,#8991,.T.);
#8991 = EDGE_CURVE('',#8992,#954,#8994,.T.);
#8992 = VERTEX_POINT('',#8993);
#8993 = CARTESIAN_POINT('',(-81.59246567645,60.270776922583,0.));
#8994 = LINE('',#8995,#8996);
#8995 = CARTESIAN_POINT('',(-81.59246567645,60.270776922583,0.));
#8996 = VECTOR('',#8997,1.);
#8997 = DIRECTION('',(0.,0.,1.));
#8998 = ORIENTED_EDGE('',*,*,#961,.T.);
#8999 = ORIENTED_EDGE('',*,*,#8967,.F.);
#9000 = ORIENTED_EDGE('',*,*,#9001,.F.);
#9001 = EDGE_CURVE('',#8992,#8968,#9002,.T.);
#9002 = LINE('',#9003,#9004);
#9003 = CARTESIAN_POINT('',(-81.82431865577,60.31689171988,0.));
#9004 = VECTOR('',#9005,1.);
#9005 = DIRECTION('',(0.980788216617,-0.195075560093,0.));
#9006 = PLANE('',#9007);
#9007 = AXIS2_PLACEMENT_3D('',#9008,#9009,#9010);
#9008 = CARTESIAN_POINT('',(-81.59246567645,60.270776922583,0.));
#9009 = DIRECTION('',(-0.195075560093,-0.980788216617,-0.));
#9010 = DIRECTION('',(-0.980788216617,0.195075560093,0.));
#9011 = ADVANCED_FACE('',(#9012),#9030,.F.);
#9012 = FACE_BOUND('',#9013,.T.);
#9013 = EDGE_LOOP('',(#9014,#9022,#9023,#9024));
#9014 = ORIENTED_EDGE('',*,*,#9015,.T.);
#9015 = EDGE_CURVE('',#9016,#946,#9018,.T.);
#9016 = VERTEX_POINT('',#9017);
#9017 = CARTESIAN_POINT('',(-82.60105648209,60.688545924478,0.));
#9018 = LINE('',#9019,#9020);
#9019 = CARTESIAN_POINT('',(-82.60105648209,60.688545924478,0.));
#9020 = VECTOR('',#9021,1.);
#9021 = DIRECTION('',(0.,0.,1.));
#9022 = ORIENTED_EDGE('',*,*,#953,.T.);
#9023 = ORIENTED_EDGE('',*,*,#8991,.F.);
#9024 = ORIENTED_EDGE('',*,*,#9025,.F.);
#9025 = EDGE_CURVE('',#9016,#8992,#9026,.T.);
#9026 = LINE('',#9027,#9028);
#9027 = CARTESIAN_POINT('',(-82.81946537052,60.779013201011,0.));
#9028 = VECTOR('',#9029,1.);
#9029 = DIRECTION('',(0.923880500421,-0.382681095615,0.));
#9030 = PLANE('',#9031);
#9031 = AXIS2_PLACEMENT_3D('',#9032,#9033,#9034);
#9032 = CARTESIAN_POINT('',(-82.60105648209,60.688545924478,0.));
#9033 = DIRECTION('',(-0.382681095615,-0.923880500421,-0.));
#9034 = DIRECTION('',(-0.923880500421,0.382681095615,0.));
#9035 = ADVANCED_FACE('',(#9036),#9054,.F.);
#9036 = FACE_BOUND('',#9037,.T.);
#9037 = EDGE_LOOP('',(#9038,#9046,#9047,#9048));
#9038 = ORIENTED_EDGE('',*,*,#9039,.T.);
#9039 = EDGE_CURVE('',#9040,#938,#9042,.T.);
#9040 = VERTEX_POINT('',#9041);
#9041 = CARTESIAN_POINT('',(-83.5087740493,61.295086598997,0.));
#9042 = LINE('',#9043,#9044);
#9043 = CARTESIAN_POINT('',(-83.5087740493,61.295086598997,0.));
#9044 = VECTOR('',#9045,1.);
#9045 = DIRECTION('',(0.,0.,1.));
#9046 = ORIENTED_EDGE('',*,*,#945,.T.);
#9047 = ORIENTED_EDGE('',*,*,#9015,.F.);
#9048 = ORIENTED_EDGE('',*,*,#9049,.F.);
#9049 = EDGE_CURVE('',#9040,#9016,#9050,.T.);
#9050 = LINE('',#9051,#9052);
#9051 = CARTESIAN_POINT('',(-83.70529620093,61.426403522581,0.));
#9052 = VECTOR('',#9053,1.);
#9053 = DIRECTION('',(0.831459801075,-0.555584916278,0.));
#9054 = PLANE('',#9055);
#9055 = AXIS2_PLACEMENT_3D('',#9056,#9057,#9058);
#9056 = CARTESIAN_POINT('',(-83.5087740493,61.295086598997,0.));
#9057 = DIRECTION('',(-0.555584916278,-0.831459801075,-0.));
#9058 = DIRECTION('',(-0.831459801075,0.555584916278,0.));
#9059 = ADVANCED_FACE('',(#9060),#9078,.F.);
#9060 = FACE_BOUND('',#9061,.T.);
#9061 = EDGE_LOOP('',(#9062,#9070,#9071,#9072));
#9062 = ORIENTED_EDGE('',*,*,#9063,.T.);
#9063 = EDGE_CURVE('',#9064,#929,#9066,.T.);
#9064 = VERTEX_POINT('',#9065);
#9065 = CARTESIAN_POINT('',(-83.73914372515,61.525456274848,0.));
#9066 = LINE('',#9067,#9068);
#9067 = CARTESIAN_POINT('',(-83.73914372515,61.525456274848,0.));
#9068 = VECTOR('',#9069,1.);
#9069 = DIRECTION('',(0.,0.,1.));
#9070 = ORIENTED_EDGE('',*,*,#937,.T.);
#9071 = ORIENTED_EDGE('',*,*,#9039,.F.);
#9072 = ORIENTED_EDGE('',*,*,#9073,.F.);
#9073 = EDGE_CURVE('',#9064,#9040,#9074,.T.);
#9074 = LINE('',#9075,#9076);
#9075 = CARTESIAN_POINT('',(-83.73914372515,61.525456274848,0.));
#9076 = VECTOR('',#9077,1.);
#9077 = DIRECTION('',(0.707106781187,-0.707106781187,0.));
#9078 = PLANE('',#9079);
#9079 = AXIS2_PLACEMENT_3D('',#9080,#9081,#9082);
#9080 = CARTESIAN_POINT('',(-83.73914372515,61.525456274848,0.));
#9081 = DIRECTION('',(-0.707106781187,-0.707106781187,-0.));
#9082 = DIRECTION('',(-0.707106781187,0.707106781187,0.));
#9083 = ADVANCED_FACE('',(#9084),#9103,.T.);
#9084 = FACE_BOUND('',#9085,.F.);
#9085 = EDGE_LOOP('',(#9086,#9087,#9088,#9096));
#9086 = ORIENTED_EDGE('',*,*,#9063,.T.);
#9087 = ORIENTED_EDGE('',*,*,#928,.T.);
#9088 = ORIENTED_EDGE('',*,*,#9089,.F.);
#9089 = EDGE_CURVE('',#9090,#921,#9092,.T.);
#9090 = VERTEX_POINT('',#9091);
#9091 = CARTESIAN_POINT('',(-83.91364785764,61.683618308936,0.));
#9092 = LINE('',#9093,#9094);
#9093 = CARTESIAN_POINT('',(-83.91364785764,61.683618308936,0.));
#9094 = VECTOR('',#9095,1.);
#9095 = DIRECTION('',(0.,0.,1.));
#9096 = ORIENTED_EDGE('',*,*,#9097,.F.);
#9097 = EDGE_CURVE('',#9064,#9090,#9098,.T.);
#9098 = CIRCLE('',#9099,2.4);
#9099 = AXIS2_PLACEMENT_3D('',#9100,#9101,#9102);
#9100 = CARTESIAN_POINT('',(-85.4362,59.8284,0.));
#9101 = DIRECTION('',(-0.,0.,1.));
#9102 = DIRECTION('',(0.707106781187,-0.707106781187,0.));
#9103 = CYLINDRICAL_SURFACE('',#9104,2.4);
#9104 = AXIS2_PLACEMENT_3D('',#9105,#9106,#9107);
#9105 = CARTESIAN_POINT('',(-85.4362,59.8284,0.));
#9106 = DIRECTION('',(0.,0.,-1.));
#9107 = DIRECTION('',(0.707106781187,-0.707106781187,0.));
#9108 = ADVANCED_FACE('',(#9109),#9127,.F.);
#9109 = FACE_BOUND('',#9110,.T.);
#9110 = EDGE_LOOP('',(#9111,#9119,#9120,#9121));
#9111 = ORIENTED_EDGE('',*,*,#9112,.T.);
#9112 = EDGE_CURVE('',#9113,#912,#9115,.T.);
#9113 = VERTEX_POINT('',#9114);
#9114 = CARTESIAN_POINT('',(-84.51984785764,62.181118308936,0.));
#9115 = LINE('',#9116,#9117);
#9116 = CARTESIAN_POINT('',(-84.51984785764,62.181118308936,0.));
#9117 = VECTOR('',#9118,1.);
#9118 = DIRECTION('',(0.,0.,1.));
#9119 = ORIENTED_EDGE('',*,*,#920,.T.);
#9120 = ORIENTED_EDGE('',*,*,#9089,.F.);
#9121 = ORIENTED_EDGE('',*,*,#9122,.F.);
#9122 = EDGE_CURVE('',#9113,#9090,#9123,.T.);
#9123 = LINE('',#9124,#9125);
#9124 = CARTESIAN_POINT('',(-84.51984785764,62.181118308936,0.));
#9125 = VECTOR('',#9126,1.);
#9126 = DIRECTION('',(0.773007628723,-0.634396725981,0.));
#9127 = PLANE('',#9128);
#9128 = AXIS2_PLACEMENT_3D('',#9129,#9130,#9131);
#9129 = CARTESIAN_POINT('',(-84.51984785764,62.181118308936,0.));
#9130 = DIRECTION('',(-0.634396725981,-0.773007628723,-0.));
#9131 = DIRECTION('',(-0.773007628723,0.634396725981,0.));
#9132 = ADVANCED_FACE('',(#9133),#9152,.T.);
#9133 = FACE_BOUND('',#9134,.F.);
#9134 = EDGE_LOOP('',(#9135,#9136,#9137,#9145));
#9135 = ORIENTED_EDGE('',*,*,#9112,.T.);
#9136 = ORIENTED_EDGE('',*,*,#911,.T.);
#9137 = ORIENTED_EDGE('',*,*,#9138,.F.);
#9138 = EDGE_CURVE('',#9139,#904,#9141,.T.);
#9139 = VERTEX_POINT('',#9140);
#9140 = CARTESIAN_POINT('',(-84.91108223469,62.442529422906,0.));
#9141 = LINE('',#9142,#9143);
#9142 = CARTESIAN_POINT('',(-84.91108223469,62.442529422906,0.));
#9143 = VECTOR('',#9144,1.);
#9144 = DIRECTION('',(0.,0.,1.));
#9145 = ORIENTED_EDGE('',*,*,#9146,.F.);
#9146 = EDGE_CURVE('',#9113,#9139,#9147,.T.);
#9147 = CIRCLE('',#9148,2.4);
#9148 = AXIS2_PLACEMENT_3D('',#9149,#9150,#9151);
#9149 = CARTESIAN_POINT('',(-86.0424,60.3259,0.));
#9150 = DIRECTION('',(-0.,0.,1.));
#9151 = DIRECTION('',(0.773007628723,-0.634396725981,0.));
#9152 = CYLINDRICAL_SURFACE('',#9153,2.4);
#9153 = AXIS2_PLACEMENT_3D('',#9154,#9155,#9156);
#9154 = CARTESIAN_POINT('',(-86.0424,60.3259,0.));
#9155 = DIRECTION('',(0.,0.,-1.));
#9156 = DIRECTION('',(0.773007628723,-0.634396725981,0.));
#9157 = ADVANCED_FACE('',(#9158),#9176,.F.);
#9158 = FACE_BOUND('',#9159,.T.);
#9159 = EDGE_LOOP('',(#9160,#9168,#9169,#9170));
#9160 = ORIENTED_EDGE('',*,*,#9161,.T.);
#9161 = EDGE_CURVE('',#9162,#895,#9164,.T.);
#9162 = VERTEX_POINT('',#9163);
#9163 = CARTESIAN_POINT('',(-85.60258223469,62.812129422906,0.));
#9164 = LINE('',#9165,#9166);
#9165 = CARTESIAN_POINT('',(-85.60258223469,62.812129422906,0.));
#9166 = VECTOR('',#9167,1.);
#9167 = DIRECTION('',(0.,0.,1.));
#9168 = ORIENTED_EDGE('',*,*,#903,.T.);
#9169 = ORIENTED_EDGE('',*,*,#9138,.F.);
#9170 = ORIENTED_EDGE('',*,*,#9171,.F.);
#9171 = EDGE_CURVE('',#9162,#9139,#9172,.T.);
#9172 = LINE('',#9173,#9174);
#9173 = CARTESIAN_POINT('',(-85.60258223469,62.812129422906,0.));
#9174 = VECTOR('',#9175,1.);
#9175 = DIRECTION('',(0.881928926211,-0.471382402209,0.));
#9176 = PLANE('',#9177);
#9177 = AXIS2_PLACEMENT_3D('',#9178,#9179,#9180);
#9178 = CARTESIAN_POINT('',(-85.60258223469,62.812129422906,0.));
#9179 = DIRECTION('',(-0.471382402209,-0.881928926211,-0.));
#9180 = DIRECTION('',(-0.881928926211,0.471382402209,0.));
#9181 = ADVANCED_FACE('',(#9182),#9201,.T.);
#9182 = FACE_BOUND('',#9183,.F.);
#9183 = EDGE_LOOP('',(#9184,#9185,#9186,#9194));
#9184 = ORIENTED_EDGE('',*,*,#9161,.T.);
#9185 = ORIENTED_EDGE('',*,*,#894,.T.);
#9186 = ORIENTED_EDGE('',*,*,#9187,.F.);
#9187 = EDGE_CURVE('',#9188,#887,#9190,.T.);
#9188 = VERTEX_POINT('',#9189);
#9189 = CARTESIAN_POINT('',(-86.03730464389,62.992183458785,0.));
#9190 = LINE('',#9191,#9192);
#9191 = CARTESIAN_POINT('',(-86.03730464389,62.992183458785,0.));
#9192 = VECTOR('',#9193,1.);
#9193 = DIRECTION('',(0.,0.,1.));
#9194 = ORIENTED_EDGE('',*,*,#9195,.F.);
#9195 = EDGE_CURVE('',#9162,#9188,#9196,.T.);
#9196 = CIRCLE('',#9197,2.4);
#9197 = AXIS2_PLACEMENT_3D('',#9198,#9199,#9200);
#9198 = CARTESIAN_POINT('',(-86.7339,60.6955,0.));
#9199 = DIRECTION('',(-0.,0.,1.));
#9200 = DIRECTION('',(0.881928926211,-0.471382402209,0.));
#9201 = CYLINDRICAL_SURFACE('',#9202,2.4);
#9202 = AXIS2_PLACEMENT_3D('',#9203,#9204,#9205);
#9203 = CARTESIAN_POINT('',(-86.7339,60.6955,0.));
#9204 = DIRECTION('',(0.,0.,-1.));
#9205 = DIRECTION('',(0.881928926211,-0.471382402209,0.));
#9206 = ADVANCED_FACE('',(#9207),#9225,.F.);
#9207 = FACE_BOUND('',#9208,.T.);
#9208 = EDGE_LOOP('',(#9209,#9217,#9218,#9219));
#9209 = ORIENTED_EDGE('',*,*,#9210,.T.);
#9210 = EDGE_CURVE('',#9211,#878,#9213,.T.);
#9211 = VERTEX_POINT('',#9212);
#9212 = CARTESIAN_POINT('',(-86.78770464389,63.219783458785,0.));
#9213 = LINE('',#9214,#9215);
#9214 = CARTESIAN_POINT('',(-86.78770464389,63.219783458785,0.));
#9215 = VECTOR('',#9216,1.);
#9216 = DIRECTION('',(0.,0.,1.));
#9217 = ORIENTED_EDGE('',*,*,#886,.T.);
#9218 = ORIENTED_EDGE('',*,*,#9187,.F.);
#9219 = ORIENTED_EDGE('',*,*,#9220,.F.);
#9220 = EDGE_CURVE('',#9211,#9188,#9221,.T.);
#9221 = LINE('',#9222,#9223);
#9222 = CARTESIAN_POINT('',(-86.78770464389,63.219783458785,0.));
#9223 = VECTOR('',#9224,1.);
#9224 = DIRECTION('',(0.95695144116,-0.290248065043,0.));
#9225 = PLANE('',#9226);
#9226 = AXIS2_PLACEMENT_3D('',#9227,#9228,#9229);
#9227 = CARTESIAN_POINT('',(-86.78770464389,63.219783458785,0.));
#9228 = DIRECTION('',(-0.290248065043,-0.95695144116,-0.));
#9229 = DIRECTION('',(-0.95695144116,0.290248065043,0.));
#9230 = ADVANCED_FACE('',(#9231),#9250,.T.);
#9231 = FACE_BOUND('',#9232,.F.);
#9232 = EDGE_LOOP('',(#9233,#9234,#9235,#9243));
#9233 = ORIENTED_EDGE('',*,*,#9210,.T.);
#9234 = ORIENTED_EDGE('',*,*,#877,.T.);
#9235 = ORIENTED_EDGE('',*,*,#9236,.F.);
#9236 = EDGE_CURVE('',#9237,#870,#9239,.T.);
#9237 = VERTEX_POINT('',#9238);
#9238 = CARTESIAN_POINT('',(-87.24894577598,63.31153220319,0.));
#9239 = LINE('',#9240,#9241);
#9240 = CARTESIAN_POINT('',(-87.24894577598,63.31153220319,0.));
#9241 = VECTOR('',#9242,1.);
#9242 = DIRECTION('',(0.,0.,1.));
#9243 = ORIENTED_EDGE('',*,*,#9244,.F.);
#9244 = EDGE_CURVE('',#9211,#9237,#9245,.T.);
#9245 = CIRCLE('',#9246,2.4);
#9246 = AXIS2_PLACEMENT_3D('',#9247,#9248,#9249);
#9247 = CARTESIAN_POINT('',(-87.4843,60.9231,0.));
#9248 = DIRECTION('',(-0.,0.,1.));
#9249 = DIRECTION('',(0.95695144116,-0.290248065043,0.));
#9250 = CYLINDRICAL_SURFACE('',#9251,2.4);
#9251 = AXIS2_PLACEMENT_3D('',#9252,#9253,#9254);
#9252 = CARTESIAN_POINT('',(-87.4843,60.9231,0.));
#9253 = DIRECTION('',(0.,0.,-1.));
#9254 = DIRECTION('',(0.95695144116,-0.290248065043,0.));
#9255 = ADVANCED_FACE('',(#9256),#9274,.F.);
#9256 = FACE_BOUND('',#9257,.T.);
#9257 = EDGE_LOOP('',(#9258,#9266,#9267,#9268));
#9258 = ORIENTED_EDGE('',*,*,#9259,.T.);
#9259 = EDGE_CURVE('',#9260,#861,#9262,.T.);
#9260 = VERTEX_POINT('',#9261);
#9261 = CARTESIAN_POINT('',(-88.02934577598,63.38843220319,0.));
#9262 = LINE('',#9263,#9264);
#9263 = CARTESIAN_POINT('',(-88.02934577598,63.38843220319,0.));
#9264 = VECTOR('',#9265,1.);
#9265 = DIRECTION('',(0.,0.,1.));
#9266 = ORIENTED_EDGE('',*,*,#869,.T.);
#9267 = ORIENTED_EDGE('',*,*,#9236,.F.);
#9268 = ORIENTED_EDGE('',*,*,#9269,.F.);
#9269 = EDGE_CURVE('',#9260,#9237,#9270,.T.);
#9270 = LINE('',#9271,#9272);
#9271 = CARTESIAN_POINT('',(-88.02934577598,63.38843220319,0.));
#9272 = VECTOR('',#9273,1.);
#9273 = DIRECTION('',(0.995180084663,-9.80642600084E-02,0.));
#9274 = PLANE('',#9275);
#9275 = AXIS2_PLACEMENT_3D('',#9276,#9277,#9278);
#9276 = CARTESIAN_POINT('',(-88.02934577598,63.38843220319,0.));
#9277 = DIRECTION('',(-9.80642600084E-02,-0.995180084663,-0.));
#9278 = DIRECTION('',(-0.995180084663,9.80642600084E-02,0.));
#9279 = ADVANCED_FACE('',(#9280),#9299,.T.);
#9280 = FACE_BOUND('',#9281,.F.);
#9281 = EDGE_LOOP('',(#9282,#9283,#9284,#9292));
#9282 = ORIENTED_EDGE('',*,*,#9259,.T.);
#9283 = ORIENTED_EDGE('',*,*,#860,.T.);
#9284 = ORIENTED_EDGE('',*,*,#9285,.F.);
#9285 = EDGE_CURVE('',#9286,#853,#9288,.T.);
#9286 = VERTEX_POINT('',#9287);
#9287 = CARTESIAN_POINT('',(-88.2647,63.4,0.));
#9288 = LINE('',#9289,#9290);
#9289 = CARTESIAN_POINT('',(-88.2647,63.4,0.));
#9290 = VECTOR('',#9291,1.);
#9291 = DIRECTION('',(0.,0.,1.));
#9292 = ORIENTED_EDGE('',*,*,#9293,.F.);
#9293 = EDGE_CURVE('',#9260,#9286,#9294,.T.);
#9294 = CIRCLE('',#9295,2.4);
#9295 = AXIS2_PLACEMENT_3D('',#9296,#9297,#9298);
#9296 = CARTESIAN_POINT('',(-88.2647,61.,0.));
#9297 = DIRECTION('',(-0.,0.,1.));
#9298 = DIRECTION('',(0.995180084663,-9.80642600084E-02,0.));
#9299 = CYLINDRICAL_SURFACE('',#9300,2.4);
#9300 = AXIS2_PLACEMENT_3D('',#9301,#9302,#9303);
#9301 = CARTESIAN_POINT('',(-88.2647,61.,0.));
#9302 = DIRECTION('',(0.,0.,-1.));
#9303 = DIRECTION('',(0.995180084663,-9.80642600084E-02,0.));
#9304 = ADVANCED_FACE('',(#9305),#9323,.F.);
#9305 = FACE_BOUND('',#9306,.T.);
#9306 = EDGE_LOOP('',(#9307,#9315,#9316,#9317));
#9307 = ORIENTED_EDGE('',*,*,#9308,.T.);
#9308 = EDGE_CURVE('',#9309,#844,#9311,.T.);
#9309 = VERTEX_POINT('',#9310);
#9310 = CARTESIAN_POINT('',(-118.,63.4,0.));
#9311 = LINE('',#9312,#9313);
#9312 = CARTESIAN_POINT('',(-118.,63.4,0.));
#9313 = VECTOR('',#9314,1.);
#9314 = DIRECTION('',(0.,0.,1.));
#9315 = ORIENTED_EDGE('',*,*,#852,.T.);
#9316 = ORIENTED_EDGE('',*,*,#9285,.F.);
#9317 = ORIENTED_EDGE('',*,*,#9318,.F.);
#9318 = EDGE_CURVE('',#9309,#9286,#9319,.T.);
#9319 = LINE('',#9320,#9321);
#9320 = CARTESIAN_POINT('',(-118.,63.4,0.));
#9321 = VECTOR('',#9322,1.);
#9322 = DIRECTION('',(1.,0.,0.));
#9323 = PLANE('',#9324);
#9324 = AXIS2_PLACEMENT_3D('',#9325,#9326,#9327);
#9325 = CARTESIAN_POINT('',(-118.,63.4,0.));
#9326 = DIRECTION('',(-0.,-1.,-0.));
#9327 = DIRECTION('',(-1.,0.,0.));
#9328 = ADVANCED_FACE('',(#9329),#9365,.T.);
#9329 = FACE_BOUND('',#9330,.F.);
#9330 = EDGE_LOOP('',(#9331,#9340,#9341,#9342,#9350,#9359));
#9331 = ORIENTED_EDGE('',*,*,#9332,.F.);
#9332 = EDGE_CURVE('',#9309,#9333,#9335,.T.);
#9333 = VERTEX_POINT('',#9334);
#9334 = CARTESIAN_POINT('',(-118.2007928571,63.391585714235,0.));
#9335 = CIRCLE('',#9336,2.4);
#9336 = AXIS2_PLACEMENT_3D('',#9337,#9338,#9339);
#9337 = CARTESIAN_POINT('',(-118.,61.,0.));
#9338 = DIRECTION('',(0.,0.,1.));
#9339 = DIRECTION('',(1.,0.,0.));
#9340 = ORIENTED_EDGE('',*,*,#9308,.T.);
#9341 = ORIENTED_EDGE('',*,*,#843,.T.);
#9342 = ORIENTED_EDGE('',*,*,#9343,.F.);
#9343 = EDGE_CURVE('',#9344,#836,#9346,.T.);
#9344 = VERTEX_POINT('',#9345);
#9345 = CARTESIAN_POINT('',(-118.2354737569,63.388420421491,6.1));
#9346 = LINE('',#9347,#9348);
#9347 = CARTESIAN_POINT('',(-118.2354737569,63.388420421491,0.));
#9348 = VECTOR('',#9349,1.);
#9349 = DIRECTION('',(0.,0.,1.));
#9350 = ORIENTED_EDGE('',*,*,#9351,.F.);
#9351 = EDGE_CURVE('',#9352,#9344,#9354,.T.);
#9352 = VERTEX_POINT('',#9353);
#9353 = CARTESIAN_POINT('',(-118.2007928571,63.391585714234,6.1));
#9354 = CIRCLE('',#9355,2.4);
#9355 = AXIS2_PLACEMENT_3D('',#9356,#9357,#9358);
#9356 = CARTESIAN_POINT('',(-118.,61.,6.1));
#9357 = DIRECTION('',(0.,0.,1.));
#9358 = DIRECTION('',(1.,0.,0.));
#9359 = ORIENTED_EDGE('',*,*,#9360,.T.);
#9360 = EDGE_CURVE('',#9352,#9333,#9361,.T.);
#9361 = LINE('',#9362,#9363);
#9362 = CARTESIAN_POINT('',(-118.2007928571,63.391585714235,0.));
#9363 = VECTOR('',#9364,1.);
#9364 = DIRECTION('',(-0.,-0.,-1.));
#9365 = CYLINDRICAL_SURFACE('',#9366,2.4);
#9366 = AXIS2_PLACEMENT_3D('',#9367,#9368,#9369);
#9367 = CARTESIAN_POINT('',(-118.,61.,0.));
#9368 = DIRECTION('',(-0.,-0.,-1.));
#9369 = DIRECTION('',(1.,0.,0.));
#9370 = ADVANCED_FACE('',(#9371),#9412,.F.);
#9371 = FACE_BOUND('',#9372,.T.);
#9372 = EDGE_LOOP('',(#9373,#9383,#9389,#9390,#9398,#9406));
#9373 = ORIENTED_EDGE('',*,*,#9374,.F.);
#9374 = EDGE_CURVE('',#9375,#9377,#9379,.T.);
#9375 = VERTEX_POINT('',#9376);
#9376 = CARTESIAN_POINT('',(-121.3539543247,62.442189064994,0.));
#9377 = VERTEX_POINT('',#9378);
#9378 = CARTESIAN_POINT('',(-121.2269969885,62.51009562283,0.));
#9379 = LINE('',#9380,#9381);
#9380 = CARTESIAN_POINT('',(-121.3539543247,62.442189064994,0.));
#9381 = VECTOR('',#9382,1.);
#9382 = DIRECTION('',(0.881787110414,0.471647635324,0.));
#9383 = ORIENTED_EDGE('',*,*,#9384,.T.);
#9384 = EDGE_CURVE('',#9375,#793,#9385,.T.);
#9385 = LINE('',#9386,#9387);
#9386 = CARTESIAN_POINT('',(-121.3539543247,62.442189064994,0.));
#9387 = VECTOR('',#9388,1.);
#9388 = DIRECTION('',(0.,0.,1.));
#9389 = ORIENTED_EDGE('',*,*,#801,.T.);
#9390 = ORIENTED_EDGE('',*,*,#9391,.F.);
#9391 = EDGE_CURVE('',#9392,#802,#9394,.T.);
#9392 = VERTEX_POINT('',#9393);
#9393 = CARTESIAN_POINT('',(-120.6629543247,62.811789064994,6.1));
#9394 = LINE('',#9395,#9396);
#9395 = CARTESIAN_POINT('',(-120.6629543247,62.811789064994,0.));
#9396 = VECTOR('',#9397,1.);
#9397 = DIRECTION('',(0.,0.,1.));
#9398 = ORIENTED_EDGE('',*,*,#9399,.F.);
#9399 = EDGE_CURVE('',#9400,#9392,#9402,.T.);
#9400 = VERTEX_POINT('',#9401);
#9401 = CARTESIAN_POINT('',(-121.2269969885,62.51009562283,6.1));
#9402 = LINE('',#9403,#9404);
#9403 = CARTESIAN_POINT('',(-120.8426687176,62.715663971517,6.1));
#9404 = VECTOR('',#9405,1.);
#9405 = DIRECTION('',(0.881787110414,0.471647635324,0.));
#9406 = ORIENTED_EDGE('',*,*,#9407,.T.);
#9407 = EDGE_CURVE('',#9400,#9377,#9408,.T.);
#9408 = LINE('',#9409,#9410);
#9409 = CARTESIAN_POINT('',(-121.2269969885,62.51009562283,0.));
#9410 = VECTOR('',#9411,1.);
#9411 = DIRECTION('',(0.,0.,-1.));
#9412 = PLANE('',#9413);
#9413 = AXIS2_PLACEMENT_3D('',#9414,#9415,#9416);
#9414 = CARTESIAN_POINT('',(-121.3539543247,62.442189064994,0.));
#9415 = DIRECTION('',(0.471647635324,-0.881787110414,0.));
#9416 = DIRECTION('',(-0.881787110414,-0.471647635324,0.));
#9417 = ADVANCED_FACE('',(#9418),#9437,.T.);
#9418 = FACE_BOUND('',#9419,.F.);
#9419 = EDGE_LOOP('',(#9420,#9421,#9422,#9430));
#9420 = ORIENTED_EDGE('',*,*,#9384,.T.);
#9421 = ORIENTED_EDGE('',*,*,#792,.T.);
#9422 = ORIENTED_EDGE('',*,*,#9423,.F.);
#9423 = EDGE_CURVE('',#9424,#785,#9426,.T.);
#9424 = VERTEX_POINT('',#9425);
#9425 = CARTESIAN_POINT('',(-121.7448523422,62.180871898335,0.));
#9426 = LINE('',#9427,#9428);
#9427 = CARTESIAN_POINT('',(-121.7448523422,62.180871898335,0.));
#9428 = VECTOR('',#9429,1.);
#9429 = DIRECTION('',(0.,0.,1.));
#9430 = ORIENTED_EDGE('',*,*,#9431,.F.);
#9431 = EDGE_CURVE('',#9375,#9424,#9432,.T.);
#9432 = CIRCLE('',#9433,2.4);
#9433 = AXIS2_PLACEMENT_3D('',#9434,#9435,#9436);
#9434 = CARTESIAN_POINT('',(-120.222,60.3259,0.));
#9435 = DIRECTION('',(0.,-0.,1.));
#9436 = DIRECTION('',(0.881787110414,0.471647635324,0.));
#9437 = CYLINDRICAL_SURFACE('',#9438,2.4);
#9438 = AXIS2_PLACEMENT_3D('',#9439,#9440,#9441);
#9439 = CARTESIAN_POINT('',(-120.222,60.3259,0.));
#9440 = DIRECTION('',(-0.,-0.,-1.));
#9441 = DIRECTION('',(0.881787110414,0.471647635324,0.));
#9442 = ADVANCED_FACE('',(#9443),#9461,.F.);
#9443 = FACE_BOUND('',#9444,.T.);
#9444 = EDGE_LOOP('',(#9445,#9453,#9454,#9455));
#9445 = ORIENTED_EDGE('',*,*,#9446,.T.);
#9446 = EDGE_CURVE('',#9447,#776,#9449,.T.);
#9447 = VERTEX_POINT('',#9448);
#9448 = CARTESIAN_POINT('',(-122.3508523422,61.683371898335,0.));
#9449 = LINE('',#9450,#9451);
#9450 = CARTESIAN_POINT('',(-122.3508523422,61.683371898335,0.));
#9451 = VECTOR('',#9452,1.);
#9452 = DIRECTION('',(0.,0.,1.));
#9453 = ORIENTED_EDGE('',*,*,#784,.T.);
#9454 = ORIENTED_EDGE('',*,*,#9423,.F.);
#9455 = ORIENTED_EDGE('',*,*,#9456,.F.);
#9456 = EDGE_CURVE('',#9447,#9424,#9457,.T.);
#9457 = LINE('',#9458,#9459);
#9458 = CARTESIAN_POINT('',(-122.3508523422,61.683371898335,0.));
#9459 = VECTOR('',#9460,1.);
#9460 = DIRECTION('',(0.77290495764,0.634521809283,0.));
#9461 = PLANE('',#9462);
#9462 = AXIS2_PLACEMENT_3D('',#9463,#9464,#9465);
#9463 = CARTESIAN_POINT('',(-122.3508523422,61.683371898335,0.));
#9464 = DIRECTION('',(0.634521809283,-0.77290495764,0.));
#9465 = DIRECTION('',(-0.77290495764,-0.634521809283,0.));
#9466 = ADVANCED_FACE('',(#9467),#9486,.T.);
#9467 = FACE_BOUND('',#9468,.F.);
#9468 = EDGE_LOOP('',(#9469,#9470,#9471,#9479));
#9469 = ORIENTED_EDGE('',*,*,#9446,.T.);
#9470 = ORIENTED_EDGE('',*,*,#775,.T.);
#9471 = ORIENTED_EDGE('',*,*,#9472,.F.);
#9472 = EDGE_CURVE('',#9473,#768,#9475,.T.);
#9473 = VERTEX_POINT('',#9474);
#9474 = CARTESIAN_POINT('',(-122.6823447004,61.352016005352,0.));
#9475 = LINE('',#9476,#9477);
#9476 = CARTESIAN_POINT('',(-122.6823447004,61.352016005352,0.));
#9477 = VECTOR('',#9478,1.);
#9478 = DIRECTION('',(0.,0.,1.));
#9479 = ORIENTED_EDGE('',*,*,#9480,.F.);
#9480 = EDGE_CURVE('',#9447,#9473,#9481,.T.);
#9481 = CIRCLE('',#9482,2.4);
#9482 = AXIS2_PLACEMENT_3D('',#9483,#9484,#9485);
#9483 = CARTESIAN_POINT('',(-120.828,59.8284,0.));
#9484 = DIRECTION('',(0.,-0.,1.));
#9485 = DIRECTION('',(0.77290495764,0.634521809283,0.));
#9486 = CYLINDRICAL_SURFACE('',#9487,2.4);
#9487 = AXIS2_PLACEMENT_3D('',#9488,#9489,#9490);
#9488 = CARTESIAN_POINT('',(-120.828,59.8284,0.));
#9489 = DIRECTION('',(-0.,-0.,-1.));
#9490 = DIRECTION('',(0.77290495764,0.634521809283,0.));
#9491 = ADVANCED_FACE('',(#9492),#9510,.F.);
#9492 = FACE_BOUND('',#9493,.T.);
#9493 = EDGE_LOOP('',(#9494,#9502,#9503,#9504));
#9494 = ORIENTED_EDGE('',*,*,#9495,.T.);
#9495 = EDGE_CURVE('',#9496,#759,#9498,.T.);
#9496 = VERTEX_POINT('',#9497);
#9497 = CARTESIAN_POINT('',(-123.1803447004,60.745916005352,0.));
#9498 = LINE('',#9499,#9500);
#9499 = CARTESIAN_POINT('',(-123.1803447004,60.745916005352,0.));
#9500 = VECTOR('',#9501,1.);
#9501 = DIRECTION('',(0.,0.,1.));
#9502 = ORIENTED_EDGE('',*,*,#767,.T.);
#9503 = ORIENTED_EDGE('',*,*,#9472,.F.);
#9504 = ORIENTED_EDGE('',*,*,#9505,.F.);
#9505 = EDGE_CURVE('',#9496,#9473,#9506,.T.);
#9506 = LINE('',#9507,#9508);
#9507 = CARTESIAN_POINT('',(-123.1803447004,60.745916005352,0.));
#9508 = VECTOR('',#9509,1.);
#9509 = DIRECTION('',(0.63484000223,0.772643625204,0.));
#9510 = PLANE('',#9511);
#9511 = AXIS2_PLACEMENT_3D('',#9512,#9513,#9514);
#9512 = CARTESIAN_POINT('',(-123.1803447004,60.745916005352,0.));
#9513 = DIRECTION('',(0.772643625204,-0.63484000223,0.));
#9514 = DIRECTION('',(-0.63484000223,-0.772643625204,0.));
#9515 = ADVANCED_FACE('',(#9516),#9535,.T.);
#9516 = FACE_BOUND('',#9517,.F.);
#9517 = EDGE_LOOP('',(#9518,#9519,#9520,#9528));
#9518 = ORIENTED_EDGE('',*,*,#9495,.T.);
#9519 = ORIENTED_EDGE('',*,*,#758,.T.);
#9520 = ORIENTED_EDGE('',*,*,#9521,.F.);
#9521 = EDGE_CURVE('',#9522,#751,#9524,.T.);
#9522 = VERTEX_POINT('',#9523);
#9523 = CARTESIAN_POINT('',(-123.4421884298,60.354442450926,0.));
#9524 = LINE('',#9525,#9526);
#9525 = CARTESIAN_POINT('',(-123.4421884298,60.354442450926,0.));
#9526 = VECTOR('',#9527,1.);
#9527 = DIRECTION('',(0.,0.,1.));
#9528 = ORIENTED_EDGE('',*,*,#9529,.F.);
#9529 = EDGE_CURVE('',#9496,#9522,#9530,.T.);
#9530 = CIRCLE('',#9531,2.4);
#9531 = AXIS2_PLACEMENT_3D('',#9532,#9533,#9534);
#9532 = CARTESIAN_POINT('',(-121.326,59.2223,0.));
#9533 = DIRECTION('',(0.,-0.,1.));
#9534 = DIRECTION('',(0.63484000223,0.772643625204,0.));
#9535 = CYLINDRICAL_SURFACE('',#9536,2.4);
#9536 = AXIS2_PLACEMENT_3D('',#9537,#9538,#9539);
#9537 = CARTESIAN_POINT('',(-121.326,59.2223,0.));
#9538 = DIRECTION('',(-0.,-0.,-1.));
#9539 = DIRECTION('',(0.63484000223,0.772643625204,0.));
#9540 = ADVANCED_FACE('',(#9541),#9559,.F.);
#9541 = FACE_BOUND('',#9542,.T.);
#9542 = EDGE_LOOP('',(#9543,#9551,#9552,#9553));
#9543 = ORIENTED_EDGE('',*,*,#9544,.T.);
#9544 = EDGE_CURVE('',#9545,#742,#9547,.T.);
#9545 = VERTEX_POINT('',#9546);
#9546 = CARTESIAN_POINT('',(-123.8121884298,59.662842450926,0.));
#9547 = LINE('',#9548,#9549);
#9548 = CARTESIAN_POINT('',(-123.8121884298,59.662842450926,0.));
#9549 = VECTOR('',#9550,1.);
#9550 = DIRECTION('',(0.,0.,1.));
#9551 = ORIENTED_EDGE('',*,*,#750,.T.);
#9552 = ORIENTED_EDGE('',*,*,#9521,.F.);
#9553 = ORIENTED_EDGE('',*,*,#9554,.F.);
#9554 = EDGE_CURVE('',#9545,#9522,#9555,.T.);
#9555 = LINE('',#9556,#9557);
#9556 = CARTESIAN_POINT('',(-123.8121884298,59.662842450926,0.));
#9557 = VECTOR('',#9558,1.);
#9558 = DIRECTION('',(0.471726021219,0.881745179122,0.));
#9559 = PLANE('',#9560);
#9560 = AXIS2_PLACEMENT_3D('',#9561,#9562,#9563);
#9561 = CARTESIAN_POINT('',(-123.8121884298,59.662842450926,0.));
#9562 = DIRECTION('',(0.881745179122,-0.471726021219,0.));
#9563 = DIRECTION('',(-0.471726021219,-0.881745179122,0.));
#9564 = ADVANCED_FACE('',(#9565),#9584,.T.);
#9565 = FACE_BOUND('',#9566,.F.);
#9566 = EDGE_LOOP('',(#9567,#9568,#9569,#9577));
#9567 = ORIENTED_EDGE('',*,*,#9544,.T.);
#9568 = ORIENTED_EDGE('',*,*,#741,.T.);
#9569 = ORIENTED_EDGE('',*,*,#9570,.F.);
#9570 = EDGE_CURVE('',#9571,#734,#9573,.T.);
#9571 = VERTEX_POINT('',#9572);
#9572 = CARTESIAN_POINT('',(-123.9931673432,59.225697983377,0.));
#9573 = LINE('',#9574,#9575);
#9574 = CARTESIAN_POINT('',(-123.9931673432,59.225697983377,0.));
#9575 = VECTOR('',#9576,1.);
#9576 = DIRECTION('',(0.,0.,1.));
#9577 = ORIENTED_EDGE('',*,*,#9578,.F.);
#9578 = EDGE_CURVE('',#9545,#9571,#9579,.T.);
#9579 = CIRCLE('',#9580,2.4);
#9580 = AXIS2_PLACEMENT_3D('',#9581,#9582,#9583);
#9581 = CARTESIAN_POINT('',(-121.696,58.5307,0.));
#9582 = DIRECTION('',(0.,-0.,1.));
#9583 = DIRECTION('',(0.471726021219,0.881745179122,0.));
#9584 = CYLINDRICAL_SURFACE('',#9585,2.4);
#9585 = AXIS2_PLACEMENT_3D('',#9586,#9587,#9588);
#9586 = CARTESIAN_POINT('',(-121.696,58.5307,0.));
#9587 = DIRECTION('',(-0.,-0.,-1.));
#9588 = DIRECTION('',(0.471726021219,0.881745179122,0.));
#9589 = ADVANCED_FACE('',(#9590),#9608,.F.);
#9590 = FACE_BOUND('',#9591,.T.);
#9591 = EDGE_LOOP('',(#9592,#9600,#9601,#9602));
#9592 = ORIENTED_EDGE('',*,*,#9593,.T.);
#9593 = EDGE_CURVE('',#9594,#725,#9596,.T.);
#9594 = VERTEX_POINT('',#9595);
#9595 = CARTESIAN_POINT('',(-124.2201673432,58.475397983377,0.));
#9596 = LINE('',#9597,#9598);
#9597 = CARTESIAN_POINT('',(-124.2201673432,58.475397983377,0.));
#9598 = VECTOR('',#9599,1.);
#9599 = DIRECTION('',(0.,0.,1.));
#9600 = ORIENTED_EDGE('',*,*,#733,.T.);
#9601 = ORIENTED_EDGE('',*,*,#9570,.F.);
#9602 = ORIENTED_EDGE('',*,*,#9603,.F.);
#9603 = EDGE_CURVE('',#9594,#9571,#9604,.T.);
#9604 = LINE('',#9605,#9606);
#9605 = CARTESIAN_POINT('',(-124.2201673432,58.475397983377,0.));
#9606 = VECTOR('',#9607,1.);
#9607 = DIRECTION('',(0.289582493074,0.957153059706,0.));
#9608 = PLANE('',#9609);
#9609 = AXIS2_PLACEMENT_3D('',#9610,#9611,#9612);
#9610 = CARTESIAN_POINT('',(-124.2201673432,58.475397983377,0.));
#9611 = DIRECTION('',(0.957153059706,-0.289582493074,0.));
#9612 = DIRECTION('',(-0.289582493074,-0.957153059706,0.));
#9613 = ADVANCED_FACE('',(#9614),#9633,.T.);
#9614 = FACE_BOUND('',#9615,.F.);
#9615 = EDGE_LOOP('',(#9616,#9617,#9618,#9626));
#9616 = ORIENTED_EDGE('',*,*,#9593,.T.);
#9617 = ORIENTED_EDGE('',*,*,#724,.T.);
#9618 = ORIENTED_EDGE('',*,*,#9619,.F.);
#9619 = EDGE_CURVE('',#9620,#717,#9622,.T.);
#9620 = VERTEX_POINT('',#9621);
#9621 = CARTESIAN_POINT('',(-124.3114023161,58.016057327457,0.));
#9622 = LINE('',#9623,#9624);
#9623 = CARTESIAN_POINT('',(-124.3114023161,58.016057327457,0.));
#9624 = VECTOR('',#9625,1.);
#9625 = DIRECTION('',(0.,0.,1.));
#9626 = ORIENTED_EDGE('',*,*,#9627,.F.);
#9627 = EDGE_CURVE('',#9594,#9620,#9628,.T.);
#9628 = CIRCLE('',#9629,2.4);
#9629 = AXIS2_PLACEMENT_3D('',#9630,#9631,#9632);
#9630 = CARTESIAN_POINT('',(-121.923,57.7804,0.));
#9631 = DIRECTION('',(0.,-0.,1.));
#9632 = DIRECTION('',(0.289582493074,0.957153059706,0.));
#9633 = CYLINDRICAL_SURFACE('',#9634,2.4);
#9634 = AXIS2_PLACEMENT_3D('',#9635,#9636,#9637);
#9635 = CARTESIAN_POINT('',(-121.923,57.7804,0.));
#9636 = DIRECTION('',(-0.,-0.,-1.));
#9637 = DIRECTION('',(0.289582493074,0.957153059706,0.));
#9638 = ADVANCED_FACE('',(#9639),#9657,.F.);
#9639 = FACE_BOUND('',#9640,.T.);
#9640 = EDGE_LOOP('',(#9641,#9649,#9650,#9651));
#9641 = ORIENTED_EDGE('',*,*,#9642,.T.);
#9642 = EDGE_CURVE('',#9643,#708,#9645,.T.);
#9643 = VERTEX_POINT('',#9644);
#9644 = CARTESIAN_POINT('',(-124.3884023161,57.235657327457,0.));
#9645 = LINE('',#9646,#9647);
#9646 = CARTESIAN_POINT('',(-124.3884023161,57.235657327457,0.));
#9647 = VECTOR('',#9648,1.);
#9648 = DIRECTION('',(0.,0.,1.));
#9649 = ORIENTED_EDGE('',*,*,#716,.T.);
#9650 = ORIENTED_EDGE('',*,*,#9619,.F.);
#9651 = ORIENTED_EDGE('',*,*,#9652,.F.);
#9652 = EDGE_CURVE('',#9643,#9620,#9653,.T.);
#9653 = LINE('',#9654,#9655);
#9654 = CARTESIAN_POINT('',(-124.3884023161,57.235657327457,0.));
#9655 = VECTOR('',#9656,1.);
#9656 = DIRECTION('',(9.819055310694E-02,0.995167631749,0.));
#9657 = PLANE('',#9658);
#9658 = AXIS2_PLACEMENT_3D('',#9659,#9660,#9661);
#9659 = CARTESIAN_POINT('',(-124.3884023161,57.235657327457,0.));
#9660 = DIRECTION('',(0.995167631749,-9.819055310694E-02,0.));
#9661 = DIRECTION('',(-9.819055310694E-02,-0.995167631749,0.));
#9662 = ADVANCED_FACE('',(#9663),#9682,.T.);
#9663 = FACE_BOUND('',#9664,.F.);
#9664 = EDGE_LOOP('',(#9665,#9666,#9667,#9675));
#9665 = ORIENTED_EDGE('',*,*,#9642,.T.);
#9666 = ORIENTED_EDGE('',*,*,#707,.T.);
#9667 = ORIENTED_EDGE('',*,*,#9668,.F.);
#9668 = EDGE_CURVE('',#9669,#700,#9671,.T.);
#9669 = VERTEX_POINT('',#9670);
#9670 = CARTESIAN_POINT('',(-124.4,57.,0.));
#9671 = LINE('',#9672,#9673);
#9672 = CARTESIAN_POINT('',(-124.4,57.,0.));
#9673 = VECTOR('',#9674,1.);
#9674 = DIRECTION('',(0.,0.,1.));
#9675 = ORIENTED_EDGE('',*,*,#9676,.F.);
#9676 = EDGE_CURVE('',#9643,#9669,#9677,.T.);
#9677 = CIRCLE('',#9678,2.4);
#9678 = AXIS2_PLACEMENT_3D('',#9679,#9680,#9681);
#9679 = CARTESIAN_POINT('',(-122.,57.,0.));
#9680 = DIRECTION('',(0.,-0.,1.));
#9681 = DIRECTION('',(9.819055310694E-02,0.995167631749,0.));
#9682 = CYLINDRICAL_SURFACE('',#9683,2.4);
#9683 = AXIS2_PLACEMENT_3D('',#9684,#9685,#9686);
#9684 = CARTESIAN_POINT('',(-122.,57.,0.));
#9685 = DIRECTION('',(-0.,-0.,-1.));
#9686 = DIRECTION('',(9.819055310694E-02,0.995167631749,0.));
#9687 = ADVANCED_FACE('',(#9688),#9706,.F.);
#9688 = FACE_BOUND('',#9689,.T.);
#9689 = EDGE_LOOP('',(#9690,#9698,#9699,#9700));
#9690 = ORIENTED_EDGE('',*,*,#9691,.T.);
#9691 = EDGE_CURVE('',#9692,#691,#9694,.T.);
#9692 = VERTEX_POINT('',#9693);
#9693 = CARTESIAN_POINT('',(-124.4,12.7,0.));
#9694 = LINE('',#9695,#9696);
#9695 = CARTESIAN_POINT('',(-124.4,12.7,0.));
#9696 = VECTOR('',#9697,1.);
#9697 = DIRECTION('',(0.,0.,1.));
#9698 = ORIENTED_EDGE('',*,*,#699,.T.);
#9699 = ORIENTED_EDGE('',*,*,#9668,.F.);
#9700 = ORIENTED_EDGE('',*,*,#9701,.F.);
#9701 = EDGE_CURVE('',#9692,#9669,#9702,.T.);
#9702 = LINE('',#9703,#9704);
#9703 = CARTESIAN_POINT('',(-124.4,12.7,0.));
#9704 = VECTOR('',#9705,1.);
#9705 = DIRECTION('',(0.,1.,0.));
#9706 = PLANE('',#9707);
#9707 = AXIS2_PLACEMENT_3D('',#9708,#9709,#9710);
#9708 = CARTESIAN_POINT('',(-124.4,12.7,0.));
#9709 = DIRECTION('',(1.,0.,0.));
#9710 = DIRECTION('',(0.,-1.,0.));
#9711 = ADVANCED_FACE('',(#9712),#9731,.T.);
#9712 = FACE_BOUND('',#9713,.F.);
#9713 = EDGE_LOOP('',(#9714,#9715,#9716,#9724));
#9714 = ORIENTED_EDGE('',*,*,#9691,.T.);
#9715 = ORIENTED_EDGE('',*,*,#690,.T.);
#9716 = ORIENTED_EDGE('',*,*,#9717,.F.);
#9717 = EDGE_CURVE('',#9718,#683,#9720,.T.);
#9718 = VERTEX_POINT('',#9719);
#9719 = CARTESIAN_POINT('',(-124.3884023161,12.464342672543,0.));
#9720 = LINE('',#9721,#9722);
#9721 = CARTESIAN_POINT('',(-124.3884023161,12.464342672543,0.));
#9722 = VECTOR('',#9723,1.);
#9723 = DIRECTION('',(0.,0.,1.));
#9724 = ORIENTED_EDGE('',*,*,#9725,.F.);
#9725 = EDGE_CURVE('',#9692,#9718,#9726,.T.);
#9726 = CIRCLE('',#9727,2.4);
#9727 = AXIS2_PLACEMENT_3D('',#9728,#9729,#9730);
#9728 = CARTESIAN_POINT('',(-122.,12.7,0.));
#9729 = DIRECTION('',(0.,0.,1.));
#9730 = DIRECTION('',(0.,1.,0.));
#9731 = CYLINDRICAL_SURFACE('',#9732,2.4);
#9732 = AXIS2_PLACEMENT_3D('',#9733,#9734,#9735);
#9733 = CARTESIAN_POINT('',(-122.,12.7,0.));
#9734 = DIRECTION('',(-0.,-0.,-1.));
#9735 = DIRECTION('',(0.,1.,0.));
#9736 = ADVANCED_FACE('',(#9737),#9755,.F.);
#9737 = FACE_BOUND('',#9738,.T.);
#9738 = EDGE_LOOP('',(#9739,#9747,#9748,#9749));
#9739 = ORIENTED_EDGE('',*,*,#9740,.T.);
#9740 = EDGE_CURVE('',#9741,#674,#9743,.T.);
#9741 = VERTEX_POINT('',#9742);
#9742 = CARTESIAN_POINT('',(-124.3114023161,11.683942672543,0.));
#9743 = LINE('',#9744,#9745);
#9744 = CARTESIAN_POINT('',(-124.3114023161,11.683942672543,0.));
#9745 = VECTOR('',#9746,1.);
#9746 = DIRECTION('',(0.,0.,1.));
#9747 = ORIENTED_EDGE('',*,*,#682,.T.);
#9748 = ORIENTED_EDGE('',*,*,#9717,.F.);
#9749 = ORIENTED_EDGE('',*,*,#9750,.F.);
#9750 = EDGE_CURVE('',#9741,#9718,#9751,.T.);
#9751 = LINE('',#9752,#9753);
#9752 = CARTESIAN_POINT('',(-124.3114023161,11.683942672543,0.));
#9753 = VECTOR('',#9754,1.);
#9754 = DIRECTION('',(-9.819055310694E-02,0.995167631749,0.));
#9755 = PLANE('',#9756);
#9756 = AXIS2_PLACEMENT_3D('',#9757,#9758,#9759);
#9757 = CARTESIAN_POINT('',(-124.3114023161,11.683942672543,0.));
#9758 = DIRECTION('',(0.995167631749,9.819055310694E-02,0.));
#9759 = DIRECTION('',(9.819055310694E-02,-0.995167631749,0.));
#9760 = ADVANCED_FACE('',(#9761),#9780,.T.);
#9761 = FACE_BOUND('',#9762,.F.);
#9762 = EDGE_LOOP('',(#9763,#9764,#9765,#9773));
#9763 = ORIENTED_EDGE('',*,*,#9740,.T.);
#9764 = ORIENTED_EDGE('',*,*,#673,.T.);
#9765 = ORIENTED_EDGE('',*,*,#9766,.F.);
#9766 = EDGE_CURVE('',#9767,#666,#9769,.T.);
#9767 = VERTEX_POINT('',#9768);
#9768 = CARTESIAN_POINT('',(-124.2201673432,11.224602016623,0.));
#9769 = LINE('',#9770,#9771);
#9770 = CARTESIAN_POINT('',(-124.2201673432,11.224602016623,0.));
#9771 = VECTOR('',#9772,1.);
#9772 = DIRECTION('',(0.,0.,1.));
#9773 = ORIENTED_EDGE('',*,*,#9774,.F.);
#9774 = EDGE_CURVE('',#9741,#9767,#9775,.T.);
#9775 = CIRCLE('',#9776,2.4);
#9776 = AXIS2_PLACEMENT_3D('',#9777,#9778,#9779);
#9777 = CARTESIAN_POINT('',(-121.923,11.9196,0.));
#9778 = DIRECTION('',(0.,-0.,1.));
#9779 = DIRECTION('',(-9.819055310694E-02,0.995167631749,0.));
#9780 = CYLINDRICAL_SURFACE('',#9781,2.4);
#9781 = AXIS2_PLACEMENT_3D('',#9782,#9783,#9784);
#9782 = CARTESIAN_POINT('',(-121.923,11.9196,0.));
#9783 = DIRECTION('',(-0.,-0.,-1.));
#9784 = DIRECTION('',(-9.819055310694E-02,0.995167631749,0.));
#9785 = ADVANCED_FACE('',(#9786),#9804,.F.);
#9786 = FACE_BOUND('',#9787,.T.);
#9787 = EDGE_LOOP('',(#9788,#9796,#9797,#9798));
#9788 = ORIENTED_EDGE('',*,*,#9789,.T.);
#9789 = EDGE_CURVE('',#9790,#657,#9792,.T.);
#9790 = VERTEX_POINT('',#9791);
#9791 = CARTESIAN_POINT('',(-123.9931673432,10.474302016623,0.));
#9792 = LINE('',#9793,#9794);
#9793 = CARTESIAN_POINT('',(-123.9931673432,10.474302016623,0.));
#9794 = VECTOR('',#9795,1.);
#9795 = DIRECTION('',(0.,0.,1.));
#9796 = ORIENTED_EDGE('',*,*,#665,.T.);
#9797 = ORIENTED_EDGE('',*,*,#9766,.F.);
#9798 = ORIENTED_EDGE('',*,*,#9799,.F.);
#9799 = EDGE_CURVE('',#9790,#9767,#9800,.T.);
#9800 = LINE('',#9801,#9802);
#9801 = CARTESIAN_POINT('',(-123.9931673432,10.474302016623,0.));
#9802 = VECTOR('',#9803,1.);
#9803 = DIRECTION('',(-0.289582493074,0.957153059706,0.));
#9804 = PLANE('',#9805);
#9805 = AXIS2_PLACEMENT_3D('',#9806,#9807,#9808);
#9806 = CARTESIAN_POINT('',(-123.9931673432,10.474302016623,0.));
#9807 = DIRECTION('',(0.957153059706,0.289582493074,0.));
#9808 = DIRECTION('',(0.289582493074,-0.957153059706,0.));
#9809 = ADVANCED_FACE('',(#9810),#9829,.T.);
#9810 = FACE_BOUND('',#9811,.F.);
#9811 = EDGE_LOOP('',(#9812,#9813,#9814,#9822));
#9812 = ORIENTED_EDGE('',*,*,#9789,.T.);
#9813 = ORIENTED_EDGE('',*,*,#656,.T.);
#9814 = ORIENTED_EDGE('',*,*,#9815,.F.);
#9815 = EDGE_CURVE('',#9816,#649,#9818,.T.);
#9816 = VERTEX_POINT('',#9817);
#9817 = CARTESIAN_POINT('',(-123.8121884298,10.037157549074,0.));
#9818 = LINE('',#9819,#9820);
#9819 = CARTESIAN_POINT('',(-123.8121884298,10.037157549074,0.));
#9820 = VECTOR('',#9821,1.);
#9821 = DIRECTION('',(0.,0.,1.));
#9822 = ORIENTED_EDGE('',*,*,#9823,.F.);
#9823 = EDGE_CURVE('',#9790,#9816,#9824,.T.);
#9824 = CIRCLE('',#9825,2.4);
#9825 = AXIS2_PLACEMENT_3D('',#9826,#9827,#9828);
#9826 = CARTESIAN_POINT('',(-121.696,11.1693,0.));
#9827 = DIRECTION('',(0.,-0.,1.));
#9828 = DIRECTION('',(-0.289582493074,0.957153059706,0.));
#9829 = CYLINDRICAL_SURFACE('',#9830,2.4);
#9830 = AXIS2_PLACEMENT_3D('',#9831,#9832,#9833);
#9831 = CARTESIAN_POINT('',(-121.696,11.1693,0.));
#9832 = DIRECTION('',(-0.,-0.,-1.));
#9833 = DIRECTION('',(-0.289582493074,0.957153059706,0.));
#9834 = ADVANCED_FACE('',(#9835),#9853,.F.);
#9835 = FACE_BOUND('',#9836,.T.);
#9836 = EDGE_LOOP('',(#9837,#9845,#9846,#9847));
#9837 = ORIENTED_EDGE('',*,*,#9838,.T.);
#9838 = EDGE_CURVE('',#9839,#640,#9841,.T.);
#9839 = VERTEX_POINT('',#9840);
#9840 = CARTESIAN_POINT('',(-123.4421884298,9.345557549074,0.));
#9841 = LINE('',#9842,#9843);
#9842 = CARTESIAN_POINT('',(-123.4421884298,9.345557549074,0.));
#9843 = VECTOR('',#9844,1.);
#9844 = DIRECTION('',(0.,0.,1.));
#9845 = ORIENTED_EDGE('',*,*,#648,.T.);
#9846 = ORIENTED_EDGE('',*,*,#9815,.F.);
#9847 = ORIENTED_EDGE('',*,*,#9848,.F.);
#9848 = EDGE_CURVE('',#9839,#9816,#9849,.T.);
#9849 = LINE('',#9850,#9851);
#9850 = CARTESIAN_POINT('',(-123.4421884298,9.345557549074,0.));
#9851 = VECTOR('',#9852,1.);
#9852 = DIRECTION('',(-0.471726021219,0.881745179122,0.));
#9853 = PLANE('',#9854);
#9854 = AXIS2_PLACEMENT_3D('',#9855,#9856,#9857);
#9855 = CARTESIAN_POINT('',(-123.4421884298,9.345557549074,0.));
#9856 = DIRECTION('',(0.881745179122,0.471726021219,0.));
#9857 = DIRECTION('',(0.471726021219,-0.881745179122,0.));
#9858 = ADVANCED_FACE('',(#9859),#9878,.T.);
#9859 = FACE_BOUND('',#9860,.F.);
#9860 = EDGE_LOOP('',(#9861,#9862,#9863,#9871));
#9861 = ORIENTED_EDGE('',*,*,#9838,.T.);
#9862 = ORIENTED_EDGE('',*,*,#639,.T.);
#9863 = ORIENTED_EDGE('',*,*,#9864,.F.);
#9864 = EDGE_CURVE('',#9865,#632,#9867,.T.);
#9865 = VERTEX_POINT('',#9866);
#9866 = CARTESIAN_POINT('',(-123.1803816898,8.954129014332,0.));
#9867 = LINE('',#9868,#9869);
#9868 = CARTESIAN_POINT('',(-123.1803816898,8.954129014332,0.));
#9869 = VECTOR('',#9870,1.);
#9870 = DIRECTION('',(0.,0.,1.));
#9871 = ORIENTED_EDGE('',*,*,#9872,.F.);
#9872 = EDGE_CURVE('',#9839,#9865,#9873,.T.);
#9873 = CIRCLE('',#9874,2.4);
#9874 = AXIS2_PLACEMENT_3D('',#9875,#9876,#9877);
#9875 = CARTESIAN_POINT('',(-121.326,10.4777,0.));
#9876 = DIRECTION('',(0.,-0.,1.));
#9877 = DIRECTION('',(-0.471726021219,0.881745179122,0.));
#9878 = CYLINDRICAL_SURFACE('',#9879,2.4);
#9879 = AXIS2_PLACEMENT_3D('',#9880,#9881,#9882);
#9880 = CARTESIAN_POINT('',(-121.326,10.4777,0.));
#9881 = DIRECTION('',(-0.,-0.,-1.));
#9882 = DIRECTION('',(-0.471726021219,0.881745179122,0.));
#9883 = ADVANCED_FACE('',(#9884),#9902,.F.);
#9884 = FACE_BOUND('',#9885,.T.);
#9885 = EDGE_LOOP('',(#9886,#9894,#9895,#9896));
#9886 = ORIENTED_EDGE('',*,*,#9887,.T.);
#9887 = EDGE_CURVE('',#9888,#623,#9890,.T.);
#9888 = VERTEX_POINT('',#9889);
#9889 = CARTESIAN_POINT('',(-122.6823816898,8.347999014332,0.));
#9890 = LINE('',#9891,#9892);
#9891 = CARTESIAN_POINT('',(-122.6823816898,8.347999014332,0.));
#9892 = VECTOR('',#9893,1.);
#9893 = DIRECTION('',(0.,0.,1.));
#9894 = ORIENTED_EDGE('',*,*,#631,.T.);
#9895 = ORIENTED_EDGE('',*,*,#9864,.F.);
#9896 = ORIENTED_EDGE('',*,*,#9897,.F.);
#9897 = EDGE_CURVE('',#9888,#9865,#9898,.T.);
#9898 = LINE('',#9899,#9900);
#9899 = CARTESIAN_POINT('',(-122.6823816898,8.347999014332,0.));
#9900 = VECTOR('',#9901,1.);
#9901 = DIRECTION('',(-0.634821244028,0.772659037435,0.));
#9902 = PLANE('',#9903);
#9903 = AXIS2_PLACEMENT_3D('',#9904,#9905,#9906);
#9904 = CARTESIAN_POINT('',(-122.6823816898,8.347999014332,0.));
#9905 = DIRECTION('',(0.772659037435,0.634821244028,0.));
#9906 = DIRECTION('',(0.634821244028,-0.772659037435,0.));
#9907 = ADVANCED_FACE('',(#9908),#9927,.T.);
#9908 = FACE_BOUND('',#9909,.F.);
#9909 = EDGE_LOOP('',(#9910,#9911,#9912,#9920));
#9910 = ORIENTED_EDGE('',*,*,#9887,.T.);
#9911 = ORIENTED_EDGE('',*,*,#622,.T.);
#9912 = ORIENTED_EDGE('',*,*,#9913,.F.);
#9913 = EDGE_CURVE('',#9914,#615,#9916,.T.);
#9914 = VERTEX_POINT('',#9915);
#9915 = CARTESIAN_POINT('',(-122.3507609071,8.016523041088,0.));
#9916 = LINE('',#9917,#9918);
#9917 = CARTESIAN_POINT('',(-122.3507609071,8.016523041088,0.));
#9918 = VECTOR('',#9919,1.);
#9919 = DIRECTION('',(0.,0.,1.));
#9920 = ORIENTED_EDGE('',*,*,#9921,.F.);
#9921 = EDGE_CURVE('',#9888,#9914,#9922,.T.);
#9922 = CIRCLE('',#9923,2.4);
#9923 = AXIS2_PLACEMENT_3D('',#9924,#9925,#9926);
#9924 = CARTESIAN_POINT('',(-120.828,9.87157,0.));
#9925 = DIRECTION('',(0.,-0.,1.));
#9926 = DIRECTION('',(-0.634821244028,0.772659037435,0.));
#9927 = CYLINDRICAL_SURFACE('',#9928,2.4);
#9928 = AXIS2_PLACEMENT_3D('',#9929,#9930,#9931);
#9929 = CARTESIAN_POINT('',(-120.828,9.87157,0.));
#9930 = DIRECTION('',(-0.,-0.,-1.));
#9931 = DIRECTION('',(-0.634821244028,0.772659037435,0.));
#9932 = ADVANCED_FACE('',(#9933),#9967,.F.);
#9933 = FACE_BOUND('',#9934,.T.);
#9934 = EDGE_LOOP('',(#9935,#9945,#9951,#9952,#9953,#9961));
#9935 = ORIENTED_EDGE('',*,*,#9936,.F.);
#9936 = EDGE_CURVE('',#9937,#9939,#9941,.T.);
#9937 = VERTEX_POINT('',#9938);
#9938 = CARTESIAN_POINT('',(-121.7447609071,7.519073041088,6.1));
#9939 = VERTEX_POINT('',#9940);
#9940 = CARTESIAN_POINT('',(-122.2003510653,7.893055424246,6.1));
#9941 = LINE('',#9942,#9943);
#9942 = CARTESIAN_POINT('',(-121.4863929564,7.306985356144,6.1));
#9943 = VECTOR('',#9944,1.);
#9944 = DIRECTION('',(-0.77293623288,0.634483711297,0.));
#9945 = ORIENTED_EDGE('',*,*,#9946,.T.);
#9946 = EDGE_CURVE('',#9937,#606,#9947,.T.);
#9947 = LINE('',#9948,#9949);
#9948 = CARTESIAN_POINT('',(-121.7447609071,7.519073041088,0.));
#9949 = VECTOR('',#9950,1.);
#9950 = DIRECTION('',(0.,0.,1.));
#9951 = ORIENTED_EDGE('',*,*,#614,.T.);
#9952 = ORIENTED_EDGE('',*,*,#9913,.F.);
#9953 = ORIENTED_EDGE('',*,*,#9954,.F.);
#9954 = EDGE_CURVE('',#9955,#9914,#9957,.T.);
#9955 = VERTEX_POINT('',#9956);
#9956 = CARTESIAN_POINT('',(-122.2003510653,7.893055424246,0.));
#9957 = LINE('',#9958,#9959);
#9958 = CARTESIAN_POINT('',(-121.7447609071,7.519073041088,0.));
#9959 = VECTOR('',#9960,1.);
#9960 = DIRECTION('',(-0.77293623288,0.634483711297,0.));
#9961 = ORIENTED_EDGE('',*,*,#9962,.F.);
#9962 = EDGE_CURVE('',#9939,#9955,#9963,.T.);
#9963 = LINE('',#9964,#9965);
#9964 = CARTESIAN_POINT('',(-122.2003510653,7.893055424246,0.));
#9965 = VECTOR('',#9966,1.);
#9966 = DIRECTION('',(0.,0.,-1.));
#9967 = PLANE('',#9968);
#9968 = AXIS2_PLACEMENT_3D('',#9969,#9970,#9971);
#9969 = CARTESIAN_POINT('',(-121.7447609071,7.519073041088,0.));
#9970 = DIRECTION('',(0.634483711297,0.77293623288,0.));
#9971 = DIRECTION('',(0.77293623288,-0.634483711297,0.));
#9972 = ADVANCED_FACE('',(#9973),#10014,.F.);
#9973 = FACE_BOUND('',#9974,.T.);
#9974 = EDGE_LOOP('',(#9975,#9985,#9991,#9992,#10000,#10008));
#9975 = ORIENTED_EDGE('',*,*,#9976,.F.);
#9976 = EDGE_CURVE('',#9977,#9979,#9981,.T.);
#9977 = VERTEX_POINT('',#9978);
#9978 = CARTESIAN_POINT('',(-118.2353524519,6.311567622197,0.));
#9979 = VERTEX_POINT('',#9980);
#9980 = CARTESIAN_POINT('',(-118.5776741737,6.34529947801,0.));
#9981 = LINE('',#9982,#9983);
#9982 = CARTESIAN_POINT('',(-118.2353524519,6.311567622197,0.));
#9983 = VECTOR('',#9984,1.);
#9984 = DIRECTION('',(-0.995180157418,9.806352166557E-02,0.));
#9985 = ORIENTED_EDGE('',*,*,#9986,.T.);
#9986 = EDGE_CURVE('',#9977,#555,#9987,.T.);
#9987 = LINE('',#9988,#9989);
#9988 = CARTESIAN_POINT('',(-118.2353524519,6.311567622197,0.));
#9989 = VECTOR('',#9990,1.);
#9990 = DIRECTION('',(0.,0.,1.));
#9991 = ORIENTED_EDGE('',*,*,#563,.T.);
#9992 = ORIENTED_EDGE('',*,*,#9993,.F.);
#9993 = EDGE_CURVE('',#9994,#564,#9996,.T.);
#9994 = VERTEX_POINT('',#9995);
#9995 = CARTESIAN_POINT('',(-119.0153524519,6.388427622197,6.1));
#9996 = LINE('',#9997,#9998);
#9997 = CARTESIAN_POINT('',(-119.0153524519,6.388427622197,0.));
#9998 = VECTOR('',#9999,1.);
#9999 = DIRECTION('',(0.,0.,1.));
#10000 = ORIENTED_EDGE('',*,*,#10001,.F.);
#10001 = EDGE_CURVE('',#10002,#9994,#10004,.T.);
#10002 = VERTEX_POINT('',#10003);
#10003 = CARTESIAN_POINT('',(-118.5776741737,6.34529947801,6.1));
#10004 = LINE('',#10005,#10006);
#10005 = CARTESIAN_POINT('',(-119.002537829,6.387164888963,6.1));
#10006 = VECTOR('',#10007,1.);
#10007 = DIRECTION('',(-0.995180157418,9.806352166557E-02,0.));
#10008 = ORIENTED_EDGE('',*,*,#10009,.T.);
#10009 = EDGE_CURVE('',#10002,#9979,#10010,.T.);
#10010 = LINE('',#10011,#10012);
#10011 = CARTESIAN_POINT('',(-118.5776741737,6.34529947801,0.));
#10012 = VECTOR('',#10013,1.);
#10013 = DIRECTION('',(0.,0.,-1.));
#10014 = PLANE('',#10015);
#10015 = AXIS2_PLACEMENT_3D('',#10016,#10017,#10018);
#10016 = CARTESIAN_POINT('',(-118.2353524519,6.311567622197,0.));
#10017 = DIRECTION('',(9.806352166557E-02,0.995180157418,0.));
#10018 = DIRECTION('',(0.995180157418,-9.806352166557E-02,0.));
#10019 = ADVANCED_FACE('',(#10020),#10039,.T.);
#10020 = FACE_BOUND('',#10021,.F.);
#10021 = EDGE_LOOP('',(#10022,#10023,#10024,#10032));
#10022 = ORIENTED_EDGE('',*,*,#9986,.T.);
#10023 = ORIENTED_EDGE('',*,*,#554,.T.);
#10024 = ORIENTED_EDGE('',*,*,#10025,.F.);
#10025 = EDGE_CURVE('',#10026,#547,#10028,.T.);
#10026 = VERTEX_POINT('',#10027);
#10027 = CARTESIAN_POINT('',(-118.,6.3,0.));
#10028 = LINE('',#10029,#10030);
#10029 = CARTESIAN_POINT('',(-118.,6.3,0.));
#10030 = VECTOR('',#10031,1.);
#10031 = DIRECTION('',(0.,0.,1.));
#10032 = ORIENTED_EDGE('',*,*,#10033,.F.);
#10033 = EDGE_CURVE('',#9977,#10026,#10034,.T.);
#10034 = CIRCLE('',#10035,2.4);
#10035 = AXIS2_PLACEMENT_3D('',#10036,#10037,#10038);
#10036 = CARTESIAN_POINT('',(-118.,8.7,0.));
#10037 = DIRECTION('',(0.,-0.,1.));
#10038 = DIRECTION('',(-0.995180157418,9.806352166557E-02,0.));
#10039 = CYLINDRICAL_SURFACE('',#10040,2.4);
#10040 = AXIS2_PLACEMENT_3D('',#10041,#10042,#10043);
#10041 = CARTESIAN_POINT('',(-118.,8.7,0.));
#10042 = DIRECTION('',(-0.,-0.,-1.));
#10043 = DIRECTION('',(-0.995180157418,9.806352166557E-02,0.));
#10044 = ADVANCED_FACE('',(#10045),#10063,.F.);
#10045 = FACE_BOUND('',#10046,.T.);
#10046 = EDGE_LOOP('',(#10047,#10055,#10056,#10057));
#10047 = ORIENTED_EDGE('',*,*,#10048,.T.);
#10048 = EDGE_CURVE('',#10049,#539,#10051,.T.);
#10049 = VERTEX_POINT('',#10050);
#10050 = CARTESIAN_POINT('',(-97.54100347328,6.3,0.));
#10051 = LINE('',#10052,#10053);
#10052 = CARTESIAN_POINT('',(-97.54100347328,6.3,0.));
#10053 = VECTOR('',#10054,1.);
#10054 = DIRECTION('',(0.,0.,1.));
#10055 = ORIENTED_EDGE('',*,*,#546,.T.);
#10056 = ORIENTED_EDGE('',*,*,#10025,.F.);
#10057 = ORIENTED_EDGE('',*,*,#10058,.F.);
#10058 = EDGE_CURVE('',#10049,#10026,#10059,.T.);
#10059 = LINE('',#10060,#10061);
#10060 = CARTESIAN_POINT('',(-97.4126,6.3,0.));
#10061 = VECTOR('',#10062,1.);
#10062 = DIRECTION('',(-1.,-0.,-0.));
#10063 = PLANE('',#10064);
#10064 = AXIS2_PLACEMENT_3D('',#10065,#10066,#10067);
#10065 = CARTESIAN_POINT('',(-97.54100347328,6.3,0.));
#10066 = DIRECTION('',(0.,1.,0.));
#10067 = DIRECTION('',(1.,0.,0.));
#10068 = ADVANCED_FACE('',(#10069),#10087,.F.);
#10069 = FACE_BOUND('',#10070,.T.);
#10070 = EDGE_LOOP('',(#10071,#10079,#10080,#10081));
#10071 = ORIENTED_EDGE('',*,*,#10072,.T.);
#10072 = EDGE_CURVE('',#10073,#531,#10075,.T.);
#10073 = VERTEX_POINT('',#10074);
#10074 = CARTESIAN_POINT('',(-96.16500904787,6.152341956695,0.));
#10075 = LINE('',#10076,#10077);
#10076 = CARTESIAN_POINT('',(-96.16500904787,6.152341956695,0.));
#10077 = VECTOR('',#10078,1.);
#10078 = DIRECTION('',(0.,0.,1.));
#10079 = ORIENTED_EDGE('',*,*,#538,.T.);
#10080 = ORIENTED_EDGE('',*,*,#10048,.F.);
#10081 = ORIENTED_EDGE('',*,*,#10082,.F.);
#10082 = EDGE_CURVE('',#10073,#10049,#10083,.T.);
#10083 = LINE('',#10084,#10085);
#10084 = CARTESIAN_POINT('',(-95.92997395922,6.12712032741,0.));
#10085 = VECTOR('',#10086,1.);
#10086 = DIRECTION('',(-0.994291530246,0.106697483012,0.));
#10087 = PLANE('',#10088);
#10088 = AXIS2_PLACEMENT_3D('',#10089,#10090,#10091);
#10089 = CARTESIAN_POINT('',(-96.16500904787,6.152341956695,0.));
#10090 = DIRECTION('',(0.106697483012,0.994291530246,0.));
#10091 = DIRECTION('',(0.994291530246,-0.106697483012,0.));
#10092 = ADVANCED_FACE('',(#10093),#10111,.F.);
#10093 = FACE_BOUND('',#10094,.T.);
#10094 = EDGE_LOOP('',(#10095,#10103,#10104,#10105));
#10095 = ORIENTED_EDGE('',*,*,#10096,.T.);
#10096 = EDGE_CURVE('',#10097,#523,#10099,.T.);
#10097 = VERTEX_POINT('',#10098);
#10098 = CARTESIAN_POINT('',(-95.12307990755,5.826316041247,0.));
#10099 = LINE('',#10100,#10101);
#10100 = CARTESIAN_POINT('',(-95.12307990755,5.826316041247,0.));
#10101 = VECTOR('',#10102,1.);
#10102 = DIRECTION('',(0.,0.,1.));
#10103 = ORIENTED_EDGE('',*,*,#530,.T.);
#10104 = ORIENTED_EDGE('',*,*,#10072,.F.);
#10105 = ORIENTED_EDGE('',*,*,#10106,.F.);
#10106 = EDGE_CURVE('',#10097,#10073,#10107,.T.);
#10107 = LINE('',#10108,#10109);
#10108 = CARTESIAN_POINT('',(-94.89750720945,5.755732982809,0.));
#10109 = VECTOR('',#10110,1.);
#10110 = DIRECTION('',(-0.954369590496,0.298628003938,0.));
#10111 = PLANE('',#10112);
#10112 = AXIS2_PLACEMENT_3D('',#10113,#10114,#10115);
#10113 = CARTESIAN_POINT('',(-95.12307990755,5.826316041247,0.));
#10114 = DIRECTION('',(0.298628003938,0.954369590496,0.));
#10115 = DIRECTION('',(0.954369590496,-0.298628003938,0.));
#10116 = ADVANCED_FACE('',(#10117),#10135,.F.);
#10117 = FACE_BOUND('',#10118,.T.);
#10118 = EDGE_LOOP('',(#10119,#10127,#10128,#10129));
#10119 = ORIENTED_EDGE('',*,*,#10120,.T.);
#10120 = EDGE_CURVE('',#10121,#515,#10123,.T.);
#10121 = VERTEX_POINT('',#10122);
#10122 = CARTESIAN_POINT('',(-94.16477650136,5.303306936943,0.));
#10123 = LINE('',#10124,#10125);
#10124 = CARTESIAN_POINT('',(-94.16477650136,5.303306936943,0.));
#10125 = VECTOR('',#10126,1.);
#10126 = DIRECTION('',(0.,0.,1.));
#10127 = ORIENTED_EDGE('',*,*,#522,.T.);
#10128 = ORIENTED_EDGE('',*,*,#10096,.F.);
#10129 = ORIENTED_EDGE('',*,*,#10130,.F.);
#10130 = EDGE_CURVE('',#10121,#10097,#10131,.T.);
#10131 = LINE('',#10132,#10133);
#10132 = CARTESIAN_POINT('',(-93.95725023339,5.19004622345,0.));
#10133 = VECTOR('',#10134,1.);
#10134 = DIRECTION('',(-0.877780740229,0.479062597249,0.));
#10135 = PLANE('',#10136);
#10136 = AXIS2_PLACEMENT_3D('',#10137,#10138,#10139);
#10137 = CARTESIAN_POINT('',(-94.16477650136,5.303306936943,0.));
#10138 = DIRECTION('',(0.479062597249,0.877780740229,0.));
#10139 = DIRECTION('',(0.877780740229,-0.479062597249,0.));
#10140 = ADVANCED_FACE('',(#10141),#10159,.F.);
#10141 = FACE_BOUND('',#10142,.T.);
#10142 = EDGE_LOOP('',(#10143,#10151,#10152,#10153));
#10143 = ORIENTED_EDGE('',*,*,#10144,.T.);
#10144 = EDGE_CURVE('',#10145,#507,#10147,.T.);
#10145 = VERTEX_POINT('',#10146);
#10146 = CARTESIAN_POINT('',(-93.32700363172,4.603411413057,0.));
#10147 = LINE('',#10148,#10149);
#10148 = CARTESIAN_POINT('',(-93.32700363172,4.603411413057,0.));
#10149 = VECTOR('',#10150,1.);
#10150 = DIRECTION('',(0.,0.,1.));
#10151 = ORIENTED_EDGE('',*,*,#514,.T.);
#10152 = ORIENTED_EDGE('',*,*,#10120,.F.);
#10153 = ORIENTED_EDGE('',*,*,#10154,.F.);
#10154 = EDGE_CURVE('',#10145,#10121,#10155,.T.);
#10155 = LINE('',#10156,#10157);
#10156 = CARTESIAN_POINT('',(-93.1456138665,4.451874058059,0.));
#10157 = VECTOR('',#10158,1.);
#10158 = DIRECTION('',(-0.767431642475,0.64113077771,0.));
#10159 = PLANE('',#10160);
#10160 = AXIS2_PLACEMENT_3D('',#10161,#10162,#10163);
#10161 = CARTESIAN_POINT('',(-93.32700363172,4.603411413057,0.));
#10162 = DIRECTION('',(0.64113077771,0.767431642475,0.));
#10163 = DIRECTION('',(0.767431642475,-0.64113077771,0.));
#10164 = ADVANCED_FACE('',(#10165),#10183,.F.);
#10165 = FACE_BOUND('',#10166,.T.);
#10166 = EDGE_LOOP('',(#10167,#10175,#10176,#10177));
#10167 = ORIENTED_EDGE('',*,*,#10168,.T.);
#10168 = EDGE_CURVE('',#10169,#499,#10171,.T.);
#10169 = VERTEX_POINT('',#10170);
#10170 = CARTESIAN_POINT('',(-92.6418099501,3.753475370353,0.));
#10171 = LINE('',#10172,#10173);
#10172 = CARTESIAN_POINT('',(-92.6418099501,3.753475370353,0.));
#10173 = VECTOR('',#10174,1.);
#10174 = DIRECTION('',(0.,0.,1.));
#10175 = ORIENTED_EDGE('',*,*,#506,.T.);
#10176 = ORIENTED_EDGE('',*,*,#10144,.F.);
#10177 = ORIENTED_EDGE('',*,*,#10178,.F.);
#10178 = EDGE_CURVE('',#10169,#10145,#10179,.T.);
#10179 = LINE('',#10180,#10181);
#10180 = CARTESIAN_POINT('',(-92.49344758827,3.569441976451,0.));
#10181 = VECTOR('',#10182,1.);
#10182 = DIRECTION('',(-0.627620009812,0.778519828446,0.));
#10183 = PLANE('',#10184);
#10184 = AXIS2_PLACEMENT_3D('',#10185,#10186,#10187);
#10185 = CARTESIAN_POINT('',(-92.6418099501,3.753475370353,0.));
#10186 = DIRECTION('',(0.778519828446,0.627620009812,0.));
#10187 = DIRECTION('',(0.627620009812,-0.778519828446,0.));
#10188 = ADVANCED_FACE('',(#10189),#10207,.F.);
#10189 = FACE_BOUND('',#10190,.T.);
#10190 = EDGE_LOOP('',(#10191,#10199,#10200,#10201));
#10191 = ORIENTED_EDGE('',*,*,#10192,.T.);
#10192 = EDGE_CURVE('',#10193,#491,#10195,.T.);
#10193 = VERTEX_POINT('',#10194);
#10194 = CARTESIAN_POINT('',(-92.13559953225,2.786183605128,0.));
#10195 = LINE('',#10196,#10197);
#10196 = CARTESIAN_POINT('',(-92.13559953225,2.786183605128,0.));
#10197 = VECTOR('',#10198,1.);
#10198 = DIRECTION('',(0.,0.,1.));
#10199 = ORIENTED_EDGE('',*,*,#498,.T.);
#10200 = ORIENTED_EDGE('',*,*,#10168,.F.);
#10201 = ORIENTED_EDGE('',*,*,#10202,.F.);
#10202 = EDGE_CURVE('',#10193,#10169,#10203,.T.);
#10203 = LINE('',#10204,#10205);
#10204 = CARTESIAN_POINT('',(-92.02601680055,2.576787531383,0.));
#10205 = VECTOR('',#10206,1.);
#10206 = DIRECTION('',(-0.463671861924,0.886007000232,0.));
#10207 = PLANE('',#10208);
#10208 = AXIS2_PLACEMENT_3D('',#10209,#10210,#10211);
#10209 = CARTESIAN_POINT('',(-92.13559953225,2.786183605128,0.));
#10210 = DIRECTION('',(0.886007000232,0.463671861924,0.));
#10211 = DIRECTION('',(0.463671861924,-0.886007000232,0.));
#10212 = ADVANCED_FACE('',(#10213),#10231,.F.);
#10213 = FACE_BOUND('',#10214,.T.);
#10214 = EDGE_LOOP('',(#10215,#10223,#10224,#10225));
#10215 = ORIENTED_EDGE('',*,*,#10216,.T.);
#10216 = EDGE_CURVE('',#10217,#483,#10219,.T.);
#10217 = VERTEX_POINT('',#10218);
#10218 = CARTESIAN_POINT('',(-91.82777703906,1.73869387777,0.));
#10219 = LINE('',#10220,#10221);
#10220 = CARTESIAN_POINT('',(-91.82777703906,1.73869387777,0.));
#10221 = VECTOR('',#10222,1.);
#10222 = DIRECTION('',(0.,0.,1.));
#10223 = ORIENTED_EDGE('',*,*,#490,.T.);
#10224 = ORIENTED_EDGE('',*,*,#10192,.F.);
#10225 = ORIENTED_EDGE('',*,*,#10226,.F.);
#10226 = EDGE_CURVE('',#10217,#10193,#10227,.T.);
#10227 = LINE('',#10228,#10229);
#10228 = CARTESIAN_POINT('',(-91.76113347829,1.511912382462,0.));
#10229 = VECTOR('',#10230,1.);
#10230 = DIRECTION('',(-0.281944840641,0.959430615957,0.));
#10231 = PLANE('',#10232);
#10232 = AXIS2_PLACEMENT_3D('',#10233,#10234,#10235);
#10233 = CARTESIAN_POINT('',(-91.82777703906,1.73869387777,0.));
#10234 = DIRECTION('',(0.959430615957,0.281944840641,0.));
#10235 = DIRECTION('',(0.281944840641,-0.959430615957,0.));
#10236 = ADVANCED_FACE('',(#10237),#10255,.F.);
#10237 = FACE_BOUND('',#10238,.T.);
#10238 = EDGE_LOOP('',(#10239,#10247,#10248,#10249));
#10239 = ORIENTED_EDGE('',*,*,#10240,.T.);
#10240 = EDGE_CURVE('',#10241,#475,#10243,.T.);
#10241 = VERTEX_POINT('',#10242);
#10242 = CARTESIAN_POINT('',(-91.73022964448,0.651422105071,0.));
#10243 = LINE('',#10244,#10245);
#10244 = CARTESIAN_POINT('',(-91.73022964448,0.651422105071,0.));
#10245 = VECTOR('',#10246,1.);
#10246 = DIRECTION('',(0.,0.,1.));
#10247 = ORIENTED_EDGE('',*,*,#482,.T.);
#10248 = ORIENTED_EDGE('',*,*,#10216,.F.);
#10249 = ORIENTED_EDGE('',*,*,#10250,.F.);
#10250 = EDGE_CURVE('',#10241,#10217,#10251,.T.);
#10251 = LINE('',#10252,#10253);
#10252 = CARTESIAN_POINT('',(-91.70909882944,0.415896196664,0.));
#10253 = VECTOR('',#10254,1.);
#10254 = DIRECTION('',(-8.935866805676E-02,0.995999512271,0.));
#10255 = PLANE('',#10256);
#10256 = AXIS2_PLACEMENT_3D('',#10257,#10258,#10259);
#10257 = CARTESIAN_POINT('',(-91.73022964448,0.651422105071,0.));
#10258 = DIRECTION('',(0.995999512271,8.935866805676E-02,0.));
#10259 = DIRECTION('',(8.935866805676E-02,-0.995999512271,0.));
#10260 = ADVANCED_FACE('',(#10261),#10279,.F.);
#10261 = FACE_BOUND('',#10262,.T.);
#10262 = EDGE_LOOP('',(#10263,#10271,#10272,#10273));
#10263 = ORIENTED_EDGE('',*,*,#10264,.T.);
#10264 = EDGE_CURVE('',#10265,#467,#10267,.T.);
#10265 = VERTEX_POINT('',#10266);
#10266 = CARTESIAN_POINT('',(-91.84676098989,-0.434028998862,0.));
#10267 = LINE('',#10268,#10269);
#10268 = CARTESIAN_POINT('',(-91.84676098989,-0.434028998862,0.));
#10269 = VECTOR('',#10270,1.);
#10270 = DIRECTION('',(0.,0.,1.));
#10271 = ORIENTED_EDGE('',*,*,#474,.T.);
#10272 = ORIENTED_EDGE('',*,*,#10240,.F.);
#10273 = ORIENTED_EDGE('',*,*,#10274,.F.);
#10274 = EDGE_CURVE('',#10265,#10241,#10275,.T.);
#10275 = LINE('',#10276,#10277);
#10276 = CARTESIAN_POINT('',(-91.87198765332,-0.669007060554,0.));
#10277 = VECTOR('',#10278,1.);
#10278 = DIRECTION('',(0.106744141436,0.99428652222,0.));
#10279 = PLANE('',#10280);
#10280 = AXIS2_PLACEMENT_3D('',#10281,#10282,#10283);
#10281 = CARTESIAN_POINT('',(-91.84676098989,-0.434028998862,0.));
#10282 = DIRECTION('',(0.99428652222,-0.106744141436,0.));
#10283 = DIRECTION('',(-0.106744141436,-0.99428652222,0.));
#10284 = ADVANCED_FACE('',(#10285),#10303,.F.);
#10285 = FACE_BOUND('',#10286,.T.);
#10286 = EDGE_LOOP('',(#10287,#10295,#10296,#10297));
#10287 = ORIENTED_EDGE('',*,*,#10288,.T.);
#10288 = EDGE_CURVE('',#10289,#459,#10291,.T.);
#10289 = VERTEX_POINT('',#10290);
#10290 = CARTESIAN_POINT('',(-92.17279919449,-1.475995319854,0.));
#10291 = LINE('',#10292,#10293);
#10292 = CARTESIAN_POINT('',(-92.17279919449,-1.475995319854,0.));
#10293 = VECTOR('',#10294,1.);
#10294 = DIRECTION('',(0.,0.,1.));
#10295 = ORIENTED_EDGE('',*,*,#466,.T.);
#10296 = ORIENTED_EDGE('',*,*,#10264,.F.);
#10297 = ORIENTED_EDGE('',*,*,#10298,.F.);
#10298 = EDGE_CURVE('',#10289,#10265,#10299,.T.);
#10299 = LINE('',#10300,#10301);
#10300 = CARTESIAN_POINT('',(-92.24338660677,-1.701581478929,0.));
#10301 = VECTOR('',#10302,1.);
#10302 = DIRECTION('',(0.298628550446,0.95436941949,0.));
#10303 = PLANE('',#10304);
#10304 = AXIS2_PLACEMENT_3D('',#10305,#10306,#10307);
#10305 = CARTESIAN_POINT('',(-92.17279919449,-1.475995319854,0.));
#10306 = DIRECTION('',(0.95436941949,-0.298628550446,0.));
#10307 = DIRECTION('',(-0.298628550446,-0.95436941949,0.));
#10308 = ADVANCED_FACE('',(#10309),#10327,.F.);
#10309 = FACE_BOUND('',#10310,.T.);
#10310 = EDGE_LOOP('',(#10311,#10319,#10320,#10321));
#10311 = ORIENTED_EDGE('',*,*,#10312,.T.);
#10312 = EDGE_CURVE('',#10313,#451,#10315,.T.);
#10313 = VERTEX_POINT('',#10314);
#10314 = CARTESIAN_POINT('',(-92.69581828948,-2.434289118908,0.));
#10315 = LINE('',#10316,#10317);
#10316 = CARTESIAN_POINT('',(-92.69581828948,-2.434289118908,0.));
#10317 = VECTOR('',#10318,1.);
#10318 = DIRECTION('',(0.,0.,1.));
#10319 = ORIENTED_EDGE('',*,*,#458,.T.);
#10320 = ORIENTED_EDGE('',*,*,#10288,.F.);
#10321 = ORIENTED_EDGE('',*,*,#10322,.F.);
#10322 = EDGE_CURVE('',#10313,#10289,#10323,.T.);
#10323 = LINE('',#10324,#10325);
#10324 = CARTESIAN_POINT('',(-92.80905969368,-2.641773963112,0.));
#10325 = VECTOR('',#10326,1.);
#10326 = DIRECTION('',(0.479073348703,0.877774872369,0.));
#10327 = PLANE('',#10328);
#10328 = AXIS2_PLACEMENT_3D('',#10329,#10330,#10331);
#10329 = CARTESIAN_POINT('',(-92.69581828948,-2.434289118908,0.));
#10330 = DIRECTION('',(0.877774872369,-0.479073348703,0.));
#10331 = DIRECTION('',(-0.479073348703,-0.877774872369,0.));
#10332 = ADVANCED_FACE('',(#10333),#10351,.F.);
#10333 = FACE_BOUND('',#10334,.T.);
#10334 = EDGE_LOOP('',(#10335,#10343,#10344,#10345));
#10335 = ORIENTED_EDGE('',*,*,#10336,.T.);
#10336 = EDGE_CURVE('',#10337,#443,#10339,.T.);
#10337 = VERTEX_POINT('',#10338);
#10338 = CARTESIAN_POINT('',(-93.39574747341,-3.272145524371,0.));
#10339 = LINE('',#10340,#10341);
#10340 = CARTESIAN_POINT('',(-93.39574747341,-3.272145524371,0.));
#10341 = VECTOR('',#10342,1.);
#10342 = DIRECTION('',(0.,0.,1.));
#10343 = ORIENTED_EDGE('',*,*,#450,.T.);
#10344 = ORIENTED_EDGE('',*,*,#10312,.F.);
#10345 = ORIENTED_EDGE('',*,*,#10346,.F.);
#10346 = EDGE_CURVE('',#10337,#10313,#10347,.T.);
#10347 = LINE('',#10348,#10349);
#10348 = CARTESIAN_POINT('',(-93.54727501808,-3.453532908727,0.));
#10349 = VECTOR('',#10350,1.);
#10350 = DIRECTION('',(0.64111128803,0.767447924201,0.));
#10351 = PLANE('',#10352);
#10352 = AXIS2_PLACEMENT_3D('',#10353,#10354,#10355);
#10353 = CARTESIAN_POINT('',(-93.39574747341,-3.272145524371,0.));
#10354 = DIRECTION('',(0.767447924201,-0.64111128803,0.));
#10355 = DIRECTION('',(-0.64111128803,-0.767447924201,0.));
#10356 = ADVANCED_FACE('',(#10357),#10375,.F.);
#10357 = FACE_BOUND('',#10358,.T.);
#10358 = EDGE_LOOP('',(#10359,#10367,#10368,#10369));
#10359 = ORIENTED_EDGE('',*,*,#10360,.T.);
#10360 = EDGE_CURVE('',#10361,#435,#10363,.T.);
#10361 = VERTEX_POINT('',#10362);
#10362 = CARTESIAN_POINT('',(-94.24559543092,-3.957313197808,0.));
#10363 = LINE('',#10364,#10365);
#10364 = CARTESIAN_POINT('',(-94.24559543092,-3.957313197808,0.));
#10365 = VECTOR('',#10366,1.);
#10366 = DIRECTION('',(0.,0.,1.));
#10367 = ORIENTED_EDGE('',*,*,#442,.T.);
#10368 = ORIENTED_EDGE('',*,*,#10336,.F.);
#10369 = ORIENTED_EDGE('',*,*,#10370,.F.);
#10370 = EDGE_CURVE('',#10361,#10337,#10371,.T.);
#10371 = LINE('',#10372,#10373);
#10372 = CARTESIAN_POINT('',(-94.42964799007,-4.105700756583,0.));
#10373 = VECTOR('',#10374,1.);
#10374 = DIRECTION('',(0.778499684757,0.627644995864,0.));
#10375 = PLANE('',#10376);
#10376 = AXIS2_PLACEMENT_3D('',#10377,#10378,#10379);
#10377 = CARTESIAN_POINT('',(-94.24559543092,-3.957313197808,0.));
#10378 = DIRECTION('',(0.627644995864,-0.778499684757,0.));
#10379 = DIRECTION('',(-0.778499684757,-0.627644995864,0.));
#10380 = ADVANCED_FACE('',(#10381),#10399,.F.);
#10381 = FACE_BOUND('',#10382,.T.);
#10382 = EDGE_LOOP('',(#10383,#10391,#10392,#10393));
#10383 = ORIENTED_EDGE('',*,*,#10384,.T.);
#10384 = EDGE_CURVE('',#10385,#427,#10387,.T.);
#10385 = VERTEX_POINT('',#10386);
#10386 = CARTESIAN_POINT('',(-95.4927676948,-4.610003477835,0.));
#10387 = LINE('',#10388,#10389);
#10388 = CARTESIAN_POINT('',(-95.4927676948,-4.610003477835,0.));
#10389 = VECTOR('',#10390,1.);
#10390 = DIRECTION('',(0.,0.,1.));
#10391 = ORIENTED_EDGE('',*,*,#434,.T.);
#10392 = ORIENTED_EDGE('',*,*,#10360,.F.);
#10393 = ORIENTED_EDGE('',*,*,#10394,.F.);
#10394 = EDGE_CURVE('',#10385,#10361,#10395,.T.);
#10395 = LINE('',#10396,#10397);
#10396 = CARTESIAN_POINT('',(-95.59722677628,-4.664670687099,0.));
#10397 = VECTOR('',#10398,1.);
#10398 = DIRECTION('',(0.886003880375,0.463677823451,0.));
#10399 = PLANE('',#10400);
#10400 = AXIS2_PLACEMENT_3D('',#10401,#10402,#10403);
#10401 = CARTESIAN_POINT('',(-95.4927676948,-4.610003477835,0.));
#10402 = DIRECTION('',(0.463677823451,-0.886003880375,0.));
#10403 = DIRECTION('',(-0.886003880375,-0.463677823451,0.));
#10404 = ADVANCED_FACE('',(#10405),#10423,.F.);
#10405 = FACE_BOUND('',#10406,.T.);
#10406 = EDGE_LOOP('',(#10407,#10415,#10416,#10417));
#10407 = ORIENTED_EDGE('',*,*,#10408,.T.);
#10408 = EDGE_CURVE('',#10409,#418,#10411,.T.);
#10409 = VERTEX_POINT('',#10410);
#10410 = CARTESIAN_POINT('',(-109.3660534839,-10.21515780353,0.));
#10411 = LINE('',#10412,#10413);
#10412 = CARTESIAN_POINT('',(-109.3660534839,-10.21515780353,0.));
#10413 = VECTOR('',#10414,1.);
#10414 = DIRECTION('',(0.,0.,1.));
#10415 = ORIENTED_EDGE('',*,*,#426,.T.);
#10416 = ORIENTED_EDGE('',*,*,#10384,.F.);
#10417 = ORIENTED_EDGE('',*,*,#10418,.F.);
#10418 = EDGE_CURVE('',#10409,#10385,#10419,.T.);
#10419 = LINE('',#10420,#10421);
#10420 = CARTESIAN_POINT('',(-109.3660534839,-10.21515780353,0.));
#10421 = VECTOR('',#10422,1.);
#10422 = DIRECTION('',(0.927184248526,0.374605618332,0.));
#10423 = PLANE('',#10424);
#10424 = AXIS2_PLACEMENT_3D('',#10425,#10426,#10427);
#10425 = CARTESIAN_POINT('',(-109.3660534839,-10.21515780353,0.));
#10426 = DIRECTION('',(0.374605618332,-0.927184248526,0.));
#10427 = DIRECTION('',(-0.927184248526,-0.374605618332,0.));
#10428 = ADVANCED_FACE('',(#10429),#10448,.T.);
#10429 = FACE_BOUND('',#10430,.F.);
#10430 = EDGE_LOOP('',(#10431,#10432,#10433,#10441));
#10431 = ORIENTED_EDGE('',*,*,#10408,.T.);
#10432 = ORIENTED_EDGE('',*,*,#417,.T.);
#10433 = ORIENTED_EDGE('',*,*,#10434,.F.);
#10434 = EDGE_CURVE('',#10435,#410,#10437,.T.);
#10435 = VERTEX_POINT('',#10436);
#10436 = CARTESIAN_POINT('',(-109.4747180257,-10.26221167469,0.));
#10437 = LINE('',#10438,#10439);
#10438 = CARTESIAN_POINT('',(-109.4747180257,-10.26221167469,0.));
#10439 = VECTOR('',#10440,1.);
#10440 = DIRECTION('',(0.,0.,1.));
#10441 = ORIENTED_EDGE('',*,*,#10442,.F.);
#10442 = EDGE_CURVE('',#10409,#10435,#10443,.T.);
#10443 = CIRCLE('',#10444,2.4);
#10444 = AXIS2_PLACEMENT_3D('',#10445,#10446,#10447);
#10445 = CARTESIAN_POINT('',(-108.467,-12.4404,0.));
#10446 = DIRECTION('',(0.,-0.,1.));
#10447 = DIRECTION('',(0.927184248526,0.374605618332,0.));
#10448 = CYLINDRICAL_SURFACE('',#10449,2.4);
#10449 = AXIS2_PLACEMENT_3D('',#10450,#10451,#10452);
#10450 = CARTESIAN_POINT('',(-108.467,-12.4404,0.));
#10451 = DIRECTION('',(-0.,-0.,-1.));
#10452 = DIRECTION('',(0.927184248526,0.374605618332,0.));
#10453 = ADVANCED_FACE('',(#10454),#10472,.F.);
#10454 = FACE_BOUND('',#10455,.T.);
#10455 = EDGE_LOOP('',(#10456,#10464,#10465,#10466));
#10456 = ORIENTED_EDGE('',*,*,#10457,.T.);
#10457 = EDGE_CURVE('',#10458,#401,#10460,.T.);
#10458 = VERTEX_POINT('',#10459);
#10459 = CARTESIAN_POINT('',(-109.8307180257,-10.42691167469,0.));
#10460 = LINE('',#10461,#10462);
#10461 = CARTESIAN_POINT('',(-109.8307180257,-10.42691167469,0.));
#10462 = VECTOR('',#10463,1.);
#10463 = DIRECTION('',(0.,0.,1.));
#10464 = ORIENTED_EDGE('',*,*,#409,.T.);
#10465 = ORIENTED_EDGE('',*,*,#10434,.F.);
#10466 = ORIENTED_EDGE('',*,*,#10467,.F.);
#10467 = EDGE_CURVE('',#10458,#10435,#10468,.T.);
#10468 = LINE('',#10469,#10470);
#10469 = CARTESIAN_POINT('',(-109.8307180257,-10.42691167469,0.));
#10470 = VECTOR('',#10471,1.);
#10471 = DIRECTION('',(0.907578468879,0.419882510743,0.));
#10472 = PLANE('',#10473);
#10473 = AXIS2_PLACEMENT_3D('',#10474,#10475,#10476);
#10474 = CARTESIAN_POINT('',(-109.8307180257,-10.42691167469,0.));
#10475 = DIRECTION('',(0.419882510743,-0.907578468879,0.));
#10476 = DIRECTION('',(-0.907578468879,-0.419882510743,0.));
#10477 = ADVANCED_FACE('',(#10478),#10497,.T.);
#10478 = FACE_BOUND('',#10479,.F.);
#10479 = EDGE_LOOP('',(#10480,#10481,#10482,#10490));
#10480 = ORIENTED_EDGE('',*,*,#10457,.T.);
#10481 = ORIENTED_EDGE('',*,*,#400,.T.);
#10482 = ORIENTED_EDGE('',*,*,#10483,.F.);
#10483 = EDGE_CURVE('',#10484,#393,#10486,.T.);
#10484 = VERTEX_POINT('',#10485);
#10485 = CARTESIAN_POINT('',(-109.9349834506,-10.47824955731,0.));
#10486 = LINE('',#10487,#10488);
#10487 = CARTESIAN_POINT('',(-109.9349834506,-10.47824955731,0.));
#10488 = VECTOR('',#10489,1.);
#10489 = DIRECTION('',(0.,0.,1.));
#10490 = ORIENTED_EDGE('',*,*,#10491,.F.);
#10491 = EDGE_CURVE('',#10458,#10484,#10492,.T.);
#10492 = CIRCLE('',#10493,2.4);
#10493 = AXIS2_PLACEMENT_3D('',#10494,#10495,#10496);
#10494 = CARTESIAN_POINT('',(-108.823,-12.6051,0.));
#10495 = DIRECTION('',(0.,-0.,1.));
#10496 = DIRECTION('',(0.907578468879,0.419882510743,0.));
#10497 = CYLINDRICAL_SURFACE('',#10498,2.4);
#10498 = AXIS2_PLACEMENT_3D('',#10499,#10500,#10501);
#10499 = CARTESIAN_POINT('',(-108.823,-12.6051,0.));
#10500 = DIRECTION('',(-0.,-0.,-1.));
#10501 = DIRECTION('',(0.907578468879,0.419882510743,0.));
#10502 = ADVANCED_FACE('',(#10503),#10521,.F.);
#10503 = FACE_BOUND('',#10504,.T.);
#10504 = EDGE_LOOP('',(#10505,#10513,#10514,#10515));
#10505 = ORIENTED_EDGE('',*,*,#10506,.T.);
#10506 = EDGE_CURVE('',#10507,#385,#10509,.T.);
#10507 = VERTEX_POINT('',#10508);
#10508 = CARTESIAN_POINT('',(-110.1122747548,-10.57094295612,0.));
#10509 = LINE('',#10510,#10511);
#10510 = CARTESIAN_POINT('',(-110.1122747548,-10.57094295612,0.));
#10511 = VECTOR('',#10512,1.);
#10512 = DIRECTION('',(0.,0.,1.));
#10513 = ORIENTED_EDGE('',*,*,#392,.T.);
#10514 = ORIENTED_EDGE('',*,*,#10483,.F.);
#10515 = ORIENTED_EDGE('',*,*,#10516,.F.);
#10516 = EDGE_CURVE('',#10507,#10484,#10517,.T.);
#10517 = LINE('',#10518,#10519);
#10518 = CARTESIAN_POINT('',(-110.1539834506,-10.59274955731,0.));
#10519 = VECTOR('',#10520,1.);
#10520 = DIRECTION('',(0.886187684451,0.463326437761,0.));
#10521 = PLANE('',#10522);
#10522 = AXIS2_PLACEMENT_3D('',#10523,#10524,#10525);
#10523 = CARTESIAN_POINT('',(-110.1122747548,-10.57094295612,0.));
#10524 = DIRECTION('',(0.463326437761,-0.886187684451,0.));
#10525 = DIRECTION('',(-0.886187684451,-0.463326437761,0.));
#10526 = ADVANCED_FACE('',(#10527),#10545,.F.);
#10527 = FACE_BOUND('',#10528,.T.);
#10528 = EDGE_LOOP('',(#10529,#10537,#10538,#10539));
#10529 = ORIENTED_EDGE('',*,*,#10530,.T.);
#10530 = EDGE_CURVE('',#10531,#376,#10533,.T.);
#10531 = VERTEX_POINT('',#10532);
#10532 = CARTESIAN_POINT('',(-110.291743177,-10.65598835257,0.));
#10533 = LINE('',#10534,#10535);
#10534 = CARTESIAN_POINT('',(-110.291743177,-10.65598835257,0.));
#10535 = VECTOR('',#10536,1.);
#10536 = DIRECTION('',(0.,0.,1.));
#10537 = ORIENTED_EDGE('',*,*,#384,.T.);
#10538 = ORIENTED_EDGE('',*,*,#10506,.F.);
#10539 = ORIENTED_EDGE('',*,*,#10540,.F.);
#10540 = EDGE_CURVE('',#10531,#10507,#10541,.T.);
#10541 = LINE('',#10542,#10543);
#10542 = CARTESIAN_POINT('',(-110.291743177,-10.65598835257,0.));
#10543 = VECTOR('',#10544,1.);
#10544 = DIRECTION('',(0.903671519759,0.428226323778,0.));
#10545 = PLANE('',#10546);
#10546 = AXIS2_PLACEMENT_3D('',#10547,#10548,#10549);
#10547 = CARTESIAN_POINT('',(-110.291743177,-10.65598835257,0.));
#10548 = DIRECTION('',(0.428226323778,-0.903671519759,0.));
#10549 = DIRECTION('',(-0.903671519759,-0.428226323778,0.));
#10550 = ADVANCED_FACE('',(#10551),#10570,.T.);
#10551 = FACE_BOUND('',#10552,.F.);
#10552 = EDGE_LOOP('',(#10553,#10554,#10555,#10563));
#10553 = ORIENTED_EDGE('',*,*,#10530,.T.);
#10554 = ORIENTED_EDGE('',*,*,#375,.T.);
#10555 = ORIENTED_EDGE('',*,*,#10556,.F.);
#10556 = EDGE_CURVE('',#10557,#368,#10559,.T.);
#10557 = VERTEX_POINT('',#10558);
#10558 = CARTESIAN_POINT('',(-110.4053639013,-10.71357086872,0.));
#10559 = LINE('',#10560,#10561);
#10560 = CARTESIAN_POINT('',(-110.4053639013,-10.71357086872,0.));
#10561 = VECTOR('',#10562,1.);
#10562 = DIRECTION('',(0.,0.,1.));
#10563 = ORIENTED_EDGE('',*,*,#10564,.F.);
#10564 = EDGE_CURVE('',#10531,#10557,#10565,.T.);
#10565 = CIRCLE('',#10566,2.4);
#10566 = AXIS2_PLACEMENT_3D('',#10567,#10568,#10569);
#10567 = CARTESIAN_POINT('',(-109.264,-12.8248,0.));
#10568 = DIRECTION('',(0.,-0.,1.));
#10569 = DIRECTION('',(0.903671519759,0.428226323778,0.));
#10570 = CYLINDRICAL_SURFACE('',#10571,2.4);
#10571 = AXIS2_PLACEMENT_3D('',#10572,#10573,#10574);
#10572 = CARTESIAN_POINT('',(-109.264,-12.8248,0.));
#10573 = DIRECTION('',(-0.,-0.,-1.));
#10574 = DIRECTION('',(0.903671519759,0.428226323778,0.));
#10575 = ADVANCED_FACE('',(#10576),#10594,.F.);
#10576 = FACE_BOUND('',#10577,.T.);
#10577 = EDGE_LOOP('',(#10578,#10586,#10587,#10588));
#10578 = ORIENTED_EDGE('',*,*,#10579,.T.);
#10579 = EDGE_CURVE('',#10580,#359,#10582,.T.);
#10580 = VERTEX_POINT('',#10581);
#10581 = CARTESIAN_POINT('',(-111.0873639013,-11.08227086872,0.));
#10582 = LINE('',#10583,#10584);
#10583 = CARTESIAN_POINT('',(-111.0873639013,-11.08227086872,0.));
#10584 = VECTOR('',#10585,1.);
#10585 = DIRECTION('',(0.,0.,1.));
#10586 = ORIENTED_EDGE('',*,*,#367,.T.);
#10587 = ORIENTED_EDGE('',*,*,#10556,.F.);
#10588 = ORIENTED_EDGE('',*,*,#10589,.F.);
#10589 = EDGE_CURVE('',#10580,#10557,#10590,.T.);
#10590 = LINE('',#10591,#10592);
#10591 = CARTESIAN_POINT('',(-111.0873639013,-11.08227086872,0.));
#10592 = VECTOR('',#10593,1.);
#10593 = DIRECTION('',(0.879678804699,0.475568292218,0.));
#10594 = PLANE('',#10595);
#10595 = AXIS2_PLACEMENT_3D('',#10596,#10597,#10598);
#10596 = CARTESIAN_POINT('',(-111.0873639013,-11.08227086872,0.));
#10597 = DIRECTION('',(0.475568292218,-0.879678804699,0.));
#10598 = DIRECTION('',(-0.879678804699,-0.475568292218,0.));
#10599 = ADVANCED_FACE('',(#10600),#10619,.T.);
#10600 = FACE_BOUND('',#10601,.F.);
#10601 = EDGE_LOOP('',(#10602,#10603,#10604,#10612));
#10602 = ORIENTED_EDGE('',*,*,#10579,.T.);
#10603 = ORIENTED_EDGE('',*,*,#358,.T.);
#10604 = ORIENTED_EDGE('',*,*,#10605,.F.);
#10605 = EDGE_CURVE('',#10606,#351,#10608,.T.);
#10606 = VERTEX_POINT('',#10607);
#10607 = CARTESIAN_POINT('',(-111.1879729481,-11.13984394405,0.));
#10608 = LINE('',#10609,#10610);
#10609 = CARTESIAN_POINT('',(-111.1879729481,-11.13984394405,0.));
#10610 = VECTOR('',#10611,1.);
#10611 = DIRECTION('',(0.,0.,1.));
#10612 = ORIENTED_EDGE('',*,*,#10613,.F.);
#10613 = EDGE_CURVE('',#10580,#10606,#10614,.T.);
#10614 = CIRCLE('',#10615,2.4);
#10615 = AXIS2_PLACEMENT_3D('',#10616,#10617,#10618);
#10616 = CARTESIAN_POINT('',(-109.946,-13.1935,0.));
#10617 = DIRECTION('',(0.,-0.,1.));
#10618 = DIRECTION('',(0.879678804699,0.475568292218,0.));
#10619 = CYLINDRICAL_SURFACE('',#10620,2.4);
#10620 = AXIS2_PLACEMENT_3D('',#10621,#10622,#10623);
#10621 = CARTESIAN_POINT('',(-109.946,-13.1935,0.));
#10622 = DIRECTION('',(-0.,-0.,-1.));
#10623 = DIRECTION('',(0.879678804699,0.475568292218,0.));
#10624 = ADVANCED_FACE('',(#10625),#10643,.F.);
#10625 = FACE_BOUND('',#10626,.T.);
#10626 = EDGE_LOOP('',(#10627,#10635,#10636,#10637));
#10627 = ORIENTED_EDGE('',*,*,#10628,.T.);
#10628 = EDGE_CURVE('',#10629,#342,#10631,.T.);
#10629 = VERTEX_POINT('',#10630);
#10630 = CARTESIAN_POINT('',(-111.5239729481,-11.34304394405,0.));
#10631 = LINE('',#10632,#10633);
#10632 = CARTESIAN_POINT('',(-111.5239729481,-11.34304394405,0.));
#10633 = VECTOR('',#10634,1.);
#10634 = DIRECTION('',(0.,0.,1.));
#10635 = ORIENTED_EDGE('',*,*,#350,.T.);
#10636 = ORIENTED_EDGE('',*,*,#10605,.F.);
#10637 = ORIENTED_EDGE('',*,*,#10638,.F.);
#10638 = EDGE_CURVE('',#10629,#10606,#10639,.T.);
#10639 = LINE('',#10640,#10641);
#10640 = CARTESIAN_POINT('',(-111.5239729481,-11.34304394405,0.));
#10641 = VECTOR('',#10642,1.);
#10642 = DIRECTION('',(0.855690023312,0.517488728384,0.));
#10643 = PLANE('',#10644);
#10644 = AXIS2_PLACEMENT_3D('',#10645,#10646,#10647);
#10645 = CARTESIAN_POINT('',(-111.5239729481,-11.34304394405,0.));
#10646 = DIRECTION('',(0.517488728384,-0.855690023312,0.));
#10647 = DIRECTION('',(-0.855690023312,-0.517488728384,0.));
#10648 = ADVANCED_FACE('',(#10649),#10668,.T.);
#10649 = FACE_BOUND('',#10650,.F.);
#10650 = EDGE_LOOP('',(#10651,#10652,#10653,#10661));
#10651 = ORIENTED_EDGE('',*,*,#10628,.T.);
#10652 = ORIENTED_EDGE('',*,*,#341,.T.);
#10653 = ORIENTED_EDGE('',*,*,#10654,.F.);
#10654 = EDGE_CURVE('',#10655,#334,#10657,.T.);
#10655 = VERTEX_POINT('',#10656);
#10656 = CARTESIAN_POINT('',(-111.6240637286,-11.40701033871,0.));
#10657 = LINE('',#10658,#10659);
#10658 = CARTESIAN_POINT('',(-111.6240637286,-11.40701033871,0.));
#10659 = VECTOR('',#10660,1.);
#10660 = DIRECTION('',(0.,0.,1.));
#10661 = ORIENTED_EDGE('',*,*,#10662,.F.);
#10662 = EDGE_CURVE('',#10629,#10655,#10663,.T.);
#10663 = CIRCLE('',#10664,2.4);
#10664 = AXIS2_PLACEMENT_3D('',#10665,#10666,#10667);
#10665 = CARTESIAN_POINT('',(-110.282,-13.3967,0.));
#10666 = DIRECTION('',(0.,-0.,1.));
#10667 = DIRECTION('',(0.855690023312,0.517488728384,0.));
#10668 = CYLINDRICAL_SURFACE('',#10669,2.4);
#10669 = AXIS2_PLACEMENT_3D('',#10670,#10671,#10672);
#10670 = CARTESIAN_POINT('',(-110.282,-13.3967,0.));
#10671 = DIRECTION('',(-0.,-0.,-1.));
#10672 = DIRECTION('',(0.855690023312,0.517488728384,0.));
#10673 = ADVANCED_FACE('',(#10674),#10692,.F.);
#10674 = FACE_BOUND('',#10675,.T.);
#10675 = EDGE_LOOP('',(#10676,#10684,#10685,#10686));
#10676 = ORIENTED_EDGE('',*,*,#10677,.T.);
#10677 = EDGE_CURVE('',#10678,#325,#10680,.T.);
#10678 = VERTEX_POINT('',#10679);
#10679 = CARTESIAN_POINT('',(-127.7160637286,-22.26121033871,0.));
#10680 = LINE('',#10681,#10682);
#10681 = CARTESIAN_POINT('',(-127.7160637286,-22.26121033871,0.));
#10682 = VECTOR('',#10683,1.);
#10683 = DIRECTION('',(0.,0.,1.));
#10684 = ORIENTED_EDGE('',*,*,#333,.T.);
#10685 = ORIENTED_EDGE('',*,*,#10654,.F.);
#10686 = ORIENTED_EDGE('',*,*,#10687,.F.);
#10687 = EDGE_CURVE('',#10678,#10655,#10688,.T.);
#10688 = LINE('',#10689,#10690);
#10689 = CARTESIAN_POINT('',(-127.7160637286,-22.26121033871,0.));
#10690 = VECTOR('',#10691,1.);
#10691 = DIRECTION('',(0.829037358869,0.559193220273,0.));
#10692 = PLANE('',#10693);
#10693 = AXIS2_PLACEMENT_3D('',#10694,#10695,#10696);
#10694 = CARTESIAN_POINT('',(-127.7160637286,-22.26121033871,0.));
#10695 = DIRECTION('',(0.559193220273,-0.829037358869,0.));
#10696 = DIRECTION('',(-0.829037358869,-0.559193220273,0.));
#10697 = ADVANCED_FACE('',(#10698),#10717,.T.);
#10698 = FACE_BOUND('',#10699,.F.);
#10699 = EDGE_LOOP('',(#10700,#10701,#10702,#10710));
#10700 = ORIENTED_EDGE('',*,*,#10677,.T.);
#10701 = ORIENTED_EDGE('',*,*,#324,.T.);
#10702 = ORIENTED_EDGE('',*,*,#10703,.F.);
#10703 = EDGE_CURVE('',#10704,#317,#10706,.T.);
#10704 = VERTEX_POINT('',#10705);
#10705 = CARTESIAN_POINT('',(-127.9045946677,-22.40231135912,0.));
#10706 = LINE('',#10707,#10708);
#10707 = CARTESIAN_POINT('',(-127.9045946677,-22.40231135912,0.));
#10708 = VECTOR('',#10709,1.);
#10709 = DIRECTION('',(0.,0.,1.));
#10710 = ORIENTED_EDGE('',*,*,#10711,.F.);
#10711 = EDGE_CURVE('',#10678,#10704,#10712,.T.);
#10712 = CIRCLE('',#10713,2.4);
#10713 = AXIS2_PLACEMENT_3D('',#10714,#10715,#10716);
#10714 = CARTESIAN_POINT('',(-126.374,-24.2509,0.));
#10715 = DIRECTION('',(0.,-0.,1.));
#10716 = DIRECTION('',(0.829037358869,0.559193220273,0.));
#10717 = CYLINDRICAL_SURFACE('',#10718,2.4);
#10718 = AXIS2_PLACEMENT_3D('',#10719,#10720,#10721);
#10719 = CARTESIAN_POINT('',(-126.374,-24.2509,0.));
#10720 = DIRECTION('',(-0.,-0.,-1.));
#10721 = DIRECTION('',(0.829037358869,0.559193220273,0.));
#10722 = ADVANCED_FACE('',(#10723),#10741,.F.);
#10723 = FACE_BOUND('',#10724,.T.);
#10724 = EDGE_LOOP('',(#10725,#10733,#10734,#10735));
#10725 = ORIENTED_EDGE('',*,*,#10726,.T.);
#10726 = EDGE_CURVE('',#10727,#308,#10729,.T.);
#10727 = VERTEX_POINT('',#10728);
#10728 = CARTESIAN_POINT('',(-128.5085946677,-22.90241135912,0.));
#10729 = LINE('',#10730,#10731);
#10730 = CARTESIAN_POINT('',(-128.5085946677,-22.90241135912,0.));
#10731 = VECTOR('',#10732,1.);
#10732 = DIRECTION('',(0.,0.,1.));
#10733 = ORIENTED_EDGE('',*,*,#316,.T.);
#10734 = ORIENTED_EDGE('',*,*,#10703,.F.);
#10735 = ORIENTED_EDGE('',*,*,#10736,.F.);
#10736 = EDGE_CURVE('',#10727,#10704,#10737,.T.);
#10737 = LINE('',#10738,#10739);
#10738 = CARTESIAN_POINT('',(-128.5085946677,-22.90241135912,0.));
#10739 = VECTOR('',#10740,1.);
#10740 = DIRECTION('',(0.77024526703,0.637747778215,0.));
#10741 = PLANE('',#10742);
#10742 = AXIS2_PLACEMENT_3D('',#10743,#10744,#10745);
#10743 = CARTESIAN_POINT('',(-128.5085946677,-22.90241135912,0.));
#10744 = DIRECTION('',(0.637747778215,-0.77024526703,0.));
#10745 = DIRECTION('',(-0.77024526703,-0.637747778215,0.));
#10746 = ADVANCED_FACE('',(#10747),#10766,.T.);
#10747 = FACE_BOUND('',#10748,.F.);
#10748 = EDGE_LOOP('',(#10749,#10750,#10751,#10759));
#10749 = ORIENTED_EDGE('',*,*,#10726,.T.);
#10750 = ORIENTED_EDGE('',*,*,#307,.T.);
#10751 = ORIENTED_EDGE('',*,*,#10752,.F.);
#10752 = EDGE_CURVE('',#10753,#300,#10755,.T.);
#10753 = VERTEX_POINT('',#10754);
#10754 = CARTESIAN_POINT('',(-128.8395404319,-23.23618409694,0.));
#10755 = LINE('',#10756,#10757);
#10756 = CARTESIAN_POINT('',(-128.8395404319,-23.23618409694,0.));
#10757 = VECTOR('',#10758,1.);
#10758 = DIRECTION('',(0.,0.,1.));
#10759 = ORIENTED_EDGE('',*,*,#10760,.F.);
#10760 = EDGE_CURVE('',#10727,#10753,#10761,.T.);
#10761 = CIRCLE('',#10762,2.4);
#10762 = AXIS2_PLACEMENT_3D('',#10763,#10764,#10765);
#10763 = CARTESIAN_POINT('',(-126.978,-24.751,0.));
#10764 = DIRECTION('',(0.,-0.,1.));
#10765 = DIRECTION('',(0.77024526703,0.637747778215,0.));
#10766 = CYLINDRICAL_SURFACE('',#10767,2.4);
#10767 = AXIS2_PLACEMENT_3D('',#10768,#10769,#10770);
#10768 = CARTESIAN_POINT('',(-126.978,-24.751,0.));
#10769 = DIRECTION('',(-0.,-0.,-1.));
#10770 = DIRECTION('',(0.77024526703,0.637747778215,0.));
#10771 = ADVANCED_FACE('',(#10772),#10790,.F.);
#10772 = FACE_BOUND('',#10773,.T.);
#10773 = EDGE_LOOP('',(#10774,#10782,#10783,#10784));
#10774 = ORIENTED_EDGE('',*,*,#10775,.T.);
#10775 = EDGE_CURVE('',#10776,#291,#10778,.T.);
#10776 = VERTEX_POINT('',#10777);
#10777 = CARTESIAN_POINT('',(-129.3345404319,-23.84448409694,0.));
#10778 = LINE('',#10779,#10780);
#10779 = CARTESIAN_POINT('',(-129.3345404319,-23.84448409694,0.));
#10780 = VECTOR('',#10781,1.);
#10781 = DIRECTION('',(0.,0.,1.));
#10782 = ORIENTED_EDGE('',*,*,#299,.T.);
#10783 = ORIENTED_EDGE('',*,*,#10752,.F.);
#10784 = ORIENTED_EDGE('',*,*,#10785,.F.);
#10785 = EDGE_CURVE('',#10776,#10753,#10786,.T.);
#10786 = LINE('',#10787,#10788);
#10787 = CARTESIAN_POINT('',(-129.3345404319,-23.84448409694,0.));
#10788 = VECTOR('',#10789,1.);
#10789 = DIRECTION('',(0.631173292938,0.775641846655,0.));
#10790 = PLANE('',#10791);
#10791 = AXIS2_PLACEMENT_3D('',#10792,#10793,#10794);
#10792 = CARTESIAN_POINT('',(-129.3345404319,-23.84448409694,0.));
#10793 = DIRECTION('',(0.775641846655,-0.631173292938,0.));
#10794 = DIRECTION('',(-0.631173292938,-0.775641846655,0.));
#10795 = ADVANCED_FACE('',(#10796),#10815,.T.);
#10796 = FACE_BOUND('',#10797,.F.);
#10797 = EDGE_LOOP('',(#10798,#10799,#10800,#10808));
#10798 = ORIENTED_EDGE('',*,*,#10775,.T.);
#10799 = ORIENTED_EDGE('',*,*,#290,.T.);
#10800 = ORIENTED_EDGE('',*,*,#10801,.F.);
#10801 = EDGE_CURVE('',#10802,#283,#10804,.T.);
#10802 = VERTEX_POINT('',#10803);
#10803 = CARTESIAN_POINT('',(-129.5940761133,-24.23634135371,0.));
#10804 = LINE('',#10805,#10806);
#10805 = CARTESIAN_POINT('',(-129.5940761133,-24.23634135371,0.));
#10806 = VECTOR('',#10807,1.);
#10807 = DIRECTION('',(0.,0.,1.));
#10808 = ORIENTED_EDGE('',*,*,#10809,.F.);
#10809 = EDGE_CURVE('',#10776,#10802,#10810,.T.);
#10810 = CIRCLE('',#10811,2.4);
#10811 = AXIS2_PLACEMENT_3D('',#10812,#10813,#10814);
#10812 = CARTESIAN_POINT('',(-127.473,-25.3593,0.));
#10813 = DIRECTION('',(0.,-0.,1.));
#10814 = DIRECTION('',(0.631173292938,0.775641846655,0.));
#10815 = CYLINDRICAL_SURFACE('',#10816,2.4);
#10816 = AXIS2_PLACEMENT_3D('',#10817,#10818,#10819);
#10817 = CARTESIAN_POINT('',(-127.473,-25.3593,0.));
#10818 = DIRECTION('',(-0.,-0.,-1.));
#10819 = DIRECTION('',(0.631173292938,0.775641846655,0.));
#10820 = ADVANCED_FACE('',(#10821),#10839,.F.);
#10821 = FACE_BOUND('',#10822,.T.);
#10822 = EDGE_LOOP('',(#10823,#10831,#10832,#10833));
#10823 = ORIENTED_EDGE('',*,*,#10824,.T.);
#10824 = EDGE_CURVE('',#10825,#274,#10827,.T.);
#10825 = VERTEX_POINT('',#10826);
#10826 = CARTESIAN_POINT('',(-129.9610761133,-24.92954135371,0.));
#10827 = LINE('',#10828,#10829);
#10828 = CARTESIAN_POINT('',(-129.9610761133,-24.92954135371,0.));
#10829 = VECTOR('',#10830,1.);
#10830 = DIRECTION('',(0.,0.,1.));
#10831 = ORIENTED_EDGE('',*,*,#282,.T.);
#10832 = ORIENTED_EDGE('',*,*,#10801,.F.);
#10833 = ORIENTED_EDGE('',*,*,#10834,.F.);
#10834 = EDGE_CURVE('',#10825,#10802,#10835,.T.);
#10835 = LINE('',#10836,#10837);
#10836 = CARTESIAN_POINT('',(-129.9610761133,-24.92954135371,0.));
#10837 = VECTOR('',#10838,1.);
#10838 = DIRECTION('',(0.467899435954,0.883781713906,0.));
#10839 = PLANE('',#10840);
#10840 = AXIS2_PLACEMENT_3D('',#10841,#10842,#10843);
#10841 = CARTESIAN_POINT('',(-129.9610761133,-24.92954135371,0.));
#10842 = DIRECTION('',(0.883781713906,-0.467899435954,0.));
#10843 = DIRECTION('',(-0.467899435954,-0.883781713906,0.));
#10844 = ADVANCED_FACE('',(#10845),#10864,.T.);
#10845 = FACE_BOUND('',#10846,.F.);
#10846 = EDGE_LOOP('',(#10847,#10848,#10849,#10857));
#10847 = ORIENTED_EDGE('',*,*,#10824,.T.);
#10848 = ORIENTED_EDGE('',*,*,#273,.T.);
#10849 = ORIENTED_EDGE('',*,*,#10850,.F.);
#10850 = EDGE_CURVE('',#10851,#266,#10853,.T.);
#10851 = VERTEX_POINT('',#10852);
#10852 = CARTESIAN_POINT('',(-130.1399759124,-25.36685373385,0.));
#10853 = LINE('',#10854,#10855);
#10854 = CARTESIAN_POINT('',(-130.1399759124,-25.36685373385,0.));
#10855 = VECTOR('',#10856,1.);
#10856 = DIRECTION('',(0.,0.,1.));
#10857 = ORIENTED_EDGE('',*,*,#10858,.F.);
#10858 = EDGE_CURVE('',#10825,#10851,#10859,.T.);
#10859 = CIRCLE('',#10860,2.4);
#10860 = AXIS2_PLACEMENT_3D('',#10861,#10862,#10863);
#10861 = CARTESIAN_POINT('',(-127.84,-26.0525,0.));
#10862 = DIRECTION('',(0.,-0.,1.));
#10863 = DIRECTION('',(0.467899435954,0.883781713906,0.));
#10864 = CYLINDRICAL_SURFACE('',#10865,2.4);
#10865 = AXIS2_PLACEMENT_3D('',#10866,#10867,#10868);
#10866 = CARTESIAN_POINT('',(-127.84,-26.0525,0.));
#10867 = DIRECTION('',(-0.,-0.,-1.));
#10868 = DIRECTION('',(0.467899435954,0.883781713906,0.));
#10869 = ADVANCED_FACE('',(#10870),#10888,.F.);
#10870 = FACE_BOUND('',#10871,.T.);
#10871 = EDGE_LOOP('',(#10872,#10880,#10881,#10882));
#10872 = ORIENTED_EDGE('',*,*,#10873,.T.);
#10873 = EDGE_CURVE('',#10874,#257,#10876,.T.);
#10874 = VERTEX_POINT('',#10875);
#10875 = CARTESIAN_POINT('',(-130.3639759124,-26.11825373385,0.));
#10876 = LINE('',#10877,#10878);
#10877 = CARTESIAN_POINT('',(-130.3639759124,-26.11825373385,0.));
#10878 = VECTOR('',#10879,1.);
#10879 = DIRECTION('',(0.,0.,1.));
#10880 = ORIENTED_EDGE('',*,*,#265,.T.);
#10881 = ORIENTED_EDGE('',*,*,#10850,.F.);
#10882 = ORIENTED_EDGE('',*,*,#10883,.F.);
#10883 = EDGE_CURVE('',#10874,#10851,#10884,.T.);
#10884 = LINE('',#10885,#10886);
#10885 = CARTESIAN_POINT('',(-130.3639759124,-26.11825373385,0.));
#10886 = VECTOR('',#10887,1.);
#10887 = DIRECTION('',(0.285685944228,0.958323296842,0.));
#10888 = PLANE('',#10889);
#10889 = AXIS2_PLACEMENT_3D('',#10890,#10891,#10892);
#10890 = CARTESIAN_POINT('',(-130.3639759124,-26.11825373385,0.));
#10891 = DIRECTION('',(0.958323296842,-0.285685944228,0.));
#10892 = DIRECTION('',(-0.285685944228,-0.958323296842,0.));
#10893 = ADVANCED_FACE('',(#10894),#10913,.T.);
#10894 = FACE_BOUND('',#10895,.F.);
#10895 = EDGE_LOOP('',(#10896,#10897,#10898,#10906));
#10896 = ORIENTED_EDGE('',*,*,#10873,.T.);
#10897 = ORIENTED_EDGE('',*,*,#256,.T.);
#10898 = ORIENTED_EDGE('',*,*,#10899,.F.);
#10899 = EDGE_CURVE('',#10900,#249,#10902,.T.);
#10900 = VERTEX_POINT('',#10901);
#10901 = CARTESIAN_POINT('',(-130.453576296,-26.58046068962,0.));
#10902 = LINE('',#10903,#10904);
#10903 = CARTESIAN_POINT('',(-130.453576296,-26.58046068962,0.));
#10904 = VECTOR('',#10905,1.);
#10905 = DIRECTION('',(0.,0.,1.));
#10906 = ORIENTED_EDGE('',*,*,#10907,.F.);
#10907 = EDGE_CURVE('',#10874,#10900,#10908,.T.);
#10908 = CIRCLE('',#10909,2.4);
#10909 = AXIS2_PLACEMENT_3D('',#10910,#10911,#10912);
#10910 = CARTESIAN_POINT('',(-128.064,-26.8039,0.));
#10911 = DIRECTION('',(0.,-0.,1.));
#10912 = DIRECTION('',(0.285685944228,0.958323296842,0.));
#10913 = CYLINDRICAL_SURFACE('',#10914,2.4);
#10914 = AXIS2_PLACEMENT_3D('',#10915,#10916,#10917);
#10915 = CARTESIAN_POINT('',(-128.064,-26.8039,0.));
#10916 = DIRECTION('',(-0.,-0.,-1.));
#10917 = DIRECTION('',(0.285685944228,0.958323296842,0.));
#10918 = ADVANCED_FACE('',(#10919),#10937,.F.);
#10919 = FACE_BOUND('',#10920,.T.);
#10920 = EDGE_LOOP('',(#10921,#10929,#10930,#10931));
#10921 = ORIENTED_EDGE('',*,*,#10922,.T.);
#10922 = EDGE_CURVE('',#10923,#240,#10925,.T.);
#10923 = VERTEX_POINT('',#10924);
#10924 = CARTESIAN_POINT('',(-130.526576296,-27.36116068962,0.));
#10925 = LINE('',#10926,#10927);
#10926 = CARTESIAN_POINT('',(-130.526576296,-27.36116068962,0.));
#10927 = VECTOR('',#10928,1.);
#10928 = DIRECTION('',(0.,0.,1.));
#10929 = ORIENTED_EDGE('',*,*,#248,.T.);
#10930 = ORIENTED_EDGE('',*,*,#10899,.F.);
#10931 = ORIENTED_EDGE('',*,*,#10932,.F.);
#10932 = EDGE_CURVE('',#10923,#10900,#10933,.T.);
#10933 = LINE('',#10934,#10935);
#10934 = CARTESIAN_POINT('',(-130.526576296,-27.36116068962,0.));
#10935 = VECTOR('',#10936,1.);
#10936 = DIRECTION('',(9.309971265673E-02,0.995656790015,0.));
#10937 = PLANE('',#10938);
#10938 = AXIS2_PLACEMENT_3D('',#10939,#10940,#10941);
#10939 = CARTESIAN_POINT('',(-130.526576296,-27.36116068962,0.));
#10940 = DIRECTION('',(0.995656790015,-9.309971265673E-02,0.));
#10941 = DIRECTION('',(-9.309971265673E-02,-0.995656790015,0.));
#10942 = ADVANCED_FACE('',(#10943),#10962,.T.);
#10943 = FACE_BOUND('',#10944,.F.);
#10944 = EDGE_LOOP('',(#10945,#10946,#10947,#10955));
#10945 = ORIENTED_EDGE('',*,*,#10922,.T.);
#10946 = ORIENTED_EDGE('',*,*,#239,.T.);
#10947 = ORIENTED_EDGE('',*,*,#10948,.F.);
#10948 = EDGE_CURVE('',#10949,#232,#10951,.T.);
#10949 = VERTEX_POINT('',#10950);
#10950 = CARTESIAN_POINT('',(-130.5244754526,-27.82946927719,0.));
#10951 = LINE('',#10952,#10953);
#10952 = CARTESIAN_POINT('',(-130.5244754526,-27.82946927719,0.));
#10953 = VECTOR('',#10954,1.);
#10954 = DIRECTION('',(0.,0.,1.));
#10955 = ORIENTED_EDGE('',*,*,#10956,.F.);
#10956 = EDGE_CURVE('',#10923,#10949,#10957,.T.);
#10957 = CIRCLE('',#10958,2.4);
#10958 = AXIS2_PLACEMENT_3D('',#10959,#10960,#10961);
#10959 = CARTESIAN_POINT('',(-128.137,-27.5846,0.));
#10960 = DIRECTION('',(0.,-0.,1.));
#10961 = DIRECTION('',(9.309971265673E-02,0.995656790015,0.));
#10962 = CYLINDRICAL_SURFACE('',#10963,2.4);
#10963 = AXIS2_PLACEMENT_3D('',#10964,#10965,#10966);
#10964 = CARTESIAN_POINT('',(-128.137,-27.5846,0.));
#10965 = DIRECTION('',(-0.,-0.,-1.));
#10966 = DIRECTION('',(9.309971265673E-02,0.995656790015,0.));
#10967 = ADVANCED_FACE('',(#10968),#10986,.F.);
#10968 = FACE_BOUND('',#10969,.T.);
#10969 = EDGE_LOOP('',(#10970,#10978,#10979,#10980));
#10970 = ORIENTED_EDGE('',*,*,#10971,.T.);
#10971 = EDGE_CURVE('',#10972,#223,#10974,.T.);
#10972 = VERTEX_POINT('',#10973);
#10973 = CARTESIAN_POINT('',(-130.4444754526,-28.60946927719,0.));
#10974 = LINE('',#10975,#10976);
#10975 = CARTESIAN_POINT('',(-130.4444754526,-28.60946927719,0.));
#10976 = VECTOR('',#10977,1.);
#10977 = DIRECTION('',(0.,0.,1.));
#10978 = ORIENTED_EDGE('',*,*,#231,.T.);
#10979 = ORIENTED_EDGE('',*,*,#10948,.F.);
#10980 = ORIENTED_EDGE('',*,*,#10981,.F.);
#10981 = EDGE_CURVE('',#10972,#10949,#10982,.T.);
#10982 = LINE('',#10983,#10984);
#10983 = CARTESIAN_POINT('',(-130.4444754526,-28.60946927719,0.));
#10984 = VECTOR('',#10985,1.);
#10985 = DIRECTION('',(-0.102028865499,0.994781438611,0.));
#10986 = PLANE('',#10987);
#10987 = AXIS2_PLACEMENT_3D('',#10988,#10989,#10990);
#10988 = CARTESIAN_POINT('',(-130.4444754526,-28.60946927719,0.));
#10989 = DIRECTION('',(0.994781438611,0.102028865499,0.));
#10990 = DIRECTION('',(0.102028865499,-0.994781438611,0.));
#10991 = ADVANCED_FACE('',(#10992),#11011,.T.);
#10992 = FACE_BOUND('',#10993,.F.);
#10993 = EDGE_LOOP('',(#10994,#10995,#10996,#11004));
#10994 = ORIENTED_EDGE('',*,*,#10971,.T.);
#10995 = ORIENTED_EDGE('',*,*,#222,.T.);
#10996 = ORIENTED_EDGE('',*,*,#10997,.F.);
#10997 = EDGE_CURVE('',#10998,#215,#11000,.T.);
#10998 = VERTEX_POINT('',#10999);
#10999 = CARTESIAN_POINT('',(-130.3504854361,-29.07165343087,0.));
#11000 = LINE('',#11001,#11002);
#11001 = CARTESIAN_POINT('',(-130.3504854361,-29.07165343087,0.));
#11002 = VECTOR('',#11003,1.);
#11003 = DIRECTION('',(0.,0.,1.));
#11004 = ORIENTED_EDGE('',*,*,#11005,.F.);
#11005 = EDGE_CURVE('',#10972,#10998,#11006,.T.);
#11006 = CIRCLE('',#11007,2.4);
#11007 = AXIS2_PLACEMENT_3D('',#11008,#11009,#11010);
#11008 = CARTESIAN_POINT('',(-128.057,-28.3646,0.));
#11009 = DIRECTION('',(0.,-0.,1.));
#11010 = DIRECTION('',(-0.102028865499,0.994781438611,0.));
#11011 = CYLINDRICAL_SURFACE('',#11012,2.4);
#11012 = AXIS2_PLACEMENT_3D('',#11013,#11014,#11015);
#11013 = CARTESIAN_POINT('',(-128.057,-28.3646,0.));
#11014 = DIRECTION('',(-0.,-0.,-1.));
#11015 = DIRECTION('',(-0.102028865499,0.994781438611,0.));
#11016 = ADVANCED_FACE('',(#11017),#11035,.F.);
#11017 = FACE_BOUND('',#11018,.T.);
#11018 = EDGE_LOOP('',(#11019,#11027,#11028,#11029));
#11019 = ORIENTED_EDGE('',*,*,#11020,.T.);
#11020 = EDGE_CURVE('',#11021,#206,#11023,.T.);
#11021 = VERTEX_POINT('',#11022);
#11022 = CARTESIAN_POINT('',(-130.1194854361,-29.82095343087,0.));
#11023 = LINE('',#11024,#11025);
#11024 = CARTESIAN_POINT('',(-130.1194854361,-29.82095343087,0.));
#11025 = VECTOR('',#11026,1.);
#11026 = DIRECTION('',(0.,0.,1.));
#11027 = ORIENTED_EDGE('',*,*,#214,.T.);
#11028 = ORIENTED_EDGE('',*,*,#10997,.F.);
#11029 = ORIENTED_EDGE('',*,*,#11030,.F.);
#11030 = EDGE_CURVE('',#11021,#10998,#11031,.T.);
#11031 = LINE('',#11032,#11033);
#11032 = CARTESIAN_POINT('',(-130.1194854361,-29.82095343087,0.));
#11033 = VECTOR('',#11034,1.);
#11034 = DIRECTION('',(-0.294605596197,0.955618931734,0.));
#11035 = PLANE('',#11036);
#11036 = AXIS2_PLACEMENT_3D('',#11037,#11038,#11039);
#11037 = CARTESIAN_POINT('',(-130.1194854361,-29.82095343087,0.));
#11038 = DIRECTION('',(0.955618931734,0.294605596197,0.));
#11039 = DIRECTION('',(0.294605596197,-0.955618931734,0.));
#11040 = ADVANCED_FACE('',(#11041),#11060,.T.);
#11041 = FACE_BOUND('',#11042,.F.);
#11042 = EDGE_LOOP('',(#11043,#11044,#11045,#11053));
#11043 = ORIENTED_EDGE('',*,*,#11020,.T.);
#11044 = ORIENTED_EDGE('',*,*,#205,.T.);
#11045 = ORIENTED_EDGE('',*,*,#11046,.F.);
#11046 = EDGE_CURVE('',#11047,#198,#11049,.T.);
#11047 = VERTEX_POINT('',#11048);
#11048 = CARTESIAN_POINT('',(-129.9385404961,-30.25283487617,0.));
#11049 = LINE('',#11050,#11051);
#11050 = CARTESIAN_POINT('',(-129.9385404961,-30.25283487617,0.));
#11051 = VECTOR('',#11052,1.);
#11052 = DIRECTION('',(0.,0.,1.));
#11053 = ORIENTED_EDGE('',*,*,#11054,.F.);
#11054 = EDGE_CURVE('',#11021,#11047,#11055,.T.);
#11055 = CIRCLE('',#11056,2.4);
#11056 = AXIS2_PLACEMENT_3D('',#11057,#11058,#11059);
#11057 = CARTESIAN_POINT('',(-127.826,-29.1139,0.));
#11058 = DIRECTION('',(0.,-0.,1.));
#11059 = DIRECTION('',(-0.294605596197,0.955618931734,0.));
#11060 = CYLINDRICAL_SURFACE('',#11061,2.4);
#11061 = AXIS2_PLACEMENT_3D('',#11062,#11063,#11064);
#11062 = CARTESIAN_POINT('',(-127.826,-29.1139,0.));
#11063 = DIRECTION('',(-0.,-0.,-1.));
#11064 = DIRECTION('',(-0.294605596197,0.955618931734,0.));
#11065 = ADVANCED_FACE('',(#11066),#11084,.F.);
#11066 = FACE_BOUND('',#11067,.T.);
#11067 = EDGE_LOOP('',(#11068,#11076,#11077,#11078));
#11068 = ORIENTED_EDGE('',*,*,#11069,.T.);
#11069 = EDGE_CURVE('',#11070,#189,#11072,.T.);
#11070 = VERTEX_POINT('',#11071);
#11071 = CARTESIAN_POINT('',(-129.5665404961,-30.94283487617,0.));
#11072 = LINE('',#11073,#11074);
#11073 = CARTESIAN_POINT('',(-129.5665404961,-30.94283487617,0.));
#11074 = VECTOR('',#11075,1.);
#11075 = DIRECTION('',(0.,0.,1.));
#11076 = ORIENTED_EDGE('',*,*,#197,.T.);
#11077 = ORIENTED_EDGE('',*,*,#11046,.F.);
#11078 = ORIENTED_EDGE('',*,*,#11079,.F.);
#11079 = EDGE_CURVE('',#11070,#11047,#11080,.T.);
#11080 = LINE('',#11081,#11082);
#11081 = CARTESIAN_POINT('',(-129.5665404961,-30.94283487617,0.));
#11082 = VECTOR('',#11083,1.);
#11083 = DIRECTION('',(-0.474556198408,0.880225206724,0.));
#11084 = PLANE('',#11085);
#11085 = AXIS2_PLACEMENT_3D('',#11086,#11087,#11088);
#11086 = CARTESIAN_POINT('',(-129.5665404961,-30.94283487617,0.));
#11087 = DIRECTION('',(0.880225206724,0.474556198408,0.));
#11088 = DIRECTION('',(0.474556198408,-0.880225206724,0.));
#11089 = ADVANCED_FACE('',(#11090),#11109,.T.);
#11090 = FACE_BOUND('',#11091,.F.);
#11091 = EDGE_LOOP('',(#11092,#11093,#11094,#11102));
#11092 = ORIENTED_EDGE('',*,*,#11069,.T.);
#11093 = ORIENTED_EDGE('',*,*,#188,.T.);
#11094 = ORIENTED_EDGE('',*,*,#11095,.F.);
#11095 = EDGE_CURVE('',#11096,#181,#11098,.T.);
#11096 = VERTEX_POINT('',#11097);
#11097 = CARTESIAN_POINT('',(-129.4436498571,-31.14602273882,0.));
#11098 = LINE('',#11099,#11100);
#11099 = CARTESIAN_POINT('',(-129.4436498571,-31.14602273882,0.));
#11100 = VECTOR('',#11101,1.);
#11101 = DIRECTION('',(0.,0.,1.));
#11102 = ORIENTED_EDGE('',*,*,#11103,.F.);
#11103 = EDGE_CURVE('',#11070,#11096,#11104,.T.);
#11104 = CIRCLE('',#11105,2.4);
#11105 = AXIS2_PLACEMENT_3D('',#11106,#11107,#11108);
#11106 = CARTESIAN_POINT('',(-127.454,-29.8039,0.));
#11107 = DIRECTION('',(0.,-0.,1.));
#11108 = DIRECTION('',(-0.474556198408,0.880225206724,0.));
#11109 = CYLINDRICAL_SURFACE('',#11110,2.4);
#11110 = AXIS2_PLACEMENT_3D('',#11111,#11112,#11113);
#11111 = CARTESIAN_POINT('',(-127.454,-29.8039,0.));
#11112 = DIRECTION('',(-0.,-0.,-1.));
#11113 = DIRECTION('',(-0.474556198408,0.880225206724,0.));
#11114 = ADVANCED_FACE('',(#11115),#11133,.F.);
#11115 = FACE_BOUND('',#11116,.T.);
#11116 = EDGE_LOOP('',(#11117,#11125,#11126,#11127));
#11117 = ORIENTED_EDGE('',*,*,#11118,.T.);
#11118 = EDGE_CURVE('',#11119,#172,#11121,.T.);
#11119 = VERTEX_POINT('',#11120);
#11120 = CARTESIAN_POINT('',(-117.8326498571,-48.35892273882,0.));
#11121 = LINE('',#11122,#11123);
#11122 = CARTESIAN_POINT('',(-117.8326498571,-48.35892273882,0.));
#11123 = VECTOR('',#11124,1.);
#11124 = DIRECTION('',(0.,0.,1.));
#11125 = ORIENTED_EDGE('',*,*,#180,.T.);
#11126 = ORIENTED_EDGE('',*,*,#11095,.F.);
#11127 = ORIENTED_EDGE('',*,*,#11128,.F.);
#11128 = EDGE_CURVE('',#11119,#11096,#11129,.T.);
#11129 = LINE('',#11130,#11131);
#11130 = CARTESIAN_POINT('',(-117.8326498571,-48.35892273882,0.));
#11131 = VECTOR('',#11132,1.);
#11132 = DIRECTION('',(-0.559217807842,0.8290207738,0.));
#11133 = PLANE('',#11134);
#11134 = AXIS2_PLACEMENT_3D('',#11135,#11136,#11137);
#11135 = CARTESIAN_POINT('',(-117.8326498571,-48.35892273882,0.));
#11136 = DIRECTION('',(0.8290207738,0.559217807842,0.));
#11137 = DIRECTION('',(0.559217807842,-0.8290207738,0.));
#11138 = ADVANCED_FACE('',(#11139),#11158,.T.);
#11139 = FACE_BOUND('',#11140,.F.);
#11140 = EDGE_LOOP('',(#11141,#11142,#11143,#11151));
#11141 = ORIENTED_EDGE('',*,*,#11118,.T.);
#11142 = ORIENTED_EDGE('',*,*,#171,.T.);
#11143 = ORIENTED_EDGE('',*,*,#11144,.F.);
#11144 = EDGE_CURVE('',#11145,#164,#11147,.T.);
#11145 = VERTEX_POINT('',#11146);
#11146 = CARTESIAN_POINT('',(-117.6916145071,-48.54736342699,0.));
#11147 = LINE('',#11148,#11149);
#11148 = CARTESIAN_POINT('',(-117.6916145071,-48.54736342699,0.));
#11149 = VECTOR('',#11150,1.);
#11150 = DIRECTION('',(0.,0.,1.));
#11151 = ORIENTED_EDGE('',*,*,#11152,.F.);
#11152 = EDGE_CURVE('',#11119,#11145,#11153,.T.);
#11153 = CIRCLE('',#11154,2.4);
#11154 = AXIS2_PLACEMENT_3D('',#11155,#11156,#11157);
#11155 = CARTESIAN_POINT('',(-115.843,-47.0168,0.));
#11156 = DIRECTION('',(0.,-0.,1.));
#11157 = DIRECTION('',(-0.559217807842,0.8290207738,0.));
#11158 = CYLINDRICAL_SURFACE('',#11159,2.4);
#11159 = AXIS2_PLACEMENT_3D('',#11160,#11161,#11162);
#11160 = CARTESIAN_POINT('',(-115.843,-47.0168,0.));
#11161 = DIRECTION('',(-0.,-0.,-1.));
#11162 = DIRECTION('',(-0.559217807842,0.8290207738,0.));
#11163 = ADVANCED_FACE('',(#11164),#11182,.F.);
#11164 = FACE_BOUND('',#11165,.T.);
#11165 = EDGE_LOOP('',(#11166,#11174,#11175,#11176));
#11166 = ORIENTED_EDGE('',*,*,#11167,.T.);
#11167 = EDGE_CURVE('',#11168,#155,#11170,.T.);
#11168 = VERTEX_POINT('',#11169);
#11169 = CARTESIAN_POINT('',(-117.1916145071,-49.15126342699,0.));
#11170 = LINE('',#11171,#11172);
#11171 = CARTESIAN_POINT('',(-117.1916145071,-49.15126342699,0.));
#11172 = VECTOR('',#11173,1.);
#11173 = DIRECTION('',(0.,0.,1.));
#11174 = ORIENTED_EDGE('',*,*,#163,.T.);
#11175 = ORIENTED_EDGE('',*,*,#11144,.F.);
#11176 = ORIENTED_EDGE('',*,*,#11177,.F.);
#11177 = EDGE_CURVE('',#11168,#11145,#11178,.T.);
#11178 = LINE('',#11179,#11180);
#11179 = CARTESIAN_POINT('',(-117.1916145071,-49.15126342699,0.));
#11180 = VECTOR('',#11181,1.);
#11181 = DIRECTION('',(-0.637734761248,0.770256044635,0.));
#11182 = PLANE('',#11183);
#11183 = AXIS2_PLACEMENT_3D('',#11184,#11185,#11186);
#11184 = CARTESIAN_POINT('',(-117.1916145071,-49.15126342699,0.));
#11185 = DIRECTION('',(0.770256044635,0.637734761248,0.));
#11186 = DIRECTION('',(0.637734761248,-0.770256044635,0.));
#11187 = ADVANCED_FACE('',(#11188),#11207,.T.);
#11188 = FACE_BOUND('',#11189,.F.);
#11189 = EDGE_LOOP('',(#11190,#11191,#11192,#11200));
#11190 = ORIENTED_EDGE('',*,*,#11167,.T.);
#11191 = ORIENTED_EDGE('',*,*,#154,.T.);
#11192 = ORIENTED_EDGE('',*,*,#11193,.F.);
#11193 = EDGE_CURVE('',#11194,#147,#11196,.T.);
#11194 = VERTEX_POINT('',#11195);
#11195 = CARTESIAN_POINT('',(-116.8578971735,-49.4821742957,0.));
#11196 = LINE('',#11197,#11198);
#11197 = CARTESIAN_POINT('',(-116.8578971735,-49.4821742957,0.));
#11198 = VECTOR('',#11199,1.);
#11199 = DIRECTION('',(0.,0.,1.));
#11200 = ORIENTED_EDGE('',*,*,#11201,.F.);
#11201 = EDGE_CURVE('',#11168,#11194,#11202,.T.);
#11202 = CIRCLE('',#11203,2.4);
#11203 = AXIS2_PLACEMENT_3D('',#11204,#11205,#11206);
#11204 = CARTESIAN_POINT('',(-115.343,-47.6207,0.));
#11205 = DIRECTION('',(0.,-0.,1.));
#11206 = DIRECTION('',(-0.637734761248,0.770256044635,0.));
#11207 = CYLINDRICAL_SURFACE('',#11208,2.4);
#11208 = AXIS2_PLACEMENT_3D('',#11209,#11210,#11211);
#11209 = CARTESIAN_POINT('',(-115.343,-47.6207,0.));
#11210 = DIRECTION('',(-0.,-0.,-1.));
#11211 = DIRECTION('',(-0.637734761248,0.770256044635,0.));
#11212 = ADVANCED_FACE('',(#11213),#11231,.F.);
#11213 = FACE_BOUND('',#11214,.T.);
#11214 = EDGE_LOOP('',(#11215,#11223,#11224,#11225));
#11215 = ORIENTED_EDGE('',*,*,#11216,.T.);
#11216 = EDGE_CURVE('',#11217,#138,#11219,.T.);
#11217 = VERTEX_POINT('',#11218);
#11218 = CARTESIAN_POINT('',(-116.2498971735,-49.9769742957,0.));
#11219 = LINE('',#11220,#11221);
#11220 = CARTESIAN_POINT('',(-116.2498971735,-49.9769742957,0.));
#11221 = VECTOR('',#11222,1.);
#11222 = DIRECTION('',(0.,0.,1.));
#11223 = ORIENTED_EDGE('',*,*,#146,.T.);
#11224 = ORIENTED_EDGE('',*,*,#11193,.F.);
#11225 = ORIENTED_EDGE('',*,*,#11226,.F.);
#11226 = EDGE_CURVE('',#11217,#11194,#11227,.T.);
#11227 = LINE('',#11228,#11229);
#11228 = CARTESIAN_POINT('',(-116.2498971735,-49.9769742957,0.));
#11229 = VECTOR('',#11230,1.);
#11230 = DIRECTION('',(-0.775614289878,0.631207155644,0.));
#11231 = PLANE('',#11232);
#11232 = AXIS2_PLACEMENT_3D('',#11233,#11234,#11235);
#11233 = CARTESIAN_POINT('',(-116.2498971735,-49.9769742957,0.));
#11234 = DIRECTION('',(0.631207155644,0.775614289878,0.));
#11235 = DIRECTION('',(0.775614289878,-0.631207155644,0.));
#11236 = ADVANCED_FACE('',(#11237),#11249,.T.);
#11237 = FACE_BOUND('',#11238,.F.);
#11238 = EDGE_LOOP('',(#11239,#11240,#11241,#11242));
#11239 = ORIENTED_EDGE('',*,*,#11216,.T.);
#11240 = ORIENTED_EDGE('',*,*,#137,.T.);
#11241 = ORIENTED_EDGE('',*,*,#4131,.F.);
#11242 = ORIENTED_EDGE('',*,*,#11243,.F.);
#11243 = EDGE_CURVE('',#11217,#4132,#11244,.T.);
#11244 = CIRCLE('',#11245,2.4);
#11245 = AXIS2_PLACEMENT_3D('',#11246,#11247,#11248);
#11246 = CARTESIAN_POINT('',(-114.735,-48.1155,0.));
#11247 = DIRECTION('',(0.,-0.,1.));
#11248 = DIRECTION('',(-0.775614289878,0.631207155644,0.));
#11249 = CYLINDRICAL_SURFACE('',#11250,2.4);
#11250 = AXIS2_PLACEMENT_3D('',#11251,#11252,#11253);
#11251 = CARTESIAN_POINT('',(-114.735,-48.1155,0.));
#11252 = DIRECTION('',(-0.,-0.,-1.));
#11253 = DIRECTION('',(-0.775614289878,0.631207155644,0.));
#11254 = ADVANCED_FACE('',(#11255),#11273,.F.);
#11255 = FACE_BOUND('',#11256,.T.);
#11256 = EDGE_LOOP('',(#11257,#11265,#11271,#11272));
#11257 = ORIENTED_EDGE('',*,*,#11258,.F.);
#11258 = EDGE_CURVE('',#11259,#4165,#11261,.T.);
#11259 = VERTEX_POINT('',#11260);
#11260 = CARTESIAN_POINT('',(-111.4842220752,-51.08708208331,6.1));
#11261 = LINE('',#11262,#11263);
#11262 = CARTESIAN_POINT('',(-111.5923543052,-51.09821415776,6.1));
#11263 = VECTOR('',#11264,1.);
#11264 = DIRECTION('',(-0.994742534713,-0.102407468638,-0.));
#11265 = ORIENTED_EDGE('',*,*,#11266,.T.);
#11266 = EDGE_CURVE('',#11259,#2575,#11267,.T.);
#11267 = LINE('',#11268,#11269);
#11268 = CARTESIAN_POINT('',(-111.4842220752,-51.08708208331,0.));
#11269 = VECTOR('',#11270,1.);
#11270 = DIRECTION('',(0.,0.,1.));
#11271 = ORIENTED_EDGE('',*,*,#2583,.T.);
#11272 = ORIENTED_EDGE('',*,*,#4164,.F.);
#11273 = PLANE('',#11274);
#11274 = AXIS2_PLACEMENT_3D('',#11275,#11276,#11277);
#11275 = CARTESIAN_POINT('',(-111.4842220752,-51.08708208331,0.));
#11276 = DIRECTION('',(-0.102407468638,0.994742534713,0.));
#11277 = DIRECTION('',(0.994742534713,0.102407468638,0.));
#11278 = ADVANCED_FACE('',(#11279),#11291,.T.);
#11279 = FACE_BOUND('',#11280,.F.);
#11280 = EDGE_LOOP('',(#11281,#11288,#11289,#11290));
#11281 = ORIENTED_EDGE('',*,*,#11282,.F.);
#11282 = EDGE_CURVE('',#11259,#4213,#11283,.T.);
#11283 = CIRCLE('',#11284,2.4);
#11284 = AXIS2_PLACEMENT_3D('',#11285,#11286,#11287);
#11285 = CARTESIAN_POINT('',(-111.73,-48.6997,6.1));
#11286 = DIRECTION('',(-0.,0.,1.));
#11287 = DIRECTION('',(-0.994742534713,-0.102407468638,-0.));
#11288 = ORIENTED_EDGE('',*,*,#11266,.T.);
#11289 = ORIENTED_EDGE('',*,*,#2574,.T.);
#11290 = ORIENTED_EDGE('',*,*,#4212,.F.);
#11291 = CYLINDRICAL_SURFACE('',#11292,2.4);
#11292 = AXIS2_PLACEMENT_3D('',#11293,#11294,#11295);
#11293 = CARTESIAN_POINT('',(-111.73,-48.6997,0.));
#11294 = DIRECTION('',(-0.,-0.,-1.));
#11295 = DIRECTION('',(-0.994742534713,-0.102407468638,-0.));
#11296 = ADVANCED_FACE('',(#11297),#11316,.T.);
#11297 = FACE_BOUND('',#11298,.F.);
#11298 = EDGE_LOOP('',(#11299,#11308,#11314,#11315));
#11299 = ORIENTED_EDGE('',*,*,#11300,.F.);
#11300 = EDGE_CURVE('',#11301,#9994,#11303,.T.);
#11301 = VERTEX_POINT('',#11302);
#11302 = CARTESIAN_POINT('',(-119.4761416764,6.480038986877,6.1));
#11303 = CIRCLE('',#11304,2.4);
#11304 = AXIS2_PLACEMENT_3D('',#11305,#11306,#11307);
#11305 = CARTESIAN_POINT('',(-118.78,8.77686,6.1));
#11306 = DIRECTION('',(0.,-0.,1.));
#11307 = DIRECTION('',(-0.957008755468,0.29005903185,0.));
#11308 = ORIENTED_EDGE('',*,*,#11309,.T.);
#11309 = EDGE_CURVE('',#11301,#572,#11310,.T.);
#11310 = LINE('',#11311,#11312);
#11311 = CARTESIAN_POINT('',(-119.4761416764,6.480038986877,0.));
#11312 = VECTOR('',#11313,1.);
#11313 = DIRECTION('',(0.,0.,1.));
#11314 = ORIENTED_EDGE('',*,*,#571,.T.);
#11315 = ORIENTED_EDGE('',*,*,#9993,.F.);
#11316 = CYLINDRICAL_SURFACE('',#11317,2.4);
#11317 = AXIS2_PLACEMENT_3D('',#11318,#11319,#11320);
#11318 = CARTESIAN_POINT('',(-118.78,8.77686,0.));
#11319 = DIRECTION('',(-0.,-0.,-1.));
#11320 = DIRECTION('',(-0.957008755468,0.29005903185,0.));
#11321 = ADVANCED_FACE('',(#11322),#11340,.F.);
#11322 = FACE_BOUND('',#11323,.T.);
#11323 = EDGE_LOOP('',(#11324,#11332,#11333,#11334));
#11324 = ORIENTED_EDGE('',*,*,#11325,.F.);
#11325 = EDGE_CURVE('',#11301,#11326,#11328,.T.);
#11326 = VERTEX_POINT('',#11327);
#11327 = CARTESIAN_POINT('',(-120.2271416764,6.707658986877,6.1));
#11328 = LINE('',#11329,#11330);
#11329 = CARTESIAN_POINT('',(-119.864582861,6.597771320358,6.1));
#11330 = VECTOR('',#11331,1.);
#11331 = DIRECTION('',(-0.957008755468,0.29005903185,0.));
#11332 = ORIENTED_EDGE('',*,*,#11309,.T.);
#11333 = ORIENTED_EDGE('',*,*,#580,.T.);
#11334 = ORIENTED_EDGE('',*,*,#11335,.F.);
#11335 = EDGE_CURVE('',#11326,#581,#11336,.T.);
#11336 = LINE('',#11337,#11338);
#11337 = CARTESIAN_POINT('',(-120.2271416764,6.707658986877,0.));
#11338 = VECTOR('',#11339,1.);
#11339 = DIRECTION('',(0.,0.,1.));
#11340 = PLANE('',#11341);
#11341 = AXIS2_PLACEMENT_3D('',#11342,#11343,#11344);
#11342 = CARTESIAN_POINT('',(-119.4761416764,6.480038986877,0.));
#11343 = DIRECTION('',(0.29005903185,0.957008755468,0.));
#11344 = DIRECTION('',(0.957008755468,-0.29005903185,0.));
#11345 = ADVANCED_FACE('',(#11346),#11365,.T.);
#11346 = FACE_BOUND('',#11347,.F.);
#11347 = EDGE_LOOP('',(#11348,#11357,#11363,#11364));
#11348 = ORIENTED_EDGE('',*,*,#11349,.F.);
#11349 = EDGE_CURVE('',#11350,#11326,#11352,.T.);
#11350 = VERTEX_POINT('',#11351);
#11351 = CARTESIAN_POINT('',(-120.6630495756,6.888241885236,6.1));
#11352 = CIRCLE('',#11353,2.4);
#11353 = AXIS2_PLACEMENT_3D('',#11354,#11355,#11356);
#11354 = CARTESIAN_POINT('',(-119.531,9.00448,6.1));
#11355 = DIRECTION('',(0.,-0.,1.));
#11356 = DIRECTION('',(-0.881765881152,0.471687323168,0.));
#11357 = ORIENTED_EDGE('',*,*,#11358,.T.);
#11358 = EDGE_CURVE('',#11350,#589,#11359,.T.);
#11359 = LINE('',#11360,#11361);
#11360 = CARTESIAN_POINT('',(-120.6630495756,6.888241885236,0.));
#11361 = VECTOR('',#11362,1.);
#11362 = DIRECTION('',(0.,0.,1.));
#11363 = ORIENTED_EDGE('',*,*,#588,.T.);
#11364 = ORIENTED_EDGE('',*,*,#11335,.F.);
#11365 = CYLINDRICAL_SURFACE('',#11366,2.4);
#11366 = AXIS2_PLACEMENT_3D('',#11367,#11368,#11369);
#11367 = CARTESIAN_POINT('',(-119.531,9.00448,0.));
#11368 = DIRECTION('',(-0.,-0.,-1.));
#11369 = DIRECTION('',(-0.881765881152,0.471687323168,0.));
#11370 = ADVANCED_FACE('',(#11371),#11389,.F.);
#11371 = FACE_BOUND('',#11372,.T.);
#11372 = EDGE_LOOP('',(#11373,#11381,#11382,#11383));
#11373 = ORIENTED_EDGE('',*,*,#11374,.F.);
#11374 = EDGE_CURVE('',#11350,#11375,#11377,.T.);
#11375 = VERTEX_POINT('',#11376);
#11376 = CARTESIAN_POINT('',(-121.3540495756,7.257881885236,6.1));
#11377 = LINE('',#11378,#11379);
#11378 = CARTESIAN_POINT('',(-120.6916582769,6.903545677399,6.1));
#11379 = VECTOR('',#11380,1.);
#11380 = DIRECTION('',(-0.881765881152,0.471687323168,0.));
#11381 = ORIENTED_EDGE('',*,*,#11358,.T.);
#11382 = ORIENTED_EDGE('',*,*,#597,.T.);
#11383 = ORIENTED_EDGE('',*,*,#11384,.F.);
#11384 = EDGE_CURVE('',#11375,#598,#11385,.T.);
#11385 = LINE('',#11386,#11387);
#11386 = CARTESIAN_POINT('',(-121.3540495756,7.257881885236,0.));
#11387 = VECTOR('',#11388,1.);
#11388 = DIRECTION('',(0.,0.,1.));
#11389 = PLANE('',#11390);
#11390 = AXIS2_PLACEMENT_3D('',#11391,#11392,#11393);
#11391 = CARTESIAN_POINT('',(-120.6630495756,6.888241885236,0.));
#11392 = DIRECTION('',(0.471687323168,0.881765881152,0.));
#11393 = DIRECTION('',(0.881765881152,-0.471687323168,0.));
#11394 = ADVANCED_FACE('',(#11395),#11407,.T.);
#11395 = FACE_BOUND('',#11396,.F.);
#11396 = EDGE_LOOP('',(#11397,#11404,#11405,#11406));
#11397 = ORIENTED_EDGE('',*,*,#11398,.F.);
#11398 = EDGE_CURVE('',#9937,#11375,#11399,.T.);
#11399 = CIRCLE('',#11400,2.4);
#11400 = AXIS2_PLACEMENT_3D('',#11401,#11402,#11403);
#11401 = CARTESIAN_POINT('',(-120.222,9.37412,6.1));
#11402 = DIRECTION('',(0.,-0.,1.));
#11403 = DIRECTION('',(-0.77293623288,0.634483711297,0.));
#11404 = ORIENTED_EDGE('',*,*,#9946,.T.);
#11405 = ORIENTED_EDGE('',*,*,#605,.T.);
#11406 = ORIENTED_EDGE('',*,*,#11384,.F.);
#11407 = CYLINDRICAL_SURFACE('',#11408,2.4);
#11408 = AXIS2_PLACEMENT_3D('',#11409,#11410,#11411);
#11409 = CARTESIAN_POINT('',(-120.222,9.37412,0.));
#11410 = DIRECTION('',(-0.,-0.,-1.));
#11411 = DIRECTION('',(-0.77293623288,0.634483711297,0.));
#11412 = ADVANCED_FACE('',(#11413),#11432,.T.);
#11413 = FACE_BOUND('',#11414,.F.);
#11414 = EDGE_LOOP('',(#11415,#11424,#11430,#11431));
#11415 = ORIENTED_EDGE('',*,*,#11416,.F.);
#11416 = EDGE_CURVE('',#11417,#9392,#11419,.T.);
#11417 = VERTEX_POINT('',#11418);
#11418 = CARTESIAN_POINT('',(-120.227085655,62.992337991855,6.1));
#11419 = CIRCLE('',#11420,2.4);
#11420 = AXIS2_PLACEMENT_3D('',#11421,#11422,#11423);
#11421 = CARTESIAN_POINT('',(-119.531,60.6955,6.1));
#11422 = DIRECTION('',(0.,-0.,1.));
#11423 = DIRECTION('',(0.957015829939,0.290035689606,0.));
#11424 = ORIENTED_EDGE('',*,*,#11425,.T.);
#11425 = EDGE_CURVE('',#11417,#810,#11426,.T.);
#11426 = LINE('',#11427,#11428);
#11427 = CARTESIAN_POINT('',(-120.227085655,62.992337991855,0.));
#11428 = VECTOR('',#11429,1.);
#11429 = DIRECTION('',(0.,0.,1.));
#11430 = ORIENTED_EDGE('',*,*,#809,.T.);
#11431 = ORIENTED_EDGE('',*,*,#9391,.F.);
#11432 = CYLINDRICAL_SURFACE('',#11433,2.4);
#11433 = AXIS2_PLACEMENT_3D('',#11434,#11435,#11436);
#11434 = CARTESIAN_POINT('',(-119.531,60.6955,0.));
#11435 = DIRECTION('',(-0.,-0.,-1.));
#11436 = DIRECTION('',(0.957015829939,0.290035689606,0.));
#11437 = ADVANCED_FACE('',(#11438),#11456,.F.);
#11438 = FACE_BOUND('',#11439,.T.);
#11439 = EDGE_LOOP('',(#11440,#11448,#11449,#11450));
#11440 = ORIENTED_EDGE('',*,*,#11441,.F.);
#11441 = EDGE_CURVE('',#11417,#11442,#11444,.T.);
#11442 = VERTEX_POINT('',#11443);
#11443 = CARTESIAN_POINT('',(-119.476085655,63.219937991855,6.1));
#11444 = LINE('',#11445,#11446);
#11445 = CARTESIAN_POINT('',(-120.0110520461,63.057809695424,6.1));
#11446 = VECTOR('',#11447,1.);
#11447 = DIRECTION('',(0.957015829939,0.290035689606,0.));
#11448 = ORIENTED_EDGE('',*,*,#11425,.T.);
#11449 = ORIENTED_EDGE('',*,*,#818,.T.);
#11450 = ORIENTED_EDGE('',*,*,#11451,.F.);
#11451 = EDGE_CURVE('',#11442,#819,#11452,.T.);
#11452 = LINE('',#11453,#11454);
#11453 = CARTESIAN_POINT('',(-119.476085655,63.219937991855,0.));
#11454 = VECTOR('',#11455,1.);
#11455 = DIRECTION('',(0.,0.,1.));
#11456 = PLANE('',#11457);
#11457 = AXIS2_PLACEMENT_3D('',#11458,#11459,#11460);
#11458 = CARTESIAN_POINT('',(-120.227085655,62.992337991855,0.));
#11459 = DIRECTION('',(0.290035689606,-0.957015829939,0.));
#11460 = DIRECTION('',(-0.957015829939,-0.290035689606,0.));
#11461 = ADVANCED_FACE('',(#11462),#11481,.T.);
#11462 = FACE_BOUND('',#11463,.F.);
#11463 = EDGE_LOOP('',(#11464,#11473,#11479,#11480));
#11464 = ORIENTED_EDGE('',*,*,#11465,.F.);
#11465 = EDGE_CURVE('',#11466,#11442,#11468,.T.);
#11466 = VERTEX_POINT('',#11467);
#11467 = CARTESIAN_POINT('',(-119.0154737569,63.311520421491,6.1));
#11468 = CIRCLE('',#11469,2.4);
#11469 = AXIS2_PLACEMENT_3D('',#11470,#11471,#11472);
#11470 = CARTESIAN_POINT('',(-118.78,60.9231,6.1));
#11471 = DIRECTION('',(0.,-0.,1.));
#11472 = DIRECTION('',(0.995175175621,9.811406539136E-02,0.));
#11473 = ORIENTED_EDGE('',*,*,#11474,.T.);
#11474 = EDGE_CURVE('',#11466,#827,#11475,.T.);
#11475 = LINE('',#11476,#11477);
#11476 = CARTESIAN_POINT('',(-119.0154737569,63.311520421491,0.));
#11477 = VECTOR('',#11478,1.);
#11478 = DIRECTION('',(0.,0.,1.));
#11479 = ORIENTED_EDGE('',*,*,#826,.T.);
#11480 = ORIENTED_EDGE('',*,*,#11451,.F.);
#11481 = CYLINDRICAL_SURFACE('',#11482,2.4);
#11482 = AXIS2_PLACEMENT_3D('',#11483,#11484,#11485);
#11483 = CARTESIAN_POINT('',(-118.78,60.9231,0.));
#11484 = DIRECTION('',(-0.,-0.,-1.));
#11485 = DIRECTION('',(0.995175175621,9.811406539136E-02,0.));
#11486 = ADVANCED_FACE('',(#11487),#11498,.F.);
#11487 = FACE_BOUND('',#11488,.T.);
#11488 = EDGE_LOOP('',(#11489,#11495,#11496,#11497));
#11489 = ORIENTED_EDGE('',*,*,#11490,.F.);
#11490 = EDGE_CURVE('',#11466,#9344,#11491,.T.);
#11491 = LINE('',#11492,#11493);
#11492 = CARTESIAN_POINT('',(-119.1450707425,63.298743487905,6.1));
#11493 = VECTOR('',#11494,1.);
#11494 = DIRECTION('',(0.995175175621,9.811406539136E-02,0.));
#11495 = ORIENTED_EDGE('',*,*,#11474,.T.);
#11496 = ORIENTED_EDGE('',*,*,#835,.T.);
#11497 = ORIENTED_EDGE('',*,*,#9343,.F.);
#11498 = PLANE('',#11499);
#11499 = AXIS2_PLACEMENT_3D('',#11500,#11501,#11502);
#11500 = CARTESIAN_POINT('',(-119.0154737569,63.311520421491,0.));
#11501 = DIRECTION('',(9.811406539136E-02,-0.995175175621,0.));
#11502 = DIRECTION('',(-0.995175175621,-9.811406539136E-02,0.));
#11503 = ADVANCED_FACE('',(#11504),#11529,.T.);
#11504 = FACE_BOUND('',#11505,.F.);
#11505 = EDGE_LOOP('',(#11506,#11516,#11522,#11523));
#11506 = ORIENTED_EDGE('',*,*,#11507,.F.);
#11507 = EDGE_CURVE('',#11508,#11510,#11512,.T.);
#11508 = VERTEX_POINT('',#11509);
#11509 = CARTESIAN_POINT('',(-114.042,-48.4822,6.1));
#11510 = VERTEX_POINT('',#11511);
#11511 = CARTESIAN_POINT('',(-114.735,-48.1155,6.1));
#11512 = LINE('',#11513,#11514);
#11513 = CARTESIAN_POINT('',(-113.3026731201,-48.87341380495,6.1));
#11514 = VECTOR('',#11515,1.);
#11515 = DIRECTION('',(-0.883884073198,0.467706045659,0.));
#11516 = ORIENTED_EDGE('',*,*,#11517,.T.);
#11517 = EDGE_CURVE('',#11508,#2612,#11518,.T.);
#11518 = LINE('',#11519,#11520);
#11519 = CARTESIAN_POINT('',(-114.042,-48.4822,2.5));
#11520 = VECTOR('',#11521,1.);
#11521 = DIRECTION('',(0.,0.,1.));
#11522 = ORIENTED_EDGE('',*,*,#2609,.F.);
#11523 = ORIENTED_EDGE('',*,*,#11524,.F.);
#11524 = EDGE_CURVE('',#11510,#2610,#11525,.T.);
#11525 = LINE('',#11526,#11527);
#11526 = CARTESIAN_POINT('',(-114.735,-48.1155,2.5));
#11527 = VECTOR('',#11528,1.);
#11528 = DIRECTION('',(0.,0.,1.));
#11529 = PLANE('',#11530);
#11530 = AXIS2_PLACEMENT_3D('',#11531,#11532,#11533);
#11531 = CARTESIAN_POINT('',(-114.042,-48.4822,2.5));
#11532 = DIRECTION('',(0.467706045659,0.883884073198,0.));
#11533 = DIRECTION('',(0.883884073198,-0.467706045659,0.));
#11534 = ADVANCED_FACE('',(#11535),#11569,.T.);
#11535 = FACE_BOUND('',#11536,.F.);
#11536 = EDGE_LOOP('',(#11537,#11547,#11555,#11561,#11562,#11563));
#11537 = ORIENTED_EDGE('',*,*,#11538,.F.);
#11538 = EDGE_CURVE('',#11539,#11541,#11543,.T.);
#11539 = VERTEX_POINT('',#11540);
#11540 = CARTESIAN_POINT('',(-114.986064758,-47.9111795357,2.5));
#11541 = VERTEX_POINT('',#11542);
#11542 = CARTESIAN_POINT('',(-115.343,-47.6207,2.5));
#11543 = LINE('',#11544,#11545);
#11544 = CARTESIAN_POINT('',(-114.735,-48.1155,2.5));
#11545 = VECTOR('',#11546,1.);
#11546 = DIRECTION('',(-0.775614289878,0.631207155644,0.));
#11547 = ORIENTED_EDGE('',*,*,#11548,.F.);
#11548 = EDGE_CURVE('',#11549,#11539,#11551,.T.);
#11549 = VERTEX_POINT('',#11550);
#11550 = CARTESIAN_POINT('',(-114.986064758,-47.9111795357,6.1));
#11551 = LINE('',#11552,#11553);
#11552 = CARTESIAN_POINT('',(-114.986064758,-47.9111795357,0.));
#11553 = VECTOR('',#11554,1.);
#11554 = DIRECTION('',(0.,0.,-1.));
#11555 = ORIENTED_EDGE('',*,*,#11556,.F.);
#11556 = EDGE_CURVE('',#11510,#11549,#11557,.T.);
#11557 = LINE('',#11558,#11559);
#11558 = CARTESIAN_POINT('',(-113.8916582607,-48.80182482328,6.1));
#11559 = VECTOR('',#11560,1.);
#11560 = DIRECTION('',(-0.775614289878,0.631207155644,0.));
#11561 = ORIENTED_EDGE('',*,*,#11524,.T.);
#11562 = ORIENTED_EDGE('',*,*,#4091,.F.);
#11563 = ORIENTED_EDGE('',*,*,#11564,.F.);
#11564 = EDGE_CURVE('',#11541,#4084,#11565,.T.);
#11565 = LINE('',#11566,#11567);
#11566 = CARTESIAN_POINT('',(-115.343,-47.6207,2.5));
#11567 = VECTOR('',#11568,1.);
#11568 = DIRECTION('',(0.,0.,1.));
#11569 = PLANE('',#11570);
#11570 = AXIS2_PLACEMENT_3D('',#11571,#11572,#11573);
#11571 = CARTESIAN_POINT('',(-114.735,-48.1155,2.5));
#11572 = DIRECTION('',(0.631207155644,0.775614289878,0.));
#11573 = DIRECTION('',(0.775614289878,-0.631207155644,0.));
#11574 = ADVANCED_FACE('',(#11575),#11593,.T.);
#11575 = FACE_BOUND('',#11576,.F.);
#11576 = EDGE_LOOP('',(#11577,#11585,#11586,#11587));
#11577 = ORIENTED_EDGE('',*,*,#11578,.F.);
#11578 = EDGE_CURVE('',#11541,#11579,#11581,.T.);
#11579 = VERTEX_POINT('',#11580);
#11580 = CARTESIAN_POINT('',(-115.843,-47.0168,2.5));
#11581 = LINE('',#11582,#11583);
#11582 = CARTESIAN_POINT('',(-115.343,-47.6207,2.5));
#11583 = VECTOR('',#11584,1.);
#11584 = DIRECTION('',(-0.637734761248,0.770256044635,0.));
#11585 = ORIENTED_EDGE('',*,*,#11564,.T.);
#11586 = ORIENTED_EDGE('',*,*,#4083,.F.);
#11587 = ORIENTED_EDGE('',*,*,#11588,.F.);
#11588 = EDGE_CURVE('',#11579,#4076,#11589,.T.);
#11589 = LINE('',#11590,#11591);
#11590 = CARTESIAN_POINT('',(-115.843,-47.0168,2.5));
#11591 = VECTOR('',#11592,1.);
#11592 = DIRECTION('',(0.,0.,1.));
#11593 = PLANE('',#11594);
#11594 = AXIS2_PLACEMENT_3D('',#11595,#11596,#11597);
#11595 = CARTESIAN_POINT('',(-115.343,-47.6207,2.5));
#11596 = DIRECTION('',(0.770256044635,0.637734761248,0.));
#11597 = DIRECTION('',(0.637734761248,-0.770256044635,0.));
#11598 = ADVANCED_FACE('',(#11599),#11617,.T.);
#11599 = FACE_BOUND('',#11600,.F.);
#11600 = EDGE_LOOP('',(#11601,#11609,#11610,#11611));
#11601 = ORIENTED_EDGE('',*,*,#11602,.F.);
#11602 = EDGE_CURVE('',#11579,#11603,#11605,.T.);
#11603 = VERTEX_POINT('',#11604);
#11604 = CARTESIAN_POINT('',(-127.454,-29.8039,2.5));
#11605 = LINE('',#11606,#11607);
#11606 = CARTESIAN_POINT('',(-115.843,-47.0168,2.5));
#11607 = VECTOR('',#11608,1.);
#11608 = DIRECTION('',(-0.559217807842,0.8290207738,0.));
#11609 = ORIENTED_EDGE('',*,*,#11588,.T.);
#11610 = ORIENTED_EDGE('',*,*,#4075,.F.);
#11611 = ORIENTED_EDGE('',*,*,#11612,.F.);
#11612 = EDGE_CURVE('',#11603,#4068,#11613,.T.);
#11613 = LINE('',#11614,#11615);
#11614 = CARTESIAN_POINT('',(-127.454,-29.8039,2.5));
#11615 = VECTOR('',#11616,1.);
#11616 = DIRECTION('',(0.,0.,1.));
#11617 = PLANE('',#11618);
#11618 = AXIS2_PLACEMENT_3D('',#11619,#11620,#11621);
#11619 = CARTESIAN_POINT('',(-115.843,-47.0168,2.5));
#11620 = DIRECTION('',(0.8290207738,0.559217807842,0.));
#11621 = DIRECTION('',(0.559217807842,-0.8290207738,0.));
#11622 = ADVANCED_FACE('',(#11623),#11641,.T.);
#11623 = FACE_BOUND('',#11624,.F.);
#11624 = EDGE_LOOP('',(#11625,#11633,#11634,#11635));
#11625 = ORIENTED_EDGE('',*,*,#11626,.F.);
#11626 = EDGE_CURVE('',#11603,#11627,#11629,.T.);
#11627 = VERTEX_POINT('',#11628);
#11628 = CARTESIAN_POINT('',(-127.826,-29.1139,2.5));
#11629 = LINE('',#11630,#11631);
#11630 = CARTESIAN_POINT('',(-127.454,-29.8039,2.5));
#11631 = VECTOR('',#11632,1.);
#11632 = DIRECTION('',(-0.474556198408,0.880225206724,0.));
#11633 = ORIENTED_EDGE('',*,*,#11612,.T.);
#11634 = ORIENTED_EDGE('',*,*,#4067,.F.);
#11635 = ORIENTED_EDGE('',*,*,#11636,.F.);
#11636 = EDGE_CURVE('',#11627,#4060,#11637,.T.);
#11637 = LINE('',#11638,#11639);
#11638 = CARTESIAN_POINT('',(-127.826,-29.1139,2.5));
#11639 = VECTOR('',#11640,1.);
#11640 = DIRECTION('',(0.,0.,1.));
#11641 = PLANE('',#11642);
#11642 = AXIS2_PLACEMENT_3D('',#11643,#11644,#11645);
#11643 = CARTESIAN_POINT('',(-127.454,-29.8039,2.5));
#11644 = DIRECTION('',(0.880225206724,0.474556198408,0.));
#11645 = DIRECTION('',(0.474556198408,-0.880225206724,0.));
#11646 = ADVANCED_FACE('',(#11647),#11665,.T.);
#11647 = FACE_BOUND('',#11648,.F.);
#11648 = EDGE_LOOP('',(#11649,#11657,#11658,#11659));
#11649 = ORIENTED_EDGE('',*,*,#11650,.F.);
#11650 = EDGE_CURVE('',#11627,#11651,#11653,.T.);
#11651 = VERTEX_POINT('',#11652);
#11652 = CARTESIAN_POINT('',(-128.057,-28.3646,2.5));
#11653 = LINE('',#11654,#11655);
#11654 = CARTESIAN_POINT('',(-127.826,-29.1139,2.5));
#11655 = VECTOR('',#11656,1.);
#11656 = DIRECTION('',(-0.294605596197,0.955618931734,0.));
#11657 = ORIENTED_EDGE('',*,*,#11636,.T.);
#11658 = ORIENTED_EDGE('',*,*,#4059,.F.);
#11659 = ORIENTED_EDGE('',*,*,#11660,.F.);
#11660 = EDGE_CURVE('',#11651,#4052,#11661,.T.);
#11661 = LINE('',#11662,#11663);
#11662 = CARTESIAN_POINT('',(-128.057,-28.3646,2.5));
#11663 = VECTOR('',#11664,1.);
#11664 = DIRECTION('',(0.,0.,1.));
#11665 = PLANE('',#11666);
#11666 = AXIS2_PLACEMENT_3D('',#11667,#11668,#11669);
#11667 = CARTESIAN_POINT('',(-127.826,-29.1139,2.5));
#11668 = DIRECTION('',(0.955618931734,0.294605596197,0.));
#11669 = DIRECTION('',(0.294605596197,-0.955618931734,0.));
#11670 = ADVANCED_FACE('',(#11671),#11689,.T.);
#11671 = FACE_BOUND('',#11672,.F.);
#11672 = EDGE_LOOP('',(#11673,#11681,#11682,#11683));
#11673 = ORIENTED_EDGE('',*,*,#11674,.F.);
#11674 = EDGE_CURVE('',#11651,#11675,#11677,.T.);
#11675 = VERTEX_POINT('',#11676);
#11676 = CARTESIAN_POINT('',(-128.137,-27.5846,2.5));
#11677 = LINE('',#11678,#11679);
#11678 = CARTESIAN_POINT('',(-128.057,-28.3646,2.5));
#11679 = VECTOR('',#11680,1.);
#11680 = DIRECTION('',(-0.102028865499,0.994781438611,0.));
#11681 = ORIENTED_EDGE('',*,*,#11660,.T.);
#11682 = ORIENTED_EDGE('',*,*,#4051,.F.);
#11683 = ORIENTED_EDGE('',*,*,#11684,.F.);
#11684 = EDGE_CURVE('',#11675,#4044,#11685,.T.);
#11685 = LINE('',#11686,#11687);
#11686 = CARTESIAN_POINT('',(-128.137,-27.5846,2.5));
#11687 = VECTOR('',#11688,1.);
#11688 = DIRECTION('',(0.,0.,1.));
#11689 = PLANE('',#11690);
#11690 = AXIS2_PLACEMENT_3D('',#11691,#11692,#11693);
#11691 = CARTESIAN_POINT('',(-128.057,-28.3646,2.5));
#11692 = DIRECTION('',(0.994781438611,0.102028865499,0.));
#11693 = DIRECTION('',(0.102028865499,-0.994781438611,0.));
#11694 = ADVANCED_FACE('',(#11695),#11713,.T.);
#11695 = FACE_BOUND('',#11696,.F.);
#11696 = EDGE_LOOP('',(#11697,#11705,#11706,#11707));
#11697 = ORIENTED_EDGE('',*,*,#11698,.F.);
#11698 = EDGE_CURVE('',#11675,#11699,#11701,.T.);
#11699 = VERTEX_POINT('',#11700);
#11700 = CARTESIAN_POINT('',(-128.064,-26.8039,2.5));
#11701 = LINE('',#11702,#11703);
#11702 = CARTESIAN_POINT('',(-128.137,-27.5846,2.5));
#11703 = VECTOR('',#11704,1.);
#11704 = DIRECTION('',(9.309971265673E-02,0.995656790015,0.));
#11705 = ORIENTED_EDGE('',*,*,#11684,.T.);
#11706 = ORIENTED_EDGE('',*,*,#4043,.F.);
#11707 = ORIENTED_EDGE('',*,*,#11708,.F.);
#11708 = EDGE_CURVE('',#11699,#4036,#11709,.T.);
#11709 = LINE('',#11710,#11711);
#11710 = CARTESIAN_POINT('',(-128.064,-26.8039,2.5));
#11711 = VECTOR('',#11712,1.);
#11712 = DIRECTION('',(0.,0.,1.));
#11713 = PLANE('',#11714);
#11714 = AXIS2_PLACEMENT_3D('',#11715,#11716,#11717);
#11715 = CARTESIAN_POINT('',(-128.137,-27.5846,2.5));
#11716 = DIRECTION('',(0.995656790015,-9.309971265673E-02,0.));
#11717 = DIRECTION('',(-9.309971265673E-02,-0.995656790015,0.));
#11718 = ADVANCED_FACE('',(#11719),#11737,.T.);
#11719 = FACE_BOUND('',#11720,.F.);
#11720 = EDGE_LOOP('',(#11721,#11729,#11730,#11731));
#11721 = ORIENTED_EDGE('',*,*,#11722,.F.);
#11722 = EDGE_CURVE('',#11699,#11723,#11725,.T.);
#11723 = VERTEX_POINT('',#11724);
#11724 = CARTESIAN_POINT('',(-127.84,-26.0525,2.5));
#11725 = LINE('',#11726,#11727);
#11726 = CARTESIAN_POINT('',(-128.064,-26.8039,2.5));
#11727 = VECTOR('',#11728,1.);
#11728 = DIRECTION('',(0.285685944228,0.958323296842,0.));
#11729 = ORIENTED_EDGE('',*,*,#11708,.T.);
#11730 = ORIENTED_EDGE('',*,*,#4035,.F.);
#11731 = ORIENTED_EDGE('',*,*,#11732,.F.);
#11732 = EDGE_CURVE('',#11723,#4028,#11733,.T.);
#11733 = LINE('',#11734,#11735);
#11734 = CARTESIAN_POINT('',(-127.84,-26.0525,2.5));
#11735 = VECTOR('',#11736,1.);
#11736 = DIRECTION('',(0.,0.,1.));
#11737 = PLANE('',#11738);
#11738 = AXIS2_PLACEMENT_3D('',#11739,#11740,#11741);
#11739 = CARTESIAN_POINT('',(-128.064,-26.8039,2.5));
#11740 = DIRECTION('',(0.958323296842,-0.285685944228,0.));
#11741 = DIRECTION('',(-0.285685944228,-0.958323296842,0.));
#11742 = ADVANCED_FACE('',(#11743),#11761,.T.);
#11743 = FACE_BOUND('',#11744,.F.);
#11744 = EDGE_LOOP('',(#11745,#11753,#11754,#11755));
#11745 = ORIENTED_EDGE('',*,*,#11746,.F.);
#11746 = EDGE_CURVE('',#11723,#11747,#11749,.T.);
#11747 = VERTEX_POINT('',#11748);
#11748 = CARTESIAN_POINT('',(-127.473,-25.3593,2.5));
#11749 = LINE('',#11750,#11751);
#11750 = CARTESIAN_POINT('',(-127.84,-26.0525,2.5));
#11751 = VECTOR('',#11752,1.);
#11752 = DIRECTION('',(0.467899435954,0.883781713906,0.));
#11753 = ORIENTED_EDGE('',*,*,#11732,.T.);
#11754 = ORIENTED_EDGE('',*,*,#4027,.F.);
#11755 = ORIENTED_EDGE('',*,*,#11756,.F.);
#11756 = EDGE_CURVE('',#11747,#4020,#11757,.T.);
#11757 = LINE('',#11758,#11759);
#11758 = CARTESIAN_POINT('',(-127.473,-25.3593,2.5));
#11759 = VECTOR('',#11760,1.);
#11760 = DIRECTION('',(0.,0.,1.));
#11761 = PLANE('',#11762);
#11762 = AXIS2_PLACEMENT_3D('',#11763,#11764,#11765);
#11763 = CARTESIAN_POINT('',(-127.84,-26.0525,2.5));
#11764 = DIRECTION('',(0.883781713906,-0.467899435954,0.));
#11765 = DIRECTION('',(-0.467899435954,-0.883781713906,0.));
#11766 = ADVANCED_FACE('',(#11767),#11785,.T.);
#11767 = FACE_BOUND('',#11768,.F.);
#11768 = EDGE_LOOP('',(#11769,#11777,#11778,#11779));
#11769 = ORIENTED_EDGE('',*,*,#11770,.F.);
#11770 = EDGE_CURVE('',#11747,#11771,#11773,.T.);
#11771 = VERTEX_POINT('',#11772);
#11772 = CARTESIAN_POINT('',(-126.978,-24.751,2.5));
#11773 = LINE('',#11774,#11775);
#11774 = CARTESIAN_POINT('',(-127.473,-25.3593,2.5));
#11775 = VECTOR('',#11776,1.);
#11776 = DIRECTION('',(0.631173292938,0.775641846655,0.));
#11777 = ORIENTED_EDGE('',*,*,#11756,.T.);
#11778 = ORIENTED_EDGE('',*,*,#4019,.F.);
#11779 = ORIENTED_EDGE('',*,*,#11780,.F.);
#11780 = EDGE_CURVE('',#11771,#4012,#11781,.T.);
#11781 = LINE('',#11782,#11783);
#11782 = CARTESIAN_POINT('',(-126.978,-24.751,2.5));
#11783 = VECTOR('',#11784,1.);
#11784 = DIRECTION('',(0.,0.,1.));
#11785 = PLANE('',#11786);
#11786 = AXIS2_PLACEMENT_3D('',#11787,#11788,#11789);
#11787 = CARTESIAN_POINT('',(-127.473,-25.3593,2.5));
#11788 = DIRECTION('',(0.775641846655,-0.631173292938,0.));
#11789 = DIRECTION('',(-0.631173292938,-0.775641846655,0.));
#11790 = ADVANCED_FACE('',(#11791),#11809,.T.);
#11791 = FACE_BOUND('',#11792,.F.);
#11792 = EDGE_LOOP('',(#11793,#11801,#11802,#11803));
#11793 = ORIENTED_EDGE('',*,*,#11794,.F.);
#11794 = EDGE_CURVE('',#11771,#11795,#11797,.T.);
#11795 = VERTEX_POINT('',#11796);
#11796 = CARTESIAN_POINT('',(-126.374,-24.2509,2.5));
#11797 = LINE('',#11798,#11799);
#11798 = CARTESIAN_POINT('',(-126.978,-24.751,2.5));
#11799 = VECTOR('',#11800,1.);
#11800 = DIRECTION('',(0.77024526703,0.637747778215,0.));
#11801 = ORIENTED_EDGE('',*,*,#11780,.T.);
#11802 = ORIENTED_EDGE('',*,*,#4011,.F.);
#11803 = ORIENTED_EDGE('',*,*,#11804,.F.);
#11804 = EDGE_CURVE('',#11795,#4004,#11805,.T.);
#11805 = LINE('',#11806,#11807);
#11806 = CARTESIAN_POINT('',(-126.374,-24.2509,2.5));
#11807 = VECTOR('',#11808,1.);
#11808 = DIRECTION('',(0.,0.,1.));
#11809 = PLANE('',#11810);
#11810 = AXIS2_PLACEMENT_3D('',#11811,#11812,#11813);
#11811 = CARTESIAN_POINT('',(-126.978,-24.751,2.5));
#11812 = DIRECTION('',(0.637747778215,-0.77024526703,0.));
#11813 = DIRECTION('',(-0.77024526703,-0.637747778215,0.));
#11814 = ADVANCED_FACE('',(#11815),#11833,.T.);
#11815 = FACE_BOUND('',#11816,.F.);
#11816 = EDGE_LOOP('',(#11817,#11825,#11826,#11827));
#11817 = ORIENTED_EDGE('',*,*,#11818,.F.);
#11818 = EDGE_CURVE('',#11795,#11819,#11821,.T.);
#11819 = VERTEX_POINT('',#11820);
#11820 = CARTESIAN_POINT('',(-110.282,-13.3967,2.5));
#11821 = LINE('',#11822,#11823);
#11822 = CARTESIAN_POINT('',(-126.374,-24.2509,2.5));
#11823 = VECTOR('',#11824,1.);
#11824 = DIRECTION('',(0.829037358869,0.559193220273,0.));
#11825 = ORIENTED_EDGE('',*,*,#11804,.T.);
#11826 = ORIENTED_EDGE('',*,*,#4003,.F.);
#11827 = ORIENTED_EDGE('',*,*,#11828,.F.);
#11828 = EDGE_CURVE('',#11819,#3996,#11829,.T.);
#11829 = LINE('',#11830,#11831);
#11830 = CARTESIAN_POINT('',(-110.282,-13.3967,2.5));
#11831 = VECTOR('',#11832,1.);
#11832 = DIRECTION('',(0.,0.,1.));
#11833 = PLANE('',#11834);
#11834 = AXIS2_PLACEMENT_3D('',#11835,#11836,#11837);
#11835 = CARTESIAN_POINT('',(-126.374,-24.2509,2.5));
#11836 = DIRECTION('',(0.559193220273,-0.829037358869,0.));
#11837 = DIRECTION('',(-0.829037358869,-0.559193220273,0.));
#11838 = ADVANCED_FACE('',(#11839),#11857,.T.);
#11839 = FACE_BOUND('',#11840,.F.);
#11840 = EDGE_LOOP('',(#11841,#11849,#11850,#11851));
#11841 = ORIENTED_EDGE('',*,*,#11842,.F.);
#11842 = EDGE_CURVE('',#11819,#11843,#11845,.T.);
#11843 = VERTEX_POINT('',#11844);
#11844 = CARTESIAN_POINT('',(-109.946,-13.1935,2.5));
#11845 = LINE('',#11846,#11847);
#11846 = CARTESIAN_POINT('',(-110.282,-13.3967,2.5));
#11847 = VECTOR('',#11848,1.);
#11848 = DIRECTION('',(0.855690023312,0.517488728384,0.));
#11849 = ORIENTED_EDGE('',*,*,#11828,.T.);
#11850 = ORIENTED_EDGE('',*,*,#3995,.F.);
#11851 = ORIENTED_EDGE('',*,*,#11852,.F.);
#11852 = EDGE_CURVE('',#11843,#3988,#11853,.T.);
#11853 = LINE('',#11854,#11855);
#11854 = CARTESIAN_POINT('',(-109.946,-13.1935,2.5));
#11855 = VECTOR('',#11856,1.);
#11856 = DIRECTION('',(0.,0.,1.));
#11857 = PLANE('',#11858);
#11858 = AXIS2_PLACEMENT_3D('',#11859,#11860,#11861);
#11859 = CARTESIAN_POINT('',(-110.282,-13.3967,2.5));
#11860 = DIRECTION('',(0.517488728384,-0.855690023312,0.));
#11861 = DIRECTION('',(-0.855690023312,-0.517488728384,0.));
#11862 = ADVANCED_FACE('',(#11863),#11881,.T.);
#11863 = FACE_BOUND('',#11864,.F.);
#11864 = EDGE_LOOP('',(#11865,#11873,#11874,#11875));
#11865 = ORIENTED_EDGE('',*,*,#11866,.F.);
#11866 = EDGE_CURVE('',#11843,#11867,#11869,.T.);
#11867 = VERTEX_POINT('',#11868);
#11868 = CARTESIAN_POINT('',(-109.264,-12.8248,2.5));
#11869 = LINE('',#11870,#11871);
#11870 = CARTESIAN_POINT('',(-109.946,-13.1935,2.5));
#11871 = VECTOR('',#11872,1.);
#11872 = DIRECTION('',(0.879678804699,0.475568292218,0.));
#11873 = ORIENTED_EDGE('',*,*,#11852,.T.);
#11874 = ORIENTED_EDGE('',*,*,#3987,.F.);
#11875 = ORIENTED_EDGE('',*,*,#11876,.F.);
#11876 = EDGE_CURVE('',#11867,#3980,#11877,.T.);
#11877 = LINE('',#11878,#11879);
#11878 = CARTESIAN_POINT('',(-109.264,-12.8248,2.5));
#11879 = VECTOR('',#11880,1.);
#11880 = DIRECTION('',(0.,0.,1.));
#11881 = PLANE('',#11882);
#11882 = AXIS2_PLACEMENT_3D('',#11883,#11884,#11885);
#11883 = CARTESIAN_POINT('',(-109.946,-13.1935,2.5));
#11884 = DIRECTION('',(0.475568292218,-0.879678804699,0.));
#11885 = DIRECTION('',(-0.879678804699,-0.475568292218,0.));
#11886 = ADVANCED_FACE('',(#11887),#11905,.T.);
#11887 = FACE_BOUND('',#11888,.F.);
#11888 = EDGE_LOOP('',(#11889,#11897,#11898,#11899));
#11889 = ORIENTED_EDGE('',*,*,#11890,.F.);
#11890 = EDGE_CURVE('',#11867,#11891,#11893,.T.);
#11891 = VERTEX_POINT('',#11892);
#11892 = CARTESIAN_POINT('',(-109.042,-12.7196,2.5));
#11893 = LINE('',#11894,#11895);
#11894 = CARTESIAN_POINT('',(-109.264,-12.8248,2.5));
#11895 = VECTOR('',#11896,1.);
#11896 = DIRECTION('',(0.903671519759,0.428226323778,0.));
#11897 = ORIENTED_EDGE('',*,*,#11876,.T.);
#11898 = ORIENTED_EDGE('',*,*,#3979,.F.);
#11899 = ORIENTED_EDGE('',*,*,#11900,.F.);
#11900 = EDGE_CURVE('',#11891,#3972,#11901,.T.);
#11901 = LINE('',#11902,#11903);
#11902 = CARTESIAN_POINT('',(-109.042,-12.7196,2.5));
#11903 = VECTOR('',#11904,1.);
#11904 = DIRECTION('',(0.,0.,1.));
#11905 = PLANE('',#11906);
#11906 = AXIS2_PLACEMENT_3D('',#11907,#11908,#11909);
#11907 = CARTESIAN_POINT('',(-109.264,-12.8248,2.5));
#11908 = DIRECTION('',(0.428226323778,-0.903671519759,0.));
#11909 = DIRECTION('',(-0.903671519759,-0.428226323778,0.));
#11910 = ADVANCED_FACE('',(#11911),#11929,.T.);
#11911 = FACE_BOUND('',#11912,.F.);
#11912 = EDGE_LOOP('',(#11913,#11921,#11922,#11923));
#11913 = ORIENTED_EDGE('',*,*,#11914,.F.);
#11914 = EDGE_CURVE('',#11891,#11915,#11917,.T.);
#11915 = VERTEX_POINT('',#11916);
#11916 = CARTESIAN_POINT('',(-108.823,-12.6051,2.5));
#11917 = LINE('',#11918,#11919);
#11918 = CARTESIAN_POINT('',(-109.042,-12.7196,2.5));
#11919 = VECTOR('',#11920,1.);
#11920 = DIRECTION('',(0.886187684451,0.463326437761,0.));
#11921 = ORIENTED_EDGE('',*,*,#11900,.T.);
#11922 = ORIENTED_EDGE('',*,*,#3971,.F.);
#11923 = ORIENTED_EDGE('',*,*,#11924,.F.);
#11924 = EDGE_CURVE('',#11915,#3964,#11925,.T.);
#11925 = LINE('',#11926,#11927);
#11926 = CARTESIAN_POINT('',(-108.823,-12.6051,2.5));
#11927 = VECTOR('',#11928,1.);
#11928 = DIRECTION('',(0.,0.,1.));
#11929 = PLANE('',#11930);
#11930 = AXIS2_PLACEMENT_3D('',#11931,#11932,#11933);
#11931 = CARTESIAN_POINT('',(-109.042,-12.7196,2.5));
#11932 = DIRECTION('',(0.463326437761,-0.886187684451,0.));
#11933 = DIRECTION('',(-0.886187684451,-0.463326437761,0.));
#11934 = ADVANCED_FACE('',(#11935),#11953,.T.);
#11935 = FACE_BOUND('',#11936,.F.);
#11936 = EDGE_LOOP('',(#11937,#11945,#11946,#11947));
#11937 = ORIENTED_EDGE('',*,*,#11938,.F.);
#11938 = EDGE_CURVE('',#11915,#11939,#11941,.T.);
#11939 = VERTEX_POINT('',#11940);
#11940 = CARTESIAN_POINT('',(-108.467,-12.4404,2.5));
#11941 = LINE('',#11942,#11943);
#11942 = CARTESIAN_POINT('',(-108.823,-12.6051,2.5));
#11943 = VECTOR('',#11944,1.);
#11944 = DIRECTION('',(0.907578468879,0.419882510743,0.));
#11945 = ORIENTED_EDGE('',*,*,#11924,.T.);
#11946 = ORIENTED_EDGE('',*,*,#3963,.F.);
#11947 = ORIENTED_EDGE('',*,*,#11948,.F.);
#11948 = EDGE_CURVE('',#11939,#3956,#11949,.T.);
#11949 = LINE('',#11950,#11951);
#11950 = CARTESIAN_POINT('',(-108.467,-12.4404,2.5));
#11951 = VECTOR('',#11952,1.);
#11952 = DIRECTION('',(0.,0.,1.));
#11953 = PLANE('',#11954);
#11954 = AXIS2_PLACEMENT_3D('',#11955,#11956,#11957);
#11955 = CARTESIAN_POINT('',(-108.823,-12.6051,2.5));
#11956 = DIRECTION('',(0.419882510743,-0.907578468879,0.));
#11957 = DIRECTION('',(-0.907578468879,-0.419882510743,0.));
#11958 = ADVANCED_FACE('',(#11959),#11977,.T.);
#11959 = FACE_BOUND('',#11960,.F.);
#11960 = EDGE_LOOP('',(#11961,#11969,#11970,#11971));
#11961 = ORIENTED_EDGE('',*,*,#11962,.F.);
#11962 = EDGE_CURVE('',#11939,#11963,#11965,.T.);
#11963 = VERTEX_POINT('',#11964);
#11964 = CARTESIAN_POINT('',(-94.4844,-6.79108,2.5));
#11965 = LINE('',#11966,#11967);
#11966 = CARTESIAN_POINT('',(-108.467,-12.4404,2.5));
#11967 = VECTOR('',#11968,1.);
#11968 = DIRECTION('',(0.927184248526,0.374605618332,0.));
#11969 = ORIENTED_EDGE('',*,*,#11948,.T.);
#11970 = ORIENTED_EDGE('',*,*,#3955,.F.);
#11971 = ORIENTED_EDGE('',*,*,#11972,.F.);
#11972 = EDGE_CURVE('',#11963,#3948,#11973,.T.);
#11973 = LINE('',#11974,#11975);
#11974 = CARTESIAN_POINT('',(-94.4844,-6.79108,2.5));
#11975 = VECTOR('',#11976,1.);
#11976 = DIRECTION('',(0.,0.,1.));
#11977 = PLANE('',#11978);
#11978 = AXIS2_PLACEMENT_3D('',#11979,#11980,#11981);
#11979 = CARTESIAN_POINT('',(-108.467,-12.4404,2.5));
#11980 = DIRECTION('',(0.374605618332,-0.927184248526,0.));
#11981 = DIRECTION('',(-0.927184248526,-0.374605618332,0.));
#11982 = ADVANCED_FACE('',(#11983),#12001,.T.);
#11983 = FACE_BOUND('',#11984,.F.);
#11984 = EDGE_LOOP('',(#11985,#11993,#11994,#11995));
#11985 = ORIENTED_EDGE('',*,*,#11986,.F.);
#11986 = EDGE_CURVE('',#11963,#11987,#11989,.T.);
#11987 = VERTEX_POINT('',#11988);
#11988 = CARTESIAN_POINT('',(-92.9233,-5.9741,2.5));
#11989 = LINE('',#11990,#11991);
#11990 = CARTESIAN_POINT('',(-94.4844,-6.79108,2.5));
#11991 = VECTOR('',#11992,1.);
#11992 = DIRECTION('',(0.886003880375,0.463677823451,0.));
#11993 = ORIENTED_EDGE('',*,*,#11972,.T.);
#11994 = ORIENTED_EDGE('',*,*,#3947,.F.);
#11995 = ORIENTED_EDGE('',*,*,#11996,.F.);
#11996 = EDGE_CURVE('',#11987,#3940,#11997,.T.);
#11997 = LINE('',#11998,#11999);
#11998 = CARTESIAN_POINT('',(-92.9233,-5.9741,2.5));
#11999 = VECTOR('',#12000,1.);
#12000 = DIRECTION('',(0.,0.,1.));
#12001 = PLANE('',#12002);
#12002 = AXIS2_PLACEMENT_3D('',#12003,#12004,#12005);
#12003 = CARTESIAN_POINT('',(-94.4844,-6.79108,2.5));
#12004 = DIRECTION('',(0.463677823451,-0.886003880375,0.));
#12005 = DIRECTION('',(-0.886003880375,-0.463677823451,0.));
#12006 = ADVANCED_FACE('',(#12007),#12025,.T.);
#12007 = FACE_BOUND('',#12008,.F.);
#12008 = EDGE_LOOP('',(#12009,#12017,#12018,#12019));
#12009 = ORIENTED_EDGE('',*,*,#12010,.F.);
#12010 = EDGE_CURVE('',#11987,#12011,#12013,.T.);
#12011 = VERTEX_POINT('',#12012);
#12012 = CARTESIAN_POINT('',(-91.7054,-4.9922,2.5));
#12013 = LINE('',#12014,#12015);
#12014 = CARTESIAN_POINT('',(-92.9233,-5.9741,2.5));
#12015 = VECTOR('',#12016,1.);
#12016 = DIRECTION('',(0.778499684757,0.627644995864,0.));
#12017 = ORIENTED_EDGE('',*,*,#11996,.T.);
#12018 = ORIENTED_EDGE('',*,*,#3939,.F.);
#12019 = ORIENTED_EDGE('',*,*,#12020,.F.);
#12020 = EDGE_CURVE('',#12011,#3932,#12021,.T.);
#12021 = LINE('',#12022,#12023);
#12022 = CARTESIAN_POINT('',(-91.7054,-4.9922,2.5));
#12023 = VECTOR('',#12024,1.);
#12024 = DIRECTION('',(0.,0.,1.));
#12025 = PLANE('',#12026);
#12026 = AXIS2_PLACEMENT_3D('',#12027,#12028,#12029);
#12027 = CARTESIAN_POINT('',(-92.9233,-5.9741,2.5));
#12028 = DIRECTION('',(0.627644995864,-0.778499684757,0.));
#12029 = DIRECTION('',(-0.778499684757,-0.627644995864,0.));
#12030 = ADVANCED_FACE('',(#12031),#12049,.T.);
#12031 = FACE_BOUND('',#12032,.F.);
#12032 = EDGE_LOOP('',(#12033,#12041,#12042,#12043));
#12033 = ORIENTED_EDGE('',*,*,#12034,.F.);
#12034 = EDGE_CURVE('',#12011,#12035,#12037,.T.);
#12035 = VERTEX_POINT('',#12036);
#12036 = CARTESIAN_POINT('',(-90.7024,-3.79155,2.5));
#12037 = LINE('',#12038,#12039);
#12038 = CARTESIAN_POINT('',(-91.7054,-4.9922,2.5));
#12039 = VECTOR('',#12040,1.);
#12040 = DIRECTION('',(0.64111128803,0.767447924201,0.));
#12041 = ORIENTED_EDGE('',*,*,#12020,.T.);
#12042 = ORIENTED_EDGE('',*,*,#3931,.F.);
#12043 = ORIENTED_EDGE('',*,*,#12044,.F.);
#12044 = EDGE_CURVE('',#12035,#3924,#12045,.T.);
#12045 = LINE('',#12046,#12047);
#12046 = CARTESIAN_POINT('',(-90.7024,-3.79155,2.5));
#12047 = VECTOR('',#12048,1.);
#12048 = DIRECTION('',(0.,0.,1.));
#12049 = PLANE('',#12050);
#12050 = AXIS2_PLACEMENT_3D('',#12051,#12052,#12053);
#12051 = CARTESIAN_POINT('',(-91.7054,-4.9922,2.5));
#12052 = DIRECTION('',(0.767447924201,-0.64111128803,0.));
#12053 = DIRECTION('',(-0.64111128803,-0.767447924201,0.));
#12054 = ADVANCED_FACE('',(#12055),#12073,.T.);
#12055 = FACE_BOUND('',#12056,.F.);
#12056 = EDGE_LOOP('',(#12057,#12065,#12066,#12067));
#12057 = ORIENTED_EDGE('',*,*,#12058,.F.);
#12058 = EDGE_CURVE('',#12035,#12059,#12061,.T.);
#12059 = VERTEX_POINT('',#12060);
#12060 = CARTESIAN_POINT('',(-89.9529,-2.41829,2.5));
#12061 = LINE('',#12062,#12063);
#12062 = CARTESIAN_POINT('',(-90.7024,-3.79155,2.5));
#12063 = VECTOR('',#12064,1.);
#12064 = DIRECTION('',(0.479073348703,0.877774872369,0.));
#12065 = ORIENTED_EDGE('',*,*,#12044,.T.);
#12066 = ORIENTED_EDGE('',*,*,#3923,.F.);
#12067 = ORIENTED_EDGE('',*,*,#12068,.F.);
#12068 = EDGE_CURVE('',#12059,#3916,#12069,.T.);
#12069 = LINE('',#12070,#12071);
#12070 = CARTESIAN_POINT('',(-89.9529,-2.41829,2.5));
#12071 = VECTOR('',#12072,1.);
#12072 = DIRECTION('',(0.,0.,1.));
#12073 = PLANE('',#12074);
#12074 = AXIS2_PLACEMENT_3D('',#12075,#12076,#12077);
#12075 = CARTESIAN_POINT('',(-90.7024,-3.79155,2.5));
#12076 = DIRECTION('',(0.877774872369,-0.479073348703,0.));
#12077 = DIRECTION('',(-0.479073348703,-0.877774872369,0.));
#12078 = ADVANCED_FACE('',(#12079),#12097,.T.);
#12079 = FACE_BOUND('',#12080,.F.);
#12080 = EDGE_LOOP('',(#12081,#12089,#12090,#12091));
#12081 = ORIENTED_EDGE('',*,*,#12082,.F.);
#12082 = EDGE_CURVE('',#12059,#12083,#12085,.T.);
#12083 = VERTEX_POINT('',#12084);
#12084 = CARTESIAN_POINT('',(-89.4857,-0.925193,2.5));
#12085 = LINE('',#12086,#12087);
#12086 = CARTESIAN_POINT('',(-89.9529,-2.41829,2.5));
#12087 = VECTOR('',#12088,1.);
#12088 = DIRECTION('',(0.298628550446,0.95436941949,0.));
#12089 = ORIENTED_EDGE('',*,*,#12068,.T.);
#12090 = ORIENTED_EDGE('',*,*,#3915,.F.);
#12091 = ORIENTED_EDGE('',*,*,#12092,.F.);
#12092 = EDGE_CURVE('',#12083,#3908,#12093,.T.);
#12093 = LINE('',#12094,#12095);
#12094 = CARTESIAN_POINT('',(-89.4857,-0.925193,2.5));
#12095 = VECTOR('',#12096,1.);
#12096 = DIRECTION('',(0.,0.,1.));
#12097 = PLANE('',#12098);
#12098 = AXIS2_PLACEMENT_3D('',#12099,#12100,#12101);
#12099 = CARTESIAN_POINT('',(-89.9529,-2.41829,2.5));
#12100 = DIRECTION('',(0.95436941949,-0.298628550446,0.));
#12101 = DIRECTION('',(-0.298628550446,-0.95436941949,0.));
#12102 = ADVANCED_FACE('',(#12103),#12121,.T.);
#12103 = FACE_BOUND('',#12104,.F.);
#12104 = EDGE_LOOP('',(#12105,#12113,#12114,#12115));
#12105 = ORIENTED_EDGE('',*,*,#12106,.F.);
#12106 = EDGE_CURVE('',#12083,#12107,#12109,.T.);
#12107 = VERTEX_POINT('',#12108);
#12108 = CARTESIAN_POINT('',(-89.3187,0.630357,2.5));
#12109 = LINE('',#12110,#12111);
#12110 = CARTESIAN_POINT('',(-89.4857,-0.925193,2.5));
#12111 = VECTOR('',#12112,1.);
#12112 = DIRECTION('',(0.106744141436,0.99428652222,0.));
#12113 = ORIENTED_EDGE('',*,*,#12092,.T.);
#12114 = ORIENTED_EDGE('',*,*,#3907,.F.);
#12115 = ORIENTED_EDGE('',*,*,#12116,.F.);
#12116 = EDGE_CURVE('',#12107,#3900,#12117,.T.);
#12117 = LINE('',#12118,#12119);
#12118 = CARTESIAN_POINT('',(-89.3187,0.630357,2.5));
#12119 = VECTOR('',#12120,1.);
#12120 = DIRECTION('',(0.,0.,1.));
#12121 = PLANE('',#12122);
#12122 = AXIS2_PLACEMENT_3D('',#12123,#12124,#12125);
#12123 = CARTESIAN_POINT('',(-89.4857,-0.925193,2.5));
#12124 = DIRECTION('',(0.99428652222,-0.106744141436,0.));
#12125 = DIRECTION('',(-0.106744141436,-0.99428652222,0.));
#12126 = ADVANCED_FACE('',(#12127),#12145,.T.);
#12127 = FACE_BOUND('',#12128,.F.);
#12128 = EDGE_LOOP('',(#12129,#12137,#12138,#12139));
#12129 = ORIENTED_EDGE('',*,*,#12130,.F.);
#12130 = EDGE_CURVE('',#12107,#12131,#12133,.T.);
#12131 = VERTEX_POINT('',#12132);
#12132 = CARTESIAN_POINT('',(-89.4585,2.18858,2.5));
#12133 = LINE('',#12134,#12135);
#12134 = CARTESIAN_POINT('',(-89.3187,0.630357,2.5));
#12135 = VECTOR('',#12136,1.);
#12136 = DIRECTION('',(-8.935866805676E-02,0.995999512271,0.));
#12137 = ORIENTED_EDGE('',*,*,#12116,.T.);
#12138 = ORIENTED_EDGE('',*,*,#3899,.F.);
#12139 = ORIENTED_EDGE('',*,*,#12140,.F.);
#12140 = EDGE_CURVE('',#12131,#3892,#12141,.T.);
#12141 = LINE('',#12142,#12143);
#12142 = CARTESIAN_POINT('',(-89.4585,2.18858,2.5));
#12143 = VECTOR('',#12144,1.);
#12144 = DIRECTION('',(0.,0.,1.));
#12145 = PLANE('',#12146);
#12146 = AXIS2_PLACEMENT_3D('',#12147,#12148,#12149);
#12147 = CARTESIAN_POINT('',(-89.3187,0.630357,2.5));
#12148 = DIRECTION('',(0.995999512271,8.935866805676E-02,0.));
#12149 = DIRECTION('',(8.935866805676E-02,-0.995999512271,0.));
#12150 = ADVANCED_FACE('',(#12151),#12169,.T.);
#12151 = FACE_BOUND('',#12152,.F.);
#12152 = EDGE_LOOP('',(#12153,#12161,#12162,#12163));
#12153 = ORIENTED_EDGE('',*,*,#12154,.F.);
#12154 = EDGE_CURVE('',#12131,#12155,#12157,.T.);
#12155 = VERTEX_POINT('',#12156);
#12156 = CARTESIAN_POINT('',(-89.8996,3.6896,2.5));
#12157 = LINE('',#12158,#12159);
#12158 = CARTESIAN_POINT('',(-89.4585,2.18858,2.5));
#12159 = VECTOR('',#12160,1.);
#12160 = DIRECTION('',(-0.281944840641,0.959430615957,0.));
#12161 = ORIENTED_EDGE('',*,*,#12140,.T.);
#12162 = ORIENTED_EDGE('',*,*,#3891,.F.);
#12163 = ORIENTED_EDGE('',*,*,#12164,.F.);
#12164 = EDGE_CURVE('',#12155,#3884,#12165,.T.);
#12165 = LINE('',#12166,#12167);
#12166 = CARTESIAN_POINT('',(-89.8996,3.6896,2.5));
#12167 = VECTOR('',#12168,1.);
#12168 = DIRECTION('',(0.,0.,1.));
#12169 = PLANE('',#12170);
#12170 = AXIS2_PLACEMENT_3D('',#12171,#12172,#12173);
#12171 = CARTESIAN_POINT('',(-89.4585,2.18858,2.5));
#12172 = DIRECTION('',(0.959430615957,0.281944840641,0.));
#12173 = DIRECTION('',(0.281944840641,-0.959430615957,0.));
#12174 = ADVANCED_FACE('',(#12175),#12193,.T.);
#12175 = FACE_BOUND('',#12176,.F.);
#12176 = EDGE_LOOP('',(#12177,#12185,#12186,#12187));
#12177 = ORIENTED_EDGE('',*,*,#12178,.F.);
#12178 = EDGE_CURVE('',#12155,#12179,#12181,.T.);
#12179 = VERTEX_POINT('',#12180);
#12180 = CARTESIAN_POINT('',(-90.625,5.07573,2.5));
#12181 = LINE('',#12182,#12183);
#12182 = CARTESIAN_POINT('',(-89.8996,3.6896,2.5));
#12183 = VECTOR('',#12184,1.);
#12184 = DIRECTION('',(-0.463671861924,0.886007000232,0.));
#12185 = ORIENTED_EDGE('',*,*,#12164,.T.);
#12186 = ORIENTED_EDGE('',*,*,#3883,.F.);
#12187 = ORIENTED_EDGE('',*,*,#12188,.F.);
#12188 = EDGE_CURVE('',#12179,#3876,#12189,.T.);
#12189 = LINE('',#12190,#12191);
#12190 = CARTESIAN_POINT('',(-90.625,5.07573,2.5));
#12191 = VECTOR('',#12192,1.);
#12192 = DIRECTION('',(0.,0.,1.));
#12193 = PLANE('',#12194);
#12194 = AXIS2_PLACEMENT_3D('',#12195,#12196,#12197);
#12195 = CARTESIAN_POINT('',(-89.8996,3.6896,2.5));
#12196 = DIRECTION('',(0.886007000232,0.463671861924,0.));
#12197 = DIRECTION('',(0.463671861924,-0.886007000232,0.));
#12198 = ADVANCED_FACE('',(#12199),#12217,.T.);
#12199 = FACE_BOUND('',#12200,.F.);
#12200 = EDGE_LOOP('',(#12201,#12209,#12210,#12211));
#12201 = ORIENTED_EDGE('',*,*,#12202,.F.);
#12202 = EDGE_CURVE('',#12179,#12203,#12205,.T.);
#12203 = VERTEX_POINT('',#12204);
#12204 = CARTESIAN_POINT('',(-91.6069,6.29371,2.5));
#12205 = LINE('',#12206,#12207);
#12206 = CARTESIAN_POINT('',(-90.625,5.07573,2.5));
#12207 = VECTOR('',#12208,1.);
#12208 = DIRECTION('',(-0.627620009812,0.778519828446,0.));
#12209 = ORIENTED_EDGE('',*,*,#12188,.T.);
#12210 = ORIENTED_EDGE('',*,*,#3875,.F.);
#12211 = ORIENTED_EDGE('',*,*,#12212,.F.);
#12212 = EDGE_CURVE('',#12203,#3868,#12213,.T.);
#12213 = LINE('',#12214,#12215);
#12214 = CARTESIAN_POINT('',(-91.6069,6.29371,2.5));
#12215 = VECTOR('',#12216,1.);
#12216 = DIRECTION('',(0.,0.,1.));
#12217 = PLANE('',#12218);
#12218 = AXIS2_PLACEMENT_3D('',#12219,#12220,#12221);
#12219 = CARTESIAN_POINT('',(-90.625,5.07573,2.5));
#12220 = DIRECTION('',(0.778519828446,0.627620009812,0.));
#12221 = DIRECTION('',(0.627620009812,-0.778519828446,0.));
#12222 = ADVANCED_FACE('',(#12223),#12241,.T.);
#12223 = FACE_BOUND('',#12224,.F.);
#12224 = EDGE_LOOP('',(#12225,#12233,#12234,#12235));
#12225 = ORIENTED_EDGE('',*,*,#12226,.F.);
#12226 = EDGE_CURVE('',#12203,#12227,#12229,.T.);
#12227 = VERTEX_POINT('',#12228);
#12228 = CARTESIAN_POINT('',(-92.8075,7.29672,2.5));
#12229 = LINE('',#12230,#12231);
#12230 = CARTESIAN_POINT('',(-91.6069,6.29371,2.5));
#12231 = VECTOR('',#12232,1.);
#12232 = DIRECTION('',(-0.767431642475,0.64113077771,0.));
#12233 = ORIENTED_EDGE('',*,*,#12212,.T.);
#12234 = ORIENTED_EDGE('',*,*,#3867,.F.);
#12235 = ORIENTED_EDGE('',*,*,#12236,.F.);
#12236 = EDGE_CURVE('',#12227,#3860,#12237,.T.);
#12237 = LINE('',#12238,#12239);
#12238 = CARTESIAN_POINT('',(-92.8075,7.29672,2.5));
#12239 = VECTOR('',#12240,1.);
#12240 = DIRECTION('',(0.,0.,1.));
#12241 = PLANE('',#12242);
#12242 = AXIS2_PLACEMENT_3D('',#12243,#12244,#12245);
#12243 = CARTESIAN_POINT('',(-91.6069,6.29371,2.5));
#12244 = DIRECTION('',(0.64113077771,0.767431642475,0.));
#12245 = DIRECTION('',(0.767431642475,-0.64113077771,0.));
#12246 = ADVANCED_FACE('',(#12247),#12265,.T.);
#12247 = FACE_BOUND('',#12248,.F.);
#12248 = EDGE_LOOP('',(#12249,#12257,#12258,#12259));
#12249 = ORIENTED_EDGE('',*,*,#12250,.F.);
#12250 = EDGE_CURVE('',#12227,#12251,#12253,.T.);
#12251 = VERTEX_POINT('',#12252);
#12252 = CARTESIAN_POINT('',(-94.1808,8.04622,2.5));
#12253 = LINE('',#12254,#12255);
#12254 = CARTESIAN_POINT('',(-92.8075,7.29672,2.5));
#12255 = VECTOR('',#12256,1.);
#12256 = DIRECTION('',(-0.877780740229,0.479062597249,0.));
#12257 = ORIENTED_EDGE('',*,*,#12236,.T.);
#12258 = ORIENTED_EDGE('',*,*,#3859,.F.);
#12259 = ORIENTED_EDGE('',*,*,#12260,.F.);
#12260 = EDGE_CURVE('',#12251,#3852,#12261,.T.);
#12261 = LINE('',#12262,#12263);
#12262 = CARTESIAN_POINT('',(-94.1808,8.04622,2.5));
#12263 = VECTOR('',#12264,1.);
#12264 = DIRECTION('',(0.,0.,1.));
#12265 = PLANE('',#12266);
#12266 = AXIS2_PLACEMENT_3D('',#12267,#12268,#12269);
#12267 = CARTESIAN_POINT('',(-92.8075,7.29672,2.5));
#12268 = DIRECTION('',(0.479062597249,0.877780740229,0.));
#12269 = DIRECTION('',(0.877780740229,-0.479062597249,0.));
#12270 = ADVANCED_FACE('',(#12271),#12289,.T.);
#12271 = FACE_BOUND('',#12272,.F.);
#12272 = EDGE_LOOP('',(#12273,#12281,#12282,#12283));
#12273 = ORIENTED_EDGE('',*,*,#12274,.F.);
#12274 = EDGE_CURVE('',#12251,#12275,#12277,.T.);
#12275 = VERTEX_POINT('',#12276);
#12276 = CARTESIAN_POINT('',(-95.6739,8.51342,2.5));
#12277 = LINE('',#12278,#12279);
#12278 = CARTESIAN_POINT('',(-94.1808,8.04622,2.5));
#12279 = VECTOR('',#12280,1.);
#12280 = DIRECTION('',(-0.954369590496,0.298628003938,0.));
#12281 = ORIENTED_EDGE('',*,*,#12260,.T.);
#12282 = ORIENTED_EDGE('',*,*,#3851,.F.);
#12283 = ORIENTED_EDGE('',*,*,#12284,.F.);
#12284 = EDGE_CURVE('',#12275,#3844,#12285,.T.);
#12285 = LINE('',#12286,#12287);
#12286 = CARTESIAN_POINT('',(-95.6739,8.51342,2.5));
#12287 = VECTOR('',#12288,1.);
#12288 = DIRECTION('',(0.,0.,1.));
#12289 = PLANE('',#12290);
#12290 = AXIS2_PLACEMENT_3D('',#12291,#12292,#12293);
#12291 = CARTESIAN_POINT('',(-94.1808,8.04622,2.5));
#12292 = DIRECTION('',(0.298628003938,0.954369590496,0.));
#12293 = DIRECTION('',(0.954369590496,-0.298628003938,0.));
#12294 = ADVANCED_FACE('',(#12295),#12313,.T.);
#12295 = FACE_BOUND('',#12296,.F.);
#12296 = EDGE_LOOP('',(#12297,#12305,#12306,#12307));
#12297 = ORIENTED_EDGE('',*,*,#12298,.F.);
#12298 = EDGE_CURVE('',#12275,#12299,#12301,.T.);
#12299 = VERTEX_POINT('',#12300);
#12300 = CARTESIAN_POINT('',(-97.4126,8.7,2.5));
#12301 = LINE('',#12302,#12303);
#12302 = CARTESIAN_POINT('',(-95.6739,8.51342,2.5));
#12303 = VECTOR('',#12304,1.);
#12304 = DIRECTION('',(-0.994291530246,0.106697483012,0.));
#12305 = ORIENTED_EDGE('',*,*,#12284,.T.);
#12306 = ORIENTED_EDGE('',*,*,#3843,.F.);
#12307 = ORIENTED_EDGE('',*,*,#12308,.F.);
#12308 = EDGE_CURVE('',#12299,#3836,#12309,.T.);
#12309 = LINE('',#12310,#12311);
#12310 = CARTESIAN_POINT('',(-97.4126,8.7,2.5));
#12311 = VECTOR('',#12312,1.);
#12312 = DIRECTION('',(0.,0.,1.));
#12313 = PLANE('',#12314);
#12314 = AXIS2_PLACEMENT_3D('',#12315,#12316,#12317);
#12315 = CARTESIAN_POINT('',(-95.6739,8.51342,2.5));
#12316 = DIRECTION('',(0.106697483012,0.994291530246,0.));
#12317 = DIRECTION('',(0.994291530246,-0.106697483012,0.));
#12318 = ADVANCED_FACE('',(#12319),#12369,.T.);
#12319 = FACE_BOUND('',#12320,.F.);
#12320 = EDGE_LOOP('',(#12321,#12329,#12330,#12331,#12339,#12347,#12355,
    #12363));
#12321 = ORIENTED_EDGE('',*,*,#12322,.F.);
#12322 = EDGE_CURVE('',#12299,#12323,#12325,.T.);
#12323 = VERTEX_POINT('',#12324);
#12324 = CARTESIAN_POINT('',(-116.5419601084,8.7,2.5));
#12325 = LINE('',#12326,#12327);
#12326 = CARTESIAN_POINT('',(-97.4126,8.7,2.5));
#12327 = VECTOR('',#12328,1.);
#12328 = DIRECTION('',(-1.,-0.,-0.));
#12329 = ORIENTED_EDGE('',*,*,#12308,.T.);
#12330 = ORIENTED_EDGE('',*,*,#3835,.F.);
#12331 = ORIENTED_EDGE('',*,*,#12332,.F.);
#12332 = EDGE_CURVE('',#12333,#3828,#12335,.T.);
#12333 = VERTEX_POINT('',#12334);
#12334 = CARTESIAN_POINT('',(-118.,8.7,7.1));
#12335 = LINE('',#12336,#12337);
#12336 = CARTESIAN_POINT('',(-118.,8.7,2.5));
#12337 = VECTOR('',#12338,1.);
#12338 = DIRECTION('',(0.,0.,1.));
#12339 = ORIENTED_EDGE('',*,*,#12340,.F.);
#12340 = EDGE_CURVE('',#12341,#12333,#12343,.T.);
#12341 = VERTEX_POINT('',#12342);
#12342 = CARTESIAN_POINT('',(-117.9275814806,8.7,7.1));
#12343 = LINE('',#12344,#12345);
#12344 = CARTESIAN_POINT('',(-108.4563,8.7,7.1));
#12345 = VECTOR('',#12346,1.);
#12346 = DIRECTION('',(-1.,-0.,-0.));
#12347 = ORIENTED_EDGE('',*,*,#12348,.T.);
#12348 = EDGE_CURVE('',#12341,#12349,#12351,.T.);
#12349 = VERTEX_POINT('',#12350);
#12350 = CARTESIAN_POINT('',(-117.9275814806,8.7,6.1));
#12351 = LINE('',#12352,#12353);
#12352 = CARTESIAN_POINT('',(-117.9275814806,8.7,1.1));
#12353 = VECTOR('',#12354,1.);
#12354 = DIRECTION('',(0.,0.,-1.));
#12355 = ORIENTED_EDGE('',*,*,#12356,.F.);
#12356 = EDGE_CURVE('',#12357,#12349,#12359,.T.);
#12357 = VERTEX_POINT('',#12358);
#12358 = CARTESIAN_POINT('',(-116.5419601084,8.7,6.1));
#12359 = LINE('',#12360,#12361);
#12360 = CARTESIAN_POINT('',(-108.4563,8.7,6.1));
#12361 = VECTOR('',#12362,1.);
#12362 = DIRECTION('',(-1.,-0.,-0.));
#12363 = ORIENTED_EDGE('',*,*,#12364,.T.);
#12364 = EDGE_CURVE('',#12357,#12323,#12365,.T.);
#12365 = LINE('',#12366,#12367);
#12366 = CARTESIAN_POINT('',(-116.5419601084,8.7,0.));
#12367 = VECTOR('',#12368,1.);
#12368 = DIRECTION('',(0.,0.,-1.));
#12369 = PLANE('',#12370);
#12370 = AXIS2_PLACEMENT_3D('',#12371,#12372,#12373);
#12371 = CARTESIAN_POINT('',(-97.4126,8.7,2.5));
#12372 = DIRECTION('',(0.,1.,0.));
#12373 = DIRECTION('',(1.,0.,0.));
#12374 = ADVANCED_FACE('',(#12375),#12393,.T.);
#12375 = FACE_BOUND('',#12376,.F.);
#12376 = EDGE_LOOP('',(#12377,#12385,#12386,#12387));
#12377 = ORIENTED_EDGE('',*,*,#12378,.F.);
#12378 = EDGE_CURVE('',#12333,#12379,#12381,.T.);
#12379 = VERTEX_POINT('',#12380);
#12380 = CARTESIAN_POINT('',(-118.78,8.77686,7.1));
#12381 = LINE('',#12382,#12383);
#12382 = CARTESIAN_POINT('',(-118.767185377,8.775597266766,7.1));
#12383 = VECTOR('',#12384,1.);
#12384 = DIRECTION('',(-0.995180157418,9.806352166557E-02,0.));
#12385 = ORIENTED_EDGE('',*,*,#12332,.T.);
#12386 = ORIENTED_EDGE('',*,*,#3827,.F.);
#12387 = ORIENTED_EDGE('',*,*,#12388,.F.);
#12388 = EDGE_CURVE('',#12379,#3820,#12389,.T.);
#12389 = LINE('',#12390,#12391);
#12390 = CARTESIAN_POINT('',(-118.78,8.77686,2.5));
#12391 = VECTOR('',#12392,1.);
#12392 = DIRECTION('',(0.,0.,1.));
#12393 = PLANE('',#12394);
#12394 = AXIS2_PLACEMENT_3D('',#12395,#12396,#12397);
#12395 = CARTESIAN_POINT('',(-118.,8.7,2.5));
#12396 = DIRECTION('',(9.806352166557E-02,0.995180157418,0.));
#12397 = DIRECTION('',(0.995180157418,-9.806352166557E-02,0.));
#12398 = ADVANCED_FACE('',(#12399),#12417,.T.);
#12399 = FACE_BOUND('',#12400,.F.);
#12400 = EDGE_LOOP('',(#12401,#12409,#12410,#12411));
#12401 = ORIENTED_EDGE('',*,*,#12402,.F.);
#12402 = EDGE_CURVE('',#12379,#12403,#12405,.T.);
#12403 = VERTEX_POINT('',#12404);
#12404 = CARTESIAN_POINT('',(-119.531,9.00448,7.1));
#12405 = LINE('',#12406,#12407);
#12406 = CARTESIAN_POINT('',(-119.1684411846,8.894592333481,7.1));
#12407 = VECTOR('',#12408,1.);
#12408 = DIRECTION('',(-0.957008755468,0.29005903185,0.));
#12409 = ORIENTED_EDGE('',*,*,#12388,.T.);
#12410 = ORIENTED_EDGE('',*,*,#3819,.F.);
#12411 = ORIENTED_EDGE('',*,*,#12412,.F.);
#12412 = EDGE_CURVE('',#12403,#3812,#12413,.T.);
#12413 = LINE('',#12414,#12415);
#12414 = CARTESIAN_POINT('',(-119.531,9.00448,2.5));
#12415 = VECTOR('',#12416,1.);
#12416 = DIRECTION('',(0.,0.,1.));
#12417 = PLANE('',#12418);
#12418 = AXIS2_PLACEMENT_3D('',#12419,#12420,#12421);
#12419 = CARTESIAN_POINT('',(-118.78,8.77686,2.5));
#12420 = DIRECTION('',(0.29005903185,0.957008755468,0.));
#12421 = DIRECTION('',(0.957008755468,-0.29005903185,0.));
#12422 = ADVANCED_FACE('',(#12423),#12441,.T.);
#12423 = FACE_BOUND('',#12424,.F.);
#12424 = EDGE_LOOP('',(#12425,#12433,#12434,#12435));
#12425 = ORIENTED_EDGE('',*,*,#12426,.F.);
#12426 = EDGE_CURVE('',#12403,#12427,#12429,.T.);
#12427 = VERTEX_POINT('',#12428);
#12428 = CARTESIAN_POINT('',(-120.222,9.37412,7.1));
#12429 = LINE('',#12430,#12431);
#12430 = CARTESIAN_POINT('',(-119.5596087013,9.019783792162,7.1));
#12431 = VECTOR('',#12432,1.);
#12432 = DIRECTION('',(-0.881765881152,0.471687323168,0.));
#12433 = ORIENTED_EDGE('',*,*,#12412,.T.);
#12434 = ORIENTED_EDGE('',*,*,#3811,.F.);
#12435 = ORIENTED_EDGE('',*,*,#12436,.F.);
#12436 = EDGE_CURVE('',#12427,#3804,#12437,.T.);
#12437 = LINE('',#12438,#12439);
#12438 = CARTESIAN_POINT('',(-120.222,9.37412,2.5));
#12439 = VECTOR('',#12440,1.);
#12440 = DIRECTION('',(0.,0.,1.));
#12441 = PLANE('',#12442);
#12442 = AXIS2_PLACEMENT_3D('',#12443,#12444,#12445);
#12443 = CARTESIAN_POINT('',(-119.531,9.00448,2.5));
#12444 = DIRECTION('',(0.471687323168,0.881765881152,0.));
#12445 = DIRECTION('',(0.881765881152,-0.471687323168,0.));
#12446 = ADVANCED_FACE('',(#12447),#12465,.T.);
#12447 = FACE_BOUND('',#12448,.F.);
#12448 = EDGE_LOOP('',(#12449,#12457,#12458,#12459));
#12449 = ORIENTED_EDGE('',*,*,#12450,.F.);
#12450 = EDGE_CURVE('',#12427,#12451,#12453,.T.);
#12451 = VERTEX_POINT('',#12452);
#12452 = CARTESIAN_POINT('',(-120.828,9.87157,7.1));
#12453 = LINE('',#12454,#12455);
#12454 = CARTESIAN_POINT('',(-119.9636320492,9.162032315056,7.1));
#12455 = VECTOR('',#12456,1.);
#12456 = DIRECTION('',(-0.77293623288,0.634483711297,0.));
#12457 = ORIENTED_EDGE('',*,*,#12436,.T.);
#12458 = ORIENTED_EDGE('',*,*,#3803,.F.);
#12459 = ORIENTED_EDGE('',*,*,#12460,.F.);
#12460 = EDGE_CURVE('',#12451,#3796,#12461,.T.);
#12461 = LINE('',#12462,#12463);
#12462 = CARTESIAN_POINT('',(-120.828,9.87157,2.5));
#12463 = VECTOR('',#12464,1.);
#12464 = DIRECTION('',(0.,0.,1.));
#12465 = PLANE('',#12466);
#12466 = AXIS2_PLACEMENT_3D('',#12467,#12468,#12469);
#12467 = CARTESIAN_POINT('',(-120.222,9.37412,2.5));
#12468 = DIRECTION('',(0.634483711297,0.77293623288,0.));
#12469 = DIRECTION('',(0.77293623288,-0.634483711297,0.));
#12470 = ADVANCED_FACE('',(#12471),#12505,.T.);
#12471 = FACE_BOUND('',#12472,.F.);
#12472 = EDGE_LOOP('',(#12473,#12483,#12491,#12497,#12498,#12499));
#12473 = ORIENTED_EDGE('',*,*,#12474,.F.);
#12474 = EDGE_CURVE('',#12475,#12477,#12479,.T.);
#12475 = VERTEX_POINT('',#12476);
#12476 = CARTESIAN_POINT('',(-120.9392190063,10.006937823951,6.1));
#12477 = VERTEX_POINT('',#12478);
#12478 = CARTESIAN_POINT('',(-121.326,10.4777,6.1));
#12479 = LINE('',#12480,#12481);
#12480 = CARTESIAN_POINT('',(-120.3957066529,9.345413440836,6.1));
#12481 = VECTOR('',#12482,1.);
#12482 = DIRECTION('',(-0.634821244028,0.772659037435,0.));
#12483 = ORIENTED_EDGE('',*,*,#12484,.F.);
#12484 = EDGE_CURVE('',#12485,#12475,#12487,.T.);
#12485 = VERTEX_POINT('',#12486);
#12486 = CARTESIAN_POINT('',(-120.9392190063,10.00693782395,7.1));
#12487 = LINE('',#12488,#12489);
#12488 = CARTESIAN_POINT('',(-120.9392190063,10.00693782395,1.1));
#12489 = VECTOR('',#12490,1.);
#12490 = DIRECTION('',(0.,0.,-1.));
#12491 = ORIENTED_EDGE('',*,*,#12492,.F.);
#12492 = EDGE_CURVE('',#12451,#12485,#12493,.T.);
#12493 = LINE('',#12494,#12495);
#12494 = CARTESIAN_POINT('',(-120.3957066529,9.345413440836,7.1));
#12495 = VECTOR('',#12496,1.);
#12496 = DIRECTION('',(-0.634821244028,0.772659037435,0.));
#12497 = ORIENTED_EDGE('',*,*,#12460,.T.);
#12498 = ORIENTED_EDGE('',*,*,#3795,.F.);
#12499 = ORIENTED_EDGE('',*,*,#12500,.F.);
#12500 = EDGE_CURVE('',#12477,#3788,#12501,.T.);
#12501 = LINE('',#12502,#12503);
#12502 = CARTESIAN_POINT('',(-121.326,10.4777,2.5));
#12503 = VECTOR('',#12504,1.);
#12504 = DIRECTION('',(0.,0.,1.));
#12505 = PLANE('',#12506);
#12506 = AXIS2_PLACEMENT_3D('',#12507,#12508,#12509);
#12507 = CARTESIAN_POINT('',(-120.828,9.87157,2.5));
#12508 = DIRECTION('',(0.772659037435,0.634821244028,0.));
#12509 = DIRECTION('',(0.634821244028,-0.772659037435,0.));
#12510 = ADVANCED_FACE('',(#12511),#12529,.T.);
#12511 = FACE_BOUND('',#12512,.F.);
#12512 = EDGE_LOOP('',(#12513,#12521,#12522,#12523));
#12513 = ORIENTED_EDGE('',*,*,#12514,.F.);
#12514 = EDGE_CURVE('',#12477,#12515,#12517,.T.);
#12515 = VERTEX_POINT('',#12516);
#12516 = CARTESIAN_POINT('',(-121.696,11.1693,6.1));
#12517 = LINE('',#12518,#12519);
#12518 = CARTESIAN_POINT('',(-120.8571096347,9.601255198311,6.1));
#12519 = VECTOR('',#12520,1.);
#12520 = DIRECTION('',(-0.471726021219,0.881745179122,0.));
#12521 = ORIENTED_EDGE('',*,*,#12500,.T.);
#12522 = ORIENTED_EDGE('',*,*,#3787,.F.);
#12523 = ORIENTED_EDGE('',*,*,#12524,.F.);
#12524 = EDGE_CURVE('',#12515,#3780,#12525,.T.);
#12525 = LINE('',#12526,#12527);
#12526 = CARTESIAN_POINT('',(-121.696,11.1693,2.5));
#12527 = VECTOR('',#12528,1.);
#12528 = DIRECTION('',(0.,0.,1.));
#12529 = PLANE('',#12530);
#12530 = AXIS2_PLACEMENT_3D('',#12531,#12532,#12533);
#12531 = CARTESIAN_POINT('',(-121.326,10.4777,2.5));
#12532 = DIRECTION('',(0.881745179122,0.471726021219,0.));
#12533 = DIRECTION('',(0.471726021219,-0.881745179122,0.));
#12534 = ADVANCED_FACE('',(#12535),#12569,.T.);
#12535 = FACE_BOUND('',#12536,.F.);
#12536 = EDGE_LOOP('',(#12537,#12547,#12555,#12561,#12562,#12563));
#12537 = ORIENTED_EDGE('',*,*,#12538,.F.);
#12538 = EDGE_CURVE('',#12539,#12541,#12543,.T.);
#12539 = VERTEX_POINT('',#12540);
#12540 = CARTESIAN_POINT('',(-121.7130012233,11.225493911453,2.5));
#12541 = VERTEX_POINT('',#12542);
#12542 = CARTESIAN_POINT('',(-121.923,11.9196,2.5));
#12543 = LINE('',#12544,#12545);
#12544 = CARTESIAN_POINT('',(-121.696,11.1693,2.5));
#12545 = VECTOR('',#12546,1.);
#12546 = DIRECTION('',(-0.289582493074,0.957153059706,0.));
#12547 = ORIENTED_EDGE('',*,*,#12548,.F.);
#12548 = EDGE_CURVE('',#12549,#12539,#12551,.T.);
#12549 = VERTEX_POINT('',#12550);
#12550 = CARTESIAN_POINT('',(-121.7130012233,11.225493911453,6.1));
#12551 = LINE('',#12552,#12553);
#12552 = CARTESIAN_POINT('',(-121.7130012233,11.225493911453,0.));
#12553 = VECTOR('',#12554,1.);
#12554 = DIRECTION('',(0.,0.,-1.));
#12555 = ORIENTED_EDGE('',*,*,#12556,.F.);
#12556 = EDGE_CURVE('',#12515,#12549,#12557,.T.);
#12557 = LINE('',#12558,#12559);
#12558 = CARTESIAN_POINT('',(-121.3310037571,9.962882903011,6.1));
#12559 = VECTOR('',#12560,1.);
#12560 = DIRECTION('',(-0.289582493074,0.957153059706,0.));
#12561 = ORIENTED_EDGE('',*,*,#12524,.T.);
#12562 = ORIENTED_EDGE('',*,*,#3779,.F.);
#12563 = ORIENTED_EDGE('',*,*,#12564,.F.);
#12564 = EDGE_CURVE('',#12541,#3772,#12565,.T.);
#12565 = LINE('',#12566,#12567);
#12566 = CARTESIAN_POINT('',(-121.923,11.9196,2.5));
#12567 = VECTOR('',#12568,1.);
#12568 = DIRECTION('',(0.,0.,1.));
#12569 = PLANE('',#12570);
#12570 = AXIS2_PLACEMENT_3D('',#12571,#12572,#12573);
#12571 = CARTESIAN_POINT('',(-121.696,11.1693,2.5));
#12572 = DIRECTION('',(0.957153059706,0.289582493074,0.));
#12573 = DIRECTION('',(0.289582493074,-0.957153059706,0.));
#12574 = ADVANCED_FACE('',(#12575),#12593,.T.);
#12575 = FACE_BOUND('',#12576,.F.);
#12576 = EDGE_LOOP('',(#12577,#12585,#12586,#12587));
#12577 = ORIENTED_EDGE('',*,*,#12578,.F.);
#12578 = EDGE_CURVE('',#12541,#12579,#12581,.T.);
#12579 = VERTEX_POINT('',#12580);
#12580 = CARTESIAN_POINT('',(-122.,12.7,2.5));
#12581 = LINE('',#12582,#12583);
#12582 = CARTESIAN_POINT('',(-121.923,11.9196,2.5));
#12583 = VECTOR('',#12584,1.);
#12584 = DIRECTION('',(-9.819055310694E-02,0.995167631749,0.));
#12585 = ORIENTED_EDGE('',*,*,#12564,.T.);
#12586 = ORIENTED_EDGE('',*,*,#3771,.F.);
#12587 = ORIENTED_EDGE('',*,*,#12588,.F.);
#12588 = EDGE_CURVE('',#12579,#3764,#12589,.T.);
#12589 = LINE('',#12590,#12591);
#12590 = CARTESIAN_POINT('',(-122.,12.7,2.5));
#12591 = VECTOR('',#12592,1.);
#12592 = DIRECTION('',(0.,0.,1.));
#12593 = PLANE('',#12594);
#12594 = AXIS2_PLACEMENT_3D('',#12595,#12596,#12597);
#12595 = CARTESIAN_POINT('',(-121.923,11.9196,2.5));
#12596 = DIRECTION('',(0.995167631749,9.819055310694E-02,0.));
#12597 = DIRECTION('',(9.819055310694E-02,-0.995167631749,0.));
#12598 = ADVANCED_FACE('',(#12599),#12617,.T.);
#12599 = FACE_BOUND('',#12600,.F.);
#12600 = EDGE_LOOP('',(#12601,#12609,#12610,#12611));
#12601 = ORIENTED_EDGE('',*,*,#12602,.F.);
#12602 = EDGE_CURVE('',#12579,#12603,#12605,.T.);
#12603 = VERTEX_POINT('',#12604);
#12604 = CARTESIAN_POINT('',(-122.,57.,2.5));
#12605 = LINE('',#12606,#12607);
#12606 = CARTESIAN_POINT('',(-122.,12.7,2.5));
#12607 = VECTOR('',#12608,1.);
#12608 = DIRECTION('',(0.,1.,0.));
#12609 = ORIENTED_EDGE('',*,*,#12588,.T.);
#12610 = ORIENTED_EDGE('',*,*,#3763,.F.);
#12611 = ORIENTED_EDGE('',*,*,#12612,.F.);
#12612 = EDGE_CURVE('',#12603,#3756,#12613,.T.);
#12613 = LINE('',#12614,#12615);
#12614 = CARTESIAN_POINT('',(-122.,57.,2.5));
#12615 = VECTOR('',#12616,1.);
#12616 = DIRECTION('',(0.,0.,1.));
#12617 = PLANE('',#12618);
#12618 = AXIS2_PLACEMENT_3D('',#12619,#12620,#12621);
#12619 = CARTESIAN_POINT('',(-122.,12.7,2.5));
#12620 = DIRECTION('',(1.,0.,0.));
#12621 = DIRECTION('',(0.,-1.,0.));
#12622 = ADVANCED_FACE('',(#12623),#12641,.T.);
#12623 = FACE_BOUND('',#12624,.F.);
#12624 = EDGE_LOOP('',(#12625,#12633,#12634,#12635));
#12625 = ORIENTED_EDGE('',*,*,#12626,.F.);
#12626 = EDGE_CURVE('',#12603,#12627,#12629,.T.);
#12627 = VERTEX_POINT('',#12628);
#12628 = CARTESIAN_POINT('',(-121.923,57.7804,2.5));
#12629 = LINE('',#12630,#12631);
#12630 = CARTESIAN_POINT('',(-122.,57.,2.5));
#12631 = VECTOR('',#12632,1.);
#12632 = DIRECTION('',(9.819055310694E-02,0.995167631749,0.));
#12633 = ORIENTED_EDGE('',*,*,#12612,.T.);
#12634 = ORIENTED_EDGE('',*,*,#3755,.F.);
#12635 = ORIENTED_EDGE('',*,*,#12636,.F.);
#12636 = EDGE_CURVE('',#12627,#3748,#12637,.T.);
#12637 = LINE('',#12638,#12639);
#12638 = CARTESIAN_POINT('',(-121.923,57.7804,2.5));
#12639 = VECTOR('',#12640,1.);
#12640 = DIRECTION('',(0.,0.,1.));
#12641 = PLANE('',#12642);
#12642 = AXIS2_PLACEMENT_3D('',#12643,#12644,#12645);
#12643 = CARTESIAN_POINT('',(-122.,57.,2.5));
#12644 = DIRECTION('',(0.995167631749,-9.819055310694E-02,0.));
#12645 = DIRECTION('',(-9.819055310694E-02,-0.995167631749,0.));
#12646 = ADVANCED_FACE('',(#12647),#12665,.T.);
#12647 = FACE_BOUND('',#12648,.F.);
#12648 = EDGE_LOOP('',(#12649,#12657,#12658,#12659));
#12649 = ORIENTED_EDGE('',*,*,#12650,.F.);
#12650 = EDGE_CURVE('',#12627,#12651,#12653,.T.);
#12651 = VERTEX_POINT('',#12652);
#12652 = CARTESIAN_POINT('',(-121.696,58.5307,2.5));
#12653 = LINE('',#12654,#12655);
#12654 = CARTESIAN_POINT('',(-121.923,57.7804,2.5));
#12655 = VECTOR('',#12656,1.);
#12656 = DIRECTION('',(0.289582493074,0.957153059706,0.));
#12657 = ORIENTED_EDGE('',*,*,#12636,.T.);
#12658 = ORIENTED_EDGE('',*,*,#3747,.F.);
#12659 = ORIENTED_EDGE('',*,*,#12660,.F.);
#12660 = EDGE_CURVE('',#12651,#3740,#12661,.T.);
#12661 = LINE('',#12662,#12663);
#12662 = CARTESIAN_POINT('',(-121.696,58.5307,2.5));
#12663 = VECTOR('',#12664,1.);
#12664 = DIRECTION('',(0.,0.,1.));
#12665 = PLANE('',#12666);
#12666 = AXIS2_PLACEMENT_3D('',#12667,#12668,#12669);
#12667 = CARTESIAN_POINT('',(-121.923,57.7804,2.5));
#12668 = DIRECTION('',(0.957153059706,-0.289582493074,0.));
#12669 = DIRECTION('',(-0.289582493074,-0.957153059706,0.));
#12670 = ADVANCED_FACE('',(#12671),#12705,.T.);
#12671 = FACE_BOUND('',#12672,.F.);
#12672 = EDGE_LOOP('',(#12673,#12681,#12682,#12683,#12691,#12699));
#12673 = ORIENTED_EDGE('',*,*,#12674,.F.);
#12674 = EDGE_CURVE('',#12651,#12675,#12677,.T.);
#12675 = VERTEX_POINT('',#12676);
#12676 = CARTESIAN_POINT('',(-121.5163194679,58.866556907938,2.5));
#12677 = LINE('',#12678,#12679);
#12678 = CARTESIAN_POINT('',(-121.696,58.5307,2.5));
#12679 = VECTOR('',#12680,1.);
#12680 = DIRECTION('',(0.471726021219,0.881745179122,0.));
#12681 = ORIENTED_EDGE('',*,*,#12660,.T.);
#12682 = ORIENTED_EDGE('',*,*,#3739,.F.);
#12683 = ORIENTED_EDGE('',*,*,#12684,.F.);
#12684 = EDGE_CURVE('',#12685,#3732,#12687,.T.);
#12685 = VERTEX_POINT('',#12686);
#12686 = CARTESIAN_POINT('',(-121.326,59.2223,6.1));
#12687 = LINE('',#12688,#12689);
#12688 = CARTESIAN_POINT('',(-121.326,59.2223,2.5));
#12689 = VECTOR('',#12690,1.);
#12690 = DIRECTION('',(0.,0.,1.));
#12691 = ORIENTED_EDGE('',*,*,#12692,.F.);
#12692 = EDGE_CURVE('',#12693,#12685,#12695,.T.);
#12693 = VERTEX_POINT('',#12694);
#12694 = CARTESIAN_POINT('',(-121.5163194679,58.866556907938,6.1));
#12695 = LINE('',#12696,#12697);
#12696 = CARTESIAN_POINT('',(-120.9864782749,59.856930337958,6.1));
#12697 = VECTOR('',#12698,1.);
#12698 = DIRECTION('',(0.471726021219,0.881745179122,0.));
#12699 = ORIENTED_EDGE('',*,*,#12700,.T.);
#12700 = EDGE_CURVE('',#12693,#12675,#12701,.T.);
#12701 = LINE('',#12702,#12703);
#12702 = CARTESIAN_POINT('',(-121.5163194679,58.866556907938,0.));
#12703 = VECTOR('',#12704,1.);
#12704 = DIRECTION('',(0.,0.,-1.));
#12705 = PLANE('',#12706);
#12706 = AXIS2_PLACEMENT_3D('',#12707,#12708,#12709);
#12707 = CARTESIAN_POINT('',(-121.696,58.5307,2.5));
#12708 = DIRECTION('',(0.881745179122,-0.471726021219,0.));
#12709 = DIRECTION('',(-0.471726021219,-0.881745179122,0.));
#12710 = ADVANCED_FACE('',(#12711),#12729,.T.);
#12711 = FACE_BOUND('',#12712,.F.);
#12712 = EDGE_LOOP('',(#12713,#12721,#12722,#12723));
#12713 = ORIENTED_EDGE('',*,*,#12714,.F.);
#12714 = EDGE_CURVE('',#12685,#12715,#12717,.T.);
#12715 = VERTEX_POINT('',#12716);
#12716 = CARTESIAN_POINT('',(-120.828,59.8284,6.1));
#12717 = LINE('',#12718,#12719);
#12718 = CARTESIAN_POINT('',(-120.5439264426,60.174136913816,6.1));
#12719 = VECTOR('',#12720,1.);
#12720 = DIRECTION('',(0.63484000223,0.772643625204,0.));
#12721 = ORIENTED_EDGE('',*,*,#12684,.T.);
#12722 = ORIENTED_EDGE('',*,*,#3731,.F.);
#12723 = ORIENTED_EDGE('',*,*,#12724,.F.);
#12724 = EDGE_CURVE('',#12715,#3724,#12725,.T.);
#12725 = LINE('',#12726,#12727);
#12726 = CARTESIAN_POINT('',(-120.828,59.8284,2.5));
#12727 = VECTOR('',#12728,1.);
#12728 = DIRECTION('',(0.,0.,1.));
#12729 = PLANE('',#12730);
#12730 = AXIS2_PLACEMENT_3D('',#12731,#12732,#12733);
#12731 = CARTESIAN_POINT('',(-121.326,59.2223,2.5));
#12732 = DIRECTION('',(0.772643625204,-0.63484000223,0.));
#12733 = DIRECTION('',(-0.63484000223,-0.772643625204,0.));
#12734 = ADVANCED_FACE('',(#12735),#12769,.T.);
#12735 = FACE_BOUND('',#12736,.F.);
#12736 = EDGE_LOOP('',(#12737,#12745,#12746,#12747,#12755,#12763));
#12737 = ORIENTED_EDGE('',*,*,#12738,.F.);
#12738 = EDGE_CURVE('',#12715,#12739,#12741,.T.);
#12739 = VERTEX_POINT('',#12740);
#12740 = CARTESIAN_POINT('',(-120.5817992244,60.03052027364,6.1));
#12741 = LINE('',#12742,#12743);
#12742 = CARTESIAN_POINT('',(-120.1173080522,60.411847597347,6.1));
#12743 = VECTOR('',#12744,1.);
#12744 = DIRECTION('',(0.77290495764,0.634521809283,0.));
#12745 = ORIENTED_EDGE('',*,*,#12724,.T.);
#12746 = ORIENTED_EDGE('',*,*,#3723,.F.);
#12747 = ORIENTED_EDGE('',*,*,#12748,.F.);
#12748 = EDGE_CURVE('',#12749,#3716,#12751,.T.);
#12749 = VERTEX_POINT('',#12750);
#12750 = CARTESIAN_POINT('',(-120.222,60.3259,7.1));
#12751 = LINE('',#12752,#12753);
#12752 = CARTESIAN_POINT('',(-120.222,60.3259,2.5));
#12753 = VECTOR('',#12754,1.);
#12754 = DIRECTION('',(0.,0.,1.));
#12755 = ORIENTED_EDGE('',*,*,#12756,.F.);
#12756 = EDGE_CURVE('',#12757,#12749,#12759,.T.);
#12757 = VERTEX_POINT('',#12758);
#12758 = CARTESIAN_POINT('',(-120.5817992244,60.03052027364,7.1));
#12759 = LINE('',#12760,#12761);
#12760 = CARTESIAN_POINT('',(-120.1173080522,60.411847597347,7.1));
#12761 = VECTOR('',#12762,1.);
#12762 = DIRECTION('',(0.77290495764,0.634521809283,0.));
#12763 = ORIENTED_EDGE('',*,*,#12764,.T.);
#12764 = EDGE_CURVE('',#12757,#12739,#12765,.T.);
#12765 = LINE('',#12766,#12767);
#12766 = CARTESIAN_POINT('',(-120.5817992244,60.03052027364,1.1));
#12767 = VECTOR('',#12768,1.);
#12768 = DIRECTION('',(0.,0.,-1.));
#12769 = PLANE('',#12770);
#12770 = AXIS2_PLACEMENT_3D('',#12771,#12772,#12773);
#12771 = CARTESIAN_POINT('',(-120.828,59.8284,2.5));
#12772 = DIRECTION('',(0.634521809283,-0.77290495764,0.));
#12773 = DIRECTION('',(-0.77290495764,-0.634521809283,0.));
#12774 = ADVANCED_FACE('',(#12775),#12793,.T.);
#12775 = FACE_BOUND('',#12776,.F.);
#12776 = EDGE_LOOP('',(#12777,#12785,#12786,#12787));
#12777 = ORIENTED_EDGE('',*,*,#12778,.F.);
#12778 = EDGE_CURVE('',#12749,#12779,#12781,.T.);
#12779 = VERTEX_POINT('',#12780);
#12780 = CARTESIAN_POINT('',(-119.531,60.6955,7.1));
#12781 = LINE('',#12782,#12783);
#12782 = CARTESIAN_POINT('',(-119.7107143928,60.599374906523,7.1));
#12783 = VECTOR('',#12784,1.);
#12784 = DIRECTION('',(0.881787110414,0.471647635324,0.));
#12785 = ORIENTED_EDGE('',*,*,#12748,.T.);
#12786 = ORIENTED_EDGE('',*,*,#3715,.F.);
#12787 = ORIENTED_EDGE('',*,*,#12788,.F.);
#12788 = EDGE_CURVE('',#12779,#3708,#12789,.T.);
#12789 = LINE('',#12790,#12791);
#12790 = CARTESIAN_POINT('',(-119.531,60.6955,2.5));
#12791 = VECTOR('',#12792,1.);
#12792 = DIRECTION('',(0.,0.,1.));
#12793 = PLANE('',#12794);
#12794 = AXIS2_PLACEMENT_3D('',#12795,#12796,#12797);
#12795 = CARTESIAN_POINT('',(-120.222,60.3259,2.5));
#12796 = DIRECTION('',(0.471647635324,-0.881787110414,0.));
#12797 = DIRECTION('',(-0.881787110414,-0.471647635324,0.));
#12798 = ADVANCED_FACE('',(#12799),#12817,.T.);
#12799 = FACE_BOUND('',#12800,.F.);
#12800 = EDGE_LOOP('',(#12801,#12809,#12810,#12811));
#12801 = ORIENTED_EDGE('',*,*,#12802,.F.);
#12802 = EDGE_CURVE('',#12779,#12803,#12805,.T.);
#12803 = VERTEX_POINT('',#12804);
#12804 = CARTESIAN_POINT('',(-118.78,60.9231,7.1));
#12805 = LINE('',#12806,#12807);
#12806 = CARTESIAN_POINT('',(-119.3149663911,60.76097170357,7.1));
#12807 = VECTOR('',#12808,1.);
#12808 = DIRECTION('',(0.957015829939,0.290035689606,0.));
#12809 = ORIENTED_EDGE('',*,*,#12788,.T.);
#12810 = ORIENTED_EDGE('',*,*,#3707,.F.);
#12811 = ORIENTED_EDGE('',*,*,#12812,.F.);
#12812 = EDGE_CURVE('',#12803,#3700,#12813,.T.);
#12813 = LINE('',#12814,#12815);
#12814 = CARTESIAN_POINT('',(-118.78,60.9231,2.5));
#12815 = VECTOR('',#12816,1.);
#12816 = DIRECTION('',(0.,0.,1.));
#12817 = PLANE('',#12818);
#12818 = AXIS2_PLACEMENT_3D('',#12819,#12820,#12821);
#12819 = CARTESIAN_POINT('',(-119.531,60.6955,2.5));
#12820 = DIRECTION('',(0.290035689606,-0.957015829939,0.));
#12821 = DIRECTION('',(-0.957015829939,-0.290035689606,0.));
#12822 = ADVANCED_FACE('',(#12823),#12841,.T.);
#12823 = FACE_BOUND('',#12824,.F.);
#12824 = EDGE_LOOP('',(#12825,#12833,#12834,#12835));
#12825 = ORIENTED_EDGE('',*,*,#12826,.F.);
#12826 = EDGE_CURVE('',#12803,#12827,#12829,.T.);
#12827 = VERTEX_POINT('',#12828);
#12828 = CARTESIAN_POINT('',(-118.,61.,7.1));
#12829 = LINE('',#12830,#12831);
#12830 = CARTESIAN_POINT('',(-118.9095969856,60.910323066415,7.1));
#12831 = VECTOR('',#12832,1.);
#12832 = DIRECTION('',(0.995175175621,9.811406539136E-02,0.));
#12833 = ORIENTED_EDGE('',*,*,#12812,.T.);
#12834 = ORIENTED_EDGE('',*,*,#3699,.F.);
#12835 = ORIENTED_EDGE('',*,*,#12836,.F.);
#12836 = EDGE_CURVE('',#12827,#3692,#12837,.T.);
#12837 = LINE('',#12838,#12839);
#12838 = CARTESIAN_POINT('',(-118.,61.,2.5));
#12839 = VECTOR('',#12840,1.);
#12840 = DIRECTION('',(0.,0.,1.));
#12841 = PLANE('',#12842);
#12842 = AXIS2_PLACEMENT_3D('',#12843,#12844,#12845);
#12843 = CARTESIAN_POINT('',(-118.78,60.9231,2.5));
#12844 = DIRECTION('',(9.811406539136E-02,-0.995175175621,0.));
#12845 = DIRECTION('',(-0.995175175621,-9.811406539136E-02,0.));
#12846 = ADVANCED_FACE('',(#12847),#12897,.T.);
#12847 = FACE_BOUND('',#12848,.F.);
#12848 = EDGE_LOOP('',(#12849,#12859,#12867,#12875,#12883,#12889,#12890,
    #12891));
#12849 = ORIENTED_EDGE('',*,*,#12850,.F.);
#12850 = EDGE_CURVE('',#12851,#12853,#12855,.T.);
#12851 = VERTEX_POINT('',#12852);
#12852 = CARTESIAN_POINT('',(-116.0419601084,61.,2.5));
#12853 = VERTEX_POINT('',#12854);
#12854 = CARTESIAN_POINT('',(-88.2647,61.,2.5));
#12855 = LINE('',#12856,#12857);
#12856 = CARTESIAN_POINT('',(-118.,61.,2.5));
#12857 = VECTOR('',#12858,1.);
#12858 = DIRECTION('',(1.,0.,0.));
#12859 = ORIENTED_EDGE('',*,*,#12860,.F.);
#12860 = EDGE_CURVE('',#12861,#12851,#12863,.T.);
#12861 = VERTEX_POINT('',#12862);
#12862 = CARTESIAN_POINT('',(-116.0419601084,61.,6.1));
#12863 = LINE('',#12864,#12865);
#12864 = CARTESIAN_POINT('',(-116.0419601084,61.,0.));
#12865 = VECTOR('',#12866,1.);
#12866 = DIRECTION('',(0.,0.,-1.));
#12867 = ORIENTED_EDGE('',*,*,#12868,.F.);
#12868 = EDGE_CURVE('',#12869,#12861,#12871,.T.);
#12869 = VERTEX_POINT('',#12870);
#12870 = CARTESIAN_POINT('',(-117.4275814806,61.,6.1));
#12871 = LINE('',#12872,#12873);
#12872 = CARTESIAN_POINT('',(-118.5,61.,6.1));
#12873 = VECTOR('',#12874,1.);
#12874 = DIRECTION('',(1.,0.,0.));
#12875 = ORIENTED_EDGE('',*,*,#12876,.F.);
#12876 = EDGE_CURVE('',#12877,#12869,#12879,.T.);
#12877 = VERTEX_POINT('',#12878);
#12878 = CARTESIAN_POINT('',(-117.4275814806,61.,7.1));
#12879 = LINE('',#12880,#12881);
#12880 = CARTESIAN_POINT('',(-117.4275814806,61.,1.1));
#12881 = VECTOR('',#12882,1.);
#12882 = DIRECTION('',(0.,0.,-1.));
#12883 = ORIENTED_EDGE('',*,*,#12884,.F.);
#12884 = EDGE_CURVE('',#12827,#12877,#12885,.T.);
#12885 = LINE('',#12886,#12887);
#12886 = CARTESIAN_POINT('',(-118.5,61.,7.1));
#12887 = VECTOR('',#12888,1.);
#12888 = DIRECTION('',(1.,0.,0.));
#12889 = ORIENTED_EDGE('',*,*,#12836,.T.);
#12890 = ORIENTED_EDGE('',*,*,#3691,.F.);
#12891 = ORIENTED_EDGE('',*,*,#12892,.F.);
#12892 = EDGE_CURVE('',#12853,#3684,#12893,.T.);
#12893 = LINE('',#12894,#12895);
#12894 = CARTESIAN_POINT('',(-88.2647,61.,2.5));
#12895 = VECTOR('',#12896,1.);
#12896 = DIRECTION('',(0.,0.,1.));
#12897 = PLANE('',#12898);
#12898 = AXIS2_PLACEMENT_3D('',#12899,#12900,#12901);
#12899 = CARTESIAN_POINT('',(-118.,61.,2.5));
#12900 = DIRECTION('',(-0.,-1.,-0.));
#12901 = DIRECTION('',(-1.,0.,0.));
#12902 = ADVANCED_FACE('',(#12903),#12921,.T.);
#12903 = FACE_BOUND('',#12904,.F.);
#12904 = EDGE_LOOP('',(#12905,#12913,#12914,#12915));
#12905 = ORIENTED_EDGE('',*,*,#12906,.F.);
#12906 = EDGE_CURVE('',#12853,#12907,#12909,.T.);
#12907 = VERTEX_POINT('',#12908);
#12908 = CARTESIAN_POINT('',(-87.4843,60.9231,2.5));
#12909 = LINE('',#12910,#12911);
#12910 = CARTESIAN_POINT('',(-88.2647,61.,2.5));
#12911 = VECTOR('',#12912,1.);
#12912 = DIRECTION('',(0.995180084663,-9.80642600084E-02,0.));
#12913 = ORIENTED_EDGE('',*,*,#12892,.T.);
#12914 = ORIENTED_EDGE('',*,*,#3683,.F.);
#12915 = ORIENTED_EDGE('',*,*,#12916,.F.);
#12916 = EDGE_CURVE('',#12907,#3676,#12917,.T.);
#12917 = LINE('',#12918,#12919);
#12918 = CARTESIAN_POINT('',(-87.4843,60.9231,2.5));
#12919 = VECTOR('',#12920,1.);
#12920 = DIRECTION('',(0.,0.,1.));
#12921 = PLANE('',#12922);
#12922 = AXIS2_PLACEMENT_3D('',#12923,#12924,#12925);
#12923 = CARTESIAN_POINT('',(-88.2647,61.,2.5));
#12924 = DIRECTION('',(-9.80642600084E-02,-0.995180084663,-0.));
#12925 = DIRECTION('',(-0.995180084663,9.80642600084E-02,0.));
#12926 = ADVANCED_FACE('',(#12927),#12945,.T.);
#12927 = FACE_BOUND('',#12928,.F.);
#12928 = EDGE_LOOP('',(#12929,#12937,#12938,#12939));
#12929 = ORIENTED_EDGE('',*,*,#12930,.F.);
#12930 = EDGE_CURVE('',#12907,#12931,#12933,.T.);
#12931 = VERTEX_POINT('',#12932);
#12932 = CARTESIAN_POINT('',(-86.7339,60.6955,2.5));
#12933 = LINE('',#12934,#12935);
#12934 = CARTESIAN_POINT('',(-87.4843,60.9231,2.5));
#12935 = VECTOR('',#12936,1.);
#12936 = DIRECTION('',(0.95695144116,-0.290248065043,0.));
#12937 = ORIENTED_EDGE('',*,*,#12916,.T.);
#12938 = ORIENTED_EDGE('',*,*,#3675,.F.);
#12939 = ORIENTED_EDGE('',*,*,#12940,.F.);
#12940 = EDGE_CURVE('',#12931,#3668,#12941,.T.);
#12941 = LINE('',#12942,#12943);
#12942 = CARTESIAN_POINT('',(-86.7339,60.6955,2.5));
#12943 = VECTOR('',#12944,1.);
#12944 = DIRECTION('',(0.,0.,1.));
#12945 = PLANE('',#12946);
#12946 = AXIS2_PLACEMENT_3D('',#12947,#12948,#12949);
#12947 = CARTESIAN_POINT('',(-87.4843,60.9231,2.5));
#12948 = DIRECTION('',(-0.290248065043,-0.95695144116,-0.));
#12949 = DIRECTION('',(-0.95695144116,0.290248065043,0.));
#12950 = ADVANCED_FACE('',(#12951),#12969,.T.);
#12951 = FACE_BOUND('',#12952,.F.);
#12952 = EDGE_LOOP('',(#12953,#12961,#12962,#12963));
#12953 = ORIENTED_EDGE('',*,*,#12954,.F.);
#12954 = EDGE_CURVE('',#12931,#12955,#12957,.T.);
#12955 = VERTEX_POINT('',#12956);
#12956 = CARTESIAN_POINT('',(-86.0424,60.3259,2.5));
#12957 = LINE('',#12958,#12959);
#12958 = CARTESIAN_POINT('',(-86.7339,60.6955,2.5));
#12959 = VECTOR('',#12960,1.);
#12960 = DIRECTION('',(0.881928926211,-0.471382402209,0.));
#12961 = ORIENTED_EDGE('',*,*,#12940,.T.);
#12962 = ORIENTED_EDGE('',*,*,#3667,.F.);
#12963 = ORIENTED_EDGE('',*,*,#12964,.F.);
#12964 = EDGE_CURVE('',#12955,#3660,#12965,.T.);
#12965 = LINE('',#12966,#12967);
#12966 = CARTESIAN_POINT('',(-86.0424,60.3259,2.5));
#12967 = VECTOR('',#12968,1.);
#12968 = DIRECTION('',(0.,0.,1.));
#12969 = PLANE('',#12970);
#12970 = AXIS2_PLACEMENT_3D('',#12971,#12972,#12973);
#12971 = CARTESIAN_POINT('',(-86.7339,60.6955,2.5));
#12972 = DIRECTION('',(-0.471382402209,-0.881928926211,-0.));
#12973 = DIRECTION('',(-0.881928926211,0.471382402209,0.));
#12974 = ADVANCED_FACE('',(#12975),#12993,.T.);
#12975 = FACE_BOUND('',#12976,.F.);
#12976 = EDGE_LOOP('',(#12977,#12985,#12986,#12987));
#12977 = ORIENTED_EDGE('',*,*,#12978,.F.);
#12978 = EDGE_CURVE('',#12955,#12979,#12981,.T.);
#12979 = VERTEX_POINT('',#12980);
#12980 = CARTESIAN_POINT('',(-85.4362,59.8284,2.5));
#12981 = LINE('',#12982,#12983);
#12982 = CARTESIAN_POINT('',(-86.0424,60.3259,2.5));
#12983 = VECTOR('',#12984,1.);
#12984 = DIRECTION('',(0.773007628723,-0.634396725981,0.));
#12985 = ORIENTED_EDGE('',*,*,#12964,.T.);
#12986 = ORIENTED_EDGE('',*,*,#3659,.F.);
#12987 = ORIENTED_EDGE('',*,*,#12988,.F.);
#12988 = EDGE_CURVE('',#12979,#3652,#12989,.T.);
#12989 = LINE('',#12990,#12991);
#12990 = CARTESIAN_POINT('',(-85.4362,59.8284,2.5));
#12991 = VECTOR('',#12992,1.);
#12992 = DIRECTION('',(0.,0.,1.));
#12993 = PLANE('',#12994);
#12994 = AXIS2_PLACEMENT_3D('',#12995,#12996,#12997);
#12995 = CARTESIAN_POINT('',(-86.0424,60.3259,2.5));
#12996 = DIRECTION('',(-0.634396725981,-0.773007628723,-0.));
#12997 = DIRECTION('',(-0.773007628723,0.634396725981,0.));
#12998 = ADVANCED_FACE('',(#12999),#13017,.T.);
#12999 = FACE_BOUND('',#13000,.F.);
#13000 = EDGE_LOOP('',(#13001,#13009,#13010,#13011));
#13001 = ORIENTED_EDGE('',*,*,#13002,.F.);
#13002 = EDGE_CURVE('',#12979,#13003,#13005,.T.);
#13003 = VERTEX_POINT('',#13004);
#13004 = CARTESIAN_POINT('',(-85.0387,59.4309,2.5));
#13005 = LINE('',#13006,#13007);
#13006 = CARTESIAN_POINT('',(-85.4362,59.8284,2.5));
#13007 = VECTOR('',#13008,1.);
#13008 = DIRECTION('',(0.707106781187,-0.707106781187,0.));
#13009 = ORIENTED_EDGE('',*,*,#12988,.T.);
#13010 = ORIENTED_EDGE('',*,*,#3651,.F.);
#13011 = ORIENTED_EDGE('',*,*,#13012,.F.);
#13012 = EDGE_CURVE('',#13003,#3644,#13013,.T.);
#13013 = LINE('',#13014,#13015);
#13014 = CARTESIAN_POINT('',(-85.0387,59.4309,2.5));
#13015 = VECTOR('',#13016,1.);
#13016 = DIRECTION('',(0.,0.,1.));
#13017 = PLANE('',#13018);
#13018 = AXIS2_PLACEMENT_3D('',#13019,#13020,#13021);
#13019 = CARTESIAN_POINT('',(-85.4362,59.8284,2.5));
#13020 = DIRECTION('',(-0.707106781187,-0.707106781187,-0.));
#13021 = DIRECTION('',(-0.707106781187,0.707106781187,0.));
#13022 = ADVANCED_FACE('',(#13023),#13041,.T.);
#13023 = FACE_BOUND('',#13024,.F.);
#13024 = EDGE_LOOP('',(#13025,#13033,#13034,#13035));
#13025 = ORIENTED_EDGE('',*,*,#13026,.F.);
#13026 = EDGE_CURVE('',#13003,#13027,#13029,.T.);
#13027 = VERTEX_POINT('',#13028);
#13028 = CARTESIAN_POINT('',(-83.7379,58.5617,2.5));
#13029 = LINE('',#13030,#13031);
#13030 = CARTESIAN_POINT('',(-85.0387,59.4309,2.5));
#13031 = VECTOR('',#13032,1.);
#13032 = DIRECTION('',(0.831459801075,-0.555584916278,0.));
#13033 = ORIENTED_EDGE('',*,*,#13012,.T.);
#13034 = ORIENTED_EDGE('',*,*,#3643,.F.);
#13035 = ORIENTED_EDGE('',*,*,#13036,.F.);
#13036 = EDGE_CURVE('',#13027,#3636,#13037,.T.);
#13037 = LINE('',#13038,#13039);
#13038 = CARTESIAN_POINT('',(-83.7379,58.5617,2.5));
#13039 = VECTOR('',#13040,1.);
#13040 = DIRECTION('',(0.,0.,1.));
#13041 = PLANE('',#13042);
#13042 = AXIS2_PLACEMENT_3D('',#13043,#13044,#13045);
#13043 = CARTESIAN_POINT('',(-85.0387,59.4309,2.5));
#13044 = DIRECTION('',(-0.555584916278,-0.831459801075,-0.));
#13045 = DIRECTION('',(-0.831459801075,0.555584916278,0.));
#13046 = ADVANCED_FACE('',(#13047),#13065,.T.);
#13047 = FACE_BOUND('',#13048,.F.);
#13048 = EDGE_LOOP('',(#13049,#13057,#13058,#13059));
#13049 = ORIENTED_EDGE('',*,*,#13050,.F.);
#13050 = EDGE_CURVE('',#13027,#13051,#13053,.T.);
#13051 = VERTEX_POINT('',#13052);
#13052 = CARTESIAN_POINT('',(-82.2925,57.963,2.5));
#13053 = LINE('',#13054,#13055);
#13054 = CARTESIAN_POINT('',(-83.7379,58.5617,2.5));
#13055 = VECTOR('',#13056,1.);
#13056 = DIRECTION('',(0.923880500421,-0.382681095615,0.));
#13057 = ORIENTED_EDGE('',*,*,#13036,.T.);
#13058 = ORIENTED_EDGE('',*,*,#3635,.F.);
#13059 = ORIENTED_EDGE('',*,*,#13060,.F.);
#13060 = EDGE_CURVE('',#13051,#3628,#13061,.T.);
#13061 = LINE('',#13062,#13063);
#13062 = CARTESIAN_POINT('',(-82.2925,57.963,2.5));
#13063 = VECTOR('',#13064,1.);
#13064 = DIRECTION('',(0.,0.,1.));
#13065 = PLANE('',#13066);
#13066 = AXIS2_PLACEMENT_3D('',#13067,#13068,#13069);
#13067 = CARTESIAN_POINT('',(-83.7379,58.5617,2.5));
#13068 = DIRECTION('',(-0.382681095615,-0.923880500421,-0.));
#13069 = DIRECTION('',(-0.923880500421,0.382681095615,0.));
#13070 = ADVANCED_FACE('',(#13071),#13089,.T.);
#13071 = FACE_BOUND('',#13072,.F.);
#13072 = EDGE_LOOP('',(#13073,#13081,#13082,#13083));
#13073 = ORIENTED_EDGE('',*,*,#13074,.F.);
#13074 = EDGE_CURVE('',#13051,#13075,#13077,.T.);
#13075 = VERTEX_POINT('',#13076);
#13076 = CARTESIAN_POINT('',(-80.661,57.6385,2.5));
#13077 = LINE('',#13078,#13079);
#13078 = CARTESIAN_POINT('',(-82.2925,57.963,2.5));
#13079 = VECTOR('',#13080,1.);
#13080 = DIRECTION('',(0.980788216617,-0.195075560093,0.));
#13081 = ORIENTED_EDGE('',*,*,#13060,.T.);
#13082 = ORIENTED_EDGE('',*,*,#3627,.F.);
#13083 = ORIENTED_EDGE('',*,*,#13084,.F.);
#13084 = EDGE_CURVE('',#13075,#3620,#13085,.T.);
#13085 = LINE('',#13086,#13087);
#13086 = CARTESIAN_POINT('',(-80.661,57.6385,2.5));
#13087 = VECTOR('',#13088,1.);
#13088 = DIRECTION('',(0.,0.,1.));
#13089 = PLANE('',#13090);
#13090 = AXIS2_PLACEMENT_3D('',#13091,#13092,#13093);
#13091 = CARTESIAN_POINT('',(-82.2925,57.963,2.5));
#13092 = DIRECTION('',(-0.195075560093,-0.980788216617,-0.));
#13093 = DIRECTION('',(-0.980788216617,0.195075560093,0.));
#13094 = ADVANCED_FACE('',(#13095),#13113,.T.);
#13095 = FACE_BOUND('',#13096,.F.);
#13096 = EDGE_LOOP('',(#13097,#13105,#13106,#13107));
#13097 = ORIENTED_EDGE('',*,*,#13098,.F.);
#13098 = EDGE_CURVE('',#13075,#13099,#13101,.T.);
#13099 = VERTEX_POINT('',#13100);
#13100 = CARTESIAN_POINT('',(-79.8776,57.6,2.5));
#13101 = LINE('',#13102,#13103);
#13102 = CARTESIAN_POINT('',(-80.661,57.6385,2.5));
#13103 = VECTOR('',#13104,1.);
#13104 = DIRECTION('',(0.998794579661,-4.908551355237E-02,0.));
#13105 = ORIENTED_EDGE('',*,*,#13084,.T.);
#13106 = ORIENTED_EDGE('',*,*,#3619,.F.);
#13107 = ORIENTED_EDGE('',*,*,#13108,.F.);
#13108 = EDGE_CURVE('',#13099,#3612,#13109,.T.);
#13109 = LINE('',#13110,#13111);
#13110 = CARTESIAN_POINT('',(-79.8776,57.6,2.5));
#13111 = VECTOR('',#13112,1.);
#13112 = DIRECTION('',(0.,0.,1.));
#13113 = PLANE('',#13114);
#13114 = AXIS2_PLACEMENT_3D('',#13115,#13116,#13117);
#13115 = CARTESIAN_POINT('',(-80.661,57.6385,2.5));
#13116 = DIRECTION('',(-4.908551355237E-02,-0.998794579661,-0.));
#13117 = DIRECTION('',(-0.998794579661,4.908551355237E-02,0.));
#13118 = ADVANCED_FACE('',(#13119),#13169,.T.);
#13119 = FACE_BOUND('',#13120,.F.);
#13120 = EDGE_LOOP('',(#13121,#13129,#13130,#13131,#13139,#13147,#13155,
    #13163));
#13121 = ORIENTED_EDGE('',*,*,#13122,.F.);
#13122 = EDGE_CURVE('',#13099,#13123,#13125,.T.);
#13123 = VERTEX_POINT('',#13124);
#13124 = CARTESIAN_POINT('',(-79.15803989155,57.6,2.5));
#13125 = LINE('',#13126,#13127);
#13126 = CARTESIAN_POINT('',(-79.8776,57.6,2.5));
#13127 = VECTOR('',#13128,1.);
#13128 = DIRECTION('',(1.,0.,0.));
#13129 = ORIENTED_EDGE('',*,*,#13108,.T.);
#13130 = ORIENTED_EDGE('',*,*,#3611,.F.);
#13131 = ORIENTED_EDGE('',*,*,#13132,.F.);
#13132 = EDGE_CURVE('',#13133,#3604,#13135,.T.);
#13133 = VERTEX_POINT('',#13134);
#13134 = CARTESIAN_POINT('',(-75.1321,57.6,7.1));
#13135 = LINE('',#13136,#13137);
#13136 = CARTESIAN_POINT('',(-75.1321,57.6,2.5));
#13137 = VECTOR('',#13138,1.);
#13138 = DIRECTION('',(0.,0.,1.));
#13139 = ORIENTED_EDGE('',*,*,#13140,.F.);
#13140 = EDGE_CURVE('',#13141,#13133,#13143,.T.);
#13141 = VERTEX_POINT('',#13142);
#13142 = CARTESIAN_POINT('',(-77.77241851935,57.6,7.1));
#13143 = LINE('',#13144,#13145);
#13144 = CARTESIAN_POINT('',(-78.0388,57.6,7.1));
#13145 = VECTOR('',#13146,1.);
#13146 = DIRECTION('',(1.,0.,0.));
#13147 = ORIENTED_EDGE('',*,*,#13148,.T.);
#13148 = EDGE_CURVE('',#13141,#13149,#13151,.T.);
#13149 = VERTEX_POINT('',#13150);
#13150 = CARTESIAN_POINT('',(-77.77241851935,57.6,6.1));
#13151 = LINE('',#13152,#13153);
#13152 = CARTESIAN_POINT('',(-77.77241851935,57.6,1.1));
#13153 = VECTOR('',#13154,1.);
#13154 = DIRECTION('',(0.,0.,-1.));
#13155 = ORIENTED_EDGE('',*,*,#13156,.F.);
#13156 = EDGE_CURVE('',#13157,#13149,#13159,.T.);
#13157 = VERTEX_POINT('',#13158);
#13158 = CARTESIAN_POINT('',(-79.15803989155,57.6,6.1));
#13159 = LINE('',#13160,#13161);
#13160 = CARTESIAN_POINT('',(-78.0388,57.6,6.1));
#13161 = VECTOR('',#13162,1.);
#13162 = DIRECTION('',(1.,0.,0.));
#13163 = ORIENTED_EDGE('',*,*,#13164,.T.);
#13164 = EDGE_CURVE('',#13157,#13123,#13165,.T.);
#13165 = LINE('',#13166,#13167);
#13166 = CARTESIAN_POINT('',(-79.15803989155,57.6,0.));
#13167 = VECTOR('',#13168,1.);
#13168 = DIRECTION('',(0.,0.,-1.));
#13169 = PLANE('',#13170);
#13170 = AXIS2_PLACEMENT_3D('',#13171,#13172,#13173);
#13171 = CARTESIAN_POINT('',(-79.8776,57.6,2.5));
#13172 = DIRECTION('',(-0.,-1.,-0.));
#13173 = DIRECTION('',(-1.,0.,0.));
#13174 = ADVANCED_FACE('',(#13175),#13209,.T.);
#13175 = FACE_BOUND('',#13176,.F.);
#13176 = EDGE_LOOP('',(#13177,#13187,#13195,#13201,#13202,#13203));
#13177 = ORIENTED_EDGE('',*,*,#13178,.F.);
#13178 = EDGE_CURVE('',#13179,#13181,#13183,.T.);
#13179 = VERTEX_POINT('',#13180);
#13180 = CARTESIAN_POINT('',(-74.64369546097,57.648102346102,6.1));
#13181 = VERTEX_POINT('',#13182);
#13182 = CARTESIAN_POINT('',(-73.3786,57.7727,6.1));
#13183 = LINE('',#13184,#13185);
#13184 = CARTESIAN_POINT('',(-75.68530606803,57.545515433162,6.1));
#13185 = VECTOR('',#13186,1.);
#13186 = DIRECTION('',(0.995184985525,9.80145121187E-02,0.));
#13187 = ORIENTED_EDGE('',*,*,#13188,.F.);
#13188 = EDGE_CURVE('',#13189,#13179,#13191,.T.);
#13189 = VERTEX_POINT('',#13190);
#13190 = CARTESIAN_POINT('',(-74.64369546097,57.648102346102,7.1));
#13191 = LINE('',#13192,#13193);
#13192 = CARTESIAN_POINT('',(-74.64369546097,57.648102346102,1.1));
#13193 = VECTOR('',#13194,1.);
#13194 = DIRECTION('',(0.,0.,-1.));
#13195 = ORIENTED_EDGE('',*,*,#13196,.F.);
#13196 = EDGE_CURVE('',#13133,#13189,#13197,.T.);
#13197 = LINE('',#13198,#13199);
#13198 = CARTESIAN_POINT('',(-75.68530606803,57.545515433162,7.1));
#13199 = VECTOR('',#13200,1.);
#13200 = DIRECTION('',(0.995184985525,9.80145121187E-02,0.));
#13201 = ORIENTED_EDGE('',*,*,#13132,.T.);
#13202 = ORIENTED_EDGE('',*,*,#3603,.F.);
#13203 = ORIENTED_EDGE('',*,*,#13204,.F.);
#13204 = EDGE_CURVE('',#13181,#3596,#13205,.T.);
#13205 = LINE('',#13206,#13207);
#13206 = CARTESIAN_POINT('',(-73.3786,57.7727,2.5));
#13207 = VECTOR('',#13208,1.);
#13208 = DIRECTION('',(0.,0.,1.));
#13209 = PLANE('',#13210);
#13210 = AXIS2_PLACEMENT_3D('',#13211,#13212,#13213);
#13211 = CARTESIAN_POINT('',(-75.1321,57.6,2.5));
#13212 = DIRECTION('',(9.80145121187E-02,-0.995184985525,0.));
#13213 = DIRECTION('',(-0.995184985525,-9.80145121187E-02,0.));
#13214 = ADVANCED_FACE('',(#13215),#13249,.T.);
#13215 = FACE_BOUND('',#13216,.F.);
#13216 = EDGE_LOOP('',(#13217,#13227,#13235,#13241,#13242,#13243));
#13217 = ORIENTED_EDGE('',*,*,#13218,.F.);
#13218 = EDGE_CURVE('',#13219,#13221,#13223,.T.);
#13219 = VERTEX_POINT('',#13220);
#13220 = CARTESIAN_POINT('',(-73.28320260492,57.801635914171,2.5));
#13221 = VERTEX_POINT('',#13222);
#13222 = CARTESIAN_POINT('',(-71.8815,58.2268,2.5));
#13223 = LINE('',#13224,#13225);
#13224 = CARTESIAN_POINT('',(-73.3786,57.7727,2.5));
#13225 = VECTOR('',#13226,1.);
#13226 = DIRECTION('',(0.956947494684,0.290261076305,0.));
#13227 = ORIENTED_EDGE('',*,*,#13228,.F.);
#13228 = EDGE_CURVE('',#13229,#13219,#13231,.T.);
#13229 = VERTEX_POINT('',#13230);
#13230 = CARTESIAN_POINT('',(-73.28320260492,57.801635914171,6.1));
#13231 = LINE('',#13232,#13233);
#13232 = CARTESIAN_POINT('',(-73.28320260492,57.801635914171,0.));
#13233 = VECTOR('',#13234,1.);
#13234 = DIRECTION('',(0.,0.,-1.));
#13235 = ORIENTED_EDGE('',*,*,#13236,.F.);
#13236 = EDGE_CURVE('',#13181,#13229,#13237,.T.);
#13237 = LINE('',#13238,#13239);
#13238 = CARTESIAN_POINT('',(-74.76387254614,57.352519475517,6.1));
#13239 = VECTOR('',#13240,1.);
#13240 = DIRECTION('',(0.956947494684,0.290261076305,0.));
#13241 = ORIENTED_EDGE('',*,*,#13204,.T.);
#13242 = ORIENTED_EDGE('',*,*,#3595,.F.);
#13243 = ORIENTED_EDGE('',*,*,#13244,.F.);
#13244 = EDGE_CURVE('',#13221,#3588,#13245,.T.);
#13245 = LINE('',#13246,#13247);
#13246 = CARTESIAN_POINT('',(-71.8815,58.2268,2.5));
#13247 = VECTOR('',#13248,1.);
#13248 = DIRECTION('',(0.,0.,1.));
#13249 = PLANE('',#13250);
#13250 = AXIS2_PLACEMENT_3D('',#13251,#13252,#13253);
#13251 = CARTESIAN_POINT('',(-73.3786,57.7727,2.5));
#13252 = DIRECTION('',(0.290261076305,-0.956947494684,0.));
#13253 = DIRECTION('',(-0.956947494684,-0.290261076305,0.));
#13254 = ADVANCED_FACE('',(#13255),#13273,.T.);
#13255 = FACE_BOUND('',#13256,.F.);
#13256 = EDGE_LOOP('',(#13257,#13265,#13266,#13267));
#13257 = ORIENTED_EDGE('',*,*,#13258,.F.);
#13258 = EDGE_CURVE('',#13221,#13259,#13261,.T.);
#13259 = VERTEX_POINT('',#13260);
#13260 = CARTESIAN_POINT('',(-70.5018,58.9643,2.5));
#13261 = LINE('',#13262,#13263);
#13262 = CARTESIAN_POINT('',(-71.8815,58.2268,2.5));
#13263 = VECTOR('',#13264,1.);
#13264 = DIRECTION('',(0.881911967069,0.4714141304,0.));
#13265 = ORIENTED_EDGE('',*,*,#13244,.T.);
#13266 = ORIENTED_EDGE('',*,*,#3587,.F.);
#13267 = ORIENTED_EDGE('',*,*,#13268,.F.);
#13268 = EDGE_CURVE('',#13259,#3580,#13269,.T.);
#13269 = LINE('',#13270,#13271);
#13270 = CARTESIAN_POINT('',(-70.5018,58.9643,2.5));
#13271 = VECTOR('',#13272,1.);
#13272 = DIRECTION('',(0.,0.,1.));
#13273 = PLANE('',#13274);
#13274 = AXIS2_PLACEMENT_3D('',#13275,#13276,#13277);
#13275 = CARTESIAN_POINT('',(-71.8815,58.2268,2.5));
#13276 = DIRECTION('',(0.4714141304,-0.881911967069,0.));
#13277 = DIRECTION('',(-0.881911967069,-0.4714141304,0.));
#13278 = ADVANCED_FACE('',(#13279),#13297,.T.);
#13279 = FACE_BOUND('',#13280,.F.);
#13280 = EDGE_LOOP('',(#13281,#13289,#13290,#13291));
#13281 = ORIENTED_EDGE('',*,*,#13282,.F.);
#13282 = EDGE_CURVE('',#13259,#13283,#13285,.T.);
#13283 = VERTEX_POINT('',#13284);
#13284 = CARTESIAN_POINT('',(-70.2243,59.192,2.5));
#13285 = LINE('',#13286,#13287);
#13286 = CARTESIAN_POINT('',(-70.5018,58.9643,2.5));
#13287 = VECTOR('',#13288,1.);
#13288 = DIRECTION('',(0.773062862009,0.634329418664,0.));
#13289 = ORIENTED_EDGE('',*,*,#13268,.T.);
#13290 = ORIENTED_EDGE('',*,*,#3579,.F.);
#13291 = ORIENTED_EDGE('',*,*,#13292,.F.);
#13292 = EDGE_CURVE('',#13283,#3572,#13293,.T.);
#13293 = LINE('',#13294,#13295);
#13294 = CARTESIAN_POINT('',(-70.2243,59.192,2.5));
#13295 = VECTOR('',#13296,1.);
#13296 = DIRECTION('',(0.,0.,1.));
#13297 = PLANE('',#13298);
#13298 = AXIS2_PLACEMENT_3D('',#13299,#13300,#13301);
#13299 = CARTESIAN_POINT('',(-70.5018,58.9643,2.5));
#13300 = DIRECTION('',(0.634329418664,-0.773062862009,0.));
#13301 = DIRECTION('',(-0.773062862009,-0.634329418664,0.));
#13302 = ADVANCED_FACE('',(#13303),#13321,.T.);
#13303 = FACE_BOUND('',#13304,.F.);
#13304 = EDGE_LOOP('',(#13305,#13313,#13314,#13315));
#13305 = ORIENTED_EDGE('',*,*,#13306,.F.);
#13306 = EDGE_CURVE('',#13283,#13307,#13309,.T.);
#13307 = VERTEX_POINT('',#13308);
#13308 = CARTESIAN_POINT('',(-69.5723,59.6277,2.5));
#13309 = LINE('',#13310,#13311);
#13310 = CARTESIAN_POINT('',(-70.2243,59.192,2.5));
#13311 = VECTOR('',#13312,1.);
#13312 = DIRECTION('',(0.831441613715,0.555612133582,0.));
#13313 = ORIENTED_EDGE('',*,*,#13292,.T.);
#13314 = ORIENTED_EDGE('',*,*,#3571,.F.);
#13315 = ORIENTED_EDGE('',*,*,#13316,.F.);
#13316 = EDGE_CURVE('',#13307,#3564,#13317,.T.);
#13317 = LINE('',#13318,#13319);
#13318 = CARTESIAN_POINT('',(-69.5723,59.6277,2.5));
#13319 = VECTOR('',#13320,1.);
#13320 = DIRECTION('',(0.,0.,1.));
#13321 = PLANE('',#13322);
#13322 = AXIS2_PLACEMENT_3D('',#13323,#13324,#13325);
#13323 = CARTESIAN_POINT('',(-70.2243,59.192,2.5));
#13324 = DIRECTION('',(0.555612133582,-0.831441613715,0.));
#13325 = DIRECTION('',(-0.831441613715,-0.555612133582,0.));
#13326 = ADVANCED_FACE('',(#13327),#13345,.T.);
#13327 = FACE_BOUND('',#13328,.F.);
#13328 = EDGE_LOOP('',(#13329,#13337,#13338,#13339));
#13329 = ORIENTED_EDGE('',*,*,#13330,.F.);
#13330 = EDGE_CURVE('',#13307,#13331,#13333,.T.);
#13331 = VERTEX_POINT('',#13332);
#13332 = CARTESIAN_POINT('',(-68.8479,59.9278,2.5));
#13333 = LINE('',#13334,#13335);
#13334 = CARTESIAN_POINT('',(-69.5723,59.6277,2.5));
#13335 = VECTOR('',#13336,1.);
#13336 = DIRECTION('',(0.923859828914,0.382730997594,0.));
#13337 = ORIENTED_EDGE('',*,*,#13316,.T.);
#13338 = ORIENTED_EDGE('',*,*,#3563,.F.);
#13339 = ORIENTED_EDGE('',*,*,#13340,.F.);
#13340 = EDGE_CURVE('',#13331,#3556,#13341,.T.);
#13341 = LINE('',#13342,#13343);
#13342 = CARTESIAN_POINT('',(-68.8479,59.9278,2.5));
#13343 = VECTOR('',#13344,1.);
#13344 = DIRECTION('',(0.,0.,1.));
#13345 = PLANE('',#13346);
#13346 = AXIS2_PLACEMENT_3D('',#13347,#13348,#13349);
#13347 = CARTESIAN_POINT('',(-69.5723,59.6277,2.5));
#13348 = DIRECTION('',(0.382730997594,-0.923859828914,0.));
#13349 = DIRECTION('',(-0.923859828914,-0.382730997594,0.));
#13350 = ADVANCED_FACE('',(#13351),#13369,.T.);
#13351 = FACE_BOUND('',#13352,.F.);
#13352 = EDGE_LOOP('',(#13353,#13361,#13362,#13363));
#13353 = ORIENTED_EDGE('',*,*,#13354,.F.);
#13354 = EDGE_CURVE('',#13331,#13355,#13357,.T.);
#13355 = VERTEX_POINT('',#13356);
#13356 = CARTESIAN_POINT('',(-68.0788,60.0807,2.5));
#13357 = LINE('',#13358,#13359);
#13358 = CARTESIAN_POINT('',(-68.8479,59.9278,2.5));
#13359 = VECTOR('',#13360,1.);
#13360 = DIRECTION('',(0.980805650419,0.194987887075,0.));
#13361 = ORIENTED_EDGE('',*,*,#13340,.T.);
#13362 = ORIENTED_EDGE('',*,*,#3555,.F.);
#13363 = ORIENTED_EDGE('',*,*,#13364,.F.);
#13364 = EDGE_CURVE('',#13355,#3548,#13365,.T.);
#13365 = LINE('',#13366,#13367);
#13366 = CARTESIAN_POINT('',(-68.0788,60.0807,2.5));
#13367 = VECTOR('',#13368,1.);
#13368 = DIRECTION('',(0.,0.,1.));
#13369 = PLANE('',#13370);
#13370 = AXIS2_PLACEMENT_3D('',#13371,#13372,#13373);
#13371 = CARTESIAN_POINT('',(-68.8479,59.9278,2.5));
#13372 = DIRECTION('',(0.194987887075,-0.980805650419,0.));
#13373 = DIRECTION('',(-0.980805650419,-0.194987887075,0.));
#13374 = ADVANCED_FACE('',(#13375),#13393,.T.);
#13375 = FACE_BOUND('',#13376,.F.);
#13376 = EDGE_LOOP('',(#13377,#13385,#13386,#13387));
#13377 = ORIENTED_EDGE('',*,*,#13378,.F.);
#13378 = EDGE_CURVE('',#13355,#13379,#13381,.T.);
#13379 = VERTEX_POINT('',#13380);
#13380 = CARTESIAN_POINT('',(-67.6867,60.1,2.5));
#13381 = LINE('',#13382,#13383);
#13382 = CARTESIAN_POINT('',(-68.0788,60.0807,2.5));
#13383 = VECTOR('',#13384,1.);
#13384 = DIRECTION('',(0.998790787438,4.916261718327E-02,0.));
#13385 = ORIENTED_EDGE('',*,*,#13364,.T.);
#13386 = ORIENTED_EDGE('',*,*,#3547,.F.);
#13387 = ORIENTED_EDGE('',*,*,#13388,.F.);
#13388 = EDGE_CURVE('',#13379,#3540,#13389,.T.);
#13389 = LINE('',#13390,#13391);
#13390 = CARTESIAN_POINT('',(-67.6867,60.1,2.5));
#13391 = VECTOR('',#13392,1.);
#13392 = DIRECTION('',(0.,0.,1.));
#13393 = PLANE('',#13394);
#13394 = AXIS2_PLACEMENT_3D('',#13395,#13396,#13397);
#13395 = CARTESIAN_POINT('',(-68.0788,60.0807,2.5));
#13396 = DIRECTION('',(4.916261718327E-02,-0.998790787438,0.));
#13397 = DIRECTION('',(-0.998790787438,-4.916261718327E-02,0.));
#13398 = ADVANCED_FACE('',(#13399),#13417,.T.);
#13399 = FACE_BOUND('',#13400,.F.);
#13400 = EDGE_LOOP('',(#13401,#13409,#13410,#13411));
#13401 = ORIENTED_EDGE('',*,*,#13402,.F.);
#13402 = EDGE_CURVE('',#13379,#13403,#13405,.T.);
#13403 = VERTEX_POINT('',#13404);
#13404 = CARTESIAN_POINT('',(-58.1309,60.1,2.5));
#13405 = LINE('',#13406,#13407);
#13406 = CARTESIAN_POINT('',(-67.6867,60.1,2.5));
#13407 = VECTOR('',#13408,1.);
#13408 = DIRECTION('',(1.,0.,0.));
#13409 = ORIENTED_EDGE('',*,*,#13388,.T.);
#13410 = ORIENTED_EDGE('',*,*,#3539,.F.);
#13411 = ORIENTED_EDGE('',*,*,#13412,.F.);
#13412 = EDGE_CURVE('',#13403,#3532,#13413,.T.);
#13413 = LINE('',#13414,#13415);
#13414 = CARTESIAN_POINT('',(-58.1309,60.1,2.5));
#13415 = VECTOR('',#13416,1.);
#13416 = DIRECTION('',(0.,0.,1.));
#13417 = PLANE('',#13418);
#13418 = AXIS2_PLACEMENT_3D('',#13419,#13420,#13421);
#13419 = CARTESIAN_POINT('',(-67.6867,60.1,2.5));
#13420 = DIRECTION('',(-0.,-1.,-0.));
#13421 = DIRECTION('',(-1.,0.,0.));
#13422 = ADVANCED_FACE('',(#13423),#13441,.T.);
#13423 = FACE_BOUND('',#13424,.F.);
#13424 = EDGE_LOOP('',(#13425,#13433,#13434,#13435));
#13425 = ORIENTED_EDGE('',*,*,#13426,.F.);
#13426 = EDGE_CURVE('',#13403,#13427,#13429,.T.);
#13427 = VERTEX_POINT('',#13428);
#13428 = CARTESIAN_POINT('',(-56.3774,60.2727,2.5));
#13429 = LINE('',#13430,#13431);
#13430 = CARTESIAN_POINT('',(-58.1309,60.1,2.5));
#13431 = VECTOR('',#13432,1.);
#13432 = DIRECTION('',(0.995184985525,9.80145121187E-02,0.));
#13433 = ORIENTED_EDGE('',*,*,#13412,.T.);
#13434 = ORIENTED_EDGE('',*,*,#3531,.F.);
#13435 = ORIENTED_EDGE('',*,*,#13436,.F.);
#13436 = EDGE_CURVE('',#13427,#3524,#13437,.T.);
#13437 = LINE('',#13438,#13439);
#13438 = CARTESIAN_POINT('',(-56.3774,60.2727,2.5));
#13439 = VECTOR('',#13440,1.);
#13440 = DIRECTION('',(0.,0.,1.));
#13441 = PLANE('',#13442);
#13442 = AXIS2_PLACEMENT_3D('',#13443,#13444,#13445);
#13443 = CARTESIAN_POINT('',(-58.1309,60.1,2.5));
#13444 = DIRECTION('',(9.80145121187E-02,-0.995184985525,0.));
#13445 = DIRECTION('',(-0.995184985525,-9.80145121187E-02,0.));
#13446 = ADVANCED_FACE('',(#13447),#13465,.T.);
#13447 = FACE_BOUND('',#13448,.F.);
#13448 = EDGE_LOOP('',(#13449,#13457,#13458,#13459));
#13449 = ORIENTED_EDGE('',*,*,#13450,.F.);
#13450 = EDGE_CURVE('',#13427,#13451,#13453,.T.);
#13451 = VERTEX_POINT('',#13452);
#13452 = CARTESIAN_POINT('',(-54.8803,60.7268,2.5));
#13453 = LINE('',#13454,#13455);
#13454 = CARTESIAN_POINT('',(-56.3774,60.2727,2.5));
#13455 = VECTOR('',#13456,1.);
#13456 = DIRECTION('',(0.956947494684,0.290261076305,0.));
#13457 = ORIENTED_EDGE('',*,*,#13436,.T.);
#13458 = ORIENTED_EDGE('',*,*,#3523,.F.);
#13459 = ORIENTED_EDGE('',*,*,#13460,.F.);
#13460 = EDGE_CURVE('',#13451,#3516,#13461,.T.);
#13461 = LINE('',#13462,#13463);
#13462 = CARTESIAN_POINT('',(-54.8803,60.7268,2.5));
#13463 = VECTOR('',#13464,1.);
#13464 = DIRECTION('',(0.,0.,1.));
#13465 = PLANE('',#13466);
#13466 = AXIS2_PLACEMENT_3D('',#13467,#13468,#13469);
#13467 = CARTESIAN_POINT('',(-56.3774,60.2727,2.5));
#13468 = DIRECTION('',(0.290261076305,-0.956947494684,0.));
#13469 = DIRECTION('',(-0.956947494684,-0.290261076305,0.));
#13470 = ADVANCED_FACE('',(#13471),#13489,.T.);
#13471 = FACE_BOUND('',#13472,.F.);
#13472 = EDGE_LOOP('',(#13473,#13481,#13482,#13483));
#13473 = ORIENTED_EDGE('',*,*,#13474,.F.);
#13474 = EDGE_CURVE('',#13451,#13475,#13477,.T.);
#13475 = VERTEX_POINT('',#13476);
#13476 = CARTESIAN_POINT('',(-53.5006,61.4643,2.5));
#13477 = LINE('',#13478,#13479);
#13478 = CARTESIAN_POINT('',(-54.8803,60.7268,2.5));
#13479 = VECTOR('',#13480,1.);
#13480 = DIRECTION('',(0.881911967069,0.4714141304,0.));
#13481 = ORIENTED_EDGE('',*,*,#13460,.T.);
#13482 = ORIENTED_EDGE('',*,*,#3515,.F.);
#13483 = ORIENTED_EDGE('',*,*,#13484,.F.);
#13484 = EDGE_CURVE('',#13475,#3508,#13485,.T.);
#13485 = LINE('',#13486,#13487);
#13486 = CARTESIAN_POINT('',(-53.5006,61.4643,2.5));
#13487 = VECTOR('',#13488,1.);
#13488 = DIRECTION('',(0.,0.,1.));
#13489 = PLANE('',#13490);
#13490 = AXIS2_PLACEMENT_3D('',#13491,#13492,#13493);
#13491 = CARTESIAN_POINT('',(-54.8803,60.7268,2.5));
#13492 = DIRECTION('',(0.4714141304,-0.881911967069,0.));
#13493 = DIRECTION('',(-0.881911967069,-0.4714141304,0.));
#13494 = ADVANCED_FACE('',(#13495),#13513,.T.);
#13495 = FACE_BOUND('',#13496,.F.);
#13496 = EDGE_LOOP('',(#13497,#13505,#13506,#13507));
#13497 = ORIENTED_EDGE('',*,*,#13498,.F.);
#13498 = EDGE_CURVE('',#13475,#13499,#13501,.T.);
#13499 = VERTEX_POINT('',#13500);
#13500 = CARTESIAN_POINT('',(-52.2912,62.4568,2.5));
#13501 = LINE('',#13502,#13503);
#13502 = CARTESIAN_POINT('',(-53.5006,61.4643,2.5));
#13503 = VECTOR('',#13504,1.);
#13504 = DIRECTION('',(0.773019521196,0.634382234816,0.));
#13505 = ORIENTED_EDGE('',*,*,#13484,.T.);
#13506 = ORIENTED_EDGE('',*,*,#3507,.F.);
#13507 = ORIENTED_EDGE('',*,*,#13508,.F.);
#13508 = EDGE_CURVE('',#13499,#3500,#13509,.T.);
#13509 = LINE('',#13510,#13511);
#13510 = CARTESIAN_POINT('',(-52.2912,62.4568,2.5));
#13511 = VECTOR('',#13512,1.);
#13512 = DIRECTION('',(0.,0.,1.));
#13513 = PLANE('',#13514);
#13514 = AXIS2_PLACEMENT_3D('',#13515,#13516,#13517);
#13515 = CARTESIAN_POINT('',(-53.5006,61.4643,2.5));
#13516 = DIRECTION('',(0.634382234816,-0.773019521196,0.));
#13517 = DIRECTION('',(-0.773019521196,-0.634382234816,0.));
#13518 = ADVANCED_FACE('',(#13519),#13537,.T.);
#13519 = FACE_BOUND('',#13520,.F.);
#13520 = EDGE_LOOP('',(#13521,#13529,#13530,#13531));
#13521 = ORIENTED_EDGE('',*,*,#13522,.F.);
#13522 = EDGE_CURVE('',#13499,#13523,#13525,.T.);
#13523 = VERTEX_POINT('',#13524);
#13524 = CARTESIAN_POINT('',(-51.2987,63.6662,2.5));
#13525 = LINE('',#13526,#13527);
#13526 = CARTESIAN_POINT('',(-52.2912,62.4568,2.5));
#13527 = VECTOR('',#13528,1.);
#13528 = DIRECTION('',(0.634382234816,0.773019521196,0.));
#13529 = ORIENTED_EDGE('',*,*,#13508,.T.);
#13530 = ORIENTED_EDGE('',*,*,#3499,.F.);
#13531 = ORIENTED_EDGE('',*,*,#13532,.F.);
#13532 = EDGE_CURVE('',#13523,#3492,#13533,.T.);
#13533 = LINE('',#13534,#13535);
#13534 = CARTESIAN_POINT('',(-51.2987,63.6662,2.5));
#13535 = VECTOR('',#13536,1.);
#13536 = DIRECTION('',(0.,0.,1.));
#13537 = PLANE('',#13538);
#13538 = AXIS2_PLACEMENT_3D('',#13539,#13540,#13541);
#13539 = CARTESIAN_POINT('',(-52.2912,62.4568,2.5));
#13540 = DIRECTION('',(0.773019521196,-0.634382234816,0.));
#13541 = DIRECTION('',(-0.634382234816,-0.773019521196,0.));
#13542 = ADVANCED_FACE('',(#13543),#13561,.T.);
#13543 = FACE_BOUND('',#13544,.F.);
#13544 = EDGE_LOOP('',(#13545,#13553,#13554,#13555));
#13545 = ORIENTED_EDGE('',*,*,#13546,.F.);
#13546 = EDGE_CURVE('',#13523,#13547,#13549,.T.);
#13547 = VERTEX_POINT('',#13548);
#13548 = CARTESIAN_POINT('',(-50.9142,64.3856,2.5));
#13549 = LINE('',#13550,#13551);
#13550 = CARTESIAN_POINT('',(-51.2987,63.6662,2.5));
#13551 = VECTOR('',#13552,1.);
#13552 = DIRECTION('',(0.471370695079,0.881935183458,0.));
#13553 = ORIENTED_EDGE('',*,*,#13532,.T.);
#13554 = ORIENTED_EDGE('',*,*,#3491,.F.);
#13555 = ORIENTED_EDGE('',*,*,#13556,.F.);
#13556 = EDGE_CURVE('',#13547,#3484,#13557,.T.);
#13557 = LINE('',#13558,#13559);
#13558 = CARTESIAN_POINT('',(-50.9142,64.3856,2.5));
#13559 = VECTOR('',#13560,1.);
#13560 = DIRECTION('',(0.,0.,1.));
#13561 = PLANE('',#13562);
#13562 = AXIS2_PLACEMENT_3D('',#13563,#13564,#13565);
#13563 = CARTESIAN_POINT('',(-51.2987,63.6662,2.5));
#13564 = DIRECTION('',(0.881935183458,-0.471370695079,0.));
#13565 = DIRECTION('',(-0.471370695079,-0.881935183458,0.));
#13566 = ADVANCED_FACE('',(#13567),#13585,.T.);
#13567 = FACE_BOUND('',#13568,.F.);
#13568 = EDGE_LOOP('',(#13569,#13577,#13578,#13579));
#13569 = ORIENTED_EDGE('',*,*,#13570,.F.);
#13570 = EDGE_CURVE('',#13547,#13571,#13573,.T.);
#13571 = VERTEX_POINT('',#13572);
#13572 = CARTESIAN_POINT('',(-50.4785,65.0376,2.5));
#13573 = LINE('',#13574,#13575);
#13574 = CARTESIAN_POINT('',(-50.9142,64.3856,2.5));
#13575 = VECTOR('',#13576,1.);
#13576 = DIRECTION('',(0.555612133582,0.831441613715,0.));
#13577 = ORIENTED_EDGE('',*,*,#13556,.T.);
#13578 = ORIENTED_EDGE('',*,*,#3483,.F.);
#13579 = ORIENTED_EDGE('',*,*,#13580,.F.);
#13580 = EDGE_CURVE('',#13571,#3476,#13581,.T.);
#13581 = LINE('',#13582,#13583);
#13582 = CARTESIAN_POINT('',(-50.4785,65.0376,2.5));
#13583 = VECTOR('',#13584,1.);
#13584 = DIRECTION('',(0.,0.,1.));
#13585 = PLANE('',#13586);
#13586 = AXIS2_PLACEMENT_3D('',#13587,#13588,#13589);
#13587 = CARTESIAN_POINT('',(-50.9142,64.3856,2.5));
#13588 = DIRECTION('',(0.831441613715,-0.555612133582,0.));
#13589 = DIRECTION('',(-0.555612133582,-0.831441613715,0.));
#13590 = ADVANCED_FACE('',(#13591),#13609,.T.);
#13591 = FACE_BOUND('',#13592,.F.);
#13592 = EDGE_LOOP('',(#13593,#13601,#13602,#13603));
#13593 = ORIENTED_EDGE('',*,*,#13594,.F.);
#13594 = EDGE_CURVE('',#13571,#13595,#13597,.T.);
#13595 = VERTEX_POINT('',#13596);
#13596 = CARTESIAN_POINT('',(-49.9241,65.592,2.5));
#13597 = LINE('',#13598,#13599);
#13598 = CARTESIAN_POINT('',(-50.4785,65.0376,2.5));
#13599 = VECTOR('',#13600,1.);
#13600 = DIRECTION('',(0.707106781187,0.707106781187,0.));
#13601 = ORIENTED_EDGE('',*,*,#13580,.T.);
#13602 = ORIENTED_EDGE('',*,*,#3475,.F.);
#13603 = ORIENTED_EDGE('',*,*,#13604,.F.);
#13604 = EDGE_CURVE('',#13595,#3468,#13605,.T.);
#13605 = LINE('',#13606,#13607);
#13606 = CARTESIAN_POINT('',(-49.9241,65.592,2.5));
#13607 = VECTOR('',#13608,1.);
#13608 = DIRECTION('',(0.,0.,1.));
#13609 = PLANE('',#13610);
#13610 = AXIS2_PLACEMENT_3D('',#13611,#13612,#13613);
#13611 = CARTESIAN_POINT('',(-50.4785,65.0376,2.5));
#13612 = DIRECTION('',(0.707106781187,-0.707106781187,0.));
#13613 = DIRECTION('',(-0.707106781187,-0.707106781187,0.));
#13614 = ADVANCED_FACE('',(#13615),#13633,.T.);
#13615 = FACE_BOUND('',#13616,.F.);
#13616 = EDGE_LOOP('',(#13617,#13625,#13626,#13627));
#13617 = ORIENTED_EDGE('',*,*,#13618,.F.);
#13618 = EDGE_CURVE('',#13595,#13619,#13621,.T.);
#13619 = VERTEX_POINT('',#13620);
#13620 = CARTESIAN_POINT('',(-49.2721,66.0277,2.5));
#13621 = LINE('',#13622,#13623);
#13622 = CARTESIAN_POINT('',(-49.9241,65.592,2.5));
#13623 = VECTOR('',#13624,1.);
#13624 = DIRECTION('',(0.831441613715,0.555612133582,0.));
#13625 = ORIENTED_EDGE('',*,*,#13604,.T.);
#13626 = ORIENTED_EDGE('',*,*,#3467,.F.);
#13627 = ORIENTED_EDGE('',*,*,#13628,.F.);
#13628 = EDGE_CURVE('',#13619,#3460,#13629,.T.);
#13629 = LINE('',#13630,#13631);
#13630 = CARTESIAN_POINT('',(-49.2721,66.0277,2.5));
#13631 = VECTOR('',#13632,1.);
#13632 = DIRECTION('',(0.,0.,1.));
#13633 = PLANE('',#13634);
#13634 = AXIS2_PLACEMENT_3D('',#13635,#13636,#13637);
#13635 = CARTESIAN_POINT('',(-49.9241,65.592,2.5));
#13636 = DIRECTION('',(0.555612133582,-0.831441613715,0.));
#13637 = DIRECTION('',(-0.831441613715,-0.555612133582,0.));
#13638 = ADVANCED_FACE('',(#13639),#13657,.T.);
#13639 = FACE_BOUND('',#13640,.F.);
#13640 = EDGE_LOOP('',(#13641,#13649,#13650,#13651));
#13641 = ORIENTED_EDGE('',*,*,#13642,.F.);
#13642 = EDGE_CURVE('',#13619,#13643,#13645,.T.);
#13643 = VERTEX_POINT('',#13644);
#13644 = CARTESIAN_POINT('',(-48.5476,66.3278,2.5));
#13645 = LINE('',#13646,#13647);
#13646 = CARTESIAN_POINT('',(-49.2721,66.0277,2.5));
#13647 = VECTOR('',#13648,1.);
#13648 = DIRECTION('',(0.923878507249,0.382685907558,0.));
#13649 = ORIENTED_EDGE('',*,*,#13628,.T.);
#13650 = ORIENTED_EDGE('',*,*,#3459,.F.);
#13651 = ORIENTED_EDGE('',*,*,#13652,.F.);
#13652 = EDGE_CURVE('',#13643,#3452,#13653,.T.);
#13653 = LINE('',#13654,#13655);
#13654 = CARTESIAN_POINT('',(-48.5476,66.3278,2.5));
#13655 = VECTOR('',#13656,1.);
#13656 = DIRECTION('',(0.,0.,1.));
#13657 = PLANE('',#13658);
#13658 = AXIS2_PLACEMENT_3D('',#13659,#13660,#13661);
#13659 = CARTESIAN_POINT('',(-49.2721,66.0277,2.5));
#13660 = DIRECTION('',(0.382685907558,-0.923878507249,0.));
#13661 = DIRECTION('',(-0.923878507249,-0.382685907558,0.));
#13662 = ADVANCED_FACE('',(#13663),#13681,.T.);
#13663 = FACE_BOUND('',#13664,.F.);
#13664 = EDGE_LOOP('',(#13665,#13673,#13674,#13675));
#13665 = ORIENTED_EDGE('',*,*,#13666,.F.);
#13666 = EDGE_CURVE('',#13643,#13667,#13669,.T.);
#13667 = VERTEX_POINT('',#13668);
#13668 = CARTESIAN_POINT('',(-47.7786,66.4807,2.5));
#13669 = LINE('',#13670,#13671);
#13670 = CARTESIAN_POINT('',(-48.5476,66.3278,2.5));
#13671 = VECTOR('',#13672,1.);
#13672 = DIRECTION('',(0.98080080092,0.195012278883,0.));
#13673 = ORIENTED_EDGE('',*,*,#13652,.T.);
#13674 = ORIENTED_EDGE('',*,*,#3451,.F.);
#13675 = ORIENTED_EDGE('',*,*,#13676,.F.);
#13676 = EDGE_CURVE('',#13667,#3444,#13677,.T.);
#13677 = LINE('',#13678,#13679);
#13678 = CARTESIAN_POINT('',(-47.7786,66.4807,2.5));
#13679 = VECTOR('',#13680,1.);
#13680 = DIRECTION('',(0.,0.,1.));
#13681 = PLANE('',#13682);
#13682 = AXIS2_PLACEMENT_3D('',#13683,#13684,#13685);
#13683 = CARTESIAN_POINT('',(-48.5476,66.3278,2.5));
#13684 = DIRECTION('',(0.195012278883,-0.98080080092,0.));
#13685 = DIRECTION('',(-0.98080080092,-0.195012278883,0.));
#13686 = ADVANCED_FACE('',(#13687),#13705,.T.);
#13687 = FACE_BOUND('',#13688,.F.);
#13688 = EDGE_LOOP('',(#13689,#13697,#13698,#13699));
#13689 = ORIENTED_EDGE('',*,*,#13690,.F.);
#13690 = EDGE_CURVE('',#13667,#13691,#13693,.T.);
#13691 = VERTEX_POINT('',#13692);
#13692 = CARTESIAN_POINT('',(-47.3865,66.5,2.5));
#13693 = LINE('',#13694,#13695);
#13694 = CARTESIAN_POINT('',(-47.7786,66.4807,2.5));
#13695 = VECTOR('',#13696,1.);
#13696 = DIRECTION('',(0.998790787438,4.916261718327E-02,0.));
#13697 = ORIENTED_EDGE('',*,*,#13676,.T.);
#13698 = ORIENTED_EDGE('',*,*,#3443,.F.);
#13699 = ORIENTED_EDGE('',*,*,#13700,.F.);
#13700 = EDGE_CURVE('',#13691,#3436,#13701,.T.);
#13701 = LINE('',#13702,#13703);
#13702 = CARTESIAN_POINT('',(-47.3865,66.5,2.5));
#13703 = VECTOR('',#13704,1.);
#13704 = DIRECTION('',(0.,0.,1.));
#13705 = PLANE('',#13706);
#13706 = AXIS2_PLACEMENT_3D('',#13707,#13708,#13709);
#13707 = CARTESIAN_POINT('',(-47.7786,66.4807,2.5));
#13708 = DIRECTION('',(4.916261718327E-02,-0.998790787438,0.));
#13709 = DIRECTION('',(-0.998790787438,-4.916261718327E-02,0.));
#13710 = ADVANCED_FACE('',(#13711),#13793,.T.);
#13711 = FACE_BOUND('',#13712,.F.);
#13712 = EDGE_LOOP('',(#13713,#13721,#13722,#13723,#13731,#13739,#13747,
    #13755,#13763,#13771,#13779,#13787));
#13713 = ORIENTED_EDGE('',*,*,#13714,.F.);
#13714 = EDGE_CURVE('',#13691,#13715,#13717,.T.);
#13715 = VERTEX_POINT('',#13716);
#13716 = CARTESIAN_POINT('',(-41.05803989155,66.5,2.5));
#13717 = LINE('',#13718,#13719);
#13718 = CARTESIAN_POINT('',(-47.3865,66.5,2.5));
#13719 = VECTOR('',#13720,1.);
#13720 = DIRECTION('',(1.,0.,0.));
#13721 = ORIENTED_EDGE('',*,*,#13700,.T.);
#13722 = ORIENTED_EDGE('',*,*,#3435,.F.);
#13723 = ORIENTED_EDGE('',*,*,#13724,.F.);
#13724 = EDGE_CURVE('',#13725,#3428,#13727,.T.);
#13725 = VERTEX_POINT('',#13726);
#13726 = CARTESIAN_POINT('',(-28.8722,66.5,2.5));
#13727 = LINE('',#13728,#13729);
#13728 = CARTESIAN_POINT('',(-28.8722,66.5,2.5));
#13729 = VECTOR('',#13730,1.);
#13730 = DIRECTION('',(0.,0.,1.));
#13731 = ORIENTED_EDGE('',*,*,#13732,.F.);
#13732 = EDGE_CURVE('',#13733,#13725,#13735,.T.);
#13733 = VERTEX_POINT('',#13734);
#13734 = CARTESIAN_POINT('',(-35.14196010845,66.5,2.5));
#13735 = LINE('',#13736,#13737);
#13736 = CARTESIAN_POINT('',(-47.3865,66.5,2.5));
#13737 = VECTOR('',#13738,1.);
#13738 = DIRECTION('',(1.,0.,0.));
#13739 = ORIENTED_EDGE('',*,*,#13740,.F.);
#13740 = EDGE_CURVE('',#13741,#13733,#13743,.T.);
#13741 = VERTEX_POINT('',#13742);
#13742 = CARTESIAN_POINT('',(-35.14196010845,66.5,6.1));
#13743 = LINE('',#13744,#13745);
#13744 = CARTESIAN_POINT('',(-35.14196010845,66.5,0.));
#13745 = VECTOR('',#13746,1.);
#13746 = DIRECTION('',(0.,0.,-1.));
#13747 = ORIENTED_EDGE('',*,*,#13748,.F.);
#13748 = EDGE_CURVE('',#13749,#13741,#13751,.T.);
#13749 = VERTEX_POINT('',#13750);
#13750 = CARTESIAN_POINT('',(-36.52758148064,66.5,6.1));
#13751 = LINE('',#13752,#13753);
#13752 = CARTESIAN_POINT('',(-42.74325,66.5,6.1));
#13753 = VECTOR('',#13754,1.);
#13754 = DIRECTION('',(1.,0.,0.));
#13755 = ORIENTED_EDGE('',*,*,#13756,.F.);
#13756 = EDGE_CURVE('',#13757,#13749,#13759,.T.);
#13757 = VERTEX_POINT('',#13758);
#13758 = CARTESIAN_POINT('',(-36.52758148064,66.5,7.1));
#13759 = LINE('',#13760,#13761);
#13760 = CARTESIAN_POINT('',(-36.52758148064,66.5,1.1));
#13761 = VECTOR('',#13762,1.);
#13762 = DIRECTION('',(0.,0.,-1.));
#13763 = ORIENTED_EDGE('',*,*,#13764,.F.);
#13764 = EDGE_CURVE('',#13765,#13757,#13767,.T.);
#13765 = VERTEX_POINT('',#13766);
#13766 = CARTESIAN_POINT('',(-39.67241851935,66.5,7.1));
#13767 = LINE('',#13768,#13769);
#13768 = CARTESIAN_POINT('',(-42.74325,66.5,7.1));
#13769 = VECTOR('',#13770,1.);
#13770 = DIRECTION('',(1.,0.,0.));
#13771 = ORIENTED_EDGE('',*,*,#13772,.T.);
#13772 = EDGE_CURVE('',#13765,#13773,#13775,.T.);
#13773 = VERTEX_POINT('',#13774);
#13774 = CARTESIAN_POINT('',(-39.67241851935,66.5,6.1));
#13775 = LINE('',#13776,#13777);
#13776 = CARTESIAN_POINT('',(-39.67241851935,66.5,1.1));
#13777 = VECTOR('',#13778,1.);
#13778 = DIRECTION('',(0.,0.,-1.));
#13779 = ORIENTED_EDGE('',*,*,#13780,.F.);
#13780 = EDGE_CURVE('',#13781,#13773,#13783,.T.);
#13781 = VERTEX_POINT('',#13782);
#13782 = CARTESIAN_POINT('',(-41.05803989155,66.5,6.1));
#13783 = LINE('',#13784,#13785);
#13784 = CARTESIAN_POINT('',(-42.74325,66.5,6.1));
#13785 = VECTOR('',#13786,1.);
#13786 = DIRECTION('',(1.,0.,0.));
#13787 = ORIENTED_EDGE('',*,*,#13788,.T.);
#13788 = EDGE_CURVE('',#13781,#13715,#13789,.T.);
#13789 = LINE('',#13790,#13791);
#13790 = CARTESIAN_POINT('',(-41.05803989155,66.5,0.));
#13791 = VECTOR('',#13792,1.);
#13792 = DIRECTION('',(0.,0.,-1.));
#13793 = PLANE('',#13794);
#13794 = AXIS2_PLACEMENT_3D('',#13795,#13796,#13797);
#13795 = CARTESIAN_POINT('',(-47.3865,66.5,2.5));
#13796 = DIRECTION('',(-0.,-1.,-0.));
#13797 = DIRECTION('',(-1.,0.,0.));
#13798 = ADVANCED_FACE('',(#13799),#13817,.T.);
#13799 = FACE_BOUND('',#13800,.F.);
#13800 = EDGE_LOOP('',(#13801,#13809,#13810,#13811));
#13801 = ORIENTED_EDGE('',*,*,#13802,.F.);
#13802 = EDGE_CURVE('',#13725,#13803,#13805,.T.);
#13803 = VERTEX_POINT('',#13804);
#13804 = CARTESIAN_POINT('',(-28.0918,66.4231,2.5));
#13805 = LINE('',#13806,#13807);
#13806 = CARTESIAN_POINT('',(-28.8722,66.5,2.5));
#13807 = VECTOR('',#13808,1.);
#13808 = DIRECTION('',(0.995180084663,-9.806426000839E-02,0.));
#13809 = ORIENTED_EDGE('',*,*,#13724,.T.);
#13810 = ORIENTED_EDGE('',*,*,#3427,.F.);
#13811 = ORIENTED_EDGE('',*,*,#13812,.F.);
#13812 = EDGE_CURVE('',#13803,#3420,#13813,.T.);
#13813 = LINE('',#13814,#13815);
#13814 = CARTESIAN_POINT('',(-28.0918,66.4231,2.5));
#13815 = VECTOR('',#13816,1.);
#13816 = DIRECTION('',(0.,0.,1.));
#13817 = PLANE('',#13818);
#13818 = AXIS2_PLACEMENT_3D('',#13819,#13820,#13821);
#13819 = CARTESIAN_POINT('',(-28.8722,66.5,2.5));
#13820 = DIRECTION('',(-9.806426000839E-02,-0.995180084663,-0.));
#13821 = DIRECTION('',(-0.995180084663,9.806426000839E-02,0.));
#13822 = ADVANCED_FACE('',(#13823),#13841,.T.);
#13823 = FACE_BOUND('',#13824,.F.);
#13824 = EDGE_LOOP('',(#13825,#13833,#13834,#13835));
#13825 = ORIENTED_EDGE('',*,*,#13826,.F.);
#13826 = EDGE_CURVE('',#13803,#13827,#13829,.T.);
#13827 = VERTEX_POINT('',#13828);
#13828 = CARTESIAN_POINT('',(-27.3415,66.1955,2.5));
#13829 = LINE('',#13830,#13831);
#13830 = CARTESIAN_POINT('',(-28.0918,66.4231,2.5));
#13831 = VECTOR('',#13832,1.);
#13832 = DIRECTION('',(0.956940695942,-0.290283489799,0.));
#13833 = ORIENTED_EDGE('',*,*,#13812,.T.);
#13834 = ORIENTED_EDGE('',*,*,#3419,.F.);
#13835 = ORIENTED_EDGE('',*,*,#13836,.F.);
#13836 = EDGE_CURVE('',#13827,#3412,#13837,.T.);
#13837 = LINE('',#13838,#13839);
#13838 = CARTESIAN_POINT('',(-27.3415,66.1955,2.5));
#13839 = VECTOR('',#13840,1.);
#13840 = DIRECTION('',(0.,0.,1.));
#13841 = PLANE('',#13842);
#13842 = AXIS2_PLACEMENT_3D('',#13843,#13844,#13845);
#13843 = CARTESIAN_POINT('',(-28.0918,66.4231,2.5));
#13844 = DIRECTION('',(-0.290283489799,-0.956940695942,-0.));
#13845 = DIRECTION('',(-0.956940695942,0.290283489799,0.));
#13846 = ADVANCED_FACE('',(#13847),#13865,.T.);
#13847 = FACE_BOUND('',#13848,.F.);
#13848 = EDGE_LOOP('',(#13849,#13857,#13858,#13859));
#13849 = ORIENTED_EDGE('',*,*,#13850,.F.);
#13850 = EDGE_CURVE('',#13827,#13851,#13853,.T.);
#13851 = VERTEX_POINT('',#13852);
#13852 = CARTESIAN_POINT('',(-26.6499,65.8259,2.5));
#13853 = LINE('',#13854,#13855);
#13854 = CARTESIAN_POINT('',(-27.3415,66.1955,2.5));
#13855 = VECTOR('',#13856,1.);
#13856 = DIRECTION('',(0.881957260666,-0.471329386267,0.));
#13857 = ORIENTED_EDGE('',*,*,#13836,.T.);
#13858 = ORIENTED_EDGE('',*,*,#3411,.F.);
#13859 = ORIENTED_EDGE('',*,*,#13860,.F.);
#13860 = EDGE_CURVE('',#13851,#3404,#13861,.T.);
#13861 = LINE('',#13862,#13863);
#13862 = CARTESIAN_POINT('',(-26.6499,65.8259,2.5));
#13863 = VECTOR('',#13864,1.);
#13864 = DIRECTION('',(0.,0.,1.));
#13865 = PLANE('',#13866);
#13866 = AXIS2_PLACEMENT_3D('',#13867,#13868,#13869);
#13867 = CARTESIAN_POINT('',(-27.3415,66.1955,2.5));
#13868 = DIRECTION('',(-0.471329386267,-0.881957260666,-0.));
#13869 = DIRECTION('',(-0.881957260666,0.471329386267,0.));
#13870 = ADVANCED_FACE('',(#13871),#13889,.T.);
#13871 = FACE_BOUND('',#13872,.F.);
#13872 = EDGE_LOOP('',(#13873,#13881,#13882,#13883));
#13873 = ORIENTED_EDGE('',*,*,#13874,.F.);
#13874 = EDGE_CURVE('',#13851,#13875,#13877,.T.);
#13875 = VERTEX_POINT('',#13876);
#13876 = CARTESIAN_POINT('',(-26.0438,65.3284,2.5));
#13877 = LINE('',#13878,#13879);
#13878 = CARTESIAN_POINT('',(-26.6499,65.8259,2.5));
#13879 = VECTOR('',#13880,1.);
#13880 = DIRECTION('',(0.772956300772,-0.634459263544,0.));
#13881 = ORIENTED_EDGE('',*,*,#13860,.T.);
#13882 = ORIENTED_EDGE('',*,*,#3403,.F.);
#13883 = ORIENTED_EDGE('',*,*,#13884,.F.);
#13884 = EDGE_CURVE('',#13875,#3396,#13885,.T.);
#13885 = LINE('',#13886,#13887);
#13886 = CARTESIAN_POINT('',(-26.0438,65.3284,2.5));
#13887 = VECTOR('',#13888,1.);
#13888 = DIRECTION('',(0.,0.,1.));
#13889 = PLANE('',#13890);
#13890 = AXIS2_PLACEMENT_3D('',#13891,#13892,#13893);
#13891 = CARTESIAN_POINT('',(-26.6499,65.8259,2.5));
#13892 = DIRECTION('',(-0.634459263544,-0.772956300772,-0.));
#13893 = DIRECTION('',(-0.772956300772,0.634459263544,0.));
#13894 = ADVANCED_FACE('',(#13895),#13913,.T.);
#13895 = FACE_BOUND('',#13896,.F.);
#13896 = EDGE_LOOP('',(#13897,#13905,#13906,#13907));
#13897 = ORIENTED_EDGE('',*,*,#13898,.F.);
#13898 = EDGE_CURVE('',#13875,#13899,#13901,.T.);
#13899 = VERTEX_POINT('',#13900);
#13900 = CARTESIAN_POINT('',(-25.5463,64.7223,2.5));
#13901 = LINE('',#13902,#13903);
#13902 = CARTESIAN_POINT('',(-26.0438,65.3284,2.5));
#13903 = VECTOR('',#13904,1.);
#13904 = DIRECTION('',(0.634459263544,-0.772956300772,0.));
#13905 = ORIENTED_EDGE('',*,*,#13884,.T.);
#13906 = ORIENTED_EDGE('',*,*,#3395,.F.);
#13907 = ORIENTED_EDGE('',*,*,#13908,.F.);
#13908 = EDGE_CURVE('',#13899,#3388,#13909,.T.);
#13909 = LINE('',#13910,#13911);
#13910 = CARTESIAN_POINT('',(-25.5463,64.7223,2.5));
#13911 = VECTOR('',#13912,1.);
#13912 = DIRECTION('',(0.,0.,1.));
#13913 = PLANE('',#13914);
#13914 = AXIS2_PLACEMENT_3D('',#13915,#13916,#13917);
#13915 = CARTESIAN_POINT('',(-26.0438,65.3284,2.5));
#13916 = DIRECTION('',(-0.772956300772,-0.634459263544,-0.));
#13917 = DIRECTION('',(-0.634459263544,0.772956300772,0.));
#13918 = ADVANCED_FACE('',(#13919),#13937,.T.);
#13919 = FACE_BOUND('',#13920,.F.);
#13920 = EDGE_LOOP('',(#13921,#13929,#13930,#13931));
#13921 = ORIENTED_EDGE('',*,*,#13922,.F.);
#13922 = EDGE_CURVE('',#13899,#13923,#13925,.T.);
#13923 = VERTEX_POINT('',#13924);
#13924 = CARTESIAN_POINT('',(-25.4887,64.6144,2.5));
#13925 = LINE('',#13926,#13927);
#13926 = CARTESIAN_POINT('',(-25.5463,64.7223,2.5));
#13927 = VECTOR('',#13928,1.);
#13928 = DIRECTION('',(0.470927681203,-0.882171819476,0.));
#13929 = ORIENTED_EDGE('',*,*,#13908,.T.);
#13930 = ORIENTED_EDGE('',*,*,#3387,.F.);
#13931 = ORIENTED_EDGE('',*,*,#13932,.F.);
#13932 = EDGE_CURVE('',#13923,#3380,#13933,.T.);
#13933 = LINE('',#13934,#13935);
#13934 = CARTESIAN_POINT('',(-25.4887,64.6144,2.5));
#13935 = VECTOR('',#13936,1.);
#13936 = DIRECTION('',(0.,0.,1.));
#13937 = PLANE('',#13938);
#13938 = AXIS2_PLACEMENT_3D('',#13939,#13940,#13941);
#13939 = CARTESIAN_POINT('',(-25.5463,64.7223,2.5));
#13940 = DIRECTION('',(-0.882171819476,-0.470927681203,-0.));
#13941 = DIRECTION('',(-0.470927681203,0.882171819476,0.));
#13942 = ADVANCED_FACE('',(#13943),#13961,.T.);
#13943 = FACE_BOUND('',#13944,.F.);
#13944 = EDGE_LOOP('',(#13945,#13953,#13954,#13955));
#13945 = ORIENTED_EDGE('',*,*,#13946,.F.);
#13946 = EDGE_CURVE('',#13923,#13947,#13949,.T.);
#13947 = VERTEX_POINT('',#13948);
#13948 = CARTESIAN_POINT('',(-24.4348,63.0371,2.5));
#13949 = LINE('',#13950,#13951);
#13950 = CARTESIAN_POINT('',(-25.4887,64.6144,2.5));
#13951 = VECTOR('',#13952,1.);
#13952 = DIRECTION('',(0.555563612717,-0.831474035809,0.));
#13953 = ORIENTED_EDGE('',*,*,#13932,.T.);
#13954 = ORIENTED_EDGE('',*,*,#3379,.F.);
#13955 = ORIENTED_EDGE('',*,*,#13956,.F.);
#13956 = EDGE_CURVE('',#13947,#3372,#13957,.T.);
#13957 = LINE('',#13958,#13959);
#13958 = CARTESIAN_POINT('',(-24.4348,63.0371,2.5));
#13959 = VECTOR('',#13960,1.);
#13960 = DIRECTION('',(0.,0.,1.));
#13961 = PLANE('',#13962);
#13962 = AXIS2_PLACEMENT_3D('',#13963,#13964,#13965);
#13963 = CARTESIAN_POINT('',(-25.4887,64.6144,2.5));
#13964 = DIRECTION('',(-0.831474035809,-0.555563612717,-0.));
#13965 = DIRECTION('',(-0.555563612717,0.831474035809,0.));
#13966 = ADVANCED_FACE('',(#13967),#13985,.T.);
#13967 = FACE_BOUND('',#13968,.F.);
#13968 = EDGE_LOOP('',(#13969,#13977,#13978,#13979));
#13969 = ORIENTED_EDGE('',*,*,#13970,.F.);
#13970 = EDGE_CURVE('',#13947,#13971,#13973,.T.);
#13971 = VERTEX_POINT('',#13972);
#13972 = CARTESIAN_POINT('',(-23.3285,61.9309,2.5));
#13973 = LINE('',#13974,#13975);
#13974 = CARTESIAN_POINT('',(-24.4348,63.0371,2.5));
#13975 = VECTOR('',#13976,1.);
#13976 = DIRECTION('',(0.707138740093,-0.707074820836,0.));
#13977 = ORIENTED_EDGE('',*,*,#13956,.T.);
#13978 = ORIENTED_EDGE('',*,*,#3371,.F.);
#13979 = ORIENTED_EDGE('',*,*,#13980,.F.);
#13980 = EDGE_CURVE('',#13971,#3364,#13981,.T.);
#13981 = LINE('',#13982,#13983);
#13982 = CARTESIAN_POINT('',(-23.3285,61.9309,2.5));
#13983 = VECTOR('',#13984,1.);
#13984 = DIRECTION('',(0.,0.,1.));
#13985 = PLANE('',#13986);
#13986 = AXIS2_PLACEMENT_3D('',#13987,#13988,#13989);
#13987 = CARTESIAN_POINT('',(-24.4348,63.0371,2.5));
#13988 = DIRECTION('',(-0.707074820836,-0.707138740093,-0.));
#13989 = DIRECTION('',(-0.707138740093,0.707074820836,0.));
#13990 = ADVANCED_FACE('',(#13991),#14009,.T.);
#13991 = FACE_BOUND('',#13992,.F.);
#13992 = EDGE_LOOP('',(#13993,#14001,#14002,#14003));
#13993 = ORIENTED_EDGE('',*,*,#13994,.F.);
#13994 = EDGE_CURVE('',#13971,#13995,#13997,.T.);
#13995 = VERTEX_POINT('',#13996);
#13996 = CARTESIAN_POINT('',(-22.0277,61.0617,2.5));
#13997 = LINE('',#13998,#13999);
#13998 = CARTESIAN_POINT('',(-23.3285,61.9309,2.5));
#13999 = VECTOR('',#14000,1.);
#14000 = DIRECTION('',(0.831459801075,-0.555584916278,0.));
#14001 = ORIENTED_EDGE('',*,*,#13980,.T.);
#14002 = ORIENTED_EDGE('',*,*,#3363,.F.);
#14003 = ORIENTED_EDGE('',*,*,#14004,.F.);
#14004 = EDGE_CURVE('',#13995,#3356,#14005,.T.);
#14005 = LINE('',#14006,#14007);
#14006 = CARTESIAN_POINT('',(-22.0277,61.0617,2.5));
#14007 = VECTOR('',#14008,1.);
#14008 = DIRECTION('',(0.,0.,1.));
#14009 = PLANE('',#14010);
#14010 = AXIS2_PLACEMENT_3D('',#14011,#14012,#14013);
#14011 = CARTESIAN_POINT('',(-23.3285,61.9309,2.5));
#14012 = DIRECTION('',(-0.555584916278,-0.831459801075,-0.));
#14013 = DIRECTION('',(-0.831459801075,0.555584916278,0.));
#14014 = ADVANCED_FACE('',(#14015),#14033,.T.);
#14015 = FACE_BOUND('',#14016,.F.);
#14016 = EDGE_LOOP('',(#14017,#14025,#14026,#14027));
#14017 = ORIENTED_EDGE('',*,*,#14018,.F.);
#14018 = EDGE_CURVE('',#13995,#14019,#14021,.T.);
#14019 = VERTEX_POINT('',#14020);
#14020 = CARTESIAN_POINT('',(-20.5823,60.463,2.5));
#14021 = LINE('',#14022,#14023);
#14022 = CARTESIAN_POINT('',(-22.0277,61.0617,2.5));
#14023 = VECTOR('',#14024,1.);
#14024 = DIRECTION('',(0.923880500421,-0.382681095615,0.));
#14025 = ORIENTED_EDGE('',*,*,#14004,.T.);
#14026 = ORIENTED_EDGE('',*,*,#3355,.F.);
#14027 = ORIENTED_EDGE('',*,*,#14028,.F.);
#14028 = EDGE_CURVE('',#14019,#3348,#14029,.T.);
#14029 = LINE('',#14030,#14031);
#14030 = CARTESIAN_POINT('',(-20.5823,60.463,2.5));
#14031 = VECTOR('',#14032,1.);
#14032 = DIRECTION('',(0.,0.,1.));
#14033 = PLANE('',#14034);
#14034 = AXIS2_PLACEMENT_3D('',#14035,#14036,#14037);
#14035 = CARTESIAN_POINT('',(-22.0277,61.0617,2.5));
#14036 = DIRECTION('',(-0.382681095615,-0.923880500421,-0.));
#14037 = DIRECTION('',(-0.923880500421,0.382681095615,0.));
#14038 = ADVANCED_FACE('',(#14039),#14057,.T.);
#14039 = FACE_BOUND('',#14040,.F.);
#14040 = EDGE_LOOP('',(#14041,#14049,#14050,#14051));
#14041 = ORIENTED_EDGE('',*,*,#14042,.F.);
#14042 = EDGE_CURVE('',#14019,#14043,#14045,.T.);
#14043 = VERTEX_POINT('',#14044);
#14044 = CARTESIAN_POINT('',(-18.9509,60.1385,2.5));
#14045 = LINE('',#14046,#14047);
#14046 = CARTESIAN_POINT('',(-20.5823,60.463,2.5));
#14047 = VECTOR('',#14048,1.);
#14048 = DIRECTION('',(0.980785928742,-0.19508706257,0.));
#14049 = ORIENTED_EDGE('',*,*,#14028,.T.);
#14050 = ORIENTED_EDGE('',*,*,#3347,.F.);
#14051 = ORIENTED_EDGE('',*,*,#14052,.F.);
#14052 = EDGE_CURVE('',#14043,#3340,#14053,.T.);
#14053 = LINE('',#14054,#14055);
#14054 = CARTESIAN_POINT('',(-18.9509,60.1385,2.5));
#14055 = VECTOR('',#14056,1.);
#14056 = DIRECTION('',(0.,0.,1.));
#14057 = PLANE('',#14058);
#14058 = AXIS2_PLACEMENT_3D('',#14059,#14060,#14061);
#14059 = CARTESIAN_POINT('',(-20.5823,60.463,2.5));
#14060 = DIRECTION('',(-0.19508706257,-0.980785928742,-0.));
#14061 = DIRECTION('',(-0.980785928742,0.19508706257,0.));
#14062 = ADVANCED_FACE('',(#14063),#14081,.T.);
#14063 = FACE_BOUND('',#14064,.F.);
#14064 = EDGE_LOOP('',(#14065,#14073,#14074,#14075));
#14065 = ORIENTED_EDGE('',*,*,#14066,.F.);
#14066 = EDGE_CURVE('',#14043,#14067,#14069,.T.);
#14067 = VERTEX_POINT('',#14068);
#14068 = CARTESIAN_POINT('',(-18.1674,60.1,2.5));
#14069 = LINE('',#14070,#14071);
#14070 = CARTESIAN_POINT('',(-18.9509,60.1385,2.5));
#14071 = VECTOR('',#14072,1.);
#14072 = DIRECTION('',(0.998794886786,-4.907926374126E-02,0.));
#14073 = ORIENTED_EDGE('',*,*,#14052,.T.);
#14074 = ORIENTED_EDGE('',*,*,#3339,.F.);
#14075 = ORIENTED_EDGE('',*,*,#14076,.F.);
#14076 = EDGE_CURVE('',#14067,#3332,#14077,.T.);
#14077 = LINE('',#14078,#14079);
#14078 = CARTESIAN_POINT('',(-18.1674,60.1,2.5));
#14079 = VECTOR('',#14080,1.);
#14080 = DIRECTION('',(0.,0.,1.));
#14081 = PLANE('',#14082);
#14082 = AXIS2_PLACEMENT_3D('',#14083,#14084,#14085);
#14083 = CARTESIAN_POINT('',(-18.9509,60.1385,2.5));
#14084 = DIRECTION('',(-4.907926374126E-02,-0.998794886786,-0.));
#14085 = DIRECTION('',(-0.998794886786,4.907926374126E-02,0.));
#14086 = ADVANCED_FACE('',(#14087),#14105,.T.);
#14087 = FACE_BOUND('',#14088,.F.);
#14088 = EDGE_LOOP('',(#14089,#14097,#14098,#14099));
#14089 = ORIENTED_EDGE('',*,*,#14090,.F.);
#14090 = EDGE_CURVE('',#14067,#14091,#14093,.T.);
#14091 = VERTEX_POINT('',#14092);
#14092 = CARTESIAN_POINT('',(-10.853,60.1,2.5));
#14093 = LINE('',#14094,#14095);
#14094 = CARTESIAN_POINT('',(-18.1674,60.1,2.5));
#14095 = VECTOR('',#14096,1.);
#14096 = DIRECTION('',(1.,0.,0.));
#14097 = ORIENTED_EDGE('',*,*,#14076,.T.);
#14098 = ORIENTED_EDGE('',*,*,#3331,.F.);
#14099 = ORIENTED_EDGE('',*,*,#14100,.F.);
#14100 = EDGE_CURVE('',#14091,#3324,#14101,.T.);
#14101 = LINE('',#14102,#14103);
#14102 = CARTESIAN_POINT('',(-10.853,60.1,2.5));
#14103 = VECTOR('',#14104,1.);
#14104 = DIRECTION('',(0.,0.,1.));
#14105 = PLANE('',#14106);
#14106 = AXIS2_PLACEMENT_3D('',#14107,#14108,#14109);
#14107 = CARTESIAN_POINT('',(-18.1674,60.1,2.5));
#14108 = DIRECTION('',(-0.,-1.,-0.));
#14109 = DIRECTION('',(-1.,0.,0.));
#14110 = ADVANCED_FACE('',(#14111),#14129,.T.);
#14111 = FACE_BOUND('',#14112,.F.);
#14112 = EDGE_LOOP('',(#14113,#14121,#14122,#14123));
#14113 = ORIENTED_EDGE('',*,*,#14114,.F.);
#14114 = EDGE_CURVE('',#14091,#14115,#14117,.T.);
#14115 = VERTEX_POINT('',#14116);
#14116 = CARTESIAN_POINT('',(-10.0727,60.0231,2.5));
#14117 = LINE('',#14118,#14119);
#14118 = CARTESIAN_POINT('',(-10.853,60.1,2.5));
#14119 = VECTOR('',#14120,1.);
#14120 = DIRECTION('',(0.995178858103,-9.807670663608E-02,0.));
#14121 = ORIENTED_EDGE('',*,*,#14100,.T.);
#14122 = ORIENTED_EDGE('',*,*,#3323,.F.);
#14123 = ORIENTED_EDGE('',*,*,#14124,.F.);
#14124 = EDGE_CURVE('',#14115,#3316,#14125,.T.);
#14125 = LINE('',#14126,#14127);
#14126 = CARTESIAN_POINT('',(-10.0727,60.0231,2.5));
#14127 = VECTOR('',#14128,1.);
#14128 = DIRECTION('',(0.,0.,1.));
#14129 = PLANE('',#14130);
#14130 = AXIS2_PLACEMENT_3D('',#14131,#14132,#14133);
#14131 = CARTESIAN_POINT('',(-10.853,60.1,2.5));
#14132 = DIRECTION('',(-9.807670663608E-02,-0.995178858103,-0.));
#14133 = DIRECTION('',(-0.995178858103,9.807670663608E-02,0.));
#14134 = ADVANCED_FACE('',(#14135),#14153,.T.);
#14135 = FACE_BOUND('',#14136,.F.);
#14136 = EDGE_LOOP('',(#14137,#14145,#14146,#14147));
#14137 = ORIENTED_EDGE('',*,*,#14138,.F.);
#14138 = EDGE_CURVE('',#14115,#14139,#14141,.T.);
#14139 = VERTEX_POINT('',#14140);
#14140 = CARTESIAN_POINT('',(-9.32228,59.7955,2.5));
#14141 = LINE('',#14142,#14143);
#14142 = CARTESIAN_POINT('',(-10.0727,60.0231,2.5));
#14143 = VECTOR('',#14144,1.);
#14144 = DIRECTION('',(0.956953589732,-0.290240981081,0.));
#14145 = ORIENTED_EDGE('',*,*,#14124,.T.);
#14146 = ORIENTED_EDGE('',*,*,#3315,.F.);
#14147 = ORIENTED_EDGE('',*,*,#14148,.F.);
#14148 = EDGE_CURVE('',#14139,#3308,#14149,.T.);
#14149 = LINE('',#14150,#14151);
#14150 = CARTESIAN_POINT('',(-9.32228,59.7955,2.5));
#14151 = VECTOR('',#14152,1.);
#14152 = DIRECTION('',(0.,0.,1.));
#14153 = PLANE('',#14154);
#14154 = AXIS2_PLACEMENT_3D('',#14155,#14156,#14157);
#14155 = CARTESIAN_POINT('',(-10.0727,60.0231,2.5));
#14156 = DIRECTION('',(-0.290240981081,-0.956953589732,-0.));
#14157 = DIRECTION('',(-0.956953589732,0.290240981081,0.));
#14158 = ADVANCED_FACE('',(#14159),#14177,.T.);
#14159 = FACE_BOUND('',#14160,.F.);
#14160 = EDGE_LOOP('',(#14161,#14169,#14170,#14171));
#14161 = ORIENTED_EDGE('',*,*,#14162,.F.);
#14162 = EDGE_CURVE('',#14139,#14163,#14165,.T.);
#14163 = VERTEX_POINT('',#14164);
#14164 = CARTESIAN_POINT('',(-8.63074,59.4259,2.5));
#14165 = LINE('',#14166,#14167);
#14166 = CARTESIAN_POINT('',(-9.32228,59.7955,2.5));
#14167 = VECTOR('',#14168,1.);
#14168 = DIRECTION('',(0.88194026114,-0.471361194605,0.));
#14169 = ORIENTED_EDGE('',*,*,#14148,.T.);
#14170 = ORIENTED_EDGE('',*,*,#3307,.F.);
#14171 = ORIENTED_EDGE('',*,*,#14172,.F.);
#14172 = EDGE_CURVE('',#14163,#3300,#14173,.T.);
#14173 = LINE('',#14174,#14175);
#14174 = CARTESIAN_POINT('',(-8.63074,59.4259,2.5));
#14175 = VECTOR('',#14176,1.);
#14176 = DIRECTION('',(0.,0.,1.));
#14177 = PLANE('',#14178);
#14178 = AXIS2_PLACEMENT_3D('',#14179,#14180,#14181);
#14179 = CARTESIAN_POINT('',(-9.32228,59.7955,2.5));
#14180 = DIRECTION('',(-0.471361194605,-0.88194026114,-0.));
#14181 = DIRECTION('',(-0.88194026114,0.471361194605,0.));
#14182 = ADVANCED_FACE('',(#14183),#14201,.T.);
#14183 = FACE_BOUND('',#14184,.F.);
#14184 = EDGE_LOOP('',(#14185,#14193,#14194,#14195));
#14185 = ORIENTED_EDGE('',*,*,#14186,.F.);
#14186 = EDGE_CURVE('',#14163,#14187,#14189,.T.);
#14187 = VERTEX_POINT('',#14188);
#14188 = CARTESIAN_POINT('',(-8.02459,58.9284,2.5));
#14189 = LINE('',#14190,#14191);
#14190 = CARTESIAN_POINT('',(-8.63074,59.4259,2.5));
#14191 = VECTOR('',#14192,1.);
#14192 = DIRECTION('',(0.772981966645,-0.634427993741,0.));
#14193 = ORIENTED_EDGE('',*,*,#14172,.T.);
#14194 = ORIENTED_EDGE('',*,*,#3299,.F.);
#14195 = ORIENTED_EDGE('',*,*,#14196,.F.);
#14196 = EDGE_CURVE('',#14187,#3292,#14197,.T.);
#14197 = LINE('',#14198,#14199);
#14198 = CARTESIAN_POINT('',(-8.02459,58.9284,2.5));
#14199 = VECTOR('',#14200,1.);
#14200 = DIRECTION('',(0.,0.,1.));
#14201 = PLANE('',#14202);
#14202 = AXIS2_PLACEMENT_3D('',#14203,#14204,#14205);
#14203 = CARTESIAN_POINT('',(-8.63074,59.4259,2.5));
#14204 = DIRECTION('',(-0.634427993741,-0.772981966645,-0.));
#14205 = DIRECTION('',(-0.772981966645,0.634427993741,0.));
#14206 = ADVANCED_FACE('',(#14207),#14225,.T.);
#14207 = FACE_BOUND('',#14208,.F.);
#14208 = EDGE_LOOP('',(#14209,#14217,#14218,#14219));
#14209 = ORIENTED_EDGE('',*,*,#14210,.F.);
#14210 = EDGE_CURVE('',#14187,#14211,#14213,.T.);
#14211 = VERTEX_POINT('',#14212);
#14212 = CARTESIAN_POINT('',(-7.52714,58.3223,2.5));
#14213 = LINE('',#14214,#14215);
#14214 = CARTESIAN_POINT('',(-8.02459,58.9284,2.5));
#14215 = VECTOR('',#14216,1.);
#14216 = DIRECTION('',(0.634421164253,-0.772987571924,0.));
#14217 = ORIENTED_EDGE('',*,*,#14196,.T.);
#14218 = ORIENTED_EDGE('',*,*,#3291,.F.);
#14219 = ORIENTED_EDGE('',*,*,#14220,.F.);
#14220 = EDGE_CURVE('',#14211,#3284,#14221,.T.);
#14221 = LINE('',#14222,#14223);
#14222 = CARTESIAN_POINT('',(-7.52714,58.3223,2.5));
#14223 = VECTOR('',#14224,1.);
#14224 = DIRECTION('',(0.,0.,1.));
#14225 = PLANE('',#14226);
#14226 = AXIS2_PLACEMENT_3D('',#14227,#14228,#14229);
#14227 = CARTESIAN_POINT('',(-8.02459,58.9284,2.5));
#14228 = DIRECTION('',(-0.772987571924,-0.634421164253,-0.));
#14229 = DIRECTION('',(-0.634421164253,0.772987571924,0.));
#14230 = ADVANCED_FACE('',(#14231),#14249,.T.);
#14231 = FACE_BOUND('',#14232,.F.);
#14232 = EDGE_LOOP('',(#14233,#14241,#14242,#14243));
#14233 = ORIENTED_EDGE('',*,*,#14234,.F.);
#14234 = EDGE_CURVE('',#14211,#14235,#14237,.T.);
#14235 = VERTEX_POINT('',#14236);
#14236 = CARTESIAN_POINT('',(-7.1575,57.6307,2.5));
#14237 = LINE('',#14238,#14239);
#14238 = CARTESIAN_POINT('',(-7.52714,58.3223,2.5));
#14239 = VECTOR('',#14240,1.);
#14240 = DIRECTION('',(0.47136906264,-0.881936055951,0.));
#14241 = ORIENTED_EDGE('',*,*,#14220,.T.);
#14242 = ORIENTED_EDGE('',*,*,#3283,.F.);
#14243 = ORIENTED_EDGE('',*,*,#14244,.F.);
#14244 = EDGE_CURVE('',#14235,#3276,#14245,.T.);
#14245 = LINE('',#14246,#14247);
#14246 = CARTESIAN_POINT('',(-7.1575,57.6307,2.5));
#14247 = VECTOR('',#14248,1.);
#14248 = DIRECTION('',(0.,0.,1.));
#14249 = PLANE('',#14250);
#14250 = AXIS2_PLACEMENT_3D('',#14251,#14252,#14253);
#14251 = CARTESIAN_POINT('',(-7.52714,58.3223,2.5));
#14252 = DIRECTION('',(-0.881936055951,-0.47136906264,-0.));
#14253 = DIRECTION('',(-0.47136906264,0.881936055951,0.));
#14254 = ADVANCED_FACE('',(#14255),#14273,.T.);
#14255 = FACE_BOUND('',#14256,.F.);
#14256 = EDGE_LOOP('',(#14257,#14265,#14266,#14267));
#14257 = ORIENTED_EDGE('',*,*,#14258,.F.);
#14258 = EDGE_CURVE('',#14235,#14259,#14261,.T.);
#14259 = VERTEX_POINT('',#14260);
#14260 = CARTESIAN_POINT('',(-6.92988,56.8804,2.5));
#14261 = LINE('',#14262,#14263);
#14262 = CARTESIAN_POINT('',(-7.1575,57.6307,2.5));
#14263 = VECTOR('',#14264,1.);
#14264 = DIRECTION('',(0.290306848318,-0.956933609933,0.));
#14265 = ORIENTED_EDGE('',*,*,#14244,.T.);
#14266 = ORIENTED_EDGE('',*,*,#3275,.F.);
#14267 = ORIENTED_EDGE('',*,*,#14268,.F.);
#14268 = EDGE_CURVE('',#14259,#3268,#14269,.T.);
#14269 = LINE('',#14270,#14271);
#14270 = CARTESIAN_POINT('',(-6.92988,56.8804,2.5));
#14271 = VECTOR('',#14272,1.);
#14272 = DIRECTION('',(0.,0.,1.));
#14273 = PLANE('',#14274);
#14274 = AXIS2_PLACEMENT_3D('',#14275,#14276,#14277);
#14275 = CARTESIAN_POINT('',(-7.1575,57.6307,2.5));
#14276 = DIRECTION('',(-0.956933609933,-0.290306848318,-0.));
#14277 = DIRECTION('',(-0.290306848318,0.956933609933,0.));
#14278 = ADVANCED_FACE('',(#14279),#14297,.T.);
#14279 = FACE_BOUND('',#14280,.F.);
#14280 = EDGE_LOOP('',(#14281,#14289,#14290,#14291));
#14281 = ORIENTED_EDGE('',*,*,#14282,.F.);
#14282 = EDGE_CURVE('',#14259,#14283,#14285,.T.);
#14283 = VERTEX_POINT('',#14284);
#14284 = CARTESIAN_POINT('',(-6.88227,56.5594,2.5));
#14285 = LINE('',#14286,#14287);
#14286 = CARTESIAN_POINT('',(-6.92988,56.8804,2.5));
#14287 = VECTOR('',#14288,1.);
#14288 = DIRECTION('',(0.146712829426,-0.989179127197,0.));
#14289 = ORIENTED_EDGE('',*,*,#14268,.T.);
#14290 = ORIENTED_EDGE('',*,*,#3267,.F.);
#14291 = ORIENTED_EDGE('',*,*,#14292,.F.);
#14292 = EDGE_CURVE('',#14283,#3260,#14293,.T.);
#14293 = LINE('',#14294,#14295);
#14294 = CARTESIAN_POINT('',(-6.88227,56.5594,2.5));
#14295 = VECTOR('',#14296,1.);
#14296 = DIRECTION('',(0.,0.,1.));
#14297 = PLANE('',#14298);
#14298 = AXIS2_PLACEMENT_3D('',#14299,#14300,#14301);
#14299 = CARTESIAN_POINT('',(-6.92988,56.8804,2.5));
#14300 = DIRECTION('',(-0.989179127197,-0.146712829426,-0.));
#14301 = DIRECTION('',(-0.146712829426,0.989179127197,0.));
#14302 = ADVANCED_FACE('',(#14303),#14321,.T.);
#14303 = FACE_BOUND('',#14304,.F.);
#14304 = EDGE_LOOP('',(#14305,#14313,#14314,#14315));
#14305 = ORIENTED_EDGE('',*,*,#14306,.F.);
#14306 = EDGE_CURVE('',#14283,#14307,#14309,.T.);
#14307 = VERTEX_POINT('',#14308);
#14308 = CARTESIAN_POINT('',(-6.42316,55.0459,2.5));
#14309 = LINE('',#14310,#14311);
#14310 = CARTESIAN_POINT('',(-6.88227,56.5594,2.5));
#14311 = VECTOR('',#14312,1.);
#14312 = DIRECTION('',(0.290281663229,-0.956941250022,0.));
#14313 = ORIENTED_EDGE('',*,*,#14292,.T.);
#14314 = ORIENTED_EDGE('',*,*,#3259,.F.);
#14315 = ORIENTED_EDGE('',*,*,#14316,.F.);
#14316 = EDGE_CURVE('',#14307,#3252,#14317,.T.);
#14317 = LINE('',#14318,#14319);
#14318 = CARTESIAN_POINT('',(-6.42316,55.0459,2.5));
#14319 = VECTOR('',#14320,1.);
#14320 = DIRECTION('',(0.,0.,1.));
#14321 = PLANE('',#14322);
#14322 = AXIS2_PLACEMENT_3D('',#14323,#14324,#14325);
#14323 = CARTESIAN_POINT('',(-6.88227,56.5594,2.5));
#14324 = DIRECTION('',(-0.956941250022,-0.290281663229,-0.));
#14325 = DIRECTION('',(-0.290281663229,0.956941250022,0.));
#14326 = ADVANCED_FACE('',(#14327),#14345,.T.);
#14327 = FACE_BOUND('',#14328,.F.);
#14328 = EDGE_LOOP('',(#14329,#14337,#14338,#14339));
#14329 = ORIENTED_EDGE('',*,*,#14330,.F.);
#14330 = EDGE_CURVE('',#14307,#14331,#14333,.T.);
#14331 = VERTEX_POINT('',#14332);
#14332 = CARTESIAN_POINT('',(-5.68566,53.6662,2.5));
#14333 = LINE('',#14334,#14335);
#14334 = CARTESIAN_POINT('',(-6.42316,55.0459,2.5));
#14335 = VECTOR('',#14336,1.);
#14336 = DIRECTION('',(0.4714141304,-0.881911967069,0.));
#14337 = ORIENTED_EDGE('',*,*,#14316,.T.);
#14338 = ORIENTED_EDGE('',*,*,#3251,.F.);
#14339 = ORIENTED_EDGE('',*,*,#14340,.F.);
#14340 = EDGE_CURVE('',#14331,#3244,#14341,.T.);
#14341 = LINE('',#14342,#14343);
#14342 = CARTESIAN_POINT('',(-5.68566,53.6662,2.5));
#14343 = VECTOR('',#14344,1.);
#14344 = DIRECTION('',(0.,0.,1.));
#14345 = PLANE('',#14346);
#14346 = AXIS2_PLACEMENT_3D('',#14347,#14348,#14349);
#14347 = CARTESIAN_POINT('',(-6.42316,55.0459,2.5));
#14348 = DIRECTION('',(-0.881911967069,-0.4714141304,-0.));
#14349 = DIRECTION('',(-0.4714141304,0.881911967069,0.));
#14350 = ADVANCED_FACE('',(#14351),#14369,.T.);
#14351 = FACE_BOUND('',#14352,.F.);
#14352 = EDGE_LOOP('',(#14353,#14361,#14362,#14363));
#14353 = ORIENTED_EDGE('',*,*,#14354,.F.);
#14354 = EDGE_CURVE('',#14331,#14355,#14357,.T.);
#14355 = VERTEX_POINT('',#14356);
#14356 = CARTESIAN_POINT('',(-4.69317,52.4568,2.5));
#14357 = LINE('',#14358,#14359);
#14358 = CARTESIAN_POINT('',(-5.68566,53.6662,2.5));
#14359 = VECTOR('',#14360,1.);
#14360 = DIRECTION('',(0.634378415338,-0.773022655653,0.));
#14361 = ORIENTED_EDGE('',*,*,#14340,.T.);
#14362 = ORIENTED_EDGE('',*,*,#3243,.F.);
#14363 = ORIENTED_EDGE('',*,*,#14364,.F.);
#14364 = EDGE_CURVE('',#14355,#3236,#14365,.T.);
#14365 = LINE('',#14366,#14367);
#14366 = CARTESIAN_POINT('',(-4.69317,52.4568,2.5));
#14367 = VECTOR('',#14368,1.);
#14368 = DIRECTION('',(0.,0.,1.));
#14369 = PLANE('',#14370);
#14370 = AXIS2_PLACEMENT_3D('',#14371,#14372,#14373);
#14371 = CARTESIAN_POINT('',(-5.68566,53.6662,2.5));
#14372 = DIRECTION('',(-0.773022655653,-0.634378415338,-0.));
#14373 = DIRECTION('',(-0.634378415338,0.773022655653,0.));
#14374 = ADVANCED_FACE('',(#14375),#14393,.T.);
#14375 = FACE_BOUND('',#14376,.F.);
#14376 = EDGE_LOOP('',(#14377,#14385,#14386,#14387));
#14377 = ORIENTED_EDGE('',*,*,#14378,.F.);
#14378 = EDGE_CURVE('',#14355,#14379,#14381,.T.);
#14379 = VERTEX_POINT('',#14380);
#14380 = CARTESIAN_POINT('',(-3.48381,51.4643,2.5));
#14381 = LINE('',#14382,#14383);
#14382 = CARTESIAN_POINT('',(-4.69317,52.4568,2.5));
#14383 = VECTOR('',#14384,1.);
#14384 = DIRECTION('',(0.773009231669,-0.634394772799,0.));
#14385 = ORIENTED_EDGE('',*,*,#14364,.T.);
#14386 = ORIENTED_EDGE('',*,*,#3235,.F.);
#14387 = ORIENTED_EDGE('',*,*,#14388,.F.);
#14388 = EDGE_CURVE('',#14379,#3228,#14389,.T.);
#14389 = LINE('',#14390,#14391);
#14390 = CARTESIAN_POINT('',(-3.48381,51.4643,2.5));
#14391 = VECTOR('',#14392,1.);
#14392 = DIRECTION('',(0.,0.,1.));
#14393 = PLANE('',#14394);
#14394 = AXIS2_PLACEMENT_3D('',#14395,#14396,#14397);
#14395 = CARTESIAN_POINT('',(-4.69317,52.4568,2.5));
#14396 = DIRECTION('',(-0.634394772799,-0.773009231669,-0.));
#14397 = DIRECTION('',(-0.773009231669,0.634394772799,0.));
#14398 = ADVANCED_FACE('',(#14399),#14417,.T.);
#14399 = FACE_BOUND('',#14400,.F.);
#14400 = EDGE_LOOP('',(#14401,#14409,#14410,#14411));
#14401 = ORIENTED_EDGE('',*,*,#14402,.F.);
#14402 = EDGE_CURVE('',#14379,#14403,#14405,.T.);
#14403 = VERTEX_POINT('',#14404);
#14404 = CARTESIAN_POINT('',(-2.10406,50.7268,2.5));
#14405 = LINE('',#14406,#14407);
#14406 = CARTESIAN_POINT('',(-3.48381,51.4643,2.5));
#14407 = VECTOR('',#14408,1.);
#14408 = DIRECTION('',(0.881919069342,-0.47140084337,0.));
#14409 = ORIENTED_EDGE('',*,*,#14388,.T.);
#14410 = ORIENTED_EDGE('',*,*,#3227,.F.);
#14411 = ORIENTED_EDGE('',*,*,#14412,.F.);
#14412 = EDGE_CURVE('',#14403,#3220,#14413,.T.);
#14413 = LINE('',#14414,#14415);
#14414 = CARTESIAN_POINT('',(-2.10406,50.7268,2.5));
#14415 = VECTOR('',#14416,1.);
#14416 = DIRECTION('',(0.,0.,1.));
#14417 = PLANE('',#14418);
#14418 = AXIS2_PLACEMENT_3D('',#14419,#14420,#14421);
#14419 = CARTESIAN_POINT('',(-3.48381,51.4643,2.5));
#14420 = DIRECTION('',(-0.47140084337,-0.881919069342,-0.));
#14421 = DIRECTION('',(-0.881919069342,0.47140084337,0.));
#14422 = ADVANCED_FACE('',(#14423),#14441,.T.);
#14423 = FACE_BOUND('',#14424,.F.);
#14424 = EDGE_LOOP('',(#14425,#14433,#14434,#14435));
#14425 = ORIENTED_EDGE('',*,*,#14426,.F.);
#14426 = EDGE_CURVE('',#14403,#14427,#14429,.T.);
#14427 = VERTEX_POINT('',#14428);
#14428 = CARTESIAN_POINT('',(-0.606947,50.2727,2.5));
#14429 = LINE('',#14430,#14431);
#14430 = CARTESIAN_POINT('',(-2.10406,50.7268,2.5));
#14431 = VECTOR('',#14432,1.);
#14432 = DIRECTION('',(0.956948194773,-0.290258768207,0.));
#14433 = ORIENTED_EDGE('',*,*,#14412,.T.);
#14434 = ORIENTED_EDGE('',*,*,#3219,.F.);
#14435 = ORIENTED_EDGE('',*,*,#14436,.F.);
#14436 = EDGE_CURVE('',#14427,#3212,#14437,.T.);
#14437 = LINE('',#14438,#14439);
#14438 = CARTESIAN_POINT('',(-0.606947,50.2727,2.5));
#14439 = VECTOR('',#14440,1.);
#14440 = DIRECTION('',(0.,0.,1.));
#14441 = PLANE('',#14442);
#14442 = AXIS2_PLACEMENT_3D('',#14443,#14444,#14445);
#14443 = CARTESIAN_POINT('',(-2.10406,50.7268,2.5));
#14444 = DIRECTION('',(-0.290258768207,-0.956948194773,-0.));
#14445 = DIRECTION('',(-0.956948194773,0.290258768207,0.));
#14446 = ADVANCED_FACE('',(#14447),#14465,.T.);
#14447 = FACE_BOUND('',#14448,.F.);
#14448 = EDGE_LOOP('',(#14449,#14457,#14458,#14459));
#14449 = ORIENTED_EDGE('',*,*,#14450,.F.);
#14450 = EDGE_CURVE('',#14427,#14451,#14453,.T.);
#14451 = VERTEX_POINT('',#14452);
#14452 = CARTESIAN_POINT('',(1.14651,50.1,2.5));
#14453 = LINE('',#14454,#14455);
#14454 = CARTESIAN_POINT('',(-0.606947,50.2727,2.5));
#14455 = VECTOR('',#14456,1.);
#14456 = DIRECTION('',(0.995184751068,-9.801689263519E-02,0.));
#14457 = ORIENTED_EDGE('',*,*,#14436,.T.);
#14458 = ORIENTED_EDGE('',*,*,#3211,.F.);
#14459 = ORIENTED_EDGE('',*,*,#14460,.F.);
#14460 = EDGE_CURVE('',#14451,#3204,#14461,.T.);
#14461 = LINE('',#14462,#14463);
#14462 = CARTESIAN_POINT('',(1.14651,50.1,2.5));
#14463 = VECTOR('',#14464,1.);
#14464 = DIRECTION('',(0.,0.,1.));
#14465 = PLANE('',#14466);
#14466 = AXIS2_PLACEMENT_3D('',#14467,#14468,#14469);
#14467 = CARTESIAN_POINT('',(-0.606947,50.2727,2.5));
#14468 = DIRECTION('',(-9.801689263519E-02,-0.995184751068,-0.));
#14469 = DIRECTION('',(-0.995184751068,9.801689263519E-02,0.));
#14470 = ADVANCED_FACE('',(#14471),#14489,.T.);
#14471 = FACE_BOUND('',#14472,.F.);
#14472 = EDGE_LOOP('',(#14473,#14481,#14482,#14483));
#14473 = ORIENTED_EDGE('',*,*,#14474,.F.);
#14474 = EDGE_CURVE('',#14451,#14475,#14477,.T.);
#14475 = VERTEX_POINT('',#14476);
#14476 = CARTESIAN_POINT('',(8.,50.1,2.5));
#14477 = LINE('',#14478,#14479);
#14478 = CARTESIAN_POINT('',(1.14651,50.1,2.5));
#14479 = VECTOR('',#14480,1.);
#14480 = DIRECTION('',(1.,0.,0.));
#14481 = ORIENTED_EDGE('',*,*,#14460,.T.);
#14482 = ORIENTED_EDGE('',*,*,#3203,.F.);
#14483 = ORIENTED_EDGE('',*,*,#14484,.F.);
#14484 = EDGE_CURVE('',#14475,#3196,#14485,.T.);
#14485 = LINE('',#14486,#14487);
#14486 = CARTESIAN_POINT('',(8.,50.1,2.5));
#14487 = VECTOR('',#14488,1.);
#14488 = DIRECTION('',(0.,0.,1.));
#14489 = PLANE('',#14490);
#14490 = AXIS2_PLACEMENT_3D('',#14491,#14492,#14493);
#14491 = CARTESIAN_POINT('',(1.14651,50.1,2.5));
#14492 = DIRECTION('',(-0.,-1.,-0.));
#14493 = DIRECTION('',(-1.,0.,0.));
#14494 = ADVANCED_FACE('',(#14495),#14513,.T.);
#14495 = FACE_BOUND('',#14496,.F.);
#14496 = EDGE_LOOP('',(#14497,#14505,#14506,#14507));
#14497 = ORIENTED_EDGE('',*,*,#14498,.F.);
#14498 = EDGE_CURVE('',#14475,#14499,#14501,.T.);
#14499 = VERTEX_POINT('',#14500);
#14500 = CARTESIAN_POINT('',(8.78036,50.0231,2.5));
#14501 = LINE('',#14502,#14503);
#14502 = CARTESIAN_POINT('',(8.,50.1,2.5));
#14503 = VECTOR('',#14504,1.);
#14504 = DIRECTION('',(0.995179594095,-9.80692382822E-02,0.));
#14505 = ORIENTED_EDGE('',*,*,#14484,.T.);
#14506 = ORIENTED_EDGE('',*,*,#3195,.F.);
#14507 = ORIENTED_EDGE('',*,*,#14508,.F.);
#14508 = EDGE_CURVE('',#14499,#3188,#14509,.T.);
#14509 = LINE('',#14510,#14511);
#14510 = CARTESIAN_POINT('',(8.78036,50.0231,2.5));
#14511 = VECTOR('',#14512,1.);
#14512 = DIRECTION('',(0.,0.,1.));
#14513 = PLANE('',#14514);
#14514 = AXIS2_PLACEMENT_3D('',#14515,#14516,#14517);
#14515 = CARTESIAN_POINT('',(8.,50.1,2.5));
#14516 = DIRECTION('',(-9.80692382822E-02,-0.995179594095,-0.));
#14517 = DIRECTION('',(-0.995179594095,9.80692382822E-02,0.));
#14518 = ADVANCED_FACE('',(#14519),#14537,.T.);
#14519 = FACE_BOUND('',#14520,.F.);
#14520 = EDGE_LOOP('',(#14521,#14529,#14530,#14531));
#14521 = ORIENTED_EDGE('',*,*,#14522,.F.);
#14522 = EDGE_CURVE('',#14499,#14523,#14525,.T.);
#14523 = VERTEX_POINT('',#14524);
#14524 = CARTESIAN_POINT('',(9.53073,49.7955,2.5));
#14525 = LINE('',#14526,#14527);
#14526 = CARTESIAN_POINT('',(8.78036,50.0231,2.5));
#14527 = VECTOR('',#14528,1.);
#14528 = DIRECTION('',(0.956948218008,-0.290258691604,0.));
#14529 = ORIENTED_EDGE('',*,*,#14508,.T.);
#14530 = ORIENTED_EDGE('',*,*,#3187,.F.);
#14531 = ORIENTED_EDGE('',*,*,#14532,.F.);
#14532 = EDGE_CURVE('',#14523,#3180,#14533,.T.);
#14533 = LINE('',#14534,#14535);
#14534 = CARTESIAN_POINT('',(9.53073,49.7955,2.5));
#14535 = VECTOR('',#14536,1.);
#14536 = DIRECTION('',(0.,0.,1.));
#14537 = PLANE('',#14538);
#14538 = AXIS2_PLACEMENT_3D('',#14539,#14540,#14541);
#14539 = CARTESIAN_POINT('',(8.78036,50.0231,2.5));
#14540 = DIRECTION('',(-0.290258691604,-0.956948218008,-0.));
#14541 = DIRECTION('',(-0.956948218008,0.290258691604,0.));
#14542 = ADVANCED_FACE('',(#14543),#14561,.T.);
#14543 = FACE_BOUND('',#14544,.F.);
#14544 = EDGE_LOOP('',(#14545,#14553,#14554,#14555));
#14545 = ORIENTED_EDGE('',*,*,#14546,.F.);
#14546 = EDGE_CURVE('',#14523,#14547,#14549,.T.);
#14547 = VERTEX_POINT('',#14548);
#14548 = CARTESIAN_POINT('',(10.2223,49.4259,2.5));
#14549 = LINE('',#14550,#14551);
#14550 = CARTESIAN_POINT('',(9.53073,49.7955,2.5));
#14551 = VECTOR('',#14552,1.);
#14552 = DIRECTION('',(0.881948761333,-0.471345289976,0.));
#14553 = ORIENTED_EDGE('',*,*,#14532,.T.);
#14554 = ORIENTED_EDGE('',*,*,#3179,.F.);
#14555 = ORIENTED_EDGE('',*,*,#14556,.F.);
#14556 = EDGE_CURVE('',#14547,#3172,#14557,.T.);
#14557 = LINE('',#14558,#14559);
#14558 = CARTESIAN_POINT('',(10.2223,49.4259,2.5));
#14559 = VECTOR('',#14560,1.);
#14560 = DIRECTION('',(0.,0.,1.));
#14561 = PLANE('',#14562);
#14562 = AXIS2_PLACEMENT_3D('',#14563,#14564,#14565);
#14563 = CARTESIAN_POINT('',(9.53073,49.7955,2.5));
#14564 = DIRECTION('',(-0.471345289976,-0.881948761333,-0.));
#14565 = DIRECTION('',(-0.881948761333,0.471345289976,0.));
#14566 = ADVANCED_FACE('',(#14567),#14585,.T.);
#14567 = FACE_BOUND('',#14568,.F.);
#14568 = EDGE_LOOP('',(#14569,#14577,#14578,#14579));
#14569 = ORIENTED_EDGE('',*,*,#14570,.F.);
#14570 = EDGE_CURVE('',#14547,#14571,#14573,.T.);
#14571 = VERTEX_POINT('',#14572);
#14572 = CARTESIAN_POINT('',(10.8284,48.9284,2.5));
#14573 = LINE('',#14574,#14575);
#14574 = CARTESIAN_POINT('',(10.2223,49.4259,2.5));
#14575 = VECTOR('',#14576,1.);
#14576 = DIRECTION('',(0.772956300772,-0.634459263544,0.));
#14577 = ORIENTED_EDGE('',*,*,#14556,.T.);
#14578 = ORIENTED_EDGE('',*,*,#3171,.F.);
#14579 = ORIENTED_EDGE('',*,*,#14580,.F.);
#14580 = EDGE_CURVE('',#14571,#3164,#14581,.T.);
#14581 = LINE('',#14582,#14583);
#14582 = CARTESIAN_POINT('',(10.8284,48.9284,2.5));
#14583 = VECTOR('',#14584,1.);
#14584 = DIRECTION('',(0.,0.,1.));
#14585 = PLANE('',#14586);
#14586 = AXIS2_PLACEMENT_3D('',#14587,#14588,#14589);
#14587 = CARTESIAN_POINT('',(10.2223,49.4259,2.5));
#14588 = DIRECTION('',(-0.634459263544,-0.772956300772,-0.));
#14589 = DIRECTION('',(-0.772956300772,0.634459263544,0.));
#14590 = ADVANCED_FACE('',(#14591),#14609,.T.);
#14591 = FACE_BOUND('',#14592,.F.);
#14592 = EDGE_LOOP('',(#14593,#14601,#14602,#14603));
#14593 = ORIENTED_EDGE('',*,*,#14594,.F.);
#14594 = EDGE_CURVE('',#14571,#14595,#14597,.T.);
#14595 = VERTEX_POINT('',#14596);
#14596 = CARTESIAN_POINT('',(11.3259,48.3223,2.5));
#14597 = LINE('',#14598,#14599);
#14598 = CARTESIAN_POINT('',(10.8284,48.9284,2.5));
#14599 = VECTOR('',#14600,1.);
#14600 = DIRECTION('',(0.634459263544,-0.772956300772,0.));
#14601 = ORIENTED_EDGE('',*,*,#14580,.T.);
#14602 = ORIENTED_EDGE('',*,*,#3163,.F.);
#14603 = ORIENTED_EDGE('',*,*,#14604,.F.);
#14604 = EDGE_CURVE('',#14595,#3156,#14605,.T.);
#14605 = LINE('',#14606,#14607);
#14606 = CARTESIAN_POINT('',(11.3259,48.3223,2.5));
#14607 = VECTOR('',#14608,1.);
#14608 = DIRECTION('',(0.,0.,1.));
#14609 = PLANE('',#14610);
#14610 = AXIS2_PLACEMENT_3D('',#14611,#14612,#14613);
#14611 = CARTESIAN_POINT('',(10.8284,48.9284,2.5));
#14612 = DIRECTION('',(-0.772956300772,-0.634459263544,-0.));
#14613 = DIRECTION('',(-0.634459263544,0.772956300772,0.));
#14614 = ADVANCED_FACE('',(#14615),#14633,.T.);
#14615 = FACE_BOUND('',#14616,.F.);
#14616 = EDGE_LOOP('',(#14617,#14625,#14626,#14627));
#14617 = ORIENTED_EDGE('',*,*,#14618,.F.);
#14618 = EDGE_CURVE('',#14595,#14619,#14621,.T.);
#14619 = VERTEX_POINT('',#14620);
#14620 = CARTESIAN_POINT('',(11.6955,47.6307,2.5));
#14621 = LINE('',#14622,#14623);
#14622 = CARTESIAN_POINT('',(11.3259,48.3223,2.5));
#14623 = VECTOR('',#14624,1.);
#14624 = DIRECTION('',(0.471329386267,-0.881957260666,0.));
#14625 = ORIENTED_EDGE('',*,*,#14604,.T.);
#14626 = ORIENTED_EDGE('',*,*,#3155,.F.);
#14627 = ORIENTED_EDGE('',*,*,#14628,.F.);
#14628 = EDGE_CURVE('',#14619,#3148,#14629,.T.);
#14629 = LINE('',#14630,#14631);
#14630 = CARTESIAN_POINT('',(11.6955,47.6307,2.5));
#14631 = VECTOR('',#14632,1.);
#14632 = DIRECTION('',(0.,0.,1.));
#14633 = PLANE('',#14634);
#14634 = AXIS2_PLACEMENT_3D('',#14635,#14636,#14637);
#14635 = CARTESIAN_POINT('',(11.3259,48.3223,2.5));
#14636 = DIRECTION('',(-0.881957260666,-0.471329386267,-0.));
#14637 = DIRECTION('',(-0.471329386267,0.881957260666,0.));
#14638 = ADVANCED_FACE('',(#14639),#14657,.T.);
#14639 = FACE_BOUND('',#14640,.F.);
#14640 = EDGE_LOOP('',(#14641,#14649,#14650,#14651));
#14641 = ORIENTED_EDGE('',*,*,#14642,.F.);
#14642 = EDGE_CURVE('',#14619,#14643,#14645,.T.);
#14643 = VERTEX_POINT('',#14644);
#14644 = CARTESIAN_POINT('',(11.9231,46.8804,2.5));
#14645 = LINE('',#14646,#14647);
#14646 = CARTESIAN_POINT('',(11.6955,47.6307,2.5));
#14647 = VECTOR('',#14648,1.);
#14648 = DIRECTION('',(0.290283489799,-0.956940695942,0.));
#14649 = ORIENTED_EDGE('',*,*,#14628,.T.);
#14650 = ORIENTED_EDGE('',*,*,#3147,.F.);
#14651 = ORIENTED_EDGE('',*,*,#14652,.F.);
#14652 = EDGE_CURVE('',#14643,#3140,#14653,.T.);
#14653 = LINE('',#14654,#14655);
#14654 = CARTESIAN_POINT('',(11.9231,46.8804,2.5));
#14655 = VECTOR('',#14656,1.);
#14656 = DIRECTION('',(0.,0.,1.));
#14657 = PLANE('',#14658);
#14658 = AXIS2_PLACEMENT_3D('',#14659,#14660,#14661);
#14659 = CARTESIAN_POINT('',(11.6955,47.6307,2.5));
#14660 = DIRECTION('',(-0.956940695942,-0.290283489799,-0.));
#14661 = DIRECTION('',(-0.290283489799,0.956940695942,0.));
#14662 = ADVANCED_FACE('',(#14663),#14681,.T.);
#14663 = FACE_BOUND('',#14664,.F.);
#14664 = EDGE_LOOP('',(#14665,#14673,#14674,#14675));
#14665 = ORIENTED_EDGE('',*,*,#14666,.F.);
#14666 = EDGE_CURVE('',#14643,#14667,#14669,.T.);
#14667 = VERTEX_POINT('',#14668);
#14668 = CARTESIAN_POINT('',(12.,46.1,2.5));
#14669 = LINE('',#14670,#14671);
#14670 = CARTESIAN_POINT('',(11.9231,46.8804,2.5));
#14671 = VECTOR('',#14672,1.);
#14672 = DIRECTION('',(9.80642600084E-02,-0.995180084663,0.));
#14673 = ORIENTED_EDGE('',*,*,#14652,.T.);
#14674 = ORIENTED_EDGE('',*,*,#3139,.F.);
#14675 = ORIENTED_EDGE('',*,*,#14676,.F.);
#14676 = EDGE_CURVE('',#14667,#3132,#14677,.T.);
#14677 = LINE('',#14678,#14679);
#14678 = CARTESIAN_POINT('',(12.,46.1,2.5));
#14679 = VECTOR('',#14680,1.);
#14680 = DIRECTION('',(0.,0.,1.));
#14681 = PLANE('',#14682);
#14682 = AXIS2_PLACEMENT_3D('',#14683,#14684,#14685);
#14683 = CARTESIAN_POINT('',(11.9231,46.8804,2.5));
#14684 = DIRECTION('',(-0.995180084663,-9.80642600084E-02,-0.));
#14685 = DIRECTION('',(-9.80642600084E-02,0.995180084663,0.));
#14686 = ADVANCED_FACE('',(#14687),#14769,.T.);
#14687 = FACE_BOUND('',#14688,.F.);
#14688 = EDGE_LOOP('',(#14689,#14697,#14698,#14699,#14707,#14715,#14723,
    #14731,#14739,#14747,#14755,#14763));
#14689 = ORIENTED_EDGE('',*,*,#14690,.F.);
#14690 = EDGE_CURVE('',#14667,#14691,#14693,.T.);
#14691 = VERTEX_POINT('',#14692);
#14692 = CARTESIAN_POINT('',(12.,24.95803989155,2.5));
#14693 = LINE('',#14694,#14695);
#14694 = CARTESIAN_POINT('',(12.,46.1,2.5));
#14695 = VECTOR('',#14696,1.);
#14696 = DIRECTION('',(-0.,-1.,-0.));
#14697 = ORIENTED_EDGE('',*,*,#14676,.T.);
#14698 = ORIENTED_EDGE('',*,*,#3131,.F.);
#14699 = ORIENTED_EDGE('',*,*,#14700,.F.);
#14700 = EDGE_CURVE('',#14701,#3124,#14703,.T.);
#14701 = VERTEX_POINT('',#14702);
#14702 = CARTESIAN_POINT('',(12.,-8.,2.5));
#14703 = LINE('',#14704,#14705);
#14704 = CARTESIAN_POINT('',(12.,-8.,2.5));
#14705 = VECTOR('',#14706,1.);
#14706 = DIRECTION('',(0.,0.,1.));
#14707 = ORIENTED_EDGE('',*,*,#14708,.F.);
#14708 = EDGE_CURVE('',#14709,#14701,#14711,.T.);
#14709 = VERTEX_POINT('',#14710);
#14710 = CARTESIAN_POINT('',(12.,19.04196010845,2.5));
#14711 = LINE('',#14712,#14713);
#14712 = CARTESIAN_POINT('',(12.,46.1,2.5));
#14713 = VECTOR('',#14714,1.);
#14714 = DIRECTION('',(-0.,-1.,-0.));
#14715 = ORIENTED_EDGE('',*,*,#14716,.F.);
#14716 = EDGE_CURVE('',#14717,#14709,#14719,.T.);
#14717 = VERTEX_POINT('',#14718);
#14718 = CARTESIAN_POINT('',(12.,19.04196010845,6.1));
#14719 = LINE('',#14720,#14721);
#14720 = CARTESIAN_POINT('',(12.,19.04196010845,0.));
#14721 = VECTOR('',#14722,1.);
#14722 = DIRECTION('',(0.,0.,-1.));
#14723 = ORIENTED_EDGE('',*,*,#14724,.F.);
#14724 = EDGE_CURVE('',#14725,#14717,#14727,.T.);
#14725 = VERTEX_POINT('',#14726);
#14726 = CARTESIAN_POINT('',(12.,20.427581480648,6.1));
#14727 = LINE('',#14728,#14729);
#14728 = CARTESIAN_POINT('',(12.,34.05,6.1));
#14729 = VECTOR('',#14730,1.);
#14730 = DIRECTION('',(-0.,-1.,-0.));
#14731 = ORIENTED_EDGE('',*,*,#14732,.F.);
#14732 = EDGE_CURVE('',#14733,#14725,#14735,.T.);
#14733 = VERTEX_POINT('',#14734);
#14734 = CARTESIAN_POINT('',(12.,20.427581480648,7.1));
#14735 = LINE('',#14736,#14737);
#14736 = CARTESIAN_POINT('',(12.,20.427581480648,1.1));
#14737 = VECTOR('',#14738,1.);
#14738 = DIRECTION('',(0.,0.,-1.));
#14739 = ORIENTED_EDGE('',*,*,#14740,.F.);
#14740 = EDGE_CURVE('',#14741,#14733,#14743,.T.);
#14741 = VERTEX_POINT('',#14742);
#14742 = CARTESIAN_POINT('',(12.,23.572418519352,7.1));
#14743 = LINE('',#14744,#14745);
#14744 = CARTESIAN_POINT('',(12.,34.05,7.1));
#14745 = VECTOR('',#14746,1.);
#14746 = DIRECTION('',(-0.,-1.,-0.));
#14747 = ORIENTED_EDGE('',*,*,#14748,.T.);
#14748 = EDGE_CURVE('',#14741,#14749,#14751,.T.);
#14749 = VERTEX_POINT('',#14750);
#14750 = CARTESIAN_POINT('',(12.,23.572418519352,6.1));
#14751 = LINE('',#14752,#14753);
#14752 = CARTESIAN_POINT('',(12.,23.572418519352,1.1));
#14753 = VECTOR('',#14754,1.);
#14754 = DIRECTION('',(0.,0.,-1.));
#14755 = ORIENTED_EDGE('',*,*,#14756,.F.);
#14756 = EDGE_CURVE('',#14757,#14749,#14759,.T.);
#14757 = VERTEX_POINT('',#14758);
#14758 = CARTESIAN_POINT('',(12.,24.95803989155,6.1));
#14759 = LINE('',#14760,#14761);
#14760 = CARTESIAN_POINT('',(12.,34.05,6.1));
#14761 = VECTOR('',#14762,1.);
#14762 = DIRECTION('',(-0.,-1.,-0.));
#14763 = ORIENTED_EDGE('',*,*,#14764,.T.);
#14764 = EDGE_CURVE('',#14757,#14691,#14765,.T.);
#14765 = LINE('',#14766,#14767);
#14766 = CARTESIAN_POINT('',(12.,24.95803989155,0.));
#14767 = VECTOR('',#14768,1.);
#14768 = DIRECTION('',(0.,0.,-1.));
#14769 = PLANE('',#14770);
#14770 = AXIS2_PLACEMENT_3D('',#14771,#14772,#14773);
#14771 = CARTESIAN_POINT('',(12.,46.1,2.5));
#14772 = DIRECTION('',(-1.,-0.,-0.));
#14773 = DIRECTION('',(0.,1.,0.));
#14774 = ADVANCED_FACE('',(#14775),#14793,.T.);
#14775 = FACE_BOUND('',#14776,.F.);
#14776 = EDGE_LOOP('',(#14777,#14785,#14786,#14787));
#14777 = ORIENTED_EDGE('',*,*,#14778,.F.);
#14778 = EDGE_CURVE('',#14701,#14779,#14781,.T.);
#14779 = VERTEX_POINT('',#14780);
#14780 = CARTESIAN_POINT('',(11.9231,-8.78036,2.5));
#14781 = LINE('',#14782,#14783);
#14782 = CARTESIAN_POINT('',(12.,-8.,2.5));
#14783 = VECTOR('',#14784,1.);
#14784 = DIRECTION('',(-9.806923828219E-02,-0.995179594095,-0.));
#14785 = ORIENTED_EDGE('',*,*,#14700,.T.);
#14786 = ORIENTED_EDGE('',*,*,#3123,.F.);
#14787 = ORIENTED_EDGE('',*,*,#14788,.F.);
#14788 = EDGE_CURVE('',#14779,#3116,#14789,.T.);
#14789 = LINE('',#14790,#14791);
#14790 = CARTESIAN_POINT('',(11.9231,-8.78036,2.5));
#14791 = VECTOR('',#14792,1.);
#14792 = DIRECTION('',(0.,0.,1.));
#14793 = PLANE('',#14794);
#14794 = AXIS2_PLACEMENT_3D('',#14795,#14796,#14797);
#14795 = CARTESIAN_POINT('',(12.,-8.,2.5));
#14796 = DIRECTION('',(-0.995179594095,9.806923828219E-02,0.));
#14797 = DIRECTION('',(9.806923828219E-02,0.995179594095,0.));
#14798 = ADVANCED_FACE('',(#14799),#14817,.T.);
#14799 = FACE_BOUND('',#14800,.F.);
#14800 = EDGE_LOOP('',(#14801,#14809,#14810,#14811));
#14801 = ORIENTED_EDGE('',*,*,#14802,.F.);
#14802 = EDGE_CURVE('',#14779,#14803,#14805,.T.);
#14803 = VERTEX_POINT('',#14804);
#14804 = CARTESIAN_POINT('',(11.6955,-9.53073,2.5));
#14805 = LINE('',#14806,#14807);
#14806 = CARTESIAN_POINT('',(11.9231,-8.78036,2.5));
#14807 = VECTOR('',#14808,1.);
#14808 = DIRECTION('',(-0.290258691604,-0.956948218008,-0.));
#14809 = ORIENTED_EDGE('',*,*,#14788,.T.);
#14810 = ORIENTED_EDGE('',*,*,#3115,.F.);
#14811 = ORIENTED_EDGE('',*,*,#14812,.F.);
#14812 = EDGE_CURVE('',#14803,#3108,#14813,.T.);
#14813 = LINE('',#14814,#14815);
#14814 = CARTESIAN_POINT('',(11.6955,-9.53073,2.5));
#14815 = VECTOR('',#14816,1.);
#14816 = DIRECTION('',(0.,0.,1.));
#14817 = PLANE('',#14818);
#14818 = AXIS2_PLACEMENT_3D('',#14819,#14820,#14821);
#14819 = CARTESIAN_POINT('',(11.9231,-8.78036,2.5));
#14820 = DIRECTION('',(-0.956948218008,0.290258691604,0.));
#14821 = DIRECTION('',(0.290258691604,0.956948218008,0.));
#14822 = ADVANCED_FACE('',(#14823),#14841,.T.);
#14823 = FACE_BOUND('',#14824,.F.);
#14824 = EDGE_LOOP('',(#14825,#14833,#14834,#14835));
#14825 = ORIENTED_EDGE('',*,*,#14826,.F.);
#14826 = EDGE_CURVE('',#14803,#14827,#14829,.T.);
#14827 = VERTEX_POINT('',#14828);
#14828 = CARTESIAN_POINT('',(11.3259,-10.2223,2.5));
#14829 = LINE('',#14830,#14831);
#14830 = CARTESIAN_POINT('',(11.6955,-9.53073,2.5));
#14831 = VECTOR('',#14832,1.);
#14832 = DIRECTION('',(-0.471345289976,-0.881948761333,-0.));
#14833 = ORIENTED_EDGE('',*,*,#14812,.T.);
#14834 = ORIENTED_EDGE('',*,*,#3107,.F.);
#14835 = ORIENTED_EDGE('',*,*,#14836,.F.);
#14836 = EDGE_CURVE('',#14827,#3100,#14837,.T.);
#14837 = LINE('',#14838,#14839);
#14838 = CARTESIAN_POINT('',(11.3259,-10.2223,2.5));
#14839 = VECTOR('',#14840,1.);
#14840 = DIRECTION('',(0.,0.,1.));
#14841 = PLANE('',#14842);
#14842 = AXIS2_PLACEMENT_3D('',#14843,#14844,#14845);
#14843 = CARTESIAN_POINT('',(11.6955,-9.53073,2.5));
#14844 = DIRECTION('',(-0.881948761333,0.471345289976,0.));
#14845 = DIRECTION('',(0.471345289976,0.881948761333,0.));
#14846 = ADVANCED_FACE('',(#14847),#14865,.T.);
#14847 = FACE_BOUND('',#14848,.F.);
#14848 = EDGE_LOOP('',(#14849,#14857,#14858,#14859));
#14849 = ORIENTED_EDGE('',*,*,#14850,.F.);
#14850 = EDGE_CURVE('',#14827,#14851,#14853,.T.);
#14851 = VERTEX_POINT('',#14852);
#14852 = CARTESIAN_POINT('',(10.8284,-10.8284,2.5));
#14853 = LINE('',#14854,#14855);
#14854 = CARTESIAN_POINT('',(11.3259,-10.2223,2.5));
#14855 = VECTOR('',#14856,1.);
#14856 = DIRECTION('',(-0.634459263544,-0.772956300772,-0.));
#14857 = ORIENTED_EDGE('',*,*,#14836,.T.);
#14858 = ORIENTED_EDGE('',*,*,#3099,.F.);
#14859 = ORIENTED_EDGE('',*,*,#14860,.F.);
#14860 = EDGE_CURVE('',#14851,#3092,#14861,.T.);
#14861 = LINE('',#14862,#14863);
#14862 = CARTESIAN_POINT('',(10.8284,-10.8284,2.5));
#14863 = VECTOR('',#14864,1.);
#14864 = DIRECTION('',(0.,0.,1.));
#14865 = PLANE('',#14866);
#14866 = AXIS2_PLACEMENT_3D('',#14867,#14868,#14869);
#14867 = CARTESIAN_POINT('',(11.3259,-10.2223,2.5));
#14868 = DIRECTION('',(-0.772956300772,0.634459263544,0.));
#14869 = DIRECTION('',(0.634459263544,0.772956300772,0.));
#14870 = ADVANCED_FACE('',(#14871),#14889,.T.);
#14871 = FACE_BOUND('',#14872,.F.);
#14872 = EDGE_LOOP('',(#14873,#14881,#14882,#14883));
#14873 = ORIENTED_EDGE('',*,*,#14874,.F.);
#14874 = EDGE_CURVE('',#14851,#14875,#14877,.T.);
#14875 = VERTEX_POINT('',#14876);
#14876 = CARTESIAN_POINT('',(10.2223,-11.3259,2.5));
#14877 = LINE('',#14878,#14879);
#14878 = CARTESIAN_POINT('',(10.8284,-10.8284,2.5));
#14879 = VECTOR('',#14880,1.);
#14880 = DIRECTION('',(-0.772956300772,-0.634459263544,-0.));
#14881 = ORIENTED_EDGE('',*,*,#14860,.T.);
#14882 = ORIENTED_EDGE('',*,*,#3091,.F.);
#14883 = ORIENTED_EDGE('',*,*,#14884,.F.);
#14884 = EDGE_CURVE('',#14875,#3084,#14885,.T.);
#14885 = LINE('',#14886,#14887);
#14886 = CARTESIAN_POINT('',(10.2223,-11.3259,2.5));
#14887 = VECTOR('',#14888,1.);
#14888 = DIRECTION('',(0.,0.,1.));
#14889 = PLANE('',#14890);
#14890 = AXIS2_PLACEMENT_3D('',#14891,#14892,#14893);
#14891 = CARTESIAN_POINT('',(10.8284,-10.8284,2.5));
#14892 = DIRECTION('',(-0.634459263544,0.772956300772,0.));
#14893 = DIRECTION('',(0.772956300772,0.634459263544,0.));
#14894 = ADVANCED_FACE('',(#14895),#14913,.T.);
#14895 = FACE_BOUND('',#14896,.F.);
#14896 = EDGE_LOOP('',(#14897,#14905,#14906,#14907));
#14897 = ORIENTED_EDGE('',*,*,#14898,.F.);
#14898 = EDGE_CURVE('',#14875,#14899,#14901,.T.);
#14899 = VERTEX_POINT('',#14900);
#14900 = CARTESIAN_POINT('',(9.53073,-11.6955,2.5));
#14901 = LINE('',#14902,#14903);
#14902 = CARTESIAN_POINT('',(10.2223,-11.3259,2.5));
#14903 = VECTOR('',#14904,1.);
#14904 = DIRECTION('',(-0.881948761333,-0.471345289976,-0.));
#14905 = ORIENTED_EDGE('',*,*,#14884,.T.);
#14906 = ORIENTED_EDGE('',*,*,#3083,.F.);
#14907 = ORIENTED_EDGE('',*,*,#14908,.F.);
#14908 = EDGE_CURVE('',#14899,#3076,#14909,.T.);
#14909 = LINE('',#14910,#14911);
#14910 = CARTESIAN_POINT('',(9.53073,-11.6955,2.5));
#14911 = VECTOR('',#14912,1.);
#14912 = DIRECTION('',(0.,0.,1.));
#14913 = PLANE('',#14914);
#14914 = AXIS2_PLACEMENT_3D('',#14915,#14916,#14917);
#14915 = CARTESIAN_POINT('',(10.2223,-11.3259,2.5));
#14916 = DIRECTION('',(-0.471345289976,0.881948761333,0.));
#14917 = DIRECTION('',(0.881948761333,0.471345289976,0.));
#14918 = ADVANCED_FACE('',(#14919),#14937,.T.);
#14919 = FACE_BOUND('',#14920,.F.);
#14920 = EDGE_LOOP('',(#14921,#14929,#14930,#14931));
#14921 = ORIENTED_EDGE('',*,*,#14922,.F.);
#14922 = EDGE_CURVE('',#14899,#14923,#14925,.T.);
#14923 = VERTEX_POINT('',#14924);
#14924 = CARTESIAN_POINT('',(8.78036,-11.9231,2.5));
#14925 = LINE('',#14926,#14927);
#14926 = CARTESIAN_POINT('',(9.53073,-11.6955,2.5));
#14927 = VECTOR('',#14928,1.);
#14928 = DIRECTION('',(-0.956948218008,-0.290258691604,-0.));
#14929 = ORIENTED_EDGE('',*,*,#14908,.T.);
#14930 = ORIENTED_EDGE('',*,*,#3075,.F.);
#14931 = ORIENTED_EDGE('',*,*,#14932,.F.);
#14932 = EDGE_CURVE('',#14923,#3068,#14933,.T.);
#14933 = LINE('',#14934,#14935);
#14934 = CARTESIAN_POINT('',(8.78036,-11.9231,2.5));
#14935 = VECTOR('',#14936,1.);
#14936 = DIRECTION('',(0.,0.,1.));
#14937 = PLANE('',#14938);
#14938 = AXIS2_PLACEMENT_3D('',#14939,#14940,#14941);
#14939 = CARTESIAN_POINT('',(9.53073,-11.6955,2.5));
#14940 = DIRECTION('',(-0.290258691604,0.956948218008,0.));
#14941 = DIRECTION('',(0.956948218008,0.290258691604,0.));
#14942 = ADVANCED_FACE('',(#14943),#14961,.T.);
#14943 = FACE_BOUND('',#14944,.F.);
#14944 = EDGE_LOOP('',(#14945,#14953,#14954,#14955));
#14945 = ORIENTED_EDGE('',*,*,#14946,.F.);
#14946 = EDGE_CURVE('',#14923,#14947,#14949,.T.);
#14947 = VERTEX_POINT('',#14948);
#14948 = CARTESIAN_POINT('',(8.,-12.,2.5));
#14949 = LINE('',#14950,#14951);
#14950 = CARTESIAN_POINT('',(8.78036,-11.9231,2.5));
#14951 = VECTOR('',#14952,1.);
#14952 = DIRECTION('',(-0.995179594095,-9.806923828219E-02,-0.));
#14953 = ORIENTED_EDGE('',*,*,#14932,.T.);
#14954 = ORIENTED_EDGE('',*,*,#3067,.F.);
#14955 = ORIENTED_EDGE('',*,*,#14956,.F.);
#14956 = EDGE_CURVE('',#14947,#3060,#14957,.T.);
#14957 = LINE('',#14958,#14959);
#14958 = CARTESIAN_POINT('',(8.,-12.,2.5));
#14959 = VECTOR('',#14960,1.);
#14960 = DIRECTION('',(0.,0.,1.));
#14961 = PLANE('',#14962);
#14962 = AXIS2_PLACEMENT_3D('',#14963,#14964,#14965);
#14963 = CARTESIAN_POINT('',(8.78036,-11.9231,2.5));
#14964 = DIRECTION('',(-9.806923828219E-02,0.995179594095,0.));
#14965 = DIRECTION('',(0.995179594095,9.806923828219E-02,0.));
#14966 = ADVANCED_FACE('',(#14967),#15017,.T.);
#14967 = FACE_BOUND('',#14968,.F.);
#14968 = EDGE_LOOP('',(#14969,#14977,#14978,#14979,#14987,#14995,#15003,
    #15011));
#14969 = ORIENTED_EDGE('',*,*,#14970,.F.);
#14970 = EDGE_CURVE('',#14947,#14971,#14973,.T.);
#14971 = VERTEX_POINT('',#14972);
#14972 = CARTESIAN_POINT('',(2.95803989155,-12.,2.5));
#14973 = LINE('',#14974,#14975);
#14974 = CARTESIAN_POINT('',(8.,-12.,2.5));
#14975 = VECTOR('',#14976,1.);
#14976 = DIRECTION('',(-1.,-0.,-0.));
#14977 = ORIENTED_EDGE('',*,*,#14956,.T.);
#14978 = ORIENTED_EDGE('',*,*,#3059,.F.);
#14979 = ORIENTED_EDGE('',*,*,#14980,.F.);
#14980 = EDGE_CURVE('',#14981,#3052,#14983,.T.);
#14981 = VERTEX_POINT('',#14982);
#14982 = CARTESIAN_POINT('',(1.14651,-12.,7.1));
#14983 = LINE('',#14984,#14985);
#14984 = CARTESIAN_POINT('',(1.14651,-12.,2.5));
#14985 = VECTOR('',#14986,1.);
#14986 = DIRECTION('',(0.,0.,1.));
#14987 = ORIENTED_EDGE('',*,*,#14988,.F.);
#14988 = EDGE_CURVE('',#14989,#14981,#14991,.T.);
#14989 = VERTEX_POINT('',#14990);
#14990 = CARTESIAN_POINT('',(1.572418519352,-12.,7.1));
#14991 = LINE('',#14992,#14993);
#14992 = CARTESIAN_POINT('',(4.,-12.,7.1));
#14993 = VECTOR('',#14994,1.);
#14994 = DIRECTION('',(-1.,-0.,-0.));
#14995 = ORIENTED_EDGE('',*,*,#14996,.T.);
#14996 = EDGE_CURVE('',#14989,#14997,#14999,.T.);
#14997 = VERTEX_POINT('',#14998);
#14998 = CARTESIAN_POINT('',(1.572418519352,-12.,6.1));
#14999 = LINE('',#15000,#15001);
#15000 = CARTESIAN_POINT('',(1.572418519352,-12.,1.1));
#15001 = VECTOR('',#15002,1.);
#15002 = DIRECTION('',(0.,0.,-1.));
#15003 = ORIENTED_EDGE('',*,*,#15004,.F.);
#15004 = EDGE_CURVE('',#15005,#14997,#15007,.T.);
#15005 = VERTEX_POINT('',#15006);
#15006 = CARTESIAN_POINT('',(2.95803989155,-12.,6.1));
#15007 = LINE('',#15008,#15009);
#15008 = CARTESIAN_POINT('',(4.,-12.,6.1));
#15009 = VECTOR('',#15010,1.);
#15010 = DIRECTION('',(-1.,-0.,-0.));
#15011 = ORIENTED_EDGE('',*,*,#15012,.T.);
#15012 = EDGE_CURVE('',#15005,#14971,#15013,.T.);
#15013 = LINE('',#15014,#15015);
#15014 = CARTESIAN_POINT('',(2.95803989155,-12.,0.));
#15015 = VECTOR('',#15016,1.);
#15016 = DIRECTION('',(0.,0.,-1.));
#15017 = PLANE('',#15018);
#15018 = AXIS2_PLACEMENT_3D('',#15019,#15020,#15021);
#15019 = CARTESIAN_POINT('',(8.,-12.,2.5));
#15020 = DIRECTION('',(0.,1.,0.));
#15021 = DIRECTION('',(1.,0.,0.));
#15022 = ADVANCED_FACE('',(#15023),#15041,.T.);
#15023 = FACE_BOUND('',#15024,.F.);
#15024 = EDGE_LOOP('',(#15025,#15033,#15034,#15035));
#15025 = ORIENTED_EDGE('',*,*,#15026,.F.);
#15026 = EDGE_CURVE('',#14981,#15027,#15029,.T.);
#15027 = VERTEX_POINT('',#15028);
#15028 = CARTESIAN_POINT('',(-0.606947,-12.1727,7.1));
#15029 = LINE('',#15030,#15031);
#15030 = CARTESIAN_POINT('',(0.60314866843,-12.05351628352,7.1));
#15031 = VECTOR('',#15032,1.);
#15032 = DIRECTION('',(-0.995184751068,-9.80168926352E-02,-0.));
#15033 = ORIENTED_EDGE('',*,*,#14980,.T.);
#15034 = ORIENTED_EDGE('',*,*,#3051,.F.);
#15035 = ORIENTED_EDGE('',*,*,#15036,.F.);
#15036 = EDGE_CURVE('',#15027,#3044,#15037,.T.);
#15037 = LINE('',#15038,#15039);
#15038 = CARTESIAN_POINT('',(-0.606947,-12.1727,2.5));
#15039 = VECTOR('',#15040,1.);
#15040 = DIRECTION('',(0.,0.,1.));
#15041 = PLANE('',#15042);
#15042 = AXIS2_PLACEMENT_3D('',#15043,#15044,#15045);
#15043 = CARTESIAN_POINT('',(1.14651,-12.,2.5));
#15044 = DIRECTION('',(-9.80168926352E-02,0.995184751068,0.));
#15045 = DIRECTION('',(0.995184751068,9.80168926352E-02,0.));
#15046 = ADVANCED_FACE('',(#15047),#15081,.T.);
#15047 = FACE_BOUND('',#15048,.F.);
#15048 = EDGE_LOOP('',(#15049,#15059,#15067,#15073,#15074,#15075));
#15049 = ORIENTED_EDGE('',*,*,#15050,.F.);
#15050 = EDGE_CURVE('',#15051,#15053,#15055,.T.);
#15051 = VERTEX_POINT('',#15052);
#15052 = CARTESIAN_POINT('',(-1.378526338491,-12.40673322101,6.1));
#15053 = VERTEX_POINT('',#15054);
#15054 = CARTESIAN_POINT('',(-2.10406,-12.6268,6.1));
#15055 = LINE('',#15056,#15057);
#15056 = CARTESIAN_POINT('',(-0.235615736721,-12.06006887151,6.1));
#15057 = VECTOR('',#15058,1.);
#15058 = DIRECTION('',(-0.956948194773,-0.290258768207,-0.));
#15059 = ORIENTED_EDGE('',*,*,#15060,.F.);
#15060 = EDGE_CURVE('',#15061,#15051,#15063,.T.);
#15061 = VERTEX_POINT('',#15062);
#15062 = CARTESIAN_POINT('',(-1.378526338491,-12.40673322101,7.1));
#15063 = LINE('',#15064,#15065);
#15064 = CARTESIAN_POINT('',(-1.378526338491,-12.40673322101,1.1));
#15065 = VECTOR('',#15066,1.);
#15066 = DIRECTION('',(0.,0.,-1.));
#15067 = ORIENTED_EDGE('',*,*,#15068,.F.);
#15068 = EDGE_CURVE('',#15027,#15061,#15069,.T.);
#15069 = LINE('',#15070,#15071);
#15070 = CARTESIAN_POINT('',(-0.235615736721,-12.06006887151,7.1));
#15071 = VECTOR('',#15072,1.);
#15072 = DIRECTION('',(-0.956948194773,-0.290258768207,-0.));
#15073 = ORIENTED_EDGE('',*,*,#15036,.T.);
#15074 = ORIENTED_EDGE('',*,*,#3043,.F.);
#15075 = ORIENTED_EDGE('',*,*,#15076,.F.);
#15076 = EDGE_CURVE('',#15053,#3036,#15077,.T.);
#15077 = LINE('',#15078,#15079);
#15078 = CARTESIAN_POINT('',(-2.10406,-12.6268,2.5));
#15079 = VECTOR('',#15080,1.);
#15080 = DIRECTION('',(0.,0.,1.));
#15081 = PLANE('',#15082);
#15082 = AXIS2_PLACEMENT_3D('',#15083,#15084,#15085);
#15083 = CARTESIAN_POINT('',(-0.606947,-12.1727,2.5));
#15084 = DIRECTION('',(-0.290258768207,0.956948194773,0.));
#15085 = DIRECTION('',(0.956948194773,0.290258768207,0.));
#15086 = ADVANCED_FACE('',(#15087),#15121,.T.);
#15087 = FACE_BOUND('',#15088,.F.);
#15088 = EDGE_LOOP('',(#15089,#15099,#15107,#15113,#15114,#15115));
#15089 = ORIENTED_EDGE('',*,*,#15090,.F.);
#15090 = EDGE_CURVE('',#15091,#15093,#15095,.T.);
#15091 = VERTEX_POINT('',#15092);
#15092 = CARTESIAN_POINT('',(-2.644865381966,-12.91586973669,2.5));
#15093 = VERTEX_POINT('',#15094);
#15094 = CARTESIAN_POINT('',(-3.48381,-13.3643,2.5));
#15095 = LINE('',#15096,#15097);
#15096 = CARTESIAN_POINT('',(-2.10406,-12.6268,2.5));
#15097 = VECTOR('',#15098,1.);
#15098 = DIRECTION('',(-0.881919069342,-0.47140084337,-0.));
#15099 = ORIENTED_EDGE('',*,*,#15100,.F.);
#15100 = EDGE_CURVE('',#15101,#15091,#15103,.T.);
#15101 = VERTEX_POINT('',#15102);
#15102 = CARTESIAN_POINT('',(-2.644865381966,-12.91586973669,6.1));
#15103 = LINE('',#15104,#15105);
#15104 = CARTESIAN_POINT('',(-2.644865381966,-12.91586973669,0.));
#15105 = VECTOR('',#15106,1.);
#15106 = DIRECTION('',(0.,0.,-1.));
#15107 = ORIENTED_EDGE('',*,*,#15108,.F.);
#15108 = EDGE_CURVE('',#15053,#15101,#15109,.T.);
#15109 = LINE('',#15110,#15111);
#15110 = CARTESIAN_POINT('',(-1.051584349703,-12.06423374372,6.1));
#15111 = VECTOR('',#15112,1.);
#15112 = DIRECTION('',(-0.881919069342,-0.47140084337,-0.));
#15113 = ORIENTED_EDGE('',*,*,#15076,.T.);
#15114 = ORIENTED_EDGE('',*,*,#3035,.F.);
#15115 = ORIENTED_EDGE('',*,*,#15116,.F.);
#15116 = EDGE_CURVE('',#15093,#3028,#15117,.T.);
#15117 = LINE('',#15118,#15119);
#15118 = CARTESIAN_POINT('',(-3.48381,-13.3643,2.5));
#15119 = VECTOR('',#15120,1.);
#15120 = DIRECTION('',(0.,0.,1.));
#15121 = PLANE('',#15122);
#15122 = AXIS2_PLACEMENT_3D('',#15123,#15124,#15125);
#15123 = CARTESIAN_POINT('',(-2.10406,-12.6268,2.5));
#15124 = DIRECTION('',(-0.47140084337,0.881919069342,0.));
#15125 = DIRECTION('',(0.881919069342,0.47140084337,0.));
#15126 = ADVANCED_FACE('',(#15127),#15145,.T.);
#15127 = FACE_BOUND('',#15128,.F.);
#15128 = EDGE_LOOP('',(#15129,#15137,#15138,#15139));
#15129 = ORIENTED_EDGE('',*,*,#15130,.F.);
#15130 = EDGE_CURVE('',#15093,#15131,#15133,.T.);
#15131 = VERTEX_POINT('',#15132);
#15132 = CARTESIAN_POINT('',(-4.69317,-14.3568,2.5));
#15133 = LINE('',#15134,#15135);
#15134 = CARTESIAN_POINT('',(-3.48381,-13.3643,2.5));
#15135 = VECTOR('',#15136,1.);
#15136 = DIRECTION('',(-0.773009231669,-0.634394772799,-0.));
#15137 = ORIENTED_EDGE('',*,*,#15116,.T.);
#15138 = ORIENTED_EDGE('',*,*,#3027,.F.);
#15139 = ORIENTED_EDGE('',*,*,#15140,.F.);
#15140 = EDGE_CURVE('',#15131,#3020,#15141,.T.);
#15141 = LINE('',#15142,#15143);
#15142 = CARTESIAN_POINT('',(-4.69317,-14.3568,2.5));
#15143 = VECTOR('',#15144,1.);
#15144 = DIRECTION('',(0.,0.,1.));
#15145 = PLANE('',#15146);
#15146 = AXIS2_PLACEMENT_3D('',#15147,#15148,#15149);
#15147 = CARTESIAN_POINT('',(-3.48381,-13.3643,2.5));
#15148 = DIRECTION('',(-0.634394772799,0.773009231669,0.));
#15149 = DIRECTION('',(0.773009231669,0.634394772799,0.));
#15150 = ADVANCED_FACE('',(#15151),#15169,.T.);
#15151 = FACE_BOUND('',#15152,.F.);
#15152 = EDGE_LOOP('',(#15153,#15161,#15162,#15163));
#15153 = ORIENTED_EDGE('',*,*,#15154,.F.);
#15154 = EDGE_CURVE('',#15131,#15155,#15157,.T.);
#15155 = VERTEX_POINT('',#15156);
#15156 = CARTESIAN_POINT('',(-5.68566,-15.5662,2.5));
#15157 = LINE('',#15158,#15159);
#15158 = CARTESIAN_POINT('',(-4.69317,-14.3568,2.5));
#15159 = VECTOR('',#15160,1.);
#15160 = DIRECTION('',(-0.634378415338,-0.773022655653,-0.));
#15161 = ORIENTED_EDGE('',*,*,#15140,.T.);
#15162 = ORIENTED_EDGE('',*,*,#3019,.F.);
#15163 = ORIENTED_EDGE('',*,*,#15164,.F.);
#15164 = EDGE_CURVE('',#15155,#3012,#15165,.T.);
#15165 = LINE('',#15166,#15167);
#15166 = CARTESIAN_POINT('',(-5.68566,-15.5662,2.5));
#15167 = VECTOR('',#15168,1.);
#15168 = DIRECTION('',(0.,0.,1.));
#15169 = PLANE('',#15170);
#15170 = AXIS2_PLACEMENT_3D('',#15171,#15172,#15173);
#15171 = CARTESIAN_POINT('',(-4.69317,-14.3568,2.5));
#15172 = DIRECTION('',(-0.773022655653,0.634378415338,0.));
#15173 = DIRECTION('',(0.634378415338,0.773022655653,0.));
#15174 = ADVANCED_FACE('',(#15175),#15193,.T.);
#15175 = FACE_BOUND('',#15176,.F.);
#15176 = EDGE_LOOP('',(#15177,#15185,#15186,#15187));
#15177 = ORIENTED_EDGE('',*,*,#15178,.F.);
#15178 = EDGE_CURVE('',#15155,#15179,#15181,.T.);
#15179 = VERTEX_POINT('',#15180);
#15180 = CARTESIAN_POINT('',(-6.42316,-16.9459,2.5));
#15181 = LINE('',#15182,#15183);
#15182 = CARTESIAN_POINT('',(-5.68566,-15.5662,2.5));
#15183 = VECTOR('',#15184,1.);
#15184 = DIRECTION('',(-0.4714141304,-0.881911967069,-0.));
#15185 = ORIENTED_EDGE('',*,*,#15164,.T.);
#15186 = ORIENTED_EDGE('',*,*,#3011,.F.);
#15187 = ORIENTED_EDGE('',*,*,#15188,.F.);
#15188 = EDGE_CURVE('',#15179,#3004,#15189,.T.);
#15189 = LINE('',#15190,#15191);
#15190 = CARTESIAN_POINT('',(-6.42316,-16.9459,2.5));
#15191 = VECTOR('',#15192,1.);
#15192 = DIRECTION('',(0.,0.,1.));
#15193 = PLANE('',#15194);
#15194 = AXIS2_PLACEMENT_3D('',#15195,#15196,#15197);
#15195 = CARTESIAN_POINT('',(-5.68566,-15.5662,2.5));
#15196 = DIRECTION('',(-0.881911967069,0.4714141304,0.));
#15197 = DIRECTION('',(0.4714141304,0.881911967069,0.));
#15198 = ADVANCED_FACE('',(#15199),#15217,.T.);
#15199 = FACE_BOUND('',#15200,.F.);
#15200 = EDGE_LOOP('',(#15201,#15209,#15210,#15211));
#15201 = ORIENTED_EDGE('',*,*,#15202,.F.);
#15202 = EDGE_CURVE('',#15179,#15203,#15205,.T.);
#15203 = VERTEX_POINT('',#15204);
#15204 = CARTESIAN_POINT('',(-6.80695,-18.2111,2.5));
#15205 = LINE('',#15206,#15207);
#15206 = CARTESIAN_POINT('',(-6.42316,-16.9459,2.5));
#15207 = VECTOR('',#15208,1.);
#15208 = DIRECTION('',(-0.290281751552,-0.95694122323,-0.));
#15209 = ORIENTED_EDGE('',*,*,#15188,.T.);
#15210 = ORIENTED_EDGE('',*,*,#3003,.F.);
#15211 = ORIENTED_EDGE('',*,*,#15212,.F.);
#15212 = EDGE_CURVE('',#15203,#2996,#15213,.T.);
#15213 = LINE('',#15214,#15215);
#15214 = CARTESIAN_POINT('',(-6.80695,-18.2111,2.5));
#15215 = VECTOR('',#15216,1.);
#15216 = DIRECTION('',(0.,0.,1.));
#15217 = PLANE('',#15218);
#15218 = AXIS2_PLACEMENT_3D('',#15219,#15220,#15221);
#15219 = CARTESIAN_POINT('',(-6.42316,-16.9459,2.5));
#15220 = DIRECTION('',(-0.95694122323,0.290281751552,0.));
#15221 = DIRECTION('',(0.290281751552,0.95694122323,0.));
#15222 = ADVANCED_FACE('',(#15223),#15241,.T.);
#15223 = FACE_BOUND('',#15224,.F.);
#15224 = EDGE_LOOP('',(#15225,#15233,#15234,#15235));
#15225 = ORIENTED_EDGE('',*,*,#15226,.F.);
#15226 = EDGE_CURVE('',#15203,#15227,#15229,.T.);
#15227 = VERTEX_POINT('',#15228);
#15228 = CARTESIAN_POINT('',(-7.10703,-18.9356,2.5));
#15229 = LINE('',#15230,#15231);
#15230 = CARTESIAN_POINT('',(-6.80695,-18.2111,2.5));
#15231 = VECTOR('',#15232,1.);
#15232 = DIRECTION('',(-0.382664138353,-0.923887524117,-0.));
#15233 = ORIENTED_EDGE('',*,*,#15212,.T.);
#15234 = ORIENTED_EDGE('',*,*,#2995,.F.);
#15235 = ORIENTED_EDGE('',*,*,#15236,.F.);
#15236 = EDGE_CURVE('',#15227,#2988,#15237,.T.);
#15237 = LINE('',#15238,#15239);
#15238 = CARTESIAN_POINT('',(-7.10703,-18.9356,2.5));
#15239 = VECTOR('',#15240,1.);
#15240 = DIRECTION('',(0.,0.,1.));
#15241 = PLANE('',#15242);
#15242 = AXIS2_PLACEMENT_3D('',#15243,#15244,#15245);
#15243 = CARTESIAN_POINT('',(-6.80695,-18.2111,2.5));
#15244 = DIRECTION('',(-0.923887524117,0.382664138353,0.));
#15245 = DIRECTION('',(0.382664138353,0.923887524117,0.));
#15246 = ADVANCED_FACE('',(#15247),#15265,.T.);
#15247 = FACE_BOUND('',#15248,.F.);
#15248 = EDGE_LOOP('',(#15249,#15257,#15258,#15259));
#15249 = ORIENTED_EDGE('',*,*,#15250,.F.);
#15250 = EDGE_CURVE('',#15227,#15251,#15253,.T.);
#15251 = VERTEX_POINT('',#15252);
#15252 = CARTESIAN_POINT('',(-7.54267,-19.5876,2.5));
#15253 = LINE('',#15254,#15255);
#15254 = CARTESIAN_POINT('',(-7.10703,-18.9356,2.5));
#15255 = VECTOR('',#15256,1.);
#15256 = DIRECTION('',(-0.555559237121,-0.831476959422,-0.));
#15257 = ORIENTED_EDGE('',*,*,#15236,.T.);
#15258 = ORIENTED_EDGE('',*,*,#2987,.F.);
#15259 = ORIENTED_EDGE('',*,*,#15260,.F.);
#15260 = EDGE_CURVE('',#15251,#2980,#15261,.T.);
#15261 = LINE('',#15262,#15263);
#15262 = CARTESIAN_POINT('',(-7.54267,-19.5876,2.5));
#15263 = VECTOR('',#15264,1.);
#15264 = DIRECTION('',(0.,0.,1.));
#15265 = PLANE('',#15266);
#15266 = AXIS2_PLACEMENT_3D('',#15267,#15268,#15269);
#15267 = CARTESIAN_POINT('',(-7.10703,-18.9356,2.5));
#15268 = DIRECTION('',(-0.831476959422,0.555559237121,0.));
#15269 = DIRECTION('',(0.555559237121,0.831476959422,0.));
#15270 = ADVANCED_FACE('',(#15271),#15289,.T.);
#15271 = FACE_BOUND('',#15272,.F.);
#15272 = EDGE_LOOP('',(#15273,#15281,#15282,#15283));
#15273 = ORIENTED_EDGE('',*,*,#15274,.F.);
#15274 = EDGE_CURVE('',#15251,#15275,#15277,.T.);
#15275 = VERTEX_POINT('',#15276);
#15276 = CARTESIAN_POINT('',(-8.09714,-20.142,2.5));
#15277 = LINE('',#15278,#15279);
#15278 = CARTESIAN_POINT('',(-7.54267,-19.5876,2.5));
#15279 = VECTOR('',#15280,1.);
#15280 = DIRECTION('',(-0.707151417539,-0.707062142016,-0.));
#15281 = ORIENTED_EDGE('',*,*,#15260,.T.);
#15282 = ORIENTED_EDGE('',*,*,#2979,.F.);
#15283 = ORIENTED_EDGE('',*,*,#15284,.F.);
#15284 = EDGE_CURVE('',#15275,#2972,#15285,.T.);
#15285 = LINE('',#15286,#15287);
#15286 = CARTESIAN_POINT('',(-8.09714,-20.142,2.5));
#15287 = VECTOR('',#15288,1.);
#15288 = DIRECTION('',(0.,0.,1.));
#15289 = PLANE('',#15290);
#15290 = AXIS2_PLACEMENT_3D('',#15291,#15292,#15293);
#15291 = CARTESIAN_POINT('',(-7.54267,-19.5876,2.5));
#15292 = DIRECTION('',(-0.707062142016,0.707151417539,0.));
#15293 = DIRECTION('',(0.707151417539,0.707062142016,0.));
#15294 = ADVANCED_FACE('',(#15295),#15313,.T.);
#15295 = FACE_BOUND('',#15296,.F.);
#15296 = EDGE_LOOP('',(#15297,#15305,#15306,#15307));
#15297 = ORIENTED_EDGE('',*,*,#15298,.F.);
#15298 = EDGE_CURVE('',#15275,#15299,#15301,.T.);
#15299 = VERTEX_POINT('',#15300);
#15300 = CARTESIAN_POINT('',(-8.74912,-20.5777,2.5));
#15301 = LINE('',#15302,#15303);
#15302 = CARTESIAN_POINT('',(-8.09714,-20.142,2.5));
#15303 = VECTOR('',#15304,1.);
#15304 = DIRECTION('',(-0.83143374015,-0.555623915739,-0.));
#15305 = ORIENTED_EDGE('',*,*,#15284,.T.);
#15306 = ORIENTED_EDGE('',*,*,#2971,.F.);
#15307 = ORIENTED_EDGE('',*,*,#15308,.F.);
#15308 = EDGE_CURVE('',#15299,#2964,#15309,.T.);
#15309 = LINE('',#15310,#15311);
#15310 = CARTESIAN_POINT('',(-8.74912,-20.5777,2.5));
#15311 = VECTOR('',#15312,1.);
#15312 = DIRECTION('',(0.,0.,1.));
#15313 = PLANE('',#15314);
#15314 = AXIS2_PLACEMENT_3D('',#15315,#15316,#15317);
#15315 = CARTESIAN_POINT('',(-8.09714,-20.142,2.5));
#15316 = DIRECTION('',(-0.555623915739,0.83143374015,0.));
#15317 = DIRECTION('',(0.83143374015,0.555623915739,0.));
#15318 = ADVANCED_FACE('',(#15319),#15337,.T.);
#15319 = FACE_BOUND('',#15320,.F.);
#15320 = EDGE_LOOP('',(#15321,#15329,#15330,#15331));
#15321 = ORIENTED_EDGE('',*,*,#15322,.F.);
#15322 = EDGE_CURVE('',#15299,#15323,#15325,.T.);
#15323 = VERTEX_POINT('',#15324);
#15324 = CARTESIAN_POINT('',(-9.47357,-20.8778,2.5));
#15325 = LINE('',#15326,#15327);
#15326 = CARTESIAN_POINT('',(-8.74912,-20.5777,2.5));
#15327 = VECTOR('',#15328,1.);
#15328 = DIRECTION('',(-0.923869168907,-0.382708451362,-0.));
#15329 = ORIENTED_EDGE('',*,*,#15308,.T.);
#15330 = ORIENTED_EDGE('',*,*,#2963,.F.);
#15331 = ORIENTED_EDGE('',*,*,#15332,.F.);
#15332 = EDGE_CURVE('',#15323,#2956,#15333,.T.);
#15333 = LINE('',#15334,#15335);
#15334 = CARTESIAN_POINT('',(-9.47357,-20.8778,2.5));
#15335 = VECTOR('',#15336,1.);
#15336 = DIRECTION('',(0.,0.,1.));
#15337 = PLANE('',#15338);
#15338 = AXIS2_PLACEMENT_3D('',#15339,#15340,#15341);
#15339 = CARTESIAN_POINT('',(-8.74912,-20.5777,2.5));
#15340 = DIRECTION('',(-0.382708451362,0.923869168907,0.));
#15341 = DIRECTION('',(0.923869168907,0.382708451362,0.));
#15342 = ADVANCED_FACE('',(#15343),#15361,.T.);
#15343 = FACE_BOUND('',#15344,.F.);
#15344 = EDGE_LOOP('',(#15345,#15353,#15354,#15355));
#15345 = ORIENTED_EDGE('',*,*,#15346,.F.);
#15346 = EDGE_CURVE('',#15323,#15347,#15349,.T.);
#15347 = VERTEX_POINT('',#15348);
#15348 = CARTESIAN_POINT('',(-10.2426,-21.0307,2.5));
#15349 = LINE('',#15350,#15351);
#15350 = CARTESIAN_POINT('',(-9.47357,-20.8778,2.5));
#15351 = VECTOR('',#15352,1.);
#15352 = DIRECTION('',(-0.980802255961,-0.195004960712,-0.));
#15353 = ORIENTED_EDGE('',*,*,#15332,.T.);
#15354 = ORIENTED_EDGE('',*,*,#2955,.F.);
#15355 = ORIENTED_EDGE('',*,*,#15356,.F.);
#15356 = EDGE_CURVE('',#15347,#2948,#15357,.T.);
#15357 = LINE('',#15358,#15359);
#15358 = CARTESIAN_POINT('',(-10.2426,-21.0307,2.5));
#15359 = VECTOR('',#15360,1.);
#15360 = DIRECTION('',(0.,0.,1.));
#15361 = PLANE('',#15362);
#15362 = AXIS2_PLACEMENT_3D('',#15363,#15364,#15365);
#15363 = CARTESIAN_POINT('',(-9.47357,-20.8778,2.5));
#15364 = DIRECTION('',(-0.195004960712,0.980802255961,0.));
#15365 = DIRECTION('',(0.980802255961,0.195004960712,0.));
#15366 = ADVANCED_FACE('',(#15367),#15385,.T.);
#15367 = FACE_BOUND('',#15368,.F.);
#15368 = EDGE_LOOP('',(#15369,#15377,#15378,#15379));
#15369 = ORIENTED_EDGE('',*,*,#15370,.F.);
#15370 = EDGE_CURVE('',#15347,#15371,#15373,.T.);
#15371 = VERTEX_POINT('',#15372);
#15372 = CARTESIAN_POINT('',(-10.6347,-21.05,2.5));
#15373 = LINE('',#15374,#15375);
#15374 = CARTESIAN_POINT('',(-10.2426,-21.0307,2.5));
#15375 = VECTOR('',#15376,1.);
#15376 = DIRECTION('',(-0.998790787438,-4.916261718327E-02,-0.));
#15377 = ORIENTED_EDGE('',*,*,#15356,.T.);
#15378 = ORIENTED_EDGE('',*,*,#2947,.F.);
#15379 = ORIENTED_EDGE('',*,*,#15380,.F.);
#15380 = EDGE_CURVE('',#15371,#2940,#15381,.T.);
#15381 = LINE('',#15382,#15383);
#15382 = CARTESIAN_POINT('',(-10.6347,-21.05,2.5));
#15383 = VECTOR('',#15384,1.);
#15384 = DIRECTION('',(0.,0.,1.));
#15385 = PLANE('',#15386);
#15386 = AXIS2_PLACEMENT_3D('',#15387,#15388,#15389);
#15387 = CARTESIAN_POINT('',(-10.2426,-21.0307,2.5));
#15388 = DIRECTION('',(-4.916261718327E-02,0.998790787438,0.));
#15389 = DIRECTION('',(0.998790787438,4.916261718327E-02,0.));
#15390 = ADVANCED_FACE('',(#15391),#15409,.T.);
#15391 = FACE_BOUND('',#15392,.F.);
#15392 = EDGE_LOOP('',(#15393,#15401,#15402,#15403));
#15393 = ORIENTED_EDGE('',*,*,#15394,.F.);
#15394 = EDGE_CURVE('',#15371,#15395,#15397,.T.);
#15395 = VERTEX_POINT('',#15396);
#15396 = CARTESIAN_POINT('',(-28.2778,-21.05,2.5));
#15397 = LINE('',#15398,#15399);
#15398 = CARTESIAN_POINT('',(-10.6347,-21.05,2.5));
#15399 = VECTOR('',#15400,1.);
#15400 = DIRECTION('',(-1.,-0.,-0.));
#15401 = ORIENTED_EDGE('',*,*,#15380,.T.);
#15402 = ORIENTED_EDGE('',*,*,#2939,.F.);
#15403 = ORIENTED_EDGE('',*,*,#15404,.F.);
#15404 = EDGE_CURVE('',#15395,#2932,#15405,.T.);
#15405 = LINE('',#15406,#15407);
#15406 = CARTESIAN_POINT('',(-28.2778,-21.05,2.5));
#15407 = VECTOR('',#15408,1.);
#15408 = DIRECTION('',(0.,0.,1.));
#15409 = PLANE('',#15410);
#15410 = AXIS2_PLACEMENT_3D('',#15411,#15412,#15413);
#15411 = CARTESIAN_POINT('',(-10.6347,-21.05,2.5));
#15412 = DIRECTION('',(0.,1.,0.));
#15413 = DIRECTION('',(1.,0.,0.));
#15414 = ADVANCED_FACE('',(#15415),#15433,.T.);
#15415 = FACE_BOUND('',#15416,.F.);
#15416 = EDGE_LOOP('',(#15417,#15425,#15426,#15427));
#15417 = ORIENTED_EDGE('',*,*,#15418,.F.);
#15418 = EDGE_CURVE('',#15395,#15419,#15421,.T.);
#15419 = VERTEX_POINT('',#15420);
#15420 = CARTESIAN_POINT('',(-29.0582,-20.9731,2.5));
#15421 = LINE('',#15422,#15423);
#15422 = CARTESIAN_POINT('',(-28.2778,-21.05,2.5));
#15423 = VECTOR('',#15424,1.);
#15424 = DIRECTION('',(-0.995180084663,9.80642600084E-02,0.));
#15425 = ORIENTED_EDGE('',*,*,#15404,.T.);
#15426 = ORIENTED_EDGE('',*,*,#2931,.F.);
#15427 = ORIENTED_EDGE('',*,*,#15428,.F.);
#15428 = EDGE_CURVE('',#15419,#2924,#15429,.T.);
#15429 = LINE('',#15430,#15431);
#15430 = CARTESIAN_POINT('',(-29.0582,-20.9731,2.5));
#15431 = VECTOR('',#15432,1.);
#15432 = DIRECTION('',(0.,0.,1.));
#15433 = PLANE('',#15434);
#15434 = AXIS2_PLACEMENT_3D('',#15435,#15436,#15437);
#15435 = CARTESIAN_POINT('',(-28.2778,-21.05,2.5));
#15436 = DIRECTION('',(9.80642600084E-02,0.995180084663,0.));
#15437 = DIRECTION('',(0.995180084663,-9.80642600084E-02,0.));
#15438 = ADVANCED_FACE('',(#15439),#15457,.T.);
#15439 = FACE_BOUND('',#15440,.F.);
#15440 = EDGE_LOOP('',(#15441,#15449,#15450,#15451));
#15441 = ORIENTED_EDGE('',*,*,#15442,.F.);
#15442 = EDGE_CURVE('',#15419,#15443,#15445,.T.);
#15443 = VERTEX_POINT('',#15444);
#15444 = CARTESIAN_POINT('',(-29.8085,-20.7455,2.5));
#15445 = LINE('',#15446,#15447);
#15446 = CARTESIAN_POINT('',(-29.0582,-20.9731,2.5));
#15447 = VECTOR('',#15448,1.);
#15448 = DIRECTION('',(-0.956940695942,0.290283489799,0.));
#15449 = ORIENTED_EDGE('',*,*,#15428,.T.);
#15450 = ORIENTED_EDGE('',*,*,#2923,.F.);
#15451 = ORIENTED_EDGE('',*,*,#15452,.F.);
#15452 = EDGE_CURVE('',#15443,#2916,#15453,.T.);
#15453 = LINE('',#15454,#15455);
#15454 = CARTESIAN_POINT('',(-29.8085,-20.7455,2.5));
#15455 = VECTOR('',#15456,1.);
#15456 = DIRECTION('',(0.,0.,1.));
#15457 = PLANE('',#15458);
#15458 = AXIS2_PLACEMENT_3D('',#15459,#15460,#15461);
#15459 = CARTESIAN_POINT('',(-29.0582,-20.9731,2.5));
#15460 = DIRECTION('',(0.290283489799,0.956940695942,0.));
#15461 = DIRECTION('',(0.956940695942,-0.290283489799,0.));
#15462 = ADVANCED_FACE('',(#15463),#15481,.T.);
#15463 = FACE_BOUND('',#15464,.F.);
#15464 = EDGE_LOOP('',(#15465,#15473,#15474,#15475));
#15465 = ORIENTED_EDGE('',*,*,#15466,.F.);
#15466 = EDGE_CURVE('',#15443,#15467,#15469,.T.);
#15467 = VERTEX_POINT('',#15468);
#15468 = CARTESIAN_POINT('',(-30.5001,-20.3759,2.5));
#15469 = LINE('',#15470,#15471);
#15470 = CARTESIAN_POINT('',(-29.8085,-20.7455,2.5));
#15471 = VECTOR('',#15472,1.);
#15472 = DIRECTION('',(-0.881957260666,0.471329386267,0.));
#15473 = ORIENTED_EDGE('',*,*,#15452,.T.);
#15474 = ORIENTED_EDGE('',*,*,#2915,.F.);
#15475 = ORIENTED_EDGE('',*,*,#15476,.F.);
#15476 = EDGE_CURVE('',#15467,#2908,#15477,.T.);
#15477 = LINE('',#15478,#15479);
#15478 = CARTESIAN_POINT('',(-30.5001,-20.3759,2.5));
#15479 = VECTOR('',#15480,1.);
#15480 = DIRECTION('',(0.,0.,1.));
#15481 = PLANE('',#15482);
#15482 = AXIS2_PLACEMENT_3D('',#15483,#15484,#15485);
#15483 = CARTESIAN_POINT('',(-29.8085,-20.7455,2.5));
#15484 = DIRECTION('',(0.471329386267,0.881957260666,0.));
#15485 = DIRECTION('',(0.881957260666,-0.471329386267,0.));
#15486 = ADVANCED_FACE('',(#15487),#15505,.T.);
#15487 = FACE_BOUND('',#15488,.F.);
#15488 = EDGE_LOOP('',(#15489,#15497,#15498,#15499));
#15489 = ORIENTED_EDGE('',*,*,#15490,.F.);
#15490 = EDGE_CURVE('',#15467,#15491,#15493,.T.);
#15491 = VERTEX_POINT('',#15492);
#15492 = CARTESIAN_POINT('',(-31.1062,-19.8784,2.5));
#15493 = LINE('',#15494,#15495);
#15494 = CARTESIAN_POINT('',(-30.5001,-20.3759,2.5));
#15495 = VECTOR('',#15496,1.);
#15496 = DIRECTION('',(-0.772956300772,0.634459263544,0.));
#15497 = ORIENTED_EDGE('',*,*,#15476,.T.);
#15498 = ORIENTED_EDGE('',*,*,#2907,.F.);
#15499 = ORIENTED_EDGE('',*,*,#15500,.F.);
#15500 = EDGE_CURVE('',#15491,#2900,#15501,.T.);
#15501 = LINE('',#15502,#15503);
#15502 = CARTESIAN_POINT('',(-31.1062,-19.8784,2.5));
#15503 = VECTOR('',#15504,1.);
#15504 = DIRECTION('',(0.,0.,1.));
#15505 = PLANE('',#15506);
#15506 = AXIS2_PLACEMENT_3D('',#15507,#15508,#15509);
#15507 = CARTESIAN_POINT('',(-30.5001,-20.3759,2.5));
#15508 = DIRECTION('',(0.634459263544,0.772956300772,0.));
#15509 = DIRECTION('',(0.772956300772,-0.634459263544,0.));
#15510 = ADVANCED_FACE('',(#15511),#15529,.T.);
#15511 = FACE_BOUND('',#15512,.F.);
#15512 = EDGE_LOOP('',(#15513,#15521,#15522,#15523));
#15513 = ORIENTED_EDGE('',*,*,#15514,.F.);
#15514 = EDGE_CURVE('',#15491,#15515,#15517,.T.);
#15515 = VERTEX_POINT('',#15516);
#15516 = CARTESIAN_POINT('',(-31.6037,-19.2723,2.5));
#15517 = LINE('',#15518,#15519);
#15518 = CARTESIAN_POINT('',(-31.1062,-19.8784,2.5));
#15519 = VECTOR('',#15520,1.);
#15520 = DIRECTION('',(-0.634459263544,0.772956300772,0.));
#15521 = ORIENTED_EDGE('',*,*,#15500,.T.);
#15522 = ORIENTED_EDGE('',*,*,#2899,.F.);
#15523 = ORIENTED_EDGE('',*,*,#15524,.F.);
#15524 = EDGE_CURVE('',#15515,#2892,#15525,.T.);
#15525 = LINE('',#15526,#15527);
#15526 = CARTESIAN_POINT('',(-31.6037,-19.2723,2.5));
#15527 = VECTOR('',#15528,1.);
#15528 = DIRECTION('',(0.,0.,1.));
#15529 = PLANE('',#15530);
#15530 = AXIS2_PLACEMENT_3D('',#15531,#15532,#15533);
#15531 = CARTESIAN_POINT('',(-31.1062,-19.8784,2.5));
#15532 = DIRECTION('',(0.772956300772,0.634459263544,0.));
#15533 = DIRECTION('',(0.634459263544,-0.772956300772,0.));
#15534 = ADVANCED_FACE('',(#15535),#15553,.T.);
#15535 = FACE_BOUND('',#15536,.F.);
#15536 = EDGE_LOOP('',(#15537,#15545,#15546,#15547));
#15537 = ORIENTED_EDGE('',*,*,#15538,.F.);
#15538 = EDGE_CURVE('',#15515,#15539,#15541,.T.);
#15539 = VERTEX_POINT('',#15540);
#15540 = CARTESIAN_POINT('',(-31.6613,-19.1644,2.5));
#15541 = LINE('',#15542,#15543);
#15542 = CARTESIAN_POINT('',(-31.6037,-19.2723,2.5));
#15543 = VECTOR('',#15544,1.);
#15544 = DIRECTION('',(-0.470927681203,0.882171819476,0.));
#15545 = ORIENTED_EDGE('',*,*,#15524,.T.);
#15546 = ORIENTED_EDGE('',*,*,#2891,.F.);
#15547 = ORIENTED_EDGE('',*,*,#15548,.F.);
#15548 = EDGE_CURVE('',#15539,#2884,#15549,.T.);
#15549 = LINE('',#15550,#15551);
#15550 = CARTESIAN_POINT('',(-31.6613,-19.1644,2.5));
#15551 = VECTOR('',#15552,1.);
#15552 = DIRECTION('',(0.,0.,1.));
#15553 = PLANE('',#15554);
#15554 = AXIS2_PLACEMENT_3D('',#15555,#15556,#15557);
#15555 = CARTESIAN_POINT('',(-31.6037,-19.2723,2.5));
#15556 = DIRECTION('',(0.882171819476,0.470927681203,0.));
#15557 = DIRECTION('',(0.470927681203,-0.882171819476,0.));
#15558 = ADVANCED_FACE('',(#15559),#15577,.T.);
#15559 = FACE_BOUND('',#15560,.F.);
#15560 = EDGE_LOOP('',(#15561,#15569,#15570,#15571));
#15561 = ORIENTED_EDGE('',*,*,#15562,.F.);
#15562 = EDGE_CURVE('',#15539,#15563,#15565,.T.);
#15563 = VERTEX_POINT('',#15564);
#15564 = CARTESIAN_POINT('',(-32.7152,-17.5871,2.5));
#15565 = LINE('',#15566,#15567);
#15566 = CARTESIAN_POINT('',(-31.6613,-19.1644,2.5));
#15567 = VECTOR('',#15568,1.);
#15568 = DIRECTION('',(-0.555563612717,0.831474035809,0.));
#15569 = ORIENTED_EDGE('',*,*,#15548,.T.);
#15570 = ORIENTED_EDGE('',*,*,#2883,.F.);
#15571 = ORIENTED_EDGE('',*,*,#15572,.F.);
#15572 = EDGE_CURVE('',#15563,#2876,#15573,.T.);
#15573 = LINE('',#15574,#15575);
#15574 = CARTESIAN_POINT('',(-32.7152,-17.5871,2.5));
#15575 = VECTOR('',#15576,1.);
#15576 = DIRECTION('',(0.,0.,1.));
#15577 = PLANE('',#15578);
#15578 = AXIS2_PLACEMENT_3D('',#15579,#15580,#15581);
#15579 = CARTESIAN_POINT('',(-31.6613,-19.1644,2.5));
#15580 = DIRECTION('',(0.831474035809,0.555563612717,0.));
#15581 = DIRECTION('',(0.555563612717,-0.831474035809,0.));
#15582 = ADVANCED_FACE('',(#15583),#15601,.T.);
#15583 = FACE_BOUND('',#15584,.F.);
#15584 = EDGE_LOOP('',(#15585,#15593,#15594,#15595));
#15585 = ORIENTED_EDGE('',*,*,#15586,.F.);
#15586 = EDGE_CURVE('',#15563,#15587,#15589,.T.);
#15587 = VERTEX_POINT('',#15588);
#15588 = CARTESIAN_POINT('',(-33.8215,-16.4809,2.5));
#15589 = LINE('',#15590,#15591);
#15590 = CARTESIAN_POINT('',(-32.7152,-17.5871,2.5));
#15591 = VECTOR('',#15592,1.);
#15592 = DIRECTION('',(-0.707138740093,0.707074820836,0.));
#15593 = ORIENTED_EDGE('',*,*,#15572,.T.);
#15594 = ORIENTED_EDGE('',*,*,#2875,.F.);
#15595 = ORIENTED_EDGE('',*,*,#15596,.F.);
#15596 = EDGE_CURVE('',#15587,#2868,#15597,.T.);
#15597 = LINE('',#15598,#15599);
#15598 = CARTESIAN_POINT('',(-33.8215,-16.4809,2.5));
#15599 = VECTOR('',#15600,1.);
#15600 = DIRECTION('',(0.,0.,1.));
#15601 = PLANE('',#15602);
#15602 = AXIS2_PLACEMENT_3D('',#15603,#15604,#15605);
#15603 = CARTESIAN_POINT('',(-32.7152,-17.5871,2.5));
#15604 = DIRECTION('',(0.707074820836,0.707138740093,0.));
#15605 = DIRECTION('',(0.707138740093,-0.707074820836,0.));
#15606 = ADVANCED_FACE('',(#15607),#15625,.T.);
#15607 = FACE_BOUND('',#15608,.F.);
#15608 = EDGE_LOOP('',(#15609,#15617,#15618,#15619));
#15609 = ORIENTED_EDGE('',*,*,#15610,.F.);
#15610 = EDGE_CURVE('',#15587,#15611,#15613,.T.);
#15611 = VERTEX_POINT('',#15612);
#15612 = CARTESIAN_POINT('',(-35.1223,-15.6117,2.5));
#15613 = LINE('',#15614,#15615);
#15614 = CARTESIAN_POINT('',(-33.8215,-16.4809,2.5));
#15615 = VECTOR('',#15616,1.);
#15616 = DIRECTION('',(-0.831459801075,0.555584916278,0.));
#15617 = ORIENTED_EDGE('',*,*,#15596,.T.);
#15618 = ORIENTED_EDGE('',*,*,#2867,.F.);
#15619 = ORIENTED_EDGE('',*,*,#15620,.F.);
#15620 = EDGE_CURVE('',#15611,#2860,#15621,.T.);
#15621 = LINE('',#15622,#15623);
#15622 = CARTESIAN_POINT('',(-35.1223,-15.6117,2.5));
#15623 = VECTOR('',#15624,1.);
#15624 = DIRECTION('',(0.,0.,1.));
#15625 = PLANE('',#15626);
#15626 = AXIS2_PLACEMENT_3D('',#15627,#15628,#15629);
#15627 = CARTESIAN_POINT('',(-33.8215,-16.4809,2.5));
#15628 = DIRECTION('',(0.555584916278,0.831459801075,0.));
#15629 = DIRECTION('',(0.831459801075,-0.555584916278,0.));
#15630 = ADVANCED_FACE('',(#15631),#15649,.T.);
#15631 = FACE_BOUND('',#15632,.F.);
#15632 = EDGE_LOOP('',(#15633,#15641,#15642,#15643));
#15633 = ORIENTED_EDGE('',*,*,#15634,.F.);
#15634 = EDGE_CURVE('',#15611,#15635,#15637,.T.);
#15635 = VERTEX_POINT('',#15636);
#15636 = CARTESIAN_POINT('',(-36.5677,-15.013,2.5));
#15637 = LINE('',#15638,#15639);
#15638 = CARTESIAN_POINT('',(-35.1223,-15.6117,2.5));
#15639 = VECTOR('',#15640,1.);
#15640 = DIRECTION('',(-0.923880500421,0.382681095615,0.));
#15641 = ORIENTED_EDGE('',*,*,#15620,.T.);
#15642 = ORIENTED_EDGE('',*,*,#2859,.F.);
#15643 = ORIENTED_EDGE('',*,*,#15644,.F.);
#15644 = EDGE_CURVE('',#15635,#2852,#15645,.T.);
#15645 = LINE('',#15646,#15647);
#15646 = CARTESIAN_POINT('',(-36.5677,-15.013,2.5));
#15647 = VECTOR('',#15648,1.);
#15648 = DIRECTION('',(0.,0.,1.));
#15649 = PLANE('',#15650);
#15650 = AXIS2_PLACEMENT_3D('',#15651,#15652,#15653);
#15651 = CARTESIAN_POINT('',(-35.1223,-15.6117,2.5));
#15652 = DIRECTION('',(0.382681095615,0.923880500421,0.));
#15653 = DIRECTION('',(0.923880500421,-0.382681095615,0.));
#15654 = ADVANCED_FACE('',(#15655),#15673,.T.);
#15655 = FACE_BOUND('',#15656,.F.);
#15656 = EDGE_LOOP('',(#15657,#15665,#15666,#15667));
#15657 = ORIENTED_EDGE('',*,*,#15658,.F.);
#15658 = EDGE_CURVE('',#15635,#15659,#15661,.T.);
#15659 = VERTEX_POINT('',#15660);
#15660 = CARTESIAN_POINT('',(-38.1991,-14.6885,2.5));
#15661 = LINE('',#15662,#15663);
#15662 = CARTESIAN_POINT('',(-36.5677,-15.013,2.5));
#15663 = VECTOR('',#15664,1.);
#15664 = DIRECTION('',(-0.980785928742,0.19508706257,0.));
#15665 = ORIENTED_EDGE('',*,*,#15644,.T.);
#15666 = ORIENTED_EDGE('',*,*,#2851,.F.);
#15667 = ORIENTED_EDGE('',*,*,#15668,.F.);
#15668 = EDGE_CURVE('',#15659,#2844,#15669,.T.);
#15669 = LINE('',#15670,#15671);
#15670 = CARTESIAN_POINT('',(-38.1991,-14.6885,2.5));
#15671 = VECTOR('',#15672,1.);
#15672 = DIRECTION('',(0.,0.,1.));
#15673 = PLANE('',#15674);
#15674 = AXIS2_PLACEMENT_3D('',#15675,#15676,#15677);
#15675 = CARTESIAN_POINT('',(-36.5677,-15.013,2.5));
#15676 = DIRECTION('',(0.19508706257,0.980785928742,0.));
#15677 = DIRECTION('',(0.980785928742,-0.19508706257,0.));
#15678 = ADVANCED_FACE('',(#15679),#15697,.T.);
#15679 = FACE_BOUND('',#15680,.F.);
#15680 = EDGE_LOOP('',(#15681,#15689,#15690,#15691));
#15681 = ORIENTED_EDGE('',*,*,#15682,.F.);
#15682 = EDGE_CURVE('',#15659,#15683,#15685,.T.);
#15683 = VERTEX_POINT('',#15684);
#15684 = CARTESIAN_POINT('',(-38.9826,-14.65,2.5));
#15685 = LINE('',#15686,#15687);
#15686 = CARTESIAN_POINT('',(-38.1991,-14.6885,2.5));
#15687 = VECTOR('',#15688,1.);
#15688 = DIRECTION('',(-0.998794886786,4.907926374126E-02,0.));
#15689 = ORIENTED_EDGE('',*,*,#15668,.T.);
#15690 = ORIENTED_EDGE('',*,*,#2843,.F.);
#15691 = ORIENTED_EDGE('',*,*,#15692,.F.);
#15692 = EDGE_CURVE('',#15683,#2836,#15693,.T.);
#15693 = LINE('',#15694,#15695);
#15694 = CARTESIAN_POINT('',(-38.9826,-14.65,2.5));
#15695 = VECTOR('',#15696,1.);
#15696 = DIRECTION('',(0.,0.,1.));
#15697 = PLANE('',#15698);
#15698 = AXIS2_PLACEMENT_3D('',#15699,#15700,#15701);
#15699 = CARTESIAN_POINT('',(-38.1991,-14.6885,2.5));
#15700 = DIRECTION('',(4.907926374126E-02,0.998794886786,0.));
#15701 = DIRECTION('',(0.998794886786,-4.907926374126E-02,0.));
#15702 = ADVANCED_FACE('',(#15703),#15721,.T.);
#15703 = FACE_BOUND('',#15704,.F.);
#15704 = EDGE_LOOP('',(#15705,#15713,#15714,#15715));
#15705 = ORIENTED_EDGE('',*,*,#15706,.F.);
#15706 = EDGE_CURVE('',#15683,#15707,#15709,.T.);
#15707 = VERTEX_POINT('',#15708);
#15708 = CARTESIAN_POINT('',(-49.7342,-14.65,2.5));
#15709 = LINE('',#15710,#15711);
#15710 = CARTESIAN_POINT('',(-38.9826,-14.65,2.5));
#15711 = VECTOR('',#15712,1.);
#15712 = DIRECTION('',(-1.,-0.,-0.));
#15713 = ORIENTED_EDGE('',*,*,#15692,.T.);
#15714 = ORIENTED_EDGE('',*,*,#2835,.F.);
#15715 = ORIENTED_EDGE('',*,*,#15716,.F.);
#15716 = EDGE_CURVE('',#15707,#2828,#15717,.T.);
#15717 = LINE('',#15718,#15719);
#15718 = CARTESIAN_POINT('',(-49.7342,-14.65,2.5));
#15719 = VECTOR('',#15720,1.);
#15720 = DIRECTION('',(0.,0.,1.));
#15721 = PLANE('',#15722);
#15722 = AXIS2_PLACEMENT_3D('',#15723,#15724,#15725);
#15723 = CARTESIAN_POINT('',(-38.9826,-14.65,2.5));
#15724 = DIRECTION('',(0.,1.,0.));
#15725 = DIRECTION('',(1.,0.,0.));
#15726 = ADVANCED_FACE('',(#15727),#15745,.T.);
#15727 = FACE_BOUND('',#15728,.F.);
#15728 = EDGE_LOOP('',(#15729,#15737,#15738,#15739));
#15729 = ORIENTED_EDGE('',*,*,#15730,.F.);
#15730 = EDGE_CURVE('',#15707,#15731,#15733,.T.);
#15731 = VERTEX_POINT('',#15732);
#15732 = CARTESIAN_POINT('',(-51.4877,-14.8227,2.5));
#15733 = LINE('',#15734,#15735);
#15734 = CARTESIAN_POINT('',(-49.7342,-14.65,2.5));
#15735 = VECTOR('',#15736,1.);
#15736 = DIRECTION('',(-0.995184985525,-9.80145121187E-02,-0.));
#15737 = ORIENTED_EDGE('',*,*,#15716,.T.);
#15738 = ORIENTED_EDGE('',*,*,#2827,.F.);
#15739 = ORIENTED_EDGE('',*,*,#15740,.F.);
#15740 = EDGE_CURVE('',#15731,#2820,#15741,.T.);
#15741 = LINE('',#15742,#15743);
#15742 = CARTESIAN_POINT('',(-51.4877,-14.8227,2.5));
#15743 = VECTOR('',#15744,1.);
#15744 = DIRECTION('',(0.,0.,1.));
#15745 = PLANE('',#15746);
#15746 = AXIS2_PLACEMENT_3D('',#15747,#15748,#15749);
#15747 = CARTESIAN_POINT('',(-49.7342,-14.65,2.5));
#15748 = DIRECTION('',(-9.80145121187E-02,0.995184985525,0.));
#15749 = DIRECTION('',(0.995184985525,9.80145121187E-02,0.));
#15750 = ADVANCED_FACE('',(#15751),#15769,.T.);
#15751 = FACE_BOUND('',#15752,.F.);
#15752 = EDGE_LOOP('',(#15753,#15761,#15762,#15763));
#15753 = ORIENTED_EDGE('',*,*,#15754,.F.);
#15754 = EDGE_CURVE('',#15731,#15755,#15757,.T.);
#15755 = VERTEX_POINT('',#15756);
#15756 = CARTESIAN_POINT('',(-52.9848,-15.2768,2.5));
#15757 = LINE('',#15758,#15759);
#15758 = CARTESIAN_POINT('',(-51.4877,-14.8227,2.5));
#15759 = VECTOR('',#15760,1.);
#15760 = DIRECTION('',(-0.956947494684,-0.290261076305,-0.));
#15761 = ORIENTED_EDGE('',*,*,#15740,.T.);
#15762 = ORIENTED_EDGE('',*,*,#2819,.F.);
#15763 = ORIENTED_EDGE('',*,*,#15764,.F.);
#15764 = EDGE_CURVE('',#15755,#2812,#15765,.T.);
#15765 = LINE('',#15766,#15767);
#15766 = CARTESIAN_POINT('',(-52.9848,-15.2768,2.5));
#15767 = VECTOR('',#15768,1.);
#15768 = DIRECTION('',(0.,0.,1.));
#15769 = PLANE('',#15770);
#15770 = AXIS2_PLACEMENT_3D('',#15771,#15772,#15773);
#15771 = CARTESIAN_POINT('',(-51.4877,-14.8227,2.5));
#15772 = DIRECTION('',(-0.290261076305,0.956947494684,0.));
#15773 = DIRECTION('',(0.956947494684,0.290261076305,0.));
#15774 = ADVANCED_FACE('',(#15775),#15793,.T.);
#15775 = FACE_BOUND('',#15776,.F.);
#15776 = EDGE_LOOP('',(#15777,#15785,#15786,#15787));
#15777 = ORIENTED_EDGE('',*,*,#15778,.F.);
#15778 = EDGE_CURVE('',#15755,#15779,#15781,.T.);
#15779 = VERTEX_POINT('',#15780);
#15780 = CARTESIAN_POINT('',(-54.3645,-16.0143,2.5));
#15781 = LINE('',#15782,#15783);
#15782 = CARTESIAN_POINT('',(-52.9848,-15.2768,2.5));
#15783 = VECTOR('',#15784,1.);
#15784 = DIRECTION('',(-0.881911967069,-0.4714141304,-0.));
#15785 = ORIENTED_EDGE('',*,*,#15764,.T.);
#15786 = ORIENTED_EDGE('',*,*,#2811,.F.);
#15787 = ORIENTED_EDGE('',*,*,#15788,.F.);
#15788 = EDGE_CURVE('',#15779,#2804,#15789,.T.);
#15789 = LINE('',#15790,#15791);
#15790 = CARTESIAN_POINT('',(-54.3645,-16.0143,2.5));
#15791 = VECTOR('',#15792,1.);
#15792 = DIRECTION('',(0.,0.,1.));
#15793 = PLANE('',#15794);
#15794 = AXIS2_PLACEMENT_3D('',#15795,#15796,#15797);
#15795 = CARTESIAN_POINT('',(-52.9848,-15.2768,2.5));
#15796 = DIRECTION('',(-0.4714141304,0.881911967069,0.));
#15797 = DIRECTION('',(0.881911967069,0.4714141304,0.));
#15798 = ADVANCED_FACE('',(#15799),#15817,.T.);
#15799 = FACE_BOUND('',#15800,.F.);
#15800 = EDGE_LOOP('',(#15801,#15809,#15810,#15811));
#15801 = ORIENTED_EDGE('',*,*,#15802,.F.);
#15802 = EDGE_CURVE('',#15779,#15803,#15805,.T.);
#15803 = VERTEX_POINT('',#15804);
#15804 = CARTESIAN_POINT('',(-55.5739,-17.0068,2.5));
#15805 = LINE('',#15806,#15807);
#15806 = CARTESIAN_POINT('',(-54.3645,-16.0143,2.5));
#15807 = VECTOR('',#15808,1.);
#15808 = DIRECTION('',(-0.773019521196,-0.634382234816,-0.));
#15809 = ORIENTED_EDGE('',*,*,#15788,.T.);
#15810 = ORIENTED_EDGE('',*,*,#2803,.F.);
#15811 = ORIENTED_EDGE('',*,*,#15812,.F.);
#15812 = EDGE_CURVE('',#15803,#2796,#15813,.T.);
#15813 = LINE('',#15814,#15815);
#15814 = CARTESIAN_POINT('',(-55.5739,-17.0068,2.5));
#15815 = VECTOR('',#15816,1.);
#15816 = DIRECTION('',(0.,0.,1.));
#15817 = PLANE('',#15818);
#15818 = AXIS2_PLACEMENT_3D('',#15819,#15820,#15821);
#15819 = CARTESIAN_POINT('',(-54.3645,-16.0143,2.5));
#15820 = DIRECTION('',(-0.634382234816,0.773019521196,0.));
#15821 = DIRECTION('',(0.773019521196,0.634382234816,0.));
#15822 = ADVANCED_FACE('',(#15823),#15841,.T.);
#15823 = FACE_BOUND('',#15824,.F.);
#15824 = EDGE_LOOP('',(#15825,#15833,#15834,#15835));
#15825 = ORIENTED_EDGE('',*,*,#15826,.F.);
#15826 = EDGE_CURVE('',#15803,#15827,#15829,.T.);
#15827 = VERTEX_POINT('',#15828);
#15828 = CARTESIAN_POINT('',(-56.5664,-18.2162,2.5));
#15829 = LINE('',#15830,#15831);
#15830 = CARTESIAN_POINT('',(-55.5739,-17.0068,2.5));
#15831 = VECTOR('',#15832,1.);
#15832 = DIRECTION('',(-0.634382234816,-0.773019521196,-0.));
#15833 = ORIENTED_EDGE('',*,*,#15812,.T.);
#15834 = ORIENTED_EDGE('',*,*,#2795,.F.);
#15835 = ORIENTED_EDGE('',*,*,#15836,.F.);
#15836 = EDGE_CURVE('',#15827,#2788,#15837,.T.);
#15837 = LINE('',#15838,#15839);
#15838 = CARTESIAN_POINT('',(-56.5664,-18.2162,2.5));
#15839 = VECTOR('',#15840,1.);
#15840 = DIRECTION('',(0.,0.,1.));
#15841 = PLANE('',#15842);
#15842 = AXIS2_PLACEMENT_3D('',#15843,#15844,#15845);
#15843 = CARTESIAN_POINT('',(-55.5739,-17.0068,2.5));
#15844 = DIRECTION('',(-0.773019521196,0.634382234816,0.));
#15845 = DIRECTION('',(0.634382234816,0.773019521196,0.));
#15846 = ADVANCED_FACE('',(#15847),#15865,.T.);
#15847 = FACE_BOUND('',#15848,.F.);
#15848 = EDGE_LOOP('',(#15849,#15857,#15858,#15859));
#15849 = ORIENTED_EDGE('',*,*,#15850,.F.);
#15850 = EDGE_CURVE('',#15827,#15851,#15853,.T.);
#15851 = VERTEX_POINT('',#15852);
#15852 = CARTESIAN_POINT('',(-57.3039,-19.5959,2.5));
#15853 = LINE('',#15854,#15855);
#15854 = CARTESIAN_POINT('',(-56.5664,-18.2162,2.5));
#15855 = VECTOR('',#15856,1.);
#15856 = DIRECTION('',(-0.4714141304,-0.881911967069,-0.));
#15857 = ORIENTED_EDGE('',*,*,#15836,.T.);
#15858 = ORIENTED_EDGE('',*,*,#2787,.F.);
#15859 = ORIENTED_EDGE('',*,*,#15860,.F.);
#15860 = EDGE_CURVE('',#15851,#2780,#15861,.T.);
#15861 = LINE('',#15862,#15863);
#15862 = CARTESIAN_POINT('',(-57.3039,-19.5959,2.5));
#15863 = VECTOR('',#15864,1.);
#15864 = DIRECTION('',(0.,0.,1.));
#15865 = PLANE('',#15866);
#15866 = AXIS2_PLACEMENT_3D('',#15867,#15868,#15869);
#15867 = CARTESIAN_POINT('',(-56.5664,-18.2162,2.5));
#15868 = DIRECTION('',(-0.881911967069,0.4714141304,0.));
#15869 = DIRECTION('',(0.4714141304,0.881911967069,0.));
#15870 = ADVANCED_FACE('',(#15871),#15889,.T.);
#15871 = FACE_BOUND('',#15872,.F.);
#15872 = EDGE_LOOP('',(#15873,#15881,#15882,#15883));
#15873 = ORIENTED_EDGE('',*,*,#15874,.F.);
#15874 = EDGE_CURVE('',#15851,#15875,#15877,.T.);
#15875 = VERTEX_POINT('',#15876);
#15876 = CARTESIAN_POINT('',(-57.758,-21.0931,2.5));
#15877 = LINE('',#15878,#15879);
#15878 = CARTESIAN_POINT('',(-57.3039,-19.5959,2.5));
#15879 = VECTOR('',#15880,1.);
#15880 = DIRECTION('',(-0.290243322605,-0.956952879552,-0.));
#15881 = ORIENTED_EDGE('',*,*,#15860,.T.);
#15882 = ORIENTED_EDGE('',*,*,#2779,.F.);
#15883 = ORIENTED_EDGE('',*,*,#15884,.F.);
#15884 = EDGE_CURVE('',#15875,#2772,#15885,.T.);
#15885 = LINE('',#15886,#15887);
#15886 = CARTESIAN_POINT('',(-57.758,-21.0931,2.5));
#15887 = VECTOR('',#15888,1.);
#15888 = DIRECTION('',(0.,0.,1.));
#15889 = PLANE('',#15890);
#15890 = AXIS2_PLACEMENT_3D('',#15891,#15892,#15893);
#15891 = CARTESIAN_POINT('',(-57.3039,-19.5959,2.5));
#15892 = DIRECTION('',(-0.956952879552,0.290243322605,0.));
#15893 = DIRECTION('',(0.290243322605,0.956952879552,0.));
#15894 = ADVANCED_FACE('',(#15895),#15913,.T.);
#15895 = FACE_BOUND('',#15896,.F.);
#15896 = EDGE_LOOP('',(#15897,#15905,#15906,#15907));
#15897 = ORIENTED_EDGE('',*,*,#15898,.F.);
#15898 = EDGE_CURVE('',#15875,#15899,#15901,.T.);
#15899 = VERTEX_POINT('',#15900);
#15900 = CARTESIAN_POINT('',(-57.9135,-22.6719,2.5));
#15901 = LINE('',#15902,#15903);
#15902 = CARTESIAN_POINT('',(-57.758,-21.0931,2.5));
#15903 = VECTOR('',#15904,1.);
#15904 = DIRECTION('',(-9.801824680222E-02,-0.995184617694,-0.));
#15905 = ORIENTED_EDGE('',*,*,#15884,.T.);
#15906 = ORIENTED_EDGE('',*,*,#2771,.F.);
#15907 = ORIENTED_EDGE('',*,*,#15908,.F.);
#15908 = EDGE_CURVE('',#15899,#2764,#15909,.T.);
#15909 = LINE('',#15910,#15911);
#15910 = CARTESIAN_POINT('',(-57.9135,-22.6719,2.5));
#15911 = VECTOR('',#15912,1.);
#15912 = DIRECTION('',(0.,0.,1.));
#15913 = PLANE('',#15914);
#15914 = AXIS2_PLACEMENT_3D('',#15915,#15916,#15917);
#15915 = CARTESIAN_POINT('',(-57.758,-21.0931,2.5));
#15916 = DIRECTION('',(-0.995184617694,9.801824680222E-02,0.));
#15917 = DIRECTION('',(9.801824680222E-02,0.995184617694,0.));
#15918 = ADVANCED_FACE('',(#15919),#15937,.T.);
#15919 = FACE_BOUND('',#15920,.F.);
#15920 = EDGE_LOOP('',(#15921,#15929,#15930,#15931));
#15921 = ORIENTED_EDGE('',*,*,#15922,.F.);
#15922 = EDGE_CURVE('',#15899,#15923,#15925,.T.);
#15923 = VERTEX_POINT('',#15924);
#15924 = CARTESIAN_POINT('',(-57.7991,-23.9796,2.5));
#15925 = LINE('',#15926,#15927);
#15926 = CARTESIAN_POINT('',(-57.9135,-22.6719,2.5));
#15927 = VECTOR('',#15928,1.);
#15928 = DIRECTION('',(8.71489951774E-02,-0.996195288405,0.));
#15929 = ORIENTED_EDGE('',*,*,#15908,.T.);
#15930 = ORIENTED_EDGE('',*,*,#2763,.F.);
#15931 = ORIENTED_EDGE('',*,*,#15932,.F.);
#15932 = EDGE_CURVE('',#15923,#2756,#15933,.T.);
#15933 = LINE('',#15934,#15935);
#15934 = CARTESIAN_POINT('',(-57.7991,-23.9796,2.5));
#15935 = VECTOR('',#15936,1.);
#15936 = DIRECTION('',(0.,0.,1.));
#15937 = PLANE('',#15938);
#15938 = AXIS2_PLACEMENT_3D('',#15939,#15940,#15941);
#15939 = CARTESIAN_POINT('',(-57.9135,-22.6719,2.5));
#15940 = DIRECTION('',(-0.996195288405,-8.71489951774E-02,-0.));
#15941 = DIRECTION('',(-8.71489951774E-02,0.996195288405,0.));
#15942 = ADVANCED_FACE('',(#15943),#15961,.T.);
#15943 = FACE_BOUND('',#15944,.F.);
#15944 = EDGE_LOOP('',(#15945,#15953,#15954,#15955));
#15945 = ORIENTED_EDGE('',*,*,#15946,.F.);
#15946 = EDGE_CURVE('',#15923,#15947,#15949,.T.);
#15947 = VERTEX_POINT('',#15948);
#15948 = CARTESIAN_POINT('',(-57.8077,-24.7637,2.5));
#15949 = LINE('',#15950,#15951);
#15950 = CARTESIAN_POINT('',(-57.7991,-23.9796,2.5));
#15951 = VECTOR('',#15952,1.);
#15952 = DIRECTION('',(-1.096732912959E-02,-0.999939857037,-0.));
#15953 = ORIENTED_EDGE('',*,*,#15932,.T.);
#15954 = ORIENTED_EDGE('',*,*,#2755,.F.);
#15955 = ORIENTED_EDGE('',*,*,#15956,.F.);
#15956 = EDGE_CURVE('',#15947,#2748,#15957,.T.);
#15957 = LINE('',#15958,#15959);
#15958 = CARTESIAN_POINT('',(-57.8077,-24.7637,2.5));
#15959 = VECTOR('',#15960,1.);
#15960 = DIRECTION('',(0.,0.,1.));
#15961 = PLANE('',#15962);
#15962 = AXIS2_PLACEMENT_3D('',#15963,#15964,#15965);
#15963 = CARTESIAN_POINT('',(-57.7991,-23.9796,2.5));
#15964 = DIRECTION('',(-0.999939857037,1.096732912959E-02,0.));
#15965 = DIRECTION('',(1.096732912959E-02,0.999939857037,0.));
#15966 = ADVANCED_FACE('',(#15967),#15985,.T.);
#15967 = FACE_BOUND('',#15968,.F.);
#15968 = EDGE_LOOP('',(#15969,#15977,#15978,#15979));
#15969 = ORIENTED_EDGE('',*,*,#15970,.F.);
#15970 = EDGE_CURVE('',#15947,#15971,#15973,.T.);
#15971 = VERTEX_POINT('',#15972);
#15972 = CARTESIAN_POINT('',(-57.969,-25.531,2.5));
#15973 = LINE('',#15974,#15975);
#15974 = CARTESIAN_POINT('',(-57.8077,-24.7637,2.5));
#15975 = VECTOR('',#15976,1.);
#15976 = DIRECTION('',(-0.205721224627,-0.978610636432,-0.));
#15977 = ORIENTED_EDGE('',*,*,#15956,.T.);
#15978 = ORIENTED_EDGE('',*,*,#2747,.F.);
#15979 = ORIENTED_EDGE('',*,*,#15980,.F.);
#15980 = EDGE_CURVE('',#15971,#2740,#15981,.T.);
#15981 = LINE('',#15982,#15983);
#15982 = CARTESIAN_POINT('',(-57.969,-25.531,2.5));
#15983 = VECTOR('',#15984,1.);
#15984 = DIRECTION('',(0.,0.,1.));
#15985 = PLANE('',#15986);
#15986 = AXIS2_PLACEMENT_3D('',#15987,#15988,#15989);
#15987 = CARTESIAN_POINT('',(-57.8077,-24.7637,2.5));
#15988 = DIRECTION('',(-0.978610636432,0.205721224627,0.));
#15989 = DIRECTION('',(0.205721224627,0.978610636432,0.));
#15990 = ADVANCED_FACE('',(#15991),#16009,.T.);
#15991 = FACE_BOUND('',#15992,.F.);
#15992 = EDGE_LOOP('',(#15993,#16001,#16002,#16003));
#15993 = ORIENTED_EDGE('',*,*,#15994,.F.);
#15994 = EDGE_CURVE('',#15971,#15995,#15997,.T.);
#15995 = VERTEX_POINT('',#15996);
#15996 = CARTESIAN_POINT('',(-58.277,-26.2521,2.5));
#15997 = LINE('',#15998,#15999);
#15998 = CARTESIAN_POINT('',(-57.969,-25.531,2.5));
#15999 = VECTOR('',#16000,1.);
#16000 = DIRECTION('',(-0.392795412362,-0.919625882643,-0.));
#16001 = ORIENTED_EDGE('',*,*,#15980,.T.);
#16002 = ORIENTED_EDGE('',*,*,#2739,.F.);
#16003 = ORIENTED_EDGE('',*,*,#16004,.F.);
#16004 = EDGE_CURVE('',#15995,#2732,#16005,.T.);
#16005 = LINE('',#16006,#16007);
#16006 = CARTESIAN_POINT('',(-58.277,-26.2521,2.5));
#16007 = VECTOR('',#16008,1.);
#16008 = DIRECTION('',(0.,0.,1.));
#16009 = PLANE('',#16010);
#16010 = AXIS2_PLACEMENT_3D('',#16011,#16012,#16013);
#16011 = CARTESIAN_POINT('',(-57.969,-25.531,2.5));
#16012 = DIRECTION('',(-0.919625882643,0.392795412362,0.));
#16013 = DIRECTION('',(0.392795412362,0.919625882643,0.));
#16014 = ADVANCED_FACE('',(#16015),#16033,.T.);
#16015 = FACE_BOUND('',#16016,.F.);
#16016 = EDGE_LOOP('',(#16017,#16025,#16026,#16027));
#16017 = ORIENTED_EDGE('',*,*,#16018,.F.);
#16018 = EDGE_CURVE('',#15995,#16019,#16021,.T.);
#16019 = VERTEX_POINT('',#16020);
#16020 = CARTESIAN_POINT('',(-58.7197,-26.8993,2.5));
#16021 = LINE('',#16022,#16023);
#16022 = CARTESIAN_POINT('',(-58.277,-26.2521,2.5));
#16023 = VECTOR('',#16024,1.);
#16024 = DIRECTION('',(-0.564578758272,-0.82537920116,-0.));
#16025 = ORIENTED_EDGE('',*,*,#16004,.T.);
#16026 = ORIENTED_EDGE('',*,*,#2731,.F.);
#16027 = ORIENTED_EDGE('',*,*,#16028,.F.);
#16028 = EDGE_CURVE('',#16019,#2724,#16029,.T.);
#16029 = LINE('',#16030,#16031);
#16030 = CARTESIAN_POINT('',(-58.7197,-26.8993,2.5));
#16031 = VECTOR('',#16032,1.);
#16032 = DIRECTION('',(0.,0.,1.));
#16033 = PLANE('',#16034);
#16034 = AXIS2_PLACEMENT_3D('',#16035,#16036,#16037);
#16035 = CARTESIAN_POINT('',(-58.277,-26.2521,2.5));
#16036 = DIRECTION('',(-0.82537920116,0.564578758272,0.));
#16037 = DIRECTION('',(0.564578758272,0.82537920116,0.));
#16038 = ADVANCED_FACE('',(#16039),#16057,.T.);
#16039 = FACE_BOUND('',#16040,.F.);
#16040 = EDGE_LOOP('',(#16041,#16049,#16050,#16051));
#16041 = ORIENTED_EDGE('',*,*,#16042,.F.);
#16042 = EDGE_CURVE('',#16019,#16043,#16045,.T.);
#16043 = VERTEX_POINT('',#16044);
#16044 = CARTESIAN_POINT('',(-59.2802,-27.4477,2.5));
#16045 = LINE('',#16046,#16047);
#16046 = CARTESIAN_POINT('',(-58.7197,-26.8993,2.5));
#16047 = VECTOR('',#16048,1.);
#16048 = DIRECTION('',(-0.714779976816,-0.699349401045,-0.));
#16049 = ORIENTED_EDGE('',*,*,#16028,.T.);
#16050 = ORIENTED_EDGE('',*,*,#2723,.F.);
#16051 = ORIENTED_EDGE('',*,*,#16052,.F.);
#16052 = EDGE_CURVE('',#16043,#2716,#16053,.T.);
#16053 = LINE('',#16054,#16055);
#16054 = CARTESIAN_POINT('',(-59.2802,-27.4477,2.5));
#16055 = VECTOR('',#16056,1.);
#16056 = DIRECTION('',(0.,0.,1.));
#16057 = PLANE('',#16058);
#16058 = AXIS2_PLACEMENT_3D('',#16059,#16060,#16061);
#16059 = CARTESIAN_POINT('',(-58.7197,-26.8993,2.5));
#16060 = DIRECTION('',(-0.699349401045,0.714779976816,0.));
#16061 = DIRECTION('',(0.714779976816,0.699349401045,0.));
#16062 = ADVANCED_FACE('',(#16063),#16081,.T.);
#16063 = FACE_BOUND('',#16064,.F.);
#16064 = EDGE_LOOP('',(#16065,#16073,#16074,#16075));
#16065 = ORIENTED_EDGE('',*,*,#16066,.F.);
#16066 = EDGE_CURVE('',#16043,#16067,#16069,.T.);
#16067 = VERTEX_POINT('',#16068);
#16068 = CARTESIAN_POINT('',(-59.9369,-27.8762,2.5));
#16069 = LINE('',#16070,#16071);
#16070 = CARTESIAN_POINT('',(-59.2802,-27.4477,2.5));
#16071 = VECTOR('',#16072,1.);
#16072 = DIRECTION('',(-0.837483721683,-0.546462273095,-0.));
#16073 = ORIENTED_EDGE('',*,*,#16052,.T.);
#16074 = ORIENTED_EDGE('',*,*,#2715,.F.);
#16075 = ORIENTED_EDGE('',*,*,#16076,.F.);
#16076 = EDGE_CURVE('',#16067,#2708,#16077,.T.);
#16077 = LINE('',#16078,#16079);
#16078 = CARTESIAN_POINT('',(-59.9369,-27.8762,2.5));
#16079 = VECTOR('',#16080,1.);
#16080 = DIRECTION('',(0.,0.,1.));
#16081 = PLANE('',#16082);
#16082 = AXIS2_PLACEMENT_3D('',#16083,#16084,#16085);
#16083 = CARTESIAN_POINT('',(-59.2802,-27.4477,2.5));
#16084 = DIRECTION('',(-0.546462273095,0.837483721683,0.));
#16085 = DIRECTION('',(0.837483721683,0.546462273095,0.));
#16086 = ADVANCED_FACE('',(#16087),#16105,.T.);
#16087 = FACE_BOUND('',#16088,.F.);
#16088 = EDGE_LOOP('',(#16089,#16097,#16098,#16099));
#16089 = ORIENTED_EDGE('',*,*,#16090,.F.);
#16090 = EDGE_CURVE('',#16067,#16091,#16093,.T.);
#16091 = VERTEX_POINT('',#16092);
#16092 = CARTESIAN_POINT('',(-60.6646,-28.1684,2.5));
#16093 = LINE('',#16094,#16095);
#16094 = CARTESIAN_POINT('',(-59.9369,-27.8762,2.5));
#16095 = VECTOR('',#16096,1.);
#16096 = DIRECTION('',(-0.927983372675,-0.372621604364,-0.));
#16097 = ORIENTED_EDGE('',*,*,#16076,.T.);
#16098 = ORIENTED_EDGE('',*,*,#2707,.F.);
#16099 = ORIENTED_EDGE('',*,*,#16100,.F.);
#16100 = EDGE_CURVE('',#16091,#2700,#16101,.T.);
#16101 = LINE('',#16102,#16103);
#16102 = CARTESIAN_POINT('',(-60.6646,-28.1684,2.5));
#16103 = VECTOR('',#16104,1.);
#16104 = DIRECTION('',(0.,0.,1.));
#16105 = PLANE('',#16106);
#16106 = AXIS2_PLACEMENT_3D('',#16107,#16108,#16109);
#16107 = CARTESIAN_POINT('',(-59.9369,-27.8762,2.5));
#16108 = DIRECTION('',(-0.372621604364,0.927983372675,0.));
#16109 = DIRECTION('',(0.927983372675,0.372621604364,0.));
#16110 = ADVANCED_FACE('',(#16111),#16129,.T.);
#16111 = FACE_BOUND('',#16112,.F.);
#16112 = EDGE_LOOP('',(#16113,#16121,#16122,#16123));
#16113 = ORIENTED_EDGE('',*,*,#16114,.F.);
#16114 = EDGE_CURVE('',#16091,#16115,#16117,.T.);
#16115 = VERTEX_POINT('',#16116);
#16116 = CARTESIAN_POINT('',(-61.0893,-28.2674,2.5));
#16117 = LINE('',#16118,#16119);
#16118 = CARTESIAN_POINT('',(-60.6646,-28.1684,2.5));
#16119 = VECTOR('',#16120,1.);
#16120 = DIRECTION('',(-0.973890239148,-0.227019387039,-0.));
#16121 = ORIENTED_EDGE('',*,*,#16100,.T.);
#16122 = ORIENTED_EDGE('',*,*,#2699,.F.);
#16123 = ORIENTED_EDGE('',*,*,#16124,.F.);
#16124 = EDGE_CURVE('',#16115,#2692,#16125,.T.);
#16125 = LINE('',#16126,#16127);
#16126 = CARTESIAN_POINT('',(-61.0893,-28.2674,2.5));
#16127 = VECTOR('',#16128,1.);
#16128 = DIRECTION('',(0.,0.,1.));
#16129 = PLANE('',#16130);
#16130 = AXIS2_PLACEMENT_3D('',#16131,#16132,#16133);
#16131 = CARTESIAN_POINT('',(-60.6646,-28.1684,2.5));
#16132 = DIRECTION('',(-0.227019387039,0.973890239148,0.));
#16133 = DIRECTION('',(0.973890239148,0.227019387039,0.));
#16134 = ADVANCED_FACE('',(#16135),#16153,.T.);
#16135 = FACE_BOUND('',#16136,.F.);
#16136 = EDGE_LOOP('',(#16137,#16145,#16146,#16147));
#16137 = ORIENTED_EDGE('',*,*,#16138,.F.);
#16138 = EDGE_CURVE('',#16115,#16139,#16141,.T.);
#16139 = VERTEX_POINT('',#16140);
#16140 = CARTESIAN_POINT('',(-77.4041,-31.1442,2.5));
#16141 = LINE('',#16142,#16143);
#16142 = CARTESIAN_POINT('',(-61.0893,-28.2674,2.5));
#16143 = VECTOR('',#16144,1.);
#16144 = DIRECTION('',(-0.98480712771,-0.173651723895,-0.));
#16145 = ORIENTED_EDGE('',*,*,#16124,.T.);
#16146 = ORIENTED_EDGE('',*,*,#2691,.F.);
#16147 = ORIENTED_EDGE('',*,*,#16148,.F.);
#16148 = EDGE_CURVE('',#16139,#2684,#16149,.T.);
#16149 = LINE('',#16150,#16151);
#16150 = CARTESIAN_POINT('',(-77.4041,-31.1442,2.5));
#16151 = VECTOR('',#16152,1.);
#16152 = DIRECTION('',(0.,0.,1.));
#16153 = PLANE('',#16154);
#16154 = AXIS2_PLACEMENT_3D('',#16155,#16156,#16157);
#16155 = CARTESIAN_POINT('',(-61.0893,-28.2674,2.5));
#16156 = DIRECTION('',(-0.173651723895,0.98480712771,0.));
#16157 = DIRECTION('',(0.98480712771,0.173651723895,0.));
#16158 = ADVANCED_FACE('',(#16159),#16177,.T.);
#16159 = FACE_BOUND('',#16160,.F.);
#16160 = EDGE_LOOP('',(#16161,#16169,#16170,#16171));
#16161 = ORIENTED_EDGE('',*,*,#16162,.F.);
#16162 = EDGE_CURVE('',#16139,#16163,#16165,.T.);
#16163 = VERTEX_POINT('',#16164);
#16164 = CARTESIAN_POINT('',(-79.2747,-31.6673,2.5));
#16165 = LINE('',#16166,#16167);
#16166 = CARTESIAN_POINT('',(-77.4041,-31.1442,2.5));
#16167 = VECTOR('',#16168,1.);
#16168 = DIRECTION('',(-0.963053261259,-0.269311002333,-0.));
#16169 = ORIENTED_EDGE('',*,*,#16148,.T.);
#16170 = ORIENTED_EDGE('',*,*,#2683,.F.);
#16171 = ORIENTED_EDGE('',*,*,#16172,.F.);
#16172 = EDGE_CURVE('',#16163,#2676,#16173,.T.);
#16173 = LINE('',#16174,#16175);
#16174 = CARTESIAN_POINT('',(-79.2747,-31.6673,2.5));
#16175 = VECTOR('',#16176,1.);
#16176 = DIRECTION('',(0.,0.,1.));
#16177 = PLANE('',#16178);
#16178 = AXIS2_PLACEMENT_3D('',#16179,#16180,#16181);
#16179 = CARTESIAN_POINT('',(-77.4041,-31.1442,2.5));
#16180 = DIRECTION('',(-0.269311002333,0.963053261259,0.));
#16181 = DIRECTION('',(0.963053261259,0.269311002333,0.));
#16182 = ADVANCED_FACE('',(#16183),#16201,.T.);
#16183 = FACE_BOUND('',#16184,.F.);
#16184 = EDGE_LOOP('',(#16185,#16193,#16194,#16195));
#16185 = ORIENTED_EDGE('',*,*,#16186,.F.);
#16186 = EDGE_CURVE('',#16163,#16187,#16189,.T.);
#16187 = VERTEX_POINT('',#16188);
#16188 = CARTESIAN_POINT('',(-94.9185,-37.9878,2.5));
#16189 = LINE('',#16190,#16191);
#16190 = CARTESIAN_POINT('',(-79.2747,-31.6673,2.5));
#16191 = VECTOR('',#16192,1.);
#16192 = DIRECTION('',(-0.927183967206,-0.374606314625,-0.));
#16193 = ORIENTED_EDGE('',*,*,#16172,.T.);
#16194 = ORIENTED_EDGE('',*,*,#2675,.F.);
#16195 = ORIENTED_EDGE('',*,*,#16196,.F.);
#16196 = EDGE_CURVE('',#16187,#2668,#16197,.T.);
#16197 = LINE('',#16198,#16199);
#16198 = CARTESIAN_POINT('',(-94.9185,-37.9878,2.5));
#16199 = VECTOR('',#16200,1.);
#16200 = DIRECTION('',(0.,0.,1.));
#16201 = PLANE('',#16202);
#16202 = AXIS2_PLACEMENT_3D('',#16203,#16204,#16205);
#16203 = CARTESIAN_POINT('',(-79.2747,-31.6673,2.5));
#16204 = DIRECTION('',(-0.374606314625,0.927183967206,0.));
#16205 = DIRECTION('',(0.927183967206,0.374606314625,0.));
#16206 = ADVANCED_FACE('',(#16207),#16225,.T.);
#16207 = FACE_BOUND('',#16208,.F.);
#16208 = EDGE_LOOP('',(#16209,#16217,#16218,#16219));
#16209 = ORIENTED_EDGE('',*,*,#16210,.F.);
#16210 = EDGE_CURVE('',#16187,#16211,#16213,.T.);
#16211 = VERTEX_POINT('',#16212);
#16212 = CARTESIAN_POINT('',(-96.6395,-38.8885,2.5));
#16213 = LINE('',#16214,#16215);
#16214 = CARTESIAN_POINT('',(-94.9185,-37.9878,2.5));
#16215 = VECTOR('',#16216,1.);
#16216 = DIRECTION('',(-0.885995725757,-0.463693405107,-0.));
#16217 = ORIENTED_EDGE('',*,*,#16196,.T.);
#16218 = ORIENTED_EDGE('',*,*,#2667,.F.);
#16219 = ORIENTED_EDGE('',*,*,#16220,.F.);
#16220 = EDGE_CURVE('',#16211,#2660,#16221,.T.);
#16221 = LINE('',#16222,#16223);
#16222 = CARTESIAN_POINT('',(-96.6395,-38.8885,2.5));
#16223 = VECTOR('',#16224,1.);
#16224 = DIRECTION('',(0.,0.,1.));
#16225 = PLANE('',#16226);
#16226 = AXIS2_PLACEMENT_3D('',#16227,#16228,#16229);
#16227 = CARTESIAN_POINT('',(-94.9185,-37.9878,2.5));
#16228 = DIRECTION('',(-0.463693405107,0.885995725757,0.));
#16229 = DIRECTION('',(0.885995725757,0.463693405107,0.));
#16230 = ADVANCED_FACE('',(#16231),#16265,.T.);
#16231 = FACE_BOUND('',#16232,.F.);
#16232 = EDGE_LOOP('',(#16233,#16241,#16242,#16243,#16251,#16259));
#16233 = ORIENTED_EDGE('',*,*,#16234,.F.);
#16234 = EDGE_CURVE('',#16211,#16235,#16237,.T.);
#16235 = VERTEX_POINT('',#16236);
#16236 = CARTESIAN_POINT('',(-109.1332483067,-47.31584236176,2.5));
#16237 = LINE('',#16238,#16239);
#16238 = CARTESIAN_POINT('',(-96.6395,-38.8885,2.5));
#16239 = VECTOR('',#16240,1.);
#16240 = DIRECTION('',(-0.82903133639,-0.559202148855,-0.));
#16241 = ORIENTED_EDGE('',*,*,#16220,.T.);
#16242 = ORIENTED_EDGE('',*,*,#2659,.F.);
#16243 = ORIENTED_EDGE('',*,*,#16244,.F.);
#16244 = EDGE_CURVE('',#16245,#2652,#16247,.T.);
#16245 = VERTEX_POINT('',#16246);
#16246 = CARTESIAN_POINT('',(-110.29,-48.0961,6.1));
#16247 = LINE('',#16248,#16249);
#16248 = CARTESIAN_POINT('',(-110.29,-48.0961,2.5));
#16249 = VECTOR('',#16250,1.);
#16250 = DIRECTION('',(0.,0.,1.));
#16251 = ORIENTED_EDGE('',*,*,#16252,.F.);
#16252 = EDGE_CURVE('',#16253,#16245,#16255,.T.);
#16253 = VERTEX_POINT('',#16254);
#16254 = CARTESIAN_POINT('',(-109.1332483067,-47.31584236176,6.1));
#16255 = LINE('',#16256,#16257);
#16256 = CARTESIAN_POINT('',(-104.0764692956,-43.90491980048,6.1));
#16257 = VECTOR('',#16258,1.);
#16258 = DIRECTION('',(-0.82903133639,-0.559202148855,-0.));
#16259 = ORIENTED_EDGE('',*,*,#16260,.T.);
#16260 = EDGE_CURVE('',#16253,#16235,#16261,.T.);
#16261 = LINE('',#16262,#16263);
#16262 = CARTESIAN_POINT('',(-109.1332483067,-47.31584236176,0.));
#16263 = VECTOR('',#16264,1.);
#16264 = DIRECTION('',(0.,0.,-1.));
#16265 = PLANE('',#16266);
#16266 = AXIS2_PLACEMENT_3D('',#16267,#16268,#16269);
#16267 = CARTESIAN_POINT('',(-96.6395,-38.8885,2.5));
#16268 = DIRECTION('',(-0.559202148855,0.82903133639,0.));
#16269 = DIRECTION('',(0.82903133639,0.559202148855,0.));
#16270 = ADVANCED_FACE('',(#16271),#16305,.T.);
#16271 = FACE_BOUND('',#16272,.F.);
#16272 = EDGE_LOOP('',(#16273,#16281,#16282,#16283,#16291,#16299));
#16273 = ORIENTED_EDGE('',*,*,#16274,.F.);
#16274 = EDGE_CURVE('',#16245,#16275,#16277,.T.);
#16275 = VERTEX_POINT('',#16276);
#16276 = CARTESIAN_POINT('',(-110.3515142488,-48.12932660946,6.1));
#16277 = LINE('',#16278,#16279);
#16278 = CARTESIAN_POINT('',(-110.9736121976,-48.46534966095,6.1));
#16279 = VECTOR('',#16280,1.);
#16280 = DIRECTION('',(-0.879852079956,-0.475247637971,-0.));
#16281 = ORIENTED_EDGE('',*,*,#16244,.T.);
#16282 = ORIENTED_EDGE('',*,*,#2651,.F.);
#16283 = ORIENTED_EDGE('',*,*,#16284,.F.);
#16284 = EDGE_CURVE('',#16285,#2644,#16287,.T.);
#16285 = VERTEX_POINT('',#16286);
#16286 = CARTESIAN_POINT('',(-110.98,-48.4688,7.1));
#16287 = LINE('',#16288,#16289);
#16288 = CARTESIAN_POINT('',(-110.98,-48.4688,2.5));
#16289 = VECTOR('',#16290,1.);
#16290 = DIRECTION('',(0.,0.,1.));
#16291 = ORIENTED_EDGE('',*,*,#16292,.F.);
#16292 = EDGE_CURVE('',#16293,#16285,#16295,.T.);
#16293 = VERTEX_POINT('',#16294);
#16294 = CARTESIAN_POINT('',(-110.3515142488,-48.12932660946,7.1));
#16295 = LINE('',#16296,#16297);
#16296 = CARTESIAN_POINT('',(-110.9736121976,-48.46534966095,7.1));
#16297 = VECTOR('',#16298,1.);
#16298 = DIRECTION('',(-0.879852079956,-0.475247637971,-0.));
#16299 = ORIENTED_EDGE('',*,*,#16300,.T.);
#16300 = EDGE_CURVE('',#16293,#16275,#16301,.T.);
#16301 = LINE('',#16302,#16303);
#16302 = CARTESIAN_POINT('',(-110.3515142488,-48.12932660946,1.1));
#16303 = VECTOR('',#16304,1.);
#16304 = DIRECTION('',(0.,0.,-1.));
#16305 = PLANE('',#16306);
#16306 = AXIS2_PLACEMENT_3D('',#16307,#16308,#16309);
#16307 = CARTESIAN_POINT('',(-110.29,-48.0961,2.5));
#16308 = DIRECTION('',(-0.475247637971,0.879852079956,0.));
#16309 = DIRECTION('',(0.879852079956,0.475247637971,0.));
#16310 = ADVANCED_FACE('',(#16311),#16329,.T.);
#16311 = FACE_BOUND('',#16312,.F.);
#16312 = EDGE_LOOP('',(#16313,#16321,#16322,#16323));
#16313 = ORIENTED_EDGE('',*,*,#16314,.F.);
#16314 = EDGE_CURVE('',#16285,#16315,#16317,.T.);
#16315 = VERTEX_POINT('',#16316);
#16316 = CARTESIAN_POINT('',(-111.73,-48.6997,7.1));
#16317 = LINE('',#16318,#16319);
#16318 = CARTESIAN_POINT('',(-111.4080512188,-48.6005827019,7.1));
#16319 = VECTOR('',#16320,1.);
#16320 = DIRECTION('',(-0.955732157113,-0.294238073437,-0.));
#16321 = ORIENTED_EDGE('',*,*,#16284,.T.);
#16322 = ORIENTED_EDGE('',*,*,#2643,.F.);
#16323 = ORIENTED_EDGE('',*,*,#16324,.F.);
#16324 = EDGE_CURVE('',#16315,#2636,#16325,.T.);
#16325 = LINE('',#16326,#16327);
#16326 = CARTESIAN_POINT('',(-111.73,-48.6997,2.5));
#16327 = VECTOR('',#16328,1.);
#16328 = DIRECTION('',(0.,0.,1.));
#16329 = PLANE('',#16330);
#16330 = AXIS2_PLACEMENT_3D('',#16331,#16332,#16333);
#16331 = CARTESIAN_POINT('',(-110.98,-48.4688,2.5));
#16332 = DIRECTION('',(-0.294238073437,0.955732157113,0.));
#16333 = DIRECTION('',(0.955732157113,0.294238073437,0.));
#16334 = ADVANCED_FACE('',(#16335),#16353,.T.);
#16335 = FACE_BOUND('',#16336,.F.);
#16336 = EDGE_LOOP('',(#16337,#16345,#16346,#16347));
#16337 = ORIENTED_EDGE('',*,*,#16338,.F.);
#16338 = EDGE_CURVE('',#16315,#16339,#16341,.T.);
#16339 = VERTEX_POINT('',#16340);
#16340 = CARTESIAN_POINT('',(-112.51,-48.78,7.1));
#16341 = LINE('',#16342,#16343);
#16342 = CARTESIAN_POINT('',(-111.83813223,-48.71083207445,7.1));
#16343 = VECTOR('',#16344,1.);
#16344 = DIRECTION('',(-0.994742534713,-0.102407468638,-0.));
#16345 = ORIENTED_EDGE('',*,*,#16324,.T.);
#16346 = ORIENTED_EDGE('',*,*,#2635,.F.);
#16347 = ORIENTED_EDGE('',*,*,#16348,.F.);
#16348 = EDGE_CURVE('',#16339,#2628,#16349,.T.);
#16349 = LINE('',#16350,#16351);
#16350 = CARTESIAN_POINT('',(-112.51,-48.78,2.5));
#16351 = VECTOR('',#16352,1.);
#16352 = DIRECTION('',(0.,0.,1.));
#16353 = PLANE('',#16354);
#16354 = AXIS2_PLACEMENT_3D('',#16355,#16356,#16357);
#16355 = CARTESIAN_POINT('',(-111.73,-48.6997,2.5));
#16356 = DIRECTION('',(-0.102407468638,0.994742534713,0.));
#16357 = DIRECTION('',(0.994742534713,0.102407468638,0.));
#16358 = ADVANCED_FACE('',(#16359),#16377,.T.);
#16359 = FACE_BOUND('',#16360,.F.);
#16360 = EDGE_LOOP('',(#16361,#16369,#16370,#16371));
#16361 = ORIENTED_EDGE('',*,*,#16362,.F.);
#16362 = EDGE_CURVE('',#16339,#16363,#16365,.T.);
#16363 = VERTEX_POINT('',#16364);
#16364 = CARTESIAN_POINT('',(-113.29,-48.7065,7.1));
#16365 = LINE('',#16366,#16367);
#16366 = CARTESIAN_POINT('',(-112.2843307392,-48.80126498803,7.1));
#16367 = VECTOR('',#16368,1.);
#16368 = DIRECTION('',(-0.995589630628,9.381517673229E-02,0.));
#16369 = ORIENTED_EDGE('',*,*,#16348,.T.);
#16370 = ORIENTED_EDGE('',*,*,#2627,.F.);
#16371 = ORIENTED_EDGE('',*,*,#16372,.F.);
#16372 = EDGE_CURVE('',#16363,#2620,#16373,.T.);
#16373 = LINE('',#16374,#16375);
#16374 = CARTESIAN_POINT('',(-113.29,-48.7065,2.5));
#16375 = VECTOR('',#16376,1.);
#16376 = DIRECTION('',(0.,0.,1.));
#16377 = PLANE('',#16378);
#16378 = AXIS2_PLACEMENT_3D('',#16379,#16380,#16381);
#16379 = CARTESIAN_POINT('',(-112.51,-48.78,2.5));
#16380 = DIRECTION('',(9.381517673229E-02,0.995589630628,0.));
#16381 = DIRECTION('',(0.995589630628,-9.381517673229E-02,0.));
#16382 = ADVANCED_FACE('',(#16383),#16410,.T.);
#16383 = FACE_BOUND('',#16384,.F.);
#16384 = EDGE_LOOP('',(#16385,#16393,#16401,#16407,#16408,#16409));
#16385 = ORIENTED_EDGE('',*,*,#16386,.F.);
#16386 = EDGE_CURVE('',#16387,#11508,#16389,.T.);
#16387 = VERTEX_POINT('',#16388);
#16388 = CARTESIAN_POINT('',(-113.5969740362,-48.61493846232,6.1));
#16389 = LINE('',#16390,#16391);
#16390 = CARTESIAN_POINT('',(-112.7670608746,-48.86247772051,6.1));
#16391 = VECTOR('',#16392,1.);
#16392 = DIRECTION('',(-0.958281025178,0.285827704717,0.));
#16393 = ORIENTED_EDGE('',*,*,#16394,.F.);
#16394 = EDGE_CURVE('',#16395,#16387,#16397,.T.);
#16395 = VERTEX_POINT('',#16396);
#16396 = CARTESIAN_POINT('',(-113.5969740362,-48.61493846232,7.1));
#16397 = LINE('',#16398,#16399);
#16398 = CARTESIAN_POINT('',(-113.5969740362,-48.61493846232,1.1));
#16399 = VECTOR('',#16400,1.);
#16400 = DIRECTION('',(0.,0.,-1.));
#16401 = ORIENTED_EDGE('',*,*,#16402,.F.);
#16402 = EDGE_CURVE('',#16363,#16395,#16403,.T.);
#16403 = LINE('',#16404,#16405);
#16404 = CARTESIAN_POINT('',(-112.7670608746,-48.86247772051,7.1));
#16405 = VECTOR('',#16406,1.);
#16406 = DIRECTION('',(-0.958281025178,0.285827704717,0.));
#16407 = ORIENTED_EDGE('',*,*,#16372,.T.);
#16408 = ORIENTED_EDGE('',*,*,#2619,.F.);
#16409 = ORIENTED_EDGE('',*,*,#11517,.F.);
#16410 = PLANE('',#16411);
#16411 = AXIS2_PLACEMENT_3D('',#16412,#16413,#16414);
#16412 = CARTESIAN_POINT('',(-113.29,-48.7065,2.5));
#16413 = DIRECTION('',(0.285827704717,0.958281025178,0.));
#16414 = DIRECTION('',(0.958281025178,-0.285827704717,0.));
#16415 = ADVANCED_FACE('',(#16416),#16434,.T.);
#16416 = FACE_BOUND('',#16417,.T.);
#16417 = EDGE_LOOP('',(#16418,#16425,#16426,#16433));
#16418 = ORIENTED_EDGE('',*,*,#16419,.F.);
#16419 = EDGE_CURVE('',#4198,#4154,#16420,.T.);
#16420 = CIRCLE('',#16421,3.);
#16421 = AXIS2_PLACEMENT_3D('',#16422,#16423,#16424);
#16422 = CARTESIAN_POINT('',(-112.,-48.2,0.));
#16423 = DIRECTION('',(0.,0.,-1.));
#16424 = DIRECTION('',(-1.,-0.,-0.));
#16425 = ORIENTED_EDGE('',*,*,#4228,.F.);
#16426 = ORIENTED_EDGE('',*,*,#16427,.T.);
#16427 = EDGE_CURVE('',#4221,#4173,#16428,.T.);
#16428 = CIRCLE('',#16429,3.);
#16429 = AXIS2_PLACEMENT_3D('',#16430,#16431,#16432);
#16430 = CARTESIAN_POINT('',(-112.,-48.2,6.1));
#16431 = DIRECTION('',(0.,0.,-1.));
#16432 = DIRECTION('',(-1.,-0.,-0.));
#16433 = ORIENTED_EDGE('',*,*,#4181,.T.);
#16434 = CYLINDRICAL_SURFACE('',#16435,3.);
#16435 = AXIS2_PLACEMENT_3D('',#16436,#16437,#16438);
#16436 = CARTESIAN_POINT('',(-112.,-48.2,0.));
#16437 = DIRECTION('',(0.,0.,-1.));
#16438 = DIRECTION('',(-1.,-0.,-0.));
#16439 = ADVANCED_FACE('',(#16440),#16447,.T.);
#16440 = FACE_BOUND('',#16441,.F.);
#16441 = EDGE_LOOP('',(#16442,#16443,#16444,#16445,#16446));
#16442 = ORIENTED_EDGE('',*,*,#16427,.T.);
#16443 = ORIENTED_EDGE('',*,*,#4172,.T.);
#16444 = ORIENTED_EDGE('',*,*,#11258,.F.);
#16445 = ORIENTED_EDGE('',*,*,#11282,.T.);
#16446 = ORIENTED_EDGE('',*,*,#4220,.F.);
#16447 = PLANE('',#16448);
#16448 = AXIS2_PLACEMENT_3D('',#16449,#16450,#16451);
#16449 = CARTESIAN_POINT('',(-112.,-48.2,6.1));
#16450 = DIRECTION('',(0.,0.,1.));
#16451 = DIRECTION('',(1.,0.,0.));
#16452 = ADVANCED_FACE('',(#16453),#16471,.T.);
#16453 = FACE_BOUND('',#16454,.T.);
#16454 = EDGE_LOOP('',(#16455,#16462,#16463,#16470));
#16455 = ORIENTED_EDGE('',*,*,#16456,.F.);
#16456 = EDGE_CURVE('',#6535,#6551,#16457,.T.);
#16457 = CIRCLE('',#16458,3.);
#16458 = AXIS2_PLACEMENT_3D('',#16459,#16460,#16461);
#16459 = CARTESIAN_POINT('',(11.5,22.,0.));
#16460 = DIRECTION('',(0.,0.,-1.));
#16461 = DIRECTION('',(-1.,-0.,-0.));
#16462 = ORIENTED_EDGE('',*,*,#6574,.F.);
#16463 = ORIENTED_EDGE('',*,*,#16464,.T.);
#16464 = EDGE_CURVE('',#6567,#6559,#16465,.T.);
#16465 = CIRCLE('',#16466,3.);
#16466 = AXIS2_PLACEMENT_3D('',#16467,#16468,#16469);
#16467 = CARTESIAN_POINT('',(11.5,22.,6.1));
#16468 = DIRECTION('',(0.,0.,-1.));
#16469 = DIRECTION('',(-1.,-0.,-0.));
#16470 = ORIENTED_EDGE('',*,*,#6558,.T.);
#16471 = CYLINDRICAL_SURFACE('',#16472,3.);
#16472 = AXIS2_PLACEMENT_3D('',#16473,#16474,#16475);
#16473 = CARTESIAN_POINT('',(11.5,22.,0.));
#16474 = DIRECTION('',(0.,0.,-1.));
#16475 = DIRECTION('',(-1.,-0.,-0.));
#16476 = ADVANCED_FACE('',(#16477),#16481,.T.);
#16477 = FACE_BOUND('',#16478,.F.);
#16478 = EDGE_LOOP('',(#16479,#16480));
#16479 = ORIENTED_EDGE('',*,*,#6566,.F.);
#16480 = ORIENTED_EDGE('',*,*,#16464,.T.);
#16481 = PLANE('',#16482);
#16482 = AXIS2_PLACEMENT_3D('',#16483,#16484,#16485);
#16483 = CARTESIAN_POINT('',(11.5,22.,6.1));
#16484 = DIRECTION('',(0.,0.,1.));
#16485 = DIRECTION('',(1.,0.,0.));
#16486 = ADVANCED_FACE('',(#16487),#16505,.T.);
#16487 = FACE_BOUND('',#16488,.T.);
#16488 = EDGE_LOOP('',(#16489,#16496,#16497,#16504));
#16489 = ORIENTED_EDGE('',*,*,#16490,.F.);
#16490 = EDGE_CURVE('',#8054,#8070,#16491,.T.);
#16491 = CIRCLE('',#16492,3.);
#16492 = AXIS2_PLACEMENT_3D('',#16493,#16494,#16495);
#16493 = CARTESIAN_POINT('',(-38.1,66.,0.));
#16494 = DIRECTION('',(0.,0.,-1.));
#16495 = DIRECTION('',(-1.,-0.,-0.));
#16496 = ORIENTED_EDGE('',*,*,#8093,.F.);
#16497 = ORIENTED_EDGE('',*,*,#16498,.T.);
#16498 = EDGE_CURVE('',#8086,#8078,#16499,.T.);
#16499 = CIRCLE('',#16500,3.);
#16500 = AXIS2_PLACEMENT_3D('',#16501,#16502,#16503);
#16501 = CARTESIAN_POINT('',(-38.1,66.,6.1));
#16502 = DIRECTION('',(0.,0.,-1.));
#16503 = DIRECTION('',(-1.,-0.,-0.));
#16504 = ORIENTED_EDGE('',*,*,#8077,.T.);
#16505 = CYLINDRICAL_SURFACE('',#16506,3.);
#16506 = AXIS2_PLACEMENT_3D('',#16507,#16508,#16509);
#16507 = CARTESIAN_POINT('',(-38.1,66.,0.));
#16508 = DIRECTION('',(0.,0.,-1.));
#16509 = DIRECTION('',(-1.,-0.,-0.));
#16510 = ADVANCED_FACE('',(#16511),#16515,.T.);
#16511 = FACE_BOUND('',#16512,.F.);
#16512 = EDGE_LOOP('',(#16513,#16514));
#16513 = ORIENTED_EDGE('',*,*,#8085,.F.);
#16514 = ORIENTED_EDGE('',*,*,#16498,.T.);
#16515 = PLANE('',#16516);
#16516 = AXIS2_PLACEMENT_3D('',#16517,#16518,#16519);
#16517 = CARTESIAN_POINT('',(-38.1,66.,6.1));
#16518 = DIRECTION('',(0.,0.,1.));
#16519 = DIRECTION('',(1.,0.,0.));
#16520 = ADVANCED_FACE('',(#16521),#16539,.T.);
#16521 = FACE_BOUND('',#16522,.T.);
#16522 = EDGE_LOOP('',(#16523,#16530,#16531,#16538));
#16523 = ORIENTED_EDGE('',*,*,#16524,.F.);
#16524 = EDGE_CURVE('',#8914,#8930,#16525,.T.);
#16525 = CIRCLE('',#16526,3.);
#16526 = AXIS2_PLACEMENT_3D('',#16527,#16528,#16529);
#16527 = CARTESIAN_POINT('',(-76.2,57.1,0.));
#16528 = DIRECTION('',(0.,0.,-1.));
#16529 = DIRECTION('',(-1.,-0.,-0.));
#16530 = ORIENTED_EDGE('',*,*,#8953,.F.);
#16531 = ORIENTED_EDGE('',*,*,#16532,.T.);
#16532 = EDGE_CURVE('',#8946,#8938,#16533,.T.);
#16533 = CIRCLE('',#16534,3.);
#16534 = AXIS2_PLACEMENT_3D('',#16535,#16536,#16537);
#16535 = CARTESIAN_POINT('',(-76.2,57.1,6.1));
#16536 = DIRECTION('',(0.,0.,-1.));
#16537 = DIRECTION('',(-1.,-0.,-0.));
#16538 = ORIENTED_EDGE('',*,*,#8937,.T.);
#16539 = CYLINDRICAL_SURFACE('',#16540,3.);
#16540 = AXIS2_PLACEMENT_3D('',#16541,#16542,#16543);
#16541 = CARTESIAN_POINT('',(-76.2,57.1,0.));
#16542 = DIRECTION('',(0.,0.,-1.));
#16543 = DIRECTION('',(-1.,-0.,-0.));
#16544 = ADVANCED_FACE('',(#16545),#16549,.T.);
#16545 = FACE_BOUND('',#16546,.F.);
#16546 = EDGE_LOOP('',(#16547,#16548));
#16547 = ORIENTED_EDGE('',*,*,#8945,.F.);
#16548 = ORIENTED_EDGE('',*,*,#16532,.T.);
#16549 = PLANE('',#16550);
#16550 = AXIS2_PLACEMENT_3D('',#16551,#16552,#16553);
#16551 = CARTESIAN_POINT('',(-76.2,57.1,6.1));
#16552 = DIRECTION('',(0.,0.,1.));
#16553 = DIRECTION('',(1.,0.,0.));
#16554 = ADVANCED_FACE('',(#16555),#16573,.T.);
#16555 = FACE_BOUND('',#16556,.T.);
#16556 = EDGE_LOOP('',(#16557,#16564,#16565,#16572));
#16557 = ORIENTED_EDGE('',*,*,#16558,.F.);
#16558 = EDGE_CURVE('',#9377,#9333,#16559,.T.);
#16559 = CIRCLE('',#16560,3.);
#16560 = AXIS2_PLACEMENT_3D('',#16561,#16562,#16563);
#16561 = CARTESIAN_POINT('',(-119.,60.5,0.));
#16562 = DIRECTION('',(0.,0.,-1.));
#16563 = DIRECTION('',(-1.,-0.,-0.));
#16564 = ORIENTED_EDGE('',*,*,#9407,.F.);
#16565 = ORIENTED_EDGE('',*,*,#16566,.T.);
#16566 = EDGE_CURVE('',#9400,#9352,#16567,.T.);
#16567 = CIRCLE('',#16568,3.);
#16568 = AXIS2_PLACEMENT_3D('',#16569,#16570,#16571);
#16569 = CARTESIAN_POINT('',(-119.,60.5,6.1));
#16570 = DIRECTION('',(0.,0.,-1.));
#16571 = DIRECTION('',(-1.,-0.,-0.));
#16572 = ORIENTED_EDGE('',*,*,#9360,.T.);
#16573 = CYLINDRICAL_SURFACE('',#16574,3.);
#16574 = AXIS2_PLACEMENT_3D('',#16575,#16576,#16577);
#16575 = CARTESIAN_POINT('',(-119.,60.5,0.));
#16576 = DIRECTION('',(0.,0.,-1.));
#16577 = DIRECTION('',(-1.,-0.,-0.));
#16578 = ADVANCED_FACE('',(#16579),#16588,.T.);
#16579 = FACE_BOUND('',#16580,.F.);
#16580 = EDGE_LOOP('',(#16581,#16582,#16583,#16584,#16585,#16586,#16587)
  );
#16581 = ORIENTED_EDGE('',*,*,#9399,.F.);
#16582 = ORIENTED_EDGE('',*,*,#16566,.T.);
#16583 = ORIENTED_EDGE('',*,*,#9351,.T.);
#16584 = ORIENTED_EDGE('',*,*,#11490,.F.);
#16585 = ORIENTED_EDGE('',*,*,#11465,.T.);
#16586 = ORIENTED_EDGE('',*,*,#11441,.F.);
#16587 = ORIENTED_EDGE('',*,*,#11416,.T.);
#16588 = PLANE('',#16589);
#16589 = AXIS2_PLACEMENT_3D('',#16590,#16591,#16592);
#16590 = CARTESIAN_POINT('',(-119.,60.5,6.1));
#16591 = DIRECTION('',(0.,0.,1.));
#16592 = DIRECTION('',(1.,0.,0.));
#16593 = ADVANCED_FACE('',(#16594),#16610,.T.);
#16594 = FACE_BOUND('',#16595,.F.);
#16595 = EDGE_LOOP('',(#16596,#16603,#16604,#16605,#16606,#16607,#16608,
    #16609));
#16596 = ORIENTED_EDGE('',*,*,#16597,.T.);
#16597 = EDGE_CURVE('',#10002,#9939,#16598,.T.);
#16598 = CIRCLE('',#16599,3.);
#16599 = AXIS2_PLACEMENT_3D('',#16600,#16601,#16602);
#16600 = CARTESIAN_POINT('',(-119.5,9.2,6.1));
#16601 = DIRECTION('',(0.,0.,-1.));
#16602 = DIRECTION('',(-1.,-0.,-0.));
#16603 = ORIENTED_EDGE('',*,*,#9936,.F.);
#16604 = ORIENTED_EDGE('',*,*,#11398,.T.);
#16605 = ORIENTED_EDGE('',*,*,#11374,.F.);
#16606 = ORIENTED_EDGE('',*,*,#11349,.T.);
#16607 = ORIENTED_EDGE('',*,*,#11325,.F.);
#16608 = ORIENTED_EDGE('',*,*,#11300,.T.);
#16609 = ORIENTED_EDGE('',*,*,#10001,.F.);
#16610 = PLANE('',#16611);
#16611 = AXIS2_PLACEMENT_3D('',#16612,#16613,#16614);
#16612 = CARTESIAN_POINT('',(-119.5,9.2,6.1));
#16613 = DIRECTION('',(0.,0.,1.));
#16614 = DIRECTION('',(1.,0.,0.));
#16615 = ADVANCED_FACE('',(#16616),#16628,.T.);
#16616 = FACE_BOUND('',#16617,.T.);
#16617 = EDGE_LOOP('',(#16618,#16625,#16626,#16627));
#16618 = ORIENTED_EDGE('',*,*,#16619,.F.);
#16619 = EDGE_CURVE('',#9979,#9955,#16620,.T.);
#16620 = CIRCLE('',#16621,3.);
#16621 = AXIS2_PLACEMENT_3D('',#16622,#16623,#16624);
#16622 = CARTESIAN_POINT('',(-119.5,9.2,0.));
#16623 = DIRECTION('',(0.,0.,-1.));
#16624 = DIRECTION('',(-1.,-0.,-0.));
#16625 = ORIENTED_EDGE('',*,*,#10009,.F.);
#16626 = ORIENTED_EDGE('',*,*,#16597,.T.);
#16627 = ORIENTED_EDGE('',*,*,#9962,.T.);
#16628 = CYLINDRICAL_SURFACE('',#16629,3.);
#16629 = AXIS2_PLACEMENT_3D('',#16630,#16631,#16632);
#16630 = CARTESIAN_POINT('',(-119.5,9.2,0.));
#16631 = DIRECTION('',(0.,0.,-1.));
#16632 = DIRECTION('',(-1.,-0.,-0.));
#16633 = ADVANCED_FACE('',(#16634),#16664,.T.);
#16634 = FACE_BOUND('',#16635,.F.);
#16635 = EDGE_LOOP('',(#16636,#16637,#16638,#16645,#16646,#16647,#16656,
    #16663));
#16636 = ORIENTED_EDGE('',*,*,#11507,.T.);
#16637 = ORIENTED_EDGE('',*,*,#11556,.T.);
#16638 = ORIENTED_EDGE('',*,*,#16639,.T.);
#16639 = EDGE_CURVE('',#11549,#16253,#16640,.T.);
#16640 = CIRCLE('',#16641,3.);
#16641 = AXIS2_PLACEMENT_3D('',#16642,#16643,#16644);
#16642 = CARTESIAN_POINT('',(-112.,-48.2,6.1));
#16643 = DIRECTION('',(0.,0.,-1.));
#16644 = DIRECTION('',(-1.,-0.,-0.));
#16645 = ORIENTED_EDGE('',*,*,#16252,.T.);
#16646 = ORIENTED_EDGE('',*,*,#16274,.T.);
#16647 = ORIENTED_EDGE('',*,*,#16648,.T.);
#16648 = EDGE_CURVE('',#16275,#16649,#16651,.T.);
#16649 = VERTEX_POINT('',#16650);
#16650 = CARTESIAN_POINT('',(-113.65,-48.2,6.1));
#16651 = CIRCLE('',#16652,1.65);
#16652 = AXIS2_PLACEMENT_3D('',#16653,#16654,#16655);
#16653 = CARTESIAN_POINT('',(-112.,-48.2,6.1));
#16654 = DIRECTION('',(0.,0.,1.));
#16655 = DIRECTION('',(-1.,-0.,-0.));
#16656 = ORIENTED_EDGE('',*,*,#16657,.T.);
#16657 = EDGE_CURVE('',#16649,#16387,#16658,.T.);
#16658 = CIRCLE('',#16659,1.65);
#16659 = AXIS2_PLACEMENT_3D('',#16660,#16661,#16662);
#16660 = CARTESIAN_POINT('',(-112.,-48.2,6.1));
#16661 = DIRECTION('',(0.,0.,1.));
#16662 = DIRECTION('',(-1.,-0.,-0.));
#16663 = ORIENTED_EDGE('',*,*,#16386,.T.);
#16664 = PLANE('',#16665);
#16665 = AXIS2_PLACEMENT_3D('',#16666,#16667,#16668);
#16666 = CARTESIAN_POINT('',(-112.,-48.2,6.1));
#16667 = DIRECTION('',(0.,0.,1.));
#16668 = DIRECTION('',(1.,0.,0.));
#16669 = ADVANCED_FACE('',(#16670,#16925,#16936),#16970,.T.);
#16670 = FACE_BOUND('',#16671,.F.);
#16671 = EDGE_LOOP('',(#16672,#16679,#16680,#16681,#16682,#16683,#16684,
    #16685,#16686,#16687,#16688,#16689,#16690,#16691,#16692,#16693,
    #16694,#16695,#16696,#16697,#16698,#16699,#16700,#16701,#16702,
    #16703,#16704,#16705,#16706,#16707,#16708,#16709,#16710,#16711,
    #16712,#16719,#16720,#16721,#16722,#16723,#16724,#16725,#16732,
    #16733,#16734,#16735,#16736,#16737,#16738,#16739,#16740,#16741,
    #16742,#16743,#16752,#16759,#16760,#16761,#16762,#16763,#16764,
    #16765,#16766,#16767,#16768,#16769,#16770,#16771,#16772,#16773,
    #16774,#16775,#16776,#16777,#16778,#16779,#16780,#16789,#16796,
    #16797,#16798,#16799,#16800,#16801,#16802,#16803,#16804,#16805,
    #16806,#16807,#16808,#16809,#16810,#16811,#16812,#16813,#16814,
    #16815,#16816,#16817,#16818,#16819,#16820,#16821,#16822,#16823,
    #16824,#16825,#16826,#16827,#16828,#16829,#16830,#16831,#16832,
    #16833,#16834,#16835,#16844,#16851,#16852,#16853,#16854,#16855,
    #16856,#16857,#16858,#16859,#16860,#16861,#16870,#16877,#16878,
    #16879,#16880,#16881,#16882,#16883,#16884,#16885,#16886,#16887,
    #16888,#16889,#16890,#16891,#16892,#16893,#16894,#16895,#16896,
    #16897,#16898,#16899,#16900,#16901,#16902,#16903,#16904,#16905,
    #16906,#16907,#16908,#16909,#16910,#16911,#16912,#16913,#16914,
    #16915,#16916,#16917,#16918,#16919,#16920,#16921,#16922,#16923,
    #16924));
#16672 = ORIENTED_EDGE('',*,*,#16673,.T.);
#16673 = EDGE_CURVE('',#16235,#11539,#16674,.T.);
#16674 = CIRCLE('',#16675,3.);
#16675 = AXIS2_PLACEMENT_3D('',#16676,#16677,#16678);
#16676 = CARTESIAN_POINT('',(-112.,-48.2,2.5));
#16677 = DIRECTION('',(0.,0.,1.));
#16678 = DIRECTION('',(-1.,-0.,-0.));
#16679 = ORIENTED_EDGE('',*,*,#11538,.T.);
#16680 = ORIENTED_EDGE('',*,*,#11578,.T.);
#16681 = ORIENTED_EDGE('',*,*,#11602,.T.);
#16682 = ORIENTED_EDGE('',*,*,#11626,.T.);
#16683 = ORIENTED_EDGE('',*,*,#11650,.T.);
#16684 = ORIENTED_EDGE('',*,*,#11674,.T.);
#16685 = ORIENTED_EDGE('',*,*,#11698,.T.);
#16686 = ORIENTED_EDGE('',*,*,#11722,.T.);
#16687 = ORIENTED_EDGE('',*,*,#11746,.T.);
#16688 = ORIENTED_EDGE('',*,*,#11770,.T.);
#16689 = ORIENTED_EDGE('',*,*,#11794,.T.);
#16690 = ORIENTED_EDGE('',*,*,#11818,.T.);
#16691 = ORIENTED_EDGE('',*,*,#11842,.T.);
#16692 = ORIENTED_EDGE('',*,*,#11866,.T.);
#16693 = ORIENTED_EDGE('',*,*,#11890,.T.);
#16694 = ORIENTED_EDGE('',*,*,#11914,.T.);
#16695 = ORIENTED_EDGE('',*,*,#11938,.T.);
#16696 = ORIENTED_EDGE('',*,*,#11962,.T.);
#16697 = ORIENTED_EDGE('',*,*,#11986,.T.);
#16698 = ORIENTED_EDGE('',*,*,#12010,.T.);
#16699 = ORIENTED_EDGE('',*,*,#12034,.T.);
#16700 = ORIENTED_EDGE('',*,*,#12058,.T.);
#16701 = ORIENTED_EDGE('',*,*,#12082,.T.);
#16702 = ORIENTED_EDGE('',*,*,#12106,.T.);
#16703 = ORIENTED_EDGE('',*,*,#12130,.T.);
#16704 = ORIENTED_EDGE('',*,*,#12154,.T.);
#16705 = ORIENTED_EDGE('',*,*,#12178,.T.);
#16706 = ORIENTED_EDGE('',*,*,#12202,.T.);
#16707 = ORIENTED_EDGE('',*,*,#12226,.T.);
#16708 = ORIENTED_EDGE('',*,*,#12250,.T.);
#16709 = ORIENTED_EDGE('',*,*,#12274,.T.);
#16710 = ORIENTED_EDGE('',*,*,#12298,.T.);
#16711 = ORIENTED_EDGE('',*,*,#12322,.T.);
#16712 = ORIENTED_EDGE('',*,*,#16713,.T.);
#16713 = EDGE_CURVE('',#12323,#12539,#16714,.T.);
#16714 = CIRCLE('',#16715,3.);
#16715 = AXIS2_PLACEMENT_3D('',#16716,#16717,#16718);
#16716 = CARTESIAN_POINT('',(-119.5,9.2,2.5));
#16717 = DIRECTION('',(0.,0.,1.));
#16718 = DIRECTION('',(-1.,-0.,-0.));
#16719 = ORIENTED_EDGE('',*,*,#12538,.T.);
#16720 = ORIENTED_EDGE('',*,*,#12578,.T.);
#16721 = ORIENTED_EDGE('',*,*,#12602,.T.);
#16722 = ORIENTED_EDGE('',*,*,#12626,.T.);
#16723 = ORIENTED_EDGE('',*,*,#12650,.T.);
#16724 = ORIENTED_EDGE('',*,*,#12674,.T.);
#16725 = ORIENTED_EDGE('',*,*,#16726,.T.);
#16726 = EDGE_CURVE('',#12675,#12851,#16727,.T.);
#16727 = CIRCLE('',#16728,3.);
#16728 = AXIS2_PLACEMENT_3D('',#16729,#16730,#16731);
#16729 = CARTESIAN_POINT('',(-119.,60.5,2.5));
#16730 = DIRECTION('',(0.,0.,1.));
#16731 = DIRECTION('',(-1.,-0.,-0.));
#16732 = ORIENTED_EDGE('',*,*,#12850,.T.);
#16733 = ORIENTED_EDGE('',*,*,#12906,.T.);
#16734 = ORIENTED_EDGE('',*,*,#12930,.T.);
#16735 = ORIENTED_EDGE('',*,*,#12954,.T.);
#16736 = ORIENTED_EDGE('',*,*,#12978,.T.);
#16737 = ORIENTED_EDGE('',*,*,#13002,.T.);
#16738 = ORIENTED_EDGE('',*,*,#13026,.T.);
#16739 = ORIENTED_EDGE('',*,*,#13050,.T.);
#16740 = ORIENTED_EDGE('',*,*,#13074,.T.);
#16741 = ORIENTED_EDGE('',*,*,#13098,.T.);
#16742 = ORIENTED_EDGE('',*,*,#13122,.T.);
#16743 = ORIENTED_EDGE('',*,*,#16744,.T.);
#16744 = EDGE_CURVE('',#13123,#16745,#16747,.T.);
#16745 = VERTEX_POINT('',#16746);
#16746 = CARTESIAN_POINT('',(-79.2,57.1,2.5));
#16747 = CIRCLE('',#16748,3.);
#16748 = AXIS2_PLACEMENT_3D('',#16749,#16750,#16751);
#16749 = CARTESIAN_POINT('',(-76.2,57.1,2.5));
#16750 = DIRECTION('',(0.,0.,1.));
#16751 = DIRECTION('',(-1.,-0.,-0.));
#16752 = ORIENTED_EDGE('',*,*,#16753,.T.);
#16753 = EDGE_CURVE('',#16745,#13219,#16754,.T.);
#16754 = CIRCLE('',#16755,3.);
#16755 = AXIS2_PLACEMENT_3D('',#16756,#16757,#16758);
#16756 = CARTESIAN_POINT('',(-76.2,57.1,2.5));
#16757 = DIRECTION('',(0.,0.,1.));
#16758 = DIRECTION('',(-1.,-0.,-0.));
#16759 = ORIENTED_EDGE('',*,*,#13218,.T.);
#16760 = ORIENTED_EDGE('',*,*,#13258,.T.);
#16761 = ORIENTED_EDGE('',*,*,#13282,.T.);
#16762 = ORIENTED_EDGE('',*,*,#13306,.T.);
#16763 = ORIENTED_EDGE('',*,*,#13330,.T.);
#16764 = ORIENTED_EDGE('',*,*,#13354,.T.);
#16765 = ORIENTED_EDGE('',*,*,#13378,.T.);
#16766 = ORIENTED_EDGE('',*,*,#13402,.T.);
#16767 = ORIENTED_EDGE('',*,*,#13426,.T.);
#16768 = ORIENTED_EDGE('',*,*,#13450,.T.);
#16769 = ORIENTED_EDGE('',*,*,#13474,.T.);
#16770 = ORIENTED_EDGE('',*,*,#13498,.T.);
#16771 = ORIENTED_EDGE('',*,*,#13522,.T.);
#16772 = ORIENTED_EDGE('',*,*,#13546,.T.);
#16773 = ORIENTED_EDGE('',*,*,#13570,.T.);
#16774 = ORIENTED_EDGE('',*,*,#13594,.T.);
#16775 = ORIENTED_EDGE('',*,*,#13618,.T.);
#16776 = ORIENTED_EDGE('',*,*,#13642,.T.);
#16777 = ORIENTED_EDGE('',*,*,#13666,.T.);
#16778 = ORIENTED_EDGE('',*,*,#13690,.T.);
#16779 = ORIENTED_EDGE('',*,*,#13714,.T.);
#16780 = ORIENTED_EDGE('',*,*,#16781,.T.);
#16781 = EDGE_CURVE('',#13715,#16782,#16784,.T.);
#16782 = VERTEX_POINT('',#16783);
#16783 = CARTESIAN_POINT('',(-41.1,66.,2.5));
#16784 = CIRCLE('',#16785,3.);
#16785 = AXIS2_PLACEMENT_3D('',#16786,#16787,#16788);
#16786 = CARTESIAN_POINT('',(-38.1,66.,2.5));
#16787 = DIRECTION('',(0.,0.,1.));
#16788 = DIRECTION('',(-1.,-0.,-0.));
#16789 = ORIENTED_EDGE('',*,*,#16790,.T.);
#16790 = EDGE_CURVE('',#16782,#13733,#16791,.T.);
#16791 = CIRCLE('',#16792,3.);
#16792 = AXIS2_PLACEMENT_3D('',#16793,#16794,#16795);
#16793 = CARTESIAN_POINT('',(-38.1,66.,2.5));
#16794 = DIRECTION('',(0.,0.,1.));
#16795 = DIRECTION('',(-1.,-0.,-0.));
#16796 = ORIENTED_EDGE('',*,*,#13732,.T.);
#16797 = ORIENTED_EDGE('',*,*,#13802,.T.);
#16798 = ORIENTED_EDGE('',*,*,#13826,.T.);
#16799 = ORIENTED_EDGE('',*,*,#13850,.T.);
#16800 = ORIENTED_EDGE('',*,*,#13874,.T.);
#16801 = ORIENTED_EDGE('',*,*,#13898,.T.);
#16802 = ORIENTED_EDGE('',*,*,#13922,.T.);
#16803 = ORIENTED_EDGE('',*,*,#13946,.T.);
#16804 = ORIENTED_EDGE('',*,*,#13970,.T.);
#16805 = ORIENTED_EDGE('',*,*,#13994,.T.);
#16806 = ORIENTED_EDGE('',*,*,#14018,.T.);
#16807 = ORIENTED_EDGE('',*,*,#14042,.T.);
#16808 = ORIENTED_EDGE('',*,*,#14066,.T.);
#16809 = ORIENTED_EDGE('',*,*,#14090,.T.);
#16810 = ORIENTED_EDGE('',*,*,#14114,.T.);
#16811 = ORIENTED_EDGE('',*,*,#14138,.T.);
#16812 = ORIENTED_EDGE('',*,*,#14162,.T.);
#16813 = ORIENTED_EDGE('',*,*,#14186,.T.);
#16814 = ORIENTED_EDGE('',*,*,#14210,.T.);
#16815 = ORIENTED_EDGE('',*,*,#14234,.T.);
#16816 = ORIENTED_EDGE('',*,*,#14258,.T.);
#16817 = ORIENTED_EDGE('',*,*,#14282,.T.);
#16818 = ORIENTED_EDGE('',*,*,#14306,.T.);
#16819 = ORIENTED_EDGE('',*,*,#14330,.T.);
#16820 = ORIENTED_EDGE('',*,*,#14354,.T.);
#16821 = ORIENTED_EDGE('',*,*,#14378,.T.);
#16822 = ORIENTED_EDGE('',*,*,#14402,.T.);
#16823 = ORIENTED_EDGE('',*,*,#14426,.T.);
#16824 = ORIENTED_EDGE('',*,*,#14450,.T.);
#16825 = ORIENTED_EDGE('',*,*,#14474,.T.);
#16826 = ORIENTED_EDGE('',*,*,#14498,.T.);
#16827 = ORIENTED_EDGE('',*,*,#14522,.T.);
#16828 = ORIENTED_EDGE('',*,*,#14546,.T.);
#16829 = ORIENTED_EDGE('',*,*,#14570,.T.);
#16830 = ORIENTED_EDGE('',*,*,#14594,.T.);
#16831 = ORIENTED_EDGE('',*,*,#14618,.T.);
#16832 = ORIENTED_EDGE('',*,*,#14642,.T.);
#16833 = ORIENTED_EDGE('',*,*,#14666,.T.);
#16834 = ORIENTED_EDGE('',*,*,#14690,.T.);
#16835 = ORIENTED_EDGE('',*,*,#16836,.T.);
#16836 = EDGE_CURVE('',#14691,#16837,#16839,.T.);
#16837 = VERTEX_POINT('',#16838);
#16838 = CARTESIAN_POINT('',(8.5,22.,2.5));
#16839 = CIRCLE('',#16840,3.);
#16840 = AXIS2_PLACEMENT_3D('',#16841,#16842,#16843);
#16841 = CARTESIAN_POINT('',(11.5,22.,2.5));
#16842 = DIRECTION('',(0.,0.,1.));
#16843 = DIRECTION('',(-1.,-0.,-0.));
#16844 = ORIENTED_EDGE('',*,*,#16845,.T.);
#16845 = EDGE_CURVE('',#16837,#14709,#16846,.T.);
#16846 = CIRCLE('',#16847,3.);
#16847 = AXIS2_PLACEMENT_3D('',#16848,#16849,#16850);
#16848 = CARTESIAN_POINT('',(11.5,22.,2.5));
#16849 = DIRECTION('',(0.,0.,1.));
#16850 = DIRECTION('',(-1.,-0.,-0.));
#16851 = ORIENTED_EDGE('',*,*,#14708,.T.);
#16852 = ORIENTED_EDGE('',*,*,#14778,.T.);
#16853 = ORIENTED_EDGE('',*,*,#14802,.T.);
#16854 = ORIENTED_EDGE('',*,*,#14826,.T.);
#16855 = ORIENTED_EDGE('',*,*,#14850,.T.);
#16856 = ORIENTED_EDGE('',*,*,#14874,.T.);
#16857 = ORIENTED_EDGE('',*,*,#14898,.T.);
#16858 = ORIENTED_EDGE('',*,*,#14922,.T.);
#16859 = ORIENTED_EDGE('',*,*,#14946,.T.);
#16860 = ORIENTED_EDGE('',*,*,#14970,.T.);
#16861 = ORIENTED_EDGE('',*,*,#16862,.T.);
#16862 = EDGE_CURVE('',#14971,#16863,#16865,.T.);
#16863 = VERTEX_POINT('',#16864);
#16864 = CARTESIAN_POINT('',(-3.,-11.5,2.5));
#16865 = CIRCLE('',#16866,3.);
#16866 = AXIS2_PLACEMENT_3D('',#16867,#16868,#16869);
#16867 = CARTESIAN_POINT('',(0.,-11.5,2.5));
#16868 = DIRECTION('',(0.,0.,1.));
#16869 = DIRECTION('',(-1.,-0.,-0.));
#16870 = ORIENTED_EDGE('',*,*,#16871,.T.);
#16871 = EDGE_CURVE('',#16863,#15091,#16872,.T.);
#16872 = CIRCLE('',#16873,3.);
#16873 = AXIS2_PLACEMENT_3D('',#16874,#16875,#16876);
#16874 = CARTESIAN_POINT('',(0.,-11.5,2.5));
#16875 = DIRECTION('',(0.,0.,1.));
#16876 = DIRECTION('',(-1.,-0.,-0.));
#16877 = ORIENTED_EDGE('',*,*,#15090,.T.);
#16878 = ORIENTED_EDGE('',*,*,#15130,.T.);
#16879 = ORIENTED_EDGE('',*,*,#15154,.T.);
#16880 = ORIENTED_EDGE('',*,*,#15178,.T.);
#16881 = ORIENTED_EDGE('',*,*,#15202,.T.);
#16882 = ORIENTED_EDGE('',*,*,#15226,.T.);
#16883 = ORIENTED_EDGE('',*,*,#15250,.T.);
#16884 = ORIENTED_EDGE('',*,*,#15274,.T.);
#16885 = ORIENTED_EDGE('',*,*,#15298,.T.);
#16886 = ORIENTED_EDGE('',*,*,#15322,.T.);
#16887 = ORIENTED_EDGE('',*,*,#15346,.T.);
#16888 = ORIENTED_EDGE('',*,*,#15370,.T.);
#16889 = ORIENTED_EDGE('',*,*,#15394,.T.);
#16890 = ORIENTED_EDGE('',*,*,#15418,.T.);
#16891 = ORIENTED_EDGE('',*,*,#15442,.T.);
#16892 = ORIENTED_EDGE('',*,*,#15466,.T.);
#16893 = ORIENTED_EDGE('',*,*,#15490,.T.);
#16894 = ORIENTED_EDGE('',*,*,#15514,.T.);
#16895 = ORIENTED_EDGE('',*,*,#15538,.T.);
#16896 = ORIENTED_EDGE('',*,*,#15562,.T.);
#16897 = ORIENTED_EDGE('',*,*,#15586,.T.);
#16898 = ORIENTED_EDGE('',*,*,#15610,.T.);
#16899 = ORIENTED_EDGE('',*,*,#15634,.T.);
#16900 = ORIENTED_EDGE('',*,*,#15658,.T.);
#16901 = ORIENTED_EDGE('',*,*,#15682,.T.);
#16902 = ORIENTED_EDGE('',*,*,#15706,.T.);
#16903 = ORIENTED_EDGE('',*,*,#15730,.T.);
#16904 = ORIENTED_EDGE('',*,*,#15754,.T.);
#16905 = ORIENTED_EDGE('',*,*,#15778,.T.);
#16906 = ORIENTED_EDGE('',*,*,#15802,.T.);
#16907 = ORIENTED_EDGE('',*,*,#15826,.T.);
#16908 = ORIENTED_EDGE('',*,*,#15850,.T.);
#16909 = ORIENTED_EDGE('',*,*,#15874,.T.);
#16910 = ORIENTED_EDGE('',*,*,#15898,.T.);
#16911 = ORIENTED_EDGE('',*,*,#15922,.T.);
#16912 = ORIENTED_EDGE('',*,*,#15946,.T.);
#16913 = ORIENTED_EDGE('',*,*,#15970,.T.);
#16914 = ORIENTED_EDGE('',*,*,#15994,.T.);
#16915 = ORIENTED_EDGE('',*,*,#16018,.T.);
#16916 = ORIENTED_EDGE('',*,*,#16042,.T.);
#16917 = ORIENTED_EDGE('',*,*,#16066,.T.);
#16918 = ORIENTED_EDGE('',*,*,#16090,.T.);
#16919 = ORIENTED_EDGE('',*,*,#16114,.T.);
#16920 = ORIENTED_EDGE('',*,*,#16138,.T.);
#16921 = ORIENTED_EDGE('',*,*,#16162,.T.);
#16922 = ORIENTED_EDGE('',*,*,#16186,.T.);
#16923 = ORIENTED_EDGE('',*,*,#16210,.T.);
#16924 = ORIENTED_EDGE('',*,*,#16234,.T.);
#16925 = FACE_BOUND('',#16926,.F.);
#16926 = EDGE_LOOP('',(#16927));
#16927 = ORIENTED_EDGE('',*,*,#16928,.T.);
#16928 = EDGE_CURVE('',#16929,#16929,#16931,.T.);
#16929 = VERTEX_POINT('',#16930);
#16930 = CARTESIAN_POINT('',(-61.5,-4.4,2.5));
#16931 = CIRCLE('',#16932,3.);
#16932 = AXIS2_PLACEMENT_3D('',#16933,#16934,#16935);
#16933 = CARTESIAN_POINT('',(-58.5,-4.4,2.5));
#16934 = DIRECTION('',(0.,0.,1.));
#16935 = DIRECTION('',(-1.,-0.,-0.));
#16936 = FACE_BOUND('',#16937,.F.);
#16937 = EDGE_LOOP('',(#16938,#16948,#16956,#16964));
#16938 = ORIENTED_EDGE('',*,*,#16939,.F.);
#16939 = EDGE_CURVE('',#16940,#16942,#16944,.T.);
#16940 = VERTEX_POINT('',#16941);
#16941 = CARTESIAN_POINT('',(-90.75,55.65,2.5));
#16942 = VERTEX_POINT('',#16943);
#16943 = CARTESIAN_POINT('',(-90.75,24.15,2.5));
#16944 = LINE('',#16945,#16946);
#16945 = CARTESIAN_POINT('',(-90.75,18.422987220911,2.5));
#16946 = VECTOR('',#16947,1.);
#16947 = DIRECTION('',(-0.,-1.,-0.));
#16948 = ORIENTED_EDGE('',*,*,#16949,.F.);
#16949 = EDGE_CURVE('',#16950,#16940,#16952,.T.);
#16950 = VERTEX_POINT('',#16951);
#16951 = CARTESIAN_POINT('',(-112.25,55.65,2.5));
#16952 = LINE('',#16953,#16954);
#16953 = CARTESIAN_POINT('',(-77.47176491729,55.65,2.5));
#16954 = VECTOR('',#16955,1.);
#16955 = DIRECTION('',(1.,0.,0.));
#16956 = ORIENTED_EDGE('',*,*,#16957,.T.);
#16957 = EDGE_CURVE('',#16950,#16958,#16960,.T.);
#16958 = VERTEX_POINT('',#16959);
#16959 = CARTESIAN_POINT('',(-112.25,24.15,2.5));
#16960 = LINE('',#16961,#16962);
#16961 = CARTESIAN_POINT('',(-112.25,18.422987220911,2.5));
#16962 = VECTOR('',#16963,1.);
#16963 = DIRECTION('',(-0.,-1.,-0.));
#16964 = ORIENTED_EDGE('',*,*,#16965,.T.);
#16965 = EDGE_CURVE('',#16958,#16942,#16966,.T.);
#16966 = LINE('',#16967,#16968);
#16967 = CARTESIAN_POINT('',(-77.47176491729,24.15,2.5));
#16968 = VECTOR('',#16969,1.);
#16969 = DIRECTION('',(1.,0.,0.));
#16970 = PLANE('',#16971);
#16971 = AXIS2_PLACEMENT_3D('',#16972,#16973,#16974);
#16972 = CARTESIAN_POINT('',(-64.19352983459,12.695974441823,2.5));
#16973 = DIRECTION('',(0.,0.,1.));
#16974 = DIRECTION('',(1.,0.,0.));
#16975 = ADVANCED_FACE('',(#16976),#16982,.T.);
#16976 = FACE_BOUND('',#16977,.T.);
#16977 = EDGE_LOOP('',(#16978,#16979,#16980,#16981));
#16978 = ORIENTED_EDGE('',*,*,#11548,.F.);
#16979 = ORIENTED_EDGE('',*,*,#16639,.T.);
#16980 = ORIENTED_EDGE('',*,*,#16260,.T.);
#16981 = ORIENTED_EDGE('',*,*,#16673,.T.);
#16982 = CYLINDRICAL_SURFACE('',#16983,3.);
#16983 = AXIS2_PLACEMENT_3D('',#16984,#16985,#16986);
#16984 = CARTESIAN_POINT('',(-112.,-48.2,0.));
#16985 = DIRECTION('',(0.,0.,-1.));
#16986 = DIRECTION('',(-1.,-0.,-0.));
#16987 = ADVANCED_FACE('',(#16988),#17000,.T.);
#16988 = FACE_BOUND('',#16989,.T.);
#16989 = EDGE_LOOP('',(#16990,#16991,#16998,#16999));
#16990 = ORIENTED_EDGE('',*,*,#12548,.F.);
#16991 = ORIENTED_EDGE('',*,*,#16992,.T.);
#16992 = EDGE_CURVE('',#12549,#12357,#16993,.T.);
#16993 = CIRCLE('',#16994,3.);
#16994 = AXIS2_PLACEMENT_3D('',#16995,#16996,#16997);
#16995 = CARTESIAN_POINT('',(-119.5,9.2,6.1));
#16996 = DIRECTION('',(0.,0.,-1.));
#16997 = DIRECTION('',(-1.,-0.,-0.));
#16998 = ORIENTED_EDGE('',*,*,#12364,.T.);
#16999 = ORIENTED_EDGE('',*,*,#16713,.T.);
#17000 = CYLINDRICAL_SURFACE('',#17001,3.);
#17001 = AXIS2_PLACEMENT_3D('',#17002,#17003,#17004);
#17002 = CARTESIAN_POINT('',(-119.5,9.2,0.));
#17003 = DIRECTION('',(0.,0.,-1.));
#17004 = DIRECTION('',(-1.,-0.,-0.));
#17005 = ADVANCED_FACE('',(#17006),#17020,.T.);
#17006 = FACE_BOUND('',#17007,.F.);
#17007 = EDGE_LOOP('',(#17008,#17009,#17010,#17011,#17012,#17019));
#17008 = ORIENTED_EDGE('',*,*,#12514,.T.);
#17009 = ORIENTED_EDGE('',*,*,#12556,.T.);
#17010 = ORIENTED_EDGE('',*,*,#16992,.T.);
#17011 = ORIENTED_EDGE('',*,*,#12356,.T.);
#17012 = ORIENTED_EDGE('',*,*,#17013,.T.);
#17013 = EDGE_CURVE('',#12349,#12475,#17014,.T.);
#17014 = CIRCLE('',#17015,1.65);
#17015 = AXIS2_PLACEMENT_3D('',#17016,#17017,#17018);
#17016 = CARTESIAN_POINT('',(-119.5,9.2,6.1));
#17017 = DIRECTION('',(0.,0.,1.));
#17018 = DIRECTION('',(-1.,-0.,-0.));
#17019 = ORIENTED_EDGE('',*,*,#12474,.T.);
#17020 = PLANE('',#17021);
#17021 = AXIS2_PLACEMENT_3D('',#17022,#17023,#17024);
#17022 = CARTESIAN_POINT('',(-119.5,9.2,6.1));
#17023 = DIRECTION('',(0.,0.,1.));
#17024 = DIRECTION('',(1.,0.,0.));
#17025 = ADVANCED_FACE('',(#17026),#17063,.F.);
#17026 = FACE_BOUND('',#17027,.F.);
#17027 = EDGE_LOOP('',(#17028,#17037,#17045,#17052,#17053,#17054,#17055,
    #17062));
#17028 = ORIENTED_EDGE('',*,*,#17029,.F.);
#17029 = EDGE_CURVE('',#17030,#17030,#17032,.T.);
#17030 = VERTEX_POINT('',#17031);
#17031 = CARTESIAN_POINT('',(-121.15,9.2,1.1));
#17032 = CIRCLE('',#17033,1.65);
#17033 = AXIS2_PLACEMENT_3D('',#17034,#17035,#17036);
#17034 = CARTESIAN_POINT('',(-119.5,9.2,1.1));
#17035 = DIRECTION('',(0.,0.,-1.));
#17036 = DIRECTION('',(-1.,-0.,-0.));
#17037 = ORIENTED_EDGE('',*,*,#17038,.T.);
#17038 = EDGE_CURVE('',#17030,#17039,#17041,.T.);
#17039 = VERTEX_POINT('',#17040);
#17040 = CARTESIAN_POINT('',(-121.15,9.2,7.1));
#17041 = LINE('',#17042,#17043);
#17042 = CARTESIAN_POINT('',(-121.15,9.2,1.1));
#17043 = VECTOR('',#17044,1.);
#17044 = DIRECTION('',(0.,0.,1.));
#17045 = ORIENTED_EDGE('',*,*,#17046,.T.);
#17046 = EDGE_CURVE('',#17039,#12485,#17047,.T.);
#17047 = CIRCLE('',#17048,1.65);
#17048 = AXIS2_PLACEMENT_3D('',#17049,#17050,#17051);
#17049 = CARTESIAN_POINT('',(-119.5,9.2,7.1));
#17050 = DIRECTION('',(0.,0.,-1.));
#17051 = DIRECTION('',(-1.,-0.,-0.));
#17052 = ORIENTED_EDGE('',*,*,#12484,.T.);
#17053 = ORIENTED_EDGE('',*,*,#17013,.F.);
#17054 = ORIENTED_EDGE('',*,*,#12348,.F.);
#17055 = ORIENTED_EDGE('',*,*,#17056,.T.);
#17056 = EDGE_CURVE('',#12341,#17039,#17057,.T.);
#17057 = CIRCLE('',#17058,1.65);
#17058 = AXIS2_PLACEMENT_3D('',#17059,#17060,#17061);
#17059 = CARTESIAN_POINT('',(-119.5,9.2,7.1));
#17060 = DIRECTION('',(0.,0.,-1.));
#17061 = DIRECTION('',(-1.,-0.,-0.));
#17062 = ORIENTED_EDGE('',*,*,#17038,.F.);
#17063 = CYLINDRICAL_SURFACE('',#17064,1.65);
#17064 = AXIS2_PLACEMENT_3D('',#17065,#17066,#17067);
#17065 = CARTESIAN_POINT('',(-119.5,9.2,1.1));
#17066 = DIRECTION('',(0.,0.,-1.));
#17067 = DIRECTION('',(-1.,-0.,-0.));
#17068 = ADVANCED_FACE('',(#17069),#17079,.F.);
#17069 = FACE_BOUND('',#17070,.T.);
#17070 = EDGE_LOOP('',(#17071,#17072,#17073,#17074,#17075,#17076,#17077,
    #17078));
#17071 = ORIENTED_EDGE('',*,*,#17056,.T.);
#17072 = ORIENTED_EDGE('',*,*,#17046,.T.);
#17073 = ORIENTED_EDGE('',*,*,#12492,.F.);
#17074 = ORIENTED_EDGE('',*,*,#12450,.F.);
#17075 = ORIENTED_EDGE('',*,*,#12426,.F.);
#17076 = ORIENTED_EDGE('',*,*,#12402,.F.);
#17077 = ORIENTED_EDGE('',*,*,#12378,.F.);
#17078 = ORIENTED_EDGE('',*,*,#12340,.F.);
#17079 = PLANE('',#17080);
#17080 = AXIS2_PLACEMENT_3D('',#17081,#17082,#17083);
#17081 = CARTESIAN_POINT('',(-119.5,9.2,7.1));
#17082 = DIRECTION('',(0.,0.,1.));
#17083 = DIRECTION('',(1.,0.,0.));
#17084 = ADVANCED_FACE('',(#17085),#17097,.T.);
#17085 = FACE_BOUND('',#17086,.T.);
#17086 = EDGE_LOOP('',(#17087,#17094,#17095,#17096));
#17087 = ORIENTED_EDGE('',*,*,#17088,.T.);
#17088 = EDGE_CURVE('',#12861,#12693,#17089,.T.);
#17089 = CIRCLE('',#17090,3.);
#17090 = AXIS2_PLACEMENT_3D('',#17091,#17092,#17093);
#17091 = CARTESIAN_POINT('',(-119.,60.5,6.1));
#17092 = DIRECTION('',(0.,0.,-1.));
#17093 = DIRECTION('',(-1.,-0.,-0.));
#17094 = ORIENTED_EDGE('',*,*,#12700,.T.);
#17095 = ORIENTED_EDGE('',*,*,#16726,.T.);
#17096 = ORIENTED_EDGE('',*,*,#12860,.F.);
#17097 = CYLINDRICAL_SURFACE('',#17098,3.);
#17098 = AXIS2_PLACEMENT_3D('',#17099,#17100,#17101);
#17099 = CARTESIAN_POINT('',(-119.,60.5,0.));
#17100 = DIRECTION('',(0.,0.,-1.));
#17101 = DIRECTION('',(-1.,-0.,-0.));
#17102 = ADVANCED_FACE('',(#17103),#17117,.T.);
#17103 = FACE_BOUND('',#17104,.F.);
#17104 = EDGE_LOOP('',(#17105,#17106,#17107,#17108,#17109,#17110));
#17105 = ORIENTED_EDGE('',*,*,#12868,.T.);
#17106 = ORIENTED_EDGE('',*,*,#17088,.T.);
#17107 = ORIENTED_EDGE('',*,*,#12692,.T.);
#17108 = ORIENTED_EDGE('',*,*,#12714,.T.);
#17109 = ORIENTED_EDGE('',*,*,#12738,.T.);
#17110 = ORIENTED_EDGE('',*,*,#17111,.T.);
#17111 = EDGE_CURVE('',#12739,#12869,#17112,.T.);
#17112 = CIRCLE('',#17113,1.65);
#17113 = AXIS2_PLACEMENT_3D('',#17114,#17115,#17116);
#17114 = CARTESIAN_POINT('',(-119.,60.5,6.1));
#17115 = DIRECTION('',(0.,0.,1.));
#17116 = DIRECTION('',(-1.,-0.,-0.));
#17117 = PLANE('',#17118);
#17118 = AXIS2_PLACEMENT_3D('',#17119,#17120,#17121);
#17119 = CARTESIAN_POINT('',(-119.,60.5,6.1));
#17120 = DIRECTION('',(0.,0.,1.));
#17121 = DIRECTION('',(1.,0.,0.));
#17122 = ADVANCED_FACE('',(#17123),#17160,.F.);
#17123 = FACE_BOUND('',#17124,.F.);
#17124 = EDGE_LOOP('',(#17125,#17134,#17142,#17149,#17150,#17151,#17152,
    #17159));
#17125 = ORIENTED_EDGE('',*,*,#17126,.F.);
#17126 = EDGE_CURVE('',#17127,#17127,#17129,.T.);
#17127 = VERTEX_POINT('',#17128);
#17128 = CARTESIAN_POINT('',(-120.65,60.5,1.1));
#17129 = CIRCLE('',#17130,1.65);
#17130 = AXIS2_PLACEMENT_3D('',#17131,#17132,#17133);
#17131 = CARTESIAN_POINT('',(-119.,60.5,1.1));
#17132 = DIRECTION('',(0.,0.,-1.));
#17133 = DIRECTION('',(-1.,-0.,-0.));
#17134 = ORIENTED_EDGE('',*,*,#17135,.T.);
#17135 = EDGE_CURVE('',#17127,#17136,#17138,.T.);
#17136 = VERTEX_POINT('',#17137);
#17137 = CARTESIAN_POINT('',(-120.65,60.5,7.1));
#17138 = LINE('',#17139,#17140);
#17139 = CARTESIAN_POINT('',(-120.65,60.5,1.1));
#17140 = VECTOR('',#17141,1.);
#17141 = DIRECTION('',(0.,0.,1.));
#17142 = ORIENTED_EDGE('',*,*,#17143,.T.);
#17143 = EDGE_CURVE('',#17136,#12877,#17144,.T.);
#17144 = CIRCLE('',#17145,1.65);
#17145 = AXIS2_PLACEMENT_3D('',#17146,#17147,#17148);
#17146 = CARTESIAN_POINT('',(-119.,60.5,7.1));
#17147 = DIRECTION('',(0.,0.,-1.));
#17148 = DIRECTION('',(-1.,-0.,-0.));
#17149 = ORIENTED_EDGE('',*,*,#12876,.T.);
#17150 = ORIENTED_EDGE('',*,*,#17111,.F.);
#17151 = ORIENTED_EDGE('',*,*,#12764,.F.);
#17152 = ORIENTED_EDGE('',*,*,#17153,.T.);
#17153 = EDGE_CURVE('',#12757,#17136,#17154,.T.);
#17154 = CIRCLE('',#17155,1.65);
#17155 = AXIS2_PLACEMENT_3D('',#17156,#17157,#17158);
#17156 = CARTESIAN_POINT('',(-119.,60.5,7.1));
#17157 = DIRECTION('',(0.,0.,-1.));
#17158 = DIRECTION('',(-1.,-0.,-0.));
#17159 = ORIENTED_EDGE('',*,*,#17135,.F.);
#17160 = CYLINDRICAL_SURFACE('',#17161,1.65);
#17161 = AXIS2_PLACEMENT_3D('',#17162,#17163,#17164);
#17162 = CARTESIAN_POINT('',(-119.,60.5,1.1));
#17163 = DIRECTION('',(0.,0.,-1.));
#17164 = DIRECTION('',(-1.,-0.,-0.));
#17165 = ADVANCED_FACE('',(#17166),#17175,.F.);
#17166 = FACE_BOUND('',#17167,.T.);
#17167 = EDGE_LOOP('',(#17168,#17169,#17170,#17171,#17172,#17173,#17174)
  );
#17168 = ORIENTED_EDGE('',*,*,#17153,.T.);
#17169 = ORIENTED_EDGE('',*,*,#17143,.T.);
#17170 = ORIENTED_EDGE('',*,*,#12884,.F.);
#17171 = ORIENTED_EDGE('',*,*,#12826,.F.);
#17172 = ORIENTED_EDGE('',*,*,#12802,.F.);
#17173 = ORIENTED_EDGE('',*,*,#12778,.F.);
#17174 = ORIENTED_EDGE('',*,*,#12756,.F.);
#17175 = PLANE('',#17176);
#17176 = AXIS2_PLACEMENT_3D('',#17177,#17178,#17179);
#17177 = CARTESIAN_POINT('',(-119.,60.5,7.1));
#17178 = DIRECTION('',(0.,0.,1.));
#17179 = DIRECTION('',(1.,0.,0.));
#17180 = ADVANCED_FACE('',(#17181),#17218,.T.);
#17181 = FACE_BOUND('',#17182,.F.);
#17182 = EDGE_LOOP('',(#17183,#17184,#17193,#17200,#17201,#17210,#17217)
  );
#17183 = ORIENTED_EDGE('',*,*,#13236,.T.);
#17184 = ORIENTED_EDGE('',*,*,#17185,.T.);
#17185 = EDGE_CURVE('',#13229,#17186,#17188,.T.);
#17186 = VERTEX_POINT('',#17187);
#17187 = CARTESIAN_POINT('',(-79.2,57.1,6.1));
#17188 = CIRCLE('',#17189,3.);
#17189 = AXIS2_PLACEMENT_3D('',#17190,#17191,#17192);
#17190 = CARTESIAN_POINT('',(-76.2,57.1,6.1));
#17191 = DIRECTION('',(0.,0.,-1.));
#17192 = DIRECTION('',(-1.,-0.,-0.));
#17193 = ORIENTED_EDGE('',*,*,#17194,.T.);
#17194 = EDGE_CURVE('',#17186,#13157,#17195,.T.);
#17195 = CIRCLE('',#17196,3.);
#17196 = AXIS2_PLACEMENT_3D('',#17197,#17198,#17199);
#17197 = CARTESIAN_POINT('',(-76.2,57.1,6.1));
#17198 = DIRECTION('',(0.,0.,-1.));
#17199 = DIRECTION('',(-1.,-0.,-0.));
#17200 = ORIENTED_EDGE('',*,*,#13156,.T.);
#17201 = ORIENTED_EDGE('',*,*,#17202,.T.);
#17202 = EDGE_CURVE('',#13149,#17203,#17205,.T.);
#17203 = VERTEX_POINT('',#17204);
#17204 = CARTESIAN_POINT('',(-77.85,57.1,6.1));
#17205 = CIRCLE('',#17206,1.65);
#17206 = AXIS2_PLACEMENT_3D('',#17207,#17208,#17209);
#17207 = CARTESIAN_POINT('',(-76.2,57.1,6.1));
#17208 = DIRECTION('',(0.,0.,1.));
#17209 = DIRECTION('',(-1.,-0.,-0.));
#17210 = ORIENTED_EDGE('',*,*,#17211,.T.);
#17211 = EDGE_CURVE('',#17203,#13179,#17212,.T.);
#17212 = CIRCLE('',#17213,1.65);
#17213 = AXIS2_PLACEMENT_3D('',#17214,#17215,#17216);
#17214 = CARTESIAN_POINT('',(-76.2,57.1,6.1));
#17215 = DIRECTION('',(0.,0.,1.));
#17216 = DIRECTION('',(-1.,-0.,-0.));
#17217 = ORIENTED_EDGE('',*,*,#13178,.T.);
#17218 = PLANE('',#17219);
#17219 = AXIS2_PLACEMENT_3D('',#17220,#17221,#17222);
#17220 = CARTESIAN_POINT('',(-76.2,57.1,6.1));
#17221 = DIRECTION('',(0.,0.,1.));
#17222 = DIRECTION('',(1.,0.,0.));
#17223 = ADVANCED_FACE('',(#17224),#17253,.F.);
#17224 = FACE_BOUND('',#17225,.F.);
#17225 = EDGE_LOOP('',(#17226,#17235,#17241,#17242,#17243,#17250,#17251,
    #17252));
#17226 = ORIENTED_EDGE('',*,*,#17227,.F.);
#17227 = EDGE_CURVE('',#17228,#17228,#17230,.T.);
#17228 = VERTEX_POINT('',#17229);
#17229 = CARTESIAN_POINT('',(-77.85,57.1,1.1));
#17230 = CIRCLE('',#17231,1.65);
#17231 = AXIS2_PLACEMENT_3D('',#17232,#17233,#17234);
#17232 = CARTESIAN_POINT('',(-76.2,57.1,1.1));
#17233 = DIRECTION('',(0.,0.,-1.));
#17234 = DIRECTION('',(-1.,-0.,-0.));
#17235 = ORIENTED_EDGE('',*,*,#17236,.T.);
#17236 = EDGE_CURVE('',#17228,#17203,#17237,.T.);
#17237 = LINE('',#17238,#17239);
#17238 = CARTESIAN_POINT('',(-77.85,57.1,1.1));
#17239 = VECTOR('',#17240,1.);
#17240 = DIRECTION('',(0.,0.,1.));
#17241 = ORIENTED_EDGE('',*,*,#17202,.F.);
#17242 = ORIENTED_EDGE('',*,*,#13148,.F.);
#17243 = ORIENTED_EDGE('',*,*,#17244,.T.);
#17244 = EDGE_CURVE('',#13141,#13189,#17245,.T.);
#17245 = CIRCLE('',#17246,1.65);
#17246 = AXIS2_PLACEMENT_3D('',#17247,#17248,#17249);
#17247 = CARTESIAN_POINT('',(-76.2,57.1,7.1));
#17248 = DIRECTION('',(0.,0.,-1.));
#17249 = DIRECTION('',(-1.,-0.,-0.));
#17250 = ORIENTED_EDGE('',*,*,#13188,.T.);
#17251 = ORIENTED_EDGE('',*,*,#17211,.F.);
#17252 = ORIENTED_EDGE('',*,*,#17236,.F.);
#17253 = CYLINDRICAL_SURFACE('',#17254,1.65);
#17254 = AXIS2_PLACEMENT_3D('',#17255,#17256,#17257);
#17255 = CARTESIAN_POINT('',(-76.2,57.1,1.1));
#17256 = DIRECTION('',(0.,0.,-1.));
#17257 = DIRECTION('',(-1.,-0.,-0.));
#17258 = ADVANCED_FACE('',(#17259),#17264,.F.);
#17259 = FACE_BOUND('',#17260,.T.);
#17260 = EDGE_LOOP('',(#17261,#17262,#17263));
#17261 = ORIENTED_EDGE('',*,*,#13140,.F.);
#17262 = ORIENTED_EDGE('',*,*,#17244,.T.);
#17263 = ORIENTED_EDGE('',*,*,#13196,.F.);
#17264 = PLANE('',#17265);
#17265 = AXIS2_PLACEMENT_3D('',#17266,#17267,#17268);
#17266 = CARTESIAN_POINT('',(-76.2,57.1,7.1));
#17267 = DIRECTION('',(0.,0.,1.));
#17268 = DIRECTION('',(1.,0.,0.));
#17269 = ADVANCED_FACE('',(#17270),#17306,.T.);
#17270 = FACE_BOUND('',#17271,.F.);
#17271 = EDGE_LOOP('',(#17272,#17273,#17282,#17289,#17290,#17299));
#17272 = ORIENTED_EDGE('',*,*,#13748,.T.);
#17273 = ORIENTED_EDGE('',*,*,#17274,.T.);
#17274 = EDGE_CURVE('',#13741,#17275,#17277,.T.);
#17275 = VERTEX_POINT('',#17276);
#17276 = CARTESIAN_POINT('',(-41.1,66.,6.1));
#17277 = CIRCLE('',#17278,3.);
#17278 = AXIS2_PLACEMENT_3D('',#17279,#17280,#17281);
#17279 = CARTESIAN_POINT('',(-38.1,66.,6.1));
#17280 = DIRECTION('',(0.,0.,-1.));
#17281 = DIRECTION('',(-1.,-0.,-0.));
#17282 = ORIENTED_EDGE('',*,*,#17283,.T.);
#17283 = EDGE_CURVE('',#17275,#13781,#17284,.T.);
#17284 = CIRCLE('',#17285,3.);
#17285 = AXIS2_PLACEMENT_3D('',#17286,#17287,#17288);
#17286 = CARTESIAN_POINT('',(-38.1,66.,6.1));
#17287 = DIRECTION('',(0.,0.,-1.));
#17288 = DIRECTION('',(-1.,-0.,-0.));
#17289 = ORIENTED_EDGE('',*,*,#13780,.T.);
#17290 = ORIENTED_EDGE('',*,*,#17291,.T.);
#17291 = EDGE_CURVE('',#13773,#17292,#17294,.T.);
#17292 = VERTEX_POINT('',#17293);
#17293 = CARTESIAN_POINT('',(-39.75,66.,6.1));
#17294 = CIRCLE('',#17295,1.65);
#17295 = AXIS2_PLACEMENT_3D('',#17296,#17297,#17298);
#17296 = CARTESIAN_POINT('',(-38.1,66.,6.1));
#17297 = DIRECTION('',(0.,0.,1.));
#17298 = DIRECTION('',(-1.,-0.,-0.));
#17299 = ORIENTED_EDGE('',*,*,#17300,.T.);
#17300 = EDGE_CURVE('',#17292,#13749,#17301,.T.);
#17301 = CIRCLE('',#17302,1.65);
#17302 = AXIS2_PLACEMENT_3D('',#17303,#17304,#17305);
#17303 = CARTESIAN_POINT('',(-38.1,66.,6.1));
#17304 = DIRECTION('',(0.,0.,1.));
#17305 = DIRECTION('',(-1.,-0.,-0.));
#17306 = PLANE('',#17307);
#17307 = AXIS2_PLACEMENT_3D('',#17308,#17309,#17310);
#17308 = CARTESIAN_POINT('',(-38.1,66.,6.1));
#17309 = DIRECTION('',(0.,0.,1.));
#17310 = DIRECTION('',(1.,0.,0.));
#17311 = ADVANCED_FACE('',(#17312),#17341,.F.);
#17312 = FACE_BOUND('',#17313,.F.);
#17313 = EDGE_LOOP('',(#17314,#17323,#17329,#17330,#17331,#17338,#17339,
    #17340));
#17314 = ORIENTED_EDGE('',*,*,#17315,.F.);
#17315 = EDGE_CURVE('',#17316,#17316,#17318,.T.);
#17316 = VERTEX_POINT('',#17317);
#17317 = CARTESIAN_POINT('',(-39.75,66.,1.1));
#17318 = CIRCLE('',#17319,1.65);
#17319 = AXIS2_PLACEMENT_3D('',#17320,#17321,#17322);
#17320 = CARTESIAN_POINT('',(-38.1,66.,1.1));
#17321 = DIRECTION('',(0.,0.,-1.));
#17322 = DIRECTION('',(-1.,-0.,-0.));
#17323 = ORIENTED_EDGE('',*,*,#17324,.T.);
#17324 = EDGE_CURVE('',#17316,#17292,#17325,.T.);
#17325 = LINE('',#17326,#17327);
#17326 = CARTESIAN_POINT('',(-39.75,66.,1.1));
#17327 = VECTOR('',#17328,1.);
#17328 = DIRECTION('',(0.,0.,1.));
#17329 = ORIENTED_EDGE('',*,*,#17291,.F.);
#17330 = ORIENTED_EDGE('',*,*,#13772,.F.);
#17331 = ORIENTED_EDGE('',*,*,#17332,.T.);
#17332 = EDGE_CURVE('',#13765,#13757,#17333,.T.);
#17333 = CIRCLE('',#17334,1.65);
#17334 = AXIS2_PLACEMENT_3D('',#17335,#17336,#17337);
#17335 = CARTESIAN_POINT('',(-38.1,66.,7.1));
#17336 = DIRECTION('',(0.,0.,-1.));
#17337 = DIRECTION('',(-1.,-0.,-0.));
#17338 = ORIENTED_EDGE('',*,*,#13756,.T.);
#17339 = ORIENTED_EDGE('',*,*,#17300,.F.);
#17340 = ORIENTED_EDGE('',*,*,#17324,.F.);
#17341 = CYLINDRICAL_SURFACE('',#17342,1.65);
#17342 = AXIS2_PLACEMENT_3D('',#17343,#17344,#17345);
#17343 = CARTESIAN_POINT('',(-38.1,66.,1.1));
#17344 = DIRECTION('',(0.,0.,-1.));
#17345 = DIRECTION('',(-1.,-0.,-0.));
#17346 = ADVANCED_FACE('',(#17347),#17351,.F.);
#17347 = FACE_BOUND('',#17348,.T.);
#17348 = EDGE_LOOP('',(#17349,#17350));
#17349 = ORIENTED_EDGE('',*,*,#13764,.F.);
#17350 = ORIENTED_EDGE('',*,*,#17332,.T.);
#17351 = PLANE('',#17352);
#17352 = AXIS2_PLACEMENT_3D('',#17353,#17354,#17355);
#17353 = CARTESIAN_POINT('',(-38.1,66.,7.1));
#17354 = DIRECTION('',(0.,0.,1.));
#17355 = DIRECTION('',(1.,0.,0.));
#17356 = ADVANCED_FACE('',(#17357),#17393,.T.);
#17357 = FACE_BOUND('',#17358,.F.);
#17358 = EDGE_LOOP('',(#17359,#17360,#17369,#17376,#17377,#17386));
#17359 = ORIENTED_EDGE('',*,*,#14724,.T.);
#17360 = ORIENTED_EDGE('',*,*,#17361,.T.);
#17361 = EDGE_CURVE('',#14717,#17362,#17364,.T.);
#17362 = VERTEX_POINT('',#17363);
#17363 = CARTESIAN_POINT('',(8.5,22.,6.1));
#17364 = CIRCLE('',#17365,3.);
#17365 = AXIS2_PLACEMENT_3D('',#17366,#17367,#17368);
#17366 = CARTESIAN_POINT('',(11.5,22.,6.1));
#17367 = DIRECTION('',(0.,0.,-1.));
#17368 = DIRECTION('',(-1.,-0.,-0.));
#17369 = ORIENTED_EDGE('',*,*,#17370,.T.);
#17370 = EDGE_CURVE('',#17362,#14757,#17371,.T.);
#17371 = CIRCLE('',#17372,3.);
#17372 = AXIS2_PLACEMENT_3D('',#17373,#17374,#17375);
#17373 = CARTESIAN_POINT('',(11.5,22.,6.1));
#17374 = DIRECTION('',(0.,0.,-1.));
#17375 = DIRECTION('',(-1.,-0.,-0.));
#17376 = ORIENTED_EDGE('',*,*,#14756,.T.);
#17377 = ORIENTED_EDGE('',*,*,#17378,.T.);
#17378 = EDGE_CURVE('',#14749,#17379,#17381,.T.);
#17379 = VERTEX_POINT('',#17380);
#17380 = CARTESIAN_POINT('',(9.85,22.,6.1));
#17381 = CIRCLE('',#17382,1.65);
#17382 = AXIS2_PLACEMENT_3D('',#17383,#17384,#17385);
#17383 = CARTESIAN_POINT('',(11.5,22.,6.1));
#17384 = DIRECTION('',(0.,0.,1.));
#17385 = DIRECTION('',(-1.,-0.,-0.));
#17386 = ORIENTED_EDGE('',*,*,#17387,.T.);
#17387 = EDGE_CURVE('',#17379,#14725,#17388,.T.);
#17388 = CIRCLE('',#17389,1.65);
#17389 = AXIS2_PLACEMENT_3D('',#17390,#17391,#17392);
#17390 = CARTESIAN_POINT('',(11.5,22.,6.1));
#17391 = DIRECTION('',(0.,0.,1.));
#17392 = DIRECTION('',(-1.,-0.,-0.));
#17393 = PLANE('',#17394);
#17394 = AXIS2_PLACEMENT_3D('',#17395,#17396,#17397);
#17395 = CARTESIAN_POINT('',(11.5,22.,6.1));
#17396 = DIRECTION('',(0.,0.,1.));
#17397 = DIRECTION('',(1.,0.,0.));
#17398 = ADVANCED_FACE('',(#17399),#17428,.F.);
#17399 = FACE_BOUND('',#17400,.F.);
#17400 = EDGE_LOOP('',(#17401,#17410,#17416,#17417,#17418,#17425,#17426,
    #17427));
#17401 = ORIENTED_EDGE('',*,*,#17402,.F.);
#17402 = EDGE_CURVE('',#17403,#17403,#17405,.T.);
#17403 = VERTEX_POINT('',#17404);
#17404 = CARTESIAN_POINT('',(9.85,22.,1.1));
#17405 = CIRCLE('',#17406,1.65);
#17406 = AXIS2_PLACEMENT_3D('',#17407,#17408,#17409);
#17407 = CARTESIAN_POINT('',(11.5,22.,1.1));
#17408 = DIRECTION('',(0.,0.,-1.));
#17409 = DIRECTION('',(-1.,-0.,-0.));
#17410 = ORIENTED_EDGE('',*,*,#17411,.T.);
#17411 = EDGE_CURVE('',#17403,#17379,#17412,.T.);
#17412 = LINE('',#17413,#17414);
#17413 = CARTESIAN_POINT('',(9.85,22.,1.1));
#17414 = VECTOR('',#17415,1.);
#17415 = DIRECTION('',(0.,0.,1.));
#17416 = ORIENTED_EDGE('',*,*,#17378,.F.);
#17417 = ORIENTED_EDGE('',*,*,#14748,.F.);
#17418 = ORIENTED_EDGE('',*,*,#17419,.T.);
#17419 = EDGE_CURVE('',#14741,#14733,#17420,.T.);
#17420 = CIRCLE('',#17421,1.65);
#17421 = AXIS2_PLACEMENT_3D('',#17422,#17423,#17424);
#17422 = CARTESIAN_POINT('',(11.5,22.,7.1));
#17423 = DIRECTION('',(0.,0.,-1.));
#17424 = DIRECTION('',(-1.,-0.,-0.));
#17425 = ORIENTED_EDGE('',*,*,#14732,.T.);
#17426 = ORIENTED_EDGE('',*,*,#17387,.F.);
#17427 = ORIENTED_EDGE('',*,*,#17411,.F.);
#17428 = CYLINDRICAL_SURFACE('',#17429,1.65);
#17429 = AXIS2_PLACEMENT_3D('',#17430,#17431,#17432);
#17430 = CARTESIAN_POINT('',(11.5,22.,1.1));
#17431 = DIRECTION('',(0.,0.,-1.));
#17432 = DIRECTION('',(-1.,-0.,-0.));
#17433 = ADVANCED_FACE('',(#17434),#17438,.F.);
#17434 = FACE_BOUND('',#17435,.T.);
#17435 = EDGE_LOOP('',(#17436,#17437));
#17436 = ORIENTED_EDGE('',*,*,#14740,.F.);
#17437 = ORIENTED_EDGE('',*,*,#17419,.T.);
#17438 = PLANE('',#17439);
#17439 = AXIS2_PLACEMENT_3D('',#17440,#17441,#17442);
#17440 = CARTESIAN_POINT('',(11.5,22.,7.1));
#17441 = DIRECTION('',(0.,0.,1.));
#17442 = DIRECTION('',(1.,0.,0.));
#17443 = ADVANCED_FACE('',(#17444),#17481,.T.);
#17444 = FACE_BOUND('',#17445,.F.);
#17445 = EDGE_LOOP('',(#17446,#17447,#17456,#17463,#17464,#17473,#17480)
  );
#17446 = ORIENTED_EDGE('',*,*,#15108,.T.);
#17447 = ORIENTED_EDGE('',*,*,#17448,.T.);
#17448 = EDGE_CURVE('',#15101,#17449,#17451,.T.);
#17449 = VERTEX_POINT('',#17450);
#17450 = CARTESIAN_POINT('',(-3.,-11.5,6.1));
#17451 = CIRCLE('',#17452,3.);
#17452 = AXIS2_PLACEMENT_3D('',#17453,#17454,#17455);
#17453 = CARTESIAN_POINT('',(0.,-11.5,6.1));
#17454 = DIRECTION('',(0.,0.,-1.));
#17455 = DIRECTION('',(-1.,-0.,-0.));
#17456 = ORIENTED_EDGE('',*,*,#17457,.T.);
#17457 = EDGE_CURVE('',#17449,#15005,#17458,.T.);
#17458 = CIRCLE('',#17459,3.);
#17459 = AXIS2_PLACEMENT_3D('',#17460,#17461,#17462);
#17460 = CARTESIAN_POINT('',(0.,-11.5,6.1));
#17461 = DIRECTION('',(0.,0.,-1.));
#17462 = DIRECTION('',(-1.,-0.,-0.));
#17463 = ORIENTED_EDGE('',*,*,#15004,.T.);
#17464 = ORIENTED_EDGE('',*,*,#17465,.T.);
#17465 = EDGE_CURVE('',#14997,#17466,#17468,.T.);
#17466 = VERTEX_POINT('',#17467);
#17467 = CARTESIAN_POINT('',(-1.65,-11.5,6.1));
#17468 = CIRCLE('',#17469,1.65);
#17469 = AXIS2_PLACEMENT_3D('',#17470,#17471,#17472);
#17470 = CARTESIAN_POINT('',(0.,-11.5,6.1));
#17471 = DIRECTION('',(0.,0.,1.));
#17472 = DIRECTION('',(-1.,-0.,-0.));
#17473 = ORIENTED_EDGE('',*,*,#17474,.T.);
#17474 = EDGE_CURVE('',#17466,#15051,#17475,.T.);
#17475 = CIRCLE('',#17476,1.65);
#17476 = AXIS2_PLACEMENT_3D('',#17477,#17478,#17479);
#17477 = CARTESIAN_POINT('',(0.,-11.5,6.1));
#17478 = DIRECTION('',(0.,0.,1.));
#17479 = DIRECTION('',(-1.,-0.,-0.));
#17480 = ORIENTED_EDGE('',*,*,#15050,.T.);
#17481 = PLANE('',#17482);
#17482 = AXIS2_PLACEMENT_3D('',#17483,#17484,#17485);
#17483 = CARTESIAN_POINT('',(0.,-11.5,6.1));
#17484 = DIRECTION('',(0.,0.,1.));
#17485 = DIRECTION('',(1.,0.,0.));
#17486 = ADVANCED_FACE('',(#17487),#17516,.F.);
#17487 = FACE_BOUND('',#17488,.F.);
#17488 = EDGE_LOOP('',(#17489,#17498,#17504,#17505,#17506,#17513,#17514,
    #17515));
#17489 = ORIENTED_EDGE('',*,*,#17490,.F.);
#17490 = EDGE_CURVE('',#17491,#17491,#17493,.T.);
#17491 = VERTEX_POINT('',#17492);
#17492 = CARTESIAN_POINT('',(-1.65,-11.5,1.1));
#17493 = CIRCLE('',#17494,1.65);
#17494 = AXIS2_PLACEMENT_3D('',#17495,#17496,#17497);
#17495 = CARTESIAN_POINT('',(0.,-11.5,1.1));
#17496 = DIRECTION('',(0.,0.,-1.));
#17497 = DIRECTION('',(-1.,-0.,-0.));
#17498 = ORIENTED_EDGE('',*,*,#17499,.T.);
#17499 = EDGE_CURVE('',#17491,#17466,#17500,.T.);
#17500 = LINE('',#17501,#17502);
#17501 = CARTESIAN_POINT('',(-1.65,-11.5,1.1));
#17502 = VECTOR('',#17503,1.);
#17503 = DIRECTION('',(0.,0.,1.));
#17504 = ORIENTED_EDGE('',*,*,#17465,.F.);
#17505 = ORIENTED_EDGE('',*,*,#14996,.F.);
#17506 = ORIENTED_EDGE('',*,*,#17507,.T.);
#17507 = EDGE_CURVE('',#14989,#15061,#17508,.T.);
#17508 = CIRCLE('',#17509,1.65);
#17509 = AXIS2_PLACEMENT_3D('',#17510,#17511,#17512);
#17510 = CARTESIAN_POINT('',(0.,-11.5,7.1));
#17511 = DIRECTION('',(0.,0.,-1.));
#17512 = DIRECTION('',(-1.,-0.,-0.));
#17513 = ORIENTED_EDGE('',*,*,#15060,.T.);
#17514 = ORIENTED_EDGE('',*,*,#17474,.F.);
#17515 = ORIENTED_EDGE('',*,*,#17499,.F.);
#17516 = CYLINDRICAL_SURFACE('',#17517,1.65);
#17517 = AXIS2_PLACEMENT_3D('',#17518,#17519,#17520);
#17518 = CARTESIAN_POINT('',(0.,-11.5,1.1));
#17519 = DIRECTION('',(0.,0.,-1.));
#17520 = DIRECTION('',(-1.,-0.,-0.));
#17521 = ADVANCED_FACE('',(#17522),#17528,.F.);
#17522 = FACE_BOUND('',#17523,.T.);
#17523 = EDGE_LOOP('',(#17524,#17525,#17526,#17527));
#17524 = ORIENTED_EDGE('',*,*,#14988,.F.);
#17525 = ORIENTED_EDGE('',*,*,#17507,.T.);
#17526 = ORIENTED_EDGE('',*,*,#15068,.F.);
#17527 = ORIENTED_EDGE('',*,*,#15026,.F.);
#17528 = PLANE('',#17529);
#17529 = AXIS2_PLACEMENT_3D('',#17530,#17531,#17532);
#17530 = CARTESIAN_POINT('',(0.,-11.5,7.1));
#17531 = DIRECTION('',(0.,0.,1.));
#17532 = DIRECTION('',(1.,0.,0.));
#17533 = ADVANCED_FACE('',(#17534),#17563,.F.);
#17534 = FACE_BOUND('',#17535,.F.);
#17535 = EDGE_LOOP('',(#17536,#17545,#17551,#17552,#17553,#17560,#17561,
    #17562));
#17536 = ORIENTED_EDGE('',*,*,#17537,.F.);
#17537 = EDGE_CURVE('',#17538,#17538,#17540,.T.);
#17538 = VERTEX_POINT('',#17539);
#17539 = CARTESIAN_POINT('',(-113.65,-48.2,1.1));
#17540 = CIRCLE('',#17541,1.65);
#17541 = AXIS2_PLACEMENT_3D('',#17542,#17543,#17544);
#17542 = CARTESIAN_POINT('',(-112.,-48.2,1.1));
#17543 = DIRECTION('',(0.,0.,-1.));
#17544 = DIRECTION('',(-1.,-0.,-0.));
#17545 = ORIENTED_EDGE('',*,*,#17546,.T.);
#17546 = EDGE_CURVE('',#17538,#16649,#17547,.T.);
#17547 = LINE('',#17548,#17549);
#17548 = CARTESIAN_POINT('',(-113.65,-48.2,1.1));
#17549 = VECTOR('',#17550,1.);
#17550 = DIRECTION('',(0.,0.,1.));
#17551 = ORIENTED_EDGE('',*,*,#16648,.F.);
#17552 = ORIENTED_EDGE('',*,*,#16300,.F.);
#17553 = ORIENTED_EDGE('',*,*,#17554,.T.);
#17554 = EDGE_CURVE('',#16293,#16395,#17555,.T.);
#17555 = CIRCLE('',#17556,1.65);
#17556 = AXIS2_PLACEMENT_3D('',#17557,#17558,#17559);
#17557 = CARTESIAN_POINT('',(-112.,-48.2,7.1));
#17558 = DIRECTION('',(0.,0.,-1.));
#17559 = DIRECTION('',(-1.,-0.,-0.));
#17560 = ORIENTED_EDGE('',*,*,#16394,.T.);
#17561 = ORIENTED_EDGE('',*,*,#16657,.F.);
#17562 = ORIENTED_EDGE('',*,*,#17546,.F.);
#17563 = CYLINDRICAL_SURFACE('',#17564,1.65);
#17564 = AXIS2_PLACEMENT_3D('',#17565,#17566,#17567);
#17565 = CARTESIAN_POINT('',(-112.,-48.2,1.1));
#17566 = DIRECTION('',(0.,0.,-1.));
#17567 = DIRECTION('',(-1.,-0.,-0.));
#17568 = ADVANCED_FACE('',(#17569),#17577,.F.);
#17569 = FACE_BOUND('',#17570,.T.);
#17570 = EDGE_LOOP('',(#17571,#17572,#17573,#17574,#17575,#17576));
#17571 = ORIENTED_EDGE('',*,*,#16292,.F.);
#17572 = ORIENTED_EDGE('',*,*,#17554,.T.);
#17573 = ORIENTED_EDGE('',*,*,#16402,.F.);
#17574 = ORIENTED_EDGE('',*,*,#16362,.F.);
#17575 = ORIENTED_EDGE('',*,*,#16338,.F.);
#17576 = ORIENTED_EDGE('',*,*,#16314,.F.);
#17577 = PLANE('',#17578);
#17578 = AXIS2_PLACEMENT_3D('',#17579,#17580,#17581);
#17579 = CARTESIAN_POINT('',(-112.,-48.2,7.1));
#17580 = DIRECTION('',(0.,0.,1.));
#17581 = DIRECTION('',(1.,0.,0.));
#17582 = ADVANCED_FACE('',(#17583),#17602,.T.);
#17583 = FACE_BOUND('',#17584,.T.);
#17584 = EDGE_LOOP('',(#17585,#17586,#17594,#17601));
#17585 = ORIENTED_EDGE('',*,*,#16928,.T.);
#17586 = ORIENTED_EDGE('',*,*,#17587,.T.);
#17587 = EDGE_CURVE('',#16929,#17588,#17590,.T.);
#17588 = VERTEX_POINT('',#17589);
#17589 = CARTESIAN_POINT('',(-61.5,-4.4,6.1));
#17590 = LINE('',#17591,#17592);
#17591 = CARTESIAN_POINT('',(-61.5,-4.4,0.));
#17592 = VECTOR('',#17593,1.);
#17593 = DIRECTION('',(0.,0.,1.));
#17594 = ORIENTED_EDGE('',*,*,#17595,.T.);
#17595 = EDGE_CURVE('',#17588,#17588,#17596,.T.);
#17596 = CIRCLE('',#17597,3.);
#17597 = AXIS2_PLACEMENT_3D('',#17598,#17599,#17600);
#17598 = CARTESIAN_POINT('',(-58.5,-4.4,6.1));
#17599 = DIRECTION('',(0.,0.,-1.));
#17600 = DIRECTION('',(-1.,-0.,-0.));
#17601 = ORIENTED_EDGE('',*,*,#17587,.F.);
#17602 = CYLINDRICAL_SURFACE('',#17603,3.);
#17603 = AXIS2_PLACEMENT_3D('',#17604,#17605,#17606);
#17604 = CARTESIAN_POINT('',(-58.5,-4.4,0.));
#17605 = DIRECTION('',(0.,0.,-1.));
#17606 = DIRECTION('',(-1.,-0.,-0.));
#17607 = ADVANCED_FACE('',(#17608),#17633,.F.);
#17608 = FACE_BOUND('',#17609,.T.);
#17609 = EDGE_LOOP('',(#17610,#17620,#17626,#17627));
#17610 = ORIENTED_EDGE('',*,*,#17611,.F.);
#17611 = EDGE_CURVE('',#17612,#17614,#17616,.T.);
#17612 = VERTEX_POINT('',#17613);
#17613 = CARTESIAN_POINT('',(-90.75,24.15,1.2));
#17614 = VERTEX_POINT('',#17615);
#17615 = CARTESIAN_POINT('',(-90.75,55.65,1.2));
#17616 = LINE('',#17617,#17618);
#17617 = CARTESIAN_POINT('',(-90.75,24.15,1.2));
#17618 = VECTOR('',#17619,1.);
#17619 = DIRECTION('',(0.,1.,0.));
#17620 = ORIENTED_EDGE('',*,*,#17621,.T.);
#17621 = EDGE_CURVE('',#17612,#16942,#17622,.T.);
#17622 = LINE('',#17623,#17624);
#17623 = CARTESIAN_POINT('',(-90.75,24.15,1.2));
#17624 = VECTOR('',#17625,1.);
#17625 = DIRECTION('',(0.,0.,1.));
#17626 = ORIENTED_EDGE('',*,*,#16939,.F.);
#17627 = ORIENTED_EDGE('',*,*,#17628,.F.);
#17628 = EDGE_CURVE('',#17614,#16940,#17629,.T.);
#17629 = LINE('',#17630,#17631);
#17630 = CARTESIAN_POINT('',(-90.75,55.65,1.2));
#17631 = VECTOR('',#17632,1.);
#17632 = DIRECTION('',(0.,0.,1.));
#17633 = PLANE('',#17634);
#17634 = AXIS2_PLACEMENT_3D('',#17635,#17636,#17637);
#17635 = CARTESIAN_POINT('',(-90.75,24.15,1.2));
#17636 = DIRECTION('',(1.,0.,0.));
#17637 = DIRECTION('',(0.,-1.,0.));
#17638 = ADVANCED_FACE('',(#17639),#17657,.T.);
#17639 = FACE_BOUND('',#17640,.F.);
#17640 = EDGE_LOOP('',(#17641,#17649,#17650,#17651));
#17641 = ORIENTED_EDGE('',*,*,#17642,.F.);
#17642 = EDGE_CURVE('',#17612,#17643,#17645,.T.);
#17643 = VERTEX_POINT('',#17644);
#17644 = CARTESIAN_POINT('',(-112.25,24.15,1.2));
#17645 = LINE('',#17646,#17647);
#17646 = CARTESIAN_POINT('',(-90.75,24.15,1.2));
#17647 = VECTOR('',#17648,1.);
#17648 = DIRECTION('',(-1.,-0.,-0.));
#17649 = ORIENTED_EDGE('',*,*,#17621,.T.);
#17650 = ORIENTED_EDGE('',*,*,#16965,.F.);
#17651 = ORIENTED_EDGE('',*,*,#17652,.F.);
#17652 = EDGE_CURVE('',#17643,#16958,#17653,.T.);
#17653 = LINE('',#17654,#17655);
#17654 = CARTESIAN_POINT('',(-112.25,24.15,1.2));
#17655 = VECTOR('',#17656,1.);
#17656 = DIRECTION('',(0.,0.,1.));
#17657 = PLANE('',#17658);
#17658 = AXIS2_PLACEMENT_3D('',#17659,#17660,#17661);
#17659 = CARTESIAN_POINT('',(-90.75,24.15,1.2));
#17660 = DIRECTION('',(0.,1.,0.));
#17661 = DIRECTION('',(1.,0.,0.));
#17662 = ADVANCED_FACE('',(#17663),#17681,.T.);
#17663 = FACE_BOUND('',#17664,.F.);
#17664 = EDGE_LOOP('',(#17665,#17673,#17674,#17675));
#17665 = ORIENTED_EDGE('',*,*,#17666,.F.);
#17666 = EDGE_CURVE('',#17643,#17667,#17669,.T.);
#17667 = VERTEX_POINT('',#17668);
#17668 = CARTESIAN_POINT('',(-112.25,55.65,1.2));
#17669 = LINE('',#17670,#17671);
#17670 = CARTESIAN_POINT('',(-112.25,24.15,1.2));
#17671 = VECTOR('',#17672,1.);
#17672 = DIRECTION('',(0.,1.,0.));
#17673 = ORIENTED_EDGE('',*,*,#17652,.T.);
#17674 = ORIENTED_EDGE('',*,*,#16957,.F.);
#17675 = ORIENTED_EDGE('',*,*,#17676,.F.);
#17676 = EDGE_CURVE('',#17667,#16950,#17677,.T.);
#17677 = LINE('',#17678,#17679);
#17678 = CARTESIAN_POINT('',(-112.25,55.65,1.2));
#17679 = VECTOR('',#17680,1.);
#17680 = DIRECTION('',(0.,0.,1.));
#17681 = PLANE('',#17682);
#17682 = AXIS2_PLACEMENT_3D('',#17683,#17684,#17685);
#17683 = CARTESIAN_POINT('',(-112.25,24.15,1.2));
#17684 = DIRECTION('',(1.,0.,0.));
#17685 = DIRECTION('',(0.,-1.,0.));
#17686 = ADVANCED_FACE('',(#17687),#17698,.F.);
#17687 = FACE_BOUND('',#17688,.T.);
#17688 = EDGE_LOOP('',(#17689,#17695,#17696,#17697));
#17689 = ORIENTED_EDGE('',*,*,#17690,.F.);
#17690 = EDGE_CURVE('',#17614,#17667,#17691,.T.);
#17691 = LINE('',#17692,#17693);
#17692 = CARTESIAN_POINT('',(-90.75,55.65,1.2));
#17693 = VECTOR('',#17694,1.);
#17694 = DIRECTION('',(-1.,-0.,-0.));
#17695 = ORIENTED_EDGE('',*,*,#17628,.T.);
#17696 = ORIENTED_EDGE('',*,*,#16949,.F.);
#17697 = ORIENTED_EDGE('',*,*,#17676,.F.);
#17698 = PLANE('',#17699);
#17699 = AXIS2_PLACEMENT_3D('',#17700,#17701,#17702);
#17700 = CARTESIAN_POINT('',(-90.75,55.65,1.2));
#17701 = DIRECTION('',(0.,1.,0.));
#17702 = DIRECTION('',(1.,0.,0.));
#17703 = ADVANCED_FACE('',(#17704),#17707,.T.);
#17704 = FACE_BOUND('',#17705,.T.);
#17705 = EDGE_LOOP('',(#17706));
#17706 = ORIENTED_EDGE('',*,*,#17029,.F.);
#17707 = PLANE('',#17708);
#17708 = AXIS2_PLACEMENT_3D('',#17709,#17710,#17711);
#17709 = CARTESIAN_POINT('',(-119.5,9.2,1.1));
#17710 = DIRECTION('',(0.,0.,1.));
#17711 = DIRECTION('',(1.,0.,0.));
#17712 = ADVANCED_FACE('',(#17713),#17716,.T.);
#17713 = FACE_BOUND('',#17714,.T.);
#17714 = EDGE_LOOP('',(#17715));
#17715 = ORIENTED_EDGE('',*,*,#17126,.F.);
#17716 = PLANE('',#17717);
#17717 = AXIS2_PLACEMENT_3D('',#17718,#17719,#17720);
#17718 = CARTESIAN_POINT('',(-119.,60.5,1.1));
#17719 = DIRECTION('',(0.,0.,1.));
#17720 = DIRECTION('',(1.,0.,0.));
#17721 = ADVANCED_FACE('',(#17722),#17725,.T.);
#17722 = FACE_BOUND('',#17723,.T.);
#17723 = EDGE_LOOP('',(#17724));
#17724 = ORIENTED_EDGE('',*,*,#17227,.F.);
#17725 = PLANE('',#17726);
#17726 = AXIS2_PLACEMENT_3D('',#17727,#17728,#17729);
#17727 = CARTESIAN_POINT('',(-76.2,57.1,1.1));
#17728 = DIRECTION('',(0.,0.,1.));
#17729 = DIRECTION('',(1.,0.,0.));
#17730 = ADVANCED_FACE('',(#17731),#17734,.T.);
#17731 = FACE_BOUND('',#17732,.T.);
#17732 = EDGE_LOOP('',(#17733));
#17733 = ORIENTED_EDGE('',*,*,#17315,.F.);
#17734 = PLANE('',#17735);
#17735 = AXIS2_PLACEMENT_3D('',#17736,#17737,#17738);
#17736 = CARTESIAN_POINT('',(-38.1,66.,1.1));
#17737 = DIRECTION('',(0.,0.,1.));
#17738 = DIRECTION('',(1.,0.,0.));
#17739 = ADVANCED_FACE('',(#17740),#17743,.T.);
#17740 = FACE_BOUND('',#17741,.T.);
#17741 = EDGE_LOOP('',(#17742));
#17742 = ORIENTED_EDGE('',*,*,#17402,.F.);
#17743 = PLANE('',#17744);
#17744 = AXIS2_PLACEMENT_3D('',#17745,#17746,#17747);
#17745 = CARTESIAN_POINT('',(11.5,22.,1.1));
#17746 = DIRECTION('',(0.,0.,1.));
#17747 = DIRECTION('',(1.,0.,0.));
#17748 = ADVANCED_FACE('',(#17749),#17752,.T.);
#17749 = FACE_BOUND('',#17750,.T.);
#17750 = EDGE_LOOP('',(#17751));
#17751 = ORIENTED_EDGE('',*,*,#17490,.F.);
#17752 = PLANE('',#17753);
#17753 = AXIS2_PLACEMENT_3D('',#17754,#17755,#17756);
#17754 = CARTESIAN_POINT('',(0.,-11.5,1.1));
#17755 = DIRECTION('',(0.,0.,1.));
#17756 = DIRECTION('',(1.,0.,0.));
#17757 = ADVANCED_FACE('',(#17758),#17761,.T.);
#17758 = FACE_BOUND('',#17759,.T.);
#17759 = EDGE_LOOP('',(#17760));
#17760 = ORIENTED_EDGE('',*,*,#17537,.F.);
#17761 = PLANE('',#17762);
#17762 = AXIS2_PLACEMENT_3D('',#17763,#17764,#17765);
#17763 = CARTESIAN_POINT('',(-112.,-48.2,1.1));
#17764 = DIRECTION('',(0.,0.,1.));
#17765 = DIRECTION('',(1.,0.,0.));
#17766 = ADVANCED_FACE('',(#17767,#17770),#17781,.T.);
#17767 = FACE_BOUND('',#17768,.F.);
#17768 = EDGE_LOOP('',(#17769));
#17769 = ORIENTED_EDGE('',*,*,#17595,.T.);
#17770 = FACE_BOUND('',#17771,.F.);
#17771 = EDGE_LOOP('',(#17772));
#17772 = ORIENTED_EDGE('',*,*,#17773,.T.);
#17773 = EDGE_CURVE('',#17774,#17774,#17776,.T.);
#17774 = VERTEX_POINT('',#17775);
#17775 = CARTESIAN_POINT('',(-60.15,-4.4,6.1));
#17776 = CIRCLE('',#17777,1.65);
#17777 = AXIS2_PLACEMENT_3D('',#17778,#17779,#17780);
#17778 = CARTESIAN_POINT('',(-58.5,-4.4,6.1));
#17779 = DIRECTION('',(0.,0.,1.));
#17780 = DIRECTION('',(-1.,-0.,-0.));
#17781 = PLANE('',#17782);
#17782 = AXIS2_PLACEMENT_3D('',#17783,#17784,#17785);
#17783 = CARTESIAN_POINT('',(-58.5,-4.4,6.1));
#17784 = DIRECTION('',(0.,0.,1.));
#17785 = DIRECTION('',(1.,0.,0.));
#17786 = ADVANCED_FACE('',(#17787),#17793,.T.);
#17787 = FACE_BOUND('',#17788,.F.);
#17788 = EDGE_LOOP('',(#17789,#17790,#17791,#17792));
#17789 = ORIENTED_EDGE('',*,*,#17611,.F.);
#17790 = ORIENTED_EDGE('',*,*,#17642,.T.);
#17791 = ORIENTED_EDGE('',*,*,#17666,.T.);
#17792 = ORIENTED_EDGE('',*,*,#17690,.F.);
#17793 = PLANE('',#17794);
#17794 = AXIS2_PLACEMENT_3D('',#17795,#17796,#17797);
#17795 = CARTESIAN_POINT('',(-90.75,24.15,1.2));
#17796 = DIRECTION('',(0.,0.,1.));
#17797 = DIRECTION('',(1.,0.,0.));
#17798 = ADVANCED_FACE('',(#17799),#17818,.F.);
#17799 = FACE_BOUND('',#17800,.F.);
#17800 = EDGE_LOOP('',(#17801,#17810,#17816,#17817));
#17801 = ORIENTED_EDGE('',*,*,#17802,.F.);
#17802 = EDGE_CURVE('',#17803,#17803,#17805,.T.);
#17803 = VERTEX_POINT('',#17804);
#17804 = CARTESIAN_POINT('',(-60.15,-4.4,1.1));
#17805 = CIRCLE('',#17806,1.65);
#17806 = AXIS2_PLACEMENT_3D('',#17807,#17808,#17809);
#17807 = CARTESIAN_POINT('',(-58.5,-4.4,1.1));
#17808 = DIRECTION('',(0.,0.,-1.));
#17809 = DIRECTION('',(-1.,-0.,-0.));
#17810 = ORIENTED_EDGE('',*,*,#17811,.T.);
#17811 = EDGE_CURVE('',#17803,#17774,#17812,.T.);
#17812 = LINE('',#17813,#17814);
#17813 = CARTESIAN_POINT('',(-60.15,-4.4,1.1));
#17814 = VECTOR('',#17815,1.);
#17815 = DIRECTION('',(0.,0.,1.));
#17816 = ORIENTED_EDGE('',*,*,#17773,.F.);
#17817 = ORIENTED_EDGE('',*,*,#17811,.F.);
#17818 = CYLINDRICAL_SURFACE('',#17819,1.65);
#17819 = AXIS2_PLACEMENT_3D('',#17820,#17821,#17822);
#17820 = CARTESIAN_POINT('',(-58.5,-4.4,1.1));
#17821 = DIRECTION('',(0.,0.,-1.));
#17822 = DIRECTION('',(-1.,-0.,-0.));
#17823 = ADVANCED_FACE('',(#17824),#17827,.T.);
#17824 = FACE_BOUND('',#17825,.T.);
#17825 = EDGE_LOOP('',(#17826));
#17826 = ORIENTED_EDGE('',*,*,#17802,.F.);
#17827 = PLANE('',#17828);
#17828 = AXIS2_PLACEMENT_3D('',#17829,#17830,#17831);
#17829 = CARTESIAN_POINT('',(-58.5,-4.4,1.1));
#17830 = DIRECTION('',(0.,0.,1.));
#17831 = DIRECTION('',(1.,0.,0.));
#17832 = ADVANCED_FACE('',(#17833,#18132,#18143,#18154,#18165,#18176,
    #18187,#18198),#18227,.T.);
#17833 = FACE_BOUND('',#17834,.T.);
#17834 = EDGE_LOOP('',(#17835,#17836,#17837,#17838,#17839,#17840,#17841,
    #17842,#17843,#17844,#17845,#17846,#17847,#17848,#17849,#17850,
    #17851,#17852,#17853,#17854,#17855,#17856,#17857,#17858,#17859,
    #17860,#17861,#17862,#17863,#17864,#17865,#17866,#17867,#17868,
    #17869,#17870,#17871,#17872,#17873,#17874,#17875,#17876,#17877,
    #17878,#17879,#17880,#17881,#17882,#17883,#17884,#17885,#17886,
    #17887,#17888,#17889,#17890,#17891,#17892,#17893,#17894,#17895,
    #17896,#17897,#17898,#17899,#17900,#17901,#17902,#17903,#17904,
    #17905,#17906,#17907,#17908,#17909,#17910,#17911,#17912,#17913,
    #17914,#17915,#17916,#17917,#17918,#17919,#17920,#17921,#17922,
    #17923,#17924,#17925,#17926,#17927,#17928,#17929,#17930,#17931,
    #17932,#17933,#17934,#17935,#17936,#17937,#17938,#17939,#17940,
    #17941,#17942,#17943,#17944,#17945,#17946,#17947,#17948,#17949,
    #17950,#17951,#17952,#17953,#17954,#17955,#17956,#17957,#17958,
    #17959,#17960,#17961,#17962,#17963,#17964,#17965,#17966,#17967,
    #17968,#17969,#17970,#17971,#17972,#17973,#17974,#17975,#17976,
    #17977,#17978,#17979,#17980,#17981,#17982,#17983,#17984,#17985,
    #17986,#17987,#17988,#17989,#17990,#17991,#17992,#17993,#17994,
    #17995,#17996,#17997,#17998,#17999,#18000,#18001,#18002,#18003,
    #18004,#18005,#18006,#18007,#18008,#18009,#18010,#18011,#18012,
    #18013,#18014,#18015,#18016,#18017,#18018,#18019,#18020,#18021,
    #18022,#18023,#18024,#18025,#18026,#18027,#18028,#18029,#18030,
    #18031,#18032,#18033,#18034,#18035,#18036,#18037,#18038,#18039,
    #18040,#18041,#18042,#18043,#18044,#18045,#18046,#18047,#18048,
    #18049,#18050,#18051,#18052,#18053,#18054,#18055,#18056,#18057,
    #18058,#18059,#18060,#18061,#18062,#18063,#18064,#18065,#18066,
    #18067,#18068,#18069,#18070,#18071,#18072,#18073,#18074,#18075,
    #18076,#18077,#18078,#18079,#18080,#18081,#18082,#18083,#18084,
    #18085,#18086,#18087,#18088,#18089,#18090,#18091,#18092,#18093,
    #18094,#18095,#18096,#18097,#18098,#18099,#18100,#18101,#18102,
    #18103,#18104,#18105,#18106,#18107,#18108,#18109,#18110,#18111,
    #18112,#18113,#18114,#18115,#18116,#18117,#18118,#18119,#18120,
    #18121,#18122,#18123,#18124,#18125,#18126,#18127,#18128,#18129,
    #18130,#18131));
#17835 = ORIENTED_EDGE('',*,*,#79,.F.);
#17836 = ORIENTED_EDGE('',*,*,#47,.T.);
#17837 = ORIENTED_EDGE('',*,*,#112,.F.);
#17838 = ORIENTED_EDGE('',*,*,#4139,.T.);
#17839 = ORIENTED_EDGE('',*,*,#11243,.F.);
#17840 = ORIENTED_EDGE('',*,*,#11226,.T.);
#17841 = ORIENTED_EDGE('',*,*,#11201,.F.);
#17842 = ORIENTED_EDGE('',*,*,#11177,.T.);
#17843 = ORIENTED_EDGE('',*,*,#11152,.F.);
#17844 = ORIENTED_EDGE('',*,*,#11128,.T.);
#17845 = ORIENTED_EDGE('',*,*,#11103,.F.);
#17846 = ORIENTED_EDGE('',*,*,#11079,.T.);
#17847 = ORIENTED_EDGE('',*,*,#11054,.F.);
#17848 = ORIENTED_EDGE('',*,*,#11030,.T.);
#17849 = ORIENTED_EDGE('',*,*,#11005,.F.);
#17850 = ORIENTED_EDGE('',*,*,#10981,.T.);
#17851 = ORIENTED_EDGE('',*,*,#10956,.F.);
#17852 = ORIENTED_EDGE('',*,*,#10932,.T.);
#17853 = ORIENTED_EDGE('',*,*,#10907,.F.);
#17854 = ORIENTED_EDGE('',*,*,#10883,.T.);
#17855 = ORIENTED_EDGE('',*,*,#10858,.F.);
#17856 = ORIENTED_EDGE('',*,*,#10834,.T.);
#17857 = ORIENTED_EDGE('',*,*,#10809,.F.);
#17858 = ORIENTED_EDGE('',*,*,#10785,.T.);
#17859 = ORIENTED_EDGE('',*,*,#10760,.F.);
#17860 = ORIENTED_EDGE('',*,*,#10736,.T.);
#17861 = ORIENTED_EDGE('',*,*,#10711,.F.);
#17862 = ORIENTED_EDGE('',*,*,#10687,.T.);
#17863 = ORIENTED_EDGE('',*,*,#10662,.F.);
#17864 = ORIENTED_EDGE('',*,*,#10638,.T.);
#17865 = ORIENTED_EDGE('',*,*,#10613,.F.);
#17866 = ORIENTED_EDGE('',*,*,#10589,.T.);
#17867 = ORIENTED_EDGE('',*,*,#10564,.F.);
#17868 = ORIENTED_EDGE('',*,*,#10540,.T.);
#17869 = ORIENTED_EDGE('',*,*,#10516,.T.);
#17870 = ORIENTED_EDGE('',*,*,#10491,.F.);
#17871 = ORIENTED_EDGE('',*,*,#10467,.T.);
#17872 = ORIENTED_EDGE('',*,*,#10442,.F.);
#17873 = ORIENTED_EDGE('',*,*,#10418,.T.);
#17874 = ORIENTED_EDGE('',*,*,#10394,.T.);
#17875 = ORIENTED_EDGE('',*,*,#10370,.T.);
#17876 = ORIENTED_EDGE('',*,*,#10346,.T.);
#17877 = ORIENTED_EDGE('',*,*,#10322,.T.);
#17878 = ORIENTED_EDGE('',*,*,#10298,.T.);
#17879 = ORIENTED_EDGE('',*,*,#10274,.T.);
#17880 = ORIENTED_EDGE('',*,*,#10250,.T.);
#17881 = ORIENTED_EDGE('',*,*,#10226,.T.);
#17882 = ORIENTED_EDGE('',*,*,#10202,.T.);
#17883 = ORIENTED_EDGE('',*,*,#10178,.T.);
#17884 = ORIENTED_EDGE('',*,*,#10154,.T.);
#17885 = ORIENTED_EDGE('',*,*,#10130,.T.);
#17886 = ORIENTED_EDGE('',*,*,#10106,.T.);
#17887 = ORIENTED_EDGE('',*,*,#10082,.T.);
#17888 = ORIENTED_EDGE('',*,*,#10058,.T.);
#17889 = ORIENTED_EDGE('',*,*,#10033,.F.);
#17890 = ORIENTED_EDGE('',*,*,#9976,.T.);
#17891 = ORIENTED_EDGE('',*,*,#16619,.T.);
#17892 = ORIENTED_EDGE('',*,*,#9954,.T.);
#17893 = ORIENTED_EDGE('',*,*,#9921,.F.);
#17894 = ORIENTED_EDGE('',*,*,#9897,.T.);
#17895 = ORIENTED_EDGE('',*,*,#9872,.F.);
#17896 = ORIENTED_EDGE('',*,*,#9848,.T.);
#17897 = ORIENTED_EDGE('',*,*,#9823,.F.);
#17898 = ORIENTED_EDGE('',*,*,#9799,.T.);
#17899 = ORIENTED_EDGE('',*,*,#9774,.F.);
#17900 = ORIENTED_EDGE('',*,*,#9750,.T.);
#17901 = ORIENTED_EDGE('',*,*,#9725,.F.);
#17902 = ORIENTED_EDGE('',*,*,#9701,.T.);
#17903 = ORIENTED_EDGE('',*,*,#9676,.F.);
#17904 = ORIENTED_EDGE('',*,*,#9652,.T.);
#17905 = ORIENTED_EDGE('',*,*,#9627,.F.);
#17906 = ORIENTED_EDGE('',*,*,#9603,.T.);
#17907 = ORIENTED_EDGE('',*,*,#9578,.F.);
#17908 = ORIENTED_EDGE('',*,*,#9554,.T.);
#17909 = ORIENTED_EDGE('',*,*,#9529,.F.);
#17910 = ORIENTED_EDGE('',*,*,#9505,.T.);
#17911 = ORIENTED_EDGE('',*,*,#9480,.F.);
#17912 = ORIENTED_EDGE('',*,*,#9456,.T.);
#17913 = ORIENTED_EDGE('',*,*,#9431,.F.);
#17914 = ORIENTED_EDGE('',*,*,#9374,.T.);
#17915 = ORIENTED_EDGE('',*,*,#16558,.T.);
#17916 = ORIENTED_EDGE('',*,*,#9332,.F.);
#17917 = ORIENTED_EDGE('',*,*,#9318,.T.);
#17918 = ORIENTED_EDGE('',*,*,#9293,.F.);
#17919 = ORIENTED_EDGE('',*,*,#9269,.T.);
#17920 = ORIENTED_EDGE('',*,*,#9244,.F.);
#17921 = ORIENTED_EDGE('',*,*,#9220,.T.);
#17922 = ORIENTED_EDGE('',*,*,#9195,.F.);
#17923 = ORIENTED_EDGE('',*,*,#9171,.T.);
#17924 = ORIENTED_EDGE('',*,*,#9146,.F.);
#17925 = ORIENTED_EDGE('',*,*,#9122,.T.);
#17926 = ORIENTED_EDGE('',*,*,#9097,.F.);
#17927 = ORIENTED_EDGE('',*,*,#9073,.T.);
#17928 = ORIENTED_EDGE('',*,*,#9049,.T.);
#17929 = ORIENTED_EDGE('',*,*,#9025,.T.);
#17930 = ORIENTED_EDGE('',*,*,#9001,.T.);
#17931 = ORIENTED_EDGE('',*,*,#8977,.T.);
#17932 = ORIENTED_EDGE('',*,*,#8911,.T.);
#17933 = ORIENTED_EDGE('',*,*,#16524,.T.);
#17934 = ORIENTED_EDGE('',*,*,#8929,.T.);
#17935 = ORIENTED_EDGE('',*,*,#8897,.T.);
#17936 = ORIENTED_EDGE('',*,*,#8873,.T.);
#17937 = ORIENTED_EDGE('',*,*,#8849,.T.);
#17938 = ORIENTED_EDGE('',*,*,#8825,.T.);
#17939 = ORIENTED_EDGE('',*,*,#8800,.F.);
#17940 = ORIENTED_EDGE('',*,*,#8776,.T.);
#17941 = ORIENTED_EDGE('',*,*,#8751,.F.);
#17942 = ORIENTED_EDGE('',*,*,#8727,.T.);
#17943 = ORIENTED_EDGE('',*,*,#8702,.F.);
#17944 = ORIENTED_EDGE('',*,*,#8678,.T.);
#17945 = ORIENTED_EDGE('',*,*,#8653,.F.);
#17946 = ORIENTED_EDGE('',*,*,#8629,.T.);
#17947 = ORIENTED_EDGE('',*,*,#8604,.F.);
#17948 = ORIENTED_EDGE('',*,*,#8580,.T.);
#17949 = ORIENTED_EDGE('',*,*,#8556,.T.);
#17950 = ORIENTED_EDGE('',*,*,#8532,.T.);
#17951 = ORIENTED_EDGE('',*,*,#8508,.T.);
#17952 = ORIENTED_EDGE('',*,*,#8484,.T.);
#17953 = ORIENTED_EDGE('',*,*,#8460,.T.);
#17954 = ORIENTED_EDGE('',*,*,#8436,.T.);
#17955 = ORIENTED_EDGE('',*,*,#8411,.F.);
#17956 = ORIENTED_EDGE('',*,*,#8387,.T.);
#17957 = ORIENTED_EDGE('',*,*,#8362,.F.);
#17958 = ORIENTED_EDGE('',*,*,#8338,.T.);
#17959 = ORIENTED_EDGE('',*,*,#8313,.F.);
#17960 = ORIENTED_EDGE('',*,*,#8289,.T.);
#17961 = ORIENTED_EDGE('',*,*,#8264,.F.);
#17962 = ORIENTED_EDGE('',*,*,#8240,.T.);
#17963 = ORIENTED_EDGE('',*,*,#8215,.F.);
#17964 = ORIENTED_EDGE('',*,*,#8191,.T.);
#17965 = ORIENTED_EDGE('',*,*,#8166,.F.);
#17966 = ORIENTED_EDGE('',*,*,#8142,.T.);
#17967 = ORIENTED_EDGE('',*,*,#8117,.F.);
#17968 = ORIENTED_EDGE('',*,*,#8051,.T.);
#17969 = ORIENTED_EDGE('',*,*,#16490,.T.);
#17970 = ORIENTED_EDGE('',*,*,#8069,.T.);
#17971 = ORIENTED_EDGE('',*,*,#8036,.F.);
#17972 = ORIENTED_EDGE('',*,*,#8012,.T.);
#17973 = ORIENTED_EDGE('',*,*,#7987,.F.);
#17974 = ORIENTED_EDGE('',*,*,#7963,.T.);
#17975 = ORIENTED_EDGE('',*,*,#7938,.F.);
#17976 = ORIENTED_EDGE('',*,*,#7914,.T.);
#17977 = ORIENTED_EDGE('',*,*,#7889,.F.);
#17978 = ORIENTED_EDGE('',*,*,#7865,.T.);
#17979 = ORIENTED_EDGE('',*,*,#7840,.F.);
#17980 = ORIENTED_EDGE('',*,*,#7816,.T.);
#17981 = ORIENTED_EDGE('',*,*,#7791,.F.);
#17982 = ORIENTED_EDGE('',*,*,#7767,.T.);
#17983 = ORIENTED_EDGE('',*,*,#7743,.T.);
#17984 = ORIENTED_EDGE('',*,*,#7719,.T.);
#17985 = ORIENTED_EDGE('',*,*,#7695,.T.);
#17986 = ORIENTED_EDGE('',*,*,#7671,.T.);
#17987 = ORIENTED_EDGE('',*,*,#7647,.T.);
#17988 = ORIENTED_EDGE('',*,*,#7623,.T.);
#17989 = ORIENTED_EDGE('',*,*,#7599,.T.);
#17990 = ORIENTED_EDGE('',*,*,#7574,.F.);
#17991 = ORIENTED_EDGE('',*,*,#7550,.T.);
#17992 = ORIENTED_EDGE('',*,*,#7525,.F.);
#17993 = ORIENTED_EDGE('',*,*,#7501,.T.);
#17994 = ORIENTED_EDGE('',*,*,#7476,.F.);
#17995 = ORIENTED_EDGE('',*,*,#7452,.T.);
#17996 = ORIENTED_EDGE('',*,*,#7427,.F.);
#17997 = ORIENTED_EDGE('',*,*,#7403,.T.);
#17998 = ORIENTED_EDGE('',*,*,#7378,.F.);
#17999 = ORIENTED_EDGE('',*,*,#7354,.T.);
#18000 = ORIENTED_EDGE('',*,*,#7329,.F.);
#18001 = ORIENTED_EDGE('',*,*,#7305,.T.);
#18002 = ORIENTED_EDGE('',*,*,#7280,.F.);
#18003 = ORIENTED_EDGE('',*,*,#7256,.T.);
#18004 = ORIENTED_EDGE('',*,*,#7231,.F.);
#18005 = ORIENTED_EDGE('',*,*,#7207,.T.);
#18006 = ORIENTED_EDGE('',*,*,#7183,.T.);
#18007 = ORIENTED_EDGE('',*,*,#7159,.T.);
#18008 = ORIENTED_EDGE('',*,*,#7135,.T.);
#18009 = ORIENTED_EDGE('',*,*,#7111,.T.);
#18010 = ORIENTED_EDGE('',*,*,#7087,.T.);
#18011 = ORIENTED_EDGE('',*,*,#7063,.T.);
#18012 = ORIENTED_EDGE('',*,*,#7039,.T.);
#18013 = ORIENTED_EDGE('',*,*,#7015,.T.);
#18014 = ORIENTED_EDGE('',*,*,#6990,.F.);
#18015 = ORIENTED_EDGE('',*,*,#6966,.T.);
#18016 = ORIENTED_EDGE('',*,*,#6941,.F.);
#18017 = ORIENTED_EDGE('',*,*,#6917,.T.);
#18018 = ORIENTED_EDGE('',*,*,#6892,.F.);
#18019 = ORIENTED_EDGE('',*,*,#6868,.T.);
#18020 = ORIENTED_EDGE('',*,*,#6843,.F.);
#18021 = ORIENTED_EDGE('',*,*,#6819,.T.);
#18022 = ORIENTED_EDGE('',*,*,#6794,.F.);
#18023 = ORIENTED_EDGE('',*,*,#6770,.T.);
#18024 = ORIENTED_EDGE('',*,*,#6745,.F.);
#18025 = ORIENTED_EDGE('',*,*,#6721,.T.);
#18026 = ORIENTED_EDGE('',*,*,#6696,.F.);
#18027 = ORIENTED_EDGE('',*,*,#6672,.T.);
#18028 = ORIENTED_EDGE('',*,*,#6647,.F.);
#18029 = ORIENTED_EDGE('',*,*,#6623,.T.);
#18030 = ORIENTED_EDGE('',*,*,#6598,.F.);
#18031 = ORIENTED_EDGE('',*,*,#6532,.T.);
#18032 = ORIENTED_EDGE('',*,*,#16456,.T.);
#18033 = ORIENTED_EDGE('',*,*,#6550,.T.);
#18034 = ORIENTED_EDGE('',*,*,#6517,.F.);
#18035 = ORIENTED_EDGE('',*,*,#6493,.T.);
#18036 = ORIENTED_EDGE('',*,*,#6468,.F.);
#18037 = ORIENTED_EDGE('',*,*,#6444,.T.);
#18038 = ORIENTED_EDGE('',*,*,#6419,.F.);
#18039 = ORIENTED_EDGE('',*,*,#6395,.T.);
#18040 = ORIENTED_EDGE('',*,*,#6370,.F.);
#18041 = ORIENTED_EDGE('',*,*,#6346,.T.);
#18042 = ORIENTED_EDGE('',*,*,#6321,.F.);
#18043 = ORIENTED_EDGE('',*,*,#6297,.T.);
#18044 = ORIENTED_EDGE('',*,*,#6272,.F.);
#18045 = ORIENTED_EDGE('',*,*,#6248,.T.);
#18046 = ORIENTED_EDGE('',*,*,#6223,.F.);
#18047 = ORIENTED_EDGE('',*,*,#6199,.T.);
#18048 = ORIENTED_EDGE('',*,*,#6174,.F.);
#18049 = ORIENTED_EDGE('',*,*,#6150,.T.);
#18050 = ORIENTED_EDGE('',*,*,#6125,.F.);
#18051 = ORIENTED_EDGE('',*,*,#6101,.T.);
#18052 = ORIENTED_EDGE('',*,*,#6077,.T.);
#18053 = ORIENTED_EDGE('',*,*,#6053,.T.);
#18054 = ORIENTED_EDGE('',*,*,#6029,.T.);
#18055 = ORIENTED_EDGE('',*,*,#6005,.T.);
#18056 = ORIENTED_EDGE('',*,*,#5981,.T.);
#18057 = ORIENTED_EDGE('',*,*,#5957,.T.);
#18058 = ORIENTED_EDGE('',*,*,#5933,.T.);
#18059 = ORIENTED_EDGE('',*,*,#5908,.F.);
#18060 = ORIENTED_EDGE('',*,*,#5884,.T.);
#18061 = ORIENTED_EDGE('',*,*,#5859,.F.);
#18062 = ORIENTED_EDGE('',*,*,#5835,.T.);
#18063 = ORIENTED_EDGE('',*,*,#5810,.F.);
#18064 = ORIENTED_EDGE('',*,*,#5786,.T.);
#18065 = ORIENTED_EDGE('',*,*,#5761,.F.);
#18066 = ORIENTED_EDGE('',*,*,#5737,.T.);
#18067 = ORIENTED_EDGE('',*,*,#5712,.F.);
#18068 = ORIENTED_EDGE('',*,*,#5688,.T.);
#18069 = ORIENTED_EDGE('',*,*,#5663,.F.);
#18070 = ORIENTED_EDGE('',*,*,#5639,.T.);
#18071 = ORIENTED_EDGE('',*,*,#5614,.F.);
#18072 = ORIENTED_EDGE('',*,*,#5590,.T.);
#18073 = ORIENTED_EDGE('',*,*,#5565,.F.);
#18074 = ORIENTED_EDGE('',*,*,#5541,.T.);
#18075 = ORIENTED_EDGE('',*,*,#5516,.F.);
#18076 = ORIENTED_EDGE('',*,*,#5492,.T.);
#18077 = ORIENTED_EDGE('',*,*,#5467,.F.);
#18078 = ORIENTED_EDGE('',*,*,#5443,.T.);
#18079 = ORIENTED_EDGE('',*,*,#5418,.F.);
#18080 = ORIENTED_EDGE('',*,*,#5394,.T.);
#18081 = ORIENTED_EDGE('',*,*,#5369,.F.);
#18082 = ORIENTED_EDGE('',*,*,#5345,.T.);
#18083 = ORIENTED_EDGE('',*,*,#5320,.F.);
#18084 = ORIENTED_EDGE('',*,*,#5296,.T.);
#18085 = ORIENTED_EDGE('',*,*,#5271,.F.);
#18086 = ORIENTED_EDGE('',*,*,#5247,.T.);
#18087 = ORIENTED_EDGE('',*,*,#5223,.T.);
#18088 = ORIENTED_EDGE('',*,*,#5199,.T.);
#18089 = ORIENTED_EDGE('',*,*,#5175,.T.);
#18090 = ORIENTED_EDGE('',*,*,#5151,.T.);
#18091 = ORIENTED_EDGE('',*,*,#5127,.T.);
#18092 = ORIENTED_EDGE('',*,*,#5103,.T.);
#18093 = ORIENTED_EDGE('',*,*,#5079,.T.);
#18094 = ORIENTED_EDGE('',*,*,#5055,.T.);
#18095 = ORIENTED_EDGE('',*,*,#5031,.T.);
#18096 = ORIENTED_EDGE('',*,*,#5007,.T.);
#18097 = ORIENTED_EDGE('',*,*,#4983,.T.);
#18098 = ORIENTED_EDGE('',*,*,#4959,.T.);
#18099 = ORIENTED_EDGE('',*,*,#4935,.T.);
#18100 = ORIENTED_EDGE('',*,*,#4911,.T.);
#18101 = ORIENTED_EDGE('',*,*,#4887,.T.);
#18102 = ORIENTED_EDGE('',*,*,#4863,.T.);
#18103 = ORIENTED_EDGE('',*,*,#4838,.F.);
#18104 = ORIENTED_EDGE('',*,*,#4814,.T.);
#18105 = ORIENTED_EDGE('',*,*,#4789,.F.);
#18106 = ORIENTED_EDGE('',*,*,#4765,.T.);
#18107 = ORIENTED_EDGE('',*,*,#4740,.F.);
#18108 = ORIENTED_EDGE('',*,*,#4716,.T.);
#18109 = ORIENTED_EDGE('',*,*,#4691,.F.);
#18110 = ORIENTED_EDGE('',*,*,#4667,.T.);
#18111 = ORIENTED_EDGE('',*,*,#4642,.F.);
#18112 = ORIENTED_EDGE('',*,*,#4618,.T.);
#18113 = ORIENTED_EDGE('',*,*,#4593,.F.);
#18114 = ORIENTED_EDGE('',*,*,#4569,.T.);
#18115 = ORIENTED_EDGE('',*,*,#4544,.F.);
#18116 = ORIENTED_EDGE('',*,*,#4520,.T.);
#18117 = ORIENTED_EDGE('',*,*,#4495,.F.);
#18118 = ORIENTED_EDGE('',*,*,#4471,.T.);
#18119 = ORIENTED_EDGE('',*,*,#4446,.F.);
#18120 = ORIENTED_EDGE('',*,*,#4422,.T.);
#18121 = ORIENTED_EDGE('',*,*,#4398,.T.);
#18122 = ORIENTED_EDGE('',*,*,#4374,.T.);
#18123 = ORIENTED_EDGE('',*,*,#4350,.T.);
#18124 = ORIENTED_EDGE('',*,*,#4326,.T.);
#18125 = ORIENTED_EDGE('',*,*,#4301,.F.);
#18126 = ORIENTED_EDGE('',*,*,#4277,.T.);
#18127 = ORIENTED_EDGE('',*,*,#4252,.F.);
#18128 = ORIENTED_EDGE('',*,*,#4195,.T.);
#18129 = ORIENTED_EDGE('',*,*,#16419,.T.);
#18130 = ORIENTED_EDGE('',*,*,#4153,.F.);
#18131 = ORIENTED_EDGE('',*,*,#4115,.T.);
#18132 = FACE_BOUND('',#18133,.T.);
#18133 = EDGE_LOOP('',(#18134));
#18134 = ORIENTED_EDGE('',*,*,#18135,.T.);
#18135 = EDGE_CURVE('',#18136,#18136,#18138,.T.);
#18136 = VERTEX_POINT('',#18137);
#18137 = CARTESIAN_POINT('',(-88.3,28.,0.));
#18138 = CIRCLE('',#18139,28.3);
#18139 = AXIS2_PLACEMENT_3D('',#18140,#18141,#18142);
#18140 = CARTESIAN_POINT('',(-60.,28.,0.));
#18141 = DIRECTION('',(0.,0.,1.));
#18142 = DIRECTION('',(-1.,-0.,-0.));
#18143 = FACE_BOUND('',#18144,.T.);
#18144 = EDGE_LOOP('',(#18145));
#18145 = ORIENTED_EDGE('',*,*,#18146,.T.);
#18146 = EDGE_CURVE('',#18147,#18147,#18149,.T.);
#18147 = VERTEX_POINT('',#18148);
#18148 = CARTESIAN_POINT('',(-1.3,-4.,0.));
#18149 = CIRCLE('',#18150,5.3);
#18150 = AXIS2_PLACEMENT_3D('',#18151,#18152,#18153);
#18151 = CARTESIAN_POINT('',(4.,-4.,0.));
#18152 = DIRECTION('',(0.,0.,1.));
#18153 = DIRECTION('',(-1.,-0.,-0.));
#18154 = FACE_BOUND('',#18155,.T.);
#18155 = EDGE_LOOP('',(#18156));
#18156 = ORIENTED_EDGE('',*,*,#18157,.T.);
#18157 = EDGE_CURVE('',#18158,#18158,#18160,.T.);
#18158 = VERTEX_POINT('',#18159);
#18159 = CARTESIAN_POINT('',(-20.3,20.,0.));
#18160 = CIRCLE('',#18161,5.3);
#18161 = AXIS2_PLACEMENT_3D('',#18162,#18163,#18164);
#18162 = CARTESIAN_POINT('',(-15.,20.,0.));
#18163 = DIRECTION('',(0.,0.,1.));
#18164 = DIRECTION('',(-1.,-0.,-0.));
#18165 = FACE_BOUND('',#18166,.T.);
#18166 = EDGE_LOOP('',(#18167));
#18167 = ORIENTED_EDGE('',*,*,#18168,.T.);
#18168 = EDGE_CURVE('',#18169,#18169,#18171,.T.);
#18169 = VERTEX_POINT('',#18170);
#18170 = CARTESIAN_POINT('',(-76.8,-15.5,0.));
#18171 = CIRCLE('',#18172,5.3);
#18172 = AXIS2_PLACEMENT_3D('',#18173,#18174,#18175);
#18173 = CARTESIAN_POINT('',(-71.5,-15.5,0.));
#18174 = DIRECTION('',(0.,0.,1.));
#18175 = DIRECTION('',(-1.,-0.,-0.));
#18176 = FACE_BOUND('',#18177,.T.);
#18177 = EDGE_LOOP('',(#18178));
#18178 = ORIENTED_EDGE('',*,*,#18179,.T.);
#18179 = EDGE_CURVE('',#18180,#18180,#18182,.T.);
#18180 = VERTEX_POINT('',#18181);
#18181 = CARTESIAN_POINT('',(-117.,-31.7,0.));
#18182 = CIRCLE('',#18183,5.3);
#18183 = AXIS2_PLACEMENT_3D('',#18184,#18185,#18186);
#18184 = CARTESIAN_POINT('',(-111.7,-31.7,0.));
#18185 = DIRECTION('',(0.,0.,1.));
#18186 = DIRECTION('',(-1.,-0.,-0.));
#18187 = FACE_BOUND('',#18188,.T.);
#18188 = EDGE_LOOP('',(#18189));
#18189 = ORIENTED_EDGE('',*,*,#18190,.T.);
#18190 = EDGE_CURVE('',#18191,#18191,#18193,.T.);
#18191 = VERTEX_POINT('',#18192);
#18192 = CARTESIAN_POINT('',(-1.3,42.,0.));
#18193 = CIRCLE('',#18194,5.3);
#18194 = AXIS2_PLACEMENT_3D('',#18195,#18196,#18197);
#18195 = CARTESIAN_POINT('',(4.,42.,0.));
#18196 = DIRECTION('',(0.,0.,1.));
#18197 = DIRECTION('',(-1.,-0.,-0.));
#18198 = FACE_BOUND('',#18199,.T.);
#18199 = EDGE_LOOP('',(#18200,#18211,#18220));
#18200 = ORIENTED_EDGE('',*,*,#18201,.T.);
#18201 = EDGE_CURVE('',#18202,#18204,#18206,.T.);
#18202 = VERTEX_POINT('',#18203);
#18203 = CARTESIAN_POINT('',(-43.4,58.,0.));
#18204 = VERTEX_POINT('',#18205);
#18205 = CARTESIAN_POINT('',(-37.04101334551,63.193125,0.));
#18206 = CIRCLE('',#18207,5.3);
#18207 = AXIS2_PLACEMENT_3D('',#18208,#18209,#18210);
#18208 = CARTESIAN_POINT('',(-38.1,58.,0.));
#18209 = DIRECTION('',(0.,0.,1.));
#18210 = DIRECTION('',(-1.,-0.,-0.));
#18211 = ORIENTED_EDGE('',*,*,#18212,.T.);
#18212 = EDGE_CURVE('',#18204,#18213,#18215,.T.);
#18213 = VERTEX_POINT('',#18214);
#18214 = CARTESIAN_POINT('',(-39.15898665448,63.193125,0.));
#18215 = CIRCLE('',#18216,5.3);
#18216 = AXIS2_PLACEMENT_3D('',#18217,#18218,#18219);
#18217 = CARTESIAN_POINT('',(-38.1,58.,0.));
#18218 = DIRECTION('',(0.,0.,1.));
#18219 = DIRECTION('',(-1.,-0.,-0.));
#18220 = ORIENTED_EDGE('',*,*,#18221,.T.);
#18221 = EDGE_CURVE('',#18213,#18202,#18222,.T.);
#18222 = CIRCLE('',#18223,5.3);
#18223 = AXIS2_PLACEMENT_3D('',#18224,#18225,#18226);
#18224 = CARTESIAN_POINT('',(-38.1,58.,0.));
#18225 = DIRECTION('',(0.,0.,1.));
#18226 = DIRECTION('',(-1.,-0.,-0.));
#18227 = PLANE('',#18228);
#18228 = AXIS2_PLACEMENT_3D('',#18229,#18230,#18231);
#18229 = CARTESIAN_POINT('',(-64.50032458091,12.600519861797,0.));
#18230 = DIRECTION('',(-0.,-0.,-1.));
#18231 = DIRECTION('',(-1.,0.,0.));
#18232 = ADVANCED_FACE('',(#18233),#18252,.F.);
#18233 = FACE_BOUND('',#18234,.F.);
#18234 = EDGE_LOOP('',(#18235,#18236,#18244,#18251));
#18235 = ORIENTED_EDGE('',*,*,#18135,.T.);
#18236 = ORIENTED_EDGE('',*,*,#18237,.T.);
#18237 = EDGE_CURVE('',#18136,#18238,#18240,.T.);
#18238 = VERTEX_POINT('',#18239);
#18239 = CARTESIAN_POINT('',(-88.3,28.,1.));
#18240 = LINE('',#18241,#18242);
#18241 = CARTESIAN_POINT('',(-88.3,28.,-1.));
#18242 = VECTOR('',#18243,1.);
#18243 = DIRECTION('',(0.,0.,1.));
#18244 = ORIENTED_EDGE('',*,*,#18245,.T.);
#18245 = EDGE_CURVE('',#18238,#18238,#18246,.T.);
#18246 = CIRCLE('',#18247,28.3);
#18247 = AXIS2_PLACEMENT_3D('',#18248,#18249,#18250);
#18248 = CARTESIAN_POINT('',(-60.,28.,1.));
#18249 = DIRECTION('',(0.,0.,-1.));
#18250 = DIRECTION('',(-1.,-0.,-0.));
#18251 = ORIENTED_EDGE('',*,*,#18237,.F.);
#18252 = CYLINDRICAL_SURFACE('',#18253,28.3);
#18253 = AXIS2_PLACEMENT_3D('',#18254,#18255,#18256);
#18254 = CARTESIAN_POINT('',(-60.,28.,-1.));
#18255 = DIRECTION('',(0.,0.,-1.));
#18256 = DIRECTION('',(-1.,-0.,-0.));
#18257 = ADVANCED_FACE('',(#18258),#18261,.F.);
#18258 = FACE_BOUND('',#18259,.F.);
#18259 = EDGE_LOOP('',(#18260));
#18260 = ORIENTED_EDGE('',*,*,#18245,.F.);
#18261 = PLANE('',#18262);
#18262 = AXIS2_PLACEMENT_3D('',#18263,#18264,#18265);
#18263 = CARTESIAN_POINT('',(-60.,28.,1.));
#18264 = DIRECTION('',(0.,0.,1.));
#18265 = DIRECTION('',(1.,0.,0.));
#18266 = ADVANCED_FACE('',(#18267),#18286,.F.);
#18267 = FACE_BOUND('',#18268,.F.);
#18268 = EDGE_LOOP('',(#18269,#18270,#18278,#18285));
#18269 = ORIENTED_EDGE('',*,*,#18146,.T.);
#18270 = ORIENTED_EDGE('',*,*,#18271,.T.);
#18271 = EDGE_CURVE('',#18147,#18272,#18274,.T.);
#18272 = VERTEX_POINT('',#18273);
#18273 = CARTESIAN_POINT('',(-1.3,-4.,1.));
#18274 = LINE('',#18275,#18276);
#18275 = CARTESIAN_POINT('',(-1.3,-4.,-1.));
#18276 = VECTOR('',#18277,1.);
#18277 = DIRECTION('',(0.,0.,1.));
#18278 = ORIENTED_EDGE('',*,*,#18279,.T.);
#18279 = EDGE_CURVE('',#18272,#18272,#18280,.T.);
#18280 = CIRCLE('',#18281,5.3);
#18281 = AXIS2_PLACEMENT_3D('',#18282,#18283,#18284);
#18282 = CARTESIAN_POINT('',(4.,-4.,1.));
#18283 = DIRECTION('',(0.,0.,-1.));
#18284 = DIRECTION('',(-1.,-0.,-0.));
#18285 = ORIENTED_EDGE('',*,*,#18271,.F.);
#18286 = CYLINDRICAL_SURFACE('',#18287,5.3);
#18287 = AXIS2_PLACEMENT_3D('',#18288,#18289,#18290);
#18288 = CARTESIAN_POINT('',(4.,-4.,-1.));
#18289 = DIRECTION('',(0.,0.,-1.));
#18290 = DIRECTION('',(-1.,-0.,-0.));
#18291 = ADVANCED_FACE('',(#18292),#18295,.F.);
#18292 = FACE_BOUND('',#18293,.F.);
#18293 = EDGE_LOOP('',(#18294));
#18294 = ORIENTED_EDGE('',*,*,#18279,.F.);
#18295 = PLANE('',#18296);
#18296 = AXIS2_PLACEMENT_3D('',#18297,#18298,#18299);
#18297 = CARTESIAN_POINT('',(4.,-4.,1.));
#18298 = DIRECTION('',(0.,0.,1.));
#18299 = DIRECTION('',(1.,0.,0.));
#18300 = ADVANCED_FACE('',(#18301),#18320,.F.);
#18301 = FACE_BOUND('',#18302,.F.);
#18302 = EDGE_LOOP('',(#18303,#18304,#18312,#18319));
#18303 = ORIENTED_EDGE('',*,*,#18157,.T.);
#18304 = ORIENTED_EDGE('',*,*,#18305,.T.);
#18305 = EDGE_CURVE('',#18158,#18306,#18308,.T.);
#18306 = VERTEX_POINT('',#18307);
#18307 = CARTESIAN_POINT('',(-20.3,20.,1.));
#18308 = LINE('',#18309,#18310);
#18309 = CARTESIAN_POINT('',(-20.3,20.,-1.));
#18310 = VECTOR('',#18311,1.);
#18311 = DIRECTION('',(0.,0.,1.));
#18312 = ORIENTED_EDGE('',*,*,#18313,.T.);
#18313 = EDGE_CURVE('',#18306,#18306,#18314,.T.);
#18314 = CIRCLE('',#18315,5.3);
#18315 = AXIS2_PLACEMENT_3D('',#18316,#18317,#18318);
#18316 = CARTESIAN_POINT('',(-15.,20.,1.));
#18317 = DIRECTION('',(0.,0.,-1.));
#18318 = DIRECTION('',(-1.,-0.,-0.));
#18319 = ORIENTED_EDGE('',*,*,#18305,.F.);
#18320 = CYLINDRICAL_SURFACE('',#18321,5.3);
#18321 = AXIS2_PLACEMENT_3D('',#18322,#18323,#18324);
#18322 = CARTESIAN_POINT('',(-15.,20.,-1.));
#18323 = DIRECTION('',(0.,0.,-1.));
#18324 = DIRECTION('',(-1.,-0.,-0.));
#18325 = ADVANCED_FACE('',(#18326),#18329,.F.);
#18326 = FACE_BOUND('',#18327,.F.);
#18327 = EDGE_LOOP('',(#18328));
#18328 = ORIENTED_EDGE('',*,*,#18313,.F.);
#18329 = PLANE('',#18330);
#18330 = AXIS2_PLACEMENT_3D('',#18331,#18332,#18333);
#18331 = CARTESIAN_POINT('',(-15.,20.,1.));
#18332 = DIRECTION('',(0.,0.,1.));
#18333 = DIRECTION('',(1.,0.,0.));
#18334 = ADVANCED_FACE('',(#18335),#18354,.F.);
#18335 = FACE_BOUND('',#18336,.F.);
#18336 = EDGE_LOOP('',(#18337,#18338,#18346,#18353));
#18337 = ORIENTED_EDGE('',*,*,#18168,.T.);
#18338 = ORIENTED_EDGE('',*,*,#18339,.T.);
#18339 = EDGE_CURVE('',#18169,#18340,#18342,.T.);
#18340 = VERTEX_POINT('',#18341);
#18341 = CARTESIAN_POINT('',(-76.8,-15.5,1.));
#18342 = LINE('',#18343,#18344);
#18343 = CARTESIAN_POINT('',(-76.8,-15.5,-1.));
#18344 = VECTOR('',#18345,1.);
#18345 = DIRECTION('',(0.,0.,1.));
#18346 = ORIENTED_EDGE('',*,*,#18347,.T.);
#18347 = EDGE_CURVE('',#18340,#18340,#18348,.T.);
#18348 = CIRCLE('',#18349,5.3);
#18349 = AXIS2_PLACEMENT_3D('',#18350,#18351,#18352);
#18350 = CARTESIAN_POINT('',(-71.5,-15.5,1.));
#18351 = DIRECTION('',(0.,0.,-1.));
#18352 = DIRECTION('',(-1.,-0.,-0.));
#18353 = ORIENTED_EDGE('',*,*,#18339,.F.);
#18354 = CYLINDRICAL_SURFACE('',#18355,5.3);
#18355 = AXIS2_PLACEMENT_3D('',#18356,#18357,#18358);
#18356 = CARTESIAN_POINT('',(-71.5,-15.5,-1.));
#18357 = DIRECTION('',(0.,0.,-1.));
#18358 = DIRECTION('',(-1.,-0.,-0.));
#18359 = ADVANCED_FACE('',(#18360),#18363,.F.);
#18360 = FACE_BOUND('',#18361,.F.);
#18361 = EDGE_LOOP('',(#18362));
#18362 = ORIENTED_EDGE('',*,*,#18347,.F.);
#18363 = PLANE('',#18364);
#18364 = AXIS2_PLACEMENT_3D('',#18365,#18366,#18367);
#18365 = CARTESIAN_POINT('',(-71.5,-15.5,1.));
#18366 = DIRECTION('',(0.,0.,1.));
#18367 = DIRECTION('',(1.,0.,0.));
#18368 = ADVANCED_FACE('',(#18369),#18388,.F.);
#18369 = FACE_BOUND('',#18370,.F.);
#18370 = EDGE_LOOP('',(#18371,#18372,#18380,#18387));
#18371 = ORIENTED_EDGE('',*,*,#18179,.T.);
#18372 = ORIENTED_EDGE('',*,*,#18373,.T.);
#18373 = EDGE_CURVE('',#18180,#18374,#18376,.T.);
#18374 = VERTEX_POINT('',#18375);
#18375 = CARTESIAN_POINT('',(-117.,-31.7,1.));
#18376 = LINE('',#18377,#18378);
#18377 = CARTESIAN_POINT('',(-117.,-31.7,-1.));
#18378 = VECTOR('',#18379,1.);
#18379 = DIRECTION('',(0.,0.,1.));
#18380 = ORIENTED_EDGE('',*,*,#18381,.T.);
#18381 = EDGE_CURVE('',#18374,#18374,#18382,.T.);
#18382 = CIRCLE('',#18383,5.3);
#18383 = AXIS2_PLACEMENT_3D('',#18384,#18385,#18386);
#18384 = CARTESIAN_POINT('',(-111.7,-31.7,1.));
#18385 = DIRECTION('',(0.,0.,-1.));
#18386 = DIRECTION('',(-1.,-0.,-0.));
#18387 = ORIENTED_EDGE('',*,*,#18373,.F.);
#18388 = CYLINDRICAL_SURFACE('',#18389,5.3);
#18389 = AXIS2_PLACEMENT_3D('',#18390,#18391,#18392);
#18390 = CARTESIAN_POINT('',(-111.7,-31.7,-1.));
#18391 = DIRECTION('',(0.,0.,-1.));
#18392 = DIRECTION('',(-1.,-0.,-0.));
#18393 = ADVANCED_FACE('',(#18394),#18397,.F.);
#18394 = FACE_BOUND('',#18395,.F.);
#18395 = EDGE_LOOP('',(#18396));
#18396 = ORIENTED_EDGE('',*,*,#18381,.F.);
#18397 = PLANE('',#18398);
#18398 = AXIS2_PLACEMENT_3D('',#18399,#18400,#18401);
#18399 = CARTESIAN_POINT('',(-111.7,-31.7,1.));
#18400 = DIRECTION('',(0.,0.,1.));
#18401 = DIRECTION('',(1.,0.,0.));
#18402 = ADVANCED_FACE('',(#18403),#18422,.F.);
#18403 = FACE_BOUND('',#18404,.F.);
#18404 = EDGE_LOOP('',(#18405,#18406,#18414,#18421));
#18405 = ORIENTED_EDGE('',*,*,#18190,.T.);
#18406 = ORIENTED_EDGE('',*,*,#18407,.T.);
#18407 = EDGE_CURVE('',#18191,#18408,#18410,.T.);
#18408 = VERTEX_POINT('',#18409);
#18409 = CARTESIAN_POINT('',(-1.3,42.,1.));
#18410 = LINE('',#18411,#18412);
#18411 = CARTESIAN_POINT('',(-1.3,42.,-1.));
#18412 = VECTOR('',#18413,1.);
#18413 = DIRECTION('',(0.,0.,1.));
#18414 = ORIENTED_EDGE('',*,*,#18415,.T.);
#18415 = EDGE_CURVE('',#18408,#18408,#18416,.T.);
#18416 = CIRCLE('',#18417,5.3);
#18417 = AXIS2_PLACEMENT_3D('',#18418,#18419,#18420);
#18418 = CARTESIAN_POINT('',(4.,42.,1.));
#18419 = DIRECTION('',(0.,0.,-1.));
#18420 = DIRECTION('',(-1.,-0.,-0.));
#18421 = ORIENTED_EDGE('',*,*,#18407,.F.);
#18422 = CYLINDRICAL_SURFACE('',#18423,5.3);
#18423 = AXIS2_PLACEMENT_3D('',#18424,#18425,#18426);
#18424 = CARTESIAN_POINT('',(4.,42.,-1.));
#18425 = DIRECTION('',(0.,0.,-1.));
#18426 = DIRECTION('',(-1.,-0.,-0.));
#18427 = ADVANCED_FACE('',(#18428),#18431,.F.);
#18428 = FACE_BOUND('',#18429,.F.);
#18429 = EDGE_LOOP('',(#18430));
#18430 = ORIENTED_EDGE('',*,*,#18415,.F.);
#18431 = PLANE('',#18432);
#18432 = AXIS2_PLACEMENT_3D('',#18433,#18434,#18435);
#18433 = CARTESIAN_POINT('',(4.,42.,1.));
#18434 = DIRECTION('',(0.,0.,1.));
#18435 = DIRECTION('',(1.,0.,0.));
#18436 = ADVANCED_FACE('',(#18437),#18458,.F.);
#18437 = FACE_BOUND('',#18438,.F.);
#18438 = EDGE_LOOP('',(#18439,#18440,#18448,#18455,#18456,#18457));
#18439 = ORIENTED_EDGE('',*,*,#18221,.T.);
#18440 = ORIENTED_EDGE('',*,*,#18441,.T.);
#18441 = EDGE_CURVE('',#18202,#18442,#18444,.T.);
#18442 = VERTEX_POINT('',#18443);
#18443 = CARTESIAN_POINT('',(-43.4,58.,1.));
#18444 = LINE('',#18445,#18446);
#18445 = CARTESIAN_POINT('',(-43.4,58.,-1.));
#18446 = VECTOR('',#18447,1.);
#18447 = DIRECTION('',(0.,0.,1.));
#18448 = ORIENTED_EDGE('',*,*,#18449,.T.);
#18449 = EDGE_CURVE('',#18442,#18442,#18450,.T.);
#18450 = CIRCLE('',#18451,5.3);
#18451 = AXIS2_PLACEMENT_3D('',#18452,#18453,#18454);
#18452 = CARTESIAN_POINT('',(-38.1,58.,1.));
#18453 = DIRECTION('',(0.,0.,-1.));
#18454 = DIRECTION('',(-1.,-0.,-0.));
#18455 = ORIENTED_EDGE('',*,*,#18441,.F.);
#18456 = ORIENTED_EDGE('',*,*,#18201,.T.);
#18457 = ORIENTED_EDGE('',*,*,#18212,.T.);
#18458 = CYLINDRICAL_SURFACE('',#18459,5.3);
#18459 = AXIS2_PLACEMENT_3D('',#18460,#18461,#18462);
#18460 = CARTESIAN_POINT('',(-38.1,58.,-1.));
#18461 = DIRECTION('',(0.,0.,-1.));
#18462 = DIRECTION('',(-1.,-0.,-0.));
#18463 = ADVANCED_FACE('',(#18464),#18467,.F.);
#18464 = FACE_BOUND('',#18465,.F.);
#18465 = EDGE_LOOP('',(#18466));
#18466 = ORIENTED_EDGE('',*,*,#18449,.F.);
#18467 = PLANE('',#18468);
#18468 = AXIS2_PLACEMENT_3D('',#18469,#18470,#18471);
#18469 = CARTESIAN_POINT('',(-38.1,58.,1.));
#18470 = DIRECTION('',(0.,0.,1.));
#18471 = DIRECTION('',(1.,0.,0.));
#18472 = ADVANCED_FACE('',(#18473),#18481,.T.);
#18473 = FACE_BOUND('',#18474,.T.);
#18474 = EDGE_LOOP('',(#18475,#18476,#18477,#18478,#18479,#18480));
#18475 = ORIENTED_EDGE('',*,*,#16845,.T.);
#18476 = ORIENTED_EDGE('',*,*,#14716,.F.);
#18477 = ORIENTED_EDGE('',*,*,#17361,.T.);
#18478 = ORIENTED_EDGE('',*,*,#17370,.T.);
#18479 = ORIENTED_EDGE('',*,*,#14764,.T.);
#18480 = ORIENTED_EDGE('',*,*,#16836,.T.);
#18481 = CYLINDRICAL_SURFACE('',#18482,3.);
#18482 = AXIS2_PLACEMENT_3D('',#18483,#18484,#18485);
#18483 = CARTESIAN_POINT('',(11.5,22.,0.));
#18484 = DIRECTION('',(0.,0.,-1.));
#18485 = DIRECTION('',(-1.,-0.,-0.));
#18486 = ADVANCED_FACE('',(#18487),#18495,.T.);
#18487 = FACE_BOUND('',#18488,.T.);
#18488 = EDGE_LOOP('',(#18489,#18490,#18491,#18492,#18493,#18494));
#18489 = ORIENTED_EDGE('',*,*,#16790,.T.);
#18490 = ORIENTED_EDGE('',*,*,#13740,.F.);
#18491 = ORIENTED_EDGE('',*,*,#17274,.T.);
#18492 = ORIENTED_EDGE('',*,*,#17283,.T.);
#18493 = ORIENTED_EDGE('',*,*,#13788,.T.);
#18494 = ORIENTED_EDGE('',*,*,#16781,.T.);
#18495 = CYLINDRICAL_SURFACE('',#18496,3.);
#18496 = AXIS2_PLACEMENT_3D('',#18497,#18498,#18499);
#18497 = CARTESIAN_POINT('',(-38.1,66.,0.));
#18498 = DIRECTION('',(0.,0.,-1.));
#18499 = DIRECTION('',(-1.,-0.,-0.));
#18500 = ADVANCED_FACE('',(#18501),#18509,.T.);
#18501 = FACE_BOUND('',#18502,.T.);
#18502 = EDGE_LOOP('',(#18503,#18504,#18505,#18506,#18507,#18508));
#18503 = ORIENTED_EDGE('',*,*,#16753,.T.);
#18504 = ORIENTED_EDGE('',*,*,#13228,.F.);
#18505 = ORIENTED_EDGE('',*,*,#17185,.T.);
#18506 = ORIENTED_EDGE('',*,*,#17194,.T.);
#18507 = ORIENTED_EDGE('',*,*,#13164,.T.);
#18508 = ORIENTED_EDGE('',*,*,#16744,.T.);
#18509 = CYLINDRICAL_SURFACE('',#18510,3.);
#18510 = AXIS2_PLACEMENT_3D('',#18511,#18512,#18513);
#18511 = CARTESIAN_POINT('',(-76.2,57.1,0.));
#18512 = DIRECTION('',(0.,0.,-1.));
#18513 = DIRECTION('',(-1.,-0.,-0.));
#18514 = ADVANCED_FACE('',(#18515),#18523,.T.);
#18515 = FACE_BOUND('',#18516,.T.);
#18516 = EDGE_LOOP('',(#18517,#18518,#18519,#18520,#18521,#18522));
#18517 = ORIENTED_EDGE('',*,*,#16871,.T.);
#18518 = ORIENTED_EDGE('',*,*,#15100,.F.);
#18519 = ORIENTED_EDGE('',*,*,#17448,.T.);
#18520 = ORIENTED_EDGE('',*,*,#17457,.T.);
#18521 = ORIENTED_EDGE('',*,*,#15012,.T.);
#18522 = ORIENTED_EDGE('',*,*,#16862,.T.);
#18523 = CYLINDRICAL_SURFACE('',#18524,3.);
#18524 = AXIS2_PLACEMENT_3D('',#18525,#18526,#18527);
#18525 = CARTESIAN_POINT('',(0.,-11.5,0.));
#18526 = DIRECTION('',(0.,0.,-1.));
#18527 = DIRECTION('',(-1.,-0.,-0.));
#18528 = ( GEOMETRIC_REPRESENTATION_CONTEXT(3) 
GLOBAL_UNCERTAINTY_ASSIGNED_CONTEXT((#18532)) 
GLOBAL_UNIT_ASSIGNED_CONTEXT((#18529,#18530,#18531)) 
REPRESENTATION_CONTEXT('Context #1',
  '3D Context with UNIT and UNCERTAINTY') );
#18529 = ( LENGTH_UNIT() NAMED_UNIT(*) SI_UNIT(.MILLI.,.METRE.) );
#18530 = ( NAMED_UNIT(*) PLANE_ANGLE_UNIT() SI_UNIT($,.RADIAN.) );
#18531 = ( NAMED_UNIT(*) SI_UNIT($,.STERADIAN.) SOLID_ANGLE_UNIT() );
#18532 = UNCERTAINTY_MEASURE_WITH_UNIT(LENGTH_MEASURE(2.E-05),#18529,
  'distance_accuracy_value','confusion accuracy');
#18533 = PRODUCT_RELATED_PRODUCT_CATEGORY('part',$,(#7));
ENDSEC;
END-ISO-10303-21;
