ISO-10303-21;
HEADER;
FILE_DESCRIPTION(('FreeCAD Model'),'2;1');
FILE_NAME('Open CASCADE Shape Model','2026-08-23T17:14:42',('FreeCAD'),(
    'FreeCAD'),'Open CASCADE STEP processor 7.8','FreeCAD','Unknown');
FILE_SCHEMA(('AUTOMOTIVE_DESIGN { 1 0 10303 214 1 1 1 1 }'));
ENDSEC;
DATA;
#1 = APPLICATION_PROTOCOL_DEFINITION('international standard',
  'automotive_design',2000,#2);
#2 = APPLICATION_CONTEXT(
  'core data for automotive mechanical design processes');
#3 = SHAPE_DEFINITION_REPRESENTATION(#4,#10);
#4 = PRODUCT_DEFINITION_SHAPE('','',#5);
#5 = PRODUCT_DEFINITION('design','',#6,#9);
#6 = PRODUCT_DEFINITION_FORMATION('','',#7);
#7 = PRODUCT('Open CASCADE STEP translator 7.8 1',
  'Open CASCADE STEP translator 7.8 1','',(#8));
#8 = PRODUCT_CONTEXT('',#2,'mechanical');
#9 = PRODUCT_DEFINITION_CONTEXT('part definition',#2,'design');
#10 = ADVANCED_BREP_SHAPE_REPRESENTATION('',(#11,#15),#18948);
#11 = AXIS2_PLACEMENT_3D('',#12,#13,#14);
#12 = CARTESIAN_POINT('',(0.,0.,0.));
#13 = DIRECTION('',(0.,0.,1.));
#14 = DIRECTION('',(1.,0.,-0.));
#15 = MANIFOLD_SOLID_BREP('',#16);
#16 = CLOSED_SHELL('',(#17,#57,#90,#123,#4117,#4141,#4165,#4207,#4254,
    #4279,#4303,#4328,#4352,#4376,#4400,#4424,#4448,#4473,#4497,#4522,
    #4546,#4571,#4595,#4620,#4644,#4669,#4693,#4718,#4742,#4767,#4791,
    #4816,#4840,#4865,#4889,#4913,#4937,#4961,#4985,#5009,#5033,#5057,
    #5081,#5105,#5129,#5153,#5177,#5201,#5225,#5249,#5273,#5298,#5322,
    #5347,#5371,#5396,#5420,#5445,#5469,#5494,#5518,#5543,#5567,#5592,
    #5616,#5641,#5665,#5690,#5714,#5739,#5763,#5788,#5812,#5837,#5861,
    #5886,#5910,#5935,#5959,#5983,#6007,#6031,#6055,#6079,#6103,#6127,
    #6152,#6176,#6201,#6225,#6250,#6274,#6299,#6323,#6348,#6372,#6397,
    #6421,#6446,#6470,#6495,#6519,#6544,#6600,#6625,#6649,#6674,#6698,
    #6723,#6747,#6772,#6796,#6821,#6845,#6870,#6894,#6919,#6943,#6968,
    #6992,#7017,#7041,#7065,#7089,#7113,#7137,#7161,#7185,#7209,#7233,
    #7258,#7282,#7307,#7331,#7356,#7380,#7405,#7429,#7454,#7478,#7503,
    #7527,#7552,#7576,#7601,#7625,#7649,#7673,#7697,#7721,#7745,#7769,
    #7793,#7818,#7842,#7867,#7891,#7916,#7940,#7965,#7989,#8014,#8038,
    #8063,#8119,#8144,#8168,#8193,#8217,#8242,#8266,#8291,#8315,#8340,
    #8364,#8389,#8413,#8438,#8462,#8486,#8510,#8534,#8558,#8582,#8606,
    #8631,#8655,#8680,#8704,#8729,#8753,#8778,#8802,#8827,#8851,#8875,
    #8899,#8923,#8979,#9003,#9027,#9051,#9075,#9099,#9124,#9148,#9173,
    #9197,#9222,#9246,#9271,#9295,#9320,#9344,#9386,#9433,#9458,#9482,
    #9507,#9531,#9556,#9580,#9605,#9629,#9654,#9678,#9703,#9727,#9752,
    #9776,#9801,#9825,#9850,#9874,#9899,#9923,#9948,#9988,#10035,#10060,
    #10084,#10108,#10132,#10156,#10180,#10204,#10228,#10252,#10276,
    #10300,#10324,#10348,#10372,#10396,#10420,#10444,#10468,#10493,
    #10517,#10542,#10566,#10590,#10615,#10639,#10664,#10688,#10713,
    #10737,#10762,#10786,#10811,#10835,#10860,#10884,#10909,#10933,
    #10958,#10982,#11007,#11031,#11056,#11080,#11105,#11129,#11154,
    #11178,#11203,#11227,#11252,#11276,#11294,#11318,#11336,#11361,
    #11385,#11410,#11434,#11452,#11477,#11501,#11526,#11543,#11574,
    #11614,#11638,#11662,#11686,#11710,#11734,#11758,#11782,#11806,
    #11830,#11854,#11878,#11902,#11926,#11950,#11974,#11998,#12022,
    #12046,#12070,#12094,#12118,#12142,#12166,#12190,#12214,#12238,
    #12262,#12286,#12310,#12334,#12358,#12382,#12438,#12462,#12486,
    #12510,#12534,#12574,#12598,#12638,#12662,#12686,#12710,#12734,
    #12774,#12798,#12838,#12862,#12886,#12910,#12966,#12990,#13014,
    #13038,#13062,#13086,#13110,#13134,#13158,#13182,#13238,#13278,
    #13318,#13342,#13366,#13390,#13414,#13438,#13462,#13486,#13510,
    #13534,#13558,#13582,#13606,#13630,#13654,#13678,#13702,#13726,
    #13750,#13774,#13862,#13886,#13910,#13934,#13958,#13982,#14006,
    #14030,#14054,#14078,#14102,#14126,#14150,#14174,#14198,#14222,
    #14246,#14270,#14294,#14318,#14342,#14366,#14390,#14414,#14438,
    #14462,#14486,#14510,#14534,#14558,#14582,#14606,#14630,#14654,
    #14678,#14702,#14726,#14750,#14838,#14862,#14886,#14910,#14934,
    #14958,#14982,#15006,#15030,#15086,#15110,#15150,#15190,#15214,
    #15238,#15262,#15286,#15310,#15334,#15358,#15382,#15406,#15430,
    #15454,#15478,#15502,#15526,#15550,#15574,#15598,#15622,#15646,
    #15670,#15694,#15718,#15742,#15766,#15790,#15814,#15838,#15862,
    #15886,#15910,#15934,#15958,#15982,#16006,#16030,#16054,#16078,
    #16102,#16126,#16150,#16174,#16198,#16222,#16246,#16270,#16294,
    #16334,#16374,#16398,#16422,#16446,#16479,#16503,#16516,#16540,
    #16550,#16574,#16584,#16608,#16618,#16642,#16657,#16679,#16697,
    #16733,#17104,#17116,#17134,#17154,#17197,#17213,#17231,#17251,
    #17294,#17309,#17352,#17387,#17398,#17440,#17475,#17485,#17527,
    #17562,#17572,#17615,#17650,#17662,#17697,#17711,#17736,#17767,
    #17791,#17815,#17839,#17863,#17887,#17911,#17935,#17959,#17983,
    #18007,#18024,#18033,#18042,#18051,#18060,#18069,#18078,#18087,
    #18107,#18127,#18152,#18161,#18584,#18609,#18618,#18643,#18652,
    #18677,#18686,#18711,#18720,#18745,#18754,#18779,#18788,#18813,
    #18822,#18849,#18858,#18883,#18892,#18906,#18920,#18934));
#17 = ADVANCED_FACE('',(#18),#52,.F.);
#18 = FACE_BOUND('',#19,.F.);
#19 = EDGE_LOOP('',(#20,#30,#38,#46));
#20 = ORIENTED_EDGE('',*,*,#21,.T.);
#21 = EDGE_CURVE('',#22,#24,#26,.T.);
#22 = VERTEX_POINT('',#23);
#23 = CARTESIAN_POINT('',(113.97598649132,-51.00637446042,0.));
#24 = VERTEX_POINT('',#25);
#25 = CARTESIAN_POINT('',(113.97598649132,-51.00637446042,12.5));
#26 = LINE('',#27,#28);
#27 = CARTESIAN_POINT('',(113.97598649132,-51.00637446042,0.));
#28 = VECTOR('',#29,1.);
#29 = DIRECTION('',(0.,0.,1.));
#30 = ORIENTED_EDGE('',*,*,#31,.T.);
#31 = EDGE_CURVE('',#24,#32,#34,.T.);
#32 = VERTEX_POINT('',#33);
#33 = CARTESIAN_POINT('',(114.72798649132,-50.78207446042,12.5));
#34 = LINE('',#35,#36);
#35 = CARTESIAN_POINT('',(113.97598649132,-51.00637446042,12.5));
#36 = VECTOR('',#37,1.);
#37 = DIRECTION('',(0.958281025178,0.285827704717,0.));
#38 = ORIENTED_EDGE('',*,*,#39,.F.);
#39 = EDGE_CURVE('',#40,#32,#42,.T.);
#40 = VERTEX_POINT('',#41);
#41 = CARTESIAN_POINT('',(114.72798649132,-50.78207446042,0.));
#42 = LINE('',#43,#44);
#43 = CARTESIAN_POINT('',(114.72798649132,-50.78207446042,0.));
#44 = VECTOR('',#45,1.);
#45 = DIRECTION('',(0.,0.,1.));
#46 = ORIENTED_EDGE('',*,*,#47,.F.);
#47 = EDGE_CURVE('',#22,#40,#48,.T.);
#48 = LINE('',#49,#50);
#49 = CARTESIAN_POINT('',(113.97598649132,-51.00637446042,0.));
#50 = VECTOR('',#51,1.);
#51 = DIRECTION('',(0.958281025178,0.285827704717,0.));
#52 = PLANE('',#53);
#53 = AXIS2_PLACEMENT_3D('',#54,#55,#56);
#54 = CARTESIAN_POINT('',(113.97598649132,-51.00637446042,0.));
#55 = DIRECTION('',(-0.285827704717,0.958281025178,0.));
#56 = DIRECTION('',(0.958281025178,0.285827704717,0.));
#57 = ADVANCED_FACE('',(#58),#85,.T.);
#58 = FACE_BOUND('',#59,.T.);
#59 = EDGE_LOOP('',(#60,#61,#70,#78));
#60 = ORIENTED_EDGE('',*,*,#21,.T.);
#61 = ORIENTED_EDGE('',*,*,#62,.T.);
#62 = EDGE_CURVE('',#24,#63,#65,.T.);
#63 = VERTEX_POINT('',#64);
#64 = CARTESIAN_POINT('',(113.51515642415,-51.0959151135,12.5));
#65 = CIRCLE('',#66,2.4);
#66 = AXIS2_PLACEMENT_3D('',#67,#68,#69);
#67 = CARTESIAN_POINT('',(113.29,-48.7065,12.5));
#68 = DIRECTION('',(0.,0.,-1.));
#69 = DIRECTION('',(0.958281025178,0.285827704717,0.));
#70 = ORIENTED_EDGE('',*,*,#71,.F.);
#71 = EDGE_CURVE('',#72,#63,#74,.T.);
#72 = VERTEX_POINT('',#73);
#73 = CARTESIAN_POINT('',(113.51515642415,-51.0959151135,0.));
#74 = LINE('',#75,#76);
#75 = CARTESIAN_POINT('',(113.51515642415,-51.0959151135,0.));
#76 = VECTOR('',#77,1.);
#77 = DIRECTION('',(0.,0.,1.));
#78 = ORIENTED_EDGE('',*,*,#79,.F.);
#79 = EDGE_CURVE('',#22,#72,#80,.T.);
#80 = CIRCLE('',#81,2.4);
#81 = AXIS2_PLACEMENT_3D('',#82,#83,#84);
#82 = CARTESIAN_POINT('',(113.29,-48.7065,0.));
#83 = DIRECTION('',(0.,0.,-1.));
#84 = DIRECTION('',(0.958281025178,0.285827704717,0.));
#85 = CYLINDRICAL_SURFACE('',#86,2.4);
#86 = AXIS2_PLACEMENT_3D('',#87,#88,#89);
#87 = CARTESIAN_POINT('',(113.29,-48.7065,0.));
#88 = DIRECTION('',(0.,0.,-1.));
#89 = DIRECTION('',(0.958281025178,0.285827704717,0.));
#90 = ADVANCED_FACE('',(#91),#118,.T.);
#91 = FACE_BOUND('',#92,.T.);
#92 = EDGE_LOOP('',(#93,#103,#110,#111));
#93 = ORIENTED_EDGE('',*,*,#94,.T.);
#94 = EDGE_CURVE('',#95,#97,#99,.T.);
#95 = VERTEX_POINT('',#96);
#96 = CARTESIAN_POINT('',(115.16449450958,-50.60352177567,0.));
#97 = VERTEX_POINT('',#98);
#98 = CARTESIAN_POINT('',(115.16449450958,-50.60352177567,12.5));
#99 = LINE('',#100,#101);
#100 = CARTESIAN_POINT('',(115.16449450958,-50.60352177567,0.));
#101 = VECTOR('',#102,1.);
#102 = DIRECTION('',(0.,0.,1.));
#103 = ORIENTED_EDGE('',*,*,#104,.T.);
#104 = EDGE_CURVE('',#97,#32,#105,.T.);
#105 = CIRCLE('',#106,2.4);
#106 = AXIS2_PLACEMENT_3D('',#107,#108,#109);
#107 = CARTESIAN_POINT('',(114.042,-48.4822,12.5));
#108 = DIRECTION('',(0.,0.,-1.));
#109 = DIRECTION('',(0.883884073198,0.467706045659,0.));
#110 = ORIENTED_EDGE('',*,*,#39,.F.);
#111 = ORIENTED_EDGE('',*,*,#112,.F.);
#112 = EDGE_CURVE('',#95,#40,#113,.T.);
#113 = CIRCLE('',#114,2.4);
#114 = AXIS2_PLACEMENT_3D('',#115,#116,#117);
#115 = CARTESIAN_POINT('',(114.042,-48.4822,0.));
#116 = DIRECTION('',(0.,0.,-1.));
#117 = DIRECTION('',(0.883884073198,0.467706045659,0.));
#118 = CYLINDRICAL_SURFACE('',#119,2.4);
#119 = AXIS2_PLACEMENT_3D('',#120,#121,#122);
#120 = CARTESIAN_POINT('',(114.042,-48.4822,0.));
#121 = DIRECTION('',(0.,0.,-1.));
#122 = DIRECTION('',(0.883884073198,0.467706045659,0.));
#123 = ADVANCED_FACE('',(#124,#2614),#4112,.T.);
#124 = FACE_BOUND('',#125,.T.);
#125 = EDGE_LOOP('',(#126,#127,#128,#136,#145,#153,#162,#170,#179,#187,
    #196,#204,#213,#221,#230,#238,#247,#255,#264,#272,#281,#289,#298,
    #306,#315,#323,#332,#340,#349,#357,#366,#374,#383,#391,#399,#408,
    #416,#425,#433,#441,#449,#457,#465,#473,#481,#489,#497,#505,#513,
    #521,#529,#537,#545,#553,#561,#570,#578,#587,#595,#604,#612,#621,
    #629,#638,#646,#655,#663,#672,#680,#689,#697,#706,#714,#723,#731,
    #740,#748,#757,#765,#774,#782,#791,#799,#808,#816,#825,#833,#842,
    #850,#859,#867,#876,#884,#893,#901,#910,#918,#927,#935,#944,#952,
    #960,#968,#976,#984,#992,#1000,#1008,#1016,#1024,#1033,#1041,#1050,
    #1058,#1067,#1075,#1084,#1092,#1101,#1109,#1117,#1125,#1133,#1141,
    #1149,#1157,#1166,#1174,#1183,#1191,#1200,#1208,#1217,#1225,#1234,
    #1242,#1251,#1259,#1268,#1276,#1285,#1293,#1302,#1310,#1319,#1327,
    #1336,#1344,#1353,#1361,#1370,#1378,#1386,#1394,#1402,#1410,#1418,
    #1426,#1434,#1443,#1451,#1460,#1468,#1477,#1485,#1494,#1502,#1511,
    #1519,#1528,#1536,#1545,#1553,#1562,#1570,#1578,#1586,#1594,#1602,
    #1610,#1618,#1626,#1634,#1643,#1651,#1660,#1668,#1677,#1685,#1694,
    #1702,#1711,#1719,#1728,#1736,#1745,#1753,#1762,#1770,#1779,#1787,
    #1796,#1804,#1813,#1821,#1830,#1838,#1847,#1855,#1864,#1872,#1881,
    #1889,#1898,#1906,#1915,#1923,#1932,#1940,#1948,#1956,#1964,#1972,
    #1980,#1988,#1996,#2005,#2013,#2022,#2030,#2039,#2047,#2056,#2064,
    #2073,#2081,#2090,#2098,#2107,#2115,#2124,#2132,#2141,#2149,#2158,
    #2166,#2175,#2183,#2192,#2200,#2209,#2217,#2226,#2234,#2242,#2250,
    #2258,#2266,#2274,#2282,#2290,#2298,#2306,#2314,#2322,#2330,#2338,
    #2346,#2354,#2362,#2371,#2379,#2388,#2396,#2405,#2413,#2422,#2430,
    #2439,#2447,#2456,#2464,#2473,#2481,#2490,#2498,#2507,#2515,#2523,
    #2531,#2539,#2547,#2556,#2564,#2573,#2581,#2590,#2598,#2607,#2613));
#126 = ORIENTED_EDGE('',*,*,#31,.T.);
#127 = ORIENTED_EDGE('',*,*,#104,.F.);
#128 = ORIENTED_EDGE('',*,*,#129,.T.);
#129 = EDGE_CURVE('',#97,#130,#132,.T.);
#130 = VERTEX_POINT('',#131);
#131 = CARTESIAN_POINT('',(115.85749450958,-50.23682177567,12.5));
#132 = LINE('',#133,#134);
#133 = CARTESIAN_POINT('',(115.16449450958,-50.60352177567,12.5));
#134 = VECTOR('',#135,1.);
#135 = DIRECTION('',(0.883884073198,0.467706045659,0.));
#136 = ORIENTED_EDGE('',*,*,#137,.F.);
#137 = EDGE_CURVE('',#138,#130,#140,.T.);
#138 = VERTEX_POINT('',#139);
#139 = CARTESIAN_POINT('',(116.24989717354,-49.9769742957,12.5));
#140 = CIRCLE('',#141,2.4);
#141 = AXIS2_PLACEMENT_3D('',#142,#143,#144);
#142 = CARTESIAN_POINT('',(114.735,-48.1155,12.5));
#143 = DIRECTION('',(0.,0.,-1.));
#144 = DIRECTION('',(0.775614289878,0.631207155644,0.));
#145 = ORIENTED_EDGE('',*,*,#146,.T.);
#146 = EDGE_CURVE('',#138,#147,#149,.T.);
#147 = VERTEX_POINT('',#148);
#148 = CARTESIAN_POINT('',(116.85789717354,-49.4821742957,12.5));
#149 = LINE('',#150,#151);
#150 = CARTESIAN_POINT('',(116.24989717354,-49.9769742957,12.5));
#151 = VECTOR('',#152,1.);
#152 = DIRECTION('',(0.775614289878,0.631207155644,0.));
#153 = ORIENTED_EDGE('',*,*,#154,.F.);
#154 = EDGE_CURVE('',#155,#147,#157,.T.);
#155 = VERTEX_POINT('',#156);
#156 = CARTESIAN_POINT('',(117.19161450712,-49.15126342699,12.5));
#157 = CIRCLE('',#158,2.4);
#158 = AXIS2_PLACEMENT_3D('',#159,#160,#161);
#159 = CARTESIAN_POINT('',(115.343,-47.6207,12.5));
#160 = DIRECTION('',(0.,0.,-1.));
#161 = DIRECTION('',(0.637734761248,0.770256044635,0.));
#162 = ORIENTED_EDGE('',*,*,#163,.T.);
#163 = EDGE_CURVE('',#155,#164,#166,.T.);
#164 = VERTEX_POINT('',#165);
#165 = CARTESIAN_POINT('',(117.69161450712,-48.54736342699,12.5));
#166 = LINE('',#167,#168);
#167 = CARTESIAN_POINT('',(117.19161450712,-49.15126342699,12.5));
#168 = VECTOR('',#169,1.);
#169 = DIRECTION('',(0.637734761248,0.770256044635,0.));
#170 = ORIENTED_EDGE('',*,*,#171,.F.);
#171 = EDGE_CURVE('',#172,#164,#174,.T.);
#172 = VERTEX_POINT('',#173);
#173 = CARTESIAN_POINT('',(117.83264985712,-48.35892273882,12.5));
#174 = CIRCLE('',#175,2.4);
#175 = AXIS2_PLACEMENT_3D('',#176,#177,#178);
#176 = CARTESIAN_POINT('',(115.843,-47.0168,12.5));
#177 = DIRECTION('',(0.,0.,-1.));
#178 = DIRECTION('',(0.559217807842,0.8290207738,0.));
#179 = ORIENTED_EDGE('',*,*,#180,.T.);
#180 = EDGE_CURVE('',#172,#181,#183,.T.);
#181 = VERTEX_POINT('',#182);
#182 = CARTESIAN_POINT('',(129.44364985712,-31.14602273882,12.5));
#183 = LINE('',#184,#185);
#184 = CARTESIAN_POINT('',(117.83264985712,-48.35892273882,12.5));
#185 = VECTOR('',#186,1.);
#186 = DIRECTION('',(0.559217807842,0.8290207738,0.));
#187 = ORIENTED_EDGE('',*,*,#188,.F.);
#188 = EDGE_CURVE('',#189,#181,#191,.T.);
#189 = VERTEX_POINT('',#190);
#190 = CARTESIAN_POINT('',(129.56654049613,-30.94283487617,12.5));
#191 = CIRCLE('',#192,2.4);
#192 = AXIS2_PLACEMENT_3D('',#193,#194,#195);
#193 = CARTESIAN_POINT('',(127.454,-29.8039,12.5));
#194 = DIRECTION('',(0.,0.,-1.));
#195 = DIRECTION('',(0.474556198408,0.880225206724,0.));
#196 = ORIENTED_EDGE('',*,*,#197,.T.);
#197 = EDGE_CURVE('',#189,#198,#200,.T.);
#198 = VERTEX_POINT('',#199);
#199 = CARTESIAN_POINT('',(129.93854049613,-30.25283487617,12.5));
#200 = LINE('',#201,#202);
#201 = CARTESIAN_POINT('',(129.56654049613,-30.94283487617,12.5));
#202 = VECTOR('',#203,1.);
#203 = DIRECTION('',(0.474556198408,0.880225206724,0.));
#204 = ORIENTED_EDGE('',*,*,#205,.F.);
#205 = EDGE_CURVE('',#206,#198,#208,.T.);
#206 = VERTEX_POINT('',#207);
#207 = CARTESIAN_POINT('',(130.11948543616,-29.82095343087,12.5));
#208 = CIRCLE('',#209,2.4);
#209 = AXIS2_PLACEMENT_3D('',#210,#211,#212);
#210 = CARTESIAN_POINT('',(127.826,-29.1139,12.5));
#211 = DIRECTION('',(0.,0.,-1.));
#212 = DIRECTION('',(0.294605596197,0.955618931734,0.));
#213 = ORIENTED_EDGE('',*,*,#214,.T.);
#214 = EDGE_CURVE('',#206,#215,#217,.T.);
#215 = VERTEX_POINT('',#216);
#216 = CARTESIAN_POINT('',(130.35048543616,-29.07165343087,12.5));
#217 = LINE('',#218,#219);
#218 = CARTESIAN_POINT('',(130.11948543616,-29.82095343087,12.5));
#219 = VECTOR('',#220,1.);
#220 = DIRECTION('',(0.294605596197,0.955618931734,0.));
#221 = ORIENTED_EDGE('',*,*,#222,.F.);
#222 = EDGE_CURVE('',#223,#215,#225,.T.);
#223 = VERTEX_POINT('',#224);
#224 = CARTESIAN_POINT('',(130.44447545266,-28.60946927719,12.5));
#225 = CIRCLE('',#226,2.4);
#226 = AXIS2_PLACEMENT_3D('',#227,#228,#229);
#227 = CARTESIAN_POINT('',(128.057,-28.3646,12.5));
#228 = DIRECTION('',(0.,0.,-1.));
#229 = DIRECTION('',(0.102028865499,0.994781438611,0.));
#230 = ORIENTED_EDGE('',*,*,#231,.T.);
#231 = EDGE_CURVE('',#223,#232,#234,.T.);
#232 = VERTEX_POINT('',#233);
#233 = CARTESIAN_POINT('',(130.52447545266,-27.82946927719,12.5));
#234 = LINE('',#235,#236);
#235 = CARTESIAN_POINT('',(130.44447545266,-28.60946927719,12.5));
#236 = VECTOR('',#237,1.);
#237 = DIRECTION('',(0.102028865499,0.994781438611,0.));
#238 = ORIENTED_EDGE('',*,*,#239,.F.);
#239 = EDGE_CURVE('',#240,#232,#242,.T.);
#240 = VERTEX_POINT('',#241);
#241 = CARTESIAN_POINT('',(130.52657629603,-27.36116068962,12.5));
#242 = CIRCLE('',#243,2.4);
#243 = AXIS2_PLACEMENT_3D('',#244,#245,#246);
#244 = CARTESIAN_POINT('',(128.137,-27.5846,12.5));
#245 = DIRECTION('',(0.,0.,-1.));
#246 = DIRECTION('',(-9.309971265673E-02,0.995656790015,0.));
#247 = ORIENTED_EDGE('',*,*,#248,.T.);
#248 = EDGE_CURVE('',#240,#249,#251,.T.);
#249 = VERTEX_POINT('',#250);
#250 = CARTESIAN_POINT('',(130.45357629603,-26.58046068962,12.5));
#251 = LINE('',#252,#253);
#252 = CARTESIAN_POINT('',(130.52657629603,-27.36116068962,12.5));
#253 = VECTOR('',#254,1.);
#254 = DIRECTION('',(-9.309971265673E-02,0.995656790015,0.));
#255 = ORIENTED_EDGE('',*,*,#256,.F.);
#256 = EDGE_CURVE('',#257,#249,#259,.T.);
#257 = VERTEX_POINT('',#258);
#258 = CARTESIAN_POINT('',(130.36397591242,-26.11825373385,12.5));
#259 = CIRCLE('',#260,2.4);
#260 = AXIS2_PLACEMENT_3D('',#261,#262,#263);
#261 = CARTESIAN_POINT('',(128.064,-26.8039,12.5));
#262 = DIRECTION('',(0.,0.,-1.));
#263 = DIRECTION('',(-0.285685944228,0.958323296842,0.));
#264 = ORIENTED_EDGE('',*,*,#265,.T.);
#265 = EDGE_CURVE('',#257,#266,#268,.T.);
#266 = VERTEX_POINT('',#267);
#267 = CARTESIAN_POINT('',(130.13997591242,-25.36685373385,12.5));
#268 = LINE('',#269,#270);
#269 = CARTESIAN_POINT('',(130.36397591242,-26.11825373385,12.5));
#270 = VECTOR('',#271,1.);
#271 = DIRECTION('',(-0.285685944228,0.958323296842,0.));
#272 = ORIENTED_EDGE('',*,*,#273,.F.);
#273 = EDGE_CURVE('',#274,#266,#276,.T.);
#274 = VERTEX_POINT('',#275);
#275 = CARTESIAN_POINT('',(129.96107611337,-24.92954135371,12.5));
#276 = CIRCLE('',#277,2.4);
#277 = AXIS2_PLACEMENT_3D('',#278,#279,#280);
#278 = CARTESIAN_POINT('',(127.84,-26.0525,12.5));
#279 = DIRECTION('',(0.,0.,-1.));
#280 = DIRECTION('',(-0.467899435954,0.883781713906,0.));
#281 = ORIENTED_EDGE('',*,*,#282,.T.);
#282 = EDGE_CURVE('',#274,#283,#285,.T.);
#283 = VERTEX_POINT('',#284);
#284 = CARTESIAN_POINT('',(129.59407611337,-24.23634135371,12.5));
#285 = LINE('',#286,#287);
#286 = CARTESIAN_POINT('',(129.96107611337,-24.92954135371,12.5));
#287 = VECTOR('',#288,1.);
#288 = DIRECTION('',(-0.467899435954,0.883781713906,0.));
#289 = ORIENTED_EDGE('',*,*,#290,.F.);
#290 = EDGE_CURVE('',#291,#283,#293,.T.);
#291 = VERTEX_POINT('',#292);
#292 = CARTESIAN_POINT('',(129.33454043197,-23.84448409694,12.5));
#293 = CIRCLE('',#294,2.4);
#294 = AXIS2_PLACEMENT_3D('',#295,#296,#297);
#295 = CARTESIAN_POINT('',(127.473,-25.3593,12.5));
#296 = DIRECTION('',(0.,0.,-1.));
#297 = DIRECTION('',(-0.631173292938,0.775641846655,0.));
#298 = ORIENTED_EDGE('',*,*,#299,.T.);
#299 = EDGE_CURVE('',#291,#300,#302,.T.);
#300 = VERTEX_POINT('',#301);
#301 = CARTESIAN_POINT('',(128.83954043197,-23.23618409694,12.5));
#302 = LINE('',#303,#304);
#303 = CARTESIAN_POINT('',(129.33454043197,-23.84448409694,12.5));
#304 = VECTOR('',#305,1.);
#305 = DIRECTION('',(-0.631173292938,0.775641846655,0.));
#306 = ORIENTED_EDGE('',*,*,#307,.F.);
#307 = EDGE_CURVE('',#308,#300,#310,.T.);
#308 = VERTEX_POINT('',#309);
#309 = CARTESIAN_POINT('',(128.50859466771,-22.90241135912,12.5));
#310 = CIRCLE('',#311,2.4);
#311 = AXIS2_PLACEMENT_3D('',#312,#313,#314);
#312 = CARTESIAN_POINT('',(126.978,-24.751,12.5));
#313 = DIRECTION('',(0.,0.,-1.));
#314 = DIRECTION('',(-0.77024526703,0.637747778215,0.));
#315 = ORIENTED_EDGE('',*,*,#316,.T.);
#316 = EDGE_CURVE('',#308,#317,#319,.T.);
#317 = VERTEX_POINT('',#318);
#318 = CARTESIAN_POINT('',(127.90459466771,-22.40231135912,12.5));
#319 = LINE('',#320,#321);
#320 = CARTESIAN_POINT('',(128.50859466771,-22.90241135912,12.5));
#321 = VECTOR('',#322,1.);
#322 = DIRECTION('',(-0.77024526703,0.637747778215,0.));
#323 = ORIENTED_EDGE('',*,*,#324,.F.);
#324 = EDGE_CURVE('',#325,#317,#327,.T.);
#325 = VERTEX_POINT('',#326);
#326 = CARTESIAN_POINT('',(127.71606372865,-22.26121033871,12.5));
#327 = CIRCLE('',#328,2.4);
#328 = AXIS2_PLACEMENT_3D('',#329,#330,#331);
#329 = CARTESIAN_POINT('',(126.374,-24.2509,12.5));
#330 = DIRECTION('',(0.,0.,-1.));
#331 = DIRECTION('',(-0.829037358869,0.559193220273,0.));
#332 = ORIENTED_EDGE('',*,*,#333,.T.);
#333 = EDGE_CURVE('',#325,#334,#336,.T.);
#334 = VERTEX_POINT('',#335);
#335 = CARTESIAN_POINT('',(111.62406372865,-11.40701033871,12.5));
#336 = LINE('',#337,#338);
#337 = CARTESIAN_POINT('',(127.71606372865,-22.26121033871,12.5));
#338 = VECTOR('',#339,1.);
#339 = DIRECTION('',(-0.829037358869,0.559193220273,0.));
#340 = ORIENTED_EDGE('',*,*,#341,.F.);
#341 = EDGE_CURVE('',#342,#334,#344,.T.);
#342 = VERTEX_POINT('',#343);
#343 = CARTESIAN_POINT('',(111.52397294812,-11.34304394405,12.5));
#344 = CIRCLE('',#345,2.4);
#345 = AXIS2_PLACEMENT_3D('',#346,#347,#348);
#346 = CARTESIAN_POINT('',(110.282,-13.3967,12.5));
#347 = DIRECTION('',(0.,0.,-1.));
#348 = DIRECTION('',(-0.855690023312,0.517488728384,0.));
#349 = ORIENTED_EDGE('',*,*,#350,.T.);
#350 = EDGE_CURVE('',#342,#351,#353,.T.);
#351 = VERTEX_POINT('',#352);
#352 = CARTESIAN_POINT('',(111.18797294812,-11.13984394405,12.5));
#353 = LINE('',#354,#355);
#354 = CARTESIAN_POINT('',(111.52397294812,-11.34304394405,12.5));
#355 = VECTOR('',#356,1.);
#356 = DIRECTION('',(-0.855690023312,0.517488728384,0.));
#357 = ORIENTED_EDGE('',*,*,#358,.F.);
#358 = EDGE_CURVE('',#359,#351,#361,.T.);
#359 = VERTEX_POINT('',#360);
#360 = CARTESIAN_POINT('',(111.08736390132,-11.08227086872,12.5));
#361 = CIRCLE('',#362,2.4);
#362 = AXIS2_PLACEMENT_3D('',#363,#364,#365);
#363 = CARTESIAN_POINT('',(109.946,-13.1935,12.5));
#364 = DIRECTION('',(0.,0.,-1.));
#365 = DIRECTION('',(-0.879678804699,0.475568292218,0.));
#366 = ORIENTED_EDGE('',*,*,#367,.T.);
#367 = EDGE_CURVE('',#359,#368,#370,.T.);
#368 = VERTEX_POINT('',#369);
#369 = CARTESIAN_POINT('',(110.40536390132,-10.71357086872,12.5));
#370 = LINE('',#371,#372);
#371 = CARTESIAN_POINT('',(111.08736390132,-11.08227086872,12.5));
#372 = VECTOR('',#373,1.);
#373 = DIRECTION('',(-0.879678804699,0.475568292218,0.));
#374 = ORIENTED_EDGE('',*,*,#375,.F.);
#375 = EDGE_CURVE('',#376,#368,#378,.T.);
#376 = VERTEX_POINT('',#377);
#377 = CARTESIAN_POINT('',(110.29174317706,-10.65598835257,12.5));
#378 = CIRCLE('',#379,2.4);
#379 = AXIS2_PLACEMENT_3D('',#380,#381,#382);
#380 = CARTESIAN_POINT('',(109.264,-12.8248,12.5));
#381 = DIRECTION('',(0.,0.,-1.));
#382 = DIRECTION('',(-0.903671519759,0.428226323778,0.));
#383 = ORIENTED_EDGE('',*,*,#384,.T.);
#384 = EDGE_CURVE('',#376,#385,#387,.T.);
#385 = VERTEX_POINT('',#386);
#386 = CARTESIAN_POINT('',(110.11227475488,-10.57094295612,12.5));
#387 = LINE('',#388,#389);
#388 = CARTESIAN_POINT('',(110.29174317706,-10.65598835257,12.5));
#389 = VECTOR('',#390,1.);
#390 = DIRECTION('',(-0.903671519759,0.428226323778,0.));
#391 = ORIENTED_EDGE('',*,*,#392,.T.);
#392 = EDGE_CURVE('',#385,#393,#395,.T.);
#393 = VERTEX_POINT('',#394);
#394 = CARTESIAN_POINT('',(109.93498345062,-10.47824955731,12.5));
#395 = LINE('',#396,#397);
#396 = CARTESIAN_POINT('',(110.15398345062,-10.59274955731,12.5));
#397 = VECTOR('',#398,1.);
#398 = DIRECTION('',(-0.886187684451,0.463326437761,0.));
#399 = ORIENTED_EDGE('',*,*,#400,.F.);
#400 = EDGE_CURVE('',#401,#393,#403,.T.);
#401 = VERTEX_POINT('',#402);
#402 = CARTESIAN_POINT('',(109.83071802578,-10.42691167469,12.5));
#403 = CIRCLE('',#404,2.4);
#404 = AXIS2_PLACEMENT_3D('',#405,#406,#407);
#405 = CARTESIAN_POINT('',(108.823,-12.6051,12.5));
#406 = DIRECTION('',(0.,0.,-1.));
#407 = DIRECTION('',(-0.907578468879,0.419882510743,0.));
#408 = ORIENTED_EDGE('',*,*,#409,.T.);
#409 = EDGE_CURVE('',#401,#410,#412,.T.);
#410 = VERTEX_POINT('',#411);
#411 = CARTESIAN_POINT('',(109.47471802578,-10.26221167469,12.5));
#412 = LINE('',#413,#414);
#413 = CARTESIAN_POINT('',(109.83071802578,-10.42691167469,12.5));
#414 = VECTOR('',#415,1.);
#415 = DIRECTION('',(-0.907578468879,0.419882510743,0.));
#416 = ORIENTED_EDGE('',*,*,#417,.F.);
#417 = EDGE_CURVE('',#418,#410,#420,.T.);
#418 = VERTEX_POINT('',#419);
#419 = CARTESIAN_POINT('',(109.36605172341,-10.21515709221,12.5));
#420 = CIRCLE('',#421,2.4);
#421 = AXIS2_PLACEMENT_3D('',#422,#423,#424);
#422 = CARTESIAN_POINT('',(108.467,-12.4404,12.5));
#423 = DIRECTION('',(0.,0.,-1.));
#424 = DIRECTION('',(-0.927184544909,0.374604884755,0.));
#425 = ORIENTED_EDGE('',*,*,#426,.T.);
#426 = EDGE_CURVE('',#418,#427,#429,.T.);
#427 = VERTEX_POINT('',#428);
#428 = CARTESIAN_POINT('',(94.393701812119,-4.165967161443,12.5));
#429 = LINE('',#430,#431);
#430 = CARTESIAN_POINT('',(109.36605172341,-10.21515709221,12.5));
#431 = VECTOR('',#432,1.);
#432 = DIRECTION('',(-0.927184544909,0.374604884755,0.));
#433 = ORIENTED_EDGE('',*,*,#434,.T.);
#434 = EDGE_CURVE('',#427,#435,#437,.T.);
#435 = VERTEX_POINT('',#436);
#436 = CARTESIAN_POINT('',(93.146581931928,-3.513254495898,12.5));
#437 = LINE('',#438,#439);
#438 = CARTESIAN_POINT('',(94.498193430373,-4.220655570923,12.5));
#439 = VECTOR('',#440,1.);
#440 = DIRECTION('',(-0.885989345449,0.463705595989,0.));
#441 = ORIENTED_EDGE('',*,*,#442,.T.);
#442 = EDGE_CURVE('',#435,#443,#445,.T.);
#443 = VERTEX_POINT('',#444);
#444 = CARTESIAN_POINT('',(92.296616309898,-2.828048219813,12.5));
#445 = LINE('',#446,#447);
#446 = CARTESIAN_POINT('',(93.330573032422,-3.661580326419,12.5));
#447 = VECTOR('',#448,1.);
#448 = DIRECTION('',(-0.778524863992,0.627613763509,0.));
#449 = ORIENTED_EDGE('',*,*,#450,.T.);
#450 = EDGE_CURVE('',#443,#451,#453,.T.);
#451 = VERTEX_POINT('',#452);
#452 = CARTESIAN_POINT('',(91.596718289486,-1.990229118908,12.5));
#453 = LINE('',#454,#455);
#454 = CARTESIAN_POINT('',(92.448175018082,-3.009472908727,12.5));
#455 = VECTOR('',#456,1.);
#456 = DIRECTION('',(-0.64111128803,0.767447924201,0.));
#457 = ORIENTED_EDGE('',*,*,#458,.T.);
#458 = EDGE_CURVE('',#451,#459,#461,.T.);
#459 = VERTEX_POINT('',#460);
#460 = CARTESIAN_POINT('',(91.073699083693,-1.031935116845,12.5));
#461 = LINE('',#462,#463);
#462 = CARTESIAN_POINT('',(91.709959693685,-2.197713963112,12.5));
#463 = VECTOR('',#464,1.);
#464 = DIRECTION('',(-0.479073348703,0.877774872369,0.));
#465 = ORIENTED_EDGE('',*,*,#466,.T.);
#466 = EDGE_CURVE('',#459,#467,#469,.T.);
#467 = VERTEX_POINT('',#468);
#468 = CARTESIAN_POINT('',(90.747674580599,9.986718498057E-03,12.5));
#469 = LINE('',#470,#471);
#470 = CARTESIAN_POINT('',(91.144286469972,-1.257521041721,12.5));
#471 = VECTOR('',#472,1.);
#472 = DIRECTION('',(-0.298628732616,0.954369362488,0.));
#473 = ORIENTED_EDGE('',*,*,#474,.T.);
#474 = EDGE_CURVE('',#467,#475,#477,.T.);
#475 = VERTEX_POINT('',#476);
#476 = CARTESIAN_POINT('',(90.6,1.386014661818,12.5));
#477 = LINE('',#478,#479);
#478 = CARTESIAN_POINT('',(90.772897291726,-0.225037854968,12.5));
#479 = VECTOR('',#480,1.);
#480 = DIRECTION('',(-0.106706727097,0.994290538219,0.));
#481 = ORIENTED_EDGE('',*,*,#482,.T.);
#482 = EDGE_CURVE('',#475,#483,#485,.T.);
#483 = VERTEX_POINT('',#484);
#484 = CARTESIAN_POINT('',(90.6,11.585592045543,12.5));
#485 = LINE('',#486,#487);
#486 = CARTESIAN_POINT('',(90.6,1.2576,12.5));
#487 = VECTOR('',#488,1.);
#488 = DIRECTION('',(0.,1.,0.));
#489 = ORIENTED_EDGE('',*,*,#490,.T.);
#490 = EDGE_CURVE('',#483,#491,#493,.T.);
#491 = VERTEX_POINT('',#492);
#492 = CARTESIAN_POINT('',(90.737978218998,12.986466447343,12.5));
#493 = LINE('',#494,#495);
#494 = CARTESIAN_POINT('',(90.5884426566,11.468251883886,12.5));
#495 = VECTOR('',#496,1.);
#496 = DIRECTION('',(9.802004838094E-02,0.99518444025,0.));
#497 = ORIENTED_EDGE('',*,*,#498,.T.);
#498 = EDGE_CURVE('',#491,#499,#501,.T.);
#499 = VERTEX_POINT('',#500);
#500 = CARTESIAN_POINT('',(91.054857244343,14.031239133419,12.5));
#501 = LINE('',#502,#503);
#502 = CARTESIAN_POINT('',(90.669386910925,12.760316025747,12.5));
#503 = VECTOR('',#504,1.);
#504 = DIRECTION('',(0.290243322605,0.956952879552,0.));
#505 = ORIENTED_EDGE('',*,*,#506,.T.);
#506 = EDGE_CURVE('',#499,#507,#509,.T.);
#507 = VERTEX_POINT('',#508);
#508 = CARTESIAN_POINT('',(91.569475576282,14.993976641996,12.5));
#509 = LINE('',#510,#511);
#510 = CARTESIAN_POINT('',(90.943388720965,13.822706087039,12.5));
#511 = VECTOR('',#512,1.);
#512 = DIRECTION('',(0.4714141304,0.881911967069,0.));
#513 = ORIENTED_EDGE('',*,*,#514,.T.);
#514 = EDGE_CURVE('',#507,#515,#517,.T.);
#515 = VERTEX_POINT('',#516);
#516 = CARTESIAN_POINT('',(92.262070005347,15.837929994653,12.5));
#517 = LINE('',#518,#519);
#518 = CARTESIAN_POINT('',(91.41954685087,14.811282636441,12.5));
#519 = VECTOR('',#520,1.);
#520 = DIRECTION('',(0.634382234816,0.773019521196,0.));
#521 = ORIENTED_EDGE('',*,*,#522,.T.);
#522 = EDGE_CURVE('',#515,#523,#525,.T.);
#523 = VERTEX_POINT('',#524);
#524 = CARTESIAN_POINT('',(93.106023358004,16.530524423718,12.5));
#525 = LINE('',#526,#527);
#526 = CARTESIAN_POINT('',(92.079317363559,15.68795314913,12.5));
#527 = VECTOR('',#528,1.);
#528 = DIRECTION('',(0.773019521196,0.634382234816,0.));
#529 = ORIENTED_EDGE('',*,*,#530,.T.);
#530 = EDGE_CURVE('',#523,#531,#533,.T.);
#531 = VERTEX_POINT('',#532);
#532 = CARTESIAN_POINT('',(94.068760866581,17.045142755657,12.5));
#533 = LINE('',#534,#535);
#534 = CARTESIAN_POINT('',(92.897593912961,16.419111279035,12.5));
#535 = VECTOR('',#536,1.);
#536 = DIRECTION('',(0.881911967069,0.4714141304,0.));
#537 = ORIENTED_EDGE('',*,*,#538,.T.);
#538 = EDGE_CURVE('',#531,#539,#541,.T.);
#539 = VERTEX_POINT('',#540);
#540 = CARTESIAN_POINT('',(95.113533552657,17.362021781002,12.5));
#541 = LINE('',#542,#543);
#542 = CARTESIAN_POINT('',(93.842483974253,16.976513089075,12.5));
#543 = VECTOR('',#544,1.);
#544 = DIRECTION('',(0.956952879552,0.290243322605,0.));
#545 = ORIENTED_EDGE('',*,*,#546,.T.);
#546 = EDGE_CURVE('',#539,#547,#549,.T.);
#547 = VERTEX_POINT('',#548);
#548 = CARTESIAN_POINT('',(96.514407954457,17.5,12.5));
#549 = LINE('',#550,#551);
#550 = CARTESIAN_POINT('',(94.878348116114,17.3388573434,12.5));
#551 = VECTOR('',#552,1.);
#552 = DIRECTION('',(0.99518444025,9.802004838094E-02,0.));
#553 = ORIENTED_EDGE('',*,*,#554,.T.);
#554 = EDGE_CURVE('',#547,#555,#557,.T.);
#555 = VERTEX_POINT('',#556);
#556 = CARTESIAN_POINT('',(118.,17.5,12.5));
#557 = LINE('',#558,#559);
#558 = CARTESIAN_POINT('',(96.3965,17.5,12.5));
#559 = VECTOR('',#560,1.);
#560 = DIRECTION('',(1.,0.,0.));
#561 = ORIENTED_EDGE('',*,*,#562,.F.);
#562 = EDGE_CURVE('',#563,#555,#565,.T.);
#563 = VERTEX_POINT('',#564);
#564 = CARTESIAN_POINT('',(118.23547375693,17.511579578509,12.5));
#565 = CIRCLE('',#566,2.4);
#566 = AXIS2_PLACEMENT_3D('',#567,#568,#569);
#567 = CARTESIAN_POINT('',(118.,19.9,12.5));
#568 = DIRECTION('',(0.,0.,-1.));
#569 = DIRECTION('',(0.995175175621,9.811406539136E-02,0.));
#570 = ORIENTED_EDGE('',*,*,#571,.T.);
#571 = EDGE_CURVE('',#563,#572,#574,.T.);
#572 = VERTEX_POINT('',#573);
#573 = CARTESIAN_POINT('',(119.01547375693,17.588479578509,12.5));
#574 = LINE('',#575,#576);
#575 = CARTESIAN_POINT('',(118.23547375693,17.511579578509,12.5));
#576 = VECTOR('',#577,1.);
#577 = DIRECTION('',(0.995175175621,9.811406539136E-02,0.));
#578 = ORIENTED_EDGE('',*,*,#579,.F.);
#579 = EDGE_CURVE('',#580,#572,#582,.T.);
#580 = VERTEX_POINT('',#581);
#581 = CARTESIAN_POINT('',(119.47608565505,17.680062008145,12.5));
#582 = CIRCLE('',#583,2.4);
#583 = AXIS2_PLACEMENT_3D('',#584,#585,#586);
#584 = CARTESIAN_POINT('',(118.78,19.9769,12.5));
#585 = DIRECTION('',(0.,0.,-1.));
#586 = DIRECTION('',(0.957015829939,0.290035689606,0.));
#587 = ORIENTED_EDGE('',*,*,#588,.T.);
#588 = EDGE_CURVE('',#580,#589,#591,.T.);
#589 = VERTEX_POINT('',#590);
#590 = CARTESIAN_POINT('',(120.22708565505,17.907662008145,12.5));
#591 = LINE('',#592,#593);
#592 = CARTESIAN_POINT('',(119.47608565505,17.680062008145,12.5));
#593 = VECTOR('',#594,1.);
#594 = DIRECTION('',(0.957015829939,0.290035689606,0.));
#595 = ORIENTED_EDGE('',*,*,#596,.F.);
#596 = EDGE_CURVE('',#597,#589,#599,.T.);
#597 = VERTEX_POINT('',#598);
#598 = CARTESIAN_POINT('',(120.66295432477,18.088210935006,12.5));
#599 = CIRCLE('',#600,2.4);
#600 = AXIS2_PLACEMENT_3D('',#601,#602,#603);
#601 = CARTESIAN_POINT('',(119.531,20.2045,12.5));
#602 = DIRECTION('',(0.,0.,-1.));
#603 = DIRECTION('',(0.881787110414,0.471647635324,0.));
#604 = ORIENTED_EDGE('',*,*,#605,.T.);
#605 = EDGE_CURVE('',#597,#606,#608,.T.);
#606 = VERTEX_POINT('',#607);
#607 = CARTESIAN_POINT('',(121.35395432477,18.457810935006,12.5));
#608 = LINE('',#609,#610);
#609 = CARTESIAN_POINT('',(120.66295432477,18.088210935006,12.5));
#610 = VECTOR('',#611,1.);
#611 = DIRECTION('',(0.881787110414,0.471647635324,0.));
#612 = ORIENTED_EDGE('',*,*,#613,.F.);
#613 = EDGE_CURVE('',#614,#606,#616,.T.);
#614 = VERTEX_POINT('',#615);
#615 = CARTESIAN_POINT('',(121.74485234228,18.719128101665,12.5));
#616 = CIRCLE('',#617,2.4);
#617 = AXIS2_PLACEMENT_3D('',#618,#619,#620);
#618 = CARTESIAN_POINT('',(120.222,20.5741,12.5));
#619 = DIRECTION('',(0.,0.,-1.));
#620 = DIRECTION('',(0.77290495764,0.634521809283,0.));
#621 = ORIENTED_EDGE('',*,*,#622,.T.);
#622 = EDGE_CURVE('',#614,#623,#625,.T.);
#623 = VERTEX_POINT('',#624);
#624 = CARTESIAN_POINT('',(122.35085234228,19.216628101665,12.5));
#625 = LINE('',#626,#627);
#626 = CARTESIAN_POINT('',(121.74485234228,18.719128101665,12.5));
#627 = VECTOR('',#628,1.);
#628 = DIRECTION('',(0.77290495764,0.634521809283,0.));
#629 = ORIENTED_EDGE('',*,*,#630,.F.);
#630 = EDGE_CURVE('',#631,#623,#633,.T.);
#631 = VERTEX_POINT('',#632);
#632 = CARTESIAN_POINT('',(122.68234470049,19.547983994648,12.5));
#633 = CIRCLE('',#634,2.4);
#634 = AXIS2_PLACEMENT_3D('',#635,#636,#637);
#635 = CARTESIAN_POINT('',(120.828,21.0716,12.5));
#636 = DIRECTION('',(0.,0.,-1.));
#637 = DIRECTION('',(0.63484000223,0.772643625204,0.));
#638 = ORIENTED_EDGE('',*,*,#639,.T.);
#639 = EDGE_CURVE('',#631,#640,#642,.T.);
#640 = VERTEX_POINT('',#641);
#641 = CARTESIAN_POINT('',(123.18034470049,20.154083994648,12.5));
#642 = LINE('',#643,#644);
#643 = CARTESIAN_POINT('',(122.68234470049,19.547983994648,12.5));
#644 = VECTOR('',#645,1.);
#645 = DIRECTION('',(0.63484000223,0.772643625204,0.));
#646 = ORIENTED_EDGE('',*,*,#647,.F.);
#647 = EDGE_CURVE('',#648,#640,#650,.T.);
#648 = VERTEX_POINT('',#649);
#649 = CARTESIAN_POINT('',(123.44218842989,20.545557549074,12.5));
#650 = CIRCLE('',#651,2.4);
#651 = AXIS2_PLACEMENT_3D('',#652,#653,#654);
#652 = CARTESIAN_POINT('',(121.326,21.6777,12.5));
#653 = DIRECTION('',(0.,0.,-1.));
#654 = DIRECTION('',(0.471726021219,0.881745179122,0.));
#655 = ORIENTED_EDGE('',*,*,#656,.T.);
#656 = EDGE_CURVE('',#648,#657,#659,.T.);
#657 = VERTEX_POINT('',#658);
#658 = CARTESIAN_POINT('',(123.81218842989,21.237157549074,12.5));
#659 = LINE('',#660,#661);
#660 = CARTESIAN_POINT('',(123.44218842989,20.545557549074,12.5));
#661 = VECTOR('',#662,1.);
#662 = DIRECTION('',(0.471726021219,0.881745179122,0.));
#663 = ORIENTED_EDGE('',*,*,#664,.F.);
#664 = EDGE_CURVE('',#665,#657,#667,.T.);
#665 = VERTEX_POINT('',#666);
#666 = CARTESIAN_POINT('',(123.99316734329,21.674302016623,12.5));
#667 = CIRCLE('',#668,2.4);
#668 = AXIS2_PLACEMENT_3D('',#669,#670,#671);
#669 = CARTESIAN_POINT('',(121.696,22.3693,12.5));
#670 = DIRECTION('',(0.,0.,-1.));
#671 = DIRECTION('',(0.289582493074,0.957153059706,0.));
#672 = ORIENTED_EDGE('',*,*,#673,.T.);
#673 = EDGE_CURVE('',#665,#674,#676,.T.);
#674 = VERTEX_POINT('',#675);
#675 = CARTESIAN_POINT('',(124.22016734329,22.424602016623,12.5));
#676 = LINE('',#677,#678);
#677 = CARTESIAN_POINT('',(123.99316734329,21.674302016623,12.5));
#678 = VECTOR('',#679,1.);
#679 = DIRECTION('',(0.289582493074,0.957153059706,0.));
#680 = ORIENTED_EDGE('',*,*,#681,.F.);
#681 = EDGE_CURVE('',#682,#674,#684,.T.);
#682 = VERTEX_POINT('',#683);
#683 = CARTESIAN_POINT('',(124.31140231619,22.883942672543,12.5));
#684 = CIRCLE('',#685,2.4);
#685 = AXIS2_PLACEMENT_3D('',#686,#687,#688);
#686 = CARTESIAN_POINT('',(121.923,23.1196,12.5));
#687 = DIRECTION('',(0.,0.,-1.));
#688 = DIRECTION('',(9.819055310694E-02,0.995167631749,0.));
#689 = ORIENTED_EDGE('',*,*,#690,.T.);
#690 = EDGE_CURVE('',#682,#691,#693,.T.);
#691 = VERTEX_POINT('',#692);
#692 = CARTESIAN_POINT('',(124.38840231619,23.664342672543,12.5));
#693 = LINE('',#694,#695);
#694 = CARTESIAN_POINT('',(124.31140231619,22.883942672543,12.5));
#695 = VECTOR('',#696,1.);
#696 = DIRECTION('',(9.819055310694E-02,0.995167631749,0.));
#697 = ORIENTED_EDGE('',*,*,#698,.F.);
#698 = EDGE_CURVE('',#699,#691,#701,.T.);
#699 = VERTEX_POINT('',#700);
#700 = CARTESIAN_POINT('',(124.4,23.9,12.5));
#701 = CIRCLE('',#702,2.4);
#702 = AXIS2_PLACEMENT_3D('',#703,#704,#705);
#703 = CARTESIAN_POINT('',(122.,23.9,12.5));
#704 = DIRECTION('',(0.,0.,-1.));
#705 = DIRECTION('',(0.,1.,0.));
#706 = ORIENTED_EDGE('',*,*,#707,.T.);
#707 = EDGE_CURVE('',#699,#708,#710,.T.);
#708 = VERTEX_POINT('',#709);
#709 = CARTESIAN_POINT('',(124.4,57.,12.5));
#710 = LINE('',#711,#712);
#711 = CARTESIAN_POINT('',(124.4,23.9,12.5));
#712 = VECTOR('',#713,1.);
#713 = DIRECTION('',(0.,1.,0.));
#714 = ORIENTED_EDGE('',*,*,#715,.F.);
#715 = EDGE_CURVE('',#716,#708,#718,.T.);
#716 = VERTEX_POINT('',#717);
#717 = CARTESIAN_POINT('',(124.38840231619,57.235657327457,12.5));
#718 = CIRCLE('',#719,2.4);
#719 = AXIS2_PLACEMENT_3D('',#720,#721,#722);
#720 = CARTESIAN_POINT('',(122.,57.,12.5));
#721 = DIRECTION('',(0.,0.,-1.));
#722 = DIRECTION('',(-9.819055310694E-02,0.995167631749,0.));
#723 = ORIENTED_EDGE('',*,*,#724,.T.);
#724 = EDGE_CURVE('',#716,#725,#727,.T.);
#725 = VERTEX_POINT('',#726);
#726 = CARTESIAN_POINT('',(124.31140231619,58.016057327457,12.5));
#727 = LINE('',#728,#729);
#728 = CARTESIAN_POINT('',(124.38840231619,57.235657327457,12.5));
#729 = VECTOR('',#730,1.);
#730 = DIRECTION('',(-9.819055310694E-02,0.995167631749,0.));
#731 = ORIENTED_EDGE('',*,*,#732,.F.);
#732 = EDGE_CURVE('',#733,#725,#735,.T.);
#733 = VERTEX_POINT('',#734);
#734 = CARTESIAN_POINT('',(124.22016734329,58.475397983377,12.5));
#735 = CIRCLE('',#736,2.4);
#736 = AXIS2_PLACEMENT_3D('',#737,#738,#739);
#737 = CARTESIAN_POINT('',(121.923,57.7804,12.5));
#738 = DIRECTION('',(0.,0.,-1.));
#739 = DIRECTION('',(-0.289582493074,0.957153059706,0.));
#740 = ORIENTED_EDGE('',*,*,#741,.T.);
#741 = EDGE_CURVE('',#733,#742,#744,.T.);
#742 = VERTEX_POINT('',#743);
#743 = CARTESIAN_POINT('',(123.99316734329,59.225697983377,12.5));
#744 = LINE('',#745,#746);
#745 = CARTESIAN_POINT('',(124.22016734329,58.475397983377,12.5));
#746 = VECTOR('',#747,1.);
#747 = DIRECTION('',(-0.289582493074,0.957153059706,0.));
#748 = ORIENTED_EDGE('',*,*,#749,.F.);
#749 = EDGE_CURVE('',#750,#742,#752,.T.);
#750 = VERTEX_POINT('',#751);
#751 = CARTESIAN_POINT('',(123.81218842989,59.662842450926,12.5));
#752 = CIRCLE('',#753,2.4);
#753 = AXIS2_PLACEMENT_3D('',#754,#755,#756);
#754 = CARTESIAN_POINT('',(121.696,58.5307,12.5));
#755 = DIRECTION('',(0.,0.,-1.));
#756 = DIRECTION('',(-0.471726021219,0.881745179122,0.));
#757 = ORIENTED_EDGE('',*,*,#758,.T.);
#758 = EDGE_CURVE('',#750,#759,#761,.T.);
#759 = VERTEX_POINT('',#760);
#760 = CARTESIAN_POINT('',(123.44218842989,60.354442450926,12.5));
#761 = LINE('',#762,#763);
#762 = CARTESIAN_POINT('',(123.81218842989,59.662842450926,12.5));
#763 = VECTOR('',#764,1.);
#764 = DIRECTION('',(-0.471726021219,0.881745179122,0.));
#765 = ORIENTED_EDGE('',*,*,#766,.F.);
#766 = EDGE_CURVE('',#767,#759,#769,.T.);
#767 = VERTEX_POINT('',#768);
#768 = CARTESIAN_POINT('',(123.18034470049,60.745916005352,12.5));
#769 = CIRCLE('',#770,2.4);
#770 = AXIS2_PLACEMENT_3D('',#771,#772,#773);
#771 = CARTESIAN_POINT('',(121.326,59.2223,12.5));
#772 = DIRECTION('',(0.,0.,-1.));
#773 = DIRECTION('',(-0.63484000223,0.772643625204,0.));
#774 = ORIENTED_EDGE('',*,*,#775,.T.);
#775 = EDGE_CURVE('',#767,#776,#778,.T.);
#776 = VERTEX_POINT('',#777);
#777 = CARTESIAN_POINT('',(122.68234470049,61.352016005352,12.5));
#778 = LINE('',#779,#780);
#779 = CARTESIAN_POINT('',(123.18034470049,60.745916005352,12.5));
#780 = VECTOR('',#781,1.);
#781 = DIRECTION('',(-0.63484000223,0.772643625204,0.));
#782 = ORIENTED_EDGE('',*,*,#783,.F.);
#783 = EDGE_CURVE('',#784,#776,#786,.T.);
#784 = VERTEX_POINT('',#785);
#785 = CARTESIAN_POINT('',(122.35085234228,61.683371898335,12.5));
#786 = CIRCLE('',#787,2.4);
#787 = AXIS2_PLACEMENT_3D('',#788,#789,#790);
#788 = CARTESIAN_POINT('',(120.828,59.8284,12.5));
#789 = DIRECTION('',(0.,0.,-1.));
#790 = DIRECTION('',(-0.77290495764,0.634521809283,0.));
#791 = ORIENTED_EDGE('',*,*,#792,.T.);
#792 = EDGE_CURVE('',#784,#793,#795,.T.);
#793 = VERTEX_POINT('',#794);
#794 = CARTESIAN_POINT('',(121.74485234228,62.180871898335,12.5));
#795 = LINE('',#796,#797);
#796 = CARTESIAN_POINT('',(122.35085234228,61.683371898335,12.5));
#797 = VECTOR('',#798,1.);
#798 = DIRECTION('',(-0.77290495764,0.634521809283,0.));
#799 = ORIENTED_EDGE('',*,*,#800,.F.);
#800 = EDGE_CURVE('',#801,#793,#803,.T.);
#801 = VERTEX_POINT('',#802);
#802 = CARTESIAN_POINT('',(121.35395432477,62.442189064994,12.5));
#803 = CIRCLE('',#804,2.4);
#804 = AXIS2_PLACEMENT_3D('',#805,#806,#807);
#805 = CARTESIAN_POINT('',(120.222,60.3259,12.5));
#806 = DIRECTION('',(0.,0.,-1.));
#807 = DIRECTION('',(-0.881787110414,0.471647635324,0.));
#808 = ORIENTED_EDGE('',*,*,#809,.T.);
#809 = EDGE_CURVE('',#801,#810,#812,.T.);
#810 = VERTEX_POINT('',#811);
#811 = CARTESIAN_POINT('',(120.66295432477,62.811789064994,12.5));
#812 = LINE('',#813,#814);
#813 = CARTESIAN_POINT('',(121.35395432477,62.442189064994,12.5));
#814 = VECTOR('',#815,1.);
#815 = DIRECTION('',(-0.881787110414,0.471647635324,0.));
#816 = ORIENTED_EDGE('',*,*,#817,.F.);
#817 = EDGE_CURVE('',#818,#810,#820,.T.);
#818 = VERTEX_POINT('',#819);
#819 = CARTESIAN_POINT('',(120.22708565505,62.992337991855,12.5));
#820 = CIRCLE('',#821,2.4);
#821 = AXIS2_PLACEMENT_3D('',#822,#823,#824);
#822 = CARTESIAN_POINT('',(119.531,60.6955,12.5));
#823 = DIRECTION('',(0.,0.,-1.));
#824 = DIRECTION('',(-0.957015829939,0.290035689606,0.));
#825 = ORIENTED_EDGE('',*,*,#826,.T.);
#826 = EDGE_CURVE('',#818,#827,#829,.T.);
#827 = VERTEX_POINT('',#828);
#828 = CARTESIAN_POINT('',(119.47608565505,63.219937991855,12.5));
#829 = LINE('',#830,#831);
#830 = CARTESIAN_POINT('',(120.22708565505,62.992337991855,12.5));
#831 = VECTOR('',#832,1.);
#832 = DIRECTION('',(-0.957015829939,0.290035689606,0.));
#833 = ORIENTED_EDGE('',*,*,#834,.F.);
#834 = EDGE_CURVE('',#835,#827,#837,.T.);
#835 = VERTEX_POINT('',#836);
#836 = CARTESIAN_POINT('',(119.01547375693,63.311520421491,12.5));
#837 = CIRCLE('',#838,2.4);
#838 = AXIS2_PLACEMENT_3D('',#839,#840,#841);
#839 = CARTESIAN_POINT('',(118.78,60.9231,12.5));
#840 = DIRECTION('',(0.,0.,-1.));
#841 = DIRECTION('',(-0.995175175621,9.811406539136E-02,0.));
#842 = ORIENTED_EDGE('',*,*,#843,.T.);
#843 = EDGE_CURVE('',#835,#844,#846,.T.);
#844 = VERTEX_POINT('',#845);
#845 = CARTESIAN_POINT('',(118.23547375693,63.388420421491,12.5));
#846 = LINE('',#847,#848);
#847 = CARTESIAN_POINT('',(119.01547375693,63.311520421491,12.5));
#848 = VECTOR('',#849,1.);
#849 = DIRECTION('',(-0.995175175621,9.811406539136E-02,0.));
#850 = ORIENTED_EDGE('',*,*,#851,.F.);
#851 = EDGE_CURVE('',#852,#844,#854,.T.);
#852 = VERTEX_POINT('',#853);
#853 = CARTESIAN_POINT('',(118.,63.4,12.5));
#854 = CIRCLE('',#855,2.4);
#855 = AXIS2_PLACEMENT_3D('',#856,#857,#858);
#856 = CARTESIAN_POINT('',(118.,61.,12.5));
#857 = DIRECTION('',(0.,0.,-1.));
#858 = DIRECTION('',(-1.,0.,0.));
#859 = ORIENTED_EDGE('',*,*,#860,.T.);
#860 = EDGE_CURVE('',#852,#861,#863,.T.);
#861 = VERTEX_POINT('',#862);
#862 = CARTESIAN_POINT('',(88.2647,63.4,12.5));
#863 = LINE('',#864,#865);
#864 = CARTESIAN_POINT('',(118.,63.4,12.5));
#865 = VECTOR('',#866,1.);
#866 = DIRECTION('',(-1.,0.,0.));
#867 = ORIENTED_EDGE('',*,*,#868,.F.);
#868 = EDGE_CURVE('',#869,#861,#871,.T.);
#869 = VERTEX_POINT('',#870);
#870 = CARTESIAN_POINT('',(88.02934577598,63.38843220319,12.5));
#871 = CIRCLE('',#872,2.4);
#872 = AXIS2_PLACEMENT_3D('',#873,#874,#875);
#873 = CARTESIAN_POINT('',(88.2647,61.,12.5));
#874 = DIRECTION('',(-0.,0.,-1.));
#875 = DIRECTION('',(-0.995180084663,-9.80642600084E-02,0.));
#876 = ORIENTED_EDGE('',*,*,#877,.T.);
#877 = EDGE_CURVE('',#869,#878,#880,.T.);
#878 = VERTEX_POINT('',#879);
#879 = CARTESIAN_POINT('',(87.24894577598,63.31153220319,12.5));
#880 = LINE('',#881,#882);
#881 = CARTESIAN_POINT('',(88.02934577598,63.38843220319,12.5));
#882 = VECTOR('',#883,1.);
#883 = DIRECTION('',(-0.995180084663,-9.80642600084E-02,0.));
#884 = ORIENTED_EDGE('',*,*,#885,.F.);
#885 = EDGE_CURVE('',#886,#878,#888,.T.);
#886 = VERTEX_POINT('',#887);
#887 = CARTESIAN_POINT('',(86.787704643897,63.219783458785,12.5));
#888 = CIRCLE('',#889,2.4);
#889 = AXIS2_PLACEMENT_3D('',#890,#891,#892);
#890 = CARTESIAN_POINT('',(87.4843,60.9231,12.5));
#891 = DIRECTION('',(-0.,0.,-1.));
#892 = DIRECTION('',(-0.95695144116,-0.290248065043,0.));
#893 = ORIENTED_EDGE('',*,*,#894,.T.);
#894 = EDGE_CURVE('',#886,#895,#897,.T.);
#895 = VERTEX_POINT('',#896);
#896 = CARTESIAN_POINT('',(86.037304643897,62.992183458785,12.5));
#897 = LINE('',#898,#899);
#898 = CARTESIAN_POINT('',(86.787704643897,63.219783458785,12.5));
#899 = VECTOR('',#900,1.);
#900 = DIRECTION('',(-0.95695144116,-0.290248065043,0.));
#901 = ORIENTED_EDGE('',*,*,#902,.F.);
#902 = EDGE_CURVE('',#903,#895,#905,.T.);
#903 = VERTEX_POINT('',#904);
#904 = CARTESIAN_POINT('',(85.602582234698,62.812129422906,12.5));
#905 = CIRCLE('',#906,2.4);
#906 = AXIS2_PLACEMENT_3D('',#907,#908,#909);
#907 = CARTESIAN_POINT('',(86.7339,60.6955,12.5));
#908 = DIRECTION('',(-0.,0.,-1.));
#909 = DIRECTION('',(-0.881928926211,-0.471382402209,0.));
#910 = ORIENTED_EDGE('',*,*,#911,.T.);
#911 = EDGE_CURVE('',#903,#912,#914,.T.);
#912 = VERTEX_POINT('',#913);
#913 = CARTESIAN_POINT('',(84.911082234698,62.442529422906,12.5));
#914 = LINE('',#915,#916);
#915 = CARTESIAN_POINT('',(85.602582234698,62.812129422906,12.5));
#916 = VECTOR('',#917,1.);
#917 = DIRECTION('',(-0.881928926211,-0.471382402209,0.));
#918 = ORIENTED_EDGE('',*,*,#919,.F.);
#919 = EDGE_CURVE('',#920,#912,#922,.T.);
#920 = VERTEX_POINT('',#921);
#921 = CARTESIAN_POINT('',(84.519847857645,62.181118308936,12.5));
#922 = CIRCLE('',#923,2.4);
#923 = AXIS2_PLACEMENT_3D('',#924,#925,#926);
#924 = CARTESIAN_POINT('',(86.0424,60.3259,12.5));
#925 = DIRECTION('',(-0.,0.,-1.));
#926 = DIRECTION('',(-0.773007628723,-0.634396725981,0.));
#927 = ORIENTED_EDGE('',*,*,#928,.T.);
#928 = EDGE_CURVE('',#920,#929,#931,.T.);
#929 = VERTEX_POINT('',#930);
#930 = CARTESIAN_POINT('',(83.913647857645,61.683618308936,12.5));
#931 = LINE('',#932,#933);
#932 = CARTESIAN_POINT('',(84.519847857645,62.181118308936,12.5));
#933 = VECTOR('',#934,1.);
#934 = DIRECTION('',(-0.773007628723,-0.634396725981,0.));
#935 = ORIENTED_EDGE('',*,*,#936,.F.);
#936 = EDGE_CURVE('',#937,#929,#939,.T.);
#937 = VERTEX_POINT('',#938);
#938 = CARTESIAN_POINT('',(83.739143725152,61.525456274848,12.5));
#939 = CIRCLE('',#940,2.4);
#940 = AXIS2_PLACEMENT_3D('',#941,#942,#943);
#941 = CARTESIAN_POINT('',(85.4362,59.8284,12.5));
#942 = DIRECTION('',(-0.,0.,-1.));
#943 = DIRECTION('',(-0.707106781187,-0.707106781187,0.));
#944 = ORIENTED_EDGE('',*,*,#945,.T.);
#945 = EDGE_CURVE('',#937,#946,#948,.T.);
#946 = VERTEX_POINT('',#947);
#947 = CARTESIAN_POINT('',(83.508774049302,61.295086598997,12.5));
#948 = LINE('',#949,#950);
#949 = CARTESIAN_POINT('',(83.739143725152,61.525456274848,12.5));
#950 = VECTOR('',#951,1.);
#951 = DIRECTION('',(-0.707106781187,-0.707106781187,0.));
#952 = ORIENTED_EDGE('',*,*,#953,.T.);
#953 = EDGE_CURVE('',#946,#954,#956,.T.);
#954 = VERTEX_POINT('',#955);
#955 = CARTESIAN_POINT('',(82.601056482096,60.688545924478,12.5));
#956 = LINE('',#957,#958);
#957 = CARTESIAN_POINT('',(83.705296200932,61.426403522581,12.5));
#958 = VECTOR('',#959,1.);
#959 = DIRECTION('',(-0.831459801075,-0.555584916278,0.));
#960 = ORIENTED_EDGE('',*,*,#961,.T.);
#961 = EDGE_CURVE('',#954,#962,#964,.T.);
#962 = VERTEX_POINT('',#963);
#963 = CARTESIAN_POINT('',(81.592465676453,60.270776922583,12.5));
#964 = LINE('',#965,#966);
#965 = CARTESIAN_POINT('',(82.819465370523,60.779013201011,12.5));
#966 = VECTOR('',#967,1.);
#967 = DIRECTION('',(-0.923880500421,-0.382681095615,0.));
#968 = ORIENTED_EDGE('',*,*,#969,.T.);
#969 = EDGE_CURVE('',#962,#970,#972,.T.);
#970 = VERTEX_POINT('',#971);
#971 = CARTESIAN_POINT('',(80.366413194173,60.026919104318,12.5));
#972 = LINE('',#973,#974);
#973 = CARTESIAN_POINT('',(81.824318655776,60.31689171988,12.5));
#974 = VECTOR('',#975,1.);
#975 = DIRECTION('',(-0.980788216617,-0.195075560093,0.));
#976 = ORIENTED_EDGE('',*,*,#977,.T.);
#977 = EDGE_CURVE('',#970,#978,#980,.T.);
#978 = VERTEX_POINT('',#979);
#979 = CARTESIAN_POINT('',(79.818661861121,60.,12.5));
#980 = LINE('',#981,#982);
#981 = CARTESIAN_POINT('',(80.543194767474,60.035606991185,12.5));
#982 = VECTOR('',#983,1.);
#983 = DIRECTION('',(-0.998794579661,-4.908551355237E-02,0.));
#984 = ORIENTED_EDGE('',*,*,#985,.T.);
#985 = EDGE_CURVE('',#978,#986,#988,.T.);
#986 = VERTEX_POINT('',#987);
#987 = CARTESIAN_POINT('',(75.250001262686,60.,12.5));
#988 = LINE('',#989,#990);
#989 = CARTESIAN_POINT('',(79.8776,60.,12.5));
#990 = VECTOR('',#991,1.);
#991 = DIRECTION('',(-1.,0.,0.));
#992 = ORIENTED_EDGE('',*,*,#993,.T.);
#993 = EDGE_CURVE('',#986,#994,#996,.T.);
#994 = VERTEX_POINT('',#995);
#995 = CARTESIAN_POINT('',(73.849049472931,60.137977972108,12.5));
#996 = LINE('',#997,#998);
#997 = CARTESIAN_POINT('',(75.367334829085,59.98844396526,12.5));
#998 = VECTOR('',#999,1.);
#999 = DIRECTION('',(-0.995184985525,9.80145121187E-02,0.));
#1000 = ORIENTED_EDGE('',*,*,#1001,.T.);
#1001 = EDGE_CURVE('',#994,#1002,#1004,.T.);
#1002 = VERTEX_POINT('',#1003);
#1003 = CARTESIAN_POINT('',(72.80438069102,60.454846647457,12.5));
#1004 = LINE('',#1005,#1006);
#1005 = CARTESIAN_POINT('',(74.075226583132,60.069373987242,12.5));
#1006 = VECTOR('',#1007,1.);
#1007 = DIRECTION('',(-0.956947494684,0.290261076305,0.));
#1008 = ORIENTED_EDGE('',*,*,#1009,.T.);
#1009 = EDGE_CURVE('',#1002,#1010,#1012,.T.);
#1010 = VERTEX_POINT('',#1011);
#1011 = CARTESIAN_POINT('',(71.841550351714,60.969514600808,12.5));
#1012 = LINE('',#1013,#1014);
#1013 = CARTESIAN_POINT('',(73.012893912961,60.343388720965,12.5));
#1014 = VECTOR('',#1015,1.);
#1015 = DIRECTION('',(-0.881911967069,0.4714141304,0.));
#1016 = ORIENTED_EDGE('',*,*,#1017,.T.);
#1017 = EDGE_CURVE('',#1010,#1018,#1020,.T.);
#1018 = VERTEX_POINT('',#1019);
#1019 = CARTESIAN_POINT('',(71.746690604794,61.047350868821,12.5));
#1020 = LINE('',#1021,#1022);
#1021 = CARTESIAN_POINT('',(72.024190604794,60.819650868821,12.5));
#1022 = VECTOR('',#1023,1.);
#1023 = DIRECTION('',(-0.773062862009,0.634329418664,0.));
#1024 = ORIENTED_EDGE('',*,*,#1025,.F.);
#1025 = EDGE_CURVE('',#1026,#1018,#1028,.T.);
#1026 = VERTEX_POINT('',#1027);
#1027 = CARTESIAN_POINT('',(71.557769120597,61.187459872915,12.5));
#1028 = CIRCLE('',#1029,2.4);
#1029 = AXIS2_PLACEMENT_3D('',#1030,#1031,#1032);
#1030 = CARTESIAN_POINT('',(70.2243,59.192,12.5));
#1031 = DIRECTION('',(0.,0.,-1.));
#1032 = DIRECTION('',(-0.831441613715,0.555612133582,0.));
#1033 = ORIENTED_EDGE('',*,*,#1034,.T.);
#1034 = EDGE_CURVE('',#1026,#1035,#1037,.T.);
#1035 = VERTEX_POINT('',#1036);
#1036 = CARTESIAN_POINT('',(70.905769120597,61.623159872915,12.5));
#1037 = LINE('',#1038,#1039);
#1038 = CARTESIAN_POINT('',(71.557769120597,61.187459872915,12.5));
#1039 = VECTOR('',#1040,1.);
#1040 = DIRECTION('',(-0.831441613715,0.555612133582,0.));
#1041 = ORIENTED_EDGE('',*,*,#1042,.F.);
#1042 = EDGE_CURVE('',#1043,#1035,#1045,.T.);
#1043 = VERTEX_POINT('',#1044);
#1044 = CARTESIAN_POINT('',(70.490854394225,61.844963589393,12.5));
#1045 = CIRCLE('',#1046,2.4);
#1046 = AXIS2_PLACEMENT_3D('',#1047,#1048,#1049);
#1047 = CARTESIAN_POINT('',(69.5723,59.6277,12.5));
#1048 = DIRECTION('',(0.,0.,-1.));
#1049 = DIRECTION('',(-0.923859828914,0.382730997594,0.));
#1050 = ORIENTED_EDGE('',*,*,#1051,.T.);
#1051 = EDGE_CURVE('',#1043,#1052,#1054,.T.);
#1052 = VERTEX_POINT('',#1053);
#1053 = CARTESIAN_POINT('',(69.766454394225,62.145063589393,12.5));
#1054 = LINE('',#1055,#1056);
#1055 = CARTESIAN_POINT('',(70.490854394225,61.844963589393,12.5));
#1056 = VECTOR('',#1057,1.);
#1057 = DIRECTION('',(-0.923859828914,0.382730997594,0.));
#1058 = ORIENTED_EDGE('',*,*,#1059,.F.);
#1059 = EDGE_CURVE('',#1060,#1052,#1062,.T.);
#1060 = VERTEX_POINT('',#1061);
#1061 = CARTESIAN_POINT('',(69.315870928979,62.281733561006,12.5));
#1062 = CIRCLE('',#1063,2.4);
#1063 = AXIS2_PLACEMENT_3D('',#1064,#1065,#1066);
#1064 = CARTESIAN_POINT('',(68.8479,59.9278,12.5));
#1065 = DIRECTION('',(0.,0.,-1.));
#1066 = DIRECTION('',(-0.980805650419,0.194987887075,0.));
#1067 = ORIENTED_EDGE('',*,*,#1068,.T.);
#1068 = EDGE_CURVE('',#1060,#1069,#1071,.T.);
#1069 = VERTEX_POINT('',#1070);
#1070 = CARTESIAN_POINT('',(68.546770928979,62.434633561006,12.5));
#1071 = LINE('',#1072,#1073);
#1072 = CARTESIAN_POINT('',(69.315870928979,62.281733561006,12.5));
#1073 = VECTOR('',#1074,1.);
#1074 = DIRECTION('',(-0.980805650419,0.194987887075,0.));
#1075 = ORIENTED_EDGE('',*,*,#1076,.F.);
#1076 = EDGE_CURVE('',#1077,#1069,#1079,.T.);
#1077 = VERTEX_POINT('',#1078);
#1078 = CARTESIAN_POINT('',(68.19679028124,62.477797889852,12.5));
#1079 = CIRCLE('',#1080,2.4);
#1080 = AXIS2_PLACEMENT_3D('',#1081,#1082,#1083);
#1081 = CARTESIAN_POINT('',(68.0788,60.0807,12.5));
#1082 = DIRECTION('',(0.,0.,-1.));
#1083 = DIRECTION('',(-0.998790787438,4.916261718327E-02,0.));
#1084 = ORIENTED_EDGE('',*,*,#1085,.T.);
#1085 = EDGE_CURVE('',#1077,#1086,#1088,.T.);
#1086 = VERTEX_POINT('',#1087);
#1087 = CARTESIAN_POINT('',(67.80469028124,62.497097889852,12.5));
#1088 = LINE('',#1089,#1090);
#1089 = CARTESIAN_POINT('',(68.19679028124,62.477797889852,12.5));
#1090 = VECTOR('',#1091,1.);
#1091 = DIRECTION('',(-0.998790787438,4.916261718327E-02,0.));
#1092 = ORIENTED_EDGE('',*,*,#1093,.F.);
#1093 = EDGE_CURVE('',#1094,#1086,#1096,.T.);
#1094 = VERTEX_POINT('',#1095);
#1095 = CARTESIAN_POINT('',(67.6867,62.5,12.5));
#1096 = CIRCLE('',#1097,2.4);
#1097 = AXIS2_PLACEMENT_3D('',#1098,#1099,#1100);
#1098 = CARTESIAN_POINT('',(67.6867,60.1,12.5));
#1099 = DIRECTION('',(0.,0.,-1.));
#1100 = DIRECTION('',(-1.,0.,0.));
#1101 = ORIENTED_EDGE('',*,*,#1102,.T.);
#1102 = EDGE_CURVE('',#1094,#1103,#1105,.T.);
#1103 = VERTEX_POINT('',#1104);
#1104 = CARTESIAN_POINT('',(58.248801262686,62.5,12.5));
#1105 = LINE('',#1106,#1107);
#1106 = CARTESIAN_POINT('',(67.6867,62.5,12.5));
#1107 = VECTOR('',#1108,1.);
#1108 = DIRECTION('',(-1.,0.,0.));
#1109 = ORIENTED_EDGE('',*,*,#1110,.T.);
#1110 = EDGE_CURVE('',#1103,#1111,#1113,.T.);
#1111 = VERTEX_POINT('',#1112);
#1112 = CARTESIAN_POINT('',(56.847849472931,62.637977972108,12.5));
#1113 = LINE('',#1114,#1115);
#1114 = CARTESIAN_POINT('',(58.366134829085,62.48844396526,12.5));
#1115 = VECTOR('',#1116,1.);
#1116 = DIRECTION('',(-0.995184985525,9.80145121187E-02,0.));
#1117 = ORIENTED_EDGE('',*,*,#1118,.T.);
#1118 = EDGE_CURVE('',#1111,#1119,#1121,.T.);
#1119 = VERTEX_POINT('',#1120);
#1120 = CARTESIAN_POINT('',(55.80318069102,62.954846647457,12.5));
#1121 = LINE('',#1122,#1123);
#1122 = CARTESIAN_POINT('',(57.074026583132,62.569373987242,12.5));
#1123 = VECTOR('',#1124,1.);
#1124 = DIRECTION('',(-0.956947494684,0.290261076305,0.));
#1125 = ORIENTED_EDGE('',*,*,#1126,.T.);
#1126 = EDGE_CURVE('',#1119,#1127,#1129,.T.);
#1127 = VERTEX_POINT('',#1128);
#1128 = CARTESIAN_POINT('',(54.840423358004,63.469475576282,12.5));
#1129 = LINE('',#1130,#1131);
#1130 = CARTESIAN_POINT('',(56.011693912961,62.843388720965,12.5));
#1131 = VECTOR('',#1132,1.);
#1132 = DIRECTION('',(-0.881911967069,0.4714141304,0.));
#1133 = ORIENTED_EDGE('',*,*,#1134,.T.);
#1134 = EDGE_CURVE('',#1127,#1135,#1137,.T.);
#1135 = VERTEX_POINT('',#1136);
#1136 = CARTESIAN_POINT('',(53.996470005347,64.162070005347,12.5));
#1137 = LINE('',#1138,#1139);
#1138 = CARTESIAN_POINT('',(55.023117363559,63.31954685087,12.5));
#1139 = VECTOR('',#1140,1.);
#1140 = DIRECTION('',(-0.773019521196,0.634382234816,0.));
#1141 = ORIENTED_EDGE('',*,*,#1142,.T.);
#1142 = EDGE_CURVE('',#1135,#1143,#1145,.T.);
#1143 = VERTEX_POINT('',#1144);
#1144 = CARTESIAN_POINT('',(53.30391343244,65.005977228797,12.5));
#1145 = LINE('',#1146,#1147);
#1146 = CARTESIAN_POINT('',(54.14644685087,63.979317363559,12.5));
#1147 = VECTOR('',#1148,1.);
#1148 = DIRECTION('',(-0.634382234816,0.773019521196,0.));
#1149 = ORIENTED_EDGE('',*,*,#1150,.T.);
#1150 = EDGE_CURVE('',#1143,#1151,#1153,.T.);
#1151 = VERTEX_POINT('',#1152);
#1152 = CARTESIAN_POINT('',(53.030844440299,65.516889668189,12.5));
#1153 = LINE('',#1154,#1155);
#1154 = CARTESIAN_POINT('',(53.415344440299,64.797489668189,12.5));
#1155 = VECTOR('',#1156,1.);
#1156 = DIRECTION('',(-0.471370695079,0.881935183458,0.));
#1157 = ORIENTED_EDGE('',*,*,#1158,.F.);
#1158 = EDGE_CURVE('',#1159,#1151,#1161,.T.);
#1159 = VERTEX_POINT('',#1160);
#1160 = CARTESIAN_POINT('',(52.909659872915,65.719069120597,12.5));
#1161 = CIRCLE('',#1162,2.4);
#1162 = AXIS2_PLACEMENT_3D('',#1163,#1164,#1165);
#1163 = CARTESIAN_POINT('',(50.9142,64.3856,12.5));
#1164 = DIRECTION('',(0.,0.,-1.));
#1165 = DIRECTION('',(-0.555612133582,0.831441613715,0.));
#1166 = ORIENTED_EDGE('',*,*,#1167,.T.);
#1167 = EDGE_CURVE('',#1159,#1168,#1170,.T.);
#1168 = VERTEX_POINT('',#1169);
#1169 = CARTESIAN_POINT('',(52.473959872915,66.371069120597,12.5));
#1170 = LINE('',#1171,#1172);
#1171 = CARTESIAN_POINT('',(52.909659872915,65.719069120597,12.5));
#1172 = VECTOR('',#1173,1.);
#1173 = DIRECTION('',(-0.555612133582,0.831441613715,0.));
#1174 = ORIENTED_EDGE('',*,*,#1175,.F.);
#1175 = EDGE_CURVE('',#1176,#1168,#1178,.T.);
#1176 = VERTEX_POINT('',#1177);
#1177 = CARTESIAN_POINT('',(52.175556274848,66.734656274848,12.5));
#1178 = CIRCLE('',#1179,2.4);
#1179 = AXIS2_PLACEMENT_3D('',#1180,#1181,#1182);
#1180 = CARTESIAN_POINT('',(50.4785,65.0376,12.5));
#1181 = DIRECTION('',(0.,0.,-1.));
#1182 = DIRECTION('',(-0.707106781187,0.707106781187,0.));
#1183 = ORIENTED_EDGE('',*,*,#1184,.T.);
#1184 = EDGE_CURVE('',#1176,#1185,#1187,.T.);
#1185 = VERTEX_POINT('',#1186);
#1186 = CARTESIAN_POINT('',(51.621156274848,67.289056274848,12.5));
#1187 = LINE('',#1188,#1189);
#1188 = CARTESIAN_POINT('',(52.175556274848,66.734656274848,12.5));
#1189 = VECTOR('',#1190,1.);
#1190 = DIRECTION('',(-0.707106781187,0.707106781187,0.));
#1191 = ORIENTED_EDGE('',*,*,#1192,.F.);
#1192 = EDGE_CURVE('',#1193,#1185,#1195,.T.);
#1193 = VERTEX_POINT('',#1194);
#1194 = CARTESIAN_POINT('',(51.257569120597,67.587459872915,12.5));
#1195 = CIRCLE('',#1196,2.4);
#1196 = AXIS2_PLACEMENT_3D('',#1197,#1198,#1199);
#1197 = CARTESIAN_POINT('',(49.9241,65.592,12.5));
#1198 = DIRECTION('',(0.,0.,-1.));
#1199 = DIRECTION('',(-0.831441613715,0.555612133582,0.));
#1200 = ORIENTED_EDGE('',*,*,#1201,.T.);
#1201 = EDGE_CURVE('',#1193,#1202,#1204,.T.);
#1202 = VERTEX_POINT('',#1203);
#1203 = CARTESIAN_POINT('',(50.605569120597,68.023159872915,12.5));
#1204 = LINE('',#1205,#1206);
#1205 = CARTESIAN_POINT('',(51.257569120597,67.587459872915,12.5));
#1206 = VECTOR('',#1207,1.);
#1207 = DIRECTION('',(-0.831441613715,0.555612133582,0.));
#1208 = ORIENTED_EDGE('',*,*,#1209,.F.);
#1209 = EDGE_CURVE('',#1210,#1202,#1212,.T.);
#1210 = VERTEX_POINT('',#1211);
#1211 = CARTESIAN_POINT('',(50.190546178138,68.245008417398,12.5));
#1212 = CIRCLE('',#1213,2.4);
#1213 = AXIS2_PLACEMENT_3D('',#1214,#1215,#1216);
#1214 = CARTESIAN_POINT('',(49.2721,66.0277,12.5));
#1215 = DIRECTION('',(0.,0.,-1.));
#1216 = DIRECTION('',(-0.923878507249,0.382685907558,0.));
#1217 = ORIENTED_EDGE('',*,*,#1218,.T.);
#1218 = EDGE_CURVE('',#1210,#1219,#1221,.T.);
#1219 = VERTEX_POINT('',#1220);
#1220 = CARTESIAN_POINT('',(49.466046178138,68.545108417398,12.5));
#1221 = LINE('',#1222,#1223);
#1222 = CARTESIAN_POINT('',(50.190546178138,68.245008417398,12.5));
#1223 = VECTOR('',#1224,1.);
#1224 = DIRECTION('',(-0.923878507249,0.382685907558,0.));
#1225 = ORIENTED_EDGE('',*,*,#1226,.F.);
#1226 = EDGE_CURVE('',#1227,#1219,#1229,.T.);
#1227 = VERTEX_POINT('',#1228);
#1228 = CARTESIAN_POINT('',(49.015629469318,68.681721922208,12.5));
#1229 = CIRCLE('',#1230,2.4);
#1230 = AXIS2_PLACEMENT_3D('',#1231,#1232,#1233);
#1231 = CARTESIAN_POINT('',(48.5476,66.3278,12.5));
#1232 = DIRECTION('',(0.,0.,-1.));
#1233 = DIRECTION('',(-0.98080080092,0.195012278883,0.));
#1234 = ORIENTED_EDGE('',*,*,#1235,.T.);
#1235 = EDGE_CURVE('',#1227,#1236,#1238,.T.);
#1236 = VERTEX_POINT('',#1237);
#1237 = CARTESIAN_POINT('',(48.246629469318,68.834621922208,12.5));
#1238 = LINE('',#1239,#1240);
#1239 = CARTESIAN_POINT('',(49.015629469318,68.681721922208,12.5));
#1240 = VECTOR('',#1241,1.);
#1241 = DIRECTION('',(-0.98080080092,0.195012278883,0.));
#1242 = ORIENTED_EDGE('',*,*,#1243,.F.);
#1243 = EDGE_CURVE('',#1244,#1236,#1246,.T.);
#1244 = VERTEX_POINT('',#1245);
#1245 = CARTESIAN_POINT('',(47.89659028124,68.877797889852,12.5));
#1246 = CIRCLE('',#1247,2.4);
#1247 = AXIS2_PLACEMENT_3D('',#1248,#1249,#1250);
#1248 = CARTESIAN_POINT('',(47.7786,66.4807,12.5));
#1249 = DIRECTION('',(0.,0.,-1.));
#1250 = DIRECTION('',(-0.998790787438,4.916261718327E-02,0.));
#1251 = ORIENTED_EDGE('',*,*,#1252,.T.);
#1252 = EDGE_CURVE('',#1244,#1253,#1255,.T.);
#1253 = VERTEX_POINT('',#1254);
#1254 = CARTESIAN_POINT('',(47.50449028124,68.897097889852,12.5));
#1255 = LINE('',#1256,#1257);
#1256 = CARTESIAN_POINT('',(47.89659028124,68.877797889852,12.5));
#1257 = VECTOR('',#1258,1.);
#1258 = DIRECTION('',(-0.998790787438,4.916261718327E-02,0.));
#1259 = ORIENTED_EDGE('',*,*,#1260,.F.);
#1260 = EDGE_CURVE('',#1261,#1253,#1263,.T.);
#1261 = VERTEX_POINT('',#1262);
#1262 = CARTESIAN_POINT('',(47.3865,68.9,12.5));
#1263 = CIRCLE('',#1264,2.4);
#1264 = AXIS2_PLACEMENT_3D('',#1265,#1266,#1267);
#1265 = CARTESIAN_POINT('',(47.3865,66.5,12.5));
#1266 = DIRECTION('',(0.,0.,-1.));
#1267 = DIRECTION('',(-1.,0.,0.));
#1268 = ORIENTED_EDGE('',*,*,#1269,.T.);
#1269 = EDGE_CURVE('',#1261,#1270,#1272,.T.);
#1270 = VERTEX_POINT('',#1271);
#1271 = CARTESIAN_POINT('',(28.8722,68.9,12.5));
#1272 = LINE('',#1273,#1274);
#1273 = CARTESIAN_POINT('',(47.3865,68.9,12.5));
#1274 = VECTOR('',#1275,1.);
#1275 = DIRECTION('',(-1.,0.,0.));
#1276 = ORIENTED_EDGE('',*,*,#1277,.F.);
#1277 = EDGE_CURVE('',#1278,#1270,#1280,.T.);
#1278 = VERTEX_POINT('',#1279);
#1279 = CARTESIAN_POINT('',(28.63684577598,68.88843220319,12.5));
#1280 = CIRCLE('',#1281,2.4);
#1281 = AXIS2_PLACEMENT_3D('',#1282,#1283,#1284);
#1282 = CARTESIAN_POINT('',(28.8722,66.5,12.5));
#1283 = DIRECTION('',(-0.,0.,-1.));
#1284 = DIRECTION('',(-0.995180084663,-9.806426000839E-02,0.));
#1285 = ORIENTED_EDGE('',*,*,#1286,.T.);
#1286 = EDGE_CURVE('',#1278,#1287,#1289,.T.);
#1287 = VERTEX_POINT('',#1288);
#1288 = CARTESIAN_POINT('',(27.85644577598,68.81153220319,12.5));
#1289 = LINE('',#1290,#1291);
#1290 = CARTESIAN_POINT('',(28.63684577598,68.88843220319,12.5));
#1291 = VECTOR('',#1292,1.);
#1292 = DIRECTION('',(-0.995180084663,-9.806426000839E-02,0.));
#1293 = ORIENTED_EDGE('',*,*,#1294,.F.);
#1294 = EDGE_CURVE('',#1295,#1287,#1297,.T.);
#1295 = VERTEX_POINT('',#1296);
#1296 = CARTESIAN_POINT('',(27.395119624482,68.719757670261,12.5));
#1297 = CIRCLE('',#1298,2.4);
#1298 = AXIS2_PLACEMENT_3D('',#1299,#1300,#1301);
#1299 = CARTESIAN_POINT('',(28.0918,66.4231,12.5));
#1300 = DIRECTION('',(-0.,0.,-1.));
#1301 = DIRECTION('',(-0.956940695942,-0.290283489799,0.));
#1302 = ORIENTED_EDGE('',*,*,#1303,.T.);
#1303 = EDGE_CURVE('',#1295,#1304,#1306,.T.);
#1304 = VERTEX_POINT('',#1305);
#1305 = CARTESIAN_POINT('',(26.644819624482,68.492157670261,12.5));
#1306 = LINE('',#1307,#1308);
#1307 = CARTESIAN_POINT('',(27.395119624482,68.719757670261,12.5));
#1308 = VECTOR('',#1309,1.);
#1309 = DIRECTION('',(-0.956940695942,-0.290283489799,0.));
#1310 = ORIENTED_EDGE('',*,*,#1311,.F.);
#1311 = EDGE_CURVE('',#1312,#1304,#1314,.T.);
#1312 = VERTEX_POINT('',#1313);
#1313 = CARTESIAN_POINT('',(26.21030947296,68.312197425598,12.5));
#1314 = CIRCLE('',#1315,2.4);
#1315 = AXIS2_PLACEMENT_3D('',#1316,#1317,#1318);
#1316 = CARTESIAN_POINT('',(27.3415,66.1955,12.5));
#1317 = DIRECTION('',(-0.,0.,-1.));
#1318 = DIRECTION('',(-0.881957260666,-0.471329386267,0.));
#1319 = ORIENTED_EDGE('',*,*,#1320,.T.);
#1320 = EDGE_CURVE('',#1312,#1321,#1323,.T.);
#1321 = VERTEX_POINT('',#1322);
#1322 = CARTESIAN_POINT('',(25.51870947296,67.942597425598,12.5));
#1323 = LINE('',#1324,#1325);
#1324 = CARTESIAN_POINT('',(26.21030947296,68.312197425598,12.5));
#1325 = VECTOR('',#1326,1.);
#1326 = DIRECTION('',(-0.881957260666,-0.471329386267,0.));
#1327 = ORIENTED_EDGE('',*,*,#1328,.F.);
#1328 = EDGE_CURVE('',#1329,#1321,#1331,.T.);
#1329 = VERTEX_POINT('',#1330);
#1330 = CARTESIAN_POINT('',(25.127197767494,67.680995121853,12.5));
#1331 = CIRCLE('',#1332,2.4);
#1332 = AXIS2_PLACEMENT_3D('',#1333,#1334,#1335);
#1333 = CARTESIAN_POINT('',(26.6499,65.8259,12.5));
#1334 = DIRECTION('',(-0.,0.,-1.));
#1335 = DIRECTION('',(-0.772956300772,-0.634459263544,0.));
#1336 = ORIENTED_EDGE('',*,*,#1337,.T.);
#1337 = EDGE_CURVE('',#1329,#1338,#1340,.T.);
#1338 = VERTEX_POINT('',#1339);
#1339 = CARTESIAN_POINT('',(24.521097767494,67.183495121853,12.5));
#1340 = LINE('',#1341,#1342);
#1341 = CARTESIAN_POINT('',(25.127197767494,67.680995121853,12.5));
#1342 = VECTOR('',#1343,1.);
#1343 = DIRECTION('',(-0.772956300772,-0.634459263544,0.));
#1344 = ORIENTED_EDGE('',*,*,#1345,.F.);
#1345 = EDGE_CURVE('',#1346,#1338,#1348,.T.);
#1346 = VERTEX_POINT('',#1347);
#1347 = CARTESIAN_POINT('',(24.188704878147,66.851102232506,12.5));
#1348 = CIRCLE('',#1349,2.4);
#1349 = AXIS2_PLACEMENT_3D('',#1350,#1351,#1352);
#1350 = CARTESIAN_POINT('',(26.0438,65.3284,12.5));
#1351 = DIRECTION('',(-0.,0.,-1.));
#1352 = DIRECTION('',(-0.634459263544,-0.772956300772,0.));
#1353 = ORIENTED_EDGE('',*,*,#1354,.T.);
#1354 = EDGE_CURVE('',#1346,#1355,#1357,.T.);
#1355 = VERTEX_POINT('',#1356);
#1356 = CARTESIAN_POINT('',(23.691204878147,66.245002232506,12.5));
#1357 = LINE('',#1358,#1359);
#1358 = CARTESIAN_POINT('',(24.188704878147,66.851102232506,12.5));
#1359 = VECTOR('',#1360,1.);
#1360 = DIRECTION('',(-0.634459263544,-0.772956300772,0.));
#1361 = ORIENTED_EDGE('',*,*,#1362,.F.);
#1362 = EDGE_CURVE('',#1363,#1355,#1365,.T.);
#1363 = VERTEX_POINT('',#1364);
#1364 = CARTESIAN_POINT('',(23.429087633259,65.852526434887,12.5));
#1365 = CIRCLE('',#1366,2.4);
#1366 = AXIS2_PLACEMENT_3D('',#1367,#1368,#1369);
#1367 = CARTESIAN_POINT('',(25.5463,64.7223,12.5));
#1368 = DIRECTION('',(-0.,0.,-1.));
#1369 = DIRECTION('',(-0.470927681203,-0.882171819476,0.));
#1370 = ORIENTED_EDGE('',*,*,#1371,.T.);
#1371 = EDGE_CURVE('',#1363,#1372,#1374,.T.);
#1372 = VERTEX_POINT('',#1373);
#1373 = CARTESIAN_POINT('',(23.427308832746,65.849194272121,12.5));
#1374 = LINE('',#1375,#1376);
#1375 = CARTESIAN_POINT('',(23.429087633259,65.852526434887,12.5));
#1376 = VECTOR('',#1377,1.);
#1377 = DIRECTION('',(-0.470927681203,-0.882171819476,0.));
#1378 = ORIENTED_EDGE('',*,*,#1379,.T.);
#1379 = EDGE_CURVE('',#1372,#1380,#1382,.T.);
#1380 = VERTEX_POINT('',#1381);
#1381 = CARTESIAN_POINT('',(22.570621874074,64.567049533613,12.5));
#1382 = LINE('',#1383,#1384);
#1383 = CARTESIAN_POINT('',(23.493162314058,65.947752670522,12.5));
#1384 = VECTOR('',#1385,1.);
#1385 = DIRECTION('',(-0.555563612717,-0.831474035809,0.));
#1386 = ORIENTED_EDGE('',*,*,#1387,.T.);
#1387 = EDGE_CURVE('',#1380,#1388,#1390,.T.);
#1388 = VERTEX_POINT('',#1389);
#1389 = CARTESIAN_POINT('',(21.798619582704,63.795117024607,12.5));
#1390 = LINE('',#1391,#1392);
#1391 = CARTESIAN_POINT('',(22.737820429994,64.734232976223,12.5));
#1392 = VECTOR('',#1393,1.);
#1393 = DIRECTION('',(-0.707138740093,-0.707074820836,0.));
#1394 = ORIENTED_EDGE('',*,*,#1395,.T.);
#1395 = EDGE_CURVE('',#1388,#1396,#1398,.T.);
#1396 = VERTEX_POINT('',#1397);
#1397 = CARTESIAN_POINT('',(20.890856482096,63.188545924478,12.5));
#1398 = LINE('',#1399,#1400);
#1399 = CARTESIAN_POINT('',(21.995096200932,63.926403522581,12.5));
#1400 = VECTOR('',#1401,1.);
#1401 = DIRECTION('',(-0.831459801075,-0.555584916278,0.));
#1402 = ORIENTED_EDGE('',*,*,#1403,.T.);
#1403 = EDGE_CURVE('',#1396,#1404,#1406,.T.);
#1404 = VERTEX_POINT('',#1405);
#1405 = CARTESIAN_POINT('',(19.882252548212,62.770771484726,12.5));
#1406 = LINE('',#1407,#1408);
#1407 = CARTESIAN_POINT('',(21.109265370523,63.279013201011,12.5));
#1408 = VECTOR('',#1409,1.);
#1409 = DIRECTION('',(-0.923880500421,-0.382681095615,0.));
#1410 = ORIENTED_EDGE('',*,*,#1411,.T.);
#1411 = EDGE_CURVE('',#1404,#1412,#1414,.T.);
#1412 = VERTEX_POINT('',#1413);
#1413 = CARTESIAN_POINT('',(18.65630646593,62.526919882605,12.5));
#1414 = LINE('',#1415,#1416);
#1415 = CARTESIAN_POINT('',(20.114091049832,62.81688622898,12.5));
#1416 = VECTOR('',#1417,1.);
#1417 = DIRECTION('',(-0.980785928742,-0.19508706257,0.));
#1418 = ORIENTED_EDGE('',*,*,#1419,.T.);
#1419 = EDGE_CURVE('',#1412,#1420,#1422,.T.);
#1420 = VERTEX_POINT('',#1421);
#1421 = CARTESIAN_POINT('',(18.108469374473,62.5,12.5));
#1422 = LINE('',#1423,#1424);
#1423 = CARTESIAN_POINT('',(18.833109767021,62.535607728287,12.5));
#1424 = VECTOR('',#1425,1.);
#1425 = DIRECTION('',(-0.998794886786,-4.907926374126E-02,0.));
#1426 = ORIENTED_EDGE('',*,*,#1427,.T.);
#1427 = EDGE_CURVE('',#1420,#1428,#1430,.T.);
#1428 = VERTEX_POINT('',#1429);
#1429 = CARTESIAN_POINT('',(10.853,62.5,12.5));
#1430 = LINE('',#1431,#1432);
#1431 = CARTESIAN_POINT('',(18.1674,62.5,12.5));
#1432 = VECTOR('',#1433,1.);
#1433 = DIRECTION('',(-1.,0.,0.));
#1434 = ORIENTED_EDGE('',*,*,#1435,.F.);
#1435 = EDGE_CURVE('',#1436,#1428,#1438,.T.);
#1436 = VERTEX_POINT('',#1437);
#1437 = CARTESIAN_POINT('',(10.617615904073,62.488429259447,12.5));
#1438 = CIRCLE('',#1439,2.4);
#1439 = AXIS2_PLACEMENT_3D('',#1440,#1441,#1442);
#1440 = CARTESIAN_POINT('',(10.853,60.1,12.5));
#1441 = DIRECTION('',(-0.,0.,-1.));
#1442 = DIRECTION('',(-0.995178858103,-9.807670663608E-02,0.));
#1443 = ORIENTED_EDGE('',*,*,#1444,.T.);
#1444 = EDGE_CURVE('',#1436,#1445,#1447,.T.);
#1445 = VERTEX_POINT('',#1446);
#1446 = CARTESIAN_POINT('',(9.837315904073,62.411529259447,12.5));
#1447 = LINE('',#1448,#1449);
#1448 = CARTESIAN_POINT('',(10.617615904073,62.488429259447,12.5));
#1449 = VECTOR('',#1450,1.);
#1450 = DIRECTION('',(-0.995178858103,-9.807670663608E-02,0.));
#1451 = ORIENTED_EDGE('',*,*,#1452,.F.);
#1452 = EDGE_CURVE('',#1453,#1445,#1455,.T.);
#1453 = VERTEX_POINT('',#1454);
#1454 = CARTESIAN_POINT('',(9.376121645405,62.319788615357,12.5));
#1455 = CIRCLE('',#1456,2.4);
#1456 = AXIS2_PLACEMENT_3D('',#1457,#1458,#1459);
#1457 = CARTESIAN_POINT('',(10.0727,60.0231,12.5));
#1458 = DIRECTION('',(-0.,0.,-1.));
#1459 = DIRECTION('',(-0.956953589732,-0.290240981081,0.));
#1460 = ORIENTED_EDGE('',*,*,#1461,.T.);
#1461 = EDGE_CURVE('',#1453,#1462,#1464,.T.);
#1462 = VERTEX_POINT('',#1463);
#1463 = CARTESIAN_POINT('',(8.625701645405,62.092188615357,12.5));
#1464 = LINE('',#1465,#1466);
#1465 = CARTESIAN_POINT('',(9.376121645405,62.319788615357,12.5));
#1466 = VECTOR('',#1467,1.);
#1467 = DIRECTION('',(-0.956953589732,-0.290240981081,0.));
#1468 = ORIENTED_EDGE('',*,*,#1469,.F.);
#1469 = EDGE_CURVE('',#1470,#1462,#1472,.T.);
#1470 = VERTEX_POINT('',#1471);
#1471 = CARTESIAN_POINT('',(8.191013132947,61.912156626737,12.5));
#1472 = CIRCLE('',#1473,2.4);
#1473 = AXIS2_PLACEMENT_3D('',#1474,#1475,#1476);
#1474 = CARTESIAN_POINT('',(9.32228,59.7955,12.5));
#1475 = DIRECTION('',(-0.,0.,-1.));
#1476 = DIRECTION('',(-0.88194026114,-0.471361194605,0.));
#1477 = ORIENTED_EDGE('',*,*,#1478,.T.);
#1478 = EDGE_CURVE('',#1470,#1479,#1481,.T.);
#1479 = VERTEX_POINT('',#1480);
#1480 = CARTESIAN_POINT('',(7.499473132947,61.542556626737,12.5));
#1481 = LINE('',#1482,#1483);
#1482 = CARTESIAN_POINT('',(8.191013132947,61.912156626737,12.5));
#1483 = VECTOR('',#1484,1.);
#1484 = DIRECTION('',(-0.88194026114,-0.471361194605,0.));
#1485 = ORIENTED_EDGE('',*,*,#1486,.F.);
#1486 = EDGE_CURVE('',#1487,#1479,#1489,.T.);
#1487 = VERTEX_POINT('',#1488);
#1488 = CARTESIAN_POINT('',(7.108112815023,61.281056719948,12.5));
#1489 = CIRCLE('',#1490,2.4);
#1490 = AXIS2_PLACEMENT_3D('',#1491,#1492,#1493);
#1491 = CARTESIAN_POINT('',(8.63074,59.4259,12.5));
#1492 = DIRECTION('',(-0.,0.,-1.));
#1493 = DIRECTION('',(-0.772981966645,-0.634427993741,0.));
#1494 = ORIENTED_EDGE('',*,*,#1495,.T.);
#1495 = EDGE_CURVE('',#1487,#1496,#1498,.T.);
#1496 = VERTEX_POINT('',#1497);
#1497 = CARTESIAN_POINT('',(6.501962815023,60.783556719948,12.5));
#1498 = LINE('',#1499,#1500);
#1499 = CARTESIAN_POINT('',(7.108112815023,61.281056719948,12.5));
#1500 = VECTOR('',#1501,1.);
#1501 = DIRECTION('',(-0.772981966645,-0.634427993741,0.));
#1502 = ORIENTED_EDGE('',*,*,#1503,.F.);
#1503 = EDGE_CURVE('',#1504,#1496,#1506,.T.);
#1504 = VERTEX_POINT('',#1505);
#1505 = CARTESIAN_POINT('',(6.169419827383,60.451010794206,12.5));
#1506 = CIRCLE('',#1507,2.4);
#1507 = AXIS2_PLACEMENT_3D('',#1508,#1509,#1510);
#1508 = CARTESIAN_POINT('',(8.02459,58.9284,12.5));
#1509 = DIRECTION('',(-0.,0.,-1.));
#1510 = DIRECTION('',(-0.634421164253,-0.772987571924,0.));
#1511 = ORIENTED_EDGE('',*,*,#1512,.T.);
#1512 = EDGE_CURVE('',#1504,#1513,#1515,.T.);
#1513 = VERTEX_POINT('',#1514);
#1514 = CARTESIAN_POINT('',(5.671969827383,59.844910794206,12.5));
#1515 = LINE('',#1516,#1517);
#1516 = CARTESIAN_POINT('',(6.169419827383,60.451010794206,12.5));
#1517 = VECTOR('',#1518,1.);
#1518 = DIRECTION('',(-0.634421164253,-0.772987571924,0.));
#1519 = ORIENTED_EDGE('',*,*,#1520,.F.);
#1520 = EDGE_CURVE('',#1521,#1513,#1523,.T.);
#1521 = VERTEX_POINT('',#1522);
#1522 = CARTESIAN_POINT('',(5.410493465718,59.453585750335,12.5));
#1523 = CIRCLE('',#1524,2.4);
#1524 = AXIS2_PLACEMENT_3D('',#1525,#1526,#1527);
#1525 = CARTESIAN_POINT('',(7.52714,58.3223,12.5));
#1526 = DIRECTION('',(-0.,0.,-1.));
#1527 = DIRECTION('',(-0.47136906264,-0.881936055951,0.));
#1528 = ORIENTED_EDGE('',*,*,#1529,.T.);
#1529 = EDGE_CURVE('',#1521,#1530,#1532,.T.);
#1530 = VERTEX_POINT('',#1531);
#1531 = CARTESIAN_POINT('',(5.040853465718,58.761985750335,12.5));
#1532 = LINE('',#1533,#1534);
#1533 = CARTESIAN_POINT('',(5.410493465718,59.453585750335,12.5));
#1534 = VECTOR('',#1535,1.);
#1535 = DIRECTION('',(-0.47136906264,-0.881936055951,0.));
#1536 = ORIENTED_EDGE('',*,*,#1537,.F.);
#1537 = EDGE_CURVE('',#1538,#1530,#1540,.T.);
#1538 = VERTEX_POINT('',#1539);
#1539 = CARTESIAN_POINT('',(4.86085933616,58.327436435963,12.5));
#1540 = CIRCLE('',#1541,2.4);
#1541 = AXIS2_PLACEMENT_3D('',#1542,#1543,#1544);
#1542 = CARTESIAN_POINT('',(7.1575,57.6307,12.5));
#1543 = DIRECTION('',(-0.,0.,-1.));
#1544 = DIRECTION('',(-0.290306848318,-0.956933609933,0.));
#1545 = ORIENTED_EDGE('',*,*,#1546,.T.);
#1546 = EDGE_CURVE('',#1538,#1547,#1549,.T.);
#1547 = VERTEX_POINT('',#1548);
#1548 = CARTESIAN_POINT('',(4.63323933616,57.577136435963,12.5));
#1549 = LINE('',#1550,#1551);
#1550 = CARTESIAN_POINT('',(4.86085933616,58.327436435963,12.5));
#1551 = VECTOR('',#1552,1.);
#1552 = DIRECTION('',(-0.290306848318,-0.956933609933,0.));
#1553 = ORIENTED_EDGE('',*,*,#1554,.F.);
#1554 = EDGE_CURVE('',#1555,#1547,#1557,.T.);
#1555 = VERTEX_POINT('',#1556);
#1556 = CARTESIAN_POINT('',(4.555850094728,57.232510790623,12.5));
#1557 = CIRCLE('',#1558,2.4);
#1558 = AXIS2_PLACEMENT_3D('',#1559,#1560,#1561);
#1559 = CARTESIAN_POINT('',(6.92988,56.8804,12.5));
#1560 = DIRECTION('',(-0.,0.,-1.));
#1561 = DIRECTION('',(-0.146712829426,-0.989179127197,0.));
#1562 = ORIENTED_EDGE('',*,*,#1563,.T.);
#1563 = EDGE_CURVE('',#1555,#1564,#1566,.T.);
#1564 = VERTEX_POINT('',#1565);
#1565 = CARTESIAN_POINT('',(4.53421594708,57.086647287267,12.5));
#1566 = LINE('',#1567,#1568);
#1567 = CARTESIAN_POINT('',(4.555850094728,57.232510790623,12.5));
#1568 = VECTOR('',#1569,1.);
#1569 = DIRECTION('',(-0.146712829426,-0.989179127197,0.));
#1570 = ORIENTED_EDGE('',*,*,#1571,.T.);
#1571 = EDGE_CURVE('',#1564,#1572,#1574,.T.);
#1572 = VERTEX_POINT('',#1573);
#1573 = CARTESIAN_POINT('',(4.195125640584,55.968803679237,12.5));
#1574 = LINE('',#1575,#1576);
#1575 = CARTESIAN_POINT('',(4.585610999948,57.25607599175,12.5));
#1576 = VECTOR('',#1577,1.);
#1577 = DIRECTION('',(-0.290281663229,-0.956941250022,0.));
#1578 = ORIENTED_EDGE('',*,*,#1579,.T.);
#1579 = EDGE_CURVE('',#1572,#1580,#1582,.T.);
#1580 = VERTEX_POINT('',#1581);
#1581 = CARTESIAN_POINT('',(3.68048160152,55.006018078292,12.5));
#1582 = LINE('',#1583,#1584);
#1583 = CARTESIAN_POINT('',(4.306571279035,56.177293912961,12.5));
#1584 = VECTOR('',#1585,1.);
#1585 = DIRECTION('',(-0.4714141304,-0.881911967069,0.));
#1586 = ORIENTED_EDGE('',*,*,#1587,.T.);
#1587 = EDGE_CURVE('',#1580,#1588,#1590,.T.);
#1588 = VERTEX_POINT('',#1589);
#1589 = CARTESIAN_POINT('',(2.987882899771,54.162051015758,12.5));
#1590 = LINE('',#1591,#1592);
#1591 = CARTESIAN_POINT('',(3.830405626432,55.188708196811,12.5));
#1592 = VECTOR('',#1593,1.);
#1593 = DIRECTION('',(-0.634378415338,-0.773022655653,0.));
#1594 = ORIENTED_EDGE('',*,*,#1595,.T.);
#1595 = EDGE_CURVE('',#1588,#1596,#1598,.T.);
#1596 = VERTEX_POINT('',#1597);
#1597 = CARTESIAN_POINT('',(2.14398342146,53.469477892598,12.5));
#1598 = LINE('',#1599,#1600);
#1599 = CARTESIAN_POINT('',(3.170622545283,54.312022156006,12.5));
#1600 = VECTOR('',#1601,1.);
#1601 = DIRECTION('',(-0.773009231669,-0.634394772799,0.));
#1602 = ORIENTED_EDGE('',*,*,#1603,.T.);
#1603 = EDGE_CURVE('',#1596,#1604,#1606,.T.);
#1604 = VERTEX_POINT('',#1605);
#1605 = CARTESIAN_POINT('',(1.181199355165,52.954853323733,12.5));
#1606 = LINE('',#1607,#1608);
#1607 = CARTESIAN_POINT('',(2.352447975911,53.580905766422,12.5));
#1608 = VECTOR('',#1609,1.);
#1609 = DIRECTION('',(-0.881919069342,-0.47140084337,0.));
#1610 = ORIENTED_EDGE('',*,*,#1611,.T.);
#1611 = EDGE_CURVE('',#1604,#1612,#1614,.T.);
#1612 = VERTEX_POINT('',#1613);
#1613 = CARTESIAN_POINT('',(0.13649766189,52.637977417294,12.5));
#1614 = LINE('',#1615,#1616);
#1615 = CARTESIAN_POINT('',(1.407438956304,53.023475667455,12.5));
#1616 = VECTOR('',#1617,1.);
#1617 = DIRECTION('',(-0.956948194773,-0.290258768207,0.));
#1618 = ORIENTED_EDGE('',*,*,#1619,.T.);
#1619 = EDGE_CURVE('',#1612,#1620,#1622,.T.);
#1620 = VERTEX_POINT('',#1621);
#1621 = CARTESIAN_POINT('',(-1.264414140054,52.5,12.5));
#1622 = LINE('',#1623,#1624);
#1623 = CARTESIAN_POINT('',(0.371706457676,52.661143402563,12.5));
#1624 = VECTOR('',#1625,1.);
#1625 = DIRECTION('',(-0.995184751068,-9.801689263519E-02,0.));
#1626 = ORIENTED_EDGE('',*,*,#1627,.T.);
#1627 = EDGE_CURVE('',#1620,#1628,#1630,.T.);
#1628 = VERTEX_POINT('',#1629);
#1629 = CARTESIAN_POINT('',(-8.,52.5,12.5));
#1630 = LINE('',#1631,#1632);
#1631 = CARTESIAN_POINT('',(-1.14651,52.5,12.5));
#1632 = VECTOR('',#1633,1.);
#1633 = DIRECTION('',(-1.,0.,0.));
#1634 = ORIENTED_EDGE('',*,*,#1635,.F.);
#1635 = EDGE_CURVE('',#1636,#1628,#1638,.T.);
#1636 = VERTEX_POINT('',#1637);
#1637 = CARTESIAN_POINT('',(-8.235366171877,52.488431025828,12.5));
#1638 = CIRCLE('',#1639,2.4);
#1639 = AXIS2_PLACEMENT_3D('',#1640,#1641,#1642);
#1640 = CARTESIAN_POINT('',(-8.,50.1,12.5));
#1641 = DIRECTION('',(-0.,0.,-1.));
#1642 = DIRECTION('',(-0.995179594095,-9.80692382822E-02,0.));
#1643 = ORIENTED_EDGE('',*,*,#1644,.T.);
#1644 = EDGE_CURVE('',#1636,#1645,#1647,.T.);
#1645 = VERTEX_POINT('',#1646);
#1646 = CARTESIAN_POINT('',(-9.015726171877,52.411531025828,12.5));
#1647 = LINE('',#1648,#1649);
#1648 = CARTESIAN_POINT('',(-8.235366171877,52.488431025828,12.5));
#1649 = VECTOR('',#1650,1.);
#1650 = DIRECTION('',(-0.995179594095,-9.80692382822E-02,0.));
#1651 = ORIENTED_EDGE('',*,*,#1652,.F.);
#1652 = EDGE_CURVE('',#1653,#1645,#1655,.T.);
#1653 = VERTEX_POINT('',#1654);
#1654 = CARTESIAN_POINT('',(-9.476980859849,52.319775723219,12.5));
#1655 = CIRCLE('',#1656,2.4);
#1656 = AXIS2_PLACEMENT_3D('',#1657,#1658,#1659);
#1657 = CARTESIAN_POINT('',(-8.78036,50.0231,12.5));
#1658 = DIRECTION('',(-0.,0.,-1.));
#1659 = DIRECTION('',(-0.956948218008,-0.290258691604,0.));
#1660 = ORIENTED_EDGE('',*,*,#1661,.T.);
#1661 = EDGE_CURVE('',#1653,#1662,#1664,.T.);
#1662 = VERTEX_POINT('',#1663);
#1663 = CARTESIAN_POINT('',(-10.22735085984,52.092175723219,12.5));
#1664 = LINE('',#1665,#1666);
#1665 = CARTESIAN_POINT('',(-9.476980859849,52.319775723219,12.5));
#1666 = VECTOR('',#1667,1.);
#1667 = DIRECTION('',(-0.956948218008,-0.290258691604,0.));
#1668 = ORIENTED_EDGE('',*,*,#1669,.F.);
#1669 = EDGE_CURVE('',#1670,#1662,#1672,.T.);
#1670 = VERTEX_POINT('',#1671);
#1671 = CARTESIAN_POINT('',(-10.66195869594,51.9121770272,12.5));
#1672 = CIRCLE('',#1673,2.4);
#1673 = AXIS2_PLACEMENT_3D('',#1674,#1675,#1676);
#1674 = CARTESIAN_POINT('',(-9.53073,49.7955,12.5));
#1675 = DIRECTION('',(-0.,0.,-1.));
#1676 = DIRECTION('',(-0.881948761333,-0.471345289976,0.));
#1677 = ORIENTED_EDGE('',*,*,#1678,.T.);
#1678 = EDGE_CURVE('',#1670,#1679,#1681,.T.);
#1679 = VERTEX_POINT('',#1680);
#1680 = CARTESIAN_POINT('',(-11.35352869594,51.5425770272,12.5));
#1681 = LINE('',#1682,#1683);
#1682 = CARTESIAN_POINT('',(-10.66195869594,51.9121770272,12.5));
#1683 = VECTOR('',#1684,1.);
#1684 = DIRECTION('',(-0.881948761333,-0.471345289976,0.));
#1685 = ORIENTED_EDGE('',*,*,#1686,.F.);
#1686 = EDGE_CURVE('',#1687,#1679,#1689,.T.);
#1687 = VERTEX_POINT('',#1688);
#1688 = CARTESIAN_POINT('',(-11.7450022325,51.280995121853,12.5));
#1689 = CIRCLE('',#1690,2.4);
#1690 = AXIS2_PLACEMENT_3D('',#1691,#1692,#1693);
#1691 = CARTESIAN_POINT('',(-10.2223,49.4259,12.5));
#1692 = DIRECTION('',(-0.,0.,-1.));
#1693 = DIRECTION('',(-0.772956300772,-0.634459263544,0.));
#1694 = ORIENTED_EDGE('',*,*,#1695,.T.);
#1695 = EDGE_CURVE('',#1687,#1696,#1698,.T.);
#1696 = VERTEX_POINT('',#1697);
#1697 = CARTESIAN_POINT('',(-12.3511022325,50.783495121853,12.5));
#1698 = LINE('',#1699,#1700);
#1699 = CARTESIAN_POINT('',(-11.7450022325,51.280995121853,12.5));
#1700 = VECTOR('',#1701,1.);
#1701 = DIRECTION('',(-0.772956300772,-0.634459263544,0.));
#1702 = ORIENTED_EDGE('',*,*,#1703,.F.);
#1703 = EDGE_CURVE('',#1704,#1696,#1706,.T.);
#1704 = VERTEX_POINT('',#1705);
#1705 = CARTESIAN_POINT('',(-12.68349512185,50.451102232506,12.5));
#1706 = CIRCLE('',#1707,2.4);
#1707 = AXIS2_PLACEMENT_3D('',#1708,#1709,#1710);
#1708 = CARTESIAN_POINT('',(-10.8284,48.9284,12.5));
#1709 = DIRECTION('',(-0.,0.,-1.));
#1710 = DIRECTION('',(-0.634459263544,-0.772956300772,0.));
#1711 = ORIENTED_EDGE('',*,*,#1712,.T.);
#1712 = EDGE_CURVE('',#1704,#1713,#1715,.T.);
#1713 = VERTEX_POINT('',#1714);
#1714 = CARTESIAN_POINT('',(-13.18099512185,49.845002232506,12.5));
#1715 = LINE('',#1716,#1717);
#1716 = CARTESIAN_POINT('',(-12.68349512185,50.451102232506,12.5));
#1717 = VECTOR('',#1718,1.);
#1718 = DIRECTION('',(-0.634459263544,-0.772956300772,0.));
#1719 = ORIENTED_EDGE('',*,*,#1720,.F.);
#1720 = EDGE_CURVE('',#1721,#1713,#1723,.T.);
#1721 = VERTEX_POINT('',#1722);
#1722 = CARTESIAN_POINT('',(-13.44259742559,49.45349052704,12.5));
#1723 = CIRCLE('',#1724,2.4);
#1724 = AXIS2_PLACEMENT_3D('',#1725,#1726,#1727);
#1725 = CARTESIAN_POINT('',(-11.3259,48.3223,12.5));
#1726 = DIRECTION('',(-0.,0.,-1.));
#1727 = DIRECTION('',(-0.471329386267,-0.881957260666,0.));
#1728 = ORIENTED_EDGE('',*,*,#1729,.T.);
#1729 = EDGE_CURVE('',#1721,#1730,#1732,.T.);
#1730 = VERTEX_POINT('',#1731);
#1731 = CARTESIAN_POINT('',(-13.81219742559,48.76189052704,12.5));
#1732 = LINE('',#1733,#1734);
#1733 = CARTESIAN_POINT('',(-13.44259742559,49.45349052704,12.5));
#1734 = VECTOR('',#1735,1.);
#1735 = DIRECTION('',(-0.471329386267,-0.881957260666,0.));
#1736 = ORIENTED_EDGE('',*,*,#1737,.F.);
#1737 = EDGE_CURVE('',#1738,#1730,#1740,.T.);
#1738 = VERTEX_POINT('',#1739);
#1739 = CARTESIAN_POINT('',(-13.99215767026,48.327380375518,12.5));
#1740 = CIRCLE('',#1741,2.4);
#1741 = AXIS2_PLACEMENT_3D('',#1742,#1743,#1744);
#1742 = CARTESIAN_POINT('',(-11.6955,47.6307,12.5));
#1743 = DIRECTION('',(-0.,0.,-1.));
#1744 = DIRECTION('',(-0.290283489799,-0.956940695942,0.));
#1745 = ORIENTED_EDGE('',*,*,#1746,.T.);
#1746 = EDGE_CURVE('',#1738,#1747,#1749,.T.);
#1747 = VERTEX_POINT('',#1748);
#1748 = CARTESIAN_POINT('',(-14.21975767026,47.577080375518,12.5));
#1749 = LINE('',#1750,#1751);
#1750 = CARTESIAN_POINT('',(-13.99215767026,48.327380375518,12.5));
#1751 = VECTOR('',#1752,1.);
#1752 = DIRECTION('',(-0.290283489799,-0.956940695942,0.));
#1753 = ORIENTED_EDGE('',*,*,#1754,.F.);
#1754 = EDGE_CURVE('',#1755,#1747,#1757,.T.);
#1755 = VERTEX_POINT('',#1756);
#1756 = CARTESIAN_POINT('',(-14.31153220319,47.11575422402,12.5));
#1757 = CIRCLE('',#1758,2.4);
#1758 = AXIS2_PLACEMENT_3D('',#1759,#1760,#1761);
#1759 = CARTESIAN_POINT('',(-11.9231,46.8804,12.5));
#1760 = DIRECTION('',(-0.,0.,-1.));
#1761 = DIRECTION('',(-9.80642600084E-02,-0.995180084663,0.));
#1762 = ORIENTED_EDGE('',*,*,#1763,.T.);
#1763 = EDGE_CURVE('',#1755,#1764,#1766,.T.);
#1764 = VERTEX_POINT('',#1765);
#1765 = CARTESIAN_POINT('',(-14.38843220319,46.33535422402,12.5));
#1766 = LINE('',#1767,#1768);
#1767 = CARTESIAN_POINT('',(-14.31153220319,47.11575422402,12.5));
#1768 = VECTOR('',#1769,1.);
#1769 = DIRECTION('',(-9.80642600084E-02,-0.995180084663,0.));
#1770 = ORIENTED_EDGE('',*,*,#1771,.F.);
#1771 = EDGE_CURVE('',#1772,#1764,#1774,.T.);
#1772 = VERTEX_POINT('',#1773);
#1773 = CARTESIAN_POINT('',(-14.4,46.1,12.5));
#1774 = CIRCLE('',#1775,2.4);
#1775 = AXIS2_PLACEMENT_3D('',#1776,#1777,#1778);
#1776 = CARTESIAN_POINT('',(-12.,46.1,12.5));
#1777 = DIRECTION('',(-0.,-0.,-1.));
#1778 = DIRECTION('',(0.,-1.,0.));
#1779 = ORIENTED_EDGE('',*,*,#1780,.T.);
#1780 = EDGE_CURVE('',#1772,#1781,#1783,.T.);
#1781 = VERTEX_POINT('',#1782);
#1782 = CARTESIAN_POINT('',(-14.4,-8.,12.5));
#1783 = LINE('',#1784,#1785);
#1784 = CARTESIAN_POINT('',(-14.4,46.1,12.5));
#1785 = VECTOR('',#1786,1.);
#1786 = DIRECTION('',(0.,-1.,0.));
#1787 = ORIENTED_EDGE('',*,*,#1788,.F.);
#1788 = EDGE_CURVE('',#1789,#1781,#1791,.T.);
#1789 = VERTEX_POINT('',#1790);
#1790 = CARTESIAN_POINT('',(-14.38843102582,-8.235366171877,12.5));
#1791 = CIRCLE('',#1792,2.4);
#1792 = AXIS2_PLACEMENT_3D('',#1793,#1794,#1795);
#1793 = CARTESIAN_POINT('',(-12.,-8.,12.5));
#1794 = DIRECTION('',(0.,-0.,-1.));
#1795 = DIRECTION('',(9.806923828219E-02,-0.995179594095,0.));
#1796 = ORIENTED_EDGE('',*,*,#1797,.T.);
#1797 = EDGE_CURVE('',#1789,#1798,#1800,.T.);
#1798 = VERTEX_POINT('',#1799);
#1799 = CARTESIAN_POINT('',(-14.31153102582,-9.015726171877,12.5));
#1800 = LINE('',#1801,#1802);
#1801 = CARTESIAN_POINT('',(-14.38843102582,-8.235366171877,12.5));
#1802 = VECTOR('',#1803,1.);
#1803 = DIRECTION('',(9.806923828219E-02,-0.995179594095,0.));
#1804 = ORIENTED_EDGE('',*,*,#1805,.F.);
#1805 = EDGE_CURVE('',#1806,#1798,#1808,.T.);
#1806 = VERTEX_POINT('',#1807);
#1807 = CARTESIAN_POINT('',(-14.21977572321,-9.476980859849,12.5));
#1808 = CIRCLE('',#1809,2.4);
#1809 = AXIS2_PLACEMENT_3D('',#1810,#1811,#1812);
#1810 = CARTESIAN_POINT('',(-11.9231,-8.78036,12.5));
#1811 = DIRECTION('',(0.,-0.,-1.));
#1812 = DIRECTION('',(0.290258691604,-0.956948218008,0.));
#1813 = ORIENTED_EDGE('',*,*,#1814,.T.);
#1814 = EDGE_CURVE('',#1806,#1815,#1817,.T.);
#1815 = VERTEX_POINT('',#1816);
#1816 = CARTESIAN_POINT('',(-13.99217572321,-10.22735085984,12.5));
#1817 = LINE('',#1818,#1819);
#1818 = CARTESIAN_POINT('',(-14.21977572321,-9.476980859849,12.5));
#1819 = VECTOR('',#1820,1.);
#1820 = DIRECTION('',(0.290258691604,-0.956948218008,0.));
#1821 = ORIENTED_EDGE('',*,*,#1822,.F.);
#1822 = EDGE_CURVE('',#1823,#1815,#1825,.T.);
#1823 = VERTEX_POINT('',#1824);
#1824 = CARTESIAN_POINT('',(-13.8121770272,-10.66195869594,12.5));
#1825 = CIRCLE('',#1826,2.4);
#1826 = AXIS2_PLACEMENT_3D('',#1827,#1828,#1829);
#1827 = CARTESIAN_POINT('',(-11.6955,-9.53073,12.5));
#1828 = DIRECTION('',(0.,-0.,-1.));
#1829 = DIRECTION('',(0.471345289976,-0.881948761333,0.));
#1830 = ORIENTED_EDGE('',*,*,#1831,.T.);
#1831 = EDGE_CURVE('',#1823,#1832,#1834,.T.);
#1832 = VERTEX_POINT('',#1833);
#1833 = CARTESIAN_POINT('',(-13.4425770272,-11.35352869594,12.5));
#1834 = LINE('',#1835,#1836);
#1835 = CARTESIAN_POINT('',(-13.8121770272,-10.66195869594,12.5));
#1836 = VECTOR('',#1837,1.);
#1837 = DIRECTION('',(0.471345289976,-0.881948761333,0.));
#1838 = ORIENTED_EDGE('',*,*,#1839,.F.);
#1839 = EDGE_CURVE('',#1840,#1832,#1842,.T.);
#1840 = VERTEX_POINT('',#1841);
#1841 = CARTESIAN_POINT('',(-13.18099512185,-11.7450022325,12.5));
#1842 = CIRCLE('',#1843,2.4);
#1843 = AXIS2_PLACEMENT_3D('',#1844,#1845,#1846);
#1844 = CARTESIAN_POINT('',(-11.3259,-10.2223,12.5));
#1845 = DIRECTION('',(0.,-0.,-1.));
#1846 = DIRECTION('',(0.634459263544,-0.772956300772,0.));
#1847 = ORIENTED_EDGE('',*,*,#1848,.T.);
#1848 = EDGE_CURVE('',#1840,#1849,#1851,.T.);
#1849 = VERTEX_POINT('',#1850);
#1850 = CARTESIAN_POINT('',(-12.68349512185,-12.3511022325,12.5));
#1851 = LINE('',#1852,#1853);
#1852 = CARTESIAN_POINT('',(-13.18099512185,-11.7450022325,12.5));
#1853 = VECTOR('',#1854,1.);
#1854 = DIRECTION('',(0.634459263544,-0.772956300772,0.));
#1855 = ORIENTED_EDGE('',*,*,#1856,.F.);
#1856 = EDGE_CURVE('',#1857,#1849,#1859,.T.);
#1857 = VERTEX_POINT('',#1858);
#1858 = CARTESIAN_POINT('',(-12.3511022325,-12.68349512185,12.5));
#1859 = CIRCLE('',#1860,2.4);
#1860 = AXIS2_PLACEMENT_3D('',#1861,#1862,#1863);
#1861 = CARTESIAN_POINT('',(-10.8284,-10.8284,12.5));
#1862 = DIRECTION('',(0.,-0.,-1.));
#1863 = DIRECTION('',(0.772956300772,-0.634459263544,0.));
#1864 = ORIENTED_EDGE('',*,*,#1865,.T.);
#1865 = EDGE_CURVE('',#1857,#1866,#1868,.T.);
#1866 = VERTEX_POINT('',#1867);
#1867 = CARTESIAN_POINT('',(-11.7450022325,-13.18099512185,12.5));
#1868 = LINE('',#1869,#1870);
#1869 = CARTESIAN_POINT('',(-12.3511022325,-12.68349512185,12.5));
#1870 = VECTOR('',#1871,1.);
#1871 = DIRECTION('',(0.772956300772,-0.634459263544,0.));
#1872 = ORIENTED_EDGE('',*,*,#1873,.F.);
#1873 = EDGE_CURVE('',#1874,#1866,#1876,.T.);
#1874 = VERTEX_POINT('',#1875);
#1875 = CARTESIAN_POINT('',(-11.35352869594,-13.4425770272,12.5));
#1876 = CIRCLE('',#1877,2.4);
#1877 = AXIS2_PLACEMENT_3D('',#1878,#1879,#1880);
#1878 = CARTESIAN_POINT('',(-10.2223,-11.3259,12.5));
#1879 = DIRECTION('',(0.,-0.,-1.));
#1880 = DIRECTION('',(0.881948761333,-0.471345289976,0.));
#1881 = ORIENTED_EDGE('',*,*,#1882,.T.);
#1882 = EDGE_CURVE('',#1874,#1883,#1885,.T.);
#1883 = VERTEX_POINT('',#1884);
#1884 = CARTESIAN_POINT('',(-10.66195869594,-13.8121770272,12.5));
#1885 = LINE('',#1886,#1887);
#1886 = CARTESIAN_POINT('',(-11.35352869594,-13.4425770272,12.5));
#1887 = VECTOR('',#1888,1.);
#1888 = DIRECTION('',(0.881948761333,-0.471345289976,0.));
#1889 = ORIENTED_EDGE('',*,*,#1890,.F.);
#1890 = EDGE_CURVE('',#1891,#1883,#1893,.T.);
#1891 = VERTEX_POINT('',#1892);
#1892 = CARTESIAN_POINT('',(-10.22735085984,-13.99217572321,12.5));
#1893 = CIRCLE('',#1894,2.4);
#1894 = AXIS2_PLACEMENT_3D('',#1895,#1896,#1897);
#1895 = CARTESIAN_POINT('',(-9.53073,-11.6955,12.5));
#1896 = DIRECTION('',(0.,-0.,-1.));
#1897 = DIRECTION('',(0.956948218008,-0.290258691604,0.));
#1898 = ORIENTED_EDGE('',*,*,#1899,.T.);
#1899 = EDGE_CURVE('',#1891,#1900,#1902,.T.);
#1900 = VERTEX_POINT('',#1901);
#1901 = CARTESIAN_POINT('',(-9.476980859849,-14.21977572321,12.5));
#1902 = LINE('',#1903,#1904);
#1903 = CARTESIAN_POINT('',(-10.22735085984,-13.99217572321,12.5));
#1904 = VECTOR('',#1905,1.);
#1905 = DIRECTION('',(0.956948218008,-0.290258691604,0.));
#1906 = ORIENTED_EDGE('',*,*,#1907,.F.);
#1907 = EDGE_CURVE('',#1908,#1900,#1910,.T.);
#1908 = VERTEX_POINT('',#1909);
#1909 = CARTESIAN_POINT('',(-9.015726171877,-14.31153102582,12.5));
#1910 = CIRCLE('',#1911,2.4);
#1911 = AXIS2_PLACEMENT_3D('',#1912,#1913,#1914);
#1912 = CARTESIAN_POINT('',(-8.78036,-11.9231,12.5));
#1913 = DIRECTION('',(0.,-0.,-1.));
#1914 = DIRECTION('',(0.995179594095,-9.806923828219E-02,0.));
#1915 = ORIENTED_EDGE('',*,*,#1916,.T.);
#1916 = EDGE_CURVE('',#1908,#1917,#1919,.T.);
#1917 = VERTEX_POINT('',#1918);
#1918 = CARTESIAN_POINT('',(-8.235366171877,-14.38843102582,12.5));
#1919 = LINE('',#1920,#1921);
#1920 = CARTESIAN_POINT('',(-9.015726171877,-14.31153102582,12.5));
#1921 = VECTOR('',#1922,1.);
#1922 = DIRECTION('',(0.995179594095,-9.806923828219E-02,0.));
#1923 = ORIENTED_EDGE('',*,*,#1924,.F.);
#1924 = EDGE_CURVE('',#1925,#1917,#1927,.T.);
#1925 = VERTEX_POINT('',#1926);
#1926 = CARTESIAN_POINT('',(-8.,-14.4,12.5));
#1927 = CIRCLE('',#1928,2.4);
#1928 = AXIS2_PLACEMENT_3D('',#1929,#1930,#1931);
#1929 = CARTESIAN_POINT('',(-8.,-12.,12.5));
#1930 = DIRECTION('',(0.,0.,-1.));
#1931 = DIRECTION('',(1.,0.,0.));
#1932 = ORIENTED_EDGE('',*,*,#1933,.T.);
#1933 = EDGE_CURVE('',#1925,#1934,#1936,.T.);
#1934 = VERTEX_POINT('',#1935);
#1935 = CARTESIAN_POINT('',(-1.264414140054,-14.4,12.5));
#1936 = LINE('',#1937,#1938);
#1937 = CARTESIAN_POINT('',(-8.,-14.4,12.5));
#1938 = VECTOR('',#1939,1.);
#1939 = DIRECTION('',(1.,0.,0.));
#1940 = ORIENTED_EDGE('',*,*,#1941,.T.);
#1941 = EDGE_CURVE('',#1934,#1942,#1944,.T.);
#1942 = VERTEX_POINT('',#1943);
#1943 = CARTESIAN_POINT('',(0.13649766189,-14.53797741729,12.5));
#1944 = LINE('',#1945,#1946);
#1945 = CARTESIAN_POINT('',(-1.381750542324,-14.38844340256,12.5));
#1946 = VECTOR('',#1947,1.);
#1947 = DIRECTION('',(0.995184751068,-9.80168926352E-02,0.));
#1948 = ORIENTED_EDGE('',*,*,#1949,.T.);
#1949 = EDGE_CURVE('',#1942,#1950,#1952,.T.);
#1950 = VERTEX_POINT('',#1951);
#1951 = CARTESIAN_POINT('',(1.181199355165,-14.85485332373,12.5));
#1952 = LINE('',#1953,#1954);
#1953 = CARTESIAN_POINT('',(-8.967404369628E-02,-14.46937566745,12.5));
#1954 = VECTOR('',#1955,1.);
#1955 = DIRECTION('',(0.956948194773,-0.290258768207,0.));
#1956 = ORIENTED_EDGE('',*,*,#1957,.T.);
#1957 = EDGE_CURVE('',#1950,#1958,#1960,.T.);
#1958 = VERTEX_POINT('',#1959);
#1959 = CARTESIAN_POINT('',(2.14398342146,-15.36947789259,12.5));
#1960 = LINE('',#1961,#1962);
#1961 = CARTESIAN_POINT('',(0.972697975911,-14.74340576642,12.5));
#1962 = VECTOR('',#1963,1.);
#1963 = DIRECTION('',(0.881919069342,-0.47140084337,0.));
#1964 = ORIENTED_EDGE('',*,*,#1965,.T.);
#1965 = EDGE_CURVE('',#1958,#1966,#1968,.T.);
#1966 = VERTEX_POINT('',#1967);
#1967 = CARTESIAN_POINT('',(2.987882899771,-16.06205101575,12.5));
#1968 = LINE('',#1969,#1970);
#1969 = CARTESIAN_POINT('',(1.961262545283,-15.219522156,12.5));
#1970 = VECTOR('',#1971,1.);
#1971 = DIRECTION('',(0.773009231669,-0.634394772799,0.));
#1972 = ORIENTED_EDGE('',*,*,#1973,.T.);
#1973 = EDGE_CURVE('',#1966,#1974,#1976,.T.);
#1974 = VERTEX_POINT('',#1975);
#1975 = CARTESIAN_POINT('',(3.68048160152,-16.90601807829,12.5));
#1976 = LINE('',#1977,#1978);
#1977 = CARTESIAN_POINT('',(2.837915626432,-15.87930819681,12.5));
#1978 = VECTOR('',#1979,1.);
#1979 = DIRECTION('',(0.634378415338,-0.773022655653,0.));
#1980 = ORIENTED_EDGE('',*,*,#1981,.T.);
#1981 = EDGE_CURVE('',#1974,#1982,#1984,.T.);
#1982 = VERTEX_POINT('',#1983);
#1983 = CARTESIAN_POINT('',(4.195125693302,-17.86880377786,12.5));
#1984 = LINE('',#1985,#1986);
#1985 = CARTESIAN_POINT('',(3.569071279035,-16.69759391296,12.5));
#1986 = VECTOR('',#1987,1.);
#1987 = DIRECTION('',(0.4714141304,-0.881911967069,0.));
#1988 = ORIENTED_EDGE('',*,*,#1989,.T.);
#1989 = EDGE_CURVE('',#1982,#1990,#1992,.T.);
#1990 = VERTEX_POINT('',#1991);
#1991 = CARTESIAN_POINT('',(4.510291064249,-18.90777620372,12.5));
#1992 = LINE('',#1993,#1994);
#1993 = CARTESIAN_POINT('',(4.126501064249,-17.64257620372,12.5));
#1994 = VECTOR('',#1995,1.);
#1995 = DIRECTION('',(0.290281751552,-0.95694122323,0.));
#1996 = ORIENTED_EDGE('',*,*,#1997,.F.);
#1997 = EDGE_CURVE('',#1998,#1990,#2000,.T.);
#1998 = VERTEX_POINT('',#1999);
#1999 = CARTESIAN_POINT('',(4.58961994212,-19.12949393204,12.5));
#2000 = CIRCLE('',#2001,2.4);
#2001 = AXIS2_PLACEMENT_3D('',#2002,#2003,#2004);
#2002 = CARTESIAN_POINT('',(6.80695,-18.2111,12.5));
#2003 = DIRECTION('',(0.,-0.,-1.));
#2004 = DIRECTION('',(0.382664138353,-0.923887524117,0.));
#2005 = ORIENTED_EDGE('',*,*,#2006,.T.);
#2006 = EDGE_CURVE('',#1998,#2007,#2009,.T.);
#2007 = VERTEX_POINT('',#2008);
#2008 = CARTESIAN_POINT('',(4.88969994212,-19.85399393204,12.5));
#2009 = LINE('',#2010,#2011);
#2010 = CARTESIAN_POINT('',(4.58961994212,-19.12949393204,12.5));
#2011 = VECTOR('',#2012,1.);
#2012 = DIRECTION('',(0.382664138353,-0.923887524117,0.));
#2013 = ORIENTED_EDGE('',*,*,#2014,.F.);
#2014 = EDGE_CURVE('',#2015,#2007,#2017,.T.);
#2015 = VERTEX_POINT('',#2016);
#2016 = CARTESIAN_POINT('',(5.111485297387,-20.26894216909,12.5));
#2017 = CIRCLE('',#2018,2.4);
#2018 = AXIS2_PLACEMENT_3D('',#2019,#2020,#2021);
#2019 = CARTESIAN_POINT('',(7.10703,-18.9356,12.5));
#2020 = DIRECTION('',(0.,-0.,-1.));
#2021 = DIRECTION('',(0.555559237121,-0.831476959422,0.));
#2022 = ORIENTED_EDGE('',*,*,#2023,.T.);
#2023 = EDGE_CURVE('',#2015,#2024,#2026,.T.);
#2024 = VERTEX_POINT('',#2025);
#2025 = CARTESIAN_POINT('',(5.547125297387,-20.92094216909,12.5));
#2026 = LINE('',#2027,#2028);
#2027 = CARTESIAN_POINT('',(5.111485297387,-20.26894216909,12.5));
#2028 = VECTOR('',#2029,1.);
#2029 = DIRECTION('',(0.555559237121,-0.831476959422,0.));
#2030 = ORIENTED_EDGE('',*,*,#2031,.F.);
#2031 = EDGE_CURVE('',#2032,#2024,#2034,.T.);
#2032 = VERTEX_POINT('',#2033);
#2033 = CARTESIAN_POINT('',(5.845720859161,-21.28476340209,12.5));
#2034 = CIRCLE('',#2035,2.4);
#2035 = AXIS2_PLACEMENT_3D('',#2036,#2037,#2038);
#2036 = CARTESIAN_POINT('',(7.54267,-19.5876,12.5));
#2037 = DIRECTION('',(0.,-0.,-1.));
#2038 = DIRECTION('',(0.707151417539,-0.707062142016,0.));
#2039 = ORIENTED_EDGE('',*,*,#2040,.T.);
#2040 = EDGE_CURVE('',#2032,#2041,#2043,.T.);
#2041 = VERTEX_POINT('',#2042);
#2042 = CARTESIAN_POINT('',(6.400190859161,-21.83916340209,12.5));
#2043 = LINE('',#2044,#2045);
#2044 = CARTESIAN_POINT('',(5.845720859161,-21.28476340209,12.5));
#2045 = VECTOR('',#2046,1.);
#2046 = DIRECTION('',(0.707151417539,-0.707062142016,0.));
#2047 = ORIENTED_EDGE('',*,*,#2048,.F.);
#2048 = EDGE_CURVE('',#2049,#2041,#2051,.T.);
#2049 = VERTEX_POINT('',#2050);
#2050 = CARTESIAN_POINT('',(6.763642602227,-22.13744097635,12.5));
#2051 = CIRCLE('',#2052,2.4);
#2052 = AXIS2_PLACEMENT_3D('',#2053,#2054,#2055);
#2053 = CARTESIAN_POINT('',(8.09714,-20.142,12.5));
#2054 = DIRECTION('',(0.,-0.,-1.));
#2055 = DIRECTION('',(0.83143374015,-0.555623915739,0.));
#2056 = ORIENTED_EDGE('',*,*,#2057,.T.);
#2057 = EDGE_CURVE('',#2049,#2058,#2060,.T.);
#2058 = VERTEX_POINT('',#2059);
#2059 = CARTESIAN_POINT('',(7.415622602227,-22.57314097635,12.5));
#2060 = LINE('',#2061,#2062);
#2061 = CARTESIAN_POINT('',(6.763642602227,-22.13744097635,12.5));
#2062 = VECTOR('',#2063,1.);
#2063 = DIRECTION('',(0.83143374015,-0.555623915739,0.));
#2064 = ORIENTED_EDGE('',*,*,#2065,.F.);
#2065 = EDGE_CURVE('',#2066,#2058,#2068,.T.);
#2066 = VERTEX_POINT('',#2067);
#2067 = CARTESIAN_POINT('',(7.830619716732,-22.79498600537,12.5));
#2068 = CIRCLE('',#2069,2.4);
#2069 = AXIS2_PLACEMENT_3D('',#2070,#2071,#2072);
#2070 = CARTESIAN_POINT('',(8.74912,-20.5777,12.5));
#2071 = DIRECTION('',(0.,-0.,-1.));
#2072 = DIRECTION('',(0.923869168907,-0.382708451362,0.));
#2073 = ORIENTED_EDGE('',*,*,#2074,.T.);
#2074 = EDGE_CURVE('',#2066,#2075,#2077,.T.);
#2075 = VERTEX_POINT('',#2076);
#2076 = CARTESIAN_POINT('',(8.555069716732,-23.09508600537,12.5));
#2077 = LINE('',#2078,#2079);
#2078 = CARTESIAN_POINT('',(7.830619716732,-22.79498600537,12.5));
#2079 = VECTOR('',#2080,1.);
#2080 = DIRECTION('',(0.923869168907,-0.382708451362,0.));
#2081 = ORIENTED_EDGE('',*,*,#2082,.F.);
#2082 = EDGE_CURVE('',#2083,#2075,#2085,.T.);
#2083 = VERTEX_POINT('',#2084);
#2084 = CARTESIAN_POINT('',(9.005558094291,-23.2317254143,12.5));
#2085 = CIRCLE('',#2086,2.4);
#2086 = AXIS2_PLACEMENT_3D('',#2087,#2088,#2089);
#2087 = CARTESIAN_POINT('',(9.47357,-20.8778,12.5));
#2088 = DIRECTION('',(0.,-0.,-1.));
#2089 = DIRECTION('',(0.980802255961,-0.195004960712,0.));
#2090 = ORIENTED_EDGE('',*,*,#2091,.T.);
#2091 = EDGE_CURVE('',#2083,#2092,#2094,.T.);
#2092 = VERTEX_POINT('',#2093);
#2093 = CARTESIAN_POINT('',(9.774588094291,-23.3846254143,12.5));
#2094 = LINE('',#2095,#2096);
#2095 = CARTESIAN_POINT('',(9.005558094291,-23.2317254143,12.5));
#2096 = VECTOR('',#2097,1.);
#2097 = DIRECTION('',(0.980802255961,-0.195004960712,0.));
#2098 = ORIENTED_EDGE('',*,*,#2099,.F.);
#2099 = EDGE_CURVE('',#2100,#2092,#2102,.T.);
#2100 = VERTEX_POINT('',#2101);
#2101 = CARTESIAN_POINT('',(10.12460971876,-23.42779788985,12.5));
#2102 = CIRCLE('',#2103,2.4);
#2103 = AXIS2_PLACEMENT_3D('',#2104,#2105,#2106);
#2104 = CARTESIAN_POINT('',(10.2426,-21.0307,12.5));
#2105 = DIRECTION('',(0.,-0.,-1.));
#2106 = DIRECTION('',(0.998790787438,-4.916261718327E-02,0.));
#2107 = ORIENTED_EDGE('',*,*,#2108,.T.);
#2108 = EDGE_CURVE('',#2100,#2109,#2111,.T.);
#2109 = VERTEX_POINT('',#2110);
#2110 = CARTESIAN_POINT('',(10.51670971876,-23.44709788985,12.5));
#2111 = LINE('',#2112,#2113);
#2112 = CARTESIAN_POINT('',(10.12460971876,-23.42779788985,12.5));
#2113 = VECTOR('',#2114,1.);
#2114 = DIRECTION('',(0.998790787438,-4.916261718327E-02,0.));
#2115 = ORIENTED_EDGE('',*,*,#2116,.F.);
#2116 = EDGE_CURVE('',#2117,#2109,#2119,.T.);
#2117 = VERTEX_POINT('',#2118);
#2118 = CARTESIAN_POINT('',(10.6347,-23.45,12.5));
#2119 = CIRCLE('',#2120,2.4);
#2120 = AXIS2_PLACEMENT_3D('',#2121,#2122,#2123);
#2121 = CARTESIAN_POINT('',(10.6347,-21.05,12.5));
#2122 = DIRECTION('',(0.,0.,-1.));
#2123 = DIRECTION('',(1.,0.,0.));
#2124 = ORIENTED_EDGE('',*,*,#2125,.T.);
#2125 = EDGE_CURVE('',#2117,#2126,#2128,.T.);
#2126 = VERTEX_POINT('',#2127);
#2127 = CARTESIAN_POINT('',(28.2778,-23.45,12.5));
#2128 = LINE('',#2129,#2130);
#2129 = CARTESIAN_POINT('',(10.6347,-23.45,12.5));
#2130 = VECTOR('',#2131,1.);
#2131 = DIRECTION('',(1.,0.,0.));
#2132 = ORIENTED_EDGE('',*,*,#2133,.F.);
#2133 = EDGE_CURVE('',#2134,#2126,#2136,.T.);
#2134 = VERTEX_POINT('',#2135);
#2135 = CARTESIAN_POINT('',(28.51315422402,-23.43843220319,12.5));
#2136 = CIRCLE('',#2137,2.4);
#2137 = AXIS2_PLACEMENT_3D('',#2138,#2139,#2140);
#2138 = CARTESIAN_POINT('',(28.2778,-21.05,12.5));
#2139 = DIRECTION('',(0.,0.,-1.));
#2140 = DIRECTION('',(0.995180084663,9.80642600084E-02,0.));
#2141 = ORIENTED_EDGE('',*,*,#2142,.T.);
#2142 = EDGE_CURVE('',#2134,#2143,#2145,.T.);
#2143 = VERTEX_POINT('',#2144);
#2144 = CARTESIAN_POINT('',(29.29355422402,-23.36153220319,12.5));
#2145 = LINE('',#2146,#2147);
#2146 = CARTESIAN_POINT('',(28.51315422402,-23.43843220319,12.5));
#2147 = VECTOR('',#2148,1.);
#2148 = DIRECTION('',(0.995180084663,9.80642600084E-02,0.));
#2149 = ORIENTED_EDGE('',*,*,#2150,.F.);
#2150 = EDGE_CURVE('',#2151,#2143,#2153,.T.);
#2151 = VERTEX_POINT('',#2152);
#2152 = CARTESIAN_POINT('',(29.754880375518,-23.26975767026,12.5));
#2153 = CIRCLE('',#2154,2.4);
#2154 = AXIS2_PLACEMENT_3D('',#2155,#2156,#2157);
#2155 = CARTESIAN_POINT('',(29.0582,-20.9731,12.5));
#2156 = DIRECTION('',(0.,0.,-1.));
#2157 = DIRECTION('',(0.956940695942,0.290283489799,0.));
#2158 = ORIENTED_EDGE('',*,*,#2159,.T.);
#2159 = EDGE_CURVE('',#2151,#2160,#2162,.T.);
#2160 = VERTEX_POINT('',#2161);
#2161 = CARTESIAN_POINT('',(30.505180375518,-23.04215767026,12.5));
#2162 = LINE('',#2163,#2164);
#2163 = CARTESIAN_POINT('',(29.754880375518,-23.26975767026,12.5));
#2164 = VECTOR('',#2165,1.);
#2165 = DIRECTION('',(0.956940695942,0.290283489799,0.));
#2166 = ORIENTED_EDGE('',*,*,#2167,.F.);
#2167 = EDGE_CURVE('',#2168,#2160,#2170,.T.);
#2168 = VERTEX_POINT('',#2169);
#2169 = CARTESIAN_POINT('',(30.93969052704,-22.86219742559,12.5));
#2170 = CIRCLE('',#2171,2.4);
#2171 = AXIS2_PLACEMENT_3D('',#2172,#2173,#2174);
#2172 = CARTESIAN_POINT('',(29.8085,-20.7455,12.5));
#2173 = DIRECTION('',(0.,0.,-1.));
#2174 = DIRECTION('',(0.881957260666,0.471329386267,0.));
#2175 = ORIENTED_EDGE('',*,*,#2176,.T.);
#2176 = EDGE_CURVE('',#2168,#2177,#2179,.T.);
#2177 = VERTEX_POINT('',#2178);
#2178 = CARTESIAN_POINT('',(31.63129052704,-22.49259742559,12.5));
#2179 = LINE('',#2180,#2181);
#2180 = CARTESIAN_POINT('',(30.93969052704,-22.86219742559,12.5));
#2181 = VECTOR('',#2182,1.);
#2182 = DIRECTION('',(0.881957260666,0.471329386267,0.));
#2183 = ORIENTED_EDGE('',*,*,#2184,.F.);
#2184 = EDGE_CURVE('',#2185,#2177,#2187,.T.);
#2185 = VERTEX_POINT('',#2186);
#2186 = CARTESIAN_POINT('',(32.022802232506,-22.23099512185,12.5));
#2187 = CIRCLE('',#2188,2.4);
#2188 = AXIS2_PLACEMENT_3D('',#2189,#2190,#2191);
#2189 = CARTESIAN_POINT('',(30.5001,-20.3759,12.5));
#2190 = DIRECTION('',(0.,0.,-1.));
#2191 = DIRECTION('',(0.772956300772,0.634459263544,0.));
#2192 = ORIENTED_EDGE('',*,*,#2193,.T.);
#2193 = EDGE_CURVE('',#2185,#2194,#2196,.T.);
#2194 = VERTEX_POINT('',#2195);
#2195 = CARTESIAN_POINT('',(32.628902232506,-21.73349512185,12.5));
#2196 = LINE('',#2197,#2198);
#2197 = CARTESIAN_POINT('',(32.022802232506,-22.23099512185,12.5));
#2198 = VECTOR('',#2199,1.);
#2199 = DIRECTION('',(0.772956300772,0.634459263544,0.));
#2200 = ORIENTED_EDGE('',*,*,#2201,.F.);
#2201 = EDGE_CURVE('',#2202,#2194,#2204,.T.);
#2202 = VERTEX_POINT('',#2203);
#2203 = CARTESIAN_POINT('',(32.961295121853,-21.4011022325,12.5));
#2204 = CIRCLE('',#2205,2.4);
#2205 = AXIS2_PLACEMENT_3D('',#2206,#2207,#2208);
#2206 = CARTESIAN_POINT('',(31.1062,-19.8784,12.5));
#2207 = DIRECTION('',(0.,0.,-1.));
#2208 = DIRECTION('',(0.634459263544,0.772956300772,0.));
#2209 = ORIENTED_EDGE('',*,*,#2210,.T.);
#2210 = EDGE_CURVE('',#2202,#2211,#2213,.T.);
#2211 = VERTEX_POINT('',#2212);
#2212 = CARTESIAN_POINT('',(33.458795121853,-20.7950022325,12.5));
#2213 = LINE('',#2214,#2215);
#2214 = CARTESIAN_POINT('',(32.961295121853,-21.4011022325,12.5));
#2215 = VECTOR('',#2216,1.);
#2216 = DIRECTION('',(0.634459263544,0.772956300772,0.));
#2217 = ORIENTED_EDGE('',*,*,#2218,.F.);
#2218 = EDGE_CURVE('',#2219,#2211,#2221,.T.);
#2219 = VERTEX_POINT('',#2220);
#2220 = CARTESIAN_POINT('',(33.720912366741,-20.40252643488,12.5));
#2221 = CIRCLE('',#2222,2.4);
#2222 = AXIS2_PLACEMENT_3D('',#2223,#2224,#2225);
#2223 = CARTESIAN_POINT('',(31.6037,-19.2723,12.5));
#2224 = DIRECTION('',(0.,0.,-1.));
#2225 = DIRECTION('',(0.470927681203,0.882171819476,0.));
#2226 = ORIENTED_EDGE('',*,*,#2227,.T.);
#2227 = EDGE_CURVE('',#2219,#2228,#2230,.T.);
#2228 = VERTEX_POINT('',#2229);
#2229 = CARTESIAN_POINT('',(33.722691167254,-20.39919427212,12.5));
#2230 = LINE('',#2231,#2232);
#2231 = CARTESIAN_POINT('',(33.720912366741,-20.40252643488,12.5));
#2232 = VECTOR('',#2233,1.);
#2233 = DIRECTION('',(0.470927681203,0.882171819476,0.));
#2234 = ORIENTED_EDGE('',*,*,#2235,.T.);
#2235 = EDGE_CURVE('',#2228,#2236,#2238,.T.);
#2236 = VERTEX_POINT('',#2237);
#2237 = CARTESIAN_POINT('',(34.579378125926,-19.11704953361,12.5));
#2238 = LINE('',#2239,#2240);
#2239 = CARTESIAN_POINT('',(33.656837685942,-20.49775267052,12.5));
#2240 = VECTOR('',#2241,1.);
#2241 = DIRECTION('',(0.555563612717,0.831474035809,0.));
#2242 = ORIENTED_EDGE('',*,*,#2243,.T.);
#2243 = EDGE_CURVE('',#2236,#2244,#2246,.T.);
#2244 = VERTEX_POINT('',#2245);
#2245 = CARTESIAN_POINT('',(35.351380417296,-18.3451170246,12.5));
#2246 = LINE('',#2247,#2248);
#2247 = CARTESIAN_POINT('',(34.412179570006,-19.28423297622,12.5));
#2248 = VECTOR('',#2249,1.);
#2249 = DIRECTION('',(0.707138740093,0.707074820836,0.));
#2250 = ORIENTED_EDGE('',*,*,#2251,.T.);
#2251 = EDGE_CURVE('',#2244,#2252,#2254,.T.);
#2252 = VERTEX_POINT('',#2253);
#2253 = CARTESIAN_POINT('',(36.259143517904,-17.73854592447,12.5));
#2254 = LINE('',#2255,#2256);
#2255 = CARTESIAN_POINT('',(35.154903799068,-18.47640352258,12.5));
#2256 = VECTOR('',#2257,1.);
#2257 = DIRECTION('',(0.831459801075,0.555584916278,0.));
#2258 = ORIENTED_EDGE('',*,*,#2259,.T.);
#2259 = EDGE_CURVE('',#2252,#2260,#2262,.T.);
#2260 = VERTEX_POINT('',#2261);
#2261 = CARTESIAN_POINT('',(37.267747451788,-17.32077148472,12.5));
#2262 = LINE('',#2263,#2264);
#2263 = CARTESIAN_POINT('',(36.040734629477,-17.82901320101,12.5));
#2264 = VECTOR('',#2265,1.);
#2265 = DIRECTION('',(0.923880500421,0.382681095615,0.));
#2266 = ORIENTED_EDGE('',*,*,#2267,.T.);
#2267 = EDGE_CURVE('',#2260,#2268,#2270,.T.);
#2268 = VERTEX_POINT('',#2269);
#2269 = CARTESIAN_POINT('',(38.49369353407,-17.0769198826,12.5));
#2270 = LINE('',#2271,#2272);
#2271 = CARTESIAN_POINT('',(37.035908950168,-17.36688622898,12.5));
#2272 = VECTOR('',#2273,1.);
#2273 = DIRECTION('',(0.980785928742,0.19508706257,0.));
#2274 = ORIENTED_EDGE('',*,*,#2275,.T.);
#2275 = EDGE_CURVE('',#2268,#2276,#2278,.T.);
#2276 = VERTEX_POINT('',#2277);
#2277 = CARTESIAN_POINT('',(39.041530625527,-17.05,12.5));
#2278 = LINE('',#2279,#2280);
#2279 = CARTESIAN_POINT('',(38.316890232979,-17.08560772828,12.5));
#2280 = VECTOR('',#2281,1.);
#2281 = DIRECTION('',(0.998794886786,4.907926374126E-02,0.));
#2282 = ORIENTED_EDGE('',*,*,#2283,.T.);
#2283 = EDGE_CURVE('',#2276,#2284,#2286,.T.);
#2284 = VERTEX_POINT('',#2285);
#2285 = CARTESIAN_POINT('',(49.616298737314,-17.05,12.5));
#2286 = LINE('',#2287,#2288);
#2287 = CARTESIAN_POINT('',(38.9826,-17.05,12.5));
#2288 = VECTOR('',#2289,1.);
#2289 = DIRECTION('',(1.,0.,0.));
#2290 = ORIENTED_EDGE('',*,*,#2291,.T.);
#2291 = EDGE_CURVE('',#2284,#2292,#2294,.T.);
#2292 = VERTEX_POINT('',#2293);
#2293 = CARTESIAN_POINT('',(51.017250527069,-17.1879779721,12.5));
#2294 = LINE('',#2295,#2296);
#2295 = CARTESIAN_POINT('',(49.498965170915,-17.03844396526,12.5));
#2296 = VECTOR('',#2297,1.);
#2297 = DIRECTION('',(0.995184985525,-9.80145121187E-02,0.));
#2298 = ORIENTED_EDGE('',*,*,#2299,.T.);
#2299 = EDGE_CURVE('',#2292,#2300,#2302,.T.);
#2300 = VERTEX_POINT('',#2301);
#2301 = CARTESIAN_POINT('',(52.06191930898,-17.50484664745,12.5));
#2302 = LINE('',#2303,#2304);
#2303 = CARTESIAN_POINT('',(50.791073416868,-17.11937398724,12.5));
#2304 = VECTOR('',#2305,1.);
#2305 = DIRECTION('',(0.956947494684,-0.290261076305,0.));
#2306 = ORIENTED_EDGE('',*,*,#2307,.T.);
#2307 = EDGE_CURVE('',#2300,#2308,#2310,.T.);
#2308 = VERTEX_POINT('',#2309);
#2309 = CARTESIAN_POINT('',(53.024676641996,-18.01947557628,12.5));
#2310 = LINE('',#2311,#2312);
#2311 = CARTESIAN_POINT('',(51.853406087039,-17.39338872096,12.5));
#2312 = VECTOR('',#2313,1.);
#2313 = DIRECTION('',(0.881911967069,-0.4714141304,0.));
#2314 = ORIENTED_EDGE('',*,*,#2315,.T.);
#2315 = EDGE_CURVE('',#2308,#2316,#2318,.T.);
#2316 = VERTEX_POINT('',#2317);
#2317 = CARTESIAN_POINT('',(53.868629994653,-18.71207000534,12.5));
#2318 = LINE('',#2319,#2320);
#2319 = CARTESIAN_POINT('',(52.841982636441,-17.86954685087,12.5));
#2320 = VECTOR('',#2321,1.);
#2321 = DIRECTION('',(0.773019521196,-0.634382234816,0.));
#2322 = ORIENTED_EDGE('',*,*,#2323,.T.);
#2323 = EDGE_CURVE('',#2316,#2324,#2326,.T.);
#2324 = VERTEX_POINT('',#2325);
#2325 = CARTESIAN_POINT('',(54.561224423718,-19.556023358,12.5));
#2326 = LINE('',#2327,#2328);
#2327 = CARTESIAN_POINT('',(53.71865314913,-18.52931736355,12.5));
#2328 = VECTOR('',#2329,1.);
#2329 = DIRECTION('',(0.634382234816,-0.773019521196,0.));
#2330 = ORIENTED_EDGE('',*,*,#2331,.T.);
#2331 = EDGE_CURVE('',#2324,#2332,#2334,.T.);
#2332 = VERTEX_POINT('',#2333);
#2333 = CARTESIAN_POINT('',(55.075842755657,-20.51876086658,12.5));
#2334 = LINE('',#2335,#2336);
#2335 = CARTESIAN_POINT('',(54.449811279035,-19.34759391296,12.5));
#2336 = VECTOR('',#2337,1.);
#2337 = DIRECTION('',(0.4714141304,-0.881911967069,0.));
#2338 = ORIENTED_EDGE('',*,*,#2339,.T.);
#2339 = EDGE_CURVE('',#2332,#2340,#2342,.T.);
#2340 = VERTEX_POINT('',#2341);
#2341 = CARTESIAN_POINT('',(55.392721144377,-21.56353145365,12.5));
#2342 = LINE('',#2343,#2344);
#2343 = CARTESIAN_POINT('',(55.007213089075,-20.29248397425,12.5));
#2344 = VECTOR('',#2345,1.);
#2345 = DIRECTION('',(0.290243322605,-0.956952879552,0.));
#2346 = ORIENTED_EDGE('',*,*,#2347,.T.);
#2347 = EDGE_CURVE('',#2340,#2348,#2350,.T.);
#2348 = VERTEX_POINT('',#2349);
#2349 = CARTESIAN_POINT('',(55.503182917459,-22.68505587386,12.5));
#2350 = LINE('',#2351,#2352);
#2351 = CARTESIAN_POINT('',(55.369556917536,-21.32834379232,12.5));
#2352 = VECTOR('',#2353,1.);
#2353 = DIRECTION('',(9.801824680222E-02,-0.995184617694,0.));
#2354 = ORIENTED_EDGE('',*,*,#2355,.T.);
#2355 = EDGE_CURVE('',#2348,#2356,#2358,.T.);
#2356 = VERTEX_POINT('',#2357);
#2357 = CARTESIAN_POINT('',(55.408231307829,-23.77044241157,12.5));
#2358 = LINE('',#2359,#2360);
#2359 = CARTESIAN_POINT('',(55.522631307829,-22.46274241157,12.5));
#2360 = VECTOR('',#2361,1.);
#2361 = DIRECTION('',(-8.71489951774E-02,-0.996195288405,0.));
#2362 = ORIENTED_EDGE('',*,*,#2363,.F.);
#2363 = EDGE_CURVE('',#2364,#2356,#2366,.T.);
#2364 = VERTEX_POINT('',#2365);
#2365 = CARTESIAN_POINT('',(55.39924434311,-24.00592158991,12.5));
#2366 = CIRCLE('',#2367,2.4);
#2367 = AXIS2_PLACEMENT_3D('',#2368,#2369,#2370);
#2368 = CARTESIAN_POINT('',(57.7991,-23.9796,12.5));
#2369 = DIRECTION('',(0.,-0.,-1.));
#2370 = DIRECTION('',(1.096732912959E-02,-0.999939857037,0.));
#2371 = ORIENTED_EDGE('',*,*,#2372,.T.);
#2372 = EDGE_CURVE('',#2364,#2373,#2375,.T.);
#2373 = VERTEX_POINT('',#2374);
#2374 = CARTESIAN_POINT('',(55.40784434311,-24.79002158991,12.5));
#2375 = LINE('',#2376,#2377);
#2376 = CARTESIAN_POINT('',(55.39924434311,-24.00592158991,12.5));
#2377 = VECTOR('',#2378,1.);
#2378 = DIRECTION('',(1.096732912959E-02,-0.999939857037,0.));
#2379 = ORIENTED_EDGE('',*,*,#2380,.F.);
#2380 = EDGE_CURVE('',#2381,#2373,#2383,.T.);
#2381 = VERTEX_POINT('',#2382);
#2382 = CARTESIAN_POINT('',(55.459034472563,-25.2574309391,12.5));
#2383 = CIRCLE('',#2384,2.4);
#2384 = AXIS2_PLACEMENT_3D('',#2385,#2386,#2387);
#2385 = CARTESIAN_POINT('',(57.8077,-24.7637,12.5));
#2386 = DIRECTION('',(0.,-0.,-1.));
#2387 = DIRECTION('',(0.205721224627,-0.978610636432,0.));
#2388 = ORIENTED_EDGE('',*,*,#2389,.T.);
#2389 = EDGE_CURVE('',#2381,#2390,#2392,.T.);
#2390 = VERTEX_POINT('',#2391);
#2391 = CARTESIAN_POINT('',(55.620334472563,-26.0247309391,12.5));
#2392 = LINE('',#2393,#2394);
#2393 = CARTESIAN_POINT('',(55.459034472563,-25.2574309391,12.5));
#2394 = VECTOR('',#2395,1.);
#2395 = DIRECTION('',(0.205721224627,-0.978610636432,0.));
#2396 = ORIENTED_EDGE('',*,*,#2397,.F.);
#2397 = EDGE_CURVE('',#2398,#2390,#2400,.T.);
#2398 = VERTEX_POINT('',#2399);
#2399 = CARTESIAN_POINT('',(55.761897881656,-26.47370898966,12.5));
#2400 = CIRCLE('',#2401,2.4);
#2401 = AXIS2_PLACEMENT_3D('',#2402,#2403,#2404);
#2402 = CARTESIAN_POINT('',(57.969,-25.531,12.5));
#2403 = DIRECTION('',(0.,-0.,-1.));
#2404 = DIRECTION('',(0.392795412362,-0.919625882643,0.));
#2405 = ORIENTED_EDGE('',*,*,#2406,.T.);
#2406 = EDGE_CURVE('',#2398,#2407,#2409,.T.);
#2407 = VERTEX_POINT('',#2408);
#2408 = CARTESIAN_POINT('',(56.069897881656,-27.19480898966,12.5));
#2409 = LINE('',#2410,#2411);
#2410 = CARTESIAN_POINT('',(55.761897881656,-26.47370898966,12.5));
#2411 = VECTOR('',#2412,1.);
#2412 = DIRECTION('',(0.392795412362,-0.919625882643,0.));
#2413 = ORIENTED_EDGE('',*,*,#2414,.F.);
#2414 = EDGE_CURVE('',#2415,#2407,#2417,.T.);
#2415 = VERTEX_POINT('',#2416);
#2416 = CARTESIAN_POINT('',(56.296089917215,-27.60708901985,12.5));
#2417 = CIRCLE('',#2418,2.4);
#2418 = AXIS2_PLACEMENT_3D('',#2419,#2420,#2421);
#2419 = CARTESIAN_POINT('',(58.277,-26.2521,12.5));
#2420 = DIRECTION('',(0.,-0.,-1.));
#2421 = DIRECTION('',(0.564578758272,-0.82537920116,0.));
#2422 = ORIENTED_EDGE('',*,*,#2423,.T.);
#2423 = EDGE_CURVE('',#2415,#2424,#2426,.T.);
#2424 = VERTEX_POINT('',#2425);
#2425 = CARTESIAN_POINT('',(56.738789917215,-28.25428901985,12.5));
#2426 = LINE('',#2427,#2428);
#2427 = CARTESIAN_POINT('',(56.296089917215,-27.60708901985,12.5));
#2428 = VECTOR('',#2429,1.);
#2429 = DIRECTION('',(0.564578758272,-0.82537920116,0.));
#2430 = ORIENTED_EDGE('',*,*,#2431,.F.);
#2431 = EDGE_CURVE('',#2432,#2424,#2434,.T.);
#2432 = VERTEX_POINT('',#2433);
#2433 = CARTESIAN_POINT('',(57.041261437491,-28.61477194435,12.5));
#2434 = CIRCLE('',#2435,2.4);
#2435 = AXIS2_PLACEMENT_3D('',#2436,#2437,#2438);
#2436 = CARTESIAN_POINT('',(58.7197,-26.8993,12.5));
#2437 = DIRECTION('',(0.,-0.,-1.));
#2438 = DIRECTION('',(0.714779976816,-0.699349401045,0.));
#2439 = ORIENTED_EDGE('',*,*,#2440,.T.);
#2440 = EDGE_CURVE('',#2432,#2441,#2443,.T.);
#2441 = VERTEX_POINT('',#2442);
#2442 = CARTESIAN_POINT('',(57.601761437491,-29.16317194435,12.5));
#2443 = LINE('',#2444,#2445);
#2444 = CARTESIAN_POINT('',(57.041261437491,-28.61477194435,12.5));
#2445 = VECTOR('',#2446,1.);
#2446 = DIRECTION('',(0.714779976816,-0.699349401045,0.));
#2447 = ORIENTED_EDGE('',*,*,#2448,.F.);
#2448 = EDGE_CURVE('',#2449,#2441,#2451,.T.);
#2449 = VERTEX_POINT('',#2450);
#2450 = CARTESIAN_POINT('',(57.968690544573,-29.45766093204,12.5));
#2451 = CIRCLE('',#2452,2.4);
#2452 = AXIS2_PLACEMENT_3D('',#2453,#2454,#2455);
#2453 = CARTESIAN_POINT('',(59.2802,-27.4477,12.5));
#2454 = DIRECTION('',(0.,-0.,-1.));
#2455 = DIRECTION('',(0.837483721683,-0.546462273095,0.));
#2456 = ORIENTED_EDGE('',*,*,#2457,.T.);
#2457 = EDGE_CURVE('',#2449,#2458,#2460,.T.);
#2458 = VERTEX_POINT('',#2459);
#2459 = CARTESIAN_POINT('',(58.625390544573,-29.88616093204,12.5));
#2460 = LINE('',#2461,#2462);
#2461 = CARTESIAN_POINT('',(57.968690544573,-29.45766093204,12.5));
#2462 = VECTOR('',#2463,1.);
#2463 = DIRECTION('',(0.837483721683,-0.546462273095,0.));
#2464 = ORIENTED_EDGE('',*,*,#2465,.F.);
#2465 = EDGE_CURVE('',#2466,#2458,#2468,.T.);
#2466 = VERTEX_POINT('',#2467);
#2467 = CARTESIAN_POINT('',(59.042608149527,-30.10336009442,12.5));
#2468 = CIRCLE('',#2469,2.4);
#2469 = AXIS2_PLACEMENT_3D('',#2470,#2471,#2472);
#2470 = CARTESIAN_POINT('',(59.9369,-27.8762,12.5));
#2471 = DIRECTION('',(0.,-0.,-1.));
#2472 = DIRECTION('',(0.927983372675,-0.372621604364,0.));
#2473 = ORIENTED_EDGE('',*,*,#2474,.T.);
#2474 = EDGE_CURVE('',#2466,#2475,#2477,.T.);
#2475 = VERTEX_POINT('',#2476);
#2476 = CARTESIAN_POINT('',(59.770308149527,-30.39556009442,12.5));
#2477 = LINE('',#2478,#2479);
#2478 = CARTESIAN_POINT('',(59.042608149527,-30.10336009442,12.5));
#2479 = VECTOR('',#2480,1.);
#2480 = DIRECTION('',(0.927983372675,-0.372621604364,0.));
#2481 = ORIENTED_EDGE('',*,*,#2482,.F.);
#2482 = EDGE_CURVE('',#2483,#2475,#2485,.T.);
#2483 = VERTEX_POINT('',#2484);
#2484 = CARTESIAN_POINT('',(60.119753471105,-30.50573657395,12.5));
#2485 = CIRCLE('',#2486,2.4);
#2486 = AXIS2_PLACEMENT_3D('',#2487,#2488,#2489);
#2487 = CARTESIAN_POINT('',(60.6646,-28.1684,12.5));
#2488 = DIRECTION('',(0.,-0.,-1.));
#2489 = DIRECTION('',(0.973890239148,-0.227019387039,0.));
#2490 = ORIENTED_EDGE('',*,*,#2491,.T.);
#2491 = EDGE_CURVE('',#2483,#2492,#2494,.T.);
#2492 = VERTEX_POINT('',#2493);
#2493 = CARTESIAN_POINT('',(60.544453471105,-30.60473657395,12.5));
#2494 = LINE('',#2495,#2496);
#2495 = CARTESIAN_POINT('',(60.119753471105,-30.50573657395,12.5));
#2496 = VECTOR('',#2497,1.);
#2497 = DIRECTION('',(0.973890239148,-0.227019387039,0.));
#2498 = ORIENTED_EDGE('',*,*,#2499,.F.);
#2499 = EDGE_CURVE('',#2500,#2492,#2502,.T.);
#2500 = VERTEX_POINT('',#2501);
#2501 = CARTESIAN_POINT('',(60.672535862653,-30.6309371065,12.5));
#2502 = CIRCLE('',#2503,2.4);
#2503 = AXIS2_PLACEMENT_3D('',#2504,#2505,#2506);
#2504 = CARTESIAN_POINT('',(61.0893,-28.2674,12.5));
#2505 = DIRECTION('',(0.,-0.,-1.));
#2506 = DIRECTION('',(0.98480712771,-0.173651723895,0.));
#2507 = ORIENTED_EDGE('',*,*,#2508,.T.);
#2508 = EDGE_CURVE('',#2500,#2509,#2511,.T.);
#2509 = VERTEX_POINT('',#2510);
#2510 = CARTESIAN_POINT('',(76.871262731616,-33.48726985079,12.5));
#2511 = LINE('',#2512,#2513);
#2512 = CARTESIAN_POINT('',(60.672535862653,-30.6309371065,12.5));
#2513 = VECTOR('',#2514,1.);
#2514 = DIRECTION('',(0.98480712771,-0.173651723895,0.));
#2515 = ORIENTED_EDGE('',*,*,#2516,.T.);
#2516 = EDGE_CURVE('',#2509,#2517,#2519,.T.);
#2517 = VERTEX_POINT('',#2518);
#2518 = CARTESIAN_POINT('',(78.499601508848,-33.94262322103,12.5));
#2519 = LINE('',#2520,#2521);
#2520 = CARTESIAN_POINT('',(76.7577535944,-33.45552782702,12.5));
#2521 = VECTOR('',#2522,1.);
#2522 = DIRECTION('',(0.963053261259,-0.269311002333,0.));
#2523 = ORIENTED_EDGE('',*,*,#2524,.T.);
#2524 = EDGE_CURVE('',#2517,#2525,#2527,.T.);
#2525 = VERTEX_POINT('',#2526);
#2526 = CARTESIAN_POINT('',(93.910111890466,-40.16886817859,12.5));
#2527 = LINE('',#2528,#2529);
#2528 = CARTESIAN_POINT('',(78.375644844901,-33.89254152129,12.5));
#2529 = VECTOR('',#2530,1.);
#2530 = DIRECTION('',(0.927183967206,-0.374606314625,0.));
#2531 = ORIENTED_EDGE('',*,*,#2532,.T.);
#2532 = EDGE_CURVE('',#2525,#2533,#2535,.T.);
#2533 = VERTEX_POINT('',#2534);
#2534 = CARTESIAN_POINT('',(95.408218563408,-40.9529150585,12.5));
#2535 = LINE('',#2536,#2537);
#2536 = CARTESIAN_POINT('',(93.805635827743,-40.11418974181,12.5));
#2537 = VECTOR('',#2538,1.);
#2538 = DIRECTION('',(0.885995725757,-0.463693405107,0.));
#2539 = ORIENTED_EDGE('',*,*,#2540,.T.);
#2540 = EDGE_CURVE('',#2533,#2541,#2543,.T.);
#2541 = VERTEX_POINT('',#2542);
#2542 = CARTESIAN_POINT('',(108.94791484274,-50.08577520733,12.5));
#2543 = LINE('',#2544,#2545);
#2544 = CARTESIAN_POINT('',(95.297414842749,-40.87817520733,12.5));
#2545 = VECTOR('',#2546,1.);
#2546 = DIRECTION('',(0.82903133639,-0.559202148855,0.));
#2547 = ORIENTED_EDGE('',*,*,#2548,.F.);
#2548 = EDGE_CURVE('',#2549,#2541,#2551,.T.);
#2549 = VERTEX_POINT('',#2550);
#2550 = CARTESIAN_POINT('',(109.14940566887,-50.20774499189,12.5));
#2551 = CIRCLE('',#2552,2.4);
#2552 = AXIS2_PLACEMENT_3D('',#2553,#2554,#2555);
#2553 = CARTESIAN_POINT('',(110.29,-48.0961,12.5));
#2554 = DIRECTION('',(0.,-0.,-1.));
#2555 = DIRECTION('',(0.879852079956,-0.475247637971,0.));
#2556 = ORIENTED_EDGE('',*,*,#2557,.T.);
#2557 = EDGE_CURVE('',#2549,#2558,#2560,.T.);
#2558 = VERTEX_POINT('',#2559);
#2559 = CARTESIAN_POINT('',(109.83940566887,-50.58044499189,12.5));
#2560 = LINE('',#2561,#2562);
#2561 = CARTESIAN_POINT('',(109.14940566887,-50.20774499189,12.5));
#2562 = VECTOR('',#2563,1.);
#2563 = DIRECTION('',(0.879852079956,-0.475247637971,0.));
#2564 = ORIENTED_EDGE('',*,*,#2565,.F.);
#2565 = EDGE_CURVE('',#2566,#2558,#2568,.T.);
#2566 = VERTEX_POINT('',#2567);
#2567 = CARTESIAN_POINT('',(110.27382862375,-50.76255717707,12.5));
#2568 = CIRCLE('',#2569,2.4);
#2569 = AXIS2_PLACEMENT_3D('',#2570,#2571,#2572);
#2570 = CARTESIAN_POINT('',(110.98,-48.4688,12.5));
#2571 = DIRECTION('',(0.,-0.,-1.));
#2572 = DIRECTION('',(0.955732157113,-0.294238073437,0.));
#2573 = ORIENTED_EDGE('',*,*,#2574,.T.);
#2574 = EDGE_CURVE('',#2566,#2575,#2577,.T.);
#2575 = VERTEX_POINT('',#2576);
#2576 = CARTESIAN_POINT('',(111.02382862375,-50.99345717707,12.5));
#2577 = LINE('',#2578,#2579);
#2578 = CARTESIAN_POINT('',(110.27382862375,-50.76255717707,12.5));
#2579 = VECTOR('',#2580,1.);
#2580 = DIRECTION('',(0.955732157113,-0.294238073437,0.));
#2581 = ORIENTED_EDGE('',*,*,#2582,.F.);
#2582 = EDGE_CURVE('',#2583,#2575,#2585,.T.);
#2583 = VERTEX_POINT('',#2584);
#2584 = CARTESIAN_POINT('',(111.48422207526,-51.08708208331,12.5));
#2585 = CIRCLE('',#2586,2.4);
#2586 = AXIS2_PLACEMENT_3D('',#2587,#2588,#2589);
#2587 = CARTESIAN_POINT('',(111.73,-48.6997,12.5));
#2588 = DIRECTION('',(0.,-0.,-1.));
#2589 = DIRECTION('',(0.994742534713,-0.102407468638,0.));
#2590 = ORIENTED_EDGE('',*,*,#2591,.T.);
#2591 = EDGE_CURVE('',#2583,#2592,#2594,.T.);
#2592 = VERTEX_POINT('',#2593);
#2593 = CARTESIAN_POINT('',(112.26422207526,-51.16738208331,12.5));
#2594 = LINE('',#2595,#2596);
#2595 = CARTESIAN_POINT('',(111.48422207526,-51.08708208331,12.5));
#2596 = VECTOR('',#2597,1.);
#2597 = DIRECTION('',(0.994742534713,-0.102407468638,0.));
#2598 = ORIENTED_EDGE('',*,*,#2599,.F.);
#2599 = EDGE_CURVE('',#2600,#2592,#2602,.T.);
#2600 = VERTEX_POINT('',#2601);
#2601 = CARTESIAN_POINT('',(112.73515642415,-51.1694151135,12.5));
#2602 = CIRCLE('',#2603,2.4);
#2603 = AXIS2_PLACEMENT_3D('',#2604,#2605,#2606);
#2604 = CARTESIAN_POINT('',(112.51,-48.78,12.5));
#2605 = DIRECTION('',(0.,0.,-1.));
#2606 = DIRECTION('',(0.995589630628,9.381517673229E-02,0.));
#2607 = ORIENTED_EDGE('',*,*,#2608,.T.);
#2608 = EDGE_CURVE('',#2600,#63,#2609,.T.);
#2609 = LINE('',#2610,#2611);
#2610 = CARTESIAN_POINT('',(112.73515642415,-51.1694151135,12.5));
#2611 = VECTOR('',#2612,1.);
#2612 = DIRECTION('',(0.995589630628,9.381517673229E-02,0.));
#2613 = ORIENTED_EDGE('',*,*,#62,.F.);
#2614 = FACE_BOUND('',#2615,.T.);
#2615 = EDGE_LOOP('',(#2616,#2626,#2634,#2642,#2650,#2658,#2666,#2674,
    #2682,#2690,#2698,#2706,#2714,#2722,#2730,#2738,#2746,#2754,#2762,
    #2770,#2778,#2786,#2794,#2802,#2810,#2818,#2826,#2834,#2842,#2850,
    #2858,#2866,#2874,#2882,#2890,#2898,#2906,#2914,#2922,#2930,#2938,
    #2946,#2954,#2962,#2970,#2978,#2986,#2994,#3002,#3010,#3018,#3026,
    #3034,#3042,#3050,#3058,#3066,#3074,#3082,#3090,#3098,#3106,#3114,
    #3122,#3130,#3138,#3146,#3154,#3162,#3170,#3178,#3186,#3194,#3202,
    #3210,#3218,#3226,#3234,#3242,#3250,#3258,#3266,#3274,#3282,#3290,
    #3298,#3306,#3314,#3322,#3330,#3338,#3346,#3354,#3362,#3370,#3378,
    #3386,#3394,#3402,#3410,#3418,#3426,#3434,#3442,#3450,#3458,#3466,
    #3474,#3482,#3490,#3498,#3506,#3514,#3522,#3530,#3538,#3546,#3554,
    #3562,#3570,#3578,#3586,#3594,#3602,#3610,#3618,#3626,#3634,#3642,
    #3650,#3658,#3666,#3674,#3682,#3690,#3698,#3706,#3714,#3722,#3730,
    #3738,#3746,#3754,#3762,#3770,#3778,#3786,#3794,#3802,#3810,#3818,
    #3826,#3834,#3842,#3850,#3858,#3866,#3874,#3882,#3890,#3898,#3906,
    #3914,#3922,#3930,#3938,#3946,#3954,#3962,#3970,#3978,#3986,#3994,
    #4002,#4010,#4018,#4026,#4034,#4042,#4050,#4058,#4066,#4074,#4082,
    #4090,#4098,#4106));
#2616 = ORIENTED_EDGE('',*,*,#2617,.T.);
#2617 = EDGE_CURVE('',#2618,#2620,#2622,.T.);
#2618 = VERTEX_POINT('',#2619);
#2619 = CARTESIAN_POINT('',(114.735,-48.1155,12.5));
#2620 = VERTEX_POINT('',#2621);
#2621 = CARTESIAN_POINT('',(114.042,-48.4822,12.5));
#2622 = LINE('',#2623,#2624);
#2623 = CARTESIAN_POINT('',(107.07654826687,-52.16795923598,12.5));
#2624 = VECTOR('',#2625,1.);
#2625 = DIRECTION('',(-0.883884073198,-0.467706045659,0.));
#2626 = ORIENTED_EDGE('',*,*,#2627,.T.);
#2627 = EDGE_CURVE('',#2620,#2628,#2630,.T.);
#2628 = VERTEX_POINT('',#2629);
#2629 = CARTESIAN_POINT('',(113.29,-48.7065,12.5));
#2630 = LINE('',#2631,#2632);
#2631 = CARTESIAN_POINT('',(98.930814793218,-52.9894325025,12.5));
#2632 = VECTOR('',#2633,1.);
#2633 = DIRECTION('',(-0.958281025178,-0.285827704717,0.));
#2634 = ORIENTED_EDGE('',*,*,#2635,.T.);
#2635 = EDGE_CURVE('',#2628,#2636,#2638,.T.);
#2636 = VERTEX_POINT('',#2637);
#2637 = CARTESIAN_POINT('',(112.51,-48.78,12.5));
#2638 = LINE('',#2639,#2640);
#2639 = CARTESIAN_POINT('',(91.132216649481,-50.79444496956,12.5));
#2640 = VECTOR('',#2641,1.);
#2641 = DIRECTION('',(-0.995589630628,-9.381517673229E-02,0.));
#2642 = ORIENTED_EDGE('',*,*,#2643,.T.);
#2643 = EDGE_CURVE('',#2636,#2644,#2646,.T.);
#2644 = VERTEX_POINT('',#2645);
#2645 = CARTESIAN_POINT('',(111.73,-48.6997,12.5));
#2646 = LINE('',#2647,#2648);
#2647 = CARTESIAN_POINT('',(84.723760014042,-45.91944221683,12.5));
#2648 = VECTOR('',#2649,1.);
#2649 = DIRECTION('',(-0.994742534713,0.102407468638,0.));
#2650 = ORIENTED_EDGE('',*,*,#2651,.T.);
#2651 = EDGE_CURVE('',#2644,#2652,#2654,.T.);
#2652 = VERTEX_POINT('',#2653);
#2653 = CARTESIAN_POINT('',(110.98,-48.4688,12.5));
#2654 = LINE('',#2655,#2656);
#2655 = CARTESIAN_POINT('',(80.624337726039,-39.12330344125,12.5));
#2656 = VECTOR('',#2657,1.);
#2657 = DIRECTION('',(-0.955732157113,0.294238073437,0.));
#2658 = ORIENTED_EDGE('',*,*,#2659,.T.);
#2659 = EDGE_CURVE('',#2652,#2660,#2662,.T.);
#2660 = VERTEX_POINT('',#2661);
#2661 = CARTESIAN_POINT('',(110.29,-48.0961,12.5));
#2662 = LINE('',#2663,#2664);
#2663 = CARTESIAN_POINT('',(79.355975920783,-31.38724380532,12.5));
#2664 = VECTOR('',#2665,1.);
#2665 = DIRECTION('',(-0.879852079956,0.475247637971,0.));
#2666 = ORIENTED_EDGE('',*,*,#2667,.T.);
#2667 = EDGE_CURVE('',#2660,#2668,#2670,.T.);
#2668 = VERTEX_POINT('',#2669);
#2669 = CARTESIAN_POINT('',(96.6395,-38.8885,12.5));
#2670 = LINE('',#2671,#2672);
#2671 = CARTESIAN_POINT('',(73.166518165993,-23.0553929684,12.5));
#2672 = VECTOR('',#2673,1.);
#2673 = DIRECTION('',(-0.82903133639,0.559202148855,0.));
#2674 = ORIENTED_EDGE('',*,*,#2675,.T.);
#2675 = EDGE_CURVE('',#2668,#2676,#2678,.T.);
#2676 = VERTEX_POINT('',#2677);
#2677 = CARTESIAN_POINT('',(94.9185,-37.9878,12.5));
#2678 = LINE('',#2679,#2680);
#2679 = CARTESIAN_POINT('',(72.065006624415,-26.02722970169,12.5));
#2680 = VECTOR('',#2681,1.);
#2681 = DIRECTION('',(-0.885995725757,0.463693405107,0.));
#2682 = ORIENTED_EDGE('',*,*,#2683,.T.);
#2683 = EDGE_CURVE('',#2676,#2684,#2686,.T.);
#2684 = VERTEX_POINT('',#2685);
#2685 = CARTESIAN_POINT('',(79.2747,-31.6673,12.5));
#2686 = LINE('',#2687,#2688);
#2687 = CARTESIAN_POINT('',(64.698850370213,-25.77827958392,12.5));
#2688 = VECTOR('',#2689,1.);
#2689 = DIRECTION('',(-0.927183967206,0.374606314625,0.));
#2690 = ORIENTED_EDGE('',*,*,#2691,.T.);
#2691 = EDGE_CURVE('',#2684,#2692,#2694,.T.);
#2692 = VERTEX_POINT('',#2693);
#2693 = CARTESIAN_POINT('',(77.4041,-31.1442,12.5));
#2694 = LINE('',#2695,#2696);
#2695 = CARTESIAN_POINT('',(65.206862554512,-27.73332920574,12.5));
#2696 = VECTOR('',#2697,1.);
#2697 = DIRECTION('',(-0.963053261259,0.269311002333,0.));
#2698 = ORIENTED_EDGE('',*,*,#2699,.T.);
#2699 = EDGE_CURVE('',#2692,#2700,#2702,.T.);
#2700 = VERTEX_POINT('',#2701);
#2701 = CARTESIAN_POINT('',(61.0893,-28.2674,12.5));
#2702 = LINE('',#2703,#2704);
#2703 = CARTESIAN_POINT('',(58.718048141332,-27.84927551505,12.5));
#2704 = VECTOR('',#2705,1.);
#2705 = DIRECTION('',(-0.98480712771,0.173651723895,0.));
#2706 = ORIENTED_EDGE('',*,*,#2707,.T.);
#2707 = EDGE_CURVE('',#2700,#2708,#2710,.T.);
#2708 = VERTEX_POINT('',#2709);
#2709 = CARTESIAN_POINT('',(60.6646,-28.1684,12.5));
#2710 = LINE('',#2711,#2712);
#2711 = CARTESIAN_POINT('',(57.439196778739,-27.41654005438,12.5));
#2712 = VECTOR('',#2713,1.);
#2713 = DIRECTION('',(-0.973890239148,0.227019387039,0.));
#2714 = ORIENTED_EDGE('',*,*,#2715,.T.);
#2715 = EDGE_CURVE('',#2708,#2716,#2718,.T.);
#2716 = VERTEX_POINT('',#2717);
#2717 = CARTESIAN_POINT('',(59.9369,-27.8762,12.5));
#2718 = LINE('',#2719,#2720);
#2719 = CARTESIAN_POINT('',(54.365897669567,-25.63922476164,12.5));
#2720 = VECTOR('',#2721,1.);
#2721 = DIRECTION('',(-0.927983372675,0.372621604364,0.));
#2722 = ORIENTED_EDGE('',*,*,#2723,.T.);
#2723 = EDGE_CURVE('',#2716,#2724,#2726,.T.);
#2724 = VERTEX_POINT('',#2725);
#2725 = CARTESIAN_POINT('',(59.2802,-27.4477,12.5));
#2726 = LINE('',#2727,#2728);
#2727 = CARTESIAN_POINT('',(51.448505466287,-22.33748055779,12.5));
#2728 = VECTOR('',#2729,1.);
#2729 = DIRECTION('',(-0.837483721683,0.546462273095,0.));
#2730 = ORIENTED_EDGE('',*,*,#2731,.T.);
#2731 = EDGE_CURVE('',#2724,#2732,#2734,.T.);
#2732 = VERTEX_POINT('',#2733);
#2733 = CARTESIAN_POINT('',(58.7197,-26.8993,12.5));
#2734 = LINE('',#2735,#2736);
#2735 = CARTESIAN_POINT('',(49.903849667356,-18.27376508042,12.5));
#2736 = VECTOR('',#2737,1.);
#2737 = DIRECTION('',(-0.714779976816,0.699349401045,0.));
#2738 = ORIENTED_EDGE('',*,*,#2739,.T.);
#2739 = EDGE_CURVE('',#2732,#2740,#2742,.T.);
#2740 = VERTEX_POINT('',#2741);
#2741 = CARTESIAN_POINT('',(58.277,-26.2521,12.5));
#2742 = LINE('',#2743,#2744);
#2743 = CARTESIAN_POINT('',(49.901588817634,-14.00776723011,12.5));
#2744 = VECTOR('',#2745,1.);
#2745 = DIRECTION('',(-0.564578758272,0.82537920116,0.));
#2746 = ORIENTED_EDGE('',*,*,#2747,.T.);
#2747 = EDGE_CURVE('',#2740,#2748,#2750,.T.);
#2748 = VERTEX_POINT('',#2749);
#2749 = CARTESIAN_POINT('',(57.969,-25.531,12.5));
#2750 = LINE('',#2751,#2752);
#2751 = CARTESIAN_POINT('',(51.387029855595,-10.12106924957,12.5));
#2752 = VECTOR('',#2753,1.);
#2753 = DIRECTION('',(-0.392795412362,0.919625882643,0.));
#2754 = ORIENTED_EDGE('',*,*,#2755,.T.);
#2755 = EDGE_CURVE('',#2748,#2756,#2758,.T.);
#2756 = VERTEX_POINT('',#2757);
#2757 = CARTESIAN_POINT('',(57.8077,-24.7637,12.5));
#2758 = LINE('',#2759,#2760);
#2759 = CARTESIAN_POINT('',(54.098689836921,-7.120032931613,12.5));
#2760 = VECTOR('',#2761,1.);
#2761 = DIRECTION('',(-0.205721224627,0.978610636432,0.));
#2762 = ORIENTED_EDGE('',*,*,#2763,.T.);
#2763 = EDGE_CURVE('',#2756,#2764,#2766,.T.);
#2764 = VERTEX_POINT('',#2765);
#2765 = CARTESIAN_POINT('',(57.7991,-23.9796,12.5));
#2766 = LINE('',#2767,#2768);
#2767 = CARTESIAN_POINT('',(57.595109116845,-5.380849827659,12.5));
#2768 = VECTOR('',#2769,1.);
#2769 = DIRECTION('',(-1.096732912959E-02,0.999939857037,0.));
#2770 = ORIENTED_EDGE('',*,*,#2771,.T.);
#2771 = EDGE_CURVE('',#2764,#2772,#2774,.T.);
#2772 = VERTEX_POINT('',#2773);
#2773 = CARTESIAN_POINT('',(57.9135,-22.6719,12.5));
#2774 = LINE('',#2775,#2776);
#2775 = CARTESIAN_POINT('',(59.495665523581,-4.586254412697,12.5));
#2776 = VECTOR('',#2777,1.);
#2777 = DIRECTION('',(8.71489951774E-02,0.996195288405,0.));
#2778 = ORIENTED_EDGE('',*,*,#2779,.T.);
#2779 = EDGE_CURVE('',#2772,#2780,#2782,.T.);
#2780 = VERTEX_POINT('',#2781);
#2781 = CARTESIAN_POINT('',(57.758,-21.0931,12.5));
#2782 = LINE('',#2783,#2784);
#2783 = CARTESIAN_POINT('',(56.108973144013,-4.350440191433,12.5));
#2784 = VECTOR('',#2785,1.);
#2785 = DIRECTION('',(-9.801824680222E-02,0.995184617694,0.));
#2786 = ORIENTED_EDGE('',*,*,#2787,.T.);
#2787 = EDGE_CURVE('',#2780,#2788,#2790,.T.);
#2788 = VERTEX_POINT('',#2789);
#2789 = CARTESIAN_POINT('',(57.3039,-19.5959,12.5));
#2790 = LINE('',#2791,#2792);
#2791 = CARTESIAN_POINT('',(52.999644608919,-5.404463815181,12.5));
#2792 = VECTOR('',#2793,1.);
#2793 = DIRECTION('',(-0.290243322605,0.956952879552,0.));
#2794 = ORIENTED_EDGE('',*,*,#2795,.T.);
#2795 = EDGE_CURVE('',#2788,#2796,#2798,.T.);
#2796 = VERTEX_POINT('',#2797);
#2797 = CARTESIAN_POINT('',(56.5664,-18.2162,12.5));
#2798 = LINE('',#2799,#2800);
#2799 = CARTESIAN_POINT('',(50.791472888516,-7.41258381598,12.5));
#2800 = VECTOR('',#2801,1.);
#2801 = DIRECTION('',(-0.4714141304,0.881911967069,0.));
#2802 = ORIENTED_EDGE('',*,*,#2803,.T.);
#2803 = EDGE_CURVE('',#2796,#2804,#2806,.T.);
#2804 = VERTEX_POINT('',#2805);
#2805 = CARTESIAN_POINT('',(55.5739,-17.0068,12.5));
#2806 = LINE('',#2807,#2808);
#2807 = CARTESIAN_POINT('',(49.746650098298,-9.9060684825,12.5));
#2808 = VECTOR('',#2809,1.);
#2809 = DIRECTION('',(-0.634382234816,0.773019521196,0.));
#2810 = ORIENTED_EDGE('',*,*,#2811,.T.);
#2811 = EDGE_CURVE('',#2804,#2812,#2814,.T.);
#2812 = VERTEX_POINT('',#2813);
#2813 = CARTESIAN_POINT('',(54.3645,-16.0143,12.5));
#2814 = LINE('',#2815,#2816);
#2815 = CARTESIAN_POINT('',(49.917783349458,-12.3650803244,12.5));
#2816 = VECTOR('',#2817,1.);
#2817 = DIRECTION('',(-0.773019521196,0.634382234816,0.));
#2818 = ORIENTED_EDGE('',*,*,#2819,.T.);
#2819 = EDGE_CURVE('',#2812,#2820,#2822,.T.);
#2820 = VERTEX_POINT('',#2821);
#2821 = CARTESIAN_POINT('',(52.9848,-15.2768,12.5));
#2822 = LINE('',#2823,#2824);
#2823 = CARTESIAN_POINT('',(51.146975480636,-14.29441572586,12.5));
#2824 = VECTOR('',#2825,1.);
#2825 = DIRECTION('',(-0.881911967069,0.4714141304,0.));
#2826 = ORIENTED_EDGE('',*,*,#2827,.T.);
#2827 = EDGE_CURVE('',#2820,#2828,#2830,.T.);
#2828 = VERTEX_POINT('',#2829);
#2829 = CARTESIAN_POINT('',(51.4877,-14.8227,12.5));
#2830 = LINE('',#2831,#2832);
#2831 = CARTESIAN_POINT('',(53.096193276789,-15.31058778103,12.5));
#2832 = VECTOR('',#2833,1.);
#2833 = DIRECTION('',(-0.956947494684,0.290261076305,0.));
#2834 = ORIENTED_EDGE('',*,*,#2835,.T.);
#2835 = EDGE_CURVE('',#2828,#2836,#2838,.T.);
#2836 = VERTEX_POINT('',#2837);
#2837 = CARTESIAN_POINT('',(49.7342,-14.65,12.5));
#2838 = LINE('',#2839,#2840);
#2839 = CARTESIAN_POINT('',(55.2015839385,-15.18847573777,12.5));
#2840 = VECTOR('',#2841,1.);
#2841 = DIRECTION('',(-0.995184985525,9.80145121187E-02,0.));
#2842 = ORIENTED_EDGE('',*,*,#2843,.T.);
#2843 = EDGE_CURVE('',#2836,#2844,#2846,.T.);
#2844 = VERTEX_POINT('',#2845);
#2845 = CARTESIAN_POINT('',(38.9826,-14.65,12.5));
#2846 = LINE('',#2847,#2848);
#2847 = CARTESIAN_POINT('',(51.254468588404,-14.65,12.5));
#2848 = VECTOR('',#2849,1.);
#2849 = DIRECTION('',(-1.,0.,0.));
#2850 = ORIENTED_EDGE('',*,*,#2851,.T.);
#2851 = EDGE_CURVE('',#2844,#2852,#2854,.T.);
#2852 = VERTEX_POINT('',#2853);
#2853 = CARTESIAN_POINT('',(38.1991,-14.6885,12.5));
#2854 = LINE('',#2855,#2856);
#2855 = CARTESIAN_POINT('',(51.517851612589,-14.03403677462,12.5));
#2856 = VECTOR('',#2857,1.);
#2857 = DIRECTION('',(-0.998794886786,-4.907926374126E-02,0.));
#2858 = ORIENTED_EDGE('',*,*,#2859,.T.);
#2859 = EDGE_CURVE('',#2852,#2860,#2862,.T.);
#2860 = VERTEX_POINT('',#2861);
#2861 = CARTESIAN_POINT('',(36.5677,-15.013,12.5));
#2862 = LINE('',#2863,#2864);
#2863 = CARTESIAN_POINT('',(52.241278521822,-11.89538553982,12.5));
#2864 = VECTOR('',#2865,1.);
#2865 = DIRECTION('',(-0.980785928742,-0.19508706257,0.));
#2866 = ORIENTED_EDGE('',*,*,#2867,.T.);
#2867 = EDGE_CURVE('',#2860,#2868,#2870,.T.);
#2868 = VERTEX_POINT('',#2869);
#2869 = CARTESIAN_POINT('',(35.1223,-15.6117,12.5));
#2870 = LINE('',#2871,#2872);
#2871 = CARTESIAN_POINT('',(52.352777637015,-8.474653534468,12.5));
#2872 = VECTOR('',#2873,1.);
#2873 = DIRECTION('',(-0.923880500421,-0.382681095615,0.));
#2874 = ORIENTED_EDGE('',*,*,#2875,.T.);
#2875 = EDGE_CURVE('',#2868,#2876,#2878,.T.);
#2876 = VERTEX_POINT('',#2877);
#2877 = CARTESIAN_POINT('',(33.8215,-16.4809,12.5));
#2878 = LINE('',#2879,#2880);
#2879 = CARTESIAN_POINT('',(50.964525450841,-5.025858700899,12.5));
#2880 = VECTOR('',#2881,1.);
#2881 = DIRECTION('',(-0.831459801075,-0.555584916278,0.));
#2882 = ORIENTED_EDGE('',*,*,#2883,.T.);
#2883 = EDGE_CURVE('',#2876,#2884,#2886,.T.);
#2884 = VERTEX_POINT('',#2885);
#2885 = CARTESIAN_POINT('',(32.7152,-17.5871,12.5));
#2886 = LINE('',#2887,#2888);
#2887 = CARTESIAN_POINT('',(48.136753398851,-2.16694057687,12.5));
#2888 = VECTOR('',#2889,1.);
#2889 = DIRECTION('',(-0.707138740093,-0.707074820836,0.));
#2890 = ORIENTED_EDGE('',*,*,#2891,.T.);
#2891 = EDGE_CURVE('',#2884,#2892,#2894,.T.);
#2892 = VERTEX_POINT('',#2893);
#2893 = CARTESIAN_POINT('',(31.6613,-19.1644,12.5));
#2894 = LINE('',#2895,#2896);
#2895 = CARTESIAN_POINT('',(44.073715529812,-0.587587195016,12.5));
#2896 = VECTOR('',#2897,1.);
#2897 = DIRECTION('',(-0.555563612717,-0.831474035809,0.));
#2898 = ORIENTED_EDGE('',*,*,#2899,.T.);
#2899 = EDGE_CURVE('',#2892,#2900,#2902,.T.);
#2900 = VERTEX_POINT('',#2901);
#2901 = CARTESIAN_POINT('',(31.6037,-19.2723,12.5));
#2902 = LINE('',#2903,#2904);
#2903 = CARTESIAN_POINT('',(41.906315538605,2.721764957392E-02,12.5));
#2904 = VECTOR('',#2905,1.);
#2905 = DIRECTION('',(-0.470927681203,-0.882171819476,0.));
#2906 = ORIENTED_EDGE('',*,*,#2907,.T.);
#2907 = EDGE_CURVE('',#2900,#2908,#2910,.T.);
#2908 = VERTEX_POINT('',#2909);
#2909 = CARTESIAN_POINT('',(31.1062,-19.8784,12.5));
#2910 = LINE('',#2911,#2912);
#2911 = CARTESIAN_POINT('',(45.763244188405,-2.021848276197,12.5));
#2912 = VECTOR('',#2913,1.);
#2913 = DIRECTION('',(-0.634459263544,-0.772956300772,0.));
#2914 = ORIENTED_EDGE('',*,*,#2915,.T.);
#2915 = EDGE_CURVE('',#2908,#2916,#2918,.T.);
#2916 = VERTEX_POINT('',#2917);
#2917 = CARTESIAN_POINT('',(30.5001,-20.3759,12.5));
#2918 = LINE('',#2919,#2920);
#2919 = CARTESIAN_POINT('',(48.619907536773,-5.502769741718,12.5));
#2920 = VECTOR('',#2921,1.);
#2921 = DIRECTION('',(-0.772956300772,-0.634459263544,0.));
#2922 = ORIENTED_EDGE('',*,*,#2923,.T.);
#2923 = EDGE_CURVE('',#2916,#2924,#2926,.T.);
#2924 = VERTEX_POINT('',#2925);
#2925 = CARTESIAN_POINT('',(29.8085,-20.7455,12.5));
#2926 = LINE('',#2927,#2928);
#2927 = CARTESIAN_POINT('',(49.995335830134,-9.957393402519,12.5));
#2928 = VECTOR('',#2929,1.);
#2929 = DIRECTION('',(-0.881957260666,-0.471329386267,0.));
#2930 = ORIENTED_EDGE('',*,*,#2931,.T.);
#2931 = EDGE_CURVE('',#2924,#2932,#2934,.T.);
#2932 = VERTEX_POINT('',#2933);
#2933 = CARTESIAN_POINT('',(29.0582,-20.9731,12.5));
#2934 = LINE('',#2935,#2936);
#2935 = CARTESIAN_POINT('',(49.598252394005,-14.7423710584,12.5));
#2936 = VECTOR('',#2937,1.);
#2937 = DIRECTION('',(-0.956940695942,-0.290283489799,0.));
#2938 = ORIENTED_EDGE('',*,*,#2939,.T.);
#2939 = EDGE_CURVE('',#2932,#2940,#2942,.T.);
#2940 = VERTEX_POINT('',#2941);
#2941 = CARTESIAN_POINT('',(28.2778,-21.05,12.5));
#2942 = LINE('',#2943,#2944);
#2943 = CARTESIAN_POINT('',(47.407996169124,-19.1649255697,12.5));
#2944 = VECTOR('',#2945,1.);
#2945 = DIRECTION('',(-0.995180084663,-9.80642600084E-02,0.));
#2946 = ORIENTED_EDGE('',*,*,#2947,.T.);
#2947 = EDGE_CURVE('',#2940,#2948,#2950,.T.);
#2948 = VERTEX_POINT('',#2949);
#2949 = CARTESIAN_POINT('',(10.6347,-21.05,12.5));
#2950 = LINE('',#2951,#2952);
#2951 = CARTESIAN_POINT('',(37.080518588404,-21.05,12.5));
#2952 = VECTOR('',#2953,1.);
#2953 = DIRECTION('',(-1.,0.,0.));
#2954 = ORIENTED_EDGE('',*,*,#2955,.T.);
#2955 = EDGE_CURVE('',#2948,#2956,#2958,.T.);
#2956 = VERTEX_POINT('',#2957);
#2957 = CARTESIAN_POINT('',(10.2426,-21.0307,12.5));
#2958 = LINE('',#2959,#2960);
#2959 = CARTESIAN_POINT('',(35.977566671123,-22.29743006057,12.5));
#2960 = VECTOR('',#2961,1.);
#2961 = DIRECTION('',(-0.998790787438,4.916261718327E-02,0.));
#2962 = ORIENTED_EDGE('',*,*,#2963,.T.);
#2963 = EDGE_CURVE('',#2956,#2964,#2966,.T.);
#2964 = VERTEX_POINT('',#2965);
#2965 = CARTESIAN_POINT('',(9.47357,-20.8778,12.5));
#2966 = LINE('',#2967,#2968);
#2967 = CARTESIAN_POINT('',(32.205193902947,-25.39734448429,12.5));
#2968 = VECTOR('',#2969,1.);
#2969 = DIRECTION('',(-0.980802255961,0.195004960712,0.));
#2970 = ORIENTED_EDGE('',*,*,#2971,.T.);
#2971 = EDGE_CURVE('',#2964,#2972,#2974,.T.);
#2972 = VERTEX_POINT('',#2973);
#2973 = CARTESIAN_POINT('',(8.74912,-20.5777,12.5));
#2974 = LINE('',#2975,#2976);
#2975 = CARTESIAN_POINT('',(26.139741014862,-27.7816828374,12.5));
#2976 = VECTOR('',#2977,1.);
#2977 = DIRECTION('',(-0.923869168907,0.382708451362,0.));
#2978 = ORIENTED_EDGE('',*,*,#2979,.T.);
#2979 = EDGE_CURVE('',#2972,#2980,#2982,.T.);
#2980 = VERTEX_POINT('',#2981);
#2981 = CARTESIAN_POINT('',(8.09714,-20.142,12.5));
#2982 = LINE('',#2983,#2984);
#2983 = CARTESIAN_POINT('',(19.534657546517,-27.78537310196,12.5));
#2984 = VECTOR('',#2985,1.);
#2985 = DIRECTION('',(-0.83143374015,0.555623915739,0.));
#2986 = ORIENTED_EDGE('',*,*,#2987,.T.);
#2987 = EDGE_CURVE('',#2980,#2988,#2990,.T.);
#2988 = VERTEX_POINT('',#2989);
#2989 = CARTESIAN_POINT('',(7.54267,-19.5876,12.5));
#2990 = LINE('',#2991,#2992);
#2991 = CARTESIAN_POINT('',(13.322156070052,-25.36635642908,12.5));
#2992 = VECTOR('',#2993,1.);
#2993 = DIRECTION('',(-0.707151417539,0.707062142016,0.));
#2994 = ORIENTED_EDGE('',*,*,#2995,.T.);
#2995 = EDGE_CURVE('',#2988,#2996,#2998,.T.);
#2996 = VERTEX_POINT('',#2997);
#2997 = CARTESIAN_POINT('',(7.10703,-18.9356,12.5));
#2998 = LINE('',#2999,#3000);
#2999 = CARTESIAN_POINT('',(8.371877722461,-20.82863258434,12.5));
#3000 = VECTOR('',#3001,1.);
#3001 = DIRECTION('',(-0.555559237121,0.831476959422,0.));
#3002 = ORIENTED_EDGE('',*,*,#3003,.T.);
#3003 = EDGE_CURVE('',#2996,#3004,#3006,.T.);
#3004 = VERTEX_POINT('',#3005);
#3005 = CARTESIAN_POINT('',(6.80695,-18.2111,12.5));
#3006 = LINE('',#3007,#3008);
#3007 = CARTESIAN_POINT('',(5.392134449324,-14.79523134342,12.5));
#3008 = VECTOR('',#3009,1.);
#3009 = DIRECTION('',(-0.382664138353,0.923887524117,0.));
#3010 = ORIENTED_EDGE('',*,*,#3011,.T.);
#3011 = EDGE_CURVE('',#3004,#3012,#3014,.T.);
#3012 = VERTEX_POINT('',#3013);
#3013 = CARTESIAN_POINT('',(6.42316,-16.9459,12.5));
#3014 = LINE('',#3015,#3016);
#3015 = CARTESIAN_POINT('',(4.630181458138,-11.03517681502,12.5));
#3016 = VECTOR('',#3017,1.);
#3017 = DIRECTION('',(-0.290281751552,0.95694122323,0.));
#3018 = ORIENTED_EDGE('',*,*,#3019,.T.);
#3019 = EDGE_CURVE('',#3012,#3020,#3022,.T.);
#3020 = VERTEX_POINT('',#3021);
#3021 = CARTESIAN_POINT('',(5.68566,-15.5662,12.5));
#3022 = LINE('',#3023,#3024);
#3023 = CARTESIAN_POINT('',(6.11524207288,-16.36985340468,12.5));
#3024 = VECTOR('',#3025,1.);
#3025 = DIRECTION('',(-0.4714141304,0.881911967069,0.));
#3026 = ORIENTED_EDGE('',*,*,#3027,.T.);
#3027 = EDGE_CURVE('',#3020,#3028,#3030,.T.);
#3028 = VERTEX_POINT('',#3029);
#3029 = CARTESIAN_POINT('',(4.69317,-14.3568,12.5));
#3030 = LINE('',#3031,#3032);
#3031 = CARTESIAN_POINT('',(9.753798771242,-20.52343587133,12.5));
#3032 = VECTOR('',#3033,1.);
#3033 = DIRECTION('',(-0.634378415338,0.773022655653,0.));
#3034 = ORIENTED_EDGE('',*,*,#3035,.T.);
#3035 = EDGE_CURVE('',#3028,#3036,#3038,.T.);
#3036 = VERTEX_POINT('',#3037);
#3037 = CARTESIAN_POINT('',(3.48381,-13.3643,12.5));
#3038 = LINE('',#3039,#3040);
#3039 = CARTESIAN_POINT('',(14.888451862195,-22.72388444816,12.5));
#3040 = VECTOR('',#3041,1.);
#3041 = DIRECTION('',(-0.773009231669,0.634394772799,0.));
#3042 = ORIENTED_EDGE('',*,*,#3043,.T.);
#3043 = EDGE_CURVE('',#3036,#3044,#3046,.T.);
#3044 = VERTEX_POINT('',#3045);
#3045 = CARTESIAN_POINT('',(2.10406,-12.6268,12.5));
#3046 = LINE('',#3047,#3048);
#3047 = CARTESIAN_POINT('',(20.604315734583,-22.51550346385,12.5));
#3048 = VECTOR('',#3049,1.);
#3049 = DIRECTION('',(-0.881919069342,0.47140084337,0.));
#3050 = ORIENTED_EDGE('',*,*,#3051,.T.);
#3051 = EDGE_CURVE('',#3044,#3052,#3054,.T.);
#3052 = VERTEX_POINT('',#3053);
#3053 = CARTESIAN_POINT('',(0.606947,-12.1727,12.5));
#3054 = LINE('',#3055,#3056);
#3055 = CARTESIAN_POINT('',(25.880532877869,-19.83861122189,12.5));
#3056 = VECTOR('',#3057,1.);
#3057 = DIRECTION('',(-0.956948194773,0.290258768207,0.));
#3058 = ORIENTED_EDGE('',*,*,#3059,.T.);
#3059 = EDGE_CURVE('',#3052,#3060,#3062,.T.);
#3060 = VERTEX_POINT('',#3061);
#3061 = CARTESIAN_POINT('',(-1.14651,-12.,12.5));
#3062 = LINE('',#3063,#3064);
#3063 = CARTESIAN_POINT('',(29.646026557703,-15.0327924001,12.5));
#3064 = VECTOR('',#3065,1.);
#3065 = DIRECTION('',(-0.995184751068,9.80168926352E-02,0.));
#3066 = ORIENTED_EDGE('',*,*,#3067,.T.);
#3067 = EDGE_CURVE('',#3060,#3068,#3070,.T.);
#3068 = VERTEX_POINT('',#3069);
#3069 = CARTESIAN_POINT('',(-8.,-12.,12.5));
#3070 = LINE('',#3071,#3072);
#3071 = CARTESIAN_POINT('',(27.763168588404,-12.,12.5));
#3072 = VECTOR('',#3073,1.);
#3073 = DIRECTION('',(-1.,0.,0.));
#3074 = ORIENTED_EDGE('',*,*,#3075,.T.);
#3075 = EDGE_CURVE('',#3068,#3076,#3078,.T.);
#3076 = VERTEX_POINT('',#3077);
#3077 = CARTESIAN_POINT('',(-8.78036,-11.9231,12.5));
#3078 = LINE('',#3079,#3080);
#3079 = CARTESIAN_POINT('',(25.795160465325,-15.33031913448,12.5));
#3080 = VECTOR('',#3081,1.);
#3081 = DIRECTION('',(-0.995179594095,9.806923828219E-02,0.));
#3082 = ORIENTED_EDGE('',*,*,#3083,.T.);
#3083 = EDGE_CURVE('',#3076,#3084,#3086,.T.);
#3084 = VERTEX_POINT('',#3085);
#3085 = CARTESIAN_POINT('',(-9.53073,-11.6955,12.5));
#3086 = LINE('',#3087,#3088);
#3087 = CARTESIAN_POINT('',(20.45092057429,-20.78944521463,12.5));
#3088 = VECTOR('',#3089,1.);
#3089 = DIRECTION('',(-0.956948218008,0.290258691604,0.));
#3090 = ORIENTED_EDGE('',*,*,#3091,.T.);
#3091 = EDGE_CURVE('',#3084,#3092,#3094,.T.);
#3092 = VERTEX_POINT('',#3093);
#3093 = CARTESIAN_POINT('',(-10.2223,-11.3259,12.5));
#3094 = LINE('',#3095,#3096);
#3095 = CARTESIAN_POINT('',(13.344339818667,-23.9207639718,12.5));
#3096 = VECTOR('',#3097,1.);
#3097 = DIRECTION('',(-0.881948761333,0.471345289976,0.));
#3098 = ORIENTED_EDGE('',*,*,#3099,.T.);
#3099 = EDGE_CURVE('',#3092,#3100,#3102,.T.);
#3100 = VERTEX_POINT('',#3101);
#3101 = CARTESIAN_POINT('',(-10.8284,-10.8284,12.5));
#3102 = LINE('',#3103,#3104);
#3103 = CARTESIAN_POINT('',(5.470879727943,-24.20720162457,12.5));
#3104 = VECTOR('',#3105,1.);
#3105 = DIRECTION('',(-0.772956300772,0.634459263544,0.));
#3106 = ORIENTED_EDGE('',*,*,#3107,.T.);
#3107 = EDGE_CURVE('',#3100,#3108,#3110,.T.);
#3108 = VERTEX_POINT('',#3109);
#3109 = CARTESIAN_POINT('',(-11.3259,-10.2223,12.5));
#3110 = LINE('',#3111,#3112);
#3111 = CARTESIAN_POINT('',(-2.02459024399,-21.55400621732,12.5));
#3112 = VECTOR('',#3113,1.);
#3113 = DIRECTION('',(-0.634459263544,0.772956300772,0.));
#3114 = ORIENTED_EDGE('',*,*,#3115,.T.);
#3115 = EDGE_CURVE('',#3108,#3116,#3118,.T.);
#3116 = VERTEX_POINT('',#3117);
#3117 = CARTESIAN_POINT('',(-11.6955,-9.53073,12.5));
#3118 = LINE('',#3119,#3120);
#3119 = CARTESIAN_POINT('',(-8.081934851345,-16.29218359809,12.5));
#3120 = VECTOR('',#3121,1.);
#3121 = DIRECTION('',(-0.471345289976,0.881948761333,0.));
#3122 = ORIENTED_EDGE('',*,*,#3123,.T.);
#3123 = EDGE_CURVE('',#3116,#3124,#3126,.T.);
#3124 = VERTEX_POINT('',#3125);
#3125 = CARTESIAN_POINT('',(-11.9231,-8.78036,12.5));
#3126 = LINE('',#3127,#3128);
#3127 = CARTESIAN_POINT('',(-11.80928015298,-9.155610433241,12.5));
#3128 = VECTOR('',#3129,1.);
#3129 = DIRECTION('',(-0.290258691604,0.956948218008,0.));
#3130 = ORIENTED_EDGE('',*,*,#3131,.T.);
#3131 = EDGE_CURVE('',#3124,#3132,#3134,.T.);
#3132 = VERTEX_POINT('',#3133);
#3133 = CARTESIAN_POINT('',(-12.,-8.,12.5));
#3134 = LINE('',#3135,#3136);
#3135 = CARTESIAN_POINT('',(-12.67549001475,-1.145313551224,12.5));
#3136 = VECTOR('',#3137,1.);
#3137 = DIRECTION('',(-9.806923828219E-02,0.995179594095,0.));
#3138 = ORIENTED_EDGE('',*,*,#3139,.T.);
#3139 = EDGE_CURVE('',#3132,#3140,#3142,.T.);
#3140 = VERTEX_POINT('',#3141);
#3141 = CARTESIAN_POINT('',(-12.,46.1,12.5));
#3142 = LINE('',#3143,#3144);
#3143 = CARTESIAN_POINT('',(-12.,29.692595678597,12.5));
#3144 = VECTOR('',#3145,1.);
#3145 = DIRECTION('',(0.,1.,0.));
#3146 = ORIENTED_EDGE('',*,*,#3147,.T.);
#3147 = EDGE_CURVE('',#3140,#3148,#3150,.T.);
#3148 = VERTEX_POINT('',#3149);
#3149 = CARTESIAN_POINT('',(-11.9231,46.8804,12.5));
#3150 = LINE('',#3151,#3152);
#3151 = CARTESIAN_POINT('',(-13.19962156351,33.925947097975,12.5));
#3152 = VECTOR('',#3153,1.);
#3153 = DIRECTION('',(9.80642600084E-02,0.995180084663,0.));
#3154 = ORIENTED_EDGE('',*,*,#3155,.T.);
#3155 = EDGE_CURVE('',#3148,#3156,#3158,.T.);
#3156 = VERTEX_POINT('',#3157);
#3157 = CARTESIAN_POINT('',(-11.6955,47.6307,12.5));
#3158 = LINE('',#3159,#3160);
#3159 = CARTESIAN_POINT('',(-13.29655242502,42.352713908181,12.5));
#3160 = VECTOR('',#3161,1.);
#3161 = DIRECTION('',(0.290283489799,0.956940695942,0.));
#3162 = ORIENTED_EDGE('',*,*,#3163,.T.);
#3163 = EDGE_CURVE('',#3156,#3164,#3166,.T.);
#3164 = VERTEX_POINT('',#3165);
#3165 = CARTESIAN_POINT('',(-11.3259,48.3223,12.5));
#3166 = LINE('',#3167,#3168);
#3167 = CARTESIAN_POINT('',(-10.29396516148,50.253268978132,12.5));
#3168 = VECTOR('',#3169,1.);
#3169 = DIRECTION('',(0.471329386267,0.881957260666,0.));
#3170 = ORIENTED_EDGE('',*,*,#3171,.T.);
#3171 = EDGE_CURVE('',#3164,#3172,#3174,.T.);
#3172 = VERTEX_POINT('',#3173);
#3173 = CARTESIAN_POINT('',(-10.8284,48.9284,12.5));
#3174 = LINE('',#3175,#3176);
#3175 = CARTESIAN_POINT('',(-4.602955930628,56.51280532753,12.5));
#3176 = VECTOR('',#3177,1.);
#3177 = DIRECTION('',(0.634459263544,0.772956300772,0.));
#3178 = ORIENTED_EDGE('',*,*,#3179,.T.);
#3179 = EDGE_CURVE('',#3172,#3180,#3182,.T.);
#3180 = VERTEX_POINT('',#3181);
#3181 = CARTESIAN_POINT('',(-10.2223,49.4259,12.5));
#3182 = LINE('',#3183,#3184);
#3183 = CARTESIAN_POINT('',(2.946814041305,60.235393871555,12.5));
#3184 = VECTOR('',#3185,1.);
#3185 = DIRECTION('',(0.772956300772,0.634459263544,0.));
#3186 = ORIENTED_EDGE('',*,*,#3187,.T.);
#3187 = EDGE_CURVE('',#3180,#3188,#3190,.T.);
#3188 = VERTEX_POINT('',#3189);
#3189 = CARTESIAN_POINT('',(-9.53073,49.7955,12.5));
#3190 = LINE('',#3191,#3192);
#3191 = CARTESIAN_POINT('',(11.293680061126,60.924817290501,12.5));
#3192 = VECTOR('',#3193,1.);
#3193 = DIRECTION('',(0.881948761333,0.471345289976,0.));
#3194 = ORIENTED_EDGE('',*,*,#3195,.T.);
#3195 = EDGE_CURVE('',#3188,#3196,#3198,.T.);
#3196 = VERTEX_POINT('',#3197);
#3197 = CARTESIAN_POINT('',(-8.78036,50.0231,12.5));
#3198 = LINE('',#3199,#3200);
#3199 = CARTESIAN_POINT('',(19.224857696359,58.517559463587,12.5));
#3200 = VECTOR('',#3201,1.);
#3201 = DIRECTION('',(0.956948218008,0.290258691604,0.));
#3202 = ORIENTED_EDGE('',*,*,#3203,.T.);
#3203 = EDGE_CURVE('',#3196,#3204,#3206,.T.);
#3204 = VERTEX_POINT('',#3205);
#3205 = CARTESIAN_POINT('',(-8.,50.1,12.5));
#3206 = LINE('',#3207,#3208);
#3207 = CARTESIAN_POINT('',(25.622715291253,53.413325652132,12.5));
#3208 = VECTOR('',#3209,1.);
#3209 = DIRECTION('',(0.995179594095,9.80692382822E-02,0.));
#3210 = ORIENTED_EDGE('',*,*,#3211,.T.);
#3211 = EDGE_CURVE('',#3204,#3212,#3214,.T.);
#3212 = VERTEX_POINT('',#3213);
#3213 = CARTESIAN_POINT('',(-1.14651,50.1,12.5));
#3214 = LINE('',#3215,#3216);
#3215 = CARTESIAN_POINT('',(31.189913588404,50.1,12.5));
#3216 = VECTOR('',#3217,1.);
#3217 = DIRECTION('',(1.,0.,0.));
#3218 = ORIENTED_EDGE('',*,*,#3219,.T.);
#3219 = EDGE_CURVE('',#3212,#3220,#3222,.T.);
#3220 = VERTEX_POINT('',#3221);
#3221 = CARTESIAN_POINT('',(0.606947,50.2727,12.5));
#3222 = LINE('',#3223,#3224);
#3223 = CARTESIAN_POINT('',(29.96042727771,53.163758089226,12.5));
#3224 = VECTOR('',#3225,1.);
#3225 = DIRECTION('',(0.995184751068,9.801689263519E-02,0.));
#3226 = ORIENTED_EDGE('',*,*,#3227,.T.);
#3227 = EDGE_CURVE('',#3220,#3228,#3230,.T.);
#3228 = VERTEX_POINT('',#3229);
#3229 = CARTESIAN_POINT('',(2.10406,50.7268,12.5));
#3230 = LINE('',#3231,#3232);
#3231 = CARTESIAN_POINT('',(25.027841116226,57.679975214482,12.5));
#3232 = VECTOR('',#3233,1.);
#3233 = DIRECTION('',(0.956948194773,0.290258768207,0.));
#3234 = ORIENTED_EDGE('',*,*,#3235,.T.);
#3235 = EDGE_CURVE('',#3228,#3236,#3238,.T.);
#3236 = VERTEX_POINT('',#3237);
#3237 = CARTESIAN_POINT('',(3.48381,51.4643,12.5));
#3238 = LINE('',#3239,#3240);
#3239 = CARTESIAN_POINT('',(18.897544217862,59.703204863688,12.5));
#3240 = VECTOR('',#3241,1.);
#3241 = DIRECTION('',(0.881919069342,0.47140084337,0.));
#3242 = ORIENTED_EDGE('',*,*,#3243,.T.);
#3243 = EDGE_CURVE('',#3236,#3244,#3246,.T.);
#3244 = VERTEX_POINT('',#3245);
#3245 = CARTESIAN_POINT('',(4.69317,52.4568,12.5));
#3246 = LINE('',#3247,#3248);
#3247 = CARTESIAN_POINT('',(12.666109965786,59.000048425649,12.5));
#3248 = VECTOR('',#3249,1.);
#3249 = DIRECTION('',(0.773009231669,0.634394772799,0.));
#3250 = ORIENTED_EDGE('',*,*,#3251,.T.);
#3251 = EDGE_CURVE('',#3244,#3252,#3254,.T.);
#3252 = VERTEX_POINT('',#3253);
#3253 = CARTESIAN_POINT('',(5.68566,53.6662,12.5));
#3254 = LINE('',#3255,#3256);
#3255 = CARTESIAN_POINT('',(7.42304567532,55.783293608733,12.5));
#3256 = VECTOR('',#3257,1.);
#3257 = DIRECTION('',(0.634378415338,0.773022655653,0.));
#3258 = ORIENTED_EDGE('',*,*,#3259,.T.);
#3259 = EDGE_CURVE('',#3252,#3260,#3262,.T.);
#3260 = VERTEX_POINT('',#3261);
#3261 = CARTESIAN_POINT('',(6.42316,55.0459,12.5));
#3262 = LINE('',#3263,#3264);
#3263 = CARTESIAN_POINT('',(4.087297304867,50.676015579016,12.5));
#3264 = VECTOR('',#3265,1.);
#3265 = DIRECTION('',(0.4714141304,0.881911967069,0.));
#3266 = ORIENTED_EDGE('',*,*,#3267,.T.);
#3267 = EDGE_CURVE('',#3260,#3268,#3270,.T.);
#3268 = VERTEX_POINT('',#3269);
#3269 = CARTESIAN_POINT('',(6.88227,56.5594,12.5));
#3270 = LINE('',#3271,#3272);
#3271 = CARTESIAN_POINT('',(3.258373210722,44.612877836309,12.5));
#3272 = VECTOR('',#3273,1.);
#3273 = DIRECTION('',(0.290281663229,0.956941250022,0.));
#3274 = ORIENTED_EDGE('',*,*,#3275,.T.);
#3275 = EDGE_CURVE('',#3268,#3276,#3278,.T.);
#3276 = VERTEX_POINT('',#3277);
#3277 = CARTESIAN_POINT('',(6.92988,56.8804,12.5));
#3278 = LINE('',#3279,#3280);
#3279 = CARTESIAN_POINT('',(4.375606407066,39.658769600259,12.5));
#3280 = VECTOR('',#3281,1.);
#3281 = DIRECTION('',(0.146712829426,0.989179127197,0.));
#3282 = ORIENTED_EDGE('',*,*,#3283,.T.);
#3283 = EDGE_CURVE('',#3276,#3284,#3286,.T.);
#3284 = VERTEX_POINT('',#3285);
#3285 = CARTESIAN_POINT('',(7.1575,57.6307,12.5));
#3286 = LINE('',#3287,#3288);
#3287 = CARTESIAN_POINT('',(3.373140020154,45.156377476151,12.5));
#3288 = VECTOR('',#3289,1.);
#3289 = DIRECTION('',(0.290306848318,0.956933609933,0.));
#3290 = ORIENTED_EDGE('',*,*,#3291,.T.);
#3291 = EDGE_CURVE('',#3284,#3292,#3294,.T.);
#3292 = VERTEX_POINT('',#3293);
#3293 = CARTESIAN_POINT('',(7.52714,58.3223,12.5));
#3294 = LINE('',#3295,#3296);
#3295 = CARTESIAN_POINT('',(4.386982797058,52.447035630466,12.5));
#3296 = VECTOR('',#3297,1.);
#3297 = DIRECTION('',(0.47136906264,0.881936055951,0.));
#3298 = ORIENTED_EDGE('',*,*,#3299,.T.);
#3299 = EDGE_CURVE('',#3292,#3300,#3302,.T.);
#3300 = VERTEX_POINT('',#3301);
#3301 = CARTESIAN_POINT('',(8.02459,58.9284,12.5));
#3302 = LINE('',#3303,#3304);
#3303 = CARTESIAN_POINT('',(8.002337689828,58.901287475736,12.5));
#3304 = VECTOR('',#3305,1.);
#3305 = DIRECTION('',(0.634421164253,0.772987571924,0.));
#3306 = ORIENTED_EDGE('',*,*,#3307,.T.);
#3307 = EDGE_CURVE('',#3300,#3308,#3310,.T.);
#3308 = VERTEX_POINT('',#3309);
#3309 = CARTESIAN_POINT('',(8.63074,59.4259,12.5));
#3310 = LINE('',#3311,#3312);
#3311 = CARTESIAN_POINT('',(13.717096400514,63.600547049832,12.5));
#3312 = VECTOR('',#3313,1.);
#3313 = DIRECTION('',(0.772981966645,0.634427993741,0.));
#3314 = ORIENTED_EDGE('',*,*,#3315,.T.);
#3315 = EDGE_CURVE('',#3308,#3316,#3318,.T.);
#3316 = VERTEX_POINT('',#3317);
#3317 = CARTESIAN_POINT('',(9.32228,59.7955,12.5));
#3318 = LINE('',#3319,#3320);
#3319 = CARTESIAN_POINT('',(20.735286224625,65.895287576454,12.5));
#3320 = VECTOR('',#3321,1.);
#3321 = DIRECTION('',(0.88194026114,0.471361194605,0.));
#3322 = ORIENTED_EDGE('',*,*,#3323,.T.);
#3323 = EDGE_CURVE('',#3316,#3324,#3326,.T.);
#3324 = VERTEX_POINT('',#3325);
#3325 = CARTESIAN_POINT('',(10.0727,60.0231,12.5));
#3326 = LINE('',#3327,#3328);
#3327 = CARTESIAN_POINT('',(28.057395579967,65.477800986115,12.5));
#3328 = VECTOR('',#3329,1.);
#3329 = DIRECTION('',(0.956953589732,0.290240981081,0.));
#3330 = ORIENTED_EDGE('',*,*,#3331,.T.);
#3331 = EDGE_CURVE('',#3324,#3332,#3334,.T.);
#3332 = VERTEX_POINT('',#3333);
#3333 = CARTESIAN_POINT('',(10.853,60.1,12.5));
#3334 = LINE('',#3335,#3336);
#3335 = CARTESIAN_POINT('',(34.651681980222,62.44540387579,12.5));
#3336 = VECTOR('',#3337,1.);
#3337 = DIRECTION('',(0.995178858103,9.807670663608E-02,0.));
#3338 = ORIENTED_EDGE('',*,*,#3339,.T.);
#3339 = EDGE_CURVE('',#3332,#3340,#3342,.T.);
#3340 = VERTEX_POINT('',#3341);
#3341 = CARTESIAN_POINT('',(18.1674,60.1,12.5));
#3342 = LINE('',#3343,#3344);
#3343 = CARTESIAN_POINT('',(40.846868588404,60.1,12.5));
#3344 = VECTOR('',#3345,1.);
#3345 = DIRECTION('',(1.,0.,0.));
#3346 = ORIENTED_EDGE('',*,*,#3347,.T.);
#3347 = EDGE_CURVE('',#3340,#3348,#3350,.T.);
#3348 = VERTEX_POINT('',#3349);
#3349 = CARTESIAN_POINT('',(18.9509,60.1385,12.5));
#3350 = LINE('',#3351,#3352);
#3351 = CARTESIAN_POINT('',(40.036555156969,61.174617068977,12.5));
#3352 = VECTOR('',#3353,1.);
#3353 = DIRECTION('',(0.998794886786,4.907926374126E-02,0.));
#3354 = ORIENTED_EDGE('',*,*,#3355,.T.);
#3355 = EDGE_CURVE('',#3348,#3356,#3358,.T.);
#3356 = VERTEX_POINT('',#3357);
#3357 = CARTESIAN_POINT('',(20.5823,60.463,12.5));
#3358 = LINE('',#3359,#3360);
#3359 = CARTESIAN_POINT('',(36.723646839367,63.673657747563,12.5));
#3360 = VECTOR('',#3361,1.);
#3361 = DIRECTION('',(0.980785928742,0.19508706257,0.));
#3362 = ORIENTED_EDGE('',*,*,#3363,.T.);
#3363 = EDGE_CURVE('',#3356,#3364,#3366,.T.);
#3364 = VERTEX_POINT('',#3365);
#3365 = CARTESIAN_POINT('',(22.0277,61.0617,12.5));
#3366 = LINE('',#3367,#3368);
#3367 = CARTESIAN_POINT('',(31.292657755919,64.899343703106,12.5));
#3368 = VECTOR('',#3369,1.);
#3369 = DIRECTION('',(0.923880500421,0.382681095615,0.));
#3370 = ORIENTED_EDGE('',*,*,#3371,.T.);
#3371 = EDGE_CURVE('',#3364,#3372,#3374,.T.);
#3372 = VERTEX_POINT('',#3373);
#3373 = CARTESIAN_POINT('',(23.3285,61.9309,12.5));
#3374 = LINE('',#3375,#3376);
#3375 = CARTESIAN_POINT('',(25.98753494208,63.707678268493,12.5));
#3376 = VECTOR('',#3377,1.);
#3377 = DIRECTION('',(0.831459801075,0.555584916278,0.));
#3378 = ORIENTED_EDGE('',*,*,#3379,.T.);
#3379 = EDGE_CURVE('',#3372,#3380,#3382,.T.);
#3380 = VERTEX_POINT('',#3381);
#3381 = CARTESIAN_POINT('',(24.4348,63.0371,12.5));
#3382 = LINE('',#3383,#3384);
#3383 = CARTESIAN_POINT('',(21.770590608885,60.373131430488,12.5));
#3384 = VECTOR('',#3385,1.);
#3385 = DIRECTION('',(0.707138740093,0.707074820836,0.));
#3386 = ORIENTED_EDGE('',*,*,#3387,.T.);
#3387 = EDGE_CURVE('',#3380,#3388,#3390,.T.);
#3388 = VERTEX_POINT('',#3389);
#3389 = CARTESIAN_POINT('',(25.4887,64.6144,12.5));
#3390 = LINE('',#3391,#3392);
#3391 = CARTESIAN_POINT('',(19.503452882333,55.656690275457,12.5));
#3392 = VECTOR('',#3393,1.);
#3393 = DIRECTION('',(0.555563612717,0.831474035809,0.));
#3394 = ORIENTED_EDGE('',*,*,#3395,.T.);
#3395 = EDGE_CURVE('',#3388,#3396,#3398,.T.);
#3396 = VERTEX_POINT('',#3397);
#3397 = CARTESIAN_POINT('',(25.5463,64.7223,12.5));
#3398 = LINE('',#3399,#3400);
#3399 = CARTESIAN_POINT('',(19.073277315242,52.596620352684,12.5));
#3400 = VECTOR('',#3401,1.);
#3401 = DIRECTION('',(0.470927681203,0.882171819476,0.));
#3402 = ORIENTED_EDGE('',*,*,#3403,.T.);
#3403 = EDGE_CURVE('',#3396,#3404,#3406,.T.);
#3404 = VERTEX_POINT('',#3405);
#3405 = CARTESIAN_POINT('',(26.0438,65.3284,12.5));
#3406 = LINE('',#3407,#3408);
#3407 = CARTESIAN_POINT('',(20.826646837094,58.972386870276,12.5));
#3408 = VECTOR('',#3409,1.);
#3409 = DIRECTION('',(0.634459263544,0.772956300772,0.));
#3410 = ORIENTED_EDGE('',*,*,#3411,.T.);
#3411 = EDGE_CURVE('',#3404,#3412,#3414,.T.);
#3412 = VERTEX_POINT('',#3413);
#3413 = CARTESIAN_POINT('',(26.6499,65.8259,12.5));
#3414 = LINE('',#3415,#3416);
#3415 = CARTESIAN_POINT('',(24.782798994015,64.293343077912,12.5));
#3416 = VECTOR('',#3417,1.);
#3417 = DIRECTION('',(0.772956300772,0.634459263544,0.));
#3418 = ORIENTED_EDGE('',*,*,#3419,.T.);
#3419 = EDGE_CURVE('',#3412,#3420,#3422,.T.);
#3420 = VERTEX_POINT('',#3421);
#3421 = CARTESIAN_POINT('',(27.3415,66.1955,12.5));
#3422 = LINE('',#3423,#3424);
#3423 = CARTESIAN_POINT('',(30.417456729501,67.839331126697,12.5));
#3424 = VECTOR('',#3425,1.);
#3425 = DIRECTION('',(0.881957260666,0.471329386267,0.));
#3426 = ORIENTED_EDGE('',*,*,#3427,.T.);
#3427 = EDGE_CURVE('',#3420,#3428,#3430,.T.);
#3428 = VERTEX_POINT('',#3429);
#3429 = CARTESIAN_POINT('',(28.0918,66.4231,12.5));
#3430 = LINE('',#3431,#3432);
#3431 = CARTESIAN_POINT('',(36.935699071685,69.105855469433,12.5));
#3432 = VECTOR('',#3433,1.);
#3433 = DIRECTION('',(0.956940695942,0.290283489799,0.));
#3434 = ORIENTED_EDGE('',*,*,#3435,.T.);
#3435 = EDGE_CURVE('',#3428,#3436,#3438,.T.);
#3436 = VERTEX_POINT('',#3437);
#3437 = CARTESIAN_POINT('',(28.8722,66.5,12.5));
#3438 = LINE('',#3439,#3440);
#3439 = CARTESIAN_POINT('',(43.435981994643,67.935103581994,12.5));
#3440 = VECTOR('',#3441,1.);
#3441 = DIRECTION('',(0.995180084663,9.806426000839E-02,0.));
#3442 = ORIENTED_EDGE('',*,*,#3443,.T.);
#3443 = EDGE_CURVE('',#3436,#3444,#3446,.T.);
#3444 = VERTEX_POINT('',#3445);
#3445 = CARTESIAN_POINT('',(47.3865,66.5,12.5));
#3446 = LINE('',#3447,#3448);
#3447 = CARTESIAN_POINT('',(55.456418588404,66.5,12.5));
#3448 = VECTOR('',#3449,1.);
#3449 = DIRECTION('',(1.,0.,0.));
#3450 = ORIENTED_EDGE('',*,*,#3451,.T.);
#3451 = EDGE_CURVE('',#3444,#3452,#3454,.T.);
#3452 = VERTEX_POINT('',#3453);
#3453 = CARTESIAN_POINT('',(47.7786,66.4807,12.5));
#3454 = LINE('',#3455,#3456);
#3455 = CARTESIAN_POINT('',(56.939471768819,66.029782312833,12.5));
#3456 = VECTOR('',#3457,1.);
#3457 = DIRECTION('',(0.998790787438,-4.916261718327E-02,0.));
#3458 = ORIENTED_EDGE('',*,*,#3459,.T.);
#3459 = EDGE_CURVE('',#3452,#3460,#3462,.T.);
#3460 = VERTEX_POINT('',#3461);
#3461 = CARTESIAN_POINT('',(48.5476,66.3278,12.5));
#3462 = LINE('',#3463,#3464);
#3463 = CARTESIAN_POINT('',(60.824831602978,63.886722350981,12.5));
#3464 = VECTOR('',#3465,1.);
#3465 = DIRECTION('',(0.98080080092,-0.195012278883,0.));
#3466 = ORIENTED_EDGE('',*,*,#3467,.T.);
#3467 = EDGE_CURVE('',#3460,#3468,#3470,.T.);
#3468 = VERTEX_POINT('',#3469);
#3469 = CARTESIAN_POINT('',(49.2721,66.0277,12.5));
#3470 = LINE('',#3471,#3472);
#3471 = CARTESIAN_POINT('',(64.679159072346,59.645838816272,12.5));
#3472 = VECTOR('',#3473,1.);
#3473 = DIRECTION('',(0.923878507249,-0.382685907558,0.));
#3474 = ORIENTED_EDGE('',*,*,#3475,.T.);
#3475 = EDGE_CURVE('',#3468,#3476,#3478,.T.);
#3476 = VERTEX_POINT('',#3477);
#3477 = CARTESIAN_POINT('',(49.9241,65.592,12.5));
#3478 = LINE('',#3479,#3480);
#3479 = CARTESIAN_POINT('',(66.707482129445,54.376479150615,12.5));
#3480 = VECTOR('',#3481,1.);
#3481 = DIRECTION('',(0.831441613715,-0.555612133582,0.));
#3482 = ORIENTED_EDGE('',*,*,#3483,.T.);
#3483 = EDGE_CURVE('',#3476,#3484,#3486,.T.);
#3484 = VERTEX_POINT('',#3485);
#3485 = CARTESIAN_POINT('',(50.4785,65.0376,12.5));
#3486 = LINE('',#3487,#3488);
#3487 = CARTESIAN_POINT('',(66.678561454904,48.837538545096,12.5));
#3488 = VECTOR('',#3489,1.);
#3489 = DIRECTION('',(0.707106781187,-0.707106781187,0.));
#3490 = ORIENTED_EDGE('',*,*,#3491,.T.);
#3491 = EDGE_CURVE('',#3484,#3492,#3494,.T.);
#3492 = VERTEX_POINT('',#3493);
#3493 = CARTESIAN_POINT('',(50.9142,64.3856,12.5));
#3494 = LINE('',#3495,#3496);
#3495 = CARTESIAN_POINT('',(64.66406200209,43.809722044153,12.5));
#3496 = VECTOR('',#3497,1.);
#3497 = DIRECTION('',(0.555612133582,-0.831441613715,0.));
#3498 = ORIENTED_EDGE('',*,*,#3499,.T.);
#3499 = EDGE_CURVE('',#3492,#3500,#3502,.T.);
#3500 = VERTEX_POINT('',#3501);
#3501 = CARTESIAN_POINT('',(51.2987,63.6662,12.5));
#3502 = LINE('',#3503,#3504);
#3503 = CARTESIAN_POINT('',(63.129287545833,41.531155317367,12.5));
#3504 = VECTOR('',#3505,1.);
#3505 = DIRECTION('',(0.471370695079,-0.881935183458,0.));
#3506 = ORIENTED_EDGE('',*,*,#3507,.T.);
#3507 = EDGE_CURVE('',#3500,#3508,#3510,.T.);
#3508 = VERTEX_POINT('',#3509);
#3509 = CARTESIAN_POINT('',(52.2912,62.4568,12.5));
#3510 = LINE('',#3511,#3512);
#3511 = CARTESIAN_POINT('',(66.608567836317,45.010528301016,12.5));
#3512 = VECTOR('',#3513,1.);
#3513 = DIRECTION('',(0.634382234816,-0.773019521196,0.));
#3514 = ORIENTED_EDGE('',*,*,#3515,.T.);
#3515 = EDGE_CURVE('',#3508,#3516,#3518,.T.);
#3516 = VERTEX_POINT('',#3517);
#3517 = CARTESIAN_POINT('',(53.5006,61.4643,12.5));
#3518 = LINE('',#3519,#3520);
#3519 = CARTESIAN_POINT('',(68.309358608155,49.311420126845,12.5));
#3520 = VECTOR('',#3521,1.);
#3521 = DIRECTION('',(0.773019521196,-0.634382234816,0.));
#3522 = ORIENTED_EDGE('',*,*,#3523,.T.);
#3523 = EDGE_CURVE('',#3516,#3524,#3526,.T.);
#3524 = VERTEX_POINT('',#3525);
#3525 = CARTESIAN_POINT('',(54.8803,60.7268,12.5));
#3526 = LINE('',#3527,#3528);
#3527 = CARTESIAN_POINT('',(68.104432516568,53.6580185758,12.5));
#3528 = VECTOR('',#3529,1.);
#3529 = DIRECTION('',(0.881911967069,-0.4714141304,0.));
#3530 = ORIENTED_EDGE('',*,*,#3531,.T.);
#3531 = EDGE_CURVE('',#3524,#3532,#3534,.T.);
#3532 = VERTEX_POINT('',#3533);
#3533 = CARTESIAN_POINT('',(56.3774,60.2727,12.5));
#3534 = LINE('',#3535,#3536);
#3535 = CARTESIAN_POINT('',(66.176447776449,57.300455263319,12.5));
#3536 = VECTOR('',#3537,1.);
#3537 = DIRECTION('',(0.956947494684,-0.290261076305,0.));
#3538 = ORIENTED_EDGE('',*,*,#3539,.T.);
#3539 = EDGE_CURVE('',#3532,#3540,#3542,.T.);
#3540 = VERTEX_POINT('',#3541);
#3541 = CARTESIAN_POINT('',(58.1309,60.1,12.5));
#3542 = LINE('',#3543,#3544);
#3543 = CARTESIAN_POINT('',(63.085920419017,59.611986298053,12.5));
#3544 = VECTOR('',#3545,1.);
#3545 = DIRECTION('',(0.995184985525,-9.80145121187E-02,0.));
#3546 = ORIENTED_EDGE('',*,*,#3547,.T.);
#3547 = EDGE_CURVE('',#3540,#3548,#3550,.T.);
#3548 = VERTEX_POINT('',#3549);
#3549 = CARTESIAN_POINT('',(67.6867,60.1,12.5));
#3550 = LINE('',#3551,#3552);
#3551 = CARTESIAN_POINT('',(65.606518588404,60.1,12.5));
#3552 = VECTOR('',#3553,1.);
#3553 = DIRECTION('',(1.,0.,0.));
#3554 = ORIENTED_EDGE('',*,*,#3555,.T.);
#3555 = EDGE_CURVE('',#3548,#3556,#3558,.T.);
#3556 = VERTEX_POINT('',#3557);
#3557 = CARTESIAN_POINT('',(68.0788,60.0807,12.5));
#3558 = LINE('',#3559,#3560);
#3559 = CARTESIAN_POINT('',(66.956974043025,60.13591867118,12.5));
#3560 = VECTOR('',#3561,1.);
#3561 = DIRECTION('',(0.998790787438,-4.916261718327E-02,0.));
#3562 = ORIENTED_EDGE('',*,*,#3563,.T.);
#3563 = EDGE_CURVE('',#3556,#3564,#3566,.T.);
#3564 = VERTEX_POINT('',#3565);
#3565 = CARTESIAN_POINT('',(68.8479,59.9278,12.5));
#3566 = LINE('',#3567,#3568);
#3567 = CARTESIAN_POINT('',(70.748370240756,59.549979300726,12.5));
#3568 = VECTOR('',#3569,1.);
#3569 = DIRECTION('',(0.980805650419,-0.194987887075,0.));
#3570 = ORIENTED_EDGE('',*,*,#3571,.T.);
#3571 = EDGE_CURVE('',#3564,#3572,#3574,.T.);
#3572 = VERTEX_POINT('',#3573);
#3573 = CARTESIAN_POINT('',(69.5723,59.6277,12.5));
#3574 = LINE('',#3575,#3576);
#3575 = CARTESIAN_POINT('',(75.18525306569,57.302400144929,12.5));
#3576 = VECTOR('',#3577,1.);
#3577 = DIRECTION('',(0.923859828914,-0.382730997594,0.));
#3578 = ORIENTED_EDGE('',*,*,#3579,.T.);
#3579 = EDGE_CURVE('',#3572,#3580,#3582,.T.);
#3580 = VERTEX_POINT('',#3581);
#3581 = CARTESIAN_POINT('',(70.2243,59.192,12.5));
#3582 = LINE('',#3583,#3584);
#3583 = CARTESIAN_POINT('',(78.512698199588,53.653265190858,12.5));
#3584 = VECTOR('',#3585,1.);
#3585 = DIRECTION('',(0.831441613715,-0.555612133582,0.));
#3586 = ORIENTED_EDGE('',*,*,#3587,.T.);
#3587 = EDGE_CURVE('',#3580,#3588,#3590,.T.);
#3588 = VERTEX_POINT('',#3589);
#3589 = CARTESIAN_POINT('',(70.5018,58.9643,12.5));
#3590 = LINE('',#3591,#3592);
#3591 = CARTESIAN_POINT('',(79.61742144124,51.484563055242,12.5));
#3592 = VECTOR('',#3593,1.);
#3593 = DIRECTION('',(0.773062862009,-0.634329418664,0.));
#3594 = ORIENTED_EDGE('',*,*,#3595,.T.);
#3595 = EDGE_CURVE('',#3588,#3596,#3598,.T.);
#3596 = VERTEX_POINT('',#3597);
#3597 = CARTESIAN_POINT('',(71.8815,58.2268,12.5));
#3598 = LINE('',#3599,#3600);
#3599 = CARTESIAN_POINT('',(77.974449551429,54.969896112069,12.5));
#3600 = VECTOR('',#3601,1.);
#3601 = DIRECTION('',(0.881911967069,-0.4714141304,0.));
#3602 = ORIENTED_EDGE('',*,*,#3603,.T.);
#3603 = EDGE_CURVE('',#3596,#3604,#3606,.T.);
#3604 = VERTEX_POINT('',#3605);
#3605 = CARTESIAN_POINT('',(73.3786,57.7727,12.5));
#3606 = LINE('',#3607,#3608);
#3607 = CARTESIAN_POINT('',(75.046030250677,57.266935470688,12.5));
#3608 = VECTOR('',#3609,1.);
#3609 = DIRECTION('',(0.956947494684,-0.290261076305,0.));
#3610 = ORIENTED_EDGE('',*,*,#3611,.T.);
#3611 = EDGE_CURVE('',#3604,#3612,#3614,.T.);
#3612 = VERTEX_POINT('',#3613);
#3613 = CARTESIAN_POINT('',(75.1321,57.6,12.5));
#3614 = LINE('',#3615,#3616);
#3615 = CARTESIAN_POINT('',(71.546256148574,57.953165231332,12.5));
#3616 = VECTOR('',#3617,1.);
#3617 = DIRECTION('',(0.995184985525,-9.80145121187E-02,0.));
#3618 = ORIENTED_EDGE('',*,*,#3619,.T.);
#3619 = EDGE_CURVE('',#3612,#3620,#3622,.T.);
#3620 = VERTEX_POINT('',#3621);
#3621 = CARTESIAN_POINT('',(79.8776,57.6,12.5));
#3622 = LINE('',#3623,#3624);
#3623 = CARTESIAN_POINT('',(71.701968588404,57.6,12.5));
#3624 = VECTOR('',#3625,1.);
#3625 = DIRECTION('',(1.,0.,0.));
#3626 = ORIENTED_EDGE('',*,*,#3627,.T.);
#3627 = EDGE_CURVE('',#3620,#3628,#3630,.T.);
#3628 = VERTEX_POINT('',#3629);
#3629 = CARTESIAN_POINT('',(80.661,57.6385,12.5));
#3630 = LINE('',#3631,#3632);
#3631 = CARTESIAN_POINT('',(71.027070307865,57.165042898714,12.5));
#3632 = VECTOR('',#3633,1.);
#3633 = DIRECTION('',(0.998794579661,4.908551355237E-02,0.));
#3634 = ORIENTED_EDGE('',*,*,#3635,.T.);
#3635 = EDGE_CURVE('',#3628,#3636,#3638,.T.);
#3636 = VERTEX_POINT('',#3637);
#3637 = CARTESIAN_POINT('',(82.2925,57.963,12.5));
#3638 = LINE('',#3639,#3640);
#3639 = CARTESIAN_POINT('',(68.992433160375,55.317660319057,12.5));
#3640 = VECTOR('',#3641,1.);
#3641 = DIRECTION('',(0.980788216617,0.195075560093,0.));
#3642 = ORIENTED_EDGE('',*,*,#3643,.T.);
#3643 = EDGE_CURVE('',#3636,#3644,#3646,.T.);
#3644 = VERTEX_POINT('',#3645);
#3645 = CARTESIAN_POINT('',(83.7379,58.5617,12.5));
#3646 = LINE('',#3647,#3648);
#3647 = CARTESIAN_POINT('',(67.108266853193,51.673529690747,12.5));
#3648 = VECTOR('',#3649,1.);
#3649 = DIRECTION('',(0.923880500421,0.382681095615,0.));
#3650 = ORIENTED_EDGE('',*,*,#3651,.T.);
#3651 = EDGE_CURVE('',#3644,#3652,#3654,.T.);
#3652 = VERTEX_POINT('',#3653);
#3653 = CARTESIAN_POINT('',(85.0387,59.4309,12.5));
#3654 = LINE('',#3655,#3656);
#3655 = CARTESIAN_POINT('',(66.944253722689,47.34011532577,12.5));
#3656 = VECTOR('',#3657,1.);
#3657 = DIRECTION('',(0.831459801075,0.555584916278,0.));
#3658 = ORIENTED_EDGE('',*,*,#3659,.T.);
#3659 = EDGE_CURVE('',#3652,#3660,#3662,.T.);
#3660 = VERTEX_POINT('',#3661);
#3661 = CARTESIAN_POINT('',(85.4362,59.8284,12.5));
#3662 = LINE('',#3663,#3664);
#3663 = CARTESIAN_POINT('',(68.322932133501,42.7151321335,12.5));
#3664 = VECTOR('',#3665,1.);
#3665 = DIRECTION('',(0.707106781187,0.707106781187,0.));
#3666 = ORIENTED_EDGE('',*,*,#3667,.T.);
#3667 = EDGE_CURVE('',#3660,#3668,#3670,.T.);
#3668 = VERTEX_POINT('',#3669);
#3669 = CARTESIAN_POINT('',(86.0424,60.3259,12.5));
#3670 = LINE('',#3671,#3672);
#3671 = CARTESIAN_POINT('',(67.781037886339,45.339051350138,12.5));
#3672 = VECTOR('',#3673,1.);
#3673 = DIRECTION('',(0.773007628723,0.634396725981,0.));
#3674 = ORIENTED_EDGE('',*,*,#3675,.T.);
#3675 = EDGE_CURVE('',#3668,#3676,#3678,.T.);
#3676 = VERTEX_POINT('',#3677);
#3677 = CARTESIAN_POINT('',(86.7339,60.6955,12.5));
#3678 = LINE('',#3679,#3680);
#3679 = CARTESIAN_POINT('',(67.853651033862,50.60419122504,12.5));
#3680 = VECTOR('',#3681,1.);
#3681 = DIRECTION('',(0.881928926211,0.471382402209,0.));
#3682 = ORIENTED_EDGE('',*,*,#3683,.T.);
#3683 = EDGE_CURVE('',#3676,#3684,#3686,.T.);
#3684 = VERTEX_POINT('',#3685);
#3685 = CARTESIAN_POINT('',(87.4843,60.9231,12.5));
#3686 = LINE('',#3687,#3688);
#3687 = CARTESIAN_POINT('',(69.898681907001,55.589295791623,12.5));
#3688 = VECTOR('',#3689,1.);
#3689 = DIRECTION('',(0.95695144116,0.290248065043,0.));
#3690 = ORIENTED_EDGE('',*,*,#3691,.T.);
#3691 = EDGE_CURVE('',#3684,#3692,#3694,.T.);
#3692 = VERTEX_POINT('',#3693);
#3693 = CARTESIAN_POINT('',(88.2647,61.,12.5));
#3694 = LINE('',#3695,#3696);
#3695 = CARTESIAN_POINT('',(73.686185821487,59.563444720236,12.5));
#3696 = VECTOR('',#3697,1.);
#3697 = DIRECTION('',(0.995180084663,9.80642600084E-02,0.));
#3698 = ORIENTED_EDGE('',*,*,#3699,.T.);
#3699 = EDGE_CURVE('',#3692,#3700,#3702,.T.);
#3700 = VERTEX_POINT('',#3701);
#3701 = CARTESIAN_POINT('',(118.,61.,12.5));
#3702 = LINE('',#3703,#3704);
#3703 = CARTESIAN_POINT('',(90.763168588404,61.,12.5));
#3704 = VECTOR('',#3705,1.);
#3705 = DIRECTION('',(1.,0.,0.));
#3706 = ORIENTED_EDGE('',*,*,#3707,.T.);
#3707 = EDGE_CURVE('',#3700,#3708,#3710,.T.);
#3708 = VERTEX_POINT('',#3709);
#3709 = CARTESIAN_POINT('',(118.78,60.9231,12.5));
#3710 = LINE('',#3711,#3712);
#3711 = CARTESIAN_POINT('',(93.744813635321,63.391312604415,12.5));
#3712 = VECTOR('',#3713,1.);
#3713 = DIRECTION('',(0.995175175621,-9.811406539136E-02,0.));
#3714 = ORIENTED_EDGE('',*,*,#3715,.T.);
#3715 = EDGE_CURVE('',#3708,#3716,#3718,.T.);
#3716 = VERTEX_POINT('',#3717);
#3717 = CARTESIAN_POINT('',(119.531,60.6955,12.5));
#3718 = LINE('',#3719,#3720);
#3719 = CARTESIAN_POINT('',(100.46405430673,66.473977815962,12.5));
#3720 = VECTOR('',#3721,1.);
#3721 = DIRECTION('',(0.957015829939,-0.290035689606,0.));
#3722 = ORIENTED_EDGE('',*,*,#3723,.T.);
#3723 = EDGE_CURVE('',#3716,#3724,#3726,.T.);
#3724 = VERTEX_POINT('',#3725);
#3725 = CARTESIAN_POINT('',(120.222,60.3259,12.5));
#3726 = LINE('',#3727,#3728);
#3727 = CARTESIAN_POINT('',(107.962132123,66.883421226246,12.5));
#3728 = VECTOR('',#3729,1.);
#3729 = DIRECTION('',(0.881787110414,-0.471647635324,0.));
#3730 = ORIENTED_EDGE('',*,*,#3731,.T.);
#3731 = EDGE_CURVE('',#3724,#3732,#3734,.T.);
#3732 = VERTEX_POINT('',#3733);
#3733 = CARTESIAN_POINT('',(120.828,59.8284,12.5));
#3734 = LINE('',#3735,#3736);
#3735 = CARTESIAN_POINT('',(115.12548468495,64.509920411279,12.5));
#3736 = VECTOR('',#3737,1.);
#3737 = DIRECTION('',(0.77290495764,-0.634521809283,0.));
#3738 = ORIENTED_EDGE('',*,*,#3739,.T.);
#3739 = EDGE_CURVE('',#3732,#3740,#3742,.T.);
#3740 = VERTEX_POINT('',#3741);
#3741 = CARTESIAN_POINT('',(121.326,59.2223,12.5));
#3742 = LINE('',#3743,#3744);
#3743 = CARTESIAN_POINT('',(120.94492969521,59.686088577773,12.5));
#3744 = VECTOR('',#3745,1.);
#3745 = DIRECTION('',(0.63484000223,-0.772643625204,0.));
#3746 = ORIENTED_EDGE('',*,*,#3747,.T.);
#3747 = EDGE_CURVE('',#3740,#3748,#3750,.T.);
#3748 = VERTEX_POINT('',#3749);
#3749 = CARTESIAN_POINT('',(121.696,58.5307,12.5));
#3750 = LINE('',#3751,#3752);
#3751 = CARTESIAN_POINT('',(124.6336420791,53.039691184032,12.5));
#3752 = VECTOR('',#3753,1.);
#3753 = DIRECTION('',(0.471726021219,-0.881745179122,0.));
#3754 = ORIENTED_EDGE('',*,*,#3755,.T.);
#3755 = EDGE_CURVE('',#3748,#3756,#3758,.T.);
#3756 = VERTEX_POINT('',#3757);
#3757 = CARTESIAN_POINT('',(121.923,57.7804,12.5));
#3758 = LINE('',#3759,#3760);
#3759 = CARTESIAN_POINT('',(125.64096032679,45.491476505752,12.5));
#3760 = VECTOR('',#3761,1.);
#3761 = DIRECTION('',(0.289582493074,-0.957153059706,0.));
#3762 = ORIENTED_EDGE('',*,*,#3763,.T.);
#3763 = EDGE_CURVE('',#3756,#3764,#3766,.T.);
#3764 = VERTEX_POINT('',#3765);
#3765 = CARTESIAN_POINT('',(122.,57.,12.5));
#3766 = LINE('',#3767,#3768);
#3767 = CARTESIAN_POINT('',(123.85393589677,38.21023930077,12.5));
#3768 = VECTOR('',#3769,1.);
#3769 = DIRECTION('',(9.819055310694E-02,-0.995167631749,0.));
#3770 = ORIENTED_EDGE('',*,*,#3771,.T.);
#3771 = EDGE_CURVE('',#3764,#3772,#3774,.T.);
#3772 = VERTEX_POINT('',#3773);
#3773 = CARTESIAN_POINT('',(122.,23.9,12.5));
#3774 = LINE('',#3775,#3776);
#3775 = CARTESIAN_POINT('',(122.,18.592595678597,12.5));
#3776 = VECTOR('',#3777,1.);
#3777 = DIRECTION('',(0.,-1.,0.));
#3778 = ORIENTED_EDGE('',*,*,#3779,.T.);
#3779 = EDGE_CURVE('',#3772,#3780,#3782,.T.);
#3780 = VERTEX_POINT('',#3781);
#3781 = CARTESIAN_POINT('',(121.923,23.1196,12.5));
#3782 = LINE('',#3783,#3784);
#3783 = CARTESIAN_POINT('',(121.16099782023,15.396658427379,12.5));
#3784 = VECTOR('',#3785,1.);
#3785 = DIRECTION('',(-9.819055310694E-02,-0.995167631749,0.));
#3786 = ORIENTED_EDGE('',*,*,#3787,.T.);
#3787 = EDGE_CURVE('',#3780,#3788,#3790,.T.);
#3788 = VERTEX_POINT('',#3789);
#3789 = CARTESIAN_POINT('',(121.696,22.3693,12.5));
#3790 = LINE('',#3791,#3792);
#3791 = CARTESIAN_POINT('',(117.9980607586,10.146551925916,12.5));
#3792 = VECTOR('',#3793,1.);
#3793 = DIRECTION('',(-0.289582493074,-0.957153059706,0.));
#3794 = ORIENTED_EDGE('',*,*,#3795,.T.);
#3795 = EDGE_CURVE('',#3788,#3796,#3798,.T.);
#3796 = VERTEX_POINT('',#3797);
#3797 = CARTESIAN_POINT('',(121.326,21.6777,12.5));
#3798 = LINE('',#3799,#3800);
#3799 = CARTESIAN_POINT('',(113.14965330162,6.394561144339,12.5));
#3800 = VECTOR('',#3801,1.);
#3801 = DIRECTION('',(-0.471726021219,-0.881745179122,0.));
#3802 = ORIENTED_EDGE('',*,*,#3803,.T.);
#3803 = EDGE_CURVE('',#3796,#3804,#3806,.T.);
#3804 = VERTEX_POINT('',#3805);
#3805 = CARTESIAN_POINT('',(120.828,21.0716,12.5));
#3806 = LINE('',#3807,#3808);
#3807 = CARTESIAN_POINT('',(107.37145303838,4.694063627635,12.5));
#3808 = VECTOR('',#3809,1.);
#3809 = DIRECTION('',(-0.63484000223,-0.772643625204,0.));
#3810 = ORIENTED_EDGE('',*,*,#3811,.T.);
#3811 = EDGE_CURVE('',#3804,#3812,#3814,.T.);
#3812 = VERTEX_POINT('',#3813);
#3813 = CARTESIAN_POINT('',(120.222,20.5741,12.5));
#3814 = LINE('',#3815,#3816);
#3815 = CARTESIAN_POINT('',(101.50018199032,5.204290660376,12.5));
#3816 = VECTOR('',#3817,1.);
#3817 = DIRECTION('',(-0.77290495764,-0.634521809283,0.));
#3818 = ORIENTED_EDGE('',*,*,#3819,.T.);
#3819 = EDGE_CURVE('',#3812,#3820,#3822,.T.);
#3820 = VERTEX_POINT('',#3821);
#3821 = CARTESIAN_POINT('',(119.531,20.2045,12.5));
#3822 = LINE('',#3823,#3824);
#3823 = CARTESIAN_POINT('',(96.318983646049,7.788926563791,12.5));
#3824 = VECTOR('',#3825,1.);
#3825 = DIRECTION('',(-0.881787110414,-0.471647635324,0.));
#3826 = ORIENTED_EDGE('',*,*,#3827,.T.);
#3827 = EDGE_CURVE('',#3820,#3828,#3830,.T.);
#3828 = VERTEX_POINT('',#3829);
#3829 = CARTESIAN_POINT('',(118.78,19.9769,12.5));
#3830 = LINE('',#3831,#3832);
#3831 = CARTESIAN_POINT('',(92.548452430972,12.02709943181,12.5));
#3832 = VECTOR('',#3833,1.);
#3833 = DIRECTION('',(-0.957015829939,-0.290035689606,0.));
#3834 = ORIENTED_EDGE('',*,*,#3835,.T.);
#3835 = EDGE_CURVE('',#3828,#3836,#3838,.T.);
#3836 = VERTEX_POINT('',#3837);
#3837 = CARTESIAN_POINT('',(118.,19.9,12.5));
#3838 = LINE('',#3839,#3840);
#3839 = CARTESIAN_POINT('',(90.702423186064,17.208738901293,12.5));
#3840 = VECTOR('',#3841,1.);
#3841 = DIRECTION('',(-0.995175175621,-9.811406539136E-02,0.));
#3842 = ORIENTED_EDGE('',*,*,#3843,.T.);
#3843 = EDGE_CURVE('',#3836,#3844,#3846,.T.);
#3844 = VERTEX_POINT('',#3845);
#3845 = CARTESIAN_POINT('',(96.3965,19.9,12.5));
#3846 = LINE('',#3847,#3848);
#3847 = CARTESIAN_POINT('',(79.961418588404,19.9,12.5));
#3848 = VECTOR('',#3849,1.);
#3849 = DIRECTION('',(-1.,0.,0.));
#3850 = ORIENTED_EDGE('',*,*,#3851,.T.);
#3851 = EDGE_CURVE('',#3844,#3852,#3854,.T.);
#3852 = VERTEX_POINT('',#3853);
#3853 = CARTESIAN_POINT('',(94.6431,19.7273,12.5));
#3854 = LINE('',#3855,#3856);
#3855 = CARTESIAN_POINT('',(78.919994932272,18.178662926202,12.5));
#3856 = VECTOR('',#3857,1.);
#3857 = DIRECTION('',(-0.99518444025,-9.802004838094E-02,0.));
#3858 = ORIENTED_EDGE('',*,*,#3859,.T.);
#3859 = EDGE_CURVE('',#3852,#3860,#3862,.T.);
#3860 = VERTEX_POINT('',#3861);
#3861 = CARTESIAN_POINT('',(93.1459,19.2732,12.5));
#3862 = LINE('',#3863,#3864);
#3863 = CARTESIAN_POINT('',(78.752129888432,14.907576831644,12.5));
#3864 = VECTOR('',#3865,1.);
#3865 = DIRECTION('',(-0.956952879552,-0.290243322605,0.));
#3866 = ORIENTED_EDGE('',*,*,#3867,.T.);
#3867 = EDGE_CURVE('',#3860,#3868,#3870,.T.);
#3868 = VERTEX_POINT('',#3869);
#3869 = CARTESIAN_POINT('',(91.7662,18.5357,12.5));
#3870 = LINE('',#3871,#3872);
#3871 = CARTESIAN_POINT('',(79.69272069153,12.081984706823,12.5));
#3872 = VECTOR('',#3873,1.);
#3873 = DIRECTION('',(-0.881911967069,-0.4714141304,0.));
#3874 = ORIENTED_EDGE('',*,*,#3875,.T.);
#3875 = EDGE_CURVE('',#3868,#3876,#3878,.T.);
#3876 = VERTEX_POINT('',#3877);
#3877 = CARTESIAN_POINT('',(90.5568,17.5432,12.5));
#3878 = LINE('',#3879,#3880);
#3879 = CARTESIAN_POINT('',(81.436607285325,10.058669431689,12.5));
#3880 = VECTOR('',#3881,1.);
#3881 = DIRECTION('',(-0.773019521196,-0.634382234816,0.));
#3882 = ORIENTED_EDGE('',*,*,#3883,.T.);
#3883 = EDGE_CURVE('',#3876,#3884,#3886,.T.);
#3884 = VERTEX_POINT('',#3885);
#3885 = CARTESIAN_POINT('',(89.5643,16.3338,12.5));
#3886 = LINE('',#3887,#3888);
#3887 = CARTESIAN_POINT('',(83.57742707742,9.038561599427,12.5));
#3888 = VECTOR('',#3889,1.);
#3889 = DIRECTION('',(-0.634382234816,-0.773019521196,0.));
#3890 = ORIENTED_EDGE('',*,*,#3891,.T.);
#3891 = EDGE_CURVE('',#3884,#3892,#3894,.T.);
#3892 = VERTEX_POINT('',#3893);
#3893 = CARTESIAN_POINT('',(88.8268,14.9541,12.5));
#3894 = LINE('',#3895,#3896);
#3895 = CARTESIAN_POINT('',(85.668602002913,9.045807421584,12.5));
#3896 = VECTOR('',#3897,1.);
#3897 = DIRECTION('',(-0.4714141304,-0.881911967069,0.));
#3898 = ORIENTED_EDGE('',*,*,#3899,.T.);
#3899 = EDGE_CURVE('',#3892,#3900,#3902,.T.);
#3900 = VERTEX_POINT('',#3901);
#3901 = CARTESIAN_POINT('',(88.3727,13.4569,12.5));
#3902 = LINE('',#3903,#3904);
#3903 = CARTESIAN_POINT('',(87.302310492401,9.927749656953,12.5));
#3904 = VECTOR('',#3905,1.);
#3905 = DIRECTION('',(-0.290243322605,-0.956952879552,0.));
#3906 = ORIENTED_EDGE('',*,*,#3907,.T.);
#3907 = EDGE_CURVE('',#3900,#3908,#3910,.T.);
#3908 = VERTEX_POINT('',#3909);
#3909 = CARTESIAN_POINT('',(88.2,11.7035,12.5));
#3910 = LINE('',#3911,#3912);
#3911 = CARTESIAN_POINT('',(88.158614024393,11.283313725366,12.5));
#3912 = VECTOR('',#3913,1.);
#3913 = DIRECTION('',(-9.802004838094E-02,-0.99518444025,0.));
#3914 = ORIENTED_EDGE('',*,*,#3915,.T.);
#3915 = EDGE_CURVE('',#3908,#3916,#3918,.T.);
#3916 = VERTEX_POINT('',#3917);
#3917 = CARTESIAN_POINT('',(88.2,1.2576,12.5));
#3918 = LINE('',#3919,#3920);
#3919 = CARTESIAN_POINT('',(88.2,7.271395678597,12.5));
#3920 = VECTOR('',#3921,1.);
#3921 = DIRECTION('',(0.,-1.,0.));
#3922 = ORIENTED_EDGE('',*,*,#3923,.T.);
#3923 = EDGE_CURVE('',#3916,#3924,#3926,.T.);
#3924 = VERTEX_POINT('',#3925);
#3925 = CARTESIAN_POINT('',(88.3866,-0.481134,12.5));
#3926 = LINE('',#3927,#3928);
#3927 = CARTESIAN_POINT('',(87.514780199021,7.642460479287,12.5));
#3928 = VECTOR('',#3929,1.);
#3929 = DIRECTION('',(0.106706727097,-0.994290538219,0.));
#3930 = ORIENTED_EDGE('',*,*,#3931,.T.);
#3931 = EDGE_CURVE('',#3924,#3932,#3934,.T.);
#3932 = VERTEX_POINT('',#3933);
#3933 = CARTESIAN_POINT('',(88.8538,-1.97423,12.5));
#3934 = LINE('',#3935,#3936);
#3935 = CARTESIAN_POINT('',(85.549975911249,8.584260007744,12.5));
#3936 = VECTOR('',#3937,1.);
#3937 = DIRECTION('',(0.298628732616,-0.954369362488,0.));
#3938 = ORIENTED_EDGE('',*,*,#3939,.T.);
#3939 = EDGE_CURVE('',#3932,#3940,#3942,.T.);
#3940 = VERTEX_POINT('',#3941);
#3941 = CARTESIAN_POINT('',(89.6033,-3.34749,12.5));
#3942 = LINE('',#3943,#3944);
#3943 = CARTESIAN_POINT('',(83.113646024738,8.543080004094,12.5));
#3944 = VECTOR('',#3945,1.);
#3945 = DIRECTION('',(0.479073348703,-0.877774872369,0.));
#3946 = ORIENTED_EDGE('',*,*,#3947,.T.);
#3947 = EDGE_CURVE('',#3940,#3948,#3950,.T.);
#3948 = VERTEX_POINT('',#3949);
#3949 = CARTESIAN_POINT('',(90.6063,-4.54814,12.5));
#3950 = LINE('',#3951,#3952);
#3951 = CARTESIAN_POINT('',(80.653873332582,7.365500157762,12.5));
#3952 = VECTOR('',#3953,1.);
#3953 = DIRECTION('',(0.64111128803,-0.767447924201,0.));
#3954 = ORIENTED_EDGE('',*,*,#3955,.T.);
#3955 = EDGE_CURVE('',#3948,#3956,#3958,.T.);
#3956 = VERTEX_POINT('',#3957);
#3957 = CARTESIAN_POINT('',(91.8243,-5.53004,12.5));
#3958 = LINE('',#3959,#3960);
#3959 = CARTESIAN_POINT('',(78.651906163093,5.088985869014,12.5));
#3960 = VECTOR('',#3961,1.);
#3961 = DIRECTION('',(0.778524863992,-0.627613763509,0.));
#3962 = ORIENTED_EDGE('',*,*,#3963,.T.);
#3963 = EDGE_CURVE('',#3956,#3964,#3966,.T.);
#3964 = VERTEX_POINT('',#3965);
#3965 = CARTESIAN_POINT('',(93.3853,-6.34703,12.5));
#3966 = LINE('',#3967,#3968);
#3967 = CARTESIAN_POINT('',(77.633165261025,1.897259916973,12.5));
#3968 = VECTOR('',#3969,1.);
#3969 = DIRECTION('',(0.885989345449,-0.463705595989,0.));
#3970 = ORIENTED_EDGE('',*,*,#3971,.T.);
#3971 = EDGE_CURVE('',#3964,#3972,#3974,.T.);
#3972 = VERTEX_POINT('',#3973);
#3973 = CARTESIAN_POINT('',(108.467,-12.4404,12.5));
#3974 = LINE('',#3975,#3976);
#3975 = CARTESIAN_POINT('',(84.682296381846,-2.83080695109,12.5));
#3976 = VECTOR('',#3977,1.);
#3977 = DIRECTION('',(0.927184544909,-0.374604884755,0.));
#3978 = ORIENTED_EDGE('',*,*,#3979,.T.);
#3979 = EDGE_CURVE('',#3972,#3980,#3982,.T.);
#3980 = VERTEX_POINT('',#3981);
#3981 = CARTESIAN_POINT('',(108.823,-12.6051,12.5));
#3982 = LINE('',#3983,#3984);
#3983 = CARTESIAN_POINT('',(85.234510818667,-1.69211076358,12.5));
#3984 = VECTOR('',#3985,1.);
#3985 = DIRECTION('',(0.907578468879,-0.419882510743,0.));
#3986 = ORIENTED_EDGE('',*,*,#3987,.T.);
#3987 = EDGE_CURVE('',#3980,#3988,#3990,.T.);
#3988 = VERTEX_POINT('',#3989);
#3989 = CARTESIAN_POINT('',(109.042,-12.7196,12.5));
#3990 = LINE('',#3991,#3992);
#3991 = CARTESIAN_POINT('',(85.830915812756,-0.584124477446,12.5));
#3992 = VECTOR('',#3993,1.);
#3993 = DIRECTION('',(0.886187684451,-0.463326437761,0.));
#3994 = ORIENTED_EDGE('',*,*,#3995,.T.);
#3995 = EDGE_CURVE('',#3988,#3996,#3998,.T.);
#3996 = VERTEX_POINT('',#3997);
#3997 = CARTESIAN_POINT('',(109.264,-12.8248,12.5));
#3998 = LINE('',#3999,#4000);
#3999 = CARTESIAN_POINT('',(85.536835093392,-1.581116449661,12.5));
#4000 = VECTOR('',#4001,1.);
#4001 = DIRECTION('',(0.903671519759,-0.428226323778,0.));
#4002 = ORIENTED_EDGE('',*,*,#4003,.T.);
#4003 = EDGE_CURVE('',#3996,#4004,#4006,.T.);
#4004 = VERTEX_POINT('',#4005);
#4005 = CARTESIAN_POINT('',(109.946,-13.1935,12.5));
#4006 = LINE('',#4007,#4008);
#4007 = CARTESIAN_POINT('',(86.446779625957,-0.489449337376,12.5));
#4008 = VECTOR('',#4009,1.);
#4009 = DIRECTION('',(0.879678804699,-0.475568292218,0.));
#4010 = ORIENTED_EDGE('',*,*,#4011,.T.);
#4011 = EDGE_CURVE('',#4004,#4012,#4014,.T.);
#4012 = VERTEX_POINT('',#4013);
#4013 = CARTESIAN_POINT('',(110.282,-13.3967,12.5));
#4014 = LINE('',#4015,#4016);
#4015 = CARTESIAN_POINT('',(87.257121843305,0.527869170953,12.5));
#4016 = VECTOR('',#4017,1.);
#4017 = DIRECTION('',(0.855690023312,-0.517488728384,0.));
#4018 = ORIENTED_EDGE('',*,*,#4019,.T.);
#4019 = EDGE_CURVE('',#4012,#4020,#4022,.T.);
#4020 = VERTEX_POINT('',#4021);
#4021 = CARTESIAN_POINT('',(126.374,-24.2509,12.5));
#4022 = LINE('',#4023,#4024);
#4023 = CARTESIAN_POINT('',(96.075591055196,-3.814348274379,12.5));
#4024 = VECTOR('',#4025,1.);
#4025 = DIRECTION('',(0.829037358869,-0.559193220273,0.));
#4026 = ORIENTED_EDGE('',*,*,#4027,.T.);
#4027 = EDGE_CURVE('',#4020,#4028,#4030,.T.);
#4028 = VERTEX_POINT('',#4029);
#4029 = CARTESIAN_POINT('',(126.978,-24.751,12.5));
#4030 = LINE('',#4031,#4032);
#4031 = CARTESIAN_POINT('',(98.813658498844,-1.431484793497,12.5));
#4032 = VECTOR('',#4033,1.);
#4033 = DIRECTION('',(0.77024526703,-0.637747778215,0.));
#4034 = ORIENTED_EDGE('',*,*,#4035,.T.);
#4035 = EDGE_CURVE('',#4028,#4036,#4038,.T.);
#4036 = VERTEX_POINT('',#4037);
#4037 = CARTESIAN_POINT('',(127.473,-25.3593,12.5));
#4038 = LINE('',#4039,#4040);
#4039 = CARTESIAN_POINT('',(105.27598903232,1.918360144718,12.5));
#4040 = VECTOR('',#4041,1.);
#4041 = DIRECTION('',(0.631173292938,-0.775641846655,0.));
#4042 = ORIENTED_EDGE('',*,*,#4043,.T.);
#4043 = EDGE_CURVE('',#4036,#4044,#4046,.T.);
#4044 = VERTEX_POINT('',#4045);
#4045 = CARTESIAN_POINT('',(127.84,-26.0525,12.5));
#4046 = LINE('',#4047,#4048);
#4047 = CARTESIAN_POINT('',(112.66642863406,2.607771582746,12.5));
#4048 = VECTOR('',#4049,1.);
#4049 = DIRECTION('',(0.467899435954,-0.883781713906,0.));
#4050 = ORIENTED_EDGE('',*,*,#4051,.T.);
#4051 = EDGE_CURVE('',#4044,#4052,#4054,.T.);
#4052 = VERTEX_POINT('',#4053);
#4053 = CARTESIAN_POINT('',(128.064,-26.8039,12.5));
#4054 = LINE('',#4055,#4056);
#4055 = CARTESIAN_POINT('',(119.94254664074,0.439225241712,12.5));
#4056 = VECTOR('',#4057,1.);
#4057 = DIRECTION('',(0.285685944228,-0.958323296842,0.));
#4058 = ORIENTED_EDGE('',*,*,#4059,.T.);
#4059 = EDGE_CURVE('',#4052,#4060,#4062,.T.);
#4060 = VERTEX_POINT('',#4061);
#4061 = CARTESIAN_POINT('',(128.137,-27.5846,12.5));
#4062 = LINE('',#4063,#4064);
#4063 = CARTESIAN_POINT('',(125.96277168179,-4.332270574999,12.5));
#4064 = VECTOR('',#4065,1.);
#4065 = DIRECTION('',(9.309971265673E-02,-0.995656790015,0.));
#4066 = ORIENTED_EDGE('',*,*,#4067,.T.);
#4067 = EDGE_CURVE('',#4060,#4068,#4070,.T.);
#4068 = VERTEX_POINT('',#4069);
#4069 = CARTESIAN_POINT('',(128.057,-28.3646,12.5));
#4070 = LINE('',#4071,#4072);
#4071 = CARTESIAN_POINT('',(129.83477386029,-11.03130486211,12.5));
#4072 = VECTOR('',#4073,1.);
#4073 = DIRECTION('',(-0.102028865499,-0.994781438611,0.));
#4074 = ORIENTED_EDGE('',*,*,#4075,.T.);
#4075 = EDGE_CURVE('',#4068,#4076,#4078,.T.);
#4076 = VERTEX_POINT('',#4077);
#4077 = CARTESIAN_POINT('',(127.826,-29.1139,12.5));
#4078 = LINE('',#4079,#4080);
#4079 = CARTESIAN_POINT('',(131.00395974881,-18.80547904855,12.5));
#4080 = VECTOR('',#4081,1.);
#4081 = DIRECTION('',(-0.294605596197,-0.955618931734,0.));
#4082 = ORIENTED_EDGE('',*,*,#4083,.T.);
#4083 = EDGE_CURVE('',#4076,#4084,#4086,.T.);
#4084 = VERTEX_POINT('',#4085);
#4085 = CARTESIAN_POINT('',(127.454,-29.8039,12.5));
#4086 = LINE('',#4087,#4088);
#4087 = CARTESIAN_POINT('',(129.25513906744,-26.46307753619,12.5));
#4088 = VECTOR('',#4089,1.);
#4089 = DIRECTION('',(-0.474556198408,-0.880225206724,0.));
#4090 = ORIENTED_EDGE('',*,*,#4091,.T.);
#4091 = EDGE_CURVE('',#4084,#4092,#4094,.T.);
#4092 = VERTEX_POINT('',#4093);
#4093 = CARTESIAN_POINT('',(115.843,-47.0168,12.5));
#4094 = LINE('',#4095,#4096);
#4095 = CARTESIAN_POINT('',(121.64074487785,-38.42184669641,12.5));
#4096 = VECTOR('',#4097,1.);
#4097 = DIRECTION('',(-0.559217807842,-0.8290207738,0.));
#4098 = ORIENTED_EDGE('',*,*,#4099,.T.);
#4099 = EDGE_CURVE('',#4092,#4100,#4102,.T.);
#4100 = VERTEX_POINT('',#4101);
#4101 = CARTESIAN_POINT('',(115.343,-47.6207,12.5));
#4102 = LINE('',#4103,#4104);
#4103 = CARTESIAN_POINT('',(119.76500305213,-42.27980471363,12.5));
#4104 = VECTOR('',#4105,1.);
#4105 = DIRECTION('',(-0.637734761248,-0.770256044635,0.));
#4106 = ORIENTED_EDGE('',*,*,#4107,.T.);
#4107 = EDGE_CURVE('',#4100,#2618,#4108,.T.);
#4108 = LINE('',#4109,#4110);
#4109 = CARTESIAN_POINT('',(114.36207886914,-48.41898910452,12.5));
#4110 = VECTOR('',#4111,1.);
#4111 = DIRECTION('',(-0.775614289878,-0.631207155644,0.));
#4112 = PLANE('',#4113);
#4113 = AXIS2_PLACEMENT_3D('',#4114,#4115,#4116);
#4114 = CARTESIAN_POINT('',(63.526337176808,13.285191357193,12.5));
#4115 = DIRECTION('',(0.,0.,1.));
#4116 = DIRECTION('',(1.,0.,0.));
#4117 = ADVANCED_FACE('',(#4118),#4136,.F.);
#4118 = FACE_BOUND('',#4119,.F.);
#4119 = EDGE_LOOP('',(#4120,#4128,#4129,#4130));
#4120 = ORIENTED_EDGE('',*,*,#4121,.T.);
#4121 = EDGE_CURVE('',#4122,#2600,#4124,.T.);
#4122 = VERTEX_POINT('',#4123);
#4123 = CARTESIAN_POINT('',(112.73515642415,-51.1694151135,0.));
#4124 = LINE('',#4125,#4126);
#4125 = CARTESIAN_POINT('',(112.73515642415,-51.1694151135,0.));
#4126 = VECTOR('',#4127,1.);
#4127 = DIRECTION('',(0.,0.,1.));
#4128 = ORIENTED_EDGE('',*,*,#2608,.T.);
#4129 = ORIENTED_EDGE('',*,*,#71,.F.);
#4130 = ORIENTED_EDGE('',*,*,#4131,.F.);
#4131 = EDGE_CURVE('',#4122,#72,#4132,.T.);
#4132 = LINE('',#4133,#4134);
#4133 = CARTESIAN_POINT('',(112.73515642415,-51.1694151135,0.));
#4134 = VECTOR('',#4135,1.);
#4135 = DIRECTION('',(0.995589630628,9.381517673229E-02,0.));
#4136 = PLANE('',#4137);
#4137 = AXIS2_PLACEMENT_3D('',#4138,#4139,#4140);
#4138 = CARTESIAN_POINT('',(112.73515642415,-51.1694151135,0.));
#4139 = DIRECTION('',(-9.381517673229E-02,0.995589630628,0.));
#4140 = DIRECTION('',(0.995589630628,9.381517673229E-02,0.));
#4141 = ADVANCED_FACE('',(#4142),#4160,.F.);
#4142 = FACE_BOUND('',#4143,.F.);
#4143 = EDGE_LOOP('',(#4144,#4145,#4146,#4154));
#4144 = ORIENTED_EDGE('',*,*,#94,.T.);
#4145 = ORIENTED_EDGE('',*,*,#129,.T.);
#4146 = ORIENTED_EDGE('',*,*,#4147,.F.);
#4147 = EDGE_CURVE('',#4148,#130,#4150,.T.);
#4148 = VERTEX_POINT('',#4149);
#4149 = CARTESIAN_POINT('',(115.85749450958,-50.23682177567,0.));
#4150 = LINE('',#4151,#4152);
#4151 = CARTESIAN_POINT('',(115.85749450958,-50.23682177567,0.));
#4152 = VECTOR('',#4153,1.);
#4153 = DIRECTION('',(0.,0.,1.));
#4154 = ORIENTED_EDGE('',*,*,#4155,.F.);
#4155 = EDGE_CURVE('',#95,#4148,#4156,.T.);
#4156 = LINE('',#4157,#4158);
#4157 = CARTESIAN_POINT('',(115.16449450958,-50.60352177567,0.));
#4158 = VECTOR('',#4159,1.);
#4159 = DIRECTION('',(0.883884073198,0.467706045659,0.));
#4160 = PLANE('',#4161);
#4161 = AXIS2_PLACEMENT_3D('',#4162,#4163,#4164);
#4162 = CARTESIAN_POINT('',(115.16449450958,-50.60352177567,0.));
#4163 = DIRECTION('',(-0.467706045659,0.883884073198,0.));
#4164 = DIRECTION('',(0.883884073198,0.467706045659,0.));
#4165 = ADVANCED_FACE('',(#4166),#4202,.T.);
#4166 = FACE_BOUND('',#4167,.T.);
#4167 = EDGE_LOOP('',(#4168,#4177,#4178,#4179,#4187,#4196));
#4168 = ORIENTED_EDGE('',*,*,#4169,.F.);
#4169 = EDGE_CURVE('',#4122,#4170,#4172,.T.);
#4170 = VERTEX_POINT('',#4171);
#4171 = CARTESIAN_POINT('',(112.37648191139,-51.17628314687,0.));
#4172 = CIRCLE('',#4173,2.4);
#4173 = AXIS2_PLACEMENT_3D('',#4174,#4175,#4176);
#4174 = CARTESIAN_POINT('',(112.51,-48.78,0.));
#4175 = DIRECTION('',(0.,0.,-1.));
#4176 = DIRECTION('',(0.995589630628,9.381517673229E-02,0.));
#4177 = ORIENTED_EDGE('',*,*,#4121,.T.);
#4178 = ORIENTED_EDGE('',*,*,#2599,.T.);
#4179 = ORIENTED_EDGE('',*,*,#4180,.F.);
#4180 = EDGE_CURVE('',#4181,#2592,#4183,.T.);
#4181 = VERTEX_POINT('',#4182);
#4182 = CARTESIAN_POINT('',(112.26422207526,-51.16738208331,7.4));
#4183 = LINE('',#4184,#4185);
#4184 = CARTESIAN_POINT('',(112.26422207526,-51.16738208331,0.));
#4185 = VECTOR('',#4186,1.);
#4186 = DIRECTION('',(0.,0.,1.));
#4187 = ORIENTED_EDGE('',*,*,#4188,.F.);
#4188 = EDGE_CURVE('',#4189,#4181,#4191,.T.);
#4189 = VERTEX_POINT('',#4190);
#4190 = CARTESIAN_POINT('',(112.37648191139,-51.17628314687,7.4));
#4191 = CIRCLE('',#4192,2.4);
#4192 = AXIS2_PLACEMENT_3D('',#4193,#4194,#4195);
#4193 = CARTESIAN_POINT('',(112.51,-48.78,7.4));
#4194 = DIRECTION('',(0.,0.,-1.));
#4195 = DIRECTION('',(0.995589630628,9.381517673229E-02,0.));
#4196 = ORIENTED_EDGE('',*,*,#4197,.T.);
#4197 = EDGE_CURVE('',#4189,#4170,#4198,.T.);
#4198 = LINE('',#4199,#4200);
#4199 = CARTESIAN_POINT('',(112.37648191139,-51.17628314687,0.));
#4200 = VECTOR('',#4201,1.);
#4201 = DIRECTION('',(0.,0.,-1.));
#4202 = CYLINDRICAL_SURFACE('',#4203,2.4);
#4203 = AXIS2_PLACEMENT_3D('',#4204,#4205,#4206);
#4204 = CARTESIAN_POINT('',(112.51,-48.78,0.));
#4205 = DIRECTION('',(0.,0.,-1.));
#4206 = DIRECTION('',(0.995589630628,9.381517673229E-02,0.));
#4207 = ADVANCED_FACE('',(#4208),#4249,.F.);
#4208 = FACE_BOUND('',#4209,.F.);
#4209 = EDGE_LOOP('',(#4210,#4220,#4226,#4227,#4235,#4243));
#4210 = ORIENTED_EDGE('',*,*,#4211,.F.);
#4211 = EDGE_CURVE('',#4212,#4214,#4216,.T.);
#4212 = VERTEX_POINT('',#4213);
#4213 = CARTESIAN_POINT('',(110.27382862375,-50.76255717707,0.));
#4214 = VERTEX_POINT('',#4215);
#4215 = CARTESIAN_POINT('',(110.64635401165,-50.87724532649,0.));
#4216 = LINE('',#4217,#4218);
#4217 = CARTESIAN_POINT('',(110.27382862375,-50.76255717707,0.));
#4218 = VECTOR('',#4219,1.);
#4219 = DIRECTION('',(0.955732157113,-0.294238073437,0.));
#4220 = ORIENTED_EDGE('',*,*,#4221,.T.);
#4221 = EDGE_CURVE('',#4212,#2566,#4222,.T.);
#4222 = LINE('',#4223,#4224);
#4223 = CARTESIAN_POINT('',(110.27382862375,-50.76255717707,0.));
#4224 = VECTOR('',#4225,1.);
#4225 = DIRECTION('',(0.,0.,1.));
#4226 = ORIENTED_EDGE('',*,*,#2574,.T.);
#4227 = ORIENTED_EDGE('',*,*,#4228,.F.);
#4228 = EDGE_CURVE('',#4229,#2575,#4231,.T.);
#4229 = VERTEX_POINT('',#4230);
#4230 = CARTESIAN_POINT('',(111.02382862375,-50.99345717707,7.4));
#4231 = LINE('',#4232,#4233);
#4232 = CARTESIAN_POINT('',(111.02382862375,-50.99345717707,0.));
#4233 = VECTOR('',#4234,1.);
#4234 = DIRECTION('',(0.,0.,1.));
#4235 = ORIENTED_EDGE('',*,*,#4236,.F.);
#4236 = EDGE_CURVE('',#4237,#4229,#4239,.T.);
#4237 = VERTEX_POINT('',#4238);
#4238 = CARTESIAN_POINT('',(110.64635401165,-50.87724532649,7.4));
#4239 = LINE('',#4240,#4241);
#4240 = CARTESIAN_POINT('',(110.70187984259,-50.89433987897,7.4));
#4241 = VECTOR('',#4242,1.);
#4242 = DIRECTION('',(0.955732157113,-0.294238073437,0.));
#4243 = ORIENTED_EDGE('',*,*,#4244,.T.);
#4244 = EDGE_CURVE('',#4237,#4214,#4245,.T.);
#4245 = LINE('',#4246,#4247);
#4246 = CARTESIAN_POINT('',(110.64635401165,-50.87724532649,0.));
#4247 = VECTOR('',#4248,1.);
#4248 = DIRECTION('',(-0.,-0.,-1.));
#4249 = PLANE('',#4250);
#4250 = AXIS2_PLACEMENT_3D('',#4251,#4252,#4253);
#4251 = CARTESIAN_POINT('',(110.27382862375,-50.76255717707,0.));
#4252 = DIRECTION('',(0.294238073437,0.955732157113,0.));
#4253 = DIRECTION('',(0.955732157113,-0.294238073437,0.));
#4254 = ADVANCED_FACE('',(#4255),#4274,.T.);
#4255 = FACE_BOUND('',#4256,.T.);
#4256 = EDGE_LOOP('',(#4257,#4258,#4259,#4267));
#4257 = ORIENTED_EDGE('',*,*,#4221,.T.);
#4258 = ORIENTED_EDGE('',*,*,#2565,.T.);
#4259 = ORIENTED_EDGE('',*,*,#4260,.F.);
#4260 = EDGE_CURVE('',#4261,#2558,#4263,.T.);
#4261 = VERTEX_POINT('',#4262);
#4262 = CARTESIAN_POINT('',(109.83940566887,-50.58044499189,0.));
#4263 = LINE('',#4264,#4265);
#4264 = CARTESIAN_POINT('',(109.83940566887,-50.58044499189,0.));
#4265 = VECTOR('',#4266,1.);
#4266 = DIRECTION('',(0.,0.,1.));
#4267 = ORIENTED_EDGE('',*,*,#4268,.F.);
#4268 = EDGE_CURVE('',#4212,#4261,#4269,.T.);
#4269 = CIRCLE('',#4270,2.4);
#4270 = AXIS2_PLACEMENT_3D('',#4271,#4272,#4273);
#4271 = CARTESIAN_POINT('',(110.98,-48.4688,0.));
#4272 = DIRECTION('',(0.,-0.,-1.));
#4273 = DIRECTION('',(0.955732157113,-0.294238073437,0.));
#4274 = CYLINDRICAL_SURFACE('',#4275,2.4);
#4275 = AXIS2_PLACEMENT_3D('',#4276,#4277,#4278);
#4276 = CARTESIAN_POINT('',(110.98,-48.4688,0.));
#4277 = DIRECTION('',(0.,0.,-1.));
#4278 = DIRECTION('',(0.955732157113,-0.294238073437,0.));
#4279 = ADVANCED_FACE('',(#4280),#4298,.F.);
#4280 = FACE_BOUND('',#4281,.F.);
#4281 = EDGE_LOOP('',(#4282,#4290,#4291,#4292));
#4282 = ORIENTED_EDGE('',*,*,#4283,.T.);
#4283 = EDGE_CURVE('',#4284,#2549,#4286,.T.);
#4284 = VERTEX_POINT('',#4285);
#4285 = CARTESIAN_POINT('',(109.14940566887,-50.20774499189,0.));
#4286 = LINE('',#4287,#4288);
#4287 = CARTESIAN_POINT('',(109.14940566887,-50.20774499189,0.));
#4288 = VECTOR('',#4289,1.);
#4289 = DIRECTION('',(0.,0.,1.));
#4290 = ORIENTED_EDGE('',*,*,#2557,.T.);
#4291 = ORIENTED_EDGE('',*,*,#4260,.F.);
#4292 = ORIENTED_EDGE('',*,*,#4293,.F.);
#4293 = EDGE_CURVE('',#4284,#4261,#4294,.T.);
#4294 = LINE('',#4295,#4296);
#4295 = CARTESIAN_POINT('',(109.14940566887,-50.20774499189,0.));
#4296 = VECTOR('',#4297,1.);
#4297 = DIRECTION('',(0.879852079956,-0.475247637971,0.));
#4298 = PLANE('',#4299);
#4299 = AXIS2_PLACEMENT_3D('',#4300,#4301,#4302);
#4300 = CARTESIAN_POINT('',(109.14940566887,-50.20774499189,0.));
#4301 = DIRECTION('',(0.475247637971,0.879852079956,0.));
#4302 = DIRECTION('',(0.879852079956,-0.475247637971,0.));
#4303 = ADVANCED_FACE('',(#4304),#4323,.T.);
#4304 = FACE_BOUND('',#4305,.T.);
#4305 = EDGE_LOOP('',(#4306,#4307,#4308,#4316));
#4306 = ORIENTED_EDGE('',*,*,#4283,.T.);
#4307 = ORIENTED_EDGE('',*,*,#2548,.T.);
#4308 = ORIENTED_EDGE('',*,*,#4309,.F.);
#4309 = EDGE_CURVE('',#4310,#2541,#4312,.T.);
#4310 = VERTEX_POINT('',#4311);
#4311 = CARTESIAN_POINT('',(108.94791484274,-50.08577520733,0.));
#4312 = LINE('',#4313,#4314);
#4313 = CARTESIAN_POINT('',(108.94791484274,-50.08577520733,0.));
#4314 = VECTOR('',#4315,1.);
#4315 = DIRECTION('',(0.,0.,1.));
#4316 = ORIENTED_EDGE('',*,*,#4317,.F.);
#4317 = EDGE_CURVE('',#4284,#4310,#4318,.T.);
#4318 = CIRCLE('',#4319,2.4);
#4319 = AXIS2_PLACEMENT_3D('',#4320,#4321,#4322);
#4320 = CARTESIAN_POINT('',(110.29,-48.0961,0.));
#4321 = DIRECTION('',(0.,-0.,-1.));
#4322 = DIRECTION('',(0.879852079956,-0.475247637971,0.));
#4323 = CYLINDRICAL_SURFACE('',#4324,2.4);
#4324 = AXIS2_PLACEMENT_3D('',#4325,#4326,#4327);
#4325 = CARTESIAN_POINT('',(110.29,-48.0961,0.));
#4326 = DIRECTION('',(0.,0.,-1.));
#4327 = DIRECTION('',(0.879852079956,-0.475247637971,0.));
#4328 = ADVANCED_FACE('',(#4329),#4347,.F.);
#4329 = FACE_BOUND('',#4330,.F.);
#4330 = EDGE_LOOP('',(#4331,#4339,#4340,#4341));
#4331 = ORIENTED_EDGE('',*,*,#4332,.T.);
#4332 = EDGE_CURVE('',#4333,#2533,#4335,.T.);
#4333 = VERTEX_POINT('',#4334);
#4334 = CARTESIAN_POINT('',(95.408218563408,-40.9529150585,0.));
#4335 = LINE('',#4336,#4337);
#4336 = CARTESIAN_POINT('',(95.408218563408,-40.9529150585,0.));
#4337 = VECTOR('',#4338,1.);
#4338 = DIRECTION('',(0.,0.,1.));
#4339 = ORIENTED_EDGE('',*,*,#2540,.T.);
#4340 = ORIENTED_EDGE('',*,*,#4309,.F.);
#4341 = ORIENTED_EDGE('',*,*,#4342,.F.);
#4342 = EDGE_CURVE('',#4333,#4310,#4343,.T.);
#4343 = LINE('',#4344,#4345);
#4344 = CARTESIAN_POINT('',(95.297414842749,-40.87817520733,0.));
#4345 = VECTOR('',#4346,1.);
#4346 = DIRECTION('',(0.82903133639,-0.559202148855,0.));
#4347 = PLANE('',#4348);
#4348 = AXIS2_PLACEMENT_3D('',#4349,#4350,#4351);
#4349 = CARTESIAN_POINT('',(95.408218563408,-40.9529150585,0.));
#4350 = DIRECTION('',(0.559202148855,0.82903133639,0.));
#4351 = DIRECTION('',(0.82903133639,-0.559202148855,0.));
#4352 = ADVANCED_FACE('',(#4353),#4371,.F.);
#4353 = FACE_BOUND('',#4354,.F.);
#4354 = EDGE_LOOP('',(#4355,#4363,#4364,#4365));
#4355 = ORIENTED_EDGE('',*,*,#4356,.T.);
#4356 = EDGE_CURVE('',#4357,#2525,#4359,.T.);
#4357 = VERTEX_POINT('',#4358);
#4358 = CARTESIAN_POINT('',(93.910111890466,-40.16886817859,0.));
#4359 = LINE('',#4360,#4361);
#4360 = CARTESIAN_POINT('',(93.910111890466,-40.16886817859,0.));
#4361 = VECTOR('',#4362,1.);
#4362 = DIRECTION('',(0.,0.,1.));
#4363 = ORIENTED_EDGE('',*,*,#2532,.T.);
#4364 = ORIENTED_EDGE('',*,*,#4332,.F.);
#4365 = ORIENTED_EDGE('',*,*,#4366,.F.);
#4366 = EDGE_CURVE('',#4357,#4333,#4367,.T.);
#4367 = LINE('',#4368,#4369);
#4368 = CARTESIAN_POINT('',(93.805635827743,-40.11418974181,0.));
#4369 = VECTOR('',#4370,1.);
#4370 = DIRECTION('',(0.885995725757,-0.463693405107,0.));
#4371 = PLANE('',#4372);
#4372 = AXIS2_PLACEMENT_3D('',#4373,#4374,#4375);
#4373 = CARTESIAN_POINT('',(93.910111890466,-40.16886817859,0.));
#4374 = DIRECTION('',(0.463693405107,0.885995725757,0.));
#4375 = DIRECTION('',(0.885995725757,-0.463693405107,0.));
#4376 = ADVANCED_FACE('',(#4377),#4395,.F.);
#4377 = FACE_BOUND('',#4378,.F.);
#4378 = EDGE_LOOP('',(#4379,#4387,#4388,#4389));
#4379 = ORIENTED_EDGE('',*,*,#4380,.T.);
#4380 = EDGE_CURVE('',#4381,#2517,#4383,.T.);
#4381 = VERTEX_POINT('',#4382);
#4382 = CARTESIAN_POINT('',(78.499601508848,-33.94262322103,0.));
#4383 = LINE('',#4384,#4385);
#4384 = CARTESIAN_POINT('',(78.499601508848,-33.94262322103,0.));
#4385 = VECTOR('',#4386,1.);
#4386 = DIRECTION('',(0.,0.,1.));
#4387 = ORIENTED_EDGE('',*,*,#2524,.T.);
#4388 = ORIENTED_EDGE('',*,*,#4356,.F.);
#4389 = ORIENTED_EDGE('',*,*,#4390,.F.);
#4390 = EDGE_CURVE('',#4381,#4357,#4391,.T.);
#4391 = LINE('',#4392,#4393);
#4392 = CARTESIAN_POINT('',(78.375644844901,-33.89254152129,0.));
#4393 = VECTOR('',#4394,1.);
#4394 = DIRECTION('',(0.927183967206,-0.374606314625,0.));
#4395 = PLANE('',#4396);
#4396 = AXIS2_PLACEMENT_3D('',#4397,#4398,#4399);
#4397 = CARTESIAN_POINT('',(78.499601508848,-33.94262322103,0.));
#4398 = DIRECTION('',(0.374606314625,0.927183967206,0.));
#4399 = DIRECTION('',(0.927183967206,-0.374606314625,0.));
#4400 = ADVANCED_FACE('',(#4401),#4419,.F.);
#4401 = FACE_BOUND('',#4402,.F.);
#4402 = EDGE_LOOP('',(#4403,#4411,#4412,#4413));
#4403 = ORIENTED_EDGE('',*,*,#4404,.T.);
#4404 = EDGE_CURVE('',#4405,#2509,#4407,.T.);
#4405 = VERTEX_POINT('',#4406);
#4406 = CARTESIAN_POINT('',(76.871262731616,-33.48726985079,0.));
#4407 = LINE('',#4408,#4409);
#4408 = CARTESIAN_POINT('',(76.871262731616,-33.48726985079,0.));
#4409 = VECTOR('',#4410,1.);
#4410 = DIRECTION('',(0.,0.,1.));
#4411 = ORIENTED_EDGE('',*,*,#2516,.T.);
#4412 = ORIENTED_EDGE('',*,*,#4380,.F.);
#4413 = ORIENTED_EDGE('',*,*,#4414,.F.);
#4414 = EDGE_CURVE('',#4405,#4381,#4415,.T.);
#4415 = LINE('',#4416,#4417);
#4416 = CARTESIAN_POINT('',(76.7577535944,-33.45552782702,0.));
#4417 = VECTOR('',#4418,1.);
#4418 = DIRECTION('',(0.963053261259,-0.269311002333,0.));
#4419 = PLANE('',#4420);
#4420 = AXIS2_PLACEMENT_3D('',#4421,#4422,#4423);
#4421 = CARTESIAN_POINT('',(76.871262731616,-33.48726985079,0.));
#4422 = DIRECTION('',(0.269311002333,0.963053261259,0.));
#4423 = DIRECTION('',(0.963053261259,-0.269311002333,0.));
#4424 = ADVANCED_FACE('',(#4425),#4443,.F.);
#4425 = FACE_BOUND('',#4426,.F.);
#4426 = EDGE_LOOP('',(#4427,#4435,#4436,#4437));
#4427 = ORIENTED_EDGE('',*,*,#4428,.T.);
#4428 = EDGE_CURVE('',#4429,#2500,#4431,.T.);
#4429 = VERTEX_POINT('',#4430);
#4430 = CARTESIAN_POINT('',(60.672535862653,-30.6309371065,0.));
#4431 = LINE('',#4432,#4433);
#4432 = CARTESIAN_POINT('',(60.672535862653,-30.6309371065,0.));
#4433 = VECTOR('',#4434,1.);
#4434 = DIRECTION('',(0.,0.,1.));
#4435 = ORIENTED_EDGE('',*,*,#2508,.T.);
#4436 = ORIENTED_EDGE('',*,*,#4404,.F.);
#4437 = ORIENTED_EDGE('',*,*,#4438,.F.);
#4438 = EDGE_CURVE('',#4429,#4405,#4439,.T.);
#4439 = LINE('',#4440,#4441);
#4440 = CARTESIAN_POINT('',(60.672535862653,-30.6309371065,0.));
#4441 = VECTOR('',#4442,1.);
#4442 = DIRECTION('',(0.98480712771,-0.173651723895,0.));
#4443 = PLANE('',#4444);
#4444 = AXIS2_PLACEMENT_3D('',#4445,#4446,#4447);
#4445 = CARTESIAN_POINT('',(60.672535862653,-30.6309371065,0.));
#4446 = DIRECTION('',(0.173651723895,0.98480712771,0.));
#4447 = DIRECTION('',(0.98480712771,-0.173651723895,0.));
#4448 = ADVANCED_FACE('',(#4449),#4468,.T.);
#4449 = FACE_BOUND('',#4450,.T.);
#4450 = EDGE_LOOP('',(#4451,#4452,#4453,#4461));
#4451 = ORIENTED_EDGE('',*,*,#4428,.T.);
#4452 = ORIENTED_EDGE('',*,*,#2499,.T.);
#4453 = ORIENTED_EDGE('',*,*,#4454,.F.);
#4454 = EDGE_CURVE('',#4455,#2492,#4457,.T.);
#4455 = VERTEX_POINT('',#4456);
#4456 = CARTESIAN_POINT('',(60.544453471105,-30.60473657395,0.));
#4457 = LINE('',#4458,#4459);
#4458 = CARTESIAN_POINT('',(60.544453471105,-30.60473657395,0.));
#4459 = VECTOR('',#4460,1.);
#4460 = DIRECTION('',(0.,0.,1.));
#4461 = ORIENTED_EDGE('',*,*,#4462,.F.);
#4462 = EDGE_CURVE('',#4429,#4455,#4463,.T.);
#4463 = CIRCLE('',#4464,2.4);
#4464 = AXIS2_PLACEMENT_3D('',#4465,#4466,#4467);
#4465 = CARTESIAN_POINT('',(61.0893,-28.2674,0.));
#4466 = DIRECTION('',(0.,-0.,-1.));
#4467 = DIRECTION('',(0.98480712771,-0.173651723895,0.));
#4468 = CYLINDRICAL_SURFACE('',#4469,2.4);
#4469 = AXIS2_PLACEMENT_3D('',#4470,#4471,#4472);
#4470 = CARTESIAN_POINT('',(61.0893,-28.2674,0.));
#4471 = DIRECTION('',(0.,0.,-1.));
#4472 = DIRECTION('',(0.98480712771,-0.173651723895,0.));
#4473 = ADVANCED_FACE('',(#4474),#4492,.F.);
#4474 = FACE_BOUND('',#4475,.F.);
#4475 = EDGE_LOOP('',(#4476,#4484,#4485,#4486));
#4476 = ORIENTED_EDGE('',*,*,#4477,.T.);
#4477 = EDGE_CURVE('',#4478,#2483,#4480,.T.);
#4478 = VERTEX_POINT('',#4479);
#4479 = CARTESIAN_POINT('',(60.119753471105,-30.50573657395,0.));
#4480 = LINE('',#4481,#4482);
#4481 = CARTESIAN_POINT('',(60.119753471105,-30.50573657395,0.));
#4482 = VECTOR('',#4483,1.);
#4483 = DIRECTION('',(0.,0.,1.));
#4484 = ORIENTED_EDGE('',*,*,#2491,.T.);
#4485 = ORIENTED_EDGE('',*,*,#4454,.F.);
#4486 = ORIENTED_EDGE('',*,*,#4487,.F.);
#4487 = EDGE_CURVE('',#4478,#4455,#4488,.T.);
#4488 = LINE('',#4489,#4490);
#4489 = CARTESIAN_POINT('',(60.119753471105,-30.50573657395,0.));
#4490 = VECTOR('',#4491,1.);
#4491 = DIRECTION('',(0.973890239148,-0.227019387039,0.));
#4492 = PLANE('',#4493);
#4493 = AXIS2_PLACEMENT_3D('',#4494,#4495,#4496);
#4494 = CARTESIAN_POINT('',(60.119753471105,-30.50573657395,0.));
#4495 = DIRECTION('',(0.227019387039,0.973890239148,0.));
#4496 = DIRECTION('',(0.973890239148,-0.227019387039,0.));
#4497 = ADVANCED_FACE('',(#4498),#4517,.T.);
#4498 = FACE_BOUND('',#4499,.T.);
#4499 = EDGE_LOOP('',(#4500,#4501,#4502,#4510));
#4500 = ORIENTED_EDGE('',*,*,#4477,.T.);
#4501 = ORIENTED_EDGE('',*,*,#2482,.T.);
#4502 = ORIENTED_EDGE('',*,*,#4503,.F.);
#4503 = EDGE_CURVE('',#4504,#2475,#4506,.T.);
#4504 = VERTEX_POINT('',#4505);
#4505 = CARTESIAN_POINT('',(59.770308149527,-30.39556009442,0.));
#4506 = LINE('',#4507,#4508);
#4507 = CARTESIAN_POINT('',(59.770308149527,-30.39556009442,0.));
#4508 = VECTOR('',#4509,1.);
#4509 = DIRECTION('',(0.,0.,1.));
#4510 = ORIENTED_EDGE('',*,*,#4511,.F.);
#4511 = EDGE_CURVE('',#4478,#4504,#4512,.T.);
#4512 = CIRCLE('',#4513,2.4);
#4513 = AXIS2_PLACEMENT_3D('',#4514,#4515,#4516);
#4514 = CARTESIAN_POINT('',(60.6646,-28.1684,0.));
#4515 = DIRECTION('',(0.,-0.,-1.));
#4516 = DIRECTION('',(0.973890239148,-0.227019387039,0.));
#4517 = CYLINDRICAL_SURFACE('',#4518,2.4);
#4518 = AXIS2_PLACEMENT_3D('',#4519,#4520,#4521);
#4519 = CARTESIAN_POINT('',(60.6646,-28.1684,0.));
#4520 = DIRECTION('',(0.,0.,-1.));
#4521 = DIRECTION('',(0.973890239148,-0.227019387039,0.));
#4522 = ADVANCED_FACE('',(#4523),#4541,.F.);
#4523 = FACE_BOUND('',#4524,.F.);
#4524 = EDGE_LOOP('',(#4525,#4533,#4534,#4535));
#4525 = ORIENTED_EDGE('',*,*,#4526,.T.);
#4526 = EDGE_CURVE('',#4527,#2466,#4529,.T.);
#4527 = VERTEX_POINT('',#4528);
#4528 = CARTESIAN_POINT('',(59.042608149527,-30.10336009442,0.));
#4529 = LINE('',#4530,#4531);
#4530 = CARTESIAN_POINT('',(59.042608149527,-30.10336009442,0.));
#4531 = VECTOR('',#4532,1.);
#4532 = DIRECTION('',(0.,0.,1.));
#4533 = ORIENTED_EDGE('',*,*,#2474,.T.);
#4534 = ORIENTED_EDGE('',*,*,#4503,.F.);
#4535 = ORIENTED_EDGE('',*,*,#4536,.F.);
#4536 = EDGE_CURVE('',#4527,#4504,#4537,.T.);
#4537 = LINE('',#4538,#4539);
#4538 = CARTESIAN_POINT('',(59.042608149527,-30.10336009442,0.));
#4539 = VECTOR('',#4540,1.);
#4540 = DIRECTION('',(0.927983372675,-0.372621604364,0.));
#4541 = PLANE('',#4542);
#4542 = AXIS2_PLACEMENT_3D('',#4543,#4544,#4545);
#4543 = CARTESIAN_POINT('',(59.042608149527,-30.10336009442,0.));
#4544 = DIRECTION('',(0.372621604364,0.927983372675,0.));
#4545 = DIRECTION('',(0.927983372675,-0.372621604364,0.));
#4546 = ADVANCED_FACE('',(#4547),#4566,.T.);
#4547 = FACE_BOUND('',#4548,.T.);
#4548 = EDGE_LOOP('',(#4549,#4550,#4551,#4559));
#4549 = ORIENTED_EDGE('',*,*,#4526,.T.);
#4550 = ORIENTED_EDGE('',*,*,#2465,.T.);
#4551 = ORIENTED_EDGE('',*,*,#4552,.F.);
#4552 = EDGE_CURVE('',#4553,#2458,#4555,.T.);
#4553 = VERTEX_POINT('',#4554);
#4554 = CARTESIAN_POINT('',(58.625390544573,-29.88616093204,0.));
#4555 = LINE('',#4556,#4557);
#4556 = CARTESIAN_POINT('',(58.625390544573,-29.88616093204,0.));
#4557 = VECTOR('',#4558,1.);
#4558 = DIRECTION('',(0.,0.,1.));
#4559 = ORIENTED_EDGE('',*,*,#4560,.F.);
#4560 = EDGE_CURVE('',#4527,#4553,#4561,.T.);
#4561 = CIRCLE('',#4562,2.4);
#4562 = AXIS2_PLACEMENT_3D('',#4563,#4564,#4565);
#4563 = CARTESIAN_POINT('',(59.9369,-27.8762,0.));
#4564 = DIRECTION('',(0.,-0.,-1.));
#4565 = DIRECTION('',(0.927983372675,-0.372621604364,0.));
#4566 = CYLINDRICAL_SURFACE('',#4567,2.4);
#4567 = AXIS2_PLACEMENT_3D('',#4568,#4569,#4570);
#4568 = CARTESIAN_POINT('',(59.9369,-27.8762,0.));
#4569 = DIRECTION('',(0.,0.,-1.));
#4570 = DIRECTION('',(0.927983372675,-0.372621604364,0.));
#4571 = ADVANCED_FACE('',(#4572),#4590,.F.);
#4572 = FACE_BOUND('',#4573,.F.);
#4573 = EDGE_LOOP('',(#4574,#4582,#4583,#4584));
#4574 = ORIENTED_EDGE('',*,*,#4575,.T.);
#4575 = EDGE_CURVE('',#4576,#2449,#4578,.T.);
#4576 = VERTEX_POINT('',#4577);
#4577 = CARTESIAN_POINT('',(57.968690544573,-29.45766093204,0.));
#4578 = LINE('',#4579,#4580);
#4579 = CARTESIAN_POINT('',(57.968690544573,-29.45766093204,0.));
#4580 = VECTOR('',#4581,1.);
#4581 = DIRECTION('',(0.,0.,1.));
#4582 = ORIENTED_EDGE('',*,*,#2457,.T.);
#4583 = ORIENTED_EDGE('',*,*,#4552,.F.);
#4584 = ORIENTED_EDGE('',*,*,#4585,.F.);
#4585 = EDGE_CURVE('',#4576,#4553,#4586,.T.);
#4586 = LINE('',#4587,#4588);
#4587 = CARTESIAN_POINT('',(57.968690544573,-29.45766093204,0.));
#4588 = VECTOR('',#4589,1.);
#4589 = DIRECTION('',(0.837483721683,-0.546462273095,0.));
#4590 = PLANE('',#4591);
#4591 = AXIS2_PLACEMENT_3D('',#4592,#4593,#4594);
#4592 = CARTESIAN_POINT('',(57.968690544573,-29.45766093204,0.));
#4593 = DIRECTION('',(0.546462273095,0.837483721683,0.));
#4594 = DIRECTION('',(0.837483721683,-0.546462273095,0.));
#4595 = ADVANCED_FACE('',(#4596),#4615,.T.);
#4596 = FACE_BOUND('',#4597,.T.);
#4597 = EDGE_LOOP('',(#4598,#4599,#4600,#4608));
#4598 = ORIENTED_EDGE('',*,*,#4575,.T.);
#4599 = ORIENTED_EDGE('',*,*,#2448,.T.);
#4600 = ORIENTED_EDGE('',*,*,#4601,.F.);
#4601 = EDGE_CURVE('',#4602,#2441,#4604,.T.);
#4602 = VERTEX_POINT('',#4603);
#4603 = CARTESIAN_POINT('',(57.601761437491,-29.16317194435,0.));
#4604 = LINE('',#4605,#4606);
#4605 = CARTESIAN_POINT('',(57.601761437491,-29.16317194435,0.));
#4606 = VECTOR('',#4607,1.);
#4607 = DIRECTION('',(0.,0.,1.));
#4608 = ORIENTED_EDGE('',*,*,#4609,.F.);
#4609 = EDGE_CURVE('',#4576,#4602,#4610,.T.);
#4610 = CIRCLE('',#4611,2.4);
#4611 = AXIS2_PLACEMENT_3D('',#4612,#4613,#4614);
#4612 = CARTESIAN_POINT('',(59.2802,-27.4477,0.));
#4613 = DIRECTION('',(0.,-0.,-1.));
#4614 = DIRECTION('',(0.837483721683,-0.546462273095,0.));
#4615 = CYLINDRICAL_SURFACE('',#4616,2.4);
#4616 = AXIS2_PLACEMENT_3D('',#4617,#4618,#4619);
#4617 = CARTESIAN_POINT('',(59.2802,-27.4477,0.));
#4618 = DIRECTION('',(0.,0.,-1.));
#4619 = DIRECTION('',(0.837483721683,-0.546462273095,0.));
#4620 = ADVANCED_FACE('',(#4621),#4639,.F.);
#4621 = FACE_BOUND('',#4622,.F.);
#4622 = EDGE_LOOP('',(#4623,#4631,#4632,#4633));
#4623 = ORIENTED_EDGE('',*,*,#4624,.T.);
#4624 = EDGE_CURVE('',#4625,#2432,#4627,.T.);
#4625 = VERTEX_POINT('',#4626);
#4626 = CARTESIAN_POINT('',(57.041261437491,-28.61477194435,0.));
#4627 = LINE('',#4628,#4629);
#4628 = CARTESIAN_POINT('',(57.041261437491,-28.61477194435,0.));
#4629 = VECTOR('',#4630,1.);
#4630 = DIRECTION('',(0.,0.,1.));
#4631 = ORIENTED_EDGE('',*,*,#2440,.T.);
#4632 = ORIENTED_EDGE('',*,*,#4601,.F.);
#4633 = ORIENTED_EDGE('',*,*,#4634,.F.);
#4634 = EDGE_CURVE('',#4625,#4602,#4635,.T.);
#4635 = LINE('',#4636,#4637);
#4636 = CARTESIAN_POINT('',(57.041261437491,-28.61477194435,0.));
#4637 = VECTOR('',#4638,1.);
#4638 = DIRECTION('',(0.714779976816,-0.699349401045,0.));
#4639 = PLANE('',#4640);
#4640 = AXIS2_PLACEMENT_3D('',#4641,#4642,#4643);
#4641 = CARTESIAN_POINT('',(57.041261437491,-28.61477194435,0.));
#4642 = DIRECTION('',(0.699349401045,0.714779976816,0.));
#4643 = DIRECTION('',(0.714779976816,-0.699349401045,0.));
#4644 = ADVANCED_FACE('',(#4645),#4664,.T.);
#4645 = FACE_BOUND('',#4646,.T.);
#4646 = EDGE_LOOP('',(#4647,#4648,#4649,#4657));
#4647 = ORIENTED_EDGE('',*,*,#4624,.T.);
#4648 = ORIENTED_EDGE('',*,*,#2431,.T.);
#4649 = ORIENTED_EDGE('',*,*,#4650,.F.);
#4650 = EDGE_CURVE('',#4651,#2424,#4653,.T.);
#4651 = VERTEX_POINT('',#4652);
#4652 = CARTESIAN_POINT('',(56.738789917215,-28.25428901985,0.));
#4653 = LINE('',#4654,#4655);
#4654 = CARTESIAN_POINT('',(56.738789917215,-28.25428901985,0.));
#4655 = VECTOR('',#4656,1.);
#4656 = DIRECTION('',(0.,0.,1.));
#4657 = ORIENTED_EDGE('',*,*,#4658,.F.);
#4658 = EDGE_CURVE('',#4625,#4651,#4659,.T.);
#4659 = CIRCLE('',#4660,2.4);
#4660 = AXIS2_PLACEMENT_3D('',#4661,#4662,#4663);
#4661 = CARTESIAN_POINT('',(58.7197,-26.8993,0.));
#4662 = DIRECTION('',(0.,-0.,-1.));
#4663 = DIRECTION('',(0.714779976816,-0.699349401045,0.));
#4664 = CYLINDRICAL_SURFACE('',#4665,2.4);
#4665 = AXIS2_PLACEMENT_3D('',#4666,#4667,#4668);
#4666 = CARTESIAN_POINT('',(58.7197,-26.8993,0.));
#4667 = DIRECTION('',(0.,0.,-1.));
#4668 = DIRECTION('',(0.714779976816,-0.699349401045,0.));
#4669 = ADVANCED_FACE('',(#4670),#4688,.F.);
#4670 = FACE_BOUND('',#4671,.F.);
#4671 = EDGE_LOOP('',(#4672,#4680,#4681,#4682));
#4672 = ORIENTED_EDGE('',*,*,#4673,.T.);
#4673 = EDGE_CURVE('',#4674,#2415,#4676,.T.);
#4674 = VERTEX_POINT('',#4675);
#4675 = CARTESIAN_POINT('',(56.296089917215,-27.60708901985,0.));
#4676 = LINE('',#4677,#4678);
#4677 = CARTESIAN_POINT('',(56.296089917215,-27.60708901985,0.));
#4678 = VECTOR('',#4679,1.);
#4679 = DIRECTION('',(0.,0.,1.));
#4680 = ORIENTED_EDGE('',*,*,#2423,.T.);
#4681 = ORIENTED_EDGE('',*,*,#4650,.F.);
#4682 = ORIENTED_EDGE('',*,*,#4683,.F.);
#4683 = EDGE_CURVE('',#4674,#4651,#4684,.T.);
#4684 = LINE('',#4685,#4686);
#4685 = CARTESIAN_POINT('',(56.296089917215,-27.60708901985,0.));
#4686 = VECTOR('',#4687,1.);
#4687 = DIRECTION('',(0.564578758272,-0.82537920116,0.));
#4688 = PLANE('',#4689);
#4689 = AXIS2_PLACEMENT_3D('',#4690,#4691,#4692);
#4690 = CARTESIAN_POINT('',(56.296089917215,-27.60708901985,0.));
#4691 = DIRECTION('',(0.82537920116,0.564578758272,0.));
#4692 = DIRECTION('',(0.564578758272,-0.82537920116,0.));
#4693 = ADVANCED_FACE('',(#4694),#4713,.T.);
#4694 = FACE_BOUND('',#4695,.T.);
#4695 = EDGE_LOOP('',(#4696,#4697,#4698,#4706));
#4696 = ORIENTED_EDGE('',*,*,#4673,.T.);
#4697 = ORIENTED_EDGE('',*,*,#2414,.T.);
#4698 = ORIENTED_EDGE('',*,*,#4699,.F.);
#4699 = EDGE_CURVE('',#4700,#2407,#4702,.T.);
#4700 = VERTEX_POINT('',#4701);
#4701 = CARTESIAN_POINT('',(56.069897881656,-27.19480898966,0.));
#4702 = LINE('',#4703,#4704);
#4703 = CARTESIAN_POINT('',(56.069897881656,-27.19480898966,0.));
#4704 = VECTOR('',#4705,1.);
#4705 = DIRECTION('',(0.,0.,1.));
#4706 = ORIENTED_EDGE('',*,*,#4707,.F.);
#4707 = EDGE_CURVE('',#4674,#4700,#4708,.T.);
#4708 = CIRCLE('',#4709,2.4);
#4709 = AXIS2_PLACEMENT_3D('',#4710,#4711,#4712);
#4710 = CARTESIAN_POINT('',(58.277,-26.2521,0.));
#4711 = DIRECTION('',(0.,-0.,-1.));
#4712 = DIRECTION('',(0.564578758272,-0.82537920116,0.));
#4713 = CYLINDRICAL_SURFACE('',#4714,2.4);
#4714 = AXIS2_PLACEMENT_3D('',#4715,#4716,#4717);
#4715 = CARTESIAN_POINT('',(58.277,-26.2521,0.));
#4716 = DIRECTION('',(0.,0.,-1.));
#4717 = DIRECTION('',(0.564578758272,-0.82537920116,0.));
#4718 = ADVANCED_FACE('',(#4719),#4737,.F.);
#4719 = FACE_BOUND('',#4720,.F.);
#4720 = EDGE_LOOP('',(#4721,#4729,#4730,#4731));
#4721 = ORIENTED_EDGE('',*,*,#4722,.T.);
#4722 = EDGE_CURVE('',#4723,#2398,#4725,.T.);
#4723 = VERTEX_POINT('',#4724);
#4724 = CARTESIAN_POINT('',(55.761897881656,-26.47370898966,0.));
#4725 = LINE('',#4726,#4727);
#4726 = CARTESIAN_POINT('',(55.761897881656,-26.47370898966,0.));
#4727 = VECTOR('',#4728,1.);
#4728 = DIRECTION('',(0.,0.,1.));
#4729 = ORIENTED_EDGE('',*,*,#2406,.T.);
#4730 = ORIENTED_EDGE('',*,*,#4699,.F.);
#4731 = ORIENTED_EDGE('',*,*,#4732,.F.);
#4732 = EDGE_CURVE('',#4723,#4700,#4733,.T.);
#4733 = LINE('',#4734,#4735);
#4734 = CARTESIAN_POINT('',(55.761897881656,-26.47370898966,0.));
#4735 = VECTOR('',#4736,1.);
#4736 = DIRECTION('',(0.392795412362,-0.919625882643,0.));
#4737 = PLANE('',#4738);
#4738 = AXIS2_PLACEMENT_3D('',#4739,#4740,#4741);
#4739 = CARTESIAN_POINT('',(55.761897881656,-26.47370898966,0.));
#4740 = DIRECTION('',(0.919625882643,0.392795412362,0.));
#4741 = DIRECTION('',(0.392795412362,-0.919625882643,0.));
#4742 = ADVANCED_FACE('',(#4743),#4762,.T.);
#4743 = FACE_BOUND('',#4744,.T.);
#4744 = EDGE_LOOP('',(#4745,#4746,#4747,#4755));
#4745 = ORIENTED_EDGE('',*,*,#4722,.T.);
#4746 = ORIENTED_EDGE('',*,*,#2397,.T.);
#4747 = ORIENTED_EDGE('',*,*,#4748,.F.);
#4748 = EDGE_CURVE('',#4749,#2390,#4751,.T.);
#4749 = VERTEX_POINT('',#4750);
#4750 = CARTESIAN_POINT('',(55.620334472563,-26.0247309391,0.));
#4751 = LINE('',#4752,#4753);
#4752 = CARTESIAN_POINT('',(55.620334472563,-26.0247309391,0.));
#4753 = VECTOR('',#4754,1.);
#4754 = DIRECTION('',(0.,0.,1.));
#4755 = ORIENTED_EDGE('',*,*,#4756,.F.);
#4756 = EDGE_CURVE('',#4723,#4749,#4757,.T.);
#4757 = CIRCLE('',#4758,2.4);
#4758 = AXIS2_PLACEMENT_3D('',#4759,#4760,#4761);
#4759 = CARTESIAN_POINT('',(57.969,-25.531,0.));
#4760 = DIRECTION('',(0.,-0.,-1.));
#4761 = DIRECTION('',(0.392795412362,-0.919625882643,0.));
#4762 = CYLINDRICAL_SURFACE('',#4763,2.4);
#4763 = AXIS2_PLACEMENT_3D('',#4764,#4765,#4766);
#4764 = CARTESIAN_POINT('',(57.969,-25.531,0.));
#4765 = DIRECTION('',(0.,0.,-1.));
#4766 = DIRECTION('',(0.392795412362,-0.919625882643,0.));
#4767 = ADVANCED_FACE('',(#4768),#4786,.F.);
#4768 = FACE_BOUND('',#4769,.F.);
#4769 = EDGE_LOOP('',(#4770,#4778,#4779,#4780));
#4770 = ORIENTED_EDGE('',*,*,#4771,.T.);
#4771 = EDGE_CURVE('',#4772,#2381,#4774,.T.);
#4772 = VERTEX_POINT('',#4773);
#4773 = CARTESIAN_POINT('',(55.459034472563,-25.2574309391,0.));
#4774 = LINE('',#4775,#4776);
#4775 = CARTESIAN_POINT('',(55.459034472563,-25.2574309391,0.));
#4776 = VECTOR('',#4777,1.);
#4777 = DIRECTION('',(0.,0.,1.));
#4778 = ORIENTED_EDGE('',*,*,#2389,.T.);
#4779 = ORIENTED_EDGE('',*,*,#4748,.F.);
#4780 = ORIENTED_EDGE('',*,*,#4781,.F.);
#4781 = EDGE_CURVE('',#4772,#4749,#4782,.T.);
#4782 = LINE('',#4783,#4784);
#4783 = CARTESIAN_POINT('',(55.459034472563,-25.2574309391,0.));
#4784 = VECTOR('',#4785,1.);
#4785 = DIRECTION('',(0.205721224627,-0.978610636432,0.));
#4786 = PLANE('',#4787);
#4787 = AXIS2_PLACEMENT_3D('',#4788,#4789,#4790);
#4788 = CARTESIAN_POINT('',(55.459034472563,-25.2574309391,0.));
#4789 = DIRECTION('',(0.978610636432,0.205721224627,0.));
#4790 = DIRECTION('',(0.205721224627,-0.978610636432,0.));
#4791 = ADVANCED_FACE('',(#4792),#4811,.T.);
#4792 = FACE_BOUND('',#4793,.T.);
#4793 = EDGE_LOOP('',(#4794,#4795,#4796,#4804));
#4794 = ORIENTED_EDGE('',*,*,#4771,.T.);
#4795 = ORIENTED_EDGE('',*,*,#2380,.T.);
#4796 = ORIENTED_EDGE('',*,*,#4797,.F.);
#4797 = EDGE_CURVE('',#4798,#2373,#4800,.T.);
#4798 = VERTEX_POINT('',#4799);
#4799 = CARTESIAN_POINT('',(55.40784434311,-24.79002158991,0.));
#4800 = LINE('',#4801,#4802);
#4801 = CARTESIAN_POINT('',(55.40784434311,-24.79002158991,0.));
#4802 = VECTOR('',#4803,1.);
#4803 = DIRECTION('',(0.,0.,1.));
#4804 = ORIENTED_EDGE('',*,*,#4805,.F.);
#4805 = EDGE_CURVE('',#4772,#4798,#4806,.T.);
#4806 = CIRCLE('',#4807,2.4);
#4807 = AXIS2_PLACEMENT_3D('',#4808,#4809,#4810);
#4808 = CARTESIAN_POINT('',(57.8077,-24.7637,0.));
#4809 = DIRECTION('',(0.,-0.,-1.));
#4810 = DIRECTION('',(0.205721224627,-0.978610636432,0.));
#4811 = CYLINDRICAL_SURFACE('',#4812,2.4);
#4812 = AXIS2_PLACEMENT_3D('',#4813,#4814,#4815);
#4813 = CARTESIAN_POINT('',(57.8077,-24.7637,0.));
#4814 = DIRECTION('',(0.,0.,-1.));
#4815 = DIRECTION('',(0.205721224627,-0.978610636432,0.));
#4816 = ADVANCED_FACE('',(#4817),#4835,.F.);
#4817 = FACE_BOUND('',#4818,.F.);
#4818 = EDGE_LOOP('',(#4819,#4827,#4828,#4829));
#4819 = ORIENTED_EDGE('',*,*,#4820,.T.);
#4820 = EDGE_CURVE('',#4821,#2364,#4823,.T.);
#4821 = VERTEX_POINT('',#4822);
#4822 = CARTESIAN_POINT('',(55.39924434311,-24.00592158991,0.));
#4823 = LINE('',#4824,#4825);
#4824 = CARTESIAN_POINT('',(55.39924434311,-24.00592158991,0.));
#4825 = VECTOR('',#4826,1.);
#4826 = DIRECTION('',(0.,0.,1.));
#4827 = ORIENTED_EDGE('',*,*,#2372,.T.);
#4828 = ORIENTED_EDGE('',*,*,#4797,.F.);
#4829 = ORIENTED_EDGE('',*,*,#4830,.F.);
#4830 = EDGE_CURVE('',#4821,#4798,#4831,.T.);
#4831 = LINE('',#4832,#4833);
#4832 = CARTESIAN_POINT('',(55.39924434311,-24.00592158991,0.));
#4833 = VECTOR('',#4834,1.);
#4834 = DIRECTION('',(1.096732912959E-02,-0.999939857037,0.));
#4835 = PLANE('',#4836);
#4836 = AXIS2_PLACEMENT_3D('',#4837,#4838,#4839);
#4837 = CARTESIAN_POINT('',(55.39924434311,-24.00592158991,0.));
#4838 = DIRECTION('',(0.999939857037,1.096732912959E-02,0.));
#4839 = DIRECTION('',(1.096732912959E-02,-0.999939857037,0.));
#4840 = ADVANCED_FACE('',(#4841),#4860,.T.);
#4841 = FACE_BOUND('',#4842,.T.);
#4842 = EDGE_LOOP('',(#4843,#4844,#4845,#4853));
#4843 = ORIENTED_EDGE('',*,*,#4820,.T.);
#4844 = ORIENTED_EDGE('',*,*,#2363,.T.);
#4845 = ORIENTED_EDGE('',*,*,#4846,.F.);
#4846 = EDGE_CURVE('',#4847,#2356,#4849,.T.);
#4847 = VERTEX_POINT('',#4848);
#4848 = CARTESIAN_POINT('',(55.408231307829,-23.77044241157,0.));
#4849 = LINE('',#4850,#4851);
#4850 = CARTESIAN_POINT('',(55.408231307829,-23.77044241157,0.));
#4851 = VECTOR('',#4852,1.);
#4852 = DIRECTION('',(0.,0.,1.));
#4853 = ORIENTED_EDGE('',*,*,#4854,.F.);
#4854 = EDGE_CURVE('',#4821,#4847,#4855,.T.);
#4855 = CIRCLE('',#4856,2.4);
#4856 = AXIS2_PLACEMENT_3D('',#4857,#4858,#4859);
#4857 = CARTESIAN_POINT('',(57.7991,-23.9796,0.));
#4858 = DIRECTION('',(0.,-0.,-1.));
#4859 = DIRECTION('',(1.096732912959E-02,-0.999939857037,0.));
#4860 = CYLINDRICAL_SURFACE('',#4861,2.4);
#4861 = AXIS2_PLACEMENT_3D('',#4862,#4863,#4864);
#4862 = CARTESIAN_POINT('',(57.7991,-23.9796,0.));
#4863 = DIRECTION('',(0.,0.,-1.));
#4864 = DIRECTION('',(1.096732912959E-02,-0.999939857037,0.));
#4865 = ADVANCED_FACE('',(#4866),#4884,.F.);
#4866 = FACE_BOUND('',#4867,.F.);
#4867 = EDGE_LOOP('',(#4868,#4876,#4877,#4878));
#4868 = ORIENTED_EDGE('',*,*,#4869,.T.);
#4869 = EDGE_CURVE('',#4870,#2348,#4872,.T.);
#4870 = VERTEX_POINT('',#4871);
#4871 = CARTESIAN_POINT('',(55.503182917459,-22.68505587386,0.));
#4872 = LINE('',#4873,#4874);
#4873 = CARTESIAN_POINT('',(55.503182917459,-22.68505587386,0.));
#4874 = VECTOR('',#4875,1.);
#4875 = DIRECTION('',(0.,0.,1.));
#4876 = ORIENTED_EDGE('',*,*,#2355,.T.);
#4877 = ORIENTED_EDGE('',*,*,#4846,.F.);
#4878 = ORIENTED_EDGE('',*,*,#4879,.F.);
#4879 = EDGE_CURVE('',#4870,#4847,#4880,.T.);
#4880 = LINE('',#4881,#4882);
#4881 = CARTESIAN_POINT('',(55.522631307829,-22.46274241157,0.));
#4882 = VECTOR('',#4883,1.);
#4883 = DIRECTION('',(-8.71489951774E-02,-0.996195288405,0.));
#4884 = PLANE('',#4885);
#4885 = AXIS2_PLACEMENT_3D('',#4886,#4887,#4888);
#4886 = CARTESIAN_POINT('',(55.503182917459,-22.68505587386,0.));
#4887 = DIRECTION('',(0.996195288405,-8.71489951774E-02,0.));
#4888 = DIRECTION('',(-8.71489951774E-02,-0.996195288405,0.));
#4889 = ADVANCED_FACE('',(#4890),#4908,.F.);
#4890 = FACE_BOUND('',#4891,.F.);
#4891 = EDGE_LOOP('',(#4892,#4900,#4901,#4902));
#4892 = ORIENTED_EDGE('',*,*,#4893,.T.);
#4893 = EDGE_CURVE('',#4894,#2340,#4896,.T.);
#4894 = VERTEX_POINT('',#4895);
#4895 = CARTESIAN_POINT('',(55.392721144377,-21.56353145365,0.));
#4896 = LINE('',#4897,#4898);
#4897 = CARTESIAN_POINT('',(55.392721144377,-21.56353145365,0.));
#4898 = VECTOR('',#4899,1.);
#4899 = DIRECTION('',(0.,0.,1.));
#4900 = ORIENTED_EDGE('',*,*,#2347,.T.);
#4901 = ORIENTED_EDGE('',*,*,#4869,.F.);
#4902 = ORIENTED_EDGE('',*,*,#4903,.F.);
#4903 = EDGE_CURVE('',#4894,#4870,#4904,.T.);
#4904 = LINE('',#4905,#4906);
#4905 = CARTESIAN_POINT('',(55.369556917536,-21.32834379232,0.));
#4906 = VECTOR('',#4907,1.);
#4907 = DIRECTION('',(9.801824680222E-02,-0.995184617694,0.));
#4908 = PLANE('',#4909);
#4909 = AXIS2_PLACEMENT_3D('',#4910,#4911,#4912);
#4910 = CARTESIAN_POINT('',(55.392721144377,-21.56353145365,0.));
#4911 = DIRECTION('',(0.995184617694,9.801824680222E-02,0.));
#4912 = DIRECTION('',(9.801824680222E-02,-0.995184617694,0.));
#4913 = ADVANCED_FACE('',(#4914),#4932,.F.);
#4914 = FACE_BOUND('',#4915,.F.);
#4915 = EDGE_LOOP('',(#4916,#4924,#4925,#4926));
#4916 = ORIENTED_EDGE('',*,*,#4917,.T.);
#4917 = EDGE_CURVE('',#4918,#2332,#4920,.T.);
#4918 = VERTEX_POINT('',#4919);
#4919 = CARTESIAN_POINT('',(55.075842755657,-20.51876086658,0.));
#4920 = LINE('',#4921,#4922);
#4921 = CARTESIAN_POINT('',(55.075842755657,-20.51876086658,0.));
#4922 = VECTOR('',#4923,1.);
#4923 = DIRECTION('',(0.,0.,1.));
#4924 = ORIENTED_EDGE('',*,*,#2339,.T.);
#4925 = ORIENTED_EDGE('',*,*,#4893,.F.);
#4926 = ORIENTED_EDGE('',*,*,#4927,.F.);
#4927 = EDGE_CURVE('',#4918,#4894,#4928,.T.);
#4928 = LINE('',#4929,#4930);
#4929 = CARTESIAN_POINT('',(55.007213089075,-20.29248397425,0.));
#4930 = VECTOR('',#4931,1.);
#4931 = DIRECTION('',(0.290243322605,-0.956952879552,0.));
#4932 = PLANE('',#4933);
#4933 = AXIS2_PLACEMENT_3D('',#4934,#4935,#4936);
#4934 = CARTESIAN_POINT('',(55.075842755657,-20.51876086658,0.));
#4935 = DIRECTION('',(0.956952879552,0.290243322605,0.));
#4936 = DIRECTION('',(0.290243322605,-0.956952879552,0.));
#4937 = ADVANCED_FACE('',(#4938),#4956,.F.);
#4938 = FACE_BOUND('',#4939,.F.);
#4939 = EDGE_LOOP('',(#4940,#4948,#4949,#4950));
#4940 = ORIENTED_EDGE('',*,*,#4941,.T.);
#4941 = EDGE_CURVE('',#4942,#2324,#4944,.T.);
#4942 = VERTEX_POINT('',#4943);
#4943 = CARTESIAN_POINT('',(54.561224423718,-19.556023358,0.));
#4944 = LINE('',#4945,#4946);
#4945 = CARTESIAN_POINT('',(54.561224423718,-19.556023358,0.));
#4946 = VECTOR('',#4947,1.);
#4947 = DIRECTION('',(0.,0.,1.));
#4948 = ORIENTED_EDGE('',*,*,#2331,.T.);
#4949 = ORIENTED_EDGE('',*,*,#4917,.F.);
#4950 = ORIENTED_EDGE('',*,*,#4951,.F.);
#4951 = EDGE_CURVE('',#4942,#4918,#4952,.T.);
#4952 = LINE('',#4953,#4954);
#4953 = CARTESIAN_POINT('',(54.449811279035,-19.34759391296,0.));
#4954 = VECTOR('',#4955,1.);
#4955 = DIRECTION('',(0.4714141304,-0.881911967069,0.));
#4956 = PLANE('',#4957);
#4957 = AXIS2_PLACEMENT_3D('',#4958,#4959,#4960);
#4958 = CARTESIAN_POINT('',(54.561224423718,-19.556023358,0.));
#4959 = DIRECTION('',(0.881911967069,0.4714141304,0.));
#4960 = DIRECTION('',(0.4714141304,-0.881911967069,0.));
#4961 = ADVANCED_FACE('',(#4962),#4980,.F.);
#4962 = FACE_BOUND('',#4963,.F.);
#4963 = EDGE_LOOP('',(#4964,#4972,#4973,#4974));
#4964 = ORIENTED_EDGE('',*,*,#4965,.T.);
#4965 = EDGE_CURVE('',#4966,#2316,#4968,.T.);
#4966 = VERTEX_POINT('',#4967);
#4967 = CARTESIAN_POINT('',(53.868629994653,-18.71207000534,0.));
#4968 = LINE('',#4969,#4970);
#4969 = CARTESIAN_POINT('',(53.868629994653,-18.71207000534,0.));
#4970 = VECTOR('',#4971,1.);
#4971 = DIRECTION('',(0.,0.,1.));
#4972 = ORIENTED_EDGE('',*,*,#2323,.T.);
#4973 = ORIENTED_EDGE('',*,*,#4941,.F.);
#4974 = ORIENTED_EDGE('',*,*,#4975,.F.);
#4975 = EDGE_CURVE('',#4966,#4942,#4976,.T.);
#4976 = LINE('',#4977,#4978);
#4977 = CARTESIAN_POINT('',(53.71865314913,-18.52931736355,0.));
#4978 = VECTOR('',#4979,1.);
#4979 = DIRECTION('',(0.634382234816,-0.773019521196,0.));
#4980 = PLANE('',#4981);
#4981 = AXIS2_PLACEMENT_3D('',#4982,#4983,#4984);
#4982 = CARTESIAN_POINT('',(53.868629994653,-18.71207000534,0.));
#4983 = DIRECTION('',(0.773019521196,0.634382234816,0.));
#4984 = DIRECTION('',(0.634382234816,-0.773019521196,0.));
#4985 = ADVANCED_FACE('',(#4986),#5004,.F.);
#4986 = FACE_BOUND('',#4987,.F.);
#4987 = EDGE_LOOP('',(#4988,#4996,#4997,#4998));
#4988 = ORIENTED_EDGE('',*,*,#4989,.T.);
#4989 = EDGE_CURVE('',#4990,#2308,#4992,.T.);
#4990 = VERTEX_POINT('',#4991);
#4991 = CARTESIAN_POINT('',(53.024676641996,-18.01947557628,0.));
#4992 = LINE('',#4993,#4994);
#4993 = CARTESIAN_POINT('',(53.024676641996,-18.01947557628,0.));
#4994 = VECTOR('',#4995,1.);
#4995 = DIRECTION('',(0.,0.,1.));
#4996 = ORIENTED_EDGE('',*,*,#2315,.T.);
#4997 = ORIENTED_EDGE('',*,*,#4965,.F.);
#4998 = ORIENTED_EDGE('',*,*,#4999,.F.);
#4999 = EDGE_CURVE('',#4990,#4966,#5000,.T.);
#5000 = LINE('',#5001,#5002);
#5001 = CARTESIAN_POINT('',(52.841982636441,-17.86954685087,0.));
#5002 = VECTOR('',#5003,1.);
#5003 = DIRECTION('',(0.773019521196,-0.634382234816,0.));
#5004 = PLANE('',#5005);
#5005 = AXIS2_PLACEMENT_3D('',#5006,#5007,#5008);
#5006 = CARTESIAN_POINT('',(53.024676641996,-18.01947557628,0.));
#5007 = DIRECTION('',(0.634382234816,0.773019521196,0.));
#5008 = DIRECTION('',(0.773019521196,-0.634382234816,0.));
#5009 = ADVANCED_FACE('',(#5010),#5028,.F.);
#5010 = FACE_BOUND('',#5011,.F.);
#5011 = EDGE_LOOP('',(#5012,#5020,#5021,#5022));
#5012 = ORIENTED_EDGE('',*,*,#5013,.T.);
#5013 = EDGE_CURVE('',#5014,#2300,#5016,.T.);
#5014 = VERTEX_POINT('',#5015);
#5015 = CARTESIAN_POINT('',(52.06191930898,-17.50484664745,0.));
#5016 = LINE('',#5017,#5018);
#5017 = CARTESIAN_POINT('',(52.06191930898,-17.50484664745,0.));
#5018 = VECTOR('',#5019,1.);
#5019 = DIRECTION('',(0.,0.,1.));
#5020 = ORIENTED_EDGE('',*,*,#2307,.T.);
#5021 = ORIENTED_EDGE('',*,*,#4989,.F.);
#5022 = ORIENTED_EDGE('',*,*,#5023,.F.);
#5023 = EDGE_CURVE('',#5014,#4990,#5024,.T.);
#5024 = LINE('',#5025,#5026);
#5025 = CARTESIAN_POINT('',(51.853406087039,-17.39338872096,0.));
#5026 = VECTOR('',#5027,1.);
#5027 = DIRECTION('',(0.881911967069,-0.4714141304,0.));
#5028 = PLANE('',#5029);
#5029 = AXIS2_PLACEMENT_3D('',#5030,#5031,#5032);
#5030 = CARTESIAN_POINT('',(52.06191930898,-17.50484664745,0.));
#5031 = DIRECTION('',(0.4714141304,0.881911967069,0.));
#5032 = DIRECTION('',(0.881911967069,-0.4714141304,0.));
#5033 = ADVANCED_FACE('',(#5034),#5052,.F.);
#5034 = FACE_BOUND('',#5035,.F.);
#5035 = EDGE_LOOP('',(#5036,#5044,#5045,#5046));
#5036 = ORIENTED_EDGE('',*,*,#5037,.T.);
#5037 = EDGE_CURVE('',#5038,#2292,#5040,.T.);
#5038 = VERTEX_POINT('',#5039);
#5039 = CARTESIAN_POINT('',(51.017250527069,-17.1879779721,0.));
#5040 = LINE('',#5041,#5042);
#5041 = CARTESIAN_POINT('',(51.017250527069,-17.1879779721,0.));
#5042 = VECTOR('',#5043,1.);
#5043 = DIRECTION('',(0.,0.,1.));
#5044 = ORIENTED_EDGE('',*,*,#2299,.T.);
#5045 = ORIENTED_EDGE('',*,*,#5013,.F.);
#5046 = ORIENTED_EDGE('',*,*,#5047,.F.);
#5047 = EDGE_CURVE('',#5038,#5014,#5048,.T.);
#5048 = LINE('',#5049,#5050);
#5049 = CARTESIAN_POINT('',(50.791073416868,-17.11937398724,0.));
#5050 = VECTOR('',#5051,1.);
#5051 = DIRECTION('',(0.956947494684,-0.290261076305,0.));
#5052 = PLANE('',#5053);
#5053 = AXIS2_PLACEMENT_3D('',#5054,#5055,#5056);
#5054 = CARTESIAN_POINT('',(51.017250527069,-17.1879779721,0.));
#5055 = DIRECTION('',(0.290261076305,0.956947494684,0.));
#5056 = DIRECTION('',(0.956947494684,-0.290261076305,0.));
#5057 = ADVANCED_FACE('',(#5058),#5076,.F.);
#5058 = FACE_BOUND('',#5059,.F.);
#5059 = EDGE_LOOP('',(#5060,#5068,#5069,#5070));
#5060 = ORIENTED_EDGE('',*,*,#5061,.T.);
#5061 = EDGE_CURVE('',#5062,#2284,#5064,.T.);
#5062 = VERTEX_POINT('',#5063);
#5063 = CARTESIAN_POINT('',(49.616298737314,-17.05,0.));
#5064 = LINE('',#5065,#5066);
#5065 = CARTESIAN_POINT('',(49.616298737314,-17.05,0.));
#5066 = VECTOR('',#5067,1.);
#5067 = DIRECTION('',(0.,0.,1.));
#5068 = ORIENTED_EDGE('',*,*,#2291,.T.);
#5069 = ORIENTED_EDGE('',*,*,#5037,.F.);
#5070 = ORIENTED_EDGE('',*,*,#5071,.F.);
#5071 = EDGE_CURVE('',#5062,#5038,#5072,.T.);
#5072 = LINE('',#5073,#5074);
#5073 = CARTESIAN_POINT('',(49.498965170915,-17.03844396526,0.));
#5074 = VECTOR('',#5075,1.);
#5075 = DIRECTION('',(0.995184985525,-9.80145121187E-02,0.));
#5076 = PLANE('',#5077);
#5077 = AXIS2_PLACEMENT_3D('',#5078,#5079,#5080);
#5078 = CARTESIAN_POINT('',(49.616298737314,-17.05,0.));
#5079 = DIRECTION('',(9.80145121187E-02,0.995184985525,0.));
#5080 = DIRECTION('',(0.995184985525,-9.80145121187E-02,0.));
#5081 = ADVANCED_FACE('',(#5082),#5100,.F.);
#5082 = FACE_BOUND('',#5083,.F.);
#5083 = EDGE_LOOP('',(#5084,#5092,#5093,#5094));
#5084 = ORIENTED_EDGE('',*,*,#5085,.T.);
#5085 = EDGE_CURVE('',#5086,#2276,#5088,.T.);
#5086 = VERTEX_POINT('',#5087);
#5087 = CARTESIAN_POINT('',(39.041530625527,-17.05,0.));
#5088 = LINE('',#5089,#5090);
#5089 = CARTESIAN_POINT('',(39.041530625527,-17.05,0.));
#5090 = VECTOR('',#5091,1.);
#5091 = DIRECTION('',(0.,0.,1.));
#5092 = ORIENTED_EDGE('',*,*,#2283,.T.);
#5093 = ORIENTED_EDGE('',*,*,#5061,.F.);
#5094 = ORIENTED_EDGE('',*,*,#5095,.F.);
#5095 = EDGE_CURVE('',#5086,#5062,#5096,.T.);
#5096 = LINE('',#5097,#5098);
#5097 = CARTESIAN_POINT('',(38.9826,-17.05,0.));
#5098 = VECTOR('',#5099,1.);
#5099 = DIRECTION('',(1.,0.,0.));
#5100 = PLANE('',#5101);
#5101 = AXIS2_PLACEMENT_3D('',#5102,#5103,#5104);
#5102 = CARTESIAN_POINT('',(39.041530625527,-17.05,0.));
#5103 = DIRECTION('',(0.,1.,0.));
#5104 = DIRECTION('',(1.,0.,0.));
#5105 = ADVANCED_FACE('',(#5106),#5124,.F.);
#5106 = FACE_BOUND('',#5107,.F.);
#5107 = EDGE_LOOP('',(#5108,#5116,#5117,#5118));
#5108 = ORIENTED_EDGE('',*,*,#5109,.T.);
#5109 = EDGE_CURVE('',#5110,#2268,#5112,.T.);
#5110 = VERTEX_POINT('',#5111);
#5111 = CARTESIAN_POINT('',(38.49369353407,-17.0769198826,0.));
#5112 = LINE('',#5113,#5114);
#5113 = CARTESIAN_POINT('',(38.49369353407,-17.0769198826,0.));
#5114 = VECTOR('',#5115,1.);
#5115 = DIRECTION('',(0.,0.,1.));
#5116 = ORIENTED_EDGE('',*,*,#2275,.T.);
#5117 = ORIENTED_EDGE('',*,*,#5085,.F.);
#5118 = ORIENTED_EDGE('',*,*,#5119,.F.);
#5119 = EDGE_CURVE('',#5110,#5086,#5120,.T.);
#5120 = LINE('',#5121,#5122);
#5121 = CARTESIAN_POINT('',(38.316890232979,-17.08560772828,0.));
#5122 = VECTOR('',#5123,1.);
#5123 = DIRECTION('',(0.998794886786,4.907926374126E-02,0.));
#5124 = PLANE('',#5125);
#5125 = AXIS2_PLACEMENT_3D('',#5126,#5127,#5128);
#5126 = CARTESIAN_POINT('',(38.49369353407,-17.0769198826,0.));
#5127 = DIRECTION('',(-4.907926374126E-02,0.998794886786,0.));
#5128 = DIRECTION('',(0.998794886786,4.907926374126E-02,0.));
#5129 = ADVANCED_FACE('',(#5130),#5148,.F.);
#5130 = FACE_BOUND('',#5131,.F.);
#5131 = EDGE_LOOP('',(#5132,#5140,#5141,#5142));
#5132 = ORIENTED_EDGE('',*,*,#5133,.T.);
#5133 = EDGE_CURVE('',#5134,#2260,#5136,.T.);
#5134 = VERTEX_POINT('',#5135);
#5135 = CARTESIAN_POINT('',(37.267747451788,-17.32077148472,0.));
#5136 = LINE('',#5137,#5138);
#5137 = CARTESIAN_POINT('',(37.267747451788,-17.32077148472,0.));
#5138 = VECTOR('',#5139,1.);
#5139 = DIRECTION('',(0.,0.,1.));
#5140 = ORIENTED_EDGE('',*,*,#2267,.T.);
#5141 = ORIENTED_EDGE('',*,*,#5109,.F.);
#5142 = ORIENTED_EDGE('',*,*,#5143,.F.);
#5143 = EDGE_CURVE('',#5134,#5110,#5144,.T.);
#5144 = LINE('',#5145,#5146);
#5145 = CARTESIAN_POINT('',(37.035908950168,-17.36688622898,0.));
#5146 = VECTOR('',#5147,1.);
#5147 = DIRECTION('',(0.980785928742,0.19508706257,0.));
#5148 = PLANE('',#5149);
#5149 = AXIS2_PLACEMENT_3D('',#5150,#5151,#5152);
#5150 = CARTESIAN_POINT('',(37.267747451788,-17.32077148472,0.));
#5151 = DIRECTION('',(-0.19508706257,0.980785928742,0.));
#5152 = DIRECTION('',(0.980785928742,0.19508706257,0.));
#5153 = ADVANCED_FACE('',(#5154),#5172,.F.);
#5154 = FACE_BOUND('',#5155,.F.);
#5155 = EDGE_LOOP('',(#5156,#5164,#5165,#5166));
#5156 = ORIENTED_EDGE('',*,*,#5157,.T.);
#5157 = EDGE_CURVE('',#5158,#2252,#5160,.T.);
#5158 = VERTEX_POINT('',#5159);
#5159 = CARTESIAN_POINT('',(36.259143517904,-17.73854592447,0.));
#5160 = LINE('',#5161,#5162);
#5161 = CARTESIAN_POINT('',(36.259143517904,-17.73854592447,0.));
#5162 = VECTOR('',#5163,1.);
#5163 = DIRECTION('',(0.,0.,1.));
#5164 = ORIENTED_EDGE('',*,*,#2259,.T.);
#5165 = ORIENTED_EDGE('',*,*,#5133,.F.);
#5166 = ORIENTED_EDGE('',*,*,#5167,.F.);
#5167 = EDGE_CURVE('',#5158,#5134,#5168,.T.);
#5168 = LINE('',#5169,#5170);
#5169 = CARTESIAN_POINT('',(36.040734629477,-17.82901320101,0.));
#5170 = VECTOR('',#5171,1.);
#5171 = DIRECTION('',(0.923880500421,0.382681095615,0.));
#5172 = PLANE('',#5173);
#5173 = AXIS2_PLACEMENT_3D('',#5174,#5175,#5176);
#5174 = CARTESIAN_POINT('',(36.259143517904,-17.73854592447,0.));
#5175 = DIRECTION('',(-0.382681095615,0.923880500421,0.));
#5176 = DIRECTION('',(0.923880500421,0.382681095615,0.));
#5177 = ADVANCED_FACE('',(#5178),#5196,.F.);
#5178 = FACE_BOUND('',#5179,.F.);
#5179 = EDGE_LOOP('',(#5180,#5188,#5189,#5190));
#5180 = ORIENTED_EDGE('',*,*,#5181,.T.);
#5181 = EDGE_CURVE('',#5182,#2244,#5184,.T.);
#5182 = VERTEX_POINT('',#5183);
#5183 = CARTESIAN_POINT('',(35.351380417296,-18.3451170246,0.));
#5184 = LINE('',#5185,#5186);
#5185 = CARTESIAN_POINT('',(35.351380417296,-18.3451170246,0.));
#5186 = VECTOR('',#5187,1.);
#5187 = DIRECTION('',(0.,0.,1.));
#5188 = ORIENTED_EDGE('',*,*,#2251,.T.);
#5189 = ORIENTED_EDGE('',*,*,#5157,.F.);
#5190 = ORIENTED_EDGE('',*,*,#5191,.F.);
#5191 = EDGE_CURVE('',#5182,#5158,#5192,.T.);
#5192 = LINE('',#5193,#5194);
#5193 = CARTESIAN_POINT('',(35.154903799068,-18.47640352258,0.));
#5194 = VECTOR('',#5195,1.);
#5195 = DIRECTION('',(0.831459801075,0.555584916278,0.));
#5196 = PLANE('',#5197);
#5197 = AXIS2_PLACEMENT_3D('',#5198,#5199,#5200);
#5198 = CARTESIAN_POINT('',(35.351380417296,-18.3451170246,0.));
#5199 = DIRECTION('',(-0.555584916278,0.831459801075,0.));
#5200 = DIRECTION('',(0.831459801075,0.555584916278,0.));
#5201 = ADVANCED_FACE('',(#5202),#5220,.F.);
#5202 = FACE_BOUND('',#5203,.F.);
#5203 = EDGE_LOOP('',(#5204,#5212,#5213,#5214));
#5204 = ORIENTED_EDGE('',*,*,#5205,.T.);
#5205 = EDGE_CURVE('',#5206,#2236,#5208,.T.);
#5206 = VERTEX_POINT('',#5207);
#5207 = CARTESIAN_POINT('',(34.579378125926,-19.11704953361,0.));
#5208 = LINE('',#5209,#5210);
#5209 = CARTESIAN_POINT('',(34.579378125926,-19.11704953361,0.));
#5210 = VECTOR('',#5211,1.);
#5211 = DIRECTION('',(0.,0.,1.));
#5212 = ORIENTED_EDGE('',*,*,#2243,.T.);
#5213 = ORIENTED_EDGE('',*,*,#5181,.F.);
#5214 = ORIENTED_EDGE('',*,*,#5215,.F.);
#5215 = EDGE_CURVE('',#5206,#5182,#5216,.T.);
#5216 = LINE('',#5217,#5218);
#5217 = CARTESIAN_POINT('',(34.412179570006,-19.28423297622,0.));
#5218 = VECTOR('',#5219,1.);
#5219 = DIRECTION('',(0.707138740093,0.707074820836,0.));
#5220 = PLANE('',#5221);
#5221 = AXIS2_PLACEMENT_3D('',#5222,#5223,#5224);
#5222 = CARTESIAN_POINT('',(34.579378125926,-19.11704953361,0.));
#5223 = DIRECTION('',(-0.707074820836,0.707138740093,0.));
#5224 = DIRECTION('',(0.707138740093,0.707074820836,0.));
#5225 = ADVANCED_FACE('',(#5226),#5244,.F.);
#5226 = FACE_BOUND('',#5227,.F.);
#5227 = EDGE_LOOP('',(#5228,#5236,#5237,#5238));
#5228 = ORIENTED_EDGE('',*,*,#5229,.T.);
#5229 = EDGE_CURVE('',#5230,#2228,#5232,.T.);
#5230 = VERTEX_POINT('',#5231);
#5231 = CARTESIAN_POINT('',(33.722691167254,-20.39919427212,0.));
#5232 = LINE('',#5233,#5234);
#5233 = CARTESIAN_POINT('',(33.722691167254,-20.39919427212,0.));
#5234 = VECTOR('',#5235,1.);
#5235 = DIRECTION('',(0.,0.,1.));
#5236 = ORIENTED_EDGE('',*,*,#2235,.T.);
#5237 = ORIENTED_EDGE('',*,*,#5205,.F.);
#5238 = ORIENTED_EDGE('',*,*,#5239,.F.);
#5239 = EDGE_CURVE('',#5230,#5206,#5240,.T.);
#5240 = LINE('',#5241,#5242);
#5241 = CARTESIAN_POINT('',(33.656837685942,-20.49775267052,0.));
#5242 = VECTOR('',#5243,1.);
#5243 = DIRECTION('',(0.555563612717,0.831474035809,0.));
#5244 = PLANE('',#5245);
#5245 = AXIS2_PLACEMENT_3D('',#5246,#5247,#5248);
#5246 = CARTESIAN_POINT('',(33.722691167254,-20.39919427212,0.));
#5247 = DIRECTION('',(-0.831474035809,0.555563612717,0.));
#5248 = DIRECTION('',(0.555563612717,0.831474035809,0.));
#5249 = ADVANCED_FACE('',(#5250),#5268,.F.);
#5250 = FACE_BOUND('',#5251,.F.);
#5251 = EDGE_LOOP('',(#5252,#5260,#5261,#5262));
#5252 = ORIENTED_EDGE('',*,*,#5253,.T.);
#5253 = EDGE_CURVE('',#5254,#2219,#5256,.T.);
#5254 = VERTEX_POINT('',#5255);
#5255 = CARTESIAN_POINT('',(33.720912366741,-20.40252643488,0.));
#5256 = LINE('',#5257,#5258);
#5257 = CARTESIAN_POINT('',(33.720912366741,-20.40252643488,0.));
#5258 = VECTOR('',#5259,1.);
#5259 = DIRECTION('',(0.,0.,1.));
#5260 = ORIENTED_EDGE('',*,*,#2227,.T.);
#5261 = ORIENTED_EDGE('',*,*,#5229,.F.);
#5262 = ORIENTED_EDGE('',*,*,#5263,.F.);
#5263 = EDGE_CURVE('',#5254,#5230,#5264,.T.);
#5264 = LINE('',#5265,#5266);
#5265 = CARTESIAN_POINT('',(33.720912366741,-20.40252643488,0.));
#5266 = VECTOR('',#5267,1.);
#5267 = DIRECTION('',(0.470927681203,0.882171819476,0.));
#5268 = PLANE('',#5269);
#5269 = AXIS2_PLACEMENT_3D('',#5270,#5271,#5272);
#5270 = CARTESIAN_POINT('',(33.720912366741,-20.40252643488,0.));
#5271 = DIRECTION('',(-0.882171819476,0.470927681203,0.));
#5272 = DIRECTION('',(0.470927681203,0.882171819476,0.));
#5273 = ADVANCED_FACE('',(#5274),#5293,.T.);
#5274 = FACE_BOUND('',#5275,.T.);
#5275 = EDGE_LOOP('',(#5276,#5277,#5278,#5286));
#5276 = ORIENTED_EDGE('',*,*,#5253,.T.);
#5277 = ORIENTED_EDGE('',*,*,#2218,.T.);
#5278 = ORIENTED_EDGE('',*,*,#5279,.F.);
#5279 = EDGE_CURVE('',#5280,#2211,#5282,.T.);
#5280 = VERTEX_POINT('',#5281);
#5281 = CARTESIAN_POINT('',(33.458795121853,-20.7950022325,0.));
#5282 = LINE('',#5283,#5284);
#5283 = CARTESIAN_POINT('',(33.458795121853,-20.7950022325,0.));
#5284 = VECTOR('',#5285,1.);
#5285 = DIRECTION('',(0.,0.,1.));
#5286 = ORIENTED_EDGE('',*,*,#5287,.F.);
#5287 = EDGE_CURVE('',#5254,#5280,#5288,.T.);
#5288 = CIRCLE('',#5289,2.4);
#5289 = AXIS2_PLACEMENT_3D('',#5290,#5291,#5292);
#5290 = CARTESIAN_POINT('',(31.6037,-19.2723,0.));
#5291 = DIRECTION('',(0.,0.,-1.));
#5292 = DIRECTION('',(0.470927681203,0.882171819476,0.));
#5293 = CYLINDRICAL_SURFACE('',#5294,2.4);
#5294 = AXIS2_PLACEMENT_3D('',#5295,#5296,#5297);
#5295 = CARTESIAN_POINT('',(31.6037,-19.2723,0.));
#5296 = DIRECTION('',(0.,0.,-1.));
#5297 = DIRECTION('',(0.470927681203,0.882171819476,0.));
#5298 = ADVANCED_FACE('',(#5299),#5317,.F.);
#5299 = FACE_BOUND('',#5300,.F.);
#5300 = EDGE_LOOP('',(#5301,#5309,#5310,#5311));
#5301 = ORIENTED_EDGE('',*,*,#5302,.T.);
#5302 = EDGE_CURVE('',#5303,#2202,#5305,.T.);
#5303 = VERTEX_POINT('',#5304);
#5304 = CARTESIAN_POINT('',(32.961295121853,-21.4011022325,0.));
#5305 = LINE('',#5306,#5307);
#5306 = CARTESIAN_POINT('',(32.961295121853,-21.4011022325,0.));
#5307 = VECTOR('',#5308,1.);
#5308 = DIRECTION('',(0.,0.,1.));
#5309 = ORIENTED_EDGE('',*,*,#2210,.T.);
#5310 = ORIENTED_EDGE('',*,*,#5279,.F.);
#5311 = ORIENTED_EDGE('',*,*,#5312,.F.);
#5312 = EDGE_CURVE('',#5303,#5280,#5313,.T.);
#5313 = LINE('',#5314,#5315);
#5314 = CARTESIAN_POINT('',(32.961295121853,-21.4011022325,0.));
#5315 = VECTOR('',#5316,1.);
#5316 = DIRECTION('',(0.634459263544,0.772956300772,0.));
#5317 = PLANE('',#5318);
#5318 = AXIS2_PLACEMENT_3D('',#5319,#5320,#5321);
#5319 = CARTESIAN_POINT('',(32.961295121853,-21.4011022325,0.));
#5320 = DIRECTION('',(-0.772956300772,0.634459263544,0.));
#5321 = DIRECTION('',(0.634459263544,0.772956300772,0.));
#5322 = ADVANCED_FACE('',(#5323),#5342,.T.);
#5323 = FACE_BOUND('',#5324,.T.);
#5324 = EDGE_LOOP('',(#5325,#5326,#5327,#5335));
#5325 = ORIENTED_EDGE('',*,*,#5302,.T.);
#5326 = ORIENTED_EDGE('',*,*,#2201,.T.);
#5327 = ORIENTED_EDGE('',*,*,#5328,.F.);
#5328 = EDGE_CURVE('',#5329,#2194,#5331,.T.);
#5329 = VERTEX_POINT('',#5330);
#5330 = CARTESIAN_POINT('',(32.628902232506,-21.73349512185,0.));
#5331 = LINE('',#5332,#5333);
#5332 = CARTESIAN_POINT('',(32.628902232506,-21.73349512185,0.));
#5333 = VECTOR('',#5334,1.);
#5334 = DIRECTION('',(0.,0.,1.));
#5335 = ORIENTED_EDGE('',*,*,#5336,.F.);
#5336 = EDGE_CURVE('',#5303,#5329,#5337,.T.);
#5337 = CIRCLE('',#5338,2.4);
#5338 = AXIS2_PLACEMENT_3D('',#5339,#5340,#5341);
#5339 = CARTESIAN_POINT('',(31.1062,-19.8784,0.));
#5340 = DIRECTION('',(0.,0.,-1.));
#5341 = DIRECTION('',(0.634459263544,0.772956300772,0.));
#5342 = CYLINDRICAL_SURFACE('',#5343,2.4);
#5343 = AXIS2_PLACEMENT_3D('',#5344,#5345,#5346);
#5344 = CARTESIAN_POINT('',(31.1062,-19.8784,0.));
#5345 = DIRECTION('',(0.,0.,-1.));
#5346 = DIRECTION('',(0.634459263544,0.772956300772,0.));
#5347 = ADVANCED_FACE('',(#5348),#5366,.F.);
#5348 = FACE_BOUND('',#5349,.F.);
#5349 = EDGE_LOOP('',(#5350,#5358,#5359,#5360));
#5350 = ORIENTED_EDGE('',*,*,#5351,.T.);
#5351 = EDGE_CURVE('',#5352,#2185,#5354,.T.);
#5352 = VERTEX_POINT('',#5353);
#5353 = CARTESIAN_POINT('',(32.022802232506,-22.23099512185,0.));
#5354 = LINE('',#5355,#5356);
#5355 = CARTESIAN_POINT('',(32.022802232506,-22.23099512185,0.));
#5356 = VECTOR('',#5357,1.);
#5357 = DIRECTION('',(0.,0.,1.));
#5358 = ORIENTED_EDGE('',*,*,#2193,.T.);
#5359 = ORIENTED_EDGE('',*,*,#5328,.F.);
#5360 = ORIENTED_EDGE('',*,*,#5361,.F.);
#5361 = EDGE_CURVE('',#5352,#5329,#5362,.T.);
#5362 = LINE('',#5363,#5364);
#5363 = CARTESIAN_POINT('',(32.022802232506,-22.23099512185,0.));
#5364 = VECTOR('',#5365,1.);
#5365 = DIRECTION('',(0.772956300772,0.634459263544,0.));
#5366 = PLANE('',#5367);
#5367 = AXIS2_PLACEMENT_3D('',#5368,#5369,#5370);
#5368 = CARTESIAN_POINT('',(32.022802232506,-22.23099512185,0.));
#5369 = DIRECTION('',(-0.634459263544,0.772956300772,0.));
#5370 = DIRECTION('',(0.772956300772,0.634459263544,0.));
#5371 = ADVANCED_FACE('',(#5372),#5391,.T.);
#5372 = FACE_BOUND('',#5373,.T.);
#5373 = EDGE_LOOP('',(#5374,#5375,#5376,#5384));
#5374 = ORIENTED_EDGE('',*,*,#5351,.T.);
#5375 = ORIENTED_EDGE('',*,*,#2184,.T.);
#5376 = ORIENTED_EDGE('',*,*,#5377,.F.);
#5377 = EDGE_CURVE('',#5378,#2177,#5380,.T.);
#5378 = VERTEX_POINT('',#5379);
#5379 = CARTESIAN_POINT('',(31.63129052704,-22.49259742559,0.));
#5380 = LINE('',#5381,#5382);
#5381 = CARTESIAN_POINT('',(31.63129052704,-22.49259742559,0.));
#5382 = VECTOR('',#5383,1.);
#5383 = DIRECTION('',(0.,0.,1.));
#5384 = ORIENTED_EDGE('',*,*,#5385,.F.);
#5385 = EDGE_CURVE('',#5352,#5378,#5386,.T.);
#5386 = CIRCLE('',#5387,2.4);
#5387 = AXIS2_PLACEMENT_3D('',#5388,#5389,#5390);
#5388 = CARTESIAN_POINT('',(30.5001,-20.3759,0.));
#5389 = DIRECTION('',(0.,0.,-1.));
#5390 = DIRECTION('',(0.772956300772,0.634459263544,0.));
#5391 = CYLINDRICAL_SURFACE('',#5392,2.4);
#5392 = AXIS2_PLACEMENT_3D('',#5393,#5394,#5395);
#5393 = CARTESIAN_POINT('',(30.5001,-20.3759,0.));
#5394 = DIRECTION('',(0.,0.,-1.));
#5395 = DIRECTION('',(0.772956300772,0.634459263544,0.));
#5396 = ADVANCED_FACE('',(#5397),#5415,.F.);
#5397 = FACE_BOUND('',#5398,.F.);
#5398 = EDGE_LOOP('',(#5399,#5407,#5408,#5409));
#5399 = ORIENTED_EDGE('',*,*,#5400,.T.);
#5400 = EDGE_CURVE('',#5401,#2168,#5403,.T.);
#5401 = VERTEX_POINT('',#5402);
#5402 = CARTESIAN_POINT('',(30.93969052704,-22.86219742559,0.));
#5403 = LINE('',#5404,#5405);
#5404 = CARTESIAN_POINT('',(30.93969052704,-22.86219742559,0.));
#5405 = VECTOR('',#5406,1.);
#5406 = DIRECTION('',(0.,0.,1.));
#5407 = ORIENTED_EDGE('',*,*,#2176,.T.);
#5408 = ORIENTED_EDGE('',*,*,#5377,.F.);
#5409 = ORIENTED_EDGE('',*,*,#5410,.F.);
#5410 = EDGE_CURVE('',#5401,#5378,#5411,.T.);
#5411 = LINE('',#5412,#5413);
#5412 = CARTESIAN_POINT('',(30.93969052704,-22.86219742559,0.));
#5413 = VECTOR('',#5414,1.);
#5414 = DIRECTION('',(0.881957260666,0.471329386267,0.));
#5415 = PLANE('',#5416);
#5416 = AXIS2_PLACEMENT_3D('',#5417,#5418,#5419);
#5417 = CARTESIAN_POINT('',(30.93969052704,-22.86219742559,0.));
#5418 = DIRECTION('',(-0.471329386267,0.881957260666,0.));
#5419 = DIRECTION('',(0.881957260666,0.471329386267,0.));
#5420 = ADVANCED_FACE('',(#5421),#5440,.T.);
#5421 = FACE_BOUND('',#5422,.T.);
#5422 = EDGE_LOOP('',(#5423,#5424,#5425,#5433));
#5423 = ORIENTED_EDGE('',*,*,#5400,.T.);
#5424 = ORIENTED_EDGE('',*,*,#2167,.T.);
#5425 = ORIENTED_EDGE('',*,*,#5426,.F.);
#5426 = EDGE_CURVE('',#5427,#2160,#5429,.T.);
#5427 = VERTEX_POINT('',#5428);
#5428 = CARTESIAN_POINT('',(30.505180375518,-23.04215767026,0.));
#5429 = LINE('',#5430,#5431);
#5430 = CARTESIAN_POINT('',(30.505180375518,-23.04215767026,0.));
#5431 = VECTOR('',#5432,1.);
#5432 = DIRECTION('',(0.,0.,1.));
#5433 = ORIENTED_EDGE('',*,*,#5434,.F.);
#5434 = EDGE_CURVE('',#5401,#5427,#5435,.T.);
#5435 = CIRCLE('',#5436,2.4);
#5436 = AXIS2_PLACEMENT_3D('',#5437,#5438,#5439);
#5437 = CARTESIAN_POINT('',(29.8085,-20.7455,0.));
#5438 = DIRECTION('',(0.,0.,-1.));
#5439 = DIRECTION('',(0.881957260666,0.471329386267,0.));
#5440 = CYLINDRICAL_SURFACE('',#5441,2.4);
#5441 = AXIS2_PLACEMENT_3D('',#5442,#5443,#5444);
#5442 = CARTESIAN_POINT('',(29.8085,-20.7455,0.));
#5443 = DIRECTION('',(0.,0.,-1.));
#5444 = DIRECTION('',(0.881957260666,0.471329386267,0.));
#5445 = ADVANCED_FACE('',(#5446),#5464,.F.);
#5446 = FACE_BOUND('',#5447,.F.);
#5447 = EDGE_LOOP('',(#5448,#5456,#5457,#5458));
#5448 = ORIENTED_EDGE('',*,*,#5449,.T.);
#5449 = EDGE_CURVE('',#5450,#2151,#5452,.T.);
#5450 = VERTEX_POINT('',#5451);
#5451 = CARTESIAN_POINT('',(29.754880375518,-23.26975767026,0.));
#5452 = LINE('',#5453,#5454);
#5453 = CARTESIAN_POINT('',(29.754880375518,-23.26975767026,0.));
#5454 = VECTOR('',#5455,1.);
#5455 = DIRECTION('',(0.,0.,1.));
#5456 = ORIENTED_EDGE('',*,*,#2159,.T.);
#5457 = ORIENTED_EDGE('',*,*,#5426,.F.);
#5458 = ORIENTED_EDGE('',*,*,#5459,.F.);
#5459 = EDGE_CURVE('',#5450,#5427,#5460,.T.);
#5460 = LINE('',#5461,#5462);
#5461 = CARTESIAN_POINT('',(29.754880375518,-23.26975767026,0.));
#5462 = VECTOR('',#5463,1.);
#5463 = DIRECTION('',(0.956940695942,0.290283489799,0.));
#5464 = PLANE('',#5465);
#5465 = AXIS2_PLACEMENT_3D('',#5466,#5467,#5468);
#5466 = CARTESIAN_POINT('',(29.754880375518,-23.26975767026,0.));
#5467 = DIRECTION('',(-0.290283489799,0.956940695942,0.));
#5468 = DIRECTION('',(0.956940695942,0.290283489799,0.));
#5469 = ADVANCED_FACE('',(#5470),#5489,.T.);
#5470 = FACE_BOUND('',#5471,.T.);
#5471 = EDGE_LOOP('',(#5472,#5473,#5474,#5482));
#5472 = ORIENTED_EDGE('',*,*,#5449,.T.);
#5473 = ORIENTED_EDGE('',*,*,#2150,.T.);
#5474 = ORIENTED_EDGE('',*,*,#5475,.F.);
#5475 = EDGE_CURVE('',#5476,#2143,#5478,.T.);
#5476 = VERTEX_POINT('',#5477);
#5477 = CARTESIAN_POINT('',(29.29355422402,-23.36153220319,0.));
#5478 = LINE('',#5479,#5480);
#5479 = CARTESIAN_POINT('',(29.29355422402,-23.36153220319,0.));
#5480 = VECTOR('',#5481,1.);
#5481 = DIRECTION('',(0.,0.,1.));
#5482 = ORIENTED_EDGE('',*,*,#5483,.F.);
#5483 = EDGE_CURVE('',#5450,#5476,#5484,.T.);
#5484 = CIRCLE('',#5485,2.4);
#5485 = AXIS2_PLACEMENT_3D('',#5486,#5487,#5488);
#5486 = CARTESIAN_POINT('',(29.0582,-20.9731,0.));
#5487 = DIRECTION('',(0.,0.,-1.));
#5488 = DIRECTION('',(0.956940695942,0.290283489799,0.));
#5489 = CYLINDRICAL_SURFACE('',#5490,2.4);
#5490 = AXIS2_PLACEMENT_3D('',#5491,#5492,#5493);
#5491 = CARTESIAN_POINT('',(29.0582,-20.9731,0.));
#5492 = DIRECTION('',(0.,0.,-1.));
#5493 = DIRECTION('',(0.956940695942,0.290283489799,0.));
#5494 = ADVANCED_FACE('',(#5495),#5513,.F.);
#5495 = FACE_BOUND('',#5496,.F.);
#5496 = EDGE_LOOP('',(#5497,#5505,#5506,#5507));
#5497 = ORIENTED_EDGE('',*,*,#5498,.T.);
#5498 = EDGE_CURVE('',#5499,#2134,#5501,.T.);
#5499 = VERTEX_POINT('',#5500);
#5500 = CARTESIAN_POINT('',(28.51315422402,-23.43843220319,0.));
#5501 = LINE('',#5502,#5503);
#5502 = CARTESIAN_POINT('',(28.51315422402,-23.43843220319,0.));
#5503 = VECTOR('',#5504,1.);
#5504 = DIRECTION('',(0.,0.,1.));
#5505 = ORIENTED_EDGE('',*,*,#2142,.T.);
#5506 = ORIENTED_EDGE('',*,*,#5475,.F.);
#5507 = ORIENTED_EDGE('',*,*,#5508,.F.);
#5508 = EDGE_CURVE('',#5499,#5476,#5509,.T.);
#5509 = LINE('',#5510,#5511);
#5510 = CARTESIAN_POINT('',(28.51315422402,-23.43843220319,0.));
#5511 = VECTOR('',#5512,1.);
#5512 = DIRECTION('',(0.995180084663,9.80642600084E-02,0.));
#5513 = PLANE('',#5514);
#5514 = AXIS2_PLACEMENT_3D('',#5515,#5516,#5517);
#5515 = CARTESIAN_POINT('',(28.51315422402,-23.43843220319,0.));
#5516 = DIRECTION('',(-9.80642600084E-02,0.995180084663,0.));
#5517 = DIRECTION('',(0.995180084663,9.80642600084E-02,0.));
#5518 = ADVANCED_FACE('',(#5519),#5538,.T.);
#5519 = FACE_BOUND('',#5520,.T.);
#5520 = EDGE_LOOP('',(#5521,#5522,#5523,#5531));
#5521 = ORIENTED_EDGE('',*,*,#5498,.T.);
#5522 = ORIENTED_EDGE('',*,*,#2133,.T.);
#5523 = ORIENTED_EDGE('',*,*,#5524,.F.);
#5524 = EDGE_CURVE('',#5525,#2126,#5527,.T.);
#5525 = VERTEX_POINT('',#5526);
#5526 = CARTESIAN_POINT('',(28.2778,-23.45,0.));
#5527 = LINE('',#5528,#5529);
#5528 = CARTESIAN_POINT('',(28.2778,-23.45,0.));
#5529 = VECTOR('',#5530,1.);
#5530 = DIRECTION('',(0.,0.,1.));
#5531 = ORIENTED_EDGE('',*,*,#5532,.F.);
#5532 = EDGE_CURVE('',#5499,#5525,#5533,.T.);
#5533 = CIRCLE('',#5534,2.4);
#5534 = AXIS2_PLACEMENT_3D('',#5535,#5536,#5537);
#5535 = CARTESIAN_POINT('',(28.2778,-21.05,0.));
#5536 = DIRECTION('',(0.,0.,-1.));
#5537 = DIRECTION('',(0.995180084663,9.80642600084E-02,0.));
#5538 = CYLINDRICAL_SURFACE('',#5539,2.4);
#5539 = AXIS2_PLACEMENT_3D('',#5540,#5541,#5542);
#5540 = CARTESIAN_POINT('',(28.2778,-21.05,0.));
#5541 = DIRECTION('',(0.,0.,-1.));
#5542 = DIRECTION('',(0.995180084663,9.80642600084E-02,0.));
#5543 = ADVANCED_FACE('',(#5544),#5562,.F.);
#5544 = FACE_BOUND('',#5545,.F.);
#5545 = EDGE_LOOP('',(#5546,#5554,#5555,#5556));
#5546 = ORIENTED_EDGE('',*,*,#5547,.T.);
#5547 = EDGE_CURVE('',#5548,#2117,#5550,.T.);
#5548 = VERTEX_POINT('',#5549);
#5549 = CARTESIAN_POINT('',(10.6347,-23.45,0.));
#5550 = LINE('',#5551,#5552);
#5551 = CARTESIAN_POINT('',(10.6347,-23.45,0.));
#5552 = VECTOR('',#5553,1.);
#5553 = DIRECTION('',(0.,0.,1.));
#5554 = ORIENTED_EDGE('',*,*,#2125,.T.);
#5555 = ORIENTED_EDGE('',*,*,#5524,.F.);
#5556 = ORIENTED_EDGE('',*,*,#5557,.F.);
#5557 = EDGE_CURVE('',#5548,#5525,#5558,.T.);
#5558 = LINE('',#5559,#5560);
#5559 = CARTESIAN_POINT('',(10.6347,-23.45,0.));
#5560 = VECTOR('',#5561,1.);
#5561 = DIRECTION('',(1.,0.,0.));
#5562 = PLANE('',#5563);
#5563 = AXIS2_PLACEMENT_3D('',#5564,#5565,#5566);
#5564 = CARTESIAN_POINT('',(10.6347,-23.45,0.));
#5565 = DIRECTION('',(0.,1.,0.));
#5566 = DIRECTION('',(1.,0.,0.));
#5567 = ADVANCED_FACE('',(#5568),#5587,.T.);
#5568 = FACE_BOUND('',#5569,.T.);
#5569 = EDGE_LOOP('',(#5570,#5571,#5572,#5580));
#5570 = ORIENTED_EDGE('',*,*,#5547,.T.);
#5571 = ORIENTED_EDGE('',*,*,#2116,.T.);
#5572 = ORIENTED_EDGE('',*,*,#5573,.F.);
#5573 = EDGE_CURVE('',#5574,#2109,#5576,.T.);
#5574 = VERTEX_POINT('',#5575);
#5575 = CARTESIAN_POINT('',(10.51670971876,-23.44709788985,0.));
#5576 = LINE('',#5577,#5578);
#5577 = CARTESIAN_POINT('',(10.51670971876,-23.44709788985,0.));
#5578 = VECTOR('',#5579,1.);
#5579 = DIRECTION('',(0.,0.,1.));
#5580 = ORIENTED_EDGE('',*,*,#5581,.F.);
#5581 = EDGE_CURVE('',#5548,#5574,#5582,.T.);
#5582 = CIRCLE('',#5583,2.4);
#5583 = AXIS2_PLACEMENT_3D('',#5584,#5585,#5586);
#5584 = CARTESIAN_POINT('',(10.6347,-21.05,0.));
#5585 = DIRECTION('',(0.,0.,-1.));
#5586 = DIRECTION('',(1.,0.,0.));
#5587 = CYLINDRICAL_SURFACE('',#5588,2.4);
#5588 = AXIS2_PLACEMENT_3D('',#5589,#5590,#5591);
#5589 = CARTESIAN_POINT('',(10.6347,-21.05,0.));
#5590 = DIRECTION('',(0.,0.,-1.));
#5591 = DIRECTION('',(1.,0.,0.));
#5592 = ADVANCED_FACE('',(#5593),#5611,.F.);
#5593 = FACE_BOUND('',#5594,.F.);
#5594 = EDGE_LOOP('',(#5595,#5603,#5604,#5605));
#5595 = ORIENTED_EDGE('',*,*,#5596,.T.);
#5596 = EDGE_CURVE('',#5597,#2100,#5599,.T.);
#5597 = VERTEX_POINT('',#5598);
#5598 = CARTESIAN_POINT('',(10.12460971876,-23.42779788985,0.));
#5599 = LINE('',#5600,#5601);
#5600 = CARTESIAN_POINT('',(10.12460971876,-23.42779788985,0.));
#5601 = VECTOR('',#5602,1.);
#5602 = DIRECTION('',(0.,0.,1.));
#5603 = ORIENTED_EDGE('',*,*,#2108,.T.);
#5604 = ORIENTED_EDGE('',*,*,#5573,.F.);
#5605 = ORIENTED_EDGE('',*,*,#5606,.F.);
#5606 = EDGE_CURVE('',#5597,#5574,#5607,.T.);
#5607 = LINE('',#5608,#5609);
#5608 = CARTESIAN_POINT('',(10.12460971876,-23.42779788985,0.));
#5609 = VECTOR('',#5610,1.);
#5610 = DIRECTION('',(0.998790787438,-4.916261718327E-02,0.));
#5611 = PLANE('',#5612);
#5612 = AXIS2_PLACEMENT_3D('',#5613,#5614,#5615);
#5613 = CARTESIAN_POINT('',(10.12460971876,-23.42779788985,0.));
#5614 = DIRECTION('',(4.916261718327E-02,0.998790787438,0.));
#5615 = DIRECTION('',(0.998790787438,-4.916261718327E-02,0.));
#5616 = ADVANCED_FACE('',(#5617),#5636,.T.);
#5617 = FACE_BOUND('',#5618,.T.);
#5618 = EDGE_LOOP('',(#5619,#5620,#5621,#5629));
#5619 = ORIENTED_EDGE('',*,*,#5596,.T.);
#5620 = ORIENTED_EDGE('',*,*,#2099,.T.);
#5621 = ORIENTED_EDGE('',*,*,#5622,.F.);
#5622 = EDGE_CURVE('',#5623,#2092,#5625,.T.);
#5623 = VERTEX_POINT('',#5624);
#5624 = CARTESIAN_POINT('',(9.774588094291,-23.3846254143,0.));
#5625 = LINE('',#5626,#5627);
#5626 = CARTESIAN_POINT('',(9.774588094291,-23.3846254143,0.));
#5627 = VECTOR('',#5628,1.);
#5628 = DIRECTION('',(0.,0.,1.));
#5629 = ORIENTED_EDGE('',*,*,#5630,.F.);
#5630 = EDGE_CURVE('',#5597,#5623,#5631,.T.);
#5631 = CIRCLE('',#5632,2.4);
#5632 = AXIS2_PLACEMENT_3D('',#5633,#5634,#5635);
#5633 = CARTESIAN_POINT('',(10.2426,-21.0307,0.));
#5634 = DIRECTION('',(0.,-0.,-1.));
#5635 = DIRECTION('',(0.998790787438,-4.916261718327E-02,0.));
#5636 = CYLINDRICAL_SURFACE('',#5637,2.4);
#5637 = AXIS2_PLACEMENT_3D('',#5638,#5639,#5640);
#5638 = CARTESIAN_POINT('',(10.2426,-21.0307,0.));
#5639 = DIRECTION('',(0.,0.,-1.));
#5640 = DIRECTION('',(0.998790787438,-4.916261718327E-02,0.));
#5641 = ADVANCED_FACE('',(#5642),#5660,.F.);
#5642 = FACE_BOUND('',#5643,.F.);
#5643 = EDGE_LOOP('',(#5644,#5652,#5653,#5654));
#5644 = ORIENTED_EDGE('',*,*,#5645,.T.);
#5645 = EDGE_CURVE('',#5646,#2083,#5648,.T.);
#5646 = VERTEX_POINT('',#5647);
#5647 = CARTESIAN_POINT('',(9.005558094291,-23.2317254143,0.));
#5648 = LINE('',#5649,#5650);
#5649 = CARTESIAN_POINT('',(9.005558094291,-23.2317254143,0.));
#5650 = VECTOR('',#5651,1.);
#5651 = DIRECTION('',(0.,0.,1.));
#5652 = ORIENTED_EDGE('',*,*,#2091,.T.);
#5653 = ORIENTED_EDGE('',*,*,#5622,.F.);
#5654 = ORIENTED_EDGE('',*,*,#5655,.F.);
#5655 = EDGE_CURVE('',#5646,#5623,#5656,.T.);
#5656 = LINE('',#5657,#5658);
#5657 = CARTESIAN_POINT('',(9.005558094291,-23.2317254143,0.));
#5658 = VECTOR('',#5659,1.);
#5659 = DIRECTION('',(0.980802255961,-0.195004960712,0.));
#5660 = PLANE('',#5661);
#5661 = AXIS2_PLACEMENT_3D('',#5662,#5663,#5664);
#5662 = CARTESIAN_POINT('',(9.005558094291,-23.2317254143,0.));
#5663 = DIRECTION('',(0.195004960712,0.980802255961,0.));
#5664 = DIRECTION('',(0.980802255961,-0.195004960712,0.));
#5665 = ADVANCED_FACE('',(#5666),#5685,.T.);
#5666 = FACE_BOUND('',#5667,.T.);
#5667 = EDGE_LOOP('',(#5668,#5669,#5670,#5678));
#5668 = ORIENTED_EDGE('',*,*,#5645,.T.);
#5669 = ORIENTED_EDGE('',*,*,#2082,.T.);
#5670 = ORIENTED_EDGE('',*,*,#5671,.F.);
#5671 = EDGE_CURVE('',#5672,#2075,#5674,.T.);
#5672 = VERTEX_POINT('',#5673);
#5673 = CARTESIAN_POINT('',(8.555069716732,-23.09508600537,0.));
#5674 = LINE('',#5675,#5676);
#5675 = CARTESIAN_POINT('',(8.555069716732,-23.09508600537,0.));
#5676 = VECTOR('',#5677,1.);
#5677 = DIRECTION('',(0.,0.,1.));
#5678 = ORIENTED_EDGE('',*,*,#5679,.F.);
#5679 = EDGE_CURVE('',#5646,#5672,#5680,.T.);
#5680 = CIRCLE('',#5681,2.4);
#5681 = AXIS2_PLACEMENT_3D('',#5682,#5683,#5684);
#5682 = CARTESIAN_POINT('',(9.47357,-20.8778,0.));
#5683 = DIRECTION('',(0.,-0.,-1.));
#5684 = DIRECTION('',(0.980802255961,-0.195004960712,0.));
#5685 = CYLINDRICAL_SURFACE('',#5686,2.4);
#5686 = AXIS2_PLACEMENT_3D('',#5687,#5688,#5689);
#5687 = CARTESIAN_POINT('',(9.47357,-20.8778,0.));
#5688 = DIRECTION('',(0.,0.,-1.));
#5689 = DIRECTION('',(0.980802255961,-0.195004960712,0.));
#5690 = ADVANCED_FACE('',(#5691),#5709,.F.);
#5691 = FACE_BOUND('',#5692,.F.);
#5692 = EDGE_LOOP('',(#5693,#5701,#5702,#5703));
#5693 = ORIENTED_EDGE('',*,*,#5694,.T.);
#5694 = EDGE_CURVE('',#5695,#2066,#5697,.T.);
#5695 = VERTEX_POINT('',#5696);
#5696 = CARTESIAN_POINT('',(7.830619716732,-22.79498600537,0.));
#5697 = LINE('',#5698,#5699);
#5698 = CARTESIAN_POINT('',(7.830619716732,-22.79498600537,0.));
#5699 = VECTOR('',#5700,1.);
#5700 = DIRECTION('',(0.,0.,1.));
#5701 = ORIENTED_EDGE('',*,*,#2074,.T.);
#5702 = ORIENTED_EDGE('',*,*,#5671,.F.);
#5703 = ORIENTED_EDGE('',*,*,#5704,.F.);
#5704 = EDGE_CURVE('',#5695,#5672,#5705,.T.);
#5705 = LINE('',#5706,#5707);
#5706 = CARTESIAN_POINT('',(7.830619716732,-22.79498600537,0.));
#5707 = VECTOR('',#5708,1.);
#5708 = DIRECTION('',(0.923869168907,-0.382708451362,0.));
#5709 = PLANE('',#5710);
#5710 = AXIS2_PLACEMENT_3D('',#5711,#5712,#5713);
#5711 = CARTESIAN_POINT('',(7.830619716732,-22.79498600537,0.));
#5712 = DIRECTION('',(0.382708451362,0.923869168907,0.));
#5713 = DIRECTION('',(0.923869168907,-0.382708451362,0.));
#5714 = ADVANCED_FACE('',(#5715),#5734,.T.);
#5715 = FACE_BOUND('',#5716,.T.);
#5716 = EDGE_LOOP('',(#5717,#5718,#5719,#5727));
#5717 = ORIENTED_EDGE('',*,*,#5694,.T.);
#5718 = ORIENTED_EDGE('',*,*,#2065,.T.);
#5719 = ORIENTED_EDGE('',*,*,#5720,.F.);
#5720 = EDGE_CURVE('',#5721,#2058,#5723,.T.);
#5721 = VERTEX_POINT('',#5722);
#5722 = CARTESIAN_POINT('',(7.415622602227,-22.57314097635,0.));
#5723 = LINE('',#5724,#5725);
#5724 = CARTESIAN_POINT('',(7.415622602227,-22.57314097635,0.));
#5725 = VECTOR('',#5726,1.);
#5726 = DIRECTION('',(0.,0.,1.));
#5727 = ORIENTED_EDGE('',*,*,#5728,.F.);
#5728 = EDGE_CURVE('',#5695,#5721,#5729,.T.);
#5729 = CIRCLE('',#5730,2.4);
#5730 = AXIS2_PLACEMENT_3D('',#5731,#5732,#5733);
#5731 = CARTESIAN_POINT('',(8.74912,-20.5777,0.));
#5732 = DIRECTION('',(0.,-0.,-1.));
#5733 = DIRECTION('',(0.923869168907,-0.382708451362,0.));
#5734 = CYLINDRICAL_SURFACE('',#5735,2.4);
#5735 = AXIS2_PLACEMENT_3D('',#5736,#5737,#5738);
#5736 = CARTESIAN_POINT('',(8.74912,-20.5777,0.));
#5737 = DIRECTION('',(0.,0.,-1.));
#5738 = DIRECTION('',(0.923869168907,-0.382708451362,0.));
#5739 = ADVANCED_FACE('',(#5740),#5758,.F.);
#5740 = FACE_BOUND('',#5741,.F.);
#5741 = EDGE_LOOP('',(#5742,#5750,#5751,#5752));
#5742 = ORIENTED_EDGE('',*,*,#5743,.T.);
#5743 = EDGE_CURVE('',#5744,#2049,#5746,.T.);
#5744 = VERTEX_POINT('',#5745);
#5745 = CARTESIAN_POINT('',(6.763642602227,-22.13744097635,0.));
#5746 = LINE('',#5747,#5748);
#5747 = CARTESIAN_POINT('',(6.763642602227,-22.13744097635,0.));
#5748 = VECTOR('',#5749,1.);
#5749 = DIRECTION('',(0.,0.,1.));
#5750 = ORIENTED_EDGE('',*,*,#2057,.T.);
#5751 = ORIENTED_EDGE('',*,*,#5720,.F.);
#5752 = ORIENTED_EDGE('',*,*,#5753,.F.);
#5753 = EDGE_CURVE('',#5744,#5721,#5754,.T.);
#5754 = LINE('',#5755,#5756);
#5755 = CARTESIAN_POINT('',(6.763642602227,-22.13744097635,0.));
#5756 = VECTOR('',#5757,1.);
#5757 = DIRECTION('',(0.83143374015,-0.555623915739,0.));
#5758 = PLANE('',#5759);
#5759 = AXIS2_PLACEMENT_3D('',#5760,#5761,#5762);
#5760 = CARTESIAN_POINT('',(6.763642602227,-22.13744097635,0.));
#5761 = DIRECTION('',(0.555623915739,0.83143374015,0.));
#5762 = DIRECTION('',(0.83143374015,-0.555623915739,0.));
#5763 = ADVANCED_FACE('',(#5764),#5783,.T.);
#5764 = FACE_BOUND('',#5765,.T.);
#5765 = EDGE_LOOP('',(#5766,#5767,#5768,#5776));
#5766 = ORIENTED_EDGE('',*,*,#5743,.T.);
#5767 = ORIENTED_EDGE('',*,*,#2048,.T.);
#5768 = ORIENTED_EDGE('',*,*,#5769,.F.);
#5769 = EDGE_CURVE('',#5770,#2041,#5772,.T.);
#5770 = VERTEX_POINT('',#5771);
#5771 = CARTESIAN_POINT('',(6.400190859161,-21.83916340209,0.));
#5772 = LINE('',#5773,#5774);
#5773 = CARTESIAN_POINT('',(6.400190859161,-21.83916340209,0.));
#5774 = VECTOR('',#5775,1.);
#5775 = DIRECTION('',(0.,0.,1.));
#5776 = ORIENTED_EDGE('',*,*,#5777,.F.);
#5777 = EDGE_CURVE('',#5744,#5770,#5778,.T.);
#5778 = CIRCLE('',#5779,2.4);
#5779 = AXIS2_PLACEMENT_3D('',#5780,#5781,#5782);
#5780 = CARTESIAN_POINT('',(8.09714,-20.142,0.));
#5781 = DIRECTION('',(0.,-0.,-1.));
#5782 = DIRECTION('',(0.83143374015,-0.555623915739,0.));
#5783 = CYLINDRICAL_SURFACE('',#5784,2.4);
#5784 = AXIS2_PLACEMENT_3D('',#5785,#5786,#5787);
#5785 = CARTESIAN_POINT('',(8.09714,-20.142,0.));
#5786 = DIRECTION('',(0.,0.,-1.));
#5787 = DIRECTION('',(0.83143374015,-0.555623915739,0.));
#5788 = ADVANCED_FACE('',(#5789),#5807,.F.);
#5789 = FACE_BOUND('',#5790,.F.);
#5790 = EDGE_LOOP('',(#5791,#5799,#5800,#5801));
#5791 = ORIENTED_EDGE('',*,*,#5792,.T.);
#5792 = EDGE_CURVE('',#5793,#2032,#5795,.T.);
#5793 = VERTEX_POINT('',#5794);
#5794 = CARTESIAN_POINT('',(5.845720859161,-21.28476340209,0.));
#5795 = LINE('',#5796,#5797);
#5796 = CARTESIAN_POINT('',(5.845720859161,-21.28476340209,0.));
#5797 = VECTOR('',#5798,1.);
#5798 = DIRECTION('',(0.,0.,1.));
#5799 = ORIENTED_EDGE('',*,*,#2040,.T.);
#5800 = ORIENTED_EDGE('',*,*,#5769,.F.);
#5801 = ORIENTED_EDGE('',*,*,#5802,.F.);
#5802 = EDGE_CURVE('',#5793,#5770,#5803,.T.);
#5803 = LINE('',#5804,#5805);
#5804 = CARTESIAN_POINT('',(5.845720859161,-21.28476340209,0.));
#5805 = VECTOR('',#5806,1.);
#5806 = DIRECTION('',(0.707151417539,-0.707062142016,0.));
#5807 = PLANE('',#5808);
#5808 = AXIS2_PLACEMENT_3D('',#5809,#5810,#5811);
#5809 = CARTESIAN_POINT('',(5.845720859161,-21.28476340209,0.));
#5810 = DIRECTION('',(0.707062142016,0.707151417539,0.));
#5811 = DIRECTION('',(0.707151417539,-0.707062142016,0.));
#5812 = ADVANCED_FACE('',(#5813),#5832,.T.);
#5813 = FACE_BOUND('',#5814,.T.);
#5814 = EDGE_LOOP('',(#5815,#5816,#5817,#5825));
#5815 = ORIENTED_EDGE('',*,*,#5792,.T.);
#5816 = ORIENTED_EDGE('',*,*,#2031,.T.);
#5817 = ORIENTED_EDGE('',*,*,#5818,.F.);
#5818 = EDGE_CURVE('',#5819,#2024,#5821,.T.);
#5819 = VERTEX_POINT('',#5820);
#5820 = CARTESIAN_POINT('',(5.547125297387,-20.92094216909,0.));
#5821 = LINE('',#5822,#5823);
#5822 = CARTESIAN_POINT('',(5.547125297387,-20.92094216909,0.));
#5823 = VECTOR('',#5824,1.);
#5824 = DIRECTION('',(0.,0.,1.));
#5825 = ORIENTED_EDGE('',*,*,#5826,.F.);
#5826 = EDGE_CURVE('',#5793,#5819,#5827,.T.);
#5827 = CIRCLE('',#5828,2.4);
#5828 = AXIS2_PLACEMENT_3D('',#5829,#5830,#5831);
#5829 = CARTESIAN_POINT('',(7.54267,-19.5876,0.));
#5830 = DIRECTION('',(0.,-0.,-1.));
#5831 = DIRECTION('',(0.707151417539,-0.707062142016,0.));
#5832 = CYLINDRICAL_SURFACE('',#5833,2.4);
#5833 = AXIS2_PLACEMENT_3D('',#5834,#5835,#5836);
#5834 = CARTESIAN_POINT('',(7.54267,-19.5876,0.));
#5835 = DIRECTION('',(0.,0.,-1.));
#5836 = DIRECTION('',(0.707151417539,-0.707062142016,0.));
#5837 = ADVANCED_FACE('',(#5838),#5856,.F.);
#5838 = FACE_BOUND('',#5839,.F.);
#5839 = EDGE_LOOP('',(#5840,#5848,#5849,#5850));
#5840 = ORIENTED_EDGE('',*,*,#5841,.T.);
#5841 = EDGE_CURVE('',#5842,#2015,#5844,.T.);
#5842 = VERTEX_POINT('',#5843);
#5843 = CARTESIAN_POINT('',(5.111485297387,-20.26894216909,0.));
#5844 = LINE('',#5845,#5846);
#5845 = CARTESIAN_POINT('',(5.111485297387,-20.26894216909,0.));
#5846 = VECTOR('',#5847,1.);
#5847 = DIRECTION('',(0.,0.,1.));
#5848 = ORIENTED_EDGE('',*,*,#2023,.T.);
#5849 = ORIENTED_EDGE('',*,*,#5818,.F.);
#5850 = ORIENTED_EDGE('',*,*,#5851,.F.);
#5851 = EDGE_CURVE('',#5842,#5819,#5852,.T.);
#5852 = LINE('',#5853,#5854);
#5853 = CARTESIAN_POINT('',(5.111485297387,-20.26894216909,0.));
#5854 = VECTOR('',#5855,1.);
#5855 = DIRECTION('',(0.555559237121,-0.831476959422,0.));
#5856 = PLANE('',#5857);
#5857 = AXIS2_PLACEMENT_3D('',#5858,#5859,#5860);
#5858 = CARTESIAN_POINT('',(5.111485297387,-20.26894216909,0.));
#5859 = DIRECTION('',(0.831476959422,0.555559237121,0.));
#5860 = DIRECTION('',(0.555559237121,-0.831476959422,0.));
#5861 = ADVANCED_FACE('',(#5862),#5881,.T.);
#5862 = FACE_BOUND('',#5863,.T.);
#5863 = EDGE_LOOP('',(#5864,#5865,#5866,#5874));
#5864 = ORIENTED_EDGE('',*,*,#5841,.T.);
#5865 = ORIENTED_EDGE('',*,*,#2014,.T.);
#5866 = ORIENTED_EDGE('',*,*,#5867,.F.);
#5867 = EDGE_CURVE('',#5868,#2007,#5870,.T.);
#5868 = VERTEX_POINT('',#5869);
#5869 = CARTESIAN_POINT('',(4.88969994212,-19.85399393204,0.));
#5870 = LINE('',#5871,#5872);
#5871 = CARTESIAN_POINT('',(4.88969994212,-19.85399393204,0.));
#5872 = VECTOR('',#5873,1.);
#5873 = DIRECTION('',(0.,0.,1.));
#5874 = ORIENTED_EDGE('',*,*,#5875,.F.);
#5875 = EDGE_CURVE('',#5842,#5868,#5876,.T.);
#5876 = CIRCLE('',#5877,2.4);
#5877 = AXIS2_PLACEMENT_3D('',#5878,#5879,#5880);
#5878 = CARTESIAN_POINT('',(7.10703,-18.9356,0.));
#5879 = DIRECTION('',(0.,-0.,-1.));
#5880 = DIRECTION('',(0.555559237121,-0.831476959422,0.));
#5881 = CYLINDRICAL_SURFACE('',#5882,2.4);
#5882 = AXIS2_PLACEMENT_3D('',#5883,#5884,#5885);
#5883 = CARTESIAN_POINT('',(7.10703,-18.9356,0.));
#5884 = DIRECTION('',(0.,0.,-1.));
#5885 = DIRECTION('',(0.555559237121,-0.831476959422,0.));
#5886 = ADVANCED_FACE('',(#5887),#5905,.F.);
#5887 = FACE_BOUND('',#5888,.F.);
#5888 = EDGE_LOOP('',(#5889,#5897,#5898,#5899));
#5889 = ORIENTED_EDGE('',*,*,#5890,.T.);
#5890 = EDGE_CURVE('',#5891,#1998,#5893,.T.);
#5891 = VERTEX_POINT('',#5892);
#5892 = CARTESIAN_POINT('',(4.58961994212,-19.12949393204,0.));
#5893 = LINE('',#5894,#5895);
#5894 = CARTESIAN_POINT('',(4.58961994212,-19.12949393204,0.));
#5895 = VECTOR('',#5896,1.);
#5896 = DIRECTION('',(0.,0.,1.));
#5897 = ORIENTED_EDGE('',*,*,#2006,.T.);
#5898 = ORIENTED_EDGE('',*,*,#5867,.F.);
#5899 = ORIENTED_EDGE('',*,*,#5900,.F.);
#5900 = EDGE_CURVE('',#5891,#5868,#5901,.T.);
#5901 = LINE('',#5902,#5903);
#5902 = CARTESIAN_POINT('',(4.58961994212,-19.12949393204,0.));
#5903 = VECTOR('',#5904,1.);
#5904 = DIRECTION('',(0.382664138353,-0.923887524117,0.));
#5905 = PLANE('',#5906);
#5906 = AXIS2_PLACEMENT_3D('',#5907,#5908,#5909);
#5907 = CARTESIAN_POINT('',(4.58961994212,-19.12949393204,0.));
#5908 = DIRECTION('',(0.923887524117,0.382664138353,0.));
#5909 = DIRECTION('',(0.382664138353,-0.923887524117,0.));
#5910 = ADVANCED_FACE('',(#5911),#5930,.T.);
#5911 = FACE_BOUND('',#5912,.T.);
#5912 = EDGE_LOOP('',(#5913,#5914,#5915,#5923));
#5913 = ORIENTED_EDGE('',*,*,#5890,.T.);
#5914 = ORIENTED_EDGE('',*,*,#1997,.T.);
#5915 = ORIENTED_EDGE('',*,*,#5916,.F.);
#5916 = EDGE_CURVE('',#5917,#1990,#5919,.T.);
#5917 = VERTEX_POINT('',#5918);
#5918 = CARTESIAN_POINT('',(4.510291064249,-18.90777620372,0.));
#5919 = LINE('',#5920,#5921);
#5920 = CARTESIAN_POINT('',(4.510291064249,-18.90777620372,0.));
#5921 = VECTOR('',#5922,1.);
#5922 = DIRECTION('',(0.,0.,1.));
#5923 = ORIENTED_EDGE('',*,*,#5924,.F.);
#5924 = EDGE_CURVE('',#5891,#5917,#5925,.T.);
#5925 = CIRCLE('',#5926,2.4);
#5926 = AXIS2_PLACEMENT_3D('',#5927,#5928,#5929);
#5927 = CARTESIAN_POINT('',(6.80695,-18.2111,0.));
#5928 = DIRECTION('',(0.,-0.,-1.));
#5929 = DIRECTION('',(0.382664138353,-0.923887524117,0.));
#5930 = CYLINDRICAL_SURFACE('',#5931,2.4);
#5931 = AXIS2_PLACEMENT_3D('',#5932,#5933,#5934);
#5932 = CARTESIAN_POINT('',(6.80695,-18.2111,0.));
#5933 = DIRECTION('',(0.,0.,-1.));
#5934 = DIRECTION('',(0.382664138353,-0.923887524117,0.));
#5935 = ADVANCED_FACE('',(#5936),#5954,.F.);
#5936 = FACE_BOUND('',#5937,.F.);
#5937 = EDGE_LOOP('',(#5938,#5946,#5947,#5948));
#5938 = ORIENTED_EDGE('',*,*,#5939,.T.);
#5939 = EDGE_CURVE('',#5940,#1982,#5942,.T.);
#5940 = VERTEX_POINT('',#5941);
#5941 = CARTESIAN_POINT('',(4.195125693302,-17.86880377786,0.));
#5942 = LINE('',#5943,#5944);
#5943 = CARTESIAN_POINT('',(4.195125693302,-17.86880377786,0.));
#5944 = VECTOR('',#5945,1.);
#5945 = DIRECTION('',(0.,0.,1.));
#5946 = ORIENTED_EDGE('',*,*,#1989,.T.);
#5947 = ORIENTED_EDGE('',*,*,#5916,.F.);
#5948 = ORIENTED_EDGE('',*,*,#5949,.F.);
#5949 = EDGE_CURVE('',#5940,#5917,#5950,.T.);
#5950 = LINE('',#5951,#5952);
#5951 = CARTESIAN_POINT('',(4.126501064249,-17.64257620372,0.));
#5952 = VECTOR('',#5953,1.);
#5953 = DIRECTION('',(0.290281751552,-0.95694122323,0.));
#5954 = PLANE('',#5955);
#5955 = AXIS2_PLACEMENT_3D('',#5956,#5957,#5958);
#5956 = CARTESIAN_POINT('',(4.195125693302,-17.86880377786,0.));
#5957 = DIRECTION('',(0.95694122323,0.290281751552,0.));
#5958 = DIRECTION('',(0.290281751552,-0.95694122323,0.));
#5959 = ADVANCED_FACE('',(#5960),#5978,.F.);
#5960 = FACE_BOUND('',#5961,.F.);
#5961 = EDGE_LOOP('',(#5962,#5970,#5971,#5972));
#5962 = ORIENTED_EDGE('',*,*,#5963,.T.);
#5963 = EDGE_CURVE('',#5964,#1974,#5966,.T.);
#5964 = VERTEX_POINT('',#5965);
#5965 = CARTESIAN_POINT('',(3.68048160152,-16.90601807829,0.));
#5966 = LINE('',#5967,#5968);
#5967 = CARTESIAN_POINT('',(3.68048160152,-16.90601807829,0.));
#5968 = VECTOR('',#5969,1.);
#5969 = DIRECTION('',(0.,0.,1.));
#5970 = ORIENTED_EDGE('',*,*,#1981,.T.);
#5971 = ORIENTED_EDGE('',*,*,#5939,.F.);
#5972 = ORIENTED_EDGE('',*,*,#5973,.F.);
#5973 = EDGE_CURVE('',#5964,#5940,#5974,.T.);
#5974 = LINE('',#5975,#5976);
#5975 = CARTESIAN_POINT('',(3.569071279035,-16.69759391296,0.));
#5976 = VECTOR('',#5977,1.);
#5977 = DIRECTION('',(0.4714141304,-0.881911967069,0.));
#5978 = PLANE('',#5979);
#5979 = AXIS2_PLACEMENT_3D('',#5980,#5981,#5982);
#5980 = CARTESIAN_POINT('',(3.68048160152,-16.90601807829,0.));
#5981 = DIRECTION('',(0.881911967069,0.4714141304,0.));
#5982 = DIRECTION('',(0.4714141304,-0.881911967069,0.));
#5983 = ADVANCED_FACE('',(#5984),#6002,.F.);
#5984 = FACE_BOUND('',#5985,.F.);
#5985 = EDGE_LOOP('',(#5986,#5994,#5995,#5996));
#5986 = ORIENTED_EDGE('',*,*,#5987,.T.);
#5987 = EDGE_CURVE('',#5988,#1966,#5990,.T.);
#5988 = VERTEX_POINT('',#5989);
#5989 = CARTESIAN_POINT('',(2.987882899771,-16.06205101575,0.));
#5990 = LINE('',#5991,#5992);
#5991 = CARTESIAN_POINT('',(2.987882899771,-16.06205101575,0.));
#5992 = VECTOR('',#5993,1.);
#5993 = DIRECTION('',(0.,0.,1.));
#5994 = ORIENTED_EDGE('',*,*,#1973,.T.);
#5995 = ORIENTED_EDGE('',*,*,#5963,.F.);
#5996 = ORIENTED_EDGE('',*,*,#5997,.F.);
#5997 = EDGE_CURVE('',#5988,#5964,#5998,.T.);
#5998 = LINE('',#5999,#6000);
#5999 = CARTESIAN_POINT('',(2.837915626432,-15.87930819681,0.));
#6000 = VECTOR('',#6001,1.);
#6001 = DIRECTION('',(0.634378415338,-0.773022655653,0.));
#6002 = PLANE('',#6003);
#6003 = AXIS2_PLACEMENT_3D('',#6004,#6005,#6006);
#6004 = CARTESIAN_POINT('',(2.987882899771,-16.06205101575,0.));
#6005 = DIRECTION('',(0.773022655653,0.634378415338,0.));
#6006 = DIRECTION('',(0.634378415338,-0.773022655653,0.));
#6007 = ADVANCED_FACE('',(#6008),#6026,.F.);
#6008 = FACE_BOUND('',#6009,.F.);
#6009 = EDGE_LOOP('',(#6010,#6018,#6019,#6020));
#6010 = ORIENTED_EDGE('',*,*,#6011,.T.);
#6011 = EDGE_CURVE('',#6012,#1958,#6014,.T.);
#6012 = VERTEX_POINT('',#6013);
#6013 = CARTESIAN_POINT('',(2.14398342146,-15.36947789259,0.));
#6014 = LINE('',#6015,#6016);
#6015 = CARTESIAN_POINT('',(2.14398342146,-15.36947789259,0.));
#6016 = VECTOR('',#6017,1.);
#6017 = DIRECTION('',(0.,0.,1.));
#6018 = ORIENTED_EDGE('',*,*,#1965,.T.);
#6019 = ORIENTED_EDGE('',*,*,#5987,.F.);
#6020 = ORIENTED_EDGE('',*,*,#6021,.F.);
#6021 = EDGE_CURVE('',#6012,#5988,#6022,.T.);
#6022 = LINE('',#6023,#6024);
#6023 = CARTESIAN_POINT('',(1.961262545283,-15.219522156,0.));
#6024 = VECTOR('',#6025,1.);
#6025 = DIRECTION('',(0.773009231669,-0.634394772799,0.));
#6026 = PLANE('',#6027);
#6027 = AXIS2_PLACEMENT_3D('',#6028,#6029,#6030);
#6028 = CARTESIAN_POINT('',(2.14398342146,-15.36947789259,0.));
#6029 = DIRECTION('',(0.634394772799,0.773009231669,0.));
#6030 = DIRECTION('',(0.773009231669,-0.634394772799,0.));
#6031 = ADVANCED_FACE('',(#6032),#6050,.F.);
#6032 = FACE_BOUND('',#6033,.F.);
#6033 = EDGE_LOOP('',(#6034,#6042,#6043,#6044));
#6034 = ORIENTED_EDGE('',*,*,#6035,.T.);
#6035 = EDGE_CURVE('',#6036,#1950,#6038,.T.);
#6036 = VERTEX_POINT('',#6037);
#6037 = CARTESIAN_POINT('',(1.181199355165,-14.85485332373,0.));
#6038 = LINE('',#6039,#6040);
#6039 = CARTESIAN_POINT('',(1.181199355165,-14.85485332373,0.));
#6040 = VECTOR('',#6041,1.);
#6041 = DIRECTION('',(0.,0.,1.));
#6042 = ORIENTED_EDGE('',*,*,#1957,.T.);
#6043 = ORIENTED_EDGE('',*,*,#6011,.F.);
#6044 = ORIENTED_EDGE('',*,*,#6045,.F.);
#6045 = EDGE_CURVE('',#6036,#6012,#6046,.T.);
#6046 = LINE('',#6047,#6048);
#6047 = CARTESIAN_POINT('',(0.972697975911,-14.74340576642,0.));
#6048 = VECTOR('',#6049,1.);
#6049 = DIRECTION('',(0.881919069342,-0.47140084337,0.));
#6050 = PLANE('',#6051);
#6051 = AXIS2_PLACEMENT_3D('',#6052,#6053,#6054);
#6052 = CARTESIAN_POINT('',(1.181199355165,-14.85485332373,0.));
#6053 = DIRECTION('',(0.47140084337,0.881919069342,0.));
#6054 = DIRECTION('',(0.881919069342,-0.47140084337,0.));
#6055 = ADVANCED_FACE('',(#6056),#6074,.F.);
#6056 = FACE_BOUND('',#6057,.F.);
#6057 = EDGE_LOOP('',(#6058,#6066,#6067,#6068));
#6058 = ORIENTED_EDGE('',*,*,#6059,.T.);
#6059 = EDGE_CURVE('',#6060,#1942,#6062,.T.);
#6060 = VERTEX_POINT('',#6061);
#6061 = CARTESIAN_POINT('',(0.13649766189,-14.53797741729,0.));
#6062 = LINE('',#6063,#6064);
#6063 = CARTESIAN_POINT('',(0.13649766189,-14.53797741729,0.));
#6064 = VECTOR('',#6065,1.);
#6065 = DIRECTION('',(0.,0.,1.));
#6066 = ORIENTED_EDGE('',*,*,#1949,.T.);
#6067 = ORIENTED_EDGE('',*,*,#6035,.F.);
#6068 = ORIENTED_EDGE('',*,*,#6069,.F.);
#6069 = EDGE_CURVE('',#6060,#6036,#6070,.T.);
#6070 = LINE('',#6071,#6072);
#6071 = CARTESIAN_POINT('',(-8.967404369628E-02,-14.46937566745,0.));
#6072 = VECTOR('',#6073,1.);
#6073 = DIRECTION('',(0.956948194773,-0.290258768207,0.));
#6074 = PLANE('',#6075);
#6075 = AXIS2_PLACEMENT_3D('',#6076,#6077,#6078);
#6076 = CARTESIAN_POINT('',(0.13649766189,-14.53797741729,0.));
#6077 = DIRECTION('',(0.290258768207,0.956948194773,0.));
#6078 = DIRECTION('',(0.956948194773,-0.290258768207,0.));
#6079 = ADVANCED_FACE('',(#6080),#6098,.F.);
#6080 = FACE_BOUND('',#6081,.F.);
#6081 = EDGE_LOOP('',(#6082,#6090,#6091,#6092));
#6082 = ORIENTED_EDGE('',*,*,#6083,.T.);
#6083 = EDGE_CURVE('',#6084,#1934,#6086,.T.);
#6084 = VERTEX_POINT('',#6085);
#6085 = CARTESIAN_POINT('',(-1.264414140054,-14.4,0.));
#6086 = LINE('',#6087,#6088);
#6087 = CARTESIAN_POINT('',(-1.264414140054,-14.4,0.));
#6088 = VECTOR('',#6089,1.);
#6089 = DIRECTION('',(0.,0.,1.));
#6090 = ORIENTED_EDGE('',*,*,#1941,.T.);
#6091 = ORIENTED_EDGE('',*,*,#6059,.F.);
#6092 = ORIENTED_EDGE('',*,*,#6093,.F.);
#6093 = EDGE_CURVE('',#6084,#6060,#6094,.T.);
#6094 = LINE('',#6095,#6096);
#6095 = CARTESIAN_POINT('',(-1.381750542324,-14.38844340256,0.));
#6096 = VECTOR('',#6097,1.);
#6097 = DIRECTION('',(0.995184751068,-9.80168926352E-02,0.));
#6098 = PLANE('',#6099);
#6099 = AXIS2_PLACEMENT_3D('',#6100,#6101,#6102);
#6100 = CARTESIAN_POINT('',(-1.264414140054,-14.4,0.));
#6101 = DIRECTION('',(9.80168926352E-02,0.995184751068,0.));
#6102 = DIRECTION('',(0.995184751068,-9.80168926352E-02,0.));
#6103 = ADVANCED_FACE('',(#6104),#6122,.F.);
#6104 = FACE_BOUND('',#6105,.F.);
#6105 = EDGE_LOOP('',(#6106,#6114,#6115,#6116));
#6106 = ORIENTED_EDGE('',*,*,#6107,.T.);
#6107 = EDGE_CURVE('',#6108,#1925,#6110,.T.);
#6108 = VERTEX_POINT('',#6109);
#6109 = CARTESIAN_POINT('',(-8.,-14.4,0.));
#6110 = LINE('',#6111,#6112);
#6111 = CARTESIAN_POINT('',(-8.,-14.4,0.));
#6112 = VECTOR('',#6113,1.);
#6113 = DIRECTION('',(0.,0.,1.));
#6114 = ORIENTED_EDGE('',*,*,#1933,.T.);
#6115 = ORIENTED_EDGE('',*,*,#6083,.F.);
#6116 = ORIENTED_EDGE('',*,*,#6117,.F.);
#6117 = EDGE_CURVE('',#6108,#6084,#6118,.T.);
#6118 = LINE('',#6119,#6120);
#6119 = CARTESIAN_POINT('',(-8.,-14.4,0.));
#6120 = VECTOR('',#6121,1.);
#6121 = DIRECTION('',(1.,0.,0.));
#6122 = PLANE('',#6123);
#6123 = AXIS2_PLACEMENT_3D('',#6124,#6125,#6126);
#6124 = CARTESIAN_POINT('',(-8.,-14.4,0.));
#6125 = DIRECTION('',(0.,1.,0.));
#6126 = DIRECTION('',(1.,0.,0.));
#6127 = ADVANCED_FACE('',(#6128),#6147,.T.);
#6128 = FACE_BOUND('',#6129,.T.);
#6129 = EDGE_LOOP('',(#6130,#6131,#6132,#6140));
#6130 = ORIENTED_EDGE('',*,*,#6107,.T.);
#6131 = ORIENTED_EDGE('',*,*,#1924,.T.);
#6132 = ORIENTED_EDGE('',*,*,#6133,.F.);
#6133 = EDGE_CURVE('',#6134,#1917,#6136,.T.);
#6134 = VERTEX_POINT('',#6135);
#6135 = CARTESIAN_POINT('',(-8.235366171877,-14.38843102582,0.));
#6136 = LINE('',#6137,#6138);
#6137 = CARTESIAN_POINT('',(-8.235366171877,-14.38843102582,0.));
#6138 = VECTOR('',#6139,1.);
#6139 = DIRECTION('',(0.,0.,1.));
#6140 = ORIENTED_EDGE('',*,*,#6141,.F.);
#6141 = EDGE_CURVE('',#6108,#6134,#6142,.T.);
#6142 = CIRCLE('',#6143,2.4);
#6143 = AXIS2_PLACEMENT_3D('',#6144,#6145,#6146);
#6144 = CARTESIAN_POINT('',(-8.,-12.,0.));
#6145 = DIRECTION('',(0.,0.,-1.));
#6146 = DIRECTION('',(1.,0.,0.));
#6147 = CYLINDRICAL_SURFACE('',#6148,2.4);
#6148 = AXIS2_PLACEMENT_3D('',#6149,#6150,#6151);
#6149 = CARTESIAN_POINT('',(-8.,-12.,0.));
#6150 = DIRECTION('',(0.,0.,-1.));
#6151 = DIRECTION('',(1.,0.,0.));
#6152 = ADVANCED_FACE('',(#6153),#6171,.F.);
#6153 = FACE_BOUND('',#6154,.F.);
#6154 = EDGE_LOOP('',(#6155,#6163,#6164,#6165));
#6155 = ORIENTED_EDGE('',*,*,#6156,.T.);
#6156 = EDGE_CURVE('',#6157,#1908,#6159,.T.);
#6157 = VERTEX_POINT('',#6158);
#6158 = CARTESIAN_POINT('',(-9.015726171877,-14.31153102582,0.));
#6159 = LINE('',#6160,#6161);
#6160 = CARTESIAN_POINT('',(-9.015726171877,-14.31153102582,0.));
#6161 = VECTOR('',#6162,1.);
#6162 = DIRECTION('',(0.,0.,1.));
#6163 = ORIENTED_EDGE('',*,*,#1916,.T.);
#6164 = ORIENTED_EDGE('',*,*,#6133,.F.);
#6165 = ORIENTED_EDGE('',*,*,#6166,.F.);
#6166 = EDGE_CURVE('',#6157,#6134,#6167,.T.);
#6167 = LINE('',#6168,#6169);
#6168 = CARTESIAN_POINT('',(-9.015726171877,-14.31153102582,0.));
#6169 = VECTOR('',#6170,1.);
#6170 = DIRECTION('',(0.995179594095,-9.806923828219E-02,0.));
#6171 = PLANE('',#6172);
#6172 = AXIS2_PLACEMENT_3D('',#6173,#6174,#6175);
#6173 = CARTESIAN_POINT('',(-9.015726171877,-14.31153102582,0.));
#6174 = DIRECTION('',(9.806923828219E-02,0.995179594095,0.));
#6175 = DIRECTION('',(0.995179594095,-9.806923828219E-02,0.));
#6176 = ADVANCED_FACE('',(#6177),#6196,.T.);
#6177 = FACE_BOUND('',#6178,.T.);
#6178 = EDGE_LOOP('',(#6179,#6180,#6181,#6189));
#6179 = ORIENTED_EDGE('',*,*,#6156,.T.);
#6180 = ORIENTED_EDGE('',*,*,#1907,.T.);
#6181 = ORIENTED_EDGE('',*,*,#6182,.F.);
#6182 = EDGE_CURVE('',#6183,#1900,#6185,.T.);
#6183 = VERTEX_POINT('',#6184);
#6184 = CARTESIAN_POINT('',(-9.476980859849,-14.21977572321,0.));
#6185 = LINE('',#6186,#6187);
#6186 = CARTESIAN_POINT('',(-9.476980859849,-14.21977572321,0.));
#6187 = VECTOR('',#6188,1.);
#6188 = DIRECTION('',(0.,0.,1.));
#6189 = ORIENTED_EDGE('',*,*,#6190,.F.);
#6190 = EDGE_CURVE('',#6157,#6183,#6191,.T.);
#6191 = CIRCLE('',#6192,2.4);
#6192 = AXIS2_PLACEMENT_3D('',#6193,#6194,#6195);
#6193 = CARTESIAN_POINT('',(-8.78036,-11.9231,0.));
#6194 = DIRECTION('',(0.,-0.,-1.));
#6195 = DIRECTION('',(0.995179594095,-9.806923828219E-02,0.));
#6196 = CYLINDRICAL_SURFACE('',#6197,2.4);
#6197 = AXIS2_PLACEMENT_3D('',#6198,#6199,#6200);
#6198 = CARTESIAN_POINT('',(-8.78036,-11.9231,0.));
#6199 = DIRECTION('',(0.,0.,-1.));
#6200 = DIRECTION('',(0.995179594095,-9.806923828219E-02,0.));
#6201 = ADVANCED_FACE('',(#6202),#6220,.F.);
#6202 = FACE_BOUND('',#6203,.F.);
#6203 = EDGE_LOOP('',(#6204,#6212,#6213,#6214));
#6204 = ORIENTED_EDGE('',*,*,#6205,.T.);
#6205 = EDGE_CURVE('',#6206,#1891,#6208,.T.);
#6206 = VERTEX_POINT('',#6207);
#6207 = CARTESIAN_POINT('',(-10.22735085984,-13.99217572321,0.));
#6208 = LINE('',#6209,#6210);
#6209 = CARTESIAN_POINT('',(-10.22735085984,-13.99217572321,0.));
#6210 = VECTOR('',#6211,1.);
#6211 = DIRECTION('',(0.,0.,1.));
#6212 = ORIENTED_EDGE('',*,*,#1899,.T.);
#6213 = ORIENTED_EDGE('',*,*,#6182,.F.);
#6214 = ORIENTED_EDGE('',*,*,#6215,.F.);
#6215 = EDGE_CURVE('',#6206,#6183,#6216,.T.);
#6216 = LINE('',#6217,#6218);
#6217 = CARTESIAN_POINT('',(-10.22735085984,-13.99217572321,0.));
#6218 = VECTOR('',#6219,1.);
#6219 = DIRECTION('',(0.956948218008,-0.290258691604,0.));
#6220 = PLANE('',#6221);
#6221 = AXIS2_PLACEMENT_3D('',#6222,#6223,#6224);
#6222 = CARTESIAN_POINT('',(-10.22735085984,-13.99217572321,0.));
#6223 = DIRECTION('',(0.290258691604,0.956948218008,0.));
#6224 = DIRECTION('',(0.956948218008,-0.290258691604,0.));
#6225 = ADVANCED_FACE('',(#6226),#6245,.T.);
#6226 = FACE_BOUND('',#6227,.T.);
#6227 = EDGE_LOOP('',(#6228,#6229,#6230,#6238));
#6228 = ORIENTED_EDGE('',*,*,#6205,.T.);
#6229 = ORIENTED_EDGE('',*,*,#1890,.T.);
#6230 = ORIENTED_EDGE('',*,*,#6231,.F.);
#6231 = EDGE_CURVE('',#6232,#1883,#6234,.T.);
#6232 = VERTEX_POINT('',#6233);
#6233 = CARTESIAN_POINT('',(-10.66195869594,-13.8121770272,0.));
#6234 = LINE('',#6235,#6236);
#6235 = CARTESIAN_POINT('',(-10.66195869594,-13.8121770272,0.));
#6236 = VECTOR('',#6237,1.);
#6237 = DIRECTION('',(0.,0.,1.));
#6238 = ORIENTED_EDGE('',*,*,#6239,.F.);
#6239 = EDGE_CURVE('',#6206,#6232,#6240,.T.);
#6240 = CIRCLE('',#6241,2.4);
#6241 = AXIS2_PLACEMENT_3D('',#6242,#6243,#6244);
#6242 = CARTESIAN_POINT('',(-9.53073,-11.6955,0.));
#6243 = DIRECTION('',(0.,-0.,-1.));
#6244 = DIRECTION('',(0.956948218008,-0.290258691604,0.));
#6245 = CYLINDRICAL_SURFACE('',#6246,2.4);
#6246 = AXIS2_PLACEMENT_3D('',#6247,#6248,#6249);
#6247 = CARTESIAN_POINT('',(-9.53073,-11.6955,0.));
#6248 = DIRECTION('',(0.,0.,-1.));
#6249 = DIRECTION('',(0.956948218008,-0.290258691604,0.));
#6250 = ADVANCED_FACE('',(#6251),#6269,.F.);
#6251 = FACE_BOUND('',#6252,.F.);
#6252 = EDGE_LOOP('',(#6253,#6261,#6262,#6263));
#6253 = ORIENTED_EDGE('',*,*,#6254,.T.);
#6254 = EDGE_CURVE('',#6255,#1874,#6257,.T.);
#6255 = VERTEX_POINT('',#6256);
#6256 = CARTESIAN_POINT('',(-11.35352869594,-13.4425770272,0.));
#6257 = LINE('',#6258,#6259);
#6258 = CARTESIAN_POINT('',(-11.35352869594,-13.4425770272,0.));
#6259 = VECTOR('',#6260,1.);
#6260 = DIRECTION('',(0.,0.,1.));
#6261 = ORIENTED_EDGE('',*,*,#1882,.T.);
#6262 = ORIENTED_EDGE('',*,*,#6231,.F.);
#6263 = ORIENTED_EDGE('',*,*,#6264,.F.);
#6264 = EDGE_CURVE('',#6255,#6232,#6265,.T.);
#6265 = LINE('',#6266,#6267);
#6266 = CARTESIAN_POINT('',(-11.35352869594,-13.4425770272,0.));
#6267 = VECTOR('',#6268,1.);
#6268 = DIRECTION('',(0.881948761333,-0.471345289976,0.));
#6269 = PLANE('',#6270);
#6270 = AXIS2_PLACEMENT_3D('',#6271,#6272,#6273);
#6271 = CARTESIAN_POINT('',(-11.35352869594,-13.4425770272,0.));
#6272 = DIRECTION('',(0.471345289976,0.881948761333,0.));
#6273 = DIRECTION('',(0.881948761333,-0.471345289976,0.));
#6274 = ADVANCED_FACE('',(#6275),#6294,.T.);
#6275 = FACE_BOUND('',#6276,.T.);
#6276 = EDGE_LOOP('',(#6277,#6278,#6279,#6287));
#6277 = ORIENTED_EDGE('',*,*,#6254,.T.);
#6278 = ORIENTED_EDGE('',*,*,#1873,.T.);
#6279 = ORIENTED_EDGE('',*,*,#6280,.F.);
#6280 = EDGE_CURVE('',#6281,#1866,#6283,.T.);
#6281 = VERTEX_POINT('',#6282);
#6282 = CARTESIAN_POINT('',(-11.7450022325,-13.18099512185,0.));
#6283 = LINE('',#6284,#6285);
#6284 = CARTESIAN_POINT('',(-11.7450022325,-13.18099512185,0.));
#6285 = VECTOR('',#6286,1.);
#6286 = DIRECTION('',(0.,0.,1.));
#6287 = ORIENTED_EDGE('',*,*,#6288,.F.);
#6288 = EDGE_CURVE('',#6255,#6281,#6289,.T.);
#6289 = CIRCLE('',#6290,2.4);
#6290 = AXIS2_PLACEMENT_3D('',#6291,#6292,#6293);
#6291 = CARTESIAN_POINT('',(-10.2223,-11.3259,0.));
#6292 = DIRECTION('',(0.,-0.,-1.));
#6293 = DIRECTION('',(0.881948761333,-0.471345289976,0.));
#6294 = CYLINDRICAL_SURFACE('',#6295,2.4);
#6295 = AXIS2_PLACEMENT_3D('',#6296,#6297,#6298);
#6296 = CARTESIAN_POINT('',(-10.2223,-11.3259,0.));
#6297 = DIRECTION('',(0.,0.,-1.));
#6298 = DIRECTION('',(0.881948761333,-0.471345289976,0.));
#6299 = ADVANCED_FACE('',(#6300),#6318,.F.);
#6300 = FACE_BOUND('',#6301,.F.);
#6301 = EDGE_LOOP('',(#6302,#6310,#6311,#6312));
#6302 = ORIENTED_EDGE('',*,*,#6303,.T.);
#6303 = EDGE_CURVE('',#6304,#1857,#6306,.T.);
#6304 = VERTEX_POINT('',#6305);
#6305 = CARTESIAN_POINT('',(-12.3511022325,-12.68349512185,0.));
#6306 = LINE('',#6307,#6308);
#6307 = CARTESIAN_POINT('',(-12.3511022325,-12.68349512185,0.));
#6308 = VECTOR('',#6309,1.);
#6309 = DIRECTION('',(0.,0.,1.));
#6310 = ORIENTED_EDGE('',*,*,#1865,.T.);
#6311 = ORIENTED_EDGE('',*,*,#6280,.F.);
#6312 = ORIENTED_EDGE('',*,*,#6313,.F.);
#6313 = EDGE_CURVE('',#6304,#6281,#6314,.T.);
#6314 = LINE('',#6315,#6316);
#6315 = CARTESIAN_POINT('',(-12.3511022325,-12.68349512185,0.));
#6316 = VECTOR('',#6317,1.);
#6317 = DIRECTION('',(0.772956300772,-0.634459263544,0.));
#6318 = PLANE('',#6319);
#6319 = AXIS2_PLACEMENT_3D('',#6320,#6321,#6322);
#6320 = CARTESIAN_POINT('',(-12.3511022325,-12.68349512185,0.));
#6321 = DIRECTION('',(0.634459263544,0.772956300772,0.));
#6322 = DIRECTION('',(0.772956300772,-0.634459263544,0.));
#6323 = ADVANCED_FACE('',(#6324),#6343,.T.);
#6324 = FACE_BOUND('',#6325,.T.);
#6325 = EDGE_LOOP('',(#6326,#6327,#6328,#6336));
#6326 = ORIENTED_EDGE('',*,*,#6303,.T.);
#6327 = ORIENTED_EDGE('',*,*,#1856,.T.);
#6328 = ORIENTED_EDGE('',*,*,#6329,.F.);
#6329 = EDGE_CURVE('',#6330,#1849,#6332,.T.);
#6330 = VERTEX_POINT('',#6331);
#6331 = CARTESIAN_POINT('',(-12.68349512185,-12.3511022325,0.));
#6332 = LINE('',#6333,#6334);
#6333 = CARTESIAN_POINT('',(-12.68349512185,-12.3511022325,0.));
#6334 = VECTOR('',#6335,1.);
#6335 = DIRECTION('',(0.,0.,1.));
#6336 = ORIENTED_EDGE('',*,*,#6337,.F.);
#6337 = EDGE_CURVE('',#6304,#6330,#6338,.T.);
#6338 = CIRCLE('',#6339,2.4);
#6339 = AXIS2_PLACEMENT_3D('',#6340,#6341,#6342);
#6340 = CARTESIAN_POINT('',(-10.8284,-10.8284,0.));
#6341 = DIRECTION('',(0.,-0.,-1.));
#6342 = DIRECTION('',(0.772956300772,-0.634459263544,0.));
#6343 = CYLINDRICAL_SURFACE('',#6344,2.4);
#6344 = AXIS2_PLACEMENT_3D('',#6345,#6346,#6347);
#6345 = CARTESIAN_POINT('',(-10.8284,-10.8284,0.));
#6346 = DIRECTION('',(0.,0.,-1.));
#6347 = DIRECTION('',(0.772956300772,-0.634459263544,0.));
#6348 = ADVANCED_FACE('',(#6349),#6367,.F.);
#6349 = FACE_BOUND('',#6350,.F.);
#6350 = EDGE_LOOP('',(#6351,#6359,#6360,#6361));
#6351 = ORIENTED_EDGE('',*,*,#6352,.T.);
#6352 = EDGE_CURVE('',#6353,#1840,#6355,.T.);
#6353 = VERTEX_POINT('',#6354);
#6354 = CARTESIAN_POINT('',(-13.18099512185,-11.7450022325,0.));
#6355 = LINE('',#6356,#6357);
#6356 = CARTESIAN_POINT('',(-13.18099512185,-11.7450022325,0.));
#6357 = VECTOR('',#6358,1.);
#6358 = DIRECTION('',(0.,0.,1.));
#6359 = ORIENTED_EDGE('',*,*,#1848,.T.);
#6360 = ORIENTED_EDGE('',*,*,#6329,.F.);
#6361 = ORIENTED_EDGE('',*,*,#6362,.F.);
#6362 = EDGE_CURVE('',#6353,#6330,#6363,.T.);
#6363 = LINE('',#6364,#6365);
#6364 = CARTESIAN_POINT('',(-13.18099512185,-11.7450022325,0.));
#6365 = VECTOR('',#6366,1.);
#6366 = DIRECTION('',(0.634459263544,-0.772956300772,0.));
#6367 = PLANE('',#6368);
#6368 = AXIS2_PLACEMENT_3D('',#6369,#6370,#6371);
#6369 = CARTESIAN_POINT('',(-13.18099512185,-11.7450022325,0.));
#6370 = DIRECTION('',(0.772956300772,0.634459263544,0.));
#6371 = DIRECTION('',(0.634459263544,-0.772956300772,0.));
#6372 = ADVANCED_FACE('',(#6373),#6392,.T.);
#6373 = FACE_BOUND('',#6374,.T.);
#6374 = EDGE_LOOP('',(#6375,#6376,#6377,#6385));
#6375 = ORIENTED_EDGE('',*,*,#6352,.T.);
#6376 = ORIENTED_EDGE('',*,*,#1839,.T.);
#6377 = ORIENTED_EDGE('',*,*,#6378,.F.);
#6378 = EDGE_CURVE('',#6379,#1832,#6381,.T.);
#6379 = VERTEX_POINT('',#6380);
#6380 = CARTESIAN_POINT('',(-13.4425770272,-11.35352869594,0.));
#6381 = LINE('',#6382,#6383);
#6382 = CARTESIAN_POINT('',(-13.4425770272,-11.35352869594,0.));
#6383 = VECTOR('',#6384,1.);
#6384 = DIRECTION('',(0.,0.,1.));
#6385 = ORIENTED_EDGE('',*,*,#6386,.F.);
#6386 = EDGE_CURVE('',#6353,#6379,#6387,.T.);
#6387 = CIRCLE('',#6388,2.4);
#6388 = AXIS2_PLACEMENT_3D('',#6389,#6390,#6391);
#6389 = CARTESIAN_POINT('',(-11.3259,-10.2223,0.));
#6390 = DIRECTION('',(0.,-0.,-1.));
#6391 = DIRECTION('',(0.634459263544,-0.772956300772,0.));
#6392 = CYLINDRICAL_SURFACE('',#6393,2.4);
#6393 = AXIS2_PLACEMENT_3D('',#6394,#6395,#6396);
#6394 = CARTESIAN_POINT('',(-11.3259,-10.2223,0.));
#6395 = DIRECTION('',(0.,0.,-1.));
#6396 = DIRECTION('',(0.634459263544,-0.772956300772,0.));
#6397 = ADVANCED_FACE('',(#6398),#6416,.F.);
#6398 = FACE_BOUND('',#6399,.F.);
#6399 = EDGE_LOOP('',(#6400,#6408,#6409,#6410));
#6400 = ORIENTED_EDGE('',*,*,#6401,.T.);
#6401 = EDGE_CURVE('',#6402,#1823,#6404,.T.);
#6402 = VERTEX_POINT('',#6403);
#6403 = CARTESIAN_POINT('',(-13.8121770272,-10.66195869594,0.));
#6404 = LINE('',#6405,#6406);
#6405 = CARTESIAN_POINT('',(-13.8121770272,-10.66195869594,0.));
#6406 = VECTOR('',#6407,1.);
#6407 = DIRECTION('',(0.,0.,1.));
#6408 = ORIENTED_EDGE('',*,*,#1831,.T.);
#6409 = ORIENTED_EDGE('',*,*,#6378,.F.);
#6410 = ORIENTED_EDGE('',*,*,#6411,.F.);
#6411 = EDGE_CURVE('',#6402,#6379,#6412,.T.);
#6412 = LINE('',#6413,#6414);
#6413 = CARTESIAN_POINT('',(-13.8121770272,-10.66195869594,0.));
#6414 = VECTOR('',#6415,1.);
#6415 = DIRECTION('',(0.471345289976,-0.881948761333,0.));
#6416 = PLANE('',#6417);
#6417 = AXIS2_PLACEMENT_3D('',#6418,#6419,#6420);
#6418 = CARTESIAN_POINT('',(-13.8121770272,-10.66195869594,0.));
#6419 = DIRECTION('',(0.881948761333,0.471345289976,0.));
#6420 = DIRECTION('',(0.471345289976,-0.881948761333,0.));
#6421 = ADVANCED_FACE('',(#6422),#6441,.T.);
#6422 = FACE_BOUND('',#6423,.T.);
#6423 = EDGE_LOOP('',(#6424,#6425,#6426,#6434));
#6424 = ORIENTED_EDGE('',*,*,#6401,.T.);
#6425 = ORIENTED_EDGE('',*,*,#1822,.T.);
#6426 = ORIENTED_EDGE('',*,*,#6427,.F.);
#6427 = EDGE_CURVE('',#6428,#1815,#6430,.T.);
#6428 = VERTEX_POINT('',#6429);
#6429 = CARTESIAN_POINT('',(-13.99217572321,-10.22735085984,0.));
#6430 = LINE('',#6431,#6432);
#6431 = CARTESIAN_POINT('',(-13.99217572321,-10.22735085984,0.));
#6432 = VECTOR('',#6433,1.);
#6433 = DIRECTION('',(0.,0.,1.));
#6434 = ORIENTED_EDGE('',*,*,#6435,.F.);
#6435 = EDGE_CURVE('',#6402,#6428,#6436,.T.);
#6436 = CIRCLE('',#6437,2.4);
#6437 = AXIS2_PLACEMENT_3D('',#6438,#6439,#6440);
#6438 = CARTESIAN_POINT('',(-11.6955,-9.53073,0.));
#6439 = DIRECTION('',(0.,-0.,-1.));
#6440 = DIRECTION('',(0.471345289976,-0.881948761333,0.));
#6441 = CYLINDRICAL_SURFACE('',#6442,2.4);
#6442 = AXIS2_PLACEMENT_3D('',#6443,#6444,#6445);
#6443 = CARTESIAN_POINT('',(-11.6955,-9.53073,0.));
#6444 = DIRECTION('',(0.,0.,-1.));
#6445 = DIRECTION('',(0.471345289976,-0.881948761333,0.));
#6446 = ADVANCED_FACE('',(#6447),#6465,.F.);
#6447 = FACE_BOUND('',#6448,.F.);
#6448 = EDGE_LOOP('',(#6449,#6457,#6458,#6459));
#6449 = ORIENTED_EDGE('',*,*,#6450,.T.);
#6450 = EDGE_CURVE('',#6451,#1806,#6453,.T.);
#6451 = VERTEX_POINT('',#6452);
#6452 = CARTESIAN_POINT('',(-14.21977572321,-9.476980859849,0.));
#6453 = LINE('',#6454,#6455);
#6454 = CARTESIAN_POINT('',(-14.21977572321,-9.476980859849,0.));
#6455 = VECTOR('',#6456,1.);
#6456 = DIRECTION('',(0.,0.,1.));
#6457 = ORIENTED_EDGE('',*,*,#1814,.T.);
#6458 = ORIENTED_EDGE('',*,*,#6427,.F.);
#6459 = ORIENTED_EDGE('',*,*,#6460,.F.);
#6460 = EDGE_CURVE('',#6451,#6428,#6461,.T.);
#6461 = LINE('',#6462,#6463);
#6462 = CARTESIAN_POINT('',(-14.21977572321,-9.476980859849,0.));
#6463 = VECTOR('',#6464,1.);
#6464 = DIRECTION('',(0.290258691604,-0.956948218008,0.));
#6465 = PLANE('',#6466);
#6466 = AXIS2_PLACEMENT_3D('',#6467,#6468,#6469);
#6467 = CARTESIAN_POINT('',(-14.21977572321,-9.476980859849,0.));
#6468 = DIRECTION('',(0.956948218008,0.290258691604,0.));
#6469 = DIRECTION('',(0.290258691604,-0.956948218008,0.));
#6470 = ADVANCED_FACE('',(#6471),#6490,.T.);
#6471 = FACE_BOUND('',#6472,.T.);
#6472 = EDGE_LOOP('',(#6473,#6474,#6475,#6483));
#6473 = ORIENTED_EDGE('',*,*,#6450,.T.);
#6474 = ORIENTED_EDGE('',*,*,#1805,.T.);
#6475 = ORIENTED_EDGE('',*,*,#6476,.F.);
#6476 = EDGE_CURVE('',#6477,#1798,#6479,.T.);
#6477 = VERTEX_POINT('',#6478);
#6478 = CARTESIAN_POINT('',(-14.31153102582,-9.015726171877,0.));
#6479 = LINE('',#6480,#6481);
#6480 = CARTESIAN_POINT('',(-14.31153102582,-9.015726171877,0.));
#6481 = VECTOR('',#6482,1.);
#6482 = DIRECTION('',(0.,0.,1.));
#6483 = ORIENTED_EDGE('',*,*,#6484,.F.);
#6484 = EDGE_CURVE('',#6451,#6477,#6485,.T.);
#6485 = CIRCLE('',#6486,2.4);
#6486 = AXIS2_PLACEMENT_3D('',#6487,#6488,#6489);
#6487 = CARTESIAN_POINT('',(-11.9231,-8.78036,0.));
#6488 = DIRECTION('',(0.,-0.,-1.));
#6489 = DIRECTION('',(0.290258691604,-0.956948218008,0.));
#6490 = CYLINDRICAL_SURFACE('',#6491,2.4);
#6491 = AXIS2_PLACEMENT_3D('',#6492,#6493,#6494);
#6492 = CARTESIAN_POINT('',(-11.9231,-8.78036,0.));
#6493 = DIRECTION('',(0.,0.,-1.));
#6494 = DIRECTION('',(0.290258691604,-0.956948218008,0.));
#6495 = ADVANCED_FACE('',(#6496),#6514,.F.);
#6496 = FACE_BOUND('',#6497,.F.);
#6497 = EDGE_LOOP('',(#6498,#6506,#6507,#6508));
#6498 = ORIENTED_EDGE('',*,*,#6499,.T.);
#6499 = EDGE_CURVE('',#6500,#1789,#6502,.T.);
#6500 = VERTEX_POINT('',#6501);
#6501 = CARTESIAN_POINT('',(-14.38843102582,-8.235366171877,0.));
#6502 = LINE('',#6503,#6504);
#6503 = CARTESIAN_POINT('',(-14.38843102582,-8.235366171877,0.));
#6504 = VECTOR('',#6505,1.);
#6505 = DIRECTION('',(0.,0.,1.));
#6506 = ORIENTED_EDGE('',*,*,#1797,.T.);
#6507 = ORIENTED_EDGE('',*,*,#6476,.F.);
#6508 = ORIENTED_EDGE('',*,*,#6509,.F.);
#6509 = EDGE_CURVE('',#6500,#6477,#6510,.T.);
#6510 = LINE('',#6511,#6512);
#6511 = CARTESIAN_POINT('',(-14.38843102582,-8.235366171877,0.));
#6512 = VECTOR('',#6513,1.);
#6513 = DIRECTION('',(9.806923828219E-02,-0.995179594095,0.));
#6514 = PLANE('',#6515);
#6515 = AXIS2_PLACEMENT_3D('',#6516,#6517,#6518);
#6516 = CARTESIAN_POINT('',(-14.38843102582,-8.235366171877,0.));
#6517 = DIRECTION('',(0.995179594095,9.806923828219E-02,0.));
#6518 = DIRECTION('',(9.806923828219E-02,-0.995179594095,0.));
#6519 = ADVANCED_FACE('',(#6520),#6539,.T.);
#6520 = FACE_BOUND('',#6521,.T.);
#6521 = EDGE_LOOP('',(#6522,#6523,#6524,#6532));
#6522 = ORIENTED_EDGE('',*,*,#6499,.T.);
#6523 = ORIENTED_EDGE('',*,*,#1788,.T.);
#6524 = ORIENTED_EDGE('',*,*,#6525,.F.);
#6525 = EDGE_CURVE('',#6526,#1781,#6528,.T.);
#6526 = VERTEX_POINT('',#6527);
#6527 = CARTESIAN_POINT('',(-14.4,-8.,0.));
#6528 = LINE('',#6529,#6530);
#6529 = CARTESIAN_POINT('',(-14.4,-8.,0.));
#6530 = VECTOR('',#6531,1.);
#6531 = DIRECTION('',(0.,0.,1.));
#6532 = ORIENTED_EDGE('',*,*,#6533,.F.);
#6533 = EDGE_CURVE('',#6500,#6526,#6534,.T.);
#6534 = CIRCLE('',#6535,2.4);
#6535 = AXIS2_PLACEMENT_3D('',#6536,#6537,#6538);
#6536 = CARTESIAN_POINT('',(-12.,-8.,0.));
#6537 = DIRECTION('',(0.,-0.,-1.));
#6538 = DIRECTION('',(9.806923828219E-02,-0.995179594095,0.));
#6539 = CYLINDRICAL_SURFACE('',#6540,2.4);
#6540 = AXIS2_PLACEMENT_3D('',#6541,#6542,#6543);
#6541 = CARTESIAN_POINT('',(-12.,-8.,0.));
#6542 = DIRECTION('',(0.,0.,-1.));
#6543 = DIRECTION('',(9.806923828219E-02,-0.995179594095,0.));
#6544 = ADVANCED_FACE('',(#6545),#6595,.F.);
#6545 = FACE_BOUND('',#6546,.F.);
#6546 = EDGE_LOOP('',(#6547,#6557,#6563,#6564,#6565,#6573,#6581,#6589));
#6547 = ORIENTED_EDGE('',*,*,#6548,.F.);
#6548 = EDGE_CURVE('',#6549,#6551,#6553,.T.);
#6549 = VERTEX_POINT('',#6550);
#6550 = CARTESIAN_POINT('',(-14.4,46.1,0.));
#6551 = VERTEX_POINT('',#6552);
#6552 = CARTESIAN_POINT('',(-14.4,22.768114574787,0.));
#6553 = LINE('',#6554,#6555);
#6554 = CARTESIAN_POINT('',(-14.4,46.1,0.));
#6555 = VECTOR('',#6556,1.);
#6556 = DIRECTION('',(0.,-1.,0.));
#6557 = ORIENTED_EDGE('',*,*,#6558,.T.);
#6558 = EDGE_CURVE('',#6549,#1772,#6559,.T.);
#6559 = LINE('',#6560,#6561);
#6560 = CARTESIAN_POINT('',(-14.4,46.1,0.));
#6561 = VECTOR('',#6562,1.);
#6562 = DIRECTION('',(0.,0.,1.));
#6563 = ORIENTED_EDGE('',*,*,#1780,.T.);
#6564 = ORIENTED_EDGE('',*,*,#6525,.F.);
#6565 = ORIENTED_EDGE('',*,*,#6566,.F.);
#6566 = EDGE_CURVE('',#6567,#6526,#6569,.T.);
#6567 = VERTEX_POINT('',#6568);
#6568 = CARTESIAN_POINT('',(-14.4,21.231885425213,0.));
#6569 = LINE('',#6570,#6571);
#6570 = CARTESIAN_POINT('',(-14.4,46.1,0.));
#6571 = VECTOR('',#6572,1.);
#6572 = DIRECTION('',(0.,-1.,0.));
#6573 = ORIENTED_EDGE('',*,*,#6574,.F.);
#6574 = EDGE_CURVE('',#6575,#6567,#6577,.T.);
#6575 = VERTEX_POINT('',#6576);
#6576 = CARTESIAN_POINT('',(-14.4,21.231885425213,7.4));
#6577 = LINE('',#6578,#6579);
#6578 = CARTESIAN_POINT('',(-14.4,21.231885425213,0.));
#6579 = VECTOR('',#6580,1.);
#6580 = DIRECTION('',(-0.,-0.,-1.));
#6581 = ORIENTED_EDGE('',*,*,#6582,.F.);
#6582 = EDGE_CURVE('',#6583,#6575,#6585,.T.);
#6583 = VERTEX_POINT('',#6584);
#6584 = CARTESIAN_POINT('',(-14.4,22.768114574787,7.4));
#6585 = LINE('',#6586,#6587);
#6586 = CARTESIAN_POINT('',(-14.4,34.05,7.4));
#6587 = VECTOR('',#6588,1.);
#6588 = DIRECTION('',(0.,-1.,0.));
#6589 = ORIENTED_EDGE('',*,*,#6590,.T.);
#6590 = EDGE_CURVE('',#6583,#6551,#6591,.T.);
#6591 = LINE('',#6592,#6593);
#6592 = CARTESIAN_POINT('',(-14.4,22.768114574787,0.));
#6593 = VECTOR('',#6594,1.);
#6594 = DIRECTION('',(-0.,-0.,-1.));
#6595 = PLANE('',#6596);
#6596 = AXIS2_PLACEMENT_3D('',#6597,#6598,#6599);
#6597 = CARTESIAN_POINT('',(-14.4,46.1,0.));
#6598 = DIRECTION('',(1.,0.,0.));
#6599 = DIRECTION('',(0.,-1.,0.));
#6600 = ADVANCED_FACE('',(#6601),#6620,.T.);
#6601 = FACE_BOUND('',#6602,.T.);
#6602 = EDGE_LOOP('',(#6603,#6604,#6605,#6613));
#6603 = ORIENTED_EDGE('',*,*,#6558,.T.);
#6604 = ORIENTED_EDGE('',*,*,#1771,.T.);
#6605 = ORIENTED_EDGE('',*,*,#6606,.F.);
#6606 = EDGE_CURVE('',#6607,#1764,#6609,.T.);
#6607 = VERTEX_POINT('',#6608);
#6608 = CARTESIAN_POINT('',(-14.38843220319,46.33535422402,0.));
#6609 = LINE('',#6610,#6611);
#6610 = CARTESIAN_POINT('',(-14.38843220319,46.33535422402,0.));
#6611 = VECTOR('',#6612,1.);
#6612 = DIRECTION('',(0.,0.,1.));
#6613 = ORIENTED_EDGE('',*,*,#6614,.F.);
#6614 = EDGE_CURVE('',#6549,#6607,#6615,.T.);
#6615 = CIRCLE('',#6616,2.4);
#6616 = AXIS2_PLACEMENT_3D('',#6617,#6618,#6619);
#6617 = CARTESIAN_POINT('',(-12.,46.1,0.));
#6618 = DIRECTION('',(-0.,-0.,-1.));
#6619 = DIRECTION('',(0.,-1.,0.));
#6620 = CYLINDRICAL_SURFACE('',#6621,2.4);
#6621 = AXIS2_PLACEMENT_3D('',#6622,#6623,#6624);
#6622 = CARTESIAN_POINT('',(-12.,46.1,0.));
#6623 = DIRECTION('',(-0.,-0.,-1.));
#6624 = DIRECTION('',(0.,-1.,0.));
#6625 = ADVANCED_FACE('',(#6626),#6644,.F.);
#6626 = FACE_BOUND('',#6627,.F.);
#6627 = EDGE_LOOP('',(#6628,#6636,#6637,#6638));
#6628 = ORIENTED_EDGE('',*,*,#6629,.T.);
#6629 = EDGE_CURVE('',#6630,#1755,#6632,.T.);
#6630 = VERTEX_POINT('',#6631);
#6631 = CARTESIAN_POINT('',(-14.31153220319,47.11575422402,0.));
#6632 = LINE('',#6633,#6634);
#6633 = CARTESIAN_POINT('',(-14.31153220319,47.11575422402,0.));
#6634 = VECTOR('',#6635,1.);
#6635 = DIRECTION('',(0.,0.,1.));
#6636 = ORIENTED_EDGE('',*,*,#1763,.T.);
#6637 = ORIENTED_EDGE('',*,*,#6606,.F.);
#6638 = ORIENTED_EDGE('',*,*,#6639,.F.);
#6639 = EDGE_CURVE('',#6630,#6607,#6640,.T.);
#6640 = LINE('',#6641,#6642);
#6641 = CARTESIAN_POINT('',(-14.31153220319,47.11575422402,0.));
#6642 = VECTOR('',#6643,1.);
#6643 = DIRECTION('',(-9.80642600084E-02,-0.995180084663,0.));
#6644 = PLANE('',#6645);
#6645 = AXIS2_PLACEMENT_3D('',#6646,#6647,#6648);
#6646 = CARTESIAN_POINT('',(-14.31153220319,47.11575422402,0.));
#6647 = DIRECTION('',(0.995180084663,-9.80642600084E-02,0.));
#6648 = DIRECTION('',(-9.80642600084E-02,-0.995180084663,0.));
#6649 = ADVANCED_FACE('',(#6650),#6669,.T.);
#6650 = FACE_BOUND('',#6651,.T.);
#6651 = EDGE_LOOP('',(#6652,#6653,#6654,#6662));
#6652 = ORIENTED_EDGE('',*,*,#6629,.T.);
#6653 = ORIENTED_EDGE('',*,*,#1754,.T.);
#6654 = ORIENTED_EDGE('',*,*,#6655,.F.);
#6655 = EDGE_CURVE('',#6656,#1747,#6658,.T.);
#6656 = VERTEX_POINT('',#6657);
#6657 = CARTESIAN_POINT('',(-14.21975767026,47.577080375518,0.));
#6658 = LINE('',#6659,#6660);
#6659 = CARTESIAN_POINT('',(-14.21975767026,47.577080375518,0.));
#6660 = VECTOR('',#6661,1.);
#6661 = DIRECTION('',(0.,0.,1.));
#6662 = ORIENTED_EDGE('',*,*,#6663,.F.);
#6663 = EDGE_CURVE('',#6630,#6656,#6664,.T.);
#6664 = CIRCLE('',#6665,2.4);
#6665 = AXIS2_PLACEMENT_3D('',#6666,#6667,#6668);
#6666 = CARTESIAN_POINT('',(-11.9231,46.8804,0.));
#6667 = DIRECTION('',(-0.,0.,-1.));
#6668 = DIRECTION('',(-9.80642600084E-02,-0.995180084663,0.));
#6669 = CYLINDRICAL_SURFACE('',#6670,2.4);
#6670 = AXIS2_PLACEMENT_3D('',#6671,#6672,#6673);
#6671 = CARTESIAN_POINT('',(-11.9231,46.8804,0.));
#6672 = DIRECTION('',(0.,0.,-1.));
#6673 = DIRECTION('',(-9.80642600084E-02,-0.995180084663,0.));
#6674 = ADVANCED_FACE('',(#6675),#6693,.F.);
#6675 = FACE_BOUND('',#6676,.F.);
#6676 = EDGE_LOOP('',(#6677,#6685,#6686,#6687));
#6677 = ORIENTED_EDGE('',*,*,#6678,.T.);
#6678 = EDGE_CURVE('',#6679,#1738,#6681,.T.);
#6679 = VERTEX_POINT('',#6680);
#6680 = CARTESIAN_POINT('',(-13.99215767026,48.327380375518,0.));
#6681 = LINE('',#6682,#6683);
#6682 = CARTESIAN_POINT('',(-13.99215767026,48.327380375518,0.));
#6683 = VECTOR('',#6684,1.);
#6684 = DIRECTION('',(0.,0.,1.));
#6685 = ORIENTED_EDGE('',*,*,#1746,.T.);
#6686 = ORIENTED_EDGE('',*,*,#6655,.F.);
#6687 = ORIENTED_EDGE('',*,*,#6688,.F.);
#6688 = EDGE_CURVE('',#6679,#6656,#6689,.T.);
#6689 = LINE('',#6690,#6691);
#6690 = CARTESIAN_POINT('',(-13.99215767026,48.327380375518,0.));
#6691 = VECTOR('',#6692,1.);
#6692 = DIRECTION('',(-0.290283489799,-0.956940695942,0.));
#6693 = PLANE('',#6694);
#6694 = AXIS2_PLACEMENT_3D('',#6695,#6696,#6697);
#6695 = CARTESIAN_POINT('',(-13.99215767026,48.327380375518,0.));
#6696 = DIRECTION('',(0.956940695942,-0.290283489799,0.));
#6697 = DIRECTION('',(-0.290283489799,-0.956940695942,0.));
#6698 = ADVANCED_FACE('',(#6699),#6718,.T.);
#6699 = FACE_BOUND('',#6700,.T.);
#6700 = EDGE_LOOP('',(#6701,#6702,#6703,#6711));
#6701 = ORIENTED_EDGE('',*,*,#6678,.T.);
#6702 = ORIENTED_EDGE('',*,*,#1737,.T.);
#6703 = ORIENTED_EDGE('',*,*,#6704,.F.);
#6704 = EDGE_CURVE('',#6705,#1730,#6707,.T.);
#6705 = VERTEX_POINT('',#6706);
#6706 = CARTESIAN_POINT('',(-13.81219742559,48.76189052704,0.));
#6707 = LINE('',#6708,#6709);
#6708 = CARTESIAN_POINT('',(-13.81219742559,48.76189052704,0.));
#6709 = VECTOR('',#6710,1.);
#6710 = DIRECTION('',(0.,0.,1.));
#6711 = ORIENTED_EDGE('',*,*,#6712,.F.);
#6712 = EDGE_CURVE('',#6679,#6705,#6713,.T.);
#6713 = CIRCLE('',#6714,2.4);
#6714 = AXIS2_PLACEMENT_3D('',#6715,#6716,#6717);
#6715 = CARTESIAN_POINT('',(-11.6955,47.6307,0.));
#6716 = DIRECTION('',(-0.,0.,-1.));
#6717 = DIRECTION('',(-0.290283489799,-0.956940695942,0.));
#6718 = CYLINDRICAL_SURFACE('',#6719,2.4);
#6719 = AXIS2_PLACEMENT_3D('',#6720,#6721,#6722);
#6720 = CARTESIAN_POINT('',(-11.6955,47.6307,0.));
#6721 = DIRECTION('',(0.,0.,-1.));
#6722 = DIRECTION('',(-0.290283489799,-0.956940695942,0.));
#6723 = ADVANCED_FACE('',(#6724),#6742,.F.);
#6724 = FACE_BOUND('',#6725,.F.);
#6725 = EDGE_LOOP('',(#6726,#6734,#6735,#6736));
#6726 = ORIENTED_EDGE('',*,*,#6727,.T.);
#6727 = EDGE_CURVE('',#6728,#1721,#6730,.T.);
#6728 = VERTEX_POINT('',#6729);
#6729 = CARTESIAN_POINT('',(-13.44259742559,49.45349052704,0.));
#6730 = LINE('',#6731,#6732);
#6731 = CARTESIAN_POINT('',(-13.44259742559,49.45349052704,0.));
#6732 = VECTOR('',#6733,1.);
#6733 = DIRECTION('',(0.,0.,1.));
#6734 = ORIENTED_EDGE('',*,*,#1729,.T.);
#6735 = ORIENTED_EDGE('',*,*,#6704,.F.);
#6736 = ORIENTED_EDGE('',*,*,#6737,.F.);
#6737 = EDGE_CURVE('',#6728,#6705,#6738,.T.);
#6738 = LINE('',#6739,#6740);
#6739 = CARTESIAN_POINT('',(-13.44259742559,49.45349052704,0.));
#6740 = VECTOR('',#6741,1.);
#6741 = DIRECTION('',(-0.471329386267,-0.881957260666,0.));
#6742 = PLANE('',#6743);
#6743 = AXIS2_PLACEMENT_3D('',#6744,#6745,#6746);
#6744 = CARTESIAN_POINT('',(-13.44259742559,49.45349052704,0.));
#6745 = DIRECTION('',(0.881957260666,-0.471329386267,0.));
#6746 = DIRECTION('',(-0.471329386267,-0.881957260666,0.));
#6747 = ADVANCED_FACE('',(#6748),#6767,.T.);
#6748 = FACE_BOUND('',#6749,.T.);
#6749 = EDGE_LOOP('',(#6750,#6751,#6752,#6760));
#6750 = ORIENTED_EDGE('',*,*,#6727,.T.);
#6751 = ORIENTED_EDGE('',*,*,#1720,.T.);
#6752 = ORIENTED_EDGE('',*,*,#6753,.F.);
#6753 = EDGE_CURVE('',#6754,#1713,#6756,.T.);
#6754 = VERTEX_POINT('',#6755);
#6755 = CARTESIAN_POINT('',(-13.18099512185,49.845002232506,0.));
#6756 = LINE('',#6757,#6758);
#6757 = CARTESIAN_POINT('',(-13.18099512185,49.845002232506,0.));
#6758 = VECTOR('',#6759,1.);
#6759 = DIRECTION('',(0.,0.,1.));
#6760 = ORIENTED_EDGE('',*,*,#6761,.F.);
#6761 = EDGE_CURVE('',#6728,#6754,#6762,.T.);
#6762 = CIRCLE('',#6763,2.4);
#6763 = AXIS2_PLACEMENT_3D('',#6764,#6765,#6766);
#6764 = CARTESIAN_POINT('',(-11.3259,48.3223,0.));
#6765 = DIRECTION('',(-0.,0.,-1.));
#6766 = DIRECTION('',(-0.471329386267,-0.881957260666,0.));
#6767 = CYLINDRICAL_SURFACE('',#6768,2.4);
#6768 = AXIS2_PLACEMENT_3D('',#6769,#6770,#6771);
#6769 = CARTESIAN_POINT('',(-11.3259,48.3223,0.));
#6770 = DIRECTION('',(0.,0.,-1.));
#6771 = DIRECTION('',(-0.471329386267,-0.881957260666,0.));
#6772 = ADVANCED_FACE('',(#6773),#6791,.F.);
#6773 = FACE_BOUND('',#6774,.F.);
#6774 = EDGE_LOOP('',(#6775,#6783,#6784,#6785));
#6775 = ORIENTED_EDGE('',*,*,#6776,.T.);
#6776 = EDGE_CURVE('',#6777,#1704,#6779,.T.);
#6777 = VERTEX_POINT('',#6778);
#6778 = CARTESIAN_POINT('',(-12.68349512185,50.451102232506,0.));
#6779 = LINE('',#6780,#6781);
#6780 = CARTESIAN_POINT('',(-12.68349512185,50.451102232506,0.));
#6781 = VECTOR('',#6782,1.);
#6782 = DIRECTION('',(0.,0.,1.));
#6783 = ORIENTED_EDGE('',*,*,#1712,.T.);
#6784 = ORIENTED_EDGE('',*,*,#6753,.F.);
#6785 = ORIENTED_EDGE('',*,*,#6786,.F.);
#6786 = EDGE_CURVE('',#6777,#6754,#6787,.T.);
#6787 = LINE('',#6788,#6789);
#6788 = CARTESIAN_POINT('',(-12.68349512185,50.451102232506,0.));
#6789 = VECTOR('',#6790,1.);
#6790 = DIRECTION('',(-0.634459263544,-0.772956300772,0.));
#6791 = PLANE('',#6792);
#6792 = AXIS2_PLACEMENT_3D('',#6793,#6794,#6795);
#6793 = CARTESIAN_POINT('',(-12.68349512185,50.451102232506,0.));
#6794 = DIRECTION('',(0.772956300772,-0.634459263544,0.));
#6795 = DIRECTION('',(-0.634459263544,-0.772956300772,0.));
#6796 = ADVANCED_FACE('',(#6797),#6816,.T.);
#6797 = FACE_BOUND('',#6798,.T.);
#6798 = EDGE_LOOP('',(#6799,#6800,#6801,#6809));
#6799 = ORIENTED_EDGE('',*,*,#6776,.T.);
#6800 = ORIENTED_EDGE('',*,*,#1703,.T.);
#6801 = ORIENTED_EDGE('',*,*,#6802,.F.);
#6802 = EDGE_CURVE('',#6803,#1696,#6805,.T.);
#6803 = VERTEX_POINT('',#6804);
#6804 = CARTESIAN_POINT('',(-12.3511022325,50.783495121853,0.));
#6805 = LINE('',#6806,#6807);
#6806 = CARTESIAN_POINT('',(-12.3511022325,50.783495121853,0.));
#6807 = VECTOR('',#6808,1.);
#6808 = DIRECTION('',(0.,0.,1.));
#6809 = ORIENTED_EDGE('',*,*,#6810,.F.);
#6810 = EDGE_CURVE('',#6777,#6803,#6811,.T.);
#6811 = CIRCLE('',#6812,2.4);
#6812 = AXIS2_PLACEMENT_3D('',#6813,#6814,#6815);
#6813 = CARTESIAN_POINT('',(-10.8284,48.9284,0.));
#6814 = DIRECTION('',(-0.,0.,-1.));
#6815 = DIRECTION('',(-0.634459263544,-0.772956300772,0.));
#6816 = CYLINDRICAL_SURFACE('',#6817,2.4);
#6817 = AXIS2_PLACEMENT_3D('',#6818,#6819,#6820);
#6818 = CARTESIAN_POINT('',(-10.8284,48.9284,0.));
#6819 = DIRECTION('',(0.,0.,-1.));
#6820 = DIRECTION('',(-0.634459263544,-0.772956300772,0.));
#6821 = ADVANCED_FACE('',(#6822),#6840,.F.);
#6822 = FACE_BOUND('',#6823,.F.);
#6823 = EDGE_LOOP('',(#6824,#6832,#6833,#6834));
#6824 = ORIENTED_EDGE('',*,*,#6825,.T.);
#6825 = EDGE_CURVE('',#6826,#1687,#6828,.T.);
#6826 = VERTEX_POINT('',#6827);
#6827 = CARTESIAN_POINT('',(-11.7450022325,51.280995121853,0.));
#6828 = LINE('',#6829,#6830);
#6829 = CARTESIAN_POINT('',(-11.7450022325,51.280995121853,0.));
#6830 = VECTOR('',#6831,1.);
#6831 = DIRECTION('',(0.,0.,1.));
#6832 = ORIENTED_EDGE('',*,*,#1695,.T.);
#6833 = ORIENTED_EDGE('',*,*,#6802,.F.);
#6834 = ORIENTED_EDGE('',*,*,#6835,.F.);
#6835 = EDGE_CURVE('',#6826,#6803,#6836,.T.);
#6836 = LINE('',#6837,#6838);
#6837 = CARTESIAN_POINT('',(-11.7450022325,51.280995121853,0.));
#6838 = VECTOR('',#6839,1.);
#6839 = DIRECTION('',(-0.772956300772,-0.634459263544,0.));
#6840 = PLANE('',#6841);
#6841 = AXIS2_PLACEMENT_3D('',#6842,#6843,#6844);
#6842 = CARTESIAN_POINT('',(-11.7450022325,51.280995121853,0.));
#6843 = DIRECTION('',(0.634459263544,-0.772956300772,0.));
#6844 = DIRECTION('',(-0.772956300772,-0.634459263544,0.));
#6845 = ADVANCED_FACE('',(#6846),#6865,.T.);
#6846 = FACE_BOUND('',#6847,.T.);
#6847 = EDGE_LOOP('',(#6848,#6849,#6850,#6858));
#6848 = ORIENTED_EDGE('',*,*,#6825,.T.);
#6849 = ORIENTED_EDGE('',*,*,#1686,.T.);
#6850 = ORIENTED_EDGE('',*,*,#6851,.F.);
#6851 = EDGE_CURVE('',#6852,#1679,#6854,.T.);
#6852 = VERTEX_POINT('',#6853);
#6853 = CARTESIAN_POINT('',(-11.35352869594,51.5425770272,0.));
#6854 = LINE('',#6855,#6856);
#6855 = CARTESIAN_POINT('',(-11.35352869594,51.5425770272,0.));
#6856 = VECTOR('',#6857,1.);
#6857 = DIRECTION('',(0.,0.,1.));
#6858 = ORIENTED_EDGE('',*,*,#6859,.F.);
#6859 = EDGE_CURVE('',#6826,#6852,#6860,.T.);
#6860 = CIRCLE('',#6861,2.4);
#6861 = AXIS2_PLACEMENT_3D('',#6862,#6863,#6864);
#6862 = CARTESIAN_POINT('',(-10.2223,49.4259,0.));
#6863 = DIRECTION('',(-0.,0.,-1.));
#6864 = DIRECTION('',(-0.772956300772,-0.634459263544,0.));
#6865 = CYLINDRICAL_SURFACE('',#6866,2.4);
#6866 = AXIS2_PLACEMENT_3D('',#6867,#6868,#6869);
#6867 = CARTESIAN_POINT('',(-10.2223,49.4259,0.));
#6868 = DIRECTION('',(0.,0.,-1.));
#6869 = DIRECTION('',(-0.772956300772,-0.634459263544,0.));
#6870 = ADVANCED_FACE('',(#6871),#6889,.F.);
#6871 = FACE_BOUND('',#6872,.F.);
#6872 = EDGE_LOOP('',(#6873,#6881,#6882,#6883));
#6873 = ORIENTED_EDGE('',*,*,#6874,.T.);
#6874 = EDGE_CURVE('',#6875,#1670,#6877,.T.);
#6875 = VERTEX_POINT('',#6876);
#6876 = CARTESIAN_POINT('',(-10.66195869594,51.9121770272,0.));
#6877 = LINE('',#6878,#6879);
#6878 = CARTESIAN_POINT('',(-10.66195869594,51.9121770272,0.));
#6879 = VECTOR('',#6880,1.);
#6880 = DIRECTION('',(0.,0.,1.));
#6881 = ORIENTED_EDGE('',*,*,#1678,.T.);
#6882 = ORIENTED_EDGE('',*,*,#6851,.F.);
#6883 = ORIENTED_EDGE('',*,*,#6884,.F.);
#6884 = EDGE_CURVE('',#6875,#6852,#6885,.T.);
#6885 = LINE('',#6886,#6887);
#6886 = CARTESIAN_POINT('',(-10.66195869594,51.9121770272,0.));
#6887 = VECTOR('',#6888,1.);
#6888 = DIRECTION('',(-0.881948761333,-0.471345289976,0.));
#6889 = PLANE('',#6890);
#6890 = AXIS2_PLACEMENT_3D('',#6891,#6892,#6893);
#6891 = CARTESIAN_POINT('',(-10.66195869594,51.9121770272,0.));
#6892 = DIRECTION('',(0.471345289976,-0.881948761333,0.));
#6893 = DIRECTION('',(-0.881948761333,-0.471345289976,0.));
#6894 = ADVANCED_FACE('',(#6895),#6914,.T.);
#6895 = FACE_BOUND('',#6896,.T.);
#6896 = EDGE_LOOP('',(#6897,#6898,#6899,#6907));
#6897 = ORIENTED_EDGE('',*,*,#6874,.T.);
#6898 = ORIENTED_EDGE('',*,*,#1669,.T.);
#6899 = ORIENTED_EDGE('',*,*,#6900,.F.);
#6900 = EDGE_CURVE('',#6901,#1662,#6903,.T.);
#6901 = VERTEX_POINT('',#6902);
#6902 = CARTESIAN_POINT('',(-10.22735085984,52.092175723219,0.));
#6903 = LINE('',#6904,#6905);
#6904 = CARTESIAN_POINT('',(-10.22735085984,52.092175723219,0.));
#6905 = VECTOR('',#6906,1.);
#6906 = DIRECTION('',(0.,0.,1.));
#6907 = ORIENTED_EDGE('',*,*,#6908,.F.);
#6908 = EDGE_CURVE('',#6875,#6901,#6909,.T.);
#6909 = CIRCLE('',#6910,2.4);
#6910 = AXIS2_PLACEMENT_3D('',#6911,#6912,#6913);
#6911 = CARTESIAN_POINT('',(-9.53073,49.7955,0.));
#6912 = DIRECTION('',(-0.,0.,-1.));
#6913 = DIRECTION('',(-0.881948761333,-0.471345289976,0.));
#6914 = CYLINDRICAL_SURFACE('',#6915,2.4);
#6915 = AXIS2_PLACEMENT_3D('',#6916,#6917,#6918);
#6916 = CARTESIAN_POINT('',(-9.53073,49.7955,0.));
#6917 = DIRECTION('',(0.,0.,-1.));
#6918 = DIRECTION('',(-0.881948761333,-0.471345289976,0.));
#6919 = ADVANCED_FACE('',(#6920),#6938,.F.);
#6920 = FACE_BOUND('',#6921,.F.);
#6921 = EDGE_LOOP('',(#6922,#6930,#6931,#6932));
#6922 = ORIENTED_EDGE('',*,*,#6923,.T.);
#6923 = EDGE_CURVE('',#6924,#1653,#6926,.T.);
#6924 = VERTEX_POINT('',#6925);
#6925 = CARTESIAN_POINT('',(-9.476980859849,52.319775723219,0.));
#6926 = LINE('',#6927,#6928);
#6927 = CARTESIAN_POINT('',(-9.476980859849,52.319775723219,0.));
#6928 = VECTOR('',#6929,1.);
#6929 = DIRECTION('',(0.,0.,1.));
#6930 = ORIENTED_EDGE('',*,*,#1661,.T.);
#6931 = ORIENTED_EDGE('',*,*,#6900,.F.);
#6932 = ORIENTED_EDGE('',*,*,#6933,.F.);
#6933 = EDGE_CURVE('',#6924,#6901,#6934,.T.);
#6934 = LINE('',#6935,#6936);
#6935 = CARTESIAN_POINT('',(-9.476980859849,52.319775723219,0.));
#6936 = VECTOR('',#6937,1.);
#6937 = DIRECTION('',(-0.956948218008,-0.290258691604,0.));
#6938 = PLANE('',#6939);
#6939 = AXIS2_PLACEMENT_3D('',#6940,#6941,#6942);
#6940 = CARTESIAN_POINT('',(-9.476980859849,52.319775723219,0.));
#6941 = DIRECTION('',(0.290258691604,-0.956948218008,0.));
#6942 = DIRECTION('',(-0.956948218008,-0.290258691604,0.));
#6943 = ADVANCED_FACE('',(#6944),#6963,.T.);
#6944 = FACE_BOUND('',#6945,.T.);
#6945 = EDGE_LOOP('',(#6946,#6947,#6948,#6956));
#6946 = ORIENTED_EDGE('',*,*,#6923,.T.);
#6947 = ORIENTED_EDGE('',*,*,#1652,.T.);
#6948 = ORIENTED_EDGE('',*,*,#6949,.F.);
#6949 = EDGE_CURVE('',#6950,#1645,#6952,.T.);
#6950 = VERTEX_POINT('',#6951);
#6951 = CARTESIAN_POINT('',(-9.015726171877,52.411531025828,0.));
#6952 = LINE('',#6953,#6954);
#6953 = CARTESIAN_POINT('',(-9.015726171877,52.411531025828,0.));
#6954 = VECTOR('',#6955,1.);
#6955 = DIRECTION('',(0.,0.,1.));
#6956 = ORIENTED_EDGE('',*,*,#6957,.F.);
#6957 = EDGE_CURVE('',#6924,#6950,#6958,.T.);
#6958 = CIRCLE('',#6959,2.4);
#6959 = AXIS2_PLACEMENT_3D('',#6960,#6961,#6962);
#6960 = CARTESIAN_POINT('',(-8.78036,50.0231,0.));
#6961 = DIRECTION('',(-0.,0.,-1.));
#6962 = DIRECTION('',(-0.956948218008,-0.290258691604,0.));
#6963 = CYLINDRICAL_SURFACE('',#6964,2.4);
#6964 = AXIS2_PLACEMENT_3D('',#6965,#6966,#6967);
#6965 = CARTESIAN_POINT('',(-8.78036,50.0231,0.));
#6966 = DIRECTION('',(0.,0.,-1.));
#6967 = DIRECTION('',(-0.956948218008,-0.290258691604,0.));
#6968 = ADVANCED_FACE('',(#6969),#6987,.F.);
#6969 = FACE_BOUND('',#6970,.F.);
#6970 = EDGE_LOOP('',(#6971,#6979,#6980,#6981));
#6971 = ORIENTED_EDGE('',*,*,#6972,.T.);
#6972 = EDGE_CURVE('',#6973,#1636,#6975,.T.);
#6973 = VERTEX_POINT('',#6974);
#6974 = CARTESIAN_POINT('',(-8.235366171877,52.488431025828,0.));
#6975 = LINE('',#6976,#6977);
#6976 = CARTESIAN_POINT('',(-8.235366171877,52.488431025828,0.));
#6977 = VECTOR('',#6978,1.);
#6978 = DIRECTION('',(0.,0.,1.));
#6979 = ORIENTED_EDGE('',*,*,#1644,.T.);
#6980 = ORIENTED_EDGE('',*,*,#6949,.F.);
#6981 = ORIENTED_EDGE('',*,*,#6982,.F.);
#6982 = EDGE_CURVE('',#6973,#6950,#6983,.T.);
#6983 = LINE('',#6984,#6985);
#6984 = CARTESIAN_POINT('',(-8.235366171877,52.488431025828,0.));
#6985 = VECTOR('',#6986,1.);
#6986 = DIRECTION('',(-0.995179594095,-9.80692382822E-02,0.));
#6987 = PLANE('',#6988);
#6988 = AXIS2_PLACEMENT_3D('',#6989,#6990,#6991);
#6989 = CARTESIAN_POINT('',(-8.235366171877,52.488431025828,0.));
#6990 = DIRECTION('',(9.80692382822E-02,-0.995179594095,0.));
#6991 = DIRECTION('',(-0.995179594095,-9.80692382822E-02,0.));
#6992 = ADVANCED_FACE('',(#6993),#7012,.T.);
#6993 = FACE_BOUND('',#6994,.T.);
#6994 = EDGE_LOOP('',(#6995,#6996,#6997,#7005));
#6995 = ORIENTED_EDGE('',*,*,#6972,.T.);
#6996 = ORIENTED_EDGE('',*,*,#1635,.T.);
#6997 = ORIENTED_EDGE('',*,*,#6998,.F.);
#6998 = EDGE_CURVE('',#6999,#1628,#7001,.T.);
#6999 = VERTEX_POINT('',#7000);
#7000 = CARTESIAN_POINT('',(-8.,52.5,0.));
#7001 = LINE('',#7002,#7003);
#7002 = CARTESIAN_POINT('',(-8.,52.5,0.));
#7003 = VECTOR('',#7004,1.);
#7004 = DIRECTION('',(0.,0.,1.));
#7005 = ORIENTED_EDGE('',*,*,#7006,.F.);
#7006 = EDGE_CURVE('',#6973,#6999,#7007,.T.);
#7007 = CIRCLE('',#7008,2.4);
#7008 = AXIS2_PLACEMENT_3D('',#7009,#7010,#7011);
#7009 = CARTESIAN_POINT('',(-8.,50.1,0.));
#7010 = DIRECTION('',(-0.,0.,-1.));
#7011 = DIRECTION('',(-0.995179594095,-9.80692382822E-02,0.));
#7012 = CYLINDRICAL_SURFACE('',#7013,2.4);
#7013 = AXIS2_PLACEMENT_3D('',#7014,#7015,#7016);
#7014 = CARTESIAN_POINT('',(-8.,50.1,0.));
#7015 = DIRECTION('',(0.,0.,-1.));
#7016 = DIRECTION('',(-0.995179594095,-9.80692382822E-02,0.));
#7017 = ADVANCED_FACE('',(#7018),#7036,.F.);
#7018 = FACE_BOUND('',#7019,.F.);
#7019 = EDGE_LOOP('',(#7020,#7028,#7029,#7030));
#7020 = ORIENTED_EDGE('',*,*,#7021,.T.);
#7021 = EDGE_CURVE('',#7022,#1620,#7024,.T.);
#7022 = VERTEX_POINT('',#7023);
#7023 = CARTESIAN_POINT('',(-1.264414140054,52.5,0.));
#7024 = LINE('',#7025,#7026);
#7025 = CARTESIAN_POINT('',(-1.264414140054,52.5,0.));
#7026 = VECTOR('',#7027,1.);
#7027 = DIRECTION('',(0.,0.,1.));
#7028 = ORIENTED_EDGE('',*,*,#1627,.T.);
#7029 = ORIENTED_EDGE('',*,*,#6998,.F.);
#7030 = ORIENTED_EDGE('',*,*,#7031,.F.);
#7031 = EDGE_CURVE('',#7022,#6999,#7032,.T.);
#7032 = LINE('',#7033,#7034);
#7033 = CARTESIAN_POINT('',(-1.14651,52.5,0.));
#7034 = VECTOR('',#7035,1.);
#7035 = DIRECTION('',(-1.,0.,0.));
#7036 = PLANE('',#7037);
#7037 = AXIS2_PLACEMENT_3D('',#7038,#7039,#7040);
#7038 = CARTESIAN_POINT('',(-1.264414140054,52.5,0.));
#7039 = DIRECTION('',(0.,-1.,0.));
#7040 = DIRECTION('',(-1.,0.,0.));
#7041 = ADVANCED_FACE('',(#7042),#7060,.F.);
#7042 = FACE_BOUND('',#7043,.F.);
#7043 = EDGE_LOOP('',(#7044,#7052,#7053,#7054));
#7044 = ORIENTED_EDGE('',*,*,#7045,.T.);
#7045 = EDGE_CURVE('',#7046,#1612,#7048,.T.);
#7046 = VERTEX_POINT('',#7047);
#7047 = CARTESIAN_POINT('',(0.13649766189,52.637977417294,0.));
#7048 = LINE('',#7049,#7050);
#7049 = CARTESIAN_POINT('',(0.13649766189,52.637977417294,0.));
#7050 = VECTOR('',#7051,1.);
#7051 = DIRECTION('',(0.,0.,1.));
#7052 = ORIENTED_EDGE('',*,*,#1619,.T.);
#7053 = ORIENTED_EDGE('',*,*,#7021,.F.);
#7054 = ORIENTED_EDGE('',*,*,#7055,.F.);
#7055 = EDGE_CURVE('',#7046,#7022,#7056,.T.);
#7056 = LINE('',#7057,#7058);
#7057 = CARTESIAN_POINT('',(0.371706457676,52.661143402563,0.));
#7058 = VECTOR('',#7059,1.);
#7059 = DIRECTION('',(-0.995184751068,-9.801689263519E-02,0.));
#7060 = PLANE('',#7061);
#7061 = AXIS2_PLACEMENT_3D('',#7062,#7063,#7064);
#7062 = CARTESIAN_POINT('',(0.13649766189,52.637977417294,0.));
#7063 = DIRECTION('',(9.801689263519E-02,-0.995184751068,0.));
#7064 = DIRECTION('',(-0.995184751068,-9.801689263519E-02,0.));
#7065 = ADVANCED_FACE('',(#7066),#7084,.F.);
#7066 = FACE_BOUND('',#7067,.F.);
#7067 = EDGE_LOOP('',(#7068,#7076,#7077,#7078));
#7068 = ORIENTED_EDGE('',*,*,#7069,.T.);
#7069 = EDGE_CURVE('',#7070,#1604,#7072,.T.);
#7070 = VERTEX_POINT('',#7071);
#7071 = CARTESIAN_POINT('',(1.181199355165,52.954853323733,0.));
#7072 = LINE('',#7073,#7074);
#7073 = CARTESIAN_POINT('',(1.181199355165,52.954853323733,0.));
#7074 = VECTOR('',#7075,1.);
#7075 = DIRECTION('',(0.,0.,1.));
#7076 = ORIENTED_EDGE('',*,*,#1611,.T.);
#7077 = ORIENTED_EDGE('',*,*,#7045,.F.);
#7078 = ORIENTED_EDGE('',*,*,#7079,.F.);
#7079 = EDGE_CURVE('',#7070,#7046,#7080,.T.);
#7080 = LINE('',#7081,#7082);
#7081 = CARTESIAN_POINT('',(1.407438956304,53.023475667455,0.));
#7082 = VECTOR('',#7083,1.);
#7083 = DIRECTION('',(-0.956948194773,-0.290258768207,0.));
#7084 = PLANE('',#7085);
#7085 = AXIS2_PLACEMENT_3D('',#7086,#7087,#7088);
#7086 = CARTESIAN_POINT('',(1.181199355165,52.954853323733,0.));
#7087 = DIRECTION('',(0.290258768207,-0.956948194773,0.));
#7088 = DIRECTION('',(-0.956948194773,-0.290258768207,0.));
#7089 = ADVANCED_FACE('',(#7090),#7108,.F.);
#7090 = FACE_BOUND('',#7091,.F.);
#7091 = EDGE_LOOP('',(#7092,#7100,#7101,#7102));
#7092 = ORIENTED_EDGE('',*,*,#7093,.T.);
#7093 = EDGE_CURVE('',#7094,#1596,#7096,.T.);
#7094 = VERTEX_POINT('',#7095);
#7095 = CARTESIAN_POINT('',(2.14398342146,53.469477892598,0.));
#7096 = LINE('',#7097,#7098);
#7097 = CARTESIAN_POINT('',(2.14398342146,53.469477892598,0.));
#7098 = VECTOR('',#7099,1.);
#7099 = DIRECTION('',(0.,0.,1.));
#7100 = ORIENTED_EDGE('',*,*,#1603,.T.);
#7101 = ORIENTED_EDGE('',*,*,#7069,.F.);
#7102 = ORIENTED_EDGE('',*,*,#7103,.F.);
#7103 = EDGE_CURVE('',#7094,#7070,#7104,.T.);
#7104 = LINE('',#7105,#7106);
#7105 = CARTESIAN_POINT('',(2.352447975911,53.580905766422,0.));
#7106 = VECTOR('',#7107,1.);
#7107 = DIRECTION('',(-0.881919069342,-0.47140084337,0.));
#7108 = PLANE('',#7109);
#7109 = AXIS2_PLACEMENT_3D('',#7110,#7111,#7112);
#7110 = CARTESIAN_POINT('',(2.14398342146,53.469477892598,0.));
#7111 = DIRECTION('',(0.47140084337,-0.881919069342,0.));
#7112 = DIRECTION('',(-0.881919069342,-0.47140084337,0.));
#7113 = ADVANCED_FACE('',(#7114),#7132,.F.);
#7114 = FACE_BOUND('',#7115,.F.);
#7115 = EDGE_LOOP('',(#7116,#7124,#7125,#7126));
#7116 = ORIENTED_EDGE('',*,*,#7117,.T.);
#7117 = EDGE_CURVE('',#7118,#1588,#7120,.T.);
#7118 = VERTEX_POINT('',#7119);
#7119 = CARTESIAN_POINT('',(2.987882899771,54.162051015758,0.));
#7120 = LINE('',#7121,#7122);
#7121 = CARTESIAN_POINT('',(2.987882899771,54.162051015758,0.));
#7122 = VECTOR('',#7123,1.);
#7123 = DIRECTION('',(0.,0.,1.));
#7124 = ORIENTED_EDGE('',*,*,#1595,.T.);
#7125 = ORIENTED_EDGE('',*,*,#7093,.F.);
#7126 = ORIENTED_EDGE('',*,*,#7127,.F.);
#7127 = EDGE_CURVE('',#7118,#7094,#7128,.T.);
#7128 = LINE('',#7129,#7130);
#7129 = CARTESIAN_POINT('',(3.170622545283,54.312022156006,0.));
#7130 = VECTOR('',#7131,1.);
#7131 = DIRECTION('',(-0.773009231669,-0.634394772799,0.));
#7132 = PLANE('',#7133);
#7133 = AXIS2_PLACEMENT_3D('',#7134,#7135,#7136);
#7134 = CARTESIAN_POINT('',(2.987882899771,54.162051015758,0.));
#7135 = DIRECTION('',(0.634394772799,-0.773009231669,0.));
#7136 = DIRECTION('',(-0.773009231669,-0.634394772799,0.));
#7137 = ADVANCED_FACE('',(#7138),#7156,.F.);
#7138 = FACE_BOUND('',#7139,.F.);
#7139 = EDGE_LOOP('',(#7140,#7148,#7149,#7150));
#7140 = ORIENTED_EDGE('',*,*,#7141,.T.);
#7141 = EDGE_CURVE('',#7142,#1580,#7144,.T.);
#7142 = VERTEX_POINT('',#7143);
#7143 = CARTESIAN_POINT('',(3.68048160152,55.006018078292,0.));
#7144 = LINE('',#7145,#7146);
#7145 = CARTESIAN_POINT('',(3.68048160152,55.006018078292,0.));
#7146 = VECTOR('',#7147,1.);
#7147 = DIRECTION('',(0.,0.,1.));
#7148 = ORIENTED_EDGE('',*,*,#1587,.T.);
#7149 = ORIENTED_EDGE('',*,*,#7117,.F.);
#7150 = ORIENTED_EDGE('',*,*,#7151,.F.);
#7151 = EDGE_CURVE('',#7142,#7118,#7152,.T.);
#7152 = LINE('',#7153,#7154);
#7153 = CARTESIAN_POINT('',(3.830405626432,55.188708196811,0.));
#7154 = VECTOR('',#7155,1.);
#7155 = DIRECTION('',(-0.634378415338,-0.773022655653,0.));
#7156 = PLANE('',#7157);
#7157 = AXIS2_PLACEMENT_3D('',#7158,#7159,#7160);
#7158 = CARTESIAN_POINT('',(3.68048160152,55.006018078292,0.));
#7159 = DIRECTION('',(0.773022655653,-0.634378415338,0.));
#7160 = DIRECTION('',(-0.634378415338,-0.773022655653,0.));
#7161 = ADVANCED_FACE('',(#7162),#7180,.F.);
#7162 = FACE_BOUND('',#7163,.F.);
#7163 = EDGE_LOOP('',(#7164,#7172,#7173,#7174));
#7164 = ORIENTED_EDGE('',*,*,#7165,.T.);
#7165 = EDGE_CURVE('',#7166,#1572,#7168,.T.);
#7166 = VERTEX_POINT('',#7167);
#7167 = CARTESIAN_POINT('',(4.195125640584,55.968803679237,0.));
#7168 = LINE('',#7169,#7170);
#7169 = CARTESIAN_POINT('',(4.195125640584,55.968803679237,0.));
#7170 = VECTOR('',#7171,1.);
#7171 = DIRECTION('',(0.,0.,1.));
#7172 = ORIENTED_EDGE('',*,*,#1579,.T.);
#7173 = ORIENTED_EDGE('',*,*,#7141,.F.);
#7174 = ORIENTED_EDGE('',*,*,#7175,.F.);
#7175 = EDGE_CURVE('',#7166,#7142,#7176,.T.);
#7176 = LINE('',#7177,#7178);
#7177 = CARTESIAN_POINT('',(4.306571279035,56.177293912961,0.));
#7178 = VECTOR('',#7179,1.);
#7179 = DIRECTION('',(-0.4714141304,-0.881911967069,0.));
#7180 = PLANE('',#7181);
#7181 = AXIS2_PLACEMENT_3D('',#7182,#7183,#7184);
#7182 = CARTESIAN_POINT('',(4.195125640584,55.968803679237,0.));
#7183 = DIRECTION('',(0.881911967069,-0.4714141304,0.));
#7184 = DIRECTION('',(-0.4714141304,-0.881911967069,0.));
#7185 = ADVANCED_FACE('',(#7186),#7204,.F.);
#7186 = FACE_BOUND('',#7187,.F.);
#7187 = EDGE_LOOP('',(#7188,#7196,#7197,#7198));
#7188 = ORIENTED_EDGE('',*,*,#7189,.T.);
#7189 = EDGE_CURVE('',#7190,#1564,#7192,.T.);
#7190 = VERTEX_POINT('',#7191);
#7191 = CARTESIAN_POINT('',(4.53421594708,57.086647287267,0.));
#7192 = LINE('',#7193,#7194);
#7193 = CARTESIAN_POINT('',(4.53421594708,57.086647287267,0.));
#7194 = VECTOR('',#7195,1.);
#7195 = DIRECTION('',(0.,0.,1.));
#7196 = ORIENTED_EDGE('',*,*,#1571,.T.);
#7197 = ORIENTED_EDGE('',*,*,#7165,.F.);
#7198 = ORIENTED_EDGE('',*,*,#7199,.F.);
#7199 = EDGE_CURVE('',#7190,#7166,#7200,.T.);
#7200 = LINE('',#7201,#7202);
#7201 = CARTESIAN_POINT('',(4.585610999948,57.25607599175,0.));
#7202 = VECTOR('',#7203,1.);
#7203 = DIRECTION('',(-0.290281663229,-0.956941250022,0.));
#7204 = PLANE('',#7205);
#7205 = AXIS2_PLACEMENT_3D('',#7206,#7207,#7208);
#7206 = CARTESIAN_POINT('',(4.53421594708,57.086647287267,0.));
#7207 = DIRECTION('',(0.956941250022,-0.290281663229,0.));
#7208 = DIRECTION('',(-0.290281663229,-0.956941250022,0.));
#7209 = ADVANCED_FACE('',(#7210),#7228,.F.);
#7210 = FACE_BOUND('',#7211,.F.);
#7211 = EDGE_LOOP('',(#7212,#7220,#7221,#7222));
#7212 = ORIENTED_EDGE('',*,*,#7213,.T.);
#7213 = EDGE_CURVE('',#7214,#1555,#7216,.T.);
#7214 = VERTEX_POINT('',#7215);
#7215 = CARTESIAN_POINT('',(4.555850094728,57.232510790623,0.));
#7216 = LINE('',#7217,#7218);
#7217 = CARTESIAN_POINT('',(4.555850094728,57.232510790623,0.));
#7218 = VECTOR('',#7219,1.);
#7219 = DIRECTION('',(0.,0.,1.));
#7220 = ORIENTED_EDGE('',*,*,#1563,.T.);
#7221 = ORIENTED_EDGE('',*,*,#7189,.F.);
#7222 = ORIENTED_EDGE('',*,*,#7223,.F.);
#7223 = EDGE_CURVE('',#7214,#7190,#7224,.T.);
#7224 = LINE('',#7225,#7226);
#7225 = CARTESIAN_POINT('',(4.555850094728,57.232510790623,0.));
#7226 = VECTOR('',#7227,1.);
#7227 = DIRECTION('',(-0.146712829426,-0.989179127197,0.));
#7228 = PLANE('',#7229);
#7229 = AXIS2_PLACEMENT_3D('',#7230,#7231,#7232);
#7230 = CARTESIAN_POINT('',(4.555850094728,57.232510790623,0.));
#7231 = DIRECTION('',(0.989179127197,-0.146712829426,0.));
#7232 = DIRECTION('',(-0.146712829426,-0.989179127197,0.));
#7233 = ADVANCED_FACE('',(#7234),#7253,.T.);
#7234 = FACE_BOUND('',#7235,.T.);
#7235 = EDGE_LOOP('',(#7236,#7237,#7238,#7246));
#7236 = ORIENTED_EDGE('',*,*,#7213,.T.);
#7237 = ORIENTED_EDGE('',*,*,#1554,.T.);
#7238 = ORIENTED_EDGE('',*,*,#7239,.F.);
#7239 = EDGE_CURVE('',#7240,#1547,#7242,.T.);
#7240 = VERTEX_POINT('',#7241);
#7241 = CARTESIAN_POINT('',(4.63323933616,57.577136435963,0.));
#7242 = LINE('',#7243,#7244);
#7243 = CARTESIAN_POINT('',(4.63323933616,57.577136435963,0.));
#7244 = VECTOR('',#7245,1.);
#7245 = DIRECTION('',(0.,0.,1.));
#7246 = ORIENTED_EDGE('',*,*,#7247,.F.);
#7247 = EDGE_CURVE('',#7214,#7240,#7248,.T.);
#7248 = CIRCLE('',#7249,2.4);
#7249 = AXIS2_PLACEMENT_3D('',#7250,#7251,#7252);
#7250 = CARTESIAN_POINT('',(6.92988,56.8804,0.));
#7251 = DIRECTION('',(-0.,0.,-1.));
#7252 = DIRECTION('',(-0.146712829426,-0.989179127197,0.));
#7253 = CYLINDRICAL_SURFACE('',#7254,2.4);
#7254 = AXIS2_PLACEMENT_3D('',#7255,#7256,#7257);
#7255 = CARTESIAN_POINT('',(6.92988,56.8804,0.));
#7256 = DIRECTION('',(0.,0.,-1.));
#7257 = DIRECTION('',(-0.146712829426,-0.989179127197,0.));
#7258 = ADVANCED_FACE('',(#7259),#7277,.F.);
#7259 = FACE_BOUND('',#7260,.F.);
#7260 = EDGE_LOOP('',(#7261,#7269,#7270,#7271));
#7261 = ORIENTED_EDGE('',*,*,#7262,.T.);
#7262 = EDGE_CURVE('',#7263,#1538,#7265,.T.);
#7263 = VERTEX_POINT('',#7264);
#7264 = CARTESIAN_POINT('',(4.86085933616,58.327436435963,0.));
#7265 = LINE('',#7266,#7267);
#7266 = CARTESIAN_POINT('',(4.86085933616,58.327436435963,0.));
#7267 = VECTOR('',#7268,1.);
#7268 = DIRECTION('',(0.,0.,1.));
#7269 = ORIENTED_EDGE('',*,*,#1546,.T.);
#7270 = ORIENTED_EDGE('',*,*,#7239,.F.);
#7271 = ORIENTED_EDGE('',*,*,#7272,.F.);
#7272 = EDGE_CURVE('',#7263,#7240,#7273,.T.);
#7273 = LINE('',#7274,#7275);
#7274 = CARTESIAN_POINT('',(4.86085933616,58.327436435963,0.));
#7275 = VECTOR('',#7276,1.);
#7276 = DIRECTION('',(-0.290306848318,-0.956933609933,0.));
#7277 = PLANE('',#7278);
#7278 = AXIS2_PLACEMENT_3D('',#7279,#7280,#7281);
#7279 = CARTESIAN_POINT('',(4.86085933616,58.327436435963,0.));
#7280 = DIRECTION('',(0.956933609933,-0.290306848318,0.));
#7281 = DIRECTION('',(-0.290306848318,-0.956933609933,0.));
#7282 = ADVANCED_FACE('',(#7283),#7302,.T.);
#7283 = FACE_BOUND('',#7284,.T.);
#7284 = EDGE_LOOP('',(#7285,#7286,#7287,#7295));
#7285 = ORIENTED_EDGE('',*,*,#7262,.T.);
#7286 = ORIENTED_EDGE('',*,*,#1537,.T.);
#7287 = ORIENTED_EDGE('',*,*,#7288,.F.);
#7288 = EDGE_CURVE('',#7289,#1530,#7291,.T.);
#7289 = VERTEX_POINT('',#7290);
#7290 = CARTESIAN_POINT('',(5.040853465718,58.761985750335,0.));
#7291 = LINE('',#7292,#7293);
#7292 = CARTESIAN_POINT('',(5.040853465718,58.761985750335,0.));
#7293 = VECTOR('',#7294,1.);
#7294 = DIRECTION('',(0.,0.,1.));
#7295 = ORIENTED_EDGE('',*,*,#7296,.F.);
#7296 = EDGE_CURVE('',#7263,#7289,#7297,.T.);
#7297 = CIRCLE('',#7298,2.4);
#7298 = AXIS2_PLACEMENT_3D('',#7299,#7300,#7301);
#7299 = CARTESIAN_POINT('',(7.1575,57.6307,0.));
#7300 = DIRECTION('',(-0.,0.,-1.));
#7301 = DIRECTION('',(-0.290306848318,-0.956933609933,0.));
#7302 = CYLINDRICAL_SURFACE('',#7303,2.4);
#7303 = AXIS2_PLACEMENT_3D('',#7304,#7305,#7306);
#7304 = CARTESIAN_POINT('',(7.1575,57.6307,0.));
#7305 = DIRECTION('',(0.,0.,-1.));
#7306 = DIRECTION('',(-0.290306848318,-0.956933609933,0.));
#7307 = ADVANCED_FACE('',(#7308),#7326,.F.);
#7308 = FACE_BOUND('',#7309,.F.);
#7309 = EDGE_LOOP('',(#7310,#7318,#7319,#7320));
#7310 = ORIENTED_EDGE('',*,*,#7311,.T.);
#7311 = EDGE_CURVE('',#7312,#1521,#7314,.T.);
#7312 = VERTEX_POINT('',#7313);
#7313 = CARTESIAN_POINT('',(5.410493465718,59.453585750335,0.));
#7314 = LINE('',#7315,#7316);
#7315 = CARTESIAN_POINT('',(5.410493465718,59.453585750335,0.));
#7316 = VECTOR('',#7317,1.);
#7317 = DIRECTION('',(0.,0.,1.));
#7318 = ORIENTED_EDGE('',*,*,#1529,.T.);
#7319 = ORIENTED_EDGE('',*,*,#7288,.F.);
#7320 = ORIENTED_EDGE('',*,*,#7321,.F.);
#7321 = EDGE_CURVE('',#7312,#7289,#7322,.T.);
#7322 = LINE('',#7323,#7324);
#7323 = CARTESIAN_POINT('',(5.410493465718,59.453585750335,0.));
#7324 = VECTOR('',#7325,1.);
#7325 = DIRECTION('',(-0.47136906264,-0.881936055951,0.));
#7326 = PLANE('',#7327);
#7327 = AXIS2_PLACEMENT_3D('',#7328,#7329,#7330);
#7328 = CARTESIAN_POINT('',(5.410493465718,59.453585750335,0.));
#7329 = DIRECTION('',(0.881936055951,-0.47136906264,0.));
#7330 = DIRECTION('',(-0.47136906264,-0.881936055951,0.));
#7331 = ADVANCED_FACE('',(#7332),#7351,.T.);
#7332 = FACE_BOUND('',#7333,.T.);
#7333 = EDGE_LOOP('',(#7334,#7335,#7336,#7344));
#7334 = ORIENTED_EDGE('',*,*,#7311,.T.);
#7335 = ORIENTED_EDGE('',*,*,#1520,.T.);
#7336 = ORIENTED_EDGE('',*,*,#7337,.F.);
#7337 = EDGE_CURVE('',#7338,#1513,#7340,.T.);
#7338 = VERTEX_POINT('',#7339);
#7339 = CARTESIAN_POINT('',(5.671969827383,59.844910794206,0.));
#7340 = LINE('',#7341,#7342);
#7341 = CARTESIAN_POINT('',(5.671969827383,59.844910794206,0.));
#7342 = VECTOR('',#7343,1.);
#7343 = DIRECTION('',(0.,0.,1.));
#7344 = ORIENTED_EDGE('',*,*,#7345,.F.);
#7345 = EDGE_CURVE('',#7312,#7338,#7346,.T.);
#7346 = CIRCLE('',#7347,2.4);
#7347 = AXIS2_PLACEMENT_3D('',#7348,#7349,#7350);
#7348 = CARTESIAN_POINT('',(7.52714,58.3223,0.));
#7349 = DIRECTION('',(-0.,0.,-1.));
#7350 = DIRECTION('',(-0.47136906264,-0.881936055951,0.));
#7351 = CYLINDRICAL_SURFACE('',#7352,2.4);
#7352 = AXIS2_PLACEMENT_3D('',#7353,#7354,#7355);
#7353 = CARTESIAN_POINT('',(7.52714,58.3223,0.));
#7354 = DIRECTION('',(0.,0.,-1.));
#7355 = DIRECTION('',(-0.47136906264,-0.881936055951,0.));
#7356 = ADVANCED_FACE('',(#7357),#7375,.F.);
#7357 = FACE_BOUND('',#7358,.F.);
#7358 = EDGE_LOOP('',(#7359,#7367,#7368,#7369));
#7359 = ORIENTED_EDGE('',*,*,#7360,.T.);
#7360 = EDGE_CURVE('',#7361,#1504,#7363,.T.);
#7361 = VERTEX_POINT('',#7362);
#7362 = CARTESIAN_POINT('',(6.169419827383,60.451010794206,0.));
#7363 = LINE('',#7364,#7365);
#7364 = CARTESIAN_POINT('',(6.169419827383,60.451010794206,0.));
#7365 = VECTOR('',#7366,1.);
#7366 = DIRECTION('',(0.,0.,1.));
#7367 = ORIENTED_EDGE('',*,*,#1512,.T.);
#7368 = ORIENTED_EDGE('',*,*,#7337,.F.);
#7369 = ORIENTED_EDGE('',*,*,#7370,.F.);
#7370 = EDGE_CURVE('',#7361,#7338,#7371,.T.);
#7371 = LINE('',#7372,#7373);
#7372 = CARTESIAN_POINT('',(6.169419827383,60.451010794206,0.));
#7373 = VECTOR('',#7374,1.);
#7374 = DIRECTION('',(-0.634421164253,-0.772987571924,0.));
#7375 = PLANE('',#7376);
#7376 = AXIS2_PLACEMENT_3D('',#7377,#7378,#7379);
#7377 = CARTESIAN_POINT('',(6.169419827383,60.451010794206,0.));
#7378 = DIRECTION('',(0.772987571924,-0.634421164253,0.));
#7379 = DIRECTION('',(-0.634421164253,-0.772987571924,0.));
#7380 = ADVANCED_FACE('',(#7381),#7400,.T.);
#7381 = FACE_BOUND('',#7382,.T.);
#7382 = EDGE_LOOP('',(#7383,#7384,#7385,#7393));
#7383 = ORIENTED_EDGE('',*,*,#7360,.T.);
#7384 = ORIENTED_EDGE('',*,*,#1503,.T.);
#7385 = ORIENTED_EDGE('',*,*,#7386,.F.);
#7386 = EDGE_CURVE('',#7387,#1496,#7389,.T.);
#7387 = VERTEX_POINT('',#7388);
#7388 = CARTESIAN_POINT('',(6.501962815023,60.783556719948,0.));
#7389 = LINE('',#7390,#7391);
#7390 = CARTESIAN_POINT('',(6.501962815023,60.783556719948,0.));
#7391 = VECTOR('',#7392,1.);
#7392 = DIRECTION('',(0.,0.,1.));
#7393 = ORIENTED_EDGE('',*,*,#7394,.F.);
#7394 = EDGE_CURVE('',#7361,#7387,#7395,.T.);
#7395 = CIRCLE('',#7396,2.4);
#7396 = AXIS2_PLACEMENT_3D('',#7397,#7398,#7399);
#7397 = CARTESIAN_POINT('',(8.02459,58.9284,0.));
#7398 = DIRECTION('',(-0.,0.,-1.));
#7399 = DIRECTION('',(-0.634421164253,-0.772987571924,0.));
#7400 = CYLINDRICAL_SURFACE('',#7401,2.4);
#7401 = AXIS2_PLACEMENT_3D('',#7402,#7403,#7404);
#7402 = CARTESIAN_POINT('',(8.02459,58.9284,0.));
#7403 = DIRECTION('',(0.,0.,-1.));
#7404 = DIRECTION('',(-0.634421164253,-0.772987571924,0.));
#7405 = ADVANCED_FACE('',(#7406),#7424,.F.);
#7406 = FACE_BOUND('',#7407,.F.);
#7407 = EDGE_LOOP('',(#7408,#7416,#7417,#7418));
#7408 = ORIENTED_EDGE('',*,*,#7409,.T.);
#7409 = EDGE_CURVE('',#7410,#1487,#7412,.T.);
#7410 = VERTEX_POINT('',#7411);
#7411 = CARTESIAN_POINT('',(7.108112815023,61.281056719948,0.));
#7412 = LINE('',#7413,#7414);
#7413 = CARTESIAN_POINT('',(7.108112815023,61.281056719948,0.));
#7414 = VECTOR('',#7415,1.);
#7415 = DIRECTION('',(0.,0.,1.));
#7416 = ORIENTED_EDGE('',*,*,#1495,.T.);
#7417 = ORIENTED_EDGE('',*,*,#7386,.F.);
#7418 = ORIENTED_EDGE('',*,*,#7419,.F.);
#7419 = EDGE_CURVE('',#7410,#7387,#7420,.T.);
#7420 = LINE('',#7421,#7422);
#7421 = CARTESIAN_POINT('',(7.108112815023,61.281056719948,0.));
#7422 = VECTOR('',#7423,1.);
#7423 = DIRECTION('',(-0.772981966645,-0.634427993741,0.));
#7424 = PLANE('',#7425);
#7425 = AXIS2_PLACEMENT_3D('',#7426,#7427,#7428);
#7426 = CARTESIAN_POINT('',(7.108112815023,61.281056719948,0.));
#7427 = DIRECTION('',(0.634427993741,-0.772981966645,0.));
#7428 = DIRECTION('',(-0.772981966645,-0.634427993741,0.));
#7429 = ADVANCED_FACE('',(#7430),#7449,.T.);
#7430 = FACE_BOUND('',#7431,.T.);
#7431 = EDGE_LOOP('',(#7432,#7433,#7434,#7442));
#7432 = ORIENTED_EDGE('',*,*,#7409,.T.);
#7433 = ORIENTED_EDGE('',*,*,#1486,.T.);
#7434 = ORIENTED_EDGE('',*,*,#7435,.F.);
#7435 = EDGE_CURVE('',#7436,#1479,#7438,.T.);
#7436 = VERTEX_POINT('',#7437);
#7437 = CARTESIAN_POINT('',(7.499473132947,61.542556626737,0.));
#7438 = LINE('',#7439,#7440);
#7439 = CARTESIAN_POINT('',(7.499473132947,61.542556626737,0.));
#7440 = VECTOR('',#7441,1.);
#7441 = DIRECTION('',(0.,0.,1.));
#7442 = ORIENTED_EDGE('',*,*,#7443,.F.);
#7443 = EDGE_CURVE('',#7410,#7436,#7444,.T.);
#7444 = CIRCLE('',#7445,2.4);
#7445 = AXIS2_PLACEMENT_3D('',#7446,#7447,#7448);
#7446 = CARTESIAN_POINT('',(8.63074,59.4259,0.));
#7447 = DIRECTION('',(-0.,0.,-1.));
#7448 = DIRECTION('',(-0.772981966645,-0.634427993741,0.));
#7449 = CYLINDRICAL_SURFACE('',#7450,2.4);
#7450 = AXIS2_PLACEMENT_3D('',#7451,#7452,#7453);
#7451 = CARTESIAN_POINT('',(8.63074,59.4259,0.));
#7452 = DIRECTION('',(0.,0.,-1.));
#7453 = DIRECTION('',(-0.772981966645,-0.634427993741,0.));
#7454 = ADVANCED_FACE('',(#7455),#7473,.F.);
#7455 = FACE_BOUND('',#7456,.F.);
#7456 = EDGE_LOOP('',(#7457,#7465,#7466,#7467));
#7457 = ORIENTED_EDGE('',*,*,#7458,.T.);
#7458 = EDGE_CURVE('',#7459,#1470,#7461,.T.);
#7459 = VERTEX_POINT('',#7460);
#7460 = CARTESIAN_POINT('',(8.191013132947,61.912156626737,0.));
#7461 = LINE('',#7462,#7463);
#7462 = CARTESIAN_POINT('',(8.191013132947,61.912156626737,0.));
#7463 = VECTOR('',#7464,1.);
#7464 = DIRECTION('',(0.,0.,1.));
#7465 = ORIENTED_EDGE('',*,*,#1478,.T.);
#7466 = ORIENTED_EDGE('',*,*,#7435,.F.);
#7467 = ORIENTED_EDGE('',*,*,#7468,.F.);
#7468 = EDGE_CURVE('',#7459,#7436,#7469,.T.);
#7469 = LINE('',#7470,#7471);
#7470 = CARTESIAN_POINT('',(8.191013132947,61.912156626737,0.));
#7471 = VECTOR('',#7472,1.);
#7472 = DIRECTION('',(-0.88194026114,-0.471361194605,0.));
#7473 = PLANE('',#7474);
#7474 = AXIS2_PLACEMENT_3D('',#7475,#7476,#7477);
#7475 = CARTESIAN_POINT('',(8.191013132947,61.912156626737,0.));
#7476 = DIRECTION('',(0.471361194605,-0.88194026114,0.));
#7477 = DIRECTION('',(-0.88194026114,-0.471361194605,0.));
#7478 = ADVANCED_FACE('',(#7479),#7498,.T.);
#7479 = FACE_BOUND('',#7480,.T.);
#7480 = EDGE_LOOP('',(#7481,#7482,#7483,#7491));
#7481 = ORIENTED_EDGE('',*,*,#7458,.T.);
#7482 = ORIENTED_EDGE('',*,*,#1469,.T.);
#7483 = ORIENTED_EDGE('',*,*,#7484,.F.);
#7484 = EDGE_CURVE('',#7485,#1462,#7487,.T.);
#7485 = VERTEX_POINT('',#7486);
#7486 = CARTESIAN_POINT('',(8.625701645405,62.092188615357,0.));
#7487 = LINE('',#7488,#7489);
#7488 = CARTESIAN_POINT('',(8.625701645405,62.092188615357,0.));
#7489 = VECTOR('',#7490,1.);
#7490 = DIRECTION('',(0.,0.,1.));
#7491 = ORIENTED_EDGE('',*,*,#7492,.F.);
#7492 = EDGE_CURVE('',#7459,#7485,#7493,.T.);
#7493 = CIRCLE('',#7494,2.4);
#7494 = AXIS2_PLACEMENT_3D('',#7495,#7496,#7497);
#7495 = CARTESIAN_POINT('',(9.32228,59.7955,0.));
#7496 = DIRECTION('',(-0.,0.,-1.));
#7497 = DIRECTION('',(-0.88194026114,-0.471361194605,0.));
#7498 = CYLINDRICAL_SURFACE('',#7499,2.4);
#7499 = AXIS2_PLACEMENT_3D('',#7500,#7501,#7502);
#7500 = CARTESIAN_POINT('',(9.32228,59.7955,0.));
#7501 = DIRECTION('',(0.,0.,-1.));
#7502 = DIRECTION('',(-0.88194026114,-0.471361194605,0.));
#7503 = ADVANCED_FACE('',(#7504),#7522,.F.);
#7504 = FACE_BOUND('',#7505,.F.);
#7505 = EDGE_LOOP('',(#7506,#7514,#7515,#7516));
#7506 = ORIENTED_EDGE('',*,*,#7507,.T.);
#7507 = EDGE_CURVE('',#7508,#1453,#7510,.T.);
#7508 = VERTEX_POINT('',#7509);
#7509 = CARTESIAN_POINT('',(9.376121645405,62.319788615357,0.));
#7510 = LINE('',#7511,#7512);
#7511 = CARTESIAN_POINT('',(9.376121645405,62.319788615357,0.));
#7512 = VECTOR('',#7513,1.);
#7513 = DIRECTION('',(0.,0.,1.));
#7514 = ORIENTED_EDGE('',*,*,#1461,.T.);
#7515 = ORIENTED_EDGE('',*,*,#7484,.F.);
#7516 = ORIENTED_EDGE('',*,*,#7517,.F.);
#7517 = EDGE_CURVE('',#7508,#7485,#7518,.T.);
#7518 = LINE('',#7519,#7520);
#7519 = CARTESIAN_POINT('',(9.376121645405,62.319788615357,0.));
#7520 = VECTOR('',#7521,1.);
#7521 = DIRECTION('',(-0.956953589732,-0.290240981081,0.));
#7522 = PLANE('',#7523);
#7523 = AXIS2_PLACEMENT_3D('',#7524,#7525,#7526);
#7524 = CARTESIAN_POINT('',(9.376121645405,62.319788615357,0.));
#7525 = DIRECTION('',(0.290240981081,-0.956953589732,0.));
#7526 = DIRECTION('',(-0.956953589732,-0.290240981081,0.));
#7527 = ADVANCED_FACE('',(#7528),#7547,.T.);
#7528 = FACE_BOUND('',#7529,.T.);
#7529 = EDGE_LOOP('',(#7530,#7531,#7532,#7540));
#7530 = ORIENTED_EDGE('',*,*,#7507,.T.);
#7531 = ORIENTED_EDGE('',*,*,#1452,.T.);
#7532 = ORIENTED_EDGE('',*,*,#7533,.F.);
#7533 = EDGE_CURVE('',#7534,#1445,#7536,.T.);
#7534 = VERTEX_POINT('',#7535);
#7535 = CARTESIAN_POINT('',(9.837315904073,62.411529259447,0.));
#7536 = LINE('',#7537,#7538);
#7537 = CARTESIAN_POINT('',(9.837315904073,62.411529259447,0.));
#7538 = VECTOR('',#7539,1.);
#7539 = DIRECTION('',(0.,0.,1.));
#7540 = ORIENTED_EDGE('',*,*,#7541,.F.);
#7541 = EDGE_CURVE('',#7508,#7534,#7542,.T.);
#7542 = CIRCLE('',#7543,2.4);
#7543 = AXIS2_PLACEMENT_3D('',#7544,#7545,#7546);
#7544 = CARTESIAN_POINT('',(10.0727,60.0231,0.));
#7545 = DIRECTION('',(-0.,0.,-1.));
#7546 = DIRECTION('',(-0.956953589732,-0.290240981081,0.));
#7547 = CYLINDRICAL_SURFACE('',#7548,2.4);
#7548 = AXIS2_PLACEMENT_3D('',#7549,#7550,#7551);
#7549 = CARTESIAN_POINT('',(10.0727,60.0231,0.));
#7550 = DIRECTION('',(0.,0.,-1.));
#7551 = DIRECTION('',(-0.956953589732,-0.290240981081,0.));
#7552 = ADVANCED_FACE('',(#7553),#7571,.F.);
#7553 = FACE_BOUND('',#7554,.F.);
#7554 = EDGE_LOOP('',(#7555,#7563,#7564,#7565));
#7555 = ORIENTED_EDGE('',*,*,#7556,.T.);
#7556 = EDGE_CURVE('',#7557,#1436,#7559,.T.);
#7557 = VERTEX_POINT('',#7558);
#7558 = CARTESIAN_POINT('',(10.617615904073,62.488429259447,0.));
#7559 = LINE('',#7560,#7561);
#7560 = CARTESIAN_POINT('',(10.617615904073,62.488429259447,0.));
#7561 = VECTOR('',#7562,1.);
#7562 = DIRECTION('',(0.,0.,1.));
#7563 = ORIENTED_EDGE('',*,*,#1444,.T.);
#7564 = ORIENTED_EDGE('',*,*,#7533,.F.);
#7565 = ORIENTED_EDGE('',*,*,#7566,.F.);
#7566 = EDGE_CURVE('',#7557,#7534,#7567,.T.);
#7567 = LINE('',#7568,#7569);
#7568 = CARTESIAN_POINT('',(10.617615904073,62.488429259447,0.));
#7569 = VECTOR('',#7570,1.);
#7570 = DIRECTION('',(-0.995178858103,-9.807670663608E-02,0.));
#7571 = PLANE('',#7572);
#7572 = AXIS2_PLACEMENT_3D('',#7573,#7574,#7575);
#7573 = CARTESIAN_POINT('',(10.617615904073,62.488429259447,0.));
#7574 = DIRECTION('',(9.807670663608E-02,-0.995178858103,0.));
#7575 = DIRECTION('',(-0.995178858103,-9.807670663608E-02,0.));
#7576 = ADVANCED_FACE('',(#7577),#7596,.T.);
#7577 = FACE_BOUND('',#7578,.T.);
#7578 = EDGE_LOOP('',(#7579,#7580,#7581,#7589));
#7579 = ORIENTED_EDGE('',*,*,#7556,.T.);
#7580 = ORIENTED_EDGE('',*,*,#1435,.T.);
#7581 = ORIENTED_EDGE('',*,*,#7582,.F.);
#7582 = EDGE_CURVE('',#7583,#1428,#7585,.T.);
#7583 = VERTEX_POINT('',#7584);
#7584 = CARTESIAN_POINT('',(10.853,62.5,0.));
#7585 = LINE('',#7586,#7587);
#7586 = CARTESIAN_POINT('',(10.853,62.5,0.));
#7587 = VECTOR('',#7588,1.);
#7588 = DIRECTION('',(0.,0.,1.));
#7589 = ORIENTED_EDGE('',*,*,#7590,.F.);
#7590 = EDGE_CURVE('',#7557,#7583,#7591,.T.);
#7591 = CIRCLE('',#7592,2.4);
#7592 = AXIS2_PLACEMENT_3D('',#7593,#7594,#7595);
#7593 = CARTESIAN_POINT('',(10.853,60.1,0.));
#7594 = DIRECTION('',(-0.,0.,-1.));
#7595 = DIRECTION('',(-0.995178858103,-9.807670663608E-02,0.));
#7596 = CYLINDRICAL_SURFACE('',#7597,2.4);
#7597 = AXIS2_PLACEMENT_3D('',#7598,#7599,#7600);
#7598 = CARTESIAN_POINT('',(10.853,60.1,0.));
#7599 = DIRECTION('',(0.,0.,-1.));
#7600 = DIRECTION('',(-0.995178858103,-9.807670663608E-02,0.));
#7601 = ADVANCED_FACE('',(#7602),#7620,.F.);
#7602 = FACE_BOUND('',#7603,.F.);
#7603 = EDGE_LOOP('',(#7604,#7612,#7613,#7614));
#7604 = ORIENTED_EDGE('',*,*,#7605,.T.);
#7605 = EDGE_CURVE('',#7606,#1420,#7608,.T.);
#7606 = VERTEX_POINT('',#7607);
#7607 = CARTESIAN_POINT('',(18.108469374473,62.5,0.));
#7608 = LINE('',#7609,#7610);
#7609 = CARTESIAN_POINT('',(18.108469374473,62.5,0.));
#7610 = VECTOR('',#7611,1.);
#7611 = DIRECTION('',(0.,0.,1.));
#7612 = ORIENTED_EDGE('',*,*,#1427,.T.);
#7613 = ORIENTED_EDGE('',*,*,#7582,.F.);
#7614 = ORIENTED_EDGE('',*,*,#7615,.F.);
#7615 = EDGE_CURVE('',#7606,#7583,#7616,.T.);
#7616 = LINE('',#7617,#7618);
#7617 = CARTESIAN_POINT('',(18.1674,62.5,0.));
#7618 = VECTOR('',#7619,1.);
#7619 = DIRECTION('',(-1.,0.,0.));
#7620 = PLANE('',#7621);
#7621 = AXIS2_PLACEMENT_3D('',#7622,#7623,#7624);
#7622 = CARTESIAN_POINT('',(18.108469374473,62.5,0.));
#7623 = DIRECTION('',(0.,-1.,0.));
#7624 = DIRECTION('',(-1.,0.,0.));
#7625 = ADVANCED_FACE('',(#7626),#7644,.F.);
#7626 = FACE_BOUND('',#7627,.F.);
#7627 = EDGE_LOOP('',(#7628,#7636,#7637,#7638));
#7628 = ORIENTED_EDGE('',*,*,#7629,.T.);
#7629 = EDGE_CURVE('',#7630,#1412,#7632,.T.);
#7630 = VERTEX_POINT('',#7631);
#7631 = CARTESIAN_POINT('',(18.65630646593,62.526919882605,0.));
#7632 = LINE('',#7633,#7634);
#7633 = CARTESIAN_POINT('',(18.65630646593,62.526919882605,0.));
#7634 = VECTOR('',#7635,1.);
#7635 = DIRECTION('',(0.,0.,1.));
#7636 = ORIENTED_EDGE('',*,*,#1419,.T.);
#7637 = ORIENTED_EDGE('',*,*,#7605,.F.);
#7638 = ORIENTED_EDGE('',*,*,#7639,.F.);
#7639 = EDGE_CURVE('',#7630,#7606,#7640,.T.);
#7640 = LINE('',#7641,#7642);
#7641 = CARTESIAN_POINT('',(18.833109767021,62.535607728287,0.));
#7642 = VECTOR('',#7643,1.);
#7643 = DIRECTION('',(-0.998794886786,-4.907926374126E-02,0.));
#7644 = PLANE('',#7645);
#7645 = AXIS2_PLACEMENT_3D('',#7646,#7647,#7648);
#7646 = CARTESIAN_POINT('',(18.65630646593,62.526919882605,0.));
#7647 = DIRECTION('',(4.907926374126E-02,-0.998794886786,0.));
#7648 = DIRECTION('',(-0.998794886786,-4.907926374126E-02,0.));
#7649 = ADVANCED_FACE('',(#7650),#7668,.F.);
#7650 = FACE_BOUND('',#7651,.F.);
#7651 = EDGE_LOOP('',(#7652,#7660,#7661,#7662));
#7652 = ORIENTED_EDGE('',*,*,#7653,.T.);
#7653 = EDGE_CURVE('',#7654,#1404,#7656,.T.);
#7654 = VERTEX_POINT('',#7655);
#7655 = CARTESIAN_POINT('',(19.882252548212,62.770771484726,0.));
#7656 = LINE('',#7657,#7658);
#7657 = CARTESIAN_POINT('',(19.882252548212,62.770771484726,0.));
#7658 = VECTOR('',#7659,1.);
#7659 = DIRECTION('',(0.,0.,1.));
#7660 = ORIENTED_EDGE('',*,*,#1411,.T.);
#7661 = ORIENTED_EDGE('',*,*,#7629,.F.);
#7662 = ORIENTED_EDGE('',*,*,#7663,.F.);
#7663 = EDGE_CURVE('',#7654,#7630,#7664,.T.);
#7664 = LINE('',#7665,#7666);
#7665 = CARTESIAN_POINT('',(20.114091049832,62.81688622898,0.));
#7666 = VECTOR('',#7667,1.);
#7667 = DIRECTION('',(-0.980785928742,-0.19508706257,0.));
#7668 = PLANE('',#7669);
#7669 = AXIS2_PLACEMENT_3D('',#7670,#7671,#7672);
#7670 = CARTESIAN_POINT('',(19.882252548212,62.770771484726,0.));
#7671 = DIRECTION('',(0.19508706257,-0.980785928742,0.));
#7672 = DIRECTION('',(-0.980785928742,-0.19508706257,0.));
#7673 = ADVANCED_FACE('',(#7674),#7692,.F.);
#7674 = FACE_BOUND('',#7675,.F.);
#7675 = EDGE_LOOP('',(#7676,#7684,#7685,#7686));
#7676 = ORIENTED_EDGE('',*,*,#7677,.T.);
#7677 = EDGE_CURVE('',#7678,#1396,#7680,.T.);
#7678 = VERTEX_POINT('',#7679);
#7679 = CARTESIAN_POINT('',(20.890856482096,63.188545924478,0.));
#7680 = LINE('',#7681,#7682);
#7681 = CARTESIAN_POINT('',(20.890856482096,63.188545924478,0.));
#7682 = VECTOR('',#7683,1.);
#7683 = DIRECTION('',(0.,0.,1.));
#7684 = ORIENTED_EDGE('',*,*,#1403,.T.);
#7685 = ORIENTED_EDGE('',*,*,#7653,.F.);
#7686 = ORIENTED_EDGE('',*,*,#7687,.F.);
#7687 = EDGE_CURVE('',#7678,#7654,#7688,.T.);
#7688 = LINE('',#7689,#7690);
#7689 = CARTESIAN_POINT('',(21.109265370523,63.279013201011,0.));
#7690 = VECTOR('',#7691,1.);
#7691 = DIRECTION('',(-0.923880500421,-0.382681095615,0.));
#7692 = PLANE('',#7693);
#7693 = AXIS2_PLACEMENT_3D('',#7694,#7695,#7696);
#7694 = CARTESIAN_POINT('',(20.890856482096,63.188545924478,0.));
#7695 = DIRECTION('',(0.382681095615,-0.923880500421,0.));
#7696 = DIRECTION('',(-0.923880500421,-0.382681095615,0.));
#7697 = ADVANCED_FACE('',(#7698),#7716,.F.);
#7698 = FACE_BOUND('',#7699,.F.);
#7699 = EDGE_LOOP('',(#7700,#7708,#7709,#7710));
#7700 = ORIENTED_EDGE('',*,*,#7701,.T.);
#7701 = EDGE_CURVE('',#7702,#1388,#7704,.T.);
#7702 = VERTEX_POINT('',#7703);
#7703 = CARTESIAN_POINT('',(21.798619582704,63.795117024607,0.));
#7704 = LINE('',#7705,#7706);
#7705 = CARTESIAN_POINT('',(21.798619582704,63.795117024607,0.));
#7706 = VECTOR('',#7707,1.);
#7707 = DIRECTION('',(0.,0.,1.));
#7708 = ORIENTED_EDGE('',*,*,#1395,.T.);
#7709 = ORIENTED_EDGE('',*,*,#7677,.F.);
#7710 = ORIENTED_EDGE('',*,*,#7711,.F.);
#7711 = EDGE_CURVE('',#7702,#7678,#7712,.T.);
#7712 = LINE('',#7713,#7714);
#7713 = CARTESIAN_POINT('',(21.995096200932,63.926403522581,0.));
#7714 = VECTOR('',#7715,1.);
#7715 = DIRECTION('',(-0.831459801075,-0.555584916278,0.));
#7716 = PLANE('',#7717);
#7717 = AXIS2_PLACEMENT_3D('',#7718,#7719,#7720);
#7718 = CARTESIAN_POINT('',(21.798619582704,63.795117024607,0.));
#7719 = DIRECTION('',(0.555584916278,-0.831459801075,0.));
#7720 = DIRECTION('',(-0.831459801075,-0.555584916278,0.));
#7721 = ADVANCED_FACE('',(#7722),#7740,.F.);
#7722 = FACE_BOUND('',#7723,.F.);
#7723 = EDGE_LOOP('',(#7724,#7732,#7733,#7734));
#7724 = ORIENTED_EDGE('',*,*,#7725,.T.);
#7725 = EDGE_CURVE('',#7726,#1380,#7728,.T.);
#7726 = VERTEX_POINT('',#7727);
#7727 = CARTESIAN_POINT('',(22.570621874074,64.567049533613,0.));
#7728 = LINE('',#7729,#7730);
#7729 = CARTESIAN_POINT('',(22.570621874074,64.567049533613,0.));
#7730 = VECTOR('',#7731,1.);
#7731 = DIRECTION('',(0.,0.,1.));
#7732 = ORIENTED_EDGE('',*,*,#1387,.T.);
#7733 = ORIENTED_EDGE('',*,*,#7701,.F.);
#7734 = ORIENTED_EDGE('',*,*,#7735,.F.);
#7735 = EDGE_CURVE('',#7726,#7702,#7736,.T.);
#7736 = LINE('',#7737,#7738);
#7737 = CARTESIAN_POINT('',(22.737820429994,64.734232976223,0.));
#7738 = VECTOR('',#7739,1.);
#7739 = DIRECTION('',(-0.707138740093,-0.707074820836,0.));
#7740 = PLANE('',#7741);
#7741 = AXIS2_PLACEMENT_3D('',#7742,#7743,#7744);
#7742 = CARTESIAN_POINT('',(22.570621874074,64.567049533613,0.));
#7743 = DIRECTION('',(0.707074820836,-0.707138740093,0.));
#7744 = DIRECTION('',(-0.707138740093,-0.707074820836,0.));
#7745 = ADVANCED_FACE('',(#7746),#7764,.F.);
#7746 = FACE_BOUND('',#7747,.F.);
#7747 = EDGE_LOOP('',(#7748,#7756,#7757,#7758));
#7748 = ORIENTED_EDGE('',*,*,#7749,.T.);
#7749 = EDGE_CURVE('',#7750,#1372,#7752,.T.);
#7750 = VERTEX_POINT('',#7751);
#7751 = CARTESIAN_POINT('',(23.427308832746,65.849194272121,0.));
#7752 = LINE('',#7753,#7754);
#7753 = CARTESIAN_POINT('',(23.427308832746,65.849194272121,0.));
#7754 = VECTOR('',#7755,1.);
#7755 = DIRECTION('',(0.,0.,1.));
#7756 = ORIENTED_EDGE('',*,*,#1379,.T.);
#7757 = ORIENTED_EDGE('',*,*,#7725,.F.);
#7758 = ORIENTED_EDGE('',*,*,#7759,.F.);
#7759 = EDGE_CURVE('',#7750,#7726,#7760,.T.);
#7760 = LINE('',#7761,#7762);
#7761 = CARTESIAN_POINT('',(23.493162314058,65.947752670522,0.));
#7762 = VECTOR('',#7763,1.);
#7763 = DIRECTION('',(-0.555563612717,-0.831474035809,0.));
#7764 = PLANE('',#7765);
#7765 = AXIS2_PLACEMENT_3D('',#7766,#7767,#7768);
#7766 = CARTESIAN_POINT('',(23.427308832746,65.849194272122,0.));
#7767 = DIRECTION('',(0.831474035809,-0.555563612717,0.));
#7768 = DIRECTION('',(-0.555563612717,-0.831474035809,0.));
#7769 = ADVANCED_FACE('',(#7770),#7788,.F.);
#7770 = FACE_BOUND('',#7771,.F.);
#7771 = EDGE_LOOP('',(#7772,#7780,#7781,#7782));
#7772 = ORIENTED_EDGE('',*,*,#7773,.T.);
#7773 = EDGE_CURVE('',#7774,#1363,#7776,.T.);
#7774 = VERTEX_POINT('',#7775);
#7775 = CARTESIAN_POINT('',(23.429087633259,65.852526434887,0.));
#7776 = LINE('',#7777,#7778);
#7777 = CARTESIAN_POINT('',(23.429087633259,65.852526434887,0.));
#7778 = VECTOR('',#7779,1.);
#7779 = DIRECTION('',(0.,0.,1.));
#7780 = ORIENTED_EDGE('',*,*,#1371,.T.);
#7781 = ORIENTED_EDGE('',*,*,#7749,.F.);
#7782 = ORIENTED_EDGE('',*,*,#7783,.F.);
#7783 = EDGE_CURVE('',#7774,#7750,#7784,.T.);
#7784 = LINE('',#7785,#7786);
#7785 = CARTESIAN_POINT('',(23.429087633259,65.852526434887,0.));
#7786 = VECTOR('',#7787,1.);
#7787 = DIRECTION('',(-0.470927681203,-0.882171819476,0.));
#7788 = PLANE('',#7789);
#7789 = AXIS2_PLACEMENT_3D('',#7790,#7791,#7792);
#7790 = CARTESIAN_POINT('',(23.429087633259,65.852526434887,0.));
#7791 = DIRECTION('',(0.882171819476,-0.470927681203,0.));
#7792 = DIRECTION('',(-0.470927681203,-0.882171819476,0.));
#7793 = ADVANCED_FACE('',(#7794),#7813,.T.);
#7794 = FACE_BOUND('',#7795,.T.);
#7795 = EDGE_LOOP('',(#7796,#7797,#7798,#7806));
#7796 = ORIENTED_EDGE('',*,*,#7773,.T.);
#7797 = ORIENTED_EDGE('',*,*,#1362,.T.);
#7798 = ORIENTED_EDGE('',*,*,#7799,.F.);
#7799 = EDGE_CURVE('',#7800,#1355,#7802,.T.);
#7800 = VERTEX_POINT('',#7801);
#7801 = CARTESIAN_POINT('',(23.691204878147,66.245002232506,0.));
#7802 = LINE('',#7803,#7804);
#7803 = CARTESIAN_POINT('',(23.691204878147,66.245002232506,0.));
#7804 = VECTOR('',#7805,1.);
#7805 = DIRECTION('',(0.,0.,1.));
#7806 = ORIENTED_EDGE('',*,*,#7807,.F.);
#7807 = EDGE_CURVE('',#7774,#7800,#7808,.T.);
#7808 = CIRCLE('',#7809,2.4);
#7809 = AXIS2_PLACEMENT_3D('',#7810,#7811,#7812);
#7810 = CARTESIAN_POINT('',(25.5463,64.7223,0.));
#7811 = DIRECTION('',(-0.,0.,-1.));
#7812 = DIRECTION('',(-0.470927681203,-0.882171819476,0.));
#7813 = CYLINDRICAL_SURFACE('',#7814,2.4);
#7814 = AXIS2_PLACEMENT_3D('',#7815,#7816,#7817);
#7815 = CARTESIAN_POINT('',(25.5463,64.7223,0.));
#7816 = DIRECTION('',(0.,0.,-1.));
#7817 = DIRECTION('',(-0.470927681203,-0.882171819476,0.));
#7818 = ADVANCED_FACE('',(#7819),#7837,.F.);
#7819 = FACE_BOUND('',#7820,.F.);
#7820 = EDGE_LOOP('',(#7821,#7829,#7830,#7831));
#7821 = ORIENTED_EDGE('',*,*,#7822,.T.);
#7822 = EDGE_CURVE('',#7823,#1346,#7825,.T.);
#7823 = VERTEX_POINT('',#7824);
#7824 = CARTESIAN_POINT('',(24.188704878147,66.851102232506,0.));
#7825 = LINE('',#7826,#7827);
#7826 = CARTESIAN_POINT('',(24.188704878147,66.851102232506,0.));
#7827 = VECTOR('',#7828,1.);
#7828 = DIRECTION('',(0.,0.,1.));
#7829 = ORIENTED_EDGE('',*,*,#1354,.T.);
#7830 = ORIENTED_EDGE('',*,*,#7799,.F.);
#7831 = ORIENTED_EDGE('',*,*,#7832,.F.);
#7832 = EDGE_CURVE('',#7823,#7800,#7833,.T.);
#7833 = LINE('',#7834,#7835);
#7834 = CARTESIAN_POINT('',(24.188704878147,66.851102232506,0.));
#7835 = VECTOR('',#7836,1.);
#7836 = DIRECTION('',(-0.634459263544,-0.772956300772,0.));
#7837 = PLANE('',#7838);
#7838 = AXIS2_PLACEMENT_3D('',#7839,#7840,#7841);
#7839 = CARTESIAN_POINT('',(24.188704878147,66.851102232506,0.));
#7840 = DIRECTION('',(0.772956300772,-0.634459263544,0.));
#7841 = DIRECTION('',(-0.634459263544,-0.772956300772,0.));
#7842 = ADVANCED_FACE('',(#7843),#7862,.T.);
#7843 = FACE_BOUND('',#7844,.T.);
#7844 = EDGE_LOOP('',(#7845,#7846,#7847,#7855));
#7845 = ORIENTED_EDGE('',*,*,#7822,.T.);
#7846 = ORIENTED_EDGE('',*,*,#1345,.T.);
#7847 = ORIENTED_EDGE('',*,*,#7848,.F.);
#7848 = EDGE_CURVE('',#7849,#1338,#7851,.T.);
#7849 = VERTEX_POINT('',#7850);
#7850 = CARTESIAN_POINT('',(24.521097767494,67.183495121853,0.));
#7851 = LINE('',#7852,#7853);
#7852 = CARTESIAN_POINT('',(24.521097767494,67.183495121853,0.));
#7853 = VECTOR('',#7854,1.);
#7854 = DIRECTION('',(0.,0.,1.));
#7855 = ORIENTED_EDGE('',*,*,#7856,.F.);
#7856 = EDGE_CURVE('',#7823,#7849,#7857,.T.);
#7857 = CIRCLE('',#7858,2.4);
#7858 = AXIS2_PLACEMENT_3D('',#7859,#7860,#7861);
#7859 = CARTESIAN_POINT('',(26.0438,65.3284,0.));
#7860 = DIRECTION('',(-0.,0.,-1.));
#7861 = DIRECTION('',(-0.634459263544,-0.772956300772,0.));
#7862 = CYLINDRICAL_SURFACE('',#7863,2.4);
#7863 = AXIS2_PLACEMENT_3D('',#7864,#7865,#7866);
#7864 = CARTESIAN_POINT('',(26.0438,65.3284,0.));
#7865 = DIRECTION('',(0.,0.,-1.));
#7866 = DIRECTION('',(-0.634459263544,-0.772956300772,0.));
#7867 = ADVANCED_FACE('',(#7868),#7886,.F.);
#7868 = FACE_BOUND('',#7869,.F.);
#7869 = EDGE_LOOP('',(#7870,#7878,#7879,#7880));
#7870 = ORIENTED_EDGE('',*,*,#7871,.T.);
#7871 = EDGE_CURVE('',#7872,#1329,#7874,.T.);
#7872 = VERTEX_POINT('',#7873);
#7873 = CARTESIAN_POINT('',(25.127197767494,67.680995121853,0.));
#7874 = LINE('',#7875,#7876);
#7875 = CARTESIAN_POINT('',(25.127197767494,67.680995121853,0.));
#7876 = VECTOR('',#7877,1.);
#7877 = DIRECTION('',(0.,0.,1.));
#7878 = ORIENTED_EDGE('',*,*,#1337,.T.);
#7879 = ORIENTED_EDGE('',*,*,#7848,.F.);
#7880 = ORIENTED_EDGE('',*,*,#7881,.F.);
#7881 = EDGE_CURVE('',#7872,#7849,#7882,.T.);
#7882 = LINE('',#7883,#7884);
#7883 = CARTESIAN_POINT('',(25.127197767494,67.680995121853,0.));
#7884 = VECTOR('',#7885,1.);
#7885 = DIRECTION('',(-0.772956300772,-0.634459263544,0.));
#7886 = PLANE('',#7887);
#7887 = AXIS2_PLACEMENT_3D('',#7888,#7889,#7890);
#7888 = CARTESIAN_POINT('',(25.127197767494,67.680995121853,0.));
#7889 = DIRECTION('',(0.634459263544,-0.772956300772,0.));
#7890 = DIRECTION('',(-0.772956300772,-0.634459263544,0.));
#7891 = ADVANCED_FACE('',(#7892),#7911,.T.);
#7892 = FACE_BOUND('',#7893,.T.);
#7893 = EDGE_LOOP('',(#7894,#7895,#7896,#7904));
#7894 = ORIENTED_EDGE('',*,*,#7871,.T.);
#7895 = ORIENTED_EDGE('',*,*,#1328,.T.);
#7896 = ORIENTED_EDGE('',*,*,#7897,.F.);
#7897 = EDGE_CURVE('',#7898,#1321,#7900,.T.);
#7898 = VERTEX_POINT('',#7899);
#7899 = CARTESIAN_POINT('',(25.51870947296,67.942597425598,0.));
#7900 = LINE('',#7901,#7902);
#7901 = CARTESIAN_POINT('',(25.51870947296,67.942597425598,0.));
#7902 = VECTOR('',#7903,1.);
#7903 = DIRECTION('',(0.,0.,1.));
#7904 = ORIENTED_EDGE('',*,*,#7905,.F.);
#7905 = EDGE_CURVE('',#7872,#7898,#7906,.T.);
#7906 = CIRCLE('',#7907,2.4);
#7907 = AXIS2_PLACEMENT_3D('',#7908,#7909,#7910);
#7908 = CARTESIAN_POINT('',(26.6499,65.8259,0.));
#7909 = DIRECTION('',(-0.,0.,-1.));
#7910 = DIRECTION('',(-0.772956300772,-0.634459263544,0.));
#7911 = CYLINDRICAL_SURFACE('',#7912,2.4);
#7912 = AXIS2_PLACEMENT_3D('',#7913,#7914,#7915);
#7913 = CARTESIAN_POINT('',(26.6499,65.8259,0.));
#7914 = DIRECTION('',(0.,0.,-1.));
#7915 = DIRECTION('',(-0.772956300772,-0.634459263544,0.));
#7916 = ADVANCED_FACE('',(#7917),#7935,.F.);
#7917 = FACE_BOUND('',#7918,.F.);
#7918 = EDGE_LOOP('',(#7919,#7927,#7928,#7929));
#7919 = ORIENTED_EDGE('',*,*,#7920,.T.);
#7920 = EDGE_CURVE('',#7921,#1312,#7923,.T.);
#7921 = VERTEX_POINT('',#7922);
#7922 = CARTESIAN_POINT('',(26.21030947296,68.312197425598,0.));
#7923 = LINE('',#7924,#7925);
#7924 = CARTESIAN_POINT('',(26.21030947296,68.312197425598,0.));
#7925 = VECTOR('',#7926,1.);
#7926 = DIRECTION('',(0.,0.,1.));
#7927 = ORIENTED_EDGE('',*,*,#1320,.T.);
#7928 = ORIENTED_EDGE('',*,*,#7897,.F.);
#7929 = ORIENTED_EDGE('',*,*,#7930,.F.);
#7930 = EDGE_CURVE('',#7921,#7898,#7931,.T.);
#7931 = LINE('',#7932,#7933);
#7932 = CARTESIAN_POINT('',(26.21030947296,68.312197425598,0.));
#7933 = VECTOR('',#7934,1.);
#7934 = DIRECTION('',(-0.881957260666,-0.471329386267,0.));
#7935 = PLANE('',#7936);
#7936 = AXIS2_PLACEMENT_3D('',#7937,#7938,#7939);
#7937 = CARTESIAN_POINT('',(26.21030947296,68.312197425598,0.));
#7938 = DIRECTION('',(0.471329386267,-0.881957260666,0.));
#7939 = DIRECTION('',(-0.881957260666,-0.471329386267,0.));
#7940 = ADVANCED_FACE('',(#7941),#7960,.T.);
#7941 = FACE_BOUND('',#7942,.T.);
#7942 = EDGE_LOOP('',(#7943,#7944,#7945,#7953));
#7943 = ORIENTED_EDGE('',*,*,#7920,.T.);
#7944 = ORIENTED_EDGE('',*,*,#1311,.T.);
#7945 = ORIENTED_EDGE('',*,*,#7946,.F.);
#7946 = EDGE_CURVE('',#7947,#1304,#7949,.T.);
#7947 = VERTEX_POINT('',#7948);
#7948 = CARTESIAN_POINT('',(26.644819624482,68.492157670261,0.));
#7949 = LINE('',#7950,#7951);
#7950 = CARTESIAN_POINT('',(26.644819624482,68.492157670261,0.));
#7951 = VECTOR('',#7952,1.);
#7952 = DIRECTION('',(0.,0.,1.));
#7953 = ORIENTED_EDGE('',*,*,#7954,.F.);
#7954 = EDGE_CURVE('',#7921,#7947,#7955,.T.);
#7955 = CIRCLE('',#7956,2.4);
#7956 = AXIS2_PLACEMENT_3D('',#7957,#7958,#7959);
#7957 = CARTESIAN_POINT('',(27.3415,66.1955,0.));
#7958 = DIRECTION('',(-0.,0.,-1.));
#7959 = DIRECTION('',(-0.881957260666,-0.471329386267,0.));
#7960 = CYLINDRICAL_SURFACE('',#7961,2.4);
#7961 = AXIS2_PLACEMENT_3D('',#7962,#7963,#7964);
#7962 = CARTESIAN_POINT('',(27.3415,66.1955,0.));
#7963 = DIRECTION('',(0.,0.,-1.));
#7964 = DIRECTION('',(-0.881957260666,-0.471329386267,0.));
#7965 = ADVANCED_FACE('',(#7966),#7984,.F.);
#7966 = FACE_BOUND('',#7967,.F.);
#7967 = EDGE_LOOP('',(#7968,#7976,#7977,#7978));
#7968 = ORIENTED_EDGE('',*,*,#7969,.T.);
#7969 = EDGE_CURVE('',#7970,#1295,#7972,.T.);
#7970 = VERTEX_POINT('',#7971);
#7971 = CARTESIAN_POINT('',(27.395119624482,68.719757670261,0.));
#7972 = LINE('',#7973,#7974);
#7973 = CARTESIAN_POINT('',(27.395119624482,68.719757670261,0.));
#7974 = VECTOR('',#7975,1.);
#7975 = DIRECTION('',(0.,0.,1.));
#7976 = ORIENTED_EDGE('',*,*,#1303,.T.);
#7977 = ORIENTED_EDGE('',*,*,#7946,.F.);
#7978 = ORIENTED_EDGE('',*,*,#7979,.F.);
#7979 = EDGE_CURVE('',#7970,#7947,#7980,.T.);
#7980 = LINE('',#7981,#7982);
#7981 = CARTESIAN_POINT('',(27.395119624482,68.719757670261,0.));
#7982 = VECTOR('',#7983,1.);
#7983 = DIRECTION('',(-0.956940695942,-0.290283489799,0.));
#7984 = PLANE('',#7985);
#7985 = AXIS2_PLACEMENT_3D('',#7986,#7987,#7988);
#7986 = CARTESIAN_POINT('',(27.395119624482,68.719757670261,0.));
#7987 = DIRECTION('',(0.290283489799,-0.956940695942,0.));
#7988 = DIRECTION('',(-0.956940695942,-0.290283489799,0.));
#7989 = ADVANCED_FACE('',(#7990),#8009,.T.);
#7990 = FACE_BOUND('',#7991,.T.);
#7991 = EDGE_LOOP('',(#7992,#7993,#7994,#8002));
#7992 = ORIENTED_EDGE('',*,*,#7969,.T.);
#7993 = ORIENTED_EDGE('',*,*,#1294,.T.);
#7994 = ORIENTED_EDGE('',*,*,#7995,.F.);
#7995 = EDGE_CURVE('',#7996,#1287,#7998,.T.);
#7996 = VERTEX_POINT('',#7997);
#7997 = CARTESIAN_POINT('',(27.85644577598,68.81153220319,0.));
#7998 = LINE('',#7999,#8000);
#7999 = CARTESIAN_POINT('',(27.85644577598,68.81153220319,0.));
#8000 = VECTOR('',#8001,1.);
#8001 = DIRECTION('',(0.,0.,1.));
#8002 = ORIENTED_EDGE('',*,*,#8003,.F.);
#8003 = EDGE_CURVE('',#7970,#7996,#8004,.T.);
#8004 = CIRCLE('',#8005,2.4);
#8005 = AXIS2_PLACEMENT_3D('',#8006,#8007,#8008);
#8006 = CARTESIAN_POINT('',(28.0918,66.4231,0.));
#8007 = DIRECTION('',(-0.,0.,-1.));
#8008 = DIRECTION('',(-0.956940695942,-0.290283489799,0.));
#8009 = CYLINDRICAL_SURFACE('',#8010,2.4);
#8010 = AXIS2_PLACEMENT_3D('',#8011,#8012,#8013);
#8011 = CARTESIAN_POINT('',(28.0918,66.4231,0.));
#8012 = DIRECTION('',(0.,0.,-1.));
#8013 = DIRECTION('',(-0.956940695942,-0.290283489799,0.));
#8014 = ADVANCED_FACE('',(#8015),#8033,.F.);
#8015 = FACE_BOUND('',#8016,.F.);
#8016 = EDGE_LOOP('',(#8017,#8025,#8026,#8027));
#8017 = ORIENTED_EDGE('',*,*,#8018,.T.);
#8018 = EDGE_CURVE('',#8019,#1278,#8021,.T.);
#8019 = VERTEX_POINT('',#8020);
#8020 = CARTESIAN_POINT('',(28.63684577598,68.88843220319,0.));
#8021 = LINE('',#8022,#8023);
#8022 = CARTESIAN_POINT('',(28.63684577598,68.88843220319,0.));
#8023 = VECTOR('',#8024,1.);
#8024 = DIRECTION('',(0.,0.,1.));
#8025 = ORIENTED_EDGE('',*,*,#1286,.T.);
#8026 = ORIENTED_EDGE('',*,*,#7995,.F.);
#8027 = ORIENTED_EDGE('',*,*,#8028,.F.);
#8028 = EDGE_CURVE('',#8019,#7996,#8029,.T.);
#8029 = LINE('',#8030,#8031);
#8030 = CARTESIAN_POINT('',(28.63684577598,68.88843220319,0.));
#8031 = VECTOR('',#8032,1.);
#8032 = DIRECTION('',(-0.995180084663,-9.806426000839E-02,0.));
#8033 = PLANE('',#8034);
#8034 = AXIS2_PLACEMENT_3D('',#8035,#8036,#8037);
#8035 = CARTESIAN_POINT('',(28.63684577598,68.88843220319,0.));
#8036 = DIRECTION('',(9.806426000839E-02,-0.995180084663,0.));
#8037 = DIRECTION('',(-0.995180084663,-9.806426000839E-02,0.));
#8038 = ADVANCED_FACE('',(#8039),#8058,.T.);
#8039 = FACE_BOUND('',#8040,.T.);
#8040 = EDGE_LOOP('',(#8041,#8042,#8043,#8051));
#8041 = ORIENTED_EDGE('',*,*,#8018,.T.);
#8042 = ORIENTED_EDGE('',*,*,#1277,.T.);
#8043 = ORIENTED_EDGE('',*,*,#8044,.F.);
#8044 = EDGE_CURVE('',#8045,#1270,#8047,.T.);
#8045 = VERTEX_POINT('',#8046);
#8046 = CARTESIAN_POINT('',(28.8722,68.9,0.));
#8047 = LINE('',#8048,#8049);
#8048 = CARTESIAN_POINT('',(28.8722,68.9,0.));
#8049 = VECTOR('',#8050,1.);
#8050 = DIRECTION('',(0.,0.,1.));
#8051 = ORIENTED_EDGE('',*,*,#8052,.F.);
#8052 = EDGE_CURVE('',#8019,#8045,#8053,.T.);
#8053 = CIRCLE('',#8054,2.4);
#8054 = AXIS2_PLACEMENT_3D('',#8055,#8056,#8057);
#8055 = CARTESIAN_POINT('',(28.8722,66.5,0.));
#8056 = DIRECTION('',(-0.,0.,-1.));
#8057 = DIRECTION('',(-0.995180084663,-9.806426000839E-02,0.));
#8058 = CYLINDRICAL_SURFACE('',#8059,2.4);
#8059 = AXIS2_PLACEMENT_3D('',#8060,#8061,#8062);
#8060 = CARTESIAN_POINT('',(28.8722,66.5,0.));
#8061 = DIRECTION('',(0.,0.,-1.));
#8062 = DIRECTION('',(-0.995180084663,-9.806426000839E-02,0.));
#8063 = ADVANCED_FACE('',(#8064),#8114,.F.);
#8064 = FACE_BOUND('',#8065,.F.);
#8065 = EDGE_LOOP('',(#8066,#8076,#8082,#8083,#8084,#8092,#8100,#8108));
#8066 = ORIENTED_EDGE('',*,*,#8067,.F.);
#8067 = EDGE_CURVE('',#8068,#8070,#8072,.T.);
#8068 = VERTEX_POINT('',#8069);
#8069 = CARTESIAN_POINT('',(47.3865,68.9,0.));
#8070 = VERTEX_POINT('',#8071);
#8071 = CARTESIAN_POINT('',(38.868114574787,68.9,0.));
#8072 = LINE('',#8073,#8074);
#8073 = CARTESIAN_POINT('',(47.3865,68.9,0.));
#8074 = VECTOR('',#8075,1.);
#8075 = DIRECTION('',(-1.,0.,0.));
#8076 = ORIENTED_EDGE('',*,*,#8077,.T.);
#8077 = EDGE_CURVE('',#8068,#1261,#8078,.T.);
#8078 = LINE('',#8079,#8080);
#8079 = CARTESIAN_POINT('',(47.3865,68.9,0.));
#8080 = VECTOR('',#8081,1.);
#8081 = DIRECTION('',(0.,0.,1.));
#8082 = ORIENTED_EDGE('',*,*,#1269,.T.);
#8083 = ORIENTED_EDGE('',*,*,#8044,.F.);
#8084 = ORIENTED_EDGE('',*,*,#8085,.F.);
#8085 = EDGE_CURVE('',#8086,#8045,#8088,.T.);
#8086 = VERTEX_POINT('',#8087);
#8087 = CARTESIAN_POINT('',(37.331885425213,68.9,0.));
#8088 = LINE('',#8089,#8090);
#8089 = CARTESIAN_POINT('',(47.3865,68.9,0.));
#8090 = VECTOR('',#8091,1.);
#8091 = DIRECTION('',(-1.,0.,0.));
#8092 = ORIENTED_EDGE('',*,*,#8093,.F.);
#8093 = EDGE_CURVE('',#8094,#8086,#8096,.T.);
#8094 = VERTEX_POINT('',#8095);
#8095 = CARTESIAN_POINT('',(37.331885425213,68.9,7.4));
#8096 = LINE('',#8097,#8098);
#8097 = CARTESIAN_POINT('',(37.331885425213,68.9,0.));
#8098 = VECTOR('',#8099,1.);
#8099 = DIRECTION('',(-0.,-0.,-1.));
#8100 = ORIENTED_EDGE('',*,*,#8101,.F.);
#8101 = EDGE_CURVE('',#8102,#8094,#8104,.T.);
#8102 = VERTEX_POINT('',#8103);
#8103 = CARTESIAN_POINT('',(38.868114574787,68.9,7.4));
#8104 = LINE('',#8105,#8106);
#8105 = CARTESIAN_POINT('',(42.74325,68.9,7.4));
#8106 = VECTOR('',#8107,1.);
#8107 = DIRECTION('',(-1.,0.,0.));
#8108 = ORIENTED_EDGE('',*,*,#8109,.T.);
#8109 = EDGE_CURVE('',#8102,#8070,#8110,.T.);
#8110 = LINE('',#8111,#8112);
#8111 = CARTESIAN_POINT('',(38.868114574787,68.9,0.));
#8112 = VECTOR('',#8113,1.);
#8113 = DIRECTION('',(-0.,-0.,-1.));
#8114 = PLANE('',#8115);
#8115 = AXIS2_PLACEMENT_3D('',#8116,#8117,#8118);
#8116 = CARTESIAN_POINT('',(47.3865,68.9,0.));
#8117 = DIRECTION('',(0.,-1.,0.));
#8118 = DIRECTION('',(-1.,0.,0.));
#8119 = ADVANCED_FACE('',(#8120),#8139,.T.);
#8120 = FACE_BOUND('',#8121,.T.);
#8121 = EDGE_LOOP('',(#8122,#8123,#8124,#8132));
#8122 = ORIENTED_EDGE('',*,*,#8077,.T.);
#8123 = ORIENTED_EDGE('',*,*,#1260,.T.);
#8124 = ORIENTED_EDGE('',*,*,#8125,.F.);
#8125 = EDGE_CURVE('',#8126,#1253,#8128,.T.);
#8126 = VERTEX_POINT('',#8127);
#8127 = CARTESIAN_POINT('',(47.50449028124,68.897097889852,0.));
#8128 = LINE('',#8129,#8130);
#8129 = CARTESIAN_POINT('',(47.50449028124,68.897097889852,0.));
#8130 = VECTOR('',#8131,1.);
#8131 = DIRECTION('',(0.,0.,1.));
#8132 = ORIENTED_EDGE('',*,*,#8133,.F.);
#8133 = EDGE_CURVE('',#8068,#8126,#8134,.T.);
#8134 = CIRCLE('',#8135,2.4);
#8135 = AXIS2_PLACEMENT_3D('',#8136,#8137,#8138);
#8136 = CARTESIAN_POINT('',(47.3865,66.5,0.));
#8137 = DIRECTION('',(0.,0.,-1.));
#8138 = DIRECTION('',(-1.,0.,0.));
#8139 = CYLINDRICAL_SURFACE('',#8140,2.4);
#8140 = AXIS2_PLACEMENT_3D('',#8141,#8142,#8143);
#8141 = CARTESIAN_POINT('',(47.3865,66.5,0.));
#8142 = DIRECTION('',(0.,0.,-1.));
#8143 = DIRECTION('',(-1.,0.,0.));
#8144 = ADVANCED_FACE('',(#8145),#8163,.F.);
#8145 = FACE_BOUND('',#8146,.F.);
#8146 = EDGE_LOOP('',(#8147,#8155,#8156,#8157));
#8147 = ORIENTED_EDGE('',*,*,#8148,.T.);
#8148 = EDGE_CURVE('',#8149,#1244,#8151,.T.);
#8149 = VERTEX_POINT('',#8150);
#8150 = CARTESIAN_POINT('',(47.89659028124,68.877797889852,0.));
#8151 = LINE('',#8152,#8153);
#8152 = CARTESIAN_POINT('',(47.89659028124,68.877797889852,0.));
#8153 = VECTOR('',#8154,1.);
#8154 = DIRECTION('',(0.,0.,1.));
#8155 = ORIENTED_EDGE('',*,*,#1252,.T.);
#8156 = ORIENTED_EDGE('',*,*,#8125,.F.);
#8157 = ORIENTED_EDGE('',*,*,#8158,.F.);
#8158 = EDGE_CURVE('',#8149,#8126,#8159,.T.);
#8159 = LINE('',#8160,#8161);
#8160 = CARTESIAN_POINT('',(47.89659028124,68.877797889852,0.));
#8161 = VECTOR('',#8162,1.);
#8162 = DIRECTION('',(-0.998790787438,4.916261718327E-02,0.));
#8163 = PLANE('',#8164);
#8164 = AXIS2_PLACEMENT_3D('',#8165,#8166,#8167);
#8165 = CARTESIAN_POINT('',(47.89659028124,68.877797889852,0.));
#8166 = DIRECTION('',(-4.916261718327E-02,-0.998790787438,0.));
#8167 = DIRECTION('',(-0.998790787438,4.916261718327E-02,0.));
#8168 = ADVANCED_FACE('',(#8169),#8188,.T.);
#8169 = FACE_BOUND('',#8170,.T.);
#8170 = EDGE_LOOP('',(#8171,#8172,#8173,#8181));
#8171 = ORIENTED_EDGE('',*,*,#8148,.T.);
#8172 = ORIENTED_EDGE('',*,*,#1243,.T.);
#8173 = ORIENTED_EDGE('',*,*,#8174,.F.);
#8174 = EDGE_CURVE('',#8175,#1236,#8177,.T.);
#8175 = VERTEX_POINT('',#8176);
#8176 = CARTESIAN_POINT('',(48.246629469318,68.834621922208,0.));
#8177 = LINE('',#8178,#8179);
#8178 = CARTESIAN_POINT('',(48.246629469318,68.834621922208,0.));
#8179 = VECTOR('',#8180,1.);
#8180 = DIRECTION('',(0.,0.,1.));
#8181 = ORIENTED_EDGE('',*,*,#8182,.F.);
#8182 = EDGE_CURVE('',#8149,#8175,#8183,.T.);
#8183 = CIRCLE('',#8184,2.4);
#8184 = AXIS2_PLACEMENT_3D('',#8185,#8186,#8187);
#8185 = CARTESIAN_POINT('',(47.7786,66.4807,0.));
#8186 = DIRECTION('',(0.,0.,-1.));
#8187 = DIRECTION('',(-0.998790787438,4.916261718327E-02,0.));
#8188 = CYLINDRICAL_SURFACE('',#8189,2.4);
#8189 = AXIS2_PLACEMENT_3D('',#8190,#8191,#8192);
#8190 = CARTESIAN_POINT('',(47.7786,66.4807,0.));
#8191 = DIRECTION('',(0.,0.,-1.));
#8192 = DIRECTION('',(-0.998790787438,4.916261718327E-02,0.));
#8193 = ADVANCED_FACE('',(#8194),#8212,.F.);
#8194 = FACE_BOUND('',#8195,.F.);
#8195 = EDGE_LOOP('',(#8196,#8204,#8205,#8206));
#8196 = ORIENTED_EDGE('',*,*,#8197,.T.);
#8197 = EDGE_CURVE('',#8198,#1227,#8200,.T.);
#8198 = VERTEX_POINT('',#8199);
#8199 = CARTESIAN_POINT('',(49.015629469318,68.681721922208,0.));
#8200 = LINE('',#8201,#8202);
#8201 = CARTESIAN_POINT('',(49.015629469318,68.681721922208,0.));
#8202 = VECTOR('',#8203,1.);
#8203 = DIRECTION('',(0.,0.,1.));
#8204 = ORIENTED_EDGE('',*,*,#1235,.T.);
#8205 = ORIENTED_EDGE('',*,*,#8174,.F.);
#8206 = ORIENTED_EDGE('',*,*,#8207,.F.);
#8207 = EDGE_CURVE('',#8198,#8175,#8208,.T.);
#8208 = LINE('',#8209,#8210);
#8209 = CARTESIAN_POINT('',(49.015629469318,68.681721922208,0.));
#8210 = VECTOR('',#8211,1.);
#8211 = DIRECTION('',(-0.98080080092,0.195012278883,0.));
#8212 = PLANE('',#8213);
#8213 = AXIS2_PLACEMENT_3D('',#8214,#8215,#8216);
#8214 = CARTESIAN_POINT('',(49.015629469318,68.681721922208,0.));
#8215 = DIRECTION('',(-0.195012278883,-0.98080080092,0.));
#8216 = DIRECTION('',(-0.98080080092,0.195012278883,0.));
#8217 = ADVANCED_FACE('',(#8218),#8237,.T.);
#8218 = FACE_BOUND('',#8219,.T.);
#8219 = EDGE_LOOP('',(#8220,#8221,#8222,#8230));
#8220 = ORIENTED_EDGE('',*,*,#8197,.T.);
#8221 = ORIENTED_EDGE('',*,*,#1226,.T.);
#8222 = ORIENTED_EDGE('',*,*,#8223,.F.);
#8223 = EDGE_CURVE('',#8224,#1219,#8226,.T.);
#8224 = VERTEX_POINT('',#8225);
#8225 = CARTESIAN_POINT('',(49.466046178138,68.545108417398,0.));
#8226 = LINE('',#8227,#8228);
#8227 = CARTESIAN_POINT('',(49.466046178138,68.545108417398,0.));
#8228 = VECTOR('',#8229,1.);
#8229 = DIRECTION('',(0.,0.,1.));
#8230 = ORIENTED_EDGE('',*,*,#8231,.F.);
#8231 = EDGE_CURVE('',#8198,#8224,#8232,.T.);
#8232 = CIRCLE('',#8233,2.4);
#8233 = AXIS2_PLACEMENT_3D('',#8234,#8235,#8236);
#8234 = CARTESIAN_POINT('',(48.5476,66.3278,0.));
#8235 = DIRECTION('',(0.,0.,-1.));
#8236 = DIRECTION('',(-0.98080080092,0.195012278883,0.));
#8237 = CYLINDRICAL_SURFACE('',#8238,2.4);
#8238 = AXIS2_PLACEMENT_3D('',#8239,#8240,#8241);
#8239 = CARTESIAN_POINT('',(48.5476,66.3278,0.));
#8240 = DIRECTION('',(0.,0.,-1.));
#8241 = DIRECTION('',(-0.98080080092,0.195012278883,0.));
#8242 = ADVANCED_FACE('',(#8243),#8261,.F.);
#8243 = FACE_BOUND('',#8244,.F.);
#8244 = EDGE_LOOP('',(#8245,#8253,#8254,#8255));
#8245 = ORIENTED_EDGE('',*,*,#8246,.T.);
#8246 = EDGE_CURVE('',#8247,#1210,#8249,.T.);
#8247 = VERTEX_POINT('',#8248);
#8248 = CARTESIAN_POINT('',(50.190546178138,68.245008417398,0.));
#8249 = LINE('',#8250,#8251);
#8250 = CARTESIAN_POINT('',(50.190546178138,68.245008417398,0.));
#8251 = VECTOR('',#8252,1.);
#8252 = DIRECTION('',(0.,0.,1.));
#8253 = ORIENTED_EDGE('',*,*,#1218,.T.);
#8254 = ORIENTED_EDGE('',*,*,#8223,.F.);
#8255 = ORIENTED_EDGE('',*,*,#8256,.F.);
#8256 = EDGE_CURVE('',#8247,#8224,#8257,.T.);
#8257 = LINE('',#8258,#8259);
#8258 = CARTESIAN_POINT('',(50.190546178138,68.245008417398,0.));
#8259 = VECTOR('',#8260,1.);
#8260 = DIRECTION('',(-0.923878507249,0.382685907558,0.));
#8261 = PLANE('',#8262);
#8262 = AXIS2_PLACEMENT_3D('',#8263,#8264,#8265);
#8263 = CARTESIAN_POINT('',(50.190546178138,68.245008417398,0.));
#8264 = DIRECTION('',(-0.382685907558,-0.923878507249,0.));
#8265 = DIRECTION('',(-0.923878507249,0.382685907558,0.));
#8266 = ADVANCED_FACE('',(#8267),#8286,.T.);
#8267 = FACE_BOUND('',#8268,.T.);
#8268 = EDGE_LOOP('',(#8269,#8270,#8271,#8279));
#8269 = ORIENTED_EDGE('',*,*,#8246,.T.);
#8270 = ORIENTED_EDGE('',*,*,#1209,.T.);
#8271 = ORIENTED_EDGE('',*,*,#8272,.F.);
#8272 = EDGE_CURVE('',#8273,#1202,#8275,.T.);
#8273 = VERTEX_POINT('',#8274);
#8274 = CARTESIAN_POINT('',(50.605569120597,68.023159872915,0.));
#8275 = LINE('',#8276,#8277);
#8276 = CARTESIAN_POINT('',(50.605569120597,68.023159872915,0.));
#8277 = VECTOR('',#8278,1.);
#8278 = DIRECTION('',(0.,0.,1.));
#8279 = ORIENTED_EDGE('',*,*,#8280,.F.);
#8280 = EDGE_CURVE('',#8247,#8273,#8281,.T.);
#8281 = CIRCLE('',#8282,2.4);
#8282 = AXIS2_PLACEMENT_3D('',#8283,#8284,#8285);
#8283 = CARTESIAN_POINT('',(49.2721,66.0277,0.));
#8284 = DIRECTION('',(0.,0.,-1.));
#8285 = DIRECTION('',(-0.923878507249,0.382685907558,0.));
#8286 = CYLINDRICAL_SURFACE('',#8287,2.4);
#8287 = AXIS2_PLACEMENT_3D('',#8288,#8289,#8290);
#8288 = CARTESIAN_POINT('',(49.2721,66.0277,0.));
#8289 = DIRECTION('',(0.,0.,-1.));
#8290 = DIRECTION('',(-0.923878507249,0.382685907558,0.));
#8291 = ADVANCED_FACE('',(#8292),#8310,.F.);
#8292 = FACE_BOUND('',#8293,.F.);
#8293 = EDGE_LOOP('',(#8294,#8302,#8303,#8304));
#8294 = ORIENTED_EDGE('',*,*,#8295,.T.);
#8295 = EDGE_CURVE('',#8296,#1193,#8298,.T.);
#8296 = VERTEX_POINT('',#8297);
#8297 = CARTESIAN_POINT('',(51.257569120597,67.587459872915,0.));
#8298 = LINE('',#8299,#8300);
#8299 = CARTESIAN_POINT('',(51.257569120597,67.587459872915,0.));
#8300 = VECTOR('',#8301,1.);
#8301 = DIRECTION('',(0.,0.,1.));
#8302 = ORIENTED_EDGE('',*,*,#1201,.T.);
#8303 = ORIENTED_EDGE('',*,*,#8272,.F.);
#8304 = ORIENTED_EDGE('',*,*,#8305,.F.);
#8305 = EDGE_CURVE('',#8296,#8273,#8306,.T.);
#8306 = LINE('',#8307,#8308);
#8307 = CARTESIAN_POINT('',(51.257569120597,67.587459872915,0.));
#8308 = VECTOR('',#8309,1.);
#8309 = DIRECTION('',(-0.831441613715,0.555612133582,0.));
#8310 = PLANE('',#8311);
#8311 = AXIS2_PLACEMENT_3D('',#8312,#8313,#8314);
#8312 = CARTESIAN_POINT('',(51.257569120597,67.587459872915,0.));
#8313 = DIRECTION('',(-0.555612133582,-0.831441613715,0.));
#8314 = DIRECTION('',(-0.831441613715,0.555612133582,0.));
#8315 = ADVANCED_FACE('',(#8316),#8335,.T.);
#8316 = FACE_BOUND('',#8317,.T.);
#8317 = EDGE_LOOP('',(#8318,#8319,#8320,#8328));
#8318 = ORIENTED_EDGE('',*,*,#8295,.T.);
#8319 = ORIENTED_EDGE('',*,*,#1192,.T.);
#8320 = ORIENTED_EDGE('',*,*,#8321,.F.);
#8321 = EDGE_CURVE('',#8322,#1185,#8324,.T.);
#8322 = VERTEX_POINT('',#8323);
#8323 = CARTESIAN_POINT('',(51.621156274848,67.289056274848,0.));
#8324 = LINE('',#8325,#8326);
#8325 = CARTESIAN_POINT('',(51.621156274848,67.289056274848,0.));
#8326 = VECTOR('',#8327,1.);
#8327 = DIRECTION('',(0.,0.,1.));
#8328 = ORIENTED_EDGE('',*,*,#8329,.F.);
#8329 = EDGE_CURVE('',#8296,#8322,#8330,.T.);
#8330 = CIRCLE('',#8331,2.4);
#8331 = AXIS2_PLACEMENT_3D('',#8332,#8333,#8334);
#8332 = CARTESIAN_POINT('',(49.9241,65.592,0.));
#8333 = DIRECTION('',(0.,0.,-1.));
#8334 = DIRECTION('',(-0.831441613715,0.555612133582,0.));
#8335 = CYLINDRICAL_SURFACE('',#8336,2.4);
#8336 = AXIS2_PLACEMENT_3D('',#8337,#8338,#8339);
#8337 = CARTESIAN_POINT('',(49.9241,65.592,0.));
#8338 = DIRECTION('',(0.,0.,-1.));
#8339 = DIRECTION('',(-0.831441613715,0.555612133582,0.));
#8340 = ADVANCED_FACE('',(#8341),#8359,.F.);
#8341 = FACE_BOUND('',#8342,.F.);
#8342 = EDGE_LOOP('',(#8343,#8351,#8352,#8353));
#8343 = ORIENTED_EDGE('',*,*,#8344,.T.);
#8344 = EDGE_CURVE('',#8345,#1176,#8347,.T.);
#8345 = VERTEX_POINT('',#8346);
#8346 = CARTESIAN_POINT('',(52.175556274848,66.734656274848,0.));
#8347 = LINE('',#8348,#8349);
#8348 = CARTESIAN_POINT('',(52.175556274848,66.734656274848,0.));
#8349 = VECTOR('',#8350,1.);
#8350 = DIRECTION('',(0.,0.,1.));
#8351 = ORIENTED_EDGE('',*,*,#1184,.T.);
#8352 = ORIENTED_EDGE('',*,*,#8321,.F.);
#8353 = ORIENTED_EDGE('',*,*,#8354,.F.);
#8354 = EDGE_CURVE('',#8345,#8322,#8355,.T.);
#8355 = LINE('',#8356,#8357);
#8356 = CARTESIAN_POINT('',(52.175556274848,66.734656274848,0.));
#8357 = VECTOR('',#8358,1.);
#8358 = DIRECTION('',(-0.707106781187,0.707106781187,0.));
#8359 = PLANE('',#8360);
#8360 = AXIS2_PLACEMENT_3D('',#8361,#8362,#8363);
#8361 = CARTESIAN_POINT('',(52.175556274848,66.734656274848,0.));
#8362 = DIRECTION('',(-0.707106781187,-0.707106781187,0.));
#8363 = DIRECTION('',(-0.707106781187,0.707106781187,0.));
#8364 = ADVANCED_FACE('',(#8365),#8384,.T.);
#8365 = FACE_BOUND('',#8366,.T.);
#8366 = EDGE_LOOP('',(#8367,#8368,#8369,#8377));
#8367 = ORIENTED_EDGE('',*,*,#8344,.T.);
#8368 = ORIENTED_EDGE('',*,*,#1175,.T.);
#8369 = ORIENTED_EDGE('',*,*,#8370,.F.);
#8370 = EDGE_CURVE('',#8371,#1168,#8373,.T.);
#8371 = VERTEX_POINT('',#8372);
#8372 = CARTESIAN_POINT('',(52.473959872915,66.371069120597,0.));
#8373 = LINE('',#8374,#8375);
#8374 = CARTESIAN_POINT('',(52.473959872915,66.371069120597,0.));
#8375 = VECTOR('',#8376,1.);
#8376 = DIRECTION('',(0.,0.,1.));
#8377 = ORIENTED_EDGE('',*,*,#8378,.F.);
#8378 = EDGE_CURVE('',#8345,#8371,#8379,.T.);
#8379 = CIRCLE('',#8380,2.4);
#8380 = AXIS2_PLACEMENT_3D('',#8381,#8382,#8383);
#8381 = CARTESIAN_POINT('',(50.4785,65.0376,0.));
#8382 = DIRECTION('',(0.,0.,-1.));
#8383 = DIRECTION('',(-0.707106781187,0.707106781187,0.));
#8384 = CYLINDRICAL_SURFACE('',#8385,2.4);
#8385 = AXIS2_PLACEMENT_3D('',#8386,#8387,#8388);
#8386 = CARTESIAN_POINT('',(50.4785,65.0376,0.));
#8387 = DIRECTION('',(0.,0.,-1.));
#8388 = DIRECTION('',(-0.707106781187,0.707106781187,0.));
#8389 = ADVANCED_FACE('',(#8390),#8408,.F.);
#8390 = FACE_BOUND('',#8391,.F.);
#8391 = EDGE_LOOP('',(#8392,#8400,#8401,#8402));
#8392 = ORIENTED_EDGE('',*,*,#8393,.T.);
#8393 = EDGE_CURVE('',#8394,#1159,#8396,.T.);
#8394 = VERTEX_POINT('',#8395);
#8395 = CARTESIAN_POINT('',(52.909659872915,65.719069120597,0.));
#8396 = LINE('',#8397,#8398);
#8397 = CARTESIAN_POINT('',(52.909659872915,65.719069120597,0.));
#8398 = VECTOR('',#8399,1.);
#8399 = DIRECTION('',(0.,0.,1.));
#8400 = ORIENTED_EDGE('',*,*,#1167,.T.);
#8401 = ORIENTED_EDGE('',*,*,#8370,.F.);
#8402 = ORIENTED_EDGE('',*,*,#8403,.F.);
#8403 = EDGE_CURVE('',#8394,#8371,#8404,.T.);
#8404 = LINE('',#8405,#8406);
#8405 = CARTESIAN_POINT('',(52.909659872915,65.719069120597,0.));
#8406 = VECTOR('',#8407,1.);
#8407 = DIRECTION('',(-0.555612133582,0.831441613715,0.));
#8408 = PLANE('',#8409);
#8409 = AXIS2_PLACEMENT_3D('',#8410,#8411,#8412);
#8410 = CARTESIAN_POINT('',(52.909659872915,65.719069120597,0.));
#8411 = DIRECTION('',(-0.831441613715,-0.555612133582,0.));
#8412 = DIRECTION('',(-0.555612133582,0.831441613715,0.));
#8413 = ADVANCED_FACE('',(#8414),#8433,.T.);
#8414 = FACE_BOUND('',#8415,.T.);
#8415 = EDGE_LOOP('',(#8416,#8417,#8418,#8426));
#8416 = ORIENTED_EDGE('',*,*,#8393,.T.);
#8417 = ORIENTED_EDGE('',*,*,#1158,.T.);
#8418 = ORIENTED_EDGE('',*,*,#8419,.F.);
#8419 = EDGE_CURVE('',#8420,#1151,#8422,.T.);
#8420 = VERTEX_POINT('',#8421);
#8421 = CARTESIAN_POINT('',(53.030844440299,65.516889668189,0.));
#8422 = LINE('',#8423,#8424);
#8423 = CARTESIAN_POINT('',(53.030844440299,65.516889668189,0.));
#8424 = VECTOR('',#8425,1.);
#8425 = DIRECTION('',(0.,0.,1.));
#8426 = ORIENTED_EDGE('',*,*,#8427,.F.);
#8427 = EDGE_CURVE('',#8394,#8420,#8428,.T.);
#8428 = CIRCLE('',#8429,2.4);
#8429 = AXIS2_PLACEMENT_3D('',#8430,#8431,#8432);
#8430 = CARTESIAN_POINT('',(50.9142,64.3856,0.));
#8431 = DIRECTION('',(0.,0.,-1.));
#8432 = DIRECTION('',(-0.555612133582,0.831441613715,0.));
#8433 = CYLINDRICAL_SURFACE('',#8434,2.4);
#8434 = AXIS2_PLACEMENT_3D('',#8435,#8436,#8437);
#8435 = CARTESIAN_POINT('',(50.9142,64.3856,0.));
#8436 = DIRECTION('',(0.,0.,-1.));
#8437 = DIRECTION('',(-0.555612133582,0.831441613715,0.));
#8438 = ADVANCED_FACE('',(#8439),#8457,.F.);
#8439 = FACE_BOUND('',#8440,.F.);
#8440 = EDGE_LOOP('',(#8441,#8449,#8450,#8451));
#8441 = ORIENTED_EDGE('',*,*,#8442,.T.);
#8442 = EDGE_CURVE('',#8443,#1143,#8445,.T.);
#8443 = VERTEX_POINT('',#8444);
#8444 = CARTESIAN_POINT('',(53.30391343244,65.005977228797,0.));
#8445 = LINE('',#8446,#8447);
#8446 = CARTESIAN_POINT('',(53.30391343244,65.005977228797,0.));
#8447 = VECTOR('',#8448,1.);
#8448 = DIRECTION('',(0.,0.,1.));
#8449 = ORIENTED_EDGE('',*,*,#1150,.T.);
#8450 = ORIENTED_EDGE('',*,*,#8419,.F.);
#8451 = ORIENTED_EDGE('',*,*,#8452,.F.);
#8452 = EDGE_CURVE('',#8443,#8420,#8453,.T.);
#8453 = LINE('',#8454,#8455);
#8454 = CARTESIAN_POINT('',(53.415344440299,64.797489668189,0.));
#8455 = VECTOR('',#8456,1.);
#8456 = DIRECTION('',(-0.471370695079,0.881935183458,0.));
#8457 = PLANE('',#8458);
#8458 = AXIS2_PLACEMENT_3D('',#8459,#8460,#8461);
#8459 = CARTESIAN_POINT('',(53.30391343244,65.005977228797,0.));
#8460 = DIRECTION('',(-0.881935183458,-0.471370695079,0.));
#8461 = DIRECTION('',(-0.471370695079,0.881935183458,0.));
#8462 = ADVANCED_FACE('',(#8463),#8481,.F.);
#8463 = FACE_BOUND('',#8464,.F.);
#8464 = EDGE_LOOP('',(#8465,#8473,#8474,#8475));
#8465 = ORIENTED_EDGE('',*,*,#8466,.T.);
#8466 = EDGE_CURVE('',#8467,#1135,#8469,.T.);
#8467 = VERTEX_POINT('',#8468);
#8468 = CARTESIAN_POINT('',(53.996470005347,64.162070005347,0.));
#8469 = LINE('',#8470,#8471);
#8470 = CARTESIAN_POINT('',(53.996470005347,64.162070005347,0.));
#8471 = VECTOR('',#8472,1.);
#8472 = DIRECTION('',(0.,0.,1.));
#8473 = ORIENTED_EDGE('',*,*,#1142,.T.);
#8474 = ORIENTED_EDGE('',*,*,#8442,.F.);
#8475 = ORIENTED_EDGE('',*,*,#8476,.F.);
#8476 = EDGE_CURVE('',#8467,#8443,#8477,.T.);
#8477 = LINE('',#8478,#8479);
#8478 = CARTESIAN_POINT('',(54.14644685087,63.979317363559,0.));
#8479 = VECTOR('',#8480,1.);
#8480 = DIRECTION('',(-0.634382234816,0.773019521196,0.));
#8481 = PLANE('',#8482);
#8482 = AXIS2_PLACEMENT_3D('',#8483,#8484,#8485);
#8483 = CARTESIAN_POINT('',(53.996470005347,64.162070005347,0.));
#8484 = DIRECTION('',(-0.773019521196,-0.634382234816,0.));
#8485 = DIRECTION('',(-0.634382234816,0.773019521196,0.));
#8486 = ADVANCED_FACE('',(#8487),#8505,.F.);
#8487 = FACE_BOUND('',#8488,.F.);
#8488 = EDGE_LOOP('',(#8489,#8497,#8498,#8499));
#8489 = ORIENTED_EDGE('',*,*,#8490,.T.);
#8490 = EDGE_CURVE('',#8491,#1127,#8493,.T.);
#8491 = VERTEX_POINT('',#8492);
#8492 = CARTESIAN_POINT('',(54.840423358004,63.469475576282,0.));
#8493 = LINE('',#8494,#8495);
#8494 = CARTESIAN_POINT('',(54.840423358004,63.469475576282,0.));
#8495 = VECTOR('',#8496,1.);
#8496 = DIRECTION('',(0.,0.,1.));
#8497 = ORIENTED_EDGE('',*,*,#1134,.T.);
#8498 = ORIENTED_EDGE('',*,*,#8466,.F.);
#8499 = ORIENTED_EDGE('',*,*,#8500,.F.);
#8500 = EDGE_CURVE('',#8491,#8467,#8501,.T.);
#8501 = LINE('',#8502,#8503);
#8502 = CARTESIAN_POINT('',(55.023117363559,63.31954685087,0.));
#8503 = VECTOR('',#8504,1.);
#8504 = DIRECTION('',(-0.773019521196,0.634382234816,0.));
#8505 = PLANE('',#8506);
#8506 = AXIS2_PLACEMENT_3D('',#8507,#8508,#8509);
#8507 = CARTESIAN_POINT('',(54.840423358004,63.469475576282,0.));
#8508 = DIRECTION('',(-0.634382234816,-0.773019521196,0.));
#8509 = DIRECTION('',(-0.773019521196,0.634382234816,0.));
#8510 = ADVANCED_FACE('',(#8511),#8529,.F.);
#8511 = FACE_BOUND('',#8512,.F.);
#8512 = EDGE_LOOP('',(#8513,#8521,#8522,#8523));
#8513 = ORIENTED_EDGE('',*,*,#8514,.T.);
#8514 = EDGE_CURVE('',#8515,#1119,#8517,.T.);
#8515 = VERTEX_POINT('',#8516);
#8516 = CARTESIAN_POINT('',(55.80318069102,62.954846647457,0.));
#8517 = LINE('',#8518,#8519);
#8518 = CARTESIAN_POINT('',(55.80318069102,62.954846647457,0.));
#8519 = VECTOR('',#8520,1.);
#8520 = DIRECTION('',(0.,0.,1.));
#8521 = ORIENTED_EDGE('',*,*,#1126,.T.);
#8522 = ORIENTED_EDGE('',*,*,#8490,.F.);
#8523 = ORIENTED_EDGE('',*,*,#8524,.F.);
#8524 = EDGE_CURVE('',#8515,#8491,#8525,.T.);
#8525 = LINE('',#8526,#8527);
#8526 = CARTESIAN_POINT('',(56.011693912961,62.843388720965,0.));
#8527 = VECTOR('',#8528,1.);
#8528 = DIRECTION('',(-0.881911967069,0.4714141304,0.));
#8529 = PLANE('',#8530);
#8530 = AXIS2_PLACEMENT_3D('',#8531,#8532,#8533);
#8531 = CARTESIAN_POINT('',(55.80318069102,62.954846647457,0.));
#8532 = DIRECTION('',(-0.4714141304,-0.881911967069,0.));
#8533 = DIRECTION('',(-0.881911967069,0.4714141304,0.));
#8534 = ADVANCED_FACE('',(#8535),#8553,.F.);
#8535 = FACE_BOUND('',#8536,.F.);
#8536 = EDGE_LOOP('',(#8537,#8545,#8546,#8547));
#8537 = ORIENTED_EDGE('',*,*,#8538,.T.);
#8538 = EDGE_CURVE('',#8539,#1111,#8541,.T.);
#8539 = VERTEX_POINT('',#8540);
#8540 = CARTESIAN_POINT('',(56.847849472931,62.637977972108,0.));
#8541 = LINE('',#8542,#8543);
#8542 = CARTESIAN_POINT('',(56.847849472931,62.637977972108,0.));
#8543 = VECTOR('',#8544,1.);
#8544 = DIRECTION('',(0.,0.,1.));
#8545 = ORIENTED_EDGE('',*,*,#1118,.T.);
#8546 = ORIENTED_EDGE('',*,*,#8514,.F.);
#8547 = ORIENTED_EDGE('',*,*,#8548,.F.);
#8548 = EDGE_CURVE('',#8539,#8515,#8549,.T.);
#8549 = LINE('',#8550,#8551);
#8550 = CARTESIAN_POINT('',(57.074026583132,62.569373987242,0.));
#8551 = VECTOR('',#8552,1.);
#8552 = DIRECTION('',(-0.956947494684,0.290261076305,0.));
#8553 = PLANE('',#8554);
#8554 = AXIS2_PLACEMENT_3D('',#8555,#8556,#8557);
#8555 = CARTESIAN_POINT('',(56.847849472931,62.637977972108,0.));
#8556 = DIRECTION('',(-0.290261076305,-0.956947494684,0.));
#8557 = DIRECTION('',(-0.956947494684,0.290261076305,0.));
#8558 = ADVANCED_FACE('',(#8559),#8577,.F.);
#8559 = FACE_BOUND('',#8560,.F.);
#8560 = EDGE_LOOP('',(#8561,#8569,#8570,#8571));
#8561 = ORIENTED_EDGE('',*,*,#8562,.T.);
#8562 = EDGE_CURVE('',#8563,#1103,#8565,.T.);
#8563 = VERTEX_POINT('',#8564);
#8564 = CARTESIAN_POINT('',(58.248801262686,62.5,0.));
#8565 = LINE('',#8566,#8567);
#8566 = CARTESIAN_POINT('',(58.248801262686,62.5,0.));
#8567 = VECTOR('',#8568,1.);
#8568 = DIRECTION('',(0.,0.,1.));
#8569 = ORIENTED_EDGE('',*,*,#1110,.T.);
#8570 = ORIENTED_EDGE('',*,*,#8538,.F.);
#8571 = ORIENTED_EDGE('',*,*,#8572,.F.);
#8572 = EDGE_CURVE('',#8563,#8539,#8573,.T.);
#8573 = LINE('',#8574,#8575);
#8574 = CARTESIAN_POINT('',(58.366134829085,62.48844396526,0.));
#8575 = VECTOR('',#8576,1.);
#8576 = DIRECTION('',(-0.995184985525,9.80145121187E-02,0.));
#8577 = PLANE('',#8578);
#8578 = AXIS2_PLACEMENT_3D('',#8579,#8580,#8581);
#8579 = CARTESIAN_POINT('',(58.248801262686,62.5,0.));
#8580 = DIRECTION('',(-9.80145121187E-02,-0.995184985525,0.));
#8581 = DIRECTION('',(-0.995184985525,9.80145121187E-02,0.));
#8582 = ADVANCED_FACE('',(#8583),#8601,.F.);
#8583 = FACE_BOUND('',#8584,.F.);
#8584 = EDGE_LOOP('',(#8585,#8593,#8594,#8595));
#8585 = ORIENTED_EDGE('',*,*,#8586,.T.);
#8586 = EDGE_CURVE('',#8587,#1094,#8589,.T.);
#8587 = VERTEX_POINT('',#8588);
#8588 = CARTESIAN_POINT('',(67.6867,62.5,0.));
#8589 = LINE('',#8590,#8591);
#8590 = CARTESIAN_POINT('',(67.6867,62.5,0.));
#8591 = VECTOR('',#8592,1.);
#8592 = DIRECTION('',(0.,0.,1.));
#8593 = ORIENTED_EDGE('',*,*,#1102,.T.);
#8594 = ORIENTED_EDGE('',*,*,#8562,.F.);
#8595 = ORIENTED_EDGE('',*,*,#8596,.F.);
#8596 = EDGE_CURVE('',#8587,#8563,#8597,.T.);
#8597 = LINE('',#8598,#8599);
#8598 = CARTESIAN_POINT('',(67.6867,62.5,0.));
#8599 = VECTOR('',#8600,1.);
#8600 = DIRECTION('',(-1.,0.,0.));
#8601 = PLANE('',#8602);
#8602 = AXIS2_PLACEMENT_3D('',#8603,#8604,#8605);
#8603 = CARTESIAN_POINT('',(67.6867,62.5,0.));
#8604 = DIRECTION('',(0.,-1.,0.));
#8605 = DIRECTION('',(-1.,0.,0.));
#8606 = ADVANCED_FACE('',(#8607),#8626,.T.);
#8607 = FACE_BOUND('',#8608,.T.);
#8608 = EDGE_LOOP('',(#8609,#8610,#8611,#8619));
#8609 = ORIENTED_EDGE('',*,*,#8586,.T.);
#8610 = ORIENTED_EDGE('',*,*,#1093,.T.);
#8611 = ORIENTED_EDGE('',*,*,#8612,.F.);
#8612 = EDGE_CURVE('',#8613,#1086,#8615,.T.);
#8613 = VERTEX_POINT('',#8614);
#8614 = CARTESIAN_POINT('',(67.80469028124,62.497097889852,0.));
#8615 = LINE('',#8616,#8617);
#8616 = CARTESIAN_POINT('',(67.80469028124,62.497097889852,0.));
#8617 = VECTOR('',#8618,1.);
#8618 = DIRECTION('',(0.,0.,1.));
#8619 = ORIENTED_EDGE('',*,*,#8620,.F.);
#8620 = EDGE_CURVE('',#8587,#8613,#8621,.T.);
#8621 = CIRCLE('',#8622,2.4);
#8622 = AXIS2_PLACEMENT_3D('',#8623,#8624,#8625);
#8623 = CARTESIAN_POINT('',(67.6867,60.1,0.));
#8624 = DIRECTION('',(0.,0.,-1.));
#8625 = DIRECTION('',(-1.,0.,0.));
#8626 = CYLINDRICAL_SURFACE('',#8627,2.4);
#8627 = AXIS2_PLACEMENT_3D('',#8628,#8629,#8630);
#8628 = CARTESIAN_POINT('',(67.6867,60.1,0.));
#8629 = DIRECTION('',(0.,0.,-1.));
#8630 = DIRECTION('',(-1.,0.,0.));
#8631 = ADVANCED_FACE('',(#8632),#8650,.F.);
#8632 = FACE_BOUND('',#8633,.F.);
#8633 = EDGE_LOOP('',(#8634,#8642,#8643,#8644));
#8634 = ORIENTED_EDGE('',*,*,#8635,.T.);
#8635 = EDGE_CURVE('',#8636,#1077,#8638,.T.);
#8636 = VERTEX_POINT('',#8637);
#8637 = CARTESIAN_POINT('',(68.19679028124,62.477797889852,0.));
#8638 = LINE('',#8639,#8640);
#8639 = CARTESIAN_POINT('',(68.19679028124,62.477797889852,0.));
#8640 = VECTOR('',#8641,1.);
#8641 = DIRECTION('',(0.,0.,1.));
#8642 = ORIENTED_EDGE('',*,*,#1085,.T.);
#8643 = ORIENTED_EDGE('',*,*,#8612,.F.);
#8644 = ORIENTED_EDGE('',*,*,#8645,.F.);
#8645 = EDGE_CURVE('',#8636,#8613,#8646,.T.);
#8646 = LINE('',#8647,#8648);
#8647 = CARTESIAN_POINT('',(68.19679028124,62.477797889852,0.));
#8648 = VECTOR('',#8649,1.);
#8649 = DIRECTION('',(-0.998790787438,4.916261718327E-02,0.));
#8650 = PLANE('',#8651);
#8651 = AXIS2_PLACEMENT_3D('',#8652,#8653,#8654);
#8652 = CARTESIAN_POINT('',(68.19679028124,62.477797889852,0.));
#8653 = DIRECTION('',(-4.916261718327E-02,-0.998790787438,0.));
#8654 = DIRECTION('',(-0.998790787438,4.916261718327E-02,0.));
#8655 = ADVANCED_FACE('',(#8656),#8675,.T.);
#8656 = FACE_BOUND('',#8657,.T.);
#8657 = EDGE_LOOP('',(#8658,#8659,#8660,#8668));
#8658 = ORIENTED_EDGE('',*,*,#8635,.T.);
#8659 = ORIENTED_EDGE('',*,*,#1076,.T.);
#8660 = ORIENTED_EDGE('',*,*,#8661,.F.);
#8661 = EDGE_CURVE('',#8662,#1069,#8664,.T.);
#8662 = VERTEX_POINT('',#8663);
#8663 = CARTESIAN_POINT('',(68.546770928979,62.434633561006,0.));
#8664 = LINE('',#8665,#8666);
#8665 = CARTESIAN_POINT('',(68.546770928979,62.434633561006,0.));
#8666 = VECTOR('',#8667,1.);
#8667 = DIRECTION('',(0.,0.,1.));
#8668 = ORIENTED_EDGE('',*,*,#8669,.F.);
#8669 = EDGE_CURVE('',#8636,#8662,#8670,.T.);
#8670 = CIRCLE('',#8671,2.4);
#8671 = AXIS2_PLACEMENT_3D('',#8672,#8673,#8674);
#8672 = CARTESIAN_POINT('',(68.0788,60.0807,0.));
#8673 = DIRECTION('',(0.,0.,-1.));
#8674 = DIRECTION('',(-0.998790787438,4.916261718327E-02,0.));
#8675 = CYLINDRICAL_SURFACE('',#8676,2.4);
#8676 = AXIS2_PLACEMENT_3D('',#8677,#8678,#8679);
#8677 = CARTESIAN_POINT('',(68.0788,60.0807,0.));
#8678 = DIRECTION('',(0.,0.,-1.));
#8679 = DIRECTION('',(-0.998790787438,4.916261718327E-02,0.));
#8680 = ADVANCED_FACE('',(#8681),#8699,.F.);
#8681 = FACE_BOUND('',#8682,.F.);
#8682 = EDGE_LOOP('',(#8683,#8691,#8692,#8693));
#8683 = ORIENTED_EDGE('',*,*,#8684,.T.);
#8684 = EDGE_CURVE('',#8685,#1060,#8687,.T.);
#8685 = VERTEX_POINT('',#8686);
#8686 = CARTESIAN_POINT('',(69.315870928979,62.281733561006,0.));
#8687 = LINE('',#8688,#8689);
#8688 = CARTESIAN_POINT('',(69.315870928979,62.281733561006,0.));
#8689 = VECTOR('',#8690,1.);
#8690 = DIRECTION('',(0.,0.,1.));
#8691 = ORIENTED_EDGE('',*,*,#1068,.T.);
#8692 = ORIENTED_EDGE('',*,*,#8661,.F.);
#8693 = ORIENTED_EDGE('',*,*,#8694,.F.);
#8694 = EDGE_CURVE('',#8685,#8662,#8695,.T.);
#8695 = LINE('',#8696,#8697);
#8696 = CARTESIAN_POINT('',(69.315870928979,62.281733561006,0.));
#8697 = VECTOR('',#8698,1.);
#8698 = DIRECTION('',(-0.980805650419,0.194987887075,0.));
#8699 = PLANE('',#8700);
#8700 = AXIS2_PLACEMENT_3D('',#8701,#8702,#8703);
#8701 = CARTESIAN_POINT('',(69.315870928979,62.281733561006,0.));
#8702 = DIRECTION('',(-0.194987887075,-0.980805650419,0.));
#8703 = DIRECTION('',(-0.980805650419,0.194987887075,0.));
#8704 = ADVANCED_FACE('',(#8705),#8724,.T.);
#8705 = FACE_BOUND('',#8706,.T.);
#8706 = EDGE_LOOP('',(#8707,#8708,#8709,#8717));
#8707 = ORIENTED_EDGE('',*,*,#8684,.T.);
#8708 = ORIENTED_EDGE('',*,*,#1059,.T.);
#8709 = ORIENTED_EDGE('',*,*,#8710,.F.);
#8710 = EDGE_CURVE('',#8711,#1052,#8713,.T.);
#8711 = VERTEX_POINT('',#8712);
#8712 = CARTESIAN_POINT('',(69.766454394225,62.145063589393,0.));
#8713 = LINE('',#8714,#8715);
#8714 = CARTESIAN_POINT('',(69.766454394225,62.145063589393,0.));
#8715 = VECTOR('',#8716,1.);
#8716 = DIRECTION('',(0.,0.,1.));
#8717 = ORIENTED_EDGE('',*,*,#8718,.F.);
#8718 = EDGE_CURVE('',#8685,#8711,#8719,.T.);
#8719 = CIRCLE('',#8720,2.4);
#8720 = AXIS2_PLACEMENT_3D('',#8721,#8722,#8723);
#8721 = CARTESIAN_POINT('',(68.8479,59.9278,0.));
#8722 = DIRECTION('',(0.,0.,-1.));
#8723 = DIRECTION('',(-0.980805650419,0.194987887075,0.));
#8724 = CYLINDRICAL_SURFACE('',#8725,2.4);
#8725 = AXIS2_PLACEMENT_3D('',#8726,#8727,#8728);
#8726 = CARTESIAN_POINT('',(68.8479,59.9278,0.));
#8727 = DIRECTION('',(0.,0.,-1.));
#8728 = DIRECTION('',(-0.980805650419,0.194987887075,0.));
#8729 = ADVANCED_FACE('',(#8730),#8748,.F.);
#8730 = FACE_BOUND('',#8731,.F.);
#8731 = EDGE_LOOP('',(#8732,#8740,#8741,#8742));
#8732 = ORIENTED_EDGE('',*,*,#8733,.T.);
#8733 = EDGE_CURVE('',#8734,#1043,#8736,.T.);
#8734 = VERTEX_POINT('',#8735);
#8735 = CARTESIAN_POINT('',(70.490854394225,61.844963589393,0.));
#8736 = LINE('',#8737,#8738);
#8737 = CARTESIAN_POINT('',(70.490854394225,61.844963589393,0.));
#8738 = VECTOR('',#8739,1.);
#8739 = DIRECTION('',(0.,0.,1.));
#8740 = ORIENTED_EDGE('',*,*,#1051,.T.);
#8741 = ORIENTED_EDGE('',*,*,#8710,.F.);
#8742 = ORIENTED_EDGE('',*,*,#8743,.F.);
#8743 = EDGE_CURVE('',#8734,#8711,#8744,.T.);
#8744 = LINE('',#8745,#8746);
#8745 = CARTESIAN_POINT('',(70.490854394225,61.844963589393,0.));
#8746 = VECTOR('',#8747,1.);
#8747 = DIRECTION('',(-0.923859828914,0.382730997594,0.));
#8748 = PLANE('',#8749);
#8749 = AXIS2_PLACEMENT_3D('',#8750,#8751,#8752);
#8750 = CARTESIAN_POINT('',(70.490854394225,61.844963589393,0.));
#8751 = DIRECTION('',(-0.382730997594,-0.923859828914,0.));
#8752 = DIRECTION('',(-0.923859828914,0.382730997594,0.));
#8753 = ADVANCED_FACE('',(#8754),#8773,.T.);
#8754 = FACE_BOUND('',#8755,.T.);
#8755 = EDGE_LOOP('',(#8756,#8757,#8758,#8766));
#8756 = ORIENTED_EDGE('',*,*,#8733,.T.);
#8757 = ORIENTED_EDGE('',*,*,#1042,.T.);
#8758 = ORIENTED_EDGE('',*,*,#8759,.F.);
#8759 = EDGE_CURVE('',#8760,#1035,#8762,.T.);
#8760 = VERTEX_POINT('',#8761);
#8761 = CARTESIAN_POINT('',(70.905769120597,61.623159872915,0.));
#8762 = LINE('',#8763,#8764);
#8763 = CARTESIAN_POINT('',(70.905769120597,61.623159872915,0.));
#8764 = VECTOR('',#8765,1.);
#8765 = DIRECTION('',(0.,0.,1.));
#8766 = ORIENTED_EDGE('',*,*,#8767,.F.);
#8767 = EDGE_CURVE('',#8734,#8760,#8768,.T.);
#8768 = CIRCLE('',#8769,2.4);
#8769 = AXIS2_PLACEMENT_3D('',#8770,#8771,#8772);
#8770 = CARTESIAN_POINT('',(69.5723,59.6277,0.));
#8771 = DIRECTION('',(0.,0.,-1.));
#8772 = DIRECTION('',(-0.923859828914,0.382730997594,0.));
#8773 = CYLINDRICAL_SURFACE('',#8774,2.4);
#8774 = AXIS2_PLACEMENT_3D('',#8775,#8776,#8777);
#8775 = CARTESIAN_POINT('',(69.5723,59.6277,0.));
#8776 = DIRECTION('',(0.,0.,-1.));
#8777 = DIRECTION('',(-0.923859828914,0.382730997594,0.));
#8778 = ADVANCED_FACE('',(#8779),#8797,.F.);
#8779 = FACE_BOUND('',#8780,.F.);
#8780 = EDGE_LOOP('',(#8781,#8789,#8790,#8791));
#8781 = ORIENTED_EDGE('',*,*,#8782,.T.);
#8782 = EDGE_CURVE('',#8783,#1026,#8785,.T.);
#8783 = VERTEX_POINT('',#8784);
#8784 = CARTESIAN_POINT('',(71.557769120597,61.187459872915,0.));
#8785 = LINE('',#8786,#8787);
#8786 = CARTESIAN_POINT('',(71.557769120597,61.187459872915,0.));
#8787 = VECTOR('',#8788,1.);
#8788 = DIRECTION('',(0.,0.,1.));
#8789 = ORIENTED_EDGE('',*,*,#1034,.T.);
#8790 = ORIENTED_EDGE('',*,*,#8759,.F.);
#8791 = ORIENTED_EDGE('',*,*,#8792,.F.);
#8792 = EDGE_CURVE('',#8783,#8760,#8793,.T.);
#8793 = LINE('',#8794,#8795);
#8794 = CARTESIAN_POINT('',(71.557769120597,61.187459872915,0.));
#8795 = VECTOR('',#8796,1.);
#8796 = DIRECTION('',(-0.831441613715,0.555612133582,0.));
#8797 = PLANE('',#8798);
#8798 = AXIS2_PLACEMENT_3D('',#8799,#8800,#8801);
#8799 = CARTESIAN_POINT('',(71.557769120597,61.187459872915,0.));
#8800 = DIRECTION('',(-0.555612133582,-0.831441613715,0.));
#8801 = DIRECTION('',(-0.831441613715,0.555612133582,0.));
#8802 = ADVANCED_FACE('',(#8803),#8822,.T.);
#8803 = FACE_BOUND('',#8804,.T.);
#8804 = EDGE_LOOP('',(#8805,#8806,#8807,#8815));
#8805 = ORIENTED_EDGE('',*,*,#8782,.T.);
#8806 = ORIENTED_EDGE('',*,*,#1025,.T.);
#8807 = ORIENTED_EDGE('',*,*,#8808,.F.);
#8808 = EDGE_CURVE('',#8809,#1018,#8811,.T.);
#8809 = VERTEX_POINT('',#8810);
#8810 = CARTESIAN_POINT('',(71.746690604794,61.047350868821,0.));
#8811 = LINE('',#8812,#8813);
#8812 = CARTESIAN_POINT('',(71.746690604794,61.047350868821,0.));
#8813 = VECTOR('',#8814,1.);
#8814 = DIRECTION('',(0.,0.,1.));
#8815 = ORIENTED_EDGE('',*,*,#8816,.F.);
#8816 = EDGE_CURVE('',#8783,#8809,#8817,.T.);
#8817 = CIRCLE('',#8818,2.4);
#8818 = AXIS2_PLACEMENT_3D('',#8819,#8820,#8821);
#8819 = CARTESIAN_POINT('',(70.2243,59.192,0.));
#8820 = DIRECTION('',(0.,0.,-1.));
#8821 = DIRECTION('',(-0.831441613715,0.555612133582,0.));
#8822 = CYLINDRICAL_SURFACE('',#8823,2.4);
#8823 = AXIS2_PLACEMENT_3D('',#8824,#8825,#8826);
#8824 = CARTESIAN_POINT('',(70.2243,59.192,0.));
#8825 = DIRECTION('',(0.,0.,-1.));
#8826 = DIRECTION('',(-0.831441613715,0.555612133582,0.));
#8827 = ADVANCED_FACE('',(#8828),#8846,.F.);
#8828 = FACE_BOUND('',#8829,.F.);
#8829 = EDGE_LOOP('',(#8830,#8838,#8839,#8840));
#8830 = ORIENTED_EDGE('',*,*,#8831,.T.);
#8831 = EDGE_CURVE('',#8832,#1010,#8834,.T.);
#8832 = VERTEX_POINT('',#8833);
#8833 = CARTESIAN_POINT('',(71.841550351714,60.969514600808,0.));
#8834 = LINE('',#8835,#8836);
#8835 = CARTESIAN_POINT('',(71.841550351714,60.969514600808,0.));
#8836 = VECTOR('',#8837,1.);
#8837 = DIRECTION('',(0.,0.,1.));
#8838 = ORIENTED_EDGE('',*,*,#1017,.T.);
#8839 = ORIENTED_EDGE('',*,*,#8808,.F.);
#8840 = ORIENTED_EDGE('',*,*,#8841,.F.);
#8841 = EDGE_CURVE('',#8832,#8809,#8842,.T.);
#8842 = LINE('',#8843,#8844);
#8843 = CARTESIAN_POINT('',(72.024190604794,60.819650868821,0.));
#8844 = VECTOR('',#8845,1.);
#8845 = DIRECTION('',(-0.773062862009,0.634329418664,0.));
#8846 = PLANE('',#8847);
#8847 = AXIS2_PLACEMENT_3D('',#8848,#8849,#8850);
#8848 = CARTESIAN_POINT('',(71.841550351714,60.969514600808,0.));
#8849 = DIRECTION('',(-0.634329418664,-0.773062862009,0.));
#8850 = DIRECTION('',(-0.773062862009,0.634329418664,0.));
#8851 = ADVANCED_FACE('',(#8852),#8870,.F.);
#8852 = FACE_BOUND('',#8853,.F.);
#8853 = EDGE_LOOP('',(#8854,#8862,#8863,#8864));
#8854 = ORIENTED_EDGE('',*,*,#8855,.T.);
#8855 = EDGE_CURVE('',#8856,#1002,#8858,.T.);
#8856 = VERTEX_POINT('',#8857);
#8857 = CARTESIAN_POINT('',(72.80438069102,60.454846647457,0.));
#8858 = LINE('',#8859,#8860);
#8859 = CARTESIAN_POINT('',(72.80438069102,60.454846647457,0.));
#8860 = VECTOR('',#8861,1.);
#8861 = DIRECTION('',(0.,0.,1.));
#8862 = ORIENTED_EDGE('',*,*,#1009,.T.);
#8863 = ORIENTED_EDGE('',*,*,#8831,.F.);
#8864 = ORIENTED_EDGE('',*,*,#8865,.F.);
#8865 = EDGE_CURVE('',#8856,#8832,#8866,.T.);
#8866 = LINE('',#8867,#8868);
#8867 = CARTESIAN_POINT('',(73.012893912961,60.343388720965,0.));
#8868 = VECTOR('',#8869,1.);
#8869 = DIRECTION('',(-0.881911967069,0.4714141304,0.));
#8870 = PLANE('',#8871);
#8871 = AXIS2_PLACEMENT_3D('',#8872,#8873,#8874);
#8872 = CARTESIAN_POINT('',(72.80438069102,60.454846647457,0.));
#8873 = DIRECTION('',(-0.4714141304,-0.881911967069,0.));
#8874 = DIRECTION('',(-0.881911967069,0.4714141304,0.));
#8875 = ADVANCED_FACE('',(#8876),#8894,.F.);
#8876 = FACE_BOUND('',#8877,.F.);
#8877 = EDGE_LOOP('',(#8878,#8886,#8887,#8888));
#8878 = ORIENTED_EDGE('',*,*,#8879,.T.);
#8879 = EDGE_CURVE('',#8880,#994,#8882,.T.);
#8880 = VERTEX_POINT('',#8881);
#8881 = CARTESIAN_POINT('',(73.849049472931,60.137977972108,0.));
#8882 = LINE('',#8883,#8884);
#8883 = CARTESIAN_POINT('',(73.849049472931,60.137977972108,0.));
#8884 = VECTOR('',#8885,1.);
#8885 = DIRECTION('',(0.,0.,1.));
#8886 = ORIENTED_EDGE('',*,*,#1001,.T.);
#8887 = ORIENTED_EDGE('',*,*,#8855,.F.);
#8888 = ORIENTED_EDGE('',*,*,#8889,.F.);
#8889 = EDGE_CURVE('',#8880,#8856,#8890,.T.);
#8890 = LINE('',#8891,#8892);
#8891 = CARTESIAN_POINT('',(74.075226583132,60.069373987242,0.));
#8892 = VECTOR('',#8893,1.);
#8893 = DIRECTION('',(-0.956947494684,0.290261076305,0.));
#8894 = PLANE('',#8895);
#8895 = AXIS2_PLACEMENT_3D('',#8896,#8897,#8898);
#8896 = CARTESIAN_POINT('',(73.849049472931,60.137977972108,0.));
#8897 = DIRECTION('',(-0.290261076305,-0.956947494684,0.));
#8898 = DIRECTION('',(-0.956947494684,0.290261076305,0.));
#8899 = ADVANCED_FACE('',(#8900),#8918,.F.);
#8900 = FACE_BOUND('',#8901,.F.);
#8901 = EDGE_LOOP('',(#8902,#8910,#8911,#8912));
#8902 = ORIENTED_EDGE('',*,*,#8903,.T.);
#8903 = EDGE_CURVE('',#8904,#986,#8906,.T.);
#8904 = VERTEX_POINT('',#8905);
#8905 = CARTESIAN_POINT('',(75.250001262686,60.,0.));
#8906 = LINE('',#8907,#8908);
#8907 = CARTESIAN_POINT('',(75.250001262686,60.,0.));
#8908 = VECTOR('',#8909,1.);
#8909 = DIRECTION('',(0.,0.,1.));
#8910 = ORIENTED_EDGE('',*,*,#993,.T.);
#8911 = ORIENTED_EDGE('',*,*,#8879,.F.);
#8912 = ORIENTED_EDGE('',*,*,#8913,.F.);
#8913 = EDGE_CURVE('',#8904,#8880,#8914,.T.);
#8914 = LINE('',#8915,#8916);
#8915 = CARTESIAN_POINT('',(75.367334829085,59.98844396526,0.));
#8916 = VECTOR('',#8917,1.);
#8917 = DIRECTION('',(-0.995184985525,9.80145121187E-02,0.));
#8918 = PLANE('',#8919);
#8919 = AXIS2_PLACEMENT_3D('',#8920,#8921,#8922);
#8920 = CARTESIAN_POINT('',(75.250001262686,60.,0.));
#8921 = DIRECTION('',(-9.80145121187E-02,-0.995184985525,0.));
#8922 = DIRECTION('',(-0.995184985525,9.80145121187E-02,0.));
#8923 = ADVANCED_FACE('',(#8924),#8974,.F.);
#8924 = FACE_BOUND('',#8925,.F.);
#8925 = EDGE_LOOP('',(#8926,#8936,#8942,#8943,#8944,#8952,#8960,#8968));
#8926 = ORIENTED_EDGE('',*,*,#8927,.F.);
#8927 = EDGE_CURVE('',#8928,#8930,#8932,.T.);
#8928 = VERTEX_POINT('',#8929);
#8929 = CARTESIAN_POINT('',(79.818661861121,60.,0.));
#8930 = VERTEX_POINT('',#8931);
#8931 = CARTESIAN_POINT('',(76.968114574787,60.,0.));
#8932 = LINE('',#8933,#8934);
#8933 = CARTESIAN_POINT('',(79.8776,60.,0.));
#8934 = VECTOR('',#8935,1.);
#8935 = DIRECTION('',(-1.,0.,0.));
#8936 = ORIENTED_EDGE('',*,*,#8937,.T.);
#8937 = EDGE_CURVE('',#8928,#978,#8938,.T.);
#8938 = LINE('',#8939,#8940);
#8939 = CARTESIAN_POINT('',(79.818661861121,60.,0.));
#8940 = VECTOR('',#8941,1.);
#8941 = DIRECTION('',(0.,0.,1.));
#8942 = ORIENTED_EDGE('',*,*,#985,.T.);
#8943 = ORIENTED_EDGE('',*,*,#8903,.F.);
#8944 = ORIENTED_EDGE('',*,*,#8945,.F.);
#8945 = EDGE_CURVE('',#8946,#8904,#8948,.T.);
#8946 = VERTEX_POINT('',#8947);
#8947 = CARTESIAN_POINT('',(75.431885425213,60.,0.));
#8948 = LINE('',#8949,#8950);
#8949 = CARTESIAN_POINT('',(79.8776,60.,0.));
#8950 = VECTOR('',#8951,1.);
#8951 = DIRECTION('',(-1.,0.,0.));
#8952 = ORIENTED_EDGE('',*,*,#8953,.F.);
#8953 = EDGE_CURVE('',#8954,#8946,#8956,.T.);
#8954 = VERTEX_POINT('',#8955);
#8955 = CARTESIAN_POINT('',(75.431885425213,60.,7.4));
#8956 = LINE('',#8957,#8958);
#8957 = CARTESIAN_POINT('',(75.431885425213,60.,0.));
#8958 = VECTOR('',#8959,1.);
#8959 = DIRECTION('',(-0.,-0.,-1.));
#8960 = ORIENTED_EDGE('',*,*,#8961,.F.);
#8961 = EDGE_CURVE('',#8962,#8954,#8964,.T.);
#8962 = VERTEX_POINT('',#8963);
#8963 = CARTESIAN_POINT('',(76.968114574787,60.,7.4));
#8964 = LINE('',#8965,#8966);
#8965 = CARTESIAN_POINT('',(78.009330930561,60.,7.4));
#8966 = VECTOR('',#8967,1.);
#8967 = DIRECTION('',(-1.,0.,0.));
#8968 = ORIENTED_EDGE('',*,*,#8969,.T.);
#8969 = EDGE_CURVE('',#8962,#8930,#8970,.T.);
#8970 = LINE('',#8971,#8972);
#8971 = CARTESIAN_POINT('',(76.968114574787,60.,0.));
#8972 = VECTOR('',#8973,1.);
#8973 = DIRECTION('',(-0.,-0.,-1.));
#8974 = PLANE('',#8975);
#8975 = AXIS2_PLACEMENT_3D('',#8976,#8977,#8978);
#8976 = CARTESIAN_POINT('',(79.818661861121,60.,0.));
#8977 = DIRECTION('',(0.,-1.,0.));
#8978 = DIRECTION('',(-1.,0.,0.));
#8979 = ADVANCED_FACE('',(#8980),#8998,.F.);
#8980 = FACE_BOUND('',#8981,.F.);
#8981 = EDGE_LOOP('',(#8982,#8990,#8991,#8992));
#8982 = ORIENTED_EDGE('',*,*,#8983,.T.);
#8983 = EDGE_CURVE('',#8984,#970,#8986,.T.);
#8984 = VERTEX_POINT('',#8985);
#8985 = CARTESIAN_POINT('',(80.366413194173,60.026919104318,0.));
#8986 = LINE('',#8987,#8988);
#8987 = CARTESIAN_POINT('',(80.366413194173,60.026919104318,0.));
#8988 = VECTOR('',#8989,1.);
#8989 = DIRECTION('',(0.,0.,1.));
#8990 = ORIENTED_EDGE('',*,*,#977,.T.);
#8991 = ORIENTED_EDGE('',*,*,#8937,.F.);
#8992 = ORIENTED_EDGE('',*,*,#8993,.F.);
#8993 = EDGE_CURVE('',#8984,#8928,#8994,.T.);
#8994 = LINE('',#8995,#8996);
#8995 = CARTESIAN_POINT('',(80.543194767474,60.035606991185,0.));
#8996 = VECTOR('',#8997,1.);
#8997 = DIRECTION('',(-0.998794579661,-4.908551355237E-02,0.));
#8998 = PLANE('',#8999);
#8999 = AXIS2_PLACEMENT_3D('',#9000,#9001,#9002);
#9000 = CARTESIAN_POINT('',(80.366413194173,60.026919104318,0.));
#9001 = DIRECTION('',(4.908551355237E-02,-0.998794579661,0.));
#9002 = DIRECTION('',(-0.998794579661,-4.908551355237E-02,0.));
#9003 = ADVANCED_FACE('',(#9004),#9022,.F.);
#9004 = FACE_BOUND('',#9005,.F.);
#9005 = EDGE_LOOP('',(#9006,#9014,#9015,#9016));
#9006 = ORIENTED_EDGE('',*,*,#9007,.T.);
#9007 = EDGE_CURVE('',#9008,#962,#9010,.T.);
#9008 = VERTEX_POINT('',#9009);
#9009 = CARTESIAN_POINT('',(81.592465676453,60.270776922583,0.));
#9010 = LINE('',#9011,#9012);
#9011 = CARTESIAN_POINT('',(81.592465676453,60.270776922583,0.));
#9012 = VECTOR('',#9013,1.);
#9013 = DIRECTION('',(0.,0.,1.));
#9014 = ORIENTED_EDGE('',*,*,#969,.T.);
#9015 = ORIENTED_EDGE('',*,*,#8983,.F.);
#9016 = ORIENTED_EDGE('',*,*,#9017,.F.);
#9017 = EDGE_CURVE('',#9008,#8984,#9018,.T.);
#9018 = LINE('',#9019,#9020);
#9019 = CARTESIAN_POINT('',(81.824318655776,60.31689171988,0.));
#9020 = VECTOR('',#9021,1.);
#9021 = DIRECTION('',(-0.980788216617,-0.195075560093,0.));
#9022 = PLANE('',#9023);
#9023 = AXIS2_PLACEMENT_3D('',#9024,#9025,#9026);
#9024 = CARTESIAN_POINT('',(81.592465676453,60.270776922583,0.));
#9025 = DIRECTION('',(0.195075560093,-0.980788216617,0.));
#9026 = DIRECTION('',(-0.980788216617,-0.195075560093,0.));
#9027 = ADVANCED_FACE('',(#9028),#9046,.F.);
#9028 = FACE_BOUND('',#9029,.F.);
#9029 = EDGE_LOOP('',(#9030,#9038,#9039,#9040));
#9030 = ORIENTED_EDGE('',*,*,#9031,.T.);
#9031 = EDGE_CURVE('',#9032,#954,#9034,.T.);
#9032 = VERTEX_POINT('',#9033);
#9033 = CARTESIAN_POINT('',(82.601056482096,60.688545924478,0.));
#9034 = LINE('',#9035,#9036);
#9035 = CARTESIAN_POINT('',(82.601056482096,60.688545924478,0.));
#9036 = VECTOR('',#9037,1.);
#9037 = DIRECTION('',(0.,0.,1.));
#9038 = ORIENTED_EDGE('',*,*,#961,.T.);
#9039 = ORIENTED_EDGE('',*,*,#9007,.F.);
#9040 = ORIENTED_EDGE('',*,*,#9041,.F.);
#9041 = EDGE_CURVE('',#9032,#9008,#9042,.T.);
#9042 = LINE('',#9043,#9044);
#9043 = CARTESIAN_POINT('',(82.819465370523,60.779013201011,0.));
#9044 = VECTOR('',#9045,1.);
#9045 = DIRECTION('',(-0.923880500421,-0.382681095615,0.));
#9046 = PLANE('',#9047);
#9047 = AXIS2_PLACEMENT_3D('',#9048,#9049,#9050);
#9048 = CARTESIAN_POINT('',(82.601056482096,60.688545924478,0.));
#9049 = DIRECTION('',(0.382681095615,-0.923880500421,0.));
#9050 = DIRECTION('',(-0.923880500421,-0.382681095615,0.));
#9051 = ADVANCED_FACE('',(#9052),#9070,.F.);
#9052 = FACE_BOUND('',#9053,.F.);
#9053 = EDGE_LOOP('',(#9054,#9062,#9063,#9064));
#9054 = ORIENTED_EDGE('',*,*,#9055,.T.);
#9055 = EDGE_CURVE('',#9056,#946,#9058,.T.);
#9056 = VERTEX_POINT('',#9057);
#9057 = CARTESIAN_POINT('',(83.508774049302,61.295086598997,0.));
#9058 = LINE('',#9059,#9060);
#9059 = CARTESIAN_POINT('',(83.508774049302,61.295086598997,0.));
#9060 = VECTOR('',#9061,1.);
#9061 = DIRECTION('',(0.,0.,1.));
#9062 = ORIENTED_EDGE('',*,*,#953,.T.);
#9063 = ORIENTED_EDGE('',*,*,#9031,.F.);
#9064 = ORIENTED_EDGE('',*,*,#9065,.F.);
#9065 = EDGE_CURVE('',#9056,#9032,#9066,.T.);
#9066 = LINE('',#9067,#9068);
#9067 = CARTESIAN_POINT('',(83.705296200932,61.426403522581,0.));
#9068 = VECTOR('',#9069,1.);
#9069 = DIRECTION('',(-0.831459801075,-0.555584916278,0.));
#9070 = PLANE('',#9071);
#9071 = AXIS2_PLACEMENT_3D('',#9072,#9073,#9074);
#9072 = CARTESIAN_POINT('',(83.508774049302,61.295086598997,0.));
#9073 = DIRECTION('',(0.555584916278,-0.831459801075,0.));
#9074 = DIRECTION('',(-0.831459801075,-0.555584916278,0.));
#9075 = ADVANCED_FACE('',(#9076),#9094,.F.);
#9076 = FACE_BOUND('',#9077,.F.);
#9077 = EDGE_LOOP('',(#9078,#9086,#9087,#9088));
#9078 = ORIENTED_EDGE('',*,*,#9079,.T.);
#9079 = EDGE_CURVE('',#9080,#937,#9082,.T.);
#9080 = VERTEX_POINT('',#9081);
#9081 = CARTESIAN_POINT('',(83.739143725152,61.525456274848,0.));
#9082 = LINE('',#9083,#9084);
#9083 = CARTESIAN_POINT('',(83.739143725152,61.525456274848,0.));
#9084 = VECTOR('',#9085,1.);
#9085 = DIRECTION('',(0.,0.,1.));
#9086 = ORIENTED_EDGE('',*,*,#945,.T.);
#9087 = ORIENTED_EDGE('',*,*,#9055,.F.);
#9088 = ORIENTED_EDGE('',*,*,#9089,.F.);
#9089 = EDGE_CURVE('',#9080,#9056,#9090,.T.);
#9090 = LINE('',#9091,#9092);
#9091 = CARTESIAN_POINT('',(83.739143725152,61.525456274848,0.));
#9092 = VECTOR('',#9093,1.);
#9093 = DIRECTION('',(-0.707106781187,-0.707106781187,0.));
#9094 = PLANE('',#9095);
#9095 = AXIS2_PLACEMENT_3D('',#9096,#9097,#9098);
#9096 = CARTESIAN_POINT('',(83.739143725152,61.525456274848,0.));
#9097 = DIRECTION('',(0.707106781187,-0.707106781187,0.));
#9098 = DIRECTION('',(-0.707106781187,-0.707106781187,0.));
#9099 = ADVANCED_FACE('',(#9100),#9119,.T.);
#9100 = FACE_BOUND('',#9101,.T.);
#9101 = EDGE_LOOP('',(#9102,#9103,#9104,#9112));
#9102 = ORIENTED_EDGE('',*,*,#9079,.T.);
#9103 = ORIENTED_EDGE('',*,*,#936,.T.);
#9104 = ORIENTED_EDGE('',*,*,#9105,.F.);
#9105 = EDGE_CURVE('',#9106,#929,#9108,.T.);
#9106 = VERTEX_POINT('',#9107);
#9107 = CARTESIAN_POINT('',(83.913647857645,61.683618308936,0.));
#9108 = LINE('',#9109,#9110);
#9109 = CARTESIAN_POINT('',(83.913647857645,61.683618308936,0.));
#9110 = VECTOR('',#9111,1.);
#9111 = DIRECTION('',(0.,0.,1.));
#9112 = ORIENTED_EDGE('',*,*,#9113,.F.);
#9113 = EDGE_CURVE('',#9080,#9106,#9114,.T.);
#9114 = CIRCLE('',#9115,2.4);
#9115 = AXIS2_PLACEMENT_3D('',#9116,#9117,#9118);
#9116 = CARTESIAN_POINT('',(85.4362,59.8284,0.));
#9117 = DIRECTION('',(-0.,0.,-1.));
#9118 = DIRECTION('',(-0.707106781187,-0.707106781187,0.));
#9119 = CYLINDRICAL_SURFACE('',#9120,2.4);
#9120 = AXIS2_PLACEMENT_3D('',#9121,#9122,#9123);
#9121 = CARTESIAN_POINT('',(85.4362,59.8284,0.));
#9122 = DIRECTION('',(0.,0.,-1.));
#9123 = DIRECTION('',(-0.707106781187,-0.707106781187,0.));
#9124 = ADVANCED_FACE('',(#9125),#9143,.F.);
#9125 = FACE_BOUND('',#9126,.F.);
#9126 = EDGE_LOOP('',(#9127,#9135,#9136,#9137));
#9127 = ORIENTED_EDGE('',*,*,#9128,.T.);
#9128 = EDGE_CURVE('',#9129,#920,#9131,.T.);
#9129 = VERTEX_POINT('',#9130);
#9130 = CARTESIAN_POINT('',(84.519847857645,62.181118308936,0.));
#9131 = LINE('',#9132,#9133);
#9132 = CARTESIAN_POINT('',(84.519847857645,62.181118308936,0.));
#9133 = VECTOR('',#9134,1.);
#9134 = DIRECTION('',(0.,0.,1.));
#9135 = ORIENTED_EDGE('',*,*,#928,.T.);
#9136 = ORIENTED_EDGE('',*,*,#9105,.F.);
#9137 = ORIENTED_EDGE('',*,*,#9138,.F.);
#9138 = EDGE_CURVE('',#9129,#9106,#9139,.T.);
#9139 = LINE('',#9140,#9141);
#9140 = CARTESIAN_POINT('',(84.519847857645,62.181118308936,0.));
#9141 = VECTOR('',#9142,1.);
#9142 = DIRECTION('',(-0.773007628723,-0.634396725981,0.));
#9143 = PLANE('',#9144);
#9144 = AXIS2_PLACEMENT_3D('',#9145,#9146,#9147);
#9145 = CARTESIAN_POINT('',(84.519847857645,62.181118308936,0.));
#9146 = DIRECTION('',(0.634396725981,-0.773007628723,0.));
#9147 = DIRECTION('',(-0.773007628723,-0.634396725981,0.));
#9148 = ADVANCED_FACE('',(#9149),#9168,.T.);
#9149 = FACE_BOUND('',#9150,.T.);
#9150 = EDGE_LOOP('',(#9151,#9152,#9153,#9161));
#9151 = ORIENTED_EDGE('',*,*,#9128,.T.);
#9152 = ORIENTED_EDGE('',*,*,#919,.T.);
#9153 = ORIENTED_EDGE('',*,*,#9154,.F.);
#9154 = EDGE_CURVE('',#9155,#912,#9157,.T.);
#9155 = VERTEX_POINT('',#9156);
#9156 = CARTESIAN_POINT('',(84.911082234698,62.442529422906,0.));
#9157 = LINE('',#9158,#9159);
#9158 = CARTESIAN_POINT('',(84.911082234698,62.442529422906,0.));
#9159 = VECTOR('',#9160,1.);
#9160 = DIRECTION('',(0.,0.,1.));
#9161 = ORIENTED_EDGE('',*,*,#9162,.F.);
#9162 = EDGE_CURVE('',#9129,#9155,#9163,.T.);
#9163 = CIRCLE('',#9164,2.4);
#9164 = AXIS2_PLACEMENT_3D('',#9165,#9166,#9167);
#9165 = CARTESIAN_POINT('',(86.0424,60.3259,0.));
#9166 = DIRECTION('',(-0.,0.,-1.));
#9167 = DIRECTION('',(-0.773007628723,-0.634396725981,0.));
#9168 = CYLINDRICAL_SURFACE('',#9169,2.4);
#9169 = AXIS2_PLACEMENT_3D('',#9170,#9171,#9172);
#9170 = CARTESIAN_POINT('',(86.0424,60.3259,0.));
#9171 = DIRECTION('',(0.,0.,-1.));
#9172 = DIRECTION('',(-0.773007628723,-0.634396725981,0.));
#9173 = ADVANCED_FACE('',(#9174),#9192,.F.);
#9174 = FACE_BOUND('',#9175,.F.);
#9175 = EDGE_LOOP('',(#9176,#9184,#9185,#9186));
#9176 = ORIENTED_EDGE('',*,*,#9177,.T.);
#9177 = EDGE_CURVE('',#9178,#903,#9180,.T.);
#9178 = VERTEX_POINT('',#9179);
#9179 = CARTESIAN_POINT('',(85.602582234698,62.812129422906,0.));
#9180 = LINE('',#9181,#9182);
#9181 = CARTESIAN_POINT('',(85.602582234698,62.812129422906,0.));
#9182 = VECTOR('',#9183,1.);
#9183 = DIRECTION('',(0.,0.,1.));
#9184 = ORIENTED_EDGE('',*,*,#911,.T.);
#9185 = ORIENTED_EDGE('',*,*,#9154,.F.);
#9186 = ORIENTED_EDGE('',*,*,#9187,.F.);
#9187 = EDGE_CURVE('',#9178,#9155,#9188,.T.);
#9188 = LINE('',#9189,#9190);
#9189 = CARTESIAN_POINT('',(85.602582234698,62.812129422906,0.));
#9190 = VECTOR('',#9191,1.);
#9191 = DIRECTION('',(-0.881928926211,-0.471382402209,0.));
#9192 = PLANE('',#9193);
#9193 = AXIS2_PLACEMENT_3D('',#9194,#9195,#9196);
#9194 = CARTESIAN_POINT('',(85.602582234698,62.812129422906,0.));
#9195 = DIRECTION('',(0.471382402209,-0.881928926211,0.));
#9196 = DIRECTION('',(-0.881928926211,-0.471382402209,0.));
#9197 = ADVANCED_FACE('',(#9198),#9217,.T.);
#9198 = FACE_BOUND('',#9199,.T.);
#9199 = EDGE_LOOP('',(#9200,#9201,#9202,#9210));
#9200 = ORIENTED_EDGE('',*,*,#9177,.T.);
#9201 = ORIENTED_EDGE('',*,*,#902,.T.);
#9202 = ORIENTED_EDGE('',*,*,#9203,.F.);
#9203 = EDGE_CURVE('',#9204,#895,#9206,.T.);
#9204 = VERTEX_POINT('',#9205);
#9205 = CARTESIAN_POINT('',(86.037304643897,62.992183458785,0.));
#9206 = LINE('',#9207,#9208);
#9207 = CARTESIAN_POINT('',(86.037304643897,62.992183458785,0.));
#9208 = VECTOR('',#9209,1.);
#9209 = DIRECTION('',(0.,0.,1.));
#9210 = ORIENTED_EDGE('',*,*,#9211,.F.);
#9211 = EDGE_CURVE('',#9178,#9204,#9212,.T.);
#9212 = CIRCLE('',#9213,2.4);
#9213 = AXIS2_PLACEMENT_3D('',#9214,#9215,#9216);
#9214 = CARTESIAN_POINT('',(86.7339,60.6955,0.));
#9215 = DIRECTION('',(-0.,0.,-1.));
#9216 = DIRECTION('',(-0.881928926211,-0.471382402209,0.));
#9217 = CYLINDRICAL_SURFACE('',#9218,2.4);
#9218 = AXIS2_PLACEMENT_3D('',#9219,#9220,#9221);
#9219 = CARTESIAN_POINT('',(86.7339,60.6955,0.));
#9220 = DIRECTION('',(0.,0.,-1.));
#9221 = DIRECTION('',(-0.881928926211,-0.471382402209,0.));
#9222 = ADVANCED_FACE('',(#9223),#9241,.F.);
#9223 = FACE_BOUND('',#9224,.F.);
#9224 = EDGE_LOOP('',(#9225,#9233,#9234,#9235));
#9225 = ORIENTED_EDGE('',*,*,#9226,.T.);
#9226 = EDGE_CURVE('',#9227,#886,#9229,.T.);
#9227 = VERTEX_POINT('',#9228);
#9228 = CARTESIAN_POINT('',(86.787704643897,63.219783458785,0.));
#9229 = LINE('',#9230,#9231);
#9230 = CARTESIAN_POINT('',(86.787704643897,63.219783458785,0.));
#9231 = VECTOR('',#9232,1.);
#9232 = DIRECTION('',(0.,0.,1.));
#9233 = ORIENTED_EDGE('',*,*,#894,.T.);
#9234 = ORIENTED_EDGE('',*,*,#9203,.F.);
#9235 = ORIENTED_EDGE('',*,*,#9236,.F.);
#9236 = EDGE_CURVE('',#9227,#9204,#9237,.T.);
#9237 = LINE('',#9238,#9239);
#9238 = CARTESIAN_POINT('',(86.787704643897,63.219783458785,0.));
#9239 = VECTOR('',#9240,1.);
#9240 = DIRECTION('',(-0.95695144116,-0.290248065043,0.));
#9241 = PLANE('',#9242);
#9242 = AXIS2_PLACEMENT_3D('',#9243,#9244,#9245);
#9243 = CARTESIAN_POINT('',(86.787704643897,63.219783458785,0.));
#9244 = DIRECTION('',(0.290248065043,-0.95695144116,0.));
#9245 = DIRECTION('',(-0.95695144116,-0.290248065043,0.));
#9246 = ADVANCED_FACE('',(#9247),#9266,.T.);
#9247 = FACE_BOUND('',#9248,.T.);
#9248 = EDGE_LOOP('',(#9249,#9250,#9251,#9259));
#9249 = ORIENTED_EDGE('',*,*,#9226,.T.);
#9250 = ORIENTED_EDGE('',*,*,#885,.T.);
#9251 = ORIENTED_EDGE('',*,*,#9252,.F.);
#9252 = EDGE_CURVE('',#9253,#878,#9255,.T.);
#9253 = VERTEX_POINT('',#9254);
#9254 = CARTESIAN_POINT('',(87.24894577598,63.31153220319,0.));
#9255 = LINE('',#9256,#9257);
#9256 = CARTESIAN_POINT('',(87.24894577598,63.31153220319,0.));
#9257 = VECTOR('',#9258,1.);
#9258 = DIRECTION('',(0.,0.,1.));
#9259 = ORIENTED_EDGE('',*,*,#9260,.F.);
#9260 = EDGE_CURVE('',#9227,#9253,#9261,.T.);
#9261 = CIRCLE('',#9262,2.4);
#9262 = AXIS2_PLACEMENT_3D('',#9263,#9264,#9265);
#9263 = CARTESIAN_POINT('',(87.4843,60.9231,0.));
#9264 = DIRECTION('',(-0.,0.,-1.));
#9265 = DIRECTION('',(-0.95695144116,-0.290248065043,0.));
#9266 = CYLINDRICAL_SURFACE('',#9267,2.4);
#9267 = AXIS2_PLACEMENT_3D('',#9268,#9269,#9270);
#9268 = CARTESIAN_POINT('',(87.4843,60.9231,0.));
#9269 = DIRECTION('',(0.,0.,-1.));
#9270 = DIRECTION('',(-0.95695144116,-0.290248065043,0.));
#9271 = ADVANCED_FACE('',(#9272),#9290,.F.);
#9272 = FACE_BOUND('',#9273,.F.);
#9273 = EDGE_LOOP('',(#9274,#9282,#9283,#9284));
#9274 = ORIENTED_EDGE('',*,*,#9275,.T.);
#9275 = EDGE_CURVE('',#9276,#869,#9278,.T.);
#9276 = VERTEX_POINT('',#9277);
#9277 = CARTESIAN_POINT('',(88.02934577598,63.38843220319,0.));
#9278 = LINE('',#9279,#9280);
#9279 = CARTESIAN_POINT('',(88.02934577598,63.38843220319,0.));
#9280 = VECTOR('',#9281,1.);
#9281 = DIRECTION('',(0.,0.,1.));
#9282 = ORIENTED_EDGE('',*,*,#877,.T.);
#9283 = ORIENTED_EDGE('',*,*,#9252,.F.);
#9284 = ORIENTED_EDGE('',*,*,#9285,.F.);
#9285 = EDGE_CURVE('',#9276,#9253,#9286,.T.);
#9286 = LINE('',#9287,#9288);
#9287 = CARTESIAN_POINT('',(88.02934577598,63.38843220319,0.));
#9288 = VECTOR('',#9289,1.);
#9289 = DIRECTION('',(-0.995180084663,-9.80642600084E-02,0.));
#9290 = PLANE('',#9291);
#9291 = AXIS2_PLACEMENT_3D('',#9292,#9293,#9294);
#9292 = CARTESIAN_POINT('',(88.02934577598,63.38843220319,0.));
#9293 = DIRECTION('',(9.80642600084E-02,-0.995180084663,0.));
#9294 = DIRECTION('',(-0.995180084663,-9.80642600084E-02,0.));
#9295 = ADVANCED_FACE('',(#9296),#9315,.T.);
#9296 = FACE_BOUND('',#9297,.T.);
#9297 = EDGE_LOOP('',(#9298,#9299,#9300,#9308));
#9298 = ORIENTED_EDGE('',*,*,#9275,.T.);
#9299 = ORIENTED_EDGE('',*,*,#868,.T.);
#9300 = ORIENTED_EDGE('',*,*,#9301,.F.);
#9301 = EDGE_CURVE('',#9302,#861,#9304,.T.);
#9302 = VERTEX_POINT('',#9303);
#9303 = CARTESIAN_POINT('',(88.2647,63.4,0.));
#9304 = LINE('',#9305,#9306);
#9305 = CARTESIAN_POINT('',(88.2647,63.4,0.));
#9306 = VECTOR('',#9307,1.);
#9307 = DIRECTION('',(0.,0.,1.));
#9308 = ORIENTED_EDGE('',*,*,#9309,.F.);
#9309 = EDGE_CURVE('',#9276,#9302,#9310,.T.);
#9310 = CIRCLE('',#9311,2.4);
#9311 = AXIS2_PLACEMENT_3D('',#9312,#9313,#9314);
#9312 = CARTESIAN_POINT('',(88.2647,61.,0.));
#9313 = DIRECTION('',(-0.,0.,-1.));
#9314 = DIRECTION('',(-0.995180084663,-9.80642600084E-02,0.));
#9315 = CYLINDRICAL_SURFACE('',#9316,2.4);
#9316 = AXIS2_PLACEMENT_3D('',#9317,#9318,#9319);
#9317 = CARTESIAN_POINT('',(88.2647,61.,0.));
#9318 = DIRECTION('',(0.,0.,-1.));
#9319 = DIRECTION('',(-0.995180084663,-9.80642600084E-02,0.));
#9320 = ADVANCED_FACE('',(#9321),#9339,.F.);
#9321 = FACE_BOUND('',#9322,.F.);
#9322 = EDGE_LOOP('',(#9323,#9331,#9332,#9333));
#9323 = ORIENTED_EDGE('',*,*,#9324,.T.);
#9324 = EDGE_CURVE('',#9325,#852,#9327,.T.);
#9325 = VERTEX_POINT('',#9326);
#9326 = CARTESIAN_POINT('',(118.,63.4,0.));
#9327 = LINE('',#9328,#9329);
#9328 = CARTESIAN_POINT('',(118.,63.4,0.));
#9329 = VECTOR('',#9330,1.);
#9330 = DIRECTION('',(0.,0.,1.));
#9331 = ORIENTED_EDGE('',*,*,#860,.T.);
#9332 = ORIENTED_EDGE('',*,*,#9301,.F.);
#9333 = ORIENTED_EDGE('',*,*,#9334,.F.);
#9334 = EDGE_CURVE('',#9325,#9302,#9335,.T.);
#9335 = LINE('',#9336,#9337);
#9336 = CARTESIAN_POINT('',(118.,63.4,0.));
#9337 = VECTOR('',#9338,1.);
#9338 = DIRECTION('',(-1.,0.,0.));
#9339 = PLANE('',#9340);
#9340 = AXIS2_PLACEMENT_3D('',#9341,#9342,#9343);
#9341 = CARTESIAN_POINT('',(118.,63.4,0.));
#9342 = DIRECTION('',(0.,-1.,0.));
#9343 = DIRECTION('',(-1.,0.,0.));
#9344 = ADVANCED_FACE('',(#9345),#9381,.T.);
#9345 = FACE_BOUND('',#9346,.T.);
#9346 = EDGE_LOOP('',(#9347,#9356,#9357,#9358,#9366,#9375));
#9347 = ORIENTED_EDGE('',*,*,#9348,.F.);
#9348 = EDGE_CURVE('',#9325,#9349,#9351,.T.);
#9349 = VERTEX_POINT('',#9350);
#9350 = CARTESIAN_POINT('',(118.20079285711,63.391585714235,0.));
#9351 = CIRCLE('',#9352,2.4);
#9352 = AXIS2_PLACEMENT_3D('',#9353,#9354,#9355);
#9353 = CARTESIAN_POINT('',(118.,61.,0.));
#9354 = DIRECTION('',(0.,0.,-1.));
#9355 = DIRECTION('',(-1.,0.,0.));
#9356 = ORIENTED_EDGE('',*,*,#9324,.T.);
#9357 = ORIENTED_EDGE('',*,*,#851,.T.);
#9358 = ORIENTED_EDGE('',*,*,#9359,.F.);
#9359 = EDGE_CURVE('',#9360,#844,#9362,.T.);
#9360 = VERTEX_POINT('',#9361);
#9361 = CARTESIAN_POINT('',(118.23547375693,63.388420421491,7.4));
#9362 = LINE('',#9363,#9364);
#9363 = CARTESIAN_POINT('',(118.23547375693,63.388420421491,0.));
#9364 = VECTOR('',#9365,1.);
#9365 = DIRECTION('',(0.,0.,1.));
#9366 = ORIENTED_EDGE('',*,*,#9367,.F.);
#9367 = EDGE_CURVE('',#9368,#9360,#9370,.T.);
#9368 = VERTEX_POINT('',#9369);
#9369 = CARTESIAN_POINT('',(118.20079285711,63.391585714234,7.4));
#9370 = CIRCLE('',#9371,2.4);
#9371 = AXIS2_PLACEMENT_3D('',#9372,#9373,#9374);
#9372 = CARTESIAN_POINT('',(118.,61.,7.4));
#9373 = DIRECTION('',(0.,0.,-1.));
#9374 = DIRECTION('',(-1.,0.,0.));
#9375 = ORIENTED_EDGE('',*,*,#9376,.T.);
#9376 = EDGE_CURVE('',#9368,#9349,#9377,.T.);
#9377 = LINE('',#9378,#9379);
#9378 = CARTESIAN_POINT('',(118.20079285711,63.391585714235,0.));
#9379 = VECTOR('',#9380,1.);
#9380 = DIRECTION('',(0.,0.,-1.));
#9381 = CYLINDRICAL_SURFACE('',#9382,2.4);
#9382 = AXIS2_PLACEMENT_3D('',#9383,#9384,#9385);
#9383 = CARTESIAN_POINT('',(118.,61.,0.));
#9384 = DIRECTION('',(0.,0.,-1.));
#9385 = DIRECTION('',(-1.,0.,0.));
#9386 = ADVANCED_FACE('',(#9387),#9428,.F.);
#9387 = FACE_BOUND('',#9388,.F.);
#9388 = EDGE_LOOP('',(#9389,#9399,#9405,#9406,#9414,#9422));
#9389 = ORIENTED_EDGE('',*,*,#9390,.F.);
#9390 = EDGE_CURVE('',#9391,#9393,#9395,.T.);
#9391 = VERTEX_POINT('',#9392);
#9392 = CARTESIAN_POINT('',(121.35395432477,62.442189064994,0.));
#9393 = VERTEX_POINT('',#9394);
#9394 = CARTESIAN_POINT('',(121.22699698856,62.51009562283,0.));
#9395 = LINE('',#9396,#9397);
#9396 = CARTESIAN_POINT('',(121.35395432477,62.442189064994,0.));
#9397 = VECTOR('',#9398,1.);
#9398 = DIRECTION('',(-0.881787110414,0.471647635324,0.));
#9399 = ORIENTED_EDGE('',*,*,#9400,.T.);
#9400 = EDGE_CURVE('',#9391,#801,#9401,.T.);
#9401 = LINE('',#9402,#9403);
#9402 = CARTESIAN_POINT('',(121.35395432477,62.442189064994,0.));
#9403 = VECTOR('',#9404,1.);
#9404 = DIRECTION('',(0.,0.,1.));
#9405 = ORIENTED_EDGE('',*,*,#809,.T.);
#9406 = ORIENTED_EDGE('',*,*,#9407,.F.);
#9407 = EDGE_CURVE('',#9408,#810,#9410,.T.);
#9408 = VERTEX_POINT('',#9409);
#9409 = CARTESIAN_POINT('',(120.66295432477,62.811789064994,7.4));
#9410 = LINE('',#9411,#9412);
#9411 = CARTESIAN_POINT('',(120.66295432477,62.811789064994,0.));
#9412 = VECTOR('',#9413,1.);
#9413 = DIRECTION('',(0.,0.,1.));
#9414 = ORIENTED_EDGE('',*,*,#9415,.F.);
#9415 = EDGE_CURVE('',#9416,#9408,#9418,.T.);
#9416 = VERTEX_POINT('',#9417);
#9417 = CARTESIAN_POINT('',(121.22699698856,62.51009562283,7.4));
#9418 = LINE('',#9419,#9420);
#9419 = CARTESIAN_POINT('',(120.84266871761,62.715663971517,7.4));
#9420 = VECTOR('',#9421,1.);
#9421 = DIRECTION('',(-0.881787110414,0.471647635324,0.));
#9422 = ORIENTED_EDGE('',*,*,#9423,.T.);
#9423 = EDGE_CURVE('',#9416,#9393,#9424,.T.);
#9424 = LINE('',#9425,#9426);
#9425 = CARTESIAN_POINT('',(121.22699698856,62.51009562283,0.));
#9426 = VECTOR('',#9427,1.);
#9427 = DIRECTION('',(-0.,-0.,-1.));
#9428 = PLANE('',#9429);
#9429 = AXIS2_PLACEMENT_3D('',#9430,#9431,#9432);
#9430 = CARTESIAN_POINT('',(121.35395432477,62.442189064994,0.));
#9431 = DIRECTION('',(-0.471647635324,-0.881787110414,0.));
#9432 = DIRECTION('',(-0.881787110414,0.471647635324,0.));
#9433 = ADVANCED_FACE('',(#9434),#9453,.T.);
#9434 = FACE_BOUND('',#9435,.T.);
#9435 = EDGE_LOOP('',(#9436,#9437,#9438,#9446));
#9436 = ORIENTED_EDGE('',*,*,#9400,.T.);
#9437 = ORIENTED_EDGE('',*,*,#800,.T.);
#9438 = ORIENTED_EDGE('',*,*,#9439,.F.);
#9439 = EDGE_CURVE('',#9440,#793,#9442,.T.);
#9440 = VERTEX_POINT('',#9441);
#9441 = CARTESIAN_POINT('',(121.74485234228,62.180871898335,0.));
#9442 = LINE('',#9443,#9444);
#9443 = CARTESIAN_POINT('',(121.74485234228,62.180871898335,0.));
#9444 = VECTOR('',#9445,1.);
#9445 = DIRECTION('',(0.,0.,1.));
#9446 = ORIENTED_EDGE('',*,*,#9447,.F.);
#9447 = EDGE_CURVE('',#9391,#9440,#9448,.T.);
#9448 = CIRCLE('',#9449,2.4);
#9449 = AXIS2_PLACEMENT_3D('',#9450,#9451,#9452);
#9450 = CARTESIAN_POINT('',(120.222,60.3259,0.));
#9451 = DIRECTION('',(0.,0.,-1.));
#9452 = DIRECTION('',(-0.881787110414,0.471647635324,0.));
#9453 = CYLINDRICAL_SURFACE('',#9454,2.4);
#9454 = AXIS2_PLACEMENT_3D('',#9455,#9456,#9457);
#9455 = CARTESIAN_POINT('',(120.222,60.3259,0.));
#9456 = DIRECTION('',(0.,0.,-1.));
#9457 = DIRECTION('',(-0.881787110414,0.471647635324,0.));
#9458 = ADVANCED_FACE('',(#9459),#9477,.F.);
#9459 = FACE_BOUND('',#9460,.F.);
#9460 = EDGE_LOOP('',(#9461,#9469,#9470,#9471));
#9461 = ORIENTED_EDGE('',*,*,#9462,.T.);
#9462 = EDGE_CURVE('',#9463,#784,#9465,.T.);
#9463 = VERTEX_POINT('',#9464);
#9464 = CARTESIAN_POINT('',(122.35085234228,61.683371898335,0.));
#9465 = LINE('',#9466,#9467);
#9466 = CARTESIAN_POINT('',(122.35085234228,61.683371898335,0.));
#9467 = VECTOR('',#9468,1.);
#9468 = DIRECTION('',(0.,0.,1.));
#9469 = ORIENTED_EDGE('',*,*,#792,.T.);
#9470 = ORIENTED_EDGE('',*,*,#9439,.F.);
#9471 = ORIENTED_EDGE('',*,*,#9472,.F.);
#9472 = EDGE_CURVE('',#9463,#9440,#9473,.T.);
#9473 = LINE('',#9474,#9475);
#9474 = CARTESIAN_POINT('',(122.35085234228,61.683371898335,0.));
#9475 = VECTOR('',#9476,1.);
#9476 = DIRECTION('',(-0.77290495764,0.634521809283,0.));
#9477 = PLANE('',#9478);
#9478 = AXIS2_PLACEMENT_3D('',#9479,#9480,#9481);
#9479 = CARTESIAN_POINT('',(122.35085234228,61.683371898335,0.));
#9480 = DIRECTION('',(-0.634521809283,-0.77290495764,0.));
#9481 = DIRECTION('',(-0.77290495764,0.634521809283,0.));
#9482 = ADVANCED_FACE('',(#9483),#9502,.T.);
#9483 = FACE_BOUND('',#9484,.T.);
#9484 = EDGE_LOOP('',(#9485,#9486,#9487,#9495));
#9485 = ORIENTED_EDGE('',*,*,#9462,.T.);
#9486 = ORIENTED_EDGE('',*,*,#783,.T.);
#9487 = ORIENTED_EDGE('',*,*,#9488,.F.);
#9488 = EDGE_CURVE('',#9489,#776,#9491,.T.);
#9489 = VERTEX_POINT('',#9490);
#9490 = CARTESIAN_POINT('',(122.68234470049,61.352016005352,0.));
#9491 = LINE('',#9492,#9493);
#9492 = CARTESIAN_POINT('',(122.68234470049,61.352016005352,0.));
#9493 = VECTOR('',#9494,1.);
#9494 = DIRECTION('',(0.,0.,1.));
#9495 = ORIENTED_EDGE('',*,*,#9496,.F.);
#9496 = EDGE_CURVE('',#9463,#9489,#9497,.T.);
#9497 = CIRCLE('',#9498,2.4);
#9498 = AXIS2_PLACEMENT_3D('',#9499,#9500,#9501);
#9499 = CARTESIAN_POINT('',(120.828,59.8284,0.));
#9500 = DIRECTION('',(0.,0.,-1.));
#9501 = DIRECTION('',(-0.77290495764,0.634521809283,0.));
#9502 = CYLINDRICAL_SURFACE('',#9503,2.4);
#9503 = AXIS2_PLACEMENT_3D('',#9504,#9505,#9506);
#9504 = CARTESIAN_POINT('',(120.828,59.8284,0.));
#9505 = DIRECTION('',(0.,0.,-1.));
#9506 = DIRECTION('',(-0.77290495764,0.634521809283,0.));
#9507 = ADVANCED_FACE('',(#9508),#9526,.F.);
#9508 = FACE_BOUND('',#9509,.F.);
#9509 = EDGE_LOOP('',(#9510,#9518,#9519,#9520));
#9510 = ORIENTED_EDGE('',*,*,#9511,.T.);
#9511 = EDGE_CURVE('',#9512,#767,#9514,.T.);
#9512 = VERTEX_POINT('',#9513);
#9513 = CARTESIAN_POINT('',(123.18034470049,60.745916005352,0.));
#9514 = LINE('',#9515,#9516);
#9515 = CARTESIAN_POINT('',(123.18034470049,60.745916005352,0.));
#9516 = VECTOR('',#9517,1.);
#9517 = DIRECTION('',(0.,0.,1.));
#9518 = ORIENTED_EDGE('',*,*,#775,.T.);
#9519 = ORIENTED_EDGE('',*,*,#9488,.F.);
#9520 = ORIENTED_EDGE('',*,*,#9521,.F.);
#9521 = EDGE_CURVE('',#9512,#9489,#9522,.T.);
#9522 = LINE('',#9523,#9524);
#9523 = CARTESIAN_POINT('',(123.18034470049,60.745916005352,0.));
#9524 = VECTOR('',#9525,1.);
#9525 = DIRECTION('',(-0.63484000223,0.772643625204,0.));
#9526 = PLANE('',#9527);
#9527 = AXIS2_PLACEMENT_3D('',#9528,#9529,#9530);
#9528 = CARTESIAN_POINT('',(123.18034470049,60.745916005352,0.));
#9529 = DIRECTION('',(-0.772643625204,-0.63484000223,0.));
#9530 = DIRECTION('',(-0.63484000223,0.772643625204,0.));
#9531 = ADVANCED_FACE('',(#9532),#9551,.T.);
#9532 = FACE_BOUND('',#9533,.T.);
#9533 = EDGE_LOOP('',(#9534,#9535,#9536,#9544));
#9534 = ORIENTED_EDGE('',*,*,#9511,.T.);
#9535 = ORIENTED_EDGE('',*,*,#766,.T.);
#9536 = ORIENTED_EDGE('',*,*,#9537,.F.);
#9537 = EDGE_CURVE('',#9538,#759,#9540,.T.);
#9538 = VERTEX_POINT('',#9539);
#9539 = CARTESIAN_POINT('',(123.44218842989,60.354442450926,0.));
#9540 = LINE('',#9541,#9542);
#9541 = CARTESIAN_POINT('',(123.44218842989,60.354442450926,0.));
#9542 = VECTOR('',#9543,1.);
#9543 = DIRECTION('',(0.,0.,1.));
#9544 = ORIENTED_EDGE('',*,*,#9545,.F.);
#9545 = EDGE_CURVE('',#9512,#9538,#9546,.T.);
#9546 = CIRCLE('',#9547,2.4);
#9547 = AXIS2_PLACEMENT_3D('',#9548,#9549,#9550);
#9548 = CARTESIAN_POINT('',(121.326,59.2223,0.));
#9549 = DIRECTION('',(0.,0.,-1.));
#9550 = DIRECTION('',(-0.63484000223,0.772643625204,0.));
#9551 = CYLINDRICAL_SURFACE('',#9552,2.4);
#9552 = AXIS2_PLACEMENT_3D('',#9553,#9554,#9555);
#9553 = CARTESIAN_POINT('',(121.326,59.2223,0.));
#9554 = DIRECTION('',(0.,0.,-1.));
#9555 = DIRECTION('',(-0.63484000223,0.772643625204,0.));
#9556 = ADVANCED_FACE('',(#9557),#9575,.F.);
#9557 = FACE_BOUND('',#9558,.F.);
#9558 = EDGE_LOOP('',(#9559,#9567,#9568,#9569));
#9559 = ORIENTED_EDGE('',*,*,#9560,.T.);
#9560 = EDGE_CURVE('',#9561,#750,#9563,.T.);
#9561 = VERTEX_POINT('',#9562);
#9562 = CARTESIAN_POINT('',(123.81218842989,59.662842450926,0.));
#9563 = LINE('',#9564,#9565);
#9564 = CARTESIAN_POINT('',(123.81218842989,59.662842450926,0.));
#9565 = VECTOR('',#9566,1.);
#9566 = DIRECTION('',(0.,0.,1.));
#9567 = ORIENTED_EDGE('',*,*,#758,.T.);
#9568 = ORIENTED_EDGE('',*,*,#9537,.F.);
#9569 = ORIENTED_EDGE('',*,*,#9570,.F.);
#9570 = EDGE_CURVE('',#9561,#9538,#9571,.T.);
#9571 = LINE('',#9572,#9573);
#9572 = CARTESIAN_POINT('',(123.81218842989,59.662842450926,0.));
#9573 = VECTOR('',#9574,1.);
#9574 = DIRECTION('',(-0.471726021219,0.881745179122,0.));
#9575 = PLANE('',#9576);
#9576 = AXIS2_PLACEMENT_3D('',#9577,#9578,#9579);
#9577 = CARTESIAN_POINT('',(123.81218842989,59.662842450926,0.));
#9578 = DIRECTION('',(-0.881745179122,-0.471726021219,0.));
#9579 = DIRECTION('',(-0.471726021219,0.881745179122,0.));
#9580 = ADVANCED_FACE('',(#9581),#9600,.T.);
#9581 = FACE_BOUND('',#9582,.T.);
#9582 = EDGE_LOOP('',(#9583,#9584,#9585,#9593));
#9583 = ORIENTED_EDGE('',*,*,#9560,.T.);
#9584 = ORIENTED_EDGE('',*,*,#749,.T.);
#9585 = ORIENTED_EDGE('',*,*,#9586,.F.);
#9586 = EDGE_CURVE('',#9587,#742,#9589,.T.);
#9587 = VERTEX_POINT('',#9588);
#9588 = CARTESIAN_POINT('',(123.99316734329,59.225697983377,0.));
#9589 = LINE('',#9590,#9591);
#9590 = CARTESIAN_POINT('',(123.99316734329,59.225697983377,0.));
#9591 = VECTOR('',#9592,1.);
#9592 = DIRECTION('',(0.,0.,1.));
#9593 = ORIENTED_EDGE('',*,*,#9594,.F.);
#9594 = EDGE_CURVE('',#9561,#9587,#9595,.T.);
#9595 = CIRCLE('',#9596,2.4);
#9596 = AXIS2_PLACEMENT_3D('',#9597,#9598,#9599);
#9597 = CARTESIAN_POINT('',(121.696,58.5307,0.));
#9598 = DIRECTION('',(0.,0.,-1.));
#9599 = DIRECTION('',(-0.471726021219,0.881745179122,0.));
#9600 = CYLINDRICAL_SURFACE('',#9601,2.4);
#9601 = AXIS2_PLACEMENT_3D('',#9602,#9603,#9604);
#9602 = CARTESIAN_POINT('',(121.696,58.5307,0.));
#9603 = DIRECTION('',(0.,0.,-1.));
#9604 = DIRECTION('',(-0.471726021219,0.881745179122,0.));
#9605 = ADVANCED_FACE('',(#9606),#9624,.F.);
#9606 = FACE_BOUND('',#9607,.F.);
#9607 = EDGE_LOOP('',(#9608,#9616,#9617,#9618));
#9608 = ORIENTED_EDGE('',*,*,#9609,.T.);
#9609 = EDGE_CURVE('',#9610,#733,#9612,.T.);
#9610 = VERTEX_POINT('',#9611);
#9611 = CARTESIAN_POINT('',(124.22016734329,58.475397983377,0.));
#9612 = LINE('',#9613,#9614);
#9613 = CARTESIAN_POINT('',(124.22016734329,58.475397983377,0.));
#9614 = VECTOR('',#9615,1.);
#9615 = DIRECTION('',(0.,0.,1.));
#9616 = ORIENTED_EDGE('',*,*,#741,.T.);
#9617 = ORIENTED_EDGE('',*,*,#9586,.F.);
#9618 = ORIENTED_EDGE('',*,*,#9619,.F.);
#9619 = EDGE_CURVE('',#9610,#9587,#9620,.T.);
#9620 = LINE('',#9621,#9622);
#9621 = CARTESIAN_POINT('',(124.22016734329,58.475397983377,0.));
#9622 = VECTOR('',#9623,1.);
#9623 = DIRECTION('',(-0.289582493074,0.957153059706,0.));
#9624 = PLANE('',#9625);
#9625 = AXIS2_PLACEMENT_3D('',#9626,#9627,#9628);
#9626 = CARTESIAN_POINT('',(124.22016734329,58.475397983377,0.));
#9627 = DIRECTION('',(-0.957153059706,-0.289582493074,0.));
#9628 = DIRECTION('',(-0.289582493074,0.957153059706,0.));
#9629 = ADVANCED_FACE('',(#9630),#9649,.T.);
#9630 = FACE_BOUND('',#9631,.T.);
#9631 = EDGE_LOOP('',(#9632,#9633,#9634,#9642));
#9632 = ORIENTED_EDGE('',*,*,#9609,.T.);
#9633 = ORIENTED_EDGE('',*,*,#732,.T.);
#9634 = ORIENTED_EDGE('',*,*,#9635,.F.);
#9635 = EDGE_CURVE('',#9636,#725,#9638,.T.);
#9636 = VERTEX_POINT('',#9637);
#9637 = CARTESIAN_POINT('',(124.31140231619,58.016057327457,0.));
#9638 = LINE('',#9639,#9640);
#9639 = CARTESIAN_POINT('',(124.31140231619,58.016057327457,0.));
#9640 = VECTOR('',#9641,1.);
#9641 = DIRECTION('',(0.,0.,1.));
#9642 = ORIENTED_EDGE('',*,*,#9643,.F.);
#9643 = EDGE_CURVE('',#9610,#9636,#9644,.T.);
#9644 = CIRCLE('',#9645,2.4);
#9645 = AXIS2_PLACEMENT_3D('',#9646,#9647,#9648);
#9646 = CARTESIAN_POINT('',(121.923,57.7804,0.));
#9647 = DIRECTION('',(0.,0.,-1.));
#9648 = DIRECTION('',(-0.289582493074,0.957153059706,0.));
#9649 = CYLINDRICAL_SURFACE('',#9650,2.4);
#9650 = AXIS2_PLACEMENT_3D('',#9651,#9652,#9653);
#9651 = CARTESIAN_POINT('',(121.923,57.7804,0.));
#9652 = DIRECTION('',(0.,0.,-1.));
#9653 = DIRECTION('',(-0.289582493074,0.957153059706,0.));
#9654 = ADVANCED_FACE('',(#9655),#9673,.F.);
#9655 = FACE_BOUND('',#9656,.F.);
#9656 = EDGE_LOOP('',(#9657,#9665,#9666,#9667));
#9657 = ORIENTED_EDGE('',*,*,#9658,.T.);
#9658 = EDGE_CURVE('',#9659,#716,#9661,.T.);
#9659 = VERTEX_POINT('',#9660);
#9660 = CARTESIAN_POINT('',(124.38840231619,57.235657327457,0.));
#9661 = LINE('',#9662,#9663);
#9662 = CARTESIAN_POINT('',(124.38840231619,57.235657327457,0.));
#9663 = VECTOR('',#9664,1.);
#9664 = DIRECTION('',(0.,0.,1.));
#9665 = ORIENTED_EDGE('',*,*,#724,.T.);
#9666 = ORIENTED_EDGE('',*,*,#9635,.F.);
#9667 = ORIENTED_EDGE('',*,*,#9668,.F.);
#9668 = EDGE_CURVE('',#9659,#9636,#9669,.T.);
#9669 = LINE('',#9670,#9671);
#9670 = CARTESIAN_POINT('',(124.38840231619,57.235657327457,0.));
#9671 = VECTOR('',#9672,1.);
#9672 = DIRECTION('',(-9.819055310694E-02,0.995167631749,0.));
#9673 = PLANE('',#9674);
#9674 = AXIS2_PLACEMENT_3D('',#9675,#9676,#9677);
#9675 = CARTESIAN_POINT('',(124.38840231619,57.235657327457,0.));
#9676 = DIRECTION('',(-0.995167631749,-9.819055310694E-02,0.));
#9677 = DIRECTION('',(-9.819055310694E-02,0.995167631749,0.));
#9678 = ADVANCED_FACE('',(#9679),#9698,.T.);
#9679 = FACE_BOUND('',#9680,.T.);
#9680 = EDGE_LOOP('',(#9681,#9682,#9683,#9691));
#9681 = ORIENTED_EDGE('',*,*,#9658,.T.);
#9682 = ORIENTED_EDGE('',*,*,#715,.T.);
#9683 = ORIENTED_EDGE('',*,*,#9684,.F.);
#9684 = EDGE_CURVE('',#9685,#708,#9687,.T.);
#9685 = VERTEX_POINT('',#9686);
#9686 = CARTESIAN_POINT('',(124.4,57.,0.));
#9687 = LINE('',#9688,#9689);
#9688 = CARTESIAN_POINT('',(124.4,57.,0.));
#9689 = VECTOR('',#9690,1.);
#9690 = DIRECTION('',(0.,0.,1.));
#9691 = ORIENTED_EDGE('',*,*,#9692,.F.);
#9692 = EDGE_CURVE('',#9659,#9685,#9693,.T.);
#9693 = CIRCLE('',#9694,2.4);
#9694 = AXIS2_PLACEMENT_3D('',#9695,#9696,#9697);
#9695 = CARTESIAN_POINT('',(122.,57.,0.));
#9696 = DIRECTION('',(0.,0.,-1.));
#9697 = DIRECTION('',(-9.819055310694E-02,0.995167631749,0.));
#9698 = CYLINDRICAL_SURFACE('',#9699,2.4);
#9699 = AXIS2_PLACEMENT_3D('',#9700,#9701,#9702);
#9700 = CARTESIAN_POINT('',(122.,57.,0.));
#9701 = DIRECTION('',(0.,0.,-1.));
#9702 = DIRECTION('',(-9.819055310694E-02,0.995167631749,0.));
#9703 = ADVANCED_FACE('',(#9704),#9722,.F.);
#9704 = FACE_BOUND('',#9705,.F.);
#9705 = EDGE_LOOP('',(#9706,#9714,#9715,#9716));
#9706 = ORIENTED_EDGE('',*,*,#9707,.T.);
#9707 = EDGE_CURVE('',#9708,#699,#9710,.T.);
#9708 = VERTEX_POINT('',#9709);
#9709 = CARTESIAN_POINT('',(124.4,23.9,0.));
#9710 = LINE('',#9711,#9712);
#9711 = CARTESIAN_POINT('',(124.4,23.9,0.));
#9712 = VECTOR('',#9713,1.);
#9713 = DIRECTION('',(0.,0.,1.));
#9714 = ORIENTED_EDGE('',*,*,#707,.T.);
#9715 = ORIENTED_EDGE('',*,*,#9684,.F.);
#9716 = ORIENTED_EDGE('',*,*,#9717,.F.);
#9717 = EDGE_CURVE('',#9708,#9685,#9718,.T.);
#9718 = LINE('',#9719,#9720);
#9719 = CARTESIAN_POINT('',(124.4,23.9,0.));
#9720 = VECTOR('',#9721,1.);
#9721 = DIRECTION('',(0.,1.,0.));
#9722 = PLANE('',#9723);
#9723 = AXIS2_PLACEMENT_3D('',#9724,#9725,#9726);
#9724 = CARTESIAN_POINT('',(124.4,23.9,0.));
#9725 = DIRECTION('',(-1.,0.,0.));
#9726 = DIRECTION('',(0.,1.,0.));
#9727 = ADVANCED_FACE('',(#9728),#9747,.T.);
#9728 = FACE_BOUND('',#9729,.T.);
#9729 = EDGE_LOOP('',(#9730,#9731,#9732,#9740));
#9730 = ORIENTED_EDGE('',*,*,#9707,.T.);
#9731 = ORIENTED_EDGE('',*,*,#698,.T.);
#9732 = ORIENTED_EDGE('',*,*,#9733,.F.);
#9733 = EDGE_CURVE('',#9734,#691,#9736,.T.);
#9734 = VERTEX_POINT('',#9735);
#9735 = CARTESIAN_POINT('',(124.38840231619,23.664342672543,0.));
#9736 = LINE('',#9737,#9738);
#9737 = CARTESIAN_POINT('',(124.38840231619,23.664342672543,0.));
#9738 = VECTOR('',#9739,1.);
#9739 = DIRECTION('',(0.,0.,1.));
#9740 = ORIENTED_EDGE('',*,*,#9741,.F.);
#9741 = EDGE_CURVE('',#9708,#9734,#9742,.T.);
#9742 = CIRCLE('',#9743,2.4);
#9743 = AXIS2_PLACEMENT_3D('',#9744,#9745,#9746);
#9744 = CARTESIAN_POINT('',(122.,23.9,0.));
#9745 = DIRECTION('',(0.,0.,-1.));
#9746 = DIRECTION('',(0.,1.,0.));
#9747 = CYLINDRICAL_SURFACE('',#9748,2.4);
#9748 = AXIS2_PLACEMENT_3D('',#9749,#9750,#9751);
#9749 = CARTESIAN_POINT('',(122.,23.9,0.));
#9750 = DIRECTION('',(0.,0.,-1.));
#9751 = DIRECTION('',(0.,1.,0.));
#9752 = ADVANCED_FACE('',(#9753),#9771,.F.);
#9753 = FACE_BOUND('',#9754,.F.);
#9754 = EDGE_LOOP('',(#9755,#9763,#9764,#9765));
#9755 = ORIENTED_EDGE('',*,*,#9756,.T.);
#9756 = EDGE_CURVE('',#9757,#682,#9759,.T.);
#9757 = VERTEX_POINT('',#9758);
#9758 = CARTESIAN_POINT('',(124.31140231619,22.883942672543,0.));
#9759 = LINE('',#9760,#9761);
#9760 = CARTESIAN_POINT('',(124.31140231619,22.883942672543,0.));
#9761 = VECTOR('',#9762,1.);
#9762 = DIRECTION('',(0.,0.,1.));
#9763 = ORIENTED_EDGE('',*,*,#690,.T.);
#9764 = ORIENTED_EDGE('',*,*,#9733,.F.);
#9765 = ORIENTED_EDGE('',*,*,#9766,.F.);
#9766 = EDGE_CURVE('',#9757,#9734,#9767,.T.);
#9767 = LINE('',#9768,#9769);
#9768 = CARTESIAN_POINT('',(124.31140231619,22.883942672543,0.));
#9769 = VECTOR('',#9770,1.);
#9770 = DIRECTION('',(9.819055310694E-02,0.995167631749,0.));
#9771 = PLANE('',#9772);
#9772 = AXIS2_PLACEMENT_3D('',#9773,#9774,#9775);
#9773 = CARTESIAN_POINT('',(124.31140231619,22.883942672543,0.));
#9774 = DIRECTION('',(-0.995167631749,9.819055310694E-02,0.));
#9775 = DIRECTION('',(9.819055310694E-02,0.995167631749,0.));
#9776 = ADVANCED_FACE('',(#9777),#9796,.T.);
#9777 = FACE_BOUND('',#9778,.T.);
#9778 = EDGE_LOOP('',(#9779,#9780,#9781,#9789));
#9779 = ORIENTED_EDGE('',*,*,#9756,.T.);
#9780 = ORIENTED_EDGE('',*,*,#681,.T.);
#9781 = ORIENTED_EDGE('',*,*,#9782,.F.);
#9782 = EDGE_CURVE('',#9783,#674,#9785,.T.);
#9783 = VERTEX_POINT('',#9784);
#9784 = CARTESIAN_POINT('',(124.22016734329,22.424602016623,0.));
#9785 = LINE('',#9786,#9787);
#9786 = CARTESIAN_POINT('',(124.22016734329,22.424602016623,0.));
#9787 = VECTOR('',#9788,1.);
#9788 = DIRECTION('',(0.,0.,1.));
#9789 = ORIENTED_EDGE('',*,*,#9790,.F.);
#9790 = EDGE_CURVE('',#9757,#9783,#9791,.T.);
#9791 = CIRCLE('',#9792,2.4);
#9792 = AXIS2_PLACEMENT_3D('',#9793,#9794,#9795);
#9793 = CARTESIAN_POINT('',(121.923,23.1196,0.));
#9794 = DIRECTION('',(0.,0.,-1.));
#9795 = DIRECTION('',(9.819055310694E-02,0.995167631749,0.));
#9796 = CYLINDRICAL_SURFACE('',#9797,2.4);
#9797 = AXIS2_PLACEMENT_3D('',#9798,#9799,#9800);
#9798 = CARTESIAN_POINT('',(121.923,23.1196,0.));
#9799 = DIRECTION('',(0.,0.,-1.));
#9800 = DIRECTION('',(9.819055310694E-02,0.995167631749,0.));
#9801 = ADVANCED_FACE('',(#9802),#9820,.F.);
#9802 = FACE_BOUND('',#9803,.F.);
#9803 = EDGE_LOOP('',(#9804,#9812,#9813,#9814));
#9804 = ORIENTED_EDGE('',*,*,#9805,.T.);
#9805 = EDGE_CURVE('',#9806,#665,#9808,.T.);
#9806 = VERTEX_POINT('',#9807);
#9807 = CARTESIAN_POINT('',(123.99316734329,21.674302016623,0.));
#9808 = LINE('',#9809,#9810);
#9809 = CARTESIAN_POINT('',(123.99316734329,21.674302016623,0.));
#9810 = VECTOR('',#9811,1.);
#9811 = DIRECTION('',(0.,0.,1.));
#9812 = ORIENTED_EDGE('',*,*,#673,.T.);
#9813 = ORIENTED_EDGE('',*,*,#9782,.F.);
#9814 = ORIENTED_EDGE('',*,*,#9815,.F.);
#9815 = EDGE_CURVE('',#9806,#9783,#9816,.T.);
#9816 = LINE('',#9817,#9818);
#9817 = CARTESIAN_POINT('',(123.99316734329,21.674302016623,0.));
#9818 = VECTOR('',#9819,1.);
#9819 = DIRECTION('',(0.289582493074,0.957153059706,0.));
#9820 = PLANE('',#9821);
#9821 = AXIS2_PLACEMENT_3D('',#9822,#9823,#9824);
#9822 = CARTESIAN_POINT('',(123.99316734329,21.674302016623,0.));
#9823 = DIRECTION('',(-0.957153059706,0.289582493074,0.));
#9824 = DIRECTION('',(0.289582493074,0.957153059706,0.));
#9825 = ADVANCED_FACE('',(#9826),#9845,.T.);
#9826 = FACE_BOUND('',#9827,.T.);
#9827 = EDGE_LOOP('',(#9828,#9829,#9830,#9838));
#9828 = ORIENTED_EDGE('',*,*,#9805,.T.);
#9829 = ORIENTED_EDGE('',*,*,#664,.T.);
#9830 = ORIENTED_EDGE('',*,*,#9831,.F.);
#9831 = EDGE_CURVE('',#9832,#657,#9834,.T.);
#9832 = VERTEX_POINT('',#9833);
#9833 = CARTESIAN_POINT('',(123.81218842989,21.237157549074,0.));
#9834 = LINE('',#9835,#9836);
#9835 = CARTESIAN_POINT('',(123.81218842989,21.237157549074,0.));
#9836 = VECTOR('',#9837,1.);
#9837 = DIRECTION('',(0.,0.,1.));
#9838 = ORIENTED_EDGE('',*,*,#9839,.F.);
#9839 = EDGE_CURVE('',#9806,#9832,#9840,.T.);
#9840 = CIRCLE('',#9841,2.4);
#9841 = AXIS2_PLACEMENT_3D('',#9842,#9843,#9844);
#9842 = CARTESIAN_POINT('',(121.696,22.3693,0.));
#9843 = DIRECTION('',(0.,0.,-1.));
#9844 = DIRECTION('',(0.289582493074,0.957153059706,0.));
#9845 = CYLINDRICAL_SURFACE('',#9846,2.4);
#9846 = AXIS2_PLACEMENT_3D('',#9847,#9848,#9849);
#9847 = CARTESIAN_POINT('',(121.696,22.3693,0.));
#9848 = DIRECTION('',(0.,0.,-1.));
#9849 = DIRECTION('',(0.289582493074,0.957153059706,0.));
#9850 = ADVANCED_FACE('',(#9851),#9869,.F.);
#9851 = FACE_BOUND('',#9852,.F.);
#9852 = EDGE_LOOP('',(#9853,#9861,#9862,#9863));
#9853 = ORIENTED_EDGE('',*,*,#9854,.T.);
#9854 = EDGE_CURVE('',#9855,#648,#9857,.T.);
#9855 = VERTEX_POINT('',#9856);
#9856 = CARTESIAN_POINT('',(123.44218842989,20.545557549074,0.));
#9857 = LINE('',#9858,#9859);
#9858 = CARTESIAN_POINT('',(123.44218842989,20.545557549074,0.));
#9859 = VECTOR('',#9860,1.);
#9860 = DIRECTION('',(0.,0.,1.));
#9861 = ORIENTED_EDGE('',*,*,#656,.T.);
#9862 = ORIENTED_EDGE('',*,*,#9831,.F.);
#9863 = ORIENTED_EDGE('',*,*,#9864,.F.);
#9864 = EDGE_CURVE('',#9855,#9832,#9865,.T.);
#9865 = LINE('',#9866,#9867);
#9866 = CARTESIAN_POINT('',(123.44218842989,20.545557549074,0.));
#9867 = VECTOR('',#9868,1.);
#9868 = DIRECTION('',(0.471726021219,0.881745179122,0.));
#9869 = PLANE('',#9870);
#9870 = AXIS2_PLACEMENT_3D('',#9871,#9872,#9873);
#9871 = CARTESIAN_POINT('',(123.44218842989,20.545557549074,0.));
#9872 = DIRECTION('',(-0.881745179122,0.471726021219,0.));
#9873 = DIRECTION('',(0.471726021219,0.881745179122,0.));
#9874 = ADVANCED_FACE('',(#9875),#9894,.T.);
#9875 = FACE_BOUND('',#9876,.T.);
#9876 = EDGE_LOOP('',(#9877,#9878,#9879,#9887));
#9877 = ORIENTED_EDGE('',*,*,#9854,.T.);
#9878 = ORIENTED_EDGE('',*,*,#647,.T.);
#9879 = ORIENTED_EDGE('',*,*,#9880,.F.);
#9880 = EDGE_CURVE('',#9881,#640,#9883,.T.);
#9881 = VERTEX_POINT('',#9882);
#9882 = CARTESIAN_POINT('',(123.18034470049,20.154083994648,0.));
#9883 = LINE('',#9884,#9885);
#9884 = CARTESIAN_POINT('',(123.18034470049,20.154083994648,0.));
#9885 = VECTOR('',#9886,1.);
#9886 = DIRECTION('',(0.,0.,1.));
#9887 = ORIENTED_EDGE('',*,*,#9888,.F.);
#9888 = EDGE_CURVE('',#9855,#9881,#9889,.T.);
#9889 = CIRCLE('',#9890,2.4);
#9890 = AXIS2_PLACEMENT_3D('',#9891,#9892,#9893);
#9891 = CARTESIAN_POINT('',(121.326,21.6777,0.));
#9892 = DIRECTION('',(0.,0.,-1.));
#9893 = DIRECTION('',(0.471726021219,0.881745179122,0.));
#9894 = CYLINDRICAL_SURFACE('',#9895,2.4);
#9895 = AXIS2_PLACEMENT_3D('',#9896,#9897,#9898);
#9896 = CARTESIAN_POINT('',(121.326,21.6777,0.));
#9897 = DIRECTION('',(0.,0.,-1.));
#9898 = DIRECTION('',(0.471726021219,0.881745179122,0.));
#9899 = ADVANCED_FACE('',(#9900),#9918,.F.);
#9900 = FACE_BOUND('',#9901,.F.);
#9901 = EDGE_LOOP('',(#9902,#9910,#9911,#9912));
#9902 = ORIENTED_EDGE('',*,*,#9903,.T.);
#9903 = EDGE_CURVE('',#9904,#631,#9906,.T.);
#9904 = VERTEX_POINT('',#9905);
#9905 = CARTESIAN_POINT('',(122.68234470049,19.547983994648,0.));
#9906 = LINE('',#9907,#9908);
#9907 = CARTESIAN_POINT('',(122.68234470049,19.547983994648,0.));
#9908 = VECTOR('',#9909,1.);
#9909 = DIRECTION('',(0.,0.,1.));
#9910 = ORIENTED_EDGE('',*,*,#639,.T.);
#9911 = ORIENTED_EDGE('',*,*,#9880,.F.);
#9912 = ORIENTED_EDGE('',*,*,#9913,.F.);
#9913 = EDGE_CURVE('',#9904,#9881,#9914,.T.);
#9914 = LINE('',#9915,#9916);
#9915 = CARTESIAN_POINT('',(122.68234470049,19.547983994648,0.));
#9916 = VECTOR('',#9917,1.);
#9917 = DIRECTION('',(0.63484000223,0.772643625204,0.));
#9918 = PLANE('',#9919);
#9919 = AXIS2_PLACEMENT_3D('',#9920,#9921,#9922);
#9920 = CARTESIAN_POINT('',(122.68234470049,19.547983994648,0.));
#9921 = DIRECTION('',(-0.772643625204,0.63484000223,0.));
#9922 = DIRECTION('',(0.63484000223,0.772643625204,0.));
#9923 = ADVANCED_FACE('',(#9924),#9943,.T.);
#9924 = FACE_BOUND('',#9925,.T.);
#9925 = EDGE_LOOP('',(#9926,#9927,#9928,#9936));
#9926 = ORIENTED_EDGE('',*,*,#9903,.T.);
#9927 = ORIENTED_EDGE('',*,*,#630,.T.);
#9928 = ORIENTED_EDGE('',*,*,#9929,.F.);
#9929 = EDGE_CURVE('',#9930,#623,#9932,.T.);
#9930 = VERTEX_POINT('',#9931);
#9931 = CARTESIAN_POINT('',(122.35085234228,19.216628101665,0.));
#9932 = LINE('',#9933,#9934);
#9933 = CARTESIAN_POINT('',(122.35085234228,19.216628101665,0.));
#9934 = VECTOR('',#9935,1.);
#9935 = DIRECTION('',(0.,0.,1.));
#9936 = ORIENTED_EDGE('',*,*,#9937,.F.);
#9937 = EDGE_CURVE('',#9904,#9930,#9938,.T.);
#9938 = CIRCLE('',#9939,2.4);
#9939 = AXIS2_PLACEMENT_3D('',#9940,#9941,#9942);
#9940 = CARTESIAN_POINT('',(120.828,21.0716,0.));
#9941 = DIRECTION('',(0.,0.,-1.));
#9942 = DIRECTION('',(0.63484000223,0.772643625204,0.));
#9943 = CYLINDRICAL_SURFACE('',#9944,2.4);
#9944 = AXIS2_PLACEMENT_3D('',#9945,#9946,#9947);
#9945 = CARTESIAN_POINT('',(120.828,21.0716,0.));
#9946 = DIRECTION('',(0.,0.,-1.));
#9947 = DIRECTION('',(0.63484000223,0.772643625204,0.));
#9948 = ADVANCED_FACE('',(#9949),#9983,.F.);
#9949 = FACE_BOUND('',#9950,.F.);
#9950 = EDGE_LOOP('',(#9951,#9961,#9967,#9968,#9969,#9977));
#9951 = ORIENTED_EDGE('',*,*,#9952,.F.);
#9952 = EDGE_CURVE('',#9953,#9955,#9957,.T.);
#9953 = VERTEX_POINT('',#9954);
#9954 = CARTESIAN_POINT('',(121.74485234228,18.719128101665,7.4));
#9955 = VERTEX_POINT('',#9956);
#9956 = CARTESIAN_POINT('',(122.20036518817,19.093084604688,7.4));
#9957 = LINE('',#9958,#9959);
#9958 = CARTESIAN_POINT('',(121.48650591294,18.50703676735,7.4));
#9959 = VECTOR('',#9960,1.);
#9960 = DIRECTION('',(0.77290495764,0.634521809283,0.));
#9961 = ORIENTED_EDGE('',*,*,#9962,.T.);
#9962 = EDGE_CURVE('',#9953,#614,#9963,.T.);
#9963 = LINE('',#9964,#9965);
#9964 = CARTESIAN_POINT('',(121.74485234228,18.719128101665,0.));
#9965 = VECTOR('',#9966,1.);
#9966 = DIRECTION('',(0.,0.,1.));
#9967 = ORIENTED_EDGE('',*,*,#622,.T.);
#9968 = ORIENTED_EDGE('',*,*,#9929,.F.);
#9969 = ORIENTED_EDGE('',*,*,#9970,.F.);
#9970 = EDGE_CURVE('',#9971,#9930,#9973,.T.);
#9971 = VERTEX_POINT('',#9972);
#9972 = CARTESIAN_POINT('',(122.20036518817,19.093084604688,0.));
#9973 = LINE('',#9974,#9975);
#9974 = CARTESIAN_POINT('',(121.74485234228,18.719128101665,0.));
#9975 = VECTOR('',#9976,1.);
#9976 = DIRECTION('',(0.77290495764,0.634521809283,0.));
#9977 = ORIENTED_EDGE('',*,*,#9978,.F.);
#9978 = EDGE_CURVE('',#9955,#9971,#9979,.T.);
#9979 = LINE('',#9980,#9981);
#9980 = CARTESIAN_POINT('',(122.20036518817,19.093084604688,0.));
#9981 = VECTOR('',#9982,1.);
#9982 = DIRECTION('',(-0.,-0.,-1.));
#9983 = PLANE('',#9984);
#9984 = AXIS2_PLACEMENT_3D('',#9985,#9986,#9987);
#9985 = CARTESIAN_POINT('',(121.74485234228,18.719128101665,0.));
#9986 = DIRECTION('',(-0.634521809283,0.77290495764,0.));
#9987 = DIRECTION('',(0.77290495764,0.634521809283,0.));
#9988 = ADVANCED_FACE('',(#9989),#10030,.F.);
#9989 = FACE_BOUND('',#9990,.F.);
#9990 = EDGE_LOOP('',(#9991,#10001,#10007,#10008,#10016,#10024));
#9991 = ORIENTED_EDGE('',*,*,#9992,.F.);
#9992 = EDGE_CURVE('',#9993,#9995,#9997,.T.);
#9993 = VERTEX_POINT('',#9994);
#9994 = CARTESIAN_POINT('',(118.23547375693,17.511579578509,0.));
#9995 = VERTEX_POINT('',#9996);
#9996 = CARTESIAN_POINT('',(118.57763255092,17.545312926276,0.));
#9997 = LINE('',#9998,#9999);
#9998 = CARTESIAN_POINT('',(118.23547375693,17.511579578509,0.));
#9999 = VECTOR('',#10000,1.);
#10000 = DIRECTION('',(0.995175175621,9.811406539136E-02,0.));
#10001 = ORIENTED_EDGE('',*,*,#10002,.T.);
#10002 = EDGE_CURVE('',#9993,#563,#10003,.T.);
#10003 = LINE('',#10004,#10005);
#10004 = CARTESIAN_POINT('',(118.23547375693,17.511579578509,0.));
#10005 = VECTOR('',#10006,1.);
#10006 = DIRECTION('',(0.,0.,1.));
#10007 = ORIENTED_EDGE('',*,*,#571,.T.);
#10008 = ORIENTED_EDGE('',*,*,#10009,.F.);
#10009 = EDGE_CURVE('',#10010,#572,#10012,.T.);
#10010 = VERTEX_POINT('',#10011);
#10011 = CARTESIAN_POINT('',(119.01547375693,17.588479578509,7.4));
#10012 = LINE('',#10013,#10014);
#10013 = CARTESIAN_POINT('',(119.01547375693,17.588479578509,0.));
#10014 = VECTOR('',#10015,1.);
#10015 = DIRECTION('',(0.,0.,1.));
#10016 = ORIENTED_EDGE('',*,*,#10017,.F.);
#10017 = EDGE_CURVE('',#10018,#10010,#10020,.T.);
#10018 = VERTEX_POINT('',#10019);
#10019 = CARTESIAN_POINT('',(118.57763255092,17.545312926276,7.4));
#10020 = LINE('',#10021,#10022);
#10021 = CARTESIAN_POINT('',(119.00266415013,17.587216682659,7.4));
#10022 = VECTOR('',#10023,1.);
#10023 = DIRECTION('',(0.995175175621,9.811406539136E-02,0.));
#10024 = ORIENTED_EDGE('',*,*,#10025,.T.);
#10025 = EDGE_CURVE('',#10018,#9995,#10026,.T.);
#10026 = LINE('',#10027,#10028);
#10027 = CARTESIAN_POINT('',(118.57763255092,17.545312926276,0.));
#10028 = VECTOR('',#10029,1.);
#10029 = DIRECTION('',(-0.,-0.,-1.));
#10030 = PLANE('',#10031);
#10031 = AXIS2_PLACEMENT_3D('',#10032,#10033,#10034);
#10032 = CARTESIAN_POINT('',(118.23547375693,17.511579578509,0.));
#10033 = DIRECTION('',(-9.811406539136E-02,0.995175175621,0.));
#10034 = DIRECTION('',(0.995175175621,9.811406539136E-02,0.));
#10035 = ADVANCED_FACE('',(#10036),#10055,.T.);
#10036 = FACE_BOUND('',#10037,.T.);
#10037 = EDGE_LOOP('',(#10038,#10039,#10040,#10048));
#10038 = ORIENTED_EDGE('',*,*,#10002,.T.);
#10039 = ORIENTED_EDGE('',*,*,#562,.T.);
#10040 = ORIENTED_EDGE('',*,*,#10041,.F.);
#10041 = EDGE_CURVE('',#10042,#555,#10044,.T.);
#10042 = VERTEX_POINT('',#10043);
#10043 = CARTESIAN_POINT('',(118.,17.5,0.));
#10044 = LINE('',#10045,#10046);
#10045 = CARTESIAN_POINT('',(118.,17.5,0.));
#10046 = VECTOR('',#10047,1.);
#10047 = DIRECTION('',(0.,0.,1.));
#10048 = ORIENTED_EDGE('',*,*,#10049,.F.);
#10049 = EDGE_CURVE('',#9993,#10042,#10050,.T.);
#10050 = CIRCLE('',#10051,2.4);
#10051 = AXIS2_PLACEMENT_3D('',#10052,#10053,#10054);
#10052 = CARTESIAN_POINT('',(118.,19.9,0.));
#10053 = DIRECTION('',(0.,0.,-1.));
#10054 = DIRECTION('',(0.995175175621,9.811406539136E-02,0.));
#10055 = CYLINDRICAL_SURFACE('',#10056,2.4);
#10056 = AXIS2_PLACEMENT_3D('',#10057,#10058,#10059);
#10057 = CARTESIAN_POINT('',(118.,19.9,0.));
#10058 = DIRECTION('',(0.,0.,-1.));
#10059 = DIRECTION('',(0.995175175621,9.811406539136E-02,0.));
#10060 = ADVANCED_FACE('',(#10061),#10079,.F.);
#10061 = FACE_BOUND('',#10062,.F.);
#10062 = EDGE_LOOP('',(#10063,#10071,#10072,#10073));
#10063 = ORIENTED_EDGE('',*,*,#10064,.T.);
#10064 = EDGE_CURVE('',#10065,#547,#10067,.T.);
#10065 = VERTEX_POINT('',#10066);
#10066 = CARTESIAN_POINT('',(96.514407954457,17.5,0.));
#10067 = LINE('',#10068,#10069);
#10068 = CARTESIAN_POINT('',(96.514407954457,17.5,0.));
#10069 = VECTOR('',#10070,1.);
#10070 = DIRECTION('',(0.,0.,1.));
#10071 = ORIENTED_EDGE('',*,*,#554,.T.);
#10072 = ORIENTED_EDGE('',*,*,#10041,.F.);
#10073 = ORIENTED_EDGE('',*,*,#10074,.F.);
#10074 = EDGE_CURVE('',#10065,#10042,#10075,.T.);
#10075 = LINE('',#10076,#10077);
#10076 = CARTESIAN_POINT('',(96.3965,17.5,0.));
#10077 = VECTOR('',#10078,1.);
#10078 = DIRECTION('',(1.,0.,0.));
#10079 = PLANE('',#10080);
#10080 = AXIS2_PLACEMENT_3D('',#10081,#10082,#10083);
#10081 = CARTESIAN_POINT('',(96.514407954457,17.5,0.));
#10082 = DIRECTION('',(0.,1.,0.));
#10083 = DIRECTION('',(1.,0.,0.));
#10084 = ADVANCED_FACE('',(#10085),#10103,.F.);
#10085 = FACE_BOUND('',#10086,.F.);
#10086 = EDGE_LOOP('',(#10087,#10095,#10096,#10097));
#10087 = ORIENTED_EDGE('',*,*,#10088,.T.);
#10088 = EDGE_CURVE('',#10089,#539,#10091,.T.);
#10089 = VERTEX_POINT('',#10090);
#10090 = CARTESIAN_POINT('',(95.113533552657,17.362021781002,0.));
#10091 = LINE('',#10092,#10093);
#10092 = CARTESIAN_POINT('',(95.113533552657,17.362021781002,0.));
#10093 = VECTOR('',#10094,1.);
#10094 = DIRECTION('',(0.,0.,1.));
#10095 = ORIENTED_EDGE('',*,*,#546,.T.);
#10096 = ORIENTED_EDGE('',*,*,#10064,.F.);
#10097 = ORIENTED_EDGE('',*,*,#10098,.F.);
#10098 = EDGE_CURVE('',#10089,#10065,#10099,.T.);
#10099 = LINE('',#10100,#10101);
#10100 = CARTESIAN_POINT('',(94.878348116114,17.3388573434,0.));
#10101 = VECTOR('',#10102,1.);
#10102 = DIRECTION('',(0.99518444025,9.802004838094E-02,0.));
#10103 = PLANE('',#10104);
#10104 = AXIS2_PLACEMENT_3D('',#10105,#10106,#10107);
#10105 = CARTESIAN_POINT('',(95.113533552657,17.362021781002,0.));
#10106 = DIRECTION('',(-9.802004838094E-02,0.99518444025,0.));
#10107 = DIRECTION('',(0.99518444025,9.802004838094E-02,0.));
#10108 = ADVANCED_FACE('',(#10109),#10127,.F.);
#10109 = FACE_BOUND('',#10110,.F.);
#10110 = EDGE_LOOP('',(#10111,#10119,#10120,#10121));
#10111 = ORIENTED_EDGE('',*,*,#10112,.T.);
#10112 = EDGE_CURVE('',#10113,#531,#10115,.T.);
#10113 = VERTEX_POINT('',#10114);
#10114 = CARTESIAN_POINT('',(94.068760866581,17.045142755657,0.));
#10115 = LINE('',#10116,#10117);
#10116 = CARTESIAN_POINT('',(94.068760866581,17.045142755657,0.));
#10117 = VECTOR('',#10118,1.);
#10118 = DIRECTION('',(0.,0.,1.));
#10119 = ORIENTED_EDGE('',*,*,#538,.T.);
#10120 = ORIENTED_EDGE('',*,*,#10088,.F.);
#10121 = ORIENTED_EDGE('',*,*,#10122,.F.);
#10122 = EDGE_CURVE('',#10113,#10089,#10123,.T.);
#10123 = LINE('',#10124,#10125);
#10124 = CARTESIAN_POINT('',(93.842483974253,16.976513089075,0.));
#10125 = VECTOR('',#10126,1.);
#10126 = DIRECTION('',(0.956952879552,0.290243322605,0.));
#10127 = PLANE('',#10128);
#10128 = AXIS2_PLACEMENT_3D('',#10129,#10130,#10131);
#10129 = CARTESIAN_POINT('',(94.068760866581,17.045142755657,0.));
#10130 = DIRECTION('',(-0.290243322605,0.956952879552,0.));
#10131 = DIRECTION('',(0.956952879552,0.290243322605,0.));
#10132 = ADVANCED_FACE('',(#10133),#10151,.F.);
#10133 = FACE_BOUND('',#10134,.F.);
#10134 = EDGE_LOOP('',(#10135,#10143,#10144,#10145));
#10135 = ORIENTED_EDGE('',*,*,#10136,.T.);
#10136 = EDGE_CURVE('',#10137,#523,#10139,.T.);
#10137 = VERTEX_POINT('',#10138);
#10138 = CARTESIAN_POINT('',(93.106023358004,16.530524423718,0.));
#10139 = LINE('',#10140,#10141);
#10140 = CARTESIAN_POINT('',(93.106023358004,16.530524423718,0.));
#10141 = VECTOR('',#10142,1.);
#10142 = DIRECTION('',(0.,0.,1.));
#10143 = ORIENTED_EDGE('',*,*,#530,.T.);
#10144 = ORIENTED_EDGE('',*,*,#10112,.F.);
#10145 = ORIENTED_EDGE('',*,*,#10146,.F.);
#10146 = EDGE_CURVE('',#10137,#10113,#10147,.T.);
#10147 = LINE('',#10148,#10149);
#10148 = CARTESIAN_POINT('',(92.897593912961,16.419111279035,0.));
#10149 = VECTOR('',#10150,1.);
#10150 = DIRECTION('',(0.881911967069,0.4714141304,0.));
#10151 = PLANE('',#10152);
#10152 = AXIS2_PLACEMENT_3D('',#10153,#10154,#10155);
#10153 = CARTESIAN_POINT('',(93.106023358004,16.530524423718,0.));
#10154 = DIRECTION('',(-0.4714141304,0.881911967069,0.));
#10155 = DIRECTION('',(0.881911967069,0.4714141304,0.));
#10156 = ADVANCED_FACE('',(#10157),#10175,.F.);
#10157 = FACE_BOUND('',#10158,.F.);
#10158 = EDGE_LOOP('',(#10159,#10167,#10168,#10169));
#10159 = ORIENTED_EDGE('',*,*,#10160,.T.);
#10160 = EDGE_CURVE('',#10161,#515,#10163,.T.);
#10161 = VERTEX_POINT('',#10162);
#10162 = CARTESIAN_POINT('',(92.262070005347,15.837929994653,0.));
#10163 = LINE('',#10164,#10165);
#10164 = CARTESIAN_POINT('',(92.262070005347,15.837929994653,0.));
#10165 = VECTOR('',#10166,1.);
#10166 = DIRECTION('',(0.,0.,1.));
#10167 = ORIENTED_EDGE('',*,*,#522,.T.);
#10168 = ORIENTED_EDGE('',*,*,#10136,.F.);
#10169 = ORIENTED_EDGE('',*,*,#10170,.F.);
#10170 = EDGE_CURVE('',#10161,#10137,#10171,.T.);
#10171 = LINE('',#10172,#10173);
#10172 = CARTESIAN_POINT('',(92.079317363559,15.68795314913,0.));
#10173 = VECTOR('',#10174,1.);
#10174 = DIRECTION('',(0.773019521196,0.634382234816,0.));
#10175 = PLANE('',#10176);
#10176 = AXIS2_PLACEMENT_3D('',#10177,#10178,#10179);
#10177 = CARTESIAN_POINT('',(92.262070005347,15.837929994653,0.));
#10178 = DIRECTION('',(-0.634382234816,0.773019521196,0.));
#10179 = DIRECTION('',(0.773019521196,0.634382234816,0.));
#10180 = ADVANCED_FACE('',(#10181),#10199,.F.);
#10181 = FACE_BOUND('',#10182,.F.);
#10182 = EDGE_LOOP('',(#10183,#10191,#10192,#10193));
#10183 = ORIENTED_EDGE('',*,*,#10184,.T.);
#10184 = EDGE_CURVE('',#10185,#507,#10187,.T.);
#10185 = VERTEX_POINT('',#10186);
#10186 = CARTESIAN_POINT('',(91.569475576282,14.993976641996,0.));
#10187 = LINE('',#10188,#10189);
#10188 = CARTESIAN_POINT('',(91.569475576282,14.993976641996,0.));
#10189 = VECTOR('',#10190,1.);
#10190 = DIRECTION('',(0.,0.,1.));
#10191 = ORIENTED_EDGE('',*,*,#514,.T.);
#10192 = ORIENTED_EDGE('',*,*,#10160,.F.);
#10193 = ORIENTED_EDGE('',*,*,#10194,.F.);
#10194 = EDGE_CURVE('',#10185,#10161,#10195,.T.);
#10195 = LINE('',#10196,#10197);
#10196 = CARTESIAN_POINT('',(91.41954685087,14.811282636441,0.));
#10197 = VECTOR('',#10198,1.);
#10198 = DIRECTION('',(0.634382234816,0.773019521196,0.));
#10199 = PLANE('',#10200);
#10200 = AXIS2_PLACEMENT_3D('',#10201,#10202,#10203);
#10201 = CARTESIAN_POINT('',(91.569475576282,14.993976641996,0.));
#10202 = DIRECTION('',(-0.773019521196,0.634382234816,0.));
#10203 = DIRECTION('',(0.634382234816,0.773019521196,0.));
#10204 = ADVANCED_FACE('',(#10205),#10223,.F.);
#10205 = FACE_BOUND('',#10206,.F.);
#10206 = EDGE_LOOP('',(#10207,#10215,#10216,#10217));
#10207 = ORIENTED_EDGE('',*,*,#10208,.T.);
#10208 = EDGE_CURVE('',#10209,#499,#10211,.T.);
#10209 = VERTEX_POINT('',#10210);
#10210 = CARTESIAN_POINT('',(91.054857244343,14.031239133419,0.));
#10211 = LINE('',#10212,#10213);
#10212 = CARTESIAN_POINT('',(91.054857244343,14.031239133419,0.));
#10213 = VECTOR('',#10214,1.);
#10214 = DIRECTION('',(0.,0.,1.));
#10215 = ORIENTED_EDGE('',*,*,#506,.T.);
#10216 = ORIENTED_EDGE('',*,*,#10184,.F.);
#10217 = ORIENTED_EDGE('',*,*,#10218,.F.);
#10218 = EDGE_CURVE('',#10209,#10185,#10219,.T.);
#10219 = LINE('',#10220,#10221);
#10220 = CARTESIAN_POINT('',(90.943388720965,13.822706087039,0.));
#10221 = VECTOR('',#10222,1.);
#10222 = DIRECTION('',(0.4714141304,0.881911967069,0.));
#10223 = PLANE('',#10224);
#10224 = AXIS2_PLACEMENT_3D('',#10225,#10226,#10227);
#10225 = CARTESIAN_POINT('',(91.054857244343,14.031239133419,0.));
#10226 = DIRECTION('',(-0.881911967069,0.4714141304,0.));
#10227 = DIRECTION('',(0.4714141304,0.881911967069,0.));
#10228 = ADVANCED_FACE('',(#10229),#10247,.F.);
#10229 = FACE_BOUND('',#10230,.F.);
#10230 = EDGE_LOOP('',(#10231,#10239,#10240,#10241));
#10231 = ORIENTED_EDGE('',*,*,#10232,.T.);
#10232 = EDGE_CURVE('',#10233,#491,#10235,.T.);
#10233 = VERTEX_POINT('',#10234);
#10234 = CARTESIAN_POINT('',(90.737978218998,12.986466447343,0.));
#10235 = LINE('',#10236,#10237);
#10236 = CARTESIAN_POINT('',(90.737978218998,12.986466447343,0.));
#10237 = VECTOR('',#10238,1.);
#10238 = DIRECTION('',(0.,0.,1.));
#10239 = ORIENTED_EDGE('',*,*,#498,.T.);
#10240 = ORIENTED_EDGE('',*,*,#10208,.F.);
#10241 = ORIENTED_EDGE('',*,*,#10242,.F.);
#10242 = EDGE_CURVE('',#10233,#10209,#10243,.T.);
#10243 = LINE('',#10244,#10245);
#10244 = CARTESIAN_POINT('',(90.669386910925,12.760316025747,0.));
#10245 = VECTOR('',#10246,1.);
#10246 = DIRECTION('',(0.290243322605,0.956952879552,0.));
#10247 = PLANE('',#10248);
#10248 = AXIS2_PLACEMENT_3D('',#10249,#10250,#10251);
#10249 = CARTESIAN_POINT('',(90.737978218998,12.986466447343,0.));
#10250 = DIRECTION('',(-0.956952879552,0.290243322605,0.));
#10251 = DIRECTION('',(0.290243322605,0.956952879552,0.));
#10252 = ADVANCED_FACE('',(#10253),#10271,.F.);
#10253 = FACE_BOUND('',#10254,.F.);
#10254 = EDGE_LOOP('',(#10255,#10263,#10264,#10265));
#10255 = ORIENTED_EDGE('',*,*,#10256,.T.);
#10256 = EDGE_CURVE('',#10257,#483,#10259,.T.);
#10257 = VERTEX_POINT('',#10258);
#10258 = CARTESIAN_POINT('',(90.6,11.585592045543,0.));
#10259 = LINE('',#10260,#10261);
#10260 = CARTESIAN_POINT('',(90.6,11.585592045543,0.));
#10261 = VECTOR('',#10262,1.);
#10262 = DIRECTION('',(0.,0.,1.));
#10263 = ORIENTED_EDGE('',*,*,#490,.T.);
#10264 = ORIENTED_EDGE('',*,*,#10232,.F.);
#10265 = ORIENTED_EDGE('',*,*,#10266,.F.);
#10266 = EDGE_CURVE('',#10257,#10233,#10267,.T.);
#10267 = LINE('',#10268,#10269);
#10268 = CARTESIAN_POINT('',(90.5884426566,11.468251883886,0.));
#10269 = VECTOR('',#10270,1.);
#10270 = DIRECTION('',(9.802004838094E-02,0.99518444025,0.));
#10271 = PLANE('',#10272);
#10272 = AXIS2_PLACEMENT_3D('',#10273,#10274,#10275);
#10273 = CARTESIAN_POINT('',(90.6,11.585592045543,0.));
#10274 = DIRECTION('',(-0.99518444025,9.802004838094E-02,0.));
#10275 = DIRECTION('',(9.802004838094E-02,0.99518444025,0.));
#10276 = ADVANCED_FACE('',(#10277),#10295,.F.);
#10277 = FACE_BOUND('',#10278,.F.);
#10278 = EDGE_LOOP('',(#10279,#10287,#10288,#10289));
#10279 = ORIENTED_EDGE('',*,*,#10280,.T.);
#10280 = EDGE_CURVE('',#10281,#475,#10283,.T.);
#10281 = VERTEX_POINT('',#10282);
#10282 = CARTESIAN_POINT('',(90.6,1.386014661818,0.));
#10283 = LINE('',#10284,#10285);
#10284 = CARTESIAN_POINT('',(90.6,1.386014661818,0.));
#10285 = VECTOR('',#10286,1.);
#10286 = DIRECTION('',(0.,0.,1.));
#10287 = ORIENTED_EDGE('',*,*,#482,.T.);
#10288 = ORIENTED_EDGE('',*,*,#10256,.F.);
#10289 = ORIENTED_EDGE('',*,*,#10290,.F.);
#10290 = EDGE_CURVE('',#10281,#10257,#10291,.T.);
#10291 = LINE('',#10292,#10293);
#10292 = CARTESIAN_POINT('',(90.6,1.2576,0.));
#10293 = VECTOR('',#10294,1.);
#10294 = DIRECTION('',(0.,1.,0.));
#10295 = PLANE('',#10296);
#10296 = AXIS2_PLACEMENT_3D('',#10297,#10298,#10299);
#10297 = CARTESIAN_POINT('',(90.6,1.386014661818,0.));
#10298 = DIRECTION('',(-1.,0.,0.));
#10299 = DIRECTION('',(0.,1.,0.));
#10300 = ADVANCED_FACE('',(#10301),#10319,.F.);
#10301 = FACE_BOUND('',#10302,.F.);
#10302 = EDGE_LOOP('',(#10303,#10311,#10312,#10313));
#10303 = ORIENTED_EDGE('',*,*,#10304,.T.);
#10304 = EDGE_CURVE('',#10305,#467,#10307,.T.);
#10305 = VERTEX_POINT('',#10306);
#10306 = CARTESIAN_POINT('',(90.747674580599,9.986718498057E-03,0.));
#10307 = LINE('',#10308,#10309);
#10308 = CARTESIAN_POINT('',(90.747674580599,9.986718498057E-03,0.));
#10309 = VECTOR('',#10310,1.);
#10310 = DIRECTION('',(0.,0.,1.));
#10311 = ORIENTED_EDGE('',*,*,#474,.T.);
#10312 = ORIENTED_EDGE('',*,*,#10280,.F.);
#10313 = ORIENTED_EDGE('',*,*,#10314,.F.);
#10314 = EDGE_CURVE('',#10305,#10281,#10315,.T.);
#10315 = LINE('',#10316,#10317);
#10316 = CARTESIAN_POINT('',(90.772897291726,-0.225037854968,0.));
#10317 = VECTOR('',#10318,1.);
#10318 = DIRECTION('',(-0.106706727097,0.994290538219,0.));
#10319 = PLANE('',#10320);
#10320 = AXIS2_PLACEMENT_3D('',#10321,#10322,#10323);
#10321 = CARTESIAN_POINT('',(90.747674580599,9.986718498056E-03,0.));
#10322 = DIRECTION('',(-0.994290538219,-0.106706727097,0.));
#10323 = DIRECTION('',(-0.106706727097,0.994290538219,0.));
#10324 = ADVANCED_FACE('',(#10325),#10343,.F.);
#10325 = FACE_BOUND('',#10326,.F.);
#10326 = EDGE_LOOP('',(#10327,#10335,#10336,#10337));
#10327 = ORIENTED_EDGE('',*,*,#10328,.T.);
#10328 = EDGE_CURVE('',#10329,#459,#10331,.T.);
#10329 = VERTEX_POINT('',#10330);
#10330 = CARTESIAN_POINT('',(91.073699083693,-1.031935116845,0.));
#10331 = LINE('',#10332,#10333);
#10332 = CARTESIAN_POINT('',(91.073699083693,-1.031935116845,0.));
#10333 = VECTOR('',#10334,1.);
#10334 = DIRECTION('',(0.,0.,1.));
#10335 = ORIENTED_EDGE('',*,*,#466,.T.);
#10336 = ORIENTED_EDGE('',*,*,#10304,.F.);
#10337 = ORIENTED_EDGE('',*,*,#10338,.F.);
#10338 = EDGE_CURVE('',#10329,#10305,#10339,.T.);
#10339 = LINE('',#10340,#10341);
#10340 = CARTESIAN_POINT('',(91.144286469972,-1.257521041721,0.));
#10341 = VECTOR('',#10342,1.);
#10342 = DIRECTION('',(-0.298628732616,0.954369362488,0.));
#10343 = PLANE('',#10344);
#10344 = AXIS2_PLACEMENT_3D('',#10345,#10346,#10347);
#10345 = CARTESIAN_POINT('',(91.073699083693,-1.031935116845,0.));
#10346 = DIRECTION('',(-0.954369362488,-0.298628732616,0.));
#10347 = DIRECTION('',(-0.298628732616,0.954369362488,0.));
#10348 = ADVANCED_FACE('',(#10349),#10367,.F.);
#10349 = FACE_BOUND('',#10350,.F.);
#10350 = EDGE_LOOP('',(#10351,#10359,#10360,#10361));
#10351 = ORIENTED_EDGE('',*,*,#10352,.T.);
#10352 = EDGE_CURVE('',#10353,#451,#10355,.T.);
#10353 = VERTEX_POINT('',#10354);
#10354 = CARTESIAN_POINT('',(91.596718289486,-1.990229118908,0.));
#10355 = LINE('',#10356,#10357);
#10356 = CARTESIAN_POINT('',(91.596718289486,-1.990229118908,0.));
#10357 = VECTOR('',#10358,1.);
#10358 = DIRECTION('',(0.,0.,1.));
#10359 = ORIENTED_EDGE('',*,*,#458,.T.);
#10360 = ORIENTED_EDGE('',*,*,#10328,.F.);
#10361 = ORIENTED_EDGE('',*,*,#10362,.F.);
#10362 = EDGE_CURVE('',#10353,#10329,#10363,.T.);
#10363 = LINE('',#10364,#10365);
#10364 = CARTESIAN_POINT('',(91.709959693685,-2.197713963112,0.));
#10365 = VECTOR('',#10366,1.);
#10366 = DIRECTION('',(-0.479073348703,0.877774872369,0.));
#10367 = PLANE('',#10368);
#10368 = AXIS2_PLACEMENT_3D('',#10369,#10370,#10371);
#10369 = CARTESIAN_POINT('',(91.596718289486,-1.990229118908,0.));
#10370 = DIRECTION('',(-0.877774872369,-0.479073348703,0.));
#10371 = DIRECTION('',(-0.479073348703,0.877774872369,0.));
#10372 = ADVANCED_FACE('',(#10373),#10391,.F.);
#10373 = FACE_BOUND('',#10374,.F.);
#10374 = EDGE_LOOP('',(#10375,#10383,#10384,#10385));
#10375 = ORIENTED_EDGE('',*,*,#10376,.T.);
#10376 = EDGE_CURVE('',#10377,#443,#10379,.T.);
#10377 = VERTEX_POINT('',#10378);
#10378 = CARTESIAN_POINT('',(92.296616309898,-2.828048219813,0.));
#10379 = LINE('',#10380,#10381);
#10380 = CARTESIAN_POINT('',(92.296616309898,-2.828048219813,0.));
#10381 = VECTOR('',#10382,1.);
#10382 = DIRECTION('',(0.,0.,1.));
#10383 = ORIENTED_EDGE('',*,*,#450,.T.);
#10384 = ORIENTED_EDGE('',*,*,#10352,.F.);
#10385 = ORIENTED_EDGE('',*,*,#10386,.F.);
#10386 = EDGE_CURVE('',#10377,#10353,#10387,.T.);
#10387 = LINE('',#10388,#10389);
#10388 = CARTESIAN_POINT('',(92.448175018082,-3.009472908727,0.));
#10389 = VECTOR('',#10390,1.);
#10390 = DIRECTION('',(-0.64111128803,0.767447924201,0.));
#10391 = PLANE('',#10392);
#10392 = AXIS2_PLACEMENT_3D('',#10393,#10394,#10395);
#10393 = CARTESIAN_POINT('',(92.296616309898,-2.828048219813,0.));
#10394 = DIRECTION('',(-0.767447924201,-0.64111128803,0.));
#10395 = DIRECTION('',(-0.64111128803,0.767447924201,0.));
#10396 = ADVANCED_FACE('',(#10397),#10415,.F.);
#10397 = FACE_BOUND('',#10398,.F.);
#10398 = EDGE_LOOP('',(#10399,#10407,#10408,#10409));
#10399 = ORIENTED_EDGE('',*,*,#10400,.T.);
#10400 = EDGE_CURVE('',#10401,#435,#10403,.T.);
#10401 = VERTEX_POINT('',#10402);
#10402 = CARTESIAN_POINT('',(93.146581931928,-3.513254495898,0.));
#10403 = LINE('',#10404,#10405);
#10404 = CARTESIAN_POINT('',(93.146581931928,-3.513254495898,0.));
#10405 = VECTOR('',#10406,1.);
#10406 = DIRECTION('',(0.,0.,1.));
#10407 = ORIENTED_EDGE('',*,*,#442,.T.);
#10408 = ORIENTED_EDGE('',*,*,#10376,.F.);
#10409 = ORIENTED_EDGE('',*,*,#10410,.F.);
#10410 = EDGE_CURVE('',#10401,#10377,#10411,.T.);
#10411 = LINE('',#10412,#10413);
#10412 = CARTESIAN_POINT('',(93.330573032422,-3.661580326419,0.));
#10413 = VECTOR('',#10414,1.);
#10414 = DIRECTION('',(-0.778524863992,0.627613763509,0.));
#10415 = PLANE('',#10416);
#10416 = AXIS2_PLACEMENT_3D('',#10417,#10418,#10419);
#10417 = CARTESIAN_POINT('',(93.146581931928,-3.513254495898,0.));
#10418 = DIRECTION('',(-0.627613763509,-0.778524863992,0.));
#10419 = DIRECTION('',(-0.778524863992,0.627613763509,0.));
#10420 = ADVANCED_FACE('',(#10421),#10439,.F.);
#10421 = FACE_BOUND('',#10422,.F.);
#10422 = EDGE_LOOP('',(#10423,#10431,#10432,#10433));
#10423 = ORIENTED_EDGE('',*,*,#10424,.T.);
#10424 = EDGE_CURVE('',#10425,#427,#10427,.T.);
#10425 = VERTEX_POINT('',#10426);
#10426 = CARTESIAN_POINT('',(94.393701812119,-4.165967161443,0.));
#10427 = LINE('',#10428,#10429);
#10428 = CARTESIAN_POINT('',(94.393701812119,-4.165967161443,0.));
#10429 = VECTOR('',#10430,1.);
#10430 = DIRECTION('',(0.,0.,1.));
#10431 = ORIENTED_EDGE('',*,*,#434,.T.);
#10432 = ORIENTED_EDGE('',*,*,#10400,.F.);
#10433 = ORIENTED_EDGE('',*,*,#10434,.F.);
#10434 = EDGE_CURVE('',#10425,#10401,#10435,.T.);
#10435 = LINE('',#10436,#10437);
#10436 = CARTESIAN_POINT('',(94.498193430373,-4.220655570923,0.));
#10437 = VECTOR('',#10438,1.);
#10438 = DIRECTION('',(-0.885989345449,0.463705595989,0.));
#10439 = PLANE('',#10440);
#10440 = AXIS2_PLACEMENT_3D('',#10441,#10442,#10443);
#10441 = CARTESIAN_POINT('',(94.393701812119,-4.165967161443,0.));
#10442 = DIRECTION('',(-0.463705595989,-0.885989345449,0.));
#10443 = DIRECTION('',(-0.885989345449,0.463705595989,0.));
#10444 = ADVANCED_FACE('',(#10445),#10463,.F.);
#10445 = FACE_BOUND('',#10446,.F.);
#10446 = EDGE_LOOP('',(#10447,#10455,#10456,#10457));
#10447 = ORIENTED_EDGE('',*,*,#10448,.T.);
#10448 = EDGE_CURVE('',#10449,#418,#10451,.T.);
#10449 = VERTEX_POINT('',#10450);
#10450 = CARTESIAN_POINT('',(109.36605172341,-10.21515709221,0.));
#10451 = LINE('',#10452,#10453);
#10452 = CARTESIAN_POINT('',(109.36605172341,-10.21515709221,0.));
#10453 = VECTOR('',#10454,1.);
#10454 = DIRECTION('',(0.,0.,1.));
#10455 = ORIENTED_EDGE('',*,*,#426,.T.);
#10456 = ORIENTED_EDGE('',*,*,#10424,.F.);
#10457 = ORIENTED_EDGE('',*,*,#10458,.F.);
#10458 = EDGE_CURVE('',#10449,#10425,#10459,.T.);
#10459 = LINE('',#10460,#10461);
#10460 = CARTESIAN_POINT('',(109.36605172341,-10.21515709221,0.));
#10461 = VECTOR('',#10462,1.);
#10462 = DIRECTION('',(-0.927184544909,0.374604884755,0.));
#10463 = PLANE('',#10464);
#10464 = AXIS2_PLACEMENT_3D('',#10465,#10466,#10467);
#10465 = CARTESIAN_POINT('',(109.36605172341,-10.21515709221,0.));
#10466 = DIRECTION('',(-0.374604884755,-0.927184544909,0.));
#10467 = DIRECTION('',(-0.927184544909,0.374604884755,0.));
#10468 = ADVANCED_FACE('',(#10469),#10488,.T.);
#10469 = FACE_BOUND('',#10470,.T.);
#10470 = EDGE_LOOP('',(#10471,#10472,#10473,#10481));
#10471 = ORIENTED_EDGE('',*,*,#10448,.T.);
#10472 = ORIENTED_EDGE('',*,*,#417,.T.);
#10473 = ORIENTED_EDGE('',*,*,#10474,.F.);
#10474 = EDGE_CURVE('',#10475,#410,#10477,.T.);
#10475 = VERTEX_POINT('',#10476);
#10476 = CARTESIAN_POINT('',(109.47471802578,-10.26221167469,0.));
#10477 = LINE('',#10478,#10479);
#10478 = CARTESIAN_POINT('',(109.47471802578,-10.26221167469,0.));
#10479 = VECTOR('',#10480,1.);
#10480 = DIRECTION('',(0.,0.,1.));
#10481 = ORIENTED_EDGE('',*,*,#10482,.F.);
#10482 = EDGE_CURVE('',#10449,#10475,#10483,.T.);
#10483 = CIRCLE('',#10484,2.4);
#10484 = AXIS2_PLACEMENT_3D('',#10485,#10486,#10487);
#10485 = CARTESIAN_POINT('',(108.467,-12.4404,0.));
#10486 = DIRECTION('',(0.,0.,-1.));
#10487 = DIRECTION('',(-0.927184544909,0.374604884755,0.));
#10488 = CYLINDRICAL_SURFACE('',#10489,2.4);
#10489 = AXIS2_PLACEMENT_3D('',#10490,#10491,#10492);
#10490 = CARTESIAN_POINT('',(108.467,-12.4404,0.));
#10491 = DIRECTION('',(0.,0.,-1.));
#10492 = DIRECTION('',(-0.927184544909,0.374604884755,0.));
#10493 = ADVANCED_FACE('',(#10494),#10512,.F.);
#10494 = FACE_BOUND('',#10495,.F.);
#10495 = EDGE_LOOP('',(#10496,#10504,#10505,#10506));
#10496 = ORIENTED_EDGE('',*,*,#10497,.T.);
#10497 = EDGE_CURVE('',#10498,#401,#10500,.T.);
#10498 = VERTEX_POINT('',#10499);
#10499 = CARTESIAN_POINT('',(109.83071802578,-10.42691167469,0.));
#10500 = LINE('',#10501,#10502);
#10501 = CARTESIAN_POINT('',(109.83071802578,-10.42691167469,0.));
#10502 = VECTOR('',#10503,1.);
#10503 = DIRECTION('',(0.,0.,1.));
#10504 = ORIENTED_EDGE('',*,*,#409,.T.);
#10505 = ORIENTED_EDGE('',*,*,#10474,.F.);
#10506 = ORIENTED_EDGE('',*,*,#10507,.F.);
#10507 = EDGE_CURVE('',#10498,#10475,#10508,.T.);
#10508 = LINE('',#10509,#10510);
#10509 = CARTESIAN_POINT('',(109.83071802578,-10.42691167469,0.));
#10510 = VECTOR('',#10511,1.);
#10511 = DIRECTION('',(-0.907578468879,0.419882510743,0.));
#10512 = PLANE('',#10513);
#10513 = AXIS2_PLACEMENT_3D('',#10514,#10515,#10516);
#10514 = CARTESIAN_POINT('',(109.83071802578,-10.42691167469,0.));
#10515 = DIRECTION('',(-0.419882510743,-0.907578468879,0.));
#10516 = DIRECTION('',(-0.907578468879,0.419882510743,0.));
#10517 = ADVANCED_FACE('',(#10518),#10537,.T.);
#10518 = FACE_BOUND('',#10519,.T.);
#10519 = EDGE_LOOP('',(#10520,#10521,#10522,#10530));
#10520 = ORIENTED_EDGE('',*,*,#10497,.T.);
#10521 = ORIENTED_EDGE('',*,*,#400,.T.);
#10522 = ORIENTED_EDGE('',*,*,#10523,.F.);
#10523 = EDGE_CURVE('',#10524,#393,#10526,.T.);
#10524 = VERTEX_POINT('',#10525);
#10525 = CARTESIAN_POINT('',(109.93498345062,-10.47824955731,0.));
#10526 = LINE('',#10527,#10528);
#10527 = CARTESIAN_POINT('',(109.93498345062,-10.47824955731,0.));
#10528 = VECTOR('',#10529,1.);
#10529 = DIRECTION('',(0.,0.,1.));
#10530 = ORIENTED_EDGE('',*,*,#10531,.F.);
#10531 = EDGE_CURVE('',#10498,#10524,#10532,.T.);
#10532 = CIRCLE('',#10533,2.4);
#10533 = AXIS2_PLACEMENT_3D('',#10534,#10535,#10536);
#10534 = CARTESIAN_POINT('',(108.823,-12.6051,0.));
#10535 = DIRECTION('',(0.,0.,-1.));
#10536 = DIRECTION('',(-0.907578468879,0.419882510743,0.));
#10537 = CYLINDRICAL_SURFACE('',#10538,2.4);
#10538 = AXIS2_PLACEMENT_3D('',#10539,#10540,#10541);
#10539 = CARTESIAN_POINT('',(108.823,-12.6051,0.));
#10540 = DIRECTION('',(0.,0.,-1.));
#10541 = DIRECTION('',(-0.907578468879,0.419882510743,0.));
#10542 = ADVANCED_FACE('',(#10543),#10561,.F.);
#10543 = FACE_BOUND('',#10544,.F.);
#10544 = EDGE_LOOP('',(#10545,#10553,#10554,#10555));
#10545 = ORIENTED_EDGE('',*,*,#10546,.T.);
#10546 = EDGE_CURVE('',#10547,#385,#10549,.T.);
#10547 = VERTEX_POINT('',#10548);
#10548 = CARTESIAN_POINT('',(110.11227475488,-10.57094295612,0.));
#10549 = LINE('',#10550,#10551);
#10550 = CARTESIAN_POINT('',(110.11227475488,-10.57094295612,0.));
#10551 = VECTOR('',#10552,1.);
#10552 = DIRECTION('',(0.,0.,1.));
#10553 = ORIENTED_EDGE('',*,*,#392,.T.);
#10554 = ORIENTED_EDGE('',*,*,#10523,.F.);
#10555 = ORIENTED_EDGE('',*,*,#10556,.F.);
#10556 = EDGE_CURVE('',#10547,#10524,#10557,.T.);
#10557 = LINE('',#10558,#10559);
#10558 = CARTESIAN_POINT('',(110.15398345062,-10.59274955731,0.));
#10559 = VECTOR('',#10560,1.);
#10560 = DIRECTION('',(-0.886187684451,0.463326437761,0.));
#10561 = PLANE('',#10562);
#10562 = AXIS2_PLACEMENT_3D('',#10563,#10564,#10565);
#10563 = CARTESIAN_POINT('',(110.11227475488,-10.57094295612,0.));
#10564 = DIRECTION('',(-0.463326437761,-0.886187684451,0.));
#10565 = DIRECTION('',(-0.886187684451,0.463326437761,0.));
#10566 = ADVANCED_FACE('',(#10567),#10585,.F.);
#10567 = FACE_BOUND('',#10568,.F.);
#10568 = EDGE_LOOP('',(#10569,#10577,#10578,#10579));
#10569 = ORIENTED_EDGE('',*,*,#10570,.T.);
#10570 = EDGE_CURVE('',#10571,#376,#10573,.T.);
#10571 = VERTEX_POINT('',#10572);
#10572 = CARTESIAN_POINT('',(110.29174317706,-10.65598835257,0.));
#10573 = LINE('',#10574,#10575);
#10574 = CARTESIAN_POINT('',(110.29174317706,-10.65598835257,0.));
#10575 = VECTOR('',#10576,1.);
#10576 = DIRECTION('',(0.,0.,1.));
#10577 = ORIENTED_EDGE('',*,*,#384,.T.);
#10578 = ORIENTED_EDGE('',*,*,#10546,.F.);
#10579 = ORIENTED_EDGE('',*,*,#10580,.F.);
#10580 = EDGE_CURVE('',#10571,#10547,#10581,.T.);
#10581 = LINE('',#10582,#10583);
#10582 = CARTESIAN_POINT('',(110.29174317706,-10.65598835257,0.));
#10583 = VECTOR('',#10584,1.);
#10584 = DIRECTION('',(-0.903671519759,0.428226323778,0.));
#10585 = PLANE('',#10586);
#10586 = AXIS2_PLACEMENT_3D('',#10587,#10588,#10589);
#10587 = CARTESIAN_POINT('',(110.29174317706,-10.65598835257,0.));
#10588 = DIRECTION('',(-0.428226323778,-0.903671519759,0.));
#10589 = DIRECTION('',(-0.903671519759,0.428226323778,0.));
#10590 = ADVANCED_FACE('',(#10591),#10610,.T.);
#10591 = FACE_BOUND('',#10592,.T.);
#10592 = EDGE_LOOP('',(#10593,#10594,#10595,#10603));
#10593 = ORIENTED_EDGE('',*,*,#10570,.T.);
#10594 = ORIENTED_EDGE('',*,*,#375,.T.);
#10595 = ORIENTED_EDGE('',*,*,#10596,.F.);
#10596 = EDGE_CURVE('',#10597,#368,#10599,.T.);
#10597 = VERTEX_POINT('',#10598);
#10598 = CARTESIAN_POINT('',(110.40536390132,-10.71357086872,0.));
#10599 = LINE('',#10600,#10601);
#10600 = CARTESIAN_POINT('',(110.40536390132,-10.71357086872,0.));
#10601 = VECTOR('',#10602,1.);
#10602 = DIRECTION('',(0.,0.,1.));
#10603 = ORIENTED_EDGE('',*,*,#10604,.F.);
#10604 = EDGE_CURVE('',#10571,#10597,#10605,.T.);
#10605 = CIRCLE('',#10606,2.4);
#10606 = AXIS2_PLACEMENT_3D('',#10607,#10608,#10609);
#10607 = CARTESIAN_POINT('',(109.264,-12.8248,0.));
#10608 = DIRECTION('',(0.,0.,-1.));
#10609 = DIRECTION('',(-0.903671519759,0.428226323778,0.));
#10610 = CYLINDRICAL_SURFACE('',#10611,2.4);
#10611 = AXIS2_PLACEMENT_3D('',#10612,#10613,#10614);
#10612 = CARTESIAN_POINT('',(109.264,-12.8248,0.));
#10613 = DIRECTION('',(0.,0.,-1.));
#10614 = DIRECTION('',(-0.903671519759,0.428226323778,0.));
#10615 = ADVANCED_FACE('',(#10616),#10634,.F.);
#10616 = FACE_BOUND('',#10617,.F.);
#10617 = EDGE_LOOP('',(#10618,#10626,#10627,#10628));
#10618 = ORIENTED_EDGE('',*,*,#10619,.T.);
#10619 = EDGE_CURVE('',#10620,#359,#10622,.T.);
#10620 = VERTEX_POINT('',#10621);
#10621 = CARTESIAN_POINT('',(111.08736390132,-11.08227086872,0.));
#10622 = LINE('',#10623,#10624);
#10623 = CARTESIAN_POINT('',(111.08736390132,-11.08227086872,0.));
#10624 = VECTOR('',#10625,1.);
#10625 = DIRECTION('',(0.,0.,1.));
#10626 = ORIENTED_EDGE('',*,*,#367,.T.);
#10627 = ORIENTED_EDGE('',*,*,#10596,.F.);
#10628 = ORIENTED_EDGE('',*,*,#10629,.F.);
#10629 = EDGE_CURVE('',#10620,#10597,#10630,.T.);
#10630 = LINE('',#10631,#10632);
#10631 = CARTESIAN_POINT('',(111.08736390132,-11.08227086872,0.));
#10632 = VECTOR('',#10633,1.);
#10633 = DIRECTION('',(-0.879678804699,0.475568292218,0.));
#10634 = PLANE('',#10635);
#10635 = AXIS2_PLACEMENT_3D('',#10636,#10637,#10638);
#10636 = CARTESIAN_POINT('',(111.08736390132,-11.08227086872,0.));
#10637 = DIRECTION('',(-0.475568292218,-0.879678804699,0.));
#10638 = DIRECTION('',(-0.879678804699,0.475568292218,0.));
#10639 = ADVANCED_FACE('',(#10640),#10659,.T.);
#10640 = FACE_BOUND('',#10641,.T.);
#10641 = EDGE_LOOP('',(#10642,#10643,#10644,#10652));
#10642 = ORIENTED_EDGE('',*,*,#10619,.T.);
#10643 = ORIENTED_EDGE('',*,*,#358,.T.);
#10644 = ORIENTED_EDGE('',*,*,#10645,.F.);
#10645 = EDGE_CURVE('',#10646,#351,#10648,.T.);
#10646 = VERTEX_POINT('',#10647);
#10647 = CARTESIAN_POINT('',(111.18797294812,-11.13984394405,0.));
#10648 = LINE('',#10649,#10650);
#10649 = CARTESIAN_POINT('',(111.18797294812,-11.13984394405,0.));
#10650 = VECTOR('',#10651,1.);
#10651 = DIRECTION('',(0.,0.,1.));
#10652 = ORIENTED_EDGE('',*,*,#10653,.F.);
#10653 = EDGE_CURVE('',#10620,#10646,#10654,.T.);
#10654 = CIRCLE('',#10655,2.4);
#10655 = AXIS2_PLACEMENT_3D('',#10656,#10657,#10658);
#10656 = CARTESIAN_POINT('',(109.946,-13.1935,0.));
#10657 = DIRECTION('',(0.,0.,-1.));
#10658 = DIRECTION('',(-0.879678804699,0.475568292218,0.));
#10659 = CYLINDRICAL_SURFACE('',#10660,2.4);
#10660 = AXIS2_PLACEMENT_3D('',#10661,#10662,#10663);
#10661 = CARTESIAN_POINT('',(109.946,-13.1935,0.));
#10662 = DIRECTION('',(0.,0.,-1.));
#10663 = DIRECTION('',(-0.879678804699,0.475568292218,0.));
#10664 = ADVANCED_FACE('',(#10665),#10683,.F.);
#10665 = FACE_BOUND('',#10666,.F.);
#10666 = EDGE_LOOP('',(#10667,#10675,#10676,#10677));
#10667 = ORIENTED_EDGE('',*,*,#10668,.T.);
#10668 = EDGE_CURVE('',#10669,#342,#10671,.T.);
#10669 = VERTEX_POINT('',#10670);
#10670 = CARTESIAN_POINT('',(111.52397294812,-11.34304394405,0.));
#10671 = LINE('',#10672,#10673);
#10672 = CARTESIAN_POINT('',(111.52397294812,-11.34304394405,0.));
#10673 = VECTOR('',#10674,1.);
#10674 = DIRECTION('',(0.,0.,1.));
#10675 = ORIENTED_EDGE('',*,*,#350,.T.);
#10676 = ORIENTED_EDGE('',*,*,#10645,.F.);
#10677 = ORIENTED_EDGE('',*,*,#10678,.F.);
#10678 = EDGE_CURVE('',#10669,#10646,#10679,.T.);
#10679 = LINE('',#10680,#10681);
#10680 = CARTESIAN_POINT('',(111.52397294812,-11.34304394405,0.));
#10681 = VECTOR('',#10682,1.);
#10682 = DIRECTION('',(-0.855690023312,0.517488728384,0.));
#10683 = PLANE('',#10684);
#10684 = AXIS2_PLACEMENT_3D('',#10685,#10686,#10687);
#10685 = CARTESIAN_POINT('',(111.52397294812,-11.34304394405,0.));
#10686 = DIRECTION('',(-0.517488728384,-0.855690023312,0.));
#10687 = DIRECTION('',(-0.855690023312,0.517488728384,0.));
#10688 = ADVANCED_FACE('',(#10689),#10708,.T.);
#10689 = FACE_BOUND('',#10690,.T.);
#10690 = EDGE_LOOP('',(#10691,#10692,#10693,#10701));
#10691 = ORIENTED_EDGE('',*,*,#10668,.T.);
#10692 = ORIENTED_EDGE('',*,*,#341,.T.);
#10693 = ORIENTED_EDGE('',*,*,#10694,.F.);
#10694 = EDGE_CURVE('',#10695,#334,#10697,.T.);
#10695 = VERTEX_POINT('',#10696);
#10696 = CARTESIAN_POINT('',(111.62406372865,-11.40701033871,0.));
#10697 = LINE('',#10698,#10699);
#10698 = CARTESIAN_POINT('',(111.62406372865,-11.40701033871,0.));
#10699 = VECTOR('',#10700,1.);
#10700 = DIRECTION('',(0.,0.,1.));
#10701 = ORIENTED_EDGE('',*,*,#10702,.F.);
#10702 = EDGE_CURVE('',#10669,#10695,#10703,.T.);
#10703 = CIRCLE('',#10704,2.4);
#10704 = AXIS2_PLACEMENT_3D('',#10705,#10706,#10707);
#10705 = CARTESIAN_POINT('',(110.282,-13.3967,0.));
#10706 = DIRECTION('',(0.,0.,-1.));
#10707 = DIRECTION('',(-0.855690023312,0.517488728384,0.));
#10708 = CYLINDRICAL_SURFACE('',#10709,2.4);
#10709 = AXIS2_PLACEMENT_3D('',#10710,#10711,#10712);
#10710 = CARTESIAN_POINT('',(110.282,-13.3967,0.));
#10711 = DIRECTION('',(0.,0.,-1.));
#10712 = DIRECTION('',(-0.855690023312,0.517488728384,0.));
#10713 = ADVANCED_FACE('',(#10714),#10732,.F.);
#10714 = FACE_BOUND('',#10715,.F.);
#10715 = EDGE_LOOP('',(#10716,#10724,#10725,#10726));
#10716 = ORIENTED_EDGE('',*,*,#10717,.T.);
#10717 = EDGE_CURVE('',#10718,#325,#10720,.T.);
#10718 = VERTEX_POINT('',#10719);
#10719 = CARTESIAN_POINT('',(127.71606372865,-22.26121033871,0.));
#10720 = LINE('',#10721,#10722);
#10721 = CARTESIAN_POINT('',(127.71606372865,-22.26121033871,0.));
#10722 = VECTOR('',#10723,1.);
#10723 = DIRECTION('',(0.,0.,1.));
#10724 = ORIENTED_EDGE('',*,*,#333,.T.);
#10725 = ORIENTED_EDGE('',*,*,#10694,.F.);
#10726 = ORIENTED_EDGE('',*,*,#10727,.F.);
#10727 = EDGE_CURVE('',#10718,#10695,#10728,.T.);
#10728 = LINE('',#10729,#10730);
#10729 = CARTESIAN_POINT('',(127.71606372865,-22.26121033871,0.));
#10730 = VECTOR('',#10731,1.);
#10731 = DIRECTION('',(-0.829037358869,0.559193220273,0.));
#10732 = PLANE('',#10733);
#10733 = AXIS2_PLACEMENT_3D('',#10734,#10735,#10736);
#10734 = CARTESIAN_POINT('',(127.71606372865,-22.26121033871,0.));
#10735 = DIRECTION('',(-0.559193220273,-0.829037358869,0.));
#10736 = DIRECTION('',(-0.829037358869,0.559193220273,0.));
#10737 = ADVANCED_FACE('',(#10738),#10757,.T.);
#10738 = FACE_BOUND('',#10739,.T.);
#10739 = EDGE_LOOP('',(#10740,#10741,#10742,#10750));
#10740 = ORIENTED_EDGE('',*,*,#10717,.T.);
#10741 = ORIENTED_EDGE('',*,*,#324,.T.);
#10742 = ORIENTED_EDGE('',*,*,#10743,.F.);
#10743 = EDGE_CURVE('',#10744,#317,#10746,.T.);
#10744 = VERTEX_POINT('',#10745);
#10745 = CARTESIAN_POINT('',(127.90459466771,-22.40231135912,0.));
#10746 = LINE('',#10747,#10748);
#10747 = CARTESIAN_POINT('',(127.90459466771,-22.40231135912,0.));
#10748 = VECTOR('',#10749,1.);
#10749 = DIRECTION('',(0.,0.,1.));
#10750 = ORIENTED_EDGE('',*,*,#10751,.F.);
#10751 = EDGE_CURVE('',#10718,#10744,#10752,.T.);
#10752 = CIRCLE('',#10753,2.4);
#10753 = AXIS2_PLACEMENT_3D('',#10754,#10755,#10756);
#10754 = CARTESIAN_POINT('',(126.374,-24.2509,0.));
#10755 = DIRECTION('',(0.,0.,-1.));
#10756 = DIRECTION('',(-0.829037358869,0.559193220273,0.));
#10757 = CYLINDRICAL_SURFACE('',#10758,2.4);
#10758 = AXIS2_PLACEMENT_3D('',#10759,#10760,#10761);
#10759 = CARTESIAN_POINT('',(126.374,-24.2509,0.));
#10760 = DIRECTION('',(0.,0.,-1.));
#10761 = DIRECTION('',(-0.829037358869,0.559193220273,0.));
#10762 = ADVANCED_FACE('',(#10763),#10781,.F.);
#10763 = FACE_BOUND('',#10764,.F.);
#10764 = EDGE_LOOP('',(#10765,#10773,#10774,#10775));
#10765 = ORIENTED_EDGE('',*,*,#10766,.T.);
#10766 = EDGE_CURVE('',#10767,#308,#10769,.T.);
#10767 = VERTEX_POINT('',#10768);
#10768 = CARTESIAN_POINT('',(128.50859466771,-22.90241135912,0.));
#10769 = LINE('',#10770,#10771);
#10770 = CARTESIAN_POINT('',(128.50859466771,-22.90241135912,0.));
#10771 = VECTOR('',#10772,1.);
#10772 = DIRECTION('',(0.,0.,1.));
#10773 = ORIENTED_EDGE('',*,*,#316,.T.);
#10774 = ORIENTED_EDGE('',*,*,#10743,.F.);
#10775 = ORIENTED_EDGE('',*,*,#10776,.F.);
#10776 = EDGE_CURVE('',#10767,#10744,#10777,.T.);
#10777 = LINE('',#10778,#10779);
#10778 = CARTESIAN_POINT('',(128.50859466771,-22.90241135912,0.));
#10779 = VECTOR('',#10780,1.);
#10780 = DIRECTION('',(-0.77024526703,0.637747778215,0.));
#10781 = PLANE('',#10782);
#10782 = AXIS2_PLACEMENT_3D('',#10783,#10784,#10785);
#10783 = CARTESIAN_POINT('',(128.50859466771,-22.90241135912,0.));
#10784 = DIRECTION('',(-0.637747778215,-0.77024526703,0.));
#10785 = DIRECTION('',(-0.77024526703,0.637747778215,0.));
#10786 = ADVANCED_FACE('',(#10787),#10806,.T.);
#10787 = FACE_BOUND('',#10788,.T.);
#10788 = EDGE_LOOP('',(#10789,#10790,#10791,#10799));
#10789 = ORIENTED_EDGE('',*,*,#10766,.T.);
#10790 = ORIENTED_EDGE('',*,*,#307,.T.);
#10791 = ORIENTED_EDGE('',*,*,#10792,.F.);
#10792 = EDGE_CURVE('',#10793,#300,#10795,.T.);
#10793 = VERTEX_POINT('',#10794);
#10794 = CARTESIAN_POINT('',(128.83954043197,-23.23618409694,0.));
#10795 = LINE('',#10796,#10797);
#10796 = CARTESIAN_POINT('',(128.83954043197,-23.23618409694,0.));
#10797 = VECTOR('',#10798,1.);
#10798 = DIRECTION('',(0.,0.,1.));
#10799 = ORIENTED_EDGE('',*,*,#10800,.F.);
#10800 = EDGE_CURVE('',#10767,#10793,#10801,.T.);
#10801 = CIRCLE('',#10802,2.4);
#10802 = AXIS2_PLACEMENT_3D('',#10803,#10804,#10805);
#10803 = CARTESIAN_POINT('',(126.978,-24.751,0.));
#10804 = DIRECTION('',(0.,0.,-1.));
#10805 = DIRECTION('',(-0.77024526703,0.637747778215,0.));
#10806 = CYLINDRICAL_SURFACE('',#10807,2.4);
#10807 = AXIS2_PLACEMENT_3D('',#10808,#10809,#10810);
#10808 = CARTESIAN_POINT('',(126.978,-24.751,0.));
#10809 = DIRECTION('',(0.,0.,-1.));
#10810 = DIRECTION('',(-0.77024526703,0.637747778215,0.));
#10811 = ADVANCED_FACE('',(#10812),#10830,.F.);
#10812 = FACE_BOUND('',#10813,.F.);
#10813 = EDGE_LOOP('',(#10814,#10822,#10823,#10824));
#10814 = ORIENTED_EDGE('',*,*,#10815,.T.);
#10815 = EDGE_CURVE('',#10816,#291,#10818,.T.);
#10816 = VERTEX_POINT('',#10817);
#10817 = CARTESIAN_POINT('',(129.33454043197,-23.84448409694,0.));
#10818 = LINE('',#10819,#10820);
#10819 = CARTESIAN_POINT('',(129.33454043197,-23.84448409694,0.));
#10820 = VECTOR('',#10821,1.);
#10821 = DIRECTION('',(0.,0.,1.));
#10822 = ORIENTED_EDGE('',*,*,#299,.T.);
#10823 = ORIENTED_EDGE('',*,*,#10792,.F.);
#10824 = ORIENTED_EDGE('',*,*,#10825,.F.);
#10825 = EDGE_CURVE('',#10816,#10793,#10826,.T.);
#10826 = LINE('',#10827,#10828);
#10827 = CARTESIAN_POINT('',(129.33454043197,-23.84448409694,0.));
#10828 = VECTOR('',#10829,1.);
#10829 = DIRECTION('',(-0.631173292938,0.775641846655,0.));
#10830 = PLANE('',#10831);
#10831 = AXIS2_PLACEMENT_3D('',#10832,#10833,#10834);
#10832 = CARTESIAN_POINT('',(129.33454043197,-23.84448409694,0.));
#10833 = DIRECTION('',(-0.775641846655,-0.631173292938,0.));
#10834 = DIRECTION('',(-0.631173292938,0.775641846655,0.));
#10835 = ADVANCED_FACE('',(#10836),#10855,.T.);
#10836 = FACE_BOUND('',#10837,.T.);
#10837 = EDGE_LOOP('',(#10838,#10839,#10840,#10848));
#10838 = ORIENTED_EDGE('',*,*,#10815,.T.);
#10839 = ORIENTED_EDGE('',*,*,#290,.T.);
#10840 = ORIENTED_EDGE('',*,*,#10841,.F.);
#10841 = EDGE_CURVE('',#10842,#283,#10844,.T.);
#10842 = VERTEX_POINT('',#10843);
#10843 = CARTESIAN_POINT('',(129.59407611337,-24.23634135371,0.));
#10844 = LINE('',#10845,#10846);
#10845 = CARTESIAN_POINT('',(129.59407611337,-24.23634135371,0.));
#10846 = VECTOR('',#10847,1.);
#10847 = DIRECTION('',(0.,0.,1.));
#10848 = ORIENTED_EDGE('',*,*,#10849,.F.);
#10849 = EDGE_CURVE('',#10816,#10842,#10850,.T.);
#10850 = CIRCLE('',#10851,2.4);
#10851 = AXIS2_PLACEMENT_3D('',#10852,#10853,#10854);
#10852 = CARTESIAN_POINT('',(127.473,-25.3593,0.));
#10853 = DIRECTION('',(0.,0.,-1.));
#10854 = DIRECTION('',(-0.631173292938,0.775641846655,0.));
#10855 = CYLINDRICAL_SURFACE('',#10856,2.4);
#10856 = AXIS2_PLACEMENT_3D('',#10857,#10858,#10859);
#10857 = CARTESIAN_POINT('',(127.473,-25.3593,0.));
#10858 = DIRECTION('',(0.,0.,-1.));
#10859 = DIRECTION('',(-0.631173292938,0.775641846655,0.));
#10860 = ADVANCED_FACE('',(#10861),#10879,.F.);
#10861 = FACE_BOUND('',#10862,.F.);
#10862 = EDGE_LOOP('',(#10863,#10871,#10872,#10873));
#10863 = ORIENTED_EDGE('',*,*,#10864,.T.);
#10864 = EDGE_CURVE('',#10865,#274,#10867,.T.);
#10865 = VERTEX_POINT('',#10866);
#10866 = CARTESIAN_POINT('',(129.96107611337,-24.92954135371,0.));
#10867 = LINE('',#10868,#10869);
#10868 = CARTESIAN_POINT('',(129.96107611337,-24.92954135371,0.));
#10869 = VECTOR('',#10870,1.);
#10870 = DIRECTION('',(0.,0.,1.));
#10871 = ORIENTED_EDGE('',*,*,#282,.T.);
#10872 = ORIENTED_EDGE('',*,*,#10841,.F.);
#10873 = ORIENTED_EDGE('',*,*,#10874,.F.);
#10874 = EDGE_CURVE('',#10865,#10842,#10875,.T.);
#10875 = LINE('',#10876,#10877);
#10876 = CARTESIAN_POINT('',(129.96107611337,-24.92954135371,0.));
#10877 = VECTOR('',#10878,1.);
#10878 = DIRECTION('',(-0.467899435954,0.883781713906,0.));
#10879 = PLANE('',#10880);
#10880 = AXIS2_PLACEMENT_3D('',#10881,#10882,#10883);
#10881 = CARTESIAN_POINT('',(129.96107611337,-24.92954135371,0.));
#10882 = DIRECTION('',(-0.883781713906,-0.467899435954,0.));
#10883 = DIRECTION('',(-0.467899435954,0.883781713906,0.));
#10884 = ADVANCED_FACE('',(#10885),#10904,.T.);
#10885 = FACE_BOUND('',#10886,.T.);
#10886 = EDGE_LOOP('',(#10887,#10888,#10889,#10897));
#10887 = ORIENTED_EDGE('',*,*,#10864,.T.);
#10888 = ORIENTED_EDGE('',*,*,#273,.T.);
#10889 = ORIENTED_EDGE('',*,*,#10890,.F.);
#10890 = EDGE_CURVE('',#10891,#266,#10893,.T.);
#10891 = VERTEX_POINT('',#10892);
#10892 = CARTESIAN_POINT('',(130.13997591242,-25.36685373385,0.));
#10893 = LINE('',#10894,#10895);
#10894 = CARTESIAN_POINT('',(130.13997591242,-25.36685373385,0.));
#10895 = VECTOR('',#10896,1.);
#10896 = DIRECTION('',(0.,0.,1.));
#10897 = ORIENTED_EDGE('',*,*,#10898,.F.);
#10898 = EDGE_CURVE('',#10865,#10891,#10899,.T.);
#10899 = CIRCLE('',#10900,2.4);
#10900 = AXIS2_PLACEMENT_3D('',#10901,#10902,#10903);
#10901 = CARTESIAN_POINT('',(127.84,-26.0525,0.));
#10902 = DIRECTION('',(0.,0.,-1.));
#10903 = DIRECTION('',(-0.467899435954,0.883781713906,0.));
#10904 = CYLINDRICAL_SURFACE('',#10905,2.4);
#10905 = AXIS2_PLACEMENT_3D('',#10906,#10907,#10908);
#10906 = CARTESIAN_POINT('',(127.84,-26.0525,0.));
#10907 = DIRECTION('',(0.,0.,-1.));
#10908 = DIRECTION('',(-0.467899435954,0.883781713906,0.));
#10909 = ADVANCED_FACE('',(#10910),#10928,.F.);
#10910 = FACE_BOUND('',#10911,.F.);
#10911 = EDGE_LOOP('',(#10912,#10920,#10921,#10922));
#10912 = ORIENTED_EDGE('',*,*,#10913,.T.);
#10913 = EDGE_CURVE('',#10914,#257,#10916,.T.);
#10914 = VERTEX_POINT('',#10915);
#10915 = CARTESIAN_POINT('',(130.36397591242,-26.11825373385,0.));
#10916 = LINE('',#10917,#10918);
#10917 = CARTESIAN_POINT('',(130.36397591242,-26.11825373385,0.));
#10918 = VECTOR('',#10919,1.);
#10919 = DIRECTION('',(0.,0.,1.));
#10920 = ORIENTED_EDGE('',*,*,#265,.T.);
#10921 = ORIENTED_EDGE('',*,*,#10890,.F.);
#10922 = ORIENTED_EDGE('',*,*,#10923,.F.);
#10923 = EDGE_CURVE('',#10914,#10891,#10924,.T.);
#10924 = LINE('',#10925,#10926);
#10925 = CARTESIAN_POINT('',(130.36397591242,-26.11825373385,0.));
#10926 = VECTOR('',#10927,1.);
#10927 = DIRECTION('',(-0.285685944228,0.958323296842,0.));
#10928 = PLANE('',#10929);
#10929 = AXIS2_PLACEMENT_3D('',#10930,#10931,#10932);
#10930 = CARTESIAN_POINT('',(130.36397591242,-26.11825373385,0.));
#10931 = DIRECTION('',(-0.958323296842,-0.285685944228,0.));
#10932 = DIRECTION('',(-0.285685944228,0.958323296842,0.));
#10933 = ADVANCED_FACE('',(#10934),#10953,.T.);
#10934 = FACE_BOUND('',#10935,.T.);
#10935 = EDGE_LOOP('',(#10936,#10937,#10938,#10946));
#10936 = ORIENTED_EDGE('',*,*,#10913,.T.);
#10937 = ORIENTED_EDGE('',*,*,#256,.T.);
#10938 = ORIENTED_EDGE('',*,*,#10939,.F.);
#10939 = EDGE_CURVE('',#10940,#249,#10942,.T.);
#10940 = VERTEX_POINT('',#10941);
#10941 = CARTESIAN_POINT('',(130.45357629603,-26.58046068962,0.));
#10942 = LINE('',#10943,#10944);
#10943 = CARTESIAN_POINT('',(130.45357629603,-26.58046068962,0.));
#10944 = VECTOR('',#10945,1.);
#10945 = DIRECTION('',(0.,0.,1.));
#10946 = ORIENTED_EDGE('',*,*,#10947,.F.);
#10947 = EDGE_CURVE('',#10914,#10940,#10948,.T.);
#10948 = CIRCLE('',#10949,2.4);
#10949 = AXIS2_PLACEMENT_3D('',#10950,#10951,#10952);
#10950 = CARTESIAN_POINT('',(128.064,-26.8039,0.));
#10951 = DIRECTION('',(0.,0.,-1.));
#10952 = DIRECTION('',(-0.285685944228,0.958323296842,0.));
#10953 = CYLINDRICAL_SURFACE('',#10954,2.4);
#10954 = AXIS2_PLACEMENT_3D('',#10955,#10956,#10957);
#10955 = CARTESIAN_POINT('',(128.064,-26.8039,0.));
#10956 = DIRECTION('',(0.,0.,-1.));
#10957 = DIRECTION('',(-0.285685944228,0.958323296842,0.));
#10958 = ADVANCED_FACE('',(#10959),#10977,.F.);
#10959 = FACE_BOUND('',#10960,.F.);
#10960 = EDGE_LOOP('',(#10961,#10969,#10970,#10971));
#10961 = ORIENTED_EDGE('',*,*,#10962,.T.);
#10962 = EDGE_CURVE('',#10963,#240,#10965,.T.);
#10963 = VERTEX_POINT('',#10964);
#10964 = CARTESIAN_POINT('',(130.52657629603,-27.36116068962,0.));
#10965 = LINE('',#10966,#10967);
#10966 = CARTESIAN_POINT('',(130.52657629603,-27.36116068962,0.));
#10967 = VECTOR('',#10968,1.);
#10968 = DIRECTION('',(0.,0.,1.));
#10969 = ORIENTED_EDGE('',*,*,#248,.T.);
#10970 = ORIENTED_EDGE('',*,*,#10939,.F.);
#10971 = ORIENTED_EDGE('',*,*,#10972,.F.);
#10972 = EDGE_CURVE('',#10963,#10940,#10973,.T.);
#10973 = LINE('',#10974,#10975);
#10974 = CARTESIAN_POINT('',(130.52657629603,-27.36116068962,0.));
#10975 = VECTOR('',#10976,1.);
#10976 = DIRECTION('',(-9.309971265673E-02,0.995656790015,0.));
#10977 = PLANE('',#10978);
#10978 = AXIS2_PLACEMENT_3D('',#10979,#10980,#10981);
#10979 = CARTESIAN_POINT('',(130.52657629603,-27.36116068962,0.));
#10980 = DIRECTION('',(-0.995656790015,-9.309971265673E-02,0.));
#10981 = DIRECTION('',(-9.309971265673E-02,0.995656790015,0.));
#10982 = ADVANCED_FACE('',(#10983),#11002,.T.);
#10983 = FACE_BOUND('',#10984,.T.);
#10984 = EDGE_LOOP('',(#10985,#10986,#10987,#10995));
#10985 = ORIENTED_EDGE('',*,*,#10962,.T.);
#10986 = ORIENTED_EDGE('',*,*,#239,.T.);
#10987 = ORIENTED_EDGE('',*,*,#10988,.F.);
#10988 = EDGE_CURVE('',#10989,#232,#10991,.T.);
#10989 = VERTEX_POINT('',#10990);
#10990 = CARTESIAN_POINT('',(130.52447545266,-27.82946927719,0.));
#10991 = LINE('',#10992,#10993);
#10992 = CARTESIAN_POINT('',(130.52447545266,-27.82946927719,0.));
#10993 = VECTOR('',#10994,1.);
#10994 = DIRECTION('',(0.,0.,1.));
#10995 = ORIENTED_EDGE('',*,*,#10996,.F.);
#10996 = EDGE_CURVE('',#10963,#10989,#10997,.T.);
#10997 = CIRCLE('',#10998,2.4);
#10998 = AXIS2_PLACEMENT_3D('',#10999,#11000,#11001);
#10999 = CARTESIAN_POINT('',(128.137,-27.5846,0.));
#11000 = DIRECTION('',(0.,0.,-1.));
#11001 = DIRECTION('',(-9.309971265673E-02,0.995656790015,0.));
#11002 = CYLINDRICAL_SURFACE('',#11003,2.4);
#11003 = AXIS2_PLACEMENT_3D('',#11004,#11005,#11006);
#11004 = CARTESIAN_POINT('',(128.137,-27.5846,0.));
#11005 = DIRECTION('',(0.,0.,-1.));
#11006 = DIRECTION('',(-9.309971265673E-02,0.995656790015,0.));
#11007 = ADVANCED_FACE('',(#11008),#11026,.F.);
#11008 = FACE_BOUND('',#11009,.F.);
#11009 = EDGE_LOOP('',(#11010,#11018,#11019,#11020));
#11010 = ORIENTED_EDGE('',*,*,#11011,.T.);
#11011 = EDGE_CURVE('',#11012,#223,#11014,.T.);
#11012 = VERTEX_POINT('',#11013);
#11013 = CARTESIAN_POINT('',(130.44447545266,-28.60946927719,0.));
#11014 = LINE('',#11015,#11016);
#11015 = CARTESIAN_POINT('',(130.44447545266,-28.60946927719,0.));
#11016 = VECTOR('',#11017,1.);
#11017 = DIRECTION('',(0.,0.,1.));
#11018 = ORIENTED_EDGE('',*,*,#231,.T.);
#11019 = ORIENTED_EDGE('',*,*,#10988,.F.);
#11020 = ORIENTED_EDGE('',*,*,#11021,.F.);
#11021 = EDGE_CURVE('',#11012,#10989,#11022,.T.);
#11022 = LINE('',#11023,#11024);
#11023 = CARTESIAN_POINT('',(130.44447545266,-28.60946927719,0.));
#11024 = VECTOR('',#11025,1.);
#11025 = DIRECTION('',(0.102028865499,0.994781438611,0.));
#11026 = PLANE('',#11027);
#11027 = AXIS2_PLACEMENT_3D('',#11028,#11029,#11030);
#11028 = CARTESIAN_POINT('',(130.44447545266,-28.60946927719,0.));
#11029 = DIRECTION('',(-0.994781438611,0.102028865499,0.));
#11030 = DIRECTION('',(0.102028865499,0.994781438611,0.));
#11031 = ADVANCED_FACE('',(#11032),#11051,.T.);
#11032 = FACE_BOUND('',#11033,.T.);
#11033 = EDGE_LOOP('',(#11034,#11035,#11036,#11044));
#11034 = ORIENTED_EDGE('',*,*,#11011,.T.);
#11035 = ORIENTED_EDGE('',*,*,#222,.T.);
#11036 = ORIENTED_EDGE('',*,*,#11037,.F.);
#11037 = EDGE_CURVE('',#11038,#215,#11040,.T.);
#11038 = VERTEX_POINT('',#11039);
#11039 = CARTESIAN_POINT('',(130.35048543616,-29.07165343087,0.));
#11040 = LINE('',#11041,#11042);
#11041 = CARTESIAN_POINT('',(130.35048543616,-29.07165343087,0.));
#11042 = VECTOR('',#11043,1.);
#11043 = DIRECTION('',(0.,0.,1.));
#11044 = ORIENTED_EDGE('',*,*,#11045,.F.);
#11045 = EDGE_CURVE('',#11012,#11038,#11046,.T.);
#11046 = CIRCLE('',#11047,2.4);
#11047 = AXIS2_PLACEMENT_3D('',#11048,#11049,#11050);
#11048 = CARTESIAN_POINT('',(128.057,-28.3646,0.));
#11049 = DIRECTION('',(0.,0.,-1.));
#11050 = DIRECTION('',(0.102028865499,0.994781438611,0.));
#11051 = CYLINDRICAL_SURFACE('',#11052,2.4);
#11052 = AXIS2_PLACEMENT_3D('',#11053,#11054,#11055);
#11053 = CARTESIAN_POINT('',(128.057,-28.3646,0.));
#11054 = DIRECTION('',(0.,0.,-1.));
#11055 = DIRECTION('',(0.102028865499,0.994781438611,0.));
#11056 = ADVANCED_FACE('',(#11057),#11075,.F.);
#11057 = FACE_BOUND('',#11058,.F.);
#11058 = EDGE_LOOP('',(#11059,#11067,#11068,#11069));
#11059 = ORIENTED_EDGE('',*,*,#11060,.T.);
#11060 = EDGE_CURVE('',#11061,#206,#11063,.T.);
#11061 = VERTEX_POINT('',#11062);
#11062 = CARTESIAN_POINT('',(130.11948543616,-29.82095343087,0.));
#11063 = LINE('',#11064,#11065);
#11064 = CARTESIAN_POINT('',(130.11948543616,-29.82095343087,0.));
#11065 = VECTOR('',#11066,1.);
#11066 = DIRECTION('',(0.,0.,1.));
#11067 = ORIENTED_EDGE('',*,*,#214,.T.);
#11068 = ORIENTED_EDGE('',*,*,#11037,.F.);
#11069 = ORIENTED_EDGE('',*,*,#11070,.F.);
#11070 = EDGE_CURVE('',#11061,#11038,#11071,.T.);
#11071 = LINE('',#11072,#11073);
#11072 = CARTESIAN_POINT('',(130.11948543616,-29.82095343087,0.));
#11073 = VECTOR('',#11074,1.);
#11074 = DIRECTION('',(0.294605596197,0.955618931734,0.));
#11075 = PLANE('',#11076);
#11076 = AXIS2_PLACEMENT_3D('',#11077,#11078,#11079);
#11077 = CARTESIAN_POINT('',(130.11948543616,-29.82095343087,0.));
#11078 = DIRECTION('',(-0.955618931734,0.294605596197,0.));
#11079 = DIRECTION('',(0.294605596197,0.955618931734,0.));
#11080 = ADVANCED_FACE('',(#11081),#11100,.T.);
#11081 = FACE_BOUND('',#11082,.T.);
#11082 = EDGE_LOOP('',(#11083,#11084,#11085,#11093));
#11083 = ORIENTED_EDGE('',*,*,#11060,.T.);
#11084 = ORIENTED_EDGE('',*,*,#205,.T.);
#11085 = ORIENTED_EDGE('',*,*,#11086,.F.);
#11086 = EDGE_CURVE('',#11087,#198,#11089,.T.);
#11087 = VERTEX_POINT('',#11088);
#11088 = CARTESIAN_POINT('',(129.93854049613,-30.25283487617,0.));
#11089 = LINE('',#11090,#11091);
#11090 = CARTESIAN_POINT('',(129.93854049613,-30.25283487617,0.));
#11091 = VECTOR('',#11092,1.);
#11092 = DIRECTION('',(0.,0.,1.));
#11093 = ORIENTED_EDGE('',*,*,#11094,.F.);
#11094 = EDGE_CURVE('',#11061,#11087,#11095,.T.);
#11095 = CIRCLE('',#11096,2.4);
#11096 = AXIS2_PLACEMENT_3D('',#11097,#11098,#11099);
#11097 = CARTESIAN_POINT('',(127.826,-29.1139,0.));
#11098 = DIRECTION('',(0.,0.,-1.));
#11099 = DIRECTION('',(0.294605596197,0.955618931734,0.));
#11100 = CYLINDRICAL_SURFACE('',#11101,2.4);
#11101 = AXIS2_PLACEMENT_3D('',#11102,#11103,#11104);
#11102 = CARTESIAN_POINT('',(127.826,-29.1139,0.));
#11103 = DIRECTION('',(0.,0.,-1.));
#11104 = DIRECTION('',(0.294605596197,0.955618931734,0.));
#11105 = ADVANCED_FACE('',(#11106),#11124,.F.);
#11106 = FACE_BOUND('',#11107,.F.);
#11107 = EDGE_LOOP('',(#11108,#11116,#11117,#11118));
#11108 = ORIENTED_EDGE('',*,*,#11109,.T.);
#11109 = EDGE_CURVE('',#11110,#189,#11112,.T.);
#11110 = VERTEX_POINT('',#11111);
#11111 = CARTESIAN_POINT('',(129.56654049613,-30.94283487617,0.));
#11112 = LINE('',#11113,#11114);
#11113 = CARTESIAN_POINT('',(129.56654049613,-30.94283487617,0.));
#11114 = VECTOR('',#11115,1.);
#11115 = DIRECTION('',(0.,0.,1.));
#11116 = ORIENTED_EDGE('',*,*,#197,.T.);
#11117 = ORIENTED_EDGE('',*,*,#11086,.F.);
#11118 = ORIENTED_EDGE('',*,*,#11119,.F.);
#11119 = EDGE_CURVE('',#11110,#11087,#11120,.T.);
#11120 = LINE('',#11121,#11122);
#11121 = CARTESIAN_POINT('',(129.56654049613,-30.94283487617,0.));
#11122 = VECTOR('',#11123,1.);
#11123 = DIRECTION('',(0.474556198408,0.880225206724,0.));
#11124 = PLANE('',#11125);
#11125 = AXIS2_PLACEMENT_3D('',#11126,#11127,#11128);
#11126 = CARTESIAN_POINT('',(129.56654049613,-30.94283487617,0.));
#11127 = DIRECTION('',(-0.880225206724,0.474556198408,0.));
#11128 = DIRECTION('',(0.474556198408,0.880225206724,0.));
#11129 = ADVANCED_FACE('',(#11130),#11149,.T.);
#11130 = FACE_BOUND('',#11131,.T.);
#11131 = EDGE_LOOP('',(#11132,#11133,#11134,#11142));
#11132 = ORIENTED_EDGE('',*,*,#11109,.T.);
#11133 = ORIENTED_EDGE('',*,*,#188,.T.);
#11134 = ORIENTED_EDGE('',*,*,#11135,.F.);
#11135 = EDGE_CURVE('',#11136,#181,#11138,.T.);
#11136 = VERTEX_POINT('',#11137);
#11137 = CARTESIAN_POINT('',(129.44364985712,-31.14602273882,0.));
#11138 = LINE('',#11139,#11140);
#11139 = CARTESIAN_POINT('',(129.44364985712,-31.14602273882,0.));
#11140 = VECTOR('',#11141,1.);
#11141 = DIRECTION('',(0.,0.,1.));
#11142 = ORIENTED_EDGE('',*,*,#11143,.F.);
#11143 = EDGE_CURVE('',#11110,#11136,#11144,.T.);
#11144 = CIRCLE('',#11145,2.4);
#11145 = AXIS2_PLACEMENT_3D('',#11146,#11147,#11148);
#11146 = CARTESIAN_POINT('',(127.454,-29.8039,0.));
#11147 = DIRECTION('',(0.,0.,-1.));
#11148 = DIRECTION('',(0.474556198408,0.880225206724,0.));
#11149 = CYLINDRICAL_SURFACE('',#11150,2.4);
#11150 = AXIS2_PLACEMENT_3D('',#11151,#11152,#11153);
#11151 = CARTESIAN_POINT('',(127.454,-29.8039,0.));
#11152 = DIRECTION('',(0.,0.,-1.));
#11153 = DIRECTION('',(0.474556198408,0.880225206724,0.));
#11154 = ADVANCED_FACE('',(#11155),#11173,.F.);
#11155 = FACE_BOUND('',#11156,.F.);
#11156 = EDGE_LOOP('',(#11157,#11165,#11166,#11167));
#11157 = ORIENTED_EDGE('',*,*,#11158,.T.);
#11158 = EDGE_CURVE('',#11159,#172,#11161,.T.);
#11159 = VERTEX_POINT('',#11160);
#11160 = CARTESIAN_POINT('',(117.83264985712,-48.35892273882,0.));
#11161 = LINE('',#11162,#11163);
#11162 = CARTESIAN_POINT('',(117.83264985712,-48.35892273882,0.));
#11163 = VECTOR('',#11164,1.);
#11164 = DIRECTION('',(0.,0.,1.));
#11165 = ORIENTED_EDGE('',*,*,#180,.T.);
#11166 = ORIENTED_EDGE('',*,*,#11135,.F.);
#11167 = ORIENTED_EDGE('',*,*,#11168,.F.);
#11168 = EDGE_CURVE('',#11159,#11136,#11169,.T.);
#11169 = LINE('',#11170,#11171);
#11170 = CARTESIAN_POINT('',(117.83264985712,-48.35892273882,0.));
#11171 = VECTOR('',#11172,1.);
#11172 = DIRECTION('',(0.559217807842,0.8290207738,0.));
#11173 = PLANE('',#11174);
#11174 = AXIS2_PLACEMENT_3D('',#11175,#11176,#11177);
#11175 = CARTESIAN_POINT('',(117.83264985712,-48.35892273882,0.));
#11176 = DIRECTION('',(-0.8290207738,0.559217807842,0.));
#11177 = DIRECTION('',(0.559217807842,0.8290207738,0.));
#11178 = ADVANCED_FACE('',(#11179),#11198,.T.);
#11179 = FACE_BOUND('',#11180,.T.);
#11180 = EDGE_LOOP('',(#11181,#11182,#11183,#11191));
#11181 = ORIENTED_EDGE('',*,*,#11158,.T.);
#11182 = ORIENTED_EDGE('',*,*,#171,.T.);
#11183 = ORIENTED_EDGE('',*,*,#11184,.F.);
#11184 = EDGE_CURVE('',#11185,#164,#11187,.T.);
#11185 = VERTEX_POINT('',#11186);
#11186 = CARTESIAN_POINT('',(117.69161450712,-48.54736342699,0.));
#11187 = LINE('',#11188,#11189);
#11188 = CARTESIAN_POINT('',(117.69161450712,-48.54736342699,0.));
#11189 = VECTOR('',#11190,1.);
#11190 = DIRECTION('',(0.,0.,1.));
#11191 = ORIENTED_EDGE('',*,*,#11192,.F.);
#11192 = EDGE_CURVE('',#11159,#11185,#11193,.T.);
#11193 = CIRCLE('',#11194,2.4);
#11194 = AXIS2_PLACEMENT_3D('',#11195,#11196,#11197);
#11195 = CARTESIAN_POINT('',(115.843,-47.0168,0.));
#11196 = DIRECTION('',(0.,0.,-1.));
#11197 = DIRECTION('',(0.559217807842,0.8290207738,0.));
#11198 = CYLINDRICAL_SURFACE('',#11199,2.4);
#11199 = AXIS2_PLACEMENT_3D('',#11200,#11201,#11202);
#11200 = CARTESIAN_POINT('',(115.843,-47.0168,0.));
#11201 = DIRECTION('',(0.,0.,-1.));
#11202 = DIRECTION('',(0.559217807842,0.8290207738,0.));
#11203 = ADVANCED_FACE('',(#11204),#11222,.F.);
#11204 = FACE_BOUND('',#11205,.F.);
#11205 = EDGE_LOOP('',(#11206,#11214,#11215,#11216));
#11206 = ORIENTED_EDGE('',*,*,#11207,.T.);
#11207 = EDGE_CURVE('',#11208,#155,#11210,.T.);
#11208 = VERTEX_POINT('',#11209);
#11209 = CARTESIAN_POINT('',(117.19161450712,-49.15126342699,0.));
#11210 = LINE('',#11211,#11212);
#11211 = CARTESIAN_POINT('',(117.19161450712,-49.15126342699,0.));
#11212 = VECTOR('',#11213,1.);
#11213 = DIRECTION('',(0.,0.,1.));
#11214 = ORIENTED_EDGE('',*,*,#163,.T.);
#11215 = ORIENTED_EDGE('',*,*,#11184,.F.);
#11216 = ORIENTED_EDGE('',*,*,#11217,.F.);
#11217 = EDGE_CURVE('',#11208,#11185,#11218,.T.);
#11218 = LINE('',#11219,#11220);
#11219 = CARTESIAN_POINT('',(117.19161450712,-49.15126342699,0.));
#11220 = VECTOR('',#11221,1.);
#11221 = DIRECTION('',(0.637734761248,0.770256044635,0.));
#11222 = PLANE('',#11223);
#11223 = AXIS2_PLACEMENT_3D('',#11224,#11225,#11226);
#11224 = CARTESIAN_POINT('',(117.19161450712,-49.15126342699,0.));
#11225 = DIRECTION('',(-0.770256044635,0.637734761248,0.));
#11226 = DIRECTION('',(0.637734761248,0.770256044635,0.));
#11227 = ADVANCED_FACE('',(#11228),#11247,.T.);
#11228 = FACE_BOUND('',#11229,.T.);
#11229 = EDGE_LOOP('',(#11230,#11231,#11232,#11240));
#11230 = ORIENTED_EDGE('',*,*,#11207,.T.);
#11231 = ORIENTED_EDGE('',*,*,#154,.T.);
#11232 = ORIENTED_EDGE('',*,*,#11233,.F.);
#11233 = EDGE_CURVE('',#11234,#147,#11236,.T.);
#11234 = VERTEX_POINT('',#11235);
#11235 = CARTESIAN_POINT('',(116.85789717354,-49.4821742957,0.));
#11236 = LINE('',#11237,#11238);
#11237 = CARTESIAN_POINT('',(116.85789717354,-49.4821742957,0.));
#11238 = VECTOR('',#11239,1.);
#11239 = DIRECTION('',(0.,0.,1.));
#11240 = ORIENTED_EDGE('',*,*,#11241,.F.);
#11241 = EDGE_CURVE('',#11208,#11234,#11242,.T.);
#11242 = CIRCLE('',#11243,2.4);
#11243 = AXIS2_PLACEMENT_3D('',#11244,#11245,#11246);
#11244 = CARTESIAN_POINT('',(115.343,-47.6207,0.));
#11245 = DIRECTION('',(0.,0.,-1.));
#11246 = DIRECTION('',(0.637734761248,0.770256044635,0.));
#11247 = CYLINDRICAL_SURFACE('',#11248,2.4);
#11248 = AXIS2_PLACEMENT_3D('',#11249,#11250,#11251);
#11249 = CARTESIAN_POINT('',(115.343,-47.6207,0.));
#11250 = DIRECTION('',(0.,0.,-1.));
#11251 = DIRECTION('',(0.637734761248,0.770256044635,0.));
#11252 = ADVANCED_FACE('',(#11253),#11271,.F.);
#11253 = FACE_BOUND('',#11254,.F.);
#11254 = EDGE_LOOP('',(#11255,#11263,#11264,#11265));
#11255 = ORIENTED_EDGE('',*,*,#11256,.T.);
#11256 = EDGE_CURVE('',#11257,#138,#11259,.T.);
#11257 = VERTEX_POINT('',#11258);
#11258 = CARTESIAN_POINT('',(116.24989717354,-49.9769742957,0.));
#11259 = LINE('',#11260,#11261);
#11260 = CARTESIAN_POINT('',(116.24989717354,-49.9769742957,0.));
#11261 = VECTOR('',#11262,1.);
#11262 = DIRECTION('',(0.,0.,1.));
#11263 = ORIENTED_EDGE('',*,*,#146,.T.);
#11264 = ORIENTED_EDGE('',*,*,#11233,.F.);
#11265 = ORIENTED_EDGE('',*,*,#11266,.F.);
#11266 = EDGE_CURVE('',#11257,#11234,#11267,.T.);
#11267 = LINE('',#11268,#11269);
#11268 = CARTESIAN_POINT('',(116.24989717354,-49.9769742957,0.));
#11269 = VECTOR('',#11270,1.);
#11270 = DIRECTION('',(0.775614289878,0.631207155644,0.));
#11271 = PLANE('',#11272);
#11272 = AXIS2_PLACEMENT_3D('',#11273,#11274,#11275);
#11273 = CARTESIAN_POINT('',(116.24989717354,-49.9769742957,0.));
#11274 = DIRECTION('',(-0.631207155644,0.775614289878,0.));
#11275 = DIRECTION('',(0.775614289878,0.631207155644,0.));
#11276 = ADVANCED_FACE('',(#11277),#11289,.T.);
#11277 = FACE_BOUND('',#11278,.T.);
#11278 = EDGE_LOOP('',(#11279,#11280,#11281,#11282));
#11279 = ORIENTED_EDGE('',*,*,#11256,.T.);
#11280 = ORIENTED_EDGE('',*,*,#137,.T.);
#11281 = ORIENTED_EDGE('',*,*,#4147,.F.);
#11282 = ORIENTED_EDGE('',*,*,#11283,.F.);
#11283 = EDGE_CURVE('',#11257,#4148,#11284,.T.);
#11284 = CIRCLE('',#11285,2.4);
#11285 = AXIS2_PLACEMENT_3D('',#11286,#11287,#11288);
#11286 = CARTESIAN_POINT('',(114.735,-48.1155,0.));
#11287 = DIRECTION('',(0.,0.,-1.));
#11288 = DIRECTION('',(0.775614289878,0.631207155644,0.));
#11289 = CYLINDRICAL_SURFACE('',#11290,2.4);
#11290 = AXIS2_PLACEMENT_3D('',#11291,#11292,#11293);
#11291 = CARTESIAN_POINT('',(114.735,-48.1155,0.));
#11292 = DIRECTION('',(0.,0.,-1.));
#11293 = DIRECTION('',(0.775614289878,0.631207155644,0.));
#11294 = ADVANCED_FACE('',(#11295),#11313,.F.);
#11295 = FACE_BOUND('',#11296,.F.);
#11296 = EDGE_LOOP('',(#11297,#11305,#11311,#11312));
#11297 = ORIENTED_EDGE('',*,*,#11298,.F.);
#11298 = EDGE_CURVE('',#11299,#4181,#11301,.T.);
#11299 = VERTEX_POINT('',#11300);
#11300 = CARTESIAN_POINT('',(111.48422207526,-51.08708208331,7.4));
#11301 = LINE('',#11302,#11303);
#11302 = CARTESIAN_POINT('',(111.59235430529,-51.09821415776,7.4));
#11303 = VECTOR('',#11304,1.);
#11304 = DIRECTION('',(0.994742534713,-0.102407468638,0.));
#11305 = ORIENTED_EDGE('',*,*,#11306,.T.);
#11306 = EDGE_CURVE('',#11299,#2583,#11307,.T.);
#11307 = LINE('',#11308,#11309);
#11308 = CARTESIAN_POINT('',(111.48422207526,-51.08708208331,0.));
#11309 = VECTOR('',#11310,1.);
#11310 = DIRECTION('',(0.,0.,1.));
#11311 = ORIENTED_EDGE('',*,*,#2591,.T.);
#11312 = ORIENTED_EDGE('',*,*,#4180,.F.);
#11313 = PLANE('',#11314);
#11314 = AXIS2_PLACEMENT_3D('',#11315,#11316,#11317);
#11315 = CARTESIAN_POINT('',(111.48422207526,-51.08708208331,0.));
#11316 = DIRECTION('',(0.102407468638,0.994742534713,0.));
#11317 = DIRECTION('',(0.994742534713,-0.102407468638,0.));
#11318 = ADVANCED_FACE('',(#11319),#11331,.T.);
#11319 = FACE_BOUND('',#11320,.T.);
#11320 = EDGE_LOOP('',(#11321,#11328,#11329,#11330));
#11321 = ORIENTED_EDGE('',*,*,#11322,.F.);
#11322 = EDGE_CURVE('',#11299,#4229,#11323,.T.);
#11323 = CIRCLE('',#11324,2.4);
#11324 = AXIS2_PLACEMENT_3D('',#11325,#11326,#11327);
#11325 = CARTESIAN_POINT('',(111.73,-48.6997,7.4));
#11326 = DIRECTION('',(0.,0.,-1.));
#11327 = DIRECTION('',(0.994742534713,-0.102407468638,0.));
#11328 = ORIENTED_EDGE('',*,*,#11306,.T.);
#11329 = ORIENTED_EDGE('',*,*,#2582,.T.);
#11330 = ORIENTED_EDGE('',*,*,#4228,.F.);
#11331 = CYLINDRICAL_SURFACE('',#11332,2.4);
#11332 = AXIS2_PLACEMENT_3D('',#11333,#11334,#11335);
#11333 = CARTESIAN_POINT('',(111.73,-48.6997,0.));
#11334 = DIRECTION('',(0.,0.,-1.));
#11335 = DIRECTION('',(0.994742534713,-0.102407468638,0.));
#11336 = ADVANCED_FACE('',(#11337),#11356,.T.);
#11337 = FACE_BOUND('',#11338,.T.);
#11338 = EDGE_LOOP('',(#11339,#11348,#11354,#11355));
#11339 = ORIENTED_EDGE('',*,*,#11340,.F.);
#11340 = EDGE_CURVE('',#11341,#10010,#11343,.T.);
#11341 = VERTEX_POINT('',#11342);
#11342 = CARTESIAN_POINT('',(119.47608565505,17.680062008145,7.4));
#11343 = CIRCLE('',#11344,2.4);
#11344 = AXIS2_PLACEMENT_3D('',#11345,#11346,#11347);
#11345 = CARTESIAN_POINT('',(118.78,19.9769,7.4));
#11346 = DIRECTION('',(0.,0.,-1.));
#11347 = DIRECTION('',(0.957015829939,0.290035689606,0.));
#11348 = ORIENTED_EDGE('',*,*,#11349,.T.);
#11349 = EDGE_CURVE('',#11341,#580,#11350,.T.);
#11350 = LINE('',#11351,#11352);
#11351 = CARTESIAN_POINT('',(119.47608565505,17.680062008145,0.));
#11352 = VECTOR('',#11353,1.);
#11353 = DIRECTION('',(0.,0.,1.));
#11354 = ORIENTED_EDGE('',*,*,#579,.T.);
#11355 = ORIENTED_EDGE('',*,*,#10009,.F.);
#11356 = CYLINDRICAL_SURFACE('',#11357,2.4);
#11357 = AXIS2_PLACEMENT_3D('',#11358,#11359,#11360);
#11358 = CARTESIAN_POINT('',(118.78,19.9769,0.));
#11359 = DIRECTION('',(0.,0.,-1.));
#11360 = DIRECTION('',(0.957015829939,0.290035689606,0.));
#11361 = ADVANCED_FACE('',(#11362),#11380,.F.);
#11362 = FACE_BOUND('',#11363,.F.);
#11363 = EDGE_LOOP('',(#11364,#11372,#11373,#11374));
#11364 = ORIENTED_EDGE('',*,*,#11365,.F.);
#11365 = EDGE_CURVE('',#11341,#11366,#11368,.T.);
#11366 = VERTEX_POINT('',#11367);
#11367 = CARTESIAN_POINT('',(120.22708565505,17.907662008145,7.4));
#11368 = LINE('',#11369,#11370);
#11369 = CARTESIAN_POINT('',(119.86452187086,17.797782491126,7.4));
#11370 = VECTOR('',#11371,1.);
#11371 = DIRECTION('',(0.957015829939,0.290035689606,0.));
#11372 = ORIENTED_EDGE('',*,*,#11349,.T.);
#11373 = ORIENTED_EDGE('',*,*,#588,.T.);
#11374 = ORIENTED_EDGE('',*,*,#11375,.F.);
#11375 = EDGE_CURVE('',#11366,#589,#11376,.T.);
#11376 = LINE('',#11377,#11378);
#11377 = CARTESIAN_POINT('',(120.22708565505,17.907662008145,0.));
#11378 = VECTOR('',#11379,1.);
#11379 = DIRECTION('',(0.,0.,1.));
#11380 = PLANE('',#11381);
#11381 = AXIS2_PLACEMENT_3D('',#11382,#11383,#11384);
#11382 = CARTESIAN_POINT('',(119.47608565505,17.680062008145,0.));
#11383 = DIRECTION('',(-0.290035689606,0.957015829939,0.));
#11384 = DIRECTION('',(0.957015829939,0.290035689606,0.));
#11385 = ADVANCED_FACE('',(#11386),#11405,.T.);
#11386 = FACE_BOUND('',#11387,.T.);
#11387 = EDGE_LOOP('',(#11388,#11397,#11403,#11404));
#11388 = ORIENTED_EDGE('',*,*,#11389,.F.);
#11389 = EDGE_CURVE('',#11390,#11366,#11392,.T.);
#11390 = VERTEX_POINT('',#11391);
#11391 = CARTESIAN_POINT('',(120.66295432477,18.088210935006,7.4));
#11392 = CIRCLE('',#11393,2.4);
#11393 = AXIS2_PLACEMENT_3D('',#11394,#11395,#11396);
#11394 = CARTESIAN_POINT('',(119.531,20.2045,7.4));
#11395 = DIRECTION('',(0.,0.,-1.));
#11396 = DIRECTION('',(0.881787110414,0.471647635324,0.));
#11397 = ORIENTED_EDGE('',*,*,#11398,.T.);
#11398 = EDGE_CURVE('',#11390,#597,#11399,.T.);
#11399 = LINE('',#11400,#11401);
#11400 = CARTESIAN_POINT('',(120.66295432477,18.088210935006,0.));
#11401 = VECTOR('',#11402,1.);
#11402 = DIRECTION('',(0.,0.,1.));
#11403 = ORIENTED_EDGE('',*,*,#596,.T.);
#11404 = ORIENTED_EDGE('',*,*,#11375,.F.);
#11405 = CYLINDRICAL_SURFACE('',#11406,2.4);
#11406 = AXIS2_PLACEMENT_3D('',#11407,#11408,#11409);
#11407 = CARTESIAN_POINT('',(119.531,20.2045,0.));
#11408 = DIRECTION('',(0.,0.,-1.));
#11409 = DIRECTION('',(0.881787110414,0.471647635324,0.));
#11410 = ADVANCED_FACE('',(#11411),#11429,.F.);
#11411 = FACE_BOUND('',#11412,.F.);
#11412 = EDGE_LOOP('',(#11413,#11421,#11422,#11423));
#11413 = ORIENTED_EDGE('',*,*,#11414,.F.);
#11414 = EDGE_CURVE('',#11390,#11415,#11417,.T.);
#11415 = VERTEX_POINT('',#11416);
#11416 = CARTESIAN_POINT('',(121.35395432477,18.457810935006,7.4));
#11417 = LINE('',#11418,#11419);
#11418 = CARTESIAN_POINT('',(120.69155584463,18.103509229854,7.4));
#11419 = VECTOR('',#11420,1.);
#11420 = DIRECTION('',(0.881787110414,0.471647635324,0.));
#11421 = ORIENTED_EDGE('',*,*,#11398,.T.);
#11422 = ORIENTED_EDGE('',*,*,#605,.T.);
#11423 = ORIENTED_EDGE('',*,*,#11424,.F.);
#11424 = EDGE_CURVE('',#11415,#606,#11425,.T.);
#11425 = LINE('',#11426,#11427);
#11426 = CARTESIAN_POINT('',(121.35395432477,18.457810935006,0.));
#11427 = VECTOR('',#11428,1.);
#11428 = DIRECTION('',(0.,0.,1.));
#11429 = PLANE('',#11430);
#11430 = AXIS2_PLACEMENT_3D('',#11431,#11432,#11433);
#11431 = CARTESIAN_POINT('',(120.66295432477,18.088210935006,0.));
#11432 = DIRECTION('',(-0.471647635324,0.881787110414,0.));
#11433 = DIRECTION('',(0.881787110414,0.471647635324,0.));
#11434 = ADVANCED_FACE('',(#11435),#11447,.T.);
#11435 = FACE_BOUND('',#11436,.T.);
#11436 = EDGE_LOOP('',(#11437,#11444,#11445,#11446));
#11437 = ORIENTED_EDGE('',*,*,#11438,.F.);
#11438 = EDGE_CURVE('',#9953,#11415,#11439,.T.);
#11439 = CIRCLE('',#11440,2.4);
#11440 = AXIS2_PLACEMENT_3D('',#11441,#11442,#11443);
#11441 = CARTESIAN_POINT('',(120.222,20.5741,7.4));
#11442 = DIRECTION('',(0.,0.,-1.));
#11443 = DIRECTION('',(0.77290495764,0.634521809283,0.));
#11444 = ORIENTED_EDGE('',*,*,#9962,.T.);
#11445 = ORIENTED_EDGE('',*,*,#613,.T.);
#11446 = ORIENTED_EDGE('',*,*,#11424,.F.);
#11447 = CYLINDRICAL_SURFACE('',#11448,2.4);
#11448 = AXIS2_PLACEMENT_3D('',#11449,#11450,#11451);
#11449 = CARTESIAN_POINT('',(120.222,20.5741,0.));
#11450 = DIRECTION('',(0.,0.,-1.));
#11451 = DIRECTION('',(0.77290495764,0.634521809283,0.));
#11452 = ADVANCED_FACE('',(#11453),#11472,.T.);
#11453 = FACE_BOUND('',#11454,.T.);
#11454 = EDGE_LOOP('',(#11455,#11464,#11470,#11471));
#11455 = ORIENTED_EDGE('',*,*,#11456,.F.);
#11456 = EDGE_CURVE('',#11457,#9408,#11459,.T.);
#11457 = VERTEX_POINT('',#11458);
#11458 = CARTESIAN_POINT('',(120.22708565505,62.992337991855,7.4));
#11459 = CIRCLE('',#11460,2.4);
#11460 = AXIS2_PLACEMENT_3D('',#11461,#11462,#11463);
#11461 = CARTESIAN_POINT('',(119.531,60.6955,7.4));
#11462 = DIRECTION('',(0.,0.,-1.));
#11463 = DIRECTION('',(-0.957015829939,0.290035689606,0.));
#11464 = ORIENTED_EDGE('',*,*,#11465,.T.);
#11465 = EDGE_CURVE('',#11457,#818,#11466,.T.);
#11466 = LINE('',#11467,#11468);
#11467 = CARTESIAN_POINT('',(120.22708565505,62.992337991855,0.));
#11468 = VECTOR('',#11469,1.);
#11469 = DIRECTION('',(0.,0.,1.));
#11470 = ORIENTED_EDGE('',*,*,#817,.T.);
#11471 = ORIENTED_EDGE('',*,*,#9407,.F.);
#11472 = CYLINDRICAL_SURFACE('',#11473,2.4);
#11473 = AXIS2_PLACEMENT_3D('',#11474,#11475,#11476);
#11474 = CARTESIAN_POINT('',(119.531,60.6955,0.));
#11475 = DIRECTION('',(0.,0.,-1.));
#11476 = DIRECTION('',(-0.957015829939,0.290035689606,0.));
#11477 = ADVANCED_FACE('',(#11478),#11496,.F.);
#11478 = FACE_BOUND('',#11479,.F.);
#11479 = EDGE_LOOP('',(#11480,#11488,#11489,#11490));
#11480 = ORIENTED_EDGE('',*,*,#11481,.F.);
#11481 = EDGE_CURVE('',#11457,#11482,#11484,.T.);
#11482 = VERTEX_POINT('',#11483);
#11483 = CARTESIAN_POINT('',(119.47608565505,63.219937991855,7.4));
#11484 = LINE('',#11485,#11486);
#11485 = CARTESIAN_POINT('',(120.01105204617,63.057809695424,7.4));
#11486 = VECTOR('',#11487,1.);
#11487 = DIRECTION('',(-0.957015829939,0.290035689606,0.));
#11488 = ORIENTED_EDGE('',*,*,#11465,.T.);
#11489 = ORIENTED_EDGE('',*,*,#826,.T.);
#11490 = ORIENTED_EDGE('',*,*,#11491,.F.);
#11491 = EDGE_CURVE('',#11482,#827,#11492,.T.);
#11492 = LINE('',#11493,#11494);
#11493 = CARTESIAN_POINT('',(119.47608565505,63.219937991855,0.));
#11494 = VECTOR('',#11495,1.);
#11495 = DIRECTION('',(0.,0.,1.));
#11496 = PLANE('',#11497);
#11497 = AXIS2_PLACEMENT_3D('',#11498,#11499,#11500);
#11498 = CARTESIAN_POINT('',(120.22708565505,62.992337991855,0.));
#11499 = DIRECTION('',(-0.290035689606,-0.957015829939,0.));
#11500 = DIRECTION('',(-0.957015829939,0.290035689606,0.));
#11501 = ADVANCED_FACE('',(#11502),#11521,.T.);
#11502 = FACE_BOUND('',#11503,.T.);
#11503 = EDGE_LOOP('',(#11504,#11513,#11519,#11520));
#11504 = ORIENTED_EDGE('',*,*,#11505,.F.);
#11505 = EDGE_CURVE('',#11506,#11482,#11508,.T.);
#11506 = VERTEX_POINT('',#11507);
#11507 = CARTESIAN_POINT('',(119.01547375693,63.311520421491,7.4));
#11508 = CIRCLE('',#11509,2.4);
#11509 = AXIS2_PLACEMENT_3D('',#11510,#11511,#11512);
#11510 = CARTESIAN_POINT('',(118.78,60.9231,7.4));
#11511 = DIRECTION('',(0.,0.,-1.));
#11512 = DIRECTION('',(-0.995175175621,9.811406539136E-02,0.));
#11513 = ORIENTED_EDGE('',*,*,#11514,.T.);
#11514 = EDGE_CURVE('',#11506,#835,#11515,.T.);
#11515 = LINE('',#11516,#11517);
#11516 = CARTESIAN_POINT('',(119.01547375693,63.311520421491,0.));
#11517 = VECTOR('',#11518,1.);
#11518 = DIRECTION('',(0.,0.,1.));
#11519 = ORIENTED_EDGE('',*,*,#834,.T.);
#11520 = ORIENTED_EDGE('',*,*,#11491,.F.);
#11521 = CYLINDRICAL_SURFACE('',#11522,2.4);
#11522 = AXIS2_PLACEMENT_3D('',#11523,#11524,#11525);
#11523 = CARTESIAN_POINT('',(118.78,60.9231,0.));
#11524 = DIRECTION('',(0.,0.,-1.));
#11525 = DIRECTION('',(-0.995175175621,9.811406539136E-02,0.));
#11526 = ADVANCED_FACE('',(#11527),#11538,.F.);
#11527 = FACE_BOUND('',#11528,.F.);
#11528 = EDGE_LOOP('',(#11529,#11535,#11536,#11537));
#11529 = ORIENTED_EDGE('',*,*,#11530,.F.);
#11530 = EDGE_CURVE('',#11506,#9360,#11531,.T.);
#11531 = LINE('',#11532,#11533);
#11532 = CARTESIAN_POINT('',(119.14507074259,63.298743487905,7.4));
#11533 = VECTOR('',#11534,1.);
#11534 = DIRECTION('',(-0.995175175621,9.811406539136E-02,0.));
#11535 = ORIENTED_EDGE('',*,*,#11514,.T.);
#11536 = ORIENTED_EDGE('',*,*,#843,.T.);
#11537 = ORIENTED_EDGE('',*,*,#9359,.F.);
#11538 = PLANE('',#11539);
#11539 = AXIS2_PLACEMENT_3D('',#11540,#11541,#11542);
#11540 = CARTESIAN_POINT('',(119.01547375693,63.311520421491,0.));
#11541 = DIRECTION('',(-9.811406539136E-02,-0.995175175621,0.));
#11542 = DIRECTION('',(-0.995175175621,9.811406539136E-02,0.));
#11543 = ADVANCED_FACE('',(#11544),#11569,.T.);
#11544 = FACE_BOUND('',#11545,.T.);
#11545 = EDGE_LOOP('',(#11546,#11556,#11562,#11563));
#11546 = ORIENTED_EDGE('',*,*,#11547,.F.);
#11547 = EDGE_CURVE('',#11548,#11550,#11552,.T.);
#11548 = VERTEX_POINT('',#11549);
#11549 = CARTESIAN_POINT('',(114.042,-48.4822,7.4));
#11550 = VERTEX_POINT('',#11551);
#11551 = CARTESIAN_POINT('',(114.735,-48.1155,7.4));
#11552 = LINE('',#11553,#11554);
#11553 = CARTESIAN_POINT('',(113.30267312016,-48.87341380495,7.4));
#11554 = VECTOR('',#11555,1.);
#11555 = DIRECTION('',(0.883884073198,0.467706045659,0.));
#11556 = ORIENTED_EDGE('',*,*,#11557,.T.);
#11557 = EDGE_CURVE('',#11548,#2620,#11558,.T.);
#11558 = LINE('',#11559,#11560);
#11559 = CARTESIAN_POINT('',(114.042,-48.4822,2.5));
#11560 = VECTOR('',#11561,1.);
#11561 = DIRECTION('',(0.,0.,1.));
#11562 = ORIENTED_EDGE('',*,*,#2617,.F.);
#11563 = ORIENTED_EDGE('',*,*,#11564,.F.);
#11564 = EDGE_CURVE('',#11550,#2618,#11565,.T.);
#11565 = LINE('',#11566,#11567);
#11566 = CARTESIAN_POINT('',(114.735,-48.1155,2.5));
#11567 = VECTOR('',#11568,1.);
#11568 = DIRECTION('',(0.,0.,1.));
#11569 = PLANE('',#11570);
#11570 = AXIS2_PLACEMENT_3D('',#11571,#11572,#11573);
#11571 = CARTESIAN_POINT('',(114.042,-48.4822,2.5));
#11572 = DIRECTION('',(-0.467706045659,0.883884073198,0.));
#11573 = DIRECTION('',(0.883884073198,0.467706045659,0.));
#11574 = ADVANCED_FACE('',(#11575),#11609,.T.);
#11575 = FACE_BOUND('',#11576,.T.);
#11576 = EDGE_LOOP('',(#11577,#11587,#11595,#11601,#11602,#11603));
#11577 = ORIENTED_EDGE('',*,*,#11578,.F.);
#11578 = EDGE_CURVE('',#11579,#11581,#11583,.T.);
#11579 = VERTEX_POINT('',#11580);
#11580 = CARTESIAN_POINT('',(114.98606475807,-47.9111795357,2.5));
#11581 = VERTEX_POINT('',#11582);
#11582 = CARTESIAN_POINT('',(115.343,-47.6207,2.5));
#11583 = LINE('',#11584,#11585);
#11584 = CARTESIAN_POINT('',(114.735,-48.1155,2.5));
#11585 = VECTOR('',#11586,1.);
#11586 = DIRECTION('',(0.775614289878,0.631207155644,0.));
#11587 = ORIENTED_EDGE('',*,*,#11588,.F.);
#11588 = EDGE_CURVE('',#11589,#11579,#11591,.T.);
#11589 = VERTEX_POINT('',#11590);
#11590 = CARTESIAN_POINT('',(114.98606475807,-47.9111795357,7.4));
#11591 = LINE('',#11592,#11593);
#11592 = CARTESIAN_POINT('',(114.98606475807,-47.9111795357,0.));
#11593 = VECTOR('',#11594,1.);
#11594 = DIRECTION('',(-0.,-0.,-1.));
#11595 = ORIENTED_EDGE('',*,*,#11596,.F.);
#11596 = EDGE_CURVE('',#11550,#11589,#11597,.T.);
#11597 = LINE('',#11598,#11599);
#11598 = CARTESIAN_POINT('',(113.89165826079,-48.80182482328,7.4));
#11599 = VECTOR('',#11600,1.);
#11600 = DIRECTION('',(0.775614289878,0.631207155644,0.));
#11601 = ORIENTED_EDGE('',*,*,#11564,.T.);
#11602 = ORIENTED_EDGE('',*,*,#4107,.F.);
#11603 = ORIENTED_EDGE('',*,*,#11604,.F.);
#11604 = EDGE_CURVE('',#11581,#4100,#11605,.T.);
#11605 = LINE('',#11606,#11607);
#11606 = CARTESIAN_POINT('',(115.343,-47.6207,2.5));
#11607 = VECTOR('',#11608,1.);
#11608 = DIRECTION('',(0.,0.,1.));
#11609 = PLANE('',#11610);
#11610 = AXIS2_PLACEMENT_3D('',#11611,#11612,#11613);
#11611 = CARTESIAN_POINT('',(114.735,-48.1155,2.5));
#11612 = DIRECTION('',(-0.631207155644,0.775614289878,0.));
#11613 = DIRECTION('',(0.775614289878,0.631207155644,0.));
#11614 = ADVANCED_FACE('',(#11615),#11633,.T.);
#11615 = FACE_BOUND('',#11616,.T.);
#11616 = EDGE_LOOP('',(#11617,#11625,#11626,#11627));
#11617 = ORIENTED_EDGE('',*,*,#11618,.F.);
#11618 = EDGE_CURVE('',#11581,#11619,#11621,.T.);
#11619 = VERTEX_POINT('',#11620);
#11620 = CARTESIAN_POINT('',(115.843,-47.0168,2.5));
#11621 = LINE('',#11622,#11623);
#11622 = CARTESIAN_POINT('',(115.343,-47.6207,2.5));
#11623 = VECTOR('',#11624,1.);
#11624 = DIRECTION('',(0.637734761248,0.770256044635,0.));
#11625 = ORIENTED_EDGE('',*,*,#11604,.T.);
#11626 = ORIENTED_EDGE('',*,*,#4099,.F.);
#11627 = ORIENTED_EDGE('',*,*,#11628,.F.);
#11628 = EDGE_CURVE('',#11619,#4092,#11629,.T.);
#11629 = LINE('',#11630,#11631);
#11630 = CARTESIAN_POINT('',(115.843,-47.0168,2.5));
#11631 = VECTOR('',#11632,1.);
#11632 = DIRECTION('',(0.,0.,1.));
#11633 = PLANE('',#11634);
#11634 = AXIS2_PLACEMENT_3D('',#11635,#11636,#11637);
#11635 = CARTESIAN_POINT('',(115.343,-47.6207,2.5));
#11636 = DIRECTION('',(-0.770256044635,0.637734761248,0.));
#11637 = DIRECTION('',(0.637734761248,0.770256044635,0.));
#11638 = ADVANCED_FACE('',(#11639),#11657,.T.);
#11639 = FACE_BOUND('',#11640,.T.);
#11640 = EDGE_LOOP('',(#11641,#11649,#11650,#11651));
#11641 = ORIENTED_EDGE('',*,*,#11642,.F.);
#11642 = EDGE_CURVE('',#11619,#11643,#11645,.T.);
#11643 = VERTEX_POINT('',#11644);
#11644 = CARTESIAN_POINT('',(127.454,-29.8039,2.5));
#11645 = LINE('',#11646,#11647);
#11646 = CARTESIAN_POINT('',(115.843,-47.0168,2.5));
#11647 = VECTOR('',#11648,1.);
#11648 = DIRECTION('',(0.559217807842,0.8290207738,0.));
#11649 = ORIENTED_EDGE('',*,*,#11628,.T.);
#11650 = ORIENTED_EDGE('',*,*,#4091,.F.);
#11651 = ORIENTED_EDGE('',*,*,#11652,.F.);
#11652 = EDGE_CURVE('',#11643,#4084,#11653,.T.);
#11653 = LINE('',#11654,#11655);
#11654 = CARTESIAN_POINT('',(127.454,-29.8039,2.5));
#11655 = VECTOR('',#11656,1.);
#11656 = DIRECTION('',(0.,0.,1.));
#11657 = PLANE('',#11658);
#11658 = AXIS2_PLACEMENT_3D('',#11659,#11660,#11661);
#11659 = CARTESIAN_POINT('',(115.843,-47.0168,2.5));
#11660 = DIRECTION('',(-0.8290207738,0.559217807842,0.));
#11661 = DIRECTION('',(0.559217807842,0.8290207738,0.));
#11662 = ADVANCED_FACE('',(#11663),#11681,.T.);
#11663 = FACE_BOUND('',#11664,.T.);
#11664 = EDGE_LOOP('',(#11665,#11673,#11674,#11675));
#11665 = ORIENTED_EDGE('',*,*,#11666,.F.);
#11666 = EDGE_CURVE('',#11643,#11667,#11669,.T.);
#11667 = VERTEX_POINT('',#11668);
#11668 = CARTESIAN_POINT('',(127.826,-29.1139,2.5));
#11669 = LINE('',#11670,#11671);
#11670 = CARTESIAN_POINT('',(127.454,-29.8039,2.5));
#11671 = VECTOR('',#11672,1.);
#11672 = DIRECTION('',(0.474556198408,0.880225206724,0.));
#11673 = ORIENTED_EDGE('',*,*,#11652,.T.);
#11674 = ORIENTED_EDGE('',*,*,#4083,.F.);
#11675 = ORIENTED_EDGE('',*,*,#11676,.F.);
#11676 = EDGE_CURVE('',#11667,#4076,#11677,.T.);
#11677 = LINE('',#11678,#11679);
#11678 = CARTESIAN_POINT('',(127.826,-29.1139,2.5));
#11679 = VECTOR('',#11680,1.);
#11680 = DIRECTION('',(0.,0.,1.));
#11681 = PLANE('',#11682);
#11682 = AXIS2_PLACEMENT_3D('',#11683,#11684,#11685);
#11683 = CARTESIAN_POINT('',(127.454,-29.8039,2.5));
#11684 = DIRECTION('',(-0.880225206724,0.474556198408,0.));
#11685 = DIRECTION('',(0.474556198408,0.880225206724,0.));
#11686 = ADVANCED_FACE('',(#11687),#11705,.T.);
#11687 = FACE_BOUND('',#11688,.T.);
#11688 = EDGE_LOOP('',(#11689,#11697,#11698,#11699));
#11689 = ORIENTED_EDGE('',*,*,#11690,.F.);
#11690 = EDGE_CURVE('',#11667,#11691,#11693,.T.);
#11691 = VERTEX_POINT('',#11692);
#11692 = CARTESIAN_POINT('',(128.057,-28.3646,2.5));
#11693 = LINE('',#11694,#11695);
#11694 = CARTESIAN_POINT('',(127.826,-29.1139,2.5));
#11695 = VECTOR('',#11696,1.);
#11696 = DIRECTION('',(0.294605596197,0.955618931734,0.));
#11697 = ORIENTED_EDGE('',*,*,#11676,.T.);
#11698 = ORIENTED_EDGE('',*,*,#4075,.F.);
#11699 = ORIENTED_EDGE('',*,*,#11700,.F.);
#11700 = EDGE_CURVE('',#11691,#4068,#11701,.T.);
#11701 = LINE('',#11702,#11703);
#11702 = CARTESIAN_POINT('',(128.057,-28.3646,2.5));
#11703 = VECTOR('',#11704,1.);
#11704 = DIRECTION('',(0.,0.,1.));
#11705 = PLANE('',#11706);
#11706 = AXIS2_PLACEMENT_3D('',#11707,#11708,#11709);
#11707 = CARTESIAN_POINT('',(127.826,-29.1139,2.5));
#11708 = DIRECTION('',(-0.955618931734,0.294605596197,0.));
#11709 = DIRECTION('',(0.294605596197,0.955618931734,0.));
#11710 = ADVANCED_FACE('',(#11711),#11729,.T.);
#11711 = FACE_BOUND('',#11712,.T.);
#11712 = EDGE_LOOP('',(#11713,#11721,#11722,#11723));
#11713 = ORIENTED_EDGE('',*,*,#11714,.F.);
#11714 = EDGE_CURVE('',#11691,#11715,#11717,.T.);
#11715 = VERTEX_POINT('',#11716);
#11716 = CARTESIAN_POINT('',(128.137,-27.5846,2.5));
#11717 = LINE('',#11718,#11719);
#11718 = CARTESIAN_POINT('',(128.057,-28.3646,2.5));
#11719 = VECTOR('',#11720,1.);
#11720 = DIRECTION('',(0.102028865499,0.994781438611,0.));
#11721 = ORIENTED_EDGE('',*,*,#11700,.T.);
#11722 = ORIENTED_EDGE('',*,*,#4067,.F.);
#11723 = ORIENTED_EDGE('',*,*,#11724,.F.);
#11724 = EDGE_CURVE('',#11715,#4060,#11725,.T.);
#11725 = LINE('',#11726,#11727);
#11726 = CARTESIAN_POINT('',(128.137,-27.5846,2.5));
#11727 = VECTOR('',#11728,1.);
#11728 = DIRECTION('',(0.,0.,1.));
#11729 = PLANE('',#11730);
#11730 = AXIS2_PLACEMENT_3D('',#11731,#11732,#11733);
#11731 = CARTESIAN_POINT('',(128.057,-28.3646,2.5));
#11732 = DIRECTION('',(-0.994781438611,0.102028865499,0.));
#11733 = DIRECTION('',(0.102028865499,0.994781438611,0.));
#11734 = ADVANCED_FACE('',(#11735),#11753,.T.);
#11735 = FACE_BOUND('',#11736,.T.);
#11736 = EDGE_LOOP('',(#11737,#11745,#11746,#11747));
#11737 = ORIENTED_EDGE('',*,*,#11738,.F.);
#11738 = EDGE_CURVE('',#11715,#11739,#11741,.T.);
#11739 = VERTEX_POINT('',#11740);
#11740 = CARTESIAN_POINT('',(128.064,-26.8039,2.5));
#11741 = LINE('',#11742,#11743);
#11742 = CARTESIAN_POINT('',(128.137,-27.5846,2.5));
#11743 = VECTOR('',#11744,1.);
#11744 = DIRECTION('',(-9.309971265673E-02,0.995656790015,0.));
#11745 = ORIENTED_EDGE('',*,*,#11724,.T.);
#11746 = ORIENTED_EDGE('',*,*,#4059,.F.);
#11747 = ORIENTED_EDGE('',*,*,#11748,.F.);
#11748 = EDGE_CURVE('',#11739,#4052,#11749,.T.);
#11749 = LINE('',#11750,#11751);
#11750 = CARTESIAN_POINT('',(128.064,-26.8039,2.5));
#11751 = VECTOR('',#11752,1.);
#11752 = DIRECTION('',(0.,0.,1.));
#11753 = PLANE('',#11754);
#11754 = AXIS2_PLACEMENT_3D('',#11755,#11756,#11757);
#11755 = CARTESIAN_POINT('',(128.137,-27.5846,2.5));
#11756 = DIRECTION('',(-0.995656790015,-9.309971265673E-02,0.));
#11757 = DIRECTION('',(-9.309971265673E-02,0.995656790015,0.));
#11758 = ADVANCED_FACE('',(#11759),#11777,.T.);
#11759 = FACE_BOUND('',#11760,.T.);
#11760 = EDGE_LOOP('',(#11761,#11769,#11770,#11771));
#11761 = ORIENTED_EDGE('',*,*,#11762,.F.);
#11762 = EDGE_CURVE('',#11739,#11763,#11765,.T.);
#11763 = VERTEX_POINT('',#11764);
#11764 = CARTESIAN_POINT('',(127.84,-26.0525,2.5));
#11765 = LINE('',#11766,#11767);
#11766 = CARTESIAN_POINT('',(128.064,-26.8039,2.5));
#11767 = VECTOR('',#11768,1.);
#11768 = DIRECTION('',(-0.285685944228,0.958323296842,0.));
#11769 = ORIENTED_EDGE('',*,*,#11748,.T.);
#11770 = ORIENTED_EDGE('',*,*,#4051,.F.);
#11771 = ORIENTED_EDGE('',*,*,#11772,.F.);
#11772 = EDGE_CURVE('',#11763,#4044,#11773,.T.);
#11773 = LINE('',#11774,#11775);
#11774 = CARTESIAN_POINT('',(127.84,-26.0525,2.5));
#11775 = VECTOR('',#11776,1.);
#11776 = DIRECTION('',(0.,0.,1.));
#11777 = PLANE('',#11778);
#11778 = AXIS2_PLACEMENT_3D('',#11779,#11780,#11781);
#11779 = CARTESIAN_POINT('',(128.064,-26.8039,2.5));
#11780 = DIRECTION('',(-0.958323296842,-0.285685944228,0.));
#11781 = DIRECTION('',(-0.285685944228,0.958323296842,0.));
#11782 = ADVANCED_FACE('',(#11783),#11801,.T.);
#11783 = FACE_BOUND('',#11784,.T.);
#11784 = EDGE_LOOP('',(#11785,#11793,#11794,#11795));
#11785 = ORIENTED_EDGE('',*,*,#11786,.F.);
#11786 = EDGE_CURVE('',#11763,#11787,#11789,.T.);
#11787 = VERTEX_POINT('',#11788);
#11788 = CARTESIAN_POINT('',(127.473,-25.3593,2.5));
#11789 = LINE('',#11790,#11791);
#11790 = CARTESIAN_POINT('',(127.84,-26.0525,2.5));
#11791 = VECTOR('',#11792,1.);
#11792 = DIRECTION('',(-0.467899435954,0.883781713906,0.));
#11793 = ORIENTED_EDGE('',*,*,#11772,.T.);
#11794 = ORIENTED_EDGE('',*,*,#4043,.F.);
#11795 = ORIENTED_EDGE('',*,*,#11796,.F.);
#11796 = EDGE_CURVE('',#11787,#4036,#11797,.T.);
#11797 = LINE('',#11798,#11799);
#11798 = CARTESIAN_POINT('',(127.473,-25.3593,2.5));
#11799 = VECTOR('',#11800,1.);
#11800 = DIRECTION('',(0.,0.,1.));
#11801 = PLANE('',#11802);
#11802 = AXIS2_PLACEMENT_3D('',#11803,#11804,#11805);
#11803 = CARTESIAN_POINT('',(127.84,-26.0525,2.5));
#11804 = DIRECTION('',(-0.883781713906,-0.467899435954,0.));
#11805 = DIRECTION('',(-0.467899435954,0.883781713906,0.));
#11806 = ADVANCED_FACE('',(#11807),#11825,.T.);
#11807 = FACE_BOUND('',#11808,.T.);
#11808 = EDGE_LOOP('',(#11809,#11817,#11818,#11819));
#11809 = ORIENTED_EDGE('',*,*,#11810,.F.);
#11810 = EDGE_CURVE('',#11787,#11811,#11813,.T.);
#11811 = VERTEX_POINT('',#11812);
#11812 = CARTESIAN_POINT('',(126.978,-24.751,2.5));
#11813 = LINE('',#11814,#11815);
#11814 = CARTESIAN_POINT('',(127.473,-25.3593,2.5));
#11815 = VECTOR('',#11816,1.);
#11816 = DIRECTION('',(-0.631173292938,0.775641846655,0.));
#11817 = ORIENTED_EDGE('',*,*,#11796,.T.);
#11818 = ORIENTED_EDGE('',*,*,#4035,.F.);
#11819 = ORIENTED_EDGE('',*,*,#11820,.F.);
#11820 = EDGE_CURVE('',#11811,#4028,#11821,.T.);
#11821 = LINE('',#11822,#11823);
#11822 = CARTESIAN_POINT('',(126.978,-24.751,2.5));
#11823 = VECTOR('',#11824,1.);
#11824 = DIRECTION('',(0.,0.,1.));
#11825 = PLANE('',#11826);
#11826 = AXIS2_PLACEMENT_3D('',#11827,#11828,#11829);
#11827 = CARTESIAN_POINT('',(127.473,-25.3593,2.5));
#11828 = DIRECTION('',(-0.775641846655,-0.631173292938,0.));
#11829 = DIRECTION('',(-0.631173292938,0.775641846655,0.));
#11830 = ADVANCED_FACE('',(#11831),#11849,.T.);
#11831 = FACE_BOUND('',#11832,.T.);
#11832 = EDGE_LOOP('',(#11833,#11841,#11842,#11843));
#11833 = ORIENTED_EDGE('',*,*,#11834,.F.);
#11834 = EDGE_CURVE('',#11811,#11835,#11837,.T.);
#11835 = VERTEX_POINT('',#11836);
#11836 = CARTESIAN_POINT('',(126.374,-24.2509,2.5));
#11837 = LINE('',#11838,#11839);
#11838 = CARTESIAN_POINT('',(126.978,-24.751,2.5));
#11839 = VECTOR('',#11840,1.);
#11840 = DIRECTION('',(-0.77024526703,0.637747778215,0.));
#11841 = ORIENTED_EDGE('',*,*,#11820,.T.);
#11842 = ORIENTED_EDGE('',*,*,#4027,.F.);
#11843 = ORIENTED_EDGE('',*,*,#11844,.F.);
#11844 = EDGE_CURVE('',#11835,#4020,#11845,.T.);
#11845 = LINE('',#11846,#11847);
#11846 = CARTESIAN_POINT('',(126.374,-24.2509,2.5));
#11847 = VECTOR('',#11848,1.);
#11848 = DIRECTION('',(0.,0.,1.));
#11849 = PLANE('',#11850);
#11850 = AXIS2_PLACEMENT_3D('',#11851,#11852,#11853);
#11851 = CARTESIAN_POINT('',(126.978,-24.751,2.5));
#11852 = DIRECTION('',(-0.637747778215,-0.77024526703,0.));
#11853 = DIRECTION('',(-0.77024526703,0.637747778215,0.));
#11854 = ADVANCED_FACE('',(#11855),#11873,.T.);
#11855 = FACE_BOUND('',#11856,.T.);
#11856 = EDGE_LOOP('',(#11857,#11865,#11866,#11867));
#11857 = ORIENTED_EDGE('',*,*,#11858,.F.);
#11858 = EDGE_CURVE('',#11835,#11859,#11861,.T.);
#11859 = VERTEX_POINT('',#11860);
#11860 = CARTESIAN_POINT('',(110.282,-13.3967,2.5));
#11861 = LINE('',#11862,#11863);
#11862 = CARTESIAN_POINT('',(126.374,-24.2509,2.5));
#11863 = VECTOR('',#11864,1.);
#11864 = DIRECTION('',(-0.829037358869,0.559193220273,0.));
#11865 = ORIENTED_EDGE('',*,*,#11844,.T.);
#11866 = ORIENTED_EDGE('',*,*,#4019,.F.);
#11867 = ORIENTED_EDGE('',*,*,#11868,.F.);
#11868 = EDGE_CURVE('',#11859,#4012,#11869,.T.);
#11869 = LINE('',#11870,#11871);
#11870 = CARTESIAN_POINT('',(110.282,-13.3967,2.5));
#11871 = VECTOR('',#11872,1.);
#11872 = DIRECTION('',(0.,0.,1.));
#11873 = PLANE('',#11874);
#11874 = AXIS2_PLACEMENT_3D('',#11875,#11876,#11877);
#11875 = CARTESIAN_POINT('',(126.374,-24.2509,2.5));
#11876 = DIRECTION('',(-0.559193220273,-0.829037358869,0.));
#11877 = DIRECTION('',(-0.829037358869,0.559193220273,0.));
#11878 = ADVANCED_FACE('',(#11879),#11897,.T.);
#11879 = FACE_BOUND('',#11880,.T.);
#11880 = EDGE_LOOP('',(#11881,#11889,#11890,#11891));
#11881 = ORIENTED_EDGE('',*,*,#11882,.F.);
#11882 = EDGE_CURVE('',#11859,#11883,#11885,.T.);
#11883 = VERTEX_POINT('',#11884);
#11884 = CARTESIAN_POINT('',(109.946,-13.1935,2.5));
#11885 = LINE('',#11886,#11887);
#11886 = CARTESIAN_POINT('',(110.282,-13.3967,2.5));
#11887 = VECTOR('',#11888,1.);
#11888 = DIRECTION('',(-0.855690023312,0.517488728384,0.));
#11889 = ORIENTED_EDGE('',*,*,#11868,.T.);
#11890 = ORIENTED_EDGE('',*,*,#4011,.F.);
#11891 = ORIENTED_EDGE('',*,*,#11892,.F.);
#11892 = EDGE_CURVE('',#11883,#4004,#11893,.T.);
#11893 = LINE('',#11894,#11895);
#11894 = CARTESIAN_POINT('',(109.946,-13.1935,2.5));
#11895 = VECTOR('',#11896,1.);
#11896 = DIRECTION('',(0.,0.,1.));
#11897 = PLANE('',#11898);
#11898 = AXIS2_PLACEMENT_3D('',#11899,#11900,#11901);
#11899 = CARTESIAN_POINT('',(110.282,-13.3967,2.5));
#11900 = DIRECTION('',(-0.517488728384,-0.855690023312,0.));
#11901 = DIRECTION('',(-0.855690023312,0.517488728384,0.));
#11902 = ADVANCED_FACE('',(#11903),#11921,.T.);
#11903 = FACE_BOUND('',#11904,.T.);
#11904 = EDGE_LOOP('',(#11905,#11913,#11914,#11915));
#11905 = ORIENTED_EDGE('',*,*,#11906,.F.);
#11906 = EDGE_CURVE('',#11883,#11907,#11909,.T.);
#11907 = VERTEX_POINT('',#11908);
#11908 = CARTESIAN_POINT('',(109.264,-12.8248,2.5));
#11909 = LINE('',#11910,#11911);
#11910 = CARTESIAN_POINT('',(109.946,-13.1935,2.5));
#11911 = VECTOR('',#11912,1.);
#11912 = DIRECTION('',(-0.879678804699,0.475568292218,0.));
#11913 = ORIENTED_EDGE('',*,*,#11892,.T.);
#11914 = ORIENTED_EDGE('',*,*,#4003,.F.);
#11915 = ORIENTED_EDGE('',*,*,#11916,.F.);
#11916 = EDGE_CURVE('',#11907,#3996,#11917,.T.);
#11917 = LINE('',#11918,#11919);
#11918 = CARTESIAN_POINT('',(109.264,-12.8248,2.5));
#11919 = VECTOR('',#11920,1.);
#11920 = DIRECTION('',(0.,0.,1.));
#11921 = PLANE('',#11922);
#11922 = AXIS2_PLACEMENT_3D('',#11923,#11924,#11925);
#11923 = CARTESIAN_POINT('',(109.946,-13.1935,2.5));
#11924 = DIRECTION('',(-0.475568292218,-0.879678804699,0.));
#11925 = DIRECTION('',(-0.879678804699,0.475568292218,0.));
#11926 = ADVANCED_FACE('',(#11927),#11945,.T.);
#11927 = FACE_BOUND('',#11928,.T.);
#11928 = EDGE_LOOP('',(#11929,#11937,#11938,#11939));
#11929 = ORIENTED_EDGE('',*,*,#11930,.F.);
#11930 = EDGE_CURVE('',#11907,#11931,#11933,.T.);
#11931 = VERTEX_POINT('',#11932);
#11932 = CARTESIAN_POINT('',(109.042,-12.7196,2.5));
#11933 = LINE('',#11934,#11935);
#11934 = CARTESIAN_POINT('',(109.264,-12.8248,2.5));
#11935 = VECTOR('',#11936,1.);
#11936 = DIRECTION('',(-0.903671519759,0.428226323778,0.));
#11937 = ORIENTED_EDGE('',*,*,#11916,.T.);
#11938 = ORIENTED_EDGE('',*,*,#3995,.F.);
#11939 = ORIENTED_EDGE('',*,*,#11940,.F.);
#11940 = EDGE_CURVE('',#11931,#3988,#11941,.T.);
#11941 = LINE('',#11942,#11943);
#11942 = CARTESIAN_POINT('',(109.042,-12.7196,2.5));
#11943 = VECTOR('',#11944,1.);
#11944 = DIRECTION('',(0.,0.,1.));
#11945 = PLANE('',#11946);
#11946 = AXIS2_PLACEMENT_3D('',#11947,#11948,#11949);
#11947 = CARTESIAN_POINT('',(109.264,-12.8248,2.5));
#11948 = DIRECTION('',(-0.428226323778,-0.903671519759,0.));
#11949 = DIRECTION('',(-0.903671519759,0.428226323778,0.));
#11950 = ADVANCED_FACE('',(#11951),#11969,.T.);
#11951 = FACE_BOUND('',#11952,.T.);
#11952 = EDGE_LOOP('',(#11953,#11961,#11962,#11963));
#11953 = ORIENTED_EDGE('',*,*,#11954,.F.);
#11954 = EDGE_CURVE('',#11931,#11955,#11957,.T.);
#11955 = VERTEX_POINT('',#11956);
#11956 = CARTESIAN_POINT('',(108.823,-12.6051,2.5));
#11957 = LINE('',#11958,#11959);
#11958 = CARTESIAN_POINT('',(109.042,-12.7196,2.5));
#11959 = VECTOR('',#11960,1.);
#11960 = DIRECTION('',(-0.886187684451,0.463326437761,0.));
#11961 = ORIENTED_EDGE('',*,*,#11940,.T.);
#11962 = ORIENTED_EDGE('',*,*,#3987,.F.);
#11963 = ORIENTED_EDGE('',*,*,#11964,.F.);
#11964 = EDGE_CURVE('',#11955,#3980,#11965,.T.);
#11965 = LINE('',#11966,#11967);
#11966 = CARTESIAN_POINT('',(108.823,-12.6051,2.5));
#11967 = VECTOR('',#11968,1.);
#11968 = DIRECTION('',(0.,0.,1.));
#11969 = PLANE('',#11970);
#11970 = AXIS2_PLACEMENT_3D('',#11971,#11972,#11973);
#11971 = CARTESIAN_POINT('',(109.042,-12.7196,2.5));
#11972 = DIRECTION('',(-0.463326437761,-0.886187684451,0.));
#11973 = DIRECTION('',(-0.886187684451,0.463326437761,0.));
#11974 = ADVANCED_FACE('',(#11975),#11993,.T.);
#11975 = FACE_BOUND('',#11976,.T.);
#11976 = EDGE_LOOP('',(#11977,#11985,#11986,#11987));
#11977 = ORIENTED_EDGE('',*,*,#11978,.F.);
#11978 = EDGE_CURVE('',#11955,#11979,#11981,.T.);
#11979 = VERTEX_POINT('',#11980);
#11980 = CARTESIAN_POINT('',(108.467,-12.4404,2.5));
#11981 = LINE('',#11982,#11983);
#11982 = CARTESIAN_POINT('',(108.823,-12.6051,2.5));
#11983 = VECTOR('',#11984,1.);
#11984 = DIRECTION('',(-0.907578468879,0.419882510743,0.));
#11985 = ORIENTED_EDGE('',*,*,#11964,.T.);
#11986 = ORIENTED_EDGE('',*,*,#3979,.F.);
#11987 = ORIENTED_EDGE('',*,*,#11988,.F.);
#11988 = EDGE_CURVE('',#11979,#3972,#11989,.T.);
#11989 = LINE('',#11990,#11991);
#11990 = CARTESIAN_POINT('',(108.467,-12.4404,2.5));
#11991 = VECTOR('',#11992,1.);
#11992 = DIRECTION('',(0.,0.,1.));
#11993 = PLANE('',#11994);
#11994 = AXIS2_PLACEMENT_3D('',#11995,#11996,#11997);
#11995 = CARTESIAN_POINT('',(108.823,-12.6051,2.5));
#11996 = DIRECTION('',(-0.419882510743,-0.907578468879,0.));
#11997 = DIRECTION('',(-0.907578468879,0.419882510743,0.));
#11998 = ADVANCED_FACE('',(#11999),#12017,.T.);
#11999 = FACE_BOUND('',#12000,.T.);
#12000 = EDGE_LOOP('',(#12001,#12009,#12010,#12011));
#12001 = ORIENTED_EDGE('',*,*,#12002,.F.);
#12002 = EDGE_CURVE('',#11979,#12003,#12005,.T.);
#12003 = VERTEX_POINT('',#12004);
#12004 = CARTESIAN_POINT('',(93.3853,-6.34703,2.5));
#12005 = LINE('',#12006,#12007);
#12006 = CARTESIAN_POINT('',(108.467,-12.4404,2.5));
#12007 = VECTOR('',#12008,1.);
#12008 = DIRECTION('',(-0.927184544909,0.374604884755,0.));
#12009 = ORIENTED_EDGE('',*,*,#11988,.T.);
#12010 = ORIENTED_EDGE('',*,*,#3971,.F.);
#12011 = ORIENTED_EDGE('',*,*,#12012,.F.);
#12012 = EDGE_CURVE('',#12003,#3964,#12013,.T.);
#12013 = LINE('',#12014,#12015);
#12014 = CARTESIAN_POINT('',(93.3853,-6.34703,2.5));
#12015 = VECTOR('',#12016,1.);
#12016 = DIRECTION('',(0.,0.,1.));
#12017 = PLANE('',#12018);
#12018 = AXIS2_PLACEMENT_3D('',#12019,#12020,#12021);
#12019 = CARTESIAN_POINT('',(108.467,-12.4404,2.5));
#12020 = DIRECTION('',(-0.374604884755,-0.927184544909,0.));
#12021 = DIRECTION('',(-0.927184544909,0.374604884755,0.));
#12022 = ADVANCED_FACE('',(#12023),#12041,.T.);
#12023 = FACE_BOUND('',#12024,.T.);
#12024 = EDGE_LOOP('',(#12025,#12033,#12034,#12035));
#12025 = ORIENTED_EDGE('',*,*,#12026,.F.);
#12026 = EDGE_CURVE('',#12003,#12027,#12029,.T.);
#12027 = VERTEX_POINT('',#12028);
#12028 = CARTESIAN_POINT('',(91.8243,-5.53004,2.5));
#12029 = LINE('',#12030,#12031);
#12030 = CARTESIAN_POINT('',(93.3853,-6.34703,2.5));
#12031 = VECTOR('',#12032,1.);
#12032 = DIRECTION('',(-0.885989345449,0.463705595989,0.));
#12033 = ORIENTED_EDGE('',*,*,#12012,.T.);
#12034 = ORIENTED_EDGE('',*,*,#3963,.F.);
#12035 = ORIENTED_EDGE('',*,*,#12036,.F.);
#12036 = EDGE_CURVE('',#12027,#3956,#12037,.T.);
#12037 = LINE('',#12038,#12039);
#12038 = CARTESIAN_POINT('',(91.8243,-5.53004,2.5));
#12039 = VECTOR('',#12040,1.);
#12040 = DIRECTION('',(0.,0.,1.));
#12041 = PLANE('',#12042);
#12042 = AXIS2_PLACEMENT_3D('',#12043,#12044,#12045);
#12043 = CARTESIAN_POINT('',(93.3853,-6.34703,2.5));
#12044 = DIRECTION('',(-0.463705595989,-0.885989345449,0.));
#12045 = DIRECTION('',(-0.885989345449,0.463705595989,0.));
#12046 = ADVANCED_FACE('',(#12047),#12065,.T.);
#12047 = FACE_BOUND('',#12048,.T.);
#12048 = EDGE_LOOP('',(#12049,#12057,#12058,#12059));
#12049 = ORIENTED_EDGE('',*,*,#12050,.F.);
#12050 = EDGE_CURVE('',#12027,#12051,#12053,.T.);
#12051 = VERTEX_POINT('',#12052);
#12052 = CARTESIAN_POINT('',(90.6063,-4.54814,2.5));
#12053 = LINE('',#12054,#12055);
#12054 = CARTESIAN_POINT('',(91.8243,-5.53004,2.5));
#12055 = VECTOR('',#12056,1.);
#12056 = DIRECTION('',(-0.778524863992,0.627613763509,0.));
#12057 = ORIENTED_EDGE('',*,*,#12036,.T.);
#12058 = ORIENTED_EDGE('',*,*,#3955,.F.);
#12059 = ORIENTED_EDGE('',*,*,#12060,.F.);
#12060 = EDGE_CURVE('',#12051,#3948,#12061,.T.);
#12061 = LINE('',#12062,#12063);
#12062 = CARTESIAN_POINT('',(90.6063,-4.54814,2.5));
#12063 = VECTOR('',#12064,1.);
#12064 = DIRECTION('',(0.,0.,1.));
#12065 = PLANE('',#12066);
#12066 = AXIS2_PLACEMENT_3D('',#12067,#12068,#12069);
#12067 = CARTESIAN_POINT('',(91.8243,-5.53004,2.5));
#12068 = DIRECTION('',(-0.627613763509,-0.778524863992,0.));
#12069 = DIRECTION('',(-0.778524863992,0.627613763509,0.));
#12070 = ADVANCED_FACE('',(#12071),#12089,.T.);
#12071 = FACE_BOUND('',#12072,.T.);
#12072 = EDGE_LOOP('',(#12073,#12081,#12082,#12083));
#12073 = ORIENTED_EDGE('',*,*,#12074,.F.);
#12074 = EDGE_CURVE('',#12051,#12075,#12077,.T.);
#12075 = VERTEX_POINT('',#12076);
#12076 = CARTESIAN_POINT('',(89.6033,-3.34749,2.5));
#12077 = LINE('',#12078,#12079);
#12078 = CARTESIAN_POINT('',(90.6063,-4.54814,2.5));
#12079 = VECTOR('',#12080,1.);
#12080 = DIRECTION('',(-0.64111128803,0.767447924201,0.));
#12081 = ORIENTED_EDGE('',*,*,#12060,.T.);
#12082 = ORIENTED_EDGE('',*,*,#3947,.F.);
#12083 = ORIENTED_EDGE('',*,*,#12084,.F.);
#12084 = EDGE_CURVE('',#12075,#3940,#12085,.T.);
#12085 = LINE('',#12086,#12087);
#12086 = CARTESIAN_POINT('',(89.6033,-3.34749,2.5));
#12087 = VECTOR('',#12088,1.);
#12088 = DIRECTION('',(0.,0.,1.));
#12089 = PLANE('',#12090);
#12090 = AXIS2_PLACEMENT_3D('',#12091,#12092,#12093);
#12091 = CARTESIAN_POINT('',(90.6063,-4.54814,2.5));
#12092 = DIRECTION('',(-0.767447924201,-0.64111128803,0.));
#12093 = DIRECTION('',(-0.64111128803,0.767447924201,0.));
#12094 = ADVANCED_FACE('',(#12095),#12113,.T.);
#12095 = FACE_BOUND('',#12096,.T.);
#12096 = EDGE_LOOP('',(#12097,#12105,#12106,#12107));
#12097 = ORIENTED_EDGE('',*,*,#12098,.F.);
#12098 = EDGE_CURVE('',#12075,#12099,#12101,.T.);
#12099 = VERTEX_POINT('',#12100);
#12100 = CARTESIAN_POINT('',(88.8538,-1.97423,2.5));
#12101 = LINE('',#12102,#12103);
#12102 = CARTESIAN_POINT('',(89.6033,-3.34749,2.5));
#12103 = VECTOR('',#12104,1.);
#12104 = DIRECTION('',(-0.479073348703,0.877774872369,0.));
#12105 = ORIENTED_EDGE('',*,*,#12084,.T.);
#12106 = ORIENTED_EDGE('',*,*,#3939,.F.);
#12107 = ORIENTED_EDGE('',*,*,#12108,.F.);
#12108 = EDGE_CURVE('',#12099,#3932,#12109,.T.);
#12109 = LINE('',#12110,#12111);
#12110 = CARTESIAN_POINT('',(88.8538,-1.97423,2.5));
#12111 = VECTOR('',#12112,1.);
#12112 = DIRECTION('',(0.,0.,1.));
#12113 = PLANE('',#12114);
#12114 = AXIS2_PLACEMENT_3D('',#12115,#12116,#12117);
#12115 = CARTESIAN_POINT('',(89.6033,-3.34749,2.5));
#12116 = DIRECTION('',(-0.877774872369,-0.479073348703,0.));
#12117 = DIRECTION('',(-0.479073348703,0.877774872369,0.));
#12118 = ADVANCED_FACE('',(#12119),#12137,.T.);
#12119 = FACE_BOUND('',#12120,.T.);
#12120 = EDGE_LOOP('',(#12121,#12129,#12130,#12131));
#12121 = ORIENTED_EDGE('',*,*,#12122,.F.);
#12122 = EDGE_CURVE('',#12099,#12123,#12125,.T.);
#12123 = VERTEX_POINT('',#12124);
#12124 = CARTESIAN_POINT('',(88.3866,-0.481134,2.5));
#12125 = LINE('',#12126,#12127);
#12126 = CARTESIAN_POINT('',(88.8538,-1.97423,2.5));
#12127 = VECTOR('',#12128,1.);
#12128 = DIRECTION('',(-0.298628732616,0.954369362488,0.));
#12129 = ORIENTED_EDGE('',*,*,#12108,.T.);
#12130 = ORIENTED_EDGE('',*,*,#3931,.F.);
#12131 = ORIENTED_EDGE('',*,*,#12132,.F.);
#12132 = EDGE_CURVE('',#12123,#3924,#12133,.T.);
#12133 = LINE('',#12134,#12135);
#12134 = CARTESIAN_POINT('',(88.3866,-0.481134,2.5));
#12135 = VECTOR('',#12136,1.);
#12136 = DIRECTION('',(0.,0.,1.));
#12137 = PLANE('',#12138);
#12138 = AXIS2_PLACEMENT_3D('',#12139,#12140,#12141);
#12139 = CARTESIAN_POINT('',(88.8538,-1.97423,2.5));
#12140 = DIRECTION('',(-0.954369362488,-0.298628732616,0.));
#12141 = DIRECTION('',(-0.298628732616,0.954369362488,0.));
#12142 = ADVANCED_FACE('',(#12143),#12161,.T.);
#12143 = FACE_BOUND('',#12144,.T.);
#12144 = EDGE_LOOP('',(#12145,#12153,#12154,#12155));
#12145 = ORIENTED_EDGE('',*,*,#12146,.F.);
#12146 = EDGE_CURVE('',#12123,#12147,#12149,.T.);
#12147 = VERTEX_POINT('',#12148);
#12148 = CARTESIAN_POINT('',(88.2,1.2576,2.5));
#12149 = LINE('',#12150,#12151);
#12150 = CARTESIAN_POINT('',(88.3866,-0.481134,2.5));
#12151 = VECTOR('',#12152,1.);
#12152 = DIRECTION('',(-0.106706727097,0.994290538219,0.));
#12153 = ORIENTED_EDGE('',*,*,#12132,.T.);
#12154 = ORIENTED_EDGE('',*,*,#3923,.F.);
#12155 = ORIENTED_EDGE('',*,*,#12156,.F.);
#12156 = EDGE_CURVE('',#12147,#3916,#12157,.T.);
#12157 = LINE('',#12158,#12159);
#12158 = CARTESIAN_POINT('',(88.2,1.2576,2.5));
#12159 = VECTOR('',#12160,1.);
#12160 = DIRECTION('',(0.,0.,1.));
#12161 = PLANE('',#12162);
#12162 = AXIS2_PLACEMENT_3D('',#12163,#12164,#12165);
#12163 = CARTESIAN_POINT('',(88.3866,-0.481134,2.5));
#12164 = DIRECTION('',(-0.994290538219,-0.106706727097,0.));
#12165 = DIRECTION('',(-0.106706727097,0.994290538219,0.));
#12166 = ADVANCED_FACE('',(#12167),#12185,.T.);
#12167 = FACE_BOUND('',#12168,.T.);
#12168 = EDGE_LOOP('',(#12169,#12177,#12178,#12179));
#12169 = ORIENTED_EDGE('',*,*,#12170,.F.);
#12170 = EDGE_CURVE('',#12147,#12171,#12173,.T.);
#12171 = VERTEX_POINT('',#12172);
#12172 = CARTESIAN_POINT('',(88.2,11.7035,2.5));
#12173 = LINE('',#12174,#12175);
#12174 = CARTESIAN_POINT('',(88.2,1.2576,2.5));
#12175 = VECTOR('',#12176,1.);
#12176 = DIRECTION('',(0.,1.,0.));
#12177 = ORIENTED_EDGE('',*,*,#12156,.T.);
#12178 = ORIENTED_EDGE('',*,*,#3915,.F.);
#12179 = ORIENTED_EDGE('',*,*,#12180,.F.);
#12180 = EDGE_CURVE('',#12171,#3908,#12181,.T.);
#12181 = LINE('',#12182,#12183);
#12182 = CARTESIAN_POINT('',(88.2,11.7035,2.5));
#12183 = VECTOR('',#12184,1.);
#12184 = DIRECTION('',(0.,0.,1.));
#12185 = PLANE('',#12186);
#12186 = AXIS2_PLACEMENT_3D('',#12187,#12188,#12189);
#12187 = CARTESIAN_POINT('',(88.2,1.2576,2.5));
#12188 = DIRECTION('',(-1.,0.,0.));
#12189 = DIRECTION('',(0.,1.,0.));
#12190 = ADVANCED_FACE('',(#12191),#12209,.T.);
#12191 = FACE_BOUND('',#12192,.T.);
#12192 = EDGE_LOOP('',(#12193,#12201,#12202,#12203));
#12193 = ORIENTED_EDGE('',*,*,#12194,.F.);
#12194 = EDGE_CURVE('',#12171,#12195,#12197,.T.);
#12195 = VERTEX_POINT('',#12196);
#12196 = CARTESIAN_POINT('',(88.3727,13.4569,2.5));
#12197 = LINE('',#12198,#12199);
#12198 = CARTESIAN_POINT('',(88.2,11.7035,2.5));
#12199 = VECTOR('',#12200,1.);
#12200 = DIRECTION('',(9.802004838094E-02,0.99518444025,0.));
#12201 = ORIENTED_EDGE('',*,*,#12180,.T.);
#12202 = ORIENTED_EDGE('',*,*,#3907,.F.);
#12203 = ORIENTED_EDGE('',*,*,#12204,.F.);
#12204 = EDGE_CURVE('',#12195,#3900,#12205,.T.);
#12205 = LINE('',#12206,#12207);
#12206 = CARTESIAN_POINT('',(88.3727,13.4569,2.5));
#12207 = VECTOR('',#12208,1.);
#12208 = DIRECTION('',(0.,0.,1.));
#12209 = PLANE('',#12210);
#12210 = AXIS2_PLACEMENT_3D('',#12211,#12212,#12213);
#12211 = CARTESIAN_POINT('',(88.2,11.7035,2.5));
#12212 = DIRECTION('',(-0.99518444025,9.802004838094E-02,0.));
#12213 = DIRECTION('',(9.802004838094E-02,0.99518444025,0.));
#12214 = ADVANCED_FACE('',(#12215),#12233,.T.);
#12215 = FACE_BOUND('',#12216,.T.);
#12216 = EDGE_LOOP('',(#12217,#12225,#12226,#12227));
#12217 = ORIENTED_EDGE('',*,*,#12218,.F.);
#12218 = EDGE_CURVE('',#12195,#12219,#12221,.T.);
#12219 = VERTEX_POINT('',#12220);
#12220 = CARTESIAN_POINT('',(88.8268,14.9541,2.5));
#12221 = LINE('',#12222,#12223);
#12222 = CARTESIAN_POINT('',(88.3727,13.4569,2.5));
#12223 = VECTOR('',#12224,1.);
#12224 = DIRECTION('',(0.290243322605,0.956952879552,0.));
#12225 = ORIENTED_EDGE('',*,*,#12204,.T.);
#12226 = ORIENTED_EDGE('',*,*,#3899,.F.);
#12227 = ORIENTED_EDGE('',*,*,#12228,.F.);
#12228 = EDGE_CURVE('',#12219,#3892,#12229,.T.);
#12229 = LINE('',#12230,#12231);
#12230 = CARTESIAN_POINT('',(88.8268,14.9541,2.5));
#12231 = VECTOR('',#12232,1.);
#12232 = DIRECTION('',(0.,0.,1.));
#12233 = PLANE('',#12234);
#12234 = AXIS2_PLACEMENT_3D('',#12235,#12236,#12237);
#12235 = CARTESIAN_POINT('',(88.3727,13.4569,2.5));
#12236 = DIRECTION('',(-0.956952879552,0.290243322605,0.));
#12237 = DIRECTION('',(0.290243322605,0.956952879552,0.));
#12238 = ADVANCED_FACE('',(#12239),#12257,.T.);
#12239 = FACE_BOUND('',#12240,.T.);
#12240 = EDGE_LOOP('',(#12241,#12249,#12250,#12251));
#12241 = ORIENTED_EDGE('',*,*,#12242,.F.);
#12242 = EDGE_CURVE('',#12219,#12243,#12245,.T.);
#12243 = VERTEX_POINT('',#12244);
#12244 = CARTESIAN_POINT('',(89.5643,16.3338,2.5));
#12245 = LINE('',#12246,#12247);
#12246 = CARTESIAN_POINT('',(88.8268,14.9541,2.5));
#12247 = VECTOR('',#12248,1.);
#12248 = DIRECTION('',(0.4714141304,0.881911967069,0.));
#12249 = ORIENTED_EDGE('',*,*,#12228,.T.);
#12250 = ORIENTED_EDGE('',*,*,#3891,.F.);
#12251 = ORIENTED_EDGE('',*,*,#12252,.F.);
#12252 = EDGE_CURVE('',#12243,#3884,#12253,.T.);
#12253 = LINE('',#12254,#12255);
#12254 = CARTESIAN_POINT('',(89.5643,16.3338,2.5));
#12255 = VECTOR('',#12256,1.);
#12256 = DIRECTION('',(0.,0.,1.));
#12257 = PLANE('',#12258);
#12258 = AXIS2_PLACEMENT_3D('',#12259,#12260,#12261);
#12259 = CARTESIAN_POINT('',(88.8268,14.9541,2.5));
#12260 = DIRECTION('',(-0.881911967069,0.4714141304,0.));
#12261 = DIRECTION('',(0.4714141304,0.881911967069,0.));
#12262 = ADVANCED_FACE('',(#12263),#12281,.T.);
#12263 = FACE_BOUND('',#12264,.T.);
#12264 = EDGE_LOOP('',(#12265,#12273,#12274,#12275));
#12265 = ORIENTED_EDGE('',*,*,#12266,.F.);
#12266 = EDGE_CURVE('',#12243,#12267,#12269,.T.);
#12267 = VERTEX_POINT('',#12268);
#12268 = CARTESIAN_POINT('',(90.5568,17.5432,2.5));
#12269 = LINE('',#12270,#12271);
#12270 = CARTESIAN_POINT('',(89.5643,16.3338,2.5));
#12271 = VECTOR('',#12272,1.);
#12272 = DIRECTION('',(0.634382234816,0.773019521196,0.));
#12273 = ORIENTED_EDGE('',*,*,#12252,.T.);
#12274 = ORIENTED_EDGE('',*,*,#3883,.F.);
#12275 = ORIENTED_EDGE('',*,*,#12276,.F.);
#12276 = EDGE_CURVE('',#12267,#3876,#12277,.T.);
#12277 = LINE('',#12278,#12279);
#12278 = CARTESIAN_POINT('',(90.5568,17.5432,2.5));
#12279 = VECTOR('',#12280,1.);
#12280 = DIRECTION('',(0.,0.,1.));
#12281 = PLANE('',#12282);
#12282 = AXIS2_PLACEMENT_3D('',#12283,#12284,#12285);
#12283 = CARTESIAN_POINT('',(89.5643,16.3338,2.5));
#12284 = DIRECTION('',(-0.773019521196,0.634382234816,0.));
#12285 = DIRECTION('',(0.634382234816,0.773019521196,0.));
#12286 = ADVANCED_FACE('',(#12287),#12305,.T.);
#12287 = FACE_BOUND('',#12288,.T.);
#12288 = EDGE_LOOP('',(#12289,#12297,#12298,#12299));
#12289 = ORIENTED_EDGE('',*,*,#12290,.F.);
#12290 = EDGE_CURVE('',#12267,#12291,#12293,.T.);
#12291 = VERTEX_POINT('',#12292);
#12292 = CARTESIAN_POINT('',(91.7662,18.5357,2.5));
#12293 = LINE('',#12294,#12295);
#12294 = CARTESIAN_POINT('',(90.5568,17.5432,2.5));
#12295 = VECTOR('',#12296,1.);
#12296 = DIRECTION('',(0.773019521196,0.634382234816,0.));
#12297 = ORIENTED_EDGE('',*,*,#12276,.T.);
#12298 = ORIENTED_EDGE('',*,*,#3875,.F.);
#12299 = ORIENTED_EDGE('',*,*,#12300,.F.);
#12300 = EDGE_CURVE('',#12291,#3868,#12301,.T.);
#12301 = LINE('',#12302,#12303);
#12302 = CARTESIAN_POINT('',(91.7662,18.5357,2.5));
#12303 = VECTOR('',#12304,1.);
#12304 = DIRECTION('',(0.,0.,1.));
#12305 = PLANE('',#12306);
#12306 = AXIS2_PLACEMENT_3D('',#12307,#12308,#12309);
#12307 = CARTESIAN_POINT('',(90.5568,17.5432,2.5));
#12308 = DIRECTION('',(-0.634382234816,0.773019521196,0.));
#12309 = DIRECTION('',(0.773019521196,0.634382234816,0.));
#12310 = ADVANCED_FACE('',(#12311),#12329,.T.);
#12311 = FACE_BOUND('',#12312,.T.);
#12312 = EDGE_LOOP('',(#12313,#12321,#12322,#12323));
#12313 = ORIENTED_EDGE('',*,*,#12314,.F.);
#12314 = EDGE_CURVE('',#12291,#12315,#12317,.T.);
#12315 = VERTEX_POINT('',#12316);
#12316 = CARTESIAN_POINT('',(93.1459,19.2732,2.5));
#12317 = LINE('',#12318,#12319);
#12318 = CARTESIAN_POINT('',(91.7662,18.5357,2.5));
#12319 = VECTOR('',#12320,1.);
#12320 = DIRECTION('',(0.881911967069,0.4714141304,0.));
#12321 = ORIENTED_EDGE('',*,*,#12300,.T.);
#12322 = ORIENTED_EDGE('',*,*,#3867,.F.);
#12323 = ORIENTED_EDGE('',*,*,#12324,.F.);
#12324 = EDGE_CURVE('',#12315,#3860,#12325,.T.);
#12325 = LINE('',#12326,#12327);
#12326 = CARTESIAN_POINT('',(93.1459,19.2732,2.5));
#12327 = VECTOR('',#12328,1.);
#12328 = DIRECTION('',(0.,0.,1.));
#12329 = PLANE('',#12330);
#12330 = AXIS2_PLACEMENT_3D('',#12331,#12332,#12333);
#12331 = CARTESIAN_POINT('',(91.7662,18.5357,2.5));
#12332 = DIRECTION('',(-0.4714141304,0.881911967069,0.));
#12333 = DIRECTION('',(0.881911967069,0.4714141304,0.));
#12334 = ADVANCED_FACE('',(#12335),#12353,.T.);
#12335 = FACE_BOUND('',#12336,.T.);
#12336 = EDGE_LOOP('',(#12337,#12345,#12346,#12347));
#12337 = ORIENTED_EDGE('',*,*,#12338,.F.);
#12338 = EDGE_CURVE('',#12315,#12339,#12341,.T.);
#12339 = VERTEX_POINT('',#12340);
#12340 = CARTESIAN_POINT('',(94.6431,19.7273,2.5));
#12341 = LINE('',#12342,#12343);
#12342 = CARTESIAN_POINT('',(93.1459,19.2732,2.5));
#12343 = VECTOR('',#12344,1.);
#12344 = DIRECTION('',(0.956952879552,0.290243322605,0.));
#12345 = ORIENTED_EDGE('',*,*,#12324,.T.);
#12346 = ORIENTED_EDGE('',*,*,#3859,.F.);
#12347 = ORIENTED_EDGE('',*,*,#12348,.F.);
#12348 = EDGE_CURVE('',#12339,#3852,#12349,.T.);
#12349 = LINE('',#12350,#12351);
#12350 = CARTESIAN_POINT('',(94.6431,19.7273,2.5));
#12351 = VECTOR('',#12352,1.);
#12352 = DIRECTION('',(0.,0.,1.));
#12353 = PLANE('',#12354);
#12354 = AXIS2_PLACEMENT_3D('',#12355,#12356,#12357);
#12355 = CARTESIAN_POINT('',(93.1459,19.2732,2.5));
#12356 = DIRECTION('',(-0.290243322605,0.956952879552,0.));
#12357 = DIRECTION('',(0.956952879552,0.290243322605,0.));
#12358 = ADVANCED_FACE('',(#12359),#12377,.T.);
#12359 = FACE_BOUND('',#12360,.T.);
#12360 = EDGE_LOOP('',(#12361,#12369,#12370,#12371));
#12361 = ORIENTED_EDGE('',*,*,#12362,.F.);
#12362 = EDGE_CURVE('',#12339,#12363,#12365,.T.);
#12363 = VERTEX_POINT('',#12364);
#12364 = CARTESIAN_POINT('',(96.3965,19.9,2.5));
#12365 = LINE('',#12366,#12367);
#12366 = CARTESIAN_POINT('',(94.6431,19.7273,2.5));
#12367 = VECTOR('',#12368,1.);
#12368 = DIRECTION('',(0.99518444025,9.802004838094E-02,0.));
#12369 = ORIENTED_EDGE('',*,*,#12348,.T.);
#12370 = ORIENTED_EDGE('',*,*,#3851,.F.);
#12371 = ORIENTED_EDGE('',*,*,#12372,.F.);
#12372 = EDGE_CURVE('',#12363,#3844,#12373,.T.);
#12373 = LINE('',#12374,#12375);
#12374 = CARTESIAN_POINT('',(96.3965,19.9,2.5));
#12375 = VECTOR('',#12376,1.);
#12376 = DIRECTION('',(0.,0.,1.));
#12377 = PLANE('',#12378);
#12378 = AXIS2_PLACEMENT_3D('',#12379,#12380,#12381);
#12379 = CARTESIAN_POINT('',(94.6431,19.7273,2.5));
#12380 = DIRECTION('',(-9.802004838094E-02,0.99518444025,0.));
#12381 = DIRECTION('',(0.99518444025,9.802004838094E-02,0.));
#12382 = ADVANCED_FACE('',(#12383),#12433,.T.);
#12383 = FACE_BOUND('',#12384,.T.);
#12384 = EDGE_LOOP('',(#12385,#12393,#12394,#12395,#12403,#12411,#12419,
    #12427));
#12385 = ORIENTED_EDGE('',*,*,#12386,.F.);
#12386 = EDGE_CURVE('',#12363,#12387,#12389,.T.);
#12387 = VERTEX_POINT('',#12388);
#12388 = CARTESIAN_POINT('',(116.54196010845,19.9,2.5));
#12389 = LINE('',#12390,#12391);
#12390 = CARTESIAN_POINT('',(96.3965,19.9,2.5));
#12391 = VECTOR('',#12392,1.);
#12392 = DIRECTION('',(1.,0.,0.));
#12393 = ORIENTED_EDGE('',*,*,#12372,.T.);
#12394 = ORIENTED_EDGE('',*,*,#3843,.F.);
#12395 = ORIENTED_EDGE('',*,*,#12396,.F.);
#12396 = EDGE_CURVE('',#12397,#3836,#12399,.T.);
#12397 = VERTEX_POINT('',#12398);
#12398 = CARTESIAN_POINT('',(118.,19.9,8.4));
#12399 = LINE('',#12400,#12401);
#12400 = CARTESIAN_POINT('',(118.,19.9,2.5));
#12401 = VECTOR('',#12402,1.);
#12402 = DIRECTION('',(0.,0.,1.));
#12403 = ORIENTED_EDGE('',*,*,#12404,.F.);
#12404 = EDGE_CURVE('',#12405,#12397,#12407,.T.);
#12405 = VERTEX_POINT('',#12406);
#12406 = CARTESIAN_POINT('',(117.92758148064,19.9,8.4));
#12407 = LINE('',#12408,#12409);
#12408 = CARTESIAN_POINT('',(107.94825,19.9,8.4));
#12409 = VECTOR('',#12410,1.);
#12410 = DIRECTION('',(1.,0.,0.));
#12411 = ORIENTED_EDGE('',*,*,#12412,.T.);
#12412 = EDGE_CURVE('',#12405,#12413,#12415,.T.);
#12413 = VERTEX_POINT('',#12414);
#12414 = CARTESIAN_POINT('',(117.92758148064,19.9,7.4));
#12415 = LINE('',#12416,#12417);
#12416 = CARTESIAN_POINT('',(117.92758148064,19.9,2.4));
#12417 = VECTOR('',#12418,1.);
#12418 = DIRECTION('',(-0.,-0.,-1.));
#12419 = ORIENTED_EDGE('',*,*,#12420,.F.);
#12420 = EDGE_CURVE('',#12421,#12413,#12423,.T.);
#12421 = VERTEX_POINT('',#12422);
#12422 = CARTESIAN_POINT('',(116.54196010845,19.9,7.4));
#12423 = LINE('',#12424,#12425);
#12424 = CARTESIAN_POINT('',(107.94825,19.9,7.4));
#12425 = VECTOR('',#12426,1.);
#12426 = DIRECTION('',(1.,0.,0.));
#12427 = ORIENTED_EDGE('',*,*,#12428,.T.);
#12428 = EDGE_CURVE('',#12421,#12387,#12429,.T.);
#12429 = LINE('',#12430,#12431);
#12430 = CARTESIAN_POINT('',(116.54196010845,19.9,0.));
#12431 = VECTOR('',#12432,1.);
#12432 = DIRECTION('',(-0.,-0.,-1.));
#12433 = PLANE('',#12434);
#12434 = AXIS2_PLACEMENT_3D('',#12435,#12436,#12437);
#12435 = CARTESIAN_POINT('',(96.3965,19.9,2.5));
#12436 = DIRECTION('',(0.,1.,0.));
#12437 = DIRECTION('',(1.,0.,0.));
#12438 = ADVANCED_FACE('',(#12439),#12457,.T.);
#12439 = FACE_BOUND('',#12440,.T.);
#12440 = EDGE_LOOP('',(#12441,#12449,#12450,#12451));
#12441 = ORIENTED_EDGE('',*,*,#12442,.F.);
#12442 = EDGE_CURVE('',#12397,#12443,#12445,.T.);
#12443 = VERTEX_POINT('',#12444);
#12444 = CARTESIAN_POINT('',(118.78,19.9769,8.4));
#12445 = LINE('',#12446,#12447);
#12446 = CARTESIAN_POINT('',(118.76719039319,19.975637104149,8.4));
#12447 = VECTOR('',#12448,1.);
#12448 = DIRECTION('',(0.995175175621,9.811406539136E-02,0.));
#12449 = ORIENTED_EDGE('',*,*,#12396,.T.);
#12450 = ORIENTED_EDGE('',*,*,#3835,.F.);
#12451 = ORIENTED_EDGE('',*,*,#12452,.F.);
#12452 = EDGE_CURVE('',#12443,#3828,#12453,.T.);
#12453 = LINE('',#12454,#12455);
#12454 = CARTESIAN_POINT('',(118.78,19.9769,2.5));
#12455 = VECTOR('',#12456,1.);
#12456 = DIRECTION('',(0.,0.,1.));
#12457 = PLANE('',#12458);
#12458 = AXIS2_PLACEMENT_3D('',#12459,#12460,#12461);
#12459 = CARTESIAN_POINT('',(118.,19.9,2.5));
#12460 = DIRECTION('',(-9.811406539136E-02,0.995175175621,0.));
#12461 = DIRECTION('',(0.995175175621,9.811406539136E-02,0.));
#12462 = ADVANCED_FACE('',(#12463),#12481,.T.);
#12463 = FACE_BOUND('',#12464,.T.);
#12464 = EDGE_LOOP('',(#12465,#12473,#12474,#12475));
#12465 = ORIENTED_EDGE('',*,*,#12466,.F.);
#12466 = EDGE_CURVE('',#12443,#12467,#12469,.T.);
#12467 = VERTEX_POINT('',#12468);
#12468 = CARTESIAN_POINT('',(119.531,20.2045,8.4));
#12469 = LINE('',#12470,#12471);
#12470 = CARTESIAN_POINT('',(119.16843621581,20.094620482981,8.4));
#12471 = VECTOR('',#12472,1.);
#12472 = DIRECTION('',(0.957015829939,0.290035689606,0.));
#12473 = ORIENTED_EDGE('',*,*,#12452,.T.);
#12474 = ORIENTED_EDGE('',*,*,#3827,.F.);
#12475 = ORIENTED_EDGE('',*,*,#12476,.F.);
#12476 = EDGE_CURVE('',#12467,#3820,#12477,.T.);
#12477 = LINE('',#12478,#12479);
#12478 = CARTESIAN_POINT('',(119.531,20.2045,2.5));
#12479 = VECTOR('',#12480,1.);
#12480 = DIRECTION('',(0.,0.,1.));
#12481 = PLANE('',#12482);
#12482 = AXIS2_PLACEMENT_3D('',#12483,#12484,#12485);
#12483 = CARTESIAN_POINT('',(118.78,19.9769,2.5));
#12484 = DIRECTION('',(-0.290035689606,0.957015829939,0.));
#12485 = DIRECTION('',(0.957015829939,0.290035689606,0.));
#12486 = ADVANCED_FACE('',(#12487),#12505,.T.);
#12487 = FACE_BOUND('',#12488,.T.);
#12488 = EDGE_LOOP('',(#12489,#12497,#12498,#12499));
#12489 = ORIENTED_EDGE('',*,*,#12490,.F.);
#12490 = EDGE_CURVE('',#12467,#12491,#12493,.T.);
#12491 = VERTEX_POINT('',#12492);
#12492 = CARTESIAN_POINT('',(120.222,20.5741,8.4));
#12493 = LINE('',#12494,#12495);
#12494 = CARTESIAN_POINT('',(119.55960151986,20.219798294849,8.4));
#12495 = VECTOR('',#12496,1.);
#12496 = DIRECTION('',(0.881787110414,0.471647635324,0.));
#12497 = ORIENTED_EDGE('',*,*,#12476,.T.);
#12498 = ORIENTED_EDGE('',*,*,#3819,.F.);
#12499 = ORIENTED_EDGE('',*,*,#12500,.F.);
#12500 = EDGE_CURVE('',#12491,#3812,#12501,.T.);
#12501 = LINE('',#12502,#12503);
#12502 = CARTESIAN_POINT('',(120.222,20.5741,2.5));
#12503 = VECTOR('',#12504,1.);
#12504 = DIRECTION('',(0.,0.,1.));
#12505 = PLANE('',#12506);
#12506 = AXIS2_PLACEMENT_3D('',#12507,#12508,#12509);
#12507 = CARTESIAN_POINT('',(119.531,20.2045,2.5));
#12508 = DIRECTION('',(-0.471647635324,0.881787110414,0.));
#12509 = DIRECTION('',(0.881787110414,0.471647635324,0.));
#12510 = ADVANCED_FACE('',(#12511),#12529,.T.);
#12511 = FACE_BOUND('',#12512,.T.);
#12512 = EDGE_LOOP('',(#12513,#12521,#12522,#12523));
#12513 = ORIENTED_EDGE('',*,*,#12514,.F.);
#12514 = EDGE_CURVE('',#12491,#12515,#12517,.T.);
#12515 = VERTEX_POINT('',#12516);
#12516 = CARTESIAN_POINT('',(120.828,21.0716,8.4));
#12517 = LINE('',#12518,#12519);
#12518 = CARTESIAN_POINT('',(119.96365357066,20.362008665685,8.4));
#12519 = VECTOR('',#12520,1.);
#12520 = DIRECTION('',(0.77290495764,0.634521809283,0.));
#12521 = ORIENTED_EDGE('',*,*,#12500,.T.);
#12522 = ORIENTED_EDGE('',*,*,#3811,.F.);
#12523 = ORIENTED_EDGE('',*,*,#12524,.F.);
#12524 = EDGE_CURVE('',#12515,#3804,#12525,.T.);
#12525 = LINE('',#12526,#12527);
#12526 = CARTESIAN_POINT('',(120.828,21.0716,2.5));
#12527 = VECTOR('',#12528,1.);
#12528 = DIRECTION('',(0.,0.,1.));
#12529 = PLANE('',#12530);
#12530 = AXIS2_PLACEMENT_3D('',#12531,#12532,#12533);
#12531 = CARTESIAN_POINT('',(120.222,20.5741,2.5));
#12532 = DIRECTION('',(-0.634521809283,0.77290495764,0.));
#12533 = DIRECTION('',(0.77290495764,0.634521809283,0.));
#12534 = ADVANCED_FACE('',(#12535),#12569,.T.);
#12535 = FACE_BOUND('',#12536,.T.);
#12536 = EDGE_LOOP('',(#12537,#12547,#12555,#12561,#12562,#12563));
#12537 = ORIENTED_EDGE('',*,*,#12538,.F.);
#12538 = EDGE_CURVE('',#12539,#12541,#12543,.T.);
#12539 = VERTEX_POINT('',#12540);
#12540 = CARTESIAN_POINT('',(120.93921124124,21.206951673326,7.4));
#12541 = VERTEX_POINT('',#12542);
#12542 = CARTESIAN_POINT('',(121.326,21.6777,7.4));
#12543 = LINE('',#12544,#12545);
#12544 = CARTESIAN_POINT('',(120.3956818998,20.545439356371,7.4));
#12545 = VECTOR('',#12546,1.);
#12546 = DIRECTION('',(0.63484000223,0.772643625204,0.));
#12547 = ORIENTED_EDGE('',*,*,#12548,.F.);
#12548 = EDGE_CURVE('',#12549,#12539,#12551,.T.);
#12549 = VERTEX_POINT('',#12550);
#12550 = CARTESIAN_POINT('',(120.93921124124,21.206951673326,8.4));
#12551 = LINE('',#12552,#12553);
#12552 = CARTESIAN_POINT('',(120.93921124124,21.206951673326,2.4));
#12553 = VECTOR('',#12554,1.);
#12554 = DIRECTION('',(-0.,-0.,-1.));
#12555 = ORIENTED_EDGE('',*,*,#12556,.F.);
#12556 = EDGE_CURVE('',#12515,#12549,#12557,.T.);
#12557 = LINE('',#12558,#12559);
#12558 = CARTESIAN_POINT('',(120.3956818998,20.545439356371,8.4));
#12559 = VECTOR('',#12560,1.);
#12560 = DIRECTION('',(0.63484000223,0.772643625204,0.));
#12561 = ORIENTED_EDGE('',*,*,#12524,.T.);
#12562 = ORIENTED_EDGE('',*,*,#3803,.F.);
#12563 = ORIENTED_EDGE('',*,*,#12564,.F.);
#12564 = EDGE_CURVE('',#12541,#3796,#12565,.T.);
#12565 = LINE('',#12566,#12567);
#12566 = CARTESIAN_POINT('',(121.326,21.6777,2.5));
#12567 = VECTOR('',#12568,1.);
#12568 = DIRECTION('',(0.,0.,1.));
#12569 = PLANE('',#12570);
#12570 = AXIS2_PLACEMENT_3D('',#12571,#12572,#12573);
#12571 = CARTESIAN_POINT('',(120.828,21.0716,2.5));
#12572 = DIRECTION('',(-0.772643625204,0.63484000223,0.));
#12573 = DIRECTION('',(0.63484000223,0.772643625204,0.));
#12574 = ADVANCED_FACE('',(#12575),#12593,.T.);
#12575 = FACE_BOUND('',#12576,.T.);
#12576 = EDGE_LOOP('',(#12577,#12585,#12586,#12587));
#12577 = ORIENTED_EDGE('',*,*,#12578,.F.);
#12578 = EDGE_CURVE('',#12541,#12579,#12581,.T.);
#12579 = VERTEX_POINT('',#12580);
#12580 = CARTESIAN_POINT('',(121.696,22.3693,7.4));
#12581 = LINE('',#12582,#12583);
#12582 = CARTESIAN_POINT('',(120.85710963472,20.801255198311,7.4));
#12583 = VECTOR('',#12584,1.);
#12584 = DIRECTION('',(0.471726021219,0.881745179122,0.));
#12585 = ORIENTED_EDGE('',*,*,#12564,.T.);
#12586 = ORIENTED_EDGE('',*,*,#3795,.F.);
#12587 = ORIENTED_EDGE('',*,*,#12588,.F.);
#12588 = EDGE_CURVE('',#12579,#3788,#12589,.T.);
#12589 = LINE('',#12590,#12591);
#12590 = CARTESIAN_POINT('',(121.696,22.3693,2.5));
#12591 = VECTOR('',#12592,1.);
#12592 = DIRECTION('',(0.,0.,1.));
#12593 = PLANE('',#12594);
#12594 = AXIS2_PLACEMENT_3D('',#12595,#12596,#12597);
#12595 = CARTESIAN_POINT('',(121.326,21.6777,2.5));
#12596 = DIRECTION('',(-0.881745179122,0.471726021219,0.));
#12597 = DIRECTION('',(0.471726021219,0.881745179122,0.));
#12598 = ADVANCED_FACE('',(#12599),#12633,.T.);
#12599 = FACE_BOUND('',#12600,.T.);
#12600 = EDGE_LOOP('',(#12601,#12611,#12619,#12625,#12626,#12627));
#12601 = ORIENTED_EDGE('',*,*,#12602,.F.);
#12602 = EDGE_CURVE('',#12603,#12605,#12607,.T.);
#12603 = VERTEX_POINT('',#12604);
#12604 = CARTESIAN_POINT('',(121.71300122337,22.425493911453,2.5));
#12605 = VERTEX_POINT('',#12606);
#12606 = CARTESIAN_POINT('',(121.923,23.1196,2.5));
#12607 = LINE('',#12608,#12609);
#12608 = CARTESIAN_POINT('',(121.696,22.3693,2.5));
#12609 = VECTOR('',#12610,1.);
#12610 = DIRECTION('',(0.289582493074,0.957153059706,0.));
#12611 = ORIENTED_EDGE('',*,*,#12612,.F.);
#12612 = EDGE_CURVE('',#12613,#12603,#12615,.T.);
#12613 = VERTEX_POINT('',#12614);
#12614 = CARTESIAN_POINT('',(121.71300122337,22.425493911453,7.4));
#12615 = LINE('',#12616,#12617);
#12616 = CARTESIAN_POINT('',(121.71300122337,22.425493911453,0.));
#12617 = VECTOR('',#12618,1.);
#12618 = DIRECTION('',(-0.,-0.,-1.));
#12619 = ORIENTED_EDGE('',*,*,#12620,.F.);
#12620 = EDGE_CURVE('',#12579,#12613,#12621,.T.);
#12621 = LINE('',#12622,#12623);
#12622 = CARTESIAN_POINT('',(121.33100375714,21.162882903011,7.4));
#12623 = VECTOR('',#12624,1.);
#12624 = DIRECTION('',(0.289582493074,0.957153059706,0.));
#12625 = ORIENTED_EDGE('',*,*,#12588,.T.);
#12626 = ORIENTED_EDGE('',*,*,#3787,.F.);
#12627 = ORIENTED_EDGE('',*,*,#12628,.F.);
#12628 = EDGE_CURVE('',#12605,#3780,#12629,.T.);
#12629 = LINE('',#12630,#12631);
#12630 = CARTESIAN_POINT('',(121.923,23.1196,2.5));
#12631 = VECTOR('',#12632,1.);
#12632 = DIRECTION('',(0.,0.,1.));
#12633 = PLANE('',#12634);
#12634 = AXIS2_PLACEMENT_3D('',#12635,#12636,#12637);
#12635 = CARTESIAN_POINT('',(121.696,22.3693,2.5));
#12636 = DIRECTION('',(-0.957153059706,0.289582493074,0.));
#12637 = DIRECTION('',(0.289582493074,0.957153059706,0.));
#12638 = ADVANCED_FACE('',(#12639),#12657,.T.);
#12639 = FACE_BOUND('',#12640,.T.);
#12640 = EDGE_LOOP('',(#12641,#12649,#12650,#12651));
#12641 = ORIENTED_EDGE('',*,*,#12642,.F.);
#12642 = EDGE_CURVE('',#12605,#12643,#12645,.T.);
#12643 = VERTEX_POINT('',#12644);
#12644 = CARTESIAN_POINT('',(122.,23.9,2.5));
#12645 = LINE('',#12646,#12647);
#12646 = CARTESIAN_POINT('',(121.923,23.1196,2.5));
#12647 = VECTOR('',#12648,1.);
#12648 = DIRECTION('',(9.819055310694E-02,0.995167631749,0.));
#12649 = ORIENTED_EDGE('',*,*,#12628,.T.);
#12650 = ORIENTED_EDGE('',*,*,#3779,.F.);
#12651 = ORIENTED_EDGE('',*,*,#12652,.F.);
#12652 = EDGE_CURVE('',#12643,#3772,#12653,.T.);
#12653 = LINE('',#12654,#12655);
#12654 = CARTESIAN_POINT('',(122.,23.9,2.5));
#12655 = VECTOR('',#12656,1.);
#12656 = DIRECTION('',(0.,0.,1.));
#12657 = PLANE('',#12658);
#12658 = AXIS2_PLACEMENT_3D('',#12659,#12660,#12661);
#12659 = CARTESIAN_POINT('',(121.923,23.1196,2.5));
#12660 = DIRECTION('',(-0.995167631749,9.819055310694E-02,0.));
#12661 = DIRECTION('',(9.819055310694E-02,0.995167631749,0.));
#12662 = ADVANCED_FACE('',(#12663),#12681,.T.);
#12663 = FACE_BOUND('',#12664,.T.);
#12664 = EDGE_LOOP('',(#12665,#12673,#12674,#12675));
#12665 = ORIENTED_EDGE('',*,*,#12666,.F.);
#12666 = EDGE_CURVE('',#12643,#12667,#12669,.T.);
#12667 = VERTEX_POINT('',#12668);
#12668 = CARTESIAN_POINT('',(122.,57.,2.5));
#12669 = LINE('',#12670,#12671);
#12670 = CARTESIAN_POINT('',(122.,23.9,2.5));
#12671 = VECTOR('',#12672,1.);
#12672 = DIRECTION('',(0.,1.,0.));
#12673 = ORIENTED_EDGE('',*,*,#12652,.T.);
#12674 = ORIENTED_EDGE('',*,*,#3771,.F.);
#12675 = ORIENTED_EDGE('',*,*,#12676,.F.);
#12676 = EDGE_CURVE('',#12667,#3764,#12677,.T.);
#12677 = LINE('',#12678,#12679);
#12678 = CARTESIAN_POINT('',(122.,57.,2.5));
#12679 = VECTOR('',#12680,1.);
#12680 = DIRECTION('',(0.,0.,1.));
#12681 = PLANE('',#12682);
#12682 = AXIS2_PLACEMENT_3D('',#12683,#12684,#12685);
#12683 = CARTESIAN_POINT('',(122.,23.9,2.5));
#12684 = DIRECTION('',(-1.,0.,0.));
#12685 = DIRECTION('',(0.,1.,0.));
#12686 = ADVANCED_FACE('',(#12687),#12705,.T.);
#12687 = FACE_BOUND('',#12688,.T.);
#12688 = EDGE_LOOP('',(#12689,#12697,#12698,#12699));
#12689 = ORIENTED_EDGE('',*,*,#12690,.F.);
#12690 = EDGE_CURVE('',#12667,#12691,#12693,.T.);
#12691 = VERTEX_POINT('',#12692);
#12692 = CARTESIAN_POINT('',(121.923,57.7804,2.5));
#12693 = LINE('',#12694,#12695);
#12694 = CARTESIAN_POINT('',(122.,57.,2.5));
#12695 = VECTOR('',#12696,1.);
#12696 = DIRECTION('',(-9.819055310694E-02,0.995167631749,0.));
#12697 = ORIENTED_EDGE('',*,*,#12676,.T.);
#12698 = ORIENTED_EDGE('',*,*,#3763,.F.);
#12699 = ORIENTED_EDGE('',*,*,#12700,.F.);
#12700 = EDGE_CURVE('',#12691,#3756,#12701,.T.);
#12701 = LINE('',#12702,#12703);
#12702 = CARTESIAN_POINT('',(121.923,57.7804,2.5));
#12703 = VECTOR('',#12704,1.);
#12704 = DIRECTION('',(0.,0.,1.));
#12705 = PLANE('',#12706);
#12706 = AXIS2_PLACEMENT_3D('',#12707,#12708,#12709);
#12707 = CARTESIAN_POINT('',(122.,57.,2.5));
#12708 = DIRECTION('',(-0.995167631749,-9.819055310694E-02,0.));
#12709 = DIRECTION('',(-9.819055310694E-02,0.995167631749,0.));
#12710 = ADVANCED_FACE('',(#12711),#12729,.T.);
#12711 = FACE_BOUND('',#12712,.T.);
#12712 = EDGE_LOOP('',(#12713,#12721,#12722,#12723));
#12713 = ORIENTED_EDGE('',*,*,#12714,.F.);
#12714 = EDGE_CURVE('',#12691,#12715,#12717,.T.);
#12715 = VERTEX_POINT('',#12716);
#12716 = CARTESIAN_POINT('',(121.696,58.5307,2.5));
#12717 = LINE('',#12718,#12719);
#12718 = CARTESIAN_POINT('',(121.923,57.7804,2.5));
#12719 = VECTOR('',#12720,1.);
#12720 = DIRECTION('',(-0.289582493074,0.957153059706,0.));
#12721 = ORIENTED_EDGE('',*,*,#12700,.T.);
#12722 = ORIENTED_EDGE('',*,*,#3755,.F.);
#12723 = ORIENTED_EDGE('',*,*,#12724,.F.);
#12724 = EDGE_CURVE('',#12715,#3748,#12725,.T.);
#12725 = LINE('',#12726,#12727);
#12726 = CARTESIAN_POINT('',(121.696,58.5307,2.5));
#12727 = VECTOR('',#12728,1.);
#12728 = DIRECTION('',(0.,0.,1.));
#12729 = PLANE('',#12730);
#12730 = AXIS2_PLACEMENT_3D('',#12731,#12732,#12733);
#12731 = CARTESIAN_POINT('',(121.923,57.7804,2.5));
#12732 = DIRECTION('',(-0.957153059706,-0.289582493074,0.));
#12733 = DIRECTION('',(-0.289582493074,0.957153059706,0.));
#12734 = ADVANCED_FACE('',(#12735),#12769,.T.);
#12735 = FACE_BOUND('',#12736,.T.);
#12736 = EDGE_LOOP('',(#12737,#12745,#12746,#12747,#12755,#12763));
#12737 = ORIENTED_EDGE('',*,*,#12738,.F.);
#12738 = EDGE_CURVE('',#12715,#12739,#12741,.T.);
#12739 = VERTEX_POINT('',#12740);
#12740 = CARTESIAN_POINT('',(121.51631946799,58.866556907938,2.5));
#12741 = LINE('',#12742,#12743);
#12742 = CARTESIAN_POINT('',(121.696,58.5307,2.5));
#12743 = VECTOR('',#12744,1.);
#12744 = DIRECTION('',(-0.471726021219,0.881745179122,0.));
#12745 = ORIENTED_EDGE('',*,*,#12724,.T.);
#12746 = ORIENTED_EDGE('',*,*,#3747,.F.);
#12747 = ORIENTED_EDGE('',*,*,#12748,.F.);
#12748 = EDGE_CURVE('',#12749,#3740,#12751,.T.);
#12749 = VERTEX_POINT('',#12750);
#12750 = CARTESIAN_POINT('',(121.326,59.2223,7.4));
#12751 = LINE('',#12752,#12753);
#12752 = CARTESIAN_POINT('',(121.326,59.2223,2.5));
#12753 = VECTOR('',#12754,1.);
#12754 = DIRECTION('',(0.,0.,1.));
#12755 = ORIENTED_EDGE('',*,*,#12756,.F.);
#12756 = EDGE_CURVE('',#12757,#12749,#12759,.T.);
#12757 = VERTEX_POINT('',#12758);
#12758 = CARTESIAN_POINT('',(121.51631946799,58.866556907938,7.4));
#12759 = LINE('',#12760,#12761);
#12760 = CARTESIAN_POINT('',(120.98647827495,59.856930337958,7.4));
#12761 = VECTOR('',#12762,1.);
#12762 = DIRECTION('',(-0.471726021219,0.881745179122,0.));
#12763 = ORIENTED_EDGE('',*,*,#12764,.T.);
#12764 = EDGE_CURVE('',#12757,#12739,#12765,.T.);
#12765 = LINE('',#12766,#12767);
#12766 = CARTESIAN_POINT('',(121.51631946799,58.866556907938,0.));
#12767 = VECTOR('',#12768,1.);
#12768 = DIRECTION('',(-0.,-0.,-1.));
#12769 = PLANE('',#12770);
#12770 = AXIS2_PLACEMENT_3D('',#12771,#12772,#12773);
#12771 = CARTESIAN_POINT('',(121.696,58.5307,2.5));
#12772 = DIRECTION('',(-0.881745179122,-0.471726021219,0.));
#12773 = DIRECTION('',(-0.471726021219,0.881745179122,0.));
#12774 = ADVANCED_FACE('',(#12775),#12793,.T.);
#12775 = FACE_BOUND('',#12776,.T.);
#12776 = EDGE_LOOP('',(#12777,#12785,#12786,#12787));
#12777 = ORIENTED_EDGE('',*,*,#12778,.F.);
#12778 = EDGE_CURVE('',#12749,#12779,#12781,.T.);
#12779 = VERTEX_POINT('',#12780);
#12780 = CARTESIAN_POINT('',(120.828,59.8284,7.4));
#12781 = LINE('',#12782,#12783);
#12782 = CARTESIAN_POINT('',(120.54392644269,60.174136913816,7.4));
#12783 = VECTOR('',#12784,1.);
#12784 = DIRECTION('',(-0.63484000223,0.772643625204,0.));
#12785 = ORIENTED_EDGE('',*,*,#12748,.T.);
#12786 = ORIENTED_EDGE('',*,*,#3739,.F.);
#12787 = ORIENTED_EDGE('',*,*,#12788,.F.);
#12788 = EDGE_CURVE('',#12779,#3732,#12789,.T.);
#12789 = LINE('',#12790,#12791);
#12790 = CARTESIAN_POINT('',(120.828,59.8284,2.5));
#12791 = VECTOR('',#12792,1.);
#12792 = DIRECTION('',(0.,0.,1.));
#12793 = PLANE('',#12794);
#12794 = AXIS2_PLACEMENT_3D('',#12795,#12796,#12797);
#12795 = CARTESIAN_POINT('',(121.326,59.2223,2.5));
#12796 = DIRECTION('',(-0.772643625204,-0.63484000223,0.));
#12797 = DIRECTION('',(-0.63484000223,0.772643625204,0.));
#12798 = ADVANCED_FACE('',(#12799),#12833,.T.);
#12799 = FACE_BOUND('',#12800,.T.);
#12800 = EDGE_LOOP('',(#12801,#12809,#12810,#12811,#12819,#12827));
#12801 = ORIENTED_EDGE('',*,*,#12802,.F.);
#12802 = EDGE_CURVE('',#12779,#12803,#12805,.T.);
#12803 = VERTEX_POINT('',#12804);
#12804 = CARTESIAN_POINT('',(120.58179922447,60.03052027364,7.4));
#12805 = LINE('',#12806,#12807);
#12806 = CARTESIAN_POINT('',(120.11730805227,60.411847597347,7.4));
#12807 = VECTOR('',#12808,1.);
#12808 = DIRECTION('',(-0.77290495764,0.634521809283,0.));
#12809 = ORIENTED_EDGE('',*,*,#12788,.T.);
#12810 = ORIENTED_EDGE('',*,*,#3731,.F.);
#12811 = ORIENTED_EDGE('',*,*,#12812,.F.);
#12812 = EDGE_CURVE('',#12813,#3724,#12815,.T.);
#12813 = VERTEX_POINT('',#12814);
#12814 = CARTESIAN_POINT('',(120.222,60.3259,8.4));
#12815 = LINE('',#12816,#12817);
#12816 = CARTESIAN_POINT('',(120.222,60.3259,2.5));
#12817 = VECTOR('',#12818,1.);
#12818 = DIRECTION('',(0.,0.,1.));
#12819 = ORIENTED_EDGE('',*,*,#12820,.F.);
#12820 = EDGE_CURVE('',#12821,#12813,#12823,.T.);
#12821 = VERTEX_POINT('',#12822);
#12822 = CARTESIAN_POINT('',(120.58179922447,60.03052027364,8.4));
#12823 = LINE('',#12824,#12825);
#12824 = CARTESIAN_POINT('',(120.11730805227,60.411847597347,8.4));
#12825 = VECTOR('',#12826,1.);
#12826 = DIRECTION('',(-0.77290495764,0.634521809283,0.));
#12827 = ORIENTED_EDGE('',*,*,#12828,.T.);
#12828 = EDGE_CURVE('',#12821,#12803,#12829,.T.);
#12829 = LINE('',#12830,#12831);
#12830 = CARTESIAN_POINT('',(120.58179922447,60.03052027364,2.4));
#12831 = VECTOR('',#12832,1.);
#12832 = DIRECTION('',(-0.,-0.,-1.));
#12833 = PLANE('',#12834);
#12834 = AXIS2_PLACEMENT_3D('',#12835,#12836,#12837);
#12835 = CARTESIAN_POINT('',(120.828,59.8284,2.5));
#12836 = DIRECTION('',(-0.634521809283,-0.77290495764,0.));
#12837 = DIRECTION('',(-0.77290495764,0.634521809283,0.));
#12838 = ADVANCED_FACE('',(#12839),#12857,.T.);
#12839 = FACE_BOUND('',#12840,.T.);
#12840 = EDGE_LOOP('',(#12841,#12849,#12850,#12851));
#12841 = ORIENTED_EDGE('',*,*,#12842,.F.);
#12842 = EDGE_CURVE('',#12813,#12843,#12845,.T.);
#12843 = VERTEX_POINT('',#12844);
#12844 = CARTESIAN_POINT('',(119.531,60.6955,8.4));
#12845 = LINE('',#12846,#12847);
#12846 = CARTESIAN_POINT('',(119.71071439283,60.599374906523,8.4));
#12847 = VECTOR('',#12848,1.);
#12848 = DIRECTION('',(-0.881787110414,0.471647635324,0.));
#12849 = ORIENTED_EDGE('',*,*,#12812,.T.);
#12850 = ORIENTED_EDGE('',*,*,#3723,.F.);
#12851 = ORIENTED_EDGE('',*,*,#12852,.F.);
#12852 = EDGE_CURVE('',#12843,#3716,#12853,.T.);
#12853 = LINE('',#12854,#12855);
#12854 = CARTESIAN_POINT('',(119.531,60.6955,2.5));
#12855 = VECTOR('',#12856,1.);
#12856 = DIRECTION('',(0.,0.,1.));
#12857 = PLANE('',#12858);
#12858 = AXIS2_PLACEMENT_3D('',#12859,#12860,#12861);
#12859 = CARTESIAN_POINT('',(120.222,60.3259,2.5));
#12860 = DIRECTION('',(-0.471647635324,-0.881787110414,0.));
#12861 = DIRECTION('',(-0.881787110414,0.471647635324,0.));
#12862 = ADVANCED_FACE('',(#12863),#12881,.T.);
#12863 = FACE_BOUND('',#12864,.T.);
#12864 = EDGE_LOOP('',(#12865,#12873,#12874,#12875));
#12865 = ORIENTED_EDGE('',*,*,#12866,.F.);
#12866 = EDGE_CURVE('',#12843,#12867,#12869,.T.);
#12867 = VERTEX_POINT('',#12868);
#12868 = CARTESIAN_POINT('',(118.78,60.9231,8.4));
#12869 = LINE('',#12870,#12871);
#12870 = CARTESIAN_POINT('',(119.31496639112,60.76097170357,8.4));
#12871 = VECTOR('',#12872,1.);
#12872 = DIRECTION('',(-0.957015829939,0.290035689606,0.));
#12873 = ORIENTED_EDGE('',*,*,#12852,.T.);
#12874 = ORIENTED_EDGE('',*,*,#3715,.F.);
#12875 = ORIENTED_EDGE('',*,*,#12876,.F.);
#12876 = EDGE_CURVE('',#12867,#3708,#12877,.T.);
#12877 = LINE('',#12878,#12879);
#12878 = CARTESIAN_POINT('',(118.78,60.9231,2.5));
#12879 = VECTOR('',#12880,1.);
#12880 = DIRECTION('',(0.,0.,1.));
#12881 = PLANE('',#12882);
#12882 = AXIS2_PLACEMENT_3D('',#12883,#12884,#12885);
#12883 = CARTESIAN_POINT('',(119.531,60.6955,2.5));
#12884 = DIRECTION('',(-0.290035689606,-0.957015829939,0.));
#12885 = DIRECTION('',(-0.957015829939,0.290035689606,0.));
#12886 = ADVANCED_FACE('',(#12887),#12905,.T.);
#12887 = FACE_BOUND('',#12888,.T.);
#12888 = EDGE_LOOP('',(#12889,#12897,#12898,#12899));
#12889 = ORIENTED_EDGE('',*,*,#12890,.F.);
#12890 = EDGE_CURVE('',#12867,#12891,#12893,.T.);
#12891 = VERTEX_POINT('',#12892);
#12892 = CARTESIAN_POINT('',(118.,61.,8.4));
#12893 = LINE('',#12894,#12895);
#12894 = CARTESIAN_POINT('',(118.90959698565,60.910323066415,8.4));
#12895 = VECTOR('',#12896,1.);
#12896 = DIRECTION('',(-0.995175175621,9.811406539136E-02,0.));
#12897 = ORIENTED_EDGE('',*,*,#12876,.T.);
#12898 = ORIENTED_EDGE('',*,*,#3707,.F.);
#12899 = ORIENTED_EDGE('',*,*,#12900,.F.);
#12900 = EDGE_CURVE('',#12891,#3700,#12901,.T.);
#12901 = LINE('',#12902,#12903);
#12902 = CARTESIAN_POINT('',(118.,61.,2.5));
#12903 = VECTOR('',#12904,1.);
#12904 = DIRECTION('',(0.,0.,1.));
#12905 = PLANE('',#12906);
#12906 = AXIS2_PLACEMENT_3D('',#12907,#12908,#12909);
#12907 = CARTESIAN_POINT('',(118.78,60.9231,2.5));
#12908 = DIRECTION('',(-9.811406539136E-02,-0.995175175621,0.));
#12909 = DIRECTION('',(-0.995175175621,9.811406539136E-02,0.));
#12910 = ADVANCED_FACE('',(#12911),#12961,.T.);
#12911 = FACE_BOUND('',#12912,.T.);
#12912 = EDGE_LOOP('',(#12913,#12923,#12931,#12939,#12947,#12953,#12954,
    #12955));
#12913 = ORIENTED_EDGE('',*,*,#12914,.F.);
#12914 = EDGE_CURVE('',#12915,#12917,#12919,.T.);
#12915 = VERTEX_POINT('',#12916);
#12916 = CARTESIAN_POINT('',(116.04196010845,61.,2.5));
#12917 = VERTEX_POINT('',#12918);
#12918 = CARTESIAN_POINT('',(88.2647,61.,2.5));
#12919 = LINE('',#12920,#12921);
#12920 = CARTESIAN_POINT('',(118.,61.,2.5));
#12921 = VECTOR('',#12922,1.);
#12922 = DIRECTION('',(-1.,0.,0.));
#12923 = ORIENTED_EDGE('',*,*,#12924,.F.);
#12924 = EDGE_CURVE('',#12925,#12915,#12927,.T.);
#12925 = VERTEX_POINT('',#12926);
#12926 = CARTESIAN_POINT('',(116.04196010845,61.,7.4));
#12927 = LINE('',#12928,#12929);
#12928 = CARTESIAN_POINT('',(116.04196010845,61.,0.));
#12929 = VECTOR('',#12930,1.);
#12930 = DIRECTION('',(-0.,-0.,-1.));
#12931 = ORIENTED_EDGE('',*,*,#12932,.F.);
#12932 = EDGE_CURVE('',#12933,#12925,#12935,.T.);
#12933 = VERTEX_POINT('',#12934);
#12934 = CARTESIAN_POINT('',(117.42758148064,61.,7.4));
#12935 = LINE('',#12936,#12937);
#12936 = CARTESIAN_POINT('',(118.5,61.,7.4));
#12937 = VECTOR('',#12938,1.);
#12938 = DIRECTION('',(-1.,0.,0.));
#12939 = ORIENTED_EDGE('',*,*,#12940,.F.);
#12940 = EDGE_CURVE('',#12941,#12933,#12943,.T.);
#12941 = VERTEX_POINT('',#12942);
#12942 = CARTESIAN_POINT('',(117.42758148064,61.,8.4));
#12943 = LINE('',#12944,#12945);
#12944 = CARTESIAN_POINT('',(117.42758148064,61.,2.4));
#12945 = VECTOR('',#12946,1.);
#12946 = DIRECTION('',(-0.,-0.,-1.));
#12947 = ORIENTED_EDGE('',*,*,#12948,.F.);
#12948 = EDGE_CURVE('',#12891,#12941,#12949,.T.);
#12949 = LINE('',#12950,#12951);
#12950 = CARTESIAN_POINT('',(118.5,61.,8.4));
#12951 = VECTOR('',#12952,1.);
#12952 = DIRECTION('',(-1.,0.,0.));
#12953 = ORIENTED_EDGE('',*,*,#12900,.T.);
#12954 = ORIENTED_EDGE('',*,*,#3699,.F.);
#12955 = ORIENTED_EDGE('',*,*,#12956,.F.);
#12956 = EDGE_CURVE('',#12917,#3692,#12957,.T.);
#12957 = LINE('',#12958,#12959);
#12958 = CARTESIAN_POINT('',(88.2647,61.,2.5));
#12959 = VECTOR('',#12960,1.);
#12960 = DIRECTION('',(0.,0.,1.));
#12961 = PLANE('',#12962);
#12962 = AXIS2_PLACEMENT_3D('',#12963,#12964,#12965);
#12963 = CARTESIAN_POINT('',(118.,61.,2.5));
#12964 = DIRECTION('',(0.,-1.,0.));
#12965 = DIRECTION('',(-1.,0.,0.));
#12966 = ADVANCED_FACE('',(#12967),#12985,.T.);
#12967 = FACE_BOUND('',#12968,.T.);
#12968 = EDGE_LOOP('',(#12969,#12977,#12978,#12979));
#12969 = ORIENTED_EDGE('',*,*,#12970,.F.);
#12970 = EDGE_CURVE('',#12917,#12971,#12973,.T.);
#12971 = VERTEX_POINT('',#12972);
#12972 = CARTESIAN_POINT('',(87.4843,60.9231,2.5));
#12973 = LINE('',#12974,#12975);
#12974 = CARTESIAN_POINT('',(88.2647,61.,2.5));
#12975 = VECTOR('',#12976,1.);
#12976 = DIRECTION('',(-0.995180084663,-9.80642600084E-02,0.));
#12977 = ORIENTED_EDGE('',*,*,#12956,.T.);
#12978 = ORIENTED_EDGE('',*,*,#3691,.F.);
#12979 = ORIENTED_EDGE('',*,*,#12980,.F.);
#12980 = EDGE_CURVE('',#12971,#3684,#12981,.T.);
#12981 = LINE('',#12982,#12983);
#12982 = CARTESIAN_POINT('',(87.4843,60.9231,2.5));
#12983 = VECTOR('',#12984,1.);
#12984 = DIRECTION('',(0.,0.,1.));
#12985 = PLANE('',#12986);
#12986 = AXIS2_PLACEMENT_3D('',#12987,#12988,#12989);
#12987 = CARTESIAN_POINT('',(88.2647,61.,2.5));
#12988 = DIRECTION('',(9.80642600084E-02,-0.995180084663,0.));
#12989 = DIRECTION('',(-0.995180084663,-9.80642600084E-02,0.));
#12990 = ADVANCED_FACE('',(#12991),#13009,.T.);
#12991 = FACE_BOUND('',#12992,.T.);
#12992 = EDGE_LOOP('',(#12993,#13001,#13002,#13003));
#12993 = ORIENTED_EDGE('',*,*,#12994,.F.);
#12994 = EDGE_CURVE('',#12971,#12995,#12997,.T.);
#12995 = VERTEX_POINT('',#12996);
#12996 = CARTESIAN_POINT('',(86.7339,60.6955,2.5));
#12997 = LINE('',#12998,#12999);
#12998 = CARTESIAN_POINT('',(87.4843,60.9231,2.5));
#12999 = VECTOR('',#13000,1.);
#13000 = DIRECTION('',(-0.95695144116,-0.290248065043,0.));
#13001 = ORIENTED_EDGE('',*,*,#12980,.T.);
#13002 = ORIENTED_EDGE('',*,*,#3683,.F.);
#13003 = ORIENTED_EDGE('',*,*,#13004,.F.);
#13004 = EDGE_CURVE('',#12995,#3676,#13005,.T.);
#13005 = LINE('',#13006,#13007);
#13006 = CARTESIAN_POINT('',(86.7339,60.6955,2.5));
#13007 = VECTOR('',#13008,1.);
#13008 = DIRECTION('',(0.,0.,1.));
#13009 = PLANE('',#13010);
#13010 = AXIS2_PLACEMENT_3D('',#13011,#13012,#13013);
#13011 = CARTESIAN_POINT('',(87.4843,60.9231,2.5));
#13012 = DIRECTION('',(0.290248065043,-0.95695144116,0.));
#13013 = DIRECTION('',(-0.95695144116,-0.290248065043,0.));
#13014 = ADVANCED_FACE('',(#13015),#13033,.T.);
#13015 = FACE_BOUND('',#13016,.T.);
#13016 = EDGE_LOOP('',(#13017,#13025,#13026,#13027));
#13017 = ORIENTED_EDGE('',*,*,#13018,.F.);
#13018 = EDGE_CURVE('',#12995,#13019,#13021,.T.);
#13019 = VERTEX_POINT('',#13020);
#13020 = CARTESIAN_POINT('',(86.0424,60.3259,2.5));
#13021 = LINE('',#13022,#13023);
#13022 = CARTESIAN_POINT('',(86.7339,60.6955,2.5));
#13023 = VECTOR('',#13024,1.);
#13024 = DIRECTION('',(-0.881928926211,-0.471382402209,0.));
#13025 = ORIENTED_EDGE('',*,*,#13004,.T.);
#13026 = ORIENTED_EDGE('',*,*,#3675,.F.);
#13027 = ORIENTED_EDGE('',*,*,#13028,.F.);
#13028 = EDGE_CURVE('',#13019,#3668,#13029,.T.);
#13029 = LINE('',#13030,#13031);
#13030 = CARTESIAN_POINT('',(86.0424,60.3259,2.5));
#13031 = VECTOR('',#13032,1.);
#13032 = DIRECTION('',(0.,0.,1.));
#13033 = PLANE('',#13034);
#13034 = AXIS2_PLACEMENT_3D('',#13035,#13036,#13037);
#13035 = CARTESIAN_POINT('',(86.7339,60.6955,2.5));
#13036 = DIRECTION('',(0.471382402209,-0.881928926211,0.));
#13037 = DIRECTION('',(-0.881928926211,-0.471382402209,0.));
#13038 = ADVANCED_FACE('',(#13039),#13057,.T.);
#13039 = FACE_BOUND('',#13040,.T.);
#13040 = EDGE_LOOP('',(#13041,#13049,#13050,#13051));
#13041 = ORIENTED_EDGE('',*,*,#13042,.F.);
#13042 = EDGE_CURVE('',#13019,#13043,#13045,.T.);
#13043 = VERTEX_POINT('',#13044);
#13044 = CARTESIAN_POINT('',(85.4362,59.8284,2.5));
#13045 = LINE('',#13046,#13047);
#13046 = CARTESIAN_POINT('',(86.0424,60.3259,2.5));
#13047 = VECTOR('',#13048,1.);
#13048 = DIRECTION('',(-0.773007628723,-0.634396725981,0.));
#13049 = ORIENTED_EDGE('',*,*,#13028,.T.);
#13050 = ORIENTED_EDGE('',*,*,#3667,.F.);
#13051 = ORIENTED_EDGE('',*,*,#13052,.F.);
#13052 = EDGE_CURVE('',#13043,#3660,#13053,.T.);
#13053 = LINE('',#13054,#13055);
#13054 = CARTESIAN_POINT('',(85.4362,59.8284,2.5));
#13055 = VECTOR('',#13056,1.);
#13056 = DIRECTION('',(0.,0.,1.));
#13057 = PLANE('',#13058);
#13058 = AXIS2_PLACEMENT_3D('',#13059,#13060,#13061);
#13059 = CARTESIAN_POINT('',(86.0424,60.3259,2.5));
#13060 = DIRECTION('',(0.634396725981,-0.773007628723,0.));
#13061 = DIRECTION('',(-0.773007628723,-0.634396725981,0.));
#13062 = ADVANCED_FACE('',(#13063),#13081,.T.);
#13063 = FACE_BOUND('',#13064,.T.);
#13064 = EDGE_LOOP('',(#13065,#13073,#13074,#13075));
#13065 = ORIENTED_EDGE('',*,*,#13066,.F.);
#13066 = EDGE_CURVE('',#13043,#13067,#13069,.T.);
#13067 = VERTEX_POINT('',#13068);
#13068 = CARTESIAN_POINT('',(85.0387,59.4309,2.5));
#13069 = LINE('',#13070,#13071);
#13070 = CARTESIAN_POINT('',(85.4362,59.8284,2.5));
#13071 = VECTOR('',#13072,1.);
#13072 = DIRECTION('',(-0.707106781187,-0.707106781187,0.));
#13073 = ORIENTED_EDGE('',*,*,#13052,.T.);
#13074 = ORIENTED_EDGE('',*,*,#3659,.F.);
#13075 = ORIENTED_EDGE('',*,*,#13076,.F.);
#13076 = EDGE_CURVE('',#13067,#3652,#13077,.T.);
#13077 = LINE('',#13078,#13079);
#13078 = CARTESIAN_POINT('',(85.0387,59.4309,2.5));
#13079 = VECTOR('',#13080,1.);
#13080 = DIRECTION('',(0.,0.,1.));
#13081 = PLANE('',#13082);
#13082 = AXIS2_PLACEMENT_3D('',#13083,#13084,#13085);
#13083 = CARTESIAN_POINT('',(85.4362,59.8284,2.5));
#13084 = DIRECTION('',(0.707106781187,-0.707106781187,0.));
#13085 = DIRECTION('',(-0.707106781187,-0.707106781187,0.));
#13086 = ADVANCED_FACE('',(#13087),#13105,.T.);
#13087 = FACE_BOUND('',#13088,.T.);
#13088 = EDGE_LOOP('',(#13089,#13097,#13098,#13099));
#13089 = ORIENTED_EDGE('',*,*,#13090,.F.);
#13090 = EDGE_CURVE('',#13067,#13091,#13093,.T.);
#13091 = VERTEX_POINT('',#13092);
#13092 = CARTESIAN_POINT('',(83.7379,58.5617,2.5));
#13093 = LINE('',#13094,#13095);
#13094 = CARTESIAN_POINT('',(85.0387,59.4309,2.5));
#13095 = VECTOR('',#13096,1.);
#13096 = DIRECTION('',(-0.831459801075,-0.555584916278,0.));
#13097 = ORIENTED_EDGE('',*,*,#13076,.T.);
#13098 = ORIENTED_EDGE('',*,*,#3651,.F.);
#13099 = ORIENTED_EDGE('',*,*,#13100,.F.);
#13100 = EDGE_CURVE('',#13091,#3644,#13101,.T.);
#13101 = LINE('',#13102,#13103);
#13102 = CARTESIAN_POINT('',(83.7379,58.5617,2.5));
#13103 = VECTOR('',#13104,1.);
#13104 = DIRECTION('',(0.,0.,1.));
#13105 = PLANE('',#13106);
#13106 = AXIS2_PLACEMENT_3D('',#13107,#13108,#13109);
#13107 = CARTESIAN_POINT('',(85.0387,59.4309,2.5));
#13108 = DIRECTION('',(0.555584916278,-0.831459801075,0.));
#13109 = DIRECTION('',(-0.831459801075,-0.555584916278,0.));
#13110 = ADVANCED_FACE('',(#13111),#13129,.T.);
#13111 = FACE_BOUND('',#13112,.T.);
#13112 = EDGE_LOOP('',(#13113,#13121,#13122,#13123));
#13113 = ORIENTED_EDGE('',*,*,#13114,.F.);
#13114 = EDGE_CURVE('',#13091,#13115,#13117,.T.);
#13115 = VERTEX_POINT('',#13116);
#13116 = CARTESIAN_POINT('',(82.2925,57.963,2.5));
#13117 = LINE('',#13118,#13119);
#13118 = CARTESIAN_POINT('',(83.7379,58.5617,2.5));
#13119 = VECTOR('',#13120,1.);
#13120 = DIRECTION('',(-0.923880500421,-0.382681095615,0.));
#13121 = ORIENTED_EDGE('',*,*,#13100,.T.);
#13122 = ORIENTED_EDGE('',*,*,#3643,.F.);
#13123 = ORIENTED_EDGE('',*,*,#13124,.F.);
#13124 = EDGE_CURVE('',#13115,#3636,#13125,.T.);
#13125 = LINE('',#13126,#13127);
#13126 = CARTESIAN_POINT('',(82.2925,57.963,2.5));
#13127 = VECTOR('',#13128,1.);
#13128 = DIRECTION('',(0.,0.,1.));
#13129 = PLANE('',#13130);
#13130 = AXIS2_PLACEMENT_3D('',#13131,#13132,#13133);
#13131 = CARTESIAN_POINT('',(83.7379,58.5617,2.5));
#13132 = DIRECTION('',(0.382681095615,-0.923880500421,0.));
#13133 = DIRECTION('',(-0.923880500421,-0.382681095615,0.));
#13134 = ADVANCED_FACE('',(#13135),#13153,.T.);
#13135 = FACE_BOUND('',#13136,.T.);
#13136 = EDGE_LOOP('',(#13137,#13145,#13146,#13147));
#13137 = ORIENTED_EDGE('',*,*,#13138,.F.);
#13138 = EDGE_CURVE('',#13115,#13139,#13141,.T.);
#13139 = VERTEX_POINT('',#13140);
#13140 = CARTESIAN_POINT('',(80.661,57.6385,2.5));
#13141 = LINE('',#13142,#13143);
#13142 = CARTESIAN_POINT('',(82.2925,57.963,2.5));
#13143 = VECTOR('',#13144,1.);
#13144 = DIRECTION('',(-0.980788216617,-0.195075560093,0.));
#13145 = ORIENTED_EDGE('',*,*,#13124,.T.);
#13146 = ORIENTED_EDGE('',*,*,#3635,.F.);
#13147 = ORIENTED_EDGE('',*,*,#13148,.F.);
#13148 = EDGE_CURVE('',#13139,#3628,#13149,.T.);
#13149 = LINE('',#13150,#13151);
#13150 = CARTESIAN_POINT('',(80.661,57.6385,2.5));
#13151 = VECTOR('',#13152,1.);
#13152 = DIRECTION('',(0.,0.,1.));
#13153 = PLANE('',#13154);
#13154 = AXIS2_PLACEMENT_3D('',#13155,#13156,#13157);
#13155 = CARTESIAN_POINT('',(82.2925,57.963,2.5));
#13156 = DIRECTION('',(0.195075560093,-0.980788216617,0.));
#13157 = DIRECTION('',(-0.980788216617,-0.195075560093,0.));
#13158 = ADVANCED_FACE('',(#13159),#13177,.T.);
#13159 = FACE_BOUND('',#13160,.T.);
#13160 = EDGE_LOOP('',(#13161,#13169,#13170,#13171));
#13161 = ORIENTED_EDGE('',*,*,#13162,.F.);
#13162 = EDGE_CURVE('',#13139,#13163,#13165,.T.);
#13163 = VERTEX_POINT('',#13164);
#13164 = CARTESIAN_POINT('',(79.8776,57.6,2.5));
#13165 = LINE('',#13166,#13167);
#13166 = CARTESIAN_POINT('',(80.661,57.6385,2.5));
#13167 = VECTOR('',#13168,1.);
#13168 = DIRECTION('',(-0.998794579661,-4.908551355237E-02,0.));
#13169 = ORIENTED_EDGE('',*,*,#13148,.T.);
#13170 = ORIENTED_EDGE('',*,*,#3627,.F.);
#13171 = ORIENTED_EDGE('',*,*,#13172,.F.);
#13172 = EDGE_CURVE('',#13163,#3620,#13173,.T.);
#13173 = LINE('',#13174,#13175);
#13174 = CARTESIAN_POINT('',(79.8776,57.6,2.5));
#13175 = VECTOR('',#13176,1.);
#13176 = DIRECTION('',(0.,0.,1.));
#13177 = PLANE('',#13178);
#13178 = AXIS2_PLACEMENT_3D('',#13179,#13180,#13181);
#13179 = CARTESIAN_POINT('',(80.661,57.6385,2.5));
#13180 = DIRECTION('',(4.908551355237E-02,-0.998794579661,0.));
#13181 = DIRECTION('',(-0.998794579661,-4.908551355237E-02,0.));
#13182 = ADVANCED_FACE('',(#13183),#13233,.T.);
#13183 = FACE_BOUND('',#13184,.T.);
#13184 = EDGE_LOOP('',(#13185,#13193,#13194,#13195,#13203,#13211,#13219,
    #13227));
#13185 = ORIENTED_EDGE('',*,*,#13186,.F.);
#13186 = EDGE_CURVE('',#13163,#13187,#13189,.T.);
#13187 = VERTEX_POINT('',#13188);
#13188 = CARTESIAN_POINT('',(79.15803989155,57.6,2.5));
#13189 = LINE('',#13190,#13191);
#13190 = CARTESIAN_POINT('',(79.8776,57.6,2.5));
#13191 = VECTOR('',#13192,1.);
#13192 = DIRECTION('',(-1.,0.,0.));
#13193 = ORIENTED_EDGE('',*,*,#13172,.T.);
#13194 = ORIENTED_EDGE('',*,*,#3619,.F.);
#13195 = ORIENTED_EDGE('',*,*,#13196,.F.);
#13196 = EDGE_CURVE('',#13197,#3612,#13199,.T.);
#13197 = VERTEX_POINT('',#13198);
#13198 = CARTESIAN_POINT('',(75.1321,57.6,8.4));
#13199 = LINE('',#13200,#13201);
#13200 = CARTESIAN_POINT('',(75.1321,57.6,2.5));
#13201 = VECTOR('',#13202,1.);
#13202 = DIRECTION('',(0.,0.,1.));
#13203 = ORIENTED_EDGE('',*,*,#13204,.F.);
#13204 = EDGE_CURVE('',#13205,#13197,#13207,.T.);
#13205 = VERTEX_POINT('',#13206);
#13206 = CARTESIAN_POINT('',(77.772418519352,57.6,8.4));
#13207 = LINE('',#13208,#13209);
#13208 = CARTESIAN_POINT('',(78.0388,57.6,8.4));
#13209 = VECTOR('',#13210,1.);
#13210 = DIRECTION('',(-1.,0.,0.));
#13211 = ORIENTED_EDGE('',*,*,#13212,.T.);
#13212 = EDGE_CURVE('',#13205,#13213,#13215,.T.);
#13213 = VERTEX_POINT('',#13214);
#13214 = CARTESIAN_POINT('',(77.772418519352,57.6,7.4));
#13215 = LINE('',#13216,#13217);
#13216 = CARTESIAN_POINT('',(77.772418519352,57.6,2.4));
#13217 = VECTOR('',#13218,1.);
#13218 = DIRECTION('',(-0.,-0.,-1.));
#13219 = ORIENTED_EDGE('',*,*,#13220,.F.);
#13220 = EDGE_CURVE('',#13221,#13213,#13223,.T.);
#13221 = VERTEX_POINT('',#13222);
#13222 = CARTESIAN_POINT('',(79.15803989155,57.6,7.4));
#13223 = LINE('',#13224,#13225);
#13224 = CARTESIAN_POINT('',(78.0388,57.6,7.4));
#13225 = VECTOR('',#13226,1.);
#13226 = DIRECTION('',(-1.,0.,0.));
#13227 = ORIENTED_EDGE('',*,*,#13228,.T.);
#13228 = EDGE_CURVE('',#13221,#13187,#13229,.T.);
#13229 = LINE('',#13230,#13231);
#13230 = CARTESIAN_POINT('',(79.15803989155,57.6,0.));
#13231 = VECTOR('',#13232,1.);
#13232 = DIRECTION('',(-0.,-0.,-1.));
#13233 = PLANE('',#13234);
#13234 = AXIS2_PLACEMENT_3D('',#13235,#13236,#13237);
#13235 = CARTESIAN_POINT('',(79.8776,57.6,2.5));
#13236 = DIRECTION('',(0.,-1.,0.));
#13237 = DIRECTION('',(-1.,0.,0.));
#13238 = ADVANCED_FACE('',(#13239),#13273,.T.);
#13239 = FACE_BOUND('',#13240,.T.);
#13240 = EDGE_LOOP('',(#13241,#13251,#13259,#13265,#13266,#13267));
#13241 = ORIENTED_EDGE('',*,*,#13242,.F.);
#13242 = EDGE_CURVE('',#13243,#13245,#13247,.T.);
#13243 = VERTEX_POINT('',#13244);
#13244 = CARTESIAN_POINT('',(74.643695460973,57.648102346102,7.4));
#13245 = VERTEX_POINT('',#13246);
#13246 = CARTESIAN_POINT('',(73.3786,57.7727,7.4));
#13247 = LINE('',#13248,#13249);
#13248 = CARTESIAN_POINT('',(75.685306068039,57.545515433162,7.4));
#13249 = VECTOR('',#13250,1.);
#13250 = DIRECTION('',(-0.995184985525,9.80145121187E-02,0.));
#13251 = ORIENTED_EDGE('',*,*,#13252,.F.);
#13252 = EDGE_CURVE('',#13253,#13243,#13255,.T.);
#13253 = VERTEX_POINT('',#13254);
#13254 = CARTESIAN_POINT('',(74.643695460973,57.648102346102,8.4));
#13255 = LINE('',#13256,#13257);
#13256 = CARTESIAN_POINT('',(74.643695460973,57.648102346102,2.4));
#13257 = VECTOR('',#13258,1.);
#13258 = DIRECTION('',(-0.,-0.,-1.));
#13259 = ORIENTED_EDGE('',*,*,#13260,.F.);
#13260 = EDGE_CURVE('',#13197,#13253,#13261,.T.);
#13261 = LINE('',#13262,#13263);
#13262 = CARTESIAN_POINT('',(75.685306068039,57.545515433162,8.4));
#13263 = VECTOR('',#13264,1.);
#13264 = DIRECTION('',(-0.995184985525,9.80145121187E-02,0.));
#13265 = ORIENTED_EDGE('',*,*,#13196,.T.);
#13266 = ORIENTED_EDGE('',*,*,#3611,.F.);
#13267 = ORIENTED_EDGE('',*,*,#13268,.F.);
#13268 = EDGE_CURVE('',#13245,#3604,#13269,.T.);
#13269 = LINE('',#13270,#13271);
#13270 = CARTESIAN_POINT('',(73.3786,57.7727,2.5));
#13271 = VECTOR('',#13272,1.);
#13272 = DIRECTION('',(0.,0.,1.));
#13273 = PLANE('',#13274);
#13274 = AXIS2_PLACEMENT_3D('',#13275,#13276,#13277);
#13275 = CARTESIAN_POINT('',(75.1321,57.6,2.5));
#13276 = DIRECTION('',(-9.80145121187E-02,-0.995184985525,0.));
#13277 = DIRECTION('',(-0.995184985525,9.80145121187E-02,0.));
#13278 = ADVANCED_FACE('',(#13279),#13313,.T.);
#13279 = FACE_BOUND('',#13280,.T.);
#13280 = EDGE_LOOP('',(#13281,#13291,#13299,#13305,#13306,#13307));
#13281 = ORIENTED_EDGE('',*,*,#13282,.F.);
#13282 = EDGE_CURVE('',#13283,#13285,#13287,.T.);
#13283 = VERTEX_POINT('',#13284);
#13284 = CARTESIAN_POINT('',(73.28320260492,57.801635914171,2.5));
#13285 = VERTEX_POINT('',#13286);
#13286 = CARTESIAN_POINT('',(71.8815,58.2268,2.5));
#13287 = LINE('',#13288,#13289);
#13288 = CARTESIAN_POINT('',(73.3786,57.7727,2.5));
#13289 = VECTOR('',#13290,1.);
#13290 = DIRECTION('',(-0.956947494684,0.290261076305,0.));
#13291 = ORIENTED_EDGE('',*,*,#13292,.F.);
#13292 = EDGE_CURVE('',#13293,#13283,#13295,.T.);
#13293 = VERTEX_POINT('',#13294);
#13294 = CARTESIAN_POINT('',(73.28320260492,57.801635914171,7.4));
#13295 = LINE('',#13296,#13297);
#13296 = CARTESIAN_POINT('',(73.28320260492,57.801635914171,0.));
#13297 = VECTOR('',#13298,1.);
#13298 = DIRECTION('',(-0.,-0.,-1.));
#13299 = ORIENTED_EDGE('',*,*,#13300,.F.);
#13300 = EDGE_CURVE('',#13245,#13293,#13301,.T.);
#13301 = LINE('',#13302,#13303);
#13302 = CARTESIAN_POINT('',(74.763872546144,57.352519475517,7.4));
#13303 = VECTOR('',#13304,1.);
#13304 = DIRECTION('',(-0.956947494684,0.290261076305,0.));
#13305 = ORIENTED_EDGE('',*,*,#13268,.T.);
#13306 = ORIENTED_EDGE('',*,*,#3603,.F.);
#13307 = ORIENTED_EDGE('',*,*,#13308,.F.);
#13308 = EDGE_CURVE('',#13285,#3596,#13309,.T.);
#13309 = LINE('',#13310,#13311);
#13310 = CARTESIAN_POINT('',(71.8815,58.2268,2.5));
#13311 = VECTOR('',#13312,1.);
#13312 = DIRECTION('',(0.,0.,1.));
#13313 = PLANE('',#13314);
#13314 = AXIS2_PLACEMENT_3D('',#13315,#13316,#13317);
#13315 = CARTESIAN_POINT('',(73.3786,57.7727,2.5));
#13316 = DIRECTION('',(-0.290261076305,-0.956947494684,0.));
#13317 = DIRECTION('',(-0.956947494684,0.290261076305,0.));
#13318 = ADVANCED_FACE('',(#13319),#13337,.T.);
#13319 = FACE_BOUND('',#13320,.T.);
#13320 = EDGE_LOOP('',(#13321,#13329,#13330,#13331));
#13321 = ORIENTED_EDGE('',*,*,#13322,.F.);
#13322 = EDGE_CURVE('',#13285,#13323,#13325,.T.);
#13323 = VERTEX_POINT('',#13324);
#13324 = CARTESIAN_POINT('',(70.5018,58.9643,2.5));
#13325 = LINE('',#13326,#13327);
#13326 = CARTESIAN_POINT('',(71.8815,58.2268,2.5));
#13327 = VECTOR('',#13328,1.);
#13328 = DIRECTION('',(-0.881911967069,0.4714141304,0.));
#13329 = ORIENTED_EDGE('',*,*,#13308,.T.);
#13330 = ORIENTED_EDGE('',*,*,#3595,.F.);
#13331 = ORIENTED_EDGE('',*,*,#13332,.F.);
#13332 = EDGE_CURVE('',#13323,#3588,#13333,.T.);
#13333 = LINE('',#13334,#13335);
#13334 = CARTESIAN_POINT('',(70.5018,58.9643,2.5));
#13335 = VECTOR('',#13336,1.);
#13336 = DIRECTION('',(0.,0.,1.));
#13337 = PLANE('',#13338);
#13338 = AXIS2_PLACEMENT_3D('',#13339,#13340,#13341);
#13339 = CARTESIAN_POINT('',(71.8815,58.2268,2.5));
#13340 = DIRECTION('',(-0.4714141304,-0.881911967069,0.));
#13341 = DIRECTION('',(-0.881911967069,0.4714141304,0.));
#13342 = ADVANCED_FACE('',(#13343),#13361,.T.);
#13343 = FACE_BOUND('',#13344,.T.);
#13344 = EDGE_LOOP('',(#13345,#13353,#13354,#13355));
#13345 = ORIENTED_EDGE('',*,*,#13346,.F.);
#13346 = EDGE_CURVE('',#13323,#13347,#13349,.T.);
#13347 = VERTEX_POINT('',#13348);
#13348 = CARTESIAN_POINT('',(70.2243,59.192,2.5));
#13349 = LINE('',#13350,#13351);
#13350 = CARTESIAN_POINT('',(70.5018,58.9643,2.5));
#13351 = VECTOR('',#13352,1.);
#13352 = DIRECTION('',(-0.773062862009,0.634329418664,0.));
#13353 = ORIENTED_EDGE('',*,*,#13332,.T.);
#13354 = ORIENTED_EDGE('',*,*,#3587,.F.);
#13355 = ORIENTED_EDGE('',*,*,#13356,.F.);
#13356 = EDGE_CURVE('',#13347,#3580,#13357,.T.);
#13357 = LINE('',#13358,#13359);
#13358 = CARTESIAN_POINT('',(70.2243,59.192,2.5));
#13359 = VECTOR('',#13360,1.);
#13360 = DIRECTION('',(0.,0.,1.));
#13361 = PLANE('',#13362);
#13362 = AXIS2_PLACEMENT_3D('',#13363,#13364,#13365);
#13363 = CARTESIAN_POINT('',(70.5018,58.9643,2.5));
#13364 = DIRECTION('',(-0.634329418664,-0.773062862009,0.));
#13365 = DIRECTION('',(-0.773062862009,0.634329418664,0.));
#13366 = ADVANCED_FACE('',(#13367),#13385,.T.);
#13367 = FACE_BOUND('',#13368,.T.);
#13368 = EDGE_LOOP('',(#13369,#13377,#13378,#13379));
#13369 = ORIENTED_EDGE('',*,*,#13370,.F.);
#13370 = EDGE_CURVE('',#13347,#13371,#13373,.T.);
#13371 = VERTEX_POINT('',#13372);
#13372 = CARTESIAN_POINT('',(69.5723,59.6277,2.5));
#13373 = LINE('',#13374,#13375);
#13374 = CARTESIAN_POINT('',(70.2243,59.192,2.5));
#13375 = VECTOR('',#13376,1.);
#13376 = DIRECTION('',(-0.831441613715,0.555612133582,0.));
#13377 = ORIENTED_EDGE('',*,*,#13356,.T.);
#13378 = ORIENTED_EDGE('',*,*,#3579,.F.);
#13379 = ORIENTED_EDGE('',*,*,#13380,.F.);
#13380 = EDGE_CURVE('',#13371,#3572,#13381,.T.);
#13381 = LINE('',#13382,#13383);
#13382 = CARTESIAN_POINT('',(69.5723,59.6277,2.5));
#13383 = VECTOR('',#13384,1.);
#13384 = DIRECTION('',(0.,0.,1.));
#13385 = PLANE('',#13386);
#13386 = AXIS2_PLACEMENT_3D('',#13387,#13388,#13389);
#13387 = CARTESIAN_POINT('',(70.2243,59.192,2.5));
#13388 = DIRECTION('',(-0.555612133582,-0.831441613715,0.));
#13389 = DIRECTION('',(-0.831441613715,0.555612133582,0.));
#13390 = ADVANCED_FACE('',(#13391),#13409,.T.);
#13391 = FACE_BOUND('',#13392,.T.);
#13392 = EDGE_LOOP('',(#13393,#13401,#13402,#13403));
#13393 = ORIENTED_EDGE('',*,*,#13394,.F.);
#13394 = EDGE_CURVE('',#13371,#13395,#13397,.T.);
#13395 = VERTEX_POINT('',#13396);
#13396 = CARTESIAN_POINT('',(68.8479,59.9278,2.5));
#13397 = LINE('',#13398,#13399);
#13398 = CARTESIAN_POINT('',(69.5723,59.6277,2.5));
#13399 = VECTOR('',#13400,1.);
#13400 = DIRECTION('',(-0.923859828914,0.382730997594,0.));
#13401 = ORIENTED_EDGE('',*,*,#13380,.T.);
#13402 = ORIENTED_EDGE('',*,*,#3571,.F.);
#13403 = ORIENTED_EDGE('',*,*,#13404,.F.);
#13404 = EDGE_CURVE('',#13395,#3564,#13405,.T.);
#13405 = LINE('',#13406,#13407);
#13406 = CARTESIAN_POINT('',(68.8479,59.9278,2.5));
#13407 = VECTOR('',#13408,1.);
#13408 = DIRECTION('',(0.,0.,1.));
#13409 = PLANE('',#13410);
#13410 = AXIS2_PLACEMENT_3D('',#13411,#13412,#13413);
#13411 = CARTESIAN_POINT('',(69.5723,59.6277,2.5));
#13412 = DIRECTION('',(-0.382730997594,-0.923859828914,0.));
#13413 = DIRECTION('',(-0.923859828914,0.382730997594,0.));
#13414 = ADVANCED_FACE('',(#13415),#13433,.T.);
#13415 = FACE_BOUND('',#13416,.T.);
#13416 = EDGE_LOOP('',(#13417,#13425,#13426,#13427));
#13417 = ORIENTED_EDGE('',*,*,#13418,.F.);
#13418 = EDGE_CURVE('',#13395,#13419,#13421,.T.);
#13419 = VERTEX_POINT('',#13420);
#13420 = CARTESIAN_POINT('',(68.0788,60.0807,2.5));
#13421 = LINE('',#13422,#13423);
#13422 = CARTESIAN_POINT('',(68.8479,59.9278,2.5));
#13423 = VECTOR('',#13424,1.);
#13424 = DIRECTION('',(-0.980805650419,0.194987887075,0.));
#13425 = ORIENTED_EDGE('',*,*,#13404,.T.);
#13426 = ORIENTED_EDGE('',*,*,#3563,.F.);
#13427 = ORIENTED_EDGE('',*,*,#13428,.F.);
#13428 = EDGE_CURVE('',#13419,#3556,#13429,.T.);
#13429 = LINE('',#13430,#13431);
#13430 = CARTESIAN_POINT('',(68.0788,60.0807,2.5));
#13431 = VECTOR('',#13432,1.);
#13432 = DIRECTION('',(0.,0.,1.));
#13433 = PLANE('',#13434);
#13434 = AXIS2_PLACEMENT_3D('',#13435,#13436,#13437);
#13435 = CARTESIAN_POINT('',(68.8479,59.9278,2.5));
#13436 = DIRECTION('',(-0.194987887075,-0.980805650419,0.));
#13437 = DIRECTION('',(-0.980805650419,0.194987887075,0.));
#13438 = ADVANCED_FACE('',(#13439),#13457,.T.);
#13439 = FACE_BOUND('',#13440,.T.);
#13440 = EDGE_LOOP('',(#13441,#13449,#13450,#13451));
#13441 = ORIENTED_EDGE('',*,*,#13442,.F.);
#13442 = EDGE_CURVE('',#13419,#13443,#13445,.T.);
#13443 = VERTEX_POINT('',#13444);
#13444 = CARTESIAN_POINT('',(67.6867,60.1,2.5));
#13445 = LINE('',#13446,#13447);
#13446 = CARTESIAN_POINT('',(68.0788,60.0807,2.5));
#13447 = VECTOR('',#13448,1.);
#13448 = DIRECTION('',(-0.998790787438,4.916261718327E-02,0.));
#13449 = ORIENTED_EDGE('',*,*,#13428,.T.);
#13450 = ORIENTED_EDGE('',*,*,#3555,.F.);
#13451 = ORIENTED_EDGE('',*,*,#13452,.F.);
#13452 = EDGE_CURVE('',#13443,#3548,#13453,.T.);
#13453 = LINE('',#13454,#13455);
#13454 = CARTESIAN_POINT('',(67.6867,60.1,2.5));
#13455 = VECTOR('',#13456,1.);
#13456 = DIRECTION('',(0.,0.,1.));
#13457 = PLANE('',#13458);
#13458 = AXIS2_PLACEMENT_3D('',#13459,#13460,#13461);
#13459 = CARTESIAN_POINT('',(68.0788,60.0807,2.5));
#13460 = DIRECTION('',(-4.916261718327E-02,-0.998790787438,0.));
#13461 = DIRECTION('',(-0.998790787438,4.916261718327E-02,0.));
#13462 = ADVANCED_FACE('',(#13463),#13481,.T.);
#13463 = FACE_BOUND('',#13464,.T.);
#13464 = EDGE_LOOP('',(#13465,#13473,#13474,#13475));
#13465 = ORIENTED_EDGE('',*,*,#13466,.F.);
#13466 = EDGE_CURVE('',#13443,#13467,#13469,.T.);
#13467 = VERTEX_POINT('',#13468);
#13468 = CARTESIAN_POINT('',(58.1309,60.1,2.5));
#13469 = LINE('',#13470,#13471);
#13470 = CARTESIAN_POINT('',(67.6867,60.1,2.5));
#13471 = VECTOR('',#13472,1.);
#13472 = DIRECTION('',(-1.,0.,0.));
#13473 = ORIENTED_EDGE('',*,*,#13452,.T.);
#13474 = ORIENTED_EDGE('',*,*,#3547,.F.);
#13475 = ORIENTED_EDGE('',*,*,#13476,.F.);
#13476 = EDGE_CURVE('',#13467,#3540,#13477,.T.);
#13477 = LINE('',#13478,#13479);
#13478 = CARTESIAN_POINT('',(58.1309,60.1,2.5));
#13479 = VECTOR('',#13480,1.);
#13480 = DIRECTION('',(0.,0.,1.));
#13481 = PLANE('',#13482);
#13482 = AXIS2_PLACEMENT_3D('',#13483,#13484,#13485);
#13483 = CARTESIAN_POINT('',(67.6867,60.1,2.5));
#13484 = DIRECTION('',(0.,-1.,0.));
#13485 = DIRECTION('',(-1.,0.,0.));
#13486 = ADVANCED_FACE('',(#13487),#13505,.T.);
#13487 = FACE_BOUND('',#13488,.T.);
#13488 = EDGE_LOOP('',(#13489,#13497,#13498,#13499));
#13489 = ORIENTED_EDGE('',*,*,#13490,.F.);
#13490 = EDGE_CURVE('',#13467,#13491,#13493,.T.);
#13491 = VERTEX_POINT('',#13492);
#13492 = CARTESIAN_POINT('',(56.3774,60.2727,2.5));
#13493 = LINE('',#13494,#13495);
#13494 = CARTESIAN_POINT('',(58.1309,60.1,2.5));
#13495 = VECTOR('',#13496,1.);
#13496 = DIRECTION('',(-0.995184985525,9.80145121187E-02,0.));
#13497 = ORIENTED_EDGE('',*,*,#13476,.T.);
#13498 = ORIENTED_EDGE('',*,*,#3539,.F.);
#13499 = ORIENTED_EDGE('',*,*,#13500,.F.);
#13500 = EDGE_CURVE('',#13491,#3532,#13501,.T.);
#13501 = LINE('',#13502,#13503);
#13502 = CARTESIAN_POINT('',(56.3774,60.2727,2.5));
#13503 = VECTOR('',#13504,1.);
#13504 = DIRECTION('',(0.,0.,1.));
#13505 = PLANE('',#13506);
#13506 = AXIS2_PLACEMENT_3D('',#13507,#13508,#13509);
#13507 = CARTESIAN_POINT('',(58.1309,60.1,2.5));
#13508 = DIRECTION('',(-9.80145121187E-02,-0.995184985525,0.));
#13509 = DIRECTION('',(-0.995184985525,9.80145121187E-02,0.));
#13510 = ADVANCED_FACE('',(#13511),#13529,.T.);
#13511 = FACE_BOUND('',#13512,.T.);
#13512 = EDGE_LOOP('',(#13513,#13521,#13522,#13523));
#13513 = ORIENTED_EDGE('',*,*,#13514,.F.);
#13514 = EDGE_CURVE('',#13491,#13515,#13517,.T.);
#13515 = VERTEX_POINT('',#13516);
#13516 = CARTESIAN_POINT('',(54.8803,60.7268,2.5));
#13517 = LINE('',#13518,#13519);
#13518 = CARTESIAN_POINT('',(56.3774,60.2727,2.5));
#13519 = VECTOR('',#13520,1.);
#13520 = DIRECTION('',(-0.956947494684,0.290261076305,0.));
#13521 = ORIENTED_EDGE('',*,*,#13500,.T.);
#13522 = ORIENTED_EDGE('',*,*,#3531,.F.);
#13523 = ORIENTED_EDGE('',*,*,#13524,.F.);
#13524 = EDGE_CURVE('',#13515,#3524,#13525,.T.);
#13525 = LINE('',#13526,#13527);
#13526 = CARTESIAN_POINT('',(54.8803,60.7268,2.5));
#13527 = VECTOR('',#13528,1.);
#13528 = DIRECTION('',(0.,0.,1.));
#13529 = PLANE('',#13530);
#13530 = AXIS2_PLACEMENT_3D('',#13531,#13532,#13533);
#13531 = CARTESIAN_POINT('',(56.3774,60.2727,2.5));
#13532 = DIRECTION('',(-0.290261076305,-0.956947494684,0.));
#13533 = DIRECTION('',(-0.956947494684,0.290261076305,0.));
#13534 = ADVANCED_FACE('',(#13535),#13553,.T.);
#13535 = FACE_BOUND('',#13536,.T.);
#13536 = EDGE_LOOP('',(#13537,#13545,#13546,#13547));
#13537 = ORIENTED_EDGE('',*,*,#13538,.F.);
#13538 = EDGE_CURVE('',#13515,#13539,#13541,.T.);
#13539 = VERTEX_POINT('',#13540);
#13540 = CARTESIAN_POINT('',(53.5006,61.4643,2.5));
#13541 = LINE('',#13542,#13543);
#13542 = CARTESIAN_POINT('',(54.8803,60.7268,2.5));
#13543 = VECTOR('',#13544,1.);
#13544 = DIRECTION('',(-0.881911967069,0.4714141304,0.));
#13545 = ORIENTED_EDGE('',*,*,#13524,.T.);
#13546 = ORIENTED_EDGE('',*,*,#3523,.F.);
#13547 = ORIENTED_EDGE('',*,*,#13548,.F.);
#13548 = EDGE_CURVE('',#13539,#3516,#13549,.T.);
#13549 = LINE('',#13550,#13551);
#13550 = CARTESIAN_POINT('',(53.5006,61.4643,2.5));
#13551 = VECTOR('',#13552,1.);
#13552 = DIRECTION('',(0.,0.,1.));
#13553 = PLANE('',#13554);
#13554 = AXIS2_PLACEMENT_3D('',#13555,#13556,#13557);
#13555 = CARTESIAN_POINT('',(54.8803,60.7268,2.5));
#13556 = DIRECTION('',(-0.4714141304,-0.881911967069,0.));
#13557 = DIRECTION('',(-0.881911967069,0.4714141304,0.));
#13558 = ADVANCED_FACE('',(#13559),#13577,.T.);
#13559 = FACE_BOUND('',#13560,.T.);
#13560 = EDGE_LOOP('',(#13561,#13569,#13570,#13571));
#13561 = ORIENTED_EDGE('',*,*,#13562,.F.);
#13562 = EDGE_CURVE('',#13539,#13563,#13565,.T.);
#13563 = VERTEX_POINT('',#13564);
#13564 = CARTESIAN_POINT('',(52.2912,62.4568,2.5));
#13565 = LINE('',#13566,#13567);
#13566 = CARTESIAN_POINT('',(53.5006,61.4643,2.5));
#13567 = VECTOR('',#13568,1.);
#13568 = DIRECTION('',(-0.773019521196,0.634382234816,0.));
#13569 = ORIENTED_EDGE('',*,*,#13548,.T.);
#13570 = ORIENTED_EDGE('',*,*,#3515,.F.);
#13571 = ORIENTED_EDGE('',*,*,#13572,.F.);
#13572 = EDGE_CURVE('',#13563,#3508,#13573,.T.);
#13573 = LINE('',#13574,#13575);
#13574 = CARTESIAN_POINT('',(52.2912,62.4568,2.5));
#13575 = VECTOR('',#13576,1.);
#13576 = DIRECTION('',(0.,0.,1.));
#13577 = PLANE('',#13578);
#13578 = AXIS2_PLACEMENT_3D('',#13579,#13580,#13581);
#13579 = CARTESIAN_POINT('',(53.5006,61.4643,2.5));
#13580 = DIRECTION('',(-0.634382234816,-0.773019521196,0.));
#13581 = DIRECTION('',(-0.773019521196,0.634382234816,0.));
#13582 = ADVANCED_FACE('',(#13583),#13601,.T.);
#13583 = FACE_BOUND('',#13584,.T.);
#13584 = EDGE_LOOP('',(#13585,#13593,#13594,#13595));
#13585 = ORIENTED_EDGE('',*,*,#13586,.F.);
#13586 = EDGE_CURVE('',#13563,#13587,#13589,.T.);
#13587 = VERTEX_POINT('',#13588);
#13588 = CARTESIAN_POINT('',(51.2987,63.6662,2.5));
#13589 = LINE('',#13590,#13591);
#13590 = CARTESIAN_POINT('',(52.2912,62.4568,2.5));
#13591 = VECTOR('',#13592,1.);
#13592 = DIRECTION('',(-0.634382234816,0.773019521196,0.));
#13593 = ORIENTED_EDGE('',*,*,#13572,.T.);
#13594 = ORIENTED_EDGE('',*,*,#3507,.F.);
#13595 = ORIENTED_EDGE('',*,*,#13596,.F.);
#13596 = EDGE_CURVE('',#13587,#3500,#13597,.T.);
#13597 = LINE('',#13598,#13599);
#13598 = CARTESIAN_POINT('',(51.2987,63.6662,2.5));
#13599 = VECTOR('',#13600,1.);
#13600 = DIRECTION('',(0.,0.,1.));
#13601 = PLANE('',#13602);
#13602 = AXIS2_PLACEMENT_3D('',#13603,#13604,#13605);
#13603 = CARTESIAN_POINT('',(52.2912,62.4568,2.5));
#13604 = DIRECTION('',(-0.773019521196,-0.634382234816,0.));
#13605 = DIRECTION('',(-0.634382234816,0.773019521196,0.));
#13606 = ADVANCED_FACE('',(#13607),#13625,.T.);
#13607 = FACE_BOUND('',#13608,.T.);
#13608 = EDGE_LOOP('',(#13609,#13617,#13618,#13619));
#13609 = ORIENTED_EDGE('',*,*,#13610,.F.);
#13610 = EDGE_CURVE('',#13587,#13611,#13613,.T.);
#13611 = VERTEX_POINT('',#13612);
#13612 = CARTESIAN_POINT('',(50.9142,64.3856,2.5));
#13613 = LINE('',#13614,#13615);
#13614 = CARTESIAN_POINT('',(51.2987,63.6662,2.5));
#13615 = VECTOR('',#13616,1.);
#13616 = DIRECTION('',(-0.471370695079,0.881935183458,0.));
#13617 = ORIENTED_EDGE('',*,*,#13596,.T.);
#13618 = ORIENTED_EDGE('',*,*,#3499,.F.);
#13619 = ORIENTED_EDGE('',*,*,#13620,.F.);
#13620 = EDGE_CURVE('',#13611,#3492,#13621,.T.);
#13621 = LINE('',#13622,#13623);
#13622 = CARTESIAN_POINT('',(50.9142,64.3856,2.5));
#13623 = VECTOR('',#13624,1.);
#13624 = DIRECTION('',(0.,0.,1.));
#13625 = PLANE('',#13626);
#13626 = AXIS2_PLACEMENT_3D('',#13627,#13628,#13629);
#13627 = CARTESIAN_POINT('',(51.2987,63.6662,2.5));
#13628 = DIRECTION('',(-0.881935183458,-0.471370695079,0.));
#13629 = DIRECTION('',(-0.471370695079,0.881935183458,0.));
#13630 = ADVANCED_FACE('',(#13631),#13649,.T.);
#13631 = FACE_BOUND('',#13632,.T.);
#13632 = EDGE_LOOP('',(#13633,#13641,#13642,#13643));
#13633 = ORIENTED_EDGE('',*,*,#13634,.F.);
#13634 = EDGE_CURVE('',#13611,#13635,#13637,.T.);
#13635 = VERTEX_POINT('',#13636);
#13636 = CARTESIAN_POINT('',(50.4785,65.0376,2.5));
#13637 = LINE('',#13638,#13639);
#13638 = CARTESIAN_POINT('',(50.9142,64.3856,2.5));
#13639 = VECTOR('',#13640,1.);
#13640 = DIRECTION('',(-0.555612133582,0.831441613715,0.));
#13641 = ORIENTED_EDGE('',*,*,#13620,.T.);
#13642 = ORIENTED_EDGE('',*,*,#3491,.F.);
#13643 = ORIENTED_EDGE('',*,*,#13644,.F.);
#13644 = EDGE_CURVE('',#13635,#3484,#13645,.T.);
#13645 = LINE('',#13646,#13647);
#13646 = CARTESIAN_POINT('',(50.4785,65.0376,2.5));
#13647 = VECTOR('',#13648,1.);
#13648 = DIRECTION('',(0.,0.,1.));
#13649 = PLANE('',#13650);
#13650 = AXIS2_PLACEMENT_3D('',#13651,#13652,#13653);
#13651 = CARTESIAN_POINT('',(50.9142,64.3856,2.5));
#13652 = DIRECTION('',(-0.831441613715,-0.555612133582,0.));
#13653 = DIRECTION('',(-0.555612133582,0.831441613715,0.));
#13654 = ADVANCED_FACE('',(#13655),#13673,.T.);
#13655 = FACE_BOUND('',#13656,.T.);
#13656 = EDGE_LOOP('',(#13657,#13665,#13666,#13667));
#13657 = ORIENTED_EDGE('',*,*,#13658,.F.);
#13658 = EDGE_CURVE('',#13635,#13659,#13661,.T.);
#13659 = VERTEX_POINT('',#13660);
#13660 = CARTESIAN_POINT('',(49.9241,65.592,2.5));
#13661 = LINE('',#13662,#13663);
#13662 = CARTESIAN_POINT('',(50.4785,65.0376,2.5));
#13663 = VECTOR('',#13664,1.);
#13664 = DIRECTION('',(-0.707106781187,0.707106781187,0.));
#13665 = ORIENTED_EDGE('',*,*,#13644,.T.);
#13666 = ORIENTED_EDGE('',*,*,#3483,.F.);
#13667 = ORIENTED_EDGE('',*,*,#13668,.F.);
#13668 = EDGE_CURVE('',#13659,#3476,#13669,.T.);
#13669 = LINE('',#13670,#13671);
#13670 = CARTESIAN_POINT('',(49.9241,65.592,2.5));
#13671 = VECTOR('',#13672,1.);
#13672 = DIRECTION('',(0.,0.,1.));
#13673 = PLANE('',#13674);
#13674 = AXIS2_PLACEMENT_3D('',#13675,#13676,#13677);
#13675 = CARTESIAN_POINT('',(50.4785,65.0376,2.5));
#13676 = DIRECTION('',(-0.707106781187,-0.707106781187,0.));
#13677 = DIRECTION('',(-0.707106781187,0.707106781187,0.));
#13678 = ADVANCED_FACE('',(#13679),#13697,.T.);
#13679 = FACE_BOUND('',#13680,.T.);
#13680 = EDGE_LOOP('',(#13681,#13689,#13690,#13691));
#13681 = ORIENTED_EDGE('',*,*,#13682,.F.);
#13682 = EDGE_CURVE('',#13659,#13683,#13685,.T.);
#13683 = VERTEX_POINT('',#13684);
#13684 = CARTESIAN_POINT('',(49.2721,66.0277,2.5));
#13685 = LINE('',#13686,#13687);
#13686 = CARTESIAN_POINT('',(49.9241,65.592,2.5));
#13687 = VECTOR('',#13688,1.);
#13688 = DIRECTION('',(-0.831441613715,0.555612133582,0.));
#13689 = ORIENTED_EDGE('',*,*,#13668,.T.);
#13690 = ORIENTED_EDGE('',*,*,#3475,.F.);
#13691 = ORIENTED_EDGE('',*,*,#13692,.F.);
#13692 = EDGE_CURVE('',#13683,#3468,#13693,.T.);
#13693 = LINE('',#13694,#13695);
#13694 = CARTESIAN_POINT('',(49.2721,66.0277,2.5));
#13695 = VECTOR('',#13696,1.);
#13696 = DIRECTION('',(0.,0.,1.));
#13697 = PLANE('',#13698);
#13698 = AXIS2_PLACEMENT_3D('',#13699,#13700,#13701);
#13699 = CARTESIAN_POINT('',(49.9241,65.592,2.5));
#13700 = DIRECTION('',(-0.555612133582,-0.831441613715,0.));
#13701 = DIRECTION('',(-0.831441613715,0.555612133582,0.));
#13702 = ADVANCED_FACE('',(#13703),#13721,.T.);
#13703 = FACE_BOUND('',#13704,.T.);
#13704 = EDGE_LOOP('',(#13705,#13713,#13714,#13715));
#13705 = ORIENTED_EDGE('',*,*,#13706,.F.);
#13706 = EDGE_CURVE('',#13683,#13707,#13709,.T.);
#13707 = VERTEX_POINT('',#13708);
#13708 = CARTESIAN_POINT('',(48.5476,66.3278,2.5));
#13709 = LINE('',#13710,#13711);
#13710 = CARTESIAN_POINT('',(49.2721,66.0277,2.5));
#13711 = VECTOR('',#13712,1.);
#13712 = DIRECTION('',(-0.923878507249,0.382685907558,0.));
#13713 = ORIENTED_EDGE('',*,*,#13692,.T.);
#13714 = ORIENTED_EDGE('',*,*,#3467,.F.);
#13715 = ORIENTED_EDGE('',*,*,#13716,.F.);
#13716 = EDGE_CURVE('',#13707,#3460,#13717,.T.);
#13717 = LINE('',#13718,#13719);
#13718 = CARTESIAN_POINT('',(48.5476,66.3278,2.5));
#13719 = VECTOR('',#13720,1.);
#13720 = DIRECTION('',(0.,0.,1.));
#13721 = PLANE('',#13722);
#13722 = AXIS2_PLACEMENT_3D('',#13723,#13724,#13725);
#13723 = CARTESIAN_POINT('',(49.2721,66.0277,2.5));
#13724 = DIRECTION('',(-0.382685907558,-0.923878507249,0.));
#13725 = DIRECTION('',(-0.923878507249,0.382685907558,0.));
#13726 = ADVANCED_FACE('',(#13727),#13745,.T.);
#13727 = FACE_BOUND('',#13728,.T.);
#13728 = EDGE_LOOP('',(#13729,#13737,#13738,#13739));
#13729 = ORIENTED_EDGE('',*,*,#13730,.F.);
#13730 = EDGE_CURVE('',#13707,#13731,#13733,.T.);
#13731 = VERTEX_POINT('',#13732);
#13732 = CARTESIAN_POINT('',(47.7786,66.4807,2.5));
#13733 = LINE('',#13734,#13735);
#13734 = CARTESIAN_POINT('',(48.5476,66.3278,2.5));
#13735 = VECTOR('',#13736,1.);
#13736 = DIRECTION('',(-0.98080080092,0.195012278883,0.));
#13737 = ORIENTED_EDGE('',*,*,#13716,.T.);
#13738 = ORIENTED_EDGE('',*,*,#3459,.F.);
#13739 = ORIENTED_EDGE('',*,*,#13740,.F.);
#13740 = EDGE_CURVE('',#13731,#3452,#13741,.T.);
#13741 = LINE('',#13742,#13743);
#13742 = CARTESIAN_POINT('',(47.7786,66.4807,2.5));
#13743 = VECTOR('',#13744,1.);
#13744 = DIRECTION('',(0.,0.,1.));
#13745 = PLANE('',#13746);
#13746 = AXIS2_PLACEMENT_3D('',#13747,#13748,#13749);
#13747 = CARTESIAN_POINT('',(48.5476,66.3278,2.5));
#13748 = DIRECTION('',(-0.195012278883,-0.98080080092,0.));
#13749 = DIRECTION('',(-0.98080080092,0.195012278883,0.));
#13750 = ADVANCED_FACE('',(#13751),#13769,.T.);
#13751 = FACE_BOUND('',#13752,.T.);
#13752 = EDGE_LOOP('',(#13753,#13761,#13762,#13763));
#13753 = ORIENTED_EDGE('',*,*,#13754,.F.);
#13754 = EDGE_CURVE('',#13731,#13755,#13757,.T.);
#13755 = VERTEX_POINT('',#13756);
#13756 = CARTESIAN_POINT('',(47.3865,66.5,2.5));
#13757 = LINE('',#13758,#13759);
#13758 = CARTESIAN_POINT('',(47.7786,66.4807,2.5));
#13759 = VECTOR('',#13760,1.);
#13760 = DIRECTION('',(-0.998790787438,4.916261718327E-02,0.));
#13761 = ORIENTED_EDGE('',*,*,#13740,.T.);
#13762 = ORIENTED_EDGE('',*,*,#3451,.F.);
#13763 = ORIENTED_EDGE('',*,*,#13764,.F.);
#13764 = EDGE_CURVE('',#13755,#3444,#13765,.T.);
#13765 = LINE('',#13766,#13767);
#13766 = CARTESIAN_POINT('',(47.3865,66.5,2.5));
#13767 = VECTOR('',#13768,1.);
#13768 = DIRECTION('',(0.,0.,1.));
#13769 = PLANE('',#13770);
#13770 = AXIS2_PLACEMENT_3D('',#13771,#13772,#13773);
#13771 = CARTESIAN_POINT('',(47.7786,66.4807,2.5));
#13772 = DIRECTION('',(-4.916261718327E-02,-0.998790787438,0.));
#13773 = DIRECTION('',(-0.998790787438,4.916261718327E-02,0.));
#13774 = ADVANCED_FACE('',(#13775),#13857,.T.);
#13775 = FACE_BOUND('',#13776,.T.);
#13776 = EDGE_LOOP('',(#13777,#13785,#13786,#13787,#13795,#13803,#13811,
    #13819,#13827,#13835,#13843,#13851));
#13777 = ORIENTED_EDGE('',*,*,#13778,.F.);
#13778 = EDGE_CURVE('',#13755,#13779,#13781,.T.);
#13779 = VERTEX_POINT('',#13780);
#13780 = CARTESIAN_POINT('',(41.05803989155,66.5,2.5));
#13781 = LINE('',#13782,#13783);
#13782 = CARTESIAN_POINT('',(47.3865,66.5,2.5));
#13783 = VECTOR('',#13784,1.);
#13784 = DIRECTION('',(-1.,0.,0.));
#13785 = ORIENTED_EDGE('',*,*,#13764,.T.);
#13786 = ORIENTED_EDGE('',*,*,#3443,.F.);
#13787 = ORIENTED_EDGE('',*,*,#13788,.F.);
#13788 = EDGE_CURVE('',#13789,#3436,#13791,.T.);
#13789 = VERTEX_POINT('',#13790);
#13790 = CARTESIAN_POINT('',(28.8722,66.5,2.5));
#13791 = LINE('',#13792,#13793);
#13792 = CARTESIAN_POINT('',(28.8722,66.5,2.5));
#13793 = VECTOR('',#13794,1.);
#13794 = DIRECTION('',(0.,0.,1.));
#13795 = ORIENTED_EDGE('',*,*,#13796,.F.);
#13796 = EDGE_CURVE('',#13797,#13789,#13799,.T.);
#13797 = VERTEX_POINT('',#13798);
#13798 = CARTESIAN_POINT('',(35.14196010845,66.5,2.5));
#13799 = LINE('',#13800,#13801);
#13800 = CARTESIAN_POINT('',(47.3865,66.5,2.5));
#13801 = VECTOR('',#13802,1.);
#13802 = DIRECTION('',(-1.,0.,0.));
#13803 = ORIENTED_EDGE('',*,*,#13804,.F.);
#13804 = EDGE_CURVE('',#13805,#13797,#13807,.T.);
#13805 = VERTEX_POINT('',#13806);
#13806 = CARTESIAN_POINT('',(35.14196010845,66.5,7.4));
#13807 = LINE('',#13808,#13809);
#13808 = CARTESIAN_POINT('',(35.14196010845,66.5,0.));
#13809 = VECTOR('',#13810,1.);
#13810 = DIRECTION('',(-0.,-0.,-1.));
#13811 = ORIENTED_EDGE('',*,*,#13812,.F.);
#13812 = EDGE_CURVE('',#13813,#13805,#13815,.T.);
#13813 = VERTEX_POINT('',#13814);
#13814 = CARTESIAN_POINT('',(36.527581480649,66.5,7.4));
#13815 = LINE('',#13816,#13817);
#13816 = CARTESIAN_POINT('',(42.74325,66.5,7.4));
#13817 = VECTOR('',#13818,1.);
#13818 = DIRECTION('',(-1.,0.,0.));
#13819 = ORIENTED_EDGE('',*,*,#13820,.F.);
#13820 = EDGE_CURVE('',#13821,#13813,#13823,.T.);
#13821 = VERTEX_POINT('',#13822);
#13822 = CARTESIAN_POINT('',(36.527581480648,66.5,8.4));
#13823 = LINE('',#13824,#13825);
#13824 = CARTESIAN_POINT('',(36.527581480648,66.5,2.4));
#13825 = VECTOR('',#13826,1.);
#13826 = DIRECTION('',(-0.,-0.,-1.));
#13827 = ORIENTED_EDGE('',*,*,#13828,.F.);
#13828 = EDGE_CURVE('',#13829,#13821,#13831,.T.);
#13829 = VERTEX_POINT('',#13830);
#13830 = CARTESIAN_POINT('',(39.672418519352,66.5,8.4));
#13831 = LINE('',#13832,#13833);
#13832 = CARTESIAN_POINT('',(42.74325,66.5,8.4));
#13833 = VECTOR('',#13834,1.);
#13834 = DIRECTION('',(-1.,0.,0.));
#13835 = ORIENTED_EDGE('',*,*,#13836,.T.);
#13836 = EDGE_CURVE('',#13829,#13837,#13839,.T.);
#13837 = VERTEX_POINT('',#13838);
#13838 = CARTESIAN_POINT('',(39.672418519351,66.5,7.4));
#13839 = LINE('',#13840,#13841);
#13840 = CARTESIAN_POINT('',(39.672418519352,66.5,2.4));
#13841 = VECTOR('',#13842,1.);
#13842 = DIRECTION('',(-0.,-0.,-1.));
#13843 = ORIENTED_EDGE('',*,*,#13844,.F.);
#13844 = EDGE_CURVE('',#13845,#13837,#13847,.T.);
#13845 = VERTEX_POINT('',#13846);
#13846 = CARTESIAN_POINT('',(41.05803989155,66.5,7.4));
#13847 = LINE('',#13848,#13849);
#13848 = CARTESIAN_POINT('',(42.74325,66.5,7.4));
#13849 = VECTOR('',#13850,1.);
#13850 = DIRECTION('',(-1.,0.,0.));
#13851 = ORIENTED_EDGE('',*,*,#13852,.T.);
#13852 = EDGE_CURVE('',#13845,#13779,#13853,.T.);
#13853 = LINE('',#13854,#13855);
#13854 = CARTESIAN_POINT('',(41.05803989155,66.5,0.));
#13855 = VECTOR('',#13856,1.);
#13856 = DIRECTION('',(-0.,-0.,-1.));
#13857 = PLANE('',#13858);
#13858 = AXIS2_PLACEMENT_3D('',#13859,#13860,#13861);
#13859 = CARTESIAN_POINT('',(47.3865,66.5,2.5));
#13860 = DIRECTION('',(0.,-1.,0.));
#13861 = DIRECTION('',(-1.,0.,0.));
#13862 = ADVANCED_FACE('',(#13863),#13881,.T.);
#13863 = FACE_BOUND('',#13864,.T.);
#13864 = EDGE_LOOP('',(#13865,#13873,#13874,#13875));
#13865 = ORIENTED_EDGE('',*,*,#13866,.F.);
#13866 = EDGE_CURVE('',#13789,#13867,#13869,.T.);
#13867 = VERTEX_POINT('',#13868);
#13868 = CARTESIAN_POINT('',(28.0918,66.4231,2.5));
#13869 = LINE('',#13870,#13871);
#13870 = CARTESIAN_POINT('',(28.8722,66.5,2.5));
#13871 = VECTOR('',#13872,1.);
#13872 = DIRECTION('',(-0.995180084663,-9.806426000839E-02,0.));
#13873 = ORIENTED_EDGE('',*,*,#13788,.T.);
#13874 = ORIENTED_EDGE('',*,*,#3435,.F.);
#13875 = ORIENTED_EDGE('',*,*,#13876,.F.);
#13876 = EDGE_CURVE('',#13867,#3428,#13877,.T.);
#13877 = LINE('',#13878,#13879);
#13878 = CARTESIAN_POINT('',(28.0918,66.4231,2.5));
#13879 = VECTOR('',#13880,1.);
#13880 = DIRECTION('',(0.,0.,1.));
#13881 = PLANE('',#13882);
#13882 = AXIS2_PLACEMENT_3D('',#13883,#13884,#13885);
#13883 = CARTESIAN_POINT('',(28.8722,66.5,2.5));
#13884 = DIRECTION('',(9.806426000839E-02,-0.995180084663,0.));
#13885 = DIRECTION('',(-0.995180084663,-9.806426000839E-02,0.));
#13886 = ADVANCED_FACE('',(#13887),#13905,.T.);
#13887 = FACE_BOUND('',#13888,.T.);
#13888 = EDGE_LOOP('',(#13889,#13897,#13898,#13899));
#13889 = ORIENTED_EDGE('',*,*,#13890,.F.);
#13890 = EDGE_CURVE('',#13867,#13891,#13893,.T.);
#13891 = VERTEX_POINT('',#13892);
#13892 = CARTESIAN_POINT('',(27.3415,66.1955,2.5));
#13893 = LINE('',#13894,#13895);
#13894 = CARTESIAN_POINT('',(28.0918,66.4231,2.5));
#13895 = VECTOR('',#13896,1.);
#13896 = DIRECTION('',(-0.956940695942,-0.290283489799,0.));
#13897 = ORIENTED_EDGE('',*,*,#13876,.T.);
#13898 = ORIENTED_EDGE('',*,*,#3427,.F.);
#13899 = ORIENTED_EDGE('',*,*,#13900,.F.);
#13900 = EDGE_CURVE('',#13891,#3420,#13901,.T.);
#13901 = LINE('',#13902,#13903);
#13902 = CARTESIAN_POINT('',(27.3415,66.1955,2.5));
#13903 = VECTOR('',#13904,1.);
#13904 = DIRECTION('',(0.,0.,1.));
#13905 = PLANE('',#13906);
#13906 = AXIS2_PLACEMENT_3D('',#13907,#13908,#13909);
#13907 = CARTESIAN_POINT('',(28.0918,66.4231,2.5));
#13908 = DIRECTION('',(0.290283489799,-0.956940695942,0.));
#13909 = DIRECTION('',(-0.956940695942,-0.290283489799,0.));
#13910 = ADVANCED_FACE('',(#13911),#13929,.T.);
#13911 = FACE_BOUND('',#13912,.T.);
#13912 = EDGE_LOOP('',(#13913,#13921,#13922,#13923));
#13913 = ORIENTED_EDGE('',*,*,#13914,.F.);
#13914 = EDGE_CURVE('',#13891,#13915,#13917,.T.);
#13915 = VERTEX_POINT('',#13916);
#13916 = CARTESIAN_POINT('',(26.6499,65.8259,2.5));
#13917 = LINE('',#13918,#13919);
#13918 = CARTESIAN_POINT('',(27.3415,66.1955,2.5));
#13919 = VECTOR('',#13920,1.);
#13920 = DIRECTION('',(-0.881957260666,-0.471329386267,0.));
#13921 = ORIENTED_EDGE('',*,*,#13900,.T.);
#13922 = ORIENTED_EDGE('',*,*,#3419,.F.);
#13923 = ORIENTED_EDGE('',*,*,#13924,.F.);
#13924 = EDGE_CURVE('',#13915,#3412,#13925,.T.);
#13925 = LINE('',#13926,#13927);
#13926 = CARTESIAN_POINT('',(26.6499,65.8259,2.5));
#13927 = VECTOR('',#13928,1.);
#13928 = DIRECTION('',(0.,0.,1.));
#13929 = PLANE('',#13930);
#13930 = AXIS2_PLACEMENT_3D('',#13931,#13932,#13933);
#13931 = CARTESIAN_POINT('',(27.3415,66.1955,2.5));
#13932 = DIRECTION('',(0.471329386267,-0.881957260666,0.));
#13933 = DIRECTION('',(-0.881957260666,-0.471329386267,0.));
#13934 = ADVANCED_FACE('',(#13935),#13953,.T.);
#13935 = FACE_BOUND('',#13936,.T.);
#13936 = EDGE_LOOP('',(#13937,#13945,#13946,#13947));
#13937 = ORIENTED_EDGE('',*,*,#13938,.F.);
#13938 = EDGE_CURVE('',#13915,#13939,#13941,.T.);
#13939 = VERTEX_POINT('',#13940);
#13940 = CARTESIAN_POINT('',(26.0438,65.3284,2.5));
#13941 = LINE('',#13942,#13943);
#13942 = CARTESIAN_POINT('',(26.6499,65.8259,2.5));
#13943 = VECTOR('',#13944,1.);
#13944 = DIRECTION('',(-0.772956300772,-0.634459263544,0.));
#13945 = ORIENTED_EDGE('',*,*,#13924,.T.);
#13946 = ORIENTED_EDGE('',*,*,#3411,.F.);
#13947 = ORIENTED_EDGE('',*,*,#13948,.F.);
#13948 = EDGE_CURVE('',#13939,#3404,#13949,.T.);
#13949 = LINE('',#13950,#13951);
#13950 = CARTESIAN_POINT('',(26.0438,65.3284,2.5));
#13951 = VECTOR('',#13952,1.);
#13952 = DIRECTION('',(0.,0.,1.));
#13953 = PLANE('',#13954);
#13954 = AXIS2_PLACEMENT_3D('',#13955,#13956,#13957);
#13955 = CARTESIAN_POINT('',(26.6499,65.8259,2.5));
#13956 = DIRECTION('',(0.634459263544,-0.772956300772,0.));
#13957 = DIRECTION('',(-0.772956300772,-0.634459263544,0.));
#13958 = ADVANCED_FACE('',(#13959),#13977,.T.);
#13959 = FACE_BOUND('',#13960,.T.);
#13960 = EDGE_LOOP('',(#13961,#13969,#13970,#13971));
#13961 = ORIENTED_EDGE('',*,*,#13962,.F.);
#13962 = EDGE_CURVE('',#13939,#13963,#13965,.T.);
#13963 = VERTEX_POINT('',#13964);
#13964 = CARTESIAN_POINT('',(25.5463,64.7223,2.5));
#13965 = LINE('',#13966,#13967);
#13966 = CARTESIAN_POINT('',(26.0438,65.3284,2.5));
#13967 = VECTOR('',#13968,1.);
#13968 = DIRECTION('',(-0.634459263544,-0.772956300772,0.));
#13969 = ORIENTED_EDGE('',*,*,#13948,.T.);
#13970 = ORIENTED_EDGE('',*,*,#3403,.F.);
#13971 = ORIENTED_EDGE('',*,*,#13972,.F.);
#13972 = EDGE_CURVE('',#13963,#3396,#13973,.T.);
#13973 = LINE('',#13974,#13975);
#13974 = CARTESIAN_POINT('',(25.5463,64.7223,2.5));
#13975 = VECTOR('',#13976,1.);
#13976 = DIRECTION('',(0.,0.,1.));
#13977 = PLANE('',#13978);
#13978 = AXIS2_PLACEMENT_3D('',#13979,#13980,#13981);
#13979 = CARTESIAN_POINT('',(26.0438,65.3284,2.5));
#13980 = DIRECTION('',(0.772956300772,-0.634459263544,0.));
#13981 = DIRECTION('',(-0.634459263544,-0.772956300772,0.));
#13982 = ADVANCED_FACE('',(#13983),#14001,.T.);
#13983 = FACE_BOUND('',#13984,.T.);
#13984 = EDGE_LOOP('',(#13985,#13993,#13994,#13995));
#13985 = ORIENTED_EDGE('',*,*,#13986,.F.);
#13986 = EDGE_CURVE('',#13963,#13987,#13989,.T.);
#13987 = VERTEX_POINT('',#13988);
#13988 = CARTESIAN_POINT('',(25.4887,64.6144,2.5));
#13989 = LINE('',#13990,#13991);
#13990 = CARTESIAN_POINT('',(25.5463,64.7223,2.5));
#13991 = VECTOR('',#13992,1.);
#13992 = DIRECTION('',(-0.470927681203,-0.882171819476,0.));
#13993 = ORIENTED_EDGE('',*,*,#13972,.T.);
#13994 = ORIENTED_EDGE('',*,*,#3395,.F.);
#13995 = ORIENTED_EDGE('',*,*,#13996,.F.);
#13996 = EDGE_CURVE('',#13987,#3388,#13997,.T.);
#13997 = LINE('',#13998,#13999);
#13998 = CARTESIAN_POINT('',(25.4887,64.6144,2.5));
#13999 = VECTOR('',#14000,1.);
#14000 = DIRECTION('',(0.,0.,1.));
#14001 = PLANE('',#14002);
#14002 = AXIS2_PLACEMENT_3D('',#14003,#14004,#14005);
#14003 = CARTESIAN_POINT('',(25.5463,64.7223,2.5));
#14004 = DIRECTION('',(0.882171819476,-0.470927681203,0.));
#14005 = DIRECTION('',(-0.470927681203,-0.882171819476,0.));
#14006 = ADVANCED_FACE('',(#14007),#14025,.T.);
#14007 = FACE_BOUND('',#14008,.T.);
#14008 = EDGE_LOOP('',(#14009,#14017,#14018,#14019));
#14009 = ORIENTED_EDGE('',*,*,#14010,.F.);
#14010 = EDGE_CURVE('',#13987,#14011,#14013,.T.);
#14011 = VERTEX_POINT('',#14012);
#14012 = CARTESIAN_POINT('',(24.4348,63.0371,2.5));
#14013 = LINE('',#14014,#14015);
#14014 = CARTESIAN_POINT('',(25.4887,64.6144,2.5));
#14015 = VECTOR('',#14016,1.);
#14016 = DIRECTION('',(-0.555563612717,-0.831474035809,0.));
#14017 = ORIENTED_EDGE('',*,*,#13996,.T.);
#14018 = ORIENTED_EDGE('',*,*,#3387,.F.);
#14019 = ORIENTED_EDGE('',*,*,#14020,.F.);
#14020 = EDGE_CURVE('',#14011,#3380,#14021,.T.);
#14021 = LINE('',#14022,#14023);
#14022 = CARTESIAN_POINT('',(24.4348,63.0371,2.5));
#14023 = VECTOR('',#14024,1.);
#14024 = DIRECTION('',(0.,0.,1.));
#14025 = PLANE('',#14026);
#14026 = AXIS2_PLACEMENT_3D('',#14027,#14028,#14029);
#14027 = CARTESIAN_POINT('',(25.4887,64.6144,2.5));
#14028 = DIRECTION('',(0.831474035809,-0.555563612717,0.));
#14029 = DIRECTION('',(-0.555563612717,-0.831474035809,0.));
#14030 = ADVANCED_FACE('',(#14031),#14049,.T.);
#14031 = FACE_BOUND('',#14032,.T.);
#14032 = EDGE_LOOP('',(#14033,#14041,#14042,#14043));
#14033 = ORIENTED_EDGE('',*,*,#14034,.F.);
#14034 = EDGE_CURVE('',#14011,#14035,#14037,.T.);
#14035 = VERTEX_POINT('',#14036);
#14036 = CARTESIAN_POINT('',(23.3285,61.9309,2.5));
#14037 = LINE('',#14038,#14039);
#14038 = CARTESIAN_POINT('',(24.4348,63.0371,2.5));
#14039 = VECTOR('',#14040,1.);
#14040 = DIRECTION('',(-0.707138740093,-0.707074820836,0.));
#14041 = ORIENTED_EDGE('',*,*,#14020,.T.);
#14042 = ORIENTED_EDGE('',*,*,#3379,.F.);
#14043 = ORIENTED_EDGE('',*,*,#14044,.F.);
#14044 = EDGE_CURVE('',#14035,#3372,#14045,.T.);
#14045 = LINE('',#14046,#14047);
#14046 = CARTESIAN_POINT('',(23.3285,61.9309,2.5));
#14047 = VECTOR('',#14048,1.);
#14048 = DIRECTION('',(0.,0.,1.));
#14049 = PLANE('',#14050);
#14050 = AXIS2_PLACEMENT_3D('',#14051,#14052,#14053);
#14051 = CARTESIAN_POINT('',(24.4348,63.0371,2.5));
#14052 = DIRECTION('',(0.707074820836,-0.707138740093,0.));
#14053 = DIRECTION('',(-0.707138740093,-0.707074820836,0.));
#14054 = ADVANCED_FACE('',(#14055),#14073,.T.);
#14055 = FACE_BOUND('',#14056,.T.);
#14056 = EDGE_LOOP('',(#14057,#14065,#14066,#14067));
#14057 = ORIENTED_EDGE('',*,*,#14058,.F.);
#14058 = EDGE_CURVE('',#14035,#14059,#14061,.T.);
#14059 = VERTEX_POINT('',#14060);
#14060 = CARTESIAN_POINT('',(22.0277,61.0617,2.5));
#14061 = LINE('',#14062,#14063);
#14062 = CARTESIAN_POINT('',(23.3285,61.9309,2.5));
#14063 = VECTOR('',#14064,1.);
#14064 = DIRECTION('',(-0.831459801075,-0.555584916278,0.));
#14065 = ORIENTED_EDGE('',*,*,#14044,.T.);
#14066 = ORIENTED_EDGE('',*,*,#3371,.F.);
#14067 = ORIENTED_EDGE('',*,*,#14068,.F.);
#14068 = EDGE_CURVE('',#14059,#3364,#14069,.T.);
#14069 = LINE('',#14070,#14071);
#14070 = CARTESIAN_POINT('',(22.0277,61.0617,2.5));
#14071 = VECTOR('',#14072,1.);
#14072 = DIRECTION('',(0.,0.,1.));
#14073 = PLANE('',#14074);
#14074 = AXIS2_PLACEMENT_3D('',#14075,#14076,#14077);
#14075 = CARTESIAN_POINT('',(23.3285,61.9309,2.5));
#14076 = DIRECTION('',(0.555584916278,-0.831459801075,0.));
#14077 = DIRECTION('',(-0.831459801075,-0.555584916278,0.));
#14078 = ADVANCED_FACE('',(#14079),#14097,.T.);
#14079 = FACE_BOUND('',#14080,.T.);
#14080 = EDGE_LOOP('',(#14081,#14089,#14090,#14091));
#14081 = ORIENTED_EDGE('',*,*,#14082,.F.);
#14082 = EDGE_CURVE('',#14059,#14083,#14085,.T.);
#14083 = VERTEX_POINT('',#14084);
#14084 = CARTESIAN_POINT('',(20.5823,60.463,2.5));
#14085 = LINE('',#14086,#14087);
#14086 = CARTESIAN_POINT('',(22.0277,61.0617,2.5));
#14087 = VECTOR('',#14088,1.);
#14088 = DIRECTION('',(-0.923880500421,-0.382681095615,0.));
#14089 = ORIENTED_EDGE('',*,*,#14068,.T.);
#14090 = ORIENTED_EDGE('',*,*,#3363,.F.);
#14091 = ORIENTED_EDGE('',*,*,#14092,.F.);
#14092 = EDGE_CURVE('',#14083,#3356,#14093,.T.);
#14093 = LINE('',#14094,#14095);
#14094 = CARTESIAN_POINT('',(20.5823,60.463,2.5));
#14095 = VECTOR('',#14096,1.);
#14096 = DIRECTION('',(0.,0.,1.));
#14097 = PLANE('',#14098);
#14098 = AXIS2_PLACEMENT_3D('',#14099,#14100,#14101);
#14099 = CARTESIAN_POINT('',(22.0277,61.0617,2.5));
#14100 = DIRECTION('',(0.382681095615,-0.923880500421,0.));
#14101 = DIRECTION('',(-0.923880500421,-0.382681095615,0.));
#14102 = ADVANCED_FACE('',(#14103),#14121,.T.);
#14103 = FACE_BOUND('',#14104,.T.);
#14104 = EDGE_LOOP('',(#14105,#14113,#14114,#14115));
#14105 = ORIENTED_EDGE('',*,*,#14106,.F.);
#14106 = EDGE_CURVE('',#14083,#14107,#14109,.T.);
#14107 = VERTEX_POINT('',#14108);
#14108 = CARTESIAN_POINT('',(18.9509,60.1385,2.5));
#14109 = LINE('',#14110,#14111);
#14110 = CARTESIAN_POINT('',(20.5823,60.463,2.5));
#14111 = VECTOR('',#14112,1.);
#14112 = DIRECTION('',(-0.980785928742,-0.19508706257,0.));
#14113 = ORIENTED_EDGE('',*,*,#14092,.T.);
#14114 = ORIENTED_EDGE('',*,*,#3355,.F.);
#14115 = ORIENTED_EDGE('',*,*,#14116,.F.);
#14116 = EDGE_CURVE('',#14107,#3348,#14117,.T.);
#14117 = LINE('',#14118,#14119);
#14118 = CARTESIAN_POINT('',(18.9509,60.1385,2.5));
#14119 = VECTOR('',#14120,1.);
#14120 = DIRECTION('',(0.,0.,1.));
#14121 = PLANE('',#14122);
#14122 = AXIS2_PLACEMENT_3D('',#14123,#14124,#14125);
#14123 = CARTESIAN_POINT('',(20.5823,60.463,2.5));
#14124 = DIRECTION('',(0.19508706257,-0.980785928742,0.));
#14125 = DIRECTION('',(-0.980785928742,-0.19508706257,0.));
#14126 = ADVANCED_FACE('',(#14127),#14145,.T.);
#14127 = FACE_BOUND('',#14128,.T.);
#14128 = EDGE_LOOP('',(#14129,#14137,#14138,#14139));
#14129 = ORIENTED_EDGE('',*,*,#14130,.F.);
#14130 = EDGE_CURVE('',#14107,#14131,#14133,.T.);
#14131 = VERTEX_POINT('',#14132);
#14132 = CARTESIAN_POINT('',(18.1674,60.1,2.5));
#14133 = LINE('',#14134,#14135);
#14134 = CARTESIAN_POINT('',(18.9509,60.1385,2.5));
#14135 = VECTOR('',#14136,1.);
#14136 = DIRECTION('',(-0.998794886786,-4.907926374126E-02,0.));
#14137 = ORIENTED_EDGE('',*,*,#14116,.T.);
#14138 = ORIENTED_EDGE('',*,*,#3347,.F.);
#14139 = ORIENTED_EDGE('',*,*,#14140,.F.);
#14140 = EDGE_CURVE('',#14131,#3340,#14141,.T.);
#14141 = LINE('',#14142,#14143);
#14142 = CARTESIAN_POINT('',(18.1674,60.1,2.5));
#14143 = VECTOR('',#14144,1.);
#14144 = DIRECTION('',(0.,0.,1.));
#14145 = PLANE('',#14146);
#14146 = AXIS2_PLACEMENT_3D('',#14147,#14148,#14149);
#14147 = CARTESIAN_POINT('',(18.9509,60.1385,2.5));
#14148 = DIRECTION('',(4.907926374126E-02,-0.998794886786,0.));
#14149 = DIRECTION('',(-0.998794886786,-4.907926374126E-02,0.));
#14150 = ADVANCED_FACE('',(#14151),#14169,.T.);
#14151 = FACE_BOUND('',#14152,.T.);
#14152 = EDGE_LOOP('',(#14153,#14161,#14162,#14163));
#14153 = ORIENTED_EDGE('',*,*,#14154,.F.);
#14154 = EDGE_CURVE('',#14131,#14155,#14157,.T.);
#14155 = VERTEX_POINT('',#14156);
#14156 = CARTESIAN_POINT('',(10.853,60.1,2.5));
#14157 = LINE('',#14158,#14159);
#14158 = CARTESIAN_POINT('',(18.1674,60.1,2.5));
#14159 = VECTOR('',#14160,1.);
#14160 = DIRECTION('',(-1.,0.,0.));
#14161 = ORIENTED_EDGE('',*,*,#14140,.T.);
#14162 = ORIENTED_EDGE('',*,*,#3339,.F.);
#14163 = ORIENTED_EDGE('',*,*,#14164,.F.);
#14164 = EDGE_CURVE('',#14155,#3332,#14165,.T.);
#14165 = LINE('',#14166,#14167);
#14166 = CARTESIAN_POINT('',(10.853,60.1,2.5));
#14167 = VECTOR('',#14168,1.);
#14168 = DIRECTION('',(0.,0.,1.));
#14169 = PLANE('',#14170);
#14170 = AXIS2_PLACEMENT_3D('',#14171,#14172,#14173);
#14171 = CARTESIAN_POINT('',(18.1674,60.1,2.5));
#14172 = DIRECTION('',(0.,-1.,0.));
#14173 = DIRECTION('',(-1.,0.,0.));
#14174 = ADVANCED_FACE('',(#14175),#14193,.T.);
#14175 = FACE_BOUND('',#14176,.T.);
#14176 = EDGE_LOOP('',(#14177,#14185,#14186,#14187));
#14177 = ORIENTED_EDGE('',*,*,#14178,.F.);
#14178 = EDGE_CURVE('',#14155,#14179,#14181,.T.);
#14179 = VERTEX_POINT('',#14180);
#14180 = CARTESIAN_POINT('',(10.0727,60.0231,2.5));
#14181 = LINE('',#14182,#14183);
#14182 = CARTESIAN_POINT('',(10.853,60.1,2.5));
#14183 = VECTOR('',#14184,1.);
#14184 = DIRECTION('',(-0.995178858103,-9.807670663608E-02,0.));
#14185 = ORIENTED_EDGE('',*,*,#14164,.T.);
#14186 = ORIENTED_EDGE('',*,*,#3331,.F.);
#14187 = ORIENTED_EDGE('',*,*,#14188,.F.);
#14188 = EDGE_CURVE('',#14179,#3324,#14189,.T.);
#14189 = LINE('',#14190,#14191);
#14190 = CARTESIAN_POINT('',(10.0727,60.0231,2.5));
#14191 = VECTOR('',#14192,1.);
#14192 = DIRECTION('',(0.,0.,1.));
#14193 = PLANE('',#14194);
#14194 = AXIS2_PLACEMENT_3D('',#14195,#14196,#14197);
#14195 = CARTESIAN_POINT('',(10.853,60.1,2.5));
#14196 = DIRECTION('',(9.807670663608E-02,-0.995178858103,0.));
#14197 = DIRECTION('',(-0.995178858103,-9.807670663608E-02,0.));
#14198 = ADVANCED_FACE('',(#14199),#14217,.T.);
#14199 = FACE_BOUND('',#14200,.T.);
#14200 = EDGE_LOOP('',(#14201,#14209,#14210,#14211));
#14201 = ORIENTED_EDGE('',*,*,#14202,.F.);
#14202 = EDGE_CURVE('',#14179,#14203,#14205,.T.);
#14203 = VERTEX_POINT('',#14204);
#14204 = CARTESIAN_POINT('',(9.32228,59.7955,2.5));
#14205 = LINE('',#14206,#14207);
#14206 = CARTESIAN_POINT('',(10.0727,60.0231,2.5));
#14207 = VECTOR('',#14208,1.);
#14208 = DIRECTION('',(-0.956953589732,-0.290240981081,0.));
#14209 = ORIENTED_EDGE('',*,*,#14188,.T.);
#14210 = ORIENTED_EDGE('',*,*,#3323,.F.);
#14211 = ORIENTED_EDGE('',*,*,#14212,.F.);
#14212 = EDGE_CURVE('',#14203,#3316,#14213,.T.);
#14213 = LINE('',#14214,#14215);
#14214 = CARTESIAN_POINT('',(9.32228,59.7955,2.5));
#14215 = VECTOR('',#14216,1.);
#14216 = DIRECTION('',(0.,0.,1.));
#14217 = PLANE('',#14218);
#14218 = AXIS2_PLACEMENT_3D('',#14219,#14220,#14221);
#14219 = CARTESIAN_POINT('',(10.0727,60.0231,2.5));
#14220 = DIRECTION('',(0.290240981081,-0.956953589732,0.));
#14221 = DIRECTION('',(-0.956953589732,-0.290240981081,0.));
#14222 = ADVANCED_FACE('',(#14223),#14241,.T.);
#14223 = FACE_BOUND('',#14224,.T.);
#14224 = EDGE_LOOP('',(#14225,#14233,#14234,#14235));
#14225 = ORIENTED_EDGE('',*,*,#14226,.F.);
#14226 = EDGE_CURVE('',#14203,#14227,#14229,.T.);
#14227 = VERTEX_POINT('',#14228);
#14228 = CARTESIAN_POINT('',(8.63074,59.4259,2.5));
#14229 = LINE('',#14230,#14231);
#14230 = CARTESIAN_POINT('',(9.32228,59.7955,2.5));
#14231 = VECTOR('',#14232,1.);
#14232 = DIRECTION('',(-0.88194026114,-0.471361194605,0.));
#14233 = ORIENTED_EDGE('',*,*,#14212,.T.);
#14234 = ORIENTED_EDGE('',*,*,#3315,.F.);
#14235 = ORIENTED_EDGE('',*,*,#14236,.F.);
#14236 = EDGE_CURVE('',#14227,#3308,#14237,.T.);
#14237 = LINE('',#14238,#14239);
#14238 = CARTESIAN_POINT('',(8.63074,59.4259,2.5));
#14239 = VECTOR('',#14240,1.);
#14240 = DIRECTION('',(0.,0.,1.));
#14241 = PLANE('',#14242);
#14242 = AXIS2_PLACEMENT_3D('',#14243,#14244,#14245);
#14243 = CARTESIAN_POINT('',(9.32228,59.7955,2.5));
#14244 = DIRECTION('',(0.471361194605,-0.88194026114,0.));
#14245 = DIRECTION('',(-0.88194026114,-0.471361194605,0.));
#14246 = ADVANCED_FACE('',(#14247),#14265,.T.);
#14247 = FACE_BOUND('',#14248,.T.);
#14248 = EDGE_LOOP('',(#14249,#14257,#14258,#14259));
#14249 = ORIENTED_EDGE('',*,*,#14250,.F.);
#14250 = EDGE_CURVE('',#14227,#14251,#14253,.T.);
#14251 = VERTEX_POINT('',#14252);
#14252 = CARTESIAN_POINT('',(8.02459,58.9284,2.5));
#14253 = LINE('',#14254,#14255);
#14254 = CARTESIAN_POINT('',(8.63074,59.4259,2.5));
#14255 = VECTOR('',#14256,1.);
#14256 = DIRECTION('',(-0.772981966645,-0.634427993741,0.));
#14257 = ORIENTED_EDGE('',*,*,#14236,.T.);
#14258 = ORIENTED_EDGE('',*,*,#3307,.F.);
#14259 = ORIENTED_EDGE('',*,*,#14260,.F.);
#14260 = EDGE_CURVE('',#14251,#3300,#14261,.T.);
#14261 = LINE('',#14262,#14263);
#14262 = CARTESIAN_POINT('',(8.02459,58.9284,2.5));
#14263 = VECTOR('',#14264,1.);
#14264 = DIRECTION('',(0.,0.,1.));
#14265 = PLANE('',#14266);
#14266 = AXIS2_PLACEMENT_3D('',#14267,#14268,#14269);
#14267 = CARTESIAN_POINT('',(8.63074,59.4259,2.5));
#14268 = DIRECTION('',(0.634427993741,-0.772981966645,0.));
#14269 = DIRECTION('',(-0.772981966645,-0.634427993741,0.));
#14270 = ADVANCED_FACE('',(#14271),#14289,.T.);
#14271 = FACE_BOUND('',#14272,.T.);
#14272 = EDGE_LOOP('',(#14273,#14281,#14282,#14283));
#14273 = ORIENTED_EDGE('',*,*,#14274,.F.);
#14274 = EDGE_CURVE('',#14251,#14275,#14277,.T.);
#14275 = VERTEX_POINT('',#14276);
#14276 = CARTESIAN_POINT('',(7.52714,58.3223,2.5));
#14277 = LINE('',#14278,#14279);
#14278 = CARTESIAN_POINT('',(8.02459,58.9284,2.5));
#14279 = VECTOR('',#14280,1.);
#14280 = DIRECTION('',(-0.634421164253,-0.772987571924,0.));
#14281 = ORIENTED_EDGE('',*,*,#14260,.T.);
#14282 = ORIENTED_EDGE('',*,*,#3299,.F.);
#14283 = ORIENTED_EDGE('',*,*,#14284,.F.);
#14284 = EDGE_CURVE('',#14275,#3292,#14285,.T.);
#14285 = LINE('',#14286,#14287);
#14286 = CARTESIAN_POINT('',(7.52714,58.3223,2.5));
#14287 = VECTOR('',#14288,1.);
#14288 = DIRECTION('',(0.,0.,1.));
#14289 = PLANE('',#14290);
#14290 = AXIS2_PLACEMENT_3D('',#14291,#14292,#14293);
#14291 = CARTESIAN_POINT('',(8.02459,58.9284,2.5));
#14292 = DIRECTION('',(0.772987571924,-0.634421164253,0.));
#14293 = DIRECTION('',(-0.634421164253,-0.772987571924,0.));
#14294 = ADVANCED_FACE('',(#14295),#14313,.T.);
#14295 = FACE_BOUND('',#14296,.T.);
#14296 = EDGE_LOOP('',(#14297,#14305,#14306,#14307));
#14297 = ORIENTED_EDGE('',*,*,#14298,.F.);
#14298 = EDGE_CURVE('',#14275,#14299,#14301,.T.);
#14299 = VERTEX_POINT('',#14300);
#14300 = CARTESIAN_POINT('',(7.1575,57.6307,2.5));
#14301 = LINE('',#14302,#14303);
#14302 = CARTESIAN_POINT('',(7.52714,58.3223,2.5));
#14303 = VECTOR('',#14304,1.);
#14304 = DIRECTION('',(-0.47136906264,-0.881936055951,0.));
#14305 = ORIENTED_EDGE('',*,*,#14284,.T.);
#14306 = ORIENTED_EDGE('',*,*,#3291,.F.);
#14307 = ORIENTED_EDGE('',*,*,#14308,.F.);
#14308 = EDGE_CURVE('',#14299,#3284,#14309,.T.);
#14309 = LINE('',#14310,#14311);
#14310 = CARTESIAN_POINT('',(7.1575,57.6307,2.5));
#14311 = VECTOR('',#14312,1.);
#14312 = DIRECTION('',(0.,0.,1.));
#14313 = PLANE('',#14314);
#14314 = AXIS2_PLACEMENT_3D('',#14315,#14316,#14317);
#14315 = CARTESIAN_POINT('',(7.52714,58.3223,2.5));
#14316 = DIRECTION('',(0.881936055951,-0.47136906264,0.));
#14317 = DIRECTION('',(-0.47136906264,-0.881936055951,0.));
#14318 = ADVANCED_FACE('',(#14319),#14337,.T.);
#14319 = FACE_BOUND('',#14320,.T.);
#14320 = EDGE_LOOP('',(#14321,#14329,#14330,#14331));
#14321 = ORIENTED_EDGE('',*,*,#14322,.F.);
#14322 = EDGE_CURVE('',#14299,#14323,#14325,.T.);
#14323 = VERTEX_POINT('',#14324);
#14324 = CARTESIAN_POINT('',(6.92988,56.8804,2.5));
#14325 = LINE('',#14326,#14327);
#14326 = CARTESIAN_POINT('',(7.1575,57.6307,2.5));
#14327 = VECTOR('',#14328,1.);
#14328 = DIRECTION('',(-0.290306848318,-0.956933609933,0.));
#14329 = ORIENTED_EDGE('',*,*,#14308,.T.);
#14330 = ORIENTED_EDGE('',*,*,#3283,.F.);
#14331 = ORIENTED_EDGE('',*,*,#14332,.F.);
#14332 = EDGE_CURVE('',#14323,#3276,#14333,.T.);
#14333 = LINE('',#14334,#14335);
#14334 = CARTESIAN_POINT('',(6.92988,56.8804,2.5));
#14335 = VECTOR('',#14336,1.);
#14336 = DIRECTION('',(0.,0.,1.));
#14337 = PLANE('',#14338);
#14338 = AXIS2_PLACEMENT_3D('',#14339,#14340,#14341);
#14339 = CARTESIAN_POINT('',(7.1575,57.6307,2.5));
#14340 = DIRECTION('',(0.956933609933,-0.290306848318,0.));
#14341 = DIRECTION('',(-0.290306848318,-0.956933609933,0.));
#14342 = ADVANCED_FACE('',(#14343),#14361,.T.);
#14343 = FACE_BOUND('',#14344,.T.);
#14344 = EDGE_LOOP('',(#14345,#14353,#14354,#14355));
#14345 = ORIENTED_EDGE('',*,*,#14346,.F.);
#14346 = EDGE_CURVE('',#14323,#14347,#14349,.T.);
#14347 = VERTEX_POINT('',#14348);
#14348 = CARTESIAN_POINT('',(6.88227,56.5594,2.5));
#14349 = LINE('',#14350,#14351);
#14350 = CARTESIAN_POINT('',(6.92988,56.8804,2.5));
#14351 = VECTOR('',#14352,1.);
#14352 = DIRECTION('',(-0.146712829426,-0.989179127197,0.));
#14353 = ORIENTED_EDGE('',*,*,#14332,.T.);
#14354 = ORIENTED_EDGE('',*,*,#3275,.F.);
#14355 = ORIENTED_EDGE('',*,*,#14356,.F.);
#14356 = EDGE_CURVE('',#14347,#3268,#14357,.T.);
#14357 = LINE('',#14358,#14359);
#14358 = CARTESIAN_POINT('',(6.88227,56.5594,2.5));
#14359 = VECTOR('',#14360,1.);
#14360 = DIRECTION('',(0.,0.,1.));
#14361 = PLANE('',#14362);
#14362 = AXIS2_PLACEMENT_3D('',#14363,#14364,#14365);
#14363 = CARTESIAN_POINT('',(6.92988,56.8804,2.5));
#14364 = DIRECTION('',(0.989179127197,-0.146712829426,0.));
#14365 = DIRECTION('',(-0.146712829426,-0.989179127197,0.));
#14366 = ADVANCED_FACE('',(#14367),#14385,.T.);
#14367 = FACE_BOUND('',#14368,.T.);
#14368 = EDGE_LOOP('',(#14369,#14377,#14378,#14379));
#14369 = ORIENTED_EDGE('',*,*,#14370,.F.);
#14370 = EDGE_CURVE('',#14347,#14371,#14373,.T.);
#14371 = VERTEX_POINT('',#14372);
#14372 = CARTESIAN_POINT('',(6.42316,55.0459,2.5));
#14373 = LINE('',#14374,#14375);
#14374 = CARTESIAN_POINT('',(6.88227,56.5594,2.5));
#14375 = VECTOR('',#14376,1.);
#14376 = DIRECTION('',(-0.290281663229,-0.956941250022,0.));
#14377 = ORIENTED_EDGE('',*,*,#14356,.T.);
#14378 = ORIENTED_EDGE('',*,*,#3267,.F.);
#14379 = ORIENTED_EDGE('',*,*,#14380,.F.);
#14380 = EDGE_CURVE('',#14371,#3260,#14381,.T.);
#14381 = LINE('',#14382,#14383);
#14382 = CARTESIAN_POINT('',(6.42316,55.0459,2.5));
#14383 = VECTOR('',#14384,1.);
#14384 = DIRECTION('',(0.,0.,1.));
#14385 = PLANE('',#14386);
#14386 = AXIS2_PLACEMENT_3D('',#14387,#14388,#14389);
#14387 = CARTESIAN_POINT('',(6.88227,56.5594,2.5));
#14388 = DIRECTION('',(0.956941250022,-0.290281663229,0.));
#14389 = DIRECTION('',(-0.290281663229,-0.956941250022,0.));
#14390 = ADVANCED_FACE('',(#14391),#14409,.T.);
#14391 = FACE_BOUND('',#14392,.T.);
#14392 = EDGE_LOOP('',(#14393,#14401,#14402,#14403));
#14393 = ORIENTED_EDGE('',*,*,#14394,.F.);
#14394 = EDGE_CURVE('',#14371,#14395,#14397,.T.);
#14395 = VERTEX_POINT('',#14396);
#14396 = CARTESIAN_POINT('',(5.68566,53.6662,2.5));
#14397 = LINE('',#14398,#14399);
#14398 = CARTESIAN_POINT('',(6.42316,55.0459,2.5));
#14399 = VECTOR('',#14400,1.);
#14400 = DIRECTION('',(-0.4714141304,-0.881911967069,0.));
#14401 = ORIENTED_EDGE('',*,*,#14380,.T.);
#14402 = ORIENTED_EDGE('',*,*,#3259,.F.);
#14403 = ORIENTED_EDGE('',*,*,#14404,.F.);
#14404 = EDGE_CURVE('',#14395,#3252,#14405,.T.);
#14405 = LINE('',#14406,#14407);
#14406 = CARTESIAN_POINT('',(5.68566,53.6662,2.5));
#14407 = VECTOR('',#14408,1.);
#14408 = DIRECTION('',(0.,0.,1.));
#14409 = PLANE('',#14410);
#14410 = AXIS2_PLACEMENT_3D('',#14411,#14412,#14413);
#14411 = CARTESIAN_POINT('',(6.42316,55.0459,2.5));
#14412 = DIRECTION('',(0.881911967069,-0.4714141304,0.));
#14413 = DIRECTION('',(-0.4714141304,-0.881911967069,0.));
#14414 = ADVANCED_FACE('',(#14415),#14433,.T.);
#14415 = FACE_BOUND('',#14416,.T.);
#14416 = EDGE_LOOP('',(#14417,#14425,#14426,#14427));
#14417 = ORIENTED_EDGE('',*,*,#14418,.F.);
#14418 = EDGE_CURVE('',#14395,#14419,#14421,.T.);
#14419 = VERTEX_POINT('',#14420);
#14420 = CARTESIAN_POINT('',(4.69317,52.4568,2.5));
#14421 = LINE('',#14422,#14423);
#14422 = CARTESIAN_POINT('',(5.68566,53.6662,2.5));
#14423 = VECTOR('',#14424,1.);
#14424 = DIRECTION('',(-0.634378415338,-0.773022655653,0.));
#14425 = ORIENTED_EDGE('',*,*,#14404,.T.);
#14426 = ORIENTED_EDGE('',*,*,#3251,.F.);
#14427 = ORIENTED_EDGE('',*,*,#14428,.F.);
#14428 = EDGE_CURVE('',#14419,#3244,#14429,.T.);
#14429 = LINE('',#14430,#14431);
#14430 = CARTESIAN_POINT('',(4.69317,52.4568,2.5));
#14431 = VECTOR('',#14432,1.);
#14432 = DIRECTION('',(0.,0.,1.));
#14433 = PLANE('',#14434);
#14434 = AXIS2_PLACEMENT_3D('',#14435,#14436,#14437);
#14435 = CARTESIAN_POINT('',(5.68566,53.6662,2.5));
#14436 = DIRECTION('',(0.773022655653,-0.634378415338,0.));
#14437 = DIRECTION('',(-0.634378415338,-0.773022655653,0.));
#14438 = ADVANCED_FACE('',(#14439),#14457,.T.);
#14439 = FACE_BOUND('',#14440,.T.);
#14440 = EDGE_LOOP('',(#14441,#14449,#14450,#14451));
#14441 = ORIENTED_EDGE('',*,*,#14442,.F.);
#14442 = EDGE_CURVE('',#14419,#14443,#14445,.T.);
#14443 = VERTEX_POINT('',#14444);
#14444 = CARTESIAN_POINT('',(3.48381,51.4643,2.5));
#14445 = LINE('',#14446,#14447);
#14446 = CARTESIAN_POINT('',(4.69317,52.4568,2.5));
#14447 = VECTOR('',#14448,1.);
#14448 = DIRECTION('',(-0.773009231669,-0.634394772799,0.));
#14449 = ORIENTED_EDGE('',*,*,#14428,.T.);
#14450 = ORIENTED_EDGE('',*,*,#3243,.F.);
#14451 = ORIENTED_EDGE('',*,*,#14452,.F.);
#14452 = EDGE_CURVE('',#14443,#3236,#14453,.T.);
#14453 = LINE('',#14454,#14455);
#14454 = CARTESIAN_POINT('',(3.48381,51.4643,2.5));
#14455 = VECTOR('',#14456,1.);
#14456 = DIRECTION('',(0.,0.,1.));
#14457 = PLANE('',#14458);
#14458 = AXIS2_PLACEMENT_3D('',#14459,#14460,#14461);
#14459 = CARTESIAN_POINT('',(4.69317,52.4568,2.5));
#14460 = DIRECTION('',(0.634394772799,-0.773009231669,0.));
#14461 = DIRECTION('',(-0.773009231669,-0.634394772799,0.));
#14462 = ADVANCED_FACE('',(#14463),#14481,.T.);
#14463 = FACE_BOUND('',#14464,.T.);
#14464 = EDGE_LOOP('',(#14465,#14473,#14474,#14475));
#14465 = ORIENTED_EDGE('',*,*,#14466,.F.);
#14466 = EDGE_CURVE('',#14443,#14467,#14469,.T.);
#14467 = VERTEX_POINT('',#14468);
#14468 = CARTESIAN_POINT('',(2.10406,50.7268,2.5));
#14469 = LINE('',#14470,#14471);
#14470 = CARTESIAN_POINT('',(3.48381,51.4643,2.5));
#14471 = VECTOR('',#14472,1.);
#14472 = DIRECTION('',(-0.881919069342,-0.47140084337,0.));
#14473 = ORIENTED_EDGE('',*,*,#14452,.T.);
#14474 = ORIENTED_EDGE('',*,*,#3235,.F.);
#14475 = ORIENTED_EDGE('',*,*,#14476,.F.);
#14476 = EDGE_CURVE('',#14467,#3228,#14477,.T.);
#14477 = LINE('',#14478,#14479);
#14478 = CARTESIAN_POINT('',(2.10406,50.7268,2.5));
#14479 = VECTOR('',#14480,1.);
#14480 = DIRECTION('',(0.,0.,1.));
#14481 = PLANE('',#14482);
#14482 = AXIS2_PLACEMENT_3D('',#14483,#14484,#14485);
#14483 = CARTESIAN_POINT('',(3.48381,51.4643,2.5));
#14484 = DIRECTION('',(0.47140084337,-0.881919069342,0.));
#14485 = DIRECTION('',(-0.881919069342,-0.47140084337,0.));
#14486 = ADVANCED_FACE('',(#14487),#14505,.T.);
#14487 = FACE_BOUND('',#14488,.T.);
#14488 = EDGE_LOOP('',(#14489,#14497,#14498,#14499));
#14489 = ORIENTED_EDGE('',*,*,#14490,.F.);
#14490 = EDGE_CURVE('',#14467,#14491,#14493,.T.);
#14491 = VERTEX_POINT('',#14492);
#14492 = CARTESIAN_POINT('',(0.606947,50.2727,2.5));
#14493 = LINE('',#14494,#14495);
#14494 = CARTESIAN_POINT('',(2.10406,50.7268,2.5));
#14495 = VECTOR('',#14496,1.);
#14496 = DIRECTION('',(-0.956948194773,-0.290258768207,0.));
#14497 = ORIENTED_EDGE('',*,*,#14476,.T.);
#14498 = ORIENTED_EDGE('',*,*,#3227,.F.);
#14499 = ORIENTED_EDGE('',*,*,#14500,.F.);
#14500 = EDGE_CURVE('',#14491,#3220,#14501,.T.);
#14501 = LINE('',#14502,#14503);
#14502 = CARTESIAN_POINT('',(0.606947,50.2727,2.5));
#14503 = VECTOR('',#14504,1.);
#14504 = DIRECTION('',(0.,0.,1.));
#14505 = PLANE('',#14506);
#14506 = AXIS2_PLACEMENT_3D('',#14507,#14508,#14509);
#14507 = CARTESIAN_POINT('',(2.10406,50.7268,2.5));
#14508 = DIRECTION('',(0.290258768207,-0.956948194773,0.));
#14509 = DIRECTION('',(-0.956948194773,-0.290258768207,0.));
#14510 = ADVANCED_FACE('',(#14511),#14529,.T.);
#14511 = FACE_BOUND('',#14512,.T.);
#14512 = EDGE_LOOP('',(#14513,#14521,#14522,#14523));
#14513 = ORIENTED_EDGE('',*,*,#14514,.F.);
#14514 = EDGE_CURVE('',#14491,#14515,#14517,.T.);
#14515 = VERTEX_POINT('',#14516);
#14516 = CARTESIAN_POINT('',(-1.14651,50.1,2.5));
#14517 = LINE('',#14518,#14519);
#14518 = CARTESIAN_POINT('',(0.606947,50.2727,2.5));
#14519 = VECTOR('',#14520,1.);
#14520 = DIRECTION('',(-0.995184751068,-9.801689263519E-02,0.));
#14521 = ORIENTED_EDGE('',*,*,#14500,.T.);
#14522 = ORIENTED_EDGE('',*,*,#3219,.F.);
#14523 = ORIENTED_EDGE('',*,*,#14524,.F.);
#14524 = EDGE_CURVE('',#14515,#3212,#14525,.T.);
#14525 = LINE('',#14526,#14527);
#14526 = CARTESIAN_POINT('',(-1.14651,50.1,2.5));
#14527 = VECTOR('',#14528,1.);
#14528 = DIRECTION('',(0.,0.,1.));
#14529 = PLANE('',#14530);
#14530 = AXIS2_PLACEMENT_3D('',#14531,#14532,#14533);
#14531 = CARTESIAN_POINT('',(0.606947,50.2727,2.5));
#14532 = DIRECTION('',(9.801689263519E-02,-0.995184751068,0.));
#14533 = DIRECTION('',(-0.995184751068,-9.801689263519E-02,0.));
#14534 = ADVANCED_FACE('',(#14535),#14553,.T.);
#14535 = FACE_BOUND('',#14536,.T.);
#14536 = EDGE_LOOP('',(#14537,#14545,#14546,#14547));
#14537 = ORIENTED_EDGE('',*,*,#14538,.F.);
#14538 = EDGE_CURVE('',#14515,#14539,#14541,.T.);
#14539 = VERTEX_POINT('',#14540);
#14540 = CARTESIAN_POINT('',(-8.,50.1,2.5));
#14541 = LINE('',#14542,#14543);
#14542 = CARTESIAN_POINT('',(-1.14651,50.1,2.5));
#14543 = VECTOR('',#14544,1.);
#14544 = DIRECTION('',(-1.,0.,0.));
#14545 = ORIENTED_EDGE('',*,*,#14524,.T.);
#14546 = ORIENTED_EDGE('',*,*,#3211,.F.);
#14547 = ORIENTED_EDGE('',*,*,#14548,.F.);
#14548 = EDGE_CURVE('',#14539,#3204,#14549,.T.);
#14549 = LINE('',#14550,#14551);
#14550 = CARTESIAN_POINT('',(-8.,50.1,2.5));
#14551 = VECTOR('',#14552,1.);
#14552 = DIRECTION('',(0.,0.,1.));
#14553 = PLANE('',#14554);
#14554 = AXIS2_PLACEMENT_3D('',#14555,#14556,#14557);
#14555 = CARTESIAN_POINT('',(-1.14651,50.1,2.5));
#14556 = DIRECTION('',(0.,-1.,0.));
#14557 = DIRECTION('',(-1.,0.,0.));
#14558 = ADVANCED_FACE('',(#14559),#14577,.T.);
#14559 = FACE_BOUND('',#14560,.T.);
#14560 = EDGE_LOOP('',(#14561,#14569,#14570,#14571));
#14561 = ORIENTED_EDGE('',*,*,#14562,.F.);
#14562 = EDGE_CURVE('',#14539,#14563,#14565,.T.);
#14563 = VERTEX_POINT('',#14564);
#14564 = CARTESIAN_POINT('',(-8.78036,50.0231,2.5));
#14565 = LINE('',#14566,#14567);
#14566 = CARTESIAN_POINT('',(-8.,50.1,2.5));
#14567 = VECTOR('',#14568,1.);
#14568 = DIRECTION('',(-0.995179594095,-9.80692382822E-02,0.));
#14569 = ORIENTED_EDGE('',*,*,#14548,.T.);
#14570 = ORIENTED_EDGE('',*,*,#3203,.F.);
#14571 = ORIENTED_EDGE('',*,*,#14572,.F.);
#14572 = EDGE_CURVE('',#14563,#3196,#14573,.T.);
#14573 = LINE('',#14574,#14575);
#14574 = CARTESIAN_POINT('',(-8.78036,50.0231,2.5));
#14575 = VECTOR('',#14576,1.);
#14576 = DIRECTION('',(0.,0.,1.));
#14577 = PLANE('',#14578);
#14578 = AXIS2_PLACEMENT_3D('',#14579,#14580,#14581);
#14579 = CARTESIAN_POINT('',(-8.,50.1,2.5));
#14580 = DIRECTION('',(9.80692382822E-02,-0.995179594095,0.));
#14581 = DIRECTION('',(-0.995179594095,-9.80692382822E-02,0.));
#14582 = ADVANCED_FACE('',(#14583),#14601,.T.);
#14583 = FACE_BOUND('',#14584,.T.);
#14584 = EDGE_LOOP('',(#14585,#14593,#14594,#14595));
#14585 = ORIENTED_EDGE('',*,*,#14586,.F.);
#14586 = EDGE_CURVE('',#14563,#14587,#14589,.T.);
#14587 = VERTEX_POINT('',#14588);
#14588 = CARTESIAN_POINT('',(-9.53073,49.7955,2.5));
#14589 = LINE('',#14590,#14591);
#14590 = CARTESIAN_POINT('',(-8.78036,50.0231,2.5));
#14591 = VECTOR('',#14592,1.);
#14592 = DIRECTION('',(-0.956948218008,-0.290258691604,0.));
#14593 = ORIENTED_EDGE('',*,*,#14572,.T.);
#14594 = ORIENTED_EDGE('',*,*,#3195,.F.);
#14595 = ORIENTED_EDGE('',*,*,#14596,.F.);
#14596 = EDGE_CURVE('',#14587,#3188,#14597,.T.);
#14597 = LINE('',#14598,#14599);
#14598 = CARTESIAN_POINT('',(-9.53073,49.7955,2.5));
#14599 = VECTOR('',#14600,1.);
#14600 = DIRECTION('',(0.,0.,1.));
#14601 = PLANE('',#14602);
#14602 = AXIS2_PLACEMENT_3D('',#14603,#14604,#14605);
#14603 = CARTESIAN_POINT('',(-8.78036,50.0231,2.5));
#14604 = DIRECTION('',(0.290258691604,-0.956948218008,0.));
#14605 = DIRECTION('',(-0.956948218008,-0.290258691604,0.));
#14606 = ADVANCED_FACE('',(#14607),#14625,.T.);
#14607 = FACE_BOUND('',#14608,.T.);
#14608 = EDGE_LOOP('',(#14609,#14617,#14618,#14619));
#14609 = ORIENTED_EDGE('',*,*,#14610,.F.);
#14610 = EDGE_CURVE('',#14587,#14611,#14613,.T.);
#14611 = VERTEX_POINT('',#14612);
#14612 = CARTESIAN_POINT('',(-10.2223,49.4259,2.5));
#14613 = LINE('',#14614,#14615);
#14614 = CARTESIAN_POINT('',(-9.53073,49.7955,2.5));
#14615 = VECTOR('',#14616,1.);
#14616 = DIRECTION('',(-0.881948761333,-0.471345289976,0.));
#14617 = ORIENTED_EDGE('',*,*,#14596,.T.);
#14618 = ORIENTED_EDGE('',*,*,#3187,.F.);
#14619 = ORIENTED_EDGE('',*,*,#14620,.F.);
#14620 = EDGE_CURVE('',#14611,#3180,#14621,.T.);
#14621 = LINE('',#14622,#14623);
#14622 = CARTESIAN_POINT('',(-10.2223,49.4259,2.5));
#14623 = VECTOR('',#14624,1.);
#14624 = DIRECTION('',(0.,0.,1.));
#14625 = PLANE('',#14626);
#14626 = AXIS2_PLACEMENT_3D('',#14627,#14628,#14629);
#14627 = CARTESIAN_POINT('',(-9.53073,49.7955,2.5));
#14628 = DIRECTION('',(0.471345289976,-0.881948761333,0.));
#14629 = DIRECTION('',(-0.881948761333,-0.471345289976,0.));
#14630 = ADVANCED_FACE('',(#14631),#14649,.T.);
#14631 = FACE_BOUND('',#14632,.T.);
#14632 = EDGE_LOOP('',(#14633,#14641,#14642,#14643));
#14633 = ORIENTED_EDGE('',*,*,#14634,.F.);
#14634 = EDGE_CURVE('',#14611,#14635,#14637,.T.);
#14635 = VERTEX_POINT('',#14636);
#14636 = CARTESIAN_POINT('',(-10.8284,48.9284,2.5));
#14637 = LINE('',#14638,#14639);
#14638 = CARTESIAN_POINT('',(-10.2223,49.4259,2.5));
#14639 = VECTOR('',#14640,1.);
#14640 = DIRECTION('',(-0.772956300772,-0.634459263544,0.));
#14641 = ORIENTED_EDGE('',*,*,#14620,.T.);
#14642 = ORIENTED_EDGE('',*,*,#3179,.F.);
#14643 = ORIENTED_EDGE('',*,*,#14644,.F.);
#14644 = EDGE_CURVE('',#14635,#3172,#14645,.T.);
#14645 = LINE('',#14646,#14647);
#14646 = CARTESIAN_POINT('',(-10.8284,48.9284,2.5));
#14647 = VECTOR('',#14648,1.);
#14648 = DIRECTION('',(0.,0.,1.));
#14649 = PLANE('',#14650);
#14650 = AXIS2_PLACEMENT_3D('',#14651,#14652,#14653);
#14651 = CARTESIAN_POINT('',(-10.2223,49.4259,2.5));
#14652 = DIRECTION('',(0.634459263544,-0.772956300772,0.));
#14653 = DIRECTION('',(-0.772956300772,-0.634459263544,0.));
#14654 = ADVANCED_FACE('',(#14655),#14673,.T.);
#14655 = FACE_BOUND('',#14656,.T.);
#14656 = EDGE_LOOP('',(#14657,#14665,#14666,#14667));
#14657 = ORIENTED_EDGE('',*,*,#14658,.F.);
#14658 = EDGE_CURVE('',#14635,#14659,#14661,.T.);
#14659 = VERTEX_POINT('',#14660);
#14660 = CARTESIAN_POINT('',(-11.3259,48.3223,2.5));
#14661 = LINE('',#14662,#14663);
#14662 = CARTESIAN_POINT('',(-10.8284,48.9284,2.5));
#14663 = VECTOR('',#14664,1.);
#14664 = DIRECTION('',(-0.634459263544,-0.772956300772,0.));
#14665 = ORIENTED_EDGE('',*,*,#14644,.T.);
#14666 = ORIENTED_EDGE('',*,*,#3171,.F.);
#14667 = ORIENTED_EDGE('',*,*,#14668,.F.);
#14668 = EDGE_CURVE('',#14659,#3164,#14669,.T.);
#14669 = LINE('',#14670,#14671);
#14670 = CARTESIAN_POINT('',(-11.3259,48.3223,2.5));
#14671 = VECTOR('',#14672,1.);
#14672 = DIRECTION('',(0.,0.,1.));
#14673 = PLANE('',#14674);
#14674 = AXIS2_PLACEMENT_3D('',#14675,#14676,#14677);
#14675 = CARTESIAN_POINT('',(-10.8284,48.9284,2.5));
#14676 = DIRECTION('',(0.772956300772,-0.634459263544,0.));
#14677 = DIRECTION('',(-0.634459263544,-0.772956300772,0.));
#14678 = ADVANCED_FACE('',(#14679),#14697,.T.);
#14679 = FACE_BOUND('',#14680,.T.);
#14680 = EDGE_LOOP('',(#14681,#14689,#14690,#14691));
#14681 = ORIENTED_EDGE('',*,*,#14682,.F.);
#14682 = EDGE_CURVE('',#14659,#14683,#14685,.T.);
#14683 = VERTEX_POINT('',#14684);
#14684 = CARTESIAN_POINT('',(-11.6955,47.6307,2.5));
#14685 = LINE('',#14686,#14687);
#14686 = CARTESIAN_POINT('',(-11.3259,48.3223,2.5));
#14687 = VECTOR('',#14688,1.);
#14688 = DIRECTION('',(-0.471329386267,-0.881957260666,0.));
#14689 = ORIENTED_EDGE('',*,*,#14668,.T.);
#14690 = ORIENTED_EDGE('',*,*,#3163,.F.);
#14691 = ORIENTED_EDGE('',*,*,#14692,.F.);
#14692 = EDGE_CURVE('',#14683,#3156,#14693,.T.);
#14693 = LINE('',#14694,#14695);
#14694 = CARTESIAN_POINT('',(-11.6955,47.6307,2.5));
#14695 = VECTOR('',#14696,1.);
#14696 = DIRECTION('',(0.,0.,1.));
#14697 = PLANE('',#14698);
#14698 = AXIS2_PLACEMENT_3D('',#14699,#14700,#14701);
#14699 = CARTESIAN_POINT('',(-11.3259,48.3223,2.5));
#14700 = DIRECTION('',(0.881957260666,-0.471329386267,0.));
#14701 = DIRECTION('',(-0.471329386267,-0.881957260666,0.));
#14702 = ADVANCED_FACE('',(#14703),#14721,.T.);
#14703 = FACE_BOUND('',#14704,.T.);
#14704 = EDGE_LOOP('',(#14705,#14713,#14714,#14715));
#14705 = ORIENTED_EDGE('',*,*,#14706,.F.);
#14706 = EDGE_CURVE('',#14683,#14707,#14709,.T.);
#14707 = VERTEX_POINT('',#14708);
#14708 = CARTESIAN_POINT('',(-11.9231,46.8804,2.5));
#14709 = LINE('',#14710,#14711);
#14710 = CARTESIAN_POINT('',(-11.6955,47.6307,2.5));
#14711 = VECTOR('',#14712,1.);
#14712 = DIRECTION('',(-0.290283489799,-0.956940695942,0.));
#14713 = ORIENTED_EDGE('',*,*,#14692,.T.);
#14714 = ORIENTED_EDGE('',*,*,#3155,.F.);
#14715 = ORIENTED_EDGE('',*,*,#14716,.F.);
#14716 = EDGE_CURVE('',#14707,#3148,#14717,.T.);
#14717 = LINE('',#14718,#14719);
#14718 = CARTESIAN_POINT('',(-11.9231,46.8804,2.5));
#14719 = VECTOR('',#14720,1.);
#14720 = DIRECTION('',(0.,0.,1.));
#14721 = PLANE('',#14722);
#14722 = AXIS2_PLACEMENT_3D('',#14723,#14724,#14725);
#14723 = CARTESIAN_POINT('',(-11.6955,47.6307,2.5));
#14724 = DIRECTION('',(0.956940695942,-0.290283489799,0.));
#14725 = DIRECTION('',(-0.290283489799,-0.956940695942,0.));
#14726 = ADVANCED_FACE('',(#14727),#14745,.T.);
#14727 = FACE_BOUND('',#14728,.T.);
#14728 = EDGE_LOOP('',(#14729,#14737,#14738,#14739));
#14729 = ORIENTED_EDGE('',*,*,#14730,.F.);
#14730 = EDGE_CURVE('',#14707,#14731,#14733,.T.);
#14731 = VERTEX_POINT('',#14732);
#14732 = CARTESIAN_POINT('',(-12.,46.1,2.5));
#14733 = LINE('',#14734,#14735);
#14734 = CARTESIAN_POINT('',(-11.9231,46.8804,2.5));
#14735 = VECTOR('',#14736,1.);
#14736 = DIRECTION('',(-9.80642600084E-02,-0.995180084663,0.));
#14737 = ORIENTED_EDGE('',*,*,#14716,.T.);
#14738 = ORIENTED_EDGE('',*,*,#3147,.F.);
#14739 = ORIENTED_EDGE('',*,*,#14740,.F.);
#14740 = EDGE_CURVE('',#14731,#3140,#14741,.T.);
#14741 = LINE('',#14742,#14743);
#14742 = CARTESIAN_POINT('',(-12.,46.1,2.5));
#14743 = VECTOR('',#14744,1.);
#14744 = DIRECTION('',(0.,0.,1.));
#14745 = PLANE('',#14746);
#14746 = AXIS2_PLACEMENT_3D('',#14747,#14748,#14749);
#14747 = CARTESIAN_POINT('',(-11.9231,46.8804,2.5));
#14748 = DIRECTION('',(0.995180084663,-9.80642600084E-02,0.));
#14749 = DIRECTION('',(-9.80642600084E-02,-0.995180084663,0.));
#14750 = ADVANCED_FACE('',(#14751),#14833,.T.);
#14751 = FACE_BOUND('',#14752,.T.);
#14752 = EDGE_LOOP('',(#14753,#14761,#14762,#14763,#14771,#14779,#14787,
    #14795,#14803,#14811,#14819,#14827));
#14753 = ORIENTED_EDGE('',*,*,#14754,.F.);
#14754 = EDGE_CURVE('',#14731,#14755,#14757,.T.);
#14755 = VERTEX_POINT('',#14756);
#14756 = CARTESIAN_POINT('',(-12.,24.95803989155,2.5));
#14757 = LINE('',#14758,#14759);
#14758 = CARTESIAN_POINT('',(-12.,46.1,2.5));
#14759 = VECTOR('',#14760,1.);
#14760 = DIRECTION('',(0.,-1.,0.));
#14761 = ORIENTED_EDGE('',*,*,#14740,.T.);
#14762 = ORIENTED_EDGE('',*,*,#3139,.F.);
#14763 = ORIENTED_EDGE('',*,*,#14764,.F.);
#14764 = EDGE_CURVE('',#14765,#3132,#14767,.T.);
#14765 = VERTEX_POINT('',#14766);
#14766 = CARTESIAN_POINT('',(-12.,-8.,2.5));
#14767 = LINE('',#14768,#14769);
#14768 = CARTESIAN_POINT('',(-12.,-8.,2.5));
#14769 = VECTOR('',#14770,1.);
#14770 = DIRECTION('',(0.,0.,1.));
#14771 = ORIENTED_EDGE('',*,*,#14772,.F.);
#14772 = EDGE_CURVE('',#14773,#14765,#14775,.T.);
#14773 = VERTEX_POINT('',#14774);
#14774 = CARTESIAN_POINT('',(-12.,19.04196010845,2.5));
#14775 = LINE('',#14776,#14777);
#14776 = CARTESIAN_POINT('',(-12.,46.1,2.5));
#14777 = VECTOR('',#14778,1.);
#14778 = DIRECTION('',(0.,-1.,0.));
#14779 = ORIENTED_EDGE('',*,*,#14780,.F.);
#14780 = EDGE_CURVE('',#14781,#14773,#14783,.T.);
#14781 = VERTEX_POINT('',#14782);
#14782 = CARTESIAN_POINT('',(-12.,19.04196010845,7.4));
#14783 = LINE('',#14784,#14785);
#14784 = CARTESIAN_POINT('',(-12.,19.04196010845,0.));
#14785 = VECTOR('',#14786,1.);
#14786 = DIRECTION('',(-0.,-0.,-1.));
#14787 = ORIENTED_EDGE('',*,*,#14788,.F.);
#14788 = EDGE_CURVE('',#14789,#14781,#14791,.T.);
#14789 = VERTEX_POINT('',#14790);
#14790 = CARTESIAN_POINT('',(-12.,20.427581480648,7.4));
#14791 = LINE('',#14792,#14793);
#14792 = CARTESIAN_POINT('',(-12.,34.05,7.4));
#14793 = VECTOR('',#14794,1.);
#14794 = DIRECTION('',(0.,-1.,0.));
#14795 = ORIENTED_EDGE('',*,*,#14796,.F.);
#14796 = EDGE_CURVE('',#14797,#14789,#14799,.T.);
#14797 = VERTEX_POINT('',#14798);
#14798 = CARTESIAN_POINT('',(-12.,20.427581480648,8.4));
#14799 = LINE('',#14800,#14801);
#14800 = CARTESIAN_POINT('',(-12.,20.427581480648,2.4));
#14801 = VECTOR('',#14802,1.);
#14802 = DIRECTION('',(-0.,-0.,-1.));
#14803 = ORIENTED_EDGE('',*,*,#14804,.F.);
#14804 = EDGE_CURVE('',#14805,#14797,#14807,.T.);
#14805 = VERTEX_POINT('',#14806);
#14806 = CARTESIAN_POINT('',(-12.,23.572418519352,8.4));
#14807 = LINE('',#14808,#14809);
#14808 = CARTESIAN_POINT('',(-12.,34.05,8.4));
#14809 = VECTOR('',#14810,1.);
#14810 = DIRECTION('',(0.,-1.,0.));
#14811 = ORIENTED_EDGE('',*,*,#14812,.T.);
#14812 = EDGE_CURVE('',#14805,#14813,#14815,.T.);
#14813 = VERTEX_POINT('',#14814);
#14814 = CARTESIAN_POINT('',(-12.,23.572418519352,7.4));
#14815 = LINE('',#14816,#14817);
#14816 = CARTESIAN_POINT('',(-12.,23.572418519352,2.4));
#14817 = VECTOR('',#14818,1.);
#14818 = DIRECTION('',(-0.,-0.,-1.));
#14819 = ORIENTED_EDGE('',*,*,#14820,.F.);
#14820 = EDGE_CURVE('',#14821,#14813,#14823,.T.);
#14821 = VERTEX_POINT('',#14822);
#14822 = CARTESIAN_POINT('',(-12.,24.95803989155,7.4));
#14823 = LINE('',#14824,#14825);
#14824 = CARTESIAN_POINT('',(-12.,34.05,7.4));
#14825 = VECTOR('',#14826,1.);
#14826 = DIRECTION('',(0.,-1.,0.));
#14827 = ORIENTED_EDGE('',*,*,#14828,.T.);
#14828 = EDGE_CURVE('',#14821,#14755,#14829,.T.);
#14829 = LINE('',#14830,#14831);
#14830 = CARTESIAN_POINT('',(-12.,24.95803989155,0.));
#14831 = VECTOR('',#14832,1.);
#14832 = DIRECTION('',(-0.,-0.,-1.));
#14833 = PLANE('',#14834);
#14834 = AXIS2_PLACEMENT_3D('',#14835,#14836,#14837);
#14835 = CARTESIAN_POINT('',(-12.,46.1,2.5));
#14836 = DIRECTION('',(1.,0.,0.));
#14837 = DIRECTION('',(0.,-1.,0.));
#14838 = ADVANCED_FACE('',(#14839),#14857,.T.);
#14839 = FACE_BOUND('',#14840,.T.);
#14840 = EDGE_LOOP('',(#14841,#14849,#14850,#14851));
#14841 = ORIENTED_EDGE('',*,*,#14842,.F.);
#14842 = EDGE_CURVE('',#14765,#14843,#14845,.T.);
#14843 = VERTEX_POINT('',#14844);
#14844 = CARTESIAN_POINT('',(-11.9231,-8.78036,2.5));
#14845 = LINE('',#14846,#14847);
#14846 = CARTESIAN_POINT('',(-12.,-8.,2.5));
#14847 = VECTOR('',#14848,1.);
#14848 = DIRECTION('',(9.806923828219E-02,-0.995179594095,0.));
#14849 = ORIENTED_EDGE('',*,*,#14764,.T.);
#14850 = ORIENTED_EDGE('',*,*,#3131,.F.);
#14851 = ORIENTED_EDGE('',*,*,#14852,.F.);
#14852 = EDGE_CURVE('',#14843,#3124,#14853,.T.);
#14853 = LINE('',#14854,#14855);
#14854 = CARTESIAN_POINT('',(-11.9231,-8.78036,2.5));
#14855 = VECTOR('',#14856,1.);
#14856 = DIRECTION('',(0.,0.,1.));
#14857 = PLANE('',#14858);
#14858 = AXIS2_PLACEMENT_3D('',#14859,#14860,#14861);
#14859 = CARTESIAN_POINT('',(-12.,-8.,2.5));
#14860 = DIRECTION('',(0.995179594095,9.806923828219E-02,0.));
#14861 = DIRECTION('',(9.806923828219E-02,-0.995179594095,0.));
#14862 = ADVANCED_FACE('',(#14863),#14881,.T.);
#14863 = FACE_BOUND('',#14864,.T.);
#14864 = EDGE_LOOP('',(#14865,#14873,#14874,#14875));
#14865 = ORIENTED_EDGE('',*,*,#14866,.F.);
#14866 = EDGE_CURVE('',#14843,#14867,#14869,.T.);
#14867 = VERTEX_POINT('',#14868);
#14868 = CARTESIAN_POINT('',(-11.6955,-9.53073,2.5));
#14869 = LINE('',#14870,#14871);
#14870 = CARTESIAN_POINT('',(-11.9231,-8.78036,2.5));
#14871 = VECTOR('',#14872,1.);
#14872 = DIRECTION('',(0.290258691604,-0.956948218008,0.));
#14873 = ORIENTED_EDGE('',*,*,#14852,.T.);
#14874 = ORIENTED_EDGE('',*,*,#3123,.F.);
#14875 = ORIENTED_EDGE('',*,*,#14876,.F.);
#14876 = EDGE_CURVE('',#14867,#3116,#14877,.T.);
#14877 = LINE('',#14878,#14879);
#14878 = CARTESIAN_POINT('',(-11.6955,-9.53073,2.5));
#14879 = VECTOR('',#14880,1.);
#14880 = DIRECTION('',(0.,0.,1.));
#14881 = PLANE('',#14882);
#14882 = AXIS2_PLACEMENT_3D('',#14883,#14884,#14885);
#14883 = CARTESIAN_POINT('',(-11.9231,-8.78036,2.5));
#14884 = DIRECTION('',(0.956948218008,0.290258691604,0.));
#14885 = DIRECTION('',(0.290258691604,-0.956948218008,0.));
#14886 = ADVANCED_FACE('',(#14887),#14905,.T.);
#14887 = FACE_BOUND('',#14888,.T.);
#14888 = EDGE_LOOP('',(#14889,#14897,#14898,#14899));
#14889 = ORIENTED_EDGE('',*,*,#14890,.F.);
#14890 = EDGE_CURVE('',#14867,#14891,#14893,.T.);
#14891 = VERTEX_POINT('',#14892);
#14892 = CARTESIAN_POINT('',(-11.3259,-10.2223,2.5));
#14893 = LINE('',#14894,#14895);
#14894 = CARTESIAN_POINT('',(-11.6955,-9.53073,2.5));
#14895 = VECTOR('',#14896,1.);
#14896 = DIRECTION('',(0.471345289976,-0.881948761333,0.));
#14897 = ORIENTED_EDGE('',*,*,#14876,.T.);
#14898 = ORIENTED_EDGE('',*,*,#3115,.F.);
#14899 = ORIENTED_EDGE('',*,*,#14900,.F.);
#14900 = EDGE_CURVE('',#14891,#3108,#14901,.T.);
#14901 = LINE('',#14902,#14903);
#14902 = CARTESIAN_POINT('',(-11.3259,-10.2223,2.5));
#14903 = VECTOR('',#14904,1.);
#14904 = DIRECTION('',(0.,0.,1.));
#14905 = PLANE('',#14906);
#14906 = AXIS2_PLACEMENT_3D('',#14907,#14908,#14909);
#14907 = CARTESIAN_POINT('',(-11.6955,-9.53073,2.5));
#14908 = DIRECTION('',(0.881948761333,0.471345289976,0.));
#14909 = DIRECTION('',(0.471345289976,-0.881948761333,0.));
#14910 = ADVANCED_FACE('',(#14911),#14929,.T.);
#14911 = FACE_BOUND('',#14912,.T.);
#14912 = EDGE_LOOP('',(#14913,#14921,#14922,#14923));
#14913 = ORIENTED_EDGE('',*,*,#14914,.F.);
#14914 = EDGE_CURVE('',#14891,#14915,#14917,.T.);
#14915 = VERTEX_POINT('',#14916);
#14916 = CARTESIAN_POINT('',(-10.8284,-10.8284,2.5));
#14917 = LINE('',#14918,#14919);
#14918 = CARTESIAN_POINT('',(-11.3259,-10.2223,2.5));
#14919 = VECTOR('',#14920,1.);
#14920 = DIRECTION('',(0.634459263544,-0.772956300772,0.));
#14921 = ORIENTED_EDGE('',*,*,#14900,.T.);
#14922 = ORIENTED_EDGE('',*,*,#3107,.F.);
#14923 = ORIENTED_EDGE('',*,*,#14924,.F.);
#14924 = EDGE_CURVE('',#14915,#3100,#14925,.T.);
#14925 = LINE('',#14926,#14927);
#14926 = CARTESIAN_POINT('',(-10.8284,-10.8284,2.5));
#14927 = VECTOR('',#14928,1.);
#14928 = DIRECTION('',(0.,0.,1.));
#14929 = PLANE('',#14930);
#14930 = AXIS2_PLACEMENT_3D('',#14931,#14932,#14933);
#14931 = CARTESIAN_POINT('',(-11.3259,-10.2223,2.5));
#14932 = DIRECTION('',(0.772956300772,0.634459263544,0.));
#14933 = DIRECTION('',(0.634459263544,-0.772956300772,0.));
#14934 = ADVANCED_FACE('',(#14935),#14953,.T.);
#14935 = FACE_BOUND('',#14936,.T.);
#14936 = EDGE_LOOP('',(#14937,#14945,#14946,#14947));
#14937 = ORIENTED_EDGE('',*,*,#14938,.F.);
#14938 = EDGE_CURVE('',#14915,#14939,#14941,.T.);
#14939 = VERTEX_POINT('',#14940);
#14940 = CARTESIAN_POINT('',(-10.2223,-11.3259,2.5));
#14941 = LINE('',#14942,#14943);
#14942 = CARTESIAN_POINT('',(-10.8284,-10.8284,2.5));
#14943 = VECTOR('',#14944,1.);
#14944 = DIRECTION('',(0.772956300772,-0.634459263544,0.));
#14945 = ORIENTED_EDGE('',*,*,#14924,.T.);
#14946 = ORIENTED_EDGE('',*,*,#3099,.F.);
#14947 = ORIENTED_EDGE('',*,*,#14948,.F.);
#14948 = EDGE_CURVE('',#14939,#3092,#14949,.T.);
#14949 = LINE('',#14950,#14951);
#14950 = CARTESIAN_POINT('',(-10.2223,-11.3259,2.5));
#14951 = VECTOR('',#14952,1.);
#14952 = DIRECTION('',(0.,0.,1.));
#14953 = PLANE('',#14954);
#14954 = AXIS2_PLACEMENT_3D('',#14955,#14956,#14957);
#14955 = CARTESIAN_POINT('',(-10.8284,-10.8284,2.5));
#14956 = DIRECTION('',(0.634459263544,0.772956300772,0.));
#14957 = DIRECTION('',(0.772956300772,-0.634459263544,0.));
#14958 = ADVANCED_FACE('',(#14959),#14977,.T.);
#14959 = FACE_BOUND('',#14960,.T.);
#14960 = EDGE_LOOP('',(#14961,#14969,#14970,#14971));
#14961 = ORIENTED_EDGE('',*,*,#14962,.F.);
#14962 = EDGE_CURVE('',#14939,#14963,#14965,.T.);
#14963 = VERTEX_POINT('',#14964);
#14964 = CARTESIAN_POINT('',(-9.53073,-11.6955,2.5));
#14965 = LINE('',#14966,#14967);
#14966 = CARTESIAN_POINT('',(-10.2223,-11.3259,2.5));
#14967 = VECTOR('',#14968,1.);
#14968 = DIRECTION('',(0.881948761333,-0.471345289976,0.));
#14969 = ORIENTED_EDGE('',*,*,#14948,.T.);
#14970 = ORIENTED_EDGE('',*,*,#3091,.F.);
#14971 = ORIENTED_EDGE('',*,*,#14972,.F.);
#14972 = EDGE_CURVE('',#14963,#3084,#14973,.T.);
#14973 = LINE('',#14974,#14975);
#14974 = CARTESIAN_POINT('',(-9.53073,-11.6955,2.5));
#14975 = VECTOR('',#14976,1.);
#14976 = DIRECTION('',(0.,0.,1.));
#14977 = PLANE('',#14978);
#14978 = AXIS2_PLACEMENT_3D('',#14979,#14980,#14981);
#14979 = CARTESIAN_POINT('',(-10.2223,-11.3259,2.5));
#14980 = DIRECTION('',(0.471345289976,0.881948761333,0.));
#14981 = DIRECTION('',(0.881948761333,-0.471345289976,0.));
#14982 = ADVANCED_FACE('',(#14983),#15001,.T.);
#14983 = FACE_BOUND('',#14984,.T.);
#14984 = EDGE_LOOP('',(#14985,#14993,#14994,#14995));
#14985 = ORIENTED_EDGE('',*,*,#14986,.F.);
#14986 = EDGE_CURVE('',#14963,#14987,#14989,.T.);
#14987 = VERTEX_POINT('',#14988);
#14988 = CARTESIAN_POINT('',(-8.78036,-11.9231,2.5));
#14989 = LINE('',#14990,#14991);
#14990 = CARTESIAN_POINT('',(-9.53073,-11.6955,2.5));
#14991 = VECTOR('',#14992,1.);
#14992 = DIRECTION('',(0.956948218008,-0.290258691604,0.));
#14993 = ORIENTED_EDGE('',*,*,#14972,.T.);
#14994 = ORIENTED_EDGE('',*,*,#3083,.F.);
#14995 = ORIENTED_EDGE('',*,*,#14996,.F.);
#14996 = EDGE_CURVE('',#14987,#3076,#14997,.T.);
#14997 = LINE('',#14998,#14999);
#14998 = CARTESIAN_POINT('',(-8.78036,-11.9231,2.5));
#14999 = VECTOR('',#15000,1.);
#15000 = DIRECTION('',(0.,0.,1.));
#15001 = PLANE('',#15002);
#15002 = AXIS2_PLACEMENT_3D('',#15003,#15004,#15005);
#15003 = CARTESIAN_POINT('',(-9.53073,-11.6955,2.5));
#15004 = DIRECTION('',(0.290258691604,0.956948218008,0.));
#15005 = DIRECTION('',(0.956948218008,-0.290258691604,0.));
#15006 = ADVANCED_FACE('',(#15007),#15025,.T.);
#15007 = FACE_BOUND('',#15008,.T.);
#15008 = EDGE_LOOP('',(#15009,#15017,#15018,#15019));
#15009 = ORIENTED_EDGE('',*,*,#15010,.F.);
#15010 = EDGE_CURVE('',#14987,#15011,#15013,.T.);
#15011 = VERTEX_POINT('',#15012);
#15012 = CARTESIAN_POINT('',(-8.,-12.,2.5));
#15013 = LINE('',#15014,#15015);
#15014 = CARTESIAN_POINT('',(-8.78036,-11.9231,2.5));
#15015 = VECTOR('',#15016,1.);
#15016 = DIRECTION('',(0.995179594095,-9.806923828219E-02,0.));
#15017 = ORIENTED_EDGE('',*,*,#14996,.T.);
#15018 = ORIENTED_EDGE('',*,*,#3075,.F.);
#15019 = ORIENTED_EDGE('',*,*,#15020,.F.);
#15020 = EDGE_CURVE('',#15011,#3068,#15021,.T.);
#15021 = LINE('',#15022,#15023);
#15022 = CARTESIAN_POINT('',(-8.,-12.,2.5));
#15023 = VECTOR('',#15024,1.);
#15024 = DIRECTION('',(0.,0.,1.));
#15025 = PLANE('',#15026);
#15026 = AXIS2_PLACEMENT_3D('',#15027,#15028,#15029);
#15027 = CARTESIAN_POINT('',(-8.78036,-11.9231,2.5));
#15028 = DIRECTION('',(9.806923828219E-02,0.995179594095,0.));
#15029 = DIRECTION('',(0.995179594095,-9.806923828219E-02,0.));
#15030 = ADVANCED_FACE('',(#15031),#15081,.T.);
#15031 = FACE_BOUND('',#15032,.T.);
#15032 = EDGE_LOOP('',(#15033,#15041,#15042,#15043,#15051,#15059,#15067,
    #15075));
#15033 = ORIENTED_EDGE('',*,*,#15034,.F.);
#15034 = EDGE_CURVE('',#15011,#15035,#15037,.T.);
#15035 = VERTEX_POINT('',#15036);
#15036 = CARTESIAN_POINT('',(-2.95803989155,-12.,2.5));
#15037 = LINE('',#15038,#15039);
#15038 = CARTESIAN_POINT('',(-8.,-12.,2.5));
#15039 = VECTOR('',#15040,1.);
#15040 = DIRECTION('',(1.,0.,0.));
#15041 = ORIENTED_EDGE('',*,*,#15020,.T.);
#15042 = ORIENTED_EDGE('',*,*,#3067,.F.);
#15043 = ORIENTED_EDGE('',*,*,#15044,.F.);
#15044 = EDGE_CURVE('',#15045,#3060,#15047,.T.);
#15045 = VERTEX_POINT('',#15046);
#15046 = CARTESIAN_POINT('',(-1.14651,-12.,8.4));
#15047 = LINE('',#15048,#15049);
#15048 = CARTESIAN_POINT('',(-1.14651,-12.,2.5));
#15049 = VECTOR('',#15050,1.);
#15050 = DIRECTION('',(0.,0.,1.));
#15051 = ORIENTED_EDGE('',*,*,#15052,.F.);
#15052 = EDGE_CURVE('',#15053,#15045,#15055,.T.);
#15053 = VERTEX_POINT('',#15054);
#15054 = CARTESIAN_POINT('',(-1.572418519352,-12.,8.4));
#15055 = LINE('',#15056,#15057);
#15056 = CARTESIAN_POINT('',(-4.,-12.,8.4));
#15057 = VECTOR('',#15058,1.);
#15058 = DIRECTION('',(1.,0.,0.));
#15059 = ORIENTED_EDGE('',*,*,#15060,.T.);
#15060 = EDGE_CURVE('',#15053,#15061,#15063,.T.);
#15061 = VERTEX_POINT('',#15062);
#15062 = CARTESIAN_POINT('',(-1.572418519352,-12.,7.4));
#15063 = LINE('',#15064,#15065);
#15064 = CARTESIAN_POINT('',(-1.572418519352,-12.,2.4));
#15065 = VECTOR('',#15066,1.);
#15066 = DIRECTION('',(-0.,-0.,-1.));
#15067 = ORIENTED_EDGE('',*,*,#15068,.F.);
#15068 = EDGE_CURVE('',#15069,#15061,#15071,.T.);
#15069 = VERTEX_POINT('',#15070);
#15070 = CARTESIAN_POINT('',(-2.95803989155,-12.,7.4));
#15071 = LINE('',#15072,#15073);
#15072 = CARTESIAN_POINT('',(-4.,-12.,7.4));
#15073 = VECTOR('',#15074,1.);
#15074 = DIRECTION('',(1.,0.,0.));
#15075 = ORIENTED_EDGE('',*,*,#15076,.T.);
#15076 = EDGE_CURVE('',#15069,#15035,#15077,.T.);
#15077 = LINE('',#15078,#15079);
#15078 = CARTESIAN_POINT('',(-2.95803989155,-12.,0.));
#15079 = VECTOR('',#15080,1.);
#15080 = DIRECTION('',(-0.,-0.,-1.));
#15081 = PLANE('',#15082);
#15082 = AXIS2_PLACEMENT_3D('',#15083,#15084,#15085);
#15083 = CARTESIAN_POINT('',(-8.,-12.,2.5));
#15084 = DIRECTION('',(0.,1.,0.));
#15085 = DIRECTION('',(1.,0.,0.));
#15086 = ADVANCED_FACE('',(#15087),#15105,.T.);
#15087 = FACE_BOUND('',#15088,.T.);
#15088 = EDGE_LOOP('',(#15089,#15097,#15098,#15099));
#15089 = ORIENTED_EDGE('',*,*,#15090,.F.);
#15090 = EDGE_CURVE('',#15045,#15091,#15093,.T.);
#15091 = VERTEX_POINT('',#15092);
#15092 = CARTESIAN_POINT('',(0.606947,-12.1727,8.4));
#15093 = LINE('',#15094,#15095);
#15094 = CARTESIAN_POINT('',(-0.60314866843,-12.05351628352,8.4));
#15095 = VECTOR('',#15096,1.);
#15096 = DIRECTION('',(0.995184751068,-9.80168926352E-02,0.));
#15097 = ORIENTED_EDGE('',*,*,#15044,.T.);
#15098 = ORIENTED_EDGE('',*,*,#3059,.F.);
#15099 = ORIENTED_EDGE('',*,*,#15100,.F.);
#15100 = EDGE_CURVE('',#15091,#3052,#15101,.T.);
#15101 = LINE('',#15102,#15103);
#15102 = CARTESIAN_POINT('',(0.606947,-12.1727,2.5));
#15103 = VECTOR('',#15104,1.);
#15104 = DIRECTION('',(0.,0.,1.));
#15105 = PLANE('',#15106);
#15106 = AXIS2_PLACEMENT_3D('',#15107,#15108,#15109);
#15107 = CARTESIAN_POINT('',(-1.14651,-12.,2.5));
#15108 = DIRECTION('',(9.80168926352E-02,0.995184751068,0.));
#15109 = DIRECTION('',(0.995184751068,-9.80168926352E-02,0.));
#15110 = ADVANCED_FACE('',(#15111),#15145,.T.);
#15111 = FACE_BOUND('',#15112,.T.);
#15112 = EDGE_LOOP('',(#15113,#15123,#15131,#15137,#15138,#15139));
#15113 = ORIENTED_EDGE('',*,*,#15114,.F.);
#15114 = EDGE_CURVE('',#15115,#15117,#15119,.T.);
#15115 = VERTEX_POINT('',#15116);
#15116 = CARTESIAN_POINT('',(1.378526338491,-12.40673322101,7.4));
#15117 = VERTEX_POINT('',#15118);
#15118 = CARTESIAN_POINT('',(2.10406,-12.6268,7.4));
#15119 = LINE('',#15120,#15121);
#15120 = CARTESIAN_POINT('',(0.235615736721,-12.06006887151,7.4));
#15121 = VECTOR('',#15122,1.);
#15122 = DIRECTION('',(0.956948194773,-0.290258768207,0.));
#15123 = ORIENTED_EDGE('',*,*,#15124,.F.);
#15124 = EDGE_CURVE('',#15125,#15115,#15127,.T.);
#15125 = VERTEX_POINT('',#15126);
#15126 = CARTESIAN_POINT('',(1.378526338491,-12.40673322101,8.4));
#15127 = LINE('',#15128,#15129);
#15128 = CARTESIAN_POINT('',(1.378526338491,-12.40673322101,2.4));
#15129 = VECTOR('',#15130,1.);
#15130 = DIRECTION('',(-0.,-0.,-1.));
#15131 = ORIENTED_EDGE('',*,*,#15132,.F.);
#15132 = EDGE_CURVE('',#15091,#15125,#15133,.T.);
#15133 = LINE('',#15134,#15135);
#15134 = CARTESIAN_POINT('',(0.235615736721,-12.06006887151,8.4));
#15135 = VECTOR('',#15136,1.);
#15136 = DIRECTION('',(0.956948194773,-0.290258768207,0.));
#15137 = ORIENTED_EDGE('',*,*,#15100,.T.);
#15138 = ORIENTED_EDGE('',*,*,#3051,.F.);
#15139 = ORIENTED_EDGE('',*,*,#15140,.F.);
#15140 = EDGE_CURVE('',#15117,#3044,#15141,.T.);
#15141 = LINE('',#15142,#15143);
#15142 = CARTESIAN_POINT('',(2.10406,-12.6268,2.5));
#15143 = VECTOR('',#15144,1.);
#15144 = DIRECTION('',(0.,0.,1.));
#15145 = PLANE('',#15146);
#15146 = AXIS2_PLACEMENT_3D('',#15147,#15148,#15149);
#15147 = CARTESIAN_POINT('',(0.606947,-12.1727,2.5));
#15148 = DIRECTION('',(0.290258768207,0.956948194773,0.));
#15149 = DIRECTION('',(0.956948194773,-0.290258768207,0.));
#15150 = ADVANCED_FACE('',(#15151),#15185,.T.);
#15151 = FACE_BOUND('',#15152,.T.);
#15152 = EDGE_LOOP('',(#15153,#15163,#15171,#15177,#15178,#15179));
#15153 = ORIENTED_EDGE('',*,*,#15154,.F.);
#15154 = EDGE_CURVE('',#15155,#15157,#15159,.T.);
#15155 = VERTEX_POINT('',#15156);
#15156 = CARTESIAN_POINT('',(2.644865381966,-12.91586973669,2.5));
#15157 = VERTEX_POINT('',#15158);
#15158 = CARTESIAN_POINT('',(3.48381,-13.3643,2.5));
#15159 = LINE('',#15160,#15161);
#15160 = CARTESIAN_POINT('',(2.10406,-12.6268,2.5));
#15161 = VECTOR('',#15162,1.);
#15162 = DIRECTION('',(0.881919069342,-0.47140084337,0.));
#15163 = ORIENTED_EDGE('',*,*,#15164,.F.);
#15164 = EDGE_CURVE('',#15165,#15155,#15167,.T.);
#15165 = VERTEX_POINT('',#15166);
#15166 = CARTESIAN_POINT('',(2.644865381966,-12.91586973669,7.4));
#15167 = LINE('',#15168,#15169);
#15168 = CARTESIAN_POINT('',(2.644865381966,-12.91586973669,0.));
#15169 = VECTOR('',#15170,1.);
#15170 = DIRECTION('',(-0.,-0.,-1.));
#15171 = ORIENTED_EDGE('',*,*,#15172,.F.);
#15172 = EDGE_CURVE('',#15117,#15165,#15173,.T.);
#15173 = LINE('',#15174,#15175);
#15174 = CARTESIAN_POINT('',(1.051584349703,-12.06423374372,7.4));
#15175 = VECTOR('',#15176,1.);
#15176 = DIRECTION('',(0.881919069342,-0.47140084337,0.));
#15177 = ORIENTED_EDGE('',*,*,#15140,.T.);
#15178 = ORIENTED_EDGE('',*,*,#3043,.F.);
#15179 = ORIENTED_EDGE('',*,*,#15180,.F.);
#15180 = EDGE_CURVE('',#15157,#3036,#15181,.T.);
#15181 = LINE('',#15182,#15183);
#15182 = CARTESIAN_POINT('',(3.48381,-13.3643,2.5));
#15183 = VECTOR('',#15184,1.);
#15184 = DIRECTION('',(0.,0.,1.));
#15185 = PLANE('',#15186);
#15186 = AXIS2_PLACEMENT_3D('',#15187,#15188,#15189);
#15187 = CARTESIAN_POINT('',(2.10406,-12.6268,2.5));
#15188 = DIRECTION('',(0.47140084337,0.881919069342,0.));
#15189 = DIRECTION('',(0.881919069342,-0.47140084337,0.));
#15190 = ADVANCED_FACE('',(#15191),#15209,.T.);
#15191 = FACE_BOUND('',#15192,.T.);
#15192 = EDGE_LOOP('',(#15193,#15201,#15202,#15203));
#15193 = ORIENTED_EDGE('',*,*,#15194,.F.);
#15194 = EDGE_CURVE('',#15157,#15195,#15197,.T.);
#15195 = VERTEX_POINT('',#15196);
#15196 = CARTESIAN_POINT('',(4.69317,-14.3568,2.5));
#15197 = LINE('',#15198,#15199);
#15198 = CARTESIAN_POINT('',(3.48381,-13.3643,2.5));
#15199 = VECTOR('',#15200,1.);
#15200 = DIRECTION('',(0.773009231669,-0.634394772799,0.));
#15201 = ORIENTED_EDGE('',*,*,#15180,.T.);
#15202 = ORIENTED_EDGE('',*,*,#3035,.F.);
#15203 = ORIENTED_EDGE('',*,*,#15204,.F.);
#15204 = EDGE_CURVE('',#15195,#3028,#15205,.T.);
#15205 = LINE('',#15206,#15207);
#15206 = CARTESIAN_POINT('',(4.69317,-14.3568,2.5));
#15207 = VECTOR('',#15208,1.);
#15208 = DIRECTION('',(0.,0.,1.));
#15209 = PLANE('',#15210);
#15210 = AXIS2_PLACEMENT_3D('',#15211,#15212,#15213);
#15211 = CARTESIAN_POINT('',(3.48381,-13.3643,2.5));
#15212 = DIRECTION('',(0.634394772799,0.773009231669,0.));
#15213 = DIRECTION('',(0.773009231669,-0.634394772799,0.));
#15214 = ADVANCED_FACE('',(#15215),#15233,.T.);
#15215 = FACE_BOUND('',#15216,.T.);
#15216 = EDGE_LOOP('',(#15217,#15225,#15226,#15227));
#15217 = ORIENTED_EDGE('',*,*,#15218,.F.);
#15218 = EDGE_CURVE('',#15195,#15219,#15221,.T.);
#15219 = VERTEX_POINT('',#15220);
#15220 = CARTESIAN_POINT('',(5.68566,-15.5662,2.5));
#15221 = LINE('',#15222,#15223);
#15222 = CARTESIAN_POINT('',(4.69317,-14.3568,2.5));
#15223 = VECTOR('',#15224,1.);
#15224 = DIRECTION('',(0.634378415338,-0.773022655653,0.));
#15225 = ORIENTED_EDGE('',*,*,#15204,.T.);
#15226 = ORIENTED_EDGE('',*,*,#3027,.F.);
#15227 = ORIENTED_EDGE('',*,*,#15228,.F.);
#15228 = EDGE_CURVE('',#15219,#3020,#15229,.T.);
#15229 = LINE('',#15230,#15231);
#15230 = CARTESIAN_POINT('',(5.68566,-15.5662,2.5));
#15231 = VECTOR('',#15232,1.);
#15232 = DIRECTION('',(0.,0.,1.));
#15233 = PLANE('',#15234);
#15234 = AXIS2_PLACEMENT_3D('',#15235,#15236,#15237);
#15235 = CARTESIAN_POINT('',(4.69317,-14.3568,2.5));
#15236 = DIRECTION('',(0.773022655653,0.634378415338,0.));
#15237 = DIRECTION('',(0.634378415338,-0.773022655653,0.));
#15238 = ADVANCED_FACE('',(#15239),#15257,.T.);
#15239 = FACE_BOUND('',#15240,.T.);
#15240 = EDGE_LOOP('',(#15241,#15249,#15250,#15251));
#15241 = ORIENTED_EDGE('',*,*,#15242,.F.);
#15242 = EDGE_CURVE('',#15219,#15243,#15245,.T.);
#15243 = VERTEX_POINT('',#15244);
#15244 = CARTESIAN_POINT('',(6.42316,-16.9459,2.5));
#15245 = LINE('',#15246,#15247);
#15246 = CARTESIAN_POINT('',(5.68566,-15.5662,2.5));
#15247 = VECTOR('',#15248,1.);
#15248 = DIRECTION('',(0.4714141304,-0.881911967069,0.));
#15249 = ORIENTED_EDGE('',*,*,#15228,.T.);
#15250 = ORIENTED_EDGE('',*,*,#3019,.F.);
#15251 = ORIENTED_EDGE('',*,*,#15252,.F.);
#15252 = EDGE_CURVE('',#15243,#3012,#15253,.T.);
#15253 = LINE('',#15254,#15255);
#15254 = CARTESIAN_POINT('',(6.42316,-16.9459,2.5));
#15255 = VECTOR('',#15256,1.);
#15256 = DIRECTION('',(0.,0.,1.));
#15257 = PLANE('',#15258);
#15258 = AXIS2_PLACEMENT_3D('',#15259,#15260,#15261);
#15259 = CARTESIAN_POINT('',(5.68566,-15.5662,2.5));
#15260 = DIRECTION('',(0.881911967069,0.4714141304,0.));
#15261 = DIRECTION('',(0.4714141304,-0.881911967069,0.));
#15262 = ADVANCED_FACE('',(#15263),#15281,.T.);
#15263 = FACE_BOUND('',#15264,.T.);
#15264 = EDGE_LOOP('',(#15265,#15273,#15274,#15275));
#15265 = ORIENTED_EDGE('',*,*,#15266,.F.);
#15266 = EDGE_CURVE('',#15243,#15267,#15269,.T.);
#15267 = VERTEX_POINT('',#15268);
#15268 = CARTESIAN_POINT('',(6.80695,-18.2111,2.5));
#15269 = LINE('',#15270,#15271);
#15270 = CARTESIAN_POINT('',(6.42316,-16.9459,2.5));
#15271 = VECTOR('',#15272,1.);
#15272 = DIRECTION('',(0.290281751552,-0.95694122323,0.));
#15273 = ORIENTED_EDGE('',*,*,#15252,.T.);
#15274 = ORIENTED_EDGE('',*,*,#3011,.F.);
#15275 = ORIENTED_EDGE('',*,*,#15276,.F.);
#15276 = EDGE_CURVE('',#15267,#3004,#15277,.T.);
#15277 = LINE('',#15278,#15279);
#15278 = CARTESIAN_POINT('',(6.80695,-18.2111,2.5));
#15279 = VECTOR('',#15280,1.);
#15280 = DIRECTION('',(0.,0.,1.));
#15281 = PLANE('',#15282);
#15282 = AXIS2_PLACEMENT_3D('',#15283,#15284,#15285);
#15283 = CARTESIAN_POINT('',(6.42316,-16.9459,2.5));
#15284 = DIRECTION('',(0.95694122323,0.290281751552,0.));
#15285 = DIRECTION('',(0.290281751552,-0.95694122323,0.));
#15286 = ADVANCED_FACE('',(#15287),#15305,.T.);
#15287 = FACE_BOUND('',#15288,.T.);
#15288 = EDGE_LOOP('',(#15289,#15297,#15298,#15299));
#15289 = ORIENTED_EDGE('',*,*,#15290,.F.);
#15290 = EDGE_CURVE('',#15267,#15291,#15293,.T.);
#15291 = VERTEX_POINT('',#15292);
#15292 = CARTESIAN_POINT('',(7.10703,-18.9356,2.5));
#15293 = LINE('',#15294,#15295);
#15294 = CARTESIAN_POINT('',(6.80695,-18.2111,2.5));
#15295 = VECTOR('',#15296,1.);
#15296 = DIRECTION('',(0.382664138353,-0.923887524117,0.));
#15297 = ORIENTED_EDGE('',*,*,#15276,.T.);
#15298 = ORIENTED_EDGE('',*,*,#3003,.F.);
#15299 = ORIENTED_EDGE('',*,*,#15300,.F.);
#15300 = EDGE_CURVE('',#15291,#2996,#15301,.T.);
#15301 = LINE('',#15302,#15303);
#15302 = CARTESIAN_POINT('',(7.10703,-18.9356,2.5));
#15303 = VECTOR('',#15304,1.);
#15304 = DIRECTION('',(0.,0.,1.));
#15305 = PLANE('',#15306);
#15306 = AXIS2_PLACEMENT_3D('',#15307,#15308,#15309);
#15307 = CARTESIAN_POINT('',(6.80695,-18.2111,2.5));
#15308 = DIRECTION('',(0.923887524117,0.382664138353,0.));
#15309 = DIRECTION('',(0.382664138353,-0.923887524117,0.));
#15310 = ADVANCED_FACE('',(#15311),#15329,.T.);
#15311 = FACE_BOUND('',#15312,.T.);
#15312 = EDGE_LOOP('',(#15313,#15321,#15322,#15323));
#15313 = ORIENTED_EDGE('',*,*,#15314,.F.);
#15314 = EDGE_CURVE('',#15291,#15315,#15317,.T.);
#15315 = VERTEX_POINT('',#15316);
#15316 = CARTESIAN_POINT('',(7.54267,-19.5876,2.5));
#15317 = LINE('',#15318,#15319);
#15318 = CARTESIAN_POINT('',(7.10703,-18.9356,2.5));
#15319 = VECTOR('',#15320,1.);
#15320 = DIRECTION('',(0.555559237121,-0.831476959422,0.));
#15321 = ORIENTED_EDGE('',*,*,#15300,.T.);
#15322 = ORIENTED_EDGE('',*,*,#2995,.F.);
#15323 = ORIENTED_EDGE('',*,*,#15324,.F.);
#15324 = EDGE_CURVE('',#15315,#2988,#15325,.T.);
#15325 = LINE('',#15326,#15327);
#15326 = CARTESIAN_POINT('',(7.54267,-19.5876,2.5));
#15327 = VECTOR('',#15328,1.);
#15328 = DIRECTION('',(0.,0.,1.));
#15329 = PLANE('',#15330);
#15330 = AXIS2_PLACEMENT_3D('',#15331,#15332,#15333);
#15331 = CARTESIAN_POINT('',(7.10703,-18.9356,2.5));
#15332 = DIRECTION('',(0.831476959422,0.555559237121,0.));
#15333 = DIRECTION('',(0.555559237121,-0.831476959422,0.));
#15334 = ADVANCED_FACE('',(#15335),#15353,.T.);
#15335 = FACE_BOUND('',#15336,.T.);
#15336 = EDGE_LOOP('',(#15337,#15345,#15346,#15347));
#15337 = ORIENTED_EDGE('',*,*,#15338,.F.);
#15338 = EDGE_CURVE('',#15315,#15339,#15341,.T.);
#15339 = VERTEX_POINT('',#15340);
#15340 = CARTESIAN_POINT('',(8.09714,-20.142,2.5));
#15341 = LINE('',#15342,#15343);
#15342 = CARTESIAN_POINT('',(7.54267,-19.5876,2.5));
#15343 = VECTOR('',#15344,1.);
#15344 = DIRECTION('',(0.707151417539,-0.707062142016,0.));
#15345 = ORIENTED_EDGE('',*,*,#15324,.T.);
#15346 = ORIENTED_EDGE('',*,*,#2987,.F.);
#15347 = ORIENTED_EDGE('',*,*,#15348,.F.);
#15348 = EDGE_CURVE('',#15339,#2980,#15349,.T.);
#15349 = LINE('',#15350,#15351);
#15350 = CARTESIAN_POINT('',(8.09714,-20.142,2.5));
#15351 = VECTOR('',#15352,1.);
#15352 = DIRECTION('',(0.,0.,1.));
#15353 = PLANE('',#15354);
#15354 = AXIS2_PLACEMENT_3D('',#15355,#15356,#15357);
#15355 = CARTESIAN_POINT('',(7.54267,-19.5876,2.5));
#15356 = DIRECTION('',(0.707062142016,0.707151417539,0.));
#15357 = DIRECTION('',(0.707151417539,-0.707062142016,0.));
#15358 = ADVANCED_FACE('',(#15359),#15377,.T.);
#15359 = FACE_BOUND('',#15360,.T.);
#15360 = EDGE_LOOP('',(#15361,#15369,#15370,#15371));
#15361 = ORIENTED_EDGE('',*,*,#15362,.F.);
#15362 = EDGE_CURVE('',#15339,#15363,#15365,.T.);
#15363 = VERTEX_POINT('',#15364);
#15364 = CARTESIAN_POINT('',(8.74912,-20.5777,2.5));
#15365 = LINE('',#15366,#15367);
#15366 = CARTESIAN_POINT('',(8.09714,-20.142,2.5));
#15367 = VECTOR('',#15368,1.);
#15368 = DIRECTION('',(0.83143374015,-0.555623915739,0.));
#15369 = ORIENTED_EDGE('',*,*,#15348,.T.);
#15370 = ORIENTED_EDGE('',*,*,#2979,.F.);
#15371 = ORIENTED_EDGE('',*,*,#15372,.F.);
#15372 = EDGE_CURVE('',#15363,#2972,#15373,.T.);
#15373 = LINE('',#15374,#15375);
#15374 = CARTESIAN_POINT('',(8.74912,-20.5777,2.5));
#15375 = VECTOR('',#15376,1.);
#15376 = DIRECTION('',(0.,0.,1.));
#15377 = PLANE('',#15378);
#15378 = AXIS2_PLACEMENT_3D('',#15379,#15380,#15381);
#15379 = CARTESIAN_POINT('',(8.09714,-20.142,2.5));
#15380 = DIRECTION('',(0.555623915739,0.83143374015,0.));
#15381 = DIRECTION('',(0.83143374015,-0.555623915739,0.));
#15382 = ADVANCED_FACE('',(#15383),#15401,.T.);
#15383 = FACE_BOUND('',#15384,.T.);
#15384 = EDGE_LOOP('',(#15385,#15393,#15394,#15395));
#15385 = ORIENTED_EDGE('',*,*,#15386,.F.);
#15386 = EDGE_CURVE('',#15363,#15387,#15389,.T.);
#15387 = VERTEX_POINT('',#15388);
#15388 = CARTESIAN_POINT('',(9.47357,-20.8778,2.5));
#15389 = LINE('',#15390,#15391);
#15390 = CARTESIAN_POINT('',(8.74912,-20.5777,2.5));
#15391 = VECTOR('',#15392,1.);
#15392 = DIRECTION('',(0.923869168907,-0.382708451362,0.));
#15393 = ORIENTED_EDGE('',*,*,#15372,.T.);
#15394 = ORIENTED_EDGE('',*,*,#2971,.F.);
#15395 = ORIENTED_EDGE('',*,*,#15396,.F.);
#15396 = EDGE_CURVE('',#15387,#2964,#15397,.T.);
#15397 = LINE('',#15398,#15399);
#15398 = CARTESIAN_POINT('',(9.47357,-20.8778,2.5));
#15399 = VECTOR('',#15400,1.);
#15400 = DIRECTION('',(0.,0.,1.));
#15401 = PLANE('',#15402);
#15402 = AXIS2_PLACEMENT_3D('',#15403,#15404,#15405);
#15403 = CARTESIAN_POINT('',(8.74912,-20.5777,2.5));
#15404 = DIRECTION('',(0.382708451362,0.923869168907,0.));
#15405 = DIRECTION('',(0.923869168907,-0.382708451362,0.));
#15406 = ADVANCED_FACE('',(#15407),#15425,.T.);
#15407 = FACE_BOUND('',#15408,.T.);
#15408 = EDGE_LOOP('',(#15409,#15417,#15418,#15419));
#15409 = ORIENTED_EDGE('',*,*,#15410,.F.);
#15410 = EDGE_CURVE('',#15387,#15411,#15413,.T.);
#15411 = VERTEX_POINT('',#15412);
#15412 = CARTESIAN_POINT('',(10.2426,-21.0307,2.5));
#15413 = LINE('',#15414,#15415);
#15414 = CARTESIAN_POINT('',(9.47357,-20.8778,2.5));
#15415 = VECTOR('',#15416,1.);
#15416 = DIRECTION('',(0.980802255961,-0.195004960712,0.));
#15417 = ORIENTED_EDGE('',*,*,#15396,.T.);
#15418 = ORIENTED_EDGE('',*,*,#2963,.F.);
#15419 = ORIENTED_EDGE('',*,*,#15420,.F.);
#15420 = EDGE_CURVE('',#15411,#2956,#15421,.T.);
#15421 = LINE('',#15422,#15423);
#15422 = CARTESIAN_POINT('',(10.2426,-21.0307,2.5));
#15423 = VECTOR('',#15424,1.);
#15424 = DIRECTION('',(0.,0.,1.));
#15425 = PLANE('',#15426);
#15426 = AXIS2_PLACEMENT_3D('',#15427,#15428,#15429);
#15427 = CARTESIAN_POINT('',(9.47357,-20.8778,2.5));
#15428 = DIRECTION('',(0.195004960712,0.980802255961,0.));
#15429 = DIRECTION('',(0.980802255961,-0.195004960712,0.));
#15430 = ADVANCED_FACE('',(#15431),#15449,.T.);
#15431 = FACE_BOUND('',#15432,.T.);
#15432 = EDGE_LOOP('',(#15433,#15441,#15442,#15443));
#15433 = ORIENTED_EDGE('',*,*,#15434,.F.);
#15434 = EDGE_CURVE('',#15411,#15435,#15437,.T.);
#15435 = VERTEX_POINT('',#15436);
#15436 = CARTESIAN_POINT('',(10.6347,-21.05,2.5));
#15437 = LINE('',#15438,#15439);
#15438 = CARTESIAN_POINT('',(10.2426,-21.0307,2.5));
#15439 = VECTOR('',#15440,1.);
#15440 = DIRECTION('',(0.998790787438,-4.916261718327E-02,0.));
#15441 = ORIENTED_EDGE('',*,*,#15420,.T.);
#15442 = ORIENTED_EDGE('',*,*,#2955,.F.);
#15443 = ORIENTED_EDGE('',*,*,#15444,.F.);
#15444 = EDGE_CURVE('',#15435,#2948,#15445,.T.);
#15445 = LINE('',#15446,#15447);
#15446 = CARTESIAN_POINT('',(10.6347,-21.05,2.5));
#15447 = VECTOR('',#15448,1.);
#15448 = DIRECTION('',(0.,0.,1.));
#15449 = PLANE('',#15450);
#15450 = AXIS2_PLACEMENT_3D('',#15451,#15452,#15453);
#15451 = CARTESIAN_POINT('',(10.2426,-21.0307,2.5));
#15452 = DIRECTION('',(4.916261718327E-02,0.998790787438,0.));
#15453 = DIRECTION('',(0.998790787438,-4.916261718327E-02,0.));
#15454 = ADVANCED_FACE('',(#15455),#15473,.T.);
#15455 = FACE_BOUND('',#15456,.T.);
#15456 = EDGE_LOOP('',(#15457,#15465,#15466,#15467));
#15457 = ORIENTED_EDGE('',*,*,#15458,.F.);
#15458 = EDGE_CURVE('',#15435,#15459,#15461,.T.);
#15459 = VERTEX_POINT('',#15460);
#15460 = CARTESIAN_POINT('',(28.2778,-21.05,2.5));
#15461 = LINE('',#15462,#15463);
#15462 = CARTESIAN_POINT('',(10.6347,-21.05,2.5));
#15463 = VECTOR('',#15464,1.);
#15464 = DIRECTION('',(1.,0.,0.));
#15465 = ORIENTED_EDGE('',*,*,#15444,.T.);
#15466 = ORIENTED_EDGE('',*,*,#2947,.F.);
#15467 = ORIENTED_EDGE('',*,*,#15468,.F.);
#15468 = EDGE_CURVE('',#15459,#2940,#15469,.T.);
#15469 = LINE('',#15470,#15471);
#15470 = CARTESIAN_POINT('',(28.2778,-21.05,2.5));
#15471 = VECTOR('',#15472,1.);
#15472 = DIRECTION('',(0.,0.,1.));
#15473 = PLANE('',#15474);
#15474 = AXIS2_PLACEMENT_3D('',#15475,#15476,#15477);
#15475 = CARTESIAN_POINT('',(10.6347,-21.05,2.5));
#15476 = DIRECTION('',(0.,1.,0.));
#15477 = DIRECTION('',(1.,0.,0.));
#15478 = ADVANCED_FACE('',(#15479),#15497,.T.);
#15479 = FACE_BOUND('',#15480,.T.);
#15480 = EDGE_LOOP('',(#15481,#15489,#15490,#15491));
#15481 = ORIENTED_EDGE('',*,*,#15482,.F.);
#15482 = EDGE_CURVE('',#15459,#15483,#15485,.T.);
#15483 = VERTEX_POINT('',#15484);
#15484 = CARTESIAN_POINT('',(29.0582,-20.9731,2.5));
#15485 = LINE('',#15486,#15487);
#15486 = CARTESIAN_POINT('',(28.2778,-21.05,2.5));
#15487 = VECTOR('',#15488,1.);
#15488 = DIRECTION('',(0.995180084663,9.80642600084E-02,0.));
#15489 = ORIENTED_EDGE('',*,*,#15468,.T.);
#15490 = ORIENTED_EDGE('',*,*,#2939,.F.);
#15491 = ORIENTED_EDGE('',*,*,#15492,.F.);
#15492 = EDGE_CURVE('',#15483,#2932,#15493,.T.);
#15493 = LINE('',#15494,#15495);
#15494 = CARTESIAN_POINT('',(29.0582,-20.9731,2.5));
#15495 = VECTOR('',#15496,1.);
#15496 = DIRECTION('',(0.,0.,1.));
#15497 = PLANE('',#15498);
#15498 = AXIS2_PLACEMENT_3D('',#15499,#15500,#15501);
#15499 = CARTESIAN_POINT('',(28.2778,-21.05,2.5));
#15500 = DIRECTION('',(-9.80642600084E-02,0.995180084663,0.));
#15501 = DIRECTION('',(0.995180084663,9.80642600084E-02,0.));
#15502 = ADVANCED_FACE('',(#15503),#15521,.T.);
#15503 = FACE_BOUND('',#15504,.T.);
#15504 = EDGE_LOOP('',(#15505,#15513,#15514,#15515));
#15505 = ORIENTED_EDGE('',*,*,#15506,.F.);
#15506 = EDGE_CURVE('',#15483,#15507,#15509,.T.);
#15507 = VERTEX_POINT('',#15508);
#15508 = CARTESIAN_POINT('',(29.8085,-20.7455,2.5));
#15509 = LINE('',#15510,#15511);
#15510 = CARTESIAN_POINT('',(29.0582,-20.9731,2.5));
#15511 = VECTOR('',#15512,1.);
#15512 = DIRECTION('',(0.956940695942,0.290283489799,0.));
#15513 = ORIENTED_EDGE('',*,*,#15492,.T.);
#15514 = ORIENTED_EDGE('',*,*,#2931,.F.);
#15515 = ORIENTED_EDGE('',*,*,#15516,.F.);
#15516 = EDGE_CURVE('',#15507,#2924,#15517,.T.);
#15517 = LINE('',#15518,#15519);
#15518 = CARTESIAN_POINT('',(29.8085,-20.7455,2.5));
#15519 = VECTOR('',#15520,1.);
#15520 = DIRECTION('',(0.,0.,1.));
#15521 = PLANE('',#15522);
#15522 = AXIS2_PLACEMENT_3D('',#15523,#15524,#15525);
#15523 = CARTESIAN_POINT('',(29.0582,-20.9731,2.5));
#15524 = DIRECTION('',(-0.290283489799,0.956940695942,0.));
#15525 = DIRECTION('',(0.956940695942,0.290283489799,0.));
#15526 = ADVANCED_FACE('',(#15527),#15545,.T.);
#15527 = FACE_BOUND('',#15528,.T.);
#15528 = EDGE_LOOP('',(#15529,#15537,#15538,#15539));
#15529 = ORIENTED_EDGE('',*,*,#15530,.F.);
#15530 = EDGE_CURVE('',#15507,#15531,#15533,.T.);
#15531 = VERTEX_POINT('',#15532);
#15532 = CARTESIAN_POINT('',(30.5001,-20.3759,2.5));
#15533 = LINE('',#15534,#15535);
#15534 = CARTESIAN_POINT('',(29.8085,-20.7455,2.5));
#15535 = VECTOR('',#15536,1.);
#15536 = DIRECTION('',(0.881957260666,0.471329386267,0.));
#15537 = ORIENTED_EDGE('',*,*,#15516,.T.);
#15538 = ORIENTED_EDGE('',*,*,#2923,.F.);
#15539 = ORIENTED_EDGE('',*,*,#15540,.F.);
#15540 = EDGE_CURVE('',#15531,#2916,#15541,.T.);
#15541 = LINE('',#15542,#15543);
#15542 = CARTESIAN_POINT('',(30.5001,-20.3759,2.5));
#15543 = VECTOR('',#15544,1.);
#15544 = DIRECTION('',(0.,0.,1.));
#15545 = PLANE('',#15546);
#15546 = AXIS2_PLACEMENT_3D('',#15547,#15548,#15549);
#15547 = CARTESIAN_POINT('',(29.8085,-20.7455,2.5));
#15548 = DIRECTION('',(-0.471329386267,0.881957260666,0.));
#15549 = DIRECTION('',(0.881957260666,0.471329386267,0.));
#15550 = ADVANCED_FACE('',(#15551),#15569,.T.);
#15551 = FACE_BOUND('',#15552,.T.);
#15552 = EDGE_LOOP('',(#15553,#15561,#15562,#15563));
#15553 = ORIENTED_EDGE('',*,*,#15554,.F.);
#15554 = EDGE_CURVE('',#15531,#15555,#15557,.T.);
#15555 = VERTEX_POINT('',#15556);
#15556 = CARTESIAN_POINT('',(31.1062,-19.8784,2.5));
#15557 = LINE('',#15558,#15559);
#15558 = CARTESIAN_POINT('',(30.5001,-20.3759,2.5));
#15559 = VECTOR('',#15560,1.);
#15560 = DIRECTION('',(0.772956300772,0.634459263544,0.));
#15561 = ORIENTED_EDGE('',*,*,#15540,.T.);
#15562 = ORIENTED_EDGE('',*,*,#2915,.F.);
#15563 = ORIENTED_EDGE('',*,*,#15564,.F.);
#15564 = EDGE_CURVE('',#15555,#2908,#15565,.T.);
#15565 = LINE('',#15566,#15567);
#15566 = CARTESIAN_POINT('',(31.1062,-19.8784,2.5));
#15567 = VECTOR('',#15568,1.);
#15568 = DIRECTION('',(0.,0.,1.));
#15569 = PLANE('',#15570);
#15570 = AXIS2_PLACEMENT_3D('',#15571,#15572,#15573);
#15571 = CARTESIAN_POINT('',(30.5001,-20.3759,2.5));
#15572 = DIRECTION('',(-0.634459263544,0.772956300772,0.));
#15573 = DIRECTION('',(0.772956300772,0.634459263544,0.));
#15574 = ADVANCED_FACE('',(#15575),#15593,.T.);
#15575 = FACE_BOUND('',#15576,.T.);
#15576 = EDGE_LOOP('',(#15577,#15585,#15586,#15587));
#15577 = ORIENTED_EDGE('',*,*,#15578,.F.);
#15578 = EDGE_CURVE('',#15555,#15579,#15581,.T.);
#15579 = VERTEX_POINT('',#15580);
#15580 = CARTESIAN_POINT('',(31.6037,-19.2723,2.5));
#15581 = LINE('',#15582,#15583);
#15582 = CARTESIAN_POINT('',(31.1062,-19.8784,2.5));
#15583 = VECTOR('',#15584,1.);
#15584 = DIRECTION('',(0.634459263544,0.772956300772,0.));
#15585 = ORIENTED_EDGE('',*,*,#15564,.T.);
#15586 = ORIENTED_EDGE('',*,*,#2907,.F.);
#15587 = ORIENTED_EDGE('',*,*,#15588,.F.);
#15588 = EDGE_CURVE('',#15579,#2900,#15589,.T.);
#15589 = LINE('',#15590,#15591);
#15590 = CARTESIAN_POINT('',(31.6037,-19.2723,2.5));
#15591 = VECTOR('',#15592,1.);
#15592 = DIRECTION('',(0.,0.,1.));
#15593 = PLANE('',#15594);
#15594 = AXIS2_PLACEMENT_3D('',#15595,#15596,#15597);
#15595 = CARTESIAN_POINT('',(31.1062,-19.8784,2.5));
#15596 = DIRECTION('',(-0.772956300772,0.634459263544,0.));
#15597 = DIRECTION('',(0.634459263544,0.772956300772,0.));
#15598 = ADVANCED_FACE('',(#15599),#15617,.T.);
#15599 = FACE_BOUND('',#15600,.T.);
#15600 = EDGE_LOOP('',(#15601,#15609,#15610,#15611));
#15601 = ORIENTED_EDGE('',*,*,#15602,.F.);
#15602 = EDGE_CURVE('',#15579,#15603,#15605,.T.);
#15603 = VERTEX_POINT('',#15604);
#15604 = CARTESIAN_POINT('',(31.6613,-19.1644,2.5));
#15605 = LINE('',#15606,#15607);
#15606 = CARTESIAN_POINT('',(31.6037,-19.2723,2.5));
#15607 = VECTOR('',#15608,1.);
#15608 = DIRECTION('',(0.470927681203,0.882171819476,0.));
#15609 = ORIENTED_EDGE('',*,*,#15588,.T.);
#15610 = ORIENTED_EDGE('',*,*,#2899,.F.);
#15611 = ORIENTED_EDGE('',*,*,#15612,.F.);
#15612 = EDGE_CURVE('',#15603,#2892,#15613,.T.);
#15613 = LINE('',#15614,#15615);
#15614 = CARTESIAN_POINT('',(31.6613,-19.1644,2.5));
#15615 = VECTOR('',#15616,1.);
#15616 = DIRECTION('',(0.,0.,1.));
#15617 = PLANE('',#15618);
#15618 = AXIS2_PLACEMENT_3D('',#15619,#15620,#15621);
#15619 = CARTESIAN_POINT('',(31.6037,-19.2723,2.5));
#15620 = DIRECTION('',(-0.882171819476,0.470927681203,0.));
#15621 = DIRECTION('',(0.470927681203,0.882171819476,0.));
#15622 = ADVANCED_FACE('',(#15623),#15641,.T.);
#15623 = FACE_BOUND('',#15624,.T.);
#15624 = EDGE_LOOP('',(#15625,#15633,#15634,#15635));
#15625 = ORIENTED_EDGE('',*,*,#15626,.F.);
#15626 = EDGE_CURVE('',#15603,#15627,#15629,.T.);
#15627 = VERTEX_POINT('',#15628);
#15628 = CARTESIAN_POINT('',(32.7152,-17.5871,2.5));
#15629 = LINE('',#15630,#15631);
#15630 = CARTESIAN_POINT('',(31.6613,-19.1644,2.5));
#15631 = VECTOR('',#15632,1.);
#15632 = DIRECTION('',(0.555563612717,0.831474035809,0.));
#15633 = ORIENTED_EDGE('',*,*,#15612,.T.);
#15634 = ORIENTED_EDGE('',*,*,#2891,.F.);
#15635 = ORIENTED_EDGE('',*,*,#15636,.F.);
#15636 = EDGE_CURVE('',#15627,#2884,#15637,.T.);
#15637 = LINE('',#15638,#15639);
#15638 = CARTESIAN_POINT('',(32.7152,-17.5871,2.5));
#15639 = VECTOR('',#15640,1.);
#15640 = DIRECTION('',(0.,0.,1.));
#15641 = PLANE('',#15642);
#15642 = AXIS2_PLACEMENT_3D('',#15643,#15644,#15645);
#15643 = CARTESIAN_POINT('',(31.6613,-19.1644,2.5));
#15644 = DIRECTION('',(-0.831474035809,0.555563612717,0.));
#15645 = DIRECTION('',(0.555563612717,0.831474035809,0.));
#15646 = ADVANCED_FACE('',(#15647),#15665,.T.);
#15647 = FACE_BOUND('',#15648,.T.);
#15648 = EDGE_LOOP('',(#15649,#15657,#15658,#15659));
#15649 = ORIENTED_EDGE('',*,*,#15650,.F.);
#15650 = EDGE_CURVE('',#15627,#15651,#15653,.T.);
#15651 = VERTEX_POINT('',#15652);
#15652 = CARTESIAN_POINT('',(33.8215,-16.4809,2.5));
#15653 = LINE('',#15654,#15655);
#15654 = CARTESIAN_POINT('',(32.7152,-17.5871,2.5));
#15655 = VECTOR('',#15656,1.);
#15656 = DIRECTION('',(0.707138740093,0.707074820836,0.));
#15657 = ORIENTED_EDGE('',*,*,#15636,.T.);
#15658 = ORIENTED_EDGE('',*,*,#2883,.F.);
#15659 = ORIENTED_EDGE('',*,*,#15660,.F.);
#15660 = EDGE_CURVE('',#15651,#2876,#15661,.T.);
#15661 = LINE('',#15662,#15663);
#15662 = CARTESIAN_POINT('',(33.8215,-16.4809,2.5));
#15663 = VECTOR('',#15664,1.);
#15664 = DIRECTION('',(0.,0.,1.));
#15665 = PLANE('',#15666);
#15666 = AXIS2_PLACEMENT_3D('',#15667,#15668,#15669);
#15667 = CARTESIAN_POINT('',(32.7152,-17.5871,2.5));
#15668 = DIRECTION('',(-0.707074820836,0.707138740093,0.));
#15669 = DIRECTION('',(0.707138740093,0.707074820836,0.));
#15670 = ADVANCED_FACE('',(#15671),#15689,.T.);
#15671 = FACE_BOUND('',#15672,.T.);
#15672 = EDGE_LOOP('',(#15673,#15681,#15682,#15683));
#15673 = ORIENTED_EDGE('',*,*,#15674,.F.);
#15674 = EDGE_CURVE('',#15651,#15675,#15677,.T.);
#15675 = VERTEX_POINT('',#15676);
#15676 = CARTESIAN_POINT('',(35.1223,-15.6117,2.5));
#15677 = LINE('',#15678,#15679);
#15678 = CARTESIAN_POINT('',(33.8215,-16.4809,2.5));
#15679 = VECTOR('',#15680,1.);
#15680 = DIRECTION('',(0.831459801075,0.555584916278,0.));
#15681 = ORIENTED_EDGE('',*,*,#15660,.T.);
#15682 = ORIENTED_EDGE('',*,*,#2875,.F.);
#15683 = ORIENTED_EDGE('',*,*,#15684,.F.);
#15684 = EDGE_CURVE('',#15675,#2868,#15685,.T.);
#15685 = LINE('',#15686,#15687);
#15686 = CARTESIAN_POINT('',(35.1223,-15.6117,2.5));
#15687 = VECTOR('',#15688,1.);
#15688 = DIRECTION('',(0.,0.,1.));
#15689 = PLANE('',#15690);
#15690 = AXIS2_PLACEMENT_3D('',#15691,#15692,#15693);
#15691 = CARTESIAN_POINT('',(33.8215,-16.4809,2.5));
#15692 = DIRECTION('',(-0.555584916278,0.831459801075,0.));
#15693 = DIRECTION('',(0.831459801075,0.555584916278,0.));
#15694 = ADVANCED_FACE('',(#15695),#15713,.T.);
#15695 = FACE_BOUND('',#15696,.T.);
#15696 = EDGE_LOOP('',(#15697,#15705,#15706,#15707));
#15697 = ORIENTED_EDGE('',*,*,#15698,.F.);
#15698 = EDGE_CURVE('',#15675,#15699,#15701,.T.);
#15699 = VERTEX_POINT('',#15700);
#15700 = CARTESIAN_POINT('',(36.5677,-15.013,2.5));
#15701 = LINE('',#15702,#15703);
#15702 = CARTESIAN_POINT('',(35.1223,-15.6117,2.5));
#15703 = VECTOR('',#15704,1.);
#15704 = DIRECTION('',(0.923880500421,0.382681095615,0.));
#15705 = ORIENTED_EDGE('',*,*,#15684,.T.);
#15706 = ORIENTED_EDGE('',*,*,#2867,.F.);
#15707 = ORIENTED_EDGE('',*,*,#15708,.F.);
#15708 = EDGE_CURVE('',#15699,#2860,#15709,.T.);
#15709 = LINE('',#15710,#15711);
#15710 = CARTESIAN_POINT('',(36.5677,-15.013,2.5));
#15711 = VECTOR('',#15712,1.);
#15712 = DIRECTION('',(0.,0.,1.));
#15713 = PLANE('',#15714);
#15714 = AXIS2_PLACEMENT_3D('',#15715,#15716,#15717);
#15715 = CARTESIAN_POINT('',(35.1223,-15.6117,2.5));
#15716 = DIRECTION('',(-0.382681095615,0.923880500421,0.));
#15717 = DIRECTION('',(0.923880500421,0.382681095615,0.));
#15718 = ADVANCED_FACE('',(#15719),#15737,.T.);
#15719 = FACE_BOUND('',#15720,.T.);
#15720 = EDGE_LOOP('',(#15721,#15729,#15730,#15731));
#15721 = ORIENTED_EDGE('',*,*,#15722,.F.);
#15722 = EDGE_CURVE('',#15699,#15723,#15725,.T.);
#15723 = VERTEX_POINT('',#15724);
#15724 = CARTESIAN_POINT('',(38.1991,-14.6885,2.5));
#15725 = LINE('',#15726,#15727);
#15726 = CARTESIAN_POINT('',(36.5677,-15.013,2.5));
#15727 = VECTOR('',#15728,1.);
#15728 = DIRECTION('',(0.980785928742,0.19508706257,0.));
#15729 = ORIENTED_EDGE('',*,*,#15708,.T.);
#15730 = ORIENTED_EDGE('',*,*,#2859,.F.);
#15731 = ORIENTED_EDGE('',*,*,#15732,.F.);
#15732 = EDGE_CURVE('',#15723,#2852,#15733,.T.);
#15733 = LINE('',#15734,#15735);
#15734 = CARTESIAN_POINT('',(38.1991,-14.6885,2.5));
#15735 = VECTOR('',#15736,1.);
#15736 = DIRECTION('',(0.,0.,1.));
#15737 = PLANE('',#15738);
#15738 = AXIS2_PLACEMENT_3D('',#15739,#15740,#15741);
#15739 = CARTESIAN_POINT('',(36.5677,-15.013,2.5));
#15740 = DIRECTION('',(-0.19508706257,0.980785928742,0.));
#15741 = DIRECTION('',(0.980785928742,0.19508706257,0.));
#15742 = ADVANCED_FACE('',(#15743),#15761,.T.);
#15743 = FACE_BOUND('',#15744,.T.);
#15744 = EDGE_LOOP('',(#15745,#15753,#15754,#15755));
#15745 = ORIENTED_EDGE('',*,*,#15746,.F.);
#15746 = EDGE_CURVE('',#15723,#15747,#15749,.T.);
#15747 = VERTEX_POINT('',#15748);
#15748 = CARTESIAN_POINT('',(38.9826,-14.65,2.5));
#15749 = LINE('',#15750,#15751);
#15750 = CARTESIAN_POINT('',(38.1991,-14.6885,2.5));
#15751 = VECTOR('',#15752,1.);
#15752 = DIRECTION('',(0.998794886786,4.907926374126E-02,0.));
#15753 = ORIENTED_EDGE('',*,*,#15732,.T.);
#15754 = ORIENTED_EDGE('',*,*,#2851,.F.);
#15755 = ORIENTED_EDGE('',*,*,#15756,.F.);
#15756 = EDGE_CURVE('',#15747,#2844,#15757,.T.);
#15757 = LINE('',#15758,#15759);
#15758 = CARTESIAN_POINT('',(38.9826,-14.65,2.5));
#15759 = VECTOR('',#15760,1.);
#15760 = DIRECTION('',(0.,0.,1.));
#15761 = PLANE('',#15762);
#15762 = AXIS2_PLACEMENT_3D('',#15763,#15764,#15765);
#15763 = CARTESIAN_POINT('',(38.1991,-14.6885,2.5));
#15764 = DIRECTION('',(-4.907926374126E-02,0.998794886786,0.));
#15765 = DIRECTION('',(0.998794886786,4.907926374126E-02,0.));
#15766 = ADVANCED_FACE('',(#15767),#15785,.T.);
#15767 = FACE_BOUND('',#15768,.T.);
#15768 = EDGE_LOOP('',(#15769,#15777,#15778,#15779));
#15769 = ORIENTED_EDGE('',*,*,#15770,.F.);
#15770 = EDGE_CURVE('',#15747,#15771,#15773,.T.);
#15771 = VERTEX_POINT('',#15772);
#15772 = CARTESIAN_POINT('',(49.7342,-14.65,2.5));
#15773 = LINE('',#15774,#15775);
#15774 = CARTESIAN_POINT('',(38.9826,-14.65,2.5));
#15775 = VECTOR('',#15776,1.);
#15776 = DIRECTION('',(1.,0.,0.));
#15777 = ORIENTED_EDGE('',*,*,#15756,.T.);
#15778 = ORIENTED_EDGE('',*,*,#2843,.F.);
#15779 = ORIENTED_EDGE('',*,*,#15780,.F.);
#15780 = EDGE_CURVE('',#15771,#2836,#15781,.T.);
#15781 = LINE('',#15782,#15783);
#15782 = CARTESIAN_POINT('',(49.7342,-14.65,2.5));
#15783 = VECTOR('',#15784,1.);
#15784 = DIRECTION('',(0.,0.,1.));
#15785 = PLANE('',#15786);
#15786 = AXIS2_PLACEMENT_3D('',#15787,#15788,#15789);
#15787 = CARTESIAN_POINT('',(38.9826,-14.65,2.5));
#15788 = DIRECTION('',(0.,1.,0.));
#15789 = DIRECTION('',(1.,0.,0.));
#15790 = ADVANCED_FACE('',(#15791),#15809,.T.);
#15791 = FACE_BOUND('',#15792,.T.);
#15792 = EDGE_LOOP('',(#15793,#15801,#15802,#15803));
#15793 = ORIENTED_EDGE('',*,*,#15794,.F.);
#15794 = EDGE_CURVE('',#15771,#15795,#15797,.T.);
#15795 = VERTEX_POINT('',#15796);
#15796 = CARTESIAN_POINT('',(51.4877,-14.8227,2.5));
#15797 = LINE('',#15798,#15799);
#15798 = CARTESIAN_POINT('',(49.7342,-14.65,2.5));
#15799 = VECTOR('',#15800,1.);
#15800 = DIRECTION('',(0.995184985525,-9.80145121187E-02,0.));
#15801 = ORIENTED_EDGE('',*,*,#15780,.T.);
#15802 = ORIENTED_EDGE('',*,*,#2835,.F.);
#15803 = ORIENTED_EDGE('',*,*,#15804,.F.);
#15804 = EDGE_CURVE('',#15795,#2828,#15805,.T.);
#15805 = LINE('',#15806,#15807);
#15806 = CARTESIAN_POINT('',(51.4877,-14.8227,2.5));
#15807 = VECTOR('',#15808,1.);
#15808 = DIRECTION('',(0.,0.,1.));
#15809 = PLANE('',#15810);
#15810 = AXIS2_PLACEMENT_3D('',#15811,#15812,#15813);
#15811 = CARTESIAN_POINT('',(49.7342,-14.65,2.5));
#15812 = DIRECTION('',(9.80145121187E-02,0.995184985525,0.));
#15813 = DIRECTION('',(0.995184985525,-9.80145121187E-02,0.));
#15814 = ADVANCED_FACE('',(#15815),#15833,.T.);
#15815 = FACE_BOUND('',#15816,.T.);
#15816 = EDGE_LOOP('',(#15817,#15825,#15826,#15827));
#15817 = ORIENTED_EDGE('',*,*,#15818,.F.);
#15818 = EDGE_CURVE('',#15795,#15819,#15821,.T.);
#15819 = VERTEX_POINT('',#15820);
#15820 = CARTESIAN_POINT('',(52.9848,-15.2768,2.5));
#15821 = LINE('',#15822,#15823);
#15822 = CARTESIAN_POINT('',(51.4877,-14.8227,2.5));
#15823 = VECTOR('',#15824,1.);
#15824 = DIRECTION('',(0.956947494684,-0.290261076305,0.));
#15825 = ORIENTED_EDGE('',*,*,#15804,.T.);
#15826 = ORIENTED_EDGE('',*,*,#2827,.F.);
#15827 = ORIENTED_EDGE('',*,*,#15828,.F.);
#15828 = EDGE_CURVE('',#15819,#2820,#15829,.T.);
#15829 = LINE('',#15830,#15831);
#15830 = CARTESIAN_POINT('',(52.9848,-15.2768,2.5));
#15831 = VECTOR('',#15832,1.);
#15832 = DIRECTION('',(0.,0.,1.));
#15833 = PLANE('',#15834);
#15834 = AXIS2_PLACEMENT_3D('',#15835,#15836,#15837);
#15835 = CARTESIAN_POINT('',(51.4877,-14.8227,2.5));
#15836 = DIRECTION('',(0.290261076305,0.956947494684,0.));
#15837 = DIRECTION('',(0.956947494684,-0.290261076305,0.));
#15838 = ADVANCED_FACE('',(#15839),#15857,.T.);
#15839 = FACE_BOUND('',#15840,.T.);
#15840 = EDGE_LOOP('',(#15841,#15849,#15850,#15851));
#15841 = ORIENTED_EDGE('',*,*,#15842,.F.);
#15842 = EDGE_CURVE('',#15819,#15843,#15845,.T.);
#15843 = VERTEX_POINT('',#15844);
#15844 = CARTESIAN_POINT('',(54.3645,-16.0143,2.5));
#15845 = LINE('',#15846,#15847);
#15846 = CARTESIAN_POINT('',(52.9848,-15.2768,2.5));
#15847 = VECTOR('',#15848,1.);
#15848 = DIRECTION('',(0.881911967069,-0.4714141304,0.));
#15849 = ORIENTED_EDGE('',*,*,#15828,.T.);
#15850 = ORIENTED_EDGE('',*,*,#2819,.F.);
#15851 = ORIENTED_EDGE('',*,*,#15852,.F.);
#15852 = EDGE_CURVE('',#15843,#2812,#15853,.T.);
#15853 = LINE('',#15854,#15855);
#15854 = CARTESIAN_POINT('',(54.3645,-16.0143,2.5));
#15855 = VECTOR('',#15856,1.);
#15856 = DIRECTION('',(0.,0.,1.));
#15857 = PLANE('',#15858);
#15858 = AXIS2_PLACEMENT_3D('',#15859,#15860,#15861);
#15859 = CARTESIAN_POINT('',(52.9848,-15.2768,2.5));
#15860 = DIRECTION('',(0.4714141304,0.881911967069,0.));
#15861 = DIRECTION('',(0.881911967069,-0.4714141304,0.));
#15862 = ADVANCED_FACE('',(#15863),#15881,.T.);
#15863 = FACE_BOUND('',#15864,.T.);
#15864 = EDGE_LOOP('',(#15865,#15873,#15874,#15875));
#15865 = ORIENTED_EDGE('',*,*,#15866,.F.);
#15866 = EDGE_CURVE('',#15843,#15867,#15869,.T.);
#15867 = VERTEX_POINT('',#15868);
#15868 = CARTESIAN_POINT('',(55.5739,-17.0068,2.5));
#15869 = LINE('',#15870,#15871);
#15870 = CARTESIAN_POINT('',(54.3645,-16.0143,2.5));
#15871 = VECTOR('',#15872,1.);
#15872 = DIRECTION('',(0.773019521196,-0.634382234816,0.));
#15873 = ORIENTED_EDGE('',*,*,#15852,.T.);
#15874 = ORIENTED_EDGE('',*,*,#2811,.F.);
#15875 = ORIENTED_EDGE('',*,*,#15876,.F.);
#15876 = EDGE_CURVE('',#15867,#2804,#15877,.T.);
#15877 = LINE('',#15878,#15879);
#15878 = CARTESIAN_POINT('',(55.5739,-17.0068,2.5));
#15879 = VECTOR('',#15880,1.);
#15880 = DIRECTION('',(0.,0.,1.));
#15881 = PLANE('',#15882);
#15882 = AXIS2_PLACEMENT_3D('',#15883,#15884,#15885);
#15883 = CARTESIAN_POINT('',(54.3645,-16.0143,2.5));
#15884 = DIRECTION('',(0.634382234816,0.773019521196,0.));
#15885 = DIRECTION('',(0.773019521196,-0.634382234816,0.));
#15886 = ADVANCED_FACE('',(#15887),#15905,.T.);
#15887 = FACE_BOUND('',#15888,.T.);
#15888 = EDGE_LOOP('',(#15889,#15897,#15898,#15899));
#15889 = ORIENTED_EDGE('',*,*,#15890,.F.);
#15890 = EDGE_CURVE('',#15867,#15891,#15893,.T.);
#15891 = VERTEX_POINT('',#15892);
#15892 = CARTESIAN_POINT('',(56.5664,-18.2162,2.5));
#15893 = LINE('',#15894,#15895);
#15894 = CARTESIAN_POINT('',(55.5739,-17.0068,2.5));
#15895 = VECTOR('',#15896,1.);
#15896 = DIRECTION('',(0.634382234816,-0.773019521196,0.));
#15897 = ORIENTED_EDGE('',*,*,#15876,.T.);
#15898 = ORIENTED_EDGE('',*,*,#2803,.F.);
#15899 = ORIENTED_EDGE('',*,*,#15900,.F.);
#15900 = EDGE_CURVE('',#15891,#2796,#15901,.T.);
#15901 = LINE('',#15902,#15903);
#15902 = CARTESIAN_POINT('',(56.5664,-18.2162,2.5));
#15903 = VECTOR('',#15904,1.);
#15904 = DIRECTION('',(0.,0.,1.));
#15905 = PLANE('',#15906);
#15906 = AXIS2_PLACEMENT_3D('',#15907,#15908,#15909);
#15907 = CARTESIAN_POINT('',(55.5739,-17.0068,2.5));
#15908 = DIRECTION('',(0.773019521196,0.634382234816,0.));
#15909 = DIRECTION('',(0.634382234816,-0.773019521196,0.));
#15910 = ADVANCED_FACE('',(#15911),#15929,.T.);
#15911 = FACE_BOUND('',#15912,.T.);
#15912 = EDGE_LOOP('',(#15913,#15921,#15922,#15923));
#15913 = ORIENTED_EDGE('',*,*,#15914,.F.);
#15914 = EDGE_CURVE('',#15891,#15915,#15917,.T.);
#15915 = VERTEX_POINT('',#15916);
#15916 = CARTESIAN_POINT('',(57.3039,-19.5959,2.5));
#15917 = LINE('',#15918,#15919);
#15918 = CARTESIAN_POINT('',(56.5664,-18.2162,2.5));
#15919 = VECTOR('',#15920,1.);
#15920 = DIRECTION('',(0.4714141304,-0.881911967069,0.));
#15921 = ORIENTED_EDGE('',*,*,#15900,.T.);
#15922 = ORIENTED_EDGE('',*,*,#2795,.F.);
#15923 = ORIENTED_EDGE('',*,*,#15924,.F.);
#15924 = EDGE_CURVE('',#15915,#2788,#15925,.T.);
#15925 = LINE('',#15926,#15927);
#15926 = CARTESIAN_POINT('',(57.3039,-19.5959,2.5));
#15927 = VECTOR('',#15928,1.);
#15928 = DIRECTION('',(0.,0.,1.));
#15929 = PLANE('',#15930);
#15930 = AXIS2_PLACEMENT_3D('',#15931,#15932,#15933);
#15931 = CARTESIAN_POINT('',(56.5664,-18.2162,2.5));
#15932 = DIRECTION('',(0.881911967069,0.4714141304,0.));
#15933 = DIRECTION('',(0.4714141304,-0.881911967069,0.));
#15934 = ADVANCED_FACE('',(#15935),#15953,.T.);
#15935 = FACE_BOUND('',#15936,.T.);
#15936 = EDGE_LOOP('',(#15937,#15945,#15946,#15947));
#15937 = ORIENTED_EDGE('',*,*,#15938,.F.);
#15938 = EDGE_CURVE('',#15915,#15939,#15941,.T.);
#15939 = VERTEX_POINT('',#15940);
#15940 = CARTESIAN_POINT('',(57.758,-21.0931,2.5));
#15941 = LINE('',#15942,#15943);
#15942 = CARTESIAN_POINT('',(57.3039,-19.5959,2.5));
#15943 = VECTOR('',#15944,1.);
#15944 = DIRECTION('',(0.290243322605,-0.956952879552,0.));
#15945 = ORIENTED_EDGE('',*,*,#15924,.T.);
#15946 = ORIENTED_EDGE('',*,*,#2787,.F.);
#15947 = ORIENTED_EDGE('',*,*,#15948,.F.);
#15948 = EDGE_CURVE('',#15939,#2780,#15949,.T.);
#15949 = LINE('',#15950,#15951);
#15950 = CARTESIAN_POINT('',(57.758,-21.0931,2.5));
#15951 = VECTOR('',#15952,1.);
#15952 = DIRECTION('',(0.,0.,1.));
#15953 = PLANE('',#15954);
#15954 = AXIS2_PLACEMENT_3D('',#15955,#15956,#15957);
#15955 = CARTESIAN_POINT('',(57.3039,-19.5959,2.5));
#15956 = DIRECTION('',(0.956952879552,0.290243322605,0.));
#15957 = DIRECTION('',(0.290243322605,-0.956952879552,0.));
#15958 = ADVANCED_FACE('',(#15959),#15977,.T.);
#15959 = FACE_BOUND('',#15960,.T.);
#15960 = EDGE_LOOP('',(#15961,#15969,#15970,#15971));
#15961 = ORIENTED_EDGE('',*,*,#15962,.F.);
#15962 = EDGE_CURVE('',#15939,#15963,#15965,.T.);
#15963 = VERTEX_POINT('',#15964);
#15964 = CARTESIAN_POINT('',(57.9135,-22.6719,2.5));
#15965 = LINE('',#15966,#15967);
#15966 = CARTESIAN_POINT('',(57.758,-21.0931,2.5));
#15967 = VECTOR('',#15968,1.);
#15968 = DIRECTION('',(9.801824680222E-02,-0.995184617694,0.));
#15969 = ORIENTED_EDGE('',*,*,#15948,.T.);
#15970 = ORIENTED_EDGE('',*,*,#2779,.F.);
#15971 = ORIENTED_EDGE('',*,*,#15972,.F.);
#15972 = EDGE_CURVE('',#15963,#2772,#15973,.T.);
#15973 = LINE('',#15974,#15975);
#15974 = CARTESIAN_POINT('',(57.9135,-22.6719,2.5));
#15975 = VECTOR('',#15976,1.);
#15976 = DIRECTION('',(0.,0.,1.));
#15977 = PLANE('',#15978);
#15978 = AXIS2_PLACEMENT_3D('',#15979,#15980,#15981);
#15979 = CARTESIAN_POINT('',(57.758,-21.0931,2.5));
#15980 = DIRECTION('',(0.995184617694,9.801824680222E-02,0.));
#15981 = DIRECTION('',(9.801824680222E-02,-0.995184617694,0.));
#15982 = ADVANCED_FACE('',(#15983),#16001,.T.);
#15983 = FACE_BOUND('',#15984,.T.);
#15984 = EDGE_LOOP('',(#15985,#15993,#15994,#15995));
#15985 = ORIENTED_EDGE('',*,*,#15986,.F.);
#15986 = EDGE_CURVE('',#15963,#15987,#15989,.T.);
#15987 = VERTEX_POINT('',#15988);
#15988 = CARTESIAN_POINT('',(57.7991,-23.9796,2.5));
#15989 = LINE('',#15990,#15991);
#15990 = CARTESIAN_POINT('',(57.9135,-22.6719,2.5));
#15991 = VECTOR('',#15992,1.);
#15992 = DIRECTION('',(-8.71489951774E-02,-0.996195288405,0.));
#15993 = ORIENTED_EDGE('',*,*,#15972,.T.);
#15994 = ORIENTED_EDGE('',*,*,#2771,.F.);
#15995 = ORIENTED_EDGE('',*,*,#15996,.F.);
#15996 = EDGE_CURVE('',#15987,#2764,#15997,.T.);
#15997 = LINE('',#15998,#15999);
#15998 = CARTESIAN_POINT('',(57.7991,-23.9796,2.5));
#15999 = VECTOR('',#16000,1.);
#16000 = DIRECTION('',(0.,0.,1.));
#16001 = PLANE('',#16002);
#16002 = AXIS2_PLACEMENT_3D('',#16003,#16004,#16005);
#16003 = CARTESIAN_POINT('',(57.9135,-22.6719,2.5));
#16004 = DIRECTION('',(0.996195288405,-8.71489951774E-02,0.));
#16005 = DIRECTION('',(-8.71489951774E-02,-0.996195288405,0.));
#16006 = ADVANCED_FACE('',(#16007),#16025,.T.);
#16007 = FACE_BOUND('',#16008,.T.);
#16008 = EDGE_LOOP('',(#16009,#16017,#16018,#16019));
#16009 = ORIENTED_EDGE('',*,*,#16010,.F.);
#16010 = EDGE_CURVE('',#15987,#16011,#16013,.T.);
#16011 = VERTEX_POINT('',#16012);
#16012 = CARTESIAN_POINT('',(57.8077,-24.7637,2.5));
#16013 = LINE('',#16014,#16015);
#16014 = CARTESIAN_POINT('',(57.7991,-23.9796,2.5));
#16015 = VECTOR('',#16016,1.);
#16016 = DIRECTION('',(1.096732912959E-02,-0.999939857037,0.));
#16017 = ORIENTED_EDGE('',*,*,#15996,.T.);
#16018 = ORIENTED_EDGE('',*,*,#2763,.F.);
#16019 = ORIENTED_EDGE('',*,*,#16020,.F.);
#16020 = EDGE_CURVE('',#16011,#2756,#16021,.T.);
#16021 = LINE('',#16022,#16023);
#16022 = CARTESIAN_POINT('',(57.8077,-24.7637,2.5));
#16023 = VECTOR('',#16024,1.);
#16024 = DIRECTION('',(0.,0.,1.));
#16025 = PLANE('',#16026);
#16026 = AXIS2_PLACEMENT_3D('',#16027,#16028,#16029);
#16027 = CARTESIAN_POINT('',(57.7991,-23.9796,2.5));
#16028 = DIRECTION('',(0.999939857037,1.096732912959E-02,0.));
#16029 = DIRECTION('',(1.096732912959E-02,-0.999939857037,0.));
#16030 = ADVANCED_FACE('',(#16031),#16049,.T.);
#16031 = FACE_BOUND('',#16032,.T.);
#16032 = EDGE_LOOP('',(#16033,#16041,#16042,#16043));
#16033 = ORIENTED_EDGE('',*,*,#16034,.F.);
#16034 = EDGE_CURVE('',#16011,#16035,#16037,.T.);
#16035 = VERTEX_POINT('',#16036);
#16036 = CARTESIAN_POINT('',(57.969,-25.531,2.5));
#16037 = LINE('',#16038,#16039);
#16038 = CARTESIAN_POINT('',(57.8077,-24.7637,2.5));
#16039 = VECTOR('',#16040,1.);
#16040 = DIRECTION('',(0.205721224627,-0.978610636432,0.));
#16041 = ORIENTED_EDGE('',*,*,#16020,.T.);
#16042 = ORIENTED_EDGE('',*,*,#2755,.F.);
#16043 = ORIENTED_EDGE('',*,*,#16044,.F.);
#16044 = EDGE_CURVE('',#16035,#2748,#16045,.T.);
#16045 = LINE('',#16046,#16047);
#16046 = CARTESIAN_POINT('',(57.969,-25.531,2.5));
#16047 = VECTOR('',#16048,1.);
#16048 = DIRECTION('',(0.,0.,1.));
#16049 = PLANE('',#16050);
#16050 = AXIS2_PLACEMENT_3D('',#16051,#16052,#16053);
#16051 = CARTESIAN_POINT('',(57.8077,-24.7637,2.5));
#16052 = DIRECTION('',(0.978610636432,0.205721224627,0.));
#16053 = DIRECTION('',(0.205721224627,-0.978610636432,0.));
#16054 = ADVANCED_FACE('',(#16055),#16073,.T.);
#16055 = FACE_BOUND('',#16056,.T.);
#16056 = EDGE_LOOP('',(#16057,#16065,#16066,#16067));
#16057 = ORIENTED_EDGE('',*,*,#16058,.F.);
#16058 = EDGE_CURVE('',#16035,#16059,#16061,.T.);
#16059 = VERTEX_POINT('',#16060);
#16060 = CARTESIAN_POINT('',(58.277,-26.2521,2.5));
#16061 = LINE('',#16062,#16063);
#16062 = CARTESIAN_POINT('',(57.969,-25.531,2.5));
#16063 = VECTOR('',#16064,1.);
#16064 = DIRECTION('',(0.392795412362,-0.919625882643,0.));
#16065 = ORIENTED_EDGE('',*,*,#16044,.T.);
#16066 = ORIENTED_EDGE('',*,*,#2747,.F.);
#16067 = ORIENTED_EDGE('',*,*,#16068,.F.);
#16068 = EDGE_CURVE('',#16059,#2740,#16069,.T.);
#16069 = LINE('',#16070,#16071);
#16070 = CARTESIAN_POINT('',(58.277,-26.2521,2.5));
#16071 = VECTOR('',#16072,1.);
#16072 = DIRECTION('',(0.,0.,1.));
#16073 = PLANE('',#16074);
#16074 = AXIS2_PLACEMENT_3D('',#16075,#16076,#16077);
#16075 = CARTESIAN_POINT('',(57.969,-25.531,2.5));
#16076 = DIRECTION('',(0.919625882643,0.392795412362,0.));
#16077 = DIRECTION('',(0.392795412362,-0.919625882643,0.));
#16078 = ADVANCED_FACE('',(#16079),#16097,.T.);
#16079 = FACE_BOUND('',#16080,.T.);
#16080 = EDGE_LOOP('',(#16081,#16089,#16090,#16091));
#16081 = ORIENTED_EDGE('',*,*,#16082,.F.);
#16082 = EDGE_CURVE('',#16059,#16083,#16085,.T.);
#16083 = VERTEX_POINT('',#16084);
#16084 = CARTESIAN_POINT('',(58.7197,-26.8993,2.5));
#16085 = LINE('',#16086,#16087);
#16086 = CARTESIAN_POINT('',(58.277,-26.2521,2.5));
#16087 = VECTOR('',#16088,1.);
#16088 = DIRECTION('',(0.564578758272,-0.82537920116,0.));
#16089 = ORIENTED_EDGE('',*,*,#16068,.T.);
#16090 = ORIENTED_EDGE('',*,*,#2739,.F.);
#16091 = ORIENTED_EDGE('',*,*,#16092,.F.);
#16092 = EDGE_CURVE('',#16083,#2732,#16093,.T.);
#16093 = LINE('',#16094,#16095);
#16094 = CARTESIAN_POINT('',(58.7197,-26.8993,2.5));
#16095 = VECTOR('',#16096,1.);
#16096 = DIRECTION('',(0.,0.,1.));
#16097 = PLANE('',#16098);
#16098 = AXIS2_PLACEMENT_3D('',#16099,#16100,#16101);
#16099 = CARTESIAN_POINT('',(58.277,-26.2521,2.5));
#16100 = DIRECTION('',(0.82537920116,0.564578758272,0.));
#16101 = DIRECTION('',(0.564578758272,-0.82537920116,0.));
#16102 = ADVANCED_FACE('',(#16103),#16121,.T.);
#16103 = FACE_BOUND('',#16104,.T.);
#16104 = EDGE_LOOP('',(#16105,#16113,#16114,#16115));
#16105 = ORIENTED_EDGE('',*,*,#16106,.F.);
#16106 = EDGE_CURVE('',#16083,#16107,#16109,.T.);
#16107 = VERTEX_POINT('',#16108);
#16108 = CARTESIAN_POINT('',(59.2802,-27.4477,2.5));
#16109 = LINE('',#16110,#16111);
#16110 = CARTESIAN_POINT('',(58.7197,-26.8993,2.5));
#16111 = VECTOR('',#16112,1.);
#16112 = DIRECTION('',(0.714779976816,-0.699349401045,0.));
#16113 = ORIENTED_EDGE('',*,*,#16092,.T.);
#16114 = ORIENTED_EDGE('',*,*,#2731,.F.);
#16115 = ORIENTED_EDGE('',*,*,#16116,.F.);
#16116 = EDGE_CURVE('',#16107,#2724,#16117,.T.);
#16117 = LINE('',#16118,#16119);
#16118 = CARTESIAN_POINT('',(59.2802,-27.4477,2.5));
#16119 = VECTOR('',#16120,1.);
#16120 = DIRECTION('',(0.,0.,1.));
#16121 = PLANE('',#16122);
#16122 = AXIS2_PLACEMENT_3D('',#16123,#16124,#16125);
#16123 = CARTESIAN_POINT('',(58.7197,-26.8993,2.5));
#16124 = DIRECTION('',(0.699349401045,0.714779976816,0.));
#16125 = DIRECTION('',(0.714779976816,-0.699349401045,0.));
#16126 = ADVANCED_FACE('',(#16127),#16145,.T.);
#16127 = FACE_BOUND('',#16128,.T.);
#16128 = EDGE_LOOP('',(#16129,#16137,#16138,#16139));
#16129 = ORIENTED_EDGE('',*,*,#16130,.F.);
#16130 = EDGE_CURVE('',#16107,#16131,#16133,.T.);
#16131 = VERTEX_POINT('',#16132);
#16132 = CARTESIAN_POINT('',(59.9369,-27.8762,2.5));
#16133 = LINE('',#16134,#16135);
#16134 = CARTESIAN_POINT('',(59.2802,-27.4477,2.5));
#16135 = VECTOR('',#16136,1.);
#16136 = DIRECTION('',(0.837483721683,-0.546462273095,0.));
#16137 = ORIENTED_EDGE('',*,*,#16116,.T.);
#16138 = ORIENTED_EDGE('',*,*,#2723,.F.);
#16139 = ORIENTED_EDGE('',*,*,#16140,.F.);
#16140 = EDGE_CURVE('',#16131,#2716,#16141,.T.);
#16141 = LINE('',#16142,#16143);
#16142 = CARTESIAN_POINT('',(59.9369,-27.8762,2.5));
#16143 = VECTOR('',#16144,1.);
#16144 = DIRECTION('',(0.,0.,1.));
#16145 = PLANE('',#16146);
#16146 = AXIS2_PLACEMENT_3D('',#16147,#16148,#16149);
#16147 = CARTESIAN_POINT('',(59.2802,-27.4477,2.5));
#16148 = DIRECTION('',(0.546462273095,0.837483721683,0.));
#16149 = DIRECTION('',(0.837483721683,-0.546462273095,0.));
#16150 = ADVANCED_FACE('',(#16151),#16169,.T.);
#16151 = FACE_BOUND('',#16152,.T.);
#16152 = EDGE_LOOP('',(#16153,#16161,#16162,#16163));
#16153 = ORIENTED_EDGE('',*,*,#16154,.F.);
#16154 = EDGE_CURVE('',#16131,#16155,#16157,.T.);
#16155 = VERTEX_POINT('',#16156);
#16156 = CARTESIAN_POINT('',(60.6646,-28.1684,2.5));
#16157 = LINE('',#16158,#16159);
#16158 = CARTESIAN_POINT('',(59.9369,-27.8762,2.5));
#16159 = VECTOR('',#16160,1.);
#16160 = DIRECTION('',(0.927983372675,-0.372621604364,0.));
#16161 = ORIENTED_EDGE('',*,*,#16140,.T.);
#16162 = ORIENTED_EDGE('',*,*,#2715,.F.);
#16163 = ORIENTED_EDGE('',*,*,#16164,.F.);
#16164 = EDGE_CURVE('',#16155,#2708,#16165,.T.);
#16165 = LINE('',#16166,#16167);
#16166 = CARTESIAN_POINT('',(60.6646,-28.1684,2.5));
#16167 = VECTOR('',#16168,1.);
#16168 = DIRECTION('',(0.,0.,1.));
#16169 = PLANE('',#16170);
#16170 = AXIS2_PLACEMENT_3D('',#16171,#16172,#16173);
#16171 = CARTESIAN_POINT('',(59.9369,-27.8762,2.5));
#16172 = DIRECTION('',(0.372621604364,0.927983372675,0.));
#16173 = DIRECTION('',(0.927983372675,-0.372621604364,0.));
#16174 = ADVANCED_FACE('',(#16175),#16193,.T.);
#16175 = FACE_BOUND('',#16176,.T.);
#16176 = EDGE_LOOP('',(#16177,#16185,#16186,#16187));
#16177 = ORIENTED_EDGE('',*,*,#16178,.F.);
#16178 = EDGE_CURVE('',#16155,#16179,#16181,.T.);
#16179 = VERTEX_POINT('',#16180);
#16180 = CARTESIAN_POINT('',(61.0893,-28.2674,2.5));
#16181 = LINE('',#16182,#16183);
#16182 = CARTESIAN_POINT('',(60.6646,-28.1684,2.5));
#16183 = VECTOR('',#16184,1.);
#16184 = DIRECTION('',(0.973890239148,-0.227019387039,0.));
#16185 = ORIENTED_EDGE('',*,*,#16164,.T.);
#16186 = ORIENTED_EDGE('',*,*,#2707,.F.);
#16187 = ORIENTED_EDGE('',*,*,#16188,.F.);
#16188 = EDGE_CURVE('',#16179,#2700,#16189,.T.);
#16189 = LINE('',#16190,#16191);
#16190 = CARTESIAN_POINT('',(61.0893,-28.2674,2.5));
#16191 = VECTOR('',#16192,1.);
#16192 = DIRECTION('',(0.,0.,1.));
#16193 = PLANE('',#16194);
#16194 = AXIS2_PLACEMENT_3D('',#16195,#16196,#16197);
#16195 = CARTESIAN_POINT('',(60.6646,-28.1684,2.5));
#16196 = DIRECTION('',(0.227019387039,0.973890239148,0.));
#16197 = DIRECTION('',(0.973890239148,-0.227019387039,0.));
#16198 = ADVANCED_FACE('',(#16199),#16217,.T.);
#16199 = FACE_BOUND('',#16200,.T.);
#16200 = EDGE_LOOP('',(#16201,#16209,#16210,#16211));
#16201 = ORIENTED_EDGE('',*,*,#16202,.F.);
#16202 = EDGE_CURVE('',#16179,#16203,#16205,.T.);
#16203 = VERTEX_POINT('',#16204);
#16204 = CARTESIAN_POINT('',(77.4041,-31.1442,2.5));
#16205 = LINE('',#16206,#16207);
#16206 = CARTESIAN_POINT('',(61.0893,-28.2674,2.5));
#16207 = VECTOR('',#16208,1.);
#16208 = DIRECTION('',(0.98480712771,-0.173651723895,0.));
#16209 = ORIENTED_EDGE('',*,*,#16188,.T.);
#16210 = ORIENTED_EDGE('',*,*,#2699,.F.);
#16211 = ORIENTED_EDGE('',*,*,#16212,.F.);
#16212 = EDGE_CURVE('',#16203,#2692,#16213,.T.);
#16213 = LINE('',#16214,#16215);
#16214 = CARTESIAN_POINT('',(77.4041,-31.1442,2.5));
#16215 = VECTOR('',#16216,1.);
#16216 = DIRECTION('',(0.,0.,1.));
#16217 = PLANE('',#16218);
#16218 = AXIS2_PLACEMENT_3D('',#16219,#16220,#16221);
#16219 = CARTESIAN_POINT('',(61.0893,-28.2674,2.5));
#16220 = DIRECTION('',(0.173651723895,0.98480712771,0.));
#16221 = DIRECTION('',(0.98480712771,-0.173651723895,0.));
#16222 = ADVANCED_FACE('',(#16223),#16241,.T.);
#16223 = FACE_BOUND('',#16224,.T.);
#16224 = EDGE_LOOP('',(#16225,#16233,#16234,#16235));
#16225 = ORIENTED_EDGE('',*,*,#16226,.F.);
#16226 = EDGE_CURVE('',#16203,#16227,#16229,.T.);
#16227 = VERTEX_POINT('',#16228);
#16228 = CARTESIAN_POINT('',(79.2747,-31.6673,2.5));
#16229 = LINE('',#16230,#16231);
#16230 = CARTESIAN_POINT('',(77.4041,-31.1442,2.5));
#16231 = VECTOR('',#16232,1.);
#16232 = DIRECTION('',(0.963053261259,-0.269311002333,0.));
#16233 = ORIENTED_EDGE('',*,*,#16212,.T.);
#16234 = ORIENTED_EDGE('',*,*,#2691,.F.);
#16235 = ORIENTED_EDGE('',*,*,#16236,.F.);
#16236 = EDGE_CURVE('',#16227,#2684,#16237,.T.);
#16237 = LINE('',#16238,#16239);
#16238 = CARTESIAN_POINT('',(79.2747,-31.6673,2.5));
#16239 = VECTOR('',#16240,1.);
#16240 = DIRECTION('',(0.,0.,1.));
#16241 = PLANE('',#16242);
#16242 = AXIS2_PLACEMENT_3D('',#16243,#16244,#16245);
#16243 = CARTESIAN_POINT('',(77.4041,-31.1442,2.5));
#16244 = DIRECTION('',(0.269311002333,0.963053261259,0.));
#16245 = DIRECTION('',(0.963053261259,-0.269311002333,0.));
#16246 = ADVANCED_FACE('',(#16247),#16265,.T.);
#16247 = FACE_BOUND('',#16248,.T.);
#16248 = EDGE_LOOP('',(#16249,#16257,#16258,#16259));
#16249 = ORIENTED_EDGE('',*,*,#16250,.F.);
#16250 = EDGE_CURVE('',#16227,#16251,#16253,.T.);
#16251 = VERTEX_POINT('',#16252);
#16252 = CARTESIAN_POINT('',(94.9185,-37.9878,2.5));
#16253 = LINE('',#16254,#16255);
#16254 = CARTESIAN_POINT('',(79.2747,-31.6673,2.5));
#16255 = VECTOR('',#16256,1.);
#16256 = DIRECTION('',(0.927183967206,-0.374606314625,0.));
#16257 = ORIENTED_EDGE('',*,*,#16236,.T.);
#16258 = ORIENTED_EDGE('',*,*,#2683,.F.);
#16259 = ORIENTED_EDGE('',*,*,#16260,.F.);
#16260 = EDGE_CURVE('',#16251,#2676,#16261,.T.);
#16261 = LINE('',#16262,#16263);
#16262 = CARTESIAN_POINT('',(94.9185,-37.9878,2.5));
#16263 = VECTOR('',#16264,1.);
#16264 = DIRECTION('',(0.,0.,1.));
#16265 = PLANE('',#16266);
#16266 = AXIS2_PLACEMENT_3D('',#16267,#16268,#16269);
#16267 = CARTESIAN_POINT('',(79.2747,-31.6673,2.5));
#16268 = DIRECTION('',(0.374606314625,0.927183967206,0.));
#16269 = DIRECTION('',(0.927183967206,-0.374606314625,0.));
#16270 = ADVANCED_FACE('',(#16271),#16289,.T.);
#16271 = FACE_BOUND('',#16272,.T.);
#16272 = EDGE_LOOP('',(#16273,#16281,#16282,#16283));
#16273 = ORIENTED_EDGE('',*,*,#16274,.F.);
#16274 = EDGE_CURVE('',#16251,#16275,#16277,.T.);
#16275 = VERTEX_POINT('',#16276);
#16276 = CARTESIAN_POINT('',(96.6395,-38.8885,2.5));
#16277 = LINE('',#16278,#16279);
#16278 = CARTESIAN_POINT('',(94.9185,-37.9878,2.5));
#16279 = VECTOR('',#16280,1.);
#16280 = DIRECTION('',(0.885995725757,-0.463693405107,0.));
#16281 = ORIENTED_EDGE('',*,*,#16260,.T.);
#16282 = ORIENTED_EDGE('',*,*,#2675,.F.);
#16283 = ORIENTED_EDGE('',*,*,#16284,.F.);
#16284 = EDGE_CURVE('',#16275,#2668,#16285,.T.);
#16285 = LINE('',#16286,#16287);
#16286 = CARTESIAN_POINT('',(96.6395,-38.8885,2.5));
#16287 = VECTOR('',#16288,1.);
#16288 = DIRECTION('',(0.,0.,1.));
#16289 = PLANE('',#16290);
#16290 = AXIS2_PLACEMENT_3D('',#16291,#16292,#16293);
#16291 = CARTESIAN_POINT('',(94.9185,-37.9878,2.5));
#16292 = DIRECTION('',(0.463693405107,0.885995725757,0.));
#16293 = DIRECTION('',(0.885995725757,-0.463693405107,0.));
#16294 = ADVANCED_FACE('',(#16295),#16329,.T.);
#16295 = FACE_BOUND('',#16296,.T.);
#16296 = EDGE_LOOP('',(#16297,#16305,#16306,#16307,#16315,#16323));
#16297 = ORIENTED_EDGE('',*,*,#16298,.F.);
#16298 = EDGE_CURVE('',#16275,#16299,#16301,.T.);
#16299 = VERTEX_POINT('',#16300);
#16300 = CARTESIAN_POINT('',(109.13324830675,-47.31584236176,2.5));
#16301 = LINE('',#16302,#16303);
#16302 = CARTESIAN_POINT('',(96.6395,-38.8885,2.5));
#16303 = VECTOR('',#16304,1.);
#16304 = DIRECTION('',(0.82903133639,-0.559202148855,0.));
#16305 = ORIENTED_EDGE('',*,*,#16284,.T.);
#16306 = ORIENTED_EDGE('',*,*,#2667,.F.);
#16307 = ORIENTED_EDGE('',*,*,#16308,.F.);
#16308 = EDGE_CURVE('',#16309,#2660,#16311,.T.);
#16309 = VERTEX_POINT('',#16310);
#16310 = CARTESIAN_POINT('',(110.29,-48.0961,7.4));
#16311 = LINE('',#16312,#16313);
#16312 = CARTESIAN_POINT('',(110.29,-48.0961,2.5));
#16313 = VECTOR('',#16314,1.);
#16314 = DIRECTION('',(0.,0.,1.));
#16315 = ORIENTED_EDGE('',*,*,#16316,.F.);
#16316 = EDGE_CURVE('',#16317,#16309,#16319,.T.);
#16317 = VERTEX_POINT('',#16318);
#16318 = CARTESIAN_POINT('',(109.13324830675,-47.31584236176,7.4));
#16319 = LINE('',#16320,#16321);
#16320 = CARTESIAN_POINT('',(104.07646929563,-43.90491980048,7.4));
#16321 = VECTOR('',#16322,1.);
#16322 = DIRECTION('',(0.82903133639,-0.559202148855,0.));
#16323 = ORIENTED_EDGE('',*,*,#16324,.T.);
#16324 = EDGE_CURVE('',#16317,#16299,#16325,.T.);
#16325 = LINE('',#16326,#16327);
#16326 = CARTESIAN_POINT('',(109.13324830675,-47.31584236176,0.));
#16327 = VECTOR('',#16328,1.);
#16328 = DIRECTION('',(-0.,-0.,-1.));
#16329 = PLANE('',#16330);
#16330 = AXIS2_PLACEMENT_3D('',#16331,#16332,#16333);
#16331 = CARTESIAN_POINT('',(96.6395,-38.8885,2.5));
#16332 = DIRECTION('',(0.559202148855,0.82903133639,0.));
#16333 = DIRECTION('',(0.82903133639,-0.559202148855,0.));
#16334 = ADVANCED_FACE('',(#16335),#16369,.T.);
#16335 = FACE_BOUND('',#16336,.T.);
#16336 = EDGE_LOOP('',(#16337,#16345,#16346,#16347,#16355,#16363));
#16337 = ORIENTED_EDGE('',*,*,#16338,.F.);
#16338 = EDGE_CURVE('',#16309,#16339,#16341,.T.);
#16339 = VERTEX_POINT('',#16340);
#16340 = CARTESIAN_POINT('',(110.35151424881,-48.12932660946,7.4));
#16341 = LINE('',#16342,#16343);
#16342 = CARTESIAN_POINT('',(110.97361219762,-48.46534966095,7.4));
#16343 = VECTOR('',#16344,1.);
#16344 = DIRECTION('',(0.879852079956,-0.475247637971,0.));
#16345 = ORIENTED_EDGE('',*,*,#16308,.T.);
#16346 = ORIENTED_EDGE('',*,*,#2659,.F.);
#16347 = ORIENTED_EDGE('',*,*,#16348,.F.);
#16348 = EDGE_CURVE('',#16349,#2652,#16351,.T.);
#16349 = VERTEX_POINT('',#16350);
#16350 = CARTESIAN_POINT('',(110.98,-48.4688,8.4));
#16351 = LINE('',#16352,#16353);
#16352 = CARTESIAN_POINT('',(110.98,-48.4688,2.5));
#16353 = VECTOR('',#16354,1.);
#16354 = DIRECTION('',(0.,0.,1.));
#16355 = ORIENTED_EDGE('',*,*,#16356,.F.);
#16356 = EDGE_CURVE('',#16357,#16349,#16359,.T.);
#16357 = VERTEX_POINT('',#16358);
#16358 = CARTESIAN_POINT('',(110.35151424881,-48.12932660946,8.4));
#16359 = LINE('',#16360,#16361);
#16360 = CARTESIAN_POINT('',(110.97361219762,-48.46534966095,8.4));
#16361 = VECTOR('',#16362,1.);
#16362 = DIRECTION('',(0.879852079956,-0.475247637971,0.));
#16363 = ORIENTED_EDGE('',*,*,#16364,.T.);
#16364 = EDGE_CURVE('',#16357,#16339,#16365,.T.);
#16365 = LINE('',#16366,#16367);
#16366 = CARTESIAN_POINT('',(110.35151424881,-48.12932660946,2.4));
#16367 = VECTOR('',#16368,1.);
#16368 = DIRECTION('',(-0.,-0.,-1.));
#16369 = PLANE('',#16370);
#16370 = AXIS2_PLACEMENT_3D('',#16371,#16372,#16373);
#16371 = CARTESIAN_POINT('',(110.29,-48.0961,2.5));
#16372 = DIRECTION('',(0.475247637971,0.879852079956,0.));
#16373 = DIRECTION('',(0.879852079956,-0.475247637971,0.));
#16374 = ADVANCED_FACE('',(#16375),#16393,.T.);
#16375 = FACE_BOUND('',#16376,.T.);
#16376 = EDGE_LOOP('',(#16377,#16385,#16386,#16387));
#16377 = ORIENTED_EDGE('',*,*,#16378,.F.);
#16378 = EDGE_CURVE('',#16349,#16379,#16381,.T.);
#16379 = VERTEX_POINT('',#16380);
#16380 = CARTESIAN_POINT('',(111.73,-48.6997,8.4));
#16381 = LINE('',#16382,#16383);
#16382 = CARTESIAN_POINT('',(111.40805121884,-48.6005827019,8.4));
#16383 = VECTOR('',#16384,1.);
#16384 = DIRECTION('',(0.955732157113,-0.294238073437,0.));
#16385 = ORIENTED_EDGE('',*,*,#16348,.T.);
#16386 = ORIENTED_EDGE('',*,*,#2651,.F.);
#16387 = ORIENTED_EDGE('',*,*,#16388,.F.);
#16388 = EDGE_CURVE('',#16379,#2644,#16389,.T.);
#16389 = LINE('',#16390,#16391);
#16390 = CARTESIAN_POINT('',(111.73,-48.6997,2.5));
#16391 = VECTOR('',#16392,1.);
#16392 = DIRECTION('',(0.,0.,1.));
#16393 = PLANE('',#16394);
#16394 = AXIS2_PLACEMENT_3D('',#16395,#16396,#16397);
#16395 = CARTESIAN_POINT('',(110.98,-48.4688,2.5));
#16396 = DIRECTION('',(0.294238073437,0.955732157113,0.));
#16397 = DIRECTION('',(0.955732157113,-0.294238073437,0.));
#16398 = ADVANCED_FACE('',(#16399),#16417,.T.);
#16399 = FACE_BOUND('',#16400,.T.);
#16400 = EDGE_LOOP('',(#16401,#16409,#16410,#16411));
#16401 = ORIENTED_EDGE('',*,*,#16402,.F.);
#16402 = EDGE_CURVE('',#16379,#16403,#16405,.T.);
#16403 = VERTEX_POINT('',#16404);
#16404 = CARTESIAN_POINT('',(112.51,-48.78,8.4));
#16405 = LINE('',#16406,#16407);
#16406 = CARTESIAN_POINT('',(111.83813223002,-48.71083207445,8.4));
#16407 = VECTOR('',#16408,1.);
#16408 = DIRECTION('',(0.994742534713,-0.102407468638,0.));
#16409 = ORIENTED_EDGE('',*,*,#16388,.T.);
#16410 = ORIENTED_EDGE('',*,*,#2643,.F.);
#16411 = ORIENTED_EDGE('',*,*,#16412,.F.);
#16412 = EDGE_CURVE('',#16403,#2636,#16413,.T.);
#16413 = LINE('',#16414,#16415);
#16414 = CARTESIAN_POINT('',(112.51,-48.78,2.5));
#16415 = VECTOR('',#16416,1.);
#16416 = DIRECTION('',(0.,0.,1.));
#16417 = PLANE('',#16418);
#16418 = AXIS2_PLACEMENT_3D('',#16419,#16420,#16421);
#16419 = CARTESIAN_POINT('',(111.73,-48.6997,2.5));
#16420 = DIRECTION('',(0.102407468638,0.994742534713,0.));
#16421 = DIRECTION('',(0.994742534713,-0.102407468638,0.));
#16422 = ADVANCED_FACE('',(#16423),#16441,.T.);
#16423 = FACE_BOUND('',#16424,.T.);
#16424 = EDGE_LOOP('',(#16425,#16433,#16434,#16435));
#16425 = ORIENTED_EDGE('',*,*,#16426,.F.);
#16426 = EDGE_CURVE('',#16403,#16427,#16429,.T.);
#16427 = VERTEX_POINT('',#16428);
#16428 = CARTESIAN_POINT('',(113.29,-48.7065,8.4));
#16429 = LINE('',#16430,#16431);
#16430 = CARTESIAN_POINT('',(112.28433073925,-48.80126498803,8.4));
#16431 = VECTOR('',#16432,1.);
#16432 = DIRECTION('',(0.995589630628,9.381517673229E-02,0.));
#16433 = ORIENTED_EDGE('',*,*,#16412,.T.);
#16434 = ORIENTED_EDGE('',*,*,#2635,.F.);
#16435 = ORIENTED_EDGE('',*,*,#16436,.F.);
#16436 = EDGE_CURVE('',#16427,#2628,#16437,.T.);
#16437 = LINE('',#16438,#16439);
#16438 = CARTESIAN_POINT('',(113.29,-48.7065,2.5));
#16439 = VECTOR('',#16440,1.);
#16440 = DIRECTION('',(0.,0.,1.));
#16441 = PLANE('',#16442);
#16442 = AXIS2_PLACEMENT_3D('',#16443,#16444,#16445);
#16443 = CARTESIAN_POINT('',(112.51,-48.78,2.5));
#16444 = DIRECTION('',(-9.381517673229E-02,0.995589630628,0.));
#16445 = DIRECTION('',(0.995589630628,9.381517673229E-02,0.));
#16446 = ADVANCED_FACE('',(#16447),#16474,.T.);
#16447 = FACE_BOUND('',#16448,.T.);
#16448 = EDGE_LOOP('',(#16449,#16457,#16465,#16471,#16472,#16473));
#16449 = ORIENTED_EDGE('',*,*,#16450,.F.);
#16450 = EDGE_CURVE('',#16451,#11548,#16453,.T.);
#16451 = VERTEX_POINT('',#16452);
#16452 = CARTESIAN_POINT('',(113.59697403625,-48.61493846232,7.4));
#16453 = LINE('',#16454,#16455);
#16454 = CARTESIAN_POINT('',(112.76706087461,-48.86247772051,7.4));
#16455 = VECTOR('',#16456,1.);
#16456 = DIRECTION('',(0.958281025178,0.285827704717,0.));
#16457 = ORIENTED_EDGE('',*,*,#16458,.F.);
#16458 = EDGE_CURVE('',#16459,#16451,#16461,.T.);
#16459 = VERTEX_POINT('',#16460);
#16460 = CARTESIAN_POINT('',(113.59697403625,-48.61493846232,8.4));
#16461 = LINE('',#16462,#16463);
#16462 = CARTESIAN_POINT('',(113.59697403625,-48.61493846232,2.4));
#16463 = VECTOR('',#16464,1.);
#16464 = DIRECTION('',(-0.,-0.,-1.));
#16465 = ORIENTED_EDGE('',*,*,#16466,.F.);
#16466 = EDGE_CURVE('',#16427,#16459,#16467,.T.);
#16467 = LINE('',#16468,#16469);
#16468 = CARTESIAN_POINT('',(112.76706087461,-48.86247772051,8.4));
#16469 = VECTOR('',#16470,1.);
#16470 = DIRECTION('',(0.958281025178,0.285827704717,0.));
#16471 = ORIENTED_EDGE('',*,*,#16436,.T.);
#16472 = ORIENTED_EDGE('',*,*,#2627,.F.);
#16473 = ORIENTED_EDGE('',*,*,#11557,.F.);
#16474 = PLANE('',#16475);
#16475 = AXIS2_PLACEMENT_3D('',#16476,#16477,#16478);
#16476 = CARTESIAN_POINT('',(113.29,-48.7065,2.5));
#16477 = DIRECTION('',(-0.285827704717,0.958281025178,0.));
#16478 = DIRECTION('',(0.958281025178,0.285827704717,0.));
#16479 = ADVANCED_FACE('',(#16480),#16498,.T.);
#16480 = FACE_BOUND('',#16481,.F.);
#16481 = EDGE_LOOP('',(#16482,#16489,#16490,#16497));
#16482 = ORIENTED_EDGE('',*,*,#16483,.F.);
#16483 = EDGE_CURVE('',#4214,#4170,#16484,.T.);
#16484 = CIRCLE('',#16485,3.);
#16485 = AXIS2_PLACEMENT_3D('',#16486,#16487,#16488);
#16486 = CARTESIAN_POINT('',(112.,-48.2,0.));
#16487 = DIRECTION('',(0.,0.,1.));
#16488 = DIRECTION('',(1.,0.,0.));
#16489 = ORIENTED_EDGE('',*,*,#4244,.F.);
#16490 = ORIENTED_EDGE('',*,*,#16491,.T.);
#16491 = EDGE_CURVE('',#4237,#4189,#16492,.T.);
#16492 = CIRCLE('',#16493,3.);
#16493 = AXIS2_PLACEMENT_3D('',#16494,#16495,#16496);
#16494 = CARTESIAN_POINT('',(112.,-48.2,7.4));
#16495 = DIRECTION('',(0.,0.,1.));
#16496 = DIRECTION('',(1.,0.,0.));
#16497 = ORIENTED_EDGE('',*,*,#4197,.T.);
#16498 = CYLINDRICAL_SURFACE('',#16499,3.);
#16499 = AXIS2_PLACEMENT_3D('',#16500,#16501,#16502);
#16500 = CARTESIAN_POINT('',(112.,-48.2,0.));
#16501 = DIRECTION('',(-0.,-0.,-1.));
#16502 = DIRECTION('',(1.,0.,0.));
#16503 = ADVANCED_FACE('',(#16504),#16511,.T.);
#16504 = FACE_BOUND('',#16505,.T.);
#16505 = EDGE_LOOP('',(#16506,#16507,#16508,#16509,#16510));
#16506 = ORIENTED_EDGE('',*,*,#16491,.T.);
#16507 = ORIENTED_EDGE('',*,*,#4188,.T.);
#16508 = ORIENTED_EDGE('',*,*,#11298,.F.);
#16509 = ORIENTED_EDGE('',*,*,#11322,.T.);
#16510 = ORIENTED_EDGE('',*,*,#4236,.F.);
#16511 = PLANE('',#16512);
#16512 = AXIS2_PLACEMENT_3D('',#16513,#16514,#16515);
#16513 = CARTESIAN_POINT('',(112.,-48.2,7.4));
#16514 = DIRECTION('',(0.,0.,1.));
#16515 = DIRECTION('',(1.,0.,0.));
#16516 = ADVANCED_FACE('',(#16517),#16535,.T.);
#16517 = FACE_BOUND('',#16518,.F.);
#16518 = EDGE_LOOP('',(#16519,#16526,#16527,#16534));
#16519 = ORIENTED_EDGE('',*,*,#16520,.F.);
#16520 = EDGE_CURVE('',#6551,#6567,#16521,.T.);
#16521 = CIRCLE('',#16522,3.);
#16522 = AXIS2_PLACEMENT_3D('',#16523,#16524,#16525);
#16523 = CARTESIAN_POINT('',(-11.5,22.,0.));
#16524 = DIRECTION('',(0.,0.,1.));
#16525 = DIRECTION('',(1.,0.,0.));
#16526 = ORIENTED_EDGE('',*,*,#6590,.F.);
#16527 = ORIENTED_EDGE('',*,*,#16528,.T.);
#16528 = EDGE_CURVE('',#6583,#6575,#16529,.T.);
#16529 = CIRCLE('',#16530,3.);
#16530 = AXIS2_PLACEMENT_3D('',#16531,#16532,#16533);
#16531 = CARTESIAN_POINT('',(-11.5,22.,7.4));
#16532 = DIRECTION('',(0.,0.,1.));
#16533 = DIRECTION('',(1.,0.,0.));
#16534 = ORIENTED_EDGE('',*,*,#6574,.T.);
#16535 = CYLINDRICAL_SURFACE('',#16536,3.);
#16536 = AXIS2_PLACEMENT_3D('',#16537,#16538,#16539);
#16537 = CARTESIAN_POINT('',(-11.5,22.,0.));
#16538 = DIRECTION('',(-0.,-0.,-1.));
#16539 = DIRECTION('',(1.,0.,0.));
#16540 = ADVANCED_FACE('',(#16541),#16545,.T.);
#16541 = FACE_BOUND('',#16542,.T.);
#16542 = EDGE_LOOP('',(#16543,#16544));
#16543 = ORIENTED_EDGE('',*,*,#6582,.F.);
#16544 = ORIENTED_EDGE('',*,*,#16528,.T.);
#16545 = PLANE('',#16546);
#16546 = AXIS2_PLACEMENT_3D('',#16547,#16548,#16549);
#16547 = CARTESIAN_POINT('',(-11.5,22.,7.4));
#16548 = DIRECTION('',(0.,0.,1.));
#16549 = DIRECTION('',(1.,0.,0.));
#16550 = ADVANCED_FACE('',(#16551),#16569,.T.);
#16551 = FACE_BOUND('',#16552,.F.);
#16552 = EDGE_LOOP('',(#16553,#16560,#16561,#16568));
#16553 = ORIENTED_EDGE('',*,*,#16554,.F.);
#16554 = EDGE_CURVE('',#8070,#8086,#16555,.T.);
#16555 = CIRCLE('',#16556,3.);
#16556 = AXIS2_PLACEMENT_3D('',#16557,#16558,#16559);
#16557 = CARTESIAN_POINT('',(38.1,66.,0.));
#16558 = DIRECTION('',(0.,0.,1.));
#16559 = DIRECTION('',(1.,0.,0.));
#16560 = ORIENTED_EDGE('',*,*,#8109,.F.);
#16561 = ORIENTED_EDGE('',*,*,#16562,.T.);
#16562 = EDGE_CURVE('',#8102,#8094,#16563,.T.);
#16563 = CIRCLE('',#16564,3.);
#16564 = AXIS2_PLACEMENT_3D('',#16565,#16566,#16567);
#16565 = CARTESIAN_POINT('',(38.1,66.,7.4));
#16566 = DIRECTION('',(0.,0.,1.));
#16567 = DIRECTION('',(1.,0.,0.));
#16568 = ORIENTED_EDGE('',*,*,#8093,.T.);
#16569 = CYLINDRICAL_SURFACE('',#16570,3.);
#16570 = AXIS2_PLACEMENT_3D('',#16571,#16572,#16573);
#16571 = CARTESIAN_POINT('',(38.1,66.,0.));
#16572 = DIRECTION('',(-0.,-0.,-1.));
#16573 = DIRECTION('',(1.,0.,0.));
#16574 = ADVANCED_FACE('',(#16575),#16579,.T.);
#16575 = FACE_BOUND('',#16576,.T.);
#16576 = EDGE_LOOP('',(#16577,#16578));
#16577 = ORIENTED_EDGE('',*,*,#8101,.F.);
#16578 = ORIENTED_EDGE('',*,*,#16562,.T.);
#16579 = PLANE('',#16580);
#16580 = AXIS2_PLACEMENT_3D('',#16581,#16582,#16583);
#16581 = CARTESIAN_POINT('',(38.1,66.,7.4));
#16582 = DIRECTION('',(0.,0.,1.));
#16583 = DIRECTION('',(1.,0.,0.));
#16584 = ADVANCED_FACE('',(#16585),#16603,.T.);
#16585 = FACE_BOUND('',#16586,.F.);
#16586 = EDGE_LOOP('',(#16587,#16594,#16595,#16602));
#16587 = ORIENTED_EDGE('',*,*,#16588,.F.);
#16588 = EDGE_CURVE('',#8930,#8946,#16589,.T.);
#16589 = CIRCLE('',#16590,3.);
#16590 = AXIS2_PLACEMENT_3D('',#16591,#16592,#16593);
#16591 = CARTESIAN_POINT('',(76.2,57.1,0.));
#16592 = DIRECTION('',(0.,0.,1.));
#16593 = DIRECTION('',(1.,0.,0.));
#16594 = ORIENTED_EDGE('',*,*,#8969,.F.);
#16595 = ORIENTED_EDGE('',*,*,#16596,.T.);
#16596 = EDGE_CURVE('',#8962,#8954,#16597,.T.);
#16597 = CIRCLE('',#16598,3.);
#16598 = AXIS2_PLACEMENT_3D('',#16599,#16600,#16601);
#16599 = CARTESIAN_POINT('',(76.2,57.1,7.4));
#16600 = DIRECTION('',(0.,0.,1.));
#16601 = DIRECTION('',(1.,0.,0.));
#16602 = ORIENTED_EDGE('',*,*,#8953,.T.);
#16603 = CYLINDRICAL_SURFACE('',#16604,3.);
#16604 = AXIS2_PLACEMENT_3D('',#16605,#16606,#16607);
#16605 = CARTESIAN_POINT('',(76.2,57.1,0.));
#16606 = DIRECTION('',(-0.,-0.,-1.));
#16607 = DIRECTION('',(1.,0.,0.));
#16608 = ADVANCED_FACE('',(#16609),#16613,.T.);
#16609 = FACE_BOUND('',#16610,.T.);
#16610 = EDGE_LOOP('',(#16611,#16612));
#16611 = ORIENTED_EDGE('',*,*,#8961,.F.);
#16612 = ORIENTED_EDGE('',*,*,#16596,.T.);
#16613 = PLANE('',#16614);
#16614 = AXIS2_PLACEMENT_3D('',#16615,#16616,#16617);
#16615 = CARTESIAN_POINT('',(76.2,57.1,7.4));
#16616 = DIRECTION('',(0.,0.,1.));
#16617 = DIRECTION('',(1.,0.,0.));
#16618 = ADVANCED_FACE('',(#16619),#16637,.T.);
#16619 = FACE_BOUND('',#16620,.F.);
#16620 = EDGE_LOOP('',(#16621,#16628,#16629,#16636));
#16621 = ORIENTED_EDGE('',*,*,#16622,.F.);
#16622 = EDGE_CURVE('',#9393,#9349,#16623,.T.);
#16623 = CIRCLE('',#16624,3.);
#16624 = AXIS2_PLACEMENT_3D('',#16625,#16626,#16627);
#16625 = CARTESIAN_POINT('',(119.,60.5,0.));
#16626 = DIRECTION('',(0.,0.,1.));
#16627 = DIRECTION('',(1.,0.,0.));
#16628 = ORIENTED_EDGE('',*,*,#9423,.F.);
#16629 = ORIENTED_EDGE('',*,*,#16630,.T.);
#16630 = EDGE_CURVE('',#9416,#9368,#16631,.T.);
#16631 = CIRCLE('',#16632,3.);
#16632 = AXIS2_PLACEMENT_3D('',#16633,#16634,#16635);
#16633 = CARTESIAN_POINT('',(119.,60.5,7.4));
#16634 = DIRECTION('',(0.,0.,1.));
#16635 = DIRECTION('',(1.,0.,0.));
#16636 = ORIENTED_EDGE('',*,*,#9376,.T.);
#16637 = CYLINDRICAL_SURFACE('',#16638,3.);
#16638 = AXIS2_PLACEMENT_3D('',#16639,#16640,#16641);
#16639 = CARTESIAN_POINT('',(119.,60.5,0.));
#16640 = DIRECTION('',(-0.,-0.,-1.));
#16641 = DIRECTION('',(1.,0.,0.));
#16642 = ADVANCED_FACE('',(#16643),#16652,.T.);
#16643 = FACE_BOUND('',#16644,.T.);
#16644 = EDGE_LOOP('',(#16645,#16646,#16647,#16648,#16649,#16650,#16651)
  );
#16645 = ORIENTED_EDGE('',*,*,#9415,.F.);
#16646 = ORIENTED_EDGE('',*,*,#16630,.T.);
#16647 = ORIENTED_EDGE('',*,*,#9367,.T.);
#16648 = ORIENTED_EDGE('',*,*,#11530,.F.);
#16649 = ORIENTED_EDGE('',*,*,#11505,.T.);
#16650 = ORIENTED_EDGE('',*,*,#11481,.F.);
#16651 = ORIENTED_EDGE('',*,*,#11456,.T.);
#16652 = PLANE('',#16653);
#16653 = AXIS2_PLACEMENT_3D('',#16654,#16655,#16656);
#16654 = CARTESIAN_POINT('',(119.,60.5,7.4));
#16655 = DIRECTION('',(0.,0.,1.));
#16656 = DIRECTION('',(1.,0.,0.));
#16657 = ADVANCED_FACE('',(#16658),#16674,.T.);
#16658 = FACE_BOUND('',#16659,.T.);
#16659 = EDGE_LOOP('',(#16660,#16667,#16668,#16669,#16670,#16671,#16672,
    #16673));
#16660 = ORIENTED_EDGE('',*,*,#16661,.T.);
#16661 = EDGE_CURVE('',#10018,#9955,#16662,.T.);
#16662 = CIRCLE('',#16663,3.);
#16663 = AXIS2_PLACEMENT_3D('',#16664,#16665,#16666);
#16664 = CARTESIAN_POINT('',(119.5,20.4,7.4));
#16665 = DIRECTION('',(0.,0.,1.));
#16666 = DIRECTION('',(1.,0.,0.));
#16667 = ORIENTED_EDGE('',*,*,#9952,.F.);
#16668 = ORIENTED_EDGE('',*,*,#11438,.T.);
#16669 = ORIENTED_EDGE('',*,*,#11414,.F.);
#16670 = ORIENTED_EDGE('',*,*,#11389,.T.);
#16671 = ORIENTED_EDGE('',*,*,#11365,.F.);
#16672 = ORIENTED_EDGE('',*,*,#11340,.T.);
#16673 = ORIENTED_EDGE('',*,*,#10017,.F.);
#16674 = PLANE('',#16675);
#16675 = AXIS2_PLACEMENT_3D('',#16676,#16677,#16678);
#16676 = CARTESIAN_POINT('',(119.5,20.4,7.4));
#16677 = DIRECTION('',(0.,0.,1.));
#16678 = DIRECTION('',(1.,0.,0.));
#16679 = ADVANCED_FACE('',(#16680),#16692,.T.);
#16680 = FACE_BOUND('',#16681,.F.);
#16681 = EDGE_LOOP('',(#16682,#16689,#16690,#16691));
#16682 = ORIENTED_EDGE('',*,*,#16683,.F.);
#16683 = EDGE_CURVE('',#9995,#9971,#16684,.T.);
#16684 = CIRCLE('',#16685,3.);
#16685 = AXIS2_PLACEMENT_3D('',#16686,#16687,#16688);
#16686 = CARTESIAN_POINT('',(119.5,20.4,0.));
#16687 = DIRECTION('',(0.,0.,1.));
#16688 = DIRECTION('',(1.,0.,0.));
#16689 = ORIENTED_EDGE('',*,*,#10025,.F.);
#16690 = ORIENTED_EDGE('',*,*,#16661,.T.);
#16691 = ORIENTED_EDGE('',*,*,#9978,.T.);
#16692 = CYLINDRICAL_SURFACE('',#16693,3.);
#16693 = AXIS2_PLACEMENT_3D('',#16694,#16695,#16696);
#16694 = CARTESIAN_POINT('',(119.5,20.4,0.));
#16695 = DIRECTION('',(-0.,-0.,-1.));
#16696 = DIRECTION('',(1.,0.,0.));
#16697 = ADVANCED_FACE('',(#16698),#16728,.T.);
#16698 = FACE_BOUND('',#16699,.T.);
#16699 = EDGE_LOOP('',(#16700,#16701,#16702,#16709,#16710,#16711,#16720,
    #16727));
#16700 = ORIENTED_EDGE('',*,*,#11547,.T.);
#16701 = ORIENTED_EDGE('',*,*,#11596,.T.);
#16702 = ORIENTED_EDGE('',*,*,#16703,.T.);
#16703 = EDGE_CURVE('',#11589,#16317,#16704,.T.);
#16704 = CIRCLE('',#16705,3.);
#16705 = AXIS2_PLACEMENT_3D('',#16706,#16707,#16708);
#16706 = CARTESIAN_POINT('',(112.,-48.2,7.4));
#16707 = DIRECTION('',(0.,0.,1.));
#16708 = DIRECTION('',(1.,0.,0.));
#16709 = ORIENTED_EDGE('',*,*,#16316,.T.);
#16710 = ORIENTED_EDGE('',*,*,#16338,.T.);
#16711 = ORIENTED_EDGE('',*,*,#16712,.T.);
#16712 = EDGE_CURVE('',#16339,#16713,#16715,.T.);
#16713 = VERTEX_POINT('',#16714);
#16714 = CARTESIAN_POINT('',(113.65,-48.2,7.4));
#16715 = CIRCLE('',#16716,1.65);
#16716 = AXIS2_PLACEMENT_3D('',#16717,#16718,#16719);
#16717 = CARTESIAN_POINT('',(112.,-48.2,7.4));
#16718 = DIRECTION('',(0.,0.,-1.));
#16719 = DIRECTION('',(1.,0.,0.));
#16720 = ORIENTED_EDGE('',*,*,#16721,.T.);
#16721 = EDGE_CURVE('',#16713,#16451,#16722,.T.);
#16722 = CIRCLE('',#16723,1.65);
#16723 = AXIS2_PLACEMENT_3D('',#16724,#16725,#16726);
#16724 = CARTESIAN_POINT('',(112.,-48.2,7.4));
#16725 = DIRECTION('',(0.,0.,-1.));
#16726 = DIRECTION('',(1.,0.,0.));
#16727 = ORIENTED_EDGE('',*,*,#16450,.T.);
#16728 = PLANE('',#16729);
#16729 = AXIS2_PLACEMENT_3D('',#16730,#16731,#16732);
#16730 = CARTESIAN_POINT('',(112.,-48.2,7.4));
#16731 = DIRECTION('',(0.,0.,1.));
#16732 = DIRECTION('',(1.,0.,0.));
#16733 = ADVANCED_FACE('',(#16734,#16990,#17001),#17099,.T.);
#16734 = FACE_BOUND('',#16735,.T.);
#16735 = EDGE_LOOP('',(#16736,#16743,#16744,#16745,#16746,#16747,#16748,
    #16749,#16750,#16751,#16752,#16753,#16754,#16755,#16756,#16757,
    #16758,#16759,#16760,#16761,#16762,#16763,#16764,#16765,#16766,
    #16767,#16768,#16769,#16770,#16771,#16772,#16773,#16774,#16775,
    #16776,#16777,#16784,#16785,#16786,#16787,#16788,#16789,#16790,
    #16797,#16798,#16799,#16800,#16801,#16802,#16803,#16804,#16805,
    #16806,#16807,#16808,#16817,#16824,#16825,#16826,#16827,#16828,
    #16829,#16830,#16831,#16832,#16833,#16834,#16835,#16836,#16837,
    #16838,#16839,#16840,#16841,#16842,#16843,#16844,#16845,#16854,
    #16861,#16862,#16863,#16864,#16865,#16866,#16867,#16868,#16869,
    #16870,#16871,#16872,#16873,#16874,#16875,#16876,#16877,#16878,
    #16879,#16880,#16881,#16882,#16883,#16884,#16885,#16886,#16887,
    #16888,#16889,#16890,#16891,#16892,#16893,#16894,#16895,#16896,
    #16897,#16898,#16899,#16900,#16909,#16916,#16917,#16918,#16919,
    #16920,#16921,#16922,#16923,#16924,#16925,#16926,#16935,#16942,
    #16943,#16944,#16945,#16946,#16947,#16948,#16949,#16950,#16951,
    #16952,#16953,#16954,#16955,#16956,#16957,#16958,#16959,#16960,
    #16961,#16962,#16963,#16964,#16965,#16966,#16967,#16968,#16969,
    #16970,#16971,#16972,#16973,#16974,#16975,#16976,#16977,#16978,
    #16979,#16980,#16981,#16982,#16983,#16984,#16985,#16986,#16987,
    #16988,#16989));
#16736 = ORIENTED_EDGE('',*,*,#16737,.T.);
#16737 = EDGE_CURVE('',#16299,#11579,#16738,.T.);
#16738 = CIRCLE('',#16739,3.);
#16739 = AXIS2_PLACEMENT_3D('',#16740,#16741,#16742);
#16740 = CARTESIAN_POINT('',(112.,-48.2,2.5));
#16741 = DIRECTION('',(0.,0.,-1.));
#16742 = DIRECTION('',(1.,0.,0.));
#16743 = ORIENTED_EDGE('',*,*,#11578,.T.);
#16744 = ORIENTED_EDGE('',*,*,#11618,.T.);
#16745 = ORIENTED_EDGE('',*,*,#11642,.T.);
#16746 = ORIENTED_EDGE('',*,*,#11666,.T.);
#16747 = ORIENTED_EDGE('',*,*,#11690,.T.);
#16748 = ORIENTED_EDGE('',*,*,#11714,.T.);
#16749 = ORIENTED_EDGE('',*,*,#11738,.T.);
#16750 = ORIENTED_EDGE('',*,*,#11762,.T.);
#16751 = ORIENTED_EDGE('',*,*,#11786,.T.);
#16752 = ORIENTED_EDGE('',*,*,#11810,.T.);
#16753 = ORIENTED_EDGE('',*,*,#11834,.T.);
#16754 = ORIENTED_EDGE('',*,*,#11858,.T.);
#16755 = ORIENTED_EDGE('',*,*,#11882,.T.);
#16756 = ORIENTED_EDGE('',*,*,#11906,.T.);
#16757 = ORIENTED_EDGE('',*,*,#11930,.T.);
#16758 = ORIENTED_EDGE('',*,*,#11954,.T.);
#16759 = ORIENTED_EDGE('',*,*,#11978,.T.);
#16760 = ORIENTED_EDGE('',*,*,#12002,.T.);
#16761 = ORIENTED_EDGE('',*,*,#12026,.T.);
#16762 = ORIENTED_EDGE('',*,*,#12050,.T.);
#16763 = ORIENTED_EDGE('',*,*,#12074,.T.);
#16764 = ORIENTED_EDGE('',*,*,#12098,.T.);
#16765 = ORIENTED_EDGE('',*,*,#12122,.T.);
#16766 = ORIENTED_EDGE('',*,*,#12146,.T.);
#16767 = ORIENTED_EDGE('',*,*,#12170,.T.);
#16768 = ORIENTED_EDGE('',*,*,#12194,.T.);
#16769 = ORIENTED_EDGE('',*,*,#12218,.T.);
#16770 = ORIENTED_EDGE('',*,*,#12242,.T.);
#16771 = ORIENTED_EDGE('',*,*,#12266,.T.);
#16772 = ORIENTED_EDGE('',*,*,#12290,.T.);
#16773 = ORIENTED_EDGE('',*,*,#12314,.T.);
#16774 = ORIENTED_EDGE('',*,*,#12338,.T.);
#16775 = ORIENTED_EDGE('',*,*,#12362,.T.);
#16776 = ORIENTED_EDGE('',*,*,#12386,.T.);
#16777 = ORIENTED_EDGE('',*,*,#16778,.T.);
#16778 = EDGE_CURVE('',#12387,#12603,#16779,.T.);
#16779 = CIRCLE('',#16780,3.);
#16780 = AXIS2_PLACEMENT_3D('',#16781,#16782,#16783);
#16781 = CARTESIAN_POINT('',(119.5,20.4,2.5));
#16782 = DIRECTION('',(0.,0.,-1.));
#16783 = DIRECTION('',(1.,0.,0.));
#16784 = ORIENTED_EDGE('',*,*,#12602,.T.);
#16785 = ORIENTED_EDGE('',*,*,#12642,.T.);
#16786 = ORIENTED_EDGE('',*,*,#12666,.T.);
#16787 = ORIENTED_EDGE('',*,*,#12690,.T.);
#16788 = ORIENTED_EDGE('',*,*,#12714,.T.);
#16789 = ORIENTED_EDGE('',*,*,#12738,.T.);
#16790 = ORIENTED_EDGE('',*,*,#16791,.T.);
#16791 = EDGE_CURVE('',#12739,#12915,#16792,.T.);
#16792 = CIRCLE('',#16793,3.);
#16793 = AXIS2_PLACEMENT_3D('',#16794,#16795,#16796);
#16794 = CARTESIAN_POINT('',(119.,60.5,2.5));
#16795 = DIRECTION('',(0.,0.,-1.));
#16796 = DIRECTION('',(1.,0.,0.));
#16797 = ORIENTED_EDGE('',*,*,#12914,.T.);
#16798 = ORIENTED_EDGE('',*,*,#12970,.T.);
#16799 = ORIENTED_EDGE('',*,*,#12994,.T.);
#16800 = ORIENTED_EDGE('',*,*,#13018,.T.);
#16801 = ORIENTED_EDGE('',*,*,#13042,.T.);
#16802 = ORIENTED_EDGE('',*,*,#13066,.T.);
#16803 = ORIENTED_EDGE('',*,*,#13090,.T.);
#16804 = ORIENTED_EDGE('',*,*,#13114,.T.);
#16805 = ORIENTED_EDGE('',*,*,#13138,.T.);
#16806 = ORIENTED_EDGE('',*,*,#13162,.T.);
#16807 = ORIENTED_EDGE('',*,*,#13186,.T.);
#16808 = ORIENTED_EDGE('',*,*,#16809,.T.);
#16809 = EDGE_CURVE('',#13187,#16810,#16812,.T.);
#16810 = VERTEX_POINT('',#16811);
#16811 = CARTESIAN_POINT('',(79.2,57.1,2.5));
#16812 = CIRCLE('',#16813,3.);
#16813 = AXIS2_PLACEMENT_3D('',#16814,#16815,#16816);
#16814 = CARTESIAN_POINT('',(76.2,57.1,2.5));
#16815 = DIRECTION('',(0.,0.,-1.));
#16816 = DIRECTION('',(1.,0.,0.));
#16817 = ORIENTED_EDGE('',*,*,#16818,.T.);
#16818 = EDGE_CURVE('',#16810,#13283,#16819,.T.);
#16819 = CIRCLE('',#16820,3.);
#16820 = AXIS2_PLACEMENT_3D('',#16821,#16822,#16823);
#16821 = CARTESIAN_POINT('',(76.2,57.1,2.5));
#16822 = DIRECTION('',(0.,0.,-1.));
#16823 = DIRECTION('',(1.,0.,0.));
#16824 = ORIENTED_EDGE('',*,*,#13282,.T.);
#16825 = ORIENTED_EDGE('',*,*,#13322,.T.);
#16826 = ORIENTED_EDGE('',*,*,#13346,.T.);
#16827 = ORIENTED_EDGE('',*,*,#13370,.T.);
#16828 = ORIENTED_EDGE('',*,*,#13394,.T.);
#16829 = ORIENTED_EDGE('',*,*,#13418,.T.);
#16830 = ORIENTED_EDGE('',*,*,#13442,.T.);
#16831 = ORIENTED_EDGE('',*,*,#13466,.T.);
#16832 = ORIENTED_EDGE('',*,*,#13490,.T.);
#16833 = ORIENTED_EDGE('',*,*,#13514,.T.);
#16834 = ORIENTED_EDGE('',*,*,#13538,.T.);
#16835 = ORIENTED_EDGE('',*,*,#13562,.T.);
#16836 = ORIENTED_EDGE('',*,*,#13586,.T.);
#16837 = ORIENTED_EDGE('',*,*,#13610,.T.);
#16838 = ORIENTED_EDGE('',*,*,#13634,.T.);
#16839 = ORIENTED_EDGE('',*,*,#13658,.T.);
#16840 = ORIENTED_EDGE('',*,*,#13682,.T.);
#16841 = ORIENTED_EDGE('',*,*,#13706,.T.);
#16842 = ORIENTED_EDGE('',*,*,#13730,.T.);
#16843 = ORIENTED_EDGE('',*,*,#13754,.T.);
#16844 = ORIENTED_EDGE('',*,*,#13778,.T.);
#16845 = ORIENTED_EDGE('',*,*,#16846,.T.);
#16846 = EDGE_CURVE('',#13779,#16847,#16849,.T.);
#16847 = VERTEX_POINT('',#16848);
#16848 = CARTESIAN_POINT('',(41.1,66.,2.5));
#16849 = CIRCLE('',#16850,3.);
#16850 = AXIS2_PLACEMENT_3D('',#16851,#16852,#16853);
#16851 = CARTESIAN_POINT('',(38.1,66.,2.5));
#16852 = DIRECTION('',(0.,0.,-1.));
#16853 = DIRECTION('',(1.,0.,0.));
#16854 = ORIENTED_EDGE('',*,*,#16855,.T.);
#16855 = EDGE_CURVE('',#16847,#13797,#16856,.T.);
#16856 = CIRCLE('',#16857,3.);
#16857 = AXIS2_PLACEMENT_3D('',#16858,#16859,#16860);
#16858 = CARTESIAN_POINT('',(38.1,66.,2.5));
#16859 = DIRECTION('',(0.,0.,-1.));
#16860 = DIRECTION('',(1.,0.,0.));
#16861 = ORIENTED_EDGE('',*,*,#13796,.T.);
#16862 = ORIENTED_EDGE('',*,*,#13866,.T.);
#16863 = ORIENTED_EDGE('',*,*,#13890,.T.);
#16864 = ORIENTED_EDGE('',*,*,#13914,.T.);
#16865 = ORIENTED_EDGE('',*,*,#13938,.T.);
#16866 = ORIENTED_EDGE('',*,*,#13962,.T.);
#16867 = ORIENTED_EDGE('',*,*,#13986,.T.);
#16868 = ORIENTED_EDGE('',*,*,#14010,.T.);
#16869 = ORIENTED_EDGE('',*,*,#14034,.T.);
#16870 = ORIENTED_EDGE('',*,*,#14058,.T.);
#16871 = ORIENTED_EDGE('',*,*,#14082,.T.);
#16872 = ORIENTED_EDGE('',*,*,#14106,.T.);
#16873 = ORIENTED_EDGE('',*,*,#14130,.T.);
#16874 = ORIENTED_EDGE('',*,*,#14154,.T.);
#16875 = ORIENTED_EDGE('',*,*,#14178,.T.);
#16876 = ORIENTED_EDGE('',*,*,#14202,.T.);
#16877 = ORIENTED_EDGE('',*,*,#14226,.T.);
#16878 = ORIENTED_EDGE('',*,*,#14250,.T.);
#16879 = ORIENTED_EDGE('',*,*,#14274,.T.);
#16880 = ORIENTED_EDGE('',*,*,#14298,.T.);
#16881 = ORIENTED_EDGE('',*,*,#14322,.T.);
#16882 = ORIENTED_EDGE('',*,*,#14346,.T.);
#16883 = ORIENTED_EDGE('',*,*,#14370,.T.);
#16884 = ORIENTED_EDGE('',*,*,#14394,.T.);
#16885 = ORIENTED_EDGE('',*,*,#14418,.T.);
#16886 = ORIENTED_EDGE('',*,*,#14442,.T.);
#16887 = ORIENTED_EDGE('',*,*,#14466,.T.);
#16888 = ORIENTED_EDGE('',*,*,#14490,.T.);
#16889 = ORIENTED_EDGE('',*,*,#14514,.T.);
#16890 = ORIENTED_EDGE('',*,*,#14538,.T.);
#16891 = ORIENTED_EDGE('',*,*,#14562,.T.);
#16892 = ORIENTED_EDGE('',*,*,#14586,.T.);
#16893 = ORIENTED_EDGE('',*,*,#14610,.T.);
#16894 = ORIENTED_EDGE('',*,*,#14634,.T.);
#16895 = ORIENTED_EDGE('',*,*,#14658,.T.);
#16896 = ORIENTED_EDGE('',*,*,#14682,.T.);
#16897 = ORIENTED_EDGE('',*,*,#14706,.T.);
#16898 = ORIENTED_EDGE('',*,*,#14730,.T.);
#16899 = ORIENTED_EDGE('',*,*,#14754,.T.);
#16900 = ORIENTED_EDGE('',*,*,#16901,.T.);
#16901 = EDGE_CURVE('',#14755,#16902,#16904,.T.);
#16902 = VERTEX_POINT('',#16903);
#16903 = CARTESIAN_POINT('',(-8.5,22.,2.5));
#16904 = CIRCLE('',#16905,3.);
#16905 = AXIS2_PLACEMENT_3D('',#16906,#16907,#16908);
#16906 = CARTESIAN_POINT('',(-11.5,22.,2.5));
#16907 = DIRECTION('',(0.,0.,-1.));
#16908 = DIRECTION('',(1.,0.,0.));
#16909 = ORIENTED_EDGE('',*,*,#16910,.T.);
#16910 = EDGE_CURVE('',#16902,#14773,#16911,.T.);
#16911 = CIRCLE('',#16912,3.);
#16912 = AXIS2_PLACEMENT_3D('',#16913,#16914,#16915);
#16913 = CARTESIAN_POINT('',(-11.5,22.,2.5));
#16914 = DIRECTION('',(0.,0.,-1.));
#16915 = DIRECTION('',(1.,0.,0.));
#16916 = ORIENTED_EDGE('',*,*,#14772,.T.);
#16917 = ORIENTED_EDGE('',*,*,#14842,.T.);
#16918 = ORIENTED_EDGE('',*,*,#14866,.T.);
#16919 = ORIENTED_EDGE('',*,*,#14890,.T.);
#16920 = ORIENTED_EDGE('',*,*,#14914,.T.);
#16921 = ORIENTED_EDGE('',*,*,#14938,.T.);
#16922 = ORIENTED_EDGE('',*,*,#14962,.T.);
#16923 = ORIENTED_EDGE('',*,*,#14986,.T.);
#16924 = ORIENTED_EDGE('',*,*,#15010,.T.);
#16925 = ORIENTED_EDGE('',*,*,#15034,.T.);
#16926 = ORIENTED_EDGE('',*,*,#16927,.T.);
#16927 = EDGE_CURVE('',#15035,#16928,#16930,.T.);
#16928 = VERTEX_POINT('',#16929);
#16929 = CARTESIAN_POINT('',(3.,-11.5,2.5));
#16930 = CIRCLE('',#16931,3.);
#16931 = AXIS2_PLACEMENT_3D('',#16932,#16933,#16934);
#16932 = CARTESIAN_POINT('',(0.,-11.5,2.5));
#16933 = DIRECTION('',(0.,0.,-1.));
#16934 = DIRECTION('',(1.,0.,0.));
#16935 = ORIENTED_EDGE('',*,*,#16936,.T.);
#16936 = EDGE_CURVE('',#16928,#15155,#16937,.T.);
#16937 = CIRCLE('',#16938,3.);
#16938 = AXIS2_PLACEMENT_3D('',#16939,#16940,#16941);
#16939 = CARTESIAN_POINT('',(0.,-11.5,2.5));
#16940 = DIRECTION('',(0.,0.,-1.));
#16941 = DIRECTION('',(1.,0.,0.));
#16942 = ORIENTED_EDGE('',*,*,#15154,.T.);
#16943 = ORIENTED_EDGE('',*,*,#15194,.T.);
#16944 = ORIENTED_EDGE('',*,*,#15218,.T.);
#16945 = ORIENTED_EDGE('',*,*,#15242,.T.);
#16946 = ORIENTED_EDGE('',*,*,#15266,.T.);
#16947 = ORIENTED_EDGE('',*,*,#15290,.T.);
#16948 = ORIENTED_EDGE('',*,*,#15314,.T.);
#16949 = ORIENTED_EDGE('',*,*,#15338,.T.);
#16950 = ORIENTED_EDGE('',*,*,#15362,.T.);
#16951 = ORIENTED_EDGE('',*,*,#15386,.T.);
#16952 = ORIENTED_EDGE('',*,*,#15410,.T.);
#16953 = ORIENTED_EDGE('',*,*,#15434,.T.);
#16954 = ORIENTED_EDGE('',*,*,#15458,.T.);
#16955 = ORIENTED_EDGE('',*,*,#15482,.T.);
#16956 = ORIENTED_EDGE('',*,*,#15506,.T.);
#16957 = ORIENTED_EDGE('',*,*,#15530,.T.);
#16958 = ORIENTED_EDGE('',*,*,#15554,.T.);
#16959 = ORIENTED_EDGE('',*,*,#15578,.T.);
#16960 = ORIENTED_EDGE('',*,*,#15602,.T.);
#16961 = ORIENTED_EDGE('',*,*,#15626,.T.);
#16962 = ORIENTED_EDGE('',*,*,#15650,.T.);
#16963 = ORIENTED_EDGE('',*,*,#15674,.T.);
#16964 = ORIENTED_EDGE('',*,*,#15698,.T.);
#16965 = ORIENTED_EDGE('',*,*,#15722,.T.);
#16966 = ORIENTED_EDGE('',*,*,#15746,.T.);
#16967 = ORIENTED_EDGE('',*,*,#15770,.T.);
#16968 = ORIENTED_EDGE('',*,*,#15794,.T.);
#16969 = ORIENTED_EDGE('',*,*,#15818,.T.);
#16970 = ORIENTED_EDGE('',*,*,#15842,.T.);
#16971 = ORIENTED_EDGE('',*,*,#15866,.T.);
#16972 = ORIENTED_EDGE('',*,*,#15890,.T.);
#16973 = ORIENTED_EDGE('',*,*,#15914,.T.);
#16974 = ORIENTED_EDGE('',*,*,#15938,.T.);
#16975 = ORIENTED_EDGE('',*,*,#15962,.T.);
#16976 = ORIENTED_EDGE('',*,*,#15986,.T.);
#16977 = ORIENTED_EDGE('',*,*,#16010,.T.);
#16978 = ORIENTED_EDGE('',*,*,#16034,.T.);
#16979 = ORIENTED_EDGE('',*,*,#16058,.T.);
#16980 = ORIENTED_EDGE('',*,*,#16082,.T.);
#16981 = ORIENTED_EDGE('',*,*,#16106,.T.);
#16982 = ORIENTED_EDGE('',*,*,#16130,.T.);
#16983 = ORIENTED_EDGE('',*,*,#16154,.T.);
#16984 = ORIENTED_EDGE('',*,*,#16178,.T.);
#16985 = ORIENTED_EDGE('',*,*,#16202,.T.);
#16986 = ORIENTED_EDGE('',*,*,#16226,.T.);
#16987 = ORIENTED_EDGE('',*,*,#16250,.T.);
#16988 = ORIENTED_EDGE('',*,*,#16274,.T.);
#16989 = ORIENTED_EDGE('',*,*,#16298,.T.);
#16990 = FACE_BOUND('',#16991,.T.);
#16991 = EDGE_LOOP('',(#16992));
#16992 = ORIENTED_EDGE('',*,*,#16993,.T.);
#16993 = EDGE_CURVE('',#16994,#16994,#16996,.T.);
#16994 = VERTEX_POINT('',#16995);
#16995 = CARTESIAN_POINT('',(61.5,-4.4,2.5));
#16996 = CIRCLE('',#16997,3.);
#16997 = AXIS2_PLACEMENT_3D('',#16998,#16999,#17000);
#16998 = CARTESIAN_POINT('',(58.5,-4.4,2.5));
#16999 = DIRECTION('',(0.,0.,-1.));
#17000 = DIRECTION('',(1.,0.,0.));
#17001 = FACE_BOUND('',#17002,.T.);
#17002 = EDGE_LOOP('',(#17003,#17013,#17021,#17029,#17037,#17045,#17053,
    #17061,#17069,#17077,#17085,#17093));
#17003 = ORIENTED_EDGE('',*,*,#17004,.F.);
#17004 = EDGE_CURVE('',#17005,#17007,#17009,.T.);
#17005 = VERTEX_POINT('',#17006);
#17006 = CARTESIAN_POINT('',(89.8,56.6,2.5));
#17007 = VERTEX_POINT('',#17008);
#17008 = CARTESIAN_POINT('',(89.8,23.2,2.5));
#17009 = LINE('',#17010,#17011);
#17010 = CARTESIAN_POINT('',(89.8,18.242595678597,2.5));
#17011 = VECTOR('',#17012,1.);
#17012 = DIRECTION('',(0.,-1.,0.));
#17013 = ORIENTED_EDGE('',*,*,#17014,.F.);
#17014 = EDGE_CURVE('',#17015,#17005,#17017,.T.);
#17015 = VERTEX_POINT('',#17016);
#17016 = CARTESIAN_POINT('',(95.5,56.6,2.5));
#17017 = LINE('',#17018,#17019);
#17018 = CARTESIAN_POINT('',(76.663168588404,56.6,2.5));
#17019 = VECTOR('',#17020,1.);
#17020 = DIRECTION('',(-1.,0.,0.));
#17021 = ORIENTED_EDGE('',*,*,#17022,.T.);
#17022 = EDGE_CURVE('',#17015,#17023,#17025,.T.);
#17023 = VERTEX_POINT('',#17024);
#17024 = CARTESIAN_POINT('',(95.5,55.4,2.5));
#17025 = LINE('',#17026,#17027);
#17026 = CARTESIAN_POINT('',(95.5,34.342595678597,2.5));
#17027 = VECTOR('',#17028,1.);
#17028 = DIRECTION('',(0.,-1.,0.));
#17029 = ORIENTED_EDGE('',*,*,#17030,.T.);
#17030 = EDGE_CURVE('',#17023,#17031,#17033,.T.);
#17031 = VERTEX_POINT('',#17032);
#17032 = CARTESIAN_POINT('',(91.,55.4,2.5));
#17033 = LINE('',#17034,#17035);
#17034 = CARTESIAN_POINT('',(77.263168588404,55.4,2.5));
#17035 = VECTOR('',#17036,1.);
#17036 = DIRECTION('',(-1.,0.,0.));
#17037 = ORIENTED_EDGE('',*,*,#17038,.T.);
#17038 = EDGE_CURVE('',#17031,#17039,#17041,.T.);
#17039 = VERTEX_POINT('',#17040);
#17040 = CARTESIAN_POINT('',(91.,24.4,2.5));
#17041 = LINE('',#17042,#17043);
#17042 = CARTESIAN_POINT('',(91.,18.842595678597,2.5));
#17043 = VECTOR('',#17044,1.);
#17044 = DIRECTION('',(0.,-1.,0.));
#17045 = ORIENTED_EDGE('',*,*,#17046,.F.);
#17046 = EDGE_CURVE('',#17047,#17039,#17049,.T.);
#17047 = VERTEX_POINT('',#17048);
#17048 = CARTESIAN_POINT('',(112.,24.4,2.5));
#17049 = LINE('',#17050,#17051);
#17050 = CARTESIAN_POINT('',(77.263168588404,24.4,2.5));
#17051 = VECTOR('',#17052,1.);
#17052 = DIRECTION('',(-1.,0.,0.));
#17053 = ORIENTED_EDGE('',*,*,#17054,.F.);
#17054 = EDGE_CURVE('',#17055,#17047,#17057,.T.);
#17055 = VERTEX_POINT('',#17056);
#17056 = CARTESIAN_POINT('',(112.,55.4,2.5));
#17057 = LINE('',#17058,#17059);
#17058 = CARTESIAN_POINT('',(112.,18.842595678597,2.5));
#17059 = VECTOR('',#17060,1.);
#17060 = DIRECTION('',(0.,-1.,0.));
#17061 = ORIENTED_EDGE('',*,*,#17062,.T.);
#17062 = EDGE_CURVE('',#17055,#17063,#17065,.T.);
#17063 = VERTEX_POINT('',#17064);
#17064 = CARTESIAN_POINT('',(107.5,55.4,2.5));
#17065 = LINE('',#17066,#17067);
#17066 = CARTESIAN_POINT('',(85.513168588404,55.4,2.5));
#17067 = VECTOR('',#17068,1.);
#17068 = DIRECTION('',(-1.,0.,0.));
#17069 = ORIENTED_EDGE('',*,*,#17070,.F.);
#17070 = EDGE_CURVE('',#17071,#17063,#17073,.T.);
#17071 = VERTEX_POINT('',#17072);
#17072 = CARTESIAN_POINT('',(107.5,56.6,2.5));
#17073 = LINE('',#17074,#17075);
#17074 = CARTESIAN_POINT('',(107.5,34.342595678597,2.5));
#17075 = VECTOR('',#17076,1.);
#17076 = DIRECTION('',(0.,-1.,0.));
#17077 = ORIENTED_EDGE('',*,*,#17078,.F.);
#17078 = EDGE_CURVE('',#17079,#17071,#17081,.T.);
#17079 = VERTEX_POINT('',#17080);
#17080 = CARTESIAN_POINT('',(113.2,56.6,2.5));
#17081 = LINE('',#17082,#17083);
#17082 = CARTESIAN_POINT('',(85.513168588404,56.6,2.5));
#17083 = VECTOR('',#17084,1.);
#17084 = DIRECTION('',(-1.,0.,0.));
#17085 = ORIENTED_EDGE('',*,*,#17086,.T.);
#17086 = EDGE_CURVE('',#17079,#17087,#17089,.T.);
#17087 = VERTEX_POINT('',#17088);
#17088 = CARTESIAN_POINT('',(113.2,23.2,2.5));
#17089 = LINE('',#17090,#17091);
#17090 = CARTESIAN_POINT('',(113.2,18.242595678597,2.5));
#17091 = VECTOR('',#17092,1.);
#17092 = DIRECTION('',(0.,-1.,0.));
#17093 = ORIENTED_EDGE('',*,*,#17094,.T.);
#17094 = EDGE_CURVE('',#17087,#17007,#17095,.T.);
#17095 = LINE('',#17096,#17097);
#17096 = CARTESIAN_POINT('',(76.663168588404,23.2,2.5));
#17097 = VECTOR('',#17098,1.);
#17098 = DIRECTION('',(-1.,0.,0.));
#17099 = PLANE('',#17100);
#17100 = AXIS2_PLACEMENT_3D('',#17101,#17102,#17103);
#17101 = CARTESIAN_POINT('',(63.526337176808,13.285191357193,2.5));
#17102 = DIRECTION('',(0.,0.,1.));
#17103 = DIRECTION('',(1.,0.,0.));
#17104 = ADVANCED_FACE('',(#17105),#17111,.T.);
#17105 = FACE_BOUND('',#17106,.F.);
#17106 = EDGE_LOOP('',(#17107,#17108,#17109,#17110));
#17107 = ORIENTED_EDGE('',*,*,#11588,.F.);
#17108 = ORIENTED_EDGE('',*,*,#16703,.T.);
#17109 = ORIENTED_EDGE('',*,*,#16324,.T.);
#17110 = ORIENTED_EDGE('',*,*,#16737,.T.);
#17111 = CYLINDRICAL_SURFACE('',#17112,3.);
#17112 = AXIS2_PLACEMENT_3D('',#17113,#17114,#17115);
#17113 = CARTESIAN_POINT('',(112.,-48.2,0.));
#17114 = DIRECTION('',(-0.,-0.,-1.));
#17115 = DIRECTION('',(1.,0.,0.));
#17116 = ADVANCED_FACE('',(#17117),#17129,.T.);
#17117 = FACE_BOUND('',#17118,.F.);
#17118 = EDGE_LOOP('',(#17119,#17120,#17127,#17128));
#17119 = ORIENTED_EDGE('',*,*,#12612,.F.);
#17120 = ORIENTED_EDGE('',*,*,#17121,.T.);
#17121 = EDGE_CURVE('',#12613,#12421,#17122,.T.);
#17122 = CIRCLE('',#17123,3.);
#17123 = AXIS2_PLACEMENT_3D('',#17124,#17125,#17126);
#17124 = CARTESIAN_POINT('',(119.5,20.4,7.4));
#17125 = DIRECTION('',(0.,0.,1.));
#17126 = DIRECTION('',(1.,0.,0.));
#17127 = ORIENTED_EDGE('',*,*,#12428,.T.);
#17128 = ORIENTED_EDGE('',*,*,#16778,.T.);
#17129 = CYLINDRICAL_SURFACE('',#17130,3.);
#17130 = AXIS2_PLACEMENT_3D('',#17131,#17132,#17133);
#17131 = CARTESIAN_POINT('',(119.5,20.4,0.));
#17132 = DIRECTION('',(-0.,-0.,-1.));
#17133 = DIRECTION('',(1.,0.,0.));
#17134 = ADVANCED_FACE('',(#17135),#17149,.T.);
#17135 = FACE_BOUND('',#17136,.T.);
#17136 = EDGE_LOOP('',(#17137,#17138,#17139,#17140,#17141,#17148));
#17137 = ORIENTED_EDGE('',*,*,#12578,.T.);
#17138 = ORIENTED_EDGE('',*,*,#12620,.T.);
#17139 = ORIENTED_EDGE('',*,*,#17121,.T.);
#17140 = ORIENTED_EDGE('',*,*,#12420,.T.);
#17141 = ORIENTED_EDGE('',*,*,#17142,.T.);
#17142 = EDGE_CURVE('',#12413,#12539,#17143,.T.);
#17143 = CIRCLE('',#17144,1.65);
#17144 = AXIS2_PLACEMENT_3D('',#17145,#17146,#17147);
#17145 = CARTESIAN_POINT('',(119.5,20.4,7.4));
#17146 = DIRECTION('',(0.,0.,-1.));
#17147 = DIRECTION('',(1.,0.,0.));
#17148 = ORIENTED_EDGE('',*,*,#12538,.T.);
#17149 = PLANE('',#17150);
#17150 = AXIS2_PLACEMENT_3D('',#17151,#17152,#17153);
#17151 = CARTESIAN_POINT('',(119.5,20.4,7.4));
#17152 = DIRECTION('',(0.,0.,1.));
#17153 = DIRECTION('',(1.,0.,0.));
#17154 = ADVANCED_FACE('',(#17155),#17192,.F.);
#17155 = FACE_BOUND('',#17156,.T.);
#17156 = EDGE_LOOP('',(#17157,#17166,#17174,#17181,#17182,#17183,#17184,
    #17191));
#17157 = ORIENTED_EDGE('',*,*,#17158,.F.);
#17158 = EDGE_CURVE('',#17159,#17159,#17161,.T.);
#17159 = VERTEX_POINT('',#17160);
#17160 = CARTESIAN_POINT('',(121.15,20.4,2.4));
#17161 = CIRCLE('',#17162,1.65);
#17162 = AXIS2_PLACEMENT_3D('',#17163,#17164,#17165);
#17163 = CARTESIAN_POINT('',(119.5,20.4,2.4));
#17164 = DIRECTION('',(0.,0.,1.));
#17165 = DIRECTION('',(1.,0.,0.));
#17166 = ORIENTED_EDGE('',*,*,#17167,.T.);
#17167 = EDGE_CURVE('',#17159,#17168,#17170,.T.);
#17168 = VERTEX_POINT('',#17169);
#17169 = CARTESIAN_POINT('',(121.15,20.4,8.4));
#17170 = LINE('',#17171,#17172);
#17171 = CARTESIAN_POINT('',(121.15,20.4,2.4));
#17172 = VECTOR('',#17173,1.);
#17173 = DIRECTION('',(0.,0.,1.));
#17174 = ORIENTED_EDGE('',*,*,#17175,.T.);
#17175 = EDGE_CURVE('',#17168,#12549,#17176,.T.);
#17176 = CIRCLE('',#17177,1.65);
#17177 = AXIS2_PLACEMENT_3D('',#17178,#17179,#17180);
#17178 = CARTESIAN_POINT('',(119.5,20.4,8.4));
#17179 = DIRECTION('',(0.,0.,1.));
#17180 = DIRECTION('',(1.,0.,0.));
#17181 = ORIENTED_EDGE('',*,*,#12548,.T.);
#17182 = ORIENTED_EDGE('',*,*,#17142,.F.);
#17183 = ORIENTED_EDGE('',*,*,#12412,.F.);
#17184 = ORIENTED_EDGE('',*,*,#17185,.T.);
#17185 = EDGE_CURVE('',#12405,#17168,#17186,.T.);
#17186 = CIRCLE('',#17187,1.65);
#17187 = AXIS2_PLACEMENT_3D('',#17188,#17189,#17190);
#17188 = CARTESIAN_POINT('',(119.5,20.4,8.4));
#17189 = DIRECTION('',(0.,0.,1.));
#17190 = DIRECTION('',(1.,0.,0.));
#17191 = ORIENTED_EDGE('',*,*,#17167,.F.);
#17192 = CYLINDRICAL_SURFACE('',#17193,1.65);
#17193 = AXIS2_PLACEMENT_3D('',#17194,#17195,#17196);
#17194 = CARTESIAN_POINT('',(119.5,20.4,2.4));
#17195 = DIRECTION('',(-0.,-0.,-1.));
#17196 = DIRECTION('',(1.,0.,0.));
#17197 = ADVANCED_FACE('',(#17198),#17208,.F.);
#17198 = FACE_BOUND('',#17199,.F.);
#17199 = EDGE_LOOP('',(#17200,#17201,#17202,#17203,#17204,#17205,#17206,
    #17207));
#17200 = ORIENTED_EDGE('',*,*,#17185,.T.);
#17201 = ORIENTED_EDGE('',*,*,#17175,.T.);
#17202 = ORIENTED_EDGE('',*,*,#12556,.F.);
#17203 = ORIENTED_EDGE('',*,*,#12514,.F.);
#17204 = ORIENTED_EDGE('',*,*,#12490,.F.);
#17205 = ORIENTED_EDGE('',*,*,#12466,.F.);
#17206 = ORIENTED_EDGE('',*,*,#12442,.F.);
#17207 = ORIENTED_EDGE('',*,*,#12404,.F.);
#17208 = PLANE('',#17209);
#17209 = AXIS2_PLACEMENT_3D('',#17210,#17211,#17212);
#17210 = CARTESIAN_POINT('',(119.5,20.4,8.4));
#17211 = DIRECTION('',(0.,0.,1.));
#17212 = DIRECTION('',(1.,0.,0.));
#17213 = ADVANCED_FACE('',(#17214),#17226,.T.);
#17214 = FACE_BOUND('',#17215,.F.);
#17215 = EDGE_LOOP('',(#17216,#17223,#17224,#17225));
#17216 = ORIENTED_EDGE('',*,*,#17217,.T.);
#17217 = EDGE_CURVE('',#12925,#12757,#17218,.T.);
#17218 = CIRCLE('',#17219,3.);
#17219 = AXIS2_PLACEMENT_3D('',#17220,#17221,#17222);
#17220 = CARTESIAN_POINT('',(119.,60.5,7.4));
#17221 = DIRECTION('',(0.,0.,1.));
#17222 = DIRECTION('',(1.,0.,0.));
#17223 = ORIENTED_EDGE('',*,*,#12764,.T.);
#17224 = ORIENTED_EDGE('',*,*,#16791,.T.);
#17225 = ORIENTED_EDGE('',*,*,#12924,.F.);
#17226 = CYLINDRICAL_SURFACE('',#17227,3.);
#17227 = AXIS2_PLACEMENT_3D('',#17228,#17229,#17230);
#17228 = CARTESIAN_POINT('',(119.,60.5,0.));
#17229 = DIRECTION('',(-0.,-0.,-1.));
#17230 = DIRECTION('',(1.,0.,0.));
#17231 = ADVANCED_FACE('',(#17232),#17246,.T.);
#17232 = FACE_BOUND('',#17233,.T.);
#17233 = EDGE_LOOP('',(#17234,#17235,#17236,#17237,#17238,#17239));
#17234 = ORIENTED_EDGE('',*,*,#12932,.T.);
#17235 = ORIENTED_EDGE('',*,*,#17217,.T.);
#17236 = ORIENTED_EDGE('',*,*,#12756,.T.);
#17237 = ORIENTED_EDGE('',*,*,#12778,.T.);
#17238 = ORIENTED_EDGE('',*,*,#12802,.T.);
#17239 = ORIENTED_EDGE('',*,*,#17240,.T.);
#17240 = EDGE_CURVE('',#12803,#12933,#17241,.T.);
#17241 = CIRCLE('',#17242,1.65);
#17242 = AXIS2_PLACEMENT_3D('',#17243,#17244,#17245);
#17243 = CARTESIAN_POINT('',(119.,60.5,7.4));
#17244 = DIRECTION('',(0.,0.,-1.));
#17245 = DIRECTION('',(1.,0.,0.));
#17246 = PLANE('',#17247);
#17247 = AXIS2_PLACEMENT_3D('',#17248,#17249,#17250);
#17248 = CARTESIAN_POINT('',(119.,60.5,7.4));
#17249 = DIRECTION('',(0.,0.,1.));
#17250 = DIRECTION('',(1.,0.,0.));
#17251 = ADVANCED_FACE('',(#17252),#17289,.F.);
#17252 = FACE_BOUND('',#17253,.T.);
#17253 = EDGE_LOOP('',(#17254,#17263,#17271,#17278,#17279,#17280,#17281,
    #17288));
#17254 = ORIENTED_EDGE('',*,*,#17255,.F.);
#17255 = EDGE_CURVE('',#17256,#17256,#17258,.T.);
#17256 = VERTEX_POINT('',#17257);
#17257 = CARTESIAN_POINT('',(120.65,60.5,2.4));
#17258 = CIRCLE('',#17259,1.65);
#17259 = AXIS2_PLACEMENT_3D('',#17260,#17261,#17262);
#17260 = CARTESIAN_POINT('',(119.,60.5,2.4));
#17261 = DIRECTION('',(0.,0.,1.));
#17262 = DIRECTION('',(1.,0.,0.));
#17263 = ORIENTED_EDGE('',*,*,#17264,.T.);
#17264 = EDGE_CURVE('',#17256,#17265,#17267,.T.);
#17265 = VERTEX_POINT('',#17266);
#17266 = CARTESIAN_POINT('',(120.65,60.5,8.4));
#17267 = LINE('',#17268,#17269);
#17268 = CARTESIAN_POINT('',(120.65,60.5,2.4));
#17269 = VECTOR('',#17270,1.);
#17270 = DIRECTION('',(0.,0.,1.));
#17271 = ORIENTED_EDGE('',*,*,#17272,.T.);
#17272 = EDGE_CURVE('',#17265,#12941,#17273,.T.);
#17273 = CIRCLE('',#17274,1.65);
#17274 = AXIS2_PLACEMENT_3D('',#17275,#17276,#17277);
#17275 = CARTESIAN_POINT('',(119.,60.5,8.4));
#17276 = DIRECTION('',(0.,0.,1.));
#17277 = DIRECTION('',(1.,0.,0.));
#17278 = ORIENTED_EDGE('',*,*,#12940,.T.);
#17279 = ORIENTED_EDGE('',*,*,#17240,.F.);
#17280 = ORIENTED_EDGE('',*,*,#12828,.F.);
#17281 = ORIENTED_EDGE('',*,*,#17282,.T.);
#17282 = EDGE_CURVE('',#12821,#17265,#17283,.T.);
#17283 = CIRCLE('',#17284,1.65);
#17284 = AXIS2_PLACEMENT_3D('',#17285,#17286,#17287);
#17285 = CARTESIAN_POINT('',(119.,60.5,8.4));
#17286 = DIRECTION('',(0.,0.,1.));
#17287 = DIRECTION('',(1.,0.,0.));
#17288 = ORIENTED_EDGE('',*,*,#17264,.F.);
#17289 = CYLINDRICAL_SURFACE('',#17290,1.65);
#17290 = AXIS2_PLACEMENT_3D('',#17291,#17292,#17293);
#17291 = CARTESIAN_POINT('',(119.,60.5,2.4));
#17292 = DIRECTION('',(-0.,-0.,-1.));
#17293 = DIRECTION('',(1.,0.,0.));
#17294 = ADVANCED_FACE('',(#17295),#17304,.F.);
#17295 = FACE_BOUND('',#17296,.F.);
#17296 = EDGE_LOOP('',(#17297,#17298,#17299,#17300,#17301,#17302,#17303)
  );
#17297 = ORIENTED_EDGE('',*,*,#17282,.T.);
#17298 = ORIENTED_EDGE('',*,*,#17272,.T.);
#17299 = ORIENTED_EDGE('',*,*,#12948,.F.);
#17300 = ORIENTED_EDGE('',*,*,#12890,.F.);
#17301 = ORIENTED_EDGE('',*,*,#12866,.F.);
#17302 = ORIENTED_EDGE('',*,*,#12842,.F.);
#17303 = ORIENTED_EDGE('',*,*,#12820,.F.);
#17304 = PLANE('',#17305);
#17305 = AXIS2_PLACEMENT_3D('',#17306,#17307,#17308);
#17306 = CARTESIAN_POINT('',(119.,60.5,8.4));
#17307 = DIRECTION('',(0.,0.,1.));
#17308 = DIRECTION('',(1.,0.,0.));
#17309 = ADVANCED_FACE('',(#17310),#17347,.T.);
#17310 = FACE_BOUND('',#17311,.T.);
#17311 = EDGE_LOOP('',(#17312,#17313,#17322,#17329,#17330,#17339,#17346)
  );
#17312 = ORIENTED_EDGE('',*,*,#13300,.T.);
#17313 = ORIENTED_EDGE('',*,*,#17314,.T.);
#17314 = EDGE_CURVE('',#13293,#17315,#17317,.T.);
#17315 = VERTEX_POINT('',#17316);
#17316 = CARTESIAN_POINT('',(79.2,57.1,7.4));
#17317 = CIRCLE('',#17318,3.);
#17318 = AXIS2_PLACEMENT_3D('',#17319,#17320,#17321);
#17319 = CARTESIAN_POINT('',(76.2,57.1,7.4));
#17320 = DIRECTION('',(0.,0.,1.));
#17321 = DIRECTION('',(1.,0.,0.));
#17322 = ORIENTED_EDGE('',*,*,#17323,.T.);
#17323 = EDGE_CURVE('',#17315,#13221,#17324,.T.);
#17324 = CIRCLE('',#17325,3.);
#17325 = AXIS2_PLACEMENT_3D('',#17326,#17327,#17328);
#17326 = CARTESIAN_POINT('',(76.2,57.1,7.4));
#17327 = DIRECTION('',(0.,0.,1.));
#17328 = DIRECTION('',(1.,0.,0.));
#17329 = ORIENTED_EDGE('',*,*,#13220,.T.);
#17330 = ORIENTED_EDGE('',*,*,#17331,.T.);
#17331 = EDGE_CURVE('',#13213,#17332,#17334,.T.);
#17332 = VERTEX_POINT('',#17333);
#17333 = CARTESIAN_POINT('',(77.85,57.1,7.4));
#17334 = CIRCLE('',#17335,1.65);
#17335 = AXIS2_PLACEMENT_3D('',#17336,#17337,#17338);
#17336 = CARTESIAN_POINT('',(76.2,57.1,7.4));
#17337 = DIRECTION('',(0.,0.,-1.));
#17338 = DIRECTION('',(1.,0.,0.));
#17339 = ORIENTED_EDGE('',*,*,#17340,.T.);
#17340 = EDGE_CURVE('',#17332,#13243,#17341,.T.);
#17341 = CIRCLE('',#17342,1.65);
#17342 = AXIS2_PLACEMENT_3D('',#17343,#17344,#17345);
#17343 = CARTESIAN_POINT('',(76.2,57.1,7.4));
#17344 = DIRECTION('',(0.,0.,-1.));
#17345 = DIRECTION('',(1.,0.,0.));
#17346 = ORIENTED_EDGE('',*,*,#13242,.T.);
#17347 = PLANE('',#17348);
#17348 = AXIS2_PLACEMENT_3D('',#17349,#17350,#17351);
#17349 = CARTESIAN_POINT('',(76.2,57.1,7.4));
#17350 = DIRECTION('',(0.,0.,1.));
#17351 = DIRECTION('',(1.,0.,0.));
#17352 = ADVANCED_FACE('',(#17353),#17382,.F.);
#17353 = FACE_BOUND('',#17354,.T.);
#17354 = EDGE_LOOP('',(#17355,#17364,#17370,#17371,#17372,#17379,#17380,
    #17381));
#17355 = ORIENTED_EDGE('',*,*,#17356,.F.);
#17356 = EDGE_CURVE('',#17357,#17357,#17359,.T.);
#17357 = VERTEX_POINT('',#17358);
#17358 = CARTESIAN_POINT('',(77.85,57.1,2.4));
#17359 = CIRCLE('',#17360,1.65);
#17360 = AXIS2_PLACEMENT_3D('',#17361,#17362,#17363);
#17361 = CARTESIAN_POINT('',(76.2,57.1,2.4));
#17362 = DIRECTION('',(0.,0.,1.));
#17363 = DIRECTION('',(1.,0.,0.));
#17364 = ORIENTED_EDGE('',*,*,#17365,.T.);
#17365 = EDGE_CURVE('',#17357,#17332,#17366,.T.);
#17366 = LINE('',#17367,#17368);
#17367 = CARTESIAN_POINT('',(77.85,57.1,2.4));
#17368 = VECTOR('',#17369,1.);
#17369 = DIRECTION('',(0.,0.,1.));
#17370 = ORIENTED_EDGE('',*,*,#17331,.F.);
#17371 = ORIENTED_EDGE('',*,*,#13212,.F.);
#17372 = ORIENTED_EDGE('',*,*,#17373,.T.);
#17373 = EDGE_CURVE('',#13205,#13253,#17374,.T.);
#17374 = CIRCLE('',#17375,1.65);
#17375 = AXIS2_PLACEMENT_3D('',#17376,#17377,#17378);
#17376 = CARTESIAN_POINT('',(76.2,57.1,8.4));
#17377 = DIRECTION('',(0.,0.,1.));
#17378 = DIRECTION('',(1.,0.,0.));
#17379 = ORIENTED_EDGE('',*,*,#13252,.T.);
#17380 = ORIENTED_EDGE('',*,*,#17340,.F.);
#17381 = ORIENTED_EDGE('',*,*,#17365,.F.);
#17382 = CYLINDRICAL_SURFACE('',#17383,1.65);
#17383 = AXIS2_PLACEMENT_3D('',#17384,#17385,#17386);
#17384 = CARTESIAN_POINT('',(76.2,57.1,2.4));
#17385 = DIRECTION('',(-0.,-0.,-1.));
#17386 = DIRECTION('',(1.,0.,0.));
#17387 = ADVANCED_FACE('',(#17388),#17393,.F.);
#17388 = FACE_BOUND('',#17389,.F.);
#17389 = EDGE_LOOP('',(#17390,#17391,#17392));
#17390 = ORIENTED_EDGE('',*,*,#13204,.F.);
#17391 = ORIENTED_EDGE('',*,*,#17373,.T.);
#17392 = ORIENTED_EDGE('',*,*,#13260,.F.);
#17393 = PLANE('',#17394);
#17394 = AXIS2_PLACEMENT_3D('',#17395,#17396,#17397);
#17395 = CARTESIAN_POINT('',(76.2,57.1,8.4));
#17396 = DIRECTION('',(0.,0.,1.));
#17397 = DIRECTION('',(1.,0.,0.));
#17398 = ADVANCED_FACE('',(#17399),#17435,.T.);
#17399 = FACE_BOUND('',#17400,.T.);
#17400 = EDGE_LOOP('',(#17401,#17402,#17411,#17418,#17419,#17428));
#17401 = ORIENTED_EDGE('',*,*,#13812,.T.);
#17402 = ORIENTED_EDGE('',*,*,#17403,.T.);
#17403 = EDGE_CURVE('',#13805,#17404,#17406,.T.);
#17404 = VERTEX_POINT('',#17405);
#17405 = CARTESIAN_POINT('',(41.1,66.,7.4));
#17406 = CIRCLE('',#17407,3.);
#17407 = AXIS2_PLACEMENT_3D('',#17408,#17409,#17410);
#17408 = CARTESIAN_POINT('',(38.1,66.,7.4));
#17409 = DIRECTION('',(0.,0.,1.));
#17410 = DIRECTION('',(1.,0.,0.));
#17411 = ORIENTED_EDGE('',*,*,#17412,.T.);
#17412 = EDGE_CURVE('',#17404,#13845,#17413,.T.);
#17413 = CIRCLE('',#17414,3.);
#17414 = AXIS2_PLACEMENT_3D('',#17415,#17416,#17417);
#17415 = CARTESIAN_POINT('',(38.1,66.,7.4));
#17416 = DIRECTION('',(0.,0.,1.));
#17417 = DIRECTION('',(1.,0.,0.));
#17418 = ORIENTED_EDGE('',*,*,#13844,.T.);
#17419 = ORIENTED_EDGE('',*,*,#17420,.T.);
#17420 = EDGE_CURVE('',#13837,#17421,#17423,.T.);
#17421 = VERTEX_POINT('',#17422);
#17422 = CARTESIAN_POINT('',(39.75,66.,7.4));
#17423 = CIRCLE('',#17424,1.65);
#17424 = AXIS2_PLACEMENT_3D('',#17425,#17426,#17427);
#17425 = CARTESIAN_POINT('',(38.1,66.,7.4));
#17426 = DIRECTION('',(0.,0.,-1.));
#17427 = DIRECTION('',(1.,0.,0.));
#17428 = ORIENTED_EDGE('',*,*,#17429,.T.);
#17429 = EDGE_CURVE('',#17421,#13813,#17430,.T.);
#17430 = CIRCLE('',#17431,1.65);
#17431 = AXIS2_PLACEMENT_3D('',#17432,#17433,#17434);
#17432 = CARTESIAN_POINT('',(38.1,66.,7.4));
#17433 = DIRECTION('',(0.,0.,-1.));
#17434 = DIRECTION('',(1.,0.,0.));
#17435 = PLANE('',#17436);
#17436 = AXIS2_PLACEMENT_3D('',#17437,#17438,#17439);
#17437 = CARTESIAN_POINT('',(38.1,66.,7.4));
#17438 = DIRECTION('',(0.,0.,1.));
#17439 = DIRECTION('',(1.,0.,0.));
#17440 = ADVANCED_FACE('',(#17441),#17470,.F.);
#17441 = FACE_BOUND('',#17442,.T.);
#17442 = EDGE_LOOP('',(#17443,#17452,#17458,#17459,#17460,#17467,#17468,
    #17469));
#17443 = ORIENTED_EDGE('',*,*,#17444,.F.);
#17444 = EDGE_CURVE('',#17445,#17445,#17447,.T.);
#17445 = VERTEX_POINT('',#17446);
#17446 = CARTESIAN_POINT('',(39.75,66.,2.4));
#17447 = CIRCLE('',#17448,1.65);
#17448 = AXIS2_PLACEMENT_3D('',#17449,#17450,#17451);
#17449 = CARTESIAN_POINT('',(38.1,66.,2.4));
#17450 = DIRECTION('',(0.,0.,1.));
#17451 = DIRECTION('',(1.,0.,0.));
#17452 = ORIENTED_EDGE('',*,*,#17453,.T.);
#17453 = EDGE_CURVE('',#17445,#17421,#17454,.T.);
#17454 = LINE('',#17455,#17456);
#17455 = CARTESIAN_POINT('',(39.75,66.,2.4));
#17456 = VECTOR('',#17457,1.);
#17457 = DIRECTION('',(0.,0.,1.));
#17458 = ORIENTED_EDGE('',*,*,#17420,.F.);
#17459 = ORIENTED_EDGE('',*,*,#13836,.F.);
#17460 = ORIENTED_EDGE('',*,*,#17461,.T.);
#17461 = EDGE_CURVE('',#13829,#13821,#17462,.T.);
#17462 = CIRCLE('',#17463,1.65);
#17463 = AXIS2_PLACEMENT_3D('',#17464,#17465,#17466);
#17464 = CARTESIAN_POINT('',(38.1,66.,8.4));
#17465 = DIRECTION('',(0.,0.,1.));
#17466 = DIRECTION('',(1.,0.,0.));
#17467 = ORIENTED_EDGE('',*,*,#13820,.T.);
#17468 = ORIENTED_EDGE('',*,*,#17429,.F.);
#17469 = ORIENTED_EDGE('',*,*,#17453,.F.);
#17470 = CYLINDRICAL_SURFACE('',#17471,1.65);
#17471 = AXIS2_PLACEMENT_3D('',#17472,#17473,#17474);
#17472 = CARTESIAN_POINT('',(38.1,66.,2.4));
#17473 = DIRECTION('',(-0.,-0.,-1.));
#17474 = DIRECTION('',(1.,0.,0.));
#17475 = ADVANCED_FACE('',(#17476),#17480,.F.);
#17476 = FACE_BOUND('',#17477,.F.);
#17477 = EDGE_LOOP('',(#17478,#17479));
#17478 = ORIENTED_EDGE('',*,*,#13828,.F.);
#17479 = ORIENTED_EDGE('',*,*,#17461,.T.);
#17480 = PLANE('',#17481);
#17481 = AXIS2_PLACEMENT_3D('',#17482,#17483,#17484);
#17482 = CARTESIAN_POINT('',(38.1,66.,8.4));
#17483 = DIRECTION('',(0.,0.,1.));
#17484 = DIRECTION('',(1.,0.,0.));
#17485 = ADVANCED_FACE('',(#17486),#17522,.T.);
#17486 = FACE_BOUND('',#17487,.T.);
#17487 = EDGE_LOOP('',(#17488,#17489,#17498,#17505,#17506,#17515));
#17488 = ORIENTED_EDGE('',*,*,#14788,.T.);
#17489 = ORIENTED_EDGE('',*,*,#17490,.T.);
#17490 = EDGE_CURVE('',#14781,#17491,#17493,.T.);
#17491 = VERTEX_POINT('',#17492);
#17492 = CARTESIAN_POINT('',(-8.5,22.,7.4));
#17493 = CIRCLE('',#17494,3.);
#17494 = AXIS2_PLACEMENT_3D('',#17495,#17496,#17497);
#17495 = CARTESIAN_POINT('',(-11.5,22.,7.4));
#17496 = DIRECTION('',(0.,0.,1.));
#17497 = DIRECTION('',(1.,0.,0.));
#17498 = ORIENTED_EDGE('',*,*,#17499,.T.);
#17499 = EDGE_CURVE('',#17491,#14821,#17500,.T.);
#17500 = CIRCLE('',#17501,3.);
#17501 = AXIS2_PLACEMENT_3D('',#17502,#17503,#17504);
#17502 = CARTESIAN_POINT('',(-11.5,22.,7.4));
#17503 = DIRECTION('',(0.,0.,1.));
#17504 = DIRECTION('',(1.,0.,0.));
#17505 = ORIENTED_EDGE('',*,*,#14820,.T.);
#17506 = ORIENTED_EDGE('',*,*,#17507,.T.);
#17507 = EDGE_CURVE('',#14813,#17508,#17510,.T.);
#17508 = VERTEX_POINT('',#17509);
#17509 = CARTESIAN_POINT('',(-9.85,22.,7.4));
#17510 = CIRCLE('',#17511,1.65);
#17511 = AXIS2_PLACEMENT_3D('',#17512,#17513,#17514);
#17512 = CARTESIAN_POINT('',(-11.5,22.,7.4));
#17513 = DIRECTION('',(0.,0.,-1.));
#17514 = DIRECTION('',(1.,0.,0.));
#17515 = ORIENTED_EDGE('',*,*,#17516,.T.);
#17516 = EDGE_CURVE('',#17508,#14789,#17517,.T.);
#17517 = CIRCLE('',#17518,1.65);
#17518 = AXIS2_PLACEMENT_3D('',#17519,#17520,#17521);
#17519 = CARTESIAN_POINT('',(-11.5,22.,7.4));
#17520 = DIRECTION('',(0.,0.,-1.));
#17521 = DIRECTION('',(1.,0.,0.));
#17522 = PLANE('',#17523);
#17523 = AXIS2_PLACEMENT_3D('',#17524,#17525,#17526);
#17524 = CARTESIAN_POINT('',(-11.5,22.,7.4));
#17525 = DIRECTION('',(0.,0.,1.));
#17526 = DIRECTION('',(1.,0.,0.));
#17527 = ADVANCED_FACE('',(#17528),#17557,.F.);
#17528 = FACE_BOUND('',#17529,.T.);
#17529 = EDGE_LOOP('',(#17530,#17539,#17545,#17546,#17547,#17554,#17555,
    #17556));
#17530 = ORIENTED_EDGE('',*,*,#17531,.F.);
#17531 = EDGE_CURVE('',#17532,#17532,#17534,.T.);
#17532 = VERTEX_POINT('',#17533);
#17533 = CARTESIAN_POINT('',(-9.85,22.,2.4));
#17534 = CIRCLE('',#17535,1.65);
#17535 = AXIS2_PLACEMENT_3D('',#17536,#17537,#17538);
#17536 = CARTESIAN_POINT('',(-11.5,22.,2.4));
#17537 = DIRECTION('',(0.,0.,1.));
#17538 = DIRECTION('',(1.,0.,0.));
#17539 = ORIENTED_EDGE('',*,*,#17540,.T.);
#17540 = EDGE_CURVE('',#17532,#17508,#17541,.T.);
#17541 = LINE('',#17542,#17543);
#17542 = CARTESIAN_POINT('',(-9.85,22.,2.4));
#17543 = VECTOR('',#17544,1.);
#17544 = DIRECTION('',(0.,0.,1.));
#17545 = ORIENTED_EDGE('',*,*,#17507,.F.);
#17546 = ORIENTED_EDGE('',*,*,#14812,.F.);
#17547 = ORIENTED_EDGE('',*,*,#17548,.T.);
#17548 = EDGE_CURVE('',#14805,#14797,#17549,.T.);
#17549 = CIRCLE('',#17550,1.65);
#17550 = AXIS2_PLACEMENT_3D('',#17551,#17552,#17553);
#17551 = CARTESIAN_POINT('',(-11.5,22.,8.4));
#17552 = DIRECTION('',(0.,0.,1.));
#17553 = DIRECTION('',(1.,0.,0.));
#17554 = ORIENTED_EDGE('',*,*,#14796,.T.);
#17555 = ORIENTED_EDGE('',*,*,#17516,.F.);
#17556 = ORIENTED_EDGE('',*,*,#17540,.F.);
#17557 = CYLINDRICAL_SURFACE('',#17558,1.65);
#17558 = AXIS2_PLACEMENT_3D('',#17559,#17560,#17561);
#17559 = CARTESIAN_POINT('',(-11.5,22.,2.4));
#17560 = DIRECTION('',(-0.,-0.,-1.));
#17561 = DIRECTION('',(1.,0.,0.));
#17562 = ADVANCED_FACE('',(#17563),#17567,.F.);
#17563 = FACE_BOUND('',#17564,.F.);
#17564 = EDGE_LOOP('',(#17565,#17566));
#17565 = ORIENTED_EDGE('',*,*,#14804,.F.);
#17566 = ORIENTED_EDGE('',*,*,#17548,.T.);
#17567 = PLANE('',#17568);
#17568 = AXIS2_PLACEMENT_3D('',#17569,#17570,#17571);
#17569 = CARTESIAN_POINT('',(-11.5,22.,8.4));
#17570 = DIRECTION('',(0.,0.,1.));
#17571 = DIRECTION('',(1.,0.,0.));
#17572 = ADVANCED_FACE('',(#17573),#17610,.T.);
#17573 = FACE_BOUND('',#17574,.T.);
#17574 = EDGE_LOOP('',(#17575,#17576,#17585,#17592,#17593,#17602,#17609)
  );
#17575 = ORIENTED_EDGE('',*,*,#15172,.T.);
#17576 = ORIENTED_EDGE('',*,*,#17577,.T.);
#17577 = EDGE_CURVE('',#15165,#17578,#17580,.T.);
#17578 = VERTEX_POINT('',#17579);
#17579 = CARTESIAN_POINT('',(3.,-11.5,7.4));
#17580 = CIRCLE('',#17581,3.);
#17581 = AXIS2_PLACEMENT_3D('',#17582,#17583,#17584);
#17582 = CARTESIAN_POINT('',(0.,-11.5,7.4));
#17583 = DIRECTION('',(0.,0.,1.));
#17584 = DIRECTION('',(1.,0.,0.));
#17585 = ORIENTED_EDGE('',*,*,#17586,.T.);
#17586 = EDGE_CURVE('',#17578,#15069,#17587,.T.);
#17587 = CIRCLE('',#17588,3.);
#17588 = AXIS2_PLACEMENT_3D('',#17589,#17590,#17591);
#17589 = CARTESIAN_POINT('',(0.,-11.5,7.4));
#17590 = DIRECTION('',(0.,0.,1.));
#17591 = DIRECTION('',(1.,0.,0.));
#17592 = ORIENTED_EDGE('',*,*,#15068,.T.);
#17593 = ORIENTED_EDGE('',*,*,#17594,.T.);
#17594 = EDGE_CURVE('',#15061,#17595,#17597,.T.);
#17595 = VERTEX_POINT('',#17596);
#17596 = CARTESIAN_POINT('',(1.65,-11.5,7.4));
#17597 = CIRCLE('',#17598,1.65);
#17598 = AXIS2_PLACEMENT_3D('',#17599,#17600,#17601);
#17599 = CARTESIAN_POINT('',(0.,-11.5,7.4));
#17600 = DIRECTION('',(0.,0.,-1.));
#17601 = DIRECTION('',(1.,0.,0.));
#17602 = ORIENTED_EDGE('',*,*,#17603,.T.);
#17603 = EDGE_CURVE('',#17595,#15115,#17604,.T.);
#17604 = CIRCLE('',#17605,1.65);
#17605 = AXIS2_PLACEMENT_3D('',#17606,#17607,#17608);
#17606 = CARTESIAN_POINT('',(0.,-11.5,7.4));
#17607 = DIRECTION('',(0.,0.,-1.));
#17608 = DIRECTION('',(1.,0.,0.));
#17609 = ORIENTED_EDGE('',*,*,#15114,.T.);
#17610 = PLANE('',#17611);
#17611 = AXIS2_PLACEMENT_3D('',#17612,#17613,#17614);
#17612 = CARTESIAN_POINT('',(0.,-11.5,7.4));
#17613 = DIRECTION('',(0.,0.,1.));
#17614 = DIRECTION('',(1.,0.,0.));
#17615 = ADVANCED_FACE('',(#17616),#17645,.F.);
#17616 = FACE_BOUND('',#17617,.T.);
#17617 = EDGE_LOOP('',(#17618,#17627,#17633,#17634,#17635,#17642,#17643,
    #17644));
#17618 = ORIENTED_EDGE('',*,*,#17619,.F.);
#17619 = EDGE_CURVE('',#17620,#17620,#17622,.T.);
#17620 = VERTEX_POINT('',#17621);
#17621 = CARTESIAN_POINT('',(1.65,-11.5,2.4));
#17622 = CIRCLE('',#17623,1.65);
#17623 = AXIS2_PLACEMENT_3D('',#17624,#17625,#17626);
#17624 = CARTESIAN_POINT('',(0.,-11.5,2.4));
#17625 = DIRECTION('',(0.,0.,1.));
#17626 = DIRECTION('',(1.,0.,0.));
#17627 = ORIENTED_EDGE('',*,*,#17628,.T.);
#17628 = EDGE_CURVE('',#17620,#17595,#17629,.T.);
#17629 = LINE('',#17630,#17631);
#17630 = CARTESIAN_POINT('',(1.65,-11.5,2.4));
#17631 = VECTOR('',#17632,1.);
#17632 = DIRECTION('',(0.,0.,1.));
#17633 = ORIENTED_EDGE('',*,*,#17594,.F.);
#17634 = ORIENTED_EDGE('',*,*,#15060,.F.);
#17635 = ORIENTED_EDGE('',*,*,#17636,.T.);
#17636 = EDGE_CURVE('',#15053,#15125,#17637,.T.);
#17637 = CIRCLE('',#17638,1.65);
#17638 = AXIS2_PLACEMENT_3D('',#17639,#17640,#17641);
#17639 = CARTESIAN_POINT('',(0.,-11.5,8.4));
#17640 = DIRECTION('',(0.,0.,1.));
#17641 = DIRECTION('',(1.,0.,0.));
#17642 = ORIENTED_EDGE('',*,*,#15124,.T.);
#17643 = ORIENTED_EDGE('',*,*,#17603,.F.);
#17644 = ORIENTED_EDGE('',*,*,#17628,.F.);
#17645 = CYLINDRICAL_SURFACE('',#17646,1.65);
#17646 = AXIS2_PLACEMENT_3D('',#17647,#17648,#17649);
#17647 = CARTESIAN_POINT('',(0.,-11.5,2.4));
#17648 = DIRECTION('',(-0.,-0.,-1.));
#17649 = DIRECTION('',(1.,0.,0.));
#17650 = ADVANCED_FACE('',(#17651),#17657,.F.);
#17651 = FACE_BOUND('',#17652,.F.);
#17652 = EDGE_LOOP('',(#17653,#17654,#17655,#17656));
#17653 = ORIENTED_EDGE('',*,*,#15052,.F.);
#17654 = ORIENTED_EDGE('',*,*,#17636,.T.);
#17655 = ORIENTED_EDGE('',*,*,#15132,.F.);
#17656 = ORIENTED_EDGE('',*,*,#15090,.F.);
#17657 = PLANE('',#17658);
#17658 = AXIS2_PLACEMENT_3D('',#17659,#17660,#17661);
#17659 = CARTESIAN_POINT('',(0.,-11.5,8.4));
#17660 = DIRECTION('',(0.,0.,1.));
#17661 = DIRECTION('',(1.,0.,0.));
#17662 = ADVANCED_FACE('',(#17663),#17692,.F.);
#17663 = FACE_BOUND('',#17664,.T.);
#17664 = EDGE_LOOP('',(#17665,#17674,#17680,#17681,#17682,#17689,#17690,
    #17691));
#17665 = ORIENTED_EDGE('',*,*,#17666,.F.);
#17666 = EDGE_CURVE('',#17667,#17667,#17669,.T.);
#17667 = VERTEX_POINT('',#17668);
#17668 = CARTESIAN_POINT('',(113.65,-48.2,2.4));
#17669 = CIRCLE('',#17670,1.65);
#17670 = AXIS2_PLACEMENT_3D('',#17671,#17672,#17673);
#17671 = CARTESIAN_POINT('',(112.,-48.2,2.4));
#17672 = DIRECTION('',(0.,0.,1.));
#17673 = DIRECTION('',(1.,0.,0.));
#17674 = ORIENTED_EDGE('',*,*,#17675,.T.);
#17675 = EDGE_CURVE('',#17667,#16713,#17676,.T.);
#17676 = LINE('',#17677,#17678);
#17677 = CARTESIAN_POINT('',(113.65,-48.2,2.4));
#17678 = VECTOR('',#17679,1.);
#17679 = DIRECTION('',(0.,0.,1.));
#17680 = ORIENTED_EDGE('',*,*,#16712,.F.);
#17681 = ORIENTED_EDGE('',*,*,#16364,.F.);
#17682 = ORIENTED_EDGE('',*,*,#17683,.T.);
#17683 = EDGE_CURVE('',#16357,#16459,#17684,.T.);
#17684 = CIRCLE('',#17685,1.65);
#17685 = AXIS2_PLACEMENT_3D('',#17686,#17687,#17688);
#17686 = CARTESIAN_POINT('',(112.,-48.2,8.4));
#17687 = DIRECTION('',(0.,0.,1.));
#17688 = DIRECTION('',(1.,0.,0.));
#17689 = ORIENTED_EDGE('',*,*,#16458,.T.);
#17690 = ORIENTED_EDGE('',*,*,#16721,.F.);
#17691 = ORIENTED_EDGE('',*,*,#17675,.F.);
#17692 = CYLINDRICAL_SURFACE('',#17693,1.65);
#17693 = AXIS2_PLACEMENT_3D('',#17694,#17695,#17696);
#17694 = CARTESIAN_POINT('',(112.,-48.2,2.4));
#17695 = DIRECTION('',(-0.,-0.,-1.));
#17696 = DIRECTION('',(1.,0.,0.));
#17697 = ADVANCED_FACE('',(#17698),#17706,.F.);
#17698 = FACE_BOUND('',#17699,.F.);
#17699 = EDGE_LOOP('',(#17700,#17701,#17702,#17703,#17704,#17705));
#17700 = ORIENTED_EDGE('',*,*,#16356,.F.);
#17701 = ORIENTED_EDGE('',*,*,#17683,.T.);
#17702 = ORIENTED_EDGE('',*,*,#16466,.F.);
#17703 = ORIENTED_EDGE('',*,*,#16426,.F.);
#17704 = ORIENTED_EDGE('',*,*,#16402,.F.);
#17705 = ORIENTED_EDGE('',*,*,#16378,.F.);
#17706 = PLANE('',#17707);
#17707 = AXIS2_PLACEMENT_3D('',#17708,#17709,#17710);
#17708 = CARTESIAN_POINT('',(112.,-48.2,8.4));
#17709 = DIRECTION('',(0.,0.,1.));
#17710 = DIRECTION('',(1.,0.,0.));
#17711 = ADVANCED_FACE('',(#17712),#17731,.T.);
#17712 = FACE_BOUND('',#17713,.F.);
#17713 = EDGE_LOOP('',(#17714,#17715,#17723,#17730));
#17714 = ORIENTED_EDGE('',*,*,#16993,.T.);
#17715 = ORIENTED_EDGE('',*,*,#17716,.T.);
#17716 = EDGE_CURVE('',#16994,#17717,#17719,.T.);
#17717 = VERTEX_POINT('',#17718);
#17718 = CARTESIAN_POINT('',(61.5,-4.4,7.4));
#17719 = LINE('',#17720,#17721);
#17720 = CARTESIAN_POINT('',(61.5,-4.4,0.));
#17721 = VECTOR('',#17722,1.);
#17722 = DIRECTION('',(0.,0.,1.));
#17723 = ORIENTED_EDGE('',*,*,#17724,.T.);
#17724 = EDGE_CURVE('',#17717,#17717,#17725,.T.);
#17725 = CIRCLE('',#17726,3.);
#17726 = AXIS2_PLACEMENT_3D('',#17727,#17728,#17729);
#17727 = CARTESIAN_POINT('',(58.5,-4.4,7.4));
#17728 = DIRECTION('',(0.,0.,1.));
#17729 = DIRECTION('',(1.,0.,0.));
#17730 = ORIENTED_EDGE('',*,*,#17716,.F.);
#17731 = CYLINDRICAL_SURFACE('',#17732,3.);
#17732 = AXIS2_PLACEMENT_3D('',#17733,#17734,#17735);
#17733 = CARTESIAN_POINT('',(58.5,-4.4,0.));
#17734 = DIRECTION('',(-0.,-0.,-1.));
#17735 = DIRECTION('',(1.,0.,0.));
#17736 = ADVANCED_FACE('',(#17737),#17762,.T.);
#17737 = FACE_BOUND('',#17738,.T.);
#17738 = EDGE_LOOP('',(#17739,#17740,#17748,#17756));
#17739 = ORIENTED_EDGE('',*,*,#17004,.T.);
#17740 = ORIENTED_EDGE('',*,*,#17741,.T.);
#17741 = EDGE_CURVE('',#17007,#17742,#17744,.T.);
#17742 = VERTEX_POINT('',#17743);
#17743 = CARTESIAN_POINT('',(89.8,23.2,5.5));
#17744 = LINE('',#17745,#17746);
#17745 = CARTESIAN_POINT('',(89.8,23.2,2.49));
#17746 = VECTOR('',#17747,1.);
#17747 = DIRECTION('',(0.,0.,1.));
#17748 = ORIENTED_EDGE('',*,*,#17749,.T.);
#17749 = EDGE_CURVE('',#17742,#17750,#17752,.T.);
#17750 = VERTEX_POINT('',#17751);
#17751 = CARTESIAN_POINT('',(89.8,56.6,5.5));
#17752 = LINE('',#17753,#17754);
#17753 = CARTESIAN_POINT('',(89.8,23.2,5.5));
#17754 = VECTOR('',#17755,1.);
#17755 = DIRECTION('',(0.,1.,0.));
#17756 = ORIENTED_EDGE('',*,*,#17757,.F.);
#17757 = EDGE_CURVE('',#17005,#17750,#17758,.T.);
#17758 = LINE('',#17759,#17760);
#17759 = CARTESIAN_POINT('',(89.8,56.6,2.49));
#17760 = VECTOR('',#17761,1.);
#17761 = DIRECTION('',(0.,0.,1.));
#17762 = PLANE('',#17763);
#17763 = AXIS2_PLACEMENT_3D('',#17764,#17765,#17766);
#17764 = CARTESIAN_POINT('',(89.8,23.2,2.49));
#17765 = DIRECTION('',(-1.,0.,0.));
#17766 = DIRECTION('',(0.,1.,0.));
#17767 = ADVANCED_FACE('',(#17768),#17786,.F.);
#17768 = FACE_BOUND('',#17769,.F.);
#17769 = EDGE_LOOP('',(#17770,#17771,#17772,#17780));
#17770 = ORIENTED_EDGE('',*,*,#17094,.T.);
#17771 = ORIENTED_EDGE('',*,*,#17741,.T.);
#17772 = ORIENTED_EDGE('',*,*,#17773,.T.);
#17773 = EDGE_CURVE('',#17742,#17774,#17776,.T.);
#17774 = VERTEX_POINT('',#17775);
#17775 = CARTESIAN_POINT('',(113.2,23.2,5.5));
#17776 = LINE('',#17777,#17778);
#17777 = CARTESIAN_POINT('',(89.8,23.2,5.5));
#17778 = VECTOR('',#17779,1.);
#17779 = DIRECTION('',(1.,0.,0.));
#17780 = ORIENTED_EDGE('',*,*,#17781,.F.);
#17781 = EDGE_CURVE('',#17087,#17774,#17782,.T.);
#17782 = LINE('',#17783,#17784);
#17783 = CARTESIAN_POINT('',(113.2,23.2,2.49));
#17784 = VECTOR('',#17785,1.);
#17785 = DIRECTION('',(0.,0.,1.));
#17786 = PLANE('',#17787);
#17787 = AXIS2_PLACEMENT_3D('',#17788,#17789,#17790);
#17788 = CARTESIAN_POINT('',(89.8,23.2,2.49));
#17789 = DIRECTION('',(0.,1.,0.));
#17790 = DIRECTION('',(1.,0.,0.));
#17791 = ADVANCED_FACE('',(#17792),#17810,.F.);
#17792 = FACE_BOUND('',#17793,.F.);
#17793 = EDGE_LOOP('',(#17794,#17795,#17796,#17804));
#17794 = ORIENTED_EDGE('',*,*,#17086,.T.);
#17795 = ORIENTED_EDGE('',*,*,#17781,.T.);
#17796 = ORIENTED_EDGE('',*,*,#17797,.T.);
#17797 = EDGE_CURVE('',#17774,#17798,#17800,.T.);
#17798 = VERTEX_POINT('',#17799);
#17799 = CARTESIAN_POINT('',(113.2,56.6,5.5));
#17800 = LINE('',#17801,#17802);
#17801 = CARTESIAN_POINT('',(113.2,23.2,5.5));
#17802 = VECTOR('',#17803,1.);
#17803 = DIRECTION('',(0.,1.,0.));
#17804 = ORIENTED_EDGE('',*,*,#17805,.F.);
#17805 = EDGE_CURVE('',#17079,#17798,#17806,.T.);
#17806 = LINE('',#17807,#17808);
#17807 = CARTESIAN_POINT('',(113.2,56.6,2.49));
#17808 = VECTOR('',#17809,1.);
#17809 = DIRECTION('',(0.,0.,1.));
#17810 = PLANE('',#17811);
#17811 = AXIS2_PLACEMENT_3D('',#17812,#17813,#17814);
#17812 = CARTESIAN_POINT('',(113.2,23.2,2.49));
#17813 = DIRECTION('',(-1.,0.,0.));
#17814 = DIRECTION('',(0.,1.,0.));
#17815 = ADVANCED_FACE('',(#17816),#17834,.T.);
#17816 = FACE_BOUND('',#17817,.T.);
#17817 = EDGE_LOOP('',(#17818,#17819,#17827,#17833));
#17818 = ORIENTED_EDGE('',*,*,#17078,.T.);
#17819 = ORIENTED_EDGE('',*,*,#17820,.T.);
#17820 = EDGE_CURVE('',#17071,#17821,#17823,.T.);
#17821 = VERTEX_POINT('',#17822);
#17822 = CARTESIAN_POINT('',(107.5,56.6,5.5));
#17823 = LINE('',#17824,#17825);
#17824 = CARTESIAN_POINT('',(107.5,56.6,2.49));
#17825 = VECTOR('',#17826,1.);
#17826 = DIRECTION('',(0.,0.,1.));
#17827 = ORIENTED_EDGE('',*,*,#17828,.T.);
#17828 = EDGE_CURVE('',#17821,#17798,#17829,.T.);
#17829 = LINE('',#17830,#17831);
#17830 = CARTESIAN_POINT('',(89.8,56.6,5.5));
#17831 = VECTOR('',#17832,1.);
#17832 = DIRECTION('',(1.,0.,0.));
#17833 = ORIENTED_EDGE('',*,*,#17805,.F.);
#17834 = PLANE('',#17835);
#17835 = AXIS2_PLACEMENT_3D('',#17836,#17837,#17838);
#17836 = CARTESIAN_POINT('',(107.5,56.6,2.49));
#17837 = DIRECTION('',(0.,1.,0.));
#17838 = DIRECTION('',(1.,0.,0.));
#17839 = ADVANCED_FACE('',(#17840),#17858,.T.);
#17840 = FACE_BOUND('',#17841,.T.);
#17841 = EDGE_LOOP('',(#17842,#17843,#17851,#17857));
#17842 = ORIENTED_EDGE('',*,*,#17070,.T.);
#17843 = ORIENTED_EDGE('',*,*,#17844,.T.);
#17844 = EDGE_CURVE('',#17063,#17845,#17847,.T.);
#17845 = VERTEX_POINT('',#17846);
#17846 = CARTESIAN_POINT('',(107.5,55.4,5.5));
#17847 = LINE('',#17848,#17849);
#17848 = CARTESIAN_POINT('',(107.5,55.4,2.49));
#17849 = VECTOR('',#17850,1.);
#17850 = DIRECTION('',(0.,0.,1.));
#17851 = ORIENTED_EDGE('',*,*,#17852,.T.);
#17852 = EDGE_CURVE('',#17845,#17821,#17853,.T.);
#17853 = LINE('',#17854,#17855);
#17854 = CARTESIAN_POINT('',(107.5,51.7,5.5));
#17855 = VECTOR('',#17856,1.);
#17856 = DIRECTION('',(0.,1.,0.));
#17857 = ORIENTED_EDGE('',*,*,#17820,.F.);
#17858 = PLANE('',#17859);
#17859 = AXIS2_PLACEMENT_3D('',#17860,#17861,#17862);
#17860 = CARTESIAN_POINT('',(107.5,55.4,2.49));
#17861 = DIRECTION('',(-1.,0.,0.));
#17862 = DIRECTION('',(0.,1.,0.));
#17863 = ADVANCED_FACE('',(#17864),#17882,.F.);
#17864 = FACE_BOUND('',#17865,.F.);
#17865 = EDGE_LOOP('',(#17866,#17867,#17868,#17876));
#17866 = ORIENTED_EDGE('',*,*,#17062,.T.);
#17867 = ORIENTED_EDGE('',*,*,#17844,.T.);
#17868 = ORIENTED_EDGE('',*,*,#17869,.T.);
#17869 = EDGE_CURVE('',#17845,#17870,#17872,.T.);
#17870 = VERTEX_POINT('',#17871);
#17871 = CARTESIAN_POINT('',(112.,55.4,5.5));
#17872 = LINE('',#17873,#17874);
#17873 = CARTESIAN_POINT('',(91.,55.4,5.5));
#17874 = VECTOR('',#17875,1.);
#17875 = DIRECTION('',(1.,0.,0.));
#17876 = ORIENTED_EDGE('',*,*,#17877,.F.);
#17877 = EDGE_CURVE('',#17055,#17870,#17878,.T.);
#17878 = LINE('',#17879,#17880);
#17879 = CARTESIAN_POINT('',(112.,55.4,2.49));
#17880 = VECTOR('',#17881,1.);
#17881 = DIRECTION('',(0.,0.,1.));
#17882 = PLANE('',#17883);
#17883 = AXIS2_PLACEMENT_3D('',#17884,#17885,#17886);
#17884 = CARTESIAN_POINT('',(107.5,55.4,2.49));
#17885 = DIRECTION('',(0.,1.,0.));
#17886 = DIRECTION('',(1.,0.,0.));
#17887 = ADVANCED_FACE('',(#17888),#17906,.T.);
#17888 = FACE_BOUND('',#17889,.T.);
#17889 = EDGE_LOOP('',(#17890,#17891,#17899,#17905));
#17890 = ORIENTED_EDGE('',*,*,#17054,.T.);
#17891 = ORIENTED_EDGE('',*,*,#17892,.T.);
#17892 = EDGE_CURVE('',#17047,#17893,#17895,.T.);
#17893 = VERTEX_POINT('',#17894);
#17894 = CARTESIAN_POINT('',(112.,24.4,5.5));
#17895 = LINE('',#17896,#17897);
#17896 = CARTESIAN_POINT('',(112.,24.4,2.49));
#17897 = VECTOR('',#17898,1.);
#17898 = DIRECTION('',(0.,0.,1.));
#17899 = ORIENTED_EDGE('',*,*,#17900,.T.);
#17900 = EDGE_CURVE('',#17893,#17870,#17901,.T.);
#17901 = LINE('',#17902,#17903);
#17902 = CARTESIAN_POINT('',(112.,24.4,5.5));
#17903 = VECTOR('',#17904,1.);
#17904 = DIRECTION('',(0.,1.,0.));
#17905 = ORIENTED_EDGE('',*,*,#17877,.F.);
#17906 = PLANE('',#17907);
#17907 = AXIS2_PLACEMENT_3D('',#17908,#17909,#17910);
#17908 = CARTESIAN_POINT('',(112.,24.4,2.49));
#17909 = DIRECTION('',(-1.,0.,0.));
#17910 = DIRECTION('',(0.,1.,0.));
#17911 = ADVANCED_FACE('',(#17912),#17930,.T.);
#17912 = FACE_BOUND('',#17913,.T.);
#17913 = EDGE_LOOP('',(#17914,#17915,#17923,#17929));
#17914 = ORIENTED_EDGE('',*,*,#17046,.T.);
#17915 = ORIENTED_EDGE('',*,*,#17916,.T.);
#17916 = EDGE_CURVE('',#17039,#17917,#17919,.T.);
#17917 = VERTEX_POINT('',#17918);
#17918 = CARTESIAN_POINT('',(91.,24.4,5.5));
#17919 = LINE('',#17920,#17921);
#17920 = CARTESIAN_POINT('',(91.,24.4,2.49));
#17921 = VECTOR('',#17922,1.);
#17922 = DIRECTION('',(0.,0.,1.));
#17923 = ORIENTED_EDGE('',*,*,#17924,.T.);
#17924 = EDGE_CURVE('',#17917,#17893,#17925,.T.);
#17925 = LINE('',#17926,#17927);
#17926 = CARTESIAN_POINT('',(91.,24.4,5.5));
#17927 = VECTOR('',#17928,1.);
#17928 = DIRECTION('',(1.,0.,0.));
#17929 = ORIENTED_EDGE('',*,*,#17892,.F.);
#17930 = PLANE('',#17931);
#17931 = AXIS2_PLACEMENT_3D('',#17932,#17933,#17934);
#17932 = CARTESIAN_POINT('',(91.,24.4,2.49));
#17933 = DIRECTION('',(0.,1.,0.));
#17934 = DIRECTION('',(1.,0.,0.));
#17935 = ADVANCED_FACE('',(#17936),#17954,.F.);
#17936 = FACE_BOUND('',#17937,.F.);
#17937 = EDGE_LOOP('',(#17938,#17939,#17940,#17948));
#17938 = ORIENTED_EDGE('',*,*,#17038,.T.);
#17939 = ORIENTED_EDGE('',*,*,#17916,.T.);
#17940 = ORIENTED_EDGE('',*,*,#17941,.T.);
#17941 = EDGE_CURVE('',#17917,#17942,#17944,.T.);
#17942 = VERTEX_POINT('',#17943);
#17943 = CARTESIAN_POINT('',(91.,55.4,5.5));
#17944 = LINE('',#17945,#17946);
#17945 = CARTESIAN_POINT('',(91.,24.4,5.5));
#17946 = VECTOR('',#17947,1.);
#17947 = DIRECTION('',(0.,1.,0.));
#17948 = ORIENTED_EDGE('',*,*,#17949,.F.);
#17949 = EDGE_CURVE('',#17031,#17942,#17950,.T.);
#17950 = LINE('',#17951,#17952);
#17951 = CARTESIAN_POINT('',(91.,55.4,2.49));
#17952 = VECTOR('',#17953,1.);
#17953 = DIRECTION('',(0.,0.,1.));
#17954 = PLANE('',#17955);
#17955 = AXIS2_PLACEMENT_3D('',#17956,#17957,#17958);
#17956 = CARTESIAN_POINT('',(91.,24.4,2.49));
#17957 = DIRECTION('',(-1.,0.,0.));
#17958 = DIRECTION('',(0.,1.,0.));
#17959 = ADVANCED_FACE('',(#17960),#17978,.F.);
#17960 = FACE_BOUND('',#17961,.F.);
#17961 = EDGE_LOOP('',(#17962,#17963,#17964,#17972));
#17962 = ORIENTED_EDGE('',*,*,#17030,.T.);
#17963 = ORIENTED_EDGE('',*,*,#17949,.T.);
#17964 = ORIENTED_EDGE('',*,*,#17965,.T.);
#17965 = EDGE_CURVE('',#17942,#17966,#17968,.T.);
#17966 = VERTEX_POINT('',#17967);
#17967 = CARTESIAN_POINT('',(95.5,55.4,5.5));
#17968 = LINE('',#17969,#17970);
#17969 = CARTESIAN_POINT('',(91.,55.4,5.5));
#17970 = VECTOR('',#17971,1.);
#17971 = DIRECTION('',(1.,0.,0.));
#17972 = ORIENTED_EDGE('',*,*,#17973,.F.);
#17973 = EDGE_CURVE('',#17023,#17966,#17974,.T.);
#17974 = LINE('',#17975,#17976);
#17975 = CARTESIAN_POINT('',(95.5,55.4,2.49));
#17976 = VECTOR('',#17977,1.);
#17977 = DIRECTION('',(0.,0.,1.));
#17978 = PLANE('',#17979);
#17979 = AXIS2_PLACEMENT_3D('',#17980,#17981,#17982);
#17980 = CARTESIAN_POINT('',(91.,55.4,2.49));
#17981 = DIRECTION('',(0.,1.,0.));
#17982 = DIRECTION('',(1.,0.,0.));
#17983 = ADVANCED_FACE('',(#17984),#18002,.F.);
#17984 = FACE_BOUND('',#17985,.F.);
#17985 = EDGE_LOOP('',(#17986,#17987,#17988,#17996));
#17986 = ORIENTED_EDGE('',*,*,#17022,.T.);
#17987 = ORIENTED_EDGE('',*,*,#17973,.T.);
#17988 = ORIENTED_EDGE('',*,*,#17989,.T.);
#17989 = EDGE_CURVE('',#17966,#17990,#17992,.T.);
#17990 = VERTEX_POINT('',#17991);
#17991 = CARTESIAN_POINT('',(95.5,56.6,5.5));
#17992 = LINE('',#17993,#17994);
#17993 = CARTESIAN_POINT('',(95.5,51.7,5.5));
#17994 = VECTOR('',#17995,1.);
#17995 = DIRECTION('',(0.,1.,0.));
#17996 = ORIENTED_EDGE('',*,*,#17997,.F.);
#17997 = EDGE_CURVE('',#17015,#17990,#17998,.T.);
#17998 = LINE('',#17999,#18000);
#17999 = CARTESIAN_POINT('',(95.5,56.6,2.49));
#18000 = VECTOR('',#18001,1.);
#18001 = DIRECTION('',(0.,0.,1.));
#18002 = PLANE('',#18003);
#18003 = AXIS2_PLACEMENT_3D('',#18004,#18005,#18006);
#18004 = CARTESIAN_POINT('',(95.5,55.4,2.49));
#18005 = DIRECTION('',(-1.,0.,0.));
#18006 = DIRECTION('',(0.,1.,0.));
#18007 = ADVANCED_FACE('',(#18008),#18019,.T.);
#18008 = FACE_BOUND('',#18009,.T.);
#18009 = EDGE_LOOP('',(#18010,#18011,#18012,#18018));
#18010 = ORIENTED_EDGE('',*,*,#17014,.T.);
#18011 = ORIENTED_EDGE('',*,*,#17757,.T.);
#18012 = ORIENTED_EDGE('',*,*,#18013,.T.);
#18013 = EDGE_CURVE('',#17750,#17990,#18014,.T.);
#18014 = LINE('',#18015,#18016);
#18015 = CARTESIAN_POINT('',(89.8,56.6,5.5));
#18016 = VECTOR('',#18017,1.);
#18017 = DIRECTION('',(1.,0.,0.));
#18018 = ORIENTED_EDGE('',*,*,#17997,.F.);
#18019 = PLANE('',#18020);
#18020 = AXIS2_PLACEMENT_3D('',#18021,#18022,#18023);
#18021 = CARTESIAN_POINT('',(89.8,56.6,2.49));
#18022 = DIRECTION('',(0.,1.,0.));
#18023 = DIRECTION('',(1.,0.,0.));
#18024 = ADVANCED_FACE('',(#18025),#18028,.T.);
#18025 = FACE_BOUND('',#18026,.F.);
#18026 = EDGE_LOOP('',(#18027));
#18027 = ORIENTED_EDGE('',*,*,#17158,.F.);
#18028 = PLANE('',#18029);
#18029 = AXIS2_PLACEMENT_3D('',#18030,#18031,#18032);
#18030 = CARTESIAN_POINT('',(119.5,20.4,2.4));
#18031 = DIRECTION('',(0.,0.,1.));
#18032 = DIRECTION('',(1.,0.,0.));
#18033 = ADVANCED_FACE('',(#18034),#18037,.T.);
#18034 = FACE_BOUND('',#18035,.F.);
#18035 = EDGE_LOOP('',(#18036));
#18036 = ORIENTED_EDGE('',*,*,#17255,.F.);
#18037 = PLANE('',#18038);
#18038 = AXIS2_PLACEMENT_3D('',#18039,#18040,#18041);
#18039 = CARTESIAN_POINT('',(119.,60.5,2.4));
#18040 = DIRECTION('',(0.,0.,1.));
#18041 = DIRECTION('',(1.,0.,0.));
#18042 = ADVANCED_FACE('',(#18043),#18046,.T.);
#18043 = FACE_BOUND('',#18044,.F.);
#18044 = EDGE_LOOP('',(#18045));
#18045 = ORIENTED_EDGE('',*,*,#17356,.F.);
#18046 = PLANE('',#18047);
#18047 = AXIS2_PLACEMENT_3D('',#18048,#18049,#18050);
#18048 = CARTESIAN_POINT('',(76.2,57.1,2.4));
#18049 = DIRECTION('',(0.,0.,1.));
#18050 = DIRECTION('',(1.,0.,0.));
#18051 = ADVANCED_FACE('',(#18052),#18055,.T.);
#18052 = FACE_BOUND('',#18053,.F.);
#18053 = EDGE_LOOP('',(#18054));
#18054 = ORIENTED_EDGE('',*,*,#17444,.F.);
#18055 = PLANE('',#18056);
#18056 = AXIS2_PLACEMENT_3D('',#18057,#18058,#18059);
#18057 = CARTESIAN_POINT('',(38.1,66.,2.4));
#18058 = DIRECTION('',(0.,0.,1.));
#18059 = DIRECTION('',(1.,0.,0.));
#18060 = ADVANCED_FACE('',(#18061),#18064,.T.);
#18061 = FACE_BOUND('',#18062,.F.);
#18062 = EDGE_LOOP('',(#18063));
#18063 = ORIENTED_EDGE('',*,*,#17531,.F.);
#18064 = PLANE('',#18065);
#18065 = AXIS2_PLACEMENT_3D('',#18066,#18067,#18068);
#18066 = CARTESIAN_POINT('',(-11.5,22.,2.4));
#18067 = DIRECTION('',(0.,0.,1.));
#18068 = DIRECTION('',(1.,0.,0.));
#18069 = ADVANCED_FACE('',(#18070),#18073,.T.);
#18070 = FACE_BOUND('',#18071,.F.);
#18071 = EDGE_LOOP('',(#18072));
#18072 = ORIENTED_EDGE('',*,*,#17619,.F.);
#18073 = PLANE('',#18074);
#18074 = AXIS2_PLACEMENT_3D('',#18075,#18076,#18077);
#18075 = CARTESIAN_POINT('',(0.,-11.5,2.4));
#18076 = DIRECTION('',(0.,0.,1.));
#18077 = DIRECTION('',(1.,0.,0.));
#18078 = ADVANCED_FACE('',(#18079),#18082,.T.);
#18079 = FACE_BOUND('',#18080,.F.);
#18080 = EDGE_LOOP('',(#18081));
#18081 = ORIENTED_EDGE('',*,*,#17666,.F.);
#18082 = PLANE('',#18083);
#18083 = AXIS2_PLACEMENT_3D('',#18084,#18085,#18086);
#18084 = CARTESIAN_POINT('',(112.,-48.2,2.4));
#18085 = DIRECTION('',(0.,0.,1.));
#18086 = DIRECTION('',(1.,0.,0.));
#18087 = ADVANCED_FACE('',(#18088,#18091),#18102,.T.);
#18088 = FACE_BOUND('',#18089,.T.);
#18089 = EDGE_LOOP('',(#18090));
#18090 = ORIENTED_EDGE('',*,*,#17724,.T.);
#18091 = FACE_BOUND('',#18092,.T.);
#18092 = EDGE_LOOP('',(#18093));
#18093 = ORIENTED_EDGE('',*,*,#18094,.T.);
#18094 = EDGE_CURVE('',#18095,#18095,#18097,.T.);
#18095 = VERTEX_POINT('',#18096);
#18096 = CARTESIAN_POINT('',(60.15,-4.4,7.4));
#18097 = CIRCLE('',#18098,1.65);
#18098 = AXIS2_PLACEMENT_3D('',#18099,#18100,#18101);
#18099 = CARTESIAN_POINT('',(58.5,-4.4,7.4));
#18100 = DIRECTION('',(0.,0.,-1.));
#18101 = DIRECTION('',(1.,0.,0.));
#18102 = PLANE('',#18103);
#18103 = AXIS2_PLACEMENT_3D('',#18104,#18105,#18106);
#18104 = CARTESIAN_POINT('',(58.5,-4.4,7.4));
#18105 = DIRECTION('',(0.,0.,1.));
#18106 = DIRECTION('',(1.,0.,0.));
#18107 = ADVANCED_FACE('',(#18108),#18122,.T.);
#18108 = FACE_BOUND('',#18109,.T.);
#18109 = EDGE_LOOP('',(#18110,#18111,#18112,#18113,#18114,#18115,#18116,
    #18117,#18118,#18119,#18120,#18121));
#18110 = ORIENTED_EDGE('',*,*,#17749,.F.);
#18111 = ORIENTED_EDGE('',*,*,#17773,.T.);
#18112 = ORIENTED_EDGE('',*,*,#17797,.T.);
#18113 = ORIENTED_EDGE('',*,*,#17828,.F.);
#18114 = ORIENTED_EDGE('',*,*,#17852,.F.);
#18115 = ORIENTED_EDGE('',*,*,#17869,.T.);
#18116 = ORIENTED_EDGE('',*,*,#17900,.F.);
#18117 = ORIENTED_EDGE('',*,*,#17924,.F.);
#18118 = ORIENTED_EDGE('',*,*,#17941,.T.);
#18119 = ORIENTED_EDGE('',*,*,#17965,.T.);
#18120 = ORIENTED_EDGE('',*,*,#17989,.T.);
#18121 = ORIENTED_EDGE('',*,*,#18013,.F.);
#18122 = PLANE('',#18123);
#18123 = AXIS2_PLACEMENT_3D('',#18124,#18125,#18126);
#18124 = CARTESIAN_POINT('',(89.8,23.2,5.5));
#18125 = DIRECTION('',(0.,0.,1.));
#18126 = DIRECTION('',(1.,0.,0.));
#18127 = ADVANCED_FACE('',(#18128),#18147,.F.);
#18128 = FACE_BOUND('',#18129,.T.);
#18129 = EDGE_LOOP('',(#18130,#18139,#18145,#18146));
#18130 = ORIENTED_EDGE('',*,*,#18131,.F.);
#18131 = EDGE_CURVE('',#18132,#18132,#18134,.T.);
#18132 = VERTEX_POINT('',#18133);
#18133 = CARTESIAN_POINT('',(60.15,-4.4,2.4));
#18134 = CIRCLE('',#18135,1.65);
#18135 = AXIS2_PLACEMENT_3D('',#18136,#18137,#18138);
#18136 = CARTESIAN_POINT('',(58.5,-4.4,2.4));
#18137 = DIRECTION('',(0.,0.,1.));
#18138 = DIRECTION('',(1.,0.,0.));
#18139 = ORIENTED_EDGE('',*,*,#18140,.T.);
#18140 = EDGE_CURVE('',#18132,#18095,#18141,.T.);
#18141 = LINE('',#18142,#18143);
#18142 = CARTESIAN_POINT('',(60.15,-4.4,2.4));
#18143 = VECTOR('',#18144,1.);
#18144 = DIRECTION('',(0.,0.,1.));
#18145 = ORIENTED_EDGE('',*,*,#18094,.F.);
#18146 = ORIENTED_EDGE('',*,*,#18140,.F.);
#18147 = CYLINDRICAL_SURFACE('',#18148,1.65);
#18148 = AXIS2_PLACEMENT_3D('',#18149,#18150,#18151);
#18149 = CARTESIAN_POINT('',(58.5,-4.4,2.4));
#18150 = DIRECTION('',(-0.,-0.,-1.));
#18151 = DIRECTION('',(1.,0.,0.));
#18152 = ADVANCED_FACE('',(#18153),#18156,.T.);
#18153 = FACE_BOUND('',#18154,.F.);
#18154 = EDGE_LOOP('',(#18155));
#18155 = ORIENTED_EDGE('',*,*,#18131,.F.);
#18156 = PLANE('',#18157);
#18157 = AXIS2_PLACEMENT_3D('',#18158,#18159,#18160);
#18158 = CARTESIAN_POINT('',(58.5,-4.4,2.4));
#18159 = DIRECTION('',(0.,0.,1.));
#18160 = DIRECTION('',(1.,0.,0.));
#18161 = ADVANCED_FACE('',(#18162,#18462,#18473,#18484,#18495,#18506,
    #18517,#18528,#18539,#18568),#18579,.T.);
#18162 = FACE_BOUND('',#18163,.T.);
#18163 = EDGE_LOOP('',(#18164,#18165,#18166,#18167,#18168,#18169,#18170,
    #18171,#18172,#18173,#18174,#18175,#18176,#18177,#18178,#18179,
    #18180,#18181,#18182,#18183,#18184,#18185,#18186,#18187,#18188,
    #18189,#18190,#18191,#18192,#18193,#18194,#18195,#18196,#18197,
    #18198,#18199,#18200,#18201,#18202,#18203,#18204,#18205,#18206,
    #18207,#18208,#18209,#18210,#18211,#18212,#18213,#18214,#18215,
    #18216,#18217,#18218,#18219,#18220,#18221,#18222,#18223,#18224,
    #18225,#18226,#18227,#18228,#18229,#18230,#18231,#18232,#18233,
    #18234,#18235,#18236,#18237,#18238,#18239,#18240,#18241,#18242,
    #18243,#18244,#18245,#18246,#18247,#18248,#18249,#18250,#18251,
    #18252,#18253,#18254,#18255,#18256,#18257,#18258,#18259,#18260,
    #18261,#18262,#18263,#18264,#18265,#18266,#18267,#18268,#18269,
    #18270,#18271,#18272,#18273,#18274,#18275,#18276,#18277,#18278,
    #18279,#18280,#18281,#18282,#18283,#18284,#18285,#18286,#18287,
    #18288,#18289,#18290,#18291,#18292,#18293,#18294,#18295,#18296,
    #18297,#18298,#18299,#18300,#18301,#18302,#18303,#18304,#18305,
    #18306,#18307,#18308,#18309,#18310,#18311,#18312,#18313,#18314,
    #18315,#18316,#18317,#18318,#18319,#18320,#18321,#18322,#18323,
    #18324,#18325,#18326,#18327,#18328,#18329,#18330,#18331,#18332,
    #18333,#18334,#18335,#18336,#18337,#18338,#18339,#18340,#18341,
    #18342,#18343,#18344,#18345,#18346,#18347,#18348,#18349,#18350,
    #18351,#18352,#18353,#18354,#18355,#18356,#18357,#18358,#18359,
    #18360,#18361,#18362,#18363,#18364,#18365,#18366,#18367,#18368,
    #18369,#18370,#18371,#18372,#18373,#18374,#18375,#18376,#18377,
    #18378,#18379,#18380,#18381,#18382,#18383,#18384,#18385,#18386,
    #18387,#18388,#18389,#18390,#18391,#18392,#18393,#18394,#18395,
    #18396,#18397,#18398,#18399,#18400,#18401,#18402,#18403,#18404,
    #18405,#18406,#18407,#18408,#18409,#18410,#18411,#18412,#18413,
    #18414,#18415,#18416,#18417,#18418,#18419,#18420,#18421,#18422,
    #18423,#18424,#18425,#18426,#18427,#18428,#18429,#18430,#18431,
    #18432,#18433,#18434,#18435,#18436,#18437,#18438,#18439,#18440,
    #18441,#18442,#18443,#18444,#18445,#18446,#18447,#18448,#18449,
    #18450,#18451,#18452,#18453,#18454,#18455,#18456,#18457,#18458,
    #18459,#18460,#18461));
#18164 = ORIENTED_EDGE('',*,*,#79,.T.);
#18165 = ORIENTED_EDGE('',*,*,#4131,.F.);
#18166 = ORIENTED_EDGE('',*,*,#4169,.T.);
#18167 = ORIENTED_EDGE('',*,*,#16483,.F.);
#18168 = ORIENTED_EDGE('',*,*,#4211,.F.);
#18169 = ORIENTED_EDGE('',*,*,#4268,.T.);
#18170 = ORIENTED_EDGE('',*,*,#4293,.F.);
#18171 = ORIENTED_EDGE('',*,*,#4317,.T.);
#18172 = ORIENTED_EDGE('',*,*,#4342,.F.);
#18173 = ORIENTED_EDGE('',*,*,#4366,.F.);
#18174 = ORIENTED_EDGE('',*,*,#4390,.F.);
#18175 = ORIENTED_EDGE('',*,*,#4414,.F.);
#18176 = ORIENTED_EDGE('',*,*,#4438,.F.);
#18177 = ORIENTED_EDGE('',*,*,#4462,.T.);
#18178 = ORIENTED_EDGE('',*,*,#4487,.F.);
#18179 = ORIENTED_EDGE('',*,*,#4511,.T.);
#18180 = ORIENTED_EDGE('',*,*,#4536,.F.);
#18181 = ORIENTED_EDGE('',*,*,#4560,.T.);
#18182 = ORIENTED_EDGE('',*,*,#4585,.F.);
#18183 = ORIENTED_EDGE('',*,*,#4609,.T.);
#18184 = ORIENTED_EDGE('',*,*,#4634,.F.);
#18185 = ORIENTED_EDGE('',*,*,#4658,.T.);
#18186 = ORIENTED_EDGE('',*,*,#4683,.F.);
#18187 = ORIENTED_EDGE('',*,*,#4707,.T.);
#18188 = ORIENTED_EDGE('',*,*,#4732,.F.);
#18189 = ORIENTED_EDGE('',*,*,#4756,.T.);
#18190 = ORIENTED_EDGE('',*,*,#4781,.F.);
#18191 = ORIENTED_EDGE('',*,*,#4805,.T.);
#18192 = ORIENTED_EDGE('',*,*,#4830,.F.);
#18193 = ORIENTED_EDGE('',*,*,#4854,.T.);
#18194 = ORIENTED_EDGE('',*,*,#4879,.F.);
#18195 = ORIENTED_EDGE('',*,*,#4903,.F.);
#18196 = ORIENTED_EDGE('',*,*,#4927,.F.);
#18197 = ORIENTED_EDGE('',*,*,#4951,.F.);
#18198 = ORIENTED_EDGE('',*,*,#4975,.F.);
#18199 = ORIENTED_EDGE('',*,*,#4999,.F.);
#18200 = ORIENTED_EDGE('',*,*,#5023,.F.);
#18201 = ORIENTED_EDGE('',*,*,#5047,.F.);
#18202 = ORIENTED_EDGE('',*,*,#5071,.F.);
#18203 = ORIENTED_EDGE('',*,*,#5095,.F.);
#18204 = ORIENTED_EDGE('',*,*,#5119,.F.);
#18205 = ORIENTED_EDGE('',*,*,#5143,.F.);
#18206 = ORIENTED_EDGE('',*,*,#5167,.F.);
#18207 = ORIENTED_EDGE('',*,*,#5191,.F.);
#18208 = ORIENTED_EDGE('',*,*,#5215,.F.);
#18209 = ORIENTED_EDGE('',*,*,#5239,.F.);
#18210 = ORIENTED_EDGE('',*,*,#5263,.F.);
#18211 = ORIENTED_EDGE('',*,*,#5287,.T.);
#18212 = ORIENTED_EDGE('',*,*,#5312,.F.);
#18213 = ORIENTED_EDGE('',*,*,#5336,.T.);
#18214 = ORIENTED_EDGE('',*,*,#5361,.F.);
#18215 = ORIENTED_EDGE('',*,*,#5385,.T.);
#18216 = ORIENTED_EDGE('',*,*,#5410,.F.);
#18217 = ORIENTED_EDGE('',*,*,#5434,.T.);
#18218 = ORIENTED_EDGE('',*,*,#5459,.F.);
#18219 = ORIENTED_EDGE('',*,*,#5483,.T.);
#18220 = ORIENTED_EDGE('',*,*,#5508,.F.);
#18221 = ORIENTED_EDGE('',*,*,#5532,.T.);
#18222 = ORIENTED_EDGE('',*,*,#5557,.F.);
#18223 = ORIENTED_EDGE('',*,*,#5581,.T.);
#18224 = ORIENTED_EDGE('',*,*,#5606,.F.);
#18225 = ORIENTED_EDGE('',*,*,#5630,.T.);
#18226 = ORIENTED_EDGE('',*,*,#5655,.F.);
#18227 = ORIENTED_EDGE('',*,*,#5679,.T.);
#18228 = ORIENTED_EDGE('',*,*,#5704,.F.);
#18229 = ORIENTED_EDGE('',*,*,#5728,.T.);
#18230 = ORIENTED_EDGE('',*,*,#5753,.F.);
#18231 = ORIENTED_EDGE('',*,*,#5777,.T.);
#18232 = ORIENTED_EDGE('',*,*,#5802,.F.);
#18233 = ORIENTED_EDGE('',*,*,#5826,.T.);
#18234 = ORIENTED_EDGE('',*,*,#5851,.F.);
#18235 = ORIENTED_EDGE('',*,*,#5875,.T.);
#18236 = ORIENTED_EDGE('',*,*,#5900,.F.);
#18237 = ORIENTED_EDGE('',*,*,#5924,.T.);
#18238 = ORIENTED_EDGE('',*,*,#5949,.F.);
#18239 = ORIENTED_EDGE('',*,*,#5973,.F.);
#18240 = ORIENTED_EDGE('',*,*,#5997,.F.);
#18241 = ORIENTED_EDGE('',*,*,#6021,.F.);
#18242 = ORIENTED_EDGE('',*,*,#6045,.F.);
#18243 = ORIENTED_EDGE('',*,*,#6069,.F.);
#18244 = ORIENTED_EDGE('',*,*,#6093,.F.);
#18245 = ORIENTED_EDGE('',*,*,#6117,.F.);
#18246 = ORIENTED_EDGE('',*,*,#6141,.T.);
#18247 = ORIENTED_EDGE('',*,*,#6166,.F.);
#18248 = ORIENTED_EDGE('',*,*,#6190,.T.);
#18249 = ORIENTED_EDGE('',*,*,#6215,.F.);
#18250 = ORIENTED_EDGE('',*,*,#6239,.T.);
#18251 = ORIENTED_EDGE('',*,*,#6264,.F.);
#18252 = ORIENTED_EDGE('',*,*,#6288,.T.);
#18253 = ORIENTED_EDGE('',*,*,#6313,.F.);
#18254 = ORIENTED_EDGE('',*,*,#6337,.T.);
#18255 = ORIENTED_EDGE('',*,*,#6362,.F.);
#18256 = ORIENTED_EDGE('',*,*,#6386,.T.);
#18257 = ORIENTED_EDGE('',*,*,#6411,.F.);
#18258 = ORIENTED_EDGE('',*,*,#6435,.T.);
#18259 = ORIENTED_EDGE('',*,*,#6460,.F.);
#18260 = ORIENTED_EDGE('',*,*,#6484,.T.);
#18261 = ORIENTED_EDGE('',*,*,#6509,.F.);
#18262 = ORIENTED_EDGE('',*,*,#6533,.T.);
#18263 = ORIENTED_EDGE('',*,*,#6566,.F.);
#18264 = ORIENTED_EDGE('',*,*,#16520,.F.);
#18265 = ORIENTED_EDGE('',*,*,#6548,.F.);
#18266 = ORIENTED_EDGE('',*,*,#6614,.T.);
#18267 = ORIENTED_EDGE('',*,*,#6639,.F.);
#18268 = ORIENTED_EDGE('',*,*,#6663,.T.);
#18269 = ORIENTED_EDGE('',*,*,#6688,.F.);
#18270 = ORIENTED_EDGE('',*,*,#6712,.T.);
#18271 = ORIENTED_EDGE('',*,*,#6737,.F.);
#18272 = ORIENTED_EDGE('',*,*,#6761,.T.);
#18273 = ORIENTED_EDGE('',*,*,#6786,.F.);
#18274 = ORIENTED_EDGE('',*,*,#6810,.T.);
#18275 = ORIENTED_EDGE('',*,*,#6835,.F.);
#18276 = ORIENTED_EDGE('',*,*,#6859,.T.);
#18277 = ORIENTED_EDGE('',*,*,#6884,.F.);
#18278 = ORIENTED_EDGE('',*,*,#6908,.T.);
#18279 = ORIENTED_EDGE('',*,*,#6933,.F.);
#18280 = ORIENTED_EDGE('',*,*,#6957,.T.);
#18281 = ORIENTED_EDGE('',*,*,#6982,.F.);
#18282 = ORIENTED_EDGE('',*,*,#7006,.T.);
#18283 = ORIENTED_EDGE('',*,*,#7031,.F.);
#18284 = ORIENTED_EDGE('',*,*,#7055,.F.);
#18285 = ORIENTED_EDGE('',*,*,#7079,.F.);
#18286 = ORIENTED_EDGE('',*,*,#7103,.F.);
#18287 = ORIENTED_EDGE('',*,*,#7127,.F.);
#18288 = ORIENTED_EDGE('',*,*,#7151,.F.);
#18289 = ORIENTED_EDGE('',*,*,#7175,.F.);
#18290 = ORIENTED_EDGE('',*,*,#7199,.F.);
#18291 = ORIENTED_EDGE('',*,*,#7223,.F.);
#18292 = ORIENTED_EDGE('',*,*,#7247,.T.);
#18293 = ORIENTED_EDGE('',*,*,#7272,.F.);
#18294 = ORIENTED_EDGE('',*,*,#7296,.T.);
#18295 = ORIENTED_EDGE('',*,*,#7321,.F.);
#18296 = ORIENTED_EDGE('',*,*,#7345,.T.);
#18297 = ORIENTED_EDGE('',*,*,#7370,.F.);
#18298 = ORIENTED_EDGE('',*,*,#7394,.T.);
#18299 = ORIENTED_EDGE('',*,*,#7419,.F.);
#18300 = ORIENTED_EDGE('',*,*,#7443,.T.);
#18301 = ORIENTED_EDGE('',*,*,#7468,.F.);
#18302 = ORIENTED_EDGE('',*,*,#7492,.T.);
#18303 = ORIENTED_EDGE('',*,*,#7517,.F.);
#18304 = ORIENTED_EDGE('',*,*,#7541,.T.);
#18305 = ORIENTED_EDGE('',*,*,#7566,.F.);
#18306 = ORIENTED_EDGE('',*,*,#7590,.T.);
#18307 = ORIENTED_EDGE('',*,*,#7615,.F.);
#18308 = ORIENTED_EDGE('',*,*,#7639,.F.);
#18309 = ORIENTED_EDGE('',*,*,#7663,.F.);
#18310 = ORIENTED_EDGE('',*,*,#7687,.F.);
#18311 = ORIENTED_EDGE('',*,*,#7711,.F.);
#18312 = ORIENTED_EDGE('',*,*,#7735,.F.);
#18313 = ORIENTED_EDGE('',*,*,#7759,.F.);
#18314 = ORIENTED_EDGE('',*,*,#7783,.F.);
#18315 = ORIENTED_EDGE('',*,*,#7807,.T.);
#18316 = ORIENTED_EDGE('',*,*,#7832,.F.);
#18317 = ORIENTED_EDGE('',*,*,#7856,.T.);
#18318 = ORIENTED_EDGE('',*,*,#7881,.F.);
#18319 = ORIENTED_EDGE('',*,*,#7905,.T.);
#18320 = ORIENTED_EDGE('',*,*,#7930,.F.);
#18321 = ORIENTED_EDGE('',*,*,#7954,.T.);
#18322 = ORIENTED_EDGE('',*,*,#7979,.F.);
#18323 = ORIENTED_EDGE('',*,*,#8003,.T.);
#18324 = ORIENTED_EDGE('',*,*,#8028,.F.);
#18325 = ORIENTED_EDGE('',*,*,#8052,.T.);
#18326 = ORIENTED_EDGE('',*,*,#8085,.F.);
#18327 = ORIENTED_EDGE('',*,*,#16554,.F.);
#18328 = ORIENTED_EDGE('',*,*,#8067,.F.);
#18329 = ORIENTED_EDGE('',*,*,#8133,.T.);
#18330 = ORIENTED_EDGE('',*,*,#8158,.F.);
#18331 = ORIENTED_EDGE('',*,*,#8182,.T.);
#18332 = ORIENTED_EDGE('',*,*,#8207,.F.);
#18333 = ORIENTED_EDGE('',*,*,#8231,.T.);
#18334 = ORIENTED_EDGE('',*,*,#8256,.F.);
#18335 = ORIENTED_EDGE('',*,*,#8280,.T.);
#18336 = ORIENTED_EDGE('',*,*,#8305,.F.);
#18337 = ORIENTED_EDGE('',*,*,#8329,.T.);
#18338 = ORIENTED_EDGE('',*,*,#8354,.F.);
#18339 = ORIENTED_EDGE('',*,*,#8378,.T.);
#18340 = ORIENTED_EDGE('',*,*,#8403,.F.);
#18341 = ORIENTED_EDGE('',*,*,#8427,.T.);
#18342 = ORIENTED_EDGE('',*,*,#8452,.F.);
#18343 = ORIENTED_EDGE('',*,*,#8476,.F.);
#18344 = ORIENTED_EDGE('',*,*,#8500,.F.);
#18345 = ORIENTED_EDGE('',*,*,#8524,.F.);
#18346 = ORIENTED_EDGE('',*,*,#8548,.F.);
#18347 = ORIENTED_EDGE('',*,*,#8572,.F.);
#18348 = ORIENTED_EDGE('',*,*,#8596,.F.);
#18349 = ORIENTED_EDGE('',*,*,#8620,.T.);
#18350 = ORIENTED_EDGE('',*,*,#8645,.F.);
#18351 = ORIENTED_EDGE('',*,*,#8669,.T.);
#18352 = ORIENTED_EDGE('',*,*,#8694,.F.);
#18353 = ORIENTED_EDGE('',*,*,#8718,.T.);
#18354 = ORIENTED_EDGE('',*,*,#8743,.F.);
#18355 = ORIENTED_EDGE('',*,*,#8767,.T.);
#18356 = ORIENTED_EDGE('',*,*,#8792,.F.);
#18357 = ORIENTED_EDGE('',*,*,#8816,.T.);
#18358 = ORIENTED_EDGE('',*,*,#8841,.F.);
#18359 = ORIENTED_EDGE('',*,*,#8865,.F.);
#18360 = ORIENTED_EDGE('',*,*,#8889,.F.);
#18361 = ORIENTED_EDGE('',*,*,#8913,.F.);
#18362 = ORIENTED_EDGE('',*,*,#8945,.F.);
#18363 = ORIENTED_EDGE('',*,*,#16588,.F.);
#18364 = ORIENTED_EDGE('',*,*,#8927,.F.);
#18365 = ORIENTED_EDGE('',*,*,#8993,.F.);
#18366 = ORIENTED_EDGE('',*,*,#9017,.F.);
#18367 = ORIENTED_EDGE('',*,*,#9041,.F.);
#18368 = ORIENTED_EDGE('',*,*,#9065,.F.);
#18369 = ORIENTED_EDGE('',*,*,#9089,.F.);
#18370 = ORIENTED_EDGE('',*,*,#9113,.T.);
#18371 = ORIENTED_EDGE('',*,*,#9138,.F.);
#18372 = ORIENTED_EDGE('',*,*,#9162,.T.);
#18373 = ORIENTED_EDGE('',*,*,#9187,.F.);
#18374 = ORIENTED_EDGE('',*,*,#9211,.T.);
#18375 = ORIENTED_EDGE('',*,*,#9236,.F.);
#18376 = ORIENTED_EDGE('',*,*,#9260,.T.);
#18377 = ORIENTED_EDGE('',*,*,#9285,.F.);
#18378 = ORIENTED_EDGE('',*,*,#9309,.T.);
#18379 = ORIENTED_EDGE('',*,*,#9334,.F.);
#18380 = ORIENTED_EDGE('',*,*,#9348,.T.);
#18381 = ORIENTED_EDGE('',*,*,#16622,.F.);
#18382 = ORIENTED_EDGE('',*,*,#9390,.F.);
#18383 = ORIENTED_EDGE('',*,*,#9447,.T.);
#18384 = ORIENTED_EDGE('',*,*,#9472,.F.);
#18385 = ORIENTED_EDGE('',*,*,#9496,.T.);
#18386 = ORIENTED_EDGE('',*,*,#9521,.F.);
#18387 = ORIENTED_EDGE('',*,*,#9545,.T.);
#18388 = ORIENTED_EDGE('',*,*,#9570,.F.);
#18389 = ORIENTED_EDGE('',*,*,#9594,.T.);
#18390 = ORIENTED_EDGE('',*,*,#9619,.F.);
#18391 = ORIENTED_EDGE('',*,*,#9643,.T.);
#18392 = ORIENTED_EDGE('',*,*,#9668,.F.);
#18393 = ORIENTED_EDGE('',*,*,#9692,.T.);
#18394 = ORIENTED_EDGE('',*,*,#9717,.F.);
#18395 = ORIENTED_EDGE('',*,*,#9741,.T.);
#18396 = ORIENTED_EDGE('',*,*,#9766,.F.);
#18397 = ORIENTED_EDGE('',*,*,#9790,.T.);
#18398 = ORIENTED_EDGE('',*,*,#9815,.F.);
#18399 = ORIENTED_EDGE('',*,*,#9839,.T.);
#18400 = ORIENTED_EDGE('',*,*,#9864,.F.);
#18401 = ORIENTED_EDGE('',*,*,#9888,.T.);
#18402 = ORIENTED_EDGE('',*,*,#9913,.F.);
#18403 = ORIENTED_EDGE('',*,*,#9937,.T.);
#18404 = ORIENTED_EDGE('',*,*,#9970,.F.);
#18405 = ORIENTED_EDGE('',*,*,#16683,.F.);
#18406 = ORIENTED_EDGE('',*,*,#9992,.F.);
#18407 = ORIENTED_EDGE('',*,*,#10049,.T.);
#18408 = ORIENTED_EDGE('',*,*,#10074,.F.);
#18409 = ORIENTED_EDGE('',*,*,#10098,.F.);
#18410 = ORIENTED_EDGE('',*,*,#10122,.F.);
#18411 = ORIENTED_EDGE('',*,*,#10146,.F.);
#18412 = ORIENTED_EDGE('',*,*,#10170,.F.);
#18413 = ORIENTED_EDGE('',*,*,#10194,.F.);
#18414 = ORIENTED_EDGE('',*,*,#10218,.F.);
#18415 = ORIENTED_EDGE('',*,*,#10242,.F.);
#18416 = ORIENTED_EDGE('',*,*,#10266,.F.);
#18417 = ORIENTED_EDGE('',*,*,#10290,.F.);
#18418 = ORIENTED_EDGE('',*,*,#10314,.F.);
#18419 = ORIENTED_EDGE('',*,*,#10338,.F.);
#18420 = ORIENTED_EDGE('',*,*,#10362,.F.);
#18421 = ORIENTED_EDGE('',*,*,#10386,.F.);
#18422 = ORIENTED_EDGE('',*,*,#10410,.F.);
#18423 = ORIENTED_EDGE('',*,*,#10434,.F.);
#18424 = ORIENTED_EDGE('',*,*,#10458,.F.);
#18425 = ORIENTED_EDGE('',*,*,#10482,.T.);
#18426 = ORIENTED_EDGE('',*,*,#10507,.F.);
#18427 = ORIENTED_EDGE('',*,*,#10531,.T.);
#18428 = ORIENTED_EDGE('',*,*,#10556,.F.);
#18429 = ORIENTED_EDGE('',*,*,#10580,.F.);
#18430 = ORIENTED_EDGE('',*,*,#10604,.T.);
#18431 = ORIENTED_EDGE('',*,*,#10629,.F.);
#18432 = ORIENTED_EDGE('',*,*,#10653,.T.);
#18433 = ORIENTED_EDGE('',*,*,#10678,.F.);
#18434 = ORIENTED_EDGE('',*,*,#10702,.T.);
#18435 = ORIENTED_EDGE('',*,*,#10727,.F.);
#18436 = ORIENTED_EDGE('',*,*,#10751,.T.);
#18437 = ORIENTED_EDGE('',*,*,#10776,.F.);
#18438 = ORIENTED_EDGE('',*,*,#10800,.T.);
#18439 = ORIENTED_EDGE('',*,*,#10825,.F.);
#18440 = ORIENTED_EDGE('',*,*,#10849,.T.);
#18441 = ORIENTED_EDGE('',*,*,#10874,.F.);
#18442 = ORIENTED_EDGE('',*,*,#10898,.T.);
#18443 = ORIENTED_EDGE('',*,*,#10923,.F.);
#18444 = ORIENTED_EDGE('',*,*,#10947,.T.);
#18445 = ORIENTED_EDGE('',*,*,#10972,.F.);
#18446 = ORIENTED_EDGE('',*,*,#10996,.T.);
#18447 = ORIENTED_EDGE('',*,*,#11021,.F.);
#18448 = ORIENTED_EDGE('',*,*,#11045,.T.);
#18449 = ORIENTED_EDGE('',*,*,#11070,.F.);
#18450 = ORIENTED_EDGE('',*,*,#11094,.T.);
#18451 = ORIENTED_EDGE('',*,*,#11119,.F.);
#18452 = ORIENTED_EDGE('',*,*,#11143,.T.);
#18453 = ORIENTED_EDGE('',*,*,#11168,.F.);
#18454 = ORIENTED_EDGE('',*,*,#11192,.T.);
#18455 = ORIENTED_EDGE('',*,*,#11217,.F.);
#18456 = ORIENTED_EDGE('',*,*,#11241,.T.);
#18457 = ORIENTED_EDGE('',*,*,#11266,.F.);
#18458 = ORIENTED_EDGE('',*,*,#11283,.T.);
#18459 = ORIENTED_EDGE('',*,*,#4155,.F.);
#18460 = ORIENTED_EDGE('',*,*,#112,.T.);
#18461 = ORIENTED_EDGE('',*,*,#47,.F.);
#18462 = FACE_BOUND('',#18463,.T.);
#18463 = EDGE_LOOP('',(#18464));
#18464 = ORIENTED_EDGE('',*,*,#18465,.F.);
#18465 = EDGE_CURVE('',#18466,#18466,#18468,.T.);
#18466 = VERTEX_POINT('',#18467);
#18467 = CARTESIAN_POINT('',(88.3,28.,0.));
#18468 = CIRCLE('',#18469,28.3);
#18469 = AXIS2_PLACEMENT_3D('',#18470,#18471,#18472);
#18470 = CARTESIAN_POINT('',(60.,28.,0.));
#18471 = DIRECTION('',(0.,0.,-1.));
#18472 = DIRECTION('',(1.,0.,0.));
#18473 = FACE_BOUND('',#18474,.T.);
#18474 = EDGE_LOOP('',(#18475));
#18475 = ORIENTED_EDGE('',*,*,#18476,.F.);
#18476 = EDGE_CURVE('',#18477,#18477,#18479,.T.);
#18477 = VERTEX_POINT('',#18478);
#18478 = CARTESIAN_POINT('',(1.3,-4.,0.));
#18479 = CIRCLE('',#18480,5.3);
#18480 = AXIS2_PLACEMENT_3D('',#18481,#18482,#18483);
#18481 = CARTESIAN_POINT('',(-4.,-4.,0.));
#18482 = DIRECTION('',(0.,0.,-1.));
#18483 = DIRECTION('',(1.,0.,0.));
#18484 = FACE_BOUND('',#18485,.T.);
#18485 = EDGE_LOOP('',(#18486));
#18486 = ORIENTED_EDGE('',*,*,#18487,.F.);
#18487 = EDGE_CURVE('',#18488,#18488,#18490,.T.);
#18488 = VERTEX_POINT('',#18489);
#18489 = CARTESIAN_POINT('',(20.3,20.,0.));
#18490 = CIRCLE('',#18491,5.3);
#18491 = AXIS2_PLACEMENT_3D('',#18492,#18493,#18494);
#18492 = CARTESIAN_POINT('',(15.,20.,0.));
#18493 = DIRECTION('',(0.,0.,-1.));
#18494 = DIRECTION('',(1.,0.,0.));
#18495 = FACE_BOUND('',#18496,.T.);
#18496 = EDGE_LOOP('',(#18497));
#18497 = ORIENTED_EDGE('',*,*,#18498,.F.);
#18498 = EDGE_CURVE('',#18499,#18499,#18501,.T.);
#18499 = VERTEX_POINT('',#18500);
#18500 = CARTESIAN_POINT('',(76.8,-15.5,0.));
#18501 = CIRCLE('',#18502,5.3);
#18502 = AXIS2_PLACEMENT_3D('',#18503,#18504,#18505);
#18503 = CARTESIAN_POINT('',(71.5,-15.5,0.));
#18504 = DIRECTION('',(0.,0.,-1.));
#18505 = DIRECTION('',(1.,0.,0.));
#18506 = FACE_BOUND('',#18507,.T.);
#18507 = EDGE_LOOP('',(#18508));
#18508 = ORIENTED_EDGE('',*,*,#18509,.F.);
#18509 = EDGE_CURVE('',#18510,#18510,#18512,.T.);
#18510 = VERTEX_POINT('',#18511);
#18511 = CARTESIAN_POINT('',(117.,-31.7,0.));
#18512 = CIRCLE('',#18513,5.3);
#18513 = AXIS2_PLACEMENT_3D('',#18514,#18515,#18516);
#18514 = CARTESIAN_POINT('',(111.7,-31.7,0.));
#18515 = DIRECTION('',(0.,0.,-1.));
#18516 = DIRECTION('',(1.,0.,0.));
#18517 = FACE_BOUND('',#18518,.T.);
#18518 = EDGE_LOOP('',(#18519));
#18519 = ORIENTED_EDGE('',*,*,#18520,.F.);
#18520 = EDGE_CURVE('',#18521,#18521,#18523,.T.);
#18521 = VERTEX_POINT('',#18522);
#18522 = CARTESIAN_POINT('',(1.3,42.,0.));
#18523 = CIRCLE('',#18524,5.3);
#18524 = AXIS2_PLACEMENT_3D('',#18525,#18526,#18527);
#18525 = CARTESIAN_POINT('',(-4.,42.,0.));
#18526 = DIRECTION('',(0.,0.,-1.));
#18527 = DIRECTION('',(1.,0.,0.));
#18528 = FACE_BOUND('',#18529,.T.);
#18529 = EDGE_LOOP('',(#18530));
#18530 = ORIENTED_EDGE('',*,*,#18531,.F.);
#18531 = EDGE_CURVE('',#18532,#18532,#18534,.T.);
#18532 = VERTEX_POINT('',#18533);
#18533 = CARTESIAN_POINT('',(117.3,31.9,0.));
#18534 = CIRCLE('',#18535,5.3);
#18535 = AXIS2_PLACEMENT_3D('',#18536,#18537,#18538);
#18536 = CARTESIAN_POINT('',(112.,31.9,0.));
#18537 = DIRECTION('',(0.,0.,-1.));
#18538 = DIRECTION('',(1.,0.,0.));
#18539 = FACE_BOUND('',#18540,.T.);
#18540 = EDGE_LOOP('',(#18541,#18552,#18561));
#18541 = ORIENTED_EDGE('',*,*,#18542,.F.);
#18542 = EDGE_CURVE('',#18543,#18545,#18547,.T.);
#18543 = VERTEX_POINT('',#18544);
#18544 = CARTESIAN_POINT('',(43.4,58.,0.));
#18545 = VERTEX_POINT('',#18546);
#18546 = CARTESIAN_POINT('',(37.041013345516,63.193125,0.));
#18547 = CIRCLE('',#18548,5.3);
#18548 = AXIS2_PLACEMENT_3D('',#18549,#18550,#18551);
#18549 = CARTESIAN_POINT('',(38.1,58.,0.));
#18550 = DIRECTION('',(0.,0.,-1.));
#18551 = DIRECTION('',(1.,0.,0.));
#18552 = ORIENTED_EDGE('',*,*,#18553,.F.);
#18553 = EDGE_CURVE('',#18554,#18543,#18556,.T.);
#18554 = VERTEX_POINT('',#18555);
#18555 = CARTESIAN_POINT('',(39.158986654484,63.193125,0.));
#18556 = CIRCLE('',#18557,5.3);
#18557 = AXIS2_PLACEMENT_3D('',#18558,#18559,#18560);
#18558 = CARTESIAN_POINT('',(38.1,58.,0.));
#18559 = DIRECTION('',(0.,0.,-1.));
#18560 = DIRECTION('',(1.,0.,0.));
#18561 = ORIENTED_EDGE('',*,*,#18562,.F.);
#18562 = EDGE_CURVE('',#18545,#18554,#18563,.T.);
#18563 = CIRCLE('',#18564,5.3);
#18564 = AXIS2_PLACEMENT_3D('',#18565,#18566,#18567);
#18565 = CARTESIAN_POINT('',(38.1,58.,0.));
#18566 = DIRECTION('',(0.,0.,-1.));
#18567 = DIRECTION('',(1.,0.,0.));
#18568 = FACE_BOUND('',#18569,.T.);
#18569 = EDGE_LOOP('',(#18570));
#18570 = ORIENTED_EDGE('',*,*,#18571,.F.);
#18571 = EDGE_CURVE('',#18572,#18572,#18574,.T.);
#18572 = VERTEX_POINT('',#18573);
#18573 = CARTESIAN_POINT('',(119.3,53.,0.));
#18574 = CIRCLE('',#18575,5.3);
#18575 = AXIS2_PLACEMENT_3D('',#18576,#18577,#18578);
#18576 = CARTESIAN_POINT('',(114.,53.,0.));
#18577 = DIRECTION('',(0.,0.,-1.));
#18578 = DIRECTION('',(1.,0.,0.));
#18579 = PLANE('',#18580);
#18580 = AXIS2_PLACEMENT_3D('',#18581,#18582,#18583);
#18581 = CARTESIAN_POINT('',(63.86538844648,13.175429301325,0.));
#18582 = DIRECTION('',(-0.,-0.,-1.));
#18583 = DIRECTION('',(-1.,0.,0.));
#18584 = ADVANCED_FACE('',(#18585),#18604,.F.);
#18585 = FACE_BOUND('',#18586,.T.);
#18586 = EDGE_LOOP('',(#18587,#18588,#18596,#18603));
#18587 = ORIENTED_EDGE('',*,*,#18465,.T.);
#18588 = ORIENTED_EDGE('',*,*,#18589,.T.);
#18589 = EDGE_CURVE('',#18466,#18590,#18592,.T.);
#18590 = VERTEX_POINT('',#18591);
#18591 = CARTESIAN_POINT('',(88.3,28.,1.));
#18592 = LINE('',#18593,#18594);
#18593 = CARTESIAN_POINT('',(88.3,28.,-1.));
#18594 = VECTOR('',#18595,1.);
#18595 = DIRECTION('',(0.,0.,1.));
#18596 = ORIENTED_EDGE('',*,*,#18597,.T.);
#18597 = EDGE_CURVE('',#18590,#18590,#18598,.T.);
#18598 = CIRCLE('',#18599,28.3);
#18599 = AXIS2_PLACEMENT_3D('',#18600,#18601,#18602);
#18600 = CARTESIAN_POINT('',(60.,28.,1.));
#18601 = DIRECTION('',(0.,0.,1.));
#18602 = DIRECTION('',(1.,0.,0.));
#18603 = ORIENTED_EDGE('',*,*,#18589,.F.);
#18604 = CYLINDRICAL_SURFACE('',#18605,28.3);
#18605 = AXIS2_PLACEMENT_3D('',#18606,#18607,#18608);
#18606 = CARTESIAN_POINT('',(60.,28.,-1.));
#18607 = DIRECTION('',(-0.,-0.,-1.));
#18608 = DIRECTION('',(1.,0.,0.));
#18609 = ADVANCED_FACE('',(#18610),#18613,.F.);
#18610 = FACE_BOUND('',#18611,.T.);
#18611 = EDGE_LOOP('',(#18612));
#18612 = ORIENTED_EDGE('',*,*,#18597,.F.);
#18613 = PLANE('',#18614);
#18614 = AXIS2_PLACEMENT_3D('',#18615,#18616,#18617);
#18615 = CARTESIAN_POINT('',(60.,28.,1.));
#18616 = DIRECTION('',(0.,0.,1.));
#18617 = DIRECTION('',(1.,0.,0.));
#18618 = ADVANCED_FACE('',(#18619),#18638,.F.);
#18619 = FACE_BOUND('',#18620,.T.);
#18620 = EDGE_LOOP('',(#18621,#18622,#18630,#18637));
#18621 = ORIENTED_EDGE('',*,*,#18476,.T.);
#18622 = ORIENTED_EDGE('',*,*,#18623,.T.);
#18623 = EDGE_CURVE('',#18477,#18624,#18626,.T.);
#18624 = VERTEX_POINT('',#18625);
#18625 = CARTESIAN_POINT('',(1.3,-4.,1.));
#18626 = LINE('',#18627,#18628);
#18627 = CARTESIAN_POINT('',(1.3,-4.,-1.));
#18628 = VECTOR('',#18629,1.);
#18629 = DIRECTION('',(0.,0.,1.));
#18630 = ORIENTED_EDGE('',*,*,#18631,.T.);
#18631 = EDGE_CURVE('',#18624,#18624,#18632,.T.);
#18632 = CIRCLE('',#18633,5.3);
#18633 = AXIS2_PLACEMENT_3D('',#18634,#18635,#18636);
#18634 = CARTESIAN_POINT('',(-4.,-4.,1.));
#18635 = DIRECTION('',(0.,0.,1.));
#18636 = DIRECTION('',(1.,0.,0.));
#18637 = ORIENTED_EDGE('',*,*,#18623,.F.);
#18638 = CYLINDRICAL_SURFACE('',#18639,5.3);
#18639 = AXIS2_PLACEMENT_3D('',#18640,#18641,#18642);
#18640 = CARTESIAN_POINT('',(-4.,-4.,-1.));
#18641 = DIRECTION('',(-0.,-0.,-1.));
#18642 = DIRECTION('',(1.,0.,0.));
#18643 = ADVANCED_FACE('',(#18644),#18647,.F.);
#18644 = FACE_BOUND('',#18645,.T.);
#18645 = EDGE_LOOP('',(#18646));
#18646 = ORIENTED_EDGE('',*,*,#18631,.F.);
#18647 = PLANE('',#18648);
#18648 = AXIS2_PLACEMENT_3D('',#18649,#18650,#18651);
#18649 = CARTESIAN_POINT('',(-4.,-4.,1.));
#18650 = DIRECTION('',(0.,0.,1.));
#18651 = DIRECTION('',(1.,0.,0.));
#18652 = ADVANCED_FACE('',(#18653),#18672,.F.);
#18653 = FACE_BOUND('',#18654,.T.);
#18654 = EDGE_LOOP('',(#18655,#18656,#18664,#18671));
#18655 = ORIENTED_EDGE('',*,*,#18487,.T.);
#18656 = ORIENTED_EDGE('',*,*,#18657,.T.);
#18657 = EDGE_CURVE('',#18488,#18658,#18660,.T.);
#18658 = VERTEX_POINT('',#18659);
#18659 = CARTESIAN_POINT('',(20.3,20.,1.));
#18660 = LINE('',#18661,#18662);
#18661 = CARTESIAN_POINT('',(20.3,20.,-1.));
#18662 = VECTOR('',#18663,1.);
#18663 = DIRECTION('',(0.,0.,1.));
#18664 = ORIENTED_EDGE('',*,*,#18665,.T.);
#18665 = EDGE_CURVE('',#18658,#18658,#18666,.T.);
#18666 = CIRCLE('',#18667,5.3);
#18667 = AXIS2_PLACEMENT_3D('',#18668,#18669,#18670);
#18668 = CARTESIAN_POINT('',(15.,20.,1.));
#18669 = DIRECTION('',(0.,0.,1.));
#18670 = DIRECTION('',(1.,0.,0.));
#18671 = ORIENTED_EDGE('',*,*,#18657,.F.);
#18672 = CYLINDRICAL_SURFACE('',#18673,5.3);
#18673 = AXIS2_PLACEMENT_3D('',#18674,#18675,#18676);
#18674 = CARTESIAN_POINT('',(15.,20.,-1.));
#18675 = DIRECTION('',(-0.,-0.,-1.));
#18676 = DIRECTION('',(1.,0.,0.));
#18677 = ADVANCED_FACE('',(#18678),#18681,.F.);
#18678 = FACE_BOUND('',#18679,.T.);
#18679 = EDGE_LOOP('',(#18680));
#18680 = ORIENTED_EDGE('',*,*,#18665,.F.);
#18681 = PLANE('',#18682);
#18682 = AXIS2_PLACEMENT_3D('',#18683,#18684,#18685);
#18683 = CARTESIAN_POINT('',(15.,20.,1.));
#18684 = DIRECTION('',(0.,0.,1.));
#18685 = DIRECTION('',(1.,0.,0.));
#18686 = ADVANCED_FACE('',(#18687),#18706,.F.);
#18687 = FACE_BOUND('',#18688,.T.);
#18688 = EDGE_LOOP('',(#18689,#18690,#18698,#18705));
#18689 = ORIENTED_EDGE('',*,*,#18498,.T.);
#18690 = ORIENTED_EDGE('',*,*,#18691,.T.);
#18691 = EDGE_CURVE('',#18499,#18692,#18694,.T.);
#18692 = VERTEX_POINT('',#18693);
#18693 = CARTESIAN_POINT('',(76.8,-15.5,1.));
#18694 = LINE('',#18695,#18696);
#18695 = CARTESIAN_POINT('',(76.8,-15.5,-1.));
#18696 = VECTOR('',#18697,1.);
#18697 = DIRECTION('',(0.,0.,1.));
#18698 = ORIENTED_EDGE('',*,*,#18699,.T.);
#18699 = EDGE_CURVE('',#18692,#18692,#18700,.T.);
#18700 = CIRCLE('',#18701,5.3);
#18701 = AXIS2_PLACEMENT_3D('',#18702,#18703,#18704);
#18702 = CARTESIAN_POINT('',(71.5,-15.5,1.));
#18703 = DIRECTION('',(0.,0.,1.));
#18704 = DIRECTION('',(1.,0.,0.));
#18705 = ORIENTED_EDGE('',*,*,#18691,.F.);
#18706 = CYLINDRICAL_SURFACE('',#18707,5.3);
#18707 = AXIS2_PLACEMENT_3D('',#18708,#18709,#18710);
#18708 = CARTESIAN_POINT('',(71.5,-15.5,-1.));
#18709 = DIRECTION('',(-0.,-0.,-1.));
#18710 = DIRECTION('',(1.,0.,0.));
#18711 = ADVANCED_FACE('',(#18712),#18715,.F.);
#18712 = FACE_BOUND('',#18713,.T.);
#18713 = EDGE_LOOP('',(#18714));
#18714 = ORIENTED_EDGE('',*,*,#18699,.F.);
#18715 = PLANE('',#18716);
#18716 = AXIS2_PLACEMENT_3D('',#18717,#18718,#18719);
#18717 = CARTESIAN_POINT('',(71.5,-15.5,1.));
#18718 = DIRECTION('',(0.,0.,1.));
#18719 = DIRECTION('',(1.,0.,0.));
#18720 = ADVANCED_FACE('',(#18721),#18740,.F.);
#18721 = FACE_BOUND('',#18722,.T.);
#18722 = EDGE_LOOP('',(#18723,#18724,#18732,#18739));
#18723 = ORIENTED_EDGE('',*,*,#18509,.T.);
#18724 = ORIENTED_EDGE('',*,*,#18725,.T.);
#18725 = EDGE_CURVE('',#18510,#18726,#18728,.T.);
#18726 = VERTEX_POINT('',#18727);
#18727 = CARTESIAN_POINT('',(117.,-31.7,1.));
#18728 = LINE('',#18729,#18730);
#18729 = CARTESIAN_POINT('',(117.,-31.7,-1.));
#18730 = VECTOR('',#18731,1.);
#18731 = DIRECTION('',(0.,0.,1.));
#18732 = ORIENTED_EDGE('',*,*,#18733,.T.);
#18733 = EDGE_CURVE('',#18726,#18726,#18734,.T.);
#18734 = CIRCLE('',#18735,5.3);
#18735 = AXIS2_PLACEMENT_3D('',#18736,#18737,#18738);
#18736 = CARTESIAN_POINT('',(111.7,-31.7,1.));
#18737 = DIRECTION('',(0.,0.,1.));
#18738 = DIRECTION('',(1.,0.,0.));
#18739 = ORIENTED_EDGE('',*,*,#18725,.F.);
#18740 = CYLINDRICAL_SURFACE('',#18741,5.3);
#18741 = AXIS2_PLACEMENT_3D('',#18742,#18743,#18744);
#18742 = CARTESIAN_POINT('',(111.7,-31.7,-1.));
#18743 = DIRECTION('',(-0.,-0.,-1.));
#18744 = DIRECTION('',(1.,0.,0.));
#18745 = ADVANCED_FACE('',(#18746),#18749,.F.);
#18746 = FACE_BOUND('',#18747,.T.);
#18747 = EDGE_LOOP('',(#18748));
#18748 = ORIENTED_EDGE('',*,*,#18733,.F.);
#18749 = PLANE('',#18750);
#18750 = AXIS2_PLACEMENT_3D('',#18751,#18752,#18753);
#18751 = CARTESIAN_POINT('',(111.7,-31.7,1.));
#18752 = DIRECTION('',(0.,0.,1.));
#18753 = DIRECTION('',(1.,0.,0.));
#18754 = ADVANCED_FACE('',(#18755),#18774,.F.);
#18755 = FACE_BOUND('',#18756,.T.);
#18756 = EDGE_LOOP('',(#18757,#18758,#18766,#18773));
#18757 = ORIENTED_EDGE('',*,*,#18520,.T.);
#18758 = ORIENTED_EDGE('',*,*,#18759,.T.);
#18759 = EDGE_CURVE('',#18521,#18760,#18762,.T.);
#18760 = VERTEX_POINT('',#18761);
#18761 = CARTESIAN_POINT('',(1.3,42.,1.));
#18762 = LINE('',#18763,#18764);
#18763 = CARTESIAN_POINT('',(1.3,42.,-1.));
#18764 = VECTOR('',#18765,1.);
#18765 = DIRECTION('',(0.,0.,1.));
#18766 = ORIENTED_EDGE('',*,*,#18767,.T.);
#18767 = EDGE_CURVE('',#18760,#18760,#18768,.T.);
#18768 = CIRCLE('',#18769,5.3);
#18769 = AXIS2_PLACEMENT_3D('',#18770,#18771,#18772);
#18770 = CARTESIAN_POINT('',(-4.,42.,1.));
#18771 = DIRECTION('',(0.,0.,1.));
#18772 = DIRECTION('',(1.,0.,0.));
#18773 = ORIENTED_EDGE('',*,*,#18759,.F.);
#18774 = CYLINDRICAL_SURFACE('',#18775,5.3);
#18775 = AXIS2_PLACEMENT_3D('',#18776,#18777,#18778);
#18776 = CARTESIAN_POINT('',(-4.,42.,-1.));
#18777 = DIRECTION('',(-0.,-0.,-1.));
#18778 = DIRECTION('',(1.,0.,0.));
#18779 = ADVANCED_FACE('',(#18780),#18783,.F.);
#18780 = FACE_BOUND('',#18781,.T.);
#18781 = EDGE_LOOP('',(#18782));
#18782 = ORIENTED_EDGE('',*,*,#18767,.F.);
#18783 = PLANE('',#18784);
#18784 = AXIS2_PLACEMENT_3D('',#18785,#18786,#18787);
#18785 = CARTESIAN_POINT('',(-4.,42.,1.));
#18786 = DIRECTION('',(0.,0.,1.));
#18787 = DIRECTION('',(1.,0.,0.));
#18788 = ADVANCED_FACE('',(#18789),#18808,.F.);
#18789 = FACE_BOUND('',#18790,.T.);
#18790 = EDGE_LOOP('',(#18791,#18792,#18800,#18807));
#18791 = ORIENTED_EDGE('',*,*,#18531,.T.);
#18792 = ORIENTED_EDGE('',*,*,#18793,.T.);
#18793 = EDGE_CURVE('',#18532,#18794,#18796,.T.);
#18794 = VERTEX_POINT('',#18795);
#18795 = CARTESIAN_POINT('',(117.3,31.9,1.));
#18796 = LINE('',#18797,#18798);
#18797 = CARTESIAN_POINT('',(117.3,31.9,-1.));
#18798 = VECTOR('',#18799,1.);
#18799 = DIRECTION('',(0.,0.,1.));
#18800 = ORIENTED_EDGE('',*,*,#18801,.T.);
#18801 = EDGE_CURVE('',#18794,#18794,#18802,.T.);
#18802 = CIRCLE('',#18803,5.3);
#18803 = AXIS2_PLACEMENT_3D('',#18804,#18805,#18806);
#18804 = CARTESIAN_POINT('',(112.,31.9,1.));
#18805 = DIRECTION('',(0.,0.,1.));
#18806 = DIRECTION('',(1.,0.,0.));
#18807 = ORIENTED_EDGE('',*,*,#18793,.F.);
#18808 = CYLINDRICAL_SURFACE('',#18809,5.3);
#18809 = AXIS2_PLACEMENT_3D('',#18810,#18811,#18812);
#18810 = CARTESIAN_POINT('',(112.,31.9,-1.));
#18811 = DIRECTION('',(-0.,-0.,-1.));
#18812 = DIRECTION('',(1.,0.,0.));
#18813 = ADVANCED_FACE('',(#18814),#18817,.F.);
#18814 = FACE_BOUND('',#18815,.T.);
#18815 = EDGE_LOOP('',(#18816));
#18816 = ORIENTED_EDGE('',*,*,#18801,.F.);
#18817 = PLANE('',#18818);
#18818 = AXIS2_PLACEMENT_3D('',#18819,#18820,#18821);
#18819 = CARTESIAN_POINT('',(112.,31.9,1.));
#18820 = DIRECTION('',(0.,0.,1.));
#18821 = DIRECTION('',(1.,0.,0.));
#18822 = ADVANCED_FACE('',(#18823),#18844,.F.);
#18823 = FACE_BOUND('',#18824,.T.);
#18824 = EDGE_LOOP('',(#18825,#18826,#18834,#18841,#18842,#18843));
#18825 = ORIENTED_EDGE('',*,*,#18553,.T.);
#18826 = ORIENTED_EDGE('',*,*,#18827,.T.);
#18827 = EDGE_CURVE('',#18543,#18828,#18830,.T.);
#18828 = VERTEX_POINT('',#18829);
#18829 = CARTESIAN_POINT('',(43.4,58.,1.));
#18830 = LINE('',#18831,#18832);
#18831 = CARTESIAN_POINT('',(43.4,58.,-1.));
#18832 = VECTOR('',#18833,1.);
#18833 = DIRECTION('',(0.,0.,1.));
#18834 = ORIENTED_EDGE('',*,*,#18835,.T.);
#18835 = EDGE_CURVE('',#18828,#18828,#18836,.T.);
#18836 = CIRCLE('',#18837,5.3);
#18837 = AXIS2_PLACEMENT_3D('',#18838,#18839,#18840);
#18838 = CARTESIAN_POINT('',(38.1,58.,1.));
#18839 = DIRECTION('',(0.,0.,1.));
#18840 = DIRECTION('',(1.,0.,0.));
#18841 = ORIENTED_EDGE('',*,*,#18827,.F.);
#18842 = ORIENTED_EDGE('',*,*,#18542,.T.);
#18843 = ORIENTED_EDGE('',*,*,#18562,.T.);
#18844 = CYLINDRICAL_SURFACE('',#18845,5.3);
#18845 = AXIS2_PLACEMENT_3D('',#18846,#18847,#18848);
#18846 = CARTESIAN_POINT('',(38.1,58.,-1.));
#18847 = DIRECTION('',(-0.,-0.,-1.));
#18848 = DIRECTION('',(1.,0.,0.));
#18849 = ADVANCED_FACE('',(#18850),#18853,.F.);
#18850 = FACE_BOUND('',#18851,.T.);
#18851 = EDGE_LOOP('',(#18852));
#18852 = ORIENTED_EDGE('',*,*,#18835,.F.);
#18853 = PLANE('',#18854);
#18854 = AXIS2_PLACEMENT_3D('',#18855,#18856,#18857);
#18855 = CARTESIAN_POINT('',(38.1,58.,1.));
#18856 = DIRECTION('',(0.,0.,1.));
#18857 = DIRECTION('',(1.,0.,0.));
#18858 = ADVANCED_FACE('',(#18859),#18878,.F.);
#18859 = FACE_BOUND('',#18860,.T.);
#18860 = EDGE_LOOP('',(#18861,#18862,#18870,#18877));
#18861 = ORIENTED_EDGE('',*,*,#18571,.T.);
#18862 = ORIENTED_EDGE('',*,*,#18863,.T.);
#18863 = EDGE_CURVE('',#18572,#18864,#18866,.T.);
#18864 = VERTEX_POINT('',#18865);
#18865 = CARTESIAN_POINT('',(119.3,53.,1.));
#18866 = LINE('',#18867,#18868);
#18867 = CARTESIAN_POINT('',(119.3,53.,-1.));
#18868 = VECTOR('',#18869,1.);
#18869 = DIRECTION('',(0.,0.,1.));
#18870 = ORIENTED_EDGE('',*,*,#18871,.T.);
#18871 = EDGE_CURVE('',#18864,#18864,#18872,.T.);
#18872 = CIRCLE('',#18873,5.3);
#18873 = AXIS2_PLACEMENT_3D('',#18874,#18875,#18876);
#18874 = CARTESIAN_POINT('',(114.,53.,1.));
#18875 = DIRECTION('',(0.,0.,1.));
#18876 = DIRECTION('',(1.,0.,0.));
#18877 = ORIENTED_EDGE('',*,*,#18863,.F.);
#18878 = CYLINDRICAL_SURFACE('',#18879,5.3);
#18879 = AXIS2_PLACEMENT_3D('',#18880,#18881,#18882);
#18880 = CARTESIAN_POINT('',(114.,53.,-1.));
#18881 = DIRECTION('',(-0.,-0.,-1.));
#18882 = DIRECTION('',(1.,0.,0.));
#18883 = ADVANCED_FACE('',(#18884),#18887,.F.);
#18884 = FACE_BOUND('',#18885,.T.);
#18885 = EDGE_LOOP('',(#18886));
#18886 = ORIENTED_EDGE('',*,*,#18871,.F.);
#18887 = PLANE('',#18888);
#18888 = AXIS2_PLACEMENT_3D('',#18889,#18890,#18891);
#18889 = CARTESIAN_POINT('',(114.,53.,1.));
#18890 = DIRECTION('',(0.,0.,1.));
#18891 = DIRECTION('',(1.,0.,0.));
#18892 = ADVANCED_FACE('',(#18893),#18901,.T.);
#18893 = FACE_BOUND('',#18894,.F.);
#18894 = EDGE_LOOP('',(#18895,#18896,#18897,#18898,#18899,#18900));
#18895 = ORIENTED_EDGE('',*,*,#14780,.F.);
#18896 = ORIENTED_EDGE('',*,*,#17490,.T.);
#18897 = ORIENTED_EDGE('',*,*,#17499,.T.);
#18898 = ORIENTED_EDGE('',*,*,#14828,.T.);
#18899 = ORIENTED_EDGE('',*,*,#16901,.T.);
#18900 = ORIENTED_EDGE('',*,*,#16910,.T.);
#18901 = CYLINDRICAL_SURFACE('',#18902,3.);
#18902 = AXIS2_PLACEMENT_3D('',#18903,#18904,#18905);
#18903 = CARTESIAN_POINT('',(-11.5,22.,0.));
#18904 = DIRECTION('',(-0.,-0.,-1.));
#18905 = DIRECTION('',(1.,0.,0.));
#18906 = ADVANCED_FACE('',(#18907),#18915,.T.);
#18907 = FACE_BOUND('',#18908,.F.);
#18908 = EDGE_LOOP('',(#18909,#18910,#18911,#18912,#18913,#18914));
#18909 = ORIENTED_EDGE('',*,*,#13804,.F.);
#18910 = ORIENTED_EDGE('',*,*,#17403,.T.);
#18911 = ORIENTED_EDGE('',*,*,#17412,.T.);
#18912 = ORIENTED_EDGE('',*,*,#13852,.T.);
#18913 = ORIENTED_EDGE('',*,*,#16846,.T.);
#18914 = ORIENTED_EDGE('',*,*,#16855,.T.);
#18915 = CYLINDRICAL_SURFACE('',#18916,3.);
#18916 = AXIS2_PLACEMENT_3D('',#18917,#18918,#18919);
#18917 = CARTESIAN_POINT('',(38.1,66.,0.));
#18918 = DIRECTION('',(-0.,-0.,-1.));
#18919 = DIRECTION('',(1.,0.,0.));
#18920 = ADVANCED_FACE('',(#18921),#18929,.T.);
#18921 = FACE_BOUND('',#18922,.F.);
#18922 = EDGE_LOOP('',(#18923,#18924,#18925,#18926,#18927,#18928));
#18923 = ORIENTED_EDGE('',*,*,#13292,.F.);
#18924 = ORIENTED_EDGE('',*,*,#17314,.T.);
#18925 = ORIENTED_EDGE('',*,*,#17323,.T.);
#18926 = ORIENTED_EDGE('',*,*,#13228,.T.);
#18927 = ORIENTED_EDGE('',*,*,#16809,.T.);
#18928 = ORIENTED_EDGE('',*,*,#16818,.T.);
#18929 = CYLINDRICAL_SURFACE('',#18930,3.);
#18930 = AXIS2_PLACEMENT_3D('',#18931,#18932,#18933);
#18931 = CARTESIAN_POINT('',(76.2,57.1,0.));
#18932 = DIRECTION('',(-0.,-0.,-1.));
#18933 = DIRECTION('',(1.,0.,0.));
#18934 = ADVANCED_FACE('',(#18935),#18943,.T.);
#18935 = FACE_BOUND('',#18936,.F.);
#18936 = EDGE_LOOP('',(#18937,#18938,#18939,#18940,#18941,#18942));
#18937 = ORIENTED_EDGE('',*,*,#15164,.F.);
#18938 = ORIENTED_EDGE('',*,*,#17577,.T.);
#18939 = ORIENTED_EDGE('',*,*,#17586,.T.);
#18940 = ORIENTED_EDGE('',*,*,#15076,.T.);
#18941 = ORIENTED_EDGE('',*,*,#16927,.T.);
#18942 = ORIENTED_EDGE('',*,*,#16936,.T.);
#18943 = CYLINDRICAL_SURFACE('',#18944,3.);
#18944 = AXIS2_PLACEMENT_3D('',#18945,#18946,#18947);
#18945 = CARTESIAN_POINT('',(0.,-11.5,0.));
#18946 = DIRECTION('',(-0.,-0.,-1.));
#18947 = DIRECTION('',(1.,0.,0.));
#18948 = ( GEOMETRIC_REPRESENTATION_CONTEXT(3) 
GLOBAL_UNCERTAINTY_ASSIGNED_CONTEXT((#18952)) 
GLOBAL_UNIT_ASSIGNED_CONTEXT((#18949,#18950,#18951)) 
REPRESENTATION_CONTEXT('Context #1',
  '3D Context with UNIT and UNCERTAINTY') );
#18949 = ( LENGTH_UNIT() NAMED_UNIT(*) SI_UNIT(.MILLI.,.METRE.) );
#18950 = ( NAMED_UNIT(*) PLANE_ANGLE_UNIT() SI_UNIT($,.RADIAN.) );
#18951 = ( NAMED_UNIT(*) SI_UNIT($,.STERADIAN.) SOLID_ANGLE_UNIT() );
#18952 = UNCERTAINTY_MEASURE_WITH_UNIT(LENGTH_MEASURE(2.E-05),#18949,
  'distance_accuracy_value','confusion accuracy');
#18953 = PRODUCT_RELATED_PRODUCT_CATEGORY('part',$,(#7));
ENDSEC;
END-ISO-10303-21;
