ISO-10303-21;
HEADER;
FILE_DESCRIPTION(('FreeCAD Model'),'2;1');
FILE_NAME('Open CASCADE Shape Model','2026-09-08T11:34:50',('FreeCAD'),(
    'FreeCAD'),'Open CASCADE STEP processor 7.8','FreeCAD','Unknown');
FILE_SCHEMA(('AUTOMOTIVE_DESIGN { 1 0 10303 214 1 1 1 1 }'));
ENDSEC;
DATA;
#1 = APPLICATION_PROTOCOL_DEFINITION('international standard',
  'automotive_design',2000,#2);
#2 = APPLICATION_CONTEXT(
  'core data for automotive mechanical design processes');
#3 = SHAPE_DEFINITION_REPRESENTATION(#4,#10);
#4 = PRODUCT_DEFINITION_SHAPE('','',#5);
#5 = PRODUCT_DEFINITION('design','',#6,#9);
#6 = PRODUCT_DEFINITION_FORMATION('','',#7);
#7 = PRODUCT('Open CASCADE STEP translator 7.8 1',
  'Open CASCADE STEP translator 7.8 1','',(#8));
#8 = PRODUCT_CONTEXT('',#2,'mechanical');
#9 = PRODUCT_DEFINITION_CONTEXT('part definition',#2,'design');
#10 = ADVANCED_BREP_SHAPE_REPRESENTATION('',(#11,#15),#13269);
#11 = AXIS2_PLACEMENT_3D('',#12,#13,#14);
#12 = CARTESIAN_POINT('',(0.,0.,0.));
#13 = DIRECTION('',(0.,0.,1.));
#14 = DIRECTION('',(1.,0.,-0.));
#15 = MANIFOLD_SOLID_BREP('',#16);
#16 = CLOSED_SHELL('',(#17,#163,#195,#219,#244,#268,#293,#317,#342,#359,
    #390,#527,#559,#583,#608,#632,#657,#681,#706,#723,#3745,#3770,#3795,
    #3820,#3851,#3875,#3899,#3923,#3947,#3971,#3995,#4019,#4043,#4067,
    #4091,#4115,#4139,#4163,#4187,#4211,#4235,#4259,#4283,#4307,#4331,
    #4355,#4379,#4403,#4427,#4451,#4475,#4499,#4523,#4547,#4571,#4595,
    #4619,#4643,#4667,#4691,#4715,#4739,#4763,#4787,#4811,#4835,#4859,
    #4883,#4907,#4931,#4955,#4979,#5003,#5027,#5051,#5075,#5099,#5123,
    #5147,#5171,#5195,#5219,#5243,#5267,#5291,#5315,#5339,#5363,#5387,
    #5411,#5435,#5459,#5483,#5507,#5531,#5555,#5579,#5603,#5627,#5651,
    #5675,#5699,#5723,#5747,#5771,#5795,#5819,#5843,#5867,#5891,#5915,
    #5939,#5963,#5987,#6011,#6035,#6059,#6083,#6107,#6131,#6155,#6179,
    #6203,#6227,#6251,#6275,#6299,#6323,#6347,#6371,#6395,#6419,#6443,
    #6467,#6491,#6515,#6539,#6563,#6587,#6611,#6635,#6659,#6683,#6707,
    #6731,#6755,#6779,#6803,#6827,#6851,#6875,#6899,#6923,#6947,#6971,
    #6995,#7019,#7043,#7067,#7091,#7115,#7139,#7163,#7187,#7211,#7235,
    #7259,#7283,#7307,#7331,#7355,#7379,#7403,#7427,#7451,#7475,#7499,
    #7523,#7547,#7571,#7595,#7619,#7643,#7667,#7691,#7715,#7739,#7763,
    #7787,#7811,#7835,#7859,#7883,#7907,#7931,#7955,#7979,#8003,#8027,
    #8051,#8075,#8099,#8123,#8147,#8171,#8195,#8219,#8243,#8267,#8291,
    #8315,#8339,#8363,#8387,#8411,#8435,#8459,#8483,#8507,#8531,#8555,
    #8579,#8603,#8627,#8651,#8675,#8699,#8723,#8747,#8771,#8795,#8819,
    #8843,#8867,#8891,#8915,#8939,#8963,#8987,#9011,#9035,#9059,#9083,
    #9107,#9131,#9155,#9179,#9203,#9227,#9251,#9275,#9299,#9323,#9347,
    #9371,#9395,#9419,#9443,#9467,#9491,#9515,#9539,#9563,#9587,#9611,
    #9635,#9659,#9683,#9707,#9731,#9755,#9779,#9803,#9827,#9851,#9875,
    #9899,#9923,#9947,#9971,#9995,#10019,#10043,#10067,#10091,#10115,
    #10139,#10163,#10187,#10211,#10235,#10259,#10283,#10307,#10331,
    #10355,#10379,#10403,#10427,#10451,#10475,#10499,#10523,#10547,
    #10571,#10595,#10619,#10643,#10667,#10691,#10715,#10739,#10763,
    #10787,#10811,#10835,#10859,#10883,#10907,#10931,#10955,#10979,
    #11003,#11027,#11051,#11075,#11099,#11123,#11147,#11171,#11195,
    #11219,#11243,#11267,#11291,#11315,#11339,#11363,#11387,#11411,
    #11435,#11459,#11483,#11507,#11531,#11555,#11579,#11603,#11627,
    #11651,#11675,#11699,#11723,#11747,#11771,#11795,#11819,#11843,
    #11867,#11891,#11915,#11939,#11963,#11987,#12011,#12035,#12059,
    #12083,#12107,#12131,#12155,#12179,#12203,#12227,#12251,#12275,
    #12299,#12323,#12347,#12371,#12395,#12419,#12443,#12467,#12491,
    #12515,#12539,#12563,#12587,#12611,#12635,#12659,#12683,#12700,
    #12725,#12734,#12743,#12752,#13130,#13139,#13161,#13183,#13205,
    #13221,#13233,#13245,#13257));
#17 = ADVANCED_FACE('',(#18,#88),#158,.F.);
#18 = FACE_BOUND('',#19,.F.);
#19 = EDGE_LOOP('',(#20,#30,#39,#47,#56,#64,#73,#81));
#20 = ORIENTED_EDGE('',*,*,#21,.F.);
#21 = EDGE_CURVE('',#22,#24,#26,.T.);
#22 = VERTEX_POINT('',#23);
#23 = CARTESIAN_POINT('',(-18.15,-48.93,1.5));
#24 = VERTEX_POINT('',#25);
#25 = CARTESIAN_POINT('',(-18.15,70.65,1.5));
#26 = LINE('',#27,#28);
#27 = CARTESIAN_POINT('',(-18.15,-48.93,1.5));
#28 = VECTOR('',#29,1.);
#29 = DIRECTION('',(0.,1.,0.));
#30 = ORIENTED_EDGE('',*,*,#31,.F.);
#31 = EDGE_CURVE('',#32,#22,#34,.T.);
#32 = VERTEX_POINT('',#33);
#33 = CARTESIAN_POINT('',(-12.15,-54.93,1.5));
#34 = CIRCLE('',#35,6.);
#35 = AXIS2_PLACEMENT_3D('',#36,#37,#38);
#36 = CARTESIAN_POINT('',(-12.15,-48.93,1.5));
#37 = DIRECTION('',(0.,0.,-1.));
#38 = DIRECTION('',(1.,0.,0.));
#39 = ORIENTED_EDGE('',*,*,#40,.T.);
#40 = EDGE_CURVE('',#32,#41,#43,.T.);
#41 = VERTEX_POINT('',#42);
#42 = CARTESIAN_POINT('',(131.65,-54.93,1.5));
#43 = LINE('',#44,#45);
#44 = CARTESIAN_POINT('',(-12.15,-54.93,1.5));
#45 = VECTOR('',#46,1.);
#46 = DIRECTION('',(1.,0.,0.));
#47 = ORIENTED_EDGE('',*,*,#48,.F.);
#48 = EDGE_CURVE('',#49,#41,#51,.T.);
#49 = VERTEX_POINT('',#50);
#50 = CARTESIAN_POINT('',(137.65,-48.93,1.5));
#51 = CIRCLE('',#52,6.);
#52 = AXIS2_PLACEMENT_3D('',#53,#54,#55);
#53 = CARTESIAN_POINT('',(131.65,-48.93,1.5));
#54 = DIRECTION('',(0.,0.,-1.));
#55 = DIRECTION('',(0.,1.,0.));
#56 = ORIENTED_EDGE('',*,*,#57,.T.);
#57 = EDGE_CURVE('',#49,#58,#60,.T.);
#58 = VERTEX_POINT('',#59);
#59 = CARTESIAN_POINT('',(137.65,70.65,1.5));
#60 = LINE('',#61,#62);
#61 = CARTESIAN_POINT('',(137.65,-48.93,1.5));
#62 = VECTOR('',#63,1.);
#63 = DIRECTION('',(0.,1.,0.));
#64 = ORIENTED_EDGE('',*,*,#65,.F.);
#65 = EDGE_CURVE('',#66,#58,#68,.T.);
#66 = VERTEX_POINT('',#67);
#67 = CARTESIAN_POINT('',(131.65,76.65,1.5));
#68 = CIRCLE('',#69,6.);
#69 = AXIS2_PLACEMENT_3D('',#70,#71,#72);
#70 = CARTESIAN_POINT('',(131.65,70.65,1.5));
#71 = DIRECTION('',(0.,0.,-1.));
#72 = DIRECTION('',(-1.,0.,0.));
#73 = ORIENTED_EDGE('',*,*,#74,.F.);
#74 = EDGE_CURVE('',#75,#66,#77,.T.);
#75 = VERTEX_POINT('',#76);
#76 = CARTESIAN_POINT('',(-12.15,76.65,1.5));
#77 = LINE('',#78,#79);
#78 = CARTESIAN_POINT('',(-12.15,76.65,1.5));
#79 = VECTOR('',#80,1.);
#80 = DIRECTION('',(1.,0.,0.));
#81 = ORIENTED_EDGE('',*,*,#82,.F.);
#82 = EDGE_CURVE('',#24,#75,#83,.T.);
#83 = CIRCLE('',#84,6.);
#84 = AXIS2_PLACEMENT_3D('',#85,#86,#87);
#85 = CARTESIAN_POINT('',(-12.15,70.65,1.5));
#86 = DIRECTION('',(-0.,-0.,-1.));
#87 = DIRECTION('',(0.,-1.,0.));
#88 = FACE_BOUND('',#89,.F.);
#89 = EDGE_LOOP('',(#90,#101,#109,#118,#126,#135,#143,#152));
#90 = ORIENTED_EDGE('',*,*,#91,.F.);
#91 = EDGE_CURVE('',#92,#94,#96,.T.);
#92 = VERTEX_POINT('',#93);
#93 = CARTESIAN_POINT('',(-18.14006622516,-48.93,1.5));
#94 = VERTEX_POINT('',#95);
#95 = CARTESIAN_POINT('',(-12.15,-54.92006622516,1.5));
#96 = CIRCLE('',#97,5.990066225166);
#97 = AXIS2_PLACEMENT_3D('',#98,#99,#100);
#98 = CARTESIAN_POINT('',(-12.15,-48.93,1.5));
#99 = DIRECTION('',(0.,0.,1.));
#100 = DIRECTION('',(1.,0.,0.));
#101 = ORIENTED_EDGE('',*,*,#102,.F.);
#102 = EDGE_CURVE('',#103,#92,#105,.T.);
#103 = VERTEX_POINT('',#104);
#104 = CARTESIAN_POINT('',(-18.14006622516,70.65,1.5));
#105 = LINE('',#106,#107);
#106 = CARTESIAN_POINT('',(-18.14006622516,-19.035,1.5));
#107 = VECTOR('',#108,1.);
#108 = DIRECTION('',(-2.205741108527E-16,-1.,0.));
#109 = ORIENTED_EDGE('',*,*,#110,.F.);
#110 = EDGE_CURVE('',#111,#103,#113,.T.);
#111 = VERTEX_POINT('',#112);
#112 = CARTESIAN_POINT('',(-12.15,76.640066225166,1.5));
#113 = CIRCLE('',#114,5.990066225166);
#114 = AXIS2_PLACEMENT_3D('',#115,#116,#117);
#115 = CARTESIAN_POINT('',(-12.15,70.65,1.5));
#116 = DIRECTION('',(0.,0.,1.));
#117 = DIRECTION('',(1.,0.,0.));
#118 = ORIENTED_EDGE('',*,*,#119,.F.);
#119 = EDGE_CURVE('',#120,#111,#122,.T.);
#120 = VERTEX_POINT('',#121);
#121 = CARTESIAN_POINT('',(131.65,76.640066225166,1.5));
#122 = LINE('',#123,#124);
#123 = CARTESIAN_POINT('',(23.8,76.640066225166,1.5));
#124 = VECTOR('',#125,1.);
#125 = DIRECTION('',(-1.,-1.470494072351E-18,0.));
#126 = ORIENTED_EDGE('',*,*,#127,.F.);
#127 = EDGE_CURVE('',#128,#120,#130,.T.);
#128 = VERTEX_POINT('',#129);
#129 = CARTESIAN_POINT('',(137.64006622516,70.65,1.5));
#130 = CIRCLE('',#131,5.990066225166);
#131 = AXIS2_PLACEMENT_3D('',#132,#133,#134);
#132 = CARTESIAN_POINT('',(131.65,70.65,1.5));
#133 = DIRECTION('',(0.,0.,1.));
#134 = DIRECTION('',(1.,0.,0.));
#135 = ORIENTED_EDGE('',*,*,#136,.T.);
#136 = EDGE_CURVE('',#128,#137,#139,.T.);
#137 = VERTEX_POINT('',#138);
#138 = CARTESIAN_POINT('',(137.64006622516,-48.93,1.5));
#139 = LINE('',#140,#141);
#140 = CARTESIAN_POINT('',(137.64006622516,-19.035,1.5));
#141 = VECTOR('',#142,1.);
#142 = DIRECTION('',(2.205741108527E-16,-1.,0.));
#143 = ORIENTED_EDGE('',*,*,#144,.F.);
#144 = EDGE_CURVE('',#145,#137,#147,.T.);
#145 = VERTEX_POINT('',#146);
#146 = CARTESIAN_POINT('',(131.65,-54.92006622516,1.5));
#147 = CIRCLE('',#148,5.990066225166);
#148 = AXIS2_PLACEMENT_3D('',#149,#150,#151);
#149 = CARTESIAN_POINT('',(131.65,-48.93,1.5));
#150 = DIRECTION('',(0.,0.,1.));
#151 = DIRECTION('',(1.,0.,0.));
#152 = ORIENTED_EDGE('',*,*,#153,.T.);
#153 = EDGE_CURVE('',#145,#94,#154,.T.);
#154 = LINE('',#155,#156);
#155 = CARTESIAN_POINT('',(23.8,-54.92006622516,1.5));
#156 = VECTOR('',#157,1.);
#157 = DIRECTION('',(-1.,1.470494072351E-18,0.));
#158 = PLANE('',#159);
#159 = AXIS2_PLACEMENT_3D('',#160,#161,#162);
#160 = CARTESIAN_POINT('',(59.75,10.86,1.5));
#161 = DIRECTION('',(0.,0.,1.));
#162 = DIRECTION('',(1.,0.,0.));
#163 = ADVANCED_FACE('',(#164),#190,.T.);
#164 = FACE_BOUND('',#165,.T.);
#165 = EDGE_LOOP('',(#166,#167,#175,#184));
#166 = ORIENTED_EDGE('',*,*,#91,.F.);
#167 = ORIENTED_EDGE('',*,*,#168,.T.);
#168 = EDGE_CURVE('',#92,#169,#171,.T.);
#169 = VERTEX_POINT('',#170);
#170 = CARTESIAN_POINT('',(-16.65,-48.93,0.));
#171 = LINE('',#172,#173);
#172 = CARTESIAN_POINT('',(-18.15,-48.93,1.51));
#173 = VECTOR('',#174,1.);
#174 = DIRECTION('',(0.704753699907,1.575300019111E-16,-0.709452057906)
  );
#175 = ORIENTED_EDGE('',*,*,#176,.F.);
#176 = EDGE_CURVE('',#177,#169,#179,.T.);
#177 = VERTEX_POINT('',#178);
#178 = CARTESIAN_POINT('',(-12.15,-53.43,0.));
#179 = CIRCLE('',#180,4.5);
#180 = AXIS2_PLACEMENT_3D('',#181,#182,#183);
#181 = CARTESIAN_POINT('',(-12.15,-48.93,0.));
#182 = DIRECTION('',(0.,0.,-1.));
#183 = DIRECTION('',(1.,0.,0.));
#184 = ORIENTED_EDGE('',*,*,#185,.F.);
#185 = EDGE_CURVE('',#94,#177,#186,.T.);
#186 = LINE('',#187,#188);
#187 = CARTESIAN_POINT('',(-12.15,-54.93,1.51));
#188 = VECTOR('',#189,1.);
#189 = DIRECTION('',(3.140167587763E-16,0.704753699907,-0.709452057906)
  );
#190 = CONICAL_SURFACE('',#191,4.5,0.782075916484);
#191 = AXIS2_PLACEMENT_3D('',#192,#193,#194);
#192 = CARTESIAN_POINT('',(-12.15,-48.93,0.));
#193 = DIRECTION('',(0.,0.,1.));
#194 = DIRECTION('',(1.,0.,0.));
#195 = ADVANCED_FACE('',(#196),#214,.F.);
#196 = FACE_BOUND('',#197,.F.);
#197 = EDGE_LOOP('',(#198,#199,#200,#208));
#198 = ORIENTED_EDGE('',*,*,#185,.F.);
#199 = ORIENTED_EDGE('',*,*,#153,.F.);
#200 = ORIENTED_EDGE('',*,*,#201,.T.);
#201 = EDGE_CURVE('',#145,#202,#204,.T.);
#202 = VERTEX_POINT('',#203);
#203 = CARTESIAN_POINT('',(131.65,-53.43,1.596500709411E-14));
#204 = LINE('',#205,#206);
#205 = CARTESIAN_POINT('',(131.65,-54.93,1.51));
#206 = VECTOR('',#207,1.);
#207 = DIRECTION('',(3.140167587763E-16,0.704753699907,-0.709452057906)
  );
#208 = ORIENTED_EDGE('',*,*,#209,.F.);
#209 = EDGE_CURVE('',#177,#202,#210,.T.);
#210 = LINE('',#211,#212);
#211 = CARTESIAN_POINT('',(-12.15,-53.43,0.));
#212 = VECTOR('',#213,1.);
#213 = DIRECTION('',(1.,0.,0.));
#214 = PLANE('',#215);
#215 = AXIS2_PLACEMENT_3D('',#216,#217,#218);
#216 = CARTESIAN_POINT('',(-12.15,-54.93,1.51));
#217 = DIRECTION('',(1.043245045769E-18,0.709452057906,0.704753699907));
#218 = DIRECTION('',(3.140167587763E-16,0.704753699907,-0.709452057906)
  );
#219 = ADVANCED_FACE('',(#220),#239,.T.);
#220 = FACE_BOUND('',#221,.T.);
#221 = EDGE_LOOP('',(#222,#231,#237,#238));
#222 = ORIENTED_EDGE('',*,*,#223,.F.);
#223 = EDGE_CURVE('',#224,#202,#226,.T.);
#224 = VERTEX_POINT('',#225);
#225 = CARTESIAN_POINT('',(136.15,-48.93,0.));
#226 = CIRCLE('',#227,4.5);
#227 = AXIS2_PLACEMENT_3D('',#228,#229,#230);
#228 = CARTESIAN_POINT('',(131.65,-48.93,0.));
#229 = DIRECTION('',(0.,0.,-1.));
#230 = DIRECTION('',(0.,1.,0.));
#231 = ORIENTED_EDGE('',*,*,#232,.T.);
#232 = EDGE_CURVE('',#224,#137,#233,.T.);
#233 = LINE('',#234,#235);
#234 = CARTESIAN_POINT('',(136.15,-48.93,0.));
#235 = VECTOR('',#236,1.);
#236 = DIRECTION('',(0.704753699907,-1.726148725557E-16,0.709452057906)
  );
#237 = ORIENTED_EDGE('',*,*,#144,.F.);
#238 = ORIENTED_EDGE('',*,*,#201,.T.);
#239 = CONICAL_SURFACE('',#240,4.5,0.782075916484);
#240 = AXIS2_PLACEMENT_3D('',#241,#242,#243);
#241 = CARTESIAN_POINT('',(131.65,-48.93,0.));
#242 = DIRECTION('',(0.,0.,1.));
#243 = DIRECTION('',(1.,0.,0.));
#244 = ADVANCED_FACE('',(#245),#263,.F.);
#245 = FACE_BOUND('',#246,.F.);
#246 = EDGE_LOOP('',(#247,#248,#249,#257));
#247 = ORIENTED_EDGE('',*,*,#232,.T.);
#248 = ORIENTED_EDGE('',*,*,#136,.F.);
#249 = ORIENTED_EDGE('',*,*,#250,.F.);
#250 = EDGE_CURVE('',#251,#128,#253,.T.);
#251 = VERTEX_POINT('',#252);
#252 = CARTESIAN_POINT('',(136.15,70.65,8.850697952312E-15));
#253 = LINE('',#254,#255);
#254 = CARTESIAN_POINT('',(136.15,70.65,0.));
#255 = VECTOR('',#256,1.);
#256 = DIRECTION('',(0.704753699907,-1.726148725557E-16,0.709452057906)
  );
#257 = ORIENTED_EDGE('',*,*,#258,.F.);
#258 = EDGE_CURVE('',#224,#251,#259,.T.);
#259 = LINE('',#260,#261);
#260 = CARTESIAN_POINT('',(136.15,-48.93,0.));
#261 = VECTOR('',#262,1.);
#262 = DIRECTION('',(0.,1.,0.));
#263 = PLANE('',#264);
#264 = AXIS2_PLACEMENT_3D('',#265,#266,#267);
#265 = CARTESIAN_POINT('',(137.65,-48.93,1.51));
#266 = DIRECTION('',(-0.709452057906,-1.564867568653E-16,0.704753699907)
  );
#267 = DIRECTION('',(-0.704753699907,1.575300019111E-16,-0.709452057906)
  );
#268 = ADVANCED_FACE('',(#269),#288,.T.);
#269 = FACE_BOUND('',#270,.T.);
#270 = EDGE_LOOP('',(#271,#272,#273,#282));
#271 = ORIENTED_EDGE('',*,*,#127,.F.);
#272 = ORIENTED_EDGE('',*,*,#250,.F.);
#273 = ORIENTED_EDGE('',*,*,#274,.F.);
#274 = EDGE_CURVE('',#275,#251,#277,.T.);
#275 = VERTEX_POINT('',#276);
#276 = CARTESIAN_POINT('',(131.65,75.15,1.596500709411E-14));
#277 = CIRCLE('',#278,4.5);
#278 = AXIS2_PLACEMENT_3D('',#279,#280,#281);
#279 = CARTESIAN_POINT('',(131.65,70.65,0.));
#280 = DIRECTION('',(0.,0.,-1.));
#281 = DIRECTION('',(-1.,0.,0.));
#282 = ORIENTED_EDGE('',*,*,#283,.F.);
#283 = EDGE_CURVE('',#120,#275,#284,.T.);
#284 = LINE('',#285,#286);
#285 = CARTESIAN_POINT('',(131.65,76.65,1.51));
#286 = VECTOR('',#287,1.);
#287 = DIRECTION('',(3.140167587763E-16,-0.704753699907,-0.709452057906)
  );
#288 = CONICAL_SURFACE('',#289,4.5,0.782075916484);
#289 = AXIS2_PLACEMENT_3D('',#290,#291,#292);
#290 = CARTESIAN_POINT('',(131.65,70.65,0.));
#291 = DIRECTION('',(0.,0.,1.));
#292 = DIRECTION('',(1.,0.,0.));
#293 = ADVANCED_FACE('',(#294),#312,.F.);
#294 = FACE_BOUND('',#295,.T.);
#295 = EDGE_LOOP('',(#296,#304,#305,#306));
#296 = ORIENTED_EDGE('',*,*,#297,.F.);
#297 = EDGE_CURVE('',#111,#298,#300,.T.);
#298 = VERTEX_POINT('',#299);
#299 = CARTESIAN_POINT('',(-12.15,75.15,0.));
#300 = LINE('',#301,#302);
#301 = CARTESIAN_POINT('',(-12.15,76.65,1.51));
#302 = VECTOR('',#303,1.);
#303 = DIRECTION('',(3.140167587763E-16,-0.704753699907,-0.709452057906)
  );
#304 = ORIENTED_EDGE('',*,*,#119,.F.);
#305 = ORIENTED_EDGE('',*,*,#283,.T.);
#306 = ORIENTED_EDGE('',*,*,#307,.F.);
#307 = EDGE_CURVE('',#298,#275,#308,.T.);
#308 = LINE('',#309,#310);
#309 = CARTESIAN_POINT('',(-12.15,75.15,0.));
#310 = VECTOR('',#311,1.);
#311 = DIRECTION('',(1.,0.,0.));
#312 = PLANE('',#313);
#313 = AXIS2_PLACEMENT_3D('',#314,#315,#316);
#314 = CARTESIAN_POINT('',(-12.15,76.65,1.51));
#315 = DIRECTION('',(1.043245045769E-18,-0.709452057906,0.704753699907)
  );
#316 = DIRECTION('',(-3.140167587763E-16,0.704753699907,0.709452057906)
  );
#317 = ADVANCED_FACE('',(#318),#337,.T.);
#318 = FACE_BOUND('',#319,.T.);
#319 = EDGE_LOOP('',(#320,#321,#322,#331));
#320 = ORIENTED_EDGE('',*,*,#110,.F.);
#321 = ORIENTED_EDGE('',*,*,#297,.T.);
#322 = ORIENTED_EDGE('',*,*,#323,.F.);
#323 = EDGE_CURVE('',#324,#298,#326,.T.);
#324 = VERTEX_POINT('',#325);
#325 = CARTESIAN_POINT('',(-16.65,70.65,1.327604692847E-14));
#326 = CIRCLE('',#327,4.5);
#327 = AXIS2_PLACEMENT_3D('',#328,#329,#330);
#328 = CARTESIAN_POINT('',(-12.15,70.65,0.));
#329 = DIRECTION('',(-0.,-0.,-1.));
#330 = DIRECTION('',(0.,-1.,0.));
#331 = ORIENTED_EDGE('',*,*,#332,.F.);
#332 = EDGE_CURVE('',#103,#324,#333,.T.);
#333 = LINE('',#334,#335);
#334 = CARTESIAN_POINT('',(-18.15,70.65,1.51));
#335 = VECTOR('',#336,1.);
#336 = DIRECTION('',(0.704753699907,1.575300019111E-16,-0.709452057906)
  );
#337 = CONICAL_SURFACE('',#338,4.5,0.782075916484);
#338 = AXIS2_PLACEMENT_3D('',#339,#340,#341);
#339 = CARTESIAN_POINT('',(-12.15,70.65,0.));
#340 = DIRECTION('',(0.,0.,1.));
#341 = DIRECTION('',(1.,0.,0.));
#342 = ADVANCED_FACE('',(#343),#354,.F.);
#343 = FACE_BOUND('',#344,.T.);
#344 = EDGE_LOOP('',(#345,#346,#347,#348));
#345 = ORIENTED_EDGE('',*,*,#168,.F.);
#346 = ORIENTED_EDGE('',*,*,#102,.F.);
#347 = ORIENTED_EDGE('',*,*,#332,.T.);
#348 = ORIENTED_EDGE('',*,*,#349,.F.);
#349 = EDGE_CURVE('',#169,#324,#350,.T.);
#350 = LINE('',#351,#352);
#351 = CARTESIAN_POINT('',(-16.65,-48.93,0.));
#352 = VECTOR('',#353,1.);
#353 = DIRECTION('',(0.,1.,0.));
#354 = PLANE('',#355);
#355 = AXIS2_PLACEMENT_3D('',#356,#357,#358);
#356 = CARTESIAN_POINT('',(-18.15,-48.93,1.51));
#357 = DIRECTION('',(0.709452057906,-1.564867568653E-16,0.704753699907)
  );
#358 = DIRECTION('',(-0.704753699907,-1.575300019111E-16,0.709452057906)
  );
#359 = ADVANCED_FACE('',(#360),#385,.T.);
#360 = FACE_BOUND('',#361,.T.);
#361 = EDGE_LOOP('',(#362,#363,#371,#379));
#362 = ORIENTED_EDGE('',*,*,#21,.F.);
#363 = ORIENTED_EDGE('',*,*,#364,.T.);
#364 = EDGE_CURVE('',#22,#365,#367,.T.);
#365 = VERTEX_POINT('',#366);
#366 = CARTESIAN_POINT('',(-18.15,-48.93,40.6));
#367 = LINE('',#368,#369);
#368 = CARTESIAN_POINT('',(-18.15,-48.93,1.5));
#369 = VECTOR('',#370,1.);
#370 = DIRECTION('',(0.,0.,1.));
#371 = ORIENTED_EDGE('',*,*,#372,.T.);
#372 = EDGE_CURVE('',#365,#373,#375,.T.);
#373 = VERTEX_POINT('',#374);
#374 = CARTESIAN_POINT('',(-18.15,70.65,40.6));
#375 = LINE('',#376,#377);
#376 = CARTESIAN_POINT('',(-18.15,-48.93,40.6));
#377 = VECTOR('',#378,1.);
#378 = DIRECTION('',(0.,1.,0.));
#379 = ORIENTED_EDGE('',*,*,#380,.F.);
#380 = EDGE_CURVE('',#24,#373,#381,.T.);
#381 = LINE('',#382,#383);
#382 = CARTESIAN_POINT('',(-18.15,70.65,39.39));
#383 = VECTOR('',#384,1.);
#384 = DIRECTION('',(0.,0.,1.));
#385 = PLANE('',#386);
#386 = AXIS2_PLACEMENT_3D('',#387,#388,#389);
#387 = CARTESIAN_POINT('',(-18.15,10.86,21.05));
#388 = DIRECTION('',(-1.,-0.,-0.));
#389 = DIRECTION('',(0.,0.,-1.));
#390 = ADVANCED_FACE('',(#391,#452),#522,.T.);
#391 = FACE_BOUND('',#392,.T.);
#392 = EDGE_LOOP('',(#393,#394,#403,#411,#420,#428,#437,#445));
#393 = ORIENTED_EDGE('',*,*,#372,.F.);
#394 = ORIENTED_EDGE('',*,*,#395,.F.);
#395 = EDGE_CURVE('',#396,#365,#398,.T.);
#396 = VERTEX_POINT('',#397);
#397 = CARTESIAN_POINT('',(-12.15,-54.93,40.6));
#398 = CIRCLE('',#399,6.);
#399 = AXIS2_PLACEMENT_3D('',#400,#401,#402);
#400 = CARTESIAN_POINT('',(-12.15,-48.93,40.6));
#401 = DIRECTION('',(0.,0.,-1.));
#402 = DIRECTION('',(1.,0.,0.));
#403 = ORIENTED_EDGE('',*,*,#404,.T.);
#404 = EDGE_CURVE('',#396,#405,#407,.T.);
#405 = VERTEX_POINT('',#406);
#406 = CARTESIAN_POINT('',(131.65,-54.93,40.6));
#407 = LINE('',#408,#409);
#408 = CARTESIAN_POINT('',(-12.15,-54.93,40.6));
#409 = VECTOR('',#410,1.);
#410 = DIRECTION('',(1.,0.,0.));
#411 = ORIENTED_EDGE('',*,*,#412,.F.);
#412 = EDGE_CURVE('',#413,#405,#415,.T.);
#413 = VERTEX_POINT('',#414);
#414 = CARTESIAN_POINT('',(137.65,-48.93,40.6));
#415 = CIRCLE('',#416,6.);
#416 = AXIS2_PLACEMENT_3D('',#417,#418,#419);
#417 = CARTESIAN_POINT('',(131.65,-48.93,40.6));
#418 = DIRECTION('',(0.,0.,-1.));
#419 = DIRECTION('',(0.,1.,0.));
#420 = ORIENTED_EDGE('',*,*,#421,.T.);
#421 = EDGE_CURVE('',#413,#422,#424,.T.);
#422 = VERTEX_POINT('',#423);
#423 = CARTESIAN_POINT('',(137.65,70.65,40.6));
#424 = LINE('',#425,#426);
#425 = CARTESIAN_POINT('',(137.65,-48.93,40.6));
#426 = VECTOR('',#427,1.);
#427 = DIRECTION('',(0.,1.,0.));
#428 = ORIENTED_EDGE('',*,*,#429,.F.);
#429 = EDGE_CURVE('',#430,#422,#432,.T.);
#430 = VERTEX_POINT('',#431);
#431 = CARTESIAN_POINT('',(131.65,76.65,40.6));
#432 = CIRCLE('',#433,6.);
#433 = AXIS2_PLACEMENT_3D('',#434,#435,#436);
#434 = CARTESIAN_POINT('',(131.65,70.65,40.6));
#435 = DIRECTION('',(0.,0.,-1.));
#436 = DIRECTION('',(-1.,0.,0.));
#437 = ORIENTED_EDGE('',*,*,#438,.F.);
#438 = EDGE_CURVE('',#439,#430,#441,.T.);
#439 = VERTEX_POINT('',#440);
#440 = CARTESIAN_POINT('',(-12.15,76.65,40.6));
#441 = LINE('',#442,#443);
#442 = CARTESIAN_POINT('',(-12.15,76.65,40.6));
#443 = VECTOR('',#444,1.);
#444 = DIRECTION('',(1.,0.,0.));
#445 = ORIENTED_EDGE('',*,*,#446,.F.);
#446 = EDGE_CURVE('',#373,#439,#447,.T.);
#447 = CIRCLE('',#448,6.);
#448 = AXIS2_PLACEMENT_3D('',#449,#450,#451);
#449 = CARTESIAN_POINT('',(-12.15,70.65,40.6));
#450 = DIRECTION('',(-0.,-0.,-1.));
#451 = DIRECTION('',(0.,-1.,0.));
#452 = FACE_BOUND('',#453,.T.);
#453 = EDGE_LOOP('',(#454,#465,#473,#482,#490,#499,#507,#516));
#454 = ORIENTED_EDGE('',*,*,#455,.T.);
#455 = EDGE_CURVE('',#456,#458,#460,.T.);
#456 = VERTEX_POINT('',#457);
#457 = CARTESIAN_POINT('',(-12.15,-53.53,40.6));
#458 = VERTEX_POINT('',#459);
#459 = CARTESIAN_POINT('',(-16.75,-48.93,40.6));
#460 = CIRCLE('',#461,4.6);
#461 = AXIS2_PLACEMENT_3D('',#462,#463,#464);
#462 = CARTESIAN_POINT('',(-12.15,-48.93,40.6));
#463 = DIRECTION('',(0.,0.,-1.));
#464 = DIRECTION('',(1.,0.,0.));
#465 = ORIENTED_EDGE('',*,*,#466,.T.);
#466 = EDGE_CURVE('',#458,#467,#469,.T.);
#467 = VERTEX_POINT('',#468);
#468 = CARTESIAN_POINT('',(-16.75,70.65,40.6));
#469 = LINE('',#470,#471);
#470 = CARTESIAN_POINT('',(-16.75,-48.93,40.6));
#471 = VECTOR('',#472,1.);
#472 = DIRECTION('',(0.,1.,0.));
#473 = ORIENTED_EDGE('',*,*,#474,.T.);
#474 = EDGE_CURVE('',#467,#475,#477,.T.);
#475 = VERTEX_POINT('',#476);
#476 = CARTESIAN_POINT('',(-12.15,75.25,40.6));
#477 = CIRCLE('',#478,4.6);
#478 = AXIS2_PLACEMENT_3D('',#479,#480,#481);
#479 = CARTESIAN_POINT('',(-12.15,70.65,40.6));
#480 = DIRECTION('',(-0.,-0.,-1.));
#481 = DIRECTION('',(0.,-1.,0.));
#482 = ORIENTED_EDGE('',*,*,#483,.T.);
#483 = EDGE_CURVE('',#475,#484,#486,.T.);
#484 = VERTEX_POINT('',#485);
#485 = CARTESIAN_POINT('',(131.65,75.25,40.6));
#486 = LINE('',#487,#488);
#487 = CARTESIAN_POINT('',(-12.15,75.25,40.6));
#488 = VECTOR('',#489,1.);
#489 = DIRECTION('',(1.,0.,0.));
#490 = ORIENTED_EDGE('',*,*,#491,.T.);
#491 = EDGE_CURVE('',#484,#492,#494,.T.);
#492 = VERTEX_POINT('',#493);
#493 = CARTESIAN_POINT('',(136.25,70.65,40.6));
#494 = CIRCLE('',#495,4.6);
#495 = AXIS2_PLACEMENT_3D('',#496,#497,#498);
#496 = CARTESIAN_POINT('',(131.65,70.65,40.6));
#497 = DIRECTION('',(0.,0.,-1.));
#498 = DIRECTION('',(-1.,0.,0.));
#499 = ORIENTED_EDGE('',*,*,#500,.F.);
#500 = EDGE_CURVE('',#501,#492,#503,.T.);
#501 = VERTEX_POINT('',#502);
#502 = CARTESIAN_POINT('',(136.25,-48.93,40.6));
#503 = LINE('',#504,#505);
#504 = CARTESIAN_POINT('',(136.25,-48.93,40.6));
#505 = VECTOR('',#506,1.);
#506 = DIRECTION('',(0.,1.,0.));
#507 = ORIENTED_EDGE('',*,*,#508,.T.);
#508 = EDGE_CURVE('',#501,#509,#511,.T.);
#509 = VERTEX_POINT('',#510);
#510 = CARTESIAN_POINT('',(131.65,-53.53,40.6));
#511 = CIRCLE('',#512,4.6);
#512 = AXIS2_PLACEMENT_3D('',#513,#514,#515);
#513 = CARTESIAN_POINT('',(131.65,-48.93,40.6));
#514 = DIRECTION('',(0.,0.,-1.));
#515 = DIRECTION('',(0.,1.,0.));
#516 = ORIENTED_EDGE('',*,*,#517,.F.);
#517 = EDGE_CURVE('',#456,#509,#518,.T.);
#518 = LINE('',#519,#520);
#519 = CARTESIAN_POINT('',(-12.15,-53.53,40.6));
#520 = VECTOR('',#521,1.);
#521 = DIRECTION('',(1.,0.,0.));
#522 = PLANE('',#523);
#523 = AXIS2_PLACEMENT_3D('',#524,#525,#526);
#524 = CARTESIAN_POINT('',(59.75,10.86,40.6));
#525 = DIRECTION('',(0.,0.,1.));
#526 = DIRECTION('',(1.,0.,0.));
#527 = ADVANCED_FACE('',(#528),#554,.F.);
#528 = FACE_BOUND('',#529,.F.);
#529 = EDGE_LOOP('',(#530,#541,#547,#548));
#530 = ORIENTED_EDGE('',*,*,#531,.F.);
#531 = EDGE_CURVE('',#532,#534,#536,.T.);
#532 = VERTEX_POINT('',#533);
#533 = CARTESIAN_POINT('',(-12.15,-53.53,39.4));
#534 = VERTEX_POINT('',#535);
#535 = CARTESIAN_POINT('',(-16.75,-48.93,39.4));
#536 = CIRCLE('',#537,4.6);
#537 = AXIS2_PLACEMENT_3D('',#538,#539,#540);
#538 = CARTESIAN_POINT('',(-12.15,-48.93,39.4));
#539 = DIRECTION('',(0.,0.,-1.));
#540 = DIRECTION('',(1.,0.,0.));
#541 = ORIENTED_EDGE('',*,*,#542,.T.);
#542 = EDGE_CURVE('',#532,#456,#543,.T.);
#543 = LINE('',#544,#545);
#544 = CARTESIAN_POINT('',(-12.15,-53.53,39.39));
#545 = VECTOR('',#546,1.);
#546 = DIRECTION('',(0.,0.,1.));
#547 = ORIENTED_EDGE('',*,*,#455,.T.);
#548 = ORIENTED_EDGE('',*,*,#549,.F.);
#549 = EDGE_CURVE('',#534,#458,#550,.T.);
#550 = LINE('',#551,#552);
#551 = CARTESIAN_POINT('',(-16.75,-48.93,39.39));
#552 = VECTOR('',#553,1.);
#553 = DIRECTION('',(0.,0.,1.));
#554 = CYLINDRICAL_SURFACE('',#555,4.6);
#555 = AXIS2_PLACEMENT_3D('',#556,#557,#558);
#556 = CARTESIAN_POINT('',(-12.15,-48.93,39.39));
#557 = DIRECTION('',(0.,0.,-1.));
#558 = DIRECTION('',(1.,0.,0.));
#559 = ADVANCED_FACE('',(#560),#578,.T.);
#560 = FACE_BOUND('',#561,.T.);
#561 = EDGE_LOOP('',(#562,#570,#571,#572));
#562 = ORIENTED_EDGE('',*,*,#563,.T.);
#563 = EDGE_CURVE('',#564,#532,#566,.T.);
#564 = VERTEX_POINT('',#565);
#565 = CARTESIAN_POINT('',(131.65,-53.53,39.4));
#566 = LINE('',#567,#568);
#567 = CARTESIAN_POINT('',(23.8,-53.53,39.4));
#568 = VECTOR('',#569,1.);
#569 = DIRECTION('',(-1.,0.,0.));
#570 = ORIENTED_EDGE('',*,*,#542,.T.);
#571 = ORIENTED_EDGE('',*,*,#517,.T.);
#572 = ORIENTED_EDGE('',*,*,#573,.F.);
#573 = EDGE_CURVE('',#564,#509,#574,.T.);
#574 = LINE('',#575,#576);
#575 = CARTESIAN_POINT('',(131.65,-53.53,39.39));
#576 = VECTOR('',#577,1.);
#577 = DIRECTION('',(0.,0.,1.));
#578 = PLANE('',#579);
#579 = AXIS2_PLACEMENT_3D('',#580,#581,#582);
#580 = CARTESIAN_POINT('',(-12.15,-53.53,39.39));
#581 = DIRECTION('',(0.,1.,0.));
#582 = DIRECTION('',(1.,0.,0.));
#583 = ADVANCED_FACE('',(#584),#603,.F.);
#584 = FACE_BOUND('',#585,.F.);
#585 = EDGE_LOOP('',(#586,#595,#601,#602));
#586 = ORIENTED_EDGE('',*,*,#587,.F.);
#587 = EDGE_CURVE('',#588,#564,#590,.T.);
#588 = VERTEX_POINT('',#589);
#589 = CARTESIAN_POINT('',(136.25,-48.93,39.4));
#590 = CIRCLE('',#591,4.6);
#591 = AXIS2_PLACEMENT_3D('',#592,#593,#594);
#592 = CARTESIAN_POINT('',(131.65,-48.93,39.4));
#593 = DIRECTION('',(0.,0.,-1.));
#594 = DIRECTION('',(0.,1.,0.));
#595 = ORIENTED_EDGE('',*,*,#596,.T.);
#596 = EDGE_CURVE('',#588,#501,#597,.T.);
#597 = LINE('',#598,#599);
#598 = CARTESIAN_POINT('',(136.25,-48.93,39.39));
#599 = VECTOR('',#600,1.);
#600 = DIRECTION('',(0.,0.,1.));
#601 = ORIENTED_EDGE('',*,*,#508,.T.);
#602 = ORIENTED_EDGE('',*,*,#573,.F.);
#603 = CYLINDRICAL_SURFACE('',#604,4.6);
#604 = AXIS2_PLACEMENT_3D('',#605,#606,#607);
#605 = CARTESIAN_POINT('',(131.65,-48.93,39.39));
#606 = DIRECTION('',(0.,0.,-1.));
#607 = DIRECTION('',(0.,1.,0.));
#608 = ADVANCED_FACE('',(#609),#627,.T.);
#609 = FACE_BOUND('',#610,.T.);
#610 = EDGE_LOOP('',(#611,#619,#620,#621));
#611 = ORIENTED_EDGE('',*,*,#612,.T.);
#612 = EDGE_CURVE('',#613,#588,#615,.T.);
#613 = VERTEX_POINT('',#614);
#614 = CARTESIAN_POINT('',(136.25,70.65,39.4));
#615 = LINE('',#616,#617);
#616 = CARTESIAN_POINT('',(136.25,-19.035,39.4));
#617 = VECTOR('',#618,1.);
#618 = DIRECTION('',(0.,-1.,0.));
#619 = ORIENTED_EDGE('',*,*,#596,.T.);
#620 = ORIENTED_EDGE('',*,*,#500,.T.);
#621 = ORIENTED_EDGE('',*,*,#622,.F.);
#622 = EDGE_CURVE('',#613,#492,#623,.T.);
#623 = LINE('',#624,#625);
#624 = CARTESIAN_POINT('',(136.25,70.65,39.39));
#625 = VECTOR('',#626,1.);
#626 = DIRECTION('',(0.,0.,1.));
#627 = PLANE('',#628);
#628 = AXIS2_PLACEMENT_3D('',#629,#630,#631);
#629 = CARTESIAN_POINT('',(136.25,-48.93,39.39));
#630 = DIRECTION('',(-1.,0.,0.));
#631 = DIRECTION('',(0.,1.,0.));
#632 = ADVANCED_FACE('',(#633),#652,.F.);
#633 = FACE_BOUND('',#634,.F.);
#634 = EDGE_LOOP('',(#635,#644,#650,#651));
#635 = ORIENTED_EDGE('',*,*,#636,.F.);
#636 = EDGE_CURVE('',#637,#613,#639,.T.);
#637 = VERTEX_POINT('',#638);
#638 = CARTESIAN_POINT('',(131.65,75.25,39.4));
#639 = CIRCLE('',#640,4.6);
#640 = AXIS2_PLACEMENT_3D('',#641,#642,#643);
#641 = CARTESIAN_POINT('',(131.65,70.65,39.4));
#642 = DIRECTION('',(0.,0.,-1.));
#643 = DIRECTION('',(-1.,0.,0.));
#644 = ORIENTED_EDGE('',*,*,#645,.T.);
#645 = EDGE_CURVE('',#637,#484,#646,.T.);
#646 = LINE('',#647,#648);
#647 = CARTESIAN_POINT('',(131.65,75.25,39.39));
#648 = VECTOR('',#649,1.);
#649 = DIRECTION('',(0.,0.,1.));
#650 = ORIENTED_EDGE('',*,*,#491,.T.);
#651 = ORIENTED_EDGE('',*,*,#622,.F.);
#652 = CYLINDRICAL_SURFACE('',#653,4.6);
#653 = AXIS2_PLACEMENT_3D('',#654,#655,#656);
#654 = CARTESIAN_POINT('',(131.65,70.65,39.39));
#655 = DIRECTION('',(0.,0.,-1.));
#656 = DIRECTION('',(-1.,0.,0.));
#657 = ADVANCED_FACE('',(#658),#676,.F.);
#658 = FACE_BOUND('',#659,.F.);
#659 = EDGE_LOOP('',(#660,#668,#674,#675));
#660 = ORIENTED_EDGE('',*,*,#661,.T.);
#661 = EDGE_CURVE('',#637,#662,#664,.T.);
#662 = VERTEX_POINT('',#663);
#663 = CARTESIAN_POINT('',(-12.15,75.25,39.4));
#664 = LINE('',#665,#666);
#665 = CARTESIAN_POINT('',(23.8,75.25,39.4));
#666 = VECTOR('',#667,1.);
#667 = DIRECTION('',(-1.,0.,0.));
#668 = ORIENTED_EDGE('',*,*,#669,.T.);
#669 = EDGE_CURVE('',#662,#475,#670,.T.);
#670 = LINE('',#671,#672);
#671 = CARTESIAN_POINT('',(-12.15,75.25,39.39));
#672 = VECTOR('',#673,1.);
#673 = DIRECTION('',(0.,0.,1.));
#674 = ORIENTED_EDGE('',*,*,#483,.T.);
#675 = ORIENTED_EDGE('',*,*,#645,.F.);
#676 = PLANE('',#677);
#677 = AXIS2_PLACEMENT_3D('',#678,#679,#680);
#678 = CARTESIAN_POINT('',(-12.15,75.25,39.39));
#679 = DIRECTION('',(0.,1.,0.));
#680 = DIRECTION('',(1.,0.,0.));
#681 = ADVANCED_FACE('',(#682),#701,.F.);
#682 = FACE_BOUND('',#683,.F.);
#683 = EDGE_LOOP('',(#684,#693,#699,#700));
#684 = ORIENTED_EDGE('',*,*,#685,.F.);
#685 = EDGE_CURVE('',#686,#662,#688,.T.);
#686 = VERTEX_POINT('',#687);
#687 = CARTESIAN_POINT('',(-16.75,70.65,39.4));
#688 = CIRCLE('',#689,4.6);
#689 = AXIS2_PLACEMENT_3D('',#690,#691,#692);
#690 = CARTESIAN_POINT('',(-12.15,70.65,39.4));
#691 = DIRECTION('',(-0.,-0.,-1.));
#692 = DIRECTION('',(0.,-1.,0.));
#693 = ORIENTED_EDGE('',*,*,#694,.T.);
#694 = EDGE_CURVE('',#686,#467,#695,.T.);
#695 = LINE('',#696,#697);
#696 = CARTESIAN_POINT('',(-16.75,70.65,39.39));
#697 = VECTOR('',#698,1.);
#698 = DIRECTION('',(0.,0.,1.));
#699 = ORIENTED_EDGE('',*,*,#474,.T.);
#700 = ORIENTED_EDGE('',*,*,#669,.F.);
#701 = CYLINDRICAL_SURFACE('',#702,4.6);
#702 = AXIS2_PLACEMENT_3D('',#703,#704,#705);
#703 = CARTESIAN_POINT('',(-12.15,70.65,39.39));
#704 = DIRECTION('',(-0.,-0.,-1.));
#705 = DIRECTION('',(0.,-1.,0.));
#706 = ADVANCED_FACE('',(#707),#718,.F.);
#707 = FACE_BOUND('',#708,.F.);
#708 = EDGE_LOOP('',(#709,#715,#716,#717));
#709 = ORIENTED_EDGE('',*,*,#710,.T.);
#710 = EDGE_CURVE('',#686,#534,#711,.T.);
#711 = LINE('',#712,#713);
#712 = CARTESIAN_POINT('',(-16.75,-19.035,39.4));
#713 = VECTOR('',#714,1.);
#714 = DIRECTION('',(0.,-1.,0.));
#715 = ORIENTED_EDGE('',*,*,#549,.T.);
#716 = ORIENTED_EDGE('',*,*,#466,.T.);
#717 = ORIENTED_EDGE('',*,*,#694,.F.);
#718 = PLANE('',#719);
#719 = AXIS2_PLACEMENT_3D('',#720,#721,#722);
#720 = CARTESIAN_POINT('',(-16.75,-48.93,39.39));
#721 = DIRECTION('',(-1.,0.,0.));
#722 = DIRECTION('',(0.,1.,0.));
#723 = ADVANCED_FACE('',(#724,#734,#745,#756,#767,#3729),#3740,.T.);
#724 = FACE_BOUND('',#725,.T.);
#725 = EDGE_LOOP('',(#726,#727,#728,#729,#730,#731,#732,#733));
#726 = ORIENTED_EDGE('',*,*,#531,.F.);
#727 = ORIENTED_EDGE('',*,*,#563,.F.);
#728 = ORIENTED_EDGE('',*,*,#587,.F.);
#729 = ORIENTED_EDGE('',*,*,#612,.F.);
#730 = ORIENTED_EDGE('',*,*,#636,.F.);
#731 = ORIENTED_EDGE('',*,*,#661,.T.);
#732 = ORIENTED_EDGE('',*,*,#685,.F.);
#733 = ORIENTED_EDGE('',*,*,#710,.T.);
#734 = FACE_BOUND('',#735,.T.);
#735 = EDGE_LOOP('',(#736));
#736 = ORIENTED_EDGE('',*,*,#737,.T.);
#737 = EDGE_CURVE('',#738,#738,#740,.T.);
#738 = VERTEX_POINT('',#739);
#739 = CARTESIAN_POINT('',(66.3,-48.43,39.4));
#740 = CIRCLE('',#741,3.15);
#741 = AXIS2_PLACEMENT_3D('',#742,#743,#744);
#742 = CARTESIAN_POINT('',(63.15,-48.43,39.4));
#743 = DIRECTION('',(0.,0.,-1.));
#744 = DIRECTION('',(1.,0.,0.));
#745 = FACE_BOUND('',#746,.T.);
#746 = EDGE_LOOP('',(#747));
#747 = ORIENTED_EDGE('',*,*,#748,.T.);
#748 = EDGE_CURVE('',#749,#749,#751,.T.);
#749 = VERTEX_POINT('',#750);
#750 = CARTESIAN_POINT('',(132.8,-46.93,39.4));
#751 = CIRCLE('',#752,3.15);
#752 = AXIS2_PLACEMENT_3D('',#753,#754,#755);
#753 = CARTESIAN_POINT('',(129.65,-46.93,39.4));
#754 = DIRECTION('',(0.,0.,-1.));
#755 = DIRECTION('',(1.,0.,0.));
#756 = FACE_BOUND('',#757,.T.);
#757 = EDGE_LOOP('',(#758));
#758 = ORIENTED_EDGE('',*,*,#759,.T.);
#759 = EDGE_CURVE('',#760,#760,#762,.T.);
#760 = VERTEX_POINT('',#761);
#761 = CARTESIAN_POINT('',(22.2,70.15,39.4));
#762 = CIRCLE('',#763,3.15);
#763 = AXIS2_PLACEMENT_3D('',#764,#765,#766);
#764 = CARTESIAN_POINT('',(19.05,70.15,39.4));
#765 = DIRECTION('',(0.,0.,-1.));
#766 = DIRECTION('',(1.,0.,0.));
#767 = FACE_BOUND('',#768,.T.);
#768 = EDGE_LOOP('',(#769,#779,#787,#795,#803,#811,#819,#827,#835,#843,
    #851,#859,#867,#875,#883,#891,#899,#907,#915,#923,#931,#939,#947,
    #955,#963,#971,#979,#987,#995,#1003,#1011,#1019,#1027,#1035,#1043,
    #1051,#1059,#1067,#1075,#1083,#1091,#1099,#1107,#1115,#1123,#1131,
    #1139,#1147,#1155,#1163,#1171,#1179,#1187,#1195,#1203,#1211,#1219,
    #1227,#1235,#1243,#1251,#1259,#1267,#1275,#1283,#1291,#1299,#1307,
    #1315,#1323,#1331,#1339,#1347,#1355,#1363,#1371,#1379,#1387,#1395,
    #1403,#1411,#1419,#1427,#1435,#1443,#1451,#1459,#1467,#1475,#1483,
    #1491,#1499,#1507,#1515,#1523,#1531,#1539,#1547,#1555,#1563,#1571,
    #1579,#1587,#1595,#1603,#1611,#1619,#1627,#1635,#1643,#1651,#1659,
    #1667,#1675,#1683,#1691,#1699,#1707,#1715,#1723,#1731,#1739,#1747,
    #1755,#1763,#1771,#1779,#1787,#1795,#1803,#1811,#1819,#1827,#1835,
    #1843,#1851,#1859,#1867,#1875,#1883,#1891,#1899,#1907,#1915,#1923,
    #1931,#1939,#1947,#1955,#1963,#1971,#1979,#1987,#1995,#2003,#2011,
    #2019,#2027,#2035,#2043,#2051,#2059,#2067,#2075,#2083,#2091,#2099,
    #2107,#2115,#2123,#2131,#2139,#2147,#2155,#2163,#2171,#2179,#2187,
    #2195,#2203,#2211,#2219,#2227,#2235,#2243,#2251,#2259,#2267,#2275,
    #2283,#2291,#2299,#2307,#2315,#2323,#2331,#2339,#2347,#2355,#2363,
    #2371,#2379,#2387,#2395,#2403,#2411,#2419,#2427,#2435,#2443,#2451,
    #2459,#2467,#2475,#2483,#2491,#2499,#2507,#2515,#2523,#2531,#2539,
    #2547,#2555,#2563,#2571,#2579,#2587,#2595,#2603,#2611,#2619,#2627,
    #2635,#2643,#2651,#2659,#2667,#2675,#2683,#2691,#2699,#2707,#2715,
    #2723,#2731,#2739,#2747,#2755,#2763,#2771,#2779,#2787,#2795,#2803,
    #2811,#2819,#2827,#2835,#2843,#2851,#2859,#2867,#2875,#2883,#2891,
    #2899,#2907,#2915,#2923,#2931,#2939,#2947,#2955,#2963,#2971,#2979,
    #2987,#2995,#3003,#3011,#3019,#3027,#3035,#3043,#3051,#3059,#3067,
    #3075,#3083,#3091,#3099,#3107,#3115,#3123,#3131,#3139,#3147,#3155,
    #3163,#3171,#3179,#3187,#3195,#3203,#3211,#3219,#3227,#3235,#3243,
    #3251,#3259,#3267,#3275,#3283,#3291,#3299,#3307,#3315,#3323,#3331,
    #3339,#3347,#3355,#3363,#3371,#3379,#3387,#3395,#3403,#3411,#3419,
    #3427,#3435,#3443,#3451,#3459,#3467,#3475,#3483,#3491,#3499,#3507,
    #3515,#3523,#3531,#3539,#3547,#3555,#3563,#3571,#3579,#3587,#3595,
    #3603,#3611,#3619,#3627,#3635,#3643,#3651,#3659,#3667,#3675,#3683,
    #3691,#3699,#3707,#3715,#3723));
#769 = ORIENTED_EDGE('',*,*,#770,.T.);
#770 = EDGE_CURVE('',#771,#773,#775,.T.);
#771 = VERTEX_POINT('',#772);
#772 = CARTESIAN_POINT('',(54.1111,-51.5929,39.4));
#773 = VERTEX_POINT('',#774);
#774 = CARTESIAN_POINT('',(53.7654,-51.7777,39.4));
#775 = LINE('',#776,#777);
#776 = CARTESIAN_POINT('',(69.113756601527,-43.57296670534,39.4));
#777 = VECTOR('',#778,1.);
#778 = DIRECTION('',(-0.881900582193,-0.471435428375,0.));
#779 = ORIENTED_EDGE('',*,*,#780,.T.);
#780 = EDGE_CURVE('',#773,#781,#783,.T.);
#781 = VERTEX_POINT('',#782);
#782 = CARTESIAN_POINT('',(53.3902,-51.8916,39.4));
#783 = LINE('',#784,#785);
#784 = CARTESIAN_POINT('',(65.022879708029,-48.36025080292,39.4));
#785 = VECTOR('',#786,1.);
#786 = DIRECTION('',(-0.956880576643,-0.290481603624,0.));
#787 = ORIENTED_EDGE('',*,*,#788,.T.);
#788 = EDGE_CURVE('',#781,#789,#791,.T.);
#789 = VERTEX_POINT('',#790);
#790 = CARTESIAN_POINT('',(53.,-51.93,39.4));
#791 = LINE('',#792,#793);
#792 = CARTESIAN_POINT('',(59.402607994765,-51.29991248847,39.4));
#793 = VECTOR('',#794,1.);
#794 = DIRECTION('',(-0.99519252186,-9.793796217175E-02,0.));
#795 = ORIENTED_EDGE('',*,*,#796,.T.);
#796 = EDGE_CURVE('',#789,#797,#799,.T.);
#797 = VERTEX_POINT('',#798);
#798 = CARTESIAN_POINT('',(-13.15,-51.93,39.4));
#799 = LINE('',#800,#801);
#800 = CARTESIAN_POINT('',(23.3,-51.93,39.4));
#801 = VECTOR('',#802,1.);
#802 = DIRECTION('',(-1.,0.,0.));
#803 = ORIENTED_EDGE('',*,*,#804,.T.);
#804 = EDGE_CURVE('',#797,#805,#807,.T.);
#805 = VERTEX_POINT('',#806);
#806 = CARTESIAN_POINT('',(-13.5402,-51.8916,39.4));
#807 = LINE('',#808,#809);
#808 = CARTESIAN_POINT('',(19.695296800637,-55.16234084352,39.4));
#809 = VECTOR('',#810,1.);
#810 = DIRECTION('',(-0.99519252186,9.793796217175E-02,0.));
#811 = ORIENTED_EDGE('',*,*,#812,.T.);
#812 = EDGE_CURVE('',#805,#813,#815,.T.);
#813 = VERTEX_POINT('',#814);
#814 = CARTESIAN_POINT('',(-13.9154,-51.7777,39.4));
#815 = LINE('',#816,#817);
#816 = CARTESIAN_POINT('',(11.104104233577,-59.37290664233,39.4));
#817 = VECTOR('',#818,1.);
#818 = DIRECTION('',(-0.956880576643,0.290481603624,0.));
#819 = ORIENTED_EDGE('',*,*,#820,.T.);
#820 = EDGE_CURVE('',#813,#821,#823,.T.);
#821 = VERTEX_POINT('',#822);
#822 = CARTESIAN_POINT('',(-14.2611,-51.5929,39.4));
#823 = LINE('',#824,#825);
#824 = CARTESIAN_POINT('',(1.537232861928,-60.03817599908,39.4));
#825 = VECTOR('',#826,1.);
#826 = DIRECTION('',(-0.881900582193,0.471435428375,0.));
#827 = ORIENTED_EDGE('',*,*,#828,.T.);
#828 = EDGE_CURVE('',#821,#829,#831,.T.);
#829 = VERTEX_POINT('',#830);
#830 = CARTESIAN_POINT('',(-14.5642,-51.3442,39.4));
#831 = LINE('',#832,#833);
#832 = CARTESIAN_POINT('',(-7.609394005684,-57.05076631734,39.4));
#833 = VECTOR('',#834,1.);
#834 = DIRECTION('',(-0.773070163501,0.634320520167,0.));
#835 = ORIENTED_EDGE('',*,*,#836,.T.);
#836 = EDGE_CURVE('',#829,#837,#839,.T.);
#837 = VERTEX_POINT('',#838);
#838 = CARTESIAN_POINT('',(-14.8129,-51.0411,39.4));
#839 = LINE('',#840,#841);
#840 = CARTESIAN_POINT('',(-14.9895950506,-50.8257551273,39.4));
#841 = VECTOR('',#842,1.);
#842 = DIRECTION('',(-0.634320520167,0.773070163501,0.));
#843 = ORIENTED_EDGE('',*,*,#844,.T.);
#844 = EDGE_CURVE('',#837,#845,#847,.T.);
#845 = VERTEX_POINT('',#846);
#846 = CARTESIAN_POINT('',(-14.9978,-50.6954,39.4));
#847 = LINE('',#848,#849);
#848 = CARTESIAN_POINT('',(-19.48436386204,-42.30705426118,39.4));
#849 = VECTOR('',#850,1.);
#850 = DIRECTION('',(-0.471633800734,0.881794510079,0.));
#851 = ORIENTED_EDGE('',*,*,#852,.T.);
#852 = EDGE_CURVE('',#845,#853,#855,.T.);
#853 = VERTEX_POINT('',#854);
#854 = CARTESIAN_POINT('',(-15.1116,-50.3202,39.4));
#855 = LINE('',#856,#857);
#856 = CARTESIAN_POINT('',(-20.45478330717,-32.70365890287,39.4));
#857 = VECTOR('',#858,1.);
#858 = DIRECTION('',(-0.290248065043,0.95695144116,0.));
#859 = ORIENTED_EDGE('',*,*,#860,.T.);
#860 = EDGE_CURVE('',#853,#861,#863,.T.);
#861 = VERTEX_POINT('',#862);
#862 = CARTESIAN_POINT('',(-15.15,-49.93,39.4));
#863 = LINE('',#864,#865);
#864 = CARTESIAN_POINT('',(-17.7532987681,-23.47668803868,39.4));
#865 = VECTOR('',#866,1.);
#866 = DIRECTION('',(-9.793796217175E-02,0.99519252186,0.));
#867 = ORIENTED_EDGE('',*,*,#868,.T.);
#868 = EDGE_CURVE('',#861,#869,#871,.T.);
#869 = VERTEX_POINT('',#870);
#870 = CARTESIAN_POINT('',(-15.15,71.65,39.4));
#871 = LINE('',#872,#873);
#872 = CARTESIAN_POINT('',(-15.15,41.255,39.4));
#873 = VECTOR('',#874,1.);
#874 = DIRECTION('',(0.,1.,0.));
#875 = ORIENTED_EDGE('',*,*,#876,.T.);
#876 = EDGE_CURVE('',#869,#877,#879,.T.);
#877 = VERTEX_POINT('',#878);
#878 = CARTESIAN_POINT('',(-15.1116,72.0402,39.4));
#879 = LINE('',#880,#881);
#880 = CARTESIAN_POINT('',(-17.7340987681,45.391788038686,39.4));
#881 = VECTOR('',#882,1.);
#882 = DIRECTION('',(9.793796217175E-02,0.99519252186,0.));
#883 = ORIENTED_EDGE('',*,*,#884,.T.);
#884 = EDGE_CURVE('',#877,#885,#887,.T.);
#885 = VERTEX_POINT('',#886);
#886 = CARTESIAN_POINT('',(-14.9978,72.4154,39.4));
#887 = LINE('',#888,#889);
#888 = CARTESIAN_POINT('',(-20.39788330717,54.61125890287,39.4));
#889 = VECTOR('',#890,1.);
#890 = DIRECTION('',(0.290248065043,0.95695144116,0.));
#891 = ORIENTED_EDGE('',*,*,#892,.T.);
#892 = EDGE_CURVE('',#885,#893,#895,.T.);
#893 = VERTEX_POINT('',#894);
#894 = CARTESIAN_POINT('',(-14.8129,72.7611,39.4));
#895 = LINE('',#896,#897);
#896 = CARTESIAN_POINT('',(-19.39191386204,64.199904261184,39.4));
#897 = VECTOR('',#898,1.);
#898 = DIRECTION('',(0.471633800734,0.881794510079,0.));
#899 = ORIENTED_EDGE('',*,*,#900,.T.);
#900 = EDGE_CURVE('',#893,#901,#903,.T.);
#901 = VERTEX_POINT('',#902);
#902 = CARTESIAN_POINT('',(-14.5642,73.0642,39.4));
#903 = LINE('',#904,#905);
#904 = CARTESIAN_POINT('',(-14.8652450506,72.697305127305,39.4));
#905 = VECTOR('',#906,1.);
#906 = DIRECTION('',(0.634320520167,0.773070163501,0.));
#907 = ORIENTED_EDGE('',*,*,#908,.T.);
#908 = EDGE_CURVE('',#901,#909,#911,.T.);
#909 = VERTEX_POINT('',#910);
#910 = CARTESIAN_POINT('',(-14.2611,73.3129,39.4));
#911 = LINE('',#912,#913);
#912 = CARTESIAN_POINT('',(-7.457844005684,78.895116317342,39.4));
#913 = VECTOR('',#914,1.);
#914 = DIRECTION('',(0.773070163501,0.634320520167,0.));
#915 = ORIENTED_EDGE('',*,*,#916,.T.);
#916 = EDGE_CURVE('',#909,#917,#919,.T.);
#917 = VERTEX_POINT('',#918);
#918 = CARTESIAN_POINT('',(-13.9154,73.4978,39.4));
#919 = LINE('',#920,#921);
#920 = CARTESIAN_POINT('',(1.699259175362,81.849406831138,39.4));
#921 = VECTOR('',#922,1.);
#922 = DIRECTION('',(0.881794510079,0.471633800734,0.));
#923 = ORIENTED_EDGE('',*,*,#924,.T.);
#924 = EDGE_CURVE('',#917,#925,#927,.T.);
#925 = VERTEX_POINT('',#926);
#926 = CARTESIAN_POINT('',(-13.5402,73.6116,39.4));
#927 = LINE('',#928,#929);
#928 = CARTESIAN_POINT('',(11.303040301452,81.146676615952,39.4));
#929 = VECTOR('',#930,1.);
#930 = DIRECTION('',(0.95695144116,0.290248065043,0.));
#931 = ORIENTED_EDGE('',*,*,#932,.T.);
#932 = EDGE_CURVE('',#925,#933,#935,.T.);
#933 = VERTEX_POINT('',#934);
#934 = CARTESIAN_POINT('',(-13.15,73.65,39.4));
#935 = LINE('',#936,#937);
#936 = CARTESIAN_POINT('',(19.890396800636,76.901540843528,39.4));
#937 = VECTOR('',#938,1.);
#938 = DIRECTION('',(0.99519252186,9.793796217177E-02,0.));
#939 = ORIENTED_EDGE('',*,*,#940,.T.);
#940 = EDGE_CURVE('',#933,#941,#943,.T.);
#941 = VERTEX_POINT('',#942);
#942 = CARTESIAN_POINT('',(6.,73.65,39.4));
#943 = LINE('',#944,#945);
#944 = CARTESIAN_POINT('',(32.875,73.65,39.4));
#945 = VECTOR('',#946,1.);
#946 = DIRECTION('',(1.,0.,0.));
#947 = ORIENTED_EDGE('',*,*,#948,.T.);
#948 = EDGE_CURVE('',#941,#949,#951,.T.);
#949 = VERTEX_POINT('',#950);
#950 = CARTESIAN_POINT('',(6.39018,73.6116,39.4));
#951 = LINE('',#952,#953);
#952 = CARTESIAN_POINT('',(35.872417317033,70.710072722912,39.4));
#953 = VECTOR('',#954,1.);
#954 = DIRECTION('',(0.995192032549,-9.794293415829E-02,0.));
#955 = ORIENTED_EDGE('',*,*,#956,.T.);
#956 = EDGE_CURVE('',#949,#957,#959,.T.);
#957 = VERTEX_POINT('',#958);
#958 = CARTESIAN_POINT('',(6.76537,73.4978,39.4));
#959 = LINE('',#960,#961);
#960 = CARTESIAN_POINT('',(39.724879820731,63.500752590423,39.4));
#961 = VECTOR('',#962,1.);
#962 = DIRECTION('',(0.956949292431,-0.290255149334,0.));
#963 = ORIENTED_EDGE('',*,*,#964,.T.);
#964 = EDGE_CURVE('',#957,#965,#967,.T.);
#965 = VERTEX_POINT('',#966);
#966 = CARTESIAN_POINT('',(7.11114,73.3129,39.4));
#967 = LINE('',#968,#969);
#968 = CARTESIAN_POINT('',(40.563084349239,55.424521857957,39.4));
#969 = VECTOR('',#970,1.);
#970 = DIRECTION('',(0.881834217651,-0.471559553587,0.));
#971 = ORIENTED_EDGE('',*,*,#972,.T.);
#972 = EDGE_CURVE('',#965,#973,#975,.T.);
#973 = VERTEX_POINT('',#974);
#974 = CARTESIAN_POINT('',(7.41421,73.0642,39.4));
#975 = LINE('',#976,#977);
#976 = CARTESIAN_POINT('',(38.303843302106,47.716089655084,39.4));
#977 = VECTOR('',#978,1.);
#978 = DIRECTION('',(0.773039373458,-0.634358043287,0.));
#979 = ORIENTED_EDGE('',*,*,#980,.T.);
#980 = EDGE_CURVE('',#973,#981,#983,.T.);
#981 = VERTEX_POINT('',#982);
#982 = CARTESIAN_POINT('',(7.66294,72.7611,39.4));
#983 = LINE('',#984,#985);
#984 = CARTESIAN_POINT('',(33.321101941509,41.49430916467,39.4));
#985 = VECTOR('',#986,1.);
#986 = DIRECTION('',(0.634366245875,-0.773032642322,0.));
#987 = ORIENTED_EDGE('',*,*,#988,.T.);
#988 = EDGE_CURVE('',#981,#989,#991,.T.);
#989 = VERTEX_POINT('',#990);
#990 = CARTESIAN_POINT('',(7.84776,72.4154,39.4));
#991 = LINE('',#992,#993);
#992 = CARTESIAN_POINT('',(26.41328324441,37.689172396968,39.4));
#993 = VECTOR('',#994,1.);
#994 = DIRECTION('',(0.471475108574,-0.881879369299,0.));
#995 = ORIENTED_EDGE('',*,*,#996,.T.);
#996 = EDGE_CURVE('',#989,#997,#999,.T.);
#997 = VERTEX_POINT('',#998);
#998 = CARTESIAN_POINT('',(7.96157,72.0402,39.4));
#999 = LINE('',#1000,#1001);
#1000 = CARTESIAN_POINT('',(18.640473923444,36.834816008468,39.4));
#1001 = VECTOR('',#1002,1.);
#1002 = DIRECTION('',(0.290271421235,-0.956944356801,0.));
#1003 = ORIENTED_EDGE('',*,*,#1004,.T.);
#1004 = EDGE_CURVE('',#997,#1005,#1007,.T.);
#1005 = VERTEX_POINT('',#1006);
#1006 = CARTESIAN_POINT('',(8.,71.65,39.4));
#1007 = LINE('',#1008,#1009);
#1008 = CARTESIAN_POINT('',(11.213356549002,39.023101081953,39.4));
#1009 = VECTOR('',#1010,1.);
#1010 = DIRECTION('',(9.801374144198E-02,-0.995185061428,0.));
#1011 = ORIENTED_EDGE('',*,*,#1012,.T.);
#1012 = EDGE_CURVE('',#1005,#1013,#1015,.T.);
#1013 = VERTEX_POINT('',#1014);
#1014 = CARTESIAN_POINT('',(8.,65.24,39.4));
#1015 = LINE('',#1016,#1017);
#1016 = CARTESIAN_POINT('',(8.,38.05,39.4));
#1017 = VECTOR('',#1018,1.);
#1018 = DIRECTION('',(0.,-1.,0.));
#1019 = ORIENTED_EDGE('',*,*,#1020,.T.);
#1020 = EDGE_CURVE('',#1013,#1021,#1023,.T.);
#1021 = VERTEX_POINT('',#1022);
#1022 = CARTESIAN_POINT('',(8.00961,65.0443,39.4));
#1023 = LINE('',#1024,#1025);
#1024 = CARTESIAN_POINT('',(9.399023394014,36.750002267585,39.4));
#1025 = VECTOR('',#1026,1.);
#1026 = DIRECTION('',(4.904667473736E-02,-0.998796487628,0.));
#1027 = ORIENTED_EDGE('',*,*,#1028,.T.);
#1028 = EDGE_CURVE('',#1021,#1029,#1031,.T.);
#1029 = VERTEX_POINT('',#1030);
#1030 = CARTESIAN_POINT('',(8.09538,64.6131,39.4));
#1031 = LINE('',#1032,#1033);
#1032 = CARTESIAN_POINT('',(14.220900222985,33.817666629929,39.4));
#1033 = VECTOR('',#1034,1.);
#1034 = DIRECTION('',(0.195088105999,-0.980785721194,0.));
#1035 = ORIENTED_EDGE('',*,*,#1036,.T.);
#1036 = EDGE_CURVE('',#1029,#1037,#1039,.T.);
#1037 = VERTEX_POINT('',#1038);
#1038 = CARTESIAN_POINT('',(8.24469,64.2527,39.4));
#1039 = LINE('',#1040,#1041);
#1040 = CARTESIAN_POINT('',(21.457073502699,32.361044957653,39.4));
#1041 = VECTOR('',#1042,1.);
#1042 = DIRECTION('',(0.382743453349,-0.923854668722,0.));
#1043 = ORIENTED_EDGE('',*,*,#1044,.T.);
#1044 = EDGE_CURVE('',#1037,#1045,#1047,.T.);
#1045 = VERTEX_POINT('',#1046);
#1046 = CARTESIAN_POINT('',(8.46146,63.9283,39.4));
#1047 = LINE('',#1048,#1049);
#1048 = CARTESIAN_POINT('',(28.634882267045,33.738429706927,39.4));
#1049 = VECTOR('',#1050,1.);
#1050 = DIRECTION('',(0.555593002061,-0.831454398065,0.));
#1051 = ORIENTED_EDGE('',*,*,#1052,.T.);
#1052 = EDGE_CURVE('',#1045,#1053,#1055,.T.);
#1053 = VERTEX_POINT('',#1054);
#1054 = CARTESIAN_POINT('',(8.73735,63.6524,39.4));
#1055 = LINE('',#1056,#1057);
#1056 = CARTESIAN_POINT('',(34.688150244371,37.700659134358,39.4));
#1057 = VECTOR('',#1058,1.);
#1058 = DIRECTION('',(0.70709396629,-0.707119595851,0.));
#1059 = ORIENTED_EDGE('',*,*,#1060,.T.);
#1060 = EDGE_CURVE('',#1053,#1061,#1063,.T.);
#1061 = VERTEX_POINT('',#1062);
#1062 = CARTESIAN_POINT('',(9.06177,63.4356,39.4));
#1063 = LINE('',#1064,#1065);
#1064 = CARTESIAN_POINT('',(38.725754879056,43.612062851306,39.4));
#1065 = VECTOR('',#1066,1.);
#1066 = DIRECTION('',(0.831434702582,-0.555622475556,0.));
#1067 = ORIENTED_EDGE('',*,*,#1068,.T.);
#1068 = EDGE_CURVE('',#1061,#1069,#1071,.T.);
#1069 = VERTEX_POINT('',#1070);
#1070 = CARTESIAN_POINT('',(9.42224,63.2863,39.4));
#1071 = LINE('',#1072,#1073);
#1072 = CARTESIAN_POINT('',(40.168682813532,50.551692648319,39.4));
#1073 = VECTOR('',#1074,1.);
#1074 = DIRECTION('',(0.923890009968,-0.382658136567,0.));
#1075 = ORIENTED_EDGE('',*,*,#1076,.T.);
#1076 = EDGE_CURVE('',#1069,#1077,#1079,.T.);
#1077 = VERTEX_POINT('',#1078);
#1078 = CARTESIAN_POINT('',(9.80491,63.2102,39.4));
#1079 = LINE('',#1080,#1081);
#1080 = CARTESIAN_POINT('',(38.834728302697,57.43716011489,39.4));
#1081 = VECTOR('',#1082,1.);
#1082 = DIRECTION('',(0.980794006649,-0.195046447085,0.));
#1083 = ORIENTED_EDGE('',*,*,#1084,.T.);
#1084 = EDGE_CURVE('',#1077,#1085,#1087,.T.);
#1085 = VERTEX_POINT('',#1086);
#1086 = CARTESIAN_POINT('',(10.2938,63.2102,39.4));
#1087 = LINE('',#1088,#1089);
#1088 = CARTESIAN_POINT('',(35.0219,63.2102,39.4));
#1089 = VECTOR('',#1090,1.);
#1090 = DIRECTION('',(1.,0.,0.));
#1091 = ORIENTED_EDGE('',*,*,#1092,.T.);
#1092 = EDGE_CURVE('',#1085,#1093,#1095,.T.);
#1093 = VERTEX_POINT('',#1094);
#1094 = CARTESIAN_POINT('',(10.5137,63.2318,39.4));
#1095 = LINE('',#1096,#1097);
#1096 = CARTESIAN_POINT('',(32.349024775519,65.376606799232,39.4));
#1097 = VECTOR('',#1098,1.);
#1098 = DIRECTION('',(0.995210411934,9.775600226362E-02,0.));
#1099 = ORIENTED_EDGE('',*,*,#1100,.T.);
#1100 = EDGE_CURVE('',#1093,#1101,#1103,.T.);
#1101 = VERTEX_POINT('',#1102);
#1102 = CARTESIAN_POINT('',(10.6116,63.239,39.4));
#1103 = LINE('',#1104,#1105);
#1104 = CARTESIAN_POINT('',(33.132895256143,64.895315892177,39.4));
#1105 = VECTOR('',#1106,1.);
#1106 = DIRECTION('',(0.997306529568,7.334634333898E-02,0.));
#1107 = ORIENTED_EDGE('',*,*,#1108,.T.);
#1108 = EDGE_CURVE('',#1101,#1109,#1111,.T.);
#1109 = VERTEX_POINT('',#1110);
#1110 = CARTESIAN_POINT('',(10.7856,63.2476,39.4));
#1111 = LINE('',#1112,#1113);
#1112 = CARTESIAN_POINT('',(33.916657994145,64.390859188217,39.4));
#1113 = VECTOR('',#1114,1.);
#1114 = DIRECTION('',(0.998780803774,4.936502823252E-02,0.));
#1115 = ORIENTED_EDGE('',*,*,#1116,.T.);
#1116 = EDGE_CURVE('',#1109,#1117,#1119,.T.);
#1117 = VERTEX_POINT('',#1118);
#1118 = CARTESIAN_POINT('',(10.8837,63.25,39.4));
#1119 = LINE('',#1120,#1121);
#1120 = CARTESIAN_POINT('',(34.66176189517,63.831726284898,39.4));
#1121 = VECTOR('',#1122,1.);
#1122 = DIRECTION('',(0.999700870274,2.445751364586E-02,0.));
#1123 = ORIENTED_EDGE('',*,*,#1124,.T.);
#1124 = EDGE_CURVE('',#1117,#1125,#1127,.T.);
#1125 = VERTEX_POINT('',#1126);
#1126 = CARTESIAN_POINT('',(18.0165,63.25,39.4));
#1127 = LINE('',#1128,#1129);
#1128 = CARTESIAN_POINT('',(38.88325,63.25,39.4));
#1129 = VECTOR('',#1130,1.);
#1130 = DIRECTION('',(1.,0.,0.));
#1131 = ORIENTED_EDGE('',*,*,#1132,.T.);
#1132 = EDGE_CURVE('',#1125,#1133,#1135,.T.);
#1133 = VERTEX_POINT('',#1134);
#1134 = CARTESIAN_POINT('',(18.1637,63.2536,39.4));
#1135 = LINE('',#1136,#1137);
#1136 = CARTESIAN_POINT('',(38.304120973396,63.746164643371,39.4));
#1137 = VECTOR('',#1138,1.);
#1138 = DIRECTION('',(0.999701073361,2.444921103329E-02,0.));
#1139 = ORIENTED_EDGE('',*,*,#1140,.T.);
#1140 = EDGE_CURVE('',#1133,#1141,#1143,.T.);
#1141 = VERTEX_POINT('',#1142);
#1142 = CARTESIAN_POINT('',(18.3433,63.2624,39.4));
#1143 = LINE('',#1144,#1145);
#1144 = CARTESIAN_POINT('',(37.716339115966,64.211635769602,39.4));
#1145 = VECTOR('',#1146,1.);
#1146 = DIRECTION('',(0.998801766221,4.893906204202E-02,0.));
#1147 = ORIENTED_EDGE('',*,*,#1148,.T.);
#1148 = EDGE_CURVE('',#1141,#1149,#1151,.T.);
#1149 = VERTEX_POINT('',#1150);
#1150 = CARTESIAN_POINT('',(18.7812,63.3164,39.4));
#1151 = LINE('',#1152,#1153);
#1152 = CARTESIAN_POINT('',(35.772859223225,65.411740484253,39.4));
#1153 = VECTOR('',#1154,1.);
#1154 = DIRECTION('',(0.992482236555,0.122388766326,0.));
#1155 = ORIENTED_EDGE('',*,*,#1156,.T.);
#1156 = EDGE_CURVE('',#1149,#1157,#1159,.T.);
#1157 = VERTEX_POINT('',#1158);
#1158 = CARTESIAN_POINT('',(19.3739,63.4343,39.4));
#1159 = LINE('',#1160,#1161);
#1160 = CARTESIAN_POINT('',(33.763518642312,66.296685756586,39.4));
#1161 = VECTOR('',#1162,1.);
#1162 = DIRECTION('',(0.980783811272,0.195097707692,0.));
#1163 = ORIENTED_EDGE('',*,*,#1164,.T.);
#1164 = EDGE_CURVE('',#1157,#1165,#1167,.T.);
#1165 = VERTEX_POINT('',#1166);
#1166 = CARTESIAN_POINT('',(19.9362,63.6049,39.4));
#1167 = LINE('',#1168,#1169);
#1168 = CARTESIAN_POINT('',(30.838254333188,66.91254799794,39.4));
#1169 = VECTOR('',#1170,1.);
#1170 = DIRECTION('',(0.95692702254,0.290328561347,0.));
#1171 = ORIENTED_EDGE('',*,*,#1172,.T.);
#1172 = EDGE_CURVE('',#1165,#1173,#1175,.T.);
#1173 = VERTEX_POINT('',#1174);
#1174 = CARTESIAN_POINT('',(20.2628,63.7402,39.4));
#1175 = LINE('',#1176,#1177);
#1176 = CARTESIAN_POINT('',(27.765506270626,66.848332756937,39.4));
#1177 = VECTOR('',#1178,1.);
#1178 = DIRECTION('',(0.923861679095,0.382726531481,0.));
#1179 = ORIENTED_EDGE('',*,*,#1180,.T.);
#1180 = EDGE_CURVE('',#1173,#1181,#1183,.T.);
#1181 = VERTEX_POINT('',#1182);
#1182 = CARTESIAN_POINT('',(20.7811,64.0172,39.4));
#1183 = LINE('',#1184,#1185);
#1184 = CARTESIAN_POINT('',(24.887891249081,66.212031518417,39.4));
#1185 = VECTOR('',#1186,1.);
#1186 = DIRECTION('',(0.881947523693,0.471347605755,0.));
#1187 = ORIENTED_EDGE('',*,*,#1188,.T.);
#1188 = EDGE_CURVE('',#1181,#1189,#1191,.T.);
#1189 = VERTEX_POINT('',#1190);
#1190 = CARTESIAN_POINT('',(21.075,64.2136,39.4));
#1191 = LINE('',#1192,#1193);
#1192 = CARTESIAN_POINT('',(22.119273215851,64.911440284427,39.4));
#1193 = VECTOR('',#1194,1.);
#1194 = DIRECTION('',(0.831440471197,0.55561384329,0.));
#1195 = ORIENTED_EDGE('',*,*,#1196,.T.);
#1196 = EDGE_CURVE('',#1189,#1197,#1199,.T.);
#1197 = VERTEX_POINT('',#1198);
#1198 = CARTESIAN_POINT('',(21.5293,64.5864,39.4));
#1199 = LINE('',#1200,#1201);
#1200 = CARTESIAN_POINT('',(19.776166074094,63.147772820652,39.4));
#1201 = VECTOR('',#1202,1.);
#1202 = DIRECTION('',(0.773039136675,0.634358331835,0.));
#1203 = ORIENTED_EDGE('',*,*,#1204,.T.);
#1204 = EDGE_CURVE('',#1197,#1205,#1207,.T.);
#1205 = VERTEX_POINT('',#1206);
#1206 = CARTESIAN_POINT('',(21.7792,64.8364,39.4));
#1207 = LINE('',#1208,#1209);
#1208 = CARTESIAN_POINT('',(17.774003240544,60.829600520752,39.4));
#1209 = VECTOR('',#1210,1.);
#1210 = DIRECTION('',(0.706965317395,0.707248216682,0.));
#1211 = ORIENTED_EDGE('',*,*,#1212,.T.);
#1212 = EDGE_CURVE('',#1205,#1213,#1215,.T.);
#1213 = VERTEX_POINT('',#1214);
#1214 = CARTESIAN_POINT('',(22.152,65.2906,39.4));
#1215 = LINE('',#1216,#1217);
#1216 = CARTESIAN_POINT('',(16.372389514057,58.249025207309,39.4));
#1217 = VECTOR('',#1218,1.);
#1218 = DIRECTION('',(0.634441783069,0.772970648793,0.));
#1219 = ORIENTED_EDGE('',*,*,#1220,.T.);
#1220 = EDGE_CURVE('',#1213,#1221,#1223,.T.);
#1221 = VERTEX_POINT('',#1222);
#1222 = CARTESIAN_POINT('',(22.7899,66.2453,39.4));
#1223 = LINE('',#1224,#1225);
#1224 = CARTESIAN_POINT('',(15.701536674136,55.636645873645,39.4));
#1225 = VECTOR('',#1226,1.);
#1226 = DIRECTION('',(0.555564124245,0.831473694023,0.));
#1227 = ORIENTED_EDGE('',*,*,#1228,.T.);
#1228 = EDGE_CURVE('',#1221,#1229,#1231,.T.);
#1229 = VERTEX_POINT('',#1230);
#1230 = CARTESIAN_POINT('',(22.8023,66.2644,39.4));
#1231 = LINE('',#1232,#1233);
#1232 = CARTESIAN_POINT('',(15.627858994929,55.213446516385,39.4));
#1233 = VECTOR('',#1234,1.);
#1234 = DIRECTION('',(0.544525209589,0.83874447606,0.));
#1235 = ORIENTED_EDGE('',*,*,#1236,.T.);
#1236 = EDGE_CURVE('',#1229,#1237,#1239,.T.);
#1237 = VERTEX_POINT('',#1238);
#1238 = CARTESIAN_POINT('',(22.8158,66.2849,39.4));
#1239 = LINE('',#1240,#1241);
#1240 = CARTESIAN_POINT('',(15.672577489627,55.437784336101,39.4));
#1241 = VECTOR('',#1242,1.);
#1242 = DIRECTION('',(0.549990569516,0.83517086482,0.));
#1243 = ORIENTED_EDGE('',*,*,#1244,.T.);
#1244 = EDGE_CURVE('',#1237,#1245,#1247,.T.);
#1245 = VERTEX_POINT('',#1246);
#1246 = CARTESIAN_POINT('',(23.0334,66.6104,39.4));
#1247 = LINE('',#1248,#1249);
#1248 = CARTESIAN_POINT('',(15.824621169836,55.827047476018,39.4));
#1249 = VECTOR('',#1250,1.);
#1250 = DIRECTION('',(0.555760657205,0.831342343384,0.));
#1251 = ORIENTED_EDGE('',*,*,#1252,.T.);
#1252 = EDGE_CURVE('',#1245,#1253,#1255,.T.);
#1253 = VERTEX_POINT('',#1254);
#1254 = CARTESIAN_POINT('',(23.1503,66.7681,39.4));
#1255 = LINE('',#1256,#1257);
#1256 = CARTESIAN_POINT('',(16.266723485775,57.48204340211,39.4));
#1257 = VECTOR('',#1258,1.);
#1258 = DIRECTION('',(0.595507715992,0.803349587784,0.));
#1259 = ORIENTED_EDGE('',*,*,#1260,.T.);
#1260 = EDGE_CURVE('',#1253,#1261,#1263,.T.);
#1261 = VERTEX_POINT('',#1262);
#1262 = CARTESIAN_POINT('',(23.5698,67.2793,39.4));
#1263 = LINE('',#1264,#1265);
#1264 = CARTESIAN_POINT('',(17.016000101958,59.292881626034,39.4));
#1265 = VECTOR('',#1266,1.);
#1266 = DIRECTION('',(0.634365273945,0.773033439906,0.));
#1267 = ORIENTED_EDGE('',*,*,#1268,.T.);
#1268 = EDGE_CURVE('',#1261,#1269,#1271,.T.);
#1269 = VERTEX_POINT('',#1270);
#1270 = CARTESIAN_POINT('',(23.7016,67.4247,39.4));
#1271 = LINE('',#1272,#1273);
#1272 = CARTESIAN_POINT('',(17.758258833675,60.868085390108,39.4));
#1273 = VECTOR('',#1274,1.);
#1274 = DIRECTION('',(0.671606852152,0.740907710948,0.));
#1275 = ORIENTED_EDGE('',*,*,#1276,.T.);
#1276 = EDGE_CURVE('',#1269,#1277,#1279,.T.);
#1277 = VERTEX_POINT('',#1278);
#1278 = CARTESIAN_POINT('',(23.9475,67.6706,39.4));
#1279 = LINE('',#1280,#1281);
#1280 = CARTESIAN_POINT('',(18.695475,62.418575000001,39.4));
#1281 = VECTOR('',#1282,1.);
#1282 = DIRECTION('',(0.707106781187,0.707106781187,0.));
#1283 = ORIENTED_EDGE('',*,*,#1284,.T.);
#1284 = EDGE_CURVE('',#1277,#1285,#1287,.T.);
#1285 = VERTEX_POINT('',#1286);
#1286 = CARTESIAN_POINT('',(24.0929,67.8024,39.4));
#1287 = LINE('',#1288,#1289);
#1288 = CARTESIAN_POINT('',(19.712547782376,63.831764358439,39.4));
#1289 = VECTOR('',#1290,1.);
#1290 = DIRECTION('',(0.740907710948,0.671606852152,0.));
#1291 = ORIENTED_EDGE('',*,*,#1292,.T.);
#1292 = EDGE_CURVE('',#1285,#1293,#1295,.T.);
#1293 = VERTEX_POINT('',#1294);
#1294 = CARTESIAN_POINT('',(24.6041,68.2219,39.4));
#1295 = LINE('',#1296,#1297);
#1296 = CARTESIAN_POINT('',(21.040631737943,65.297653255217,39.4));
#1297 = VECTOR('',#1298,1.);
#1298 = DIRECTION('',(0.773033439906,0.634365273945,0.));
#1299 = ORIENTED_EDGE('',*,*,#1300,.T.);
#1300 = EDGE_CURVE('',#1293,#1301,#1303,.T.);
#1301 = VERTEX_POINT('',#1302);
#1302 = CARTESIAN_POINT('',(24.7618,68.3388,39.4));
#1303 = LINE('',#1304,#1305);
#1304 = CARTESIAN_POINT('',(22.303022919146,66.516155480331,39.4));
#1305 = VECTOR('',#1306,1.);
#1306 = DIRECTION('',(0.803349587784,0.595507715992,0.));
#1307 = ORIENTED_EDGE('',*,*,#1308,.T.);
#1308 = EDGE_CURVE('',#1301,#1309,#1311,.T.);
#1309 = VERTEX_POINT('',#1310);
#1310 = CARTESIAN_POINT('',(25.0508,68.532,39.4));
#1311 = LINE('',#1312,#1313);
#1312 = CARTESIAN_POINT('',(23.718569729785,67.641387930085,39.4));
#1313 = VECTOR('',#1314,1.);
#1314 = DIRECTION('',(0.831341526747,0.55576187878,0.));
#1315 = ORIENTED_EDGE('',*,*,#1316,.T.);
#1316 = EDGE_CURVE('',#1309,#1317,#1319,.T.);
#1317 = VERTEX_POINT('',#1318);
#1318 = CARTESIAN_POINT('',(25.2192,68.6329,39.4));
#1319 = LINE('',#1320,#1321);
#1320 = CARTESIAN_POINT('',(25.187960087722,68.614182024057,39.4));
#1321 = VECTOR('',#1322,1.);
#1322 = DIRECTION('',(0.857807386648,0.513971290456,0.));
#1323 = ORIENTED_EDGE('',*,*,#1324,.T.);
#1324 = EDGE_CURVE('',#1317,#1325,#1327,.T.);
#1325 = VERTEX_POINT('',#1326);
#1326 = CARTESIAN_POINT('',(25.8024,68.9446,39.4));
#1327 = LINE('',#1328,#1329);
#1328 = CARTESIAN_POINT('',(26.931559028926,69.548096003628,39.4));
#1329 = VECTOR('',#1330,1.);
#1330 = DIRECTION('',(0.881938172094,0.471365103295,0.));
#1331 = ORIENTED_EDGE('',*,*,#1332,.T.);
#1332 = EDGE_CURVE('',#1325,#1333,#1335,.T.);
#1333 = VERTEX_POINT('',#1334);
#1334 = CARTESIAN_POINT('',(25.9798,69.0285,39.4));
#1335 = LINE('',#1336,#1337);
#1336 = CARTESIAN_POINT('',(28.537605796032,70.238195074899,39.4));
#1337 = VECTOR('',#1338,1.);
#1338 = DIRECTION('',(0.903997075176,0.427538639274,0.));
#1339 = ORIENTED_EDGE('',*,*,#1340,.T.);
#1340 = EDGE_CURVE('',#1333,#1341,#1343,.T.);
#1341 = VERTEX_POINT('',#1342);
#1342 = CARTESIAN_POINT('',(26.301,69.1616,39.4));
#1343 = LINE('',#1344,#1345);
#1344 = CARTESIAN_POINT('',(30.265182997847,70.804292269656,39.4));
#1345 = VECTOR('',#1346,1.);
#1346 = DIRECTION('',(0.923823997436,0.38281747839,0.));
#1347 = ORIENTED_EDGE('',*,*,#1348,.T.);
#1348 = EDGE_CURVE('',#1341,#1349,#1351,.T.);
#1349 = VERTEX_POINT('',#1350);
#1350 = CARTESIAN_POINT('',(26.4858,69.2277,39.4));
#1351 = LINE('',#1352,#1353);
#1352 = CARTESIAN_POINT('',(31.976797933712,71.191742009839,39.4));
#1353 = VECTOR('',#1354,1.);
#1354 = DIRECTION('',(0.941580418907,0.336788234252,0.));
#1355 = ORIENTED_EDGE('',*,*,#1356,.T.);
#1356 = EDGE_CURVE('',#1349,#1357,#1359,.T.);
#1357 = VERTEX_POINT('',#1358);
#1358 = CARTESIAN_POINT('',(27.1187,69.4197,39.4));
#1359 = LINE('',#1360,#1361);
#1360 = CARTESIAN_POINT('',(33.925427577872,71.484626046692,39.4));
#1361 = VECTOR('',#1362,1.);
#1362 = DIRECTION('',(0.956935344251,0.290301131452,0.));
#1363 = ORIENTED_EDGE('',*,*,#1364,.T.);
#1364 = EDGE_CURVE('',#1357,#1365,#1367,.T.);
#1365 = VERTEX_POINT('',#1366);
#1366 = CARTESIAN_POINT('',(27.3091,69.4674,39.4));
#1367 = LINE('',#1368,#1369);
#1368 = CARTESIAN_POINT('',(35.663865264144,71.560479323002,39.4));
#1369 = VECTOR('',#1370,1.);
#1370 = DIRECTION('',(0.970022507389,0.24301509245,0.));
#1371 = ORIENTED_EDGE('',*,*,#1372,.T.);
#1372 = EDGE_CURVE('',#1365,#1373,#1375,.T.);
#1373 = VERTEX_POINT('',#1374);
#1374 = CARTESIAN_POINT('',(27.65,69.5352,39.4));
#1375 = LINE('',#1376,#1377);
#1376 = CARTESIAN_POINT('',(37.476492047183,71.489544854207,39.4));
#1377 = VECTOR('',#1378,1.);
#1378 = DIRECTION('',(0.980790359024,0.19506478833,0.));
#1379 = ORIENTED_EDGE('',*,*,#1380,.T.);
#1380 = EDGE_CURVE('',#1373,#1381,#1383,.T.);
#1381 = VERTEX_POINT('',#1382);
#1382 = CARTESIAN_POINT('',(27.8442,69.564,39.4));
#1383 = LINE('',#1384,#1385);
#1384 = CARTESIAN_POINT('',(39.194547861045,71.247264770329,39.4));
#1385 = VECTOR('',#1386,1.);
#1386 = DIRECTION('',(0.989181572681,0.146696340336,0.));
#1387 = ORIENTED_EDGE('',*,*,#1388,.T.);
#1388 = EDGE_CURVE('',#1381,#1389,#1391,.T.);
#1389 = VERTEX_POINT('',#1390);
#1390 = CARTESIAN_POINT('',(28.5329,69.6318,39.4));
#1391 = LINE('',#1392,#1393);
#1392 = CARTESIAN_POINT('',(41.126462633821,70.87159025203,39.4));
#1393 = VECTOR('',#1394,1.);
#1394 = DIRECTION('',(0.995189099451,9.797273260171E-02,0.));
#1395 = ORIENTED_EDGE('',*,*,#1396,.T.);
#1396 = EDGE_CURVE('',#1389,#1397,#1399,.T.);
#1397 = VERTEX_POINT('',#1398);
#1398 = CARTESIAN_POINT('',(28.6308,69.639,39.4));
#1399 = LINE('',#1400,#1401);
#1400 = CARTESIAN_POINT('',(41.956887957038,70.619059584174,39.4));
#1401 = VECTOR('',#1402,1.);
#1402 = DIRECTION('',(0.997306529568,7.334634333898E-02,0.));
#1403 = ORIENTED_EDGE('',*,*,#1404,.T.);
#1404 = EDGE_CURVE('',#1397,#1405,#1407,.T.);
#1405 = VERTEX_POINT('',#1406);
#1406 = CARTESIAN_POINT('',(28.8047,69.6476,39.4));
#1407 = LINE('',#1408,#1409);
#1408 = CARTESIAN_POINT('',(42.789515333528,70.339200988317,39.4));
#1409 = VECTOR('',#1410,1.);
#1410 = DIRECTION('',(0.998779403757,4.939334601674E-02,0.));
#1411 = ORIENTED_EDGE('',*,*,#1412,.T.);
#1412 = EDGE_CURVE('',#1405,#1413,#1415,.T.);
#1413 = VERTEX_POINT('',#1414);
#1414 = CARTESIAN_POINT('',(28.9029,69.65,39.4));
#1415 = LINE('',#1416,#1417);
#1416 = CARTESIAN_POINT('',(43.599260317336,70.009177848898,39.4));
#1417 = VECTOR('',#1418,1.);
#1418 = DIRECTION('',(0.999701478917,2.443262270273E-02,0.));
#1419 = ORIENTED_EDGE('',*,*,#1420,.T.);
#1420 = EDGE_CURVE('',#1413,#1421,#1423,.T.);
#1421 = VERTEX_POINT('',#1422);
#1422 = CARTESIAN_POINT('',(47.3712,69.65,39.4));
#1423 = LINE('',#1424,#1425);
#1424 = CARTESIAN_POINT('',(53.5606,69.65,39.4));
#1425 = VECTOR('',#1426,1.);
#1426 = DIRECTION('',(1.,0.,0.));
#1427 = ORIENTED_EDGE('',*,*,#1428,.T.);
#1428 = EDGE_CURVE('',#1421,#1429,#1431,.T.);
#1429 = VERTEX_POINT('',#1430);
#1430 = CARTESIAN_POINT('',(47.4202,69.6494,39.4));
#1431 = LINE('',#1432,#1433);
#1432 = CARTESIAN_POINT('',(53.944056931076,69.569516037578,39.4));
#1433 = VECTOR('',#1434,1.);
#1434 = DIRECTION('',(0.999925039666,-1.224398007766E-02,0.));
#1435 = ORIENTED_EDGE('',*,*,#1436,.T.);
#1436 = EDGE_CURVE('',#1429,#1437,#1439,.T.);
#1437 = VERTEX_POINT('',#1438);
#1438 = CARTESIAN_POINT('',(47.5073,69.6473,39.4));
#1439 = LINE('',#1440,#1441);
#1440 = CARTESIAN_POINT('',(54.333369301472,69.482721980102,39.4));
#1441 = VECTOR('',#1442,1.);
#1442 = DIRECTION('',(0.999709475347,-2.410321352728E-02,0.));
#1443 = ORIENTED_EDGE('',*,*,#1444,.T.);
#1444 = EDGE_CURVE('',#1437,#1445,#1447,.T.);
#1445 = VERTEX_POINT('',#1446);
#1446 = CARTESIAN_POINT('',(47.5564,69.6455,39.4));
#1447 = LINE('',#1448,#1449);
#1448 = CARTESIAN_POINT('',(54.721105641144,69.382842766719,39.4));
#1449 = VECTOR('',#1450,1.);
#1450 = DIRECTION('',(0.999328703244,-3.663526814344E-02,0.));
#1451 = ORIENTED_EDGE('',*,*,#1452,.T.);
#1452 = EDGE_CURVE('',#1445,#1453,#1455,.T.);
#1453 = VERTEX_POINT('',#1454);
#1454 = CARTESIAN_POINT('',(47.8871,69.6292,39.4));
#1455 = LINE('',#1456,#1457);
#1456 = CARTESIAN_POINT('',(55.249013542636,69.26633580059,39.4));
#1457 = VECTOR('',#1458,1.);
#1458 = DIRECTION('',(0.998787487059,-4.922962213201E-02,0.));
#1459 = ORIENTED_EDGE('',*,*,#1460,.T.);
#1460 = EDGE_CURVE('',#1453,#1461,#1463,.T.);
#1461 = VERTEX_POINT('',#1462);
#1462 = CARTESIAN_POINT('',(48.0338,69.6166,39.4));
#1463 = LINE('',#1464,#1465);
#1464 = CARTESIAN_POINT('',(56.353812684474,68.901997683543,39.4));
#1465 = VECTOR('',#1466,1.);
#1466 = DIRECTION('',(0.996331773833,-8.557450818193E-02,0.));
#1467 = ORIENTED_EDGE('',*,*,#1468,.T.);
#1468 = EDGE_CURVE('',#1461,#1469,#1471,.T.);
#1469 = VERTEX_POINT('',#1470);
#1470 = CARTESIAN_POINT('',(48.2929,69.5846,39.4));
#1471 = LINE('',#1472,#1473);
#1472 = CARTESIAN_POINT('',(57.507274330101,68.446583872778,39.4));
#1473 = VECTOR('',#1474,1.);
#1474 = DIRECTION('',(0.992459481624,-0.122573150953,0.));
#1475 = ORIENTED_EDGE('',*,*,#1476,.T.);
#1476 = EDGE_CURVE('',#1469,#1477,#1479,.T.);
#1477 = VERTEX_POINT('',#1478);
#1478 = CARTESIAN_POINT('',(48.4383,69.5612,39.4));
#1479 = LINE('',#1480,#1481);
#1480 = CARTESIAN_POINT('',(58.555657649598,67.932959497933,39.4));
#1481 = VECTOR('',#1482,1.);
#1482 = DIRECTION('',(0.987296154582,-0.158890852938,0.));
#1483 = ORIENTED_EDGE('',*,*,#1484,.T.);
#1484 = EDGE_CURVE('',#1477,#1485,#1487,.T.);
#1485 = VERTEX_POINT('',#1486);
#1486 = CARTESIAN_POINT('',(49.1019,69.4292,39.4));
#1487 = LINE('',#1488,#1489);
#1488 = CARTESIAN_POINT('',(59.826744607891,67.295867437852,39.4));
#1489 = VECTOR('',#1490,1.);
#1490 = DIRECTION('',(0.980784784652,-0.195092814307,0.));
#1491 = ORIENTED_EDGE('',*,*,#1492,.T.);
#1492 = EDGE_CURVE('',#1485,#1493,#1495,.T.);
#1493 = VERTEX_POINT('',#1494);
#1494 = CARTESIAN_POINT('',(49.2923,69.3815,39.4));
#1495 = LINE('',#1496,#1497);
#1496 = CARTESIAN_POINT('',(61.109993077947,66.420869958939,39.4));
#1497 = VECTOR('',#1498,1.);
#1498 = DIRECTION('',(0.970022507389,-0.24301509245,0.));
#1499 = ORIENTED_EDGE('',*,*,#1500,.T.);
#1500 = EDGE_CURVE('',#1493,#1501,#1503,.T.);
#1501 = VERTEX_POINT('',#1502);
#1502 = CARTESIAN_POINT('',(49.625,69.2806,39.4));
#1503 = LINE('',#1504,#1505);
#1504 = CARTESIAN_POINT('',(62.373708338571,65.414219863656,39.4));
#1505 = VECTOR('',#1506,1.);
#1506 = DIRECTION('',(0.956959063726,-0.290222932161,0.));
#1507 = ORIENTED_EDGE('',*,*,#1508,.T.);
#1508 = EDGE_CURVE('',#1501,#1509,#1511,.T.);
#1509 = VERTEX_POINT('',#1510);
#1510 = CARTESIAN_POINT('',(49.8098,69.2145,39.4));
#1511 = LINE('',#1512,#1513);
#1512 = CARTESIAN_POINT('',(63.468651183054,64.328947709957,39.4));
#1513 = VECTOR('',#1514,1.);
#1514 = DIRECTION('',(0.941580418907,-0.336788234252,0.));
#1515 = ORIENTED_EDGE('',*,*,#1516,.T.);
#1516 = EDGE_CURVE('',#1509,#1517,#1519,.T.);
#1517 = VERTEX_POINT('',#1518);
#1518 = CARTESIAN_POINT('',(50.4208,68.9614,39.4));
#1519 = LINE('',#1520,#1521);
#1520 = CARTESIAN_POINT('',(64.673632315703,63.05732167086,39.4));
#1521 = VECTOR('',#1522,1.);
#1522 = DIRECTION('',(0.923871238907,-0.382703454284,0.));
#1523 = ORIENTED_EDGE('',*,*,#1524,.T.);
#1524 = EDGE_CURVE('',#1517,#1525,#1527,.T.);
#1525 = VERTEX_POINT('',#1526);
#1526 = CARTESIAN_POINT('',(50.5982,68.8775,39.4));
#1527 = LINE('',#1528,#1529);
#1528 = CARTESIAN_POINT('',(65.549373019844,61.806454811923,39.4));
#1529 = VECTOR('',#1530,1.);
#1530 = DIRECTION('',(0.903997075176,-0.427538639274,0.));
#1531 = ORIENTED_EDGE('',*,*,#1532,.T.);
#1532 = EDGE_CURVE('',#1525,#1533,#1535,.T.);
#1533 = VERTEX_POINT('',#1534);
#1534 = CARTESIAN_POINT('',(50.9048,68.7136,39.4));
#1535 = LINE('',#1536,#1537);
#1536 = CARTESIAN_POINT('',(66.371103741616,60.445735736299,39.4));
#1537 = VECTOR('',#1538,1.);
#1538 = DIRECTION('',(0.881898679568,-0.471438987544,0.));
#1539 = ORIENTED_EDGE('',*,*,#1540,.T.);
#1540 = EDGE_CURVE('',#1533,#1541,#1543,.T.);
#1541 = VERTEX_POINT('',#1542);
#1542 = CARTESIAN_POINT('',(51.0732,68.6127,39.4));
#1543 = LINE('',#1544,#1545);
#1544 = CARTESIAN_POINT('',(66.996786978977,59.071785949057,39.4));
#1545 = VECTOR('',#1546,1.);
#1546 = DIRECTION('',(0.857807386648,-0.513971290456,0.));
#1547 = ORIENTED_EDGE('',*,*,#1548,.T.);
#1548 = EDGE_CURVE('',#1541,#1549,#1551,.T.);
#1549 = VERTEX_POINT('',#1550);
#1550 = CARTESIAN_POINT('',(51.6231,68.2453,39.4));
#1551 = LINE('',#1552,#1553);
#1552 = CARTESIAN_POINT('',(67.686322920059,57.51311578318,39.4));
#1553 = VECTOR('',#1554,1.);
#1554 = DIRECTION('',(0.831491567248,-0.555537373717,0.));
#1555 = ORIENTED_EDGE('',*,*,#1556,.T.);
#1556 = EDGE_CURVE('',#1549,#1557,#1559,.T.);
#1557 = VERTEX_POINT('',#1558);
#1558 = CARTESIAN_POINT('',(51.7807,68.1284,39.4));
#1559 = LINE('',#1560,#1561);
#1560 = CARTESIAN_POINT('',(68.052269112833,56.058942961356,39.4));
#1561 = VECTOR('',#1562,1.);
#1562 = DIRECTION('',(0.8031688228,-0.595751493562,0.));
#1563 = ORIENTED_EDGE('',*,*,#1564,.T.);
#1564 = EDGE_CURVE('',#1557,#1565,#1567,.T.);
#1565 = VERTEX_POINT('',#1566);
#1566 = CARTESIAN_POINT('',(52.0494,67.9078,39.4));
#1567 = LINE('',#1568,#1569);
#1568 = CARTESIAN_POINT('',(68.338370245205,54.534719106467,39.4));
#1569 = VECTOR('',#1570,1.);
#1570 = DIRECTION('',(0.772892503595,-0.634536979133,0.));
#1571 = ORIENTED_EDGE('',*,*,#1572,.T.);
#1572 = EDGE_CURVE('',#1565,#1573,#1575,.T.);
#1573 = VERTEX_POINT('',#1574);
#1574 = CARTESIAN_POINT('',(52.1949,67.776,39.4));
#1575 = LINE('',#1576,#1577);
#1576 = CARTESIAN_POINT('',(68.429557717891,53.069966410873,39.4));
#1577 = VECTOR('',#1578,1.);
#1578 = DIRECTION('',(0.74113742313,-0.671353349612,0.));
#1579 = ORIENTED_EDGE('',*,*,#1580,.T.);
#1580 = EDGE_CURVE('',#1573,#1581,#1583,.T.);
#1581 = VERTEX_POINT('',#1582);
#1582 = CARTESIAN_POINT('',(52.6625,67.3084,39.4));
#1583 = LINE('',#1584,#1585);
#1584 = CARTESIAN_POINT('',(68.546475,51.424425,39.4));
#1585 = VECTOR('',#1586,1.);
#1586 = DIRECTION('',(0.707106781187,-0.707106781187,0.));
#1587 = ORIENTED_EDGE('',*,*,#1588,.T.);
#1588 = EDGE_CURVE('',#1581,#1589,#1591,.T.);
#1589 = VERTEX_POINT('',#1590);
#1590 = CARTESIAN_POINT('',(52.7943,67.163,39.4));
#1591 = LINE('',#1592,#1593);
#1592 = CARTESIAN_POINT('',(68.371153964281,49.978822713151,39.4));
#1593 = VECTOR('',#1594,1.);
#1594 = DIRECTION('',(0.671606852152,-0.740907710948,0.));
#1595 = ORIENTED_EDGE('',*,*,#1596,.T.);
#1596 = EDGE_CURVE('',#1589,#1597,#1599,.T.);
#1597 = VERTEX_POINT('',#1598);
#1598 = CARTESIAN_POINT('',(53.0149,66.8942,39.4));
#1599 = LINE('',#1600,#1601);
#1600 = CARTESIAN_POINT('',(68.109596471537,48.501387617638,39.4));
#1601 = VECTOR('',#1602,1.);
#1602 = DIRECTION('',(0.634395932266,-0.773008280114,0.));
#1603 = ORIENTED_EDGE('',*,*,#1604,.T.);
#1604 = EDGE_CURVE('',#1597,#1605,#1607,.T.);
#1605 = VERTEX_POINT('',#1606);
#1606 = CARTESIAN_POINT('',(53.1318,66.7366,39.4));
#1607 = LINE('',#1608,#1609);
#1608 = CARTESIAN_POINT('',(67.674435197984,47.13078898886,39.4));
#1609 = VECTOR('',#1610,1.);
#1610 = DIRECTION('',(0.595751493562,-0.8031688228,0.));
#1611 = ORIENTED_EDGE('',*,*,#1612,.T.);
#1612 = EDGE_CURVE('',#1605,#1613,#1615,.T.);
#1613 = VERTEX_POINT('',#1614);
#1614 = CARTESIAN_POINT('',(53.5163,66.1611,39.4));
#1615 = LINE('',#1616,#1617);
#1616 = CARTESIAN_POINT('',(67.250634935303,45.604247580581,39.4));
#1617 = VECTOR('',#1618,1.);
#1618 = DIRECTION('',(0.555533468141,-0.831494176633,0.));
#1619 = ORIENTED_EDGE('',*,*,#1620,.T.);
#1620 = EDGE_CURVE('',#1613,#1621,#1623,.T.);
#1621 = VERTEX_POINT('',#1622);
#1622 = CARTESIAN_POINT('',(53.5688,66.0782,39.4));
#1623 = LINE('',#1624,#1625);
#1624 = CARTESIAN_POINT('',(66.933086590761,44.975355078587,39.4));
#1625 = VECTOR('',#1626,1.);
#1626 = DIRECTION('',(0.535027835905,-0.84483443041,0.));
#1627 = ORIENTED_EDGE('',*,*,#1628,.T.);
#1628 = EDGE_CURVE('',#1621,#1629,#1631,.T.);
#1629 = VERTEX_POINT('',#1630);
#1630 = CARTESIAN_POINT('',(53.6583,65.9288,39.4));
#1631 = LINE('',#1632,#1633);
#1632 = CARTESIAN_POINT('',(66.601288706211,44.323408796558,39.4));
#1633 = VECTOR('',#1634,1.);
#1634 = DIRECTION('',(0.513904550078,-0.857847371861,0.));
#1635 = ORIENTED_EDGE('',*,*,#1636,.T.);
#1636 = EDGE_CURVE('',#1629,#1637,#1639,.T.);
#1637 = VERTEX_POINT('',#1638);
#1638 = CARTESIAN_POINT('',(53.7067,65.8434,39.4));
#1639 = LINE('',#1640,#1641);
#1640 = CARTESIAN_POINT('',(66.234200750957,43.739090823728,39.4));
#1641 = VECTOR('',#1642,1.);
#1642 = DIRECTION('',(0.493063978718,-0.869993053358,0.));
#1643 = ORIENTED_EDGE('',*,*,#1644,.T.);
#1644 = EDGE_CURVE('',#1637,#1645,#1647,.T.);
#1645 = VERTEX_POINT('',#1646);
#1646 = CARTESIAN_POINT('',(53.7913,65.6851,39.4));
#1647 = LINE('',#1648,#1649);
#1648 = CARTESIAN_POINT('',(65.848566129926,43.124045291167,39.4));
#1649 = VECTOR('',#1650,1.);
#1650 = DIRECTION('',(0.471339913442,-0.881951634726,0.));
#1651 = ORIENTED_EDGE('',*,*,#1652,.T.);
#1652 = EDGE_CURVE('',#1645,#1653,#1655,.T.);
#1653 = VERTEX_POINT('',#1654);
#1654 = CARTESIAN_POINT('',(54.1178,65.1965,39.4));
#1655 = LINE('',#1656,#1657);
#1656 = CARTESIAN_POINT('',(67.537621062738,45.114035769513,39.4));
#1657 = VECTOR('',#1658,1.);
#1658 = DIRECTION('',(0.5556030762,-0.831447666253,0.));
#1659 = ORIENTED_EDGE('',*,*,#1660,.T.);
#1660 = EDGE_CURVE('',#1653,#1661,#1663,.T.);
#1661 = VERTEX_POINT('',#1662);
#1662 = CARTESIAN_POINT('',(54.3421,64.9232,39.4));
#1663 = LINE('',#1664,#1665);
#1664 = CARTESIAN_POINT('',(68.68656250205,47.445083184082,39.4));
#1665 = VECTOR('',#1666,1.);
#1666 = DIRECTION('',(0.634407626947,-0.772998682322,0.));
#1667 = ORIENTED_EDGE('',*,*,#1668,.T.);
#1668 = EDGE_CURVE('',#1661,#1669,#1671,.T.);
#1669 = VERTEX_POINT('',#1670);
#1670 = CARTESIAN_POINT('',(54.7576,64.5077,39.4));
#1671 = LINE('',#1672,#1673);
#1672 = CARTESIAN_POINT('',(69.417625,49.847675,39.4));
#1673 = VECTOR('',#1674,1.);
#1674 = DIRECTION('',(0.707106781187,-0.707106781187,0.));
#1675 = ORIENTED_EDGE('',*,*,#1676,.T.);
#1676 = EDGE_CURVE('',#1669,#1677,#1679,.T.);
#1677 = VERTEX_POINT('',#1678);
#1678 = CARTESIAN_POINT('',(55.0309,64.2834,39.4));
#1679 = LINE('',#1680,#1681);
#1680 = CARTESIAN_POINT('',(69.540112515074,52.37554647958,39.4));
#1681 = VECTOR('',#1682,1.);
#1682 = DIRECTION('',(0.772998682322,-0.634407626947,0.));
#1683 = ORIENTED_EDGE('',*,*,#1684,.T.);
#1684 = EDGE_CURVE('',#1677,#1685,#1687,.T.);
#1685 = VERTEX_POINT('',#1686);
#1686 = CARTESIAN_POINT('',(55.5194,63.957,39.4));
#1687 = LINE('',#1688,#1689);
#1688 = CARTESIAN_POINT('',(69.245541879297,54.785633143495,39.4));
#1689 = VECTOR('',#1690,1.);
#1690 = DIRECTION('',(0.831473751672,-0.555564037965,0.));
#1691 = ORIENTED_EDGE('',*,*,#1692,.T.);
#1692 = EDGE_CURVE('',#1685,#1693,#1695,.T.);
#1693 = VERTEX_POINT('',#1694);
#1694 = CARTESIAN_POINT('',(55.8312,63.7903,39.4));
#1695 = LINE('',#1696,#1697);
#1696 = CARTESIAN_POINT('',(68.358961740896,57.092487677334,39.4));
#1697 = VECTOR('',#1698,1.);
#1698 = DIRECTION('',(0.88187489939,-0.471483469302,0.));
#1699 = ORIENTED_EDGE('',*,*,#1700,.T.);
#1700 = EDGE_CURVE('',#1693,#1701,#1703,.T.);
#1701 = VERTEX_POINT('',#1702);
#1702 = CARTESIAN_POINT('',(56.3741,63.5654,39.4));
#1703 = LINE('',#1704,#1705);
#1704 = CARTESIAN_POINT('',(67.13258504333,59.108624744437,39.4));
#1705 = VECTOR('',#1706,1.);
#1706 = DIRECTION('',(0.923865418988,-0.382717503648,0.));
#1707 = ORIENTED_EDGE('',*,*,#1708,.T.);
#1708 = EDGE_CURVE('',#1701,#1709,#1711,.T.);
#1709 = VERTEX_POINT('',#1710);
#1710 = CARTESIAN_POINT('',(56.7124,63.4628,39.4));
#1711 = LINE('',#1712,#1713);
#1712 = CARTESIAN_POINT('',(65.40809292362,60.825560585388,39.4));
#1713 = VECTOR('',#1714,1.);
#1714 = DIRECTION('',(0.956957764966,-0.29022721456,0.));
#1715 = ORIENTED_EDGE('',*,*,#1716,.T.);
#1716 = EDGE_CURVE('',#1709,#1717,#1719,.T.);
#1717 = VERTEX_POINT('',#1718);
#1718 = CARTESIAN_POINT('',(57.2887,63.3482,39.4));
#1719 = LINE('',#1720,#1721);
#1720 = CARTESIAN_POINT('',(63.492784818263,62.114488182938,39.4));
#1721 = VECTOR('',#1722,1.);
#1722 = DIRECTION('',(0.980796089323,-0.195035974035,0.));
#1723 = ORIENTED_EDGE('',*,*,#1724,.T.);
#1724 = EDGE_CURVE('',#1717,#1725,#1727,.T.);
#1725 = VERTEX_POINT('',#1726);
#1726 = CARTESIAN_POINT('',(58.139,63.2644,39.4));
#1727 = LINE('',#1728,#1729);
#1728 = CARTESIAN_POINT('',(61.4942286455,62.933730635666,39.4));
#1729 = VECTOR('',#1730,1.);
#1730 = DIRECTION('',(0.995178701456,-9.807829610965E-02,0.));
#1731 = ORIENTED_EDGE('',*,*,#1732,.T.);
#1732 = EDGE_CURVE('',#1725,#1733,#1735,.T.);
#1733 = VERTEX_POINT('',#1734);
#1734 = CARTESIAN_POINT('',(58.433,63.25,39.4));
#1735 = LINE('',#1736,#1737);
#1736 = CARTESIAN_POINT('',(60.369873846998,63.155132709535,39.4));
#1737 = VECTOR('',#1738,1.);
#1738 = DIRECTION('',(0.998802653687,-4.892094630306E-02,0.));
#1739 = ORIENTED_EDGE('',*,*,#1740,.T.);
#1740 = EDGE_CURVE('',#1733,#1741,#1743,.T.);
#1741 = VERTEX_POINT('',#1742);
#1742 = CARTESIAN_POINT('',(67.6714,63.25,39.4));
#1743 = LINE('',#1744,#1745);
#1744 = CARTESIAN_POINT('',(63.7107,63.25,39.4));
#1745 = VECTOR('',#1746,1.);
#1746 = DIRECTION('',(1.,0.,0.));
#1747 = ORIENTED_EDGE('',*,*,#1748,.T.);
#1748 = EDGE_CURVE('',#1741,#1749,#1751,.T.);
#1749 = VERTEX_POINT('',#1750);
#1750 = CARTESIAN_POINT('',(67.7205,63.2494,39.4));
#1751 = LINE('',#1752,#1753);
#1752 = CARTESIAN_POINT('',(64.0558953929,63.294181319028,39.4));
#1753 = VECTOR('',#1754,1.);
#1754 = DIRECTION('',(0.999925344659,-1.221904698155E-02,0.));
#1755 = ORIENTED_EDGE('',*,*,#1756,.T.);
#1756 = EDGE_CURVE('',#1749,#1757,#1759,.T.);
#1757 = VERTEX_POINT('',#1758);
#1758 = CARTESIAN_POINT('',(67.8076,63.2473,39.4));
#1759 = LINE('',#1760,#1761);
#1760 = CARTESIAN_POINT('',(64.412308307337,63.329161223359,39.4));
#1761 = VECTOR('',#1762,1.);
#1762 = DIRECTION('',(0.999709475347,-2.410321352729E-02,0.));
#1763 = ORIENTED_EDGE('',*,*,#1764,.T.);
#1764 = EDGE_CURVE('',#1757,#1765,#1767,.T.);
#1765 = VERTEX_POINT('',#1766);
#1766 = CARTESIAN_POINT('',(67.8566,63.2455,39.4));
#1767 = LINE('',#1768,#1769);
#1768 = CARTESIAN_POINT('',(64.769648302168,63.358898225635,39.4));
#1769 = VECTOR('',#1770,1.);
#1770 = DIRECTION('',(0.999325963234,-3.670993334335E-02,0.));
#1771 = ORIENTED_EDGE('',*,*,#1772,.T.);
#1772 = EDGE_CURVE('',#1765,#1773,#1775,.T.);
#1773 = VERTEX_POINT('',#1774);
#1774 = CARTESIAN_POINT('',(68.1874,63.2292,39.4));
#1775 = LINE('',#1776,#1777);
#1776 = CARTESIAN_POINT('',(65.266025732214,63.373149215734,39.4));
#1777 = VECTOR('',#1778,1.);
#1778 = DIRECTION('',(0.998788218695,-4.921477619327E-02,0.));
#1779 = ORIENTED_EDGE('',*,*,#1780,.T.);
#1780 = EDGE_CURVE('',#1773,#1781,#1783,.T.);
#1781 = VERTEX_POINT('',#1782);
#1782 = CARTESIAN_POINT('',(68.3341,63.2166,39.4));
#1783 = LINE('',#1784,#1785);
#1784 = CARTESIAN_POINT('',(66.305458271997,63.390839166822,39.4));
#1785 = VECTOR('',#1786,1.);
#1786 = DIRECTION('',(0.996331773833,-8.557450818197E-02,0.));
#1787 = ORIENTED_EDGE('',*,*,#1788,.T.);
#1788 = EDGE_CURVE('',#1781,#1789,#1791,.T.);
#1789 = VERTEX_POINT('',#1790);
#1790 = CARTESIAN_POINT('',(68.5931,63.1846,39.4));
#1791 = LINE('',#1792,#1793);
#1792 = CARTESIAN_POINT('',(67.421837197709,63.329312006461,39.4));
#1793 = VECTOR('',#1794,1.);
#1794 = DIRECTION('',(0.992453723463,-0.122619765061,0.));
#1795 = ORIENTED_EDGE('',*,*,#1796,.T.);
#1796 = EDGE_CURVE('',#1789,#1797,#1799,.T.);
#1797 = VERTEX_POINT('',#1798);
#1798 = CARTESIAN_POINT('',(68.7385,63.1612,39.4));
#1799 = LINE('',#1800,#1801);
#1800 = CARTESIAN_POINT('',(68.460018701242,63.206017485495,39.4));
#1801 = VECTOR('',#1802,1.);
#1802 = DIRECTION('',(0.987296154582,-0.158890852938,0.));
#1803 = ORIENTED_EDGE('',*,*,#1804,.T.);
#1804 = EDGE_CURVE('',#1797,#1805,#1807,.T.);
#1805 = VERTEX_POINT('',#1806);
#1806 = CARTESIAN_POINT('',(69.4022,63.0292,39.4));
#1807 = LINE('',#1808,#1809);
#1808 = CARTESIAN_POINT('',(69.750172529825,62.959993470036,39.4));
#1809 = VECTOR('',#1810,1.);
#1810 = DIRECTION('',(0.980790408784,-0.195064538134,0.));
#1811 = ORIENTED_EDGE('',*,*,#1812,.T.);
#1812 = EDGE_CURVE('',#1805,#1813,#1815,.T.);
#1813 = VERTEX_POINT('',#1814);
#1814 = CARTESIAN_POINT('',(69.5926,62.9815,39.4));
#1815 = LINE('',#1816,#1817);
#1816 = CARTESIAN_POINT('',(71.10523738846,62.602546200475,39.4));
#1817 = VECTOR('',#1818,1.);
#1818 = DIRECTION('',(0.970022507389,-0.24301509245,0.));
#1819 = ORIENTED_EDGE('',*,*,#1820,.T.);
#1820 = EDGE_CURVE('',#1813,#1821,#1823,.T.);
#1821 = VERTEX_POINT('',#1822);
#1822 = CARTESIAN_POINT('',(69.9253,62.8806,39.4));
#1823 = LINE('',#1824,#1825);
#1824 = CARTESIAN_POINT('',(72.490058189664,62.102769818644,39.4));
#1825 = VECTOR('',#1826,1.);
#1826 = DIRECTION('',(0.956959063726,-0.290222932161,0.));
#1827 = ORIENTED_EDGE('',*,*,#1828,.T.);
#1828 = EDGE_CURVE('',#1821,#1829,#1831,.T.);
#1829 = VERTEX_POINT('',#1830);
#1830 = CARTESIAN_POINT('',(70.1101,62.8145,39.4));
#1831 = LINE('',#1832,#1833);
#1832 = CARTESIAN_POINT('',(73.755333030107,61.51065853198,39.4));
#1833 = VECTOR('',#1834,1.);
#1834 = DIRECTION('',(0.941580418907,-0.336788234252,0.));
#1835 = ORIENTED_EDGE('',*,*,#1836,.T.);
#1836 = EDGE_CURVE('',#1829,#1837,#1839,.T.);
#1837 = VERTEX_POINT('',#1838);
#1838 = CARTESIAN_POINT('',(70.721,62.5614,39.4));
#1839 = LINE('',#1840,#1841);
#1840 = CARTESIAN_POINT('',(75.180198023901,60.713924112213,39.4));
#1841 = VECTOR('',#1842,1.);
#1842 = DIRECTION('',(0.923849088281,-0.382756922972,0.));
#1843 = ORIENTED_EDGE('',*,*,#1844,.T.);
#1844 = EDGE_CURVE('',#1837,#1845,#1847,.T.);
#1845 = VERTEX_POINT('',#1846);
#1846 = CARTESIAN_POINT('',(70.8985,62.4775,39.4));
#1847 = LINE('',#1848,#1849);
#1848 = CARTESIAN_POINT('',(76.313577239317,59.917922645754,39.4));
#1849 = VECTOR('',#1850,1.);
#1850 = DIRECTION('',(0.904090156838,-0.427341769908,0.));
#1851 = ORIENTED_EDGE('',*,*,#1852,.T.);
#1852 = EDGE_CURVE('',#1845,#1853,#1855,.T.);
#1853 = VERTEX_POINT('',#1854);
#1854 = CARTESIAN_POINT('',(71.2051,62.3136,39.4));
#1855 = LINE('',#1856,#1857);
#1856 = CARTESIAN_POINT('',(77.44673593148,58.976991620451,39.4));
#1857 = VECTOR('',#1858,1.);
#1858 = DIRECTION('',(0.881898679568,-0.471438987544,0.));
#1859 = ORIENTED_EDGE('',*,*,#1860,.T.);
#1860 = EDGE_CURVE('',#1853,#1861,#1863,.T.);
#1861 = VERTEX_POINT('',#1862);
#1862 = CARTESIAN_POINT('',(71.3734,62.2127,39.4));
#1863 = LINE('',#1864,#1865);
#1864 = CARTESIAN_POINT('',(78.421873447347,57.986966364603,39.4));
#1865 = VECTOR('',#1866,1.);
#1866 = DIRECTION('',(0.85767273548,-0.514195953713,0.));
#1867 = ORIENTED_EDGE('',*,*,#1868,.T.);
#1868 = EDGE_CURVE('',#1861,#1869,#1871,.T.);
#1869 = VERTEX_POINT('',#1870);
#1870 = CARTESIAN_POINT('',(71.9488,61.8282,39.4));
#1871 = LINE('',#1872,#1873);
#1872 = CARTESIAN_POINT('',(79.504704349335,56.779112022386,39.4));
#1873 = VECTOR('',#1874,1.);
#1874 = DIRECTION('',(0.831449578918,-0.555600213928,0.));
#1875 = ORIENTED_EDGE('',*,*,#1876,.T.);
#1876 = EDGE_CURVE('',#1869,#1877,#1879,.T.);
#1877 = VERTEX_POINT('',#1878);
#1878 = CARTESIAN_POINT('',(72.0291,61.7717,39.4));
#1879 = LINE('',#1880,#1881);
#1880 = CARTESIAN_POINT('',(79.9026343046,56.231791055916,39.4));
#1881 = VECTOR('',#1882,1.);
#1882 = DIRECTION('',(0.817841924494,-0.575442948119,0.));
#1883 = ORIENTED_EDGE('',*,*,#1884,.T.);
#1884 = EDGE_CURVE('',#1877,#1885,#1887,.T.);
#1885 = VERTEX_POINT('',#1886);
#1886 = CARTESIAN_POINT('',(72.1024,61.7173,39.4));
#1887 = LINE('',#1888,#1889);
#1888 = CARTESIAN_POINT('',(80.289049131987,55.641533113505,39.4));
#1889 = VECTOR('',#1890,1.);
#1890 = DIRECTION('',(0.803013466874,-0.595960881282,0.));
#1891 = ORIENTED_EDGE('',*,*,#1892,.T.);
#1892 = EDGE_CURVE('',#1885,#1893,#1895,.T.);
#1893 = VERTEX_POINT('',#1894);
#1894 = CARTESIAN_POINT('',(72.4751,61.4813,39.4));
#1895 = LINE('',#1896,#1897);
#1896 = CARTESIAN_POINT('',(79.373625961932,57.113035639882,39.4));
#1897 = VECTOR('',#1898,1.);
#1898 = DIRECTION('',(0.844863475307,-0.534981969875,0.));
#1899 = ORIENTED_EDGE('',*,*,#1900,.T.);
#1900 = EDGE_CURVE('',#1893,#1901,#1903,.T.);
#1901 = VERTEX_POINT('',#1902);
#1902 = CARTESIAN_POINT('',(72.8324,61.2903,39.4));
#1903 = LINE('',#1904,#1905);
#1904 = CARTESIAN_POINT('',(78.228379041348,58.405799588868,39.4));
#1905 = VECTOR('',#1906,1.);
#1906 = DIRECTION('',(0.881901591464,-0.471433540357,0.));
#1907 = ORIENTED_EDGE('',*,*,#1908,.T.);
#1908 = EDGE_CURVE('',#1901,#1909,#1911,.T.);
#1909 = VERTEX_POINT('',#1910);
#1910 = CARTESIAN_POINT('',(73.3753,61.0654,39.4));
#1911 = LINE('',#1912,#1913);
#1912 = CARTESIAN_POINT('',(76.436316437952,59.797353219938,39.4));
#1913 = VECTOR('',#1914,1.);
#1914 = DIRECTION('',(0.923865418988,-0.382717503648,0.));
#1915 = ORIENTED_EDGE('',*,*,#1916,.T.);
#1916 = EDGE_CURVE('',#1909,#1917,#1919,.T.);
#1917 = VERTEX_POINT('',#1918);
#1918 = CARTESIAN_POINT('',(73.7136,60.9628,39.4));
#1919 = LINE('',#1920,#1921);
#1920 = CARTESIAN_POINT('',(74.277545086104,60.791766107496,39.4));
#1921 = VECTOR('',#1922,1.);
#1922 = DIRECTION('',(0.956957764966,-0.29022721456,0.));
#1923 = ORIENTED_EDGE('',*,*,#1924,.T.);
#1924 = EDGE_CURVE('',#1917,#1925,#1927,.T.);
#1925 = VERTEX_POINT('',#1926);
#1926 = CARTESIAN_POINT('',(74.29,60.8482,39.4));
#1927 = LINE('',#1928,#1929);
#1928 = CARTESIAN_POINT('',(72.076819466907,61.288225137218,39.4));
#1929 = VECTOR('',#1930,1.);
#1930 = DIRECTION('',(0.980802561507,-0.195003423922,0.));
#1931 = ORIENTED_EDGE('',*,*,#1932,.T.);
#1932 = EDGE_CURVE('',#1925,#1933,#1935,.T.);
#1933 = VERTEX_POINT('',#1934);
#1934 = CARTESIAN_POINT('',(75.1402,60.7644,39.4));
#1935 = LINE('',#1936,#1937);
#1936 = CARTESIAN_POINT('',(69.954890314082,61.275490274853,39.4));
#1937 = VECTOR('',#1938,1.);
#1938 = DIRECTION('',(0.995177575425,-9.808972103103E-02,0.));
#1939 = ORIENTED_EDGE('',*,*,#1940,.T.);
#1940 = EDGE_CURVE('',#1933,#1941,#1943,.T.);
#1941 = VERTEX_POINT('',#1942);
#1942 = CARTESIAN_POINT('',(75.4342,60.75,39.4));
#1943 = LINE('',#1944,#1945);
#1944 = CARTESIAN_POINT('',(68.829740020609,61.073483754093,39.4));
#1945 = VECTOR('',#1946,1.);
#1946 = DIRECTION('',(0.998802653687,-4.892094630306E-02,0.));
#1947 = ORIENTED_EDGE('',*,*,#1948,.T.);
#1948 = EDGE_CURVE('',#1941,#1949,#1951,.T.);
#1949 = VERTEX_POINT('',#1950);
#1950 = CARTESIAN_POINT('',(79.7266,60.75,39.4));
#1951 = LINE('',#1952,#1953);
#1952 = CARTESIAN_POINT('',(69.7383,60.75,39.4));
#1953 = VECTOR('',#1954,1.);
#1954 = DIRECTION('',(1.,0.,0.));
#1955 = ORIENTED_EDGE('',*,*,#1956,.T.);
#1956 = EDGE_CURVE('',#1949,#1957,#1959,.T.);
#1957 = VERTEX_POINT('',#1958);
#1958 = CARTESIAN_POINT('',(79.8738,60.7536,39.4));
#1959 = LINE('',#1960,#1961);
#1960 = CARTESIAN_POINT('',(69.208167387182,60.492755724143,39.4));
#1961 = VECTOR('',#1962,1.);
#1962 = DIRECTION('',(0.999701073361,2.444921103329E-02,0.));
#1963 = ORIENTED_EDGE('',*,*,#1964,.T.);
#1964 = EDGE_CURVE('',#1957,#1965,#1967,.T.);
#1965 = VERTEX_POINT('',#1966);
#1966 = CARTESIAN_POINT('',(80.0535,60.7624,39.4));
#1967 = LINE('',#1968,#1969);
#1968 = CARTESIAN_POINT('',(68.707087052716,60.206760412153,39.4));
#1969 = VECTOR('',#1970,1.);
#1970 = DIRECTION('',(0.998803097051,4.891189345603E-02,0.));
#1971 = ORIENTED_EDGE('',*,*,#1972,.T.);
#1972 = EDGE_CURVE('',#1965,#1973,#1975,.T.);
#1973 = VERTEX_POINT('',#1974);
#1974 = CARTESIAN_POINT('',(80.4913,60.8164,39.4));
#1975 = LINE('',#1976,#1977);
#1976 = CARTESIAN_POINT('',(67.241320826977,59.18209466573,39.4));
#1977 = VECTOR('',#1978,1.);
#1978 = DIRECTION('',(0.992478840479,0.122416302846,0.));
#1979 = ORIENTED_EDGE('',*,*,#1980,.T.);
#1980 = EDGE_CURVE('',#1973,#1981,#1983,.T.);
#1981 = VERTEX_POINT('',#1982);
#1982 = CARTESIAN_POINT('',(81.0841,60.9343,39.4));
#1983 = LINE('',#1984,#1985);
#1984 = CARTESIAN_POINT('',(66.032860620593,57.940809576869,39.4));
#1985 = VECTOR('',#1986,1.);
#1986 = DIRECTION('',(0.98079010832,0.195066048871,0.));
#1987 = ORIENTED_EDGE('',*,*,#1988,.T.);
#1988 = EDGE_CURVE('',#1981,#1989,#1991,.T.);
#1989 = VERTEX_POINT('',#1990);
#1990 = CARTESIAN_POINT('',(81.6464,61.1049,39.4));
#1991 = LINE('',#1992,#1993);
#1992 = CARTESIAN_POINT('',(64.641430551345,55.945647309371,39.4));
#1993 = VECTOR('',#1994,1.);
#1994 = DIRECTION('',(0.95692702254,0.290328561347,0.));
#1995 = ORIENTED_EDGE('',*,*,#1996,.T.);
#1996 = EDGE_CURVE('',#1989,#1997,#1999,.T.);
#1997 = VERTEX_POINT('',#1998);
#1998 = CARTESIAN_POINT('',(81.973,61.2402,39.4));
#1999 = LINE('',#2000,#2001);
#2000 = CARTESIAN_POINT('',(63.582231881777,53.621489263945,39.4));
#2001 = VECTOR('',#2002,1.);
#2002 = DIRECTION('',(0.923861679095,0.382726531481,0.));
#2003 = ORIENTED_EDGE('',*,*,#2004,.T.);
#2004 = EDGE_CURVE('',#1997,#2005,#2007,.T.);
#2005 = VERTEX_POINT('',#2006);
#2006 = CARTESIAN_POINT('',(82.4913,61.5172,39.4));
#2007 = LINE('',#2008,#2009);
#2008 = CARTESIAN_POINT('',(63.117654370057,51.163158249095,39.4));
#2009 = VECTOR('',#2010,1.);
#2010 = DIRECTION('',(0.881947523693,0.471347605755,0.));
#2011 = ORIENTED_EDGE('',*,*,#2012,.T.);
#2012 = EDGE_CURVE('',#2005,#2013,#2015,.T.);
#2013 = VERTEX_POINT('',#2014);
#2014 = CARTESIAN_POINT('',(82.7852,61.7136,39.4));
#2015 = LINE('',#2016,#2017);
#2016 = CARTESIAN_POINT('',(63.077000431932,48.54350678745,39.4));
#2017 = VECTOR('',#2018,1.);
#2018 = DIRECTION('',(0.831440471197,0.55561384329,0.));
#2019 = ORIENTED_EDGE('',*,*,#2020,.T.);
#2020 = EDGE_CURVE('',#2013,#2021,#2023,.T.);
#2021 = VERTEX_POINT('',#2022);
#2022 = CARTESIAN_POINT('',(83.2586,62.1022,39.4));
#2023 = LINE('',#2024,#2025);
#2024 = CARTESIAN_POINT('',(63.671223593609,46.0235044539,39.4));
#2025 = VECTOR('',#2026,1.);
#2026 = DIRECTION('',(0.7729378581,0.634481731428,0.));
#2027 = ORIENTED_EDGE('',*,*,#2028,.T.);
#2028 = EDGE_CURVE('',#2021,#2029,#2031,.T.);
#2029 = VERTEX_POINT('',#2030);
#2030 = CARTESIAN_POINT('',(83.3873,62.2188,39.4));
#2031 = LINE('',#2032,#2033);
#2032 = CARTESIAN_POINT('',(64.119038469408,44.762084425276,39.4));
#2033 = VECTOR('',#2034,1.);
#2034 = DIRECTION('',(0.741085435607,0.671410736533,0.));
#2035 = ORIENTED_EDGE('',*,*,#2036,.T.);
#2036 = EDGE_CURVE('',#2029,#2037,#2039,.T.);
#2037 = VERTEX_POINT('',#2038);
#2038 = CARTESIAN_POINT('',(83.4616,62.2829,39.4));
#2039 = LINE('',#2040,#2041);
#2040 = CARTESIAN_POINT('',(63.947829689021,45.448005290262,39.4));
#2041 = VECTOR('',#2042,1.);
#2042 = DIRECTION('',(0.757166612041,0.653221801236,0.));
#2043 = ORIENTED_EDGE('',*,*,#2044,.T.);
#2044 = EDGE_CURVE('',#2037,#2045,#2047,.T.);
#2045 = VERTEX_POINT('',#2046);
#2046 = CARTESIAN_POINT('',(83.9966,62.7219,39.4));
#2047 = LINE('',#2048,#2049);
#2048 = CARTESIAN_POINT('',(64.035551960659,46.342647496691,39.4));
#2049 = VECTOR('',#2050,1.);
#2050 = DIRECTION('',(0.773055201672,0.634338754269,0.));
#2051 = ORIENTED_EDGE('',*,*,#2052,.T.);
#2052 = EDGE_CURVE('',#2045,#2053,#2055,.T.);
#2053 = VERTEX_POINT('',#2054);
#2054 = CARTESIAN_POINT('',(84.1542,62.8388,39.4));
#2055 = LINE('',#2056,#2057);
#2056 = CARTESIAN_POINT('',(63.847224718823,47.776075314914,39.4));
#2057 = VECTOR('',#2058,1.);
#2058 = DIRECTION('',(0.8031688228,0.595751493562,0.));
#2059 = ORIENTED_EDGE('',*,*,#2060,.T.);
#2060 = EDGE_CURVE('',#2053,#2061,#2063,.T.);
#2061 = VERTEX_POINT('',#2062);
#2062 = CARTESIAN_POINT('',(84.4433,63.032,39.4));
#2063 = LINE('',#2064,#2065);
#2064 = CARTESIAN_POINT('',(63.857485852398,49.274894177389,39.4));
#2065 = VECTOR('',#2066,1.);
#2066 = DIRECTION('',(0.831430345233,0.555628995846,0.));
#2067 = ORIENTED_EDGE('',*,*,#2068,.T.);
#2068 = EDGE_CURVE('',#2061,#2069,#2071,.T.);
#2069 = VERTEX_POINT('',#2070);
#2070 = CARTESIAN_POINT('',(84.6116,63.1329,39.4));
#2071 = LINE('',#2072,#2073);
#2072 = CARTESIAN_POINT('',(63.940988007659,50.740358407443,39.4));
#2073 = VECTOR('',#2074,1.);
#2074 = DIRECTION('',(0.85767273548,0.514195953713,0.));
#2075 = ORIENTED_EDGE('',*,*,#2076,.T.);
#2076 = EDGE_CURVE('',#2069,#2077,#2079,.T.);
#2077 = VERTEX_POINT('',#2078);
#2078 = CARTESIAN_POINT('',(85.1949,63.4446,39.4));
#2079 = LINE('',#2080,#2081);
#2080 = CARTESIAN_POINT('',(64.369375490862,52.315993811935,39.4));
#2081 = VECTOR('',#2082,1.);
#2082 = DIRECTION('',(0.881971765079,0.471302244428,0.));
#2083 = ORIENTED_EDGE('',*,*,#2084,.T.);
#2084 = EDGE_CURVE('',#2077,#2085,#2087,.T.);
#2085 = VERTEX_POINT('',#2086);
#2086 = CARTESIAN_POINT('',(85.3723,63.5285,39.4));
#2087 = LINE('',#2088,#2089);
#2088 = CARTESIAN_POINT('',(64.724869810389,53.763452689355,39.4));
#2089 = VECTOR('',#2090,1.);
#2090 = DIRECTION('',(0.903997075176,0.427538639274,0.));
#2091 = ORIENTED_EDGE('',*,*,#2092,.T.);
#2092 = EDGE_CURVE('',#2085,#2093,#2095,.T.);
#2093 = VERTEX_POINT('',#2094);
#2094 = CARTESIAN_POINT('',(85.6935,63.6616,39.4));
#2095 = LINE('',#2096,#2097);
#2096 = CARTESIAN_POINT('',(65.285949250788,55.205046436115,39.4));
#2097 = VECTOR('',#2098,1.);
#2098 = DIRECTION('',(0.923823997436,0.38281747839,0.));
#2099 = ORIENTED_EDGE('',*,*,#2100,.T.);
#2100 = EDGE_CURVE('',#2093,#2101,#2103,.T.);
#2101 = VERTEX_POINT('',#2102);
#2102 = CARTESIAN_POINT('',(85.8783,63.7277,39.4));
#2103 = LINE('',#2104,#2105);
#2104 = CARTESIAN_POINT('',(65.913445450925,56.58659131118,39.4));
#2105 = VECTOR('',#2106,1.);
#2106 = DIRECTION('',(0.941580418907,0.336788234252,0.));
#2107 = ORIENTED_EDGE('',*,*,#2108,.T.);
#2108 = EDGE_CURVE('',#2101,#2109,#2111,.T.);
#2109 = VERTEX_POINT('',#2110);
#2110 = CARTESIAN_POINT('',(86.5111,63.9197,39.4));
#2111 = LINE('',#2112,#2113);
#2112 = CARTESIAN_POINT('',(66.88757376621,57.965659170532,39.4));
#2113 = VECTOR('',#2114,1.);
#2114 = DIRECTION('',(0.95692259927,0.290343140107,0.));
#2115 = ORIENTED_EDGE('',*,*,#2116,.T.);
#2116 = EDGE_CURVE('',#2109,#2117,#2119,.T.);
#2117 = VERTEX_POINT('',#2118);
#2118 = CARTESIAN_POINT('',(86.7015,63.9674,39.4));
#2119 = LINE('',#2120,#2121);
#2120 = CARTESIAN_POINT('',(67.762071804882,59.222595772547,39.4));
#2121 = VECTOR('',#2122,1.);
#2122 = DIRECTION('',(0.970022507389,0.24301509245,0.));
#2123 = ORIENTED_EDGE('',*,*,#2124,.T.);
#2124 = EDGE_CURVE('',#2117,#2125,#2127,.T.);
#2125 = VERTEX_POINT('',#2126);
#2126 = CARTESIAN_POINT('',(87.0425,64.0352,39.4));
#2127 = LINE('',#2128,#2129);
#2128 = CARTESIAN_POINT('',(68.829901307551,60.414044013642,39.4));
#2129 = VECTOR('',#2130,1.);
#2130 = DIRECTION('',(0.98080130169,0.195009760277,0.));
#2131 = ORIENTED_EDGE('',*,*,#2132,.T.);
#2132 = EDGE_CURVE('',#2125,#2133,#2135,.T.);
#2133 = VERTEX_POINT('',#2134);
#2134 = CARTESIAN_POINT('',(87.2367,64.064,39.4));
#2135 = LINE('',#2136,#2137);
#2136 = CARTESIAN_POINT('',(69.92890632565,61.497241720798,39.4));
#2137 = VECTOR('',#2138,1.);
#2138 = DIRECTION('',(0.989181572681,0.146696340336,0.));
#2139 = ORIENTED_EDGE('',*,*,#2140,.T.);
#2140 = EDGE_CURVE('',#2133,#2141,#2143,.T.);
#2141 = VERTEX_POINT('',#2142);
#2142 = CARTESIAN_POINT('',(87.9254,64.1318,39.4));
#2143 = LINE('',#2144,#2145);
#2144 = CARTESIAN_POINT('',(71.375885569666,62.502560739979,39.4));
#2145 = VECTOR('',#2146,1.);
#2146 = DIRECTION('',(0.995189099451,9.797273260171E-02,0.));
#2147 = ORIENTED_EDGE('',*,*,#2148,.T.);
#2148 = EDGE_CURVE('',#2141,#2149,#2151,.T.);
#2149 = VERTEX_POINT('',#2150);
#2150 = CARTESIAN_POINT('',(88.0233,64.139,39.4));
#2151 = LINE('',#2152,#2153);
#2152 = CARTESIAN_POINT('',(72.01405362444,62.961609051032,39.4));
#2153 = VECTOR('',#2154,1.);
#2154 = DIRECTION('',(0.997306529568,7.334634333898E-02,0.));
#2155 = ORIENTED_EDGE('',*,*,#2156,.T.);
#2156 = EDGE_CURVE('',#2149,#2157,#2159,.T.);
#2157 = VERTEX_POINT('',#2158);
#2158 = CARTESIAN_POINT('',(88.1972,64.1476,39.4));
#2159 = LINE('',#2160,#2161);
#2160 = CARTESIAN_POINT('',(72.693881258657,63.380903385994,39.4));
#2161 = VECTOR('',#2162,1.);
#2162 = DIRECTION('',(0.998779403757,4.939334601675E-02,0.));
#2163 = ORIENTED_EDGE('',*,*,#2164,.T.);
#2164 = EDGE_CURVE('',#2157,#2165,#2167,.T.);
#2165 = VERTEX_POINT('',#2166);
#2166 = CARTESIAN_POINT('',(88.2953,64.15,39.4));
#2167 = LINE('',#2168,#2169);
#2168 = CARTESIAN_POINT('',(73.379711953583,63.785092647181,39.4));
#2169 = VECTOR('',#2170,1.);
#2170 = DIRECTION('',(0.999700870274,2.445751364593E-02,0.));
#2171 = ORIENTED_EDGE('',*,*,#2172,.T.);
#2172 = EDGE_CURVE('',#2165,#2173,#2175,.T.);
#2173 = VERTEX_POINT('',#2174);
#2174 = CARTESIAN_POINT('',(127.469,64.15,39.4));
#2175 = LINE('',#2176,#2177);
#2176 = CARTESIAN_POINT('',(93.6095,64.15,39.4));
#2177 = VECTOR('',#2178,1.);
#2178 = DIRECTION('',(1.,0.,0.));
#2179 = ORIENTED_EDGE('',*,*,#2180,.T.);
#2180 = EDGE_CURVE('',#2173,#2181,#2183,.T.);
#2181 = VERTEX_POINT('',#2182);
#2182 = CARTESIAN_POINT('',(127.567,64.1476,39.4));
#2183 = LINE('',#2184,#2185);
#2184 = CARTESIAN_POINT('',(94.330934558202,64.961544459802,39.4));
#2185 = VECTOR('',#2186,1.);
#2186 = DIRECTION('',(0.999700259768,-2.448245534135E-02,0.));
#2187 = ORIENTED_EDGE('',*,*,#2188,.T.);
#2188 = EDGE_CURVE('',#2181,#2189,#2191,.T.);
#2189 = VERTEX_POINT('',#2190);
#2190 = CARTESIAN_POINT('',(127.741,64.139,39.4));
#2191 = LINE('',#2192,#2193);
#2192 = CARTESIAN_POINT('',(95.141800192159,65.750224818089,39.4));
#2193 = VECTOR('',#2194,1.);
#2194 = DIRECTION('',(0.998780803774,-4.936502823252E-02,0.));
#2195 = ORIENTED_EDGE('',*,*,#2196,.T.);
#2196 = EDGE_CURVE('',#2189,#2197,#2199,.T.);
#2197 = VERTEX_POINT('',#2198);
#2198 = CARTESIAN_POINT('',(127.839,64.1318,39.4));
#2199 = LINE('',#2200,#2201);
#2200 = CARTESIAN_POINT('',(95.923694137433,66.476597981739,39.4));
#2201 = VECTOR('',#2202,1.);
#2202 = DIRECTION('',(0.99731200151,-7.32719021517E-02,0.));
#2203 = ORIENTED_EDGE('',*,*,#2204,.T.);
#2204 = EDGE_CURVE('',#2197,#2205,#2207,.T.);
#2205 = VERTEX_POINT('',#2206);
#2206 = CARTESIAN_POINT('',(128.528,64.064,39.4));
#2207 = LINE('',#2208,#2209);
#2208 = CARTESIAN_POINT('',(97.061428005517,67.160420292055,39.4));
#2209 = VECTOR('',#2210,1.);
#2210 = DIRECTION('',(0.995193257851,-9.793048313833E-02,0.));
#2211 = ORIENTED_EDGE('',*,*,#2212,.T.);
#2212 = EDGE_CURVE('',#2205,#2213,#2215,.T.);
#2213 = VERTEX_POINT('',#2214);
#2214 = CARTESIAN_POINT('',(128.722,64.0352,39.4));
#2215 = LINE('',#2216,#2217);
#2216 = CARTESIAN_POINT('',(98.841544784095,68.471061392875,39.4));
#2217 = VECTOR('',#2218,1.);
#2218 = DIRECTION('',(0.989159616734,-0.146844314237,0.));
#2219 = ORIENTED_EDGE('',*,*,#2220,.T.);
#2220 = EDGE_CURVE('',#2213,#2221,#2223,.T.);
#2221 = VERTEX_POINT('',#2222);
#2222 = CARTESIAN_POINT('',(129.063,63.9674,39.4));
#2223 = LINE('',#2224,#2225);
#2224 = CARTESIAN_POINT('',(100.80326071908,69.586198601895,39.4));
#2225 = VECTOR('',#2226,1.);
#2226 = DIRECTION('',(0.98080130169,-0.195009760277,0.));
#2227 = ORIENTED_EDGE('',*,*,#2228,.T.);
#2228 = EDGE_CURVE('',#2221,#2229,#2231,.T.);
#2229 = VERTEX_POINT('',#2230);
#2230 = CARTESIAN_POINT('',(129.254,63.9197,39.4));
#2231 = LINE('',#2232,#2233);
#2232 = CARTESIAN_POINT('',(102.77875668839,70.531580135934,39.4));
#2233 = VECTOR('',#2234,1.);
#2234 = DIRECTION('',(0.970202230612,-0.242296578011,0.));
#2235 = ORIENTED_EDGE('',*,*,#2236,.T.);
#2236 = EDGE_CURVE('',#2229,#2237,#2239,.T.);
#2237 = VERTEX_POINT('',#2238);
#2238 = CARTESIAN_POINT('',(129.886,63.7277,39.4));
#2239 = LINE('',#2240,#2241);
#2240 = CARTESIAN_POINT('',(105.13305759131,71.247581238081,39.4));
#2241 = VECTOR('',#2242,1.);
#2242 = DIRECTION('',(0.956820439927,-0.290679627319,0.));
#2243 = ORIENTED_EDGE('',*,*,#2244,.T.);
#2244 = EDGE_CURVE('',#2237,#2245,#2247,.T.);
#2245 = VERTEX_POINT('',#2246);
#2246 = CARTESIAN_POINT('',(130.071,63.6616,39.4));
#2247 = LINE('',#2248,#2249);
#2248 = CARTESIAN_POINT('',(107.25602517087,71.813328844352,39.4));
#2249 = VECTOR('',#2250,1.);
#2250 = DIRECTION('',(0.941695837171,-0.336465377497,0.));
#2251 = ORIENTED_EDGE('',*,*,#2252,.T.);
#2252 = EDGE_CURVE('',#2245,#2253,#2255,.T.);
#2253 = VERTEX_POINT('',#2254);
#2254 = CARTESIAN_POINT('',(130.392,63.5285,39.4));
#2255 = LINE('',#2256,#2257);
#2256 = CARTESIAN_POINT('',(109.57013611755,72.162113964962,39.4));
#2257 = VECTOR('',#2258,1.);
#2258 = DIRECTION('',(0.923739630263,-0.383021011801,0.));
#2259 = ORIENTED_EDGE('',*,*,#2260,.T.);
#2260 = EDGE_CURVE('',#2253,#2261,#2263,.T.);
#2261 = VERTEX_POINT('',#2262);
#2262 = CARTESIAN_POINT('',(130.57,63.4446,39.4));
#2263 = LINE('',#2264,#2265);
#2264 = CARTESIAN_POINT('',(111.73695456445,72.321524224955,39.4));
#2265 = VECTOR('',#2266,1.);
#2266 = DIRECTION('',(0.904553642073,-0.426359834662,0.));
#2267 = ORIENTED_EDGE('',*,*,#2268,.T.);
#2268 = EDGE_CURVE('',#2261,#2269,#2271,.T.);
#2269 = VERTEX_POINT('',#2270);
#2270 = CARTESIAN_POINT('',(131.153,63.1329,39.4));
#2271 = LINE('',#2272,#2273);
#2272 = CARTESIAN_POINT('',(114.25545478019,72.167145017175,39.4));
#2273 = VECTOR('',#2274,1.);
#2274 = DIRECTION('',(0.881870945785,-0.471490864153,0.));
#2275 = ORIENTED_EDGE('',*,*,#2276,.T.);
#2276 = EDGE_CURVE('',#2269,#2277,#2279,.T.);
#2277 = VERTEX_POINT('',#2278);
#2278 = CARTESIAN_POINT('',(131.321,63.032,39.4));
#2279 = LINE('',#2280,#2281);
#2280 = CARTESIAN_POINT('',(116.53584811928,71.911891814072,39.4));
#2281 = VECTOR('',#2282,1.);
#2282 = DIRECTION('',(0.857267720799,-0.514870910885,0.));
#2283 = ORIENTED_EDGE('',*,*,#2284,.T.);
#2284 = EDGE_CURVE('',#2277,#2285,#2287,.T.);
#2285 = VERTEX_POINT('',#2286);
#2286 = CARTESIAN_POINT('',(131.61,62.8388,39.4));
#2287 = LINE('',#2288,#2289);
#2288 = CARTESIAN_POINT('',(118.78557323708,71.412084604134,39.4));
#2289 = VECTOR('',#2290,1.);
#2290 = DIRECTION('',(0.831341526747,-0.55576187878,0.));
#2291 = ORIENTED_EDGE('',*,*,#2292,.T.);
#2292 = EDGE_CURVE('',#2285,#2293,#2295,.T.);
#2293 = VERTEX_POINT('',#2294);
#2294 = CARTESIAN_POINT('',(131.768,62.7219,39.4));
#2295 = LINE('',#2296,#2297);
#2296 = CARTESIAN_POINT('',(120.89605893432,70.765760193527,39.4));
#2297 = VECTOR('',#2298,1.);
#2298 = DIRECTION('',(0.803890553234,-0.594777251096,0.));
#2299 = ORIENTED_EDGE('',*,*,#2300,.T.);
#2300 = EDGE_CURVE('',#2293,#2301,#2303,.T.);
#2301 = VERTEX_POINT('',#2302);
#2302 = CARTESIAN_POINT('',(132.279,62.3024,39.4));
#2303 = LINE('',#2304,#2305);
#2304 = CARTESIAN_POINT('',(123.22912808336,69.731795829799,39.4));
#2305 = VECTOR('',#2306,1.);
#2306 = DIRECTION('',(0.772911690024,-0.634513608542,0.));
#2307 = ORIENTED_EDGE('',*,*,#2308,.T.);
#2308 = EDGE_CURVE('',#2301,#2309,#2311,.T.);
#2309 = VERTEX_POINT('',#2310);
#2310 = CARTESIAN_POINT('',(132.425,62.1706,39.4));
#2311 = LINE('',#2312,#2313);
#2312 = CARTESIAN_POINT('',(125.16445768268,68.724979982342,39.4));
#2313 = VECTOR('',#2314,1.);
#2314 = DIRECTION('',(0.742282090093,-0.670087530646,0.));
#2315 = ORIENTED_EDGE('',*,*,#2316,.T.);
#2316 = EDGE_CURVE('',#2309,#2317,#2319,.T.);
#2317 = VERTEX_POINT('',#2318);
#2318 = CARTESIAN_POINT('',(132.671,61.9247,39.4));
#2319 = LINE('',#2320,#2321);
#2320 = CARTESIAN_POINT('',(127.19951176783,67.393964049962,39.4));
#2321 = VECTOR('',#2322,1.);
#2322 = DIRECTION('',(0.70725051668,-0.70696301647,0.));
#2323 = ORIENTED_EDGE('',*,*,#2324,.T.);
#2324 = EDGE_CURVE('',#2317,#2325,#2327,.T.);
#2325 = VERTEX_POINT('',#2326);
#2326 = CARTESIAN_POINT('',(132.802,61.7793,39.4));
#2327 = LINE('',#2328,#2329);
#2328 = CARTESIAN_POINT('',(129.09770372558,65.890786093891,39.4));
#2329 = VECTOR('',#2330,1.);
#2330 = DIRECTION('',(0.66935985607,-0.742938344065,0.));
#2331 = ORIENTED_EDGE('',*,*,#2332,.T.);
#2332 = EDGE_CURVE('',#2325,#2333,#2335,.T.);
#2333 = VERTEX_POINT('',#2334);
#2334 = CARTESIAN_POINT('',(133.222,61.2681,39.4));
#2335 = LINE('',#2336,#2337);
#2336 = CARTESIAN_POINT('',(130.7802409631,64.240069570625,39.4));
#2337 = VECTOR('',#2338,1.);
#2338 = DIRECTION('',(0.634816777898,-0.772662706813,0.));
#2339 = ORIENTED_EDGE('',*,*,#2340,.T.);
#2340 = EDGE_CURVE('',#2333,#2341,#2343,.T.);
#2341 = VERTEX_POINT('',#2342);
#2342 = CARTESIAN_POINT('',(133.339,61.1104,39.4));
#2343 = LINE('',#2344,#2345);
#2344 = CARTESIAN_POINT('',(132.29908464535,62.512063687419,39.4));
#2345 = VECTOR('',#2346,1.);
#2346 = DIRECTION('',(0.595836328741,-0.803105889252,0.));
#2347 = ORIENTED_EDGE('',*,*,#2348,.T.);
#2348 = EDGE_CURVE('',#2341,#2349,#2351,.T.);
#2349 = VERTEX_POINT('',#2350);
#2350 = CARTESIAN_POINT('',(133.532,60.8214,39.4));
#2351 = LINE('',#2352,#2353);
#2352 = CARTESIAN_POINT('',(133.690943818,60.583396044548,39.4));
#2353 = VECTOR('',#2354,1.);
#2354 = DIRECTION('',(0.555364065883,-0.831607331814,0.));
#2355 = ORIENTED_EDGE('',*,*,#2356,.T.);
#2356 = EDGE_CURVE('',#2349,#2357,#2359,.T.);
#2357 = VERTEX_POINT('',#2358);
#2358 = CARTESIAN_POINT('',(133.633,60.653,39.4));
#2359 = LINE('',#2360,#2361);
#2360 = CARTESIAN_POINT('',(134.84176351026,58.63759628585,39.4));
#2361 = VECTOR('',#2362,1.);
#2362 = DIRECTION('',(0.514345967157,-0.857582780884,0.));
#2363 = ORIENTED_EDGE('',*,*,#2364,.T.);
#2364 = EDGE_CURVE('',#2357,#2365,#2367,.T.);
#2365 = VERTEX_POINT('',#2366);
#2366 = CARTESIAN_POINT('',(133.945,60.0698,39.4));
#2367 = LINE('',#2368,#2369);
#2368 = CARTESIAN_POINT('',(135.92423660614,56.370150036208,39.4));
#2369 = VECTOR('',#2370,1.);
#2370 = DIRECTION('',(0.47171786289,-0.881749543709,0.));
#2371 = ORIENTED_EDGE('',*,*,#2372,.T.);
#2372 = EDGE_CURVE('',#2365,#2373,#2375,.T.);
#2373 = VERTEX_POINT('',#2374);
#2374 = CARTESIAN_POINT('',(134.029,59.8924,39.4));
#2375 = LINE('',#2376,#2377);
#2376 = CARTESIAN_POINT('',(136.70958601138,54.231257637861,39.4));
#2377 = VECTOR('',#2378,1.);
#2378 = DIRECTION('',(0.427954938407,-0.903800072302,0.));
#2379 = ORIENTED_EDGE('',*,*,#2380,.T.);
#2380 = EDGE_CURVE('',#2373,#2381,#2383,.T.);
#2381 = VERTEX_POINT('',#2382);
#2382 = CARTESIAN_POINT('',(134.162,59.5712,39.4));
#2383 = LINE('',#2384,#2385);
#2384 = CARTESIAN_POINT('',(137.32540799831,51.931450758955,39.4));
#2385 = VECTOR('',#2386,1.);
#2386 = DIRECTION('',(0.38257197138,-0.923925693286,0.));
#2387 = ORIENTED_EDGE('',*,*,#2388,.T.);
#2388 = EDGE_CURVE('',#2381,#2389,#2391,.T.);
#2389 = VERTEX_POINT('',#2390);
#2390 = CARTESIAN_POINT('',(134.228,59.3864,39.4));
#2391 = LINE('',#2392,#2393);
#2392 = CARTESIAN_POINT('',(137.7006199095,49.663064253395,39.4));
#2393 = VECTOR('',#2394,1.);
#2394 = DIRECTION('',(0.336336396998,-0.941741911595,0.));
#2395 = ORIENTED_EDGE('',*,*,#2396,.T.);
#2396 = EDGE_CURVE('',#2389,#2397,#2399,.T.);
#2397 = VERTEX_POINT('',#2398);
#2398 = CARTESIAN_POINT('',(134.42,58.7535,39.4));
#2399 = LINE('',#2400,#2401);
#2400 = CARTESIAN_POINT('',(137.9259954208,47.196497386308,39.4));
#2401 = VECTOR('',#2402,1.);
#2402 = DIRECTION('',(0.290301131452,-0.956935344251,0.));
#2403 = ORIENTED_EDGE('',*,*,#2404,.T.);
#2404 = EDGE_CURVE('',#2397,#2405,#2407,.T.);
#2405 = VERTEX_POINT('',#2406);
#2406 = CARTESIAN_POINT('',(134.467,58.5631,39.4));
#2407 = LINE('',#2408,#2409);
#2408 = CARTESIAN_POINT('',(137.87089692198,44.773696299025,39.4));
#2409 = VECTOR('',#2410,1.);
#2410 = DIRECTION('',(0.239655096245,-0.970858092022,0.));
#2411 = ORIENTED_EDGE('',*,*,#2412,.T.);
#2412 = EDGE_CURVE('',#2405,#2413,#2415,.T.);
#2413 = VERTEX_POINT('',#2414);
#2414 = CARTESIAN_POINT('',(134.535,58.2221,39.4));
#2415 = LINE('',#2416,#2417);
#2416 = CARTESIAN_POINT('',(137.64664358297,42.618122620651,39.4));
#2417 = VECTOR('',#2418,1.);
#2418 = DIRECTION('',(0.195563041046,-0.980691132303,0.));
#2419 = ORIENTED_EDGE('',*,*,#2420,.T.);
#2420 = EDGE_CURVE('',#2413,#2421,#2423,.T.);
#2421 = VERTEX_POINT('',#2422);
#2422 = CARTESIAN_POINT('',(134.564,58.028,39.4));
#2423 = LINE('',#2424,#2425);
#2424 = CARTESIAN_POINT('',(137.1938990103,40.425813865526,39.4));
#2425 = VECTOR('',#2426,1.);
#2426 = DIRECTION('',(0.147767348348,-0.989022148772,0.));
#2427 = ORIENTED_EDGE('',*,*,#2428,.T.);
#2428 = EDGE_CURVE('',#2421,#2429,#2431,.T.);
#2429 = VERTEX_POINT('',#2430);
#2430 = CARTESIAN_POINT('',(134.632,57.3393,39.4));
#2431 = LINE('',#2432,#2433);
#2432 = CARTESIAN_POINT('',(136.54296732174,37.98513537517,39.4));
#2433 = VECTOR('',#2434,1.);
#2434 = DIRECTION('',(9.825895148374E-02,-0.995160880689,0.));
#2435 = ORIENTED_EDGE('',*,*,#2436,.T.);
#2436 = EDGE_CURVE('',#2429,#2437,#2439,.T.);
#2437 = VERTEX_POINT('',#2438);
#2438 = CARTESIAN_POINT('',(134.639,57.2414,39.4));
#2439 = LINE('',#2440,#2441);
#2440 = CARTESIAN_POINT('',(136.09827622825,36.832379607742,39.4));
#2441 = VECTOR('',#2442,1.);
#2442 = DIRECTION('',(7.131945533866E-02,-0.997453525379,0.));
#2443 = ORIENTED_EDGE('',*,*,#2444,.T.);
#2444 = EDGE_CURVE('',#2437,#2445,#2447,.T.);
#2445 = VERTEX_POINT('',#2446);
#2446 = CARTESIAN_POINT('',(134.648,57.0674,39.4));
#2447 = LINE('',#2448,#2449);
#2448 = CARTESIAN_POINT('',(135.73990714497,35.957195197151,39.4));
#2449 = VECTOR('',#2450,1.);
#2450 = DIRECTION('',(5.165508542796E-02,-0.998664984942,0.));
#2451 = ORIENTED_EDGE('',*,*,#2452,.T.);
#2452 = EDGE_CURVE('',#2445,#2453,#2455,.T.);
#2453 = VERTEX_POINT('',#2454);
#2454 = CARTESIAN_POINT('',(134.65,56.9693,39.4));
#2455 = LINE('',#2456,#2457);
#2456 = CARTESIAN_POINT('',(135.10426874686,34.687417966301,39.4));
#2457 = VECTOR('',#2458,1.);
#2458 = DIRECTION('',(2.038312421095E-02,-0.999792242542,0.));
#2459 = ORIENTED_EDGE('',*,*,#2460,.T.);
#2460 = EDGE_CURVE('',#2453,#2461,#2463,.T.);
#2461 = VERTEX_POINT('',#2462);
#2462 = CARTESIAN_POINT('',(134.65,-6.95173,39.4));
#2463 = LINE('',#2464,#2465);
#2464 = CARTESIAN_POINT('',(134.65,1.954135,39.4));
#2465 = VECTOR('',#2466,1.);
#2466 = DIRECTION('',(0.,-1.,0.));
#2467 = ORIENTED_EDGE('',*,*,#2468,.T.);
#2468 = EDGE_CURVE('',#2461,#2469,#2471,.T.);
#2469 = VERTEX_POINT('',#2470);
#2470 = CARTESIAN_POINT('',(134.649,-7.00299,39.4));
#2471 = LINE('',#2472,#2473);
#2472 = CARTESIAN_POINT('',(134.80892578436,1.194805706505,39.4));
#2473 = VECTOR('',#2474,1.);
#2474 = DIRECTION('',(-1.950467744224E-02,-0.999809765684,0.));
#2475 = ORIENTED_EDGE('',*,*,#2476,.T.);
#2476 = EDGE_CURVE('',#2469,#2477,#2479,.T.);
#2477 = VERTEX_POINT('',#2478);
#2478 = CARTESIAN_POINT('',(134.647,-7.09395,39.4));
#2479 = LINE('',#2480,#2481);
#2480 = CARTESIAN_POINT('',(134.82619149298,1.055679100854,39.4));
#2481 = VECTOR('',#2482,1.);
#2482 = DIRECTION('',(-2.198237375619E-02,-0.999758358427,0.));
#2483 = ORIENTED_EDGE('',*,*,#2484,.T.);
#2484 = EDGE_CURVE('',#2477,#2485,#2487,.T.);
#2485 = VERTEX_POINT('',#2486);
#2486 = CARTESIAN_POINT('',(134.645,-7.14518,39.4));
#2487 = LINE('',#2488,#2489);
#2488 = CARTESIAN_POINT('',(134.93893630573,0.383998471389,39.4));
#2489 = VECTOR('',#2490,1.);
#2490 = DIRECTION('',(-3.900990918558E-02,-0.999238823798,0.));
#2491 = ORIENTED_EDGE('',*,*,#2492,.T.);
#2492 = EDGE_CURVE('',#2485,#2493,#2495,.T.);
#2493 = VERTEX_POINT('',#2494);
#2494 = CARTESIAN_POINT('',(134.627,-7.49195,39.4));
#2495 = LINE('',#2496,#2497);
#2496 = CARTESIAN_POINT('',(135.00141977248,-0.278753083181,39.4));
#2497 = VECTOR('',#2498,1.);
#2498 = DIRECTION('',(-5.183781555264E-02,-0.998655516622,0.));
#2499 = ORIENTED_EDGE('',*,*,#2500,.T.);
#2500 = EDGE_CURVE('',#2493,#2501,#2503,.T.);
#2501 = VERTEX_POINT('',#2502);
#2502 = CARTESIAN_POINT('',(134.614,-7.64077,39.4));
#2503 = LINE('',#2504,#2505);
#2504 = CARTESIAN_POINT('',(135.13246829168,-1.705504525548,39.4));
#2505 = VECTOR('',#2506,1.);
#2506 = DIRECTION('',(-8.702246033801E-02,-0.996206349807,0.));
#2507 = ORIENTED_EDGE('',*,*,#2508,.T.);
#2508 = EDGE_CURVE('',#2501,#2509,#2511,.T.);
#2509 = VERTEX_POINT('',#2510);
#2510 = CARTESIAN_POINT('',(134.581,-7.90356,39.4));
#2511 = LINE('',#2512,#2513);
#2512 = CARTESIAN_POINT('',(135.15997893285,-3.292957764697,39.4));
#2513 = VECTOR('',#2514,1.);
#2514 = DIRECTION('',(-0.124596998566,-0.992207431915,0.));
#2515 = ORIENTED_EDGE('',*,*,#2516,.T.);
#2516 = EDGE_CURVE('',#2509,#2517,#2519,.T.);
#2517 = VERTEX_POINT('',#2518);
#2518 = CARTESIAN_POINT('',(134.556,-8.05098,39.4));
#2519 = LINE('',#2520,#2521);
#2520 = CARTESIAN_POINT('',(135.06908299894,-5.02543217184,39.4));
#2521 = VECTOR('',#2522,1.);
#2522 = DIRECTION('',(-0.167196379891,-0.985923612939,0.));
#2523 = ORIENTED_EDGE('',*,*,#2524,.T.);
#2524 = EDGE_CURVE('',#2517,#2525,#2527,.T.);
#2525 = VERTEX_POINT('',#2526);
#2526 = CARTESIAN_POINT('',(134.422,-8.71341,39.4));
#2527 = LINE('',#2528,#2529);
#2528 = CARTESIAN_POINT('',(134.85617460875,-6.567064581501,39.4));
#2529 = VECTOR('',#2530,1.);
#2530 = DIRECTION('',(-0.198269653481,-0.980147511607,0.));
#2531 = ORIENTED_EDGE('',*,*,#2532,.T.);
#2532 = EDGE_CURVE('',#2525,#2533,#2535,.T.);
#2533 = VERTEX_POINT('',#2534);
#2534 = CARTESIAN_POINT('',(134.373,-8.90359,39.4));
#2535 = LINE('',#2536,#2537);
#2536 = CARTESIAN_POINT('',(134.43786373343,-8.651839289297,39.4));
#2537 = VECTOR('',#2538,1.);
#2538 = DIRECTION('',(-0.249502244114,-0.968374220114,0.));
#2539 = ORIENTED_EDGE('',*,*,#2540,.T.);
#2540 = EDGE_CURVE('',#2533,#2541,#2543,.T.);
#2541 = VERTEX_POINT('',#2542);
#2542 = CARTESIAN_POINT('',(134.271,-9.23584,39.4));
#2543 = LINE('',#2544,#2545);
#2544 = CARTESIAN_POINT('',(133.88075518014,-10.50700511173,39.4));
#2545 = VECTOR('',#2546,1.);
#2546 = DIRECTION('',(-0.29347923476,-0.95596544852,0.));
#2547 = ORIENTED_EDGE('',*,*,#2548,.T.);
#2548 = EDGE_CURVE('',#2541,#2549,#2551,.T.);
#2549 = VERTEX_POINT('',#2550);
#2550 = CARTESIAN_POINT('',(134.204,-9.42035,39.4));
#2551 = LINE('',#2552,#2553);
#2552 = CARTESIAN_POINT('',(133.12031846124,-12.40467956291,39.4));
#2553 = VECTOR('',#2554,1.);
#2554 = DIRECTION('',(-0.341317636013,-0.939948015236,0.));
#2555 = ORIENTED_EDGE('',*,*,#2556,.T.);
#2556 = EDGE_CURVE('',#2549,#2557,#2559,.T.);
#2557 = VERTEX_POINT('',#2558);
#2558 = CARTESIAN_POINT('',(133.948,-10.0302,39.4));
#2559 = LINE('',#2560,#2561);
#2560 = CARTESIAN_POINT('',(132.11782784742,-14.39008471581,39.4));
#2561 = VECTOR('',#2562,1.);
#2562 = DIRECTION('',(-0.387056401425,-0.922056040659,0.));
#2563 = ORIENTED_EDGE('',*,*,#2564,.T.);
#2564 = EDGE_CURVE('',#2557,#2565,#2567,.T.);
#2565 = VERTEX_POINT('',#2566);
#2566 = CARTESIAN_POINT('',(133.863,-10.2073,39.4));
#2567 = LINE('',#2568,#2569);
#2568 = CARTESIAN_POINT('',(131.03411735512,-16.10136019303,39.4));
#2569 = VECTOR('',#2570,1.);
#2570 = DIRECTION('',(-0.432697968695,-0.901538944188,0.));
#2571 = ORIENTED_EDGE('',*,*,#2572,.T.);
#2572 = EDGE_CURVE('',#2565,#2573,#2575,.T.);
#2573 = VERTEX_POINT('',#2574);
#2574 = CARTESIAN_POINT('',(133.698,-10.5132,39.4));
#2575 = LINE('',#2576,#2577);
#2576 = CARTESIAN_POINT('',(129.83022036607,-17.6838290304,39.4));
#2577 = VECTOR('',#2578,1.);
#2578 = DIRECTION('',(-0.474734526903,-0.880129041088,0.));
#2579 = ORIENTED_EDGE('',*,*,#2580,.T.);
#2580 = EDGE_CURVE('',#2573,#2581,#2583,.T.);
#2581 = VERTEX_POINT('',#2582);
#2582 = CARTESIAN_POINT('',(133.597,-10.6811,39.4));
#2583 = LINE('',#2584,#2585);
#2584 = CARTESIAN_POINT('',(128.54350720942,-19.08190633205,39.4));
#2585 = VECTOR('',#2586,1.);
#2586 = DIRECTION('',(-0.515471124844,-0.856906949121,0.));
#2587 = ORIENTED_EDGE('',*,*,#2588,.T.);
#2588 = EDGE_CURVE('',#2581,#2589,#2591,.T.);
#2589 = VERTEX_POINT('',#2590);
#2590 = CARTESIAN_POINT('',(133.227,-11.2293,39.4));
#2591 = LINE('',#2592,#2593);
#2592 = CARTESIAN_POINT('',(126.8504066761,-20.67699854096,39.4));
#2593 = VECTOR('',#2594,1.);
#2594 = DIRECTION('',(-0.559436499173,-0.828873213099,0.));
#2595 = ORIENTED_EDGE('',*,*,#2596,.T.);
#2596 = EDGE_CURVE('',#2589,#2597,#2599,.T.);
#2597 = VERTEX_POINT('',#2598);
#2598 = CARTESIAN_POINT('',(133.109,-11.3865,39.4));
#2599 = LINE('',#2600,#2601);
#2600 = CARTESIAN_POINT('',(125.23047271031,-21.88230076219,39.4));
#2601 = VECTOR('',#2602,1.);
#2602 = DIRECTION('',(-0.600325550604,-0.799755733516,0.));
#2603 = ORIENTED_EDGE('',*,*,#2604,.T.);
#2604 = EDGE_CURVE('',#2597,#2605,#2607,.T.);
#2605 = VERTEX_POINT('',#2606);
#2606 = CARTESIAN_POINT('',(132.887,-11.6543,39.4));
#2607 = LINE('',#2608,#2609);
#2608 = CARTESIAN_POINT('',(123.52354124169,-22.94949934898,39.4));
#2609 = VECTOR('',#2610,1.);
#2610 = DIRECTION('',(-0.638202912534,-0.769868198092,0.));
#2611 = ORIENTED_EDGE('',*,*,#2612,.T.);
#2612 = EDGE_CURVE('',#2605,#2613,#2615,.T.);
#2613 = VERTEX_POINT('',#2614);
#2614 = CARTESIAN_POINT('',(132.755,-11.7991,39.4));
#2615 = LINE('',#2616,#2617);
#2616 = CARTESIAN_POINT('',(121.82872467325,-23.78489293418,39.4));
#2617 = VECTOR('',#2618,1.);
#2618 = DIRECTION('',(-0.673688280817,-0.73901562926,0.));
#2619 = ORIENTED_EDGE('',*,*,#2620,.T.);
#2620 = EDGE_CURVE('',#2613,#2621,#2623,.T.);
#2621 = VERTEX_POINT('',#2622);
#2622 = CARTESIAN_POINT('',(132.285,-12.2647,39.4));
#2623 = LINE('',#2624,#2625);
#2624 = CARTESIAN_POINT('',(119.76161191688,-24.67084785424,39.4));
#2625 = VECTOR('',#2626,1.);
#2626 = DIRECTION('',(-0.710424352385,-0.703773571214,0.));
#2627 = ORIENTED_EDGE('',*,*,#2628,.T.);
#2628 = EDGE_CURVE('',#2621,#2629,#2631,.T.);
#2629 = VERTEX_POINT('',#2630);
#2630 = CARTESIAN_POINT('',(132.139,-12.3959,39.4));
#2631 = LINE('',#2632,#2633);
#2632 = CARTESIAN_POINT('',(117.89570307796,-25.19535586419,39.4));
#2633 = VECTOR('',#2634,1.);
#2634 = DIRECTION('',(-0.743800570872,-0.668401608893,0.));
#2635 = ORIENTED_EDGE('',*,*,#2636,.T.);
#2636 = EDGE_CURVE('',#2629,#2637,#2639,.T.);
#2637 = VERTEX_POINT('',#2638);
#2638 = CARTESIAN_POINT('',(131.87,-12.6152,39.4));
#2639 = LINE('',#2640,#2641);
#2640 = CARTESIAN_POINT('',(115.95583527069,-25.58908968452,39.4));
#2641 = VECTOR('',#2642,1.);
#2642 = DIRECTION('',(-0.775072960446,-0.631871748051,0.));
#2643 = ORIENTED_EDGE('',*,*,#2644,.T.);
#2644 = EDGE_CURVE('',#2637,#2645,#2647,.T.);
#2645 = VERTEX_POINT('',#2646);
#2646 = CARTESIAN_POINT('',(131.711,-12.7315,39.4));
#2647 = LINE('',#2648,#2649);
#2648 = CARTESIAN_POINT('',(113.89191905738,-25.76520511714,39.4));
#2649 = VECTOR('',#2650,1.);
#2650 = DIRECTION('',(-0.807130620468,-0.59037290038,0.));
#2651 = ORIENTED_EDGE('',*,*,#2652,.T.);
#2652 = EDGE_CURVE('',#2645,#2653,#2655,.T.);
#2653 = VERTEX_POINT('',#2654);
#2654 = CARTESIAN_POINT('',(131.16,-13.0965,39.4));
#2655 = LINE('',#2656,#2657);
#2656 = CARTESIAN_POINT('',(111.85925334973,-25.88193108411,39.4));
#2657 = VECTOR('',#2658,1.);
#2658 = DIRECTION('',(-0.833676114831,-0.552253687683,0.));
#2659 = ORIENTED_EDGE('',*,*,#2660,.T.);
#2660 = EDGE_CURVE('',#2653,#2661,#2663,.T.);
#2661 = VERTEX_POINT('',#2662);
#2662 = CARTESIAN_POINT('',(130.991,-13.1966,39.4));
#2663 = LINE('',#2664,#2665);
#2664 = CARTESIAN_POINT('',(109.89576293311,-25.69147118577,39.4));
#2665 = VECTOR('',#2666,1.);
#2666 = DIRECTION('',(-0.860399022388,-0.509620959414,0.));
#2667 = ORIENTED_EDGE('',*,*,#2668,.T.);
#2668 = EDGE_CURVE('',#2661,#2669,#2671,.T.);
#2669 = VERTEX_POINT('',#2670);
#2670 = CARTESIAN_POINT('',(130.684,-13.3592,39.4));
#2671 = LINE('',#2672,#2673);
#2672 = CARTESIAN_POINT('',(107.99537069508,-25.3760440553,39.4));
#2673 = VECTOR('',#2674,1.);
#2674 = DIRECTION('',(-0.883703880599,-0.468046420148,0.));
#2675 = ORIENTED_EDGE('',*,*,#2676,.T.);
#2676 = EDGE_CURVE('',#2669,#2677,#2679,.T.);
#2677 = VERTEX_POINT('',#2678);
#2678 = CARTESIAN_POINT('',(130.506,-13.4423,39.4));
#2679 = LINE('',#2680,#2681);
#2680 = CARTESIAN_POINT('',(106.11655498021,-24.82860832103,39.4));
#2681 = VECTOR('',#2682,1.);
#2682 = DIRECTION('',(-0.906118103994,-0.423024800235,0.));
#2683 = ORIENTED_EDGE('',*,*,#2684,.T.);
#2684 = EDGE_CURVE('',#2677,#2685,#2687,.T.);
#2685 = VERTEX_POINT('',#2686);
#2686 = CARTESIAN_POINT('',(130.149,-13.5885,39.4));
#2687 = LINE('',#2688,#2689);
#2688 = CARTESIAN_POINT('',(104.29207917119,-24.17752472036,39.4));
#2689 = VECTOR('',#2690,1.);
#2690 = DIRECTION('',(-0.925406502217,-0.378975996146,0.));
#2691 = ORIENTED_EDGE('',*,*,#2692,.T.);
#2692 = EDGE_CURVE('',#2685,#2693,#2695,.T.);
#2693 = VERTEX_POINT('',#2694);
#2694 = CARTESIAN_POINT('',(129.882,-13.7132,39.4));
#2695 = LINE('',#2696,#2697);
#2696 = CARTESIAN_POINT('',(105.80598819863,-24.95768940685,39.4));
#2697 = VECTOR('',#2698,1.);
#2698 = DIRECTION('',(-0.906053055909,-0.423164105138,0.));
#2699 = ORIENTED_EDGE('',*,*,#2700,.T.);
#2700 = EDGE_CURVE('',#2693,#2701,#2703,.T.);
#2701 = VERTEX_POINT('',#2702);
#2702 = CARTESIAN_POINT('',(129.286,-14.0285,39.4));
#2703 = LINE('',#2704,#2705);
#2704 = CARTESIAN_POINT('',(107.26448936681,-25.67847030644,39.4));
#2705 = VECTOR('',#2706,1.);
#2706 = DIRECTION('',(-0.883928570626,-0.467621943487,0.));
#2707 = ORIENTED_EDGE('',*,*,#2708,.T.);
#2708 = EDGE_CURVE('',#2701,#2709,#2711,.T.);
#2709 = VERTEX_POINT('',#2710);
#2710 = CARTESIAN_POINT('',(128.796,-14.3528,39.4));
#2711 = LINE('',#2712,#2713);
#2712 = CARTESIAN_POINT('',(110.59077459773,-26.4016869346,39.4));
#2713 = VECTOR('',#2714,1.);
#2714 = DIRECTION('',(-0.83390456152,-0.551908672043,0.));
#2715 = ORIENTED_EDGE('',*,*,#2716,.T.);
#2716 = EDGE_CURVE('',#2709,#2717,#2719,.T.);
#2717 = VERTEX_POINT('',#2718);
#2718 = CARTESIAN_POINT('',(128.522,-14.5759,39.4));
#2719 = LINE('',#2720,#2721);
#2720 = CARTESIAN_POINT('',(114.0716330083,-26.34187399944,39.4));
#2721 = VECTOR('',#2722,1.);
#2722 = DIRECTION('',(-0.775455655678,-0.63140203205,0.));
#2723 = ORIENTED_EDGE('',*,*,#2724,.T.);
#2724 = EDGE_CURVE('',#2717,#2725,#2727,.T.);
#2725 = VERTEX_POINT('',#2726);
#2726 = CARTESIAN_POINT('',(128.105,-14.9896,39.4));
#2727 = LINE('',#2728,#2729);
#2728 = CARTESIAN_POINT('',(117.34267623791,-25.66675429347,39.4));
#2729 = VECTOR('',#2730,1.);
#2730 = DIRECTION('',(-0.709910198953,-0.704292204573,0.));
#2731 = ORIENTED_EDGE('',*,*,#2732,.T.);
#2732 = EDGE_CURVE('',#2725,#2733,#2735,.T.);
#2733 = VERTEX_POINT('',#2734);
#2734 = CARTESIAN_POINT('',(127.879,-15.2618,39.4));
#2735 = LINE('',#2736,#2737);
#2736 = CARTESIAN_POINT('',(120.39783771935,-24.27229722474,39.4));
#2737 = VECTOR('',#2738,1.);
#2738 = DIRECTION('',(-0.638793260358,-0.769378431281,0.));
#2739 = ORIENTED_EDGE('',*,*,#2740,.T.);
#2740 = EDGE_CURVE('',#2733,#2741,#2743,.T.);
#2741 = VERTEX_POINT('',#2742);
#2742 = CARTESIAN_POINT('',(127.55,-15.749,39.4));
#2743 = LINE('',#2744,#2745);
#2744 = CARTESIAN_POINT('',(123.10328113923,-22.33392835551,39.4));
#2745 = VECTOR('',#2746,1.);
#2746 = DIRECTION('',(-0.559636446107,-0.828738226576,0.));
#2747 = ORIENTED_EDGE('',*,*,#2748,.T.);
#2748 = EDGE_CURVE('',#2741,#2749,#2751,.T.);
#2749 = VERTEX_POINT('',#2750);
#2750 = CARTESIAN_POINT('',(127.382,-16.06,39.4));
#2751 = LINE('',#2752,#2753);
#2752 = CARTESIAN_POINT('',(125.37179787906,-19.78126702148,39.4));
#2753 = VECTOR('',#2754,1.);
#2754 = DIRECTION('',(-0.475280330134,-0.879834420665,0.));
#2755 = ORIENTED_EDGE('',*,*,#2756,.T.);
#2756 = EDGE_CURVE('',#2749,#2757,#2759,.T.);
#2757 = VERTEX_POINT('',#2758);
#2758 = CARTESIAN_POINT('',(127.155,-16.602,39.4));
#2759 = LINE('',#2760,#2761);
#2760 = CARTESIAN_POINT('',(127.01808361739,-16.92891048182,39.4));
#2761 = VECTOR('',#2762,1.);
#2762 = DIRECTION('',(-0.386306459499,-0.922370489201,0.));
#2763 = ORIENTED_EDGE('',*,*,#2764,.T.);
#2764 = EDGE_CURVE('',#2757,#2765,#2767,.T.);
#2765 = VERTEX_POINT('',#2766);
#2766 = CARTESIAN_POINT('',(127.051,-16.9398,39.4));
#2767 = LINE('',#2768,#2769);
#2768 = CARTESIAN_POINT('',(128.04644941486,-13.70650372748,39.4));
#2769 = VECTOR('',#2770,1.);
#2770 = DIRECTION('',(-0.294244896061,-0.955730056628,0.));
#2771 = ORIENTED_EDGE('',*,*,#2772,.T.);
#2772 = EDGE_CURVE('',#2765,#2773,#2775,.T.);
#2773 = VERTEX_POINT('',#2774);
#2774 = CARTESIAN_POINT('',(126.934,-17.5156,39.4));
#2775 = LINE('',#2776,#2777);
#2776 = CARTESIAN_POINT('',(128.37062100384,-10.44546005114,39.4));
#2777 = VECTOR('',#2778,1.);
#2778 = DIRECTION('',(-0.199126325213,-0.979973829552,0.));
#2779 = ORIENTED_EDGE('',*,*,#2780,.T.);
#2780 = EDGE_CURVE('',#2773,#2781,#2783,.T.);
#2781 = VERTEX_POINT('',#2782);
#2782 = CARTESIAN_POINT('',(126.898,-17.8673,39.4));
#2783 = LINE('',#2784,#2785);
#2784 = CARTESIAN_POINT('',(128.00489151155,-7.053584871812,39.4));
#2785 = VECTOR('',#2786,1.);
#2786 = DIRECTION('',(-0.101827901823,-0.994802029758,0.));
#2787 = ORIENTED_EDGE('',*,*,#2788,.T.);
#2788 = EDGE_CURVE('',#2781,#2789,#2791,.T.);
#2789 = VERTEX_POINT('',#2790);
#2790 = CARTESIAN_POINT('',(126.895,-18.4549,39.4));
#2791 = LINE('',#2792,#2793);
#2792 = CARTESIAN_POINT('',(126.9689567778,-3.969232454618,39.4));
#2793 = VECTOR('',#2794,1.);
#2794 = DIRECTION('',(-5.105447415513E-03,-0.999986967118,0.));
#2795 = ORIENTED_EDGE('',*,*,#2796,.T.);
#2796 = EDGE_CURVE('',#2789,#2797,#2799,.T.);
#2797 = VERTEX_POINT('',#2798);
#2798 = CARTESIAN_POINT('',(126.928,-18.8069,39.4));
#2799 = LINE('',#2800,#2801);
#2800 = CARTESIAN_POINT('',(125.25683620522,-0.98115285576,39.4));
#2801 = VECTOR('',#2802,1.);
#2802 = DIRECTION('',(9.334070869306E-02,-0.995634226059,0.));
#2803 = ORIENTED_EDGE('',*,*,#2804,.T.);
#2804 = EDGE_CURVE('',#2797,#2805,#2807,.T.);
#2805 = VERTEX_POINT('',#2806);
#2806 = CARTESIAN_POINT('',(127.04,-19.3837,39.4));
#2807 = LINE('',#2808,#2809);
#2808 = CARTESIAN_POINT('',(122.98795067671,1.484354014897,39.4));
#2809 = VECTOR('',#2810,1.);
#2810 = DIRECTION('',(0.190614555111,-0.981664958822,0.));
#2811 = ORIENTED_EDGE('',*,*,#2812,.T.);
#2812 = EDGE_CURVE('',#2805,#2813,#2815,.T.);
#2813 = VERTEX_POINT('',#2814);
#2814 = CARTESIAN_POINT('',(127.142,-19.7224,39.4));
#2815 = LINE('',#2816,#2817);
#2816 = CARTESIAN_POINT('',(120.1180828288,3.601136724352,39.4));
#2817 = VECTOR('',#2818,1.);
#2818 = DIRECTION('',(0.288359239125,-0.957522296978,0.));
#2819 = ORIENTED_EDGE('',*,*,#2820,.T.);
#2820 = EDGE_CURVE('',#2813,#2821,#2823,.T.);
#2821 = VERTEX_POINT('',#2822);
#2822 = CARTESIAN_POINT('',(127.364,-20.2663,39.4));
#2823 = LINE('',#2824,#2825);
#2824 = CARTESIAN_POINT('',(117.09099500178,4.902562245627,39.4));
#2825 = VECTOR('',#2826,1.);
#2826 = DIRECTION('',(0.377896997427,-0.925847643695,0.));
#2827 = ORIENTED_EDGE('',*,*,#2828,.T.);
#2828 = EDGE_CURVE('',#2821,#2829,#2831,.T.);
#2829 = VERTEX_POINT('',#2830);
#2830 = CARTESIAN_POINT('',(127.529,-20.5788,39.4));
#2831 = LINE('',#2832,#2833);
#2832 = CARTESIAN_POINT('',(113.65042975827,5.706370912367,39.4));
#2833 = VECTOR('',#2834,1.);
#2834 = DIRECTION('',(0.46691231163,-0.884303620511,0.));
#2835 = ORIENTED_EDGE('',*,*,#2836,.T.);
#2836 = EDGE_CURVE('',#2829,#2837,#2839,.T.);
#2837 = VERTEX_POINT('',#2838);
#2838 = CARTESIAN_POINT('',(127.854,-21.0688,39.4));
#2839 = LINE('',#2840,#2841);
#2840 = CARTESIAN_POINT('',(110.09690057126,5.703442215634,39.4));
#2841 = VECTOR('',#2842,1.);
#2842 = DIRECTION('',(0.552736276166,-0.833356231758,0.));
#2843 = ORIENTED_EDGE('',*,*,#2844,.T.);
#2844 = EDGE_CURVE('',#2837,#2845,#2847,.T.);
#2845 = VERTEX_POINT('',#2846);
#2846 = CARTESIAN_POINT('',(128.077,-21.3431,39.4));
#2847 = LINE('',#2848,#2849);
#2848 = CARTESIAN_POINT('',(106.60111181885,5.073205507124,39.4));
#2849 = VECTOR('',#2850,1.);
#2850 = DIRECTION('',(0.63081623833,-0.77593226087,0.));
#2851 = ORIENTED_EDGE('',*,*,#2852,.T.);
#2852 = EDGE_CURVE('',#2845,#2853,#2855,.T.);
#2853 = VERTEX_POINT('',#2854);
#2854 = CARTESIAN_POINT('',(128.49,-21.7604,39.4));
#2855 = LINE('',#2856,#2857);
#2856 = CARTESIAN_POINT('',(103.32832977158,3.663244034665,39.4));
#2857 = VECTOR('',#2858,1.);
#2858 = DIRECTION('',(0.703435347333,-0.710759250465,0.));
#2859 = ORIENTED_EDGE('',*,*,#2860,.T.);
#2860 = EDGE_CURVE('',#2853,#2861,#2863,.T.);
#2861 = VERTEX_POINT('',#2862);
#2862 = CARTESIAN_POINT('',(128.741,-21.9679,39.4));
#2863 = LINE('',#2864,#2865);
#2864 = CARTESIAN_POINT('',(100.18915138639,1.635719869811,39.4));
#2865 = VECTOR('',#2866,1.);
#2866 = DIRECTION('',(0.770732265655,-0.637159143918,0.));
#2867 = ORIENTED_EDGE('',*,*,#2868,.T.);
#2868 = EDGE_CURVE('',#2861,#2869,#2871,.T.);
#2869 = VERTEX_POINT('',#2870);
#2870 = CARTESIAN_POINT('',(128.778,-21.9996,39.4));
#2871 = LINE('',#2872,#2873);
#2872 = CARTESIAN_POINT('',(100.75640741568,2.008088781711,39.4));
#2873 = VECTOR('',#2874,1.);
#2874 = DIRECTION('',(0.759401461413,-0.650622333157,0.));
#2875 = ORIENTED_EDGE('',*,*,#2876,.T.);
#2876 = EDGE_CURVE('',#2869,#2877,#2879,.T.);
#2877 = VERTEX_POINT('',#2878);
#2878 = CARTESIAN_POINT('',(128.844,-22.0568,39.4));
#2879 = LINE('',#2880,#2881);
#2880 = CARTESIAN_POINT('',(100.96972842639,2.100902030456,39.4));
#2881 = VECTOR('',#2882,1.);
#2882 = DIRECTION('',(0.75568908279,-0.654930538418,0.));
#2883 = ORIENTED_EDGE('',*,*,#2884,.T.);
#2884 = EDGE_CURVE('',#2877,#2885,#2887,.T.);
#2885 = VERTEX_POINT('',#2886);
#2886 = CARTESIAN_POINT('',(128.881,-22.0895,39.4));
#2887 = LINE('',#2888,#2889);
#2888 = CARTESIAN_POINT('',(101.29897754778,2.287044167223,39.4));
#2889 = VECTOR('',#2890,1.);
#2890 = DIRECTION('',(0.749305715527,-0.662224240479,0.));
#2891 = ORIENTED_EDGE('',*,*,#2892,.T.);
#2892 = EDGE_CURVE('',#2885,#2893,#2895,.T.);
#2893 = VERTEX_POINT('',#2894);
#2894 = CARTESIAN_POINT('',(129.125,-22.313,39.4));
#2895 = LINE('',#2896,#2897);
#2896 = CARTESIAN_POINT('',(102.00169507001,2.531502671519,39.4));
#2897 = VECTOR('',#2898,1.);
#2898 = DIRECTION('',(0.73740498499,-0.675450877645,0.));
#2899 = ORIENTED_EDGE('',*,*,#2900,.T.);
#2900 = EDGE_CURVE('',#2893,#2901,#2903,.T.);
#2901 = VERTEX_POINT('',#2902);
#2902 = CARTESIAN_POINT('',(129.23,-22.4162,39.4));
#2903 = LINE('',#2904,#2905);
#2904 = CARTESIAN_POINT('',(103.2418701523,3.126419050309,39.4));
#2905 = VECTOR('',#2906,1.);
#2906 = DIRECTION('',(0.713193442887,-0.70096726958,0.));
#2907 = ORIENTED_EDGE('',*,*,#2908,.T.);
#2908 = EDGE_CURVE('',#2901,#2909,#2911,.T.);
#2909 = VERTEX_POINT('',#2910);
#2910 = CARTESIAN_POINT('',(129.409,-22.6061,39.4));
#2911 = LINE('',#2912,#2913);
#2912 = CARTESIAN_POINT('',(104.67054103313,3.638779093898,39.4));
#2913 = VECTOR('',#2914,1.);
#2914 = DIRECTION('',(0.685914331951,-0.72768229965,0.));
#2915 = ORIENTED_EDGE('',*,*,#2916,.T.);
#2916 = EDGE_CURVE('',#2909,#2917,#2919,.T.);
#2917 = VERTEX_POINT('',#2918);
#2918 = CARTESIAN_POINT('',(129.506,-22.7168,39.4));
#2919 = LINE('',#2920,#2921);
#2920 = CARTESIAN_POINT('',(106.03613146265,4.06788502148,39.4));
#2921 = VECTOR('',#2922,1.);
#2922 = DIRECTION('',(0.659033547872,-0.752113543808,0.));
#2923 = ORIENTED_EDGE('',*,*,#2924,.T.);
#2924 = EDGE_CURVE('',#2917,#2925,#2927,.T.);
#2925 = VERTEX_POINT('',#2926);
#2926 = CARTESIAN_POINT('',(129.933,-23.2418,39.4));
#2927 = LINE('',#2928,#2929);
#2928 = CARTESIAN_POINT('',(107.61507372137,4.198273293388,39.4));
#2929 = VECTOR('',#2930,1.);
#2930 = DIRECTION('',(0.630981965637,-0.775797498734,0.));
#2931 = ORIENTED_EDGE('',*,*,#2932,.T.);
#2932 = EDGE_CURVE('',#2925,#2933,#2935,.T.);
#2933 = VERTEX_POINT('',#2934);
#2934 = CARTESIAN_POINT('',(130.05,-23.3999,39.4));
#2935 = LINE('',#2936,#2937);
#2936 = CARTESIAN_POINT('',(109.42078786331,4.475984092394,39.4));
#2937 = VECTOR('',#2938,1.);
#2938 = DIRECTION('',(0.594862716901,-0.803827312326,0.));
#2939 = ORIENTED_EDGE('',*,*,#2940,.T.);
#2940 = EDGE_CURVE('',#2933,#2941,#2943,.T.);
#2941 = VERTEX_POINT('',#2942);
#2942 = CARTESIAN_POINT('',(130.241,-23.6898,39.4));
#2943 = LINE('',#2944,#2945);
#2944 = CARTESIAN_POINT('',(111.63610583157,4.5487278504,39.4));
#2945 = VECTOR('',#2946,1.);
#2946 = DIRECTION('',(0.550171871479,-0.835051442627,0.));
#2947 = ORIENTED_EDGE('',*,*,#2948,.T.);
#2948 = EDGE_CURVE('',#2941,#2949,#2951,.T.);
#2949 = VERTEX_POINT('',#2950);
#2950 = CARTESIAN_POINT('',(130.342,-23.8586,39.4));
#2951 = LINE('',#2952,#2953);
#2952 = CARTESIAN_POINT('',(113.38840848039,4.475719292177,39.4));
#2953 = VECTOR('',#2954,1.);
#2954 = DIRECTION('',(0.513448738176,-0.858120267367,0.));
#2955 = ORIENTED_EDGE('',*,*,#2956,.T.);
#2956 = EDGE_CURVE('',#2949,#2957,#2959,.T.);
#2957 = VERTEX_POINT('',#2958);
#2958 = CARTESIAN_POINT('',(130.651,-24.4432,39.4));
#2959 = LINE('',#2960,#2961);
#2960 = CARTESIAN_POINT('',(115.61695327649,3.999854092433,39.4));
#2961 = VECTOR('',#2962,1.);
#2962 = DIRECTION('',(0.467303948273,-0.884096725437,0.));
#2963 = ORIENTED_EDGE('',*,*,#2964,.T.);
#2964 = EDGE_CURVE('',#2957,#2965,#2967,.T.);
#2965 = VERTEX_POINT('',#2966);
#2966 = CARTESIAN_POINT('',(130.734,-24.621,39.4));
#2967 = LINE('',#2968,#2969);
#2968 = CARTESIAN_POINT('',(117.58377022656,3.549010285742,39.4));
#2969 = VECTOR('',#2970,1.);
#2970 = DIRECTION('',(0.422997061032,-0.906131053633,0.));
#2971 = ORIENTED_EDGE('',*,*,#2972,.T.);
#2972 = EDGE_CURVE('',#2965,#2973,#2975,.T.);
#2973 = VERTEX_POINT('',#2974);
#2974 = CARTESIAN_POINT('',(130.866,-24.9428,39.4));
#2975 = LINE('',#2976,#2977);
#2976 = CARTESIAN_POINT('',(119.45932311361,2.865295621497,39.4));
#2977 = VECTOR('',#2978,1.);
#2978 = DIRECTION('',(0.379505876575,-0.925189326379,0.));
#2979 = ORIENTED_EDGE('',*,*,#2980,.T.);
#2980 = EDGE_CURVE('',#2973,#2981,#2983,.T.);
#2981 = VERTEX_POINT('',#2982);
#2982 = CARTESIAN_POINT('',(130.931,-25.1279,39.4));
#2983 = LINE('',#2984,#2985);
#2984 = CARTESIAN_POINT('',(121.39884689366,2.016739076652,39.4));
#2985 = VECTOR('',#2986,1.);
#2986 = DIRECTION('',(0.331326574373,-0.943516137177,0.));
#2987 = ORIENTED_EDGE('',*,*,#2988,.T.);
#2988 = EDGE_CURVE('',#2981,#2989,#2991,.T.);
#2989 = VERTEX_POINT('',#2990);
#2990 = CARTESIAN_POINT('',(131.12,-25.7615,39.4));
#2991 = LINE('',#2992,#2993);
#2992 = CARTESIAN_POINT('',(123.18847716206,0.827986085274,39.4));
#2993 = VECTOR('',#2994,1.);
#2994 = DIRECTION('',(0.285848980905,-0.958274678845,0.));
#2995 = ORIENTED_EDGE('',*,*,#2996,.T.);
#2996 = EDGE_CURVE('',#2989,#2997,#2999,.T.);
#2997 = VERTEX_POINT('',#2998);
#2998 = CARTESIAN_POINT('',(131.167,-25.9521,39.4));
#2999 = LINE('',#3000,#3001);
#3000 = CARTESIAN_POINT('',(124.84157569459,-0.30048568916,39.4));
#3001 = VECTOR('',#3002,1.);
#3002 = DIRECTION('',(0.239418043752,-0.970916577429,0.));
#3003 = ORIENTED_EDGE('',*,*,#3004,.T.);
#3004 = EDGE_CURVE('',#2997,#3005,#3007,.T.);
#3005 = VERTEX_POINT('',#3006);
#3006 = CARTESIAN_POINT('',(131.233,-26.2934,39.4));
#3007 = LINE('',#3008,#3009);
#3008 = CARTESIAN_POINT('',(126.4817837363,-1.723852866697,39.4));
#3009 = VECTOR('',#3010,1.);
#3010 = DIRECTION('',(0.189860902243,-0.981810999022,0.));
#3011 = ORIENTED_EDGE('',*,*,#3012,.T.);
#3012 = EDGE_CURVE('',#3005,#3013,#3015,.T.);
#3013 = VERTEX_POINT('',#3014);
#3014 = CARTESIAN_POINT('',(131.261,-26.4877,39.4));
#3015 = LINE('',#3016,#3017);
#3016 = CARTESIAN_POINT('',(127.89729132959,-3.145964476436,39.4));
#3017 = VECTOR('',#3018,1.);
#3018 = DIRECTION('',(0.142633636087,-0.989775553273,0.));
#3019 = ORIENTED_EDGE('',*,*,#3020,.T.);
#3020 = EDGE_CURVE('',#3013,#3021,#3023,.T.);
#3021 = VERTEX_POINT('',#3022);
#3022 = CARTESIAN_POINT('',(131.323,-27.1461,39.4));
#3023 = LINE('',#3024,#3025);
#3024 = CARTESIAN_POINT('',(129.23470629314,-4.969768119418,39.4));
#3025 = VECTOR('',#3026,1.);
#3026 = DIRECTION('',(9.375291724828E-02,-0.995595495423,0.));
#3027 = ORIENTED_EDGE('',*,*,#3028,.T.);
#3028 = EDGE_CURVE('',#3021,#3029,#3031,.T.);
#3029 = VERTEX_POINT('',#3030);
#3030 = CARTESIAN_POINT('',(131.332,-27.3422,39.4));
#3031 = LINE('',#3032,#3033);
#3032 = CARTESIAN_POINT('',(130.38196878546,-6.642075425453,39.4));
#3033 = VECTOR('',#3034,1.);
#3034 = DIRECTION('',(4.584669244262E-02,-0.998948487557,0.));
#3035 = ORIENTED_EDGE('',*,*,#3036,.T.);
#3036 = EDGE_CURVE('',#3029,#3037,#3039,.T.);
#3037 = VERTEX_POINT('',#3038);
#3038 = CARTESIAN_POINT('',(131.331,-27.6898,39.4));
#3039 = LINE('',#3040,#3041);
#3040 = CARTESIAN_POINT('',(131.38615470861,-8.518023287425,39.4));
#3041 = VECTOR('',#3042,1.);
#3042 = DIRECTION('',(-2.876858060529E-03,-0.999995861835,0.));
#3043 = ORIENTED_EDGE('',*,*,#3044,.T.);
#3044 = EDGE_CURVE('',#3037,#3045,#3047,.T.);
#3045 = VERTEX_POINT('',#3046);
#3046 = CARTESIAN_POINT('',(131.32,-27.8858,39.4));
#3047 = LINE('',#3048,#3049);
#3048 = CARTESIAN_POINT('',(132.29148162545,-10.57576376469,39.4));
#3049 = VECTOR('',#3050,1.);
#3050 = DIRECTION('',(-5.603427196488E-02,-0.99842884592,0.));
#3051 = ORIENTED_EDGE('',*,*,#3052,.T.);
#3052 = EDGE_CURVE('',#3045,#3053,#3055,.T.);
#3053 = VERTEX_POINT('',#3054);
#3054 = CARTESIAN_POINT('',(131.252,-28.5437,39.4));
#3055 = LINE('',#3056,#3057);
#3056 = CARTESIAN_POINT('',(132.88894704992,-12.70623729198,39.4));
#3057 = VECTOR('',#3058,1.);
#3058 = DIRECTION('',(-0.102811458559,-0.99470086156,0.));
#3059 = ORIENTED_EDGE('',*,*,#3060,.T.);
#3060 = EDGE_CURVE('',#3053,#3061,#3063,.T.);
#3061 = VERTEX_POINT('',#3062);
#3062 = CARTESIAN_POINT('',(131.223,-28.7377,39.4));
#3063 = LINE('',#3064,#3065);
#3064 = CARTESIAN_POINT('',(133.33683251293,-14.59688939626,39.4));
#3065 = VECTOR('',#3066,1.);
#3066 = DIRECTION('',(-0.147841852668,-0.989011014398,0.));
#3067 = ORIENTED_EDGE('',*,*,#3068,.T.);
#3068 = EDGE_CURVE('',#3061,#3069,#3071,.T.);
#3069 = VERTEX_POINT('',#3070);
#3070 = CARTESIAN_POINT('',(131.153,-29.0784,39.4));
#3071 = LINE('',#3072,#3073);
#3072 = CARTESIAN_POINT('',(133.6436335173,-16.95613086648,39.4));
#3073 = VECTOR('',#3074,1.);
#3074 = DIRECTION('',(-0.201255403764,-0.979538800893,0.));
#3075 = ORIENTED_EDGE('',*,*,#3076,.T.);
#3076 = EDGE_CURVE('',#3069,#3077,#3079,.T.);
#3077 = VERTEX_POINT('',#3078);
#3078 = CARTESIAN_POINT('',(131.105,-29.2685,39.4));
#3079 = LINE('',#3080,#3081);
#3080 = CARTESIAN_POINT('',(133.72924645329,-18.87539060893,39.4));
#3081 = VECTOR('',#3082,1.);
#3082 = DIRECTION('',(-0.244815095752,-0.969569785468,0.));
#3083 = ORIENTED_EDGE('',*,*,#3084,.T.);
#3084 = EDGE_CURVE('',#3077,#3085,#3087,.T.);
#3085 = VERTEX_POINT('',#3086);
#3086 = CARTESIAN_POINT('',(130.91,-29.9005,39.4));
#3087 = LINE('',#3088,#3089);
#3088 = CARTESIAN_POINT('',(133.55884023051,-21.3155408939,39.4));
#3089 = VECTOR('',#3090,1.);
#3090 = DIRECTION('',(-0.294829473794,-0.955549884298,0.));
#3091 = ORIENTED_EDGE('',*,*,#3092,.T.);
#3092 = EDGE_CURVE('',#3085,#3093,#3095,.T.);
#3093 = VERTEX_POINT('',#3094);
#3094 = CARTESIAN_POINT('',(130.843,-30.085,39.4));
#3095 = LINE('',#3096,#3097);
#3096 = CARTESIAN_POINT('',(133.26979445486,-23.40226004594,39.4));
#3097 = VECTOR('',#3098,1.);
#3098 = DIRECTION('',(-0.341333980298,-0.939942080074,0.));
#3099 = ORIENTED_EDGE('',*,*,#3100,.T.);
#3100 = EDGE_CURVE('',#3093,#3101,#3103,.T.);
#3101 = VERTEX_POINT('',#3102);
#3102 = CARTESIAN_POINT('',(130.709,-30.4057,39.4));
#3103 = LINE('',#3104,#3105);
#3104 = CARTESIAN_POINT('',(132.77516548217,-25.46078007362,39.4));
#3105 = VECTOR('',#3106,1.);
#3106 = DIRECTION('',(-0.385534511349,-0.922693416341,0.));
#3107 = ORIENTED_EDGE('',*,*,#3108,.T.);
#3108 = EDGE_CURVE('',#3101,#3109,#3111,.T.);
#3109 = VERTEX_POINT('',#3110);
#3110 = CARTESIAN_POINT('',(130.624,-30.5827,39.4));
#3111 = LINE('',#3112,#3113);
#3112 = CARTESIAN_POINT('',(132.06925563495,-27.5731676778,39.4));
#3113 = VECTOR('',#3114,1.);
#3114 = DIRECTION('',(-0.432896629257,-0.901443569159,0.));
#3115 = ORIENTED_EDGE('',*,*,#3116,.T.);
#3116 = EDGE_CURVE('',#3109,#3117,#3119,.T.);
#3117 = VERTEX_POINT('',#3118);
#3118 = CARTESIAN_POINT('',(130.295,-31.1916,39.4));
#3119 = LINE('',#3120,#3121);
#3120 = CARTESIAN_POINT('',(131.11781361104,-29.66876958126,39.4));
#3121 = VECTOR('',#3122,1.);
#3122 = DIRECTION('',(-0.475365923322,-0.879788178452,0.));
#3123 = ORIENTED_EDGE('',*,*,#3124,.T.);
#3124 = EDGE_CURVE('',#3117,#3125,#3127,.T.);
#3125 = VERTEX_POINT('',#3126);
#3126 = CARTESIAN_POINT('',(130.246,-31.2768,39.4));
#3127 = LINE('',#3128,#3129);
#3128 = CARTESIAN_POINT('',(130.59029550188,-30.67814741304,39.4));
#3129 = VECTOR('',#3130,1.);
#3130 = DIRECTION('',(-0.49854758594,-0.866862333104,0.));
#3131 = ORIENTED_EDGE('',*,*,#3132,.T.);
#3132 = EDGE_CURVE('',#3125,#3133,#3135,.T.);
#3133 = VERTEX_POINT('',#3134);
#3134 = CARTESIAN_POINT('',(130.156,-31.4258,39.4));
#3135 = LINE('',#3136,#3137);
#3136 = CARTESIAN_POINT('',(130.10260205933,-31.51420325731,39.4));
#3137 = VECTOR('',#3138,1.);
#3138 = DIRECTION('',(-0.517027958915,-0.85596850976,0.));
#3139 = ORIENTED_EDGE('',*,*,#3140,.T.);
#3140 = EDGE_CURVE('',#3133,#3141,#3143,.T.);
#3141 = VERTEX_POINT('',#3142);
#3142 = CARTESIAN_POINT('',(130.103,-31.5085,39.4));
#3143 = LINE('',#3144,#3145);
#3144 = CARTESIAN_POINT('',(129.48547064246,-32.47207882769,39.4));
#3145 = VECTOR('',#3146,1.);
#3146 = DIRECTION('',(-0.539573603371,-0.84193843394,0.));
#3147 = ORIENTED_EDGE('',*,*,#3148,.T.);
#3148 = EDGE_CURVE('',#3141,#3149,#3151,.T.);
#3149 = VERTEX_POINT('',#3150);
#3150 = CARTESIAN_POINT('',(118.472,-48.7528,39.4));
#3151 = LINE('',#3152,#3153);
#3152 = CARTESIAN_POINT('',(123.10919192515,-41.87762772634,39.4));
#3153 = VECTOR('',#3154,1.);
#3154 = DIRECTION('',(-0.559178786775,-0.829047094212,0.));
#3155 = ORIENTED_EDGE('',*,*,#3156,.T.);
#3156 = EDGE_CURVE('',#3149,#3157,#3159,.T.);
#3157 = VERTEX_POINT('',#3158);
#3158 = CARTESIAN_POINT('',(118.415,-48.8328,39.4));
#3159 = LINE('',#3160,#3161);
#3160 = CARTESIAN_POINT('',(122.6432403876,-42.89842752616,39.4));
#3161 = VECTOR('',#3162,1.);
#3162 = DIRECTION('',(-0.580274789188,-0.814420756755,0.));
#3163 = ORIENTED_EDGE('',*,*,#3164,.T.);
#3164 = EDGE_CURVE('',#3157,#3165,#3167,.T.);
#3165 = VERTEX_POINT('',#3166);
#3166 = CARTESIAN_POINT('',(118.311,-48.9722,39.4));
#3167 = LINE('',#3168,#3169);
#3168 = CARTESIAN_POINT('',(122.17943330878,-43.78701150726,39.4));
#3169 = VECTOR('',#3170,1.);
#3170 = DIRECTION('',(-0.597974167326,-0.801515374282,0.));
#3171 = ORIENTED_EDGE('',*,*,#3172,.T.);
#3172 = EDGE_CURVE('',#3165,#3173,#3175,.T.);
#3173 = VERTEX_POINT('',#3174);
#3174 = CARTESIAN_POINT('',(118.25,-49.0493,39.4));
#3175 = LINE('',#3176,#3177);
#3176 = CARTESIAN_POINT('',(121.56496174657,-44.85940572686,39.4));
#3177 = VECTOR('',#3178,1.);
#3178 = DIRECTION('',(-0.620468437572,-0.784231418636,0.));
#3179 = ORIENTED_EDGE('',*,*,#3180,.T.);
#3180 = EDGE_CURVE('',#3173,#3181,#3183,.T.);
#3181 = VERTEX_POINT('',#3182);
#3182 = CARTESIAN_POINT('',(117.809,-49.5824,39.4));
#3183 = LINE('',#3184,#3185);
#3184 = CARTESIAN_POINT('',(120.8574679187,-45.89727925745,39.4));
#3185 = VECTOR('',#3186,1.);
#3186 = DIRECTION('',(-0.637407965065,-0.770526499266,0.));
#3187 = ORIENTED_EDGE('',*,*,#3188,.T.);
#3188 = EDGE_CURVE('',#3181,#3189,#3191,.T.);
#3189 = VERTEX_POINT('',#3190);
#3190 = CARTESIAN_POINT('',(117.676,-49.7272,39.4));
#3191 = LINE('',#3192,#3193);
#3192 = CARTESIAN_POINT('',(119.5147749816,-47.72528558393,39.4));
#3193 = VECTOR('',#3194,1.);
#3194 = DIRECTION('',(-0.676461306363,-0.736478174146,0.));
#3195 = ORIENTED_EDGE('',*,*,#3196,.T.);
#3196 = EDGE_CURVE('',#3189,#3197,#3199,.T.);
#3197 = VERTEX_POINT('',#3198);
#3198 = CARTESIAN_POINT('',(117.429,-49.972,39.4));
#3199 = LINE('',#3200,#3201);
#3200 = CARTESIAN_POINT('',(118.0876343831,-49.31923199602,39.4));
#3201 = VECTOR('',#3202,1.);
#3202 = DIRECTION('',(-0.710262820117,-0.70393659257,0.));
#3203 = ORIENTED_EDGE('',*,*,#3204,.T.);
#3204 = EDGE_CURVE('',#3197,#3205,#3207,.T.);
#3205 = VERTEX_POINT('',#3206);
#3206 = CARTESIAN_POINT('',(117.283,-50.1032,39.4));
#3207 = LINE('',#3208,#3209);
#3208 = CARTESIAN_POINT('',(116.52239798554,-50.78669989244,39.4));
#3209 = VECTOR('',#3210,1.);
#3210 = DIRECTION('',(-0.743800570872,-0.668401608893,0.));
#3211 = ORIENTED_EDGE('',*,*,#3212,.T.);
#3212 = EDGE_CURVE('',#3205,#3213,#3215,.T.);
#3213 = VERTEX_POINT('',#3214);
#3214 = CARTESIAN_POINT('',(116.77,-50.5205,39.4));
#3215 = LINE('',#3216,#3217);
#3216 = CARTESIAN_POINT('',(114.63664005323,-52.25588227248,39.4));
#3217 = VECTOR('',#3218,1.);
#3218 = DIRECTION('',(-0.775753082522,-0.631036571806,0.));
#3219 = ORIENTED_EDGE('',*,*,#3220,.T.);
#3220 = EDGE_CURVE('',#3213,#3221,#3223,.T.);
#3221 = VERTEX_POINT('',#3222);
#3222 = CARTESIAN_POINT('',(116.612,-50.6367,39.4));
#3223 = LINE('',#3224,#3225);
#3224 = CARTESIAN_POINT('',(112.83665511911,-53.4132511086,39.4));
#3225 = VECTOR('',#3226,1.);
#3226 = DIRECTION('',(-0.805593752349,-0.592468316601,0.));
#3227 = ORIENTED_EDGE('',*,*,#3228,.T.);
#3228 = EDGE_CURVE('',#3221,#3229,#3231,.T.);
#3229 = VERTEX_POINT('',#3230);
#3230 = CARTESIAN_POINT('',(116.322,-50.8286,39.4));
#3231 = LINE('',#3232,#3233);
#3232 = CARTESIAN_POINT('',(110.84477759277,-54.45301027568,39.4));
#3233 = VECTOR('',#3234,1.);
#3234 = DIRECTION('',(-0.833947775338,-0.551843372715,0.));
#3235 = ORIENTED_EDGE('',*,*,#3236,.T.);
#3236 = EDGE_CURVE('',#3229,#3237,#3239,.T.);
#3237 = VERTEX_POINT('',#3238);
#3238 = CARTESIAN_POINT('',(116.153,-50.9287,39.4));
#3239 = LINE('',#3240,#3241);
#3240 = CARTESIAN_POINT('',(108.82228439703,-55.27073924175,39.4));
#3241 = VECTOR('',#3242,1.);
#3242 = DIRECTION('',(-0.860399022388,-0.509620959414,0.));
#3243 = ORIENTED_EDGE('',*,*,#3244,.T.);
#3244 = EDGE_CURVE('',#3237,#3245,#3247,.T.);
#3245 = VERTEX_POINT('',#3246);
#3246 = CARTESIAN_POINT('',(115.569,-51.2379,39.4));
#3247 = LINE('',#3248,#3249);
#3248 = CARTESIAN_POINT('',(106.60985361703,-55.98133846166,39.4));
#3249 = VECTOR('',#3250,1.);
#3250 = DIRECTION('',(-0.88377319181,-0.467915532376,0.));
#3251 = ORIENTED_EDGE('',*,*,#3252,.T.);
#3252 = EDGE_CURVE('',#3245,#3253,#3255,.T.);
#3253 = VERTEX_POINT('',#3254);
#3254 = CARTESIAN_POINT('',(115.391,-51.3211,39.4));
#3255 = LINE('',#3256,#3257);
#3256 = CARTESIAN_POINT('',(104.48535073915,-56.41857201405,39.4));
#3257 = VECTOR('',#3258,1.);
#3258 = DIRECTION('',(-0.905922923537,-0.423442624934,0.));
#3259 = ORIENTED_EDGE('',*,*,#3260,.T.);
#3260 = EDGE_CURVE('',#3253,#3261,#3263,.T.);
#3261 = VERTEX_POINT('',#3262);
#3262 = CARTESIAN_POINT('',(115.069,-51.4527,39.4));
#3263 = LINE('',#3264,#3265);
#3264 = CARTESIAN_POINT('',(102.27926203511,-56.67981029869,39.4));
#3265 = VECTOR('',#3266,1.);
#3266 = DIRECTION('',(-0.925675122854,-0.378319398036,0.));
#3267 = ORIENTED_EDGE('',*,*,#3268,.T.);
#3268 = EDGE_CURVE('',#3261,#3269,#3271,.T.);
#3269 = VERTEX_POINT('',#3270);
#3270 = CARTESIAN_POINT('',(114.884,-51.518,39.4));
#3271 = LINE('',#3272,#3273);
#3272 = CARTESIAN_POINT('',(100.16029880311,-56.71506858463,39.4));
#3273 = VECTOR('',#3274,1.);
#3274 = DIRECTION('',(-0.942980923001,-0.332846779849,0.));
#3275 = ORIENTED_EDGE('',*,*,#3276,.T.);
#3276 = EDGE_CURVE('',#3269,#3277,#3279,.T.);
#3277 = VERTEX_POINT('',#3278);
#3278 = CARTESIAN_POINT('',(114.25,-51.7073,39.4));
#3279 = LINE('',#3280,#3281);
#3280 = CARTESIAN_POINT('',(97.806618132865,-56.61697221995,39.4));
#3281 = VECTOR('',#3282,1.);
#3282 = DIRECTION('',(-0.958199844941,-0.286099732882,0.));
#3283 = ORIENTED_EDGE('',*,*,#3284,.T.);
#3284 = EDGE_CURVE('',#3277,#3285,#3287,.T.);
#3285 = VERTEX_POINT('',#3286);
#3286 = CARTESIAN_POINT('',(114.06,-51.7541,39.4));
#3287 = LINE('',#3288,#3289);
#3288 = CARTESIAN_POINT('',(95.728612905013,-56.26941008445,39.4));
#3289 = VECTOR('',#3290,1.);
#3290 = DIRECTION('',(-0.970978372816,-0.239167304462,0.));
#3291 = ORIENTED_EDGE('',*,*,#3292,.T.);
#3292 = EDGE_CURVE('',#3285,#3293,#3295,.T.);
#3293 = VERTEX_POINT('',#3294);
#3294 = CARTESIAN_POINT('',(113.719,-51.8204,39.4));
#3295 = LINE('',#3296,#3297);
#3296 = CARTESIAN_POINT('',(93.588882072171,-55.73426163816,39.4));
#3297 = VECTOR('',#3298,1.);
#3298 = DIRECTION('',(-0.981618385908,-0.190854249225,0.));
#3299 = ORIENTED_EDGE('',*,*,#3300,.T.);
#3300 = EDGE_CURVE('',#3293,#3301,#3303,.T.);
#3301 = VERTEX_POINT('',#3302);
#3302 = CARTESIAN_POINT('',(113.524,-51.8484,39.4));
#3303 = LINE('',#3304,#3305);
#3304 = CARTESIAN_POINT('',(91.591349248886,-54.99770369759,39.4));
#3305 = VECTOR('',#3306,1.);
#3306 = DIRECTION('',(-0.989847715736,-0.142131979695,0.));
#3307 = ORIENTED_EDGE('',*,*,#3308,.T.);
#3308 = EDGE_CURVE('',#3301,#3309,#3311,.T.);
#3309 = VERTEX_POINT('',#3310);
#3310 = CARTESIAN_POINT('',(112.866,-51.9103,39.4));
#3311 = LINE('',#3312,#3313);
#3312 = CARTESIAN_POINT('',(89.467563199159,-54.11145993612,39.4));
#3313 = VECTOR('',#3314,1.);
#3314 = DIRECTION('',(-0.995604294347,-9.365943133748E-02,0.));
#3315 = ORIENTED_EDGE('',*,*,#3316,.T.);
#3316 = EDGE_CURVE('',#3309,#3317,#3319,.T.);
#3317 = VERTEX_POINT('',#3318);
#3318 = CARTESIAN_POINT('',(112.67,-51.9191,39.4));
#3319 = LINE('',#3320,#3321);
#3320 = CARTESIAN_POINT('',(87.669722961627,-53.04156141805,39.4));
#3321 = VECTOR('',#3322,1.);
#3322 = DIRECTION('',(-0.998993607909,-4.485277423267E-02,0.));
#3323 = ORIENTED_EDGE('',*,*,#3324,.T.);
#3324 = EDGE_CURVE('',#3317,#3325,#3327,.T.);
#3325 = VERTEX_POINT('',#3326);
#3326 = CARTESIAN_POINT('',(112.322,-51.9176,39.4));
#3327 = LINE('',#3328,#3329);
#3328 = CARTESIAN_POINT('',(85.901194322341,-51.8037172169,39.4));
#3329 = VECTOR('',#3330,1.);
#3330 = DIRECTION('',(-0.999990710593,4.31030478704E-03,0.));
#3331 = ORIENTED_EDGE('',*,*,#3332,.T.);
#3332 = EDGE_CURVE('',#3325,#3333,#3335,.T.);
#3333 = VERTEX_POINT('',#3334);
#3334 = CARTESIAN_POINT('',(112.126,-51.9071,39.4));
#3335 = LINE('',#3336,#3337);
#3336 = CARTESIAN_POINT('',(84.336491446741,-50.4183763275,39.4));
#3337 = VECTOR('',#3338,1.);
#3338 = DIRECTION('',(-0.99856813227,5.349472137161E-02,0.));
#3339 = ORIENTED_EDGE('',*,*,#3340,.T.);
#3340 = EDGE_CURVE('',#3333,#3341,#3343,.T.);
#3341 = VERTEX_POINT('',#3342);
#3342 = CARTESIAN_POINT('',(111.468,-51.8394,39.4));
#3343 = LINE('',#3344,#3345);
#3344 = CARTESIAN_POINT('',(82.688165431672,-48.87831367739,39.4));
#3345 = VECTOR('',#3346,1.);
#3346 = DIRECTION('',(-0.994748732507,0.10234724801,0.));
#3347 = ORIENTED_EDGE('',*,*,#3348,.T.);
#3348 = EDGE_CURVE('',#3341,#3349,#3351,.T.);
#3349 = VERTEX_POINT('',#3350);
#3350 = CARTESIAN_POINT('',(111.274,-51.8098,39.4));
#3351 = LINE('',#3352,#3353);
#3352 = CARTESIAN_POINT('',(81.425864715976,-47.25565152367,39.4));
#3353 = VECTOR('',#3354,1.);
#3354 = DIRECTION('',(-0.988559448352,0.150831750883,0.));
#3355 = ORIENTED_EDGE('',*,*,#3356,.T.);
#3356 = EDGE_CURVE('',#3349,#3357,#3359,.T.);
#3357 = VERTEX_POINT('',#3358);
#3358 = CARTESIAN_POINT('',(110.934,-51.7405,39.4));
#3359 = LINE('',#3360,#3361);
#3360 = CARTESIAN_POINT('',(80.237527771726,-45.48383668994,39.4));
#3361 = VECTOR('',#3362,1.);
#3362 = DIRECTION('',(-0.979853577943,0.199717214563,0.));
#3363 = ORIENTED_EDGE('',*,*,#3364,.T.);
#3364 = EDGE_CURVE('',#3357,#3365,#3367,.T.);
#3365 = VERTEX_POINT('',#3366);
#3366 = CARTESIAN_POINT('',(110.743,-51.6919,39.4));
#3367 = LINE('',#3368,#3369);
#3368 = CARTESIAN_POINT('',(79.322635795779,-43.69698010301,39.4));
#3369 = VECTOR('',#3370,1.);
#3370 = DIRECTION('',(-0.969119223734,0.246592640175,0.));
#3371 = ORIENTED_EDGE('',*,*,#3372,.T.);
#3372 = EDGE_CURVE('',#3365,#3373,#3375,.T.);
#3373 = VERTEX_POINT('',#3374);
#3374 = CARTESIAN_POINT('',(110.111,-51.4972,39.4));
#3375 = LINE('',#3376,#3377);
#3376 = CARTESIAN_POINT('',(78.340554722499,-41.70969098808,39.4));
#3377 = VECTOR('',#3378,1.);
#3378 = DIRECTION('',(-0.955677597167,0.294415234444,0.));
#3379 = ORIENTED_EDGE('',*,*,#3380,.T.);
#3380 = EDGE_CURVE('',#3373,#3381,#3383,.T.);
#3381 = VERTEX_POINT('',#3382);
#3382 = CARTESIAN_POINT('',(109.927,-51.4303,39.4));
#3383 = LINE('',#3384,#3385);
#3384 = CARTESIAN_POINT('',(77.766060388019,-39.7370018476,39.4));
#3385 = VECTOR('',#3386,1.);
#3386 = DIRECTION('',(-0.939808335452,0.341702052401,0.));
#3387 = ORIENTED_EDGE('',*,*,#3388,.T.);
#3388 = EDGE_CURVE('',#3381,#3389,#3391,.T.);
#3389 = VERTEX_POINT('',#3390);
#3390 = CARTESIAN_POINT('',(109.606,-51.2958,39.4));
#3391 = LINE('',#3392,#3393);
#3392 = CARTESIAN_POINT('',(77.32383630112,-37.76947284268,39.4));
#3393 = VECTOR('',#3394,1.);
#3394 = DIRECTION('',(-0.922310032969,0.386450777054,0.));
#3395 = ORIENTED_EDGE('',*,*,#3396,.T.);
#3396 = EDGE_CURVE('',#3389,#3397,#3399,.T.);
#3397 = VERTEX_POINT('',#3398);
#3398 = CARTESIAN_POINT('',(109.429,-51.2112,39.4));
#3399 = LINE('',#3400,#3401);
#3400 = CARTESIAN_POINT('',(77.133494888032,-35.77504331936,39.4));
#3401 = VECTOR('',#3402,1.);
#3402 = DIRECTION('',(-0.902237711862,0.431239041941,0.));
#3403 = ORIENTED_EDGE('',*,*,#3404,.T.);
#3404 = EDGE_CURVE('',#3397,#3405,#3407,.T.);
#3405 = VERTEX_POINT('',#3406);
#3406 = CARTESIAN_POINT('',(108.82,-50.8823,39.4));
#3407 = LINE('',#3408,#3409);
#3408 = CARTESIAN_POINT('',(76.917564652977,-33.65288951455,39.4));
#3409 = VECTOR('',#3410,1.);
#3410 = DIRECTION('',(-0.879881234542,0.475193658524,0.));
#3411 = ORIENTED_EDGE('',*,*,#3412,.T.);
#3412 = EDGE_CURVE('',#3405,#3413,#3415,.T.);
#3413 = VERTEX_POINT('',#3414);
#3414 = CARTESIAN_POINT('',(108.735,-50.8335,39.4));
#3415 = LINE('',#3416,#3417);
#3416 = CARTESIAN_POINT('',(76.994768290855,-32.61087285404,39.4));
#3417 = VECTOR('',#3418,1.);
#3418 = DIRECTION('',(-0.867236780333,0.497895939768,0.));
#3419 = ORIENTED_EDGE('',*,*,#3420,.T.);
#3420 = EDGE_CURVE('',#3413,#3421,#3423,.T.);
#3421 = VERTEX_POINT('',#3422);
#3422 = CARTESIAN_POINT('',(108.586,-50.7433,39.4));
#3423 = LINE('',#3424,#3425);
#3424 = CARTESIAN_POINT('',(77.070992811758,-31.66508759476,39.4));
#3425 = VECTOR('',#3426,1.);
#3426 = DIRECTION('',(-0.855459919063,0.517869024829,0.));
#3427 = ORIENTED_EDGE('',*,*,#3428,.T.);
#3428 = EDGE_CURVE('',#3421,#3429,#3431,.T.);
#3429 = VERTEX_POINT('',#3430);
#3430 = CARTESIAN_POINT('',(108.504,-50.6904,39.4));
#3431 = LINE('',#3432,#3433);
#3432 = CARTESIAN_POINT('',(77.27161129168,-30.54170045524,39.4));
#3433 = VECTOR('',#3434,1.);
#3434 = DIRECTION('',(-0.84031170698,0.542103528039,0.));
#3435 = ORIENTED_EDGE('',*,*,#3436,.T.);
#3436 = EDGE_CURVE('',#3429,#3437,#3439,.T.);
#3437 = VERTEX_POINT('',#3438);
#3438 = CARTESIAN_POINT('',(95.1619,-41.6914,39.4));
#3439 = LINE('',#3440,#3441);
#3440 = CARTESIAN_POINT('',(70.81121786335,-25.26731469501,39.4));
#3441 = VECTOR('',#3442,1.);
#3442 = DIRECTION('',(-0.829047945151,0.559177525158,0.));
#3443 = ORIENTED_EDGE('',*,*,#3444,.T.);
#3444 = EDGE_CURVE('',#3437,#3445,#3447,.T.);
#3445 = VERTEX_POINT('',#3446);
#3446 = CARTESIAN_POINT('',(94.8755,-41.5206,39.4));
#3447 = LINE('',#3448,#3449);
#3448 = CARTESIAN_POINT('',(70.398911349022,-26.92352827658,39.4));
#3449 = VECTOR('',#3450,1.);
#3450 = DIRECTION('',(-0.858865794457,0.512200690269,0.));
#3451 = ORIENTED_EDGE('',*,*,#3452,.T.);
#3452 = EDGE_CURVE('',#3445,#3453,#3455,.T.);
#3453 = VERTEX_POINT('',#3454);
#3454 = CARTESIAN_POINT('',(93.7256,-40.9188,39.4));
#3455 = LINE('',#3456,#3457);
#3456 = CARTESIAN_POINT('',(69.75422713035,-28.37338544833,39.4));
#3457 = VECTOR('',#3458,1.);
#3458 = DIRECTION('',(-0.885998876474,0.46368738487,0.));
#3459 = ORIENTED_EDGE('',*,*,#3460,.T.);
#3460 = EDGE_CURVE('',#3453,#3461,#3463,.T.);
#3461 = VERTEX_POINT('',#3462);
#3462 = CARTESIAN_POINT('',(93.4584,-40.7953,39.4));
#3463 = LINE('',#3464,#3465);
#3464 = CARTESIAN_POINT('',(69.734720061896,-29.83020092681,39.4));
#3465 = VECTOR('',#3466,1.);
#3466 = DIRECTION('',(-0.907730560061,0.419553608411,0.));
#3467 = ORIENTED_EDGE('',*,*,#3468,.T.);
#3468 = EDGE_CURVE('',#3461,#3469,#3471,.T.);
#3469 = VERTEX_POINT('',#3470);
#3470 = CARTESIAN_POINT('',(78.4122,-34.7162,39.4));
#3471 = LINE('',#3472,#3473);
#3472 = CARTESIAN_POINT('',(62.475538999022,-28.27732799969,39.4));
#3473 = VECTOR('',#3474,1.);
#3474 = DIRECTION('',(-0.927182985574,0.374608744241,0.));
#3475 = ORIENTED_EDGE('',*,*,#3476,.T.);
#3476 = EDGE_CURVE('',#3469,#3477,#3479,.T.);
#3477 = VERTEX_POINT('',#3478);
#3478 = CARTESIAN_POINT('',(78.0965,-34.6087,39.4));
#3479 = LINE('',#3480,#3481);
#3480 = CARTESIAN_POINT('',(62.939362924389,-29.44749557925,39.4));
#3481 = VECTOR('',#3482,1.);
#3482 = DIRECTION('',(-0.946624601437,0.32233812054,0.));
#3483 = ORIENTED_EDGE('',*,*,#3484,.T.);
#3484 = EDGE_CURVE('',#3477,#3485,#3487,.T.);
#3485 = VERTEX_POINT('',#3486);
#3486 = CARTESIAN_POINT('',(76.8466,-34.2591,39.4));
#3487 = LINE('',#3488,#3489);
#3488 = CARTESIAN_POINT('',(63.066411521735,-30.40474853828,39.4));
#3489 = VECTOR('',#3490,1.);
#3490 = DIRECTION('',(-0.963038402994,0.26936412968,0.));
#3491 = ORIENTED_EDGE('',*,*,#3492,.T.);
#3492 = EDGE_CURVE('',#3485,#3493,#3495,.T.);
#3493 = VERTEX_POINT('',#3494);
#3494 = CARTESIAN_POINT('',(76.5596,-34.1938,39.4));
#3495 = LINE('',#3496,#3497);
#3496 = CARTESIAN_POINT('',(63.695302342027,-31.26683610778,39.4));
#3497 = VECTOR('',#3498,1.);
#3498 = DIRECTION('',(-0.975079428833,0.221856051229,0.));
#3499 = ORIENTED_EDGE('',*,*,#3500,.T.);
#3500 = EDGE_CURVE('',#3493,#3501,#3503,.T.);
#3501 = VERTEX_POINT('',#3502);
#3502 = CARTESIAN_POINT('',(60.5591,-31.3725,39.4));
#3503 = LINE('',#3504,#3505);
#3504 = CARTESIAN_POINT('',(56.555680963084,-30.6665941765,39.4));
#3505 = VECTOR('',#3506,1.);
#3506 = DIRECTION('',(-0.984807961992,0.173646992479,0.));
#3507 = ORIENTED_EDGE('',*,*,#3508,.T.);
#3508 = EDGE_CURVE('',#3501,#3509,#3511,.T.);
#3509 = VERTEX_POINT('',#3510);
#3510 = CARTESIAN_POINT('',(60.5055,-31.3623,39.4));
#3511 = LINE('',#3512,#3513);
#3512 = CARTESIAN_POINT('',(56.263931787707,-30.5551358999,39.4));
#3513 = VECTOR('',#3514,1.);
#3514 = DIRECTION('',(-0.982370635676,0.186943665744,0.));
#3515 = ORIENTED_EDGE('',*,*,#3516,.T.);
#3516 = EDGE_CURVE('',#3509,#3517,#3519,.T.);
#3517 = VERTEX_POINT('',#3518);
#3518 = CARTESIAN_POINT('',(60.4107,-31.3429,39.4));
#3519 = LINE('',#3520,#3521);
#3520 = CARTESIAN_POINT('',(55.948969497405,-30.42984544567,39.4));
#3521 = VECTOR('',#3522,1.);
#3522 = DIRECTION('',(-0.979696483084,0.200486411095,0.));
#3523 = ORIENTED_EDGE('',*,*,#3524,.T.);
#3524 = EDGE_CURVE('',#3517,#3525,#3527,.T.);
#3525 = VERTEX_POINT('',#3526);
#3526 = CARTESIAN_POINT('',(60.3574,-31.3313,39.4));
#3527 = LINE('',#3528,#3529);
#3528 = CARTESIAN_POINT('',(55.683889514191,-30.31417576669,39.4));
#3529 = VECTOR('',#3530,1.);
#3530 = DIRECTION('',(-0.977126700288,0.212657968543,0.));
#3531 = ORIENTED_EDGE('',*,*,#3532,.T.);
#3532 = EDGE_CURVE('',#3525,#3533,#3535,.T.);
#3533 = VERTEX_POINT('',#3534);
#3534 = CARTESIAN_POINT('',(59.9958,-31.2469,39.4));
#3535 = LINE('',#3536,#3537);
#3536 = CARTESIAN_POINT('',(55.219104658846,-30.13198549006,39.4));
#3537 = VECTOR('',#3538,1.);
#3538 = DIRECTION('',(-0.97382531551,0.227297722979,0.));
#3539 = ORIENTED_EDGE('',*,*,#3540,.T.);
#3540 = EDGE_CURVE('',#3533,#3541,#3543,.T.);
#3541 = VERTEX_POINT('',#3542);
#3542 = CARTESIAN_POINT('',(59.8485,-31.2066,39.4));
#3543 = LINE('',#3544,#3545);
#3544 = CARTESIAN_POINT('',(54.44889428801,-29.72931479841,39.4));
#3545 = VECTOR('',#3546,1.);
#3546 = DIRECTION('',(-0.964551951695,0.26389303227,0.));
#3547 = ORIENTED_EDGE('',*,*,#3548,.T.);
#3548 = EDGE_CURVE('',#3541,#3549,#3551,.T.);
#3549 = VERTEX_POINT('',#3550);
#3550 = CARTESIAN_POINT('',(59.5904,-31.1252,39.4));
#3551 = LINE('',#3552,#3553);
#3552 = CARTESIAN_POINT('',(53.641254655273,-29.24894881417,39.4));
#3553 = VECTOR('',#3554,1.);
#3554 = DIRECTION('',(-0.953694288933,0.300777664158,0.));
#3555 = ORIENTED_EDGE('',*,*,#3556,.T.);
#3556 = EDGE_CURVE('',#3549,#3557,#3559,.T.);
#3557 = VERTEX_POINT('',#3558);
#3558 = CARTESIAN_POINT('',(59.4466,-31.0738,39.4));
#3559 = LINE('',#3560,#3561);
#3560 = CARTESIAN_POINT('',(52.935727632459,-28.74654798545,39.4));
#3561 = VECTOR('',#3562,1.);
#3562 = DIRECTION('',(-0.941652987051,0.33658528188,0.));
#3563 = ORIENTED_EDGE('',*,*,#3564,.T.);
#3564 = EDGE_CURVE('',#3557,#3565,#3567,.T.);
#3565 = VERTEX_POINT('',#3566);
#3566 = CARTESIAN_POINT('',(58.8203,-30.8223,39.4));
#3567 = LINE('',#3568,#3569);
#3568 = CARTESIAN_POINT('',(52.013675931016,-28.08899973918,39.4));
#3569 = VECTOR('',#3570,1.);
#3570 = DIRECTION('',(-0.927975141985,0.372642101564,0.));
#3571 = ORIENTED_EDGE('',*,*,#3572,.T.);
#3572 = EDGE_CURVE('',#3565,#3573,#3575,.T.);
#3573 = VERTEX_POINT('',#3574);
#3574 = CARTESIAN_POINT('',(58.6419,-30.7403,39.4));
#3575 = LINE('',#3576,#3577);
#3576 = CARTESIAN_POINT('',(51.20626926592,-27.32257735317,39.4));
#3577 = VECTOR('',#3578,1.);
#3578 = DIRECTION('',(-0.90861416797,0.417636557026,0.));
#3579 = ORIENTED_EDGE('',*,*,#3580,.T.);
#3580 = EDGE_CURVE('',#3573,#3581,#3583,.T.);
#3581 = VERTEX_POINT('',#3582);
#3582 = CARTESIAN_POINT('',(58.3335,-30.5798,39.4));
#3583 = LINE('',#3584,#3585);
#3584 = CARTESIAN_POINT('',(50.405732327557,-26.45396760237,39.4));
#3585 = VECTOR('',#3586,1.);
#3586 = DIRECTION('',(-0.887061341931,0.461651573865,0.));
#3587 = ORIENTED_EDGE('',*,*,#3588,.T.);
#3588 = EDGE_CURVE('',#3581,#3589,#3591,.T.);
#3589 = VERTEX_POINT('',#3590);
#3590 = CARTESIAN_POINT('',(58.1784,-30.4891,39.4));
#3591 = LINE('',#3592,#3593);
#3592 = CARTESIAN_POINT('',(49.75471947075,-25.56306631848,39.4));
#3593 = VECTOR('',#3594,1.);
#3594 = DIRECTION('',(-0.863233364931,0.504805068983,0.));
#3595 = ORIENTED_EDGE('',*,*,#3596,.T.);
#3596 = EDGE_CURVE('',#3589,#3597,#3599,.T.);
#3597 = VERTEX_POINT('',#3598);
#3598 = CARTESIAN_POINT('',(57.7669,-30.272,39.4));
#3599 = LINE('',#3600,#3601);
#3600 = CARTESIAN_POINT('',(50.054804402444,-26.20323704926,39.4));
#3601 = VECTOR('',#3602,1.);
#3602 = DIRECTION('',(-0.884456214422,0.466623193563,0.));
#3603 = ORIENTED_EDGE('',*,*,#3604,.T.);
#3604 = EDGE_CURVE('',#3597,#3605,#3607,.T.);
#3605 = VERTEX_POINT('',#3606);
#3606 = CARTESIAN_POINT('',(57.3883,-30.1572,39.4));
#3607 = LINE('',#3608,#3609);
#3608 = CARTESIAN_POINT('',(52.77467723607,-28.75824624062,39.4));
#3609 = VECTOR('',#3610,1.);
#3610 = DIRECTION('',(-0.956973368662,0.290175759964,0.));
#3611 = ORIENTED_EDGE('',*,*,#3612,.T.);
#3612 = EDGE_CURVE('',#3605,#3613,#3615,.T.);
#3613 = VERTEX_POINT('',#3614);
#3614 = CARTESIAN_POINT('',(57.,-30.1189,39.4));
#3615 = LINE('',#3616,#3617);
#3616 = CARTESIAN_POINT('',(56.360245634925,-30.05579777959,39.4));
#3617 = VECTOR('',#3618,1.);
#3618 = DIRECTION('',(-0.995170769709,9.815874447553E-02,0.));
#3619 = ORIENTED_EDGE('',*,*,#3620,.T.);
#3620 = EDGE_CURVE('',#3613,#3621,#3623,.T.);
#3621 = VERTEX_POINT('',#3622);
#3622 = CARTESIAN_POINT('',(56.6117,-30.1572,39.4));
#3623 = LINE('',#3624,#3625);
#3624 = CARTESIAN_POINT('',(60.169107732503,-29.80631481804,39.4));
#3625 = VECTOR('',#3626,1.);
#3626 = DIRECTION('',(-0.995170769709,-9.815874447553E-02,0.));
#3627 = ORIENTED_EDGE('',*,*,#3628,.T.);
#3628 = EDGE_CURVE('',#3621,#3629,#3631,.T.);
#3629 = VERTEX_POINT('',#3630);
#3630 = CARTESIAN_POINT('',(56.2383,-30.2704,39.4));
#3631 = LINE('',#3632,#3633);
#3632 = CARTESIAN_POINT('',(63.5561447194,-28.05192109738,39.4));
#3633 = VECTOR('',#3634,1.);
#3634 = DIRECTION('',(-0.956989909415,-0.290121204461,0.));
#3635 = ORIENTED_EDGE('',*,*,#3636,.T.);
#3636 = EDGE_CURVE('',#3629,#3637,#3639,.T.);
#3637 = VERTEX_POINT('',#3638);
#3638 = CARTESIAN_POINT('',(55.8942,-30.4544,39.4));
#3639 = LINE('',#3640,#3641);
#3640 = CARTESIAN_POINT('',(65.983275822459,-25.05948587232,39.4));
#3641 = VECTOR('',#3642,1.);
#3642 = DIRECTION('',(-0.881841645324,-0.471545663295,0.));
#3643 = ORIENTED_EDGE('',*,*,#3644,.T.);
#3644 = EDGE_CURVE('',#3637,#3645,#3647,.T.);
#3645 = VERTEX_POINT('',#3646);
#3646 = CARTESIAN_POINT('',(55.5926,-30.7019,39.4));
#3647 = LINE('',#3648,#3649);
#3648 = CARTESIAN_POINT('',(67.025475261421,-21.3198156923,39.4));
#3649 = VECTOR('',#3650,1.);
#3650 = DIRECTION('',(-0.77303147291,-0.634367670906,0.));
#3651 = ORIENTED_EDGE('',*,*,#3652,.T.);
#3652 = EDGE_CURVE('',#3645,#3653,#3655,.T.);
#3653 = VERTEX_POINT('',#3654);
#3654 = CARTESIAN_POINT('',(55.3451,-31.0035,39.4));
#3655 = LINE('',#3656,#3657);
#3656 = CARTESIAN_POINT('',(66.496055905597,-17.41510282372,39.4));
#3657 = VECTOR('',#3658,1.);
#3658 = DIRECTION('',(-0.634367670906,-0.77303147291,0.));
#3659 = ORIENTED_EDGE('',*,*,#3660,.T.);
#3660 = EDGE_CURVE('',#3653,#3661,#3663,.T.);
#3661 = VERTEX_POINT('',#3662);
#3662 = CARTESIAN_POINT('',(55.1612,-31.3476,39.4));
#3663 = LINE('',#3664,#3665);
#3664 = CARTESIAN_POINT('',(64.443854921254,-13.97858663184,39.4));
#3665 = VECTOR('',#3666,1.);
#3666 = DIRECTION('',(-0.471346336419,-0.881948202076,0.));
#3667 = ORIENTED_EDGE('',*,*,#3668,.T.);
#3668 = EDGE_CURVE('',#3661,#3669,#3671,.T.);
#3669 = VERTEX_POINT('',#3670);
#3670 = CARTESIAN_POINT('',(55.0479,-31.721,39.4));
#3671 = LINE('',#3672,#3673);
#3672 = CARTESIAN_POINT('',(61.161610371295,-11.57219635797,39.4));
#3673 = VECTOR('',#3674,1.);
#3674 = DIRECTION('',(-0.290355897016,-0.95691872856,0.));
#3675 = ORIENTED_EDGE('',*,*,#3676,.T.);
#3676 = EDGE_CURVE('',#3669,#3677,#3679,.T.);
#3677 = VERTEX_POINT('',#3678);
#3678 = CARTESIAN_POINT('',(55.,-32.2075,39.4));
#3679 = LINE('',#3680,#3681);
#3680 = CARTESIAN_POINT('',(57.122624597785,-10.64890152771,39.4));
#3681 = VECTOR('',#3682,1.);
#3682 = DIRECTION('',(-9.798458778261E-02,-0.995187932281,0.));
#3683 = ORIENTED_EDGE('',*,*,#3684,.T.);
#3684 = EDGE_CURVE('',#3677,#3685,#3687,.T.);
#3685 = VERTEX_POINT('',#3686);
#3686 = CARTESIAN_POINT('',(55.,-49.93,39.4));
#3687 = LINE('',#3688,#3689);
#3688 = CARTESIAN_POINT('',(55.,-19.535,39.4));
#3689 = VECTOR('',#3690,1.);
#3690 = DIRECTION('',(0.,-1.,0.));
#3691 = ORIENTED_EDGE('',*,*,#3692,.T.);
#3692 = EDGE_CURVE('',#3685,#3693,#3695,.T.);
#3693 = VERTEX_POINT('',#3694);
#3694 = CARTESIAN_POINT('',(54.9616,-50.3202,39.4));
#3695 = LINE('',#3696,#3697);
#3696 = CARTESIAN_POINT('',(57.966093972703,-19.79015968362,39.4));
#3697 = VECTOR('',#3698,1.);
#3698 = DIRECTION('',(-9.793796217175E-02,-0.99519252186,0.));
#3699 = ORIENTED_EDGE('',*,*,#3700,.T.);
#3700 = EDGE_CURVE('',#3693,#3701,#3703,.T.);
#3701 = VERTEX_POINT('',#3702);
#3702 = CARTESIAN_POINT('',(54.8478,-50.6954,39.4));
#3703 = LINE('',#3704,#3705);
#3704 = CARTESIAN_POINT('',(63.602898188251,-21.82973356562,39.4));
#3705 = VECTOR('',#3706,1.);
#3706 = DIRECTION('',(-0.290248065043,-0.95695144116,0.));
#3707 = ORIENTED_EDGE('',*,*,#3708,.T.);
#3708 = EDGE_CURVE('',#3701,#3709,#3711,.T.);
#3709 = VERTEX_POINT('',#3710);
#3710 = CARTESIAN_POINT('',(54.6629,-51.0411,39.4));
#3711 = LINE('',#3712,#3713);
#3712 = CARTESIAN_POINT('',(68.100524814469,-25.91732012784,39.4));
#3713 = VECTOR('',#3714,1.);
#3714 = DIRECTION('',(-0.471633800734,-0.881794510079,0.));
#3715 = ORIENTED_EDGE('',*,*,#3716,.T.);
#3716 = EDGE_CURVE('',#3709,#3717,#3719,.T.);
#3717 = VERTEX_POINT('',#3718);
#3718 = CARTESIAN_POINT('',(54.4142,-51.3442,39.4));
#3719 = LINE('',#3720,#3721);
#3720 = CARTESIAN_POINT('',(70.739332501404,-31.44814989475,39.4));
#3721 = VECTOR('',#3722,1.);
#3722 = DIRECTION('',(-0.634320520167,-0.773070163501,0.));
#3723 = ORIENTED_EDGE('',*,*,#3724,.T.);
#3724 = EDGE_CURVE('',#3717,#771,#3725,.T.);
#3725 = LINE('',#3726,#3727);
#3726 = CARTESIAN_POINT('',(71.108756554889,-37.64596108478,39.4));
#3727 = VECTOR('',#3728,1.);
#3728 = DIRECTION('',(-0.773070163501,-0.634320520167,0.));
#3729 = FACE_BOUND('',#3730,.T.);
#3730 = EDGE_LOOP('',(#3731));
#3731 = ORIENTED_EDGE('',*,*,#3732,.T.);
#3732 = EDGE_CURVE('',#3733,#3733,#3735,.T.);
#3733 = VERTEX_POINT('',#3734);
#3734 = CARTESIAN_POINT('',(134.3,70.15,39.4));
#3735 = CIRCLE('',#3736,3.15);
#3736 = AXIS2_PLACEMENT_3D('',#3737,#3738,#3739);
#3737 = CARTESIAN_POINT('',(131.15,70.15,39.4));
#3738 = DIRECTION('',(0.,0.,-1.));
#3739 = DIRECTION('',(1.,0.,0.));
#3740 = PLANE('',#3741);
#3741 = AXIS2_PLACEMENT_3D('',#3742,#3743,#3744);
#3742 = CARTESIAN_POINT('',(59.75,10.86,39.4));
#3743 = DIRECTION('',(0.,0.,1.));
#3744 = DIRECTION('',(1.,0.,0.));
#3745 = ADVANCED_FACE('',(#3746),#3765,.F.);
#3746 = FACE_BOUND('',#3747,.T.);
#3747 = EDGE_LOOP('',(#3748,#3757,#3763,#3764));
#3748 = ORIENTED_EDGE('',*,*,#3749,.F.);
#3749 = EDGE_CURVE('',#3750,#3750,#3752,.T.);
#3750 = VERTEX_POINT('',#3751);
#3751 = CARTESIAN_POINT('',(66.3,-48.43,36.3));
#3752 = CIRCLE('',#3753,3.15);
#3753 = AXIS2_PLACEMENT_3D('',#3754,#3755,#3756);
#3754 = CARTESIAN_POINT('',(63.15,-48.43,36.3));
#3755 = DIRECTION('',(0.,0.,1.));
#3756 = DIRECTION('',(1.,0.,0.));
#3757 = ORIENTED_EDGE('',*,*,#3758,.T.);
#3758 = EDGE_CURVE('',#3750,#738,#3759,.T.);
#3759 = LINE('',#3760,#3761);
#3760 = CARTESIAN_POINT('',(66.3,-48.43,36.3));
#3761 = VECTOR('',#3762,1.);
#3762 = DIRECTION('',(0.,0.,1.));
#3763 = ORIENTED_EDGE('',*,*,#737,.F.);
#3764 = ORIENTED_EDGE('',*,*,#3758,.F.);
#3765 = CYLINDRICAL_SURFACE('',#3766,3.15);
#3766 = AXIS2_PLACEMENT_3D('',#3767,#3768,#3769);
#3767 = CARTESIAN_POINT('',(63.15,-48.43,36.3));
#3768 = DIRECTION('',(-0.,-0.,-1.));
#3769 = DIRECTION('',(1.,0.,0.));
#3770 = ADVANCED_FACE('',(#3771),#3790,.F.);
#3771 = FACE_BOUND('',#3772,.T.);
#3772 = EDGE_LOOP('',(#3773,#3782,#3788,#3789));
#3773 = ORIENTED_EDGE('',*,*,#3774,.F.);
#3774 = EDGE_CURVE('',#3775,#3775,#3777,.T.);
#3775 = VERTEX_POINT('',#3776);
#3776 = CARTESIAN_POINT('',(132.8,-46.93,36.3));
#3777 = CIRCLE('',#3778,3.15);
#3778 = AXIS2_PLACEMENT_3D('',#3779,#3780,#3781);
#3779 = CARTESIAN_POINT('',(129.65,-46.93,36.3));
#3780 = DIRECTION('',(0.,0.,1.));
#3781 = DIRECTION('',(1.,0.,0.));
#3782 = ORIENTED_EDGE('',*,*,#3783,.T.);
#3783 = EDGE_CURVE('',#3775,#749,#3784,.T.);
#3784 = LINE('',#3785,#3786);
#3785 = CARTESIAN_POINT('',(132.8,-46.93,36.3));
#3786 = VECTOR('',#3787,1.);
#3787 = DIRECTION('',(0.,0.,1.));
#3788 = ORIENTED_EDGE('',*,*,#748,.F.);
#3789 = ORIENTED_EDGE('',*,*,#3783,.F.);
#3790 = CYLINDRICAL_SURFACE('',#3791,3.15);
#3791 = AXIS2_PLACEMENT_3D('',#3792,#3793,#3794);
#3792 = CARTESIAN_POINT('',(129.65,-46.93,36.3));
#3793 = DIRECTION('',(-0.,-0.,-1.));
#3794 = DIRECTION('',(1.,0.,0.));
#3795 = ADVANCED_FACE('',(#3796),#3815,.F.);
#3796 = FACE_BOUND('',#3797,.T.);
#3797 = EDGE_LOOP('',(#3798,#3807,#3813,#3814));
#3798 = ORIENTED_EDGE('',*,*,#3799,.F.);
#3799 = EDGE_CURVE('',#3800,#3800,#3802,.T.);
#3800 = VERTEX_POINT('',#3801);
#3801 = CARTESIAN_POINT('',(22.2,70.15,36.3));
#3802 = CIRCLE('',#3803,3.15);
#3803 = AXIS2_PLACEMENT_3D('',#3804,#3805,#3806);
#3804 = CARTESIAN_POINT('',(19.05,70.15,36.3));
#3805 = DIRECTION('',(0.,0.,1.));
#3806 = DIRECTION('',(1.,0.,0.));
#3807 = ORIENTED_EDGE('',*,*,#3808,.T.);
#3808 = EDGE_CURVE('',#3800,#760,#3809,.T.);
#3809 = LINE('',#3810,#3811);
#3810 = CARTESIAN_POINT('',(22.2,70.15,36.3));
#3811 = VECTOR('',#3812,1.);
#3812 = DIRECTION('',(0.,0.,1.));
#3813 = ORIENTED_EDGE('',*,*,#759,.F.);
#3814 = ORIENTED_EDGE('',*,*,#3808,.F.);
#3815 = CYLINDRICAL_SURFACE('',#3816,3.15);
#3816 = AXIS2_PLACEMENT_3D('',#3817,#3818,#3819);
#3817 = CARTESIAN_POINT('',(19.05,70.15,36.3));
#3818 = DIRECTION('',(-0.,-0.,-1.));
#3819 = DIRECTION('',(1.,0.,0.));
#3820 = ADVANCED_FACE('',(#3821),#3846,.T.);
#3821 = FACE_BOUND('',#3822,.T.);
#3822 = EDGE_LOOP('',(#3823,#3833,#3839,#3840));
#3823 = ORIENTED_EDGE('',*,*,#3824,.F.);
#3824 = EDGE_CURVE('',#3825,#3827,#3829,.T.);
#3825 = VERTEX_POINT('',#3826);
#3826 = CARTESIAN_POINT('',(53.7654,-51.7777,2.5));
#3827 = VERTEX_POINT('',#3828);
#3828 = CARTESIAN_POINT('',(54.1111,-51.5929,2.5));
#3829 = LINE('',#3830,#3831);
#3830 = CARTESIAN_POINT('',(53.7654,-51.7777,2.5));
#3831 = VECTOR('',#3832,1.);
#3832 = DIRECTION('',(0.881900582193,0.471435428375,0.));
#3833 = ORIENTED_EDGE('',*,*,#3834,.T.);
#3834 = EDGE_CURVE('',#3825,#773,#3835,.T.);
#3835 = LINE('',#3836,#3837);
#3836 = CARTESIAN_POINT('',(53.7654,-51.7777,2.5));
#3837 = VECTOR('',#3838,1.);
#3838 = DIRECTION('',(0.,0.,1.));
#3839 = ORIENTED_EDGE('',*,*,#770,.F.);
#3840 = ORIENTED_EDGE('',*,*,#3841,.F.);
#3841 = EDGE_CURVE('',#3827,#771,#3842,.T.);
#3842 = LINE('',#3843,#3844);
#3843 = CARTESIAN_POINT('',(54.1111,-51.5929,2.5));
#3844 = VECTOR('',#3845,1.);
#3845 = DIRECTION('',(0.,0.,1.));
#3846 = PLANE('',#3847);
#3847 = AXIS2_PLACEMENT_3D('',#3848,#3849,#3850);
#3848 = CARTESIAN_POINT('',(53.7654,-51.7777,2.5));
#3849 = DIRECTION('',(-0.471435428375,0.881900582193,0.));
#3850 = DIRECTION('',(0.881900582193,0.471435428375,0.));
#3851 = ADVANCED_FACE('',(#3852),#3870,.T.);
#3852 = FACE_BOUND('',#3853,.T.);
#3853 = EDGE_LOOP('',(#3854,#3862,#3863,#3864));
#3854 = ORIENTED_EDGE('',*,*,#3855,.F.);
#3855 = EDGE_CURVE('',#3827,#3856,#3858,.T.);
#3856 = VERTEX_POINT('',#3857);
#3857 = CARTESIAN_POINT('',(54.4142,-51.3442,2.5));
#3858 = LINE('',#3859,#3860);
#3859 = CARTESIAN_POINT('',(54.1111,-51.5929,2.5));
#3860 = VECTOR('',#3861,1.);
#3861 = DIRECTION('',(0.773070163501,0.634320520167,0.));
#3862 = ORIENTED_EDGE('',*,*,#3841,.T.);
#3863 = ORIENTED_EDGE('',*,*,#3724,.F.);
#3864 = ORIENTED_EDGE('',*,*,#3865,.F.);
#3865 = EDGE_CURVE('',#3856,#3717,#3866,.T.);
#3866 = LINE('',#3867,#3868);
#3867 = CARTESIAN_POINT('',(54.4142,-51.3442,2.5));
#3868 = VECTOR('',#3869,1.);
#3869 = DIRECTION('',(0.,0.,1.));
#3870 = PLANE('',#3871);
#3871 = AXIS2_PLACEMENT_3D('',#3872,#3873,#3874);
#3872 = CARTESIAN_POINT('',(54.1111,-51.5929,2.5));
#3873 = DIRECTION('',(-0.634320520167,0.773070163501,0.));
#3874 = DIRECTION('',(0.773070163501,0.634320520167,0.));
#3875 = ADVANCED_FACE('',(#3876),#3894,.T.);
#3876 = FACE_BOUND('',#3877,.T.);
#3877 = EDGE_LOOP('',(#3878,#3886,#3887,#3888));
#3878 = ORIENTED_EDGE('',*,*,#3879,.F.);
#3879 = EDGE_CURVE('',#3856,#3880,#3882,.T.);
#3880 = VERTEX_POINT('',#3881);
#3881 = CARTESIAN_POINT('',(54.6629,-51.0411,2.5));
#3882 = LINE('',#3883,#3884);
#3883 = CARTESIAN_POINT('',(54.4142,-51.3442,2.5));
#3884 = VECTOR('',#3885,1.);
#3885 = DIRECTION('',(0.634320520167,0.773070163501,0.));
#3886 = ORIENTED_EDGE('',*,*,#3865,.T.);
#3887 = ORIENTED_EDGE('',*,*,#3716,.F.);
#3888 = ORIENTED_EDGE('',*,*,#3889,.F.);
#3889 = EDGE_CURVE('',#3880,#3709,#3890,.T.);
#3890 = LINE('',#3891,#3892);
#3891 = CARTESIAN_POINT('',(54.6629,-51.0411,2.5));
#3892 = VECTOR('',#3893,1.);
#3893 = DIRECTION('',(0.,0.,1.));
#3894 = PLANE('',#3895);
#3895 = AXIS2_PLACEMENT_3D('',#3896,#3897,#3898);
#3896 = CARTESIAN_POINT('',(54.4142,-51.3442,2.5));
#3897 = DIRECTION('',(-0.773070163501,0.634320520167,0.));
#3898 = DIRECTION('',(0.634320520167,0.773070163501,0.));
#3899 = ADVANCED_FACE('',(#3900),#3918,.T.);
#3900 = FACE_BOUND('',#3901,.T.);
#3901 = EDGE_LOOP('',(#3902,#3910,#3911,#3912));
#3902 = ORIENTED_EDGE('',*,*,#3903,.F.);
#3903 = EDGE_CURVE('',#3880,#3904,#3906,.T.);
#3904 = VERTEX_POINT('',#3905);
#3905 = CARTESIAN_POINT('',(54.8478,-50.6954,2.5));
#3906 = LINE('',#3907,#3908);
#3907 = CARTESIAN_POINT('',(54.6629,-51.0411,2.5));
#3908 = VECTOR('',#3909,1.);
#3909 = DIRECTION('',(0.471633800734,0.881794510079,0.));
#3910 = ORIENTED_EDGE('',*,*,#3889,.T.);
#3911 = ORIENTED_EDGE('',*,*,#3708,.F.);
#3912 = ORIENTED_EDGE('',*,*,#3913,.F.);
#3913 = EDGE_CURVE('',#3904,#3701,#3914,.T.);
#3914 = LINE('',#3915,#3916);
#3915 = CARTESIAN_POINT('',(54.8478,-50.6954,2.5));
#3916 = VECTOR('',#3917,1.);
#3917 = DIRECTION('',(0.,0.,1.));
#3918 = PLANE('',#3919);
#3919 = AXIS2_PLACEMENT_3D('',#3920,#3921,#3922);
#3920 = CARTESIAN_POINT('',(54.6629,-51.0411,2.5));
#3921 = DIRECTION('',(-0.881794510079,0.471633800734,0.));
#3922 = DIRECTION('',(0.471633800734,0.881794510079,0.));
#3923 = ADVANCED_FACE('',(#3924),#3942,.T.);
#3924 = FACE_BOUND('',#3925,.T.);
#3925 = EDGE_LOOP('',(#3926,#3934,#3935,#3936));
#3926 = ORIENTED_EDGE('',*,*,#3927,.F.);
#3927 = EDGE_CURVE('',#3904,#3928,#3930,.T.);
#3928 = VERTEX_POINT('',#3929);
#3929 = CARTESIAN_POINT('',(54.9616,-50.3202,2.5));
#3930 = LINE('',#3931,#3932);
#3931 = CARTESIAN_POINT('',(54.8478,-50.6954,2.5));
#3932 = VECTOR('',#3933,1.);
#3933 = DIRECTION('',(0.290248065043,0.95695144116,0.));
#3934 = ORIENTED_EDGE('',*,*,#3913,.T.);
#3935 = ORIENTED_EDGE('',*,*,#3700,.F.);
#3936 = ORIENTED_EDGE('',*,*,#3937,.F.);
#3937 = EDGE_CURVE('',#3928,#3693,#3938,.T.);
#3938 = LINE('',#3939,#3940);
#3939 = CARTESIAN_POINT('',(54.9616,-50.3202,2.5));
#3940 = VECTOR('',#3941,1.);
#3941 = DIRECTION('',(0.,0.,1.));
#3942 = PLANE('',#3943);
#3943 = AXIS2_PLACEMENT_3D('',#3944,#3945,#3946);
#3944 = CARTESIAN_POINT('',(54.8478,-50.6954,2.5));
#3945 = DIRECTION('',(-0.95695144116,0.290248065043,0.));
#3946 = DIRECTION('',(0.290248065043,0.95695144116,0.));
#3947 = ADVANCED_FACE('',(#3948),#3966,.T.);
#3948 = FACE_BOUND('',#3949,.T.);
#3949 = EDGE_LOOP('',(#3950,#3958,#3959,#3960));
#3950 = ORIENTED_EDGE('',*,*,#3951,.F.);
#3951 = EDGE_CURVE('',#3928,#3952,#3954,.T.);
#3952 = VERTEX_POINT('',#3953);
#3953 = CARTESIAN_POINT('',(55.,-49.93,2.5));
#3954 = LINE('',#3955,#3956);
#3955 = CARTESIAN_POINT('',(54.9616,-50.3202,2.5));
#3956 = VECTOR('',#3957,1.);
#3957 = DIRECTION('',(9.793796217175E-02,0.99519252186,0.));
#3958 = ORIENTED_EDGE('',*,*,#3937,.T.);
#3959 = ORIENTED_EDGE('',*,*,#3692,.F.);
#3960 = ORIENTED_EDGE('',*,*,#3961,.F.);
#3961 = EDGE_CURVE('',#3952,#3685,#3962,.T.);
#3962 = LINE('',#3963,#3964);
#3963 = CARTESIAN_POINT('',(55.,-49.93,2.5));
#3964 = VECTOR('',#3965,1.);
#3965 = DIRECTION('',(0.,0.,1.));
#3966 = PLANE('',#3967);
#3967 = AXIS2_PLACEMENT_3D('',#3968,#3969,#3970);
#3968 = CARTESIAN_POINT('',(54.9616,-50.3202,2.5));
#3969 = DIRECTION('',(-0.99519252186,9.793796217175E-02,0.));
#3970 = DIRECTION('',(9.793796217175E-02,0.99519252186,0.));
#3971 = ADVANCED_FACE('',(#3972),#3990,.T.);
#3972 = FACE_BOUND('',#3973,.T.);
#3973 = EDGE_LOOP('',(#3974,#3982,#3983,#3984));
#3974 = ORIENTED_EDGE('',*,*,#3975,.F.);
#3975 = EDGE_CURVE('',#3952,#3976,#3978,.T.);
#3976 = VERTEX_POINT('',#3977);
#3977 = CARTESIAN_POINT('',(55.,-32.2075,2.5));
#3978 = LINE('',#3979,#3980);
#3979 = CARTESIAN_POINT('',(55.,-49.93,2.5));
#3980 = VECTOR('',#3981,1.);
#3981 = DIRECTION('',(0.,1.,0.));
#3982 = ORIENTED_EDGE('',*,*,#3961,.T.);
#3983 = ORIENTED_EDGE('',*,*,#3684,.F.);
#3984 = ORIENTED_EDGE('',*,*,#3985,.F.);
#3985 = EDGE_CURVE('',#3976,#3677,#3986,.T.);
#3986 = LINE('',#3987,#3988);
#3987 = CARTESIAN_POINT('',(55.,-32.2075,2.5));
#3988 = VECTOR('',#3989,1.);
#3989 = DIRECTION('',(0.,0.,1.));
#3990 = PLANE('',#3991);
#3991 = AXIS2_PLACEMENT_3D('',#3992,#3993,#3994);
#3992 = CARTESIAN_POINT('',(55.,-49.93,2.5));
#3993 = DIRECTION('',(-1.,0.,0.));
#3994 = DIRECTION('',(0.,1.,0.));
#3995 = ADVANCED_FACE('',(#3996),#4014,.T.);
#3996 = FACE_BOUND('',#3997,.T.);
#3997 = EDGE_LOOP('',(#3998,#4006,#4007,#4008));
#3998 = ORIENTED_EDGE('',*,*,#3999,.F.);
#3999 = EDGE_CURVE('',#3976,#4000,#4002,.T.);
#4000 = VERTEX_POINT('',#4001);
#4001 = CARTESIAN_POINT('',(55.0479,-31.721,2.5));
#4002 = LINE('',#4003,#4004);
#4003 = CARTESIAN_POINT('',(55.,-32.2075,2.5));
#4004 = VECTOR('',#4005,1.);
#4005 = DIRECTION('',(9.798458778261E-02,0.995187932281,0.));
#4006 = ORIENTED_EDGE('',*,*,#3985,.T.);
#4007 = ORIENTED_EDGE('',*,*,#3676,.F.);
#4008 = ORIENTED_EDGE('',*,*,#4009,.F.);
#4009 = EDGE_CURVE('',#4000,#3669,#4010,.T.);
#4010 = LINE('',#4011,#4012);
#4011 = CARTESIAN_POINT('',(55.0479,-31.721,2.5));
#4012 = VECTOR('',#4013,1.);
#4013 = DIRECTION('',(0.,0.,1.));
#4014 = PLANE('',#4015);
#4015 = AXIS2_PLACEMENT_3D('',#4016,#4017,#4018);
#4016 = CARTESIAN_POINT('',(55.,-32.2075,2.5));
#4017 = DIRECTION('',(-0.995187932281,9.798458778261E-02,0.));
#4018 = DIRECTION('',(9.798458778261E-02,0.995187932281,0.));
#4019 = ADVANCED_FACE('',(#4020),#4038,.T.);
#4020 = FACE_BOUND('',#4021,.T.);
#4021 = EDGE_LOOP('',(#4022,#4030,#4031,#4032));
#4022 = ORIENTED_EDGE('',*,*,#4023,.F.);
#4023 = EDGE_CURVE('',#4000,#4024,#4026,.T.);
#4024 = VERTEX_POINT('',#4025);
#4025 = CARTESIAN_POINT('',(55.1612,-31.3476,2.5));
#4026 = LINE('',#4027,#4028);
#4027 = CARTESIAN_POINT('',(55.0479,-31.721,2.5));
#4028 = VECTOR('',#4029,1.);
#4029 = DIRECTION('',(0.290355897016,0.95691872856,0.));
#4030 = ORIENTED_EDGE('',*,*,#4009,.T.);
#4031 = ORIENTED_EDGE('',*,*,#3668,.F.);
#4032 = ORIENTED_EDGE('',*,*,#4033,.F.);
#4033 = EDGE_CURVE('',#4024,#3661,#4034,.T.);
#4034 = LINE('',#4035,#4036);
#4035 = CARTESIAN_POINT('',(55.1612,-31.3476,2.5));
#4036 = VECTOR('',#4037,1.);
#4037 = DIRECTION('',(0.,0.,1.));
#4038 = PLANE('',#4039);
#4039 = AXIS2_PLACEMENT_3D('',#4040,#4041,#4042);
#4040 = CARTESIAN_POINT('',(55.0479,-31.721,2.5));
#4041 = DIRECTION('',(-0.95691872856,0.290355897016,0.));
#4042 = DIRECTION('',(0.290355897016,0.95691872856,0.));
#4043 = ADVANCED_FACE('',(#4044),#4062,.T.);
#4044 = FACE_BOUND('',#4045,.T.);
#4045 = EDGE_LOOP('',(#4046,#4054,#4055,#4056));
#4046 = ORIENTED_EDGE('',*,*,#4047,.F.);
#4047 = EDGE_CURVE('',#4024,#4048,#4050,.T.);
#4048 = VERTEX_POINT('',#4049);
#4049 = CARTESIAN_POINT('',(55.3451,-31.0035,2.5));
#4050 = LINE('',#4051,#4052);
#4051 = CARTESIAN_POINT('',(55.1612,-31.3476,2.5));
#4052 = VECTOR('',#4053,1.);
#4053 = DIRECTION('',(0.471346336419,0.881948202076,0.));
#4054 = ORIENTED_EDGE('',*,*,#4033,.T.);
#4055 = ORIENTED_EDGE('',*,*,#3660,.F.);
#4056 = ORIENTED_EDGE('',*,*,#4057,.F.);
#4057 = EDGE_CURVE('',#4048,#3653,#4058,.T.);
#4058 = LINE('',#4059,#4060);
#4059 = CARTESIAN_POINT('',(55.3451,-31.0035,2.5));
#4060 = VECTOR('',#4061,1.);
#4061 = DIRECTION('',(0.,0.,1.));
#4062 = PLANE('',#4063);
#4063 = AXIS2_PLACEMENT_3D('',#4064,#4065,#4066);
#4064 = CARTESIAN_POINT('',(55.1612,-31.3476,2.5));
#4065 = DIRECTION('',(-0.881948202076,0.471346336419,0.));
#4066 = DIRECTION('',(0.471346336419,0.881948202076,0.));
#4067 = ADVANCED_FACE('',(#4068),#4086,.T.);
#4068 = FACE_BOUND('',#4069,.T.);
#4069 = EDGE_LOOP('',(#4070,#4078,#4079,#4080));
#4070 = ORIENTED_EDGE('',*,*,#4071,.F.);
#4071 = EDGE_CURVE('',#4048,#4072,#4074,.T.);
#4072 = VERTEX_POINT('',#4073);
#4073 = CARTESIAN_POINT('',(55.5926,-30.7019,2.5));
#4074 = LINE('',#4075,#4076);
#4075 = CARTESIAN_POINT('',(55.3451,-31.0035,2.5));
#4076 = VECTOR('',#4077,1.);
#4077 = DIRECTION('',(0.634367670906,0.77303147291,0.));
#4078 = ORIENTED_EDGE('',*,*,#4057,.T.);
#4079 = ORIENTED_EDGE('',*,*,#3652,.F.);
#4080 = ORIENTED_EDGE('',*,*,#4081,.F.);
#4081 = EDGE_CURVE('',#4072,#3645,#4082,.T.);
#4082 = LINE('',#4083,#4084);
#4083 = CARTESIAN_POINT('',(55.5926,-30.7019,2.5));
#4084 = VECTOR('',#4085,1.);
#4085 = DIRECTION('',(0.,0.,1.));
#4086 = PLANE('',#4087);
#4087 = AXIS2_PLACEMENT_3D('',#4088,#4089,#4090);
#4088 = CARTESIAN_POINT('',(55.3451,-31.0035,2.5));
#4089 = DIRECTION('',(-0.77303147291,0.634367670906,0.));
#4090 = DIRECTION('',(0.634367670906,0.77303147291,0.));
#4091 = ADVANCED_FACE('',(#4092),#4110,.T.);
#4092 = FACE_BOUND('',#4093,.T.);
#4093 = EDGE_LOOP('',(#4094,#4102,#4103,#4104));
#4094 = ORIENTED_EDGE('',*,*,#4095,.F.);
#4095 = EDGE_CURVE('',#4072,#4096,#4098,.T.);
#4096 = VERTEX_POINT('',#4097);
#4097 = CARTESIAN_POINT('',(55.8942,-30.4544,2.5));
#4098 = LINE('',#4099,#4100);
#4099 = CARTESIAN_POINT('',(55.5926,-30.7019,2.5));
#4100 = VECTOR('',#4101,1.);
#4101 = DIRECTION('',(0.77303147291,0.634367670906,0.));
#4102 = ORIENTED_EDGE('',*,*,#4081,.T.);
#4103 = ORIENTED_EDGE('',*,*,#3644,.F.);
#4104 = ORIENTED_EDGE('',*,*,#4105,.F.);
#4105 = EDGE_CURVE('',#4096,#3637,#4106,.T.);
#4106 = LINE('',#4107,#4108);
#4107 = CARTESIAN_POINT('',(55.8942,-30.4544,2.5));
#4108 = VECTOR('',#4109,1.);
#4109 = DIRECTION('',(0.,0.,1.));
#4110 = PLANE('',#4111);
#4111 = AXIS2_PLACEMENT_3D('',#4112,#4113,#4114);
#4112 = CARTESIAN_POINT('',(55.5926,-30.7019,2.5));
#4113 = DIRECTION('',(-0.634367670906,0.77303147291,0.));
#4114 = DIRECTION('',(0.77303147291,0.634367670906,0.));
#4115 = ADVANCED_FACE('',(#4116),#4134,.T.);
#4116 = FACE_BOUND('',#4117,.T.);
#4117 = EDGE_LOOP('',(#4118,#4126,#4127,#4128));
#4118 = ORIENTED_EDGE('',*,*,#4119,.F.);
#4119 = EDGE_CURVE('',#4096,#4120,#4122,.T.);
#4120 = VERTEX_POINT('',#4121);
#4121 = CARTESIAN_POINT('',(56.2383,-30.2704,2.5));
#4122 = LINE('',#4123,#4124);
#4123 = CARTESIAN_POINT('',(55.8942,-30.4544,2.5));
#4124 = VECTOR('',#4125,1.);
#4125 = DIRECTION('',(0.881841645324,0.471545663295,0.));
#4126 = ORIENTED_EDGE('',*,*,#4105,.T.);
#4127 = ORIENTED_EDGE('',*,*,#3636,.F.);
#4128 = ORIENTED_EDGE('',*,*,#4129,.F.);
#4129 = EDGE_CURVE('',#4120,#3629,#4130,.T.);
#4130 = LINE('',#4131,#4132);
#4131 = CARTESIAN_POINT('',(56.2383,-30.2704,2.5));
#4132 = VECTOR('',#4133,1.);
#4133 = DIRECTION('',(0.,0.,1.));
#4134 = PLANE('',#4135);
#4135 = AXIS2_PLACEMENT_3D('',#4136,#4137,#4138);
#4136 = CARTESIAN_POINT('',(55.8942,-30.4544,2.5));
#4137 = DIRECTION('',(-0.471545663295,0.881841645324,0.));
#4138 = DIRECTION('',(0.881841645324,0.471545663295,0.));
#4139 = ADVANCED_FACE('',(#4140),#4158,.T.);
#4140 = FACE_BOUND('',#4141,.T.);
#4141 = EDGE_LOOP('',(#4142,#4150,#4151,#4152));
#4142 = ORIENTED_EDGE('',*,*,#4143,.F.);
#4143 = EDGE_CURVE('',#4120,#4144,#4146,.T.);
#4144 = VERTEX_POINT('',#4145);
#4145 = CARTESIAN_POINT('',(56.6117,-30.1572,2.5));
#4146 = LINE('',#4147,#4148);
#4147 = CARTESIAN_POINT('',(56.2383,-30.2704,2.5));
#4148 = VECTOR('',#4149,1.);
#4149 = DIRECTION('',(0.956989909415,0.290121204461,0.));
#4150 = ORIENTED_EDGE('',*,*,#4129,.T.);
#4151 = ORIENTED_EDGE('',*,*,#3628,.F.);
#4152 = ORIENTED_EDGE('',*,*,#4153,.F.);
#4153 = EDGE_CURVE('',#4144,#3621,#4154,.T.);
#4154 = LINE('',#4155,#4156);
#4155 = CARTESIAN_POINT('',(56.6117,-30.1572,2.5));
#4156 = VECTOR('',#4157,1.);
#4157 = DIRECTION('',(0.,0.,1.));
#4158 = PLANE('',#4159);
#4159 = AXIS2_PLACEMENT_3D('',#4160,#4161,#4162);
#4160 = CARTESIAN_POINT('',(56.2383,-30.2704,2.5));
#4161 = DIRECTION('',(-0.290121204461,0.956989909415,0.));
#4162 = DIRECTION('',(0.956989909415,0.290121204461,0.));
#4163 = ADVANCED_FACE('',(#4164),#4182,.T.);
#4164 = FACE_BOUND('',#4165,.T.);
#4165 = EDGE_LOOP('',(#4166,#4174,#4175,#4176));
#4166 = ORIENTED_EDGE('',*,*,#4167,.F.);
#4167 = EDGE_CURVE('',#4144,#4168,#4170,.T.);
#4168 = VERTEX_POINT('',#4169);
#4169 = CARTESIAN_POINT('',(57.,-30.1189,2.5));
#4170 = LINE('',#4171,#4172);
#4171 = CARTESIAN_POINT('',(56.6117,-30.1572,2.5));
#4172 = VECTOR('',#4173,1.);
#4173 = DIRECTION('',(0.995170769709,9.815874447553E-02,0.));
#4174 = ORIENTED_EDGE('',*,*,#4153,.T.);
#4175 = ORIENTED_EDGE('',*,*,#3620,.F.);
#4176 = ORIENTED_EDGE('',*,*,#4177,.F.);
#4177 = EDGE_CURVE('',#4168,#3613,#4178,.T.);
#4178 = LINE('',#4179,#4180);
#4179 = CARTESIAN_POINT('',(57.,-30.1189,2.5));
#4180 = VECTOR('',#4181,1.);
#4181 = DIRECTION('',(0.,0.,1.));
#4182 = PLANE('',#4183);
#4183 = AXIS2_PLACEMENT_3D('',#4184,#4185,#4186);
#4184 = CARTESIAN_POINT('',(56.6117,-30.1572,2.5));
#4185 = DIRECTION('',(-9.815874447553E-02,0.995170769709,0.));
#4186 = DIRECTION('',(0.995170769709,9.815874447553E-02,0.));
#4187 = ADVANCED_FACE('',(#4188),#4206,.T.);
#4188 = FACE_BOUND('',#4189,.T.);
#4189 = EDGE_LOOP('',(#4190,#4198,#4199,#4200));
#4190 = ORIENTED_EDGE('',*,*,#4191,.F.);
#4191 = EDGE_CURVE('',#4168,#4192,#4194,.T.);
#4192 = VERTEX_POINT('',#4193);
#4193 = CARTESIAN_POINT('',(57.3883,-30.1572,2.5));
#4194 = LINE('',#4195,#4196);
#4195 = CARTESIAN_POINT('',(57.,-30.1189,2.5));
#4196 = VECTOR('',#4197,1.);
#4197 = DIRECTION('',(0.995170769709,-9.815874447553E-02,0.));
#4198 = ORIENTED_EDGE('',*,*,#4177,.T.);
#4199 = ORIENTED_EDGE('',*,*,#3612,.F.);
#4200 = ORIENTED_EDGE('',*,*,#4201,.F.);
#4201 = EDGE_CURVE('',#4192,#3605,#4202,.T.);
#4202 = LINE('',#4203,#4204);
#4203 = CARTESIAN_POINT('',(57.3883,-30.1572,2.5));
#4204 = VECTOR('',#4205,1.);
#4205 = DIRECTION('',(0.,0.,1.));
#4206 = PLANE('',#4207);
#4207 = AXIS2_PLACEMENT_3D('',#4208,#4209,#4210);
#4208 = CARTESIAN_POINT('',(57.,-30.1189,2.5));
#4209 = DIRECTION('',(9.815874447553E-02,0.995170769709,0.));
#4210 = DIRECTION('',(0.995170769709,-9.815874447553E-02,0.));
#4211 = ADVANCED_FACE('',(#4212),#4230,.T.);
#4212 = FACE_BOUND('',#4213,.T.);
#4213 = EDGE_LOOP('',(#4214,#4222,#4223,#4224));
#4214 = ORIENTED_EDGE('',*,*,#4215,.F.);
#4215 = EDGE_CURVE('',#4192,#4216,#4218,.T.);
#4216 = VERTEX_POINT('',#4217);
#4217 = CARTESIAN_POINT('',(57.7669,-30.272,2.5));
#4218 = LINE('',#4219,#4220);
#4219 = CARTESIAN_POINT('',(57.3883,-30.1572,2.5));
#4220 = VECTOR('',#4221,1.);
#4221 = DIRECTION('',(0.956973368662,-0.290175759964,0.));
#4222 = ORIENTED_EDGE('',*,*,#4201,.T.);
#4223 = ORIENTED_EDGE('',*,*,#3604,.F.);
#4224 = ORIENTED_EDGE('',*,*,#4225,.F.);
#4225 = EDGE_CURVE('',#4216,#3597,#4226,.T.);
#4226 = LINE('',#4227,#4228);
#4227 = CARTESIAN_POINT('',(57.7669,-30.272,2.5));
#4228 = VECTOR('',#4229,1.);
#4229 = DIRECTION('',(0.,0.,1.));
#4230 = PLANE('',#4231);
#4231 = AXIS2_PLACEMENT_3D('',#4232,#4233,#4234);
#4232 = CARTESIAN_POINT('',(57.3883,-30.1572,2.5));
#4233 = DIRECTION('',(0.290175759964,0.956973368662,0.));
#4234 = DIRECTION('',(0.956973368662,-0.290175759964,0.));
#4235 = ADVANCED_FACE('',(#4236),#4254,.T.);
#4236 = FACE_BOUND('',#4237,.T.);
#4237 = EDGE_LOOP('',(#4238,#4246,#4247,#4248));
#4238 = ORIENTED_EDGE('',*,*,#4239,.F.);
#4239 = EDGE_CURVE('',#4216,#4240,#4242,.T.);
#4240 = VERTEX_POINT('',#4241);
#4241 = CARTESIAN_POINT('',(58.1784,-30.4891,2.5));
#4242 = LINE('',#4243,#4244);
#4243 = CARTESIAN_POINT('',(57.7669,-30.272,2.5));
#4244 = VECTOR('',#4245,1.);
#4245 = DIRECTION('',(0.884456214422,-0.466623193563,0.));
#4246 = ORIENTED_EDGE('',*,*,#4225,.T.);
#4247 = ORIENTED_EDGE('',*,*,#3596,.F.);
#4248 = ORIENTED_EDGE('',*,*,#4249,.F.);
#4249 = EDGE_CURVE('',#4240,#3589,#4250,.T.);
#4250 = LINE('',#4251,#4252);
#4251 = CARTESIAN_POINT('',(58.1784,-30.4891,2.5));
#4252 = VECTOR('',#4253,1.);
#4253 = DIRECTION('',(0.,0.,1.));
#4254 = PLANE('',#4255);
#4255 = AXIS2_PLACEMENT_3D('',#4256,#4257,#4258);
#4256 = CARTESIAN_POINT('',(57.7669,-30.272,2.5));
#4257 = DIRECTION('',(0.466623193563,0.884456214422,0.));
#4258 = DIRECTION('',(0.884456214422,-0.466623193563,0.));
#4259 = ADVANCED_FACE('',(#4260),#4278,.T.);
#4260 = FACE_BOUND('',#4261,.T.);
#4261 = EDGE_LOOP('',(#4262,#4270,#4271,#4272));
#4262 = ORIENTED_EDGE('',*,*,#4263,.F.);
#4263 = EDGE_CURVE('',#4240,#4264,#4266,.T.);
#4264 = VERTEX_POINT('',#4265);
#4265 = CARTESIAN_POINT('',(58.3335,-30.5798,2.5));
#4266 = LINE('',#4267,#4268);
#4267 = CARTESIAN_POINT('',(58.1784,-30.4891,2.5));
#4268 = VECTOR('',#4269,1.);
#4269 = DIRECTION('',(0.863233364931,-0.504805068983,0.));
#4270 = ORIENTED_EDGE('',*,*,#4249,.T.);
#4271 = ORIENTED_EDGE('',*,*,#3588,.F.);
#4272 = ORIENTED_EDGE('',*,*,#4273,.F.);
#4273 = EDGE_CURVE('',#4264,#3581,#4274,.T.);
#4274 = LINE('',#4275,#4276);
#4275 = CARTESIAN_POINT('',(58.3335,-30.5798,2.5));
#4276 = VECTOR('',#4277,1.);
#4277 = DIRECTION('',(0.,0.,1.));
#4278 = PLANE('',#4279);
#4279 = AXIS2_PLACEMENT_3D('',#4280,#4281,#4282);
#4280 = CARTESIAN_POINT('',(58.1784,-30.4891,2.5));
#4281 = DIRECTION('',(0.504805068983,0.863233364931,0.));
#4282 = DIRECTION('',(0.863233364931,-0.504805068983,0.));
#4283 = ADVANCED_FACE('',(#4284),#4302,.T.);
#4284 = FACE_BOUND('',#4285,.T.);
#4285 = EDGE_LOOP('',(#4286,#4294,#4295,#4296));
#4286 = ORIENTED_EDGE('',*,*,#4287,.F.);
#4287 = EDGE_CURVE('',#4264,#4288,#4290,.T.);
#4288 = VERTEX_POINT('',#4289);
#4289 = CARTESIAN_POINT('',(58.6419,-30.7403,2.5));
#4290 = LINE('',#4291,#4292);
#4291 = CARTESIAN_POINT('',(58.3335,-30.5798,2.5));
#4292 = VECTOR('',#4293,1.);
#4293 = DIRECTION('',(0.887061341931,-0.461651573865,0.));
#4294 = ORIENTED_EDGE('',*,*,#4273,.T.);
#4295 = ORIENTED_EDGE('',*,*,#3580,.F.);
#4296 = ORIENTED_EDGE('',*,*,#4297,.F.);
#4297 = EDGE_CURVE('',#4288,#3573,#4298,.T.);
#4298 = LINE('',#4299,#4300);
#4299 = CARTESIAN_POINT('',(58.6419,-30.7403,2.5));
#4300 = VECTOR('',#4301,1.);
#4301 = DIRECTION('',(0.,0.,1.));
#4302 = PLANE('',#4303);
#4303 = AXIS2_PLACEMENT_3D('',#4304,#4305,#4306);
#4304 = CARTESIAN_POINT('',(58.3335,-30.5798,2.5));
#4305 = DIRECTION('',(0.461651573865,0.887061341931,0.));
#4306 = DIRECTION('',(0.887061341931,-0.461651573865,0.));
#4307 = ADVANCED_FACE('',(#4308),#4326,.T.);
#4308 = FACE_BOUND('',#4309,.T.);
#4309 = EDGE_LOOP('',(#4310,#4318,#4319,#4320));
#4310 = ORIENTED_EDGE('',*,*,#4311,.F.);
#4311 = EDGE_CURVE('',#4288,#4312,#4314,.T.);
#4312 = VERTEX_POINT('',#4313);
#4313 = CARTESIAN_POINT('',(58.8203,-30.8223,2.5));
#4314 = LINE('',#4315,#4316);
#4315 = CARTESIAN_POINT('',(58.6419,-30.7403,2.5));
#4316 = VECTOR('',#4317,1.);
#4317 = DIRECTION('',(0.90861416797,-0.417636557026,0.));
#4318 = ORIENTED_EDGE('',*,*,#4297,.T.);
#4319 = ORIENTED_EDGE('',*,*,#3572,.F.);
#4320 = ORIENTED_EDGE('',*,*,#4321,.F.);
#4321 = EDGE_CURVE('',#4312,#3565,#4322,.T.);
#4322 = LINE('',#4323,#4324);
#4323 = CARTESIAN_POINT('',(58.8203,-30.8223,2.5));
#4324 = VECTOR('',#4325,1.);
#4325 = DIRECTION('',(0.,0.,1.));
#4326 = PLANE('',#4327);
#4327 = AXIS2_PLACEMENT_3D('',#4328,#4329,#4330);
#4328 = CARTESIAN_POINT('',(58.6419,-30.7403,2.5));
#4329 = DIRECTION('',(0.417636557026,0.90861416797,0.));
#4330 = DIRECTION('',(0.90861416797,-0.417636557026,0.));
#4331 = ADVANCED_FACE('',(#4332),#4350,.T.);
#4332 = FACE_BOUND('',#4333,.T.);
#4333 = EDGE_LOOP('',(#4334,#4342,#4343,#4344));
#4334 = ORIENTED_EDGE('',*,*,#4335,.F.);
#4335 = EDGE_CURVE('',#4312,#4336,#4338,.T.);
#4336 = VERTEX_POINT('',#4337);
#4337 = CARTESIAN_POINT('',(59.4466,-31.0738,2.5));
#4338 = LINE('',#4339,#4340);
#4339 = CARTESIAN_POINT('',(58.8203,-30.8223,2.5));
#4340 = VECTOR('',#4341,1.);
#4341 = DIRECTION('',(0.927975141985,-0.372642101564,0.));
#4342 = ORIENTED_EDGE('',*,*,#4321,.T.);
#4343 = ORIENTED_EDGE('',*,*,#3564,.F.);
#4344 = ORIENTED_EDGE('',*,*,#4345,.F.);
#4345 = EDGE_CURVE('',#4336,#3557,#4346,.T.);
#4346 = LINE('',#4347,#4348);
#4347 = CARTESIAN_POINT('',(59.4466,-31.0738,2.5));
#4348 = VECTOR('',#4349,1.);
#4349 = DIRECTION('',(0.,0.,1.));
#4350 = PLANE('',#4351);
#4351 = AXIS2_PLACEMENT_3D('',#4352,#4353,#4354);
#4352 = CARTESIAN_POINT('',(58.8203,-30.8223,2.5));
#4353 = DIRECTION('',(0.372642101564,0.927975141985,0.));
#4354 = DIRECTION('',(0.927975141985,-0.372642101564,0.));
#4355 = ADVANCED_FACE('',(#4356),#4374,.T.);
#4356 = FACE_BOUND('',#4357,.T.);
#4357 = EDGE_LOOP('',(#4358,#4366,#4367,#4368));
#4358 = ORIENTED_EDGE('',*,*,#4359,.F.);
#4359 = EDGE_CURVE('',#4336,#4360,#4362,.T.);
#4360 = VERTEX_POINT('',#4361);
#4361 = CARTESIAN_POINT('',(59.5904,-31.1252,2.5));
#4362 = LINE('',#4363,#4364);
#4363 = CARTESIAN_POINT('',(59.4466,-31.0738,2.5));
#4364 = VECTOR('',#4365,1.);
#4365 = DIRECTION('',(0.941652987051,-0.33658528188,0.));
#4366 = ORIENTED_EDGE('',*,*,#4345,.T.);
#4367 = ORIENTED_EDGE('',*,*,#3556,.F.);
#4368 = ORIENTED_EDGE('',*,*,#4369,.F.);
#4369 = EDGE_CURVE('',#4360,#3549,#4370,.T.);
#4370 = LINE('',#4371,#4372);
#4371 = CARTESIAN_POINT('',(59.5904,-31.1252,2.5));
#4372 = VECTOR('',#4373,1.);
#4373 = DIRECTION('',(0.,0.,1.));
#4374 = PLANE('',#4375);
#4375 = AXIS2_PLACEMENT_3D('',#4376,#4377,#4378);
#4376 = CARTESIAN_POINT('',(59.4466,-31.0738,2.5));
#4377 = DIRECTION('',(0.33658528188,0.941652987051,0.));
#4378 = DIRECTION('',(0.941652987051,-0.33658528188,0.));
#4379 = ADVANCED_FACE('',(#4380),#4398,.T.);
#4380 = FACE_BOUND('',#4381,.T.);
#4381 = EDGE_LOOP('',(#4382,#4390,#4391,#4392));
#4382 = ORIENTED_EDGE('',*,*,#4383,.F.);
#4383 = EDGE_CURVE('',#4360,#4384,#4386,.T.);
#4384 = VERTEX_POINT('',#4385);
#4385 = CARTESIAN_POINT('',(59.8485,-31.2066,2.5));
#4386 = LINE('',#4387,#4388);
#4387 = CARTESIAN_POINT('',(59.5904,-31.1252,2.5));
#4388 = VECTOR('',#4389,1.);
#4389 = DIRECTION('',(0.953694288933,-0.300777664158,0.));
#4390 = ORIENTED_EDGE('',*,*,#4369,.T.);
#4391 = ORIENTED_EDGE('',*,*,#3548,.F.);
#4392 = ORIENTED_EDGE('',*,*,#4393,.F.);
#4393 = EDGE_CURVE('',#4384,#3541,#4394,.T.);
#4394 = LINE('',#4395,#4396);
#4395 = CARTESIAN_POINT('',(59.8485,-31.2066,2.5));
#4396 = VECTOR('',#4397,1.);
#4397 = DIRECTION('',(0.,0.,1.));
#4398 = PLANE('',#4399);
#4399 = AXIS2_PLACEMENT_3D('',#4400,#4401,#4402);
#4400 = CARTESIAN_POINT('',(59.5904,-31.1252,2.5));
#4401 = DIRECTION('',(0.300777664158,0.953694288933,0.));
#4402 = DIRECTION('',(0.953694288933,-0.300777664158,0.));
#4403 = ADVANCED_FACE('',(#4404),#4422,.T.);
#4404 = FACE_BOUND('',#4405,.T.);
#4405 = EDGE_LOOP('',(#4406,#4414,#4415,#4416));
#4406 = ORIENTED_EDGE('',*,*,#4407,.F.);
#4407 = EDGE_CURVE('',#4384,#4408,#4410,.T.);
#4408 = VERTEX_POINT('',#4409);
#4409 = CARTESIAN_POINT('',(59.9958,-31.2469,2.5));
#4410 = LINE('',#4411,#4412);
#4411 = CARTESIAN_POINT('',(59.8485,-31.2066,2.5));
#4412 = VECTOR('',#4413,1.);
#4413 = DIRECTION('',(0.964551951695,-0.26389303227,0.));
#4414 = ORIENTED_EDGE('',*,*,#4393,.T.);
#4415 = ORIENTED_EDGE('',*,*,#3540,.F.);
#4416 = ORIENTED_EDGE('',*,*,#4417,.F.);
#4417 = EDGE_CURVE('',#4408,#3533,#4418,.T.);
#4418 = LINE('',#4419,#4420);
#4419 = CARTESIAN_POINT('',(59.9958,-31.2469,2.5));
#4420 = VECTOR('',#4421,1.);
#4421 = DIRECTION('',(0.,0.,1.));
#4422 = PLANE('',#4423);
#4423 = AXIS2_PLACEMENT_3D('',#4424,#4425,#4426);
#4424 = CARTESIAN_POINT('',(59.8485,-31.2066,2.5));
#4425 = DIRECTION('',(0.26389303227,0.964551951695,0.));
#4426 = DIRECTION('',(0.964551951695,-0.26389303227,0.));
#4427 = ADVANCED_FACE('',(#4428),#4446,.T.);
#4428 = FACE_BOUND('',#4429,.T.);
#4429 = EDGE_LOOP('',(#4430,#4438,#4439,#4440));
#4430 = ORIENTED_EDGE('',*,*,#4431,.F.);
#4431 = EDGE_CURVE('',#4408,#4432,#4434,.T.);
#4432 = VERTEX_POINT('',#4433);
#4433 = CARTESIAN_POINT('',(60.3574,-31.3313,2.5));
#4434 = LINE('',#4435,#4436);
#4435 = CARTESIAN_POINT('',(59.9958,-31.2469,2.5));
#4436 = VECTOR('',#4437,1.);
#4437 = DIRECTION('',(0.97382531551,-0.227297722979,0.));
#4438 = ORIENTED_EDGE('',*,*,#4417,.T.);
#4439 = ORIENTED_EDGE('',*,*,#3532,.F.);
#4440 = ORIENTED_EDGE('',*,*,#4441,.F.);
#4441 = EDGE_CURVE('',#4432,#3525,#4442,.T.);
#4442 = LINE('',#4443,#4444);
#4443 = CARTESIAN_POINT('',(60.3574,-31.3313,2.5));
#4444 = VECTOR('',#4445,1.);
#4445 = DIRECTION('',(0.,0.,1.));
#4446 = PLANE('',#4447);
#4447 = AXIS2_PLACEMENT_3D('',#4448,#4449,#4450);
#4448 = CARTESIAN_POINT('',(59.9958,-31.2469,2.5));
#4449 = DIRECTION('',(0.227297722979,0.97382531551,0.));
#4450 = DIRECTION('',(0.97382531551,-0.227297722979,0.));
#4451 = ADVANCED_FACE('',(#4452),#4470,.T.);
#4452 = FACE_BOUND('',#4453,.T.);
#4453 = EDGE_LOOP('',(#4454,#4462,#4463,#4464));
#4454 = ORIENTED_EDGE('',*,*,#4455,.F.);
#4455 = EDGE_CURVE('',#4432,#4456,#4458,.T.);
#4456 = VERTEX_POINT('',#4457);
#4457 = CARTESIAN_POINT('',(60.4107,-31.3429,2.5));
#4458 = LINE('',#4459,#4460);
#4459 = CARTESIAN_POINT('',(60.3574,-31.3313,2.5));
#4460 = VECTOR('',#4461,1.);
#4461 = DIRECTION('',(0.977126700288,-0.212657968543,0.));
#4462 = ORIENTED_EDGE('',*,*,#4441,.T.);
#4463 = ORIENTED_EDGE('',*,*,#3524,.F.);
#4464 = ORIENTED_EDGE('',*,*,#4465,.F.);
#4465 = EDGE_CURVE('',#4456,#3517,#4466,.T.);
#4466 = LINE('',#4467,#4468);
#4467 = CARTESIAN_POINT('',(60.4107,-31.3429,2.5));
#4468 = VECTOR('',#4469,1.);
#4469 = DIRECTION('',(0.,0.,1.));
#4470 = PLANE('',#4471);
#4471 = AXIS2_PLACEMENT_3D('',#4472,#4473,#4474);
#4472 = CARTESIAN_POINT('',(60.3574,-31.3313,2.5));
#4473 = DIRECTION('',(0.212657968543,0.977126700288,0.));
#4474 = DIRECTION('',(0.977126700288,-0.212657968543,0.));
#4475 = ADVANCED_FACE('',(#4476),#4494,.T.);
#4476 = FACE_BOUND('',#4477,.T.);
#4477 = EDGE_LOOP('',(#4478,#4486,#4487,#4488));
#4478 = ORIENTED_EDGE('',*,*,#4479,.F.);
#4479 = EDGE_CURVE('',#4456,#4480,#4482,.T.);
#4480 = VERTEX_POINT('',#4481);
#4481 = CARTESIAN_POINT('',(60.5055,-31.3623,2.5));
#4482 = LINE('',#4483,#4484);
#4483 = CARTESIAN_POINT('',(60.4107,-31.3429,2.5));
#4484 = VECTOR('',#4485,1.);
#4485 = DIRECTION('',(0.979696483084,-0.200486411095,0.));
#4486 = ORIENTED_EDGE('',*,*,#4465,.T.);
#4487 = ORIENTED_EDGE('',*,*,#3516,.F.);
#4488 = ORIENTED_EDGE('',*,*,#4489,.F.);
#4489 = EDGE_CURVE('',#4480,#3509,#4490,.T.);
#4490 = LINE('',#4491,#4492);
#4491 = CARTESIAN_POINT('',(60.5055,-31.3623,2.5));
#4492 = VECTOR('',#4493,1.);
#4493 = DIRECTION('',(0.,0.,1.));
#4494 = PLANE('',#4495);
#4495 = AXIS2_PLACEMENT_3D('',#4496,#4497,#4498);
#4496 = CARTESIAN_POINT('',(60.4107,-31.3429,2.5));
#4497 = DIRECTION('',(0.200486411095,0.979696483084,0.));
#4498 = DIRECTION('',(0.979696483084,-0.200486411095,0.));
#4499 = ADVANCED_FACE('',(#4500),#4518,.T.);
#4500 = FACE_BOUND('',#4501,.T.);
#4501 = EDGE_LOOP('',(#4502,#4510,#4511,#4512));
#4502 = ORIENTED_EDGE('',*,*,#4503,.F.);
#4503 = EDGE_CURVE('',#4480,#4504,#4506,.T.);
#4504 = VERTEX_POINT('',#4505);
#4505 = CARTESIAN_POINT('',(60.5591,-31.3725,2.5));
#4506 = LINE('',#4507,#4508);
#4507 = CARTESIAN_POINT('',(60.5055,-31.3623,2.5));
#4508 = VECTOR('',#4509,1.);
#4509 = DIRECTION('',(0.982370635676,-0.186943665744,0.));
#4510 = ORIENTED_EDGE('',*,*,#4489,.T.);
#4511 = ORIENTED_EDGE('',*,*,#3508,.F.);
#4512 = ORIENTED_EDGE('',*,*,#4513,.F.);
#4513 = EDGE_CURVE('',#4504,#3501,#4514,.T.);
#4514 = LINE('',#4515,#4516);
#4515 = CARTESIAN_POINT('',(60.5591,-31.3725,2.5));
#4516 = VECTOR('',#4517,1.);
#4517 = DIRECTION('',(0.,0.,1.));
#4518 = PLANE('',#4519);
#4519 = AXIS2_PLACEMENT_3D('',#4520,#4521,#4522);
#4520 = CARTESIAN_POINT('',(60.5055,-31.3623,2.5));
#4521 = DIRECTION('',(0.186943665744,0.982370635676,0.));
#4522 = DIRECTION('',(0.982370635676,-0.186943665744,0.));
#4523 = ADVANCED_FACE('',(#4524),#4542,.T.);
#4524 = FACE_BOUND('',#4525,.T.);
#4525 = EDGE_LOOP('',(#4526,#4534,#4535,#4536));
#4526 = ORIENTED_EDGE('',*,*,#4527,.F.);
#4527 = EDGE_CURVE('',#4504,#4528,#4530,.T.);
#4528 = VERTEX_POINT('',#4529);
#4529 = CARTESIAN_POINT('',(76.5596,-34.1938,2.5));
#4530 = LINE('',#4531,#4532);
#4531 = CARTESIAN_POINT('',(60.5591,-31.3725,2.5));
#4532 = VECTOR('',#4533,1.);
#4533 = DIRECTION('',(0.984807961992,-0.173646992479,0.));
#4534 = ORIENTED_EDGE('',*,*,#4513,.T.);
#4535 = ORIENTED_EDGE('',*,*,#3500,.F.);
#4536 = ORIENTED_EDGE('',*,*,#4537,.F.);
#4537 = EDGE_CURVE('',#4528,#3493,#4538,.T.);
#4538 = LINE('',#4539,#4540);
#4539 = CARTESIAN_POINT('',(76.5596,-34.1938,2.5));
#4540 = VECTOR('',#4541,1.);
#4541 = DIRECTION('',(0.,0.,1.));
#4542 = PLANE('',#4543);
#4543 = AXIS2_PLACEMENT_3D('',#4544,#4545,#4546);
#4544 = CARTESIAN_POINT('',(60.5591,-31.3725,2.5));
#4545 = DIRECTION('',(0.173646992479,0.984807961992,0.));
#4546 = DIRECTION('',(0.984807961992,-0.173646992479,0.));
#4547 = ADVANCED_FACE('',(#4548),#4566,.T.);
#4548 = FACE_BOUND('',#4549,.T.);
#4549 = EDGE_LOOP('',(#4550,#4558,#4559,#4560));
#4550 = ORIENTED_EDGE('',*,*,#4551,.F.);
#4551 = EDGE_CURVE('',#4528,#4552,#4554,.T.);
#4552 = VERTEX_POINT('',#4553);
#4553 = CARTESIAN_POINT('',(76.8466,-34.2591,2.5));
#4554 = LINE('',#4555,#4556);
#4555 = CARTESIAN_POINT('',(76.5596,-34.1938,2.5));
#4556 = VECTOR('',#4557,1.);
#4557 = DIRECTION('',(0.975079428833,-0.221856051229,0.));
#4558 = ORIENTED_EDGE('',*,*,#4537,.T.);
#4559 = ORIENTED_EDGE('',*,*,#3492,.F.);
#4560 = ORIENTED_EDGE('',*,*,#4561,.F.);
#4561 = EDGE_CURVE('',#4552,#3485,#4562,.T.);
#4562 = LINE('',#4563,#4564);
#4563 = CARTESIAN_POINT('',(76.8466,-34.2591,2.5));
#4564 = VECTOR('',#4565,1.);
#4565 = DIRECTION('',(0.,0.,1.));
#4566 = PLANE('',#4567);
#4567 = AXIS2_PLACEMENT_3D('',#4568,#4569,#4570);
#4568 = CARTESIAN_POINT('',(76.5596,-34.1938,2.5));
#4569 = DIRECTION('',(0.221856051229,0.975079428833,0.));
#4570 = DIRECTION('',(0.975079428833,-0.221856051229,0.));
#4571 = ADVANCED_FACE('',(#4572),#4590,.T.);
#4572 = FACE_BOUND('',#4573,.T.);
#4573 = EDGE_LOOP('',(#4574,#4582,#4583,#4584));
#4574 = ORIENTED_EDGE('',*,*,#4575,.F.);
#4575 = EDGE_CURVE('',#4552,#4576,#4578,.T.);
#4576 = VERTEX_POINT('',#4577);
#4577 = CARTESIAN_POINT('',(78.0965,-34.6087,2.5));
#4578 = LINE('',#4579,#4580);
#4579 = CARTESIAN_POINT('',(76.8466,-34.2591,2.5));
#4580 = VECTOR('',#4581,1.);
#4581 = DIRECTION('',(0.963038402994,-0.26936412968,0.));
#4582 = ORIENTED_EDGE('',*,*,#4561,.T.);
#4583 = ORIENTED_EDGE('',*,*,#3484,.F.);
#4584 = ORIENTED_EDGE('',*,*,#4585,.F.);
#4585 = EDGE_CURVE('',#4576,#3477,#4586,.T.);
#4586 = LINE('',#4587,#4588);
#4587 = CARTESIAN_POINT('',(78.0965,-34.6087,2.5));
#4588 = VECTOR('',#4589,1.);
#4589 = DIRECTION('',(0.,0.,1.));
#4590 = PLANE('',#4591);
#4591 = AXIS2_PLACEMENT_3D('',#4592,#4593,#4594);
#4592 = CARTESIAN_POINT('',(76.8466,-34.2591,2.5));
#4593 = DIRECTION('',(0.26936412968,0.963038402994,0.));
#4594 = DIRECTION('',(0.963038402994,-0.26936412968,0.));
#4595 = ADVANCED_FACE('',(#4596),#4614,.T.);
#4596 = FACE_BOUND('',#4597,.T.);
#4597 = EDGE_LOOP('',(#4598,#4606,#4607,#4608));
#4598 = ORIENTED_EDGE('',*,*,#4599,.F.);
#4599 = EDGE_CURVE('',#4576,#4600,#4602,.T.);
#4600 = VERTEX_POINT('',#4601);
#4601 = CARTESIAN_POINT('',(78.4122,-34.7162,2.5));
#4602 = LINE('',#4603,#4604);
#4603 = CARTESIAN_POINT('',(78.0965,-34.6087,2.5));
#4604 = VECTOR('',#4605,1.);
#4605 = DIRECTION('',(0.946624601437,-0.32233812054,0.));
#4606 = ORIENTED_EDGE('',*,*,#4585,.T.);
#4607 = ORIENTED_EDGE('',*,*,#3476,.F.);
#4608 = ORIENTED_EDGE('',*,*,#4609,.F.);
#4609 = EDGE_CURVE('',#4600,#3469,#4610,.T.);
#4610 = LINE('',#4611,#4612);
#4611 = CARTESIAN_POINT('',(78.4122,-34.7162,2.5));
#4612 = VECTOR('',#4613,1.);
#4613 = DIRECTION('',(0.,0.,1.));
#4614 = PLANE('',#4615);
#4615 = AXIS2_PLACEMENT_3D('',#4616,#4617,#4618);
#4616 = CARTESIAN_POINT('',(78.0965,-34.6087,2.5));
#4617 = DIRECTION('',(0.32233812054,0.946624601437,0.));
#4618 = DIRECTION('',(0.946624601437,-0.32233812054,0.));
#4619 = ADVANCED_FACE('',(#4620),#4638,.T.);
#4620 = FACE_BOUND('',#4621,.T.);
#4621 = EDGE_LOOP('',(#4622,#4630,#4631,#4632));
#4622 = ORIENTED_EDGE('',*,*,#4623,.F.);
#4623 = EDGE_CURVE('',#4600,#4624,#4626,.T.);
#4624 = VERTEX_POINT('',#4625);
#4625 = CARTESIAN_POINT('',(93.4584,-40.7953,2.5));
#4626 = LINE('',#4627,#4628);
#4627 = CARTESIAN_POINT('',(78.4122,-34.7162,2.5));
#4628 = VECTOR('',#4629,1.);
#4629 = DIRECTION('',(0.927182985574,-0.374608744241,0.));
#4630 = ORIENTED_EDGE('',*,*,#4609,.T.);
#4631 = ORIENTED_EDGE('',*,*,#3468,.F.);
#4632 = ORIENTED_EDGE('',*,*,#4633,.F.);
#4633 = EDGE_CURVE('',#4624,#3461,#4634,.T.);
#4634 = LINE('',#4635,#4636);
#4635 = CARTESIAN_POINT('',(93.4584,-40.7953,2.5));
#4636 = VECTOR('',#4637,1.);
#4637 = DIRECTION('',(0.,0.,1.));
#4638 = PLANE('',#4639);
#4639 = AXIS2_PLACEMENT_3D('',#4640,#4641,#4642);
#4640 = CARTESIAN_POINT('',(78.4122,-34.7162,2.5));
#4641 = DIRECTION('',(0.374608744241,0.927182985574,0.));
#4642 = DIRECTION('',(0.927182985574,-0.374608744241,0.));
#4643 = ADVANCED_FACE('',(#4644),#4662,.T.);
#4644 = FACE_BOUND('',#4645,.T.);
#4645 = EDGE_LOOP('',(#4646,#4654,#4655,#4656));
#4646 = ORIENTED_EDGE('',*,*,#4647,.F.);
#4647 = EDGE_CURVE('',#4624,#4648,#4650,.T.);
#4648 = VERTEX_POINT('',#4649);
#4649 = CARTESIAN_POINT('',(93.7256,-40.9188,2.5));
#4650 = LINE('',#4651,#4652);
#4651 = CARTESIAN_POINT('',(93.4584,-40.7953,2.5));
#4652 = VECTOR('',#4653,1.);
#4653 = DIRECTION('',(0.907730560061,-0.419553608411,0.));
#4654 = ORIENTED_EDGE('',*,*,#4633,.T.);
#4655 = ORIENTED_EDGE('',*,*,#3460,.F.);
#4656 = ORIENTED_EDGE('',*,*,#4657,.F.);
#4657 = EDGE_CURVE('',#4648,#3453,#4658,.T.);
#4658 = LINE('',#4659,#4660);
#4659 = CARTESIAN_POINT('',(93.7256,-40.9188,2.5));
#4660 = VECTOR('',#4661,1.);
#4661 = DIRECTION('',(0.,0.,1.));
#4662 = PLANE('',#4663);
#4663 = AXIS2_PLACEMENT_3D('',#4664,#4665,#4666);
#4664 = CARTESIAN_POINT('',(93.4584,-40.7953,2.5));
#4665 = DIRECTION('',(0.419553608411,0.907730560061,0.));
#4666 = DIRECTION('',(0.907730560061,-0.419553608411,0.));
#4667 = ADVANCED_FACE('',(#4668),#4686,.T.);
#4668 = FACE_BOUND('',#4669,.T.);
#4669 = EDGE_LOOP('',(#4670,#4678,#4679,#4680));
#4670 = ORIENTED_EDGE('',*,*,#4671,.F.);
#4671 = EDGE_CURVE('',#4648,#4672,#4674,.T.);
#4672 = VERTEX_POINT('',#4673);
#4673 = CARTESIAN_POINT('',(94.8755,-41.5206,2.5));
#4674 = LINE('',#4675,#4676);
#4675 = CARTESIAN_POINT('',(93.7256,-40.9188,2.5));
#4676 = VECTOR('',#4677,1.);
#4677 = DIRECTION('',(0.885998876474,-0.46368738487,0.));
#4678 = ORIENTED_EDGE('',*,*,#4657,.T.);
#4679 = ORIENTED_EDGE('',*,*,#3452,.F.);
#4680 = ORIENTED_EDGE('',*,*,#4681,.F.);
#4681 = EDGE_CURVE('',#4672,#3445,#4682,.T.);
#4682 = LINE('',#4683,#4684);
#4683 = CARTESIAN_POINT('',(94.8755,-41.5206,2.5));
#4684 = VECTOR('',#4685,1.);
#4685 = DIRECTION('',(0.,0.,1.));
#4686 = PLANE('',#4687);
#4687 = AXIS2_PLACEMENT_3D('',#4688,#4689,#4690);
#4688 = CARTESIAN_POINT('',(93.7256,-40.9188,2.5));
#4689 = DIRECTION('',(0.46368738487,0.885998876474,0.));
#4690 = DIRECTION('',(0.885998876474,-0.46368738487,0.));
#4691 = ADVANCED_FACE('',(#4692),#4710,.T.);
#4692 = FACE_BOUND('',#4693,.T.);
#4693 = EDGE_LOOP('',(#4694,#4702,#4703,#4704));
#4694 = ORIENTED_EDGE('',*,*,#4695,.F.);
#4695 = EDGE_CURVE('',#4672,#4696,#4698,.T.);
#4696 = VERTEX_POINT('',#4697);
#4697 = CARTESIAN_POINT('',(95.1619,-41.6914,2.5));
#4698 = LINE('',#4699,#4700);
#4699 = CARTESIAN_POINT('',(94.8755,-41.5206,2.5));
#4700 = VECTOR('',#4701,1.);
#4701 = DIRECTION('',(0.858865794457,-0.512200690269,0.));
#4702 = ORIENTED_EDGE('',*,*,#4681,.T.);
#4703 = ORIENTED_EDGE('',*,*,#3444,.F.);
#4704 = ORIENTED_EDGE('',*,*,#4705,.F.);
#4705 = EDGE_CURVE('',#4696,#3437,#4706,.T.);
#4706 = LINE('',#4707,#4708);
#4707 = CARTESIAN_POINT('',(95.1619,-41.6914,2.5));
#4708 = VECTOR('',#4709,1.);
#4709 = DIRECTION('',(0.,0.,1.));
#4710 = PLANE('',#4711);
#4711 = AXIS2_PLACEMENT_3D('',#4712,#4713,#4714);
#4712 = CARTESIAN_POINT('',(94.8755,-41.5206,2.5));
#4713 = DIRECTION('',(0.512200690269,0.858865794457,0.));
#4714 = DIRECTION('',(0.858865794457,-0.512200690269,0.));
#4715 = ADVANCED_FACE('',(#4716),#4734,.T.);
#4716 = FACE_BOUND('',#4717,.T.);
#4717 = EDGE_LOOP('',(#4718,#4726,#4727,#4728));
#4718 = ORIENTED_EDGE('',*,*,#4719,.F.);
#4719 = EDGE_CURVE('',#4696,#4720,#4722,.T.);
#4720 = VERTEX_POINT('',#4721);
#4721 = CARTESIAN_POINT('',(108.504,-50.6904,2.5));
#4722 = LINE('',#4723,#4724);
#4723 = CARTESIAN_POINT('',(95.1619,-41.6914,2.5));
#4724 = VECTOR('',#4725,1.);
#4725 = DIRECTION('',(0.829047945151,-0.559177525158,0.));
#4726 = ORIENTED_EDGE('',*,*,#4705,.T.);
#4727 = ORIENTED_EDGE('',*,*,#3436,.F.);
#4728 = ORIENTED_EDGE('',*,*,#4729,.F.);
#4729 = EDGE_CURVE('',#4720,#3429,#4730,.T.);
#4730 = LINE('',#4731,#4732);
#4731 = CARTESIAN_POINT('',(108.504,-50.6904,2.5));
#4732 = VECTOR('',#4733,1.);
#4733 = DIRECTION('',(0.,0.,1.));
#4734 = PLANE('',#4735);
#4735 = AXIS2_PLACEMENT_3D('',#4736,#4737,#4738);
#4736 = CARTESIAN_POINT('',(95.1619,-41.6914,2.5));
#4737 = DIRECTION('',(0.559177525158,0.829047945151,0.));
#4738 = DIRECTION('',(0.829047945151,-0.559177525158,0.));
#4739 = ADVANCED_FACE('',(#4740),#4758,.T.);
#4740 = FACE_BOUND('',#4741,.T.);
#4741 = EDGE_LOOP('',(#4742,#4750,#4751,#4752));
#4742 = ORIENTED_EDGE('',*,*,#4743,.F.);
#4743 = EDGE_CURVE('',#4720,#4744,#4746,.T.);
#4744 = VERTEX_POINT('',#4745);
#4745 = CARTESIAN_POINT('',(108.586,-50.7433,2.5));
#4746 = LINE('',#4747,#4748);
#4747 = CARTESIAN_POINT('',(108.504,-50.6904,2.5));
#4748 = VECTOR('',#4749,1.);
#4749 = DIRECTION('',(0.84031170698,-0.542103528039,0.));
#4750 = ORIENTED_EDGE('',*,*,#4729,.T.);
#4751 = ORIENTED_EDGE('',*,*,#3428,.F.);
#4752 = ORIENTED_EDGE('',*,*,#4753,.F.);
#4753 = EDGE_CURVE('',#4744,#3421,#4754,.T.);
#4754 = LINE('',#4755,#4756);
#4755 = CARTESIAN_POINT('',(108.586,-50.7433,2.5));
#4756 = VECTOR('',#4757,1.);
#4757 = DIRECTION('',(0.,0.,1.));
#4758 = PLANE('',#4759);
#4759 = AXIS2_PLACEMENT_3D('',#4760,#4761,#4762);
#4760 = CARTESIAN_POINT('',(108.504,-50.6904,2.5));
#4761 = DIRECTION('',(0.542103528039,0.84031170698,0.));
#4762 = DIRECTION('',(0.84031170698,-0.542103528039,0.));
#4763 = ADVANCED_FACE('',(#4764),#4782,.T.);
#4764 = FACE_BOUND('',#4765,.T.);
#4765 = EDGE_LOOP('',(#4766,#4774,#4775,#4776));
#4766 = ORIENTED_EDGE('',*,*,#4767,.F.);
#4767 = EDGE_CURVE('',#4744,#4768,#4770,.T.);
#4768 = VERTEX_POINT('',#4769);
#4769 = CARTESIAN_POINT('',(108.735,-50.8335,2.5));
#4770 = LINE('',#4771,#4772);
#4771 = CARTESIAN_POINT('',(108.586,-50.7433,2.5));
#4772 = VECTOR('',#4773,1.);
#4773 = DIRECTION('',(0.855459919063,-0.517869024829,0.));
#4774 = ORIENTED_EDGE('',*,*,#4753,.T.);
#4775 = ORIENTED_EDGE('',*,*,#3420,.F.);
#4776 = ORIENTED_EDGE('',*,*,#4777,.F.);
#4777 = EDGE_CURVE('',#4768,#3413,#4778,.T.);
#4778 = LINE('',#4779,#4780);
#4779 = CARTESIAN_POINT('',(108.735,-50.8335,2.5));
#4780 = VECTOR('',#4781,1.);
#4781 = DIRECTION('',(0.,0.,1.));
#4782 = PLANE('',#4783);
#4783 = AXIS2_PLACEMENT_3D('',#4784,#4785,#4786);
#4784 = CARTESIAN_POINT('',(108.586,-50.7433,2.5));
#4785 = DIRECTION('',(0.517869024829,0.855459919063,0.));
#4786 = DIRECTION('',(0.855459919063,-0.517869024829,0.));
#4787 = ADVANCED_FACE('',(#4788),#4806,.T.);
#4788 = FACE_BOUND('',#4789,.T.);
#4789 = EDGE_LOOP('',(#4790,#4798,#4799,#4800));
#4790 = ORIENTED_EDGE('',*,*,#4791,.F.);
#4791 = EDGE_CURVE('',#4768,#4792,#4794,.T.);
#4792 = VERTEX_POINT('',#4793);
#4793 = CARTESIAN_POINT('',(108.82,-50.8823,2.5));
#4794 = LINE('',#4795,#4796);
#4795 = CARTESIAN_POINT('',(108.735,-50.8335,2.5));
#4796 = VECTOR('',#4797,1.);
#4797 = DIRECTION('',(0.867236780333,-0.497895939768,0.));
#4798 = ORIENTED_EDGE('',*,*,#4777,.T.);
#4799 = ORIENTED_EDGE('',*,*,#3412,.F.);
#4800 = ORIENTED_EDGE('',*,*,#4801,.F.);
#4801 = EDGE_CURVE('',#4792,#3405,#4802,.T.);
#4802 = LINE('',#4803,#4804);
#4803 = CARTESIAN_POINT('',(108.82,-50.8823,2.5));
#4804 = VECTOR('',#4805,1.);
#4805 = DIRECTION('',(0.,0.,1.));
#4806 = PLANE('',#4807);
#4807 = AXIS2_PLACEMENT_3D('',#4808,#4809,#4810);
#4808 = CARTESIAN_POINT('',(108.735,-50.8335,2.5));
#4809 = DIRECTION('',(0.497895939768,0.867236780333,0.));
#4810 = DIRECTION('',(0.867236780333,-0.497895939768,0.));
#4811 = ADVANCED_FACE('',(#4812),#4830,.T.);
#4812 = FACE_BOUND('',#4813,.T.);
#4813 = EDGE_LOOP('',(#4814,#4822,#4823,#4824));
#4814 = ORIENTED_EDGE('',*,*,#4815,.F.);
#4815 = EDGE_CURVE('',#4792,#4816,#4818,.T.);
#4816 = VERTEX_POINT('',#4817);
#4817 = CARTESIAN_POINT('',(109.429,-51.2112,2.5));
#4818 = LINE('',#4819,#4820);
#4819 = CARTESIAN_POINT('',(108.82,-50.8823,2.5));
#4820 = VECTOR('',#4821,1.);
#4821 = DIRECTION('',(0.879881234542,-0.475193658524,0.));
#4822 = ORIENTED_EDGE('',*,*,#4801,.T.);
#4823 = ORIENTED_EDGE('',*,*,#3404,.F.);
#4824 = ORIENTED_EDGE('',*,*,#4825,.F.);
#4825 = EDGE_CURVE('',#4816,#3397,#4826,.T.);
#4826 = LINE('',#4827,#4828);
#4827 = CARTESIAN_POINT('',(109.429,-51.2112,2.5));
#4828 = VECTOR('',#4829,1.);
#4829 = DIRECTION('',(0.,0.,1.));
#4830 = PLANE('',#4831);
#4831 = AXIS2_PLACEMENT_3D('',#4832,#4833,#4834);
#4832 = CARTESIAN_POINT('',(108.82,-50.8823,2.5));
#4833 = DIRECTION('',(0.475193658524,0.879881234542,0.));
#4834 = DIRECTION('',(0.879881234542,-0.475193658524,0.));
#4835 = ADVANCED_FACE('',(#4836),#4854,.T.);
#4836 = FACE_BOUND('',#4837,.T.);
#4837 = EDGE_LOOP('',(#4838,#4846,#4847,#4848));
#4838 = ORIENTED_EDGE('',*,*,#4839,.F.);
#4839 = EDGE_CURVE('',#4816,#4840,#4842,.T.);
#4840 = VERTEX_POINT('',#4841);
#4841 = CARTESIAN_POINT('',(109.606,-51.2958,2.5));
#4842 = LINE('',#4843,#4844);
#4843 = CARTESIAN_POINT('',(109.429,-51.2112,2.5));
#4844 = VECTOR('',#4845,1.);
#4845 = DIRECTION('',(0.902237711862,-0.431239041941,0.));
#4846 = ORIENTED_EDGE('',*,*,#4825,.T.);
#4847 = ORIENTED_EDGE('',*,*,#3396,.F.);
#4848 = ORIENTED_EDGE('',*,*,#4849,.F.);
#4849 = EDGE_CURVE('',#4840,#3389,#4850,.T.);
#4850 = LINE('',#4851,#4852);
#4851 = CARTESIAN_POINT('',(109.606,-51.2958,2.5));
#4852 = VECTOR('',#4853,1.);
#4853 = DIRECTION('',(0.,0.,1.));
#4854 = PLANE('',#4855);
#4855 = AXIS2_PLACEMENT_3D('',#4856,#4857,#4858);
#4856 = CARTESIAN_POINT('',(109.429,-51.2112,2.5));
#4857 = DIRECTION('',(0.431239041941,0.902237711862,0.));
#4858 = DIRECTION('',(0.902237711862,-0.431239041941,0.));
#4859 = ADVANCED_FACE('',(#4860),#4878,.T.);
#4860 = FACE_BOUND('',#4861,.T.);
#4861 = EDGE_LOOP('',(#4862,#4870,#4871,#4872));
#4862 = ORIENTED_EDGE('',*,*,#4863,.F.);
#4863 = EDGE_CURVE('',#4840,#4864,#4866,.T.);
#4864 = VERTEX_POINT('',#4865);
#4865 = CARTESIAN_POINT('',(109.927,-51.4303,2.5));
#4866 = LINE('',#4867,#4868);
#4867 = CARTESIAN_POINT('',(109.606,-51.2958,2.5));
#4868 = VECTOR('',#4869,1.);
#4869 = DIRECTION('',(0.922310032969,-0.386450777054,0.));
#4870 = ORIENTED_EDGE('',*,*,#4849,.T.);
#4871 = ORIENTED_EDGE('',*,*,#3388,.F.);
#4872 = ORIENTED_EDGE('',*,*,#4873,.F.);
#4873 = EDGE_CURVE('',#4864,#3381,#4874,.T.);
#4874 = LINE('',#4875,#4876);
#4875 = CARTESIAN_POINT('',(109.927,-51.4303,2.5));
#4876 = VECTOR('',#4877,1.);
#4877 = DIRECTION('',(0.,0.,1.));
#4878 = PLANE('',#4879);
#4879 = AXIS2_PLACEMENT_3D('',#4880,#4881,#4882);
#4880 = CARTESIAN_POINT('',(109.606,-51.2958,2.5));
#4881 = DIRECTION('',(0.386450777054,0.922310032969,0.));
#4882 = DIRECTION('',(0.922310032969,-0.386450777054,0.));
#4883 = ADVANCED_FACE('',(#4884),#4902,.T.);
#4884 = FACE_BOUND('',#4885,.T.);
#4885 = EDGE_LOOP('',(#4886,#4894,#4895,#4896));
#4886 = ORIENTED_EDGE('',*,*,#4887,.F.);
#4887 = EDGE_CURVE('',#4864,#4888,#4890,.T.);
#4888 = VERTEX_POINT('',#4889);
#4889 = CARTESIAN_POINT('',(110.111,-51.4972,2.5));
#4890 = LINE('',#4891,#4892);
#4891 = CARTESIAN_POINT('',(109.927,-51.4303,2.5));
#4892 = VECTOR('',#4893,1.);
#4893 = DIRECTION('',(0.939808335452,-0.341702052401,0.));
#4894 = ORIENTED_EDGE('',*,*,#4873,.T.);
#4895 = ORIENTED_EDGE('',*,*,#3380,.F.);
#4896 = ORIENTED_EDGE('',*,*,#4897,.F.);
#4897 = EDGE_CURVE('',#4888,#3373,#4898,.T.);
#4898 = LINE('',#4899,#4900);
#4899 = CARTESIAN_POINT('',(110.111,-51.4972,2.5));
#4900 = VECTOR('',#4901,1.);
#4901 = DIRECTION('',(0.,0.,1.));
#4902 = PLANE('',#4903);
#4903 = AXIS2_PLACEMENT_3D('',#4904,#4905,#4906);
#4904 = CARTESIAN_POINT('',(109.927,-51.4303,2.5));
#4905 = DIRECTION('',(0.341702052401,0.939808335452,0.));
#4906 = DIRECTION('',(0.939808335452,-0.341702052401,0.));
#4907 = ADVANCED_FACE('',(#4908),#4926,.T.);
#4908 = FACE_BOUND('',#4909,.T.);
#4909 = EDGE_LOOP('',(#4910,#4918,#4919,#4920));
#4910 = ORIENTED_EDGE('',*,*,#4911,.F.);
#4911 = EDGE_CURVE('',#4888,#4912,#4914,.T.);
#4912 = VERTEX_POINT('',#4913);
#4913 = CARTESIAN_POINT('',(110.743,-51.6919,2.5));
#4914 = LINE('',#4915,#4916);
#4915 = CARTESIAN_POINT('',(110.111,-51.4972,2.5));
#4916 = VECTOR('',#4917,1.);
#4917 = DIRECTION('',(0.955677597167,-0.294415234444,0.));
#4918 = ORIENTED_EDGE('',*,*,#4897,.T.);
#4919 = ORIENTED_EDGE('',*,*,#3372,.F.);
#4920 = ORIENTED_EDGE('',*,*,#4921,.F.);
#4921 = EDGE_CURVE('',#4912,#3365,#4922,.T.);
#4922 = LINE('',#4923,#4924);
#4923 = CARTESIAN_POINT('',(110.743,-51.6919,2.5));
#4924 = VECTOR('',#4925,1.);
#4925 = DIRECTION('',(0.,0.,1.));
#4926 = PLANE('',#4927);
#4927 = AXIS2_PLACEMENT_3D('',#4928,#4929,#4930);
#4928 = CARTESIAN_POINT('',(110.111,-51.4972,2.5));
#4929 = DIRECTION('',(0.294415234444,0.955677597167,0.));
#4930 = DIRECTION('',(0.955677597167,-0.294415234444,0.));
#4931 = ADVANCED_FACE('',(#4932),#4950,.T.);
#4932 = FACE_BOUND('',#4933,.T.);
#4933 = EDGE_LOOP('',(#4934,#4942,#4943,#4944));
#4934 = ORIENTED_EDGE('',*,*,#4935,.F.);
#4935 = EDGE_CURVE('',#4912,#4936,#4938,.T.);
#4936 = VERTEX_POINT('',#4937);
#4937 = CARTESIAN_POINT('',(110.934,-51.7405,2.5));
#4938 = LINE('',#4939,#4940);
#4939 = CARTESIAN_POINT('',(110.743,-51.6919,2.5));
#4940 = VECTOR('',#4941,1.);
#4941 = DIRECTION('',(0.969119223734,-0.246592640175,0.));
#4942 = ORIENTED_EDGE('',*,*,#4921,.T.);
#4943 = ORIENTED_EDGE('',*,*,#3364,.F.);
#4944 = ORIENTED_EDGE('',*,*,#4945,.F.);
#4945 = EDGE_CURVE('',#4936,#3357,#4946,.T.);
#4946 = LINE('',#4947,#4948);
#4947 = CARTESIAN_POINT('',(110.934,-51.7405,2.5));
#4948 = VECTOR('',#4949,1.);
#4949 = DIRECTION('',(0.,0.,1.));
#4950 = PLANE('',#4951);
#4951 = AXIS2_PLACEMENT_3D('',#4952,#4953,#4954);
#4952 = CARTESIAN_POINT('',(110.743,-51.6919,2.5));
#4953 = DIRECTION('',(0.246592640175,0.969119223734,0.));
#4954 = DIRECTION('',(0.969119223734,-0.246592640175,0.));
#4955 = ADVANCED_FACE('',(#4956),#4974,.T.);
#4956 = FACE_BOUND('',#4957,.T.);
#4957 = EDGE_LOOP('',(#4958,#4966,#4967,#4968));
#4958 = ORIENTED_EDGE('',*,*,#4959,.F.);
#4959 = EDGE_CURVE('',#4936,#4960,#4962,.T.);
#4960 = VERTEX_POINT('',#4961);
#4961 = CARTESIAN_POINT('',(111.274,-51.8098,2.5));
#4962 = LINE('',#4963,#4964);
#4963 = CARTESIAN_POINT('',(110.934,-51.7405,2.5));
#4964 = VECTOR('',#4965,1.);
#4965 = DIRECTION('',(0.979853577943,-0.199717214563,0.));
#4966 = ORIENTED_EDGE('',*,*,#4945,.T.);
#4967 = ORIENTED_EDGE('',*,*,#3356,.F.);
#4968 = ORIENTED_EDGE('',*,*,#4969,.F.);
#4969 = EDGE_CURVE('',#4960,#3349,#4970,.T.);
#4970 = LINE('',#4971,#4972);
#4971 = CARTESIAN_POINT('',(111.274,-51.8098,2.5));
#4972 = VECTOR('',#4973,1.);
#4973 = DIRECTION('',(0.,0.,1.));
#4974 = PLANE('',#4975);
#4975 = AXIS2_PLACEMENT_3D('',#4976,#4977,#4978);
#4976 = CARTESIAN_POINT('',(110.934,-51.7405,2.5));
#4977 = DIRECTION('',(0.199717214563,0.979853577943,0.));
#4978 = DIRECTION('',(0.979853577943,-0.199717214563,0.));
#4979 = ADVANCED_FACE('',(#4980),#4998,.T.);
#4980 = FACE_BOUND('',#4981,.T.);
#4981 = EDGE_LOOP('',(#4982,#4990,#4991,#4992));
#4982 = ORIENTED_EDGE('',*,*,#4983,.F.);
#4983 = EDGE_CURVE('',#4960,#4984,#4986,.T.);
#4984 = VERTEX_POINT('',#4985);
#4985 = CARTESIAN_POINT('',(111.468,-51.8394,2.5));
#4986 = LINE('',#4987,#4988);
#4987 = CARTESIAN_POINT('',(111.274,-51.8098,2.5));
#4988 = VECTOR('',#4989,1.);
#4989 = DIRECTION('',(0.988559448352,-0.150831750883,0.));
#4990 = ORIENTED_EDGE('',*,*,#4969,.T.);
#4991 = ORIENTED_EDGE('',*,*,#3348,.F.);
#4992 = ORIENTED_EDGE('',*,*,#4993,.F.);
#4993 = EDGE_CURVE('',#4984,#3341,#4994,.T.);
#4994 = LINE('',#4995,#4996);
#4995 = CARTESIAN_POINT('',(111.468,-51.8394,2.5));
#4996 = VECTOR('',#4997,1.);
#4997 = DIRECTION('',(0.,0.,1.));
#4998 = PLANE('',#4999);
#4999 = AXIS2_PLACEMENT_3D('',#5000,#5001,#5002);
#5000 = CARTESIAN_POINT('',(111.274,-51.8098,2.5));
#5001 = DIRECTION('',(0.150831750883,0.988559448352,0.));
#5002 = DIRECTION('',(0.988559448352,-0.150831750883,0.));
#5003 = ADVANCED_FACE('',(#5004),#5022,.T.);
#5004 = FACE_BOUND('',#5005,.T.);
#5005 = EDGE_LOOP('',(#5006,#5014,#5015,#5016));
#5006 = ORIENTED_EDGE('',*,*,#5007,.F.);
#5007 = EDGE_CURVE('',#4984,#5008,#5010,.T.);
#5008 = VERTEX_POINT('',#5009);
#5009 = CARTESIAN_POINT('',(112.126,-51.9071,2.5));
#5010 = LINE('',#5011,#5012);
#5011 = CARTESIAN_POINT('',(111.468,-51.8394,2.5));
#5012 = VECTOR('',#5013,1.);
#5013 = DIRECTION('',(0.994748732507,-0.10234724801,0.));
#5014 = ORIENTED_EDGE('',*,*,#4993,.T.);
#5015 = ORIENTED_EDGE('',*,*,#3340,.F.);
#5016 = ORIENTED_EDGE('',*,*,#5017,.F.);
#5017 = EDGE_CURVE('',#5008,#3333,#5018,.T.);
#5018 = LINE('',#5019,#5020);
#5019 = CARTESIAN_POINT('',(112.126,-51.9071,2.5));
#5020 = VECTOR('',#5021,1.);
#5021 = DIRECTION('',(0.,0.,1.));
#5022 = PLANE('',#5023);
#5023 = AXIS2_PLACEMENT_3D('',#5024,#5025,#5026);
#5024 = CARTESIAN_POINT('',(111.468,-51.8394,2.5));
#5025 = DIRECTION('',(0.10234724801,0.994748732507,0.));
#5026 = DIRECTION('',(0.994748732507,-0.10234724801,0.));
#5027 = ADVANCED_FACE('',(#5028),#5046,.T.);
#5028 = FACE_BOUND('',#5029,.T.);
#5029 = EDGE_LOOP('',(#5030,#5038,#5039,#5040));
#5030 = ORIENTED_EDGE('',*,*,#5031,.F.);
#5031 = EDGE_CURVE('',#5008,#5032,#5034,.T.);
#5032 = VERTEX_POINT('',#5033);
#5033 = CARTESIAN_POINT('',(112.322,-51.9176,2.5));
#5034 = LINE('',#5035,#5036);
#5035 = CARTESIAN_POINT('',(112.126,-51.9071,2.5));
#5036 = VECTOR('',#5037,1.);
#5037 = DIRECTION('',(0.99856813227,-5.349472137161E-02,0.));
#5038 = ORIENTED_EDGE('',*,*,#5017,.T.);
#5039 = ORIENTED_EDGE('',*,*,#3332,.F.);
#5040 = ORIENTED_EDGE('',*,*,#5041,.F.);
#5041 = EDGE_CURVE('',#5032,#3325,#5042,.T.);
#5042 = LINE('',#5043,#5044);
#5043 = CARTESIAN_POINT('',(112.322,-51.9176,2.5));
#5044 = VECTOR('',#5045,1.);
#5045 = DIRECTION('',(0.,0.,1.));
#5046 = PLANE('',#5047);
#5047 = AXIS2_PLACEMENT_3D('',#5048,#5049,#5050);
#5048 = CARTESIAN_POINT('',(112.126,-51.9071,2.5));
#5049 = DIRECTION('',(5.349472137161E-02,0.99856813227,0.));
#5050 = DIRECTION('',(0.99856813227,-5.349472137161E-02,0.));
#5051 = ADVANCED_FACE('',(#5052),#5070,.T.);
#5052 = FACE_BOUND('',#5053,.T.);
#5053 = EDGE_LOOP('',(#5054,#5062,#5063,#5064));
#5054 = ORIENTED_EDGE('',*,*,#5055,.F.);
#5055 = EDGE_CURVE('',#5032,#5056,#5058,.T.);
#5056 = VERTEX_POINT('',#5057);
#5057 = CARTESIAN_POINT('',(112.67,-51.9191,2.5));
#5058 = LINE('',#5059,#5060);
#5059 = CARTESIAN_POINT('',(112.322,-51.9176,2.5));
#5060 = VECTOR('',#5061,1.);
#5061 = DIRECTION('',(0.999990710593,-4.31030478704E-03,0.));
#5062 = ORIENTED_EDGE('',*,*,#5041,.T.);
#5063 = ORIENTED_EDGE('',*,*,#3324,.F.);
#5064 = ORIENTED_EDGE('',*,*,#5065,.F.);
#5065 = EDGE_CURVE('',#5056,#3317,#5066,.T.);
#5066 = LINE('',#5067,#5068);
#5067 = CARTESIAN_POINT('',(112.67,-51.9191,2.5));
#5068 = VECTOR('',#5069,1.);
#5069 = DIRECTION('',(0.,0.,1.));
#5070 = PLANE('',#5071);
#5071 = AXIS2_PLACEMENT_3D('',#5072,#5073,#5074);
#5072 = CARTESIAN_POINT('',(112.322,-51.9176,2.5));
#5073 = DIRECTION('',(4.31030478704E-03,0.999990710593,0.));
#5074 = DIRECTION('',(0.999990710593,-4.31030478704E-03,0.));
#5075 = ADVANCED_FACE('',(#5076),#5094,.T.);
#5076 = FACE_BOUND('',#5077,.T.);
#5077 = EDGE_LOOP('',(#5078,#5086,#5087,#5088));
#5078 = ORIENTED_EDGE('',*,*,#5079,.F.);
#5079 = EDGE_CURVE('',#5056,#5080,#5082,.T.);
#5080 = VERTEX_POINT('',#5081);
#5081 = CARTESIAN_POINT('',(112.866,-51.9103,2.5));
#5082 = LINE('',#5083,#5084);
#5083 = CARTESIAN_POINT('',(112.67,-51.9191,2.5));
#5084 = VECTOR('',#5085,1.);
#5085 = DIRECTION('',(0.998993607909,4.485277423267E-02,0.));
#5086 = ORIENTED_EDGE('',*,*,#5065,.T.);
#5087 = ORIENTED_EDGE('',*,*,#3316,.F.);
#5088 = ORIENTED_EDGE('',*,*,#5089,.F.);
#5089 = EDGE_CURVE('',#5080,#3309,#5090,.T.);
#5090 = LINE('',#5091,#5092);
#5091 = CARTESIAN_POINT('',(112.866,-51.9103,2.5));
#5092 = VECTOR('',#5093,1.);
#5093 = DIRECTION('',(0.,0.,1.));
#5094 = PLANE('',#5095);
#5095 = AXIS2_PLACEMENT_3D('',#5096,#5097,#5098);
#5096 = CARTESIAN_POINT('',(112.67,-51.9191,2.5));
#5097 = DIRECTION('',(-4.485277423267E-02,0.998993607909,0.));
#5098 = DIRECTION('',(0.998993607909,4.485277423267E-02,0.));
#5099 = ADVANCED_FACE('',(#5100),#5118,.T.);
#5100 = FACE_BOUND('',#5101,.T.);
#5101 = EDGE_LOOP('',(#5102,#5110,#5111,#5112));
#5102 = ORIENTED_EDGE('',*,*,#5103,.F.);
#5103 = EDGE_CURVE('',#5080,#5104,#5106,.T.);
#5104 = VERTEX_POINT('',#5105);
#5105 = CARTESIAN_POINT('',(113.524,-51.8484,2.5));
#5106 = LINE('',#5107,#5108);
#5107 = CARTESIAN_POINT('',(112.866,-51.9103,2.5));
#5108 = VECTOR('',#5109,1.);
#5109 = DIRECTION('',(0.995604294347,9.365943133748E-02,0.));
#5110 = ORIENTED_EDGE('',*,*,#5089,.T.);
#5111 = ORIENTED_EDGE('',*,*,#3308,.F.);
#5112 = ORIENTED_EDGE('',*,*,#5113,.F.);
#5113 = EDGE_CURVE('',#5104,#3301,#5114,.T.);
#5114 = LINE('',#5115,#5116);
#5115 = CARTESIAN_POINT('',(113.524,-51.8484,2.5));
#5116 = VECTOR('',#5117,1.);
#5117 = DIRECTION('',(0.,0.,1.));
#5118 = PLANE('',#5119);
#5119 = AXIS2_PLACEMENT_3D('',#5120,#5121,#5122);
#5120 = CARTESIAN_POINT('',(112.866,-51.9103,2.5));
#5121 = DIRECTION('',(-9.365943133748E-02,0.995604294347,0.));
#5122 = DIRECTION('',(0.995604294347,9.365943133748E-02,0.));
#5123 = ADVANCED_FACE('',(#5124),#5142,.T.);
#5124 = FACE_BOUND('',#5125,.T.);
#5125 = EDGE_LOOP('',(#5126,#5134,#5135,#5136));
#5126 = ORIENTED_EDGE('',*,*,#5127,.F.);
#5127 = EDGE_CURVE('',#5104,#5128,#5130,.T.);
#5128 = VERTEX_POINT('',#5129);
#5129 = CARTESIAN_POINT('',(113.719,-51.8204,2.5));
#5130 = LINE('',#5131,#5132);
#5131 = CARTESIAN_POINT('',(113.524,-51.8484,2.5));
#5132 = VECTOR('',#5133,1.);
#5133 = DIRECTION('',(0.989847715736,0.142131979695,0.));
#5134 = ORIENTED_EDGE('',*,*,#5113,.T.);
#5135 = ORIENTED_EDGE('',*,*,#3300,.F.);
#5136 = ORIENTED_EDGE('',*,*,#5137,.F.);
#5137 = EDGE_CURVE('',#5128,#3293,#5138,.T.);
#5138 = LINE('',#5139,#5140);
#5139 = CARTESIAN_POINT('',(113.719,-51.8204,2.5));
#5140 = VECTOR('',#5141,1.);
#5141 = DIRECTION('',(0.,0.,1.));
#5142 = PLANE('',#5143);
#5143 = AXIS2_PLACEMENT_3D('',#5144,#5145,#5146);
#5144 = CARTESIAN_POINT('',(113.524,-51.8484,2.5));
#5145 = DIRECTION('',(-0.142131979695,0.989847715736,0.));
#5146 = DIRECTION('',(0.989847715736,0.142131979695,0.));
#5147 = ADVANCED_FACE('',(#5148),#5166,.T.);
#5148 = FACE_BOUND('',#5149,.T.);
#5149 = EDGE_LOOP('',(#5150,#5158,#5159,#5160));
#5150 = ORIENTED_EDGE('',*,*,#5151,.F.);
#5151 = EDGE_CURVE('',#5128,#5152,#5154,.T.);
#5152 = VERTEX_POINT('',#5153);
#5153 = CARTESIAN_POINT('',(114.06,-51.7541,2.5));
#5154 = LINE('',#5155,#5156);
#5155 = CARTESIAN_POINT('',(113.719,-51.8204,2.5));
#5156 = VECTOR('',#5157,1.);
#5157 = DIRECTION('',(0.981618385908,0.190854249225,0.));
#5158 = ORIENTED_EDGE('',*,*,#5137,.T.);
#5159 = ORIENTED_EDGE('',*,*,#3292,.F.);
#5160 = ORIENTED_EDGE('',*,*,#5161,.F.);
#5161 = EDGE_CURVE('',#5152,#3285,#5162,.T.);
#5162 = LINE('',#5163,#5164);
#5163 = CARTESIAN_POINT('',(114.06,-51.7541,2.5));
#5164 = VECTOR('',#5165,1.);
#5165 = DIRECTION('',(0.,0.,1.));
#5166 = PLANE('',#5167);
#5167 = AXIS2_PLACEMENT_3D('',#5168,#5169,#5170);
#5168 = CARTESIAN_POINT('',(113.719,-51.8204,2.5));
#5169 = DIRECTION('',(-0.190854249225,0.981618385908,0.));
#5170 = DIRECTION('',(0.981618385908,0.190854249225,0.));
#5171 = ADVANCED_FACE('',(#5172),#5190,.T.);
#5172 = FACE_BOUND('',#5173,.T.);
#5173 = EDGE_LOOP('',(#5174,#5182,#5183,#5184));
#5174 = ORIENTED_EDGE('',*,*,#5175,.F.);
#5175 = EDGE_CURVE('',#5152,#5176,#5178,.T.);
#5176 = VERTEX_POINT('',#5177);
#5177 = CARTESIAN_POINT('',(114.25,-51.7073,2.5));
#5178 = LINE('',#5179,#5180);
#5179 = CARTESIAN_POINT('',(114.06,-51.7541,2.5));
#5180 = VECTOR('',#5181,1.);
#5181 = DIRECTION('',(0.970978372816,0.239167304462,0.));
#5182 = ORIENTED_EDGE('',*,*,#5161,.T.);
#5183 = ORIENTED_EDGE('',*,*,#3284,.F.);
#5184 = ORIENTED_EDGE('',*,*,#5185,.F.);
#5185 = EDGE_CURVE('',#5176,#3277,#5186,.T.);
#5186 = LINE('',#5187,#5188);
#5187 = CARTESIAN_POINT('',(114.25,-51.7073,2.5));
#5188 = VECTOR('',#5189,1.);
#5189 = DIRECTION('',(0.,0.,1.));
#5190 = PLANE('',#5191);
#5191 = AXIS2_PLACEMENT_3D('',#5192,#5193,#5194);
#5192 = CARTESIAN_POINT('',(114.06,-51.7541,2.5));
#5193 = DIRECTION('',(-0.239167304462,0.970978372816,0.));
#5194 = DIRECTION('',(0.970978372816,0.239167304462,0.));
#5195 = ADVANCED_FACE('',(#5196),#5214,.T.);
#5196 = FACE_BOUND('',#5197,.T.);
#5197 = EDGE_LOOP('',(#5198,#5206,#5207,#5208));
#5198 = ORIENTED_EDGE('',*,*,#5199,.F.);
#5199 = EDGE_CURVE('',#5176,#5200,#5202,.T.);
#5200 = VERTEX_POINT('',#5201);
#5201 = CARTESIAN_POINT('',(114.884,-51.518,2.5));
#5202 = LINE('',#5203,#5204);
#5203 = CARTESIAN_POINT('',(114.25,-51.7073,2.5));
#5204 = VECTOR('',#5205,1.);
#5205 = DIRECTION('',(0.958199844941,0.286099732882,0.));
#5206 = ORIENTED_EDGE('',*,*,#5185,.T.);
#5207 = ORIENTED_EDGE('',*,*,#3276,.F.);
#5208 = ORIENTED_EDGE('',*,*,#5209,.F.);
#5209 = EDGE_CURVE('',#5200,#3269,#5210,.T.);
#5210 = LINE('',#5211,#5212);
#5211 = CARTESIAN_POINT('',(114.884,-51.518,2.5));
#5212 = VECTOR('',#5213,1.);
#5213 = DIRECTION('',(0.,0.,1.));
#5214 = PLANE('',#5215);
#5215 = AXIS2_PLACEMENT_3D('',#5216,#5217,#5218);
#5216 = CARTESIAN_POINT('',(114.25,-51.7073,2.5));
#5217 = DIRECTION('',(-0.286099732882,0.958199844941,0.));
#5218 = DIRECTION('',(0.958199844941,0.286099732882,0.));
#5219 = ADVANCED_FACE('',(#5220),#5238,.T.);
#5220 = FACE_BOUND('',#5221,.T.);
#5221 = EDGE_LOOP('',(#5222,#5230,#5231,#5232));
#5222 = ORIENTED_EDGE('',*,*,#5223,.F.);
#5223 = EDGE_CURVE('',#5200,#5224,#5226,.T.);
#5224 = VERTEX_POINT('',#5225);
#5225 = CARTESIAN_POINT('',(115.069,-51.4527,2.5));
#5226 = LINE('',#5227,#5228);
#5227 = CARTESIAN_POINT('',(114.884,-51.518,2.5));
#5228 = VECTOR('',#5229,1.);
#5229 = DIRECTION('',(0.942980923001,0.332846779849,0.));
#5230 = ORIENTED_EDGE('',*,*,#5209,.T.);
#5231 = ORIENTED_EDGE('',*,*,#3268,.F.);
#5232 = ORIENTED_EDGE('',*,*,#5233,.F.);
#5233 = EDGE_CURVE('',#5224,#3261,#5234,.T.);
#5234 = LINE('',#5235,#5236);
#5235 = CARTESIAN_POINT('',(115.069,-51.4527,2.5));
#5236 = VECTOR('',#5237,1.);
#5237 = DIRECTION('',(0.,0.,1.));
#5238 = PLANE('',#5239);
#5239 = AXIS2_PLACEMENT_3D('',#5240,#5241,#5242);
#5240 = CARTESIAN_POINT('',(114.884,-51.518,2.5));
#5241 = DIRECTION('',(-0.332846779849,0.942980923001,0.));
#5242 = DIRECTION('',(0.942980923001,0.332846779849,0.));
#5243 = ADVANCED_FACE('',(#5244),#5262,.T.);
#5244 = FACE_BOUND('',#5245,.T.);
#5245 = EDGE_LOOP('',(#5246,#5254,#5255,#5256));
#5246 = ORIENTED_EDGE('',*,*,#5247,.F.);
#5247 = EDGE_CURVE('',#5224,#5248,#5250,.T.);
#5248 = VERTEX_POINT('',#5249);
#5249 = CARTESIAN_POINT('',(115.391,-51.3211,2.5));
#5250 = LINE('',#5251,#5252);
#5251 = CARTESIAN_POINT('',(115.069,-51.4527,2.5));
#5252 = VECTOR('',#5253,1.);
#5253 = DIRECTION('',(0.925675122854,0.378319398036,0.));
#5254 = ORIENTED_EDGE('',*,*,#5233,.T.);
#5255 = ORIENTED_EDGE('',*,*,#3260,.F.);
#5256 = ORIENTED_EDGE('',*,*,#5257,.F.);
#5257 = EDGE_CURVE('',#5248,#3253,#5258,.T.);
#5258 = LINE('',#5259,#5260);
#5259 = CARTESIAN_POINT('',(115.391,-51.3211,2.5));
#5260 = VECTOR('',#5261,1.);
#5261 = DIRECTION('',(0.,0.,1.));
#5262 = PLANE('',#5263);
#5263 = AXIS2_PLACEMENT_3D('',#5264,#5265,#5266);
#5264 = CARTESIAN_POINT('',(115.069,-51.4527,2.5));
#5265 = DIRECTION('',(-0.378319398036,0.925675122854,0.));
#5266 = DIRECTION('',(0.925675122854,0.378319398036,0.));
#5267 = ADVANCED_FACE('',(#5268),#5286,.T.);
#5268 = FACE_BOUND('',#5269,.T.);
#5269 = EDGE_LOOP('',(#5270,#5278,#5279,#5280));
#5270 = ORIENTED_EDGE('',*,*,#5271,.F.);
#5271 = EDGE_CURVE('',#5248,#5272,#5274,.T.);
#5272 = VERTEX_POINT('',#5273);
#5273 = CARTESIAN_POINT('',(115.569,-51.2379,2.5));
#5274 = LINE('',#5275,#5276);
#5275 = CARTESIAN_POINT('',(115.391,-51.3211,2.5));
#5276 = VECTOR('',#5277,1.);
#5277 = DIRECTION('',(0.905922923537,0.423442624934,0.));
#5278 = ORIENTED_EDGE('',*,*,#5257,.T.);
#5279 = ORIENTED_EDGE('',*,*,#3252,.F.);
#5280 = ORIENTED_EDGE('',*,*,#5281,.F.);
#5281 = EDGE_CURVE('',#5272,#3245,#5282,.T.);
#5282 = LINE('',#5283,#5284);
#5283 = CARTESIAN_POINT('',(115.569,-51.2379,2.5));
#5284 = VECTOR('',#5285,1.);
#5285 = DIRECTION('',(0.,0.,1.));
#5286 = PLANE('',#5287);
#5287 = AXIS2_PLACEMENT_3D('',#5288,#5289,#5290);
#5288 = CARTESIAN_POINT('',(115.391,-51.3211,2.5));
#5289 = DIRECTION('',(-0.423442624934,0.905922923537,0.));
#5290 = DIRECTION('',(0.905922923537,0.423442624934,0.));
#5291 = ADVANCED_FACE('',(#5292),#5310,.T.);
#5292 = FACE_BOUND('',#5293,.T.);
#5293 = EDGE_LOOP('',(#5294,#5302,#5303,#5304));
#5294 = ORIENTED_EDGE('',*,*,#5295,.F.);
#5295 = EDGE_CURVE('',#5272,#5296,#5298,.T.);
#5296 = VERTEX_POINT('',#5297);
#5297 = CARTESIAN_POINT('',(116.153,-50.9287,2.5));
#5298 = LINE('',#5299,#5300);
#5299 = CARTESIAN_POINT('',(115.569,-51.2379,2.5));
#5300 = VECTOR('',#5301,1.);
#5301 = DIRECTION('',(0.88377319181,0.467915532376,0.));
#5302 = ORIENTED_EDGE('',*,*,#5281,.T.);
#5303 = ORIENTED_EDGE('',*,*,#3244,.F.);
#5304 = ORIENTED_EDGE('',*,*,#5305,.F.);
#5305 = EDGE_CURVE('',#5296,#3237,#5306,.T.);
#5306 = LINE('',#5307,#5308);
#5307 = CARTESIAN_POINT('',(116.153,-50.9287,2.5));
#5308 = VECTOR('',#5309,1.);
#5309 = DIRECTION('',(0.,0.,1.));
#5310 = PLANE('',#5311);
#5311 = AXIS2_PLACEMENT_3D('',#5312,#5313,#5314);
#5312 = CARTESIAN_POINT('',(115.569,-51.2379,2.5));
#5313 = DIRECTION('',(-0.467915532376,0.88377319181,0.));
#5314 = DIRECTION('',(0.88377319181,0.467915532376,0.));
#5315 = ADVANCED_FACE('',(#5316),#5334,.T.);
#5316 = FACE_BOUND('',#5317,.T.);
#5317 = EDGE_LOOP('',(#5318,#5326,#5327,#5328));
#5318 = ORIENTED_EDGE('',*,*,#5319,.F.);
#5319 = EDGE_CURVE('',#5296,#5320,#5322,.T.);
#5320 = VERTEX_POINT('',#5321);
#5321 = CARTESIAN_POINT('',(116.322,-50.8286,2.5));
#5322 = LINE('',#5323,#5324);
#5323 = CARTESIAN_POINT('',(116.153,-50.9287,2.5));
#5324 = VECTOR('',#5325,1.);
#5325 = DIRECTION('',(0.860399022388,0.509620959414,0.));
#5326 = ORIENTED_EDGE('',*,*,#5305,.T.);
#5327 = ORIENTED_EDGE('',*,*,#3236,.F.);
#5328 = ORIENTED_EDGE('',*,*,#5329,.F.);
#5329 = EDGE_CURVE('',#5320,#3229,#5330,.T.);
#5330 = LINE('',#5331,#5332);
#5331 = CARTESIAN_POINT('',(116.322,-50.8286,2.5));
#5332 = VECTOR('',#5333,1.);
#5333 = DIRECTION('',(0.,0.,1.));
#5334 = PLANE('',#5335);
#5335 = AXIS2_PLACEMENT_3D('',#5336,#5337,#5338);
#5336 = CARTESIAN_POINT('',(116.153,-50.9287,2.5));
#5337 = DIRECTION('',(-0.509620959414,0.860399022388,0.));
#5338 = DIRECTION('',(0.860399022388,0.509620959414,0.));
#5339 = ADVANCED_FACE('',(#5340),#5358,.T.);
#5340 = FACE_BOUND('',#5341,.T.);
#5341 = EDGE_LOOP('',(#5342,#5350,#5351,#5352));
#5342 = ORIENTED_EDGE('',*,*,#5343,.F.);
#5343 = EDGE_CURVE('',#5320,#5344,#5346,.T.);
#5344 = VERTEX_POINT('',#5345);
#5345 = CARTESIAN_POINT('',(116.612,-50.6367,2.5));
#5346 = LINE('',#5347,#5348);
#5347 = CARTESIAN_POINT('',(116.322,-50.8286,2.5));
#5348 = VECTOR('',#5349,1.);
#5349 = DIRECTION('',(0.833947775338,0.551843372715,0.));
#5350 = ORIENTED_EDGE('',*,*,#5329,.T.);
#5351 = ORIENTED_EDGE('',*,*,#3228,.F.);
#5352 = ORIENTED_EDGE('',*,*,#5353,.F.);
#5353 = EDGE_CURVE('',#5344,#3221,#5354,.T.);
#5354 = LINE('',#5355,#5356);
#5355 = CARTESIAN_POINT('',(116.612,-50.6367,2.5));
#5356 = VECTOR('',#5357,1.);
#5357 = DIRECTION('',(0.,0.,1.));
#5358 = PLANE('',#5359);
#5359 = AXIS2_PLACEMENT_3D('',#5360,#5361,#5362);
#5360 = CARTESIAN_POINT('',(116.322,-50.8286,2.5));
#5361 = DIRECTION('',(-0.551843372715,0.833947775338,0.));
#5362 = DIRECTION('',(0.833947775338,0.551843372715,0.));
#5363 = ADVANCED_FACE('',(#5364),#5382,.T.);
#5364 = FACE_BOUND('',#5365,.T.);
#5365 = EDGE_LOOP('',(#5366,#5374,#5375,#5376));
#5366 = ORIENTED_EDGE('',*,*,#5367,.F.);
#5367 = EDGE_CURVE('',#5344,#5368,#5370,.T.);
#5368 = VERTEX_POINT('',#5369);
#5369 = CARTESIAN_POINT('',(116.77,-50.5205,2.5));
#5370 = LINE('',#5371,#5372);
#5371 = CARTESIAN_POINT('',(116.612,-50.6367,2.5));
#5372 = VECTOR('',#5373,1.);
#5373 = DIRECTION('',(0.805593752349,0.592468316601,0.));
#5374 = ORIENTED_EDGE('',*,*,#5353,.T.);
#5375 = ORIENTED_EDGE('',*,*,#3220,.F.);
#5376 = ORIENTED_EDGE('',*,*,#5377,.F.);
#5377 = EDGE_CURVE('',#5368,#3213,#5378,.T.);
#5378 = LINE('',#5379,#5380);
#5379 = CARTESIAN_POINT('',(116.77,-50.5205,2.5));
#5380 = VECTOR('',#5381,1.);
#5381 = DIRECTION('',(0.,0.,1.));
#5382 = PLANE('',#5383);
#5383 = AXIS2_PLACEMENT_3D('',#5384,#5385,#5386);
#5384 = CARTESIAN_POINT('',(116.612,-50.6367,2.5));
#5385 = DIRECTION('',(-0.592468316601,0.805593752349,0.));
#5386 = DIRECTION('',(0.805593752349,0.592468316601,0.));
#5387 = ADVANCED_FACE('',(#5388),#5406,.T.);
#5388 = FACE_BOUND('',#5389,.T.);
#5389 = EDGE_LOOP('',(#5390,#5398,#5399,#5400));
#5390 = ORIENTED_EDGE('',*,*,#5391,.F.);
#5391 = EDGE_CURVE('',#5368,#5392,#5394,.T.);
#5392 = VERTEX_POINT('',#5393);
#5393 = CARTESIAN_POINT('',(117.283,-50.1032,2.5));
#5394 = LINE('',#5395,#5396);
#5395 = CARTESIAN_POINT('',(116.77,-50.5205,2.5));
#5396 = VECTOR('',#5397,1.);
#5397 = DIRECTION('',(0.775753082522,0.631036571806,0.));
#5398 = ORIENTED_EDGE('',*,*,#5377,.T.);
#5399 = ORIENTED_EDGE('',*,*,#3212,.F.);
#5400 = ORIENTED_EDGE('',*,*,#5401,.F.);
#5401 = EDGE_CURVE('',#5392,#3205,#5402,.T.);
#5402 = LINE('',#5403,#5404);
#5403 = CARTESIAN_POINT('',(117.283,-50.1032,2.5));
#5404 = VECTOR('',#5405,1.);
#5405 = DIRECTION('',(0.,0.,1.));
#5406 = PLANE('',#5407);
#5407 = AXIS2_PLACEMENT_3D('',#5408,#5409,#5410);
#5408 = CARTESIAN_POINT('',(116.77,-50.5205,2.5));
#5409 = DIRECTION('',(-0.631036571806,0.775753082522,0.));
#5410 = DIRECTION('',(0.775753082522,0.631036571806,0.));
#5411 = ADVANCED_FACE('',(#5412),#5430,.T.);
#5412 = FACE_BOUND('',#5413,.T.);
#5413 = EDGE_LOOP('',(#5414,#5422,#5423,#5424));
#5414 = ORIENTED_EDGE('',*,*,#5415,.F.);
#5415 = EDGE_CURVE('',#5392,#5416,#5418,.T.);
#5416 = VERTEX_POINT('',#5417);
#5417 = CARTESIAN_POINT('',(117.429,-49.972,2.5));
#5418 = LINE('',#5419,#5420);
#5419 = CARTESIAN_POINT('',(117.283,-50.1032,2.5));
#5420 = VECTOR('',#5421,1.);
#5421 = DIRECTION('',(0.743800570872,0.668401608893,0.));
#5422 = ORIENTED_EDGE('',*,*,#5401,.T.);
#5423 = ORIENTED_EDGE('',*,*,#3204,.F.);
#5424 = ORIENTED_EDGE('',*,*,#5425,.F.);
#5425 = EDGE_CURVE('',#5416,#3197,#5426,.T.);
#5426 = LINE('',#5427,#5428);
#5427 = CARTESIAN_POINT('',(117.429,-49.972,2.5));
#5428 = VECTOR('',#5429,1.);
#5429 = DIRECTION('',(0.,0.,1.));
#5430 = PLANE('',#5431);
#5431 = AXIS2_PLACEMENT_3D('',#5432,#5433,#5434);
#5432 = CARTESIAN_POINT('',(117.283,-50.1032,2.5));
#5433 = DIRECTION('',(-0.668401608893,0.743800570872,0.));
#5434 = DIRECTION('',(0.743800570872,0.668401608893,0.));
#5435 = ADVANCED_FACE('',(#5436),#5454,.T.);
#5436 = FACE_BOUND('',#5437,.T.);
#5437 = EDGE_LOOP('',(#5438,#5446,#5447,#5448));
#5438 = ORIENTED_EDGE('',*,*,#5439,.F.);
#5439 = EDGE_CURVE('',#5416,#5440,#5442,.T.);
#5440 = VERTEX_POINT('',#5441);
#5441 = CARTESIAN_POINT('',(117.676,-49.7272,2.5));
#5442 = LINE('',#5443,#5444);
#5443 = CARTESIAN_POINT('',(117.429,-49.972,2.5));
#5444 = VECTOR('',#5445,1.);
#5445 = DIRECTION('',(0.710262820117,0.70393659257,0.));
#5446 = ORIENTED_EDGE('',*,*,#5425,.T.);
#5447 = ORIENTED_EDGE('',*,*,#3196,.F.);
#5448 = ORIENTED_EDGE('',*,*,#5449,.F.);
#5449 = EDGE_CURVE('',#5440,#3189,#5450,.T.);
#5450 = LINE('',#5451,#5452);
#5451 = CARTESIAN_POINT('',(117.676,-49.7272,2.5));
#5452 = VECTOR('',#5453,1.);
#5453 = DIRECTION('',(0.,0.,1.));
#5454 = PLANE('',#5455);
#5455 = AXIS2_PLACEMENT_3D('',#5456,#5457,#5458);
#5456 = CARTESIAN_POINT('',(117.429,-49.972,2.5));
#5457 = DIRECTION('',(-0.70393659257,0.710262820117,0.));
#5458 = DIRECTION('',(0.710262820117,0.70393659257,0.));
#5459 = ADVANCED_FACE('',(#5460),#5478,.T.);
#5460 = FACE_BOUND('',#5461,.T.);
#5461 = EDGE_LOOP('',(#5462,#5470,#5471,#5472));
#5462 = ORIENTED_EDGE('',*,*,#5463,.F.);
#5463 = EDGE_CURVE('',#5440,#5464,#5466,.T.);
#5464 = VERTEX_POINT('',#5465);
#5465 = CARTESIAN_POINT('',(117.809,-49.5824,2.5));
#5466 = LINE('',#5467,#5468);
#5467 = CARTESIAN_POINT('',(117.676,-49.7272,2.5));
#5468 = VECTOR('',#5469,1.);
#5469 = DIRECTION('',(0.676461306363,0.736478174146,0.));
#5470 = ORIENTED_EDGE('',*,*,#5449,.T.);
#5471 = ORIENTED_EDGE('',*,*,#3188,.F.);
#5472 = ORIENTED_EDGE('',*,*,#5473,.F.);
#5473 = EDGE_CURVE('',#5464,#3181,#5474,.T.);
#5474 = LINE('',#5475,#5476);
#5475 = CARTESIAN_POINT('',(117.809,-49.5824,2.5));
#5476 = VECTOR('',#5477,1.);
#5477 = DIRECTION('',(0.,0.,1.));
#5478 = PLANE('',#5479);
#5479 = AXIS2_PLACEMENT_3D('',#5480,#5481,#5482);
#5480 = CARTESIAN_POINT('',(117.676,-49.7272,2.5));
#5481 = DIRECTION('',(-0.736478174146,0.676461306363,0.));
#5482 = DIRECTION('',(0.676461306363,0.736478174146,0.));
#5483 = ADVANCED_FACE('',(#5484),#5502,.T.);
#5484 = FACE_BOUND('',#5485,.T.);
#5485 = EDGE_LOOP('',(#5486,#5494,#5495,#5496));
#5486 = ORIENTED_EDGE('',*,*,#5487,.F.);
#5487 = EDGE_CURVE('',#5464,#5488,#5490,.T.);
#5488 = VERTEX_POINT('',#5489);
#5489 = CARTESIAN_POINT('',(118.25,-49.0493,2.5));
#5490 = LINE('',#5491,#5492);
#5491 = CARTESIAN_POINT('',(117.809,-49.5824,2.5));
#5492 = VECTOR('',#5493,1.);
#5493 = DIRECTION('',(0.637407965065,0.770526499266,0.));
#5494 = ORIENTED_EDGE('',*,*,#5473,.T.);
#5495 = ORIENTED_EDGE('',*,*,#3180,.F.);
#5496 = ORIENTED_EDGE('',*,*,#5497,.F.);
#5497 = EDGE_CURVE('',#5488,#3173,#5498,.T.);
#5498 = LINE('',#5499,#5500);
#5499 = CARTESIAN_POINT('',(118.25,-49.0493,2.5));
#5500 = VECTOR('',#5501,1.);
#5501 = DIRECTION('',(0.,0.,1.));
#5502 = PLANE('',#5503);
#5503 = AXIS2_PLACEMENT_3D('',#5504,#5505,#5506);
#5504 = CARTESIAN_POINT('',(117.809,-49.5824,2.5));
#5505 = DIRECTION('',(-0.770526499266,0.637407965065,0.));
#5506 = DIRECTION('',(0.637407965065,0.770526499266,0.));
#5507 = ADVANCED_FACE('',(#5508),#5526,.T.);
#5508 = FACE_BOUND('',#5509,.T.);
#5509 = EDGE_LOOP('',(#5510,#5518,#5519,#5520));
#5510 = ORIENTED_EDGE('',*,*,#5511,.F.);
#5511 = EDGE_CURVE('',#5488,#5512,#5514,.T.);
#5512 = VERTEX_POINT('',#5513);
#5513 = CARTESIAN_POINT('',(118.311,-48.9722,2.5));
#5514 = LINE('',#5515,#5516);
#5515 = CARTESIAN_POINT('',(118.25,-49.0493,2.5));
#5516 = VECTOR('',#5517,1.);
#5517 = DIRECTION('',(0.620468437572,0.784231418636,0.));
#5518 = ORIENTED_EDGE('',*,*,#5497,.T.);
#5519 = ORIENTED_EDGE('',*,*,#3172,.F.);
#5520 = ORIENTED_EDGE('',*,*,#5521,.F.);
#5521 = EDGE_CURVE('',#5512,#3165,#5522,.T.);
#5522 = LINE('',#5523,#5524);
#5523 = CARTESIAN_POINT('',(118.311,-48.9722,2.5));
#5524 = VECTOR('',#5525,1.);
#5525 = DIRECTION('',(0.,0.,1.));
#5526 = PLANE('',#5527);
#5527 = AXIS2_PLACEMENT_3D('',#5528,#5529,#5530);
#5528 = CARTESIAN_POINT('',(118.25,-49.0493,2.5));
#5529 = DIRECTION('',(-0.784231418636,0.620468437572,0.));
#5530 = DIRECTION('',(0.620468437572,0.784231418636,0.));
#5531 = ADVANCED_FACE('',(#5532),#5550,.T.);
#5532 = FACE_BOUND('',#5533,.T.);
#5533 = EDGE_LOOP('',(#5534,#5542,#5543,#5544));
#5534 = ORIENTED_EDGE('',*,*,#5535,.F.);
#5535 = EDGE_CURVE('',#5512,#5536,#5538,.T.);
#5536 = VERTEX_POINT('',#5537);
#5537 = CARTESIAN_POINT('',(118.415,-48.8328,2.5));
#5538 = LINE('',#5539,#5540);
#5539 = CARTESIAN_POINT('',(118.311,-48.9722,2.5));
#5540 = VECTOR('',#5541,1.);
#5541 = DIRECTION('',(0.597974167326,0.801515374282,0.));
#5542 = ORIENTED_EDGE('',*,*,#5521,.T.);
#5543 = ORIENTED_EDGE('',*,*,#3164,.F.);
#5544 = ORIENTED_EDGE('',*,*,#5545,.F.);
#5545 = EDGE_CURVE('',#5536,#3157,#5546,.T.);
#5546 = LINE('',#5547,#5548);
#5547 = CARTESIAN_POINT('',(118.415,-48.8328,2.5));
#5548 = VECTOR('',#5549,1.);
#5549 = DIRECTION('',(0.,0.,1.));
#5550 = PLANE('',#5551);
#5551 = AXIS2_PLACEMENT_3D('',#5552,#5553,#5554);
#5552 = CARTESIAN_POINT('',(118.311,-48.9722,2.5));
#5553 = DIRECTION('',(-0.801515374282,0.597974167326,0.));
#5554 = DIRECTION('',(0.597974167326,0.801515374282,0.));
#5555 = ADVANCED_FACE('',(#5556),#5574,.T.);
#5556 = FACE_BOUND('',#5557,.T.);
#5557 = EDGE_LOOP('',(#5558,#5566,#5567,#5568));
#5558 = ORIENTED_EDGE('',*,*,#5559,.F.);
#5559 = EDGE_CURVE('',#5536,#5560,#5562,.T.);
#5560 = VERTEX_POINT('',#5561);
#5561 = CARTESIAN_POINT('',(118.472,-48.7528,2.5));
#5562 = LINE('',#5563,#5564);
#5563 = CARTESIAN_POINT('',(118.415,-48.8328,2.5));
#5564 = VECTOR('',#5565,1.);
#5565 = DIRECTION('',(0.580274789188,0.814420756755,0.));
#5566 = ORIENTED_EDGE('',*,*,#5545,.T.);
#5567 = ORIENTED_EDGE('',*,*,#3156,.F.);
#5568 = ORIENTED_EDGE('',*,*,#5569,.F.);
#5569 = EDGE_CURVE('',#5560,#3149,#5570,.T.);
#5570 = LINE('',#5571,#5572);
#5571 = CARTESIAN_POINT('',(118.472,-48.7528,2.5));
#5572 = VECTOR('',#5573,1.);
#5573 = DIRECTION('',(0.,0.,1.));
#5574 = PLANE('',#5575);
#5575 = AXIS2_PLACEMENT_3D('',#5576,#5577,#5578);
#5576 = CARTESIAN_POINT('',(118.415,-48.8328,2.5));
#5577 = DIRECTION('',(-0.814420756755,0.580274789188,0.));
#5578 = DIRECTION('',(0.580274789188,0.814420756755,0.));
#5579 = ADVANCED_FACE('',(#5580),#5598,.T.);
#5580 = FACE_BOUND('',#5581,.T.);
#5581 = EDGE_LOOP('',(#5582,#5590,#5591,#5592));
#5582 = ORIENTED_EDGE('',*,*,#5583,.F.);
#5583 = EDGE_CURVE('',#5560,#5584,#5586,.T.);
#5584 = VERTEX_POINT('',#5585);
#5585 = CARTESIAN_POINT('',(130.103,-31.5085,2.5));
#5586 = LINE('',#5587,#5588);
#5587 = CARTESIAN_POINT('',(118.472,-48.7528,2.5));
#5588 = VECTOR('',#5589,1.);
#5589 = DIRECTION('',(0.559178786775,0.829047094212,0.));
#5590 = ORIENTED_EDGE('',*,*,#5569,.T.);
#5591 = ORIENTED_EDGE('',*,*,#3148,.F.);
#5592 = ORIENTED_EDGE('',*,*,#5593,.F.);
#5593 = EDGE_CURVE('',#5584,#3141,#5594,.T.);
#5594 = LINE('',#5595,#5596);
#5595 = CARTESIAN_POINT('',(130.103,-31.5085,2.5));
#5596 = VECTOR('',#5597,1.);
#5597 = DIRECTION('',(0.,0.,1.));
#5598 = PLANE('',#5599);
#5599 = AXIS2_PLACEMENT_3D('',#5600,#5601,#5602);
#5600 = CARTESIAN_POINT('',(118.472,-48.7528,2.5));
#5601 = DIRECTION('',(-0.829047094212,0.559178786775,0.));
#5602 = DIRECTION('',(0.559178786775,0.829047094212,0.));
#5603 = ADVANCED_FACE('',(#5604),#5622,.T.);
#5604 = FACE_BOUND('',#5605,.T.);
#5605 = EDGE_LOOP('',(#5606,#5614,#5615,#5616));
#5606 = ORIENTED_EDGE('',*,*,#5607,.F.);
#5607 = EDGE_CURVE('',#5584,#5608,#5610,.T.);
#5608 = VERTEX_POINT('',#5609);
#5609 = CARTESIAN_POINT('',(130.156,-31.4258,2.5));
#5610 = LINE('',#5611,#5612);
#5611 = CARTESIAN_POINT('',(130.103,-31.5085,2.5));
#5612 = VECTOR('',#5613,1.);
#5613 = DIRECTION('',(0.539573603371,0.84193843394,0.));
#5614 = ORIENTED_EDGE('',*,*,#5593,.T.);
#5615 = ORIENTED_EDGE('',*,*,#3140,.F.);
#5616 = ORIENTED_EDGE('',*,*,#5617,.F.);
#5617 = EDGE_CURVE('',#5608,#3133,#5618,.T.);
#5618 = LINE('',#5619,#5620);
#5619 = CARTESIAN_POINT('',(130.156,-31.4258,2.5));
#5620 = VECTOR('',#5621,1.);
#5621 = DIRECTION('',(0.,0.,1.));
#5622 = PLANE('',#5623);
#5623 = AXIS2_PLACEMENT_3D('',#5624,#5625,#5626);
#5624 = CARTESIAN_POINT('',(130.103,-31.5085,2.5));
#5625 = DIRECTION('',(-0.84193843394,0.539573603371,0.));
#5626 = DIRECTION('',(0.539573603371,0.84193843394,0.));
#5627 = ADVANCED_FACE('',(#5628),#5646,.T.);
#5628 = FACE_BOUND('',#5629,.T.);
#5629 = EDGE_LOOP('',(#5630,#5638,#5639,#5640));
#5630 = ORIENTED_EDGE('',*,*,#5631,.F.);
#5631 = EDGE_CURVE('',#5608,#5632,#5634,.T.);
#5632 = VERTEX_POINT('',#5633);
#5633 = CARTESIAN_POINT('',(130.246,-31.2768,2.5));
#5634 = LINE('',#5635,#5636);
#5635 = CARTESIAN_POINT('',(130.156,-31.4258,2.5));
#5636 = VECTOR('',#5637,1.);
#5637 = DIRECTION('',(0.517027958915,0.85596850976,0.));
#5638 = ORIENTED_EDGE('',*,*,#5617,.T.);
#5639 = ORIENTED_EDGE('',*,*,#3132,.F.);
#5640 = ORIENTED_EDGE('',*,*,#5641,.F.);
#5641 = EDGE_CURVE('',#5632,#3125,#5642,.T.);
#5642 = LINE('',#5643,#5644);
#5643 = CARTESIAN_POINT('',(130.246,-31.2768,2.5));
#5644 = VECTOR('',#5645,1.);
#5645 = DIRECTION('',(0.,0.,1.));
#5646 = PLANE('',#5647);
#5647 = AXIS2_PLACEMENT_3D('',#5648,#5649,#5650);
#5648 = CARTESIAN_POINT('',(130.156,-31.4258,2.5));
#5649 = DIRECTION('',(-0.85596850976,0.517027958915,0.));
#5650 = DIRECTION('',(0.517027958915,0.85596850976,0.));
#5651 = ADVANCED_FACE('',(#5652),#5670,.T.);
#5652 = FACE_BOUND('',#5653,.T.);
#5653 = EDGE_LOOP('',(#5654,#5662,#5663,#5664));
#5654 = ORIENTED_EDGE('',*,*,#5655,.F.);
#5655 = EDGE_CURVE('',#5632,#5656,#5658,.T.);
#5656 = VERTEX_POINT('',#5657);
#5657 = CARTESIAN_POINT('',(130.295,-31.1916,2.5));
#5658 = LINE('',#5659,#5660);
#5659 = CARTESIAN_POINT('',(130.246,-31.2768,2.5));
#5660 = VECTOR('',#5661,1.);
#5661 = DIRECTION('',(0.49854758594,0.866862333104,0.));
#5662 = ORIENTED_EDGE('',*,*,#5641,.T.);
#5663 = ORIENTED_EDGE('',*,*,#3124,.F.);
#5664 = ORIENTED_EDGE('',*,*,#5665,.F.);
#5665 = EDGE_CURVE('',#5656,#3117,#5666,.T.);
#5666 = LINE('',#5667,#5668);
#5667 = CARTESIAN_POINT('',(130.295,-31.1916,2.5));
#5668 = VECTOR('',#5669,1.);
#5669 = DIRECTION('',(0.,0.,1.));
#5670 = PLANE('',#5671);
#5671 = AXIS2_PLACEMENT_3D('',#5672,#5673,#5674);
#5672 = CARTESIAN_POINT('',(130.246,-31.2768,2.5));
#5673 = DIRECTION('',(-0.866862333104,0.49854758594,0.));
#5674 = DIRECTION('',(0.49854758594,0.866862333104,0.));
#5675 = ADVANCED_FACE('',(#5676),#5694,.T.);
#5676 = FACE_BOUND('',#5677,.T.);
#5677 = EDGE_LOOP('',(#5678,#5686,#5687,#5688));
#5678 = ORIENTED_EDGE('',*,*,#5679,.F.);
#5679 = EDGE_CURVE('',#5656,#5680,#5682,.T.);
#5680 = VERTEX_POINT('',#5681);
#5681 = CARTESIAN_POINT('',(130.624,-30.5827,2.5));
#5682 = LINE('',#5683,#5684);
#5683 = CARTESIAN_POINT('',(130.295,-31.1916,2.5));
#5684 = VECTOR('',#5685,1.);
#5685 = DIRECTION('',(0.475365923322,0.879788178452,0.));
#5686 = ORIENTED_EDGE('',*,*,#5665,.T.);
#5687 = ORIENTED_EDGE('',*,*,#3116,.F.);
#5688 = ORIENTED_EDGE('',*,*,#5689,.F.);
#5689 = EDGE_CURVE('',#5680,#3109,#5690,.T.);
#5690 = LINE('',#5691,#5692);
#5691 = CARTESIAN_POINT('',(130.624,-30.5827,2.5));
#5692 = VECTOR('',#5693,1.);
#5693 = DIRECTION('',(0.,0.,1.));
#5694 = PLANE('',#5695);
#5695 = AXIS2_PLACEMENT_3D('',#5696,#5697,#5698);
#5696 = CARTESIAN_POINT('',(130.295,-31.1916,2.5));
#5697 = DIRECTION('',(-0.879788178452,0.475365923322,0.));
#5698 = DIRECTION('',(0.475365923322,0.879788178452,0.));
#5699 = ADVANCED_FACE('',(#5700),#5718,.T.);
#5700 = FACE_BOUND('',#5701,.T.);
#5701 = EDGE_LOOP('',(#5702,#5710,#5711,#5712));
#5702 = ORIENTED_EDGE('',*,*,#5703,.F.);
#5703 = EDGE_CURVE('',#5680,#5704,#5706,.T.);
#5704 = VERTEX_POINT('',#5705);
#5705 = CARTESIAN_POINT('',(130.709,-30.4057,2.5));
#5706 = LINE('',#5707,#5708);
#5707 = CARTESIAN_POINT('',(130.624,-30.5827,2.5));
#5708 = VECTOR('',#5709,1.);
#5709 = DIRECTION('',(0.432896629257,0.901443569159,0.));
#5710 = ORIENTED_EDGE('',*,*,#5689,.T.);
#5711 = ORIENTED_EDGE('',*,*,#3108,.F.);
#5712 = ORIENTED_EDGE('',*,*,#5713,.F.);
#5713 = EDGE_CURVE('',#5704,#3101,#5714,.T.);
#5714 = LINE('',#5715,#5716);
#5715 = CARTESIAN_POINT('',(130.709,-30.4057,2.5));
#5716 = VECTOR('',#5717,1.);
#5717 = DIRECTION('',(0.,0.,1.));
#5718 = PLANE('',#5719);
#5719 = AXIS2_PLACEMENT_3D('',#5720,#5721,#5722);
#5720 = CARTESIAN_POINT('',(130.624,-30.5827,2.5));
#5721 = DIRECTION('',(-0.901443569159,0.432896629257,0.));
#5722 = DIRECTION('',(0.432896629257,0.901443569159,0.));
#5723 = ADVANCED_FACE('',(#5724),#5742,.T.);
#5724 = FACE_BOUND('',#5725,.T.);
#5725 = EDGE_LOOP('',(#5726,#5734,#5735,#5736));
#5726 = ORIENTED_EDGE('',*,*,#5727,.F.);
#5727 = EDGE_CURVE('',#5704,#5728,#5730,.T.);
#5728 = VERTEX_POINT('',#5729);
#5729 = CARTESIAN_POINT('',(130.843,-30.085,2.5));
#5730 = LINE('',#5731,#5732);
#5731 = CARTESIAN_POINT('',(130.709,-30.4057,2.5));
#5732 = VECTOR('',#5733,1.);
#5733 = DIRECTION('',(0.385534511349,0.922693416341,0.));
#5734 = ORIENTED_EDGE('',*,*,#5713,.T.);
#5735 = ORIENTED_EDGE('',*,*,#3100,.F.);
#5736 = ORIENTED_EDGE('',*,*,#5737,.F.);
#5737 = EDGE_CURVE('',#5728,#3093,#5738,.T.);
#5738 = LINE('',#5739,#5740);
#5739 = CARTESIAN_POINT('',(130.843,-30.085,2.5));
#5740 = VECTOR('',#5741,1.);
#5741 = DIRECTION('',(0.,0.,1.));
#5742 = PLANE('',#5743);
#5743 = AXIS2_PLACEMENT_3D('',#5744,#5745,#5746);
#5744 = CARTESIAN_POINT('',(130.709,-30.4057,2.5));
#5745 = DIRECTION('',(-0.922693416341,0.385534511349,0.));
#5746 = DIRECTION('',(0.385534511349,0.922693416341,0.));
#5747 = ADVANCED_FACE('',(#5748),#5766,.T.);
#5748 = FACE_BOUND('',#5749,.T.);
#5749 = EDGE_LOOP('',(#5750,#5758,#5759,#5760));
#5750 = ORIENTED_EDGE('',*,*,#5751,.F.);
#5751 = EDGE_CURVE('',#5728,#5752,#5754,.T.);
#5752 = VERTEX_POINT('',#5753);
#5753 = CARTESIAN_POINT('',(130.91,-29.9005,2.5));
#5754 = LINE('',#5755,#5756);
#5755 = CARTESIAN_POINT('',(130.843,-30.085,2.5));
#5756 = VECTOR('',#5757,1.);
#5757 = DIRECTION('',(0.341333980298,0.939942080074,0.));
#5758 = ORIENTED_EDGE('',*,*,#5737,.T.);
#5759 = ORIENTED_EDGE('',*,*,#3092,.F.);
#5760 = ORIENTED_EDGE('',*,*,#5761,.F.);
#5761 = EDGE_CURVE('',#5752,#3085,#5762,.T.);
#5762 = LINE('',#5763,#5764);
#5763 = CARTESIAN_POINT('',(130.91,-29.9005,2.5));
#5764 = VECTOR('',#5765,1.);
#5765 = DIRECTION('',(0.,0.,1.));
#5766 = PLANE('',#5767);
#5767 = AXIS2_PLACEMENT_3D('',#5768,#5769,#5770);
#5768 = CARTESIAN_POINT('',(130.843,-30.085,2.5));
#5769 = DIRECTION('',(-0.939942080074,0.341333980298,0.));
#5770 = DIRECTION('',(0.341333980298,0.939942080074,0.));
#5771 = ADVANCED_FACE('',(#5772),#5790,.T.);
#5772 = FACE_BOUND('',#5773,.T.);
#5773 = EDGE_LOOP('',(#5774,#5782,#5783,#5784));
#5774 = ORIENTED_EDGE('',*,*,#5775,.F.);
#5775 = EDGE_CURVE('',#5752,#5776,#5778,.T.);
#5776 = VERTEX_POINT('',#5777);
#5777 = CARTESIAN_POINT('',(131.105,-29.2685,2.5));
#5778 = LINE('',#5779,#5780);
#5779 = CARTESIAN_POINT('',(130.91,-29.9005,2.5));
#5780 = VECTOR('',#5781,1.);
#5781 = DIRECTION('',(0.294829473794,0.955549884298,0.));
#5782 = ORIENTED_EDGE('',*,*,#5761,.T.);
#5783 = ORIENTED_EDGE('',*,*,#3084,.F.);
#5784 = ORIENTED_EDGE('',*,*,#5785,.F.);
#5785 = EDGE_CURVE('',#5776,#3077,#5786,.T.);
#5786 = LINE('',#5787,#5788);
#5787 = CARTESIAN_POINT('',(131.105,-29.2685,2.5));
#5788 = VECTOR('',#5789,1.);
#5789 = DIRECTION('',(0.,0.,1.));
#5790 = PLANE('',#5791);
#5791 = AXIS2_PLACEMENT_3D('',#5792,#5793,#5794);
#5792 = CARTESIAN_POINT('',(130.91,-29.9005,2.5));
#5793 = DIRECTION('',(-0.955549884298,0.294829473794,0.));
#5794 = DIRECTION('',(0.294829473794,0.955549884298,0.));
#5795 = ADVANCED_FACE('',(#5796),#5814,.T.);
#5796 = FACE_BOUND('',#5797,.T.);
#5797 = EDGE_LOOP('',(#5798,#5806,#5807,#5808));
#5798 = ORIENTED_EDGE('',*,*,#5799,.F.);
#5799 = EDGE_CURVE('',#5776,#5800,#5802,.T.);
#5800 = VERTEX_POINT('',#5801);
#5801 = CARTESIAN_POINT('',(131.153,-29.0784,2.5));
#5802 = LINE('',#5803,#5804);
#5803 = CARTESIAN_POINT('',(131.105,-29.2685,2.5));
#5804 = VECTOR('',#5805,1.);
#5805 = DIRECTION('',(0.244815095752,0.969569785468,0.));
#5806 = ORIENTED_EDGE('',*,*,#5785,.T.);
#5807 = ORIENTED_EDGE('',*,*,#3076,.F.);
#5808 = ORIENTED_EDGE('',*,*,#5809,.F.);
#5809 = EDGE_CURVE('',#5800,#3069,#5810,.T.);
#5810 = LINE('',#5811,#5812);
#5811 = CARTESIAN_POINT('',(131.153,-29.0784,2.5));
#5812 = VECTOR('',#5813,1.);
#5813 = DIRECTION('',(0.,0.,1.));
#5814 = PLANE('',#5815);
#5815 = AXIS2_PLACEMENT_3D('',#5816,#5817,#5818);
#5816 = CARTESIAN_POINT('',(131.105,-29.2685,2.5));
#5817 = DIRECTION('',(-0.969569785468,0.244815095752,0.));
#5818 = DIRECTION('',(0.244815095752,0.969569785468,0.));
#5819 = ADVANCED_FACE('',(#5820),#5838,.T.);
#5820 = FACE_BOUND('',#5821,.T.);
#5821 = EDGE_LOOP('',(#5822,#5830,#5831,#5832));
#5822 = ORIENTED_EDGE('',*,*,#5823,.F.);
#5823 = EDGE_CURVE('',#5800,#5824,#5826,.T.);
#5824 = VERTEX_POINT('',#5825);
#5825 = CARTESIAN_POINT('',(131.223,-28.7377,2.5));
#5826 = LINE('',#5827,#5828);
#5827 = CARTESIAN_POINT('',(131.153,-29.0784,2.5));
#5828 = VECTOR('',#5829,1.);
#5829 = DIRECTION('',(0.201255403764,0.979538800893,0.));
#5830 = ORIENTED_EDGE('',*,*,#5809,.T.);
#5831 = ORIENTED_EDGE('',*,*,#3068,.F.);
#5832 = ORIENTED_EDGE('',*,*,#5833,.F.);
#5833 = EDGE_CURVE('',#5824,#3061,#5834,.T.);
#5834 = LINE('',#5835,#5836);
#5835 = CARTESIAN_POINT('',(131.223,-28.7377,2.5));
#5836 = VECTOR('',#5837,1.);
#5837 = DIRECTION('',(0.,0.,1.));
#5838 = PLANE('',#5839);
#5839 = AXIS2_PLACEMENT_3D('',#5840,#5841,#5842);
#5840 = CARTESIAN_POINT('',(131.153,-29.0784,2.5));
#5841 = DIRECTION('',(-0.979538800893,0.201255403764,0.));
#5842 = DIRECTION('',(0.201255403764,0.979538800893,0.));
#5843 = ADVANCED_FACE('',(#5844),#5862,.T.);
#5844 = FACE_BOUND('',#5845,.T.);
#5845 = EDGE_LOOP('',(#5846,#5854,#5855,#5856));
#5846 = ORIENTED_EDGE('',*,*,#5847,.F.);
#5847 = EDGE_CURVE('',#5824,#5848,#5850,.T.);
#5848 = VERTEX_POINT('',#5849);
#5849 = CARTESIAN_POINT('',(131.252,-28.5437,2.5));
#5850 = LINE('',#5851,#5852);
#5851 = CARTESIAN_POINT('',(131.223,-28.7377,2.5));
#5852 = VECTOR('',#5853,1.);
#5853 = DIRECTION('',(0.147841852668,0.989011014398,0.));
#5854 = ORIENTED_EDGE('',*,*,#5833,.T.);
#5855 = ORIENTED_EDGE('',*,*,#3060,.F.);
#5856 = ORIENTED_EDGE('',*,*,#5857,.F.);
#5857 = EDGE_CURVE('',#5848,#3053,#5858,.T.);
#5858 = LINE('',#5859,#5860);
#5859 = CARTESIAN_POINT('',(131.252,-28.5437,2.5));
#5860 = VECTOR('',#5861,1.);
#5861 = DIRECTION('',(0.,0.,1.));
#5862 = PLANE('',#5863);
#5863 = AXIS2_PLACEMENT_3D('',#5864,#5865,#5866);
#5864 = CARTESIAN_POINT('',(131.223,-28.7377,2.5));
#5865 = DIRECTION('',(-0.989011014398,0.147841852668,0.));
#5866 = DIRECTION('',(0.147841852668,0.989011014398,0.));
#5867 = ADVANCED_FACE('',(#5868),#5886,.T.);
#5868 = FACE_BOUND('',#5869,.T.);
#5869 = EDGE_LOOP('',(#5870,#5878,#5879,#5880));
#5870 = ORIENTED_EDGE('',*,*,#5871,.F.);
#5871 = EDGE_CURVE('',#5848,#5872,#5874,.T.);
#5872 = VERTEX_POINT('',#5873);
#5873 = CARTESIAN_POINT('',(131.32,-27.8858,2.5));
#5874 = LINE('',#5875,#5876);
#5875 = CARTESIAN_POINT('',(131.252,-28.5437,2.5));
#5876 = VECTOR('',#5877,1.);
#5877 = DIRECTION('',(0.102811458559,0.99470086156,0.));
#5878 = ORIENTED_EDGE('',*,*,#5857,.T.);
#5879 = ORIENTED_EDGE('',*,*,#3052,.F.);
#5880 = ORIENTED_EDGE('',*,*,#5881,.F.);
#5881 = EDGE_CURVE('',#5872,#3045,#5882,.T.);
#5882 = LINE('',#5883,#5884);
#5883 = CARTESIAN_POINT('',(131.32,-27.8858,2.5));
#5884 = VECTOR('',#5885,1.);
#5885 = DIRECTION('',(0.,0.,1.));
#5886 = PLANE('',#5887);
#5887 = AXIS2_PLACEMENT_3D('',#5888,#5889,#5890);
#5888 = CARTESIAN_POINT('',(131.252,-28.5437,2.5));
#5889 = DIRECTION('',(-0.99470086156,0.102811458559,0.));
#5890 = DIRECTION('',(0.102811458559,0.99470086156,0.));
#5891 = ADVANCED_FACE('',(#5892),#5910,.T.);
#5892 = FACE_BOUND('',#5893,.T.);
#5893 = EDGE_LOOP('',(#5894,#5902,#5903,#5904));
#5894 = ORIENTED_EDGE('',*,*,#5895,.F.);
#5895 = EDGE_CURVE('',#5872,#5896,#5898,.T.);
#5896 = VERTEX_POINT('',#5897);
#5897 = CARTESIAN_POINT('',(131.331,-27.6898,2.5));
#5898 = LINE('',#5899,#5900);
#5899 = CARTESIAN_POINT('',(131.32,-27.8858,2.5));
#5900 = VECTOR('',#5901,1.);
#5901 = DIRECTION('',(5.603427196488E-02,0.99842884592,0.));
#5902 = ORIENTED_EDGE('',*,*,#5881,.T.);
#5903 = ORIENTED_EDGE('',*,*,#3044,.F.);
#5904 = ORIENTED_EDGE('',*,*,#5905,.F.);
#5905 = EDGE_CURVE('',#5896,#3037,#5906,.T.);
#5906 = LINE('',#5907,#5908);
#5907 = CARTESIAN_POINT('',(131.331,-27.6898,2.5));
#5908 = VECTOR('',#5909,1.);
#5909 = DIRECTION('',(0.,0.,1.));
#5910 = PLANE('',#5911);
#5911 = AXIS2_PLACEMENT_3D('',#5912,#5913,#5914);
#5912 = CARTESIAN_POINT('',(131.32,-27.8858,2.5));
#5913 = DIRECTION('',(-0.99842884592,5.603427196488E-02,0.));
#5914 = DIRECTION('',(5.603427196488E-02,0.99842884592,0.));
#5915 = ADVANCED_FACE('',(#5916),#5934,.T.);
#5916 = FACE_BOUND('',#5917,.T.);
#5917 = EDGE_LOOP('',(#5918,#5926,#5927,#5928));
#5918 = ORIENTED_EDGE('',*,*,#5919,.F.);
#5919 = EDGE_CURVE('',#5896,#5920,#5922,.T.);
#5920 = VERTEX_POINT('',#5921);
#5921 = CARTESIAN_POINT('',(131.332,-27.3422,2.5));
#5922 = LINE('',#5923,#5924);
#5923 = CARTESIAN_POINT('',(131.331,-27.6898,2.5));
#5924 = VECTOR('',#5925,1.);
#5925 = DIRECTION('',(2.876858060529E-03,0.999995861835,0.));
#5926 = ORIENTED_EDGE('',*,*,#5905,.T.);
#5927 = ORIENTED_EDGE('',*,*,#3036,.F.);
#5928 = ORIENTED_EDGE('',*,*,#5929,.F.);
#5929 = EDGE_CURVE('',#5920,#3029,#5930,.T.);
#5930 = LINE('',#5931,#5932);
#5931 = CARTESIAN_POINT('',(131.332,-27.3422,2.5));
#5932 = VECTOR('',#5933,1.);
#5933 = DIRECTION('',(0.,0.,1.));
#5934 = PLANE('',#5935);
#5935 = AXIS2_PLACEMENT_3D('',#5936,#5937,#5938);
#5936 = CARTESIAN_POINT('',(131.331,-27.6898,2.5));
#5937 = DIRECTION('',(-0.999995861835,2.876858060529E-03,0.));
#5938 = DIRECTION('',(2.876858060529E-03,0.999995861835,0.));
#5939 = ADVANCED_FACE('',(#5940),#5958,.T.);
#5940 = FACE_BOUND('',#5941,.T.);
#5941 = EDGE_LOOP('',(#5942,#5950,#5951,#5952));
#5942 = ORIENTED_EDGE('',*,*,#5943,.F.);
#5943 = EDGE_CURVE('',#5920,#5944,#5946,.T.);
#5944 = VERTEX_POINT('',#5945);
#5945 = CARTESIAN_POINT('',(131.323,-27.1461,2.5));
#5946 = LINE('',#5947,#5948);
#5947 = CARTESIAN_POINT('',(131.332,-27.3422,2.5));
#5948 = VECTOR('',#5949,1.);
#5949 = DIRECTION('',(-4.584669244262E-02,0.998948487557,0.));
#5950 = ORIENTED_EDGE('',*,*,#5929,.T.);
#5951 = ORIENTED_EDGE('',*,*,#3028,.F.);
#5952 = ORIENTED_EDGE('',*,*,#5953,.F.);
#5953 = EDGE_CURVE('',#5944,#3021,#5954,.T.);
#5954 = LINE('',#5955,#5956);
#5955 = CARTESIAN_POINT('',(131.323,-27.1461,2.5));
#5956 = VECTOR('',#5957,1.);
#5957 = DIRECTION('',(0.,0.,1.));
#5958 = PLANE('',#5959);
#5959 = AXIS2_PLACEMENT_3D('',#5960,#5961,#5962);
#5960 = CARTESIAN_POINT('',(131.332,-27.3422,2.5));
#5961 = DIRECTION('',(-0.998948487557,-4.584669244262E-02,0.));
#5962 = DIRECTION('',(-4.584669244262E-02,0.998948487557,0.));
#5963 = ADVANCED_FACE('',(#5964),#5982,.T.);
#5964 = FACE_BOUND('',#5965,.T.);
#5965 = EDGE_LOOP('',(#5966,#5974,#5975,#5976));
#5966 = ORIENTED_EDGE('',*,*,#5967,.F.);
#5967 = EDGE_CURVE('',#5944,#5968,#5970,.T.);
#5968 = VERTEX_POINT('',#5969);
#5969 = CARTESIAN_POINT('',(131.261,-26.4877,2.5));
#5970 = LINE('',#5971,#5972);
#5971 = CARTESIAN_POINT('',(131.323,-27.1461,2.5));
#5972 = VECTOR('',#5973,1.);
#5973 = DIRECTION('',(-9.375291724828E-02,0.995595495423,0.));
#5974 = ORIENTED_EDGE('',*,*,#5953,.T.);
#5975 = ORIENTED_EDGE('',*,*,#3020,.F.);
#5976 = ORIENTED_EDGE('',*,*,#5977,.F.);
#5977 = EDGE_CURVE('',#5968,#3013,#5978,.T.);
#5978 = LINE('',#5979,#5980);
#5979 = CARTESIAN_POINT('',(131.261,-26.4877,2.5));
#5980 = VECTOR('',#5981,1.);
#5981 = DIRECTION('',(0.,0.,1.));
#5982 = PLANE('',#5983);
#5983 = AXIS2_PLACEMENT_3D('',#5984,#5985,#5986);
#5984 = CARTESIAN_POINT('',(131.323,-27.1461,2.5));
#5985 = DIRECTION('',(-0.995595495423,-9.375291724828E-02,0.));
#5986 = DIRECTION('',(-9.375291724828E-02,0.995595495423,0.));
#5987 = ADVANCED_FACE('',(#5988),#6006,.T.);
#5988 = FACE_BOUND('',#5989,.T.);
#5989 = EDGE_LOOP('',(#5990,#5998,#5999,#6000));
#5990 = ORIENTED_EDGE('',*,*,#5991,.F.);
#5991 = EDGE_CURVE('',#5968,#5992,#5994,.T.);
#5992 = VERTEX_POINT('',#5993);
#5993 = CARTESIAN_POINT('',(131.233,-26.2934,2.5));
#5994 = LINE('',#5995,#5996);
#5995 = CARTESIAN_POINT('',(131.261,-26.4877,2.5));
#5996 = VECTOR('',#5997,1.);
#5997 = DIRECTION('',(-0.142633636087,0.989775553273,0.));
#5998 = ORIENTED_EDGE('',*,*,#5977,.T.);
#5999 = ORIENTED_EDGE('',*,*,#3012,.F.);
#6000 = ORIENTED_EDGE('',*,*,#6001,.F.);
#6001 = EDGE_CURVE('',#5992,#3005,#6002,.T.);
#6002 = LINE('',#6003,#6004);
#6003 = CARTESIAN_POINT('',(131.233,-26.2934,2.5));
#6004 = VECTOR('',#6005,1.);
#6005 = DIRECTION('',(0.,0.,1.));
#6006 = PLANE('',#6007);
#6007 = AXIS2_PLACEMENT_3D('',#6008,#6009,#6010);
#6008 = CARTESIAN_POINT('',(131.261,-26.4877,2.5));
#6009 = DIRECTION('',(-0.989775553273,-0.142633636087,0.));
#6010 = DIRECTION('',(-0.142633636087,0.989775553273,0.));
#6011 = ADVANCED_FACE('',(#6012),#6030,.T.);
#6012 = FACE_BOUND('',#6013,.T.);
#6013 = EDGE_LOOP('',(#6014,#6022,#6023,#6024));
#6014 = ORIENTED_EDGE('',*,*,#6015,.F.);
#6015 = EDGE_CURVE('',#5992,#6016,#6018,.T.);
#6016 = VERTEX_POINT('',#6017);
#6017 = CARTESIAN_POINT('',(131.167,-25.9521,2.5));
#6018 = LINE('',#6019,#6020);
#6019 = CARTESIAN_POINT('',(131.233,-26.2934,2.5));
#6020 = VECTOR('',#6021,1.);
#6021 = DIRECTION('',(-0.189860902243,0.981810999022,0.));
#6022 = ORIENTED_EDGE('',*,*,#6001,.T.);
#6023 = ORIENTED_EDGE('',*,*,#3004,.F.);
#6024 = ORIENTED_EDGE('',*,*,#6025,.F.);
#6025 = EDGE_CURVE('',#6016,#2997,#6026,.T.);
#6026 = LINE('',#6027,#6028);
#6027 = CARTESIAN_POINT('',(131.167,-25.9521,2.5));
#6028 = VECTOR('',#6029,1.);
#6029 = DIRECTION('',(0.,0.,1.));
#6030 = PLANE('',#6031);
#6031 = AXIS2_PLACEMENT_3D('',#6032,#6033,#6034);
#6032 = CARTESIAN_POINT('',(131.233,-26.2934,2.5));
#6033 = DIRECTION('',(-0.981810999022,-0.189860902243,0.));
#6034 = DIRECTION('',(-0.189860902243,0.981810999022,0.));
#6035 = ADVANCED_FACE('',(#6036),#6054,.T.);
#6036 = FACE_BOUND('',#6037,.T.);
#6037 = EDGE_LOOP('',(#6038,#6046,#6047,#6048));
#6038 = ORIENTED_EDGE('',*,*,#6039,.F.);
#6039 = EDGE_CURVE('',#6016,#6040,#6042,.T.);
#6040 = VERTEX_POINT('',#6041);
#6041 = CARTESIAN_POINT('',(131.12,-25.7615,2.5));
#6042 = LINE('',#6043,#6044);
#6043 = CARTESIAN_POINT('',(131.167,-25.9521,2.5));
#6044 = VECTOR('',#6045,1.);
#6045 = DIRECTION('',(-0.239418043752,0.970916577429,0.));
#6046 = ORIENTED_EDGE('',*,*,#6025,.T.);
#6047 = ORIENTED_EDGE('',*,*,#2996,.F.);
#6048 = ORIENTED_EDGE('',*,*,#6049,.F.);
#6049 = EDGE_CURVE('',#6040,#2989,#6050,.T.);
#6050 = LINE('',#6051,#6052);
#6051 = CARTESIAN_POINT('',(131.12,-25.7615,2.5));
#6052 = VECTOR('',#6053,1.);
#6053 = DIRECTION('',(0.,0.,1.));
#6054 = PLANE('',#6055);
#6055 = AXIS2_PLACEMENT_3D('',#6056,#6057,#6058);
#6056 = CARTESIAN_POINT('',(131.167,-25.9521,2.5));
#6057 = DIRECTION('',(-0.970916577429,-0.239418043752,0.));
#6058 = DIRECTION('',(-0.239418043752,0.970916577429,0.));
#6059 = ADVANCED_FACE('',(#6060),#6078,.T.);
#6060 = FACE_BOUND('',#6061,.T.);
#6061 = EDGE_LOOP('',(#6062,#6070,#6071,#6072));
#6062 = ORIENTED_EDGE('',*,*,#6063,.F.);
#6063 = EDGE_CURVE('',#6040,#6064,#6066,.T.);
#6064 = VERTEX_POINT('',#6065);
#6065 = CARTESIAN_POINT('',(130.931,-25.1279,2.5));
#6066 = LINE('',#6067,#6068);
#6067 = CARTESIAN_POINT('',(131.12,-25.7615,2.5));
#6068 = VECTOR('',#6069,1.);
#6069 = DIRECTION('',(-0.285848980905,0.958274678845,0.));
#6070 = ORIENTED_EDGE('',*,*,#6049,.T.);
#6071 = ORIENTED_EDGE('',*,*,#2988,.F.);
#6072 = ORIENTED_EDGE('',*,*,#6073,.F.);
#6073 = EDGE_CURVE('',#6064,#2981,#6074,.T.);
#6074 = LINE('',#6075,#6076);
#6075 = CARTESIAN_POINT('',(130.931,-25.1279,2.5));
#6076 = VECTOR('',#6077,1.);
#6077 = DIRECTION('',(0.,0.,1.));
#6078 = PLANE('',#6079);
#6079 = AXIS2_PLACEMENT_3D('',#6080,#6081,#6082);
#6080 = CARTESIAN_POINT('',(131.12,-25.7615,2.5));
#6081 = DIRECTION('',(-0.958274678845,-0.285848980905,0.));
#6082 = DIRECTION('',(-0.285848980905,0.958274678845,0.));
#6083 = ADVANCED_FACE('',(#6084),#6102,.T.);
#6084 = FACE_BOUND('',#6085,.T.);
#6085 = EDGE_LOOP('',(#6086,#6094,#6095,#6096));
#6086 = ORIENTED_EDGE('',*,*,#6087,.F.);
#6087 = EDGE_CURVE('',#6064,#6088,#6090,.T.);
#6088 = VERTEX_POINT('',#6089);
#6089 = CARTESIAN_POINT('',(130.866,-24.9428,2.5));
#6090 = LINE('',#6091,#6092);
#6091 = CARTESIAN_POINT('',(130.931,-25.1279,2.5));
#6092 = VECTOR('',#6093,1.);
#6093 = DIRECTION('',(-0.331326574373,0.943516137177,0.));
#6094 = ORIENTED_EDGE('',*,*,#6073,.T.);
#6095 = ORIENTED_EDGE('',*,*,#2980,.F.);
#6096 = ORIENTED_EDGE('',*,*,#6097,.F.);
#6097 = EDGE_CURVE('',#6088,#2973,#6098,.T.);
#6098 = LINE('',#6099,#6100);
#6099 = CARTESIAN_POINT('',(130.866,-24.9428,2.5));
#6100 = VECTOR('',#6101,1.);
#6101 = DIRECTION('',(0.,0.,1.));
#6102 = PLANE('',#6103);
#6103 = AXIS2_PLACEMENT_3D('',#6104,#6105,#6106);
#6104 = CARTESIAN_POINT('',(130.931,-25.1279,2.5));
#6105 = DIRECTION('',(-0.943516137177,-0.331326574373,0.));
#6106 = DIRECTION('',(-0.331326574373,0.943516137177,0.));
#6107 = ADVANCED_FACE('',(#6108),#6126,.T.);
#6108 = FACE_BOUND('',#6109,.T.);
#6109 = EDGE_LOOP('',(#6110,#6118,#6119,#6120));
#6110 = ORIENTED_EDGE('',*,*,#6111,.F.);
#6111 = EDGE_CURVE('',#6088,#6112,#6114,.T.);
#6112 = VERTEX_POINT('',#6113);
#6113 = CARTESIAN_POINT('',(130.734,-24.621,2.5));
#6114 = LINE('',#6115,#6116);
#6115 = CARTESIAN_POINT('',(130.866,-24.9428,2.5));
#6116 = VECTOR('',#6117,1.);
#6117 = DIRECTION('',(-0.379505876575,0.925189326379,0.));
#6118 = ORIENTED_EDGE('',*,*,#6097,.T.);
#6119 = ORIENTED_EDGE('',*,*,#2972,.F.);
#6120 = ORIENTED_EDGE('',*,*,#6121,.F.);
#6121 = EDGE_CURVE('',#6112,#2965,#6122,.T.);
#6122 = LINE('',#6123,#6124);
#6123 = CARTESIAN_POINT('',(130.734,-24.621,2.5));
#6124 = VECTOR('',#6125,1.);
#6125 = DIRECTION('',(0.,0.,1.));
#6126 = PLANE('',#6127);
#6127 = AXIS2_PLACEMENT_3D('',#6128,#6129,#6130);
#6128 = CARTESIAN_POINT('',(130.866,-24.9428,2.5));
#6129 = DIRECTION('',(-0.925189326379,-0.379505876575,0.));
#6130 = DIRECTION('',(-0.379505876575,0.925189326379,0.));
#6131 = ADVANCED_FACE('',(#6132),#6150,.T.);
#6132 = FACE_BOUND('',#6133,.T.);
#6133 = EDGE_LOOP('',(#6134,#6142,#6143,#6144));
#6134 = ORIENTED_EDGE('',*,*,#6135,.F.);
#6135 = EDGE_CURVE('',#6112,#6136,#6138,.T.);
#6136 = VERTEX_POINT('',#6137);
#6137 = CARTESIAN_POINT('',(130.651,-24.4432,2.5));
#6138 = LINE('',#6139,#6140);
#6139 = CARTESIAN_POINT('',(130.734,-24.621,2.5));
#6140 = VECTOR('',#6141,1.);
#6141 = DIRECTION('',(-0.422997061032,0.906131053633,0.));
#6142 = ORIENTED_EDGE('',*,*,#6121,.T.);
#6143 = ORIENTED_EDGE('',*,*,#2964,.F.);
#6144 = ORIENTED_EDGE('',*,*,#6145,.F.);
#6145 = EDGE_CURVE('',#6136,#2957,#6146,.T.);
#6146 = LINE('',#6147,#6148);
#6147 = CARTESIAN_POINT('',(130.651,-24.4432,2.5));
#6148 = VECTOR('',#6149,1.);
#6149 = DIRECTION('',(0.,0.,1.));
#6150 = PLANE('',#6151);
#6151 = AXIS2_PLACEMENT_3D('',#6152,#6153,#6154);
#6152 = CARTESIAN_POINT('',(130.734,-24.621,2.5));
#6153 = DIRECTION('',(-0.906131053633,-0.422997061032,0.));
#6154 = DIRECTION('',(-0.422997061032,0.906131053633,0.));
#6155 = ADVANCED_FACE('',(#6156),#6174,.T.);
#6156 = FACE_BOUND('',#6157,.T.);
#6157 = EDGE_LOOP('',(#6158,#6166,#6167,#6168));
#6158 = ORIENTED_EDGE('',*,*,#6159,.F.);
#6159 = EDGE_CURVE('',#6136,#6160,#6162,.T.);
#6160 = VERTEX_POINT('',#6161);
#6161 = CARTESIAN_POINT('',(130.342,-23.8586,2.5));
#6162 = LINE('',#6163,#6164);
#6163 = CARTESIAN_POINT('',(130.651,-24.4432,2.5));
#6164 = VECTOR('',#6165,1.);
#6165 = DIRECTION('',(-0.467303948273,0.884096725437,0.));
#6166 = ORIENTED_EDGE('',*,*,#6145,.T.);
#6167 = ORIENTED_EDGE('',*,*,#2956,.F.);
#6168 = ORIENTED_EDGE('',*,*,#6169,.F.);
#6169 = EDGE_CURVE('',#6160,#2949,#6170,.T.);
#6170 = LINE('',#6171,#6172);
#6171 = CARTESIAN_POINT('',(130.342,-23.8586,2.5));
#6172 = VECTOR('',#6173,1.);
#6173 = DIRECTION('',(0.,0.,1.));
#6174 = PLANE('',#6175);
#6175 = AXIS2_PLACEMENT_3D('',#6176,#6177,#6178);
#6176 = CARTESIAN_POINT('',(130.651,-24.4432,2.5));
#6177 = DIRECTION('',(-0.884096725437,-0.467303948273,0.));
#6178 = DIRECTION('',(-0.467303948273,0.884096725437,0.));
#6179 = ADVANCED_FACE('',(#6180),#6198,.T.);
#6180 = FACE_BOUND('',#6181,.T.);
#6181 = EDGE_LOOP('',(#6182,#6190,#6191,#6192));
#6182 = ORIENTED_EDGE('',*,*,#6183,.F.);
#6183 = EDGE_CURVE('',#6160,#6184,#6186,.T.);
#6184 = VERTEX_POINT('',#6185);
#6185 = CARTESIAN_POINT('',(130.241,-23.6898,2.5));
#6186 = LINE('',#6187,#6188);
#6187 = CARTESIAN_POINT('',(130.342,-23.8586,2.5));
#6188 = VECTOR('',#6189,1.);
#6189 = DIRECTION('',(-0.513448738176,0.858120267367,0.));
#6190 = ORIENTED_EDGE('',*,*,#6169,.T.);
#6191 = ORIENTED_EDGE('',*,*,#2948,.F.);
#6192 = ORIENTED_EDGE('',*,*,#6193,.F.);
#6193 = EDGE_CURVE('',#6184,#2941,#6194,.T.);
#6194 = LINE('',#6195,#6196);
#6195 = CARTESIAN_POINT('',(130.241,-23.6898,2.5));
#6196 = VECTOR('',#6197,1.);
#6197 = DIRECTION('',(0.,0.,1.));
#6198 = PLANE('',#6199);
#6199 = AXIS2_PLACEMENT_3D('',#6200,#6201,#6202);
#6200 = CARTESIAN_POINT('',(130.342,-23.8586,2.5));
#6201 = DIRECTION('',(-0.858120267367,-0.513448738176,0.));
#6202 = DIRECTION('',(-0.513448738176,0.858120267367,0.));
#6203 = ADVANCED_FACE('',(#6204),#6222,.T.);
#6204 = FACE_BOUND('',#6205,.T.);
#6205 = EDGE_LOOP('',(#6206,#6214,#6215,#6216));
#6206 = ORIENTED_EDGE('',*,*,#6207,.F.);
#6207 = EDGE_CURVE('',#6184,#6208,#6210,.T.);
#6208 = VERTEX_POINT('',#6209);
#6209 = CARTESIAN_POINT('',(130.05,-23.3999,2.5));
#6210 = LINE('',#6211,#6212);
#6211 = CARTESIAN_POINT('',(130.241,-23.6898,2.5));
#6212 = VECTOR('',#6213,1.);
#6213 = DIRECTION('',(-0.550171871479,0.835051442627,0.));
#6214 = ORIENTED_EDGE('',*,*,#6193,.T.);
#6215 = ORIENTED_EDGE('',*,*,#2940,.F.);
#6216 = ORIENTED_EDGE('',*,*,#6217,.F.);
#6217 = EDGE_CURVE('',#6208,#2933,#6218,.T.);
#6218 = LINE('',#6219,#6220);
#6219 = CARTESIAN_POINT('',(130.05,-23.3999,2.5));
#6220 = VECTOR('',#6221,1.);
#6221 = DIRECTION('',(0.,0.,1.));
#6222 = PLANE('',#6223);
#6223 = AXIS2_PLACEMENT_3D('',#6224,#6225,#6226);
#6224 = CARTESIAN_POINT('',(130.241,-23.6898,2.5));
#6225 = DIRECTION('',(-0.835051442627,-0.550171871479,0.));
#6226 = DIRECTION('',(-0.550171871479,0.835051442627,0.));
#6227 = ADVANCED_FACE('',(#6228),#6246,.T.);
#6228 = FACE_BOUND('',#6229,.T.);
#6229 = EDGE_LOOP('',(#6230,#6238,#6239,#6240));
#6230 = ORIENTED_EDGE('',*,*,#6231,.F.);
#6231 = EDGE_CURVE('',#6208,#6232,#6234,.T.);
#6232 = VERTEX_POINT('',#6233);
#6233 = CARTESIAN_POINT('',(129.933,-23.2418,2.5));
#6234 = LINE('',#6235,#6236);
#6235 = CARTESIAN_POINT('',(130.05,-23.3999,2.5));
#6236 = VECTOR('',#6237,1.);
#6237 = DIRECTION('',(-0.594862716901,0.803827312326,0.));
#6238 = ORIENTED_EDGE('',*,*,#6217,.T.);
#6239 = ORIENTED_EDGE('',*,*,#2932,.F.);
#6240 = ORIENTED_EDGE('',*,*,#6241,.F.);
#6241 = EDGE_CURVE('',#6232,#2925,#6242,.T.);
#6242 = LINE('',#6243,#6244);
#6243 = CARTESIAN_POINT('',(129.933,-23.2418,2.5));
#6244 = VECTOR('',#6245,1.);
#6245 = DIRECTION('',(0.,0.,1.));
#6246 = PLANE('',#6247);
#6247 = AXIS2_PLACEMENT_3D('',#6248,#6249,#6250);
#6248 = CARTESIAN_POINT('',(130.05,-23.3999,2.5));
#6249 = DIRECTION('',(-0.803827312326,-0.594862716901,0.));
#6250 = DIRECTION('',(-0.594862716901,0.803827312326,0.));
#6251 = ADVANCED_FACE('',(#6252),#6270,.T.);
#6252 = FACE_BOUND('',#6253,.T.);
#6253 = EDGE_LOOP('',(#6254,#6262,#6263,#6264));
#6254 = ORIENTED_EDGE('',*,*,#6255,.F.);
#6255 = EDGE_CURVE('',#6232,#6256,#6258,.T.);
#6256 = VERTEX_POINT('',#6257);
#6257 = CARTESIAN_POINT('',(129.506,-22.7168,2.5));
#6258 = LINE('',#6259,#6260);
#6259 = CARTESIAN_POINT('',(129.933,-23.2418,2.5));
#6260 = VECTOR('',#6261,1.);
#6261 = DIRECTION('',(-0.630981965637,0.775797498734,0.));
#6262 = ORIENTED_EDGE('',*,*,#6241,.T.);
#6263 = ORIENTED_EDGE('',*,*,#2924,.F.);
#6264 = ORIENTED_EDGE('',*,*,#6265,.F.);
#6265 = EDGE_CURVE('',#6256,#2917,#6266,.T.);
#6266 = LINE('',#6267,#6268);
#6267 = CARTESIAN_POINT('',(129.506,-22.7168,2.5));
#6268 = VECTOR('',#6269,1.);
#6269 = DIRECTION('',(0.,0.,1.));
#6270 = PLANE('',#6271);
#6271 = AXIS2_PLACEMENT_3D('',#6272,#6273,#6274);
#6272 = CARTESIAN_POINT('',(129.933,-23.2418,2.5));
#6273 = DIRECTION('',(-0.775797498734,-0.630981965637,0.));
#6274 = DIRECTION('',(-0.630981965637,0.775797498734,0.));
#6275 = ADVANCED_FACE('',(#6276),#6294,.T.);
#6276 = FACE_BOUND('',#6277,.T.);
#6277 = EDGE_LOOP('',(#6278,#6286,#6287,#6288));
#6278 = ORIENTED_EDGE('',*,*,#6279,.F.);
#6279 = EDGE_CURVE('',#6256,#6280,#6282,.T.);
#6280 = VERTEX_POINT('',#6281);
#6281 = CARTESIAN_POINT('',(129.409,-22.6061,2.5));
#6282 = LINE('',#6283,#6284);
#6283 = CARTESIAN_POINT('',(129.506,-22.7168,2.5));
#6284 = VECTOR('',#6285,1.);
#6285 = DIRECTION('',(-0.659033547872,0.752113543808,0.));
#6286 = ORIENTED_EDGE('',*,*,#6265,.T.);
#6287 = ORIENTED_EDGE('',*,*,#2916,.F.);
#6288 = ORIENTED_EDGE('',*,*,#6289,.F.);
#6289 = EDGE_CURVE('',#6280,#2909,#6290,.T.);
#6290 = LINE('',#6291,#6292);
#6291 = CARTESIAN_POINT('',(129.409,-22.6061,2.5));
#6292 = VECTOR('',#6293,1.);
#6293 = DIRECTION('',(0.,0.,1.));
#6294 = PLANE('',#6295);
#6295 = AXIS2_PLACEMENT_3D('',#6296,#6297,#6298);
#6296 = CARTESIAN_POINT('',(129.506,-22.7168,2.5));
#6297 = DIRECTION('',(-0.752113543808,-0.659033547872,0.));
#6298 = DIRECTION('',(-0.659033547872,0.752113543808,0.));
#6299 = ADVANCED_FACE('',(#6300),#6318,.T.);
#6300 = FACE_BOUND('',#6301,.T.);
#6301 = EDGE_LOOP('',(#6302,#6310,#6311,#6312));
#6302 = ORIENTED_EDGE('',*,*,#6303,.F.);
#6303 = EDGE_CURVE('',#6280,#6304,#6306,.T.);
#6304 = VERTEX_POINT('',#6305);
#6305 = CARTESIAN_POINT('',(129.23,-22.4162,2.5));
#6306 = LINE('',#6307,#6308);
#6307 = CARTESIAN_POINT('',(129.409,-22.6061,2.5));
#6308 = VECTOR('',#6309,1.);
#6309 = DIRECTION('',(-0.685914331951,0.72768229965,0.));
#6310 = ORIENTED_EDGE('',*,*,#6289,.T.);
#6311 = ORIENTED_EDGE('',*,*,#2908,.F.);
#6312 = ORIENTED_EDGE('',*,*,#6313,.F.);
#6313 = EDGE_CURVE('',#6304,#2901,#6314,.T.);
#6314 = LINE('',#6315,#6316);
#6315 = CARTESIAN_POINT('',(129.23,-22.4162,2.5));
#6316 = VECTOR('',#6317,1.);
#6317 = DIRECTION('',(0.,0.,1.));
#6318 = PLANE('',#6319);
#6319 = AXIS2_PLACEMENT_3D('',#6320,#6321,#6322);
#6320 = CARTESIAN_POINT('',(129.409,-22.6061,2.5));
#6321 = DIRECTION('',(-0.72768229965,-0.685914331951,0.));
#6322 = DIRECTION('',(-0.685914331951,0.72768229965,0.));
#6323 = ADVANCED_FACE('',(#6324),#6342,.T.);
#6324 = FACE_BOUND('',#6325,.T.);
#6325 = EDGE_LOOP('',(#6326,#6334,#6335,#6336));
#6326 = ORIENTED_EDGE('',*,*,#6327,.F.);
#6327 = EDGE_CURVE('',#6304,#6328,#6330,.T.);
#6328 = VERTEX_POINT('',#6329);
#6329 = CARTESIAN_POINT('',(129.125,-22.313,2.5));
#6330 = LINE('',#6331,#6332);
#6331 = CARTESIAN_POINT('',(129.23,-22.4162,2.5));
#6332 = VECTOR('',#6333,1.);
#6333 = DIRECTION('',(-0.713193442887,0.70096726958,0.));
#6334 = ORIENTED_EDGE('',*,*,#6313,.T.);
#6335 = ORIENTED_EDGE('',*,*,#2900,.F.);
#6336 = ORIENTED_EDGE('',*,*,#6337,.F.);
#6337 = EDGE_CURVE('',#6328,#2893,#6338,.T.);
#6338 = LINE('',#6339,#6340);
#6339 = CARTESIAN_POINT('',(129.125,-22.313,2.5));
#6340 = VECTOR('',#6341,1.);
#6341 = DIRECTION('',(0.,0.,1.));
#6342 = PLANE('',#6343);
#6343 = AXIS2_PLACEMENT_3D('',#6344,#6345,#6346);
#6344 = CARTESIAN_POINT('',(129.23,-22.4162,2.5));
#6345 = DIRECTION('',(-0.70096726958,-0.713193442887,0.));
#6346 = DIRECTION('',(-0.713193442887,0.70096726958,0.));
#6347 = ADVANCED_FACE('',(#6348),#6366,.T.);
#6348 = FACE_BOUND('',#6349,.T.);
#6349 = EDGE_LOOP('',(#6350,#6358,#6359,#6360));
#6350 = ORIENTED_EDGE('',*,*,#6351,.F.);
#6351 = EDGE_CURVE('',#6328,#6352,#6354,.T.);
#6352 = VERTEX_POINT('',#6353);
#6353 = CARTESIAN_POINT('',(128.881,-22.0895,2.5));
#6354 = LINE('',#6355,#6356);
#6355 = CARTESIAN_POINT('',(129.125,-22.313,2.5));
#6356 = VECTOR('',#6357,1.);
#6357 = DIRECTION('',(-0.73740498499,0.675450877645,0.));
#6358 = ORIENTED_EDGE('',*,*,#6337,.T.);
#6359 = ORIENTED_EDGE('',*,*,#2892,.F.);
#6360 = ORIENTED_EDGE('',*,*,#6361,.F.);
#6361 = EDGE_CURVE('',#6352,#2885,#6362,.T.);
#6362 = LINE('',#6363,#6364);
#6363 = CARTESIAN_POINT('',(128.881,-22.0895,2.5));
#6364 = VECTOR('',#6365,1.);
#6365 = DIRECTION('',(0.,0.,1.));
#6366 = PLANE('',#6367);
#6367 = AXIS2_PLACEMENT_3D('',#6368,#6369,#6370);
#6368 = CARTESIAN_POINT('',(129.125,-22.313,2.5));
#6369 = DIRECTION('',(-0.675450877645,-0.73740498499,0.));
#6370 = DIRECTION('',(-0.73740498499,0.675450877645,0.));
#6371 = ADVANCED_FACE('',(#6372),#6390,.T.);
#6372 = FACE_BOUND('',#6373,.T.);
#6373 = EDGE_LOOP('',(#6374,#6382,#6383,#6384));
#6374 = ORIENTED_EDGE('',*,*,#6375,.F.);
#6375 = EDGE_CURVE('',#6352,#6376,#6378,.T.);
#6376 = VERTEX_POINT('',#6377);
#6377 = CARTESIAN_POINT('',(128.844,-22.0568,2.5));
#6378 = LINE('',#6379,#6380);
#6379 = CARTESIAN_POINT('',(128.881,-22.0895,2.5));
#6380 = VECTOR('',#6381,1.);
#6381 = DIRECTION('',(-0.749305715527,0.662224240479,0.));
#6382 = ORIENTED_EDGE('',*,*,#6361,.T.);
#6383 = ORIENTED_EDGE('',*,*,#2884,.F.);
#6384 = ORIENTED_EDGE('',*,*,#6385,.F.);
#6385 = EDGE_CURVE('',#6376,#2877,#6386,.T.);
#6386 = LINE('',#6387,#6388);
#6387 = CARTESIAN_POINT('',(128.844,-22.0568,2.5));
#6388 = VECTOR('',#6389,1.);
#6389 = DIRECTION('',(0.,0.,1.));
#6390 = PLANE('',#6391);
#6391 = AXIS2_PLACEMENT_3D('',#6392,#6393,#6394);
#6392 = CARTESIAN_POINT('',(128.881,-22.0895,2.5));
#6393 = DIRECTION('',(-0.662224240479,-0.749305715527,0.));
#6394 = DIRECTION('',(-0.749305715527,0.662224240479,0.));
#6395 = ADVANCED_FACE('',(#6396),#6414,.T.);
#6396 = FACE_BOUND('',#6397,.T.);
#6397 = EDGE_LOOP('',(#6398,#6406,#6407,#6408));
#6398 = ORIENTED_EDGE('',*,*,#6399,.F.);
#6399 = EDGE_CURVE('',#6376,#6400,#6402,.T.);
#6400 = VERTEX_POINT('',#6401);
#6401 = CARTESIAN_POINT('',(128.778,-21.9996,2.5));
#6402 = LINE('',#6403,#6404);
#6403 = CARTESIAN_POINT('',(128.844,-22.0568,2.5));
#6404 = VECTOR('',#6405,1.);
#6405 = DIRECTION('',(-0.75568908279,0.654930538418,0.));
#6406 = ORIENTED_EDGE('',*,*,#6385,.T.);
#6407 = ORIENTED_EDGE('',*,*,#2876,.F.);
#6408 = ORIENTED_EDGE('',*,*,#6409,.F.);
#6409 = EDGE_CURVE('',#6400,#2869,#6410,.T.);
#6410 = LINE('',#6411,#6412);
#6411 = CARTESIAN_POINT('',(128.778,-21.9996,2.5));
#6412 = VECTOR('',#6413,1.);
#6413 = DIRECTION('',(0.,0.,1.));
#6414 = PLANE('',#6415);
#6415 = AXIS2_PLACEMENT_3D('',#6416,#6417,#6418);
#6416 = CARTESIAN_POINT('',(128.844,-22.0568,2.5));
#6417 = DIRECTION('',(-0.654930538418,-0.75568908279,0.));
#6418 = DIRECTION('',(-0.75568908279,0.654930538418,0.));
#6419 = ADVANCED_FACE('',(#6420),#6438,.T.);
#6420 = FACE_BOUND('',#6421,.T.);
#6421 = EDGE_LOOP('',(#6422,#6430,#6431,#6432));
#6422 = ORIENTED_EDGE('',*,*,#6423,.F.);
#6423 = EDGE_CURVE('',#6400,#6424,#6426,.T.);
#6424 = VERTEX_POINT('',#6425);
#6425 = CARTESIAN_POINT('',(128.741,-21.9679,2.5));
#6426 = LINE('',#6427,#6428);
#6427 = CARTESIAN_POINT('',(128.778,-21.9996,2.5));
#6428 = VECTOR('',#6429,1.);
#6429 = DIRECTION('',(-0.759401461413,0.650622333157,0.));
#6430 = ORIENTED_EDGE('',*,*,#6409,.T.);
#6431 = ORIENTED_EDGE('',*,*,#2868,.F.);
#6432 = ORIENTED_EDGE('',*,*,#6433,.F.);
#6433 = EDGE_CURVE('',#6424,#2861,#6434,.T.);
#6434 = LINE('',#6435,#6436);
#6435 = CARTESIAN_POINT('',(128.741,-21.9679,2.5));
#6436 = VECTOR('',#6437,1.);
#6437 = DIRECTION('',(0.,0.,1.));
#6438 = PLANE('',#6439);
#6439 = AXIS2_PLACEMENT_3D('',#6440,#6441,#6442);
#6440 = CARTESIAN_POINT('',(128.778,-21.9996,2.5));
#6441 = DIRECTION('',(-0.650622333157,-0.759401461413,0.));
#6442 = DIRECTION('',(-0.759401461413,0.650622333157,0.));
#6443 = ADVANCED_FACE('',(#6444),#6462,.T.);
#6444 = FACE_BOUND('',#6445,.T.);
#6445 = EDGE_LOOP('',(#6446,#6454,#6455,#6456));
#6446 = ORIENTED_EDGE('',*,*,#6447,.F.);
#6447 = EDGE_CURVE('',#6424,#6448,#6450,.T.);
#6448 = VERTEX_POINT('',#6449);
#6449 = CARTESIAN_POINT('',(128.49,-21.7604,2.5));
#6450 = LINE('',#6451,#6452);
#6451 = CARTESIAN_POINT('',(128.741,-21.9679,2.5));
#6452 = VECTOR('',#6453,1.);
#6453 = DIRECTION('',(-0.770732265655,0.637159143918,0.));
#6454 = ORIENTED_EDGE('',*,*,#6433,.T.);
#6455 = ORIENTED_EDGE('',*,*,#2860,.F.);
#6456 = ORIENTED_EDGE('',*,*,#6457,.F.);
#6457 = EDGE_CURVE('',#6448,#2853,#6458,.T.);
#6458 = LINE('',#6459,#6460);
#6459 = CARTESIAN_POINT('',(128.49,-21.7604,2.5));
#6460 = VECTOR('',#6461,1.);
#6461 = DIRECTION('',(0.,0.,1.));
#6462 = PLANE('',#6463);
#6463 = AXIS2_PLACEMENT_3D('',#6464,#6465,#6466);
#6464 = CARTESIAN_POINT('',(128.741,-21.9679,2.5));
#6465 = DIRECTION('',(-0.637159143918,-0.770732265655,0.));
#6466 = DIRECTION('',(-0.770732265655,0.637159143918,0.));
#6467 = ADVANCED_FACE('',(#6468),#6486,.T.);
#6468 = FACE_BOUND('',#6469,.T.);
#6469 = EDGE_LOOP('',(#6470,#6478,#6479,#6480));
#6470 = ORIENTED_EDGE('',*,*,#6471,.F.);
#6471 = EDGE_CURVE('',#6448,#6472,#6474,.T.);
#6472 = VERTEX_POINT('',#6473);
#6473 = CARTESIAN_POINT('',(128.077,-21.3431,2.5));
#6474 = LINE('',#6475,#6476);
#6475 = CARTESIAN_POINT('',(128.49,-21.7604,2.5));
#6476 = VECTOR('',#6477,1.);
#6477 = DIRECTION('',(-0.703435347333,0.710759250465,0.));
#6478 = ORIENTED_EDGE('',*,*,#6457,.T.);
#6479 = ORIENTED_EDGE('',*,*,#2852,.F.);
#6480 = ORIENTED_EDGE('',*,*,#6481,.F.);
#6481 = EDGE_CURVE('',#6472,#2845,#6482,.T.);
#6482 = LINE('',#6483,#6484);
#6483 = CARTESIAN_POINT('',(128.077,-21.3431,2.5));
#6484 = VECTOR('',#6485,1.);
#6485 = DIRECTION('',(0.,0.,1.));
#6486 = PLANE('',#6487);
#6487 = AXIS2_PLACEMENT_3D('',#6488,#6489,#6490);
#6488 = CARTESIAN_POINT('',(128.49,-21.7604,2.5));
#6489 = DIRECTION('',(-0.710759250465,-0.703435347333,0.));
#6490 = DIRECTION('',(-0.703435347333,0.710759250465,0.));
#6491 = ADVANCED_FACE('',(#6492),#6510,.T.);
#6492 = FACE_BOUND('',#6493,.T.);
#6493 = EDGE_LOOP('',(#6494,#6502,#6503,#6504));
#6494 = ORIENTED_EDGE('',*,*,#6495,.F.);
#6495 = EDGE_CURVE('',#6472,#6496,#6498,.T.);
#6496 = VERTEX_POINT('',#6497);
#6497 = CARTESIAN_POINT('',(127.854,-21.0688,2.5));
#6498 = LINE('',#6499,#6500);
#6499 = CARTESIAN_POINT('',(128.077,-21.3431,2.5));
#6500 = VECTOR('',#6501,1.);
#6501 = DIRECTION('',(-0.63081623833,0.77593226087,0.));
#6502 = ORIENTED_EDGE('',*,*,#6481,.T.);
#6503 = ORIENTED_EDGE('',*,*,#2844,.F.);
#6504 = ORIENTED_EDGE('',*,*,#6505,.F.);
#6505 = EDGE_CURVE('',#6496,#2837,#6506,.T.);
#6506 = LINE('',#6507,#6508);
#6507 = CARTESIAN_POINT('',(127.854,-21.0688,2.5));
#6508 = VECTOR('',#6509,1.);
#6509 = DIRECTION('',(0.,0.,1.));
#6510 = PLANE('',#6511);
#6511 = AXIS2_PLACEMENT_3D('',#6512,#6513,#6514);
#6512 = CARTESIAN_POINT('',(128.077,-21.3431,2.5));
#6513 = DIRECTION('',(-0.77593226087,-0.63081623833,0.));
#6514 = DIRECTION('',(-0.63081623833,0.77593226087,0.));
#6515 = ADVANCED_FACE('',(#6516),#6534,.T.);
#6516 = FACE_BOUND('',#6517,.T.);
#6517 = EDGE_LOOP('',(#6518,#6526,#6527,#6528));
#6518 = ORIENTED_EDGE('',*,*,#6519,.F.);
#6519 = EDGE_CURVE('',#6496,#6520,#6522,.T.);
#6520 = VERTEX_POINT('',#6521);
#6521 = CARTESIAN_POINT('',(127.529,-20.5788,2.5));
#6522 = LINE('',#6523,#6524);
#6523 = CARTESIAN_POINT('',(127.854,-21.0688,2.5));
#6524 = VECTOR('',#6525,1.);
#6525 = DIRECTION('',(-0.552736276166,0.833356231758,0.));
#6526 = ORIENTED_EDGE('',*,*,#6505,.T.);
#6527 = ORIENTED_EDGE('',*,*,#2836,.F.);
#6528 = ORIENTED_EDGE('',*,*,#6529,.F.);
#6529 = EDGE_CURVE('',#6520,#2829,#6530,.T.);
#6530 = LINE('',#6531,#6532);
#6531 = CARTESIAN_POINT('',(127.529,-20.5788,2.5));
#6532 = VECTOR('',#6533,1.);
#6533 = DIRECTION('',(0.,0.,1.));
#6534 = PLANE('',#6535);
#6535 = AXIS2_PLACEMENT_3D('',#6536,#6537,#6538);
#6536 = CARTESIAN_POINT('',(127.854,-21.0688,2.5));
#6537 = DIRECTION('',(-0.833356231758,-0.552736276166,0.));
#6538 = DIRECTION('',(-0.552736276166,0.833356231758,0.));
#6539 = ADVANCED_FACE('',(#6540),#6558,.T.);
#6540 = FACE_BOUND('',#6541,.T.);
#6541 = EDGE_LOOP('',(#6542,#6550,#6551,#6552));
#6542 = ORIENTED_EDGE('',*,*,#6543,.F.);
#6543 = EDGE_CURVE('',#6520,#6544,#6546,.T.);
#6544 = VERTEX_POINT('',#6545);
#6545 = CARTESIAN_POINT('',(127.364,-20.2663,2.5));
#6546 = LINE('',#6547,#6548);
#6547 = CARTESIAN_POINT('',(127.529,-20.5788,2.5));
#6548 = VECTOR('',#6549,1.);
#6549 = DIRECTION('',(-0.46691231163,0.884303620511,0.));
#6550 = ORIENTED_EDGE('',*,*,#6529,.T.);
#6551 = ORIENTED_EDGE('',*,*,#2828,.F.);
#6552 = ORIENTED_EDGE('',*,*,#6553,.F.);
#6553 = EDGE_CURVE('',#6544,#2821,#6554,.T.);
#6554 = LINE('',#6555,#6556);
#6555 = CARTESIAN_POINT('',(127.364,-20.2663,2.5));
#6556 = VECTOR('',#6557,1.);
#6557 = DIRECTION('',(0.,0.,1.));
#6558 = PLANE('',#6559);
#6559 = AXIS2_PLACEMENT_3D('',#6560,#6561,#6562);
#6560 = CARTESIAN_POINT('',(127.529,-20.5788,2.5));
#6561 = DIRECTION('',(-0.884303620511,-0.46691231163,0.));
#6562 = DIRECTION('',(-0.46691231163,0.884303620511,0.));
#6563 = ADVANCED_FACE('',(#6564),#6582,.T.);
#6564 = FACE_BOUND('',#6565,.T.);
#6565 = EDGE_LOOP('',(#6566,#6574,#6575,#6576));
#6566 = ORIENTED_EDGE('',*,*,#6567,.F.);
#6567 = EDGE_CURVE('',#6544,#6568,#6570,.T.);
#6568 = VERTEX_POINT('',#6569);
#6569 = CARTESIAN_POINT('',(127.142,-19.7224,2.5));
#6570 = LINE('',#6571,#6572);
#6571 = CARTESIAN_POINT('',(127.364,-20.2663,2.5));
#6572 = VECTOR('',#6573,1.);
#6573 = DIRECTION('',(-0.377896997427,0.925847643695,0.));
#6574 = ORIENTED_EDGE('',*,*,#6553,.T.);
#6575 = ORIENTED_EDGE('',*,*,#2820,.F.);
#6576 = ORIENTED_EDGE('',*,*,#6577,.F.);
#6577 = EDGE_CURVE('',#6568,#2813,#6578,.T.);
#6578 = LINE('',#6579,#6580);
#6579 = CARTESIAN_POINT('',(127.142,-19.7224,2.5));
#6580 = VECTOR('',#6581,1.);
#6581 = DIRECTION('',(0.,0.,1.));
#6582 = PLANE('',#6583);
#6583 = AXIS2_PLACEMENT_3D('',#6584,#6585,#6586);
#6584 = CARTESIAN_POINT('',(127.364,-20.2663,2.5));
#6585 = DIRECTION('',(-0.925847643695,-0.377896997427,0.));
#6586 = DIRECTION('',(-0.377896997427,0.925847643695,0.));
#6587 = ADVANCED_FACE('',(#6588),#6606,.T.);
#6588 = FACE_BOUND('',#6589,.T.);
#6589 = EDGE_LOOP('',(#6590,#6598,#6599,#6600));
#6590 = ORIENTED_EDGE('',*,*,#6591,.F.);
#6591 = EDGE_CURVE('',#6568,#6592,#6594,.T.);
#6592 = VERTEX_POINT('',#6593);
#6593 = CARTESIAN_POINT('',(127.04,-19.3837,2.5));
#6594 = LINE('',#6595,#6596);
#6595 = CARTESIAN_POINT('',(127.142,-19.7224,2.5));
#6596 = VECTOR('',#6597,1.);
#6597 = DIRECTION('',(-0.288359239125,0.957522296978,0.));
#6598 = ORIENTED_EDGE('',*,*,#6577,.T.);
#6599 = ORIENTED_EDGE('',*,*,#2812,.F.);
#6600 = ORIENTED_EDGE('',*,*,#6601,.F.);
#6601 = EDGE_CURVE('',#6592,#2805,#6602,.T.);
#6602 = LINE('',#6603,#6604);
#6603 = CARTESIAN_POINT('',(127.04,-19.3837,2.5));
#6604 = VECTOR('',#6605,1.);
#6605 = DIRECTION('',(0.,0.,1.));
#6606 = PLANE('',#6607);
#6607 = AXIS2_PLACEMENT_3D('',#6608,#6609,#6610);
#6608 = CARTESIAN_POINT('',(127.142,-19.7224,2.5));
#6609 = DIRECTION('',(-0.957522296978,-0.288359239125,0.));
#6610 = DIRECTION('',(-0.288359239125,0.957522296978,0.));
#6611 = ADVANCED_FACE('',(#6612),#6630,.T.);
#6612 = FACE_BOUND('',#6613,.T.);
#6613 = EDGE_LOOP('',(#6614,#6622,#6623,#6624));
#6614 = ORIENTED_EDGE('',*,*,#6615,.F.);
#6615 = EDGE_CURVE('',#6592,#6616,#6618,.T.);
#6616 = VERTEX_POINT('',#6617);
#6617 = CARTESIAN_POINT('',(126.928,-18.8069,2.5));
#6618 = LINE('',#6619,#6620);
#6619 = CARTESIAN_POINT('',(127.04,-19.3837,2.5));
#6620 = VECTOR('',#6621,1.);
#6621 = DIRECTION('',(-0.190614555111,0.981664958822,0.));
#6622 = ORIENTED_EDGE('',*,*,#6601,.T.);
#6623 = ORIENTED_EDGE('',*,*,#2804,.F.);
#6624 = ORIENTED_EDGE('',*,*,#6625,.F.);
#6625 = EDGE_CURVE('',#6616,#2797,#6626,.T.);
#6626 = LINE('',#6627,#6628);
#6627 = CARTESIAN_POINT('',(126.928,-18.8069,2.5));
#6628 = VECTOR('',#6629,1.);
#6629 = DIRECTION('',(0.,0.,1.));
#6630 = PLANE('',#6631);
#6631 = AXIS2_PLACEMENT_3D('',#6632,#6633,#6634);
#6632 = CARTESIAN_POINT('',(127.04,-19.3837,2.5));
#6633 = DIRECTION('',(-0.981664958822,-0.190614555111,0.));
#6634 = DIRECTION('',(-0.190614555111,0.981664958822,0.));
#6635 = ADVANCED_FACE('',(#6636),#6654,.T.);
#6636 = FACE_BOUND('',#6637,.T.);
#6637 = EDGE_LOOP('',(#6638,#6646,#6647,#6648));
#6638 = ORIENTED_EDGE('',*,*,#6639,.F.);
#6639 = EDGE_CURVE('',#6616,#6640,#6642,.T.);
#6640 = VERTEX_POINT('',#6641);
#6641 = CARTESIAN_POINT('',(126.895,-18.4549,2.5));
#6642 = LINE('',#6643,#6644);
#6643 = CARTESIAN_POINT('',(126.928,-18.8069,2.5));
#6644 = VECTOR('',#6645,1.);
#6645 = DIRECTION('',(-9.334070869306E-02,0.995634226059,0.));
#6646 = ORIENTED_EDGE('',*,*,#6625,.T.);
#6647 = ORIENTED_EDGE('',*,*,#2796,.F.);
#6648 = ORIENTED_EDGE('',*,*,#6649,.F.);
#6649 = EDGE_CURVE('',#6640,#2789,#6650,.T.);
#6650 = LINE('',#6651,#6652);
#6651 = CARTESIAN_POINT('',(126.895,-18.4549,2.5));
#6652 = VECTOR('',#6653,1.);
#6653 = DIRECTION('',(0.,0.,1.));
#6654 = PLANE('',#6655);
#6655 = AXIS2_PLACEMENT_3D('',#6656,#6657,#6658);
#6656 = CARTESIAN_POINT('',(126.928,-18.8069,2.5));
#6657 = DIRECTION('',(-0.995634226059,-9.334070869306E-02,0.));
#6658 = DIRECTION('',(-9.334070869306E-02,0.995634226059,0.));
#6659 = ADVANCED_FACE('',(#6660),#6678,.T.);
#6660 = FACE_BOUND('',#6661,.T.);
#6661 = EDGE_LOOP('',(#6662,#6670,#6671,#6672));
#6662 = ORIENTED_EDGE('',*,*,#6663,.F.);
#6663 = EDGE_CURVE('',#6640,#6664,#6666,.T.);
#6664 = VERTEX_POINT('',#6665);
#6665 = CARTESIAN_POINT('',(126.898,-17.8673,2.5));
#6666 = LINE('',#6667,#6668);
#6667 = CARTESIAN_POINT('',(126.895,-18.4549,2.5));
#6668 = VECTOR('',#6669,1.);
#6669 = DIRECTION('',(5.105447415513E-03,0.999986967118,0.));
#6670 = ORIENTED_EDGE('',*,*,#6649,.T.);
#6671 = ORIENTED_EDGE('',*,*,#2788,.F.);
#6672 = ORIENTED_EDGE('',*,*,#6673,.F.);
#6673 = EDGE_CURVE('',#6664,#2781,#6674,.T.);
#6674 = LINE('',#6675,#6676);
#6675 = CARTESIAN_POINT('',(126.898,-17.8673,2.5));
#6676 = VECTOR('',#6677,1.);
#6677 = DIRECTION('',(0.,0.,1.));
#6678 = PLANE('',#6679);
#6679 = AXIS2_PLACEMENT_3D('',#6680,#6681,#6682);
#6680 = CARTESIAN_POINT('',(126.895,-18.4549,2.5));
#6681 = DIRECTION('',(-0.999986967118,5.105447415513E-03,0.));
#6682 = DIRECTION('',(5.105447415513E-03,0.999986967118,0.));
#6683 = ADVANCED_FACE('',(#6684),#6702,.T.);
#6684 = FACE_BOUND('',#6685,.T.);
#6685 = EDGE_LOOP('',(#6686,#6694,#6695,#6696));
#6686 = ORIENTED_EDGE('',*,*,#6687,.F.);
#6687 = EDGE_CURVE('',#6664,#6688,#6690,.T.);
#6688 = VERTEX_POINT('',#6689);
#6689 = CARTESIAN_POINT('',(126.934,-17.5156,2.5));
#6690 = LINE('',#6691,#6692);
#6691 = CARTESIAN_POINT('',(126.898,-17.8673,2.5));
#6692 = VECTOR('',#6693,1.);
#6693 = DIRECTION('',(0.101827901823,0.994802029758,0.));
#6694 = ORIENTED_EDGE('',*,*,#6673,.T.);
#6695 = ORIENTED_EDGE('',*,*,#2780,.F.);
#6696 = ORIENTED_EDGE('',*,*,#6697,.F.);
#6697 = EDGE_CURVE('',#6688,#2773,#6698,.T.);
#6698 = LINE('',#6699,#6700);
#6699 = CARTESIAN_POINT('',(126.934,-17.5156,2.5));
#6700 = VECTOR('',#6701,1.);
#6701 = DIRECTION('',(0.,0.,1.));
#6702 = PLANE('',#6703);
#6703 = AXIS2_PLACEMENT_3D('',#6704,#6705,#6706);
#6704 = CARTESIAN_POINT('',(126.898,-17.8673,2.5));
#6705 = DIRECTION('',(-0.994802029758,0.101827901823,0.));
#6706 = DIRECTION('',(0.101827901823,0.994802029758,0.));
#6707 = ADVANCED_FACE('',(#6708),#6726,.T.);
#6708 = FACE_BOUND('',#6709,.T.);
#6709 = EDGE_LOOP('',(#6710,#6718,#6719,#6720));
#6710 = ORIENTED_EDGE('',*,*,#6711,.F.);
#6711 = EDGE_CURVE('',#6688,#6712,#6714,.T.);
#6712 = VERTEX_POINT('',#6713);
#6713 = CARTESIAN_POINT('',(127.051,-16.9398,2.5));
#6714 = LINE('',#6715,#6716);
#6715 = CARTESIAN_POINT('',(126.934,-17.5156,2.5));
#6716 = VECTOR('',#6717,1.);
#6717 = DIRECTION('',(0.199126325213,0.979973829552,0.));
#6718 = ORIENTED_EDGE('',*,*,#6697,.T.);
#6719 = ORIENTED_EDGE('',*,*,#2772,.F.);
#6720 = ORIENTED_EDGE('',*,*,#6721,.F.);
#6721 = EDGE_CURVE('',#6712,#2765,#6722,.T.);
#6722 = LINE('',#6723,#6724);
#6723 = CARTESIAN_POINT('',(127.051,-16.9398,2.5));
#6724 = VECTOR('',#6725,1.);
#6725 = DIRECTION('',(0.,0.,1.));
#6726 = PLANE('',#6727);
#6727 = AXIS2_PLACEMENT_3D('',#6728,#6729,#6730);
#6728 = CARTESIAN_POINT('',(126.934,-17.5156,2.5));
#6729 = DIRECTION('',(-0.979973829552,0.199126325213,0.));
#6730 = DIRECTION('',(0.199126325213,0.979973829552,0.));
#6731 = ADVANCED_FACE('',(#6732),#6750,.T.);
#6732 = FACE_BOUND('',#6733,.T.);
#6733 = EDGE_LOOP('',(#6734,#6742,#6743,#6744));
#6734 = ORIENTED_EDGE('',*,*,#6735,.F.);
#6735 = EDGE_CURVE('',#6712,#6736,#6738,.T.);
#6736 = VERTEX_POINT('',#6737);
#6737 = CARTESIAN_POINT('',(127.155,-16.602,2.5));
#6738 = LINE('',#6739,#6740);
#6739 = CARTESIAN_POINT('',(127.051,-16.9398,2.5));
#6740 = VECTOR('',#6741,1.);
#6741 = DIRECTION('',(0.294244896061,0.955730056628,0.));
#6742 = ORIENTED_EDGE('',*,*,#6721,.T.);
#6743 = ORIENTED_EDGE('',*,*,#2764,.F.);
#6744 = ORIENTED_EDGE('',*,*,#6745,.F.);
#6745 = EDGE_CURVE('',#6736,#2757,#6746,.T.);
#6746 = LINE('',#6747,#6748);
#6747 = CARTESIAN_POINT('',(127.155,-16.602,2.5));
#6748 = VECTOR('',#6749,1.);
#6749 = DIRECTION('',(0.,0.,1.));
#6750 = PLANE('',#6751);
#6751 = AXIS2_PLACEMENT_3D('',#6752,#6753,#6754);
#6752 = CARTESIAN_POINT('',(127.051,-16.9398,2.5));
#6753 = DIRECTION('',(-0.955730056628,0.294244896061,0.));
#6754 = DIRECTION('',(0.294244896061,0.955730056628,0.));
#6755 = ADVANCED_FACE('',(#6756),#6774,.T.);
#6756 = FACE_BOUND('',#6757,.T.);
#6757 = EDGE_LOOP('',(#6758,#6766,#6767,#6768));
#6758 = ORIENTED_EDGE('',*,*,#6759,.F.);
#6759 = EDGE_CURVE('',#6736,#6760,#6762,.T.);
#6760 = VERTEX_POINT('',#6761);
#6761 = CARTESIAN_POINT('',(127.382,-16.06,2.5));
#6762 = LINE('',#6763,#6764);
#6763 = CARTESIAN_POINT('',(127.155,-16.602,2.5));
#6764 = VECTOR('',#6765,1.);
#6765 = DIRECTION('',(0.386306459499,0.922370489201,0.));
#6766 = ORIENTED_EDGE('',*,*,#6745,.T.);
#6767 = ORIENTED_EDGE('',*,*,#2756,.F.);
#6768 = ORIENTED_EDGE('',*,*,#6769,.F.);
#6769 = EDGE_CURVE('',#6760,#2749,#6770,.T.);
#6770 = LINE('',#6771,#6772);
#6771 = CARTESIAN_POINT('',(127.382,-16.06,2.5));
#6772 = VECTOR('',#6773,1.);
#6773 = DIRECTION('',(0.,0.,1.));
#6774 = PLANE('',#6775);
#6775 = AXIS2_PLACEMENT_3D('',#6776,#6777,#6778);
#6776 = CARTESIAN_POINT('',(127.155,-16.602,2.5));
#6777 = DIRECTION('',(-0.922370489201,0.386306459499,0.));
#6778 = DIRECTION('',(0.386306459499,0.922370489201,0.));
#6779 = ADVANCED_FACE('',(#6780),#6798,.T.);
#6780 = FACE_BOUND('',#6781,.T.);
#6781 = EDGE_LOOP('',(#6782,#6790,#6791,#6792));
#6782 = ORIENTED_EDGE('',*,*,#6783,.F.);
#6783 = EDGE_CURVE('',#6760,#6784,#6786,.T.);
#6784 = VERTEX_POINT('',#6785);
#6785 = CARTESIAN_POINT('',(127.55,-15.749,2.5));
#6786 = LINE('',#6787,#6788);
#6787 = CARTESIAN_POINT('',(127.382,-16.06,2.5));
#6788 = VECTOR('',#6789,1.);
#6789 = DIRECTION('',(0.475280330134,0.879834420665,0.));
#6790 = ORIENTED_EDGE('',*,*,#6769,.T.);
#6791 = ORIENTED_EDGE('',*,*,#2748,.F.);
#6792 = ORIENTED_EDGE('',*,*,#6793,.F.);
#6793 = EDGE_CURVE('',#6784,#2741,#6794,.T.);
#6794 = LINE('',#6795,#6796);
#6795 = CARTESIAN_POINT('',(127.55,-15.749,2.5));
#6796 = VECTOR('',#6797,1.);
#6797 = DIRECTION('',(0.,0.,1.));
#6798 = PLANE('',#6799);
#6799 = AXIS2_PLACEMENT_3D('',#6800,#6801,#6802);
#6800 = CARTESIAN_POINT('',(127.382,-16.06,2.5));
#6801 = DIRECTION('',(-0.879834420665,0.475280330134,0.));
#6802 = DIRECTION('',(0.475280330134,0.879834420665,0.));
#6803 = ADVANCED_FACE('',(#6804),#6822,.T.);
#6804 = FACE_BOUND('',#6805,.T.);
#6805 = EDGE_LOOP('',(#6806,#6814,#6815,#6816));
#6806 = ORIENTED_EDGE('',*,*,#6807,.F.);
#6807 = EDGE_CURVE('',#6784,#6808,#6810,.T.);
#6808 = VERTEX_POINT('',#6809);
#6809 = CARTESIAN_POINT('',(127.879,-15.2618,2.5));
#6810 = LINE('',#6811,#6812);
#6811 = CARTESIAN_POINT('',(127.55,-15.749,2.5));
#6812 = VECTOR('',#6813,1.);
#6813 = DIRECTION('',(0.559636446107,0.828738226576,0.));
#6814 = ORIENTED_EDGE('',*,*,#6793,.T.);
#6815 = ORIENTED_EDGE('',*,*,#2740,.F.);
#6816 = ORIENTED_EDGE('',*,*,#6817,.F.);
#6817 = EDGE_CURVE('',#6808,#2733,#6818,.T.);
#6818 = LINE('',#6819,#6820);
#6819 = CARTESIAN_POINT('',(127.879,-15.2618,2.5));
#6820 = VECTOR('',#6821,1.);
#6821 = DIRECTION('',(0.,0.,1.));
#6822 = PLANE('',#6823);
#6823 = AXIS2_PLACEMENT_3D('',#6824,#6825,#6826);
#6824 = CARTESIAN_POINT('',(127.55,-15.749,2.5));
#6825 = DIRECTION('',(-0.828738226576,0.559636446107,0.));
#6826 = DIRECTION('',(0.559636446107,0.828738226576,0.));
#6827 = ADVANCED_FACE('',(#6828),#6846,.T.);
#6828 = FACE_BOUND('',#6829,.T.);
#6829 = EDGE_LOOP('',(#6830,#6838,#6839,#6840));
#6830 = ORIENTED_EDGE('',*,*,#6831,.F.);
#6831 = EDGE_CURVE('',#6808,#6832,#6834,.T.);
#6832 = VERTEX_POINT('',#6833);
#6833 = CARTESIAN_POINT('',(128.105,-14.9896,2.5));
#6834 = LINE('',#6835,#6836);
#6835 = CARTESIAN_POINT('',(127.879,-15.2618,2.5));
#6836 = VECTOR('',#6837,1.);
#6837 = DIRECTION('',(0.638793260358,0.769378431281,0.));
#6838 = ORIENTED_EDGE('',*,*,#6817,.T.);
#6839 = ORIENTED_EDGE('',*,*,#2732,.F.);
#6840 = ORIENTED_EDGE('',*,*,#6841,.F.);
#6841 = EDGE_CURVE('',#6832,#2725,#6842,.T.);
#6842 = LINE('',#6843,#6844);
#6843 = CARTESIAN_POINT('',(128.105,-14.9896,2.5));
#6844 = VECTOR('',#6845,1.);
#6845 = DIRECTION('',(0.,0.,1.));
#6846 = PLANE('',#6847);
#6847 = AXIS2_PLACEMENT_3D('',#6848,#6849,#6850);
#6848 = CARTESIAN_POINT('',(127.879,-15.2618,2.5));
#6849 = DIRECTION('',(-0.769378431281,0.638793260358,0.));
#6850 = DIRECTION('',(0.638793260358,0.769378431281,0.));
#6851 = ADVANCED_FACE('',(#6852),#6870,.T.);
#6852 = FACE_BOUND('',#6853,.T.);
#6853 = EDGE_LOOP('',(#6854,#6862,#6863,#6864));
#6854 = ORIENTED_EDGE('',*,*,#6855,.F.);
#6855 = EDGE_CURVE('',#6832,#6856,#6858,.T.);
#6856 = VERTEX_POINT('',#6857);
#6857 = CARTESIAN_POINT('',(128.522,-14.5759,2.5));
#6858 = LINE('',#6859,#6860);
#6859 = CARTESIAN_POINT('',(128.105,-14.9896,2.5));
#6860 = VECTOR('',#6861,1.);
#6861 = DIRECTION('',(0.709910198953,0.704292204573,0.));
#6862 = ORIENTED_EDGE('',*,*,#6841,.T.);
#6863 = ORIENTED_EDGE('',*,*,#2724,.F.);
#6864 = ORIENTED_EDGE('',*,*,#6865,.F.);
#6865 = EDGE_CURVE('',#6856,#2717,#6866,.T.);
#6866 = LINE('',#6867,#6868);
#6867 = CARTESIAN_POINT('',(128.522,-14.5759,2.5));
#6868 = VECTOR('',#6869,1.);
#6869 = DIRECTION('',(0.,0.,1.));
#6870 = PLANE('',#6871);
#6871 = AXIS2_PLACEMENT_3D('',#6872,#6873,#6874);
#6872 = CARTESIAN_POINT('',(128.105,-14.9896,2.5));
#6873 = DIRECTION('',(-0.704292204573,0.709910198953,0.));
#6874 = DIRECTION('',(0.709910198953,0.704292204573,0.));
#6875 = ADVANCED_FACE('',(#6876),#6894,.T.);
#6876 = FACE_BOUND('',#6877,.T.);
#6877 = EDGE_LOOP('',(#6878,#6886,#6887,#6888));
#6878 = ORIENTED_EDGE('',*,*,#6879,.F.);
#6879 = EDGE_CURVE('',#6856,#6880,#6882,.T.);
#6880 = VERTEX_POINT('',#6881);
#6881 = CARTESIAN_POINT('',(128.796,-14.3528,2.5));
#6882 = LINE('',#6883,#6884);
#6883 = CARTESIAN_POINT('',(128.522,-14.5759,2.5));
#6884 = VECTOR('',#6885,1.);
#6885 = DIRECTION('',(0.775455655678,0.63140203205,0.));
#6886 = ORIENTED_EDGE('',*,*,#6865,.T.);
#6887 = ORIENTED_EDGE('',*,*,#2716,.F.);
#6888 = ORIENTED_EDGE('',*,*,#6889,.F.);
#6889 = EDGE_CURVE('',#6880,#2709,#6890,.T.);
#6890 = LINE('',#6891,#6892);
#6891 = CARTESIAN_POINT('',(128.796,-14.3528,2.5));
#6892 = VECTOR('',#6893,1.);
#6893 = DIRECTION('',(0.,0.,1.));
#6894 = PLANE('',#6895);
#6895 = AXIS2_PLACEMENT_3D('',#6896,#6897,#6898);
#6896 = CARTESIAN_POINT('',(128.522,-14.5759,2.5));
#6897 = DIRECTION('',(-0.63140203205,0.775455655678,0.));
#6898 = DIRECTION('',(0.775455655678,0.63140203205,0.));
#6899 = ADVANCED_FACE('',(#6900),#6918,.T.);
#6900 = FACE_BOUND('',#6901,.T.);
#6901 = EDGE_LOOP('',(#6902,#6910,#6911,#6912));
#6902 = ORIENTED_EDGE('',*,*,#6903,.F.);
#6903 = EDGE_CURVE('',#6880,#6904,#6906,.T.);
#6904 = VERTEX_POINT('',#6905);
#6905 = CARTESIAN_POINT('',(129.286,-14.0285,2.5));
#6906 = LINE('',#6907,#6908);
#6907 = CARTESIAN_POINT('',(128.796,-14.3528,2.5));
#6908 = VECTOR('',#6909,1.);
#6909 = DIRECTION('',(0.83390456152,0.551908672043,0.));
#6910 = ORIENTED_EDGE('',*,*,#6889,.T.);
#6911 = ORIENTED_EDGE('',*,*,#2708,.F.);
#6912 = ORIENTED_EDGE('',*,*,#6913,.F.);
#6913 = EDGE_CURVE('',#6904,#2701,#6914,.T.);
#6914 = LINE('',#6915,#6916);
#6915 = CARTESIAN_POINT('',(129.286,-14.0285,2.5));
#6916 = VECTOR('',#6917,1.);
#6917 = DIRECTION('',(0.,0.,1.));
#6918 = PLANE('',#6919);
#6919 = AXIS2_PLACEMENT_3D('',#6920,#6921,#6922);
#6920 = CARTESIAN_POINT('',(128.796,-14.3528,2.5));
#6921 = DIRECTION('',(-0.551908672043,0.83390456152,0.));
#6922 = DIRECTION('',(0.83390456152,0.551908672043,0.));
#6923 = ADVANCED_FACE('',(#6924),#6942,.T.);
#6924 = FACE_BOUND('',#6925,.T.);
#6925 = EDGE_LOOP('',(#6926,#6934,#6935,#6936));
#6926 = ORIENTED_EDGE('',*,*,#6927,.F.);
#6927 = EDGE_CURVE('',#6904,#6928,#6930,.T.);
#6928 = VERTEX_POINT('',#6929);
#6929 = CARTESIAN_POINT('',(129.882,-13.7132,2.5));
#6930 = LINE('',#6931,#6932);
#6931 = CARTESIAN_POINT('',(129.286,-14.0285,2.5));
#6932 = VECTOR('',#6933,1.);
#6933 = DIRECTION('',(0.883928570626,0.467621943487,0.));
#6934 = ORIENTED_EDGE('',*,*,#6913,.T.);
#6935 = ORIENTED_EDGE('',*,*,#2700,.F.);
#6936 = ORIENTED_EDGE('',*,*,#6937,.F.);
#6937 = EDGE_CURVE('',#6928,#2693,#6938,.T.);
#6938 = LINE('',#6939,#6940);
#6939 = CARTESIAN_POINT('',(129.882,-13.7132,2.5));
#6940 = VECTOR('',#6941,1.);
#6941 = DIRECTION('',(0.,0.,1.));
#6942 = PLANE('',#6943);
#6943 = AXIS2_PLACEMENT_3D('',#6944,#6945,#6946);
#6944 = CARTESIAN_POINT('',(129.286,-14.0285,2.5));
#6945 = DIRECTION('',(-0.467621943487,0.883928570626,0.));
#6946 = DIRECTION('',(0.883928570626,0.467621943487,0.));
#6947 = ADVANCED_FACE('',(#6948),#6966,.T.);
#6948 = FACE_BOUND('',#6949,.T.);
#6949 = EDGE_LOOP('',(#6950,#6958,#6959,#6960));
#6950 = ORIENTED_EDGE('',*,*,#6951,.F.);
#6951 = EDGE_CURVE('',#6928,#6952,#6954,.T.);
#6952 = VERTEX_POINT('',#6953);
#6953 = CARTESIAN_POINT('',(130.149,-13.5885,2.5));
#6954 = LINE('',#6955,#6956);
#6955 = CARTESIAN_POINT('',(129.882,-13.7132,2.5));
#6956 = VECTOR('',#6957,1.);
#6957 = DIRECTION('',(0.906053055909,0.423164105138,0.));
#6958 = ORIENTED_EDGE('',*,*,#6937,.T.);
#6959 = ORIENTED_EDGE('',*,*,#2692,.F.);
#6960 = ORIENTED_EDGE('',*,*,#6961,.F.);
#6961 = EDGE_CURVE('',#6952,#2685,#6962,.T.);
#6962 = LINE('',#6963,#6964);
#6963 = CARTESIAN_POINT('',(130.149,-13.5885,2.5));
#6964 = VECTOR('',#6965,1.);
#6965 = DIRECTION('',(0.,0.,1.));
#6966 = PLANE('',#6967);
#6967 = AXIS2_PLACEMENT_3D('',#6968,#6969,#6970);
#6968 = CARTESIAN_POINT('',(129.882,-13.7132,2.5));
#6969 = DIRECTION('',(-0.423164105138,0.906053055909,0.));
#6970 = DIRECTION('',(0.906053055909,0.423164105138,0.));
#6971 = ADVANCED_FACE('',(#6972),#6990,.T.);
#6972 = FACE_BOUND('',#6973,.T.);
#6973 = EDGE_LOOP('',(#6974,#6982,#6983,#6984));
#6974 = ORIENTED_EDGE('',*,*,#6975,.F.);
#6975 = EDGE_CURVE('',#6952,#6976,#6978,.T.);
#6976 = VERTEX_POINT('',#6977);
#6977 = CARTESIAN_POINT('',(130.506,-13.4423,2.5));
#6978 = LINE('',#6979,#6980);
#6979 = CARTESIAN_POINT('',(130.149,-13.5885,2.5));
#6980 = VECTOR('',#6981,1.);
#6981 = DIRECTION('',(0.925406502217,0.378975996146,0.));
#6982 = ORIENTED_EDGE('',*,*,#6961,.T.);
#6983 = ORIENTED_EDGE('',*,*,#2684,.F.);
#6984 = ORIENTED_EDGE('',*,*,#6985,.F.);
#6985 = EDGE_CURVE('',#6976,#2677,#6986,.T.);
#6986 = LINE('',#6987,#6988);
#6987 = CARTESIAN_POINT('',(130.506,-13.4423,2.5));
#6988 = VECTOR('',#6989,1.);
#6989 = DIRECTION('',(0.,0.,1.));
#6990 = PLANE('',#6991);
#6991 = AXIS2_PLACEMENT_3D('',#6992,#6993,#6994);
#6992 = CARTESIAN_POINT('',(130.149,-13.5885,2.5));
#6993 = DIRECTION('',(-0.378975996146,0.925406502217,0.));
#6994 = DIRECTION('',(0.925406502217,0.378975996146,0.));
#6995 = ADVANCED_FACE('',(#6996),#7014,.T.);
#6996 = FACE_BOUND('',#6997,.T.);
#6997 = EDGE_LOOP('',(#6998,#7006,#7007,#7008));
#6998 = ORIENTED_EDGE('',*,*,#6999,.F.);
#6999 = EDGE_CURVE('',#6976,#7000,#7002,.T.);
#7000 = VERTEX_POINT('',#7001);
#7001 = CARTESIAN_POINT('',(130.684,-13.3592,2.5));
#7002 = LINE('',#7003,#7004);
#7003 = CARTESIAN_POINT('',(130.506,-13.4423,2.5));
#7004 = VECTOR('',#7005,1.);
#7005 = DIRECTION('',(0.906118103994,0.423024800235,0.));
#7006 = ORIENTED_EDGE('',*,*,#6985,.T.);
#7007 = ORIENTED_EDGE('',*,*,#2676,.F.);
#7008 = ORIENTED_EDGE('',*,*,#7009,.F.);
#7009 = EDGE_CURVE('',#7000,#2669,#7010,.T.);
#7010 = LINE('',#7011,#7012);
#7011 = CARTESIAN_POINT('',(130.684,-13.3592,2.5));
#7012 = VECTOR('',#7013,1.);
#7013 = DIRECTION('',(0.,0.,1.));
#7014 = PLANE('',#7015);
#7015 = AXIS2_PLACEMENT_3D('',#7016,#7017,#7018);
#7016 = CARTESIAN_POINT('',(130.506,-13.4423,2.5));
#7017 = DIRECTION('',(-0.423024800235,0.906118103994,0.));
#7018 = DIRECTION('',(0.906118103994,0.423024800235,0.));
#7019 = ADVANCED_FACE('',(#7020),#7038,.T.);
#7020 = FACE_BOUND('',#7021,.T.);
#7021 = EDGE_LOOP('',(#7022,#7030,#7031,#7032));
#7022 = ORIENTED_EDGE('',*,*,#7023,.F.);
#7023 = EDGE_CURVE('',#7000,#7024,#7026,.T.);
#7024 = VERTEX_POINT('',#7025);
#7025 = CARTESIAN_POINT('',(130.991,-13.1966,2.5));
#7026 = LINE('',#7027,#7028);
#7027 = CARTESIAN_POINT('',(130.684,-13.3592,2.5));
#7028 = VECTOR('',#7029,1.);
#7029 = DIRECTION('',(0.883703880599,0.468046420148,0.));
#7030 = ORIENTED_EDGE('',*,*,#7009,.T.);
#7031 = ORIENTED_EDGE('',*,*,#2668,.F.);
#7032 = ORIENTED_EDGE('',*,*,#7033,.F.);
#7033 = EDGE_CURVE('',#7024,#2661,#7034,.T.);
#7034 = LINE('',#7035,#7036);
#7035 = CARTESIAN_POINT('',(130.991,-13.1966,2.5));
#7036 = VECTOR('',#7037,1.);
#7037 = DIRECTION('',(0.,0.,1.));
#7038 = PLANE('',#7039);
#7039 = AXIS2_PLACEMENT_3D('',#7040,#7041,#7042);
#7040 = CARTESIAN_POINT('',(130.684,-13.3592,2.5));
#7041 = DIRECTION('',(-0.468046420148,0.883703880599,0.));
#7042 = DIRECTION('',(0.883703880599,0.468046420148,0.));
#7043 = ADVANCED_FACE('',(#7044),#7062,.T.);
#7044 = FACE_BOUND('',#7045,.T.);
#7045 = EDGE_LOOP('',(#7046,#7054,#7055,#7056));
#7046 = ORIENTED_EDGE('',*,*,#7047,.F.);
#7047 = EDGE_CURVE('',#7024,#7048,#7050,.T.);
#7048 = VERTEX_POINT('',#7049);
#7049 = CARTESIAN_POINT('',(131.16,-13.0965,2.5));
#7050 = LINE('',#7051,#7052);
#7051 = CARTESIAN_POINT('',(130.991,-13.1966,2.5));
#7052 = VECTOR('',#7053,1.);
#7053 = DIRECTION('',(0.860399022388,0.509620959414,0.));
#7054 = ORIENTED_EDGE('',*,*,#7033,.T.);
#7055 = ORIENTED_EDGE('',*,*,#2660,.F.);
#7056 = ORIENTED_EDGE('',*,*,#7057,.F.);
#7057 = EDGE_CURVE('',#7048,#2653,#7058,.T.);
#7058 = LINE('',#7059,#7060);
#7059 = CARTESIAN_POINT('',(131.16,-13.0965,2.5));
#7060 = VECTOR('',#7061,1.);
#7061 = DIRECTION('',(0.,0.,1.));
#7062 = PLANE('',#7063);
#7063 = AXIS2_PLACEMENT_3D('',#7064,#7065,#7066);
#7064 = CARTESIAN_POINT('',(130.991,-13.1966,2.5));
#7065 = DIRECTION('',(-0.509620959414,0.860399022388,0.));
#7066 = DIRECTION('',(0.860399022388,0.509620959414,0.));
#7067 = ADVANCED_FACE('',(#7068),#7086,.T.);
#7068 = FACE_BOUND('',#7069,.T.);
#7069 = EDGE_LOOP('',(#7070,#7078,#7079,#7080));
#7070 = ORIENTED_EDGE('',*,*,#7071,.F.);
#7071 = EDGE_CURVE('',#7048,#7072,#7074,.T.);
#7072 = VERTEX_POINT('',#7073);
#7073 = CARTESIAN_POINT('',(131.711,-12.7315,2.5));
#7074 = LINE('',#7075,#7076);
#7075 = CARTESIAN_POINT('',(131.16,-13.0965,2.5));
#7076 = VECTOR('',#7077,1.);
#7077 = DIRECTION('',(0.833676114831,0.552253687683,0.));
#7078 = ORIENTED_EDGE('',*,*,#7057,.T.);
#7079 = ORIENTED_EDGE('',*,*,#2652,.F.);
#7080 = ORIENTED_EDGE('',*,*,#7081,.F.);
#7081 = EDGE_CURVE('',#7072,#2645,#7082,.T.);
#7082 = LINE('',#7083,#7084);
#7083 = CARTESIAN_POINT('',(131.711,-12.7315,2.5));
#7084 = VECTOR('',#7085,1.);
#7085 = DIRECTION('',(0.,0.,1.));
#7086 = PLANE('',#7087);
#7087 = AXIS2_PLACEMENT_3D('',#7088,#7089,#7090);
#7088 = CARTESIAN_POINT('',(131.16,-13.0965,2.5));
#7089 = DIRECTION('',(-0.552253687683,0.833676114831,0.));
#7090 = DIRECTION('',(0.833676114831,0.552253687683,0.));
#7091 = ADVANCED_FACE('',(#7092),#7110,.T.);
#7092 = FACE_BOUND('',#7093,.T.);
#7093 = EDGE_LOOP('',(#7094,#7102,#7103,#7104));
#7094 = ORIENTED_EDGE('',*,*,#7095,.F.);
#7095 = EDGE_CURVE('',#7072,#7096,#7098,.T.);
#7096 = VERTEX_POINT('',#7097);
#7097 = CARTESIAN_POINT('',(131.87,-12.6152,2.5));
#7098 = LINE('',#7099,#7100);
#7099 = CARTESIAN_POINT('',(131.711,-12.7315,2.5));
#7100 = VECTOR('',#7101,1.);
#7101 = DIRECTION('',(0.807130620468,0.59037290038,0.));
#7102 = ORIENTED_EDGE('',*,*,#7081,.T.);
#7103 = ORIENTED_EDGE('',*,*,#2644,.F.);
#7104 = ORIENTED_EDGE('',*,*,#7105,.F.);
#7105 = EDGE_CURVE('',#7096,#2637,#7106,.T.);
#7106 = LINE('',#7107,#7108);
#7107 = CARTESIAN_POINT('',(131.87,-12.6152,2.5));
#7108 = VECTOR('',#7109,1.);
#7109 = DIRECTION('',(0.,0.,1.));
#7110 = PLANE('',#7111);
#7111 = AXIS2_PLACEMENT_3D('',#7112,#7113,#7114);
#7112 = CARTESIAN_POINT('',(131.711,-12.7315,2.5));
#7113 = DIRECTION('',(-0.59037290038,0.807130620468,0.));
#7114 = DIRECTION('',(0.807130620468,0.59037290038,0.));
#7115 = ADVANCED_FACE('',(#7116),#7134,.T.);
#7116 = FACE_BOUND('',#7117,.T.);
#7117 = EDGE_LOOP('',(#7118,#7126,#7127,#7128));
#7118 = ORIENTED_EDGE('',*,*,#7119,.F.);
#7119 = EDGE_CURVE('',#7096,#7120,#7122,.T.);
#7120 = VERTEX_POINT('',#7121);
#7121 = CARTESIAN_POINT('',(132.139,-12.3959,2.5));
#7122 = LINE('',#7123,#7124);
#7123 = CARTESIAN_POINT('',(131.87,-12.6152,2.5));
#7124 = VECTOR('',#7125,1.);
#7125 = DIRECTION('',(0.775072960446,0.631871748051,0.));
#7126 = ORIENTED_EDGE('',*,*,#7105,.T.);
#7127 = ORIENTED_EDGE('',*,*,#2636,.F.);
#7128 = ORIENTED_EDGE('',*,*,#7129,.F.);
#7129 = EDGE_CURVE('',#7120,#2629,#7130,.T.);
#7130 = LINE('',#7131,#7132);
#7131 = CARTESIAN_POINT('',(132.139,-12.3959,2.5));
#7132 = VECTOR('',#7133,1.);
#7133 = DIRECTION('',(0.,0.,1.));
#7134 = PLANE('',#7135);
#7135 = AXIS2_PLACEMENT_3D('',#7136,#7137,#7138);
#7136 = CARTESIAN_POINT('',(131.87,-12.6152,2.5));
#7137 = DIRECTION('',(-0.631871748051,0.775072960446,0.));
#7138 = DIRECTION('',(0.775072960446,0.631871748051,0.));
#7139 = ADVANCED_FACE('',(#7140),#7158,.T.);
#7140 = FACE_BOUND('',#7141,.T.);
#7141 = EDGE_LOOP('',(#7142,#7150,#7151,#7152));
#7142 = ORIENTED_EDGE('',*,*,#7143,.F.);
#7143 = EDGE_CURVE('',#7120,#7144,#7146,.T.);
#7144 = VERTEX_POINT('',#7145);
#7145 = CARTESIAN_POINT('',(132.285,-12.2647,2.5));
#7146 = LINE('',#7147,#7148);
#7147 = CARTESIAN_POINT('',(132.139,-12.3959,2.5));
#7148 = VECTOR('',#7149,1.);
#7149 = DIRECTION('',(0.743800570872,0.668401608893,0.));
#7150 = ORIENTED_EDGE('',*,*,#7129,.T.);
#7151 = ORIENTED_EDGE('',*,*,#2628,.F.);
#7152 = ORIENTED_EDGE('',*,*,#7153,.F.);
#7153 = EDGE_CURVE('',#7144,#2621,#7154,.T.);
#7154 = LINE('',#7155,#7156);
#7155 = CARTESIAN_POINT('',(132.285,-12.2647,2.5));
#7156 = VECTOR('',#7157,1.);
#7157 = DIRECTION('',(0.,0.,1.));
#7158 = PLANE('',#7159);
#7159 = AXIS2_PLACEMENT_3D('',#7160,#7161,#7162);
#7160 = CARTESIAN_POINT('',(132.139,-12.3959,2.5));
#7161 = DIRECTION('',(-0.668401608893,0.743800570872,0.));
#7162 = DIRECTION('',(0.743800570872,0.668401608893,0.));
#7163 = ADVANCED_FACE('',(#7164),#7182,.T.);
#7164 = FACE_BOUND('',#7165,.T.);
#7165 = EDGE_LOOP('',(#7166,#7174,#7175,#7176));
#7166 = ORIENTED_EDGE('',*,*,#7167,.F.);
#7167 = EDGE_CURVE('',#7144,#7168,#7170,.T.);
#7168 = VERTEX_POINT('',#7169);
#7169 = CARTESIAN_POINT('',(132.755,-11.7991,2.5));
#7170 = LINE('',#7171,#7172);
#7171 = CARTESIAN_POINT('',(132.285,-12.2647,2.5));
#7172 = VECTOR('',#7173,1.);
#7173 = DIRECTION('',(0.710424352385,0.703773571214,0.));
#7174 = ORIENTED_EDGE('',*,*,#7153,.T.);
#7175 = ORIENTED_EDGE('',*,*,#2620,.F.);
#7176 = ORIENTED_EDGE('',*,*,#7177,.F.);
#7177 = EDGE_CURVE('',#7168,#2613,#7178,.T.);
#7178 = LINE('',#7179,#7180);
#7179 = CARTESIAN_POINT('',(132.755,-11.7991,2.5));
#7180 = VECTOR('',#7181,1.);
#7181 = DIRECTION('',(0.,0.,1.));
#7182 = PLANE('',#7183);
#7183 = AXIS2_PLACEMENT_3D('',#7184,#7185,#7186);
#7184 = CARTESIAN_POINT('',(132.285,-12.2647,2.5));
#7185 = DIRECTION('',(-0.703773571214,0.710424352385,0.));
#7186 = DIRECTION('',(0.710424352385,0.703773571214,0.));
#7187 = ADVANCED_FACE('',(#7188),#7206,.T.);
#7188 = FACE_BOUND('',#7189,.T.);
#7189 = EDGE_LOOP('',(#7190,#7198,#7199,#7200));
#7190 = ORIENTED_EDGE('',*,*,#7191,.F.);
#7191 = EDGE_CURVE('',#7168,#7192,#7194,.T.);
#7192 = VERTEX_POINT('',#7193);
#7193 = CARTESIAN_POINT('',(132.887,-11.6543,2.5));
#7194 = LINE('',#7195,#7196);
#7195 = CARTESIAN_POINT('',(132.755,-11.7991,2.5));
#7196 = VECTOR('',#7197,1.);
#7197 = DIRECTION('',(0.673688280817,0.73901562926,0.));
#7198 = ORIENTED_EDGE('',*,*,#7177,.T.);
#7199 = ORIENTED_EDGE('',*,*,#2612,.F.);
#7200 = ORIENTED_EDGE('',*,*,#7201,.F.);
#7201 = EDGE_CURVE('',#7192,#2605,#7202,.T.);
#7202 = LINE('',#7203,#7204);
#7203 = CARTESIAN_POINT('',(132.887,-11.6543,2.5));
#7204 = VECTOR('',#7205,1.);
#7205 = DIRECTION('',(0.,0.,1.));
#7206 = PLANE('',#7207);
#7207 = AXIS2_PLACEMENT_3D('',#7208,#7209,#7210);
#7208 = CARTESIAN_POINT('',(132.755,-11.7991,2.5));
#7209 = DIRECTION('',(-0.73901562926,0.673688280817,0.));
#7210 = DIRECTION('',(0.673688280817,0.73901562926,0.));
#7211 = ADVANCED_FACE('',(#7212),#7230,.T.);
#7212 = FACE_BOUND('',#7213,.T.);
#7213 = EDGE_LOOP('',(#7214,#7222,#7223,#7224));
#7214 = ORIENTED_EDGE('',*,*,#7215,.F.);
#7215 = EDGE_CURVE('',#7192,#7216,#7218,.T.);
#7216 = VERTEX_POINT('',#7217);
#7217 = CARTESIAN_POINT('',(133.109,-11.3865,2.5));
#7218 = LINE('',#7219,#7220);
#7219 = CARTESIAN_POINT('',(132.887,-11.6543,2.5));
#7220 = VECTOR('',#7221,1.);
#7221 = DIRECTION('',(0.638202912534,0.769868198092,0.));
#7222 = ORIENTED_EDGE('',*,*,#7201,.T.);
#7223 = ORIENTED_EDGE('',*,*,#2604,.F.);
#7224 = ORIENTED_EDGE('',*,*,#7225,.F.);
#7225 = EDGE_CURVE('',#7216,#2597,#7226,.T.);
#7226 = LINE('',#7227,#7228);
#7227 = CARTESIAN_POINT('',(133.109,-11.3865,2.5));
#7228 = VECTOR('',#7229,1.);
#7229 = DIRECTION('',(0.,0.,1.));
#7230 = PLANE('',#7231);
#7231 = AXIS2_PLACEMENT_3D('',#7232,#7233,#7234);
#7232 = CARTESIAN_POINT('',(132.887,-11.6543,2.5));
#7233 = DIRECTION('',(-0.769868198092,0.638202912534,0.));
#7234 = DIRECTION('',(0.638202912534,0.769868198092,0.));
#7235 = ADVANCED_FACE('',(#7236),#7254,.T.);
#7236 = FACE_BOUND('',#7237,.T.);
#7237 = EDGE_LOOP('',(#7238,#7246,#7247,#7248));
#7238 = ORIENTED_EDGE('',*,*,#7239,.F.);
#7239 = EDGE_CURVE('',#7216,#7240,#7242,.T.);
#7240 = VERTEX_POINT('',#7241);
#7241 = CARTESIAN_POINT('',(133.227,-11.2293,2.5));
#7242 = LINE('',#7243,#7244);
#7243 = CARTESIAN_POINT('',(133.109,-11.3865,2.5));
#7244 = VECTOR('',#7245,1.);
#7245 = DIRECTION('',(0.600325550604,0.799755733516,0.));
#7246 = ORIENTED_EDGE('',*,*,#7225,.T.);
#7247 = ORIENTED_EDGE('',*,*,#2596,.F.);
#7248 = ORIENTED_EDGE('',*,*,#7249,.F.);
#7249 = EDGE_CURVE('',#7240,#2589,#7250,.T.);
#7250 = LINE('',#7251,#7252);
#7251 = CARTESIAN_POINT('',(133.227,-11.2293,2.5));
#7252 = VECTOR('',#7253,1.);
#7253 = DIRECTION('',(0.,0.,1.));
#7254 = PLANE('',#7255);
#7255 = AXIS2_PLACEMENT_3D('',#7256,#7257,#7258);
#7256 = CARTESIAN_POINT('',(133.109,-11.3865,2.5));
#7257 = DIRECTION('',(-0.799755733516,0.600325550604,0.));
#7258 = DIRECTION('',(0.600325550604,0.799755733516,0.));
#7259 = ADVANCED_FACE('',(#7260),#7278,.T.);
#7260 = FACE_BOUND('',#7261,.T.);
#7261 = EDGE_LOOP('',(#7262,#7270,#7271,#7272));
#7262 = ORIENTED_EDGE('',*,*,#7263,.F.);
#7263 = EDGE_CURVE('',#7240,#7264,#7266,.T.);
#7264 = VERTEX_POINT('',#7265);
#7265 = CARTESIAN_POINT('',(133.597,-10.6811,2.5));
#7266 = LINE('',#7267,#7268);
#7267 = CARTESIAN_POINT('',(133.227,-11.2293,2.5));
#7268 = VECTOR('',#7269,1.);
#7269 = DIRECTION('',(0.559436499173,0.828873213099,0.));
#7270 = ORIENTED_EDGE('',*,*,#7249,.T.);
#7271 = ORIENTED_EDGE('',*,*,#2588,.F.);
#7272 = ORIENTED_EDGE('',*,*,#7273,.F.);
#7273 = EDGE_CURVE('',#7264,#2581,#7274,.T.);
#7274 = LINE('',#7275,#7276);
#7275 = CARTESIAN_POINT('',(133.597,-10.6811,2.5));
#7276 = VECTOR('',#7277,1.);
#7277 = DIRECTION('',(0.,0.,1.));
#7278 = PLANE('',#7279);
#7279 = AXIS2_PLACEMENT_3D('',#7280,#7281,#7282);
#7280 = CARTESIAN_POINT('',(133.227,-11.2293,2.5));
#7281 = DIRECTION('',(-0.828873213099,0.559436499173,0.));
#7282 = DIRECTION('',(0.559436499173,0.828873213099,0.));
#7283 = ADVANCED_FACE('',(#7284),#7302,.T.);
#7284 = FACE_BOUND('',#7285,.T.);
#7285 = EDGE_LOOP('',(#7286,#7294,#7295,#7296));
#7286 = ORIENTED_EDGE('',*,*,#7287,.F.);
#7287 = EDGE_CURVE('',#7264,#7288,#7290,.T.);
#7288 = VERTEX_POINT('',#7289);
#7289 = CARTESIAN_POINT('',(133.698,-10.5132,2.5));
#7290 = LINE('',#7291,#7292);
#7291 = CARTESIAN_POINT('',(133.597,-10.6811,2.5));
#7292 = VECTOR('',#7293,1.);
#7293 = DIRECTION('',(0.515471124844,0.856906949121,0.));
#7294 = ORIENTED_EDGE('',*,*,#7273,.T.);
#7295 = ORIENTED_EDGE('',*,*,#2580,.F.);
#7296 = ORIENTED_EDGE('',*,*,#7297,.F.);
#7297 = EDGE_CURVE('',#7288,#2573,#7298,.T.);
#7298 = LINE('',#7299,#7300);
#7299 = CARTESIAN_POINT('',(133.698,-10.5132,2.5));
#7300 = VECTOR('',#7301,1.);
#7301 = DIRECTION('',(0.,0.,1.));
#7302 = PLANE('',#7303);
#7303 = AXIS2_PLACEMENT_3D('',#7304,#7305,#7306);
#7304 = CARTESIAN_POINT('',(133.597,-10.6811,2.5));
#7305 = DIRECTION('',(-0.856906949121,0.515471124844,0.));
#7306 = DIRECTION('',(0.515471124844,0.856906949121,0.));
#7307 = ADVANCED_FACE('',(#7308),#7326,.T.);
#7308 = FACE_BOUND('',#7309,.T.);
#7309 = EDGE_LOOP('',(#7310,#7318,#7319,#7320));
#7310 = ORIENTED_EDGE('',*,*,#7311,.F.);
#7311 = EDGE_CURVE('',#7288,#7312,#7314,.T.);
#7312 = VERTEX_POINT('',#7313);
#7313 = CARTESIAN_POINT('',(133.863,-10.2073,2.5));
#7314 = LINE('',#7315,#7316);
#7315 = CARTESIAN_POINT('',(133.698,-10.5132,2.5));
#7316 = VECTOR('',#7317,1.);
#7317 = DIRECTION('',(0.474734526903,0.880129041088,0.));
#7318 = ORIENTED_EDGE('',*,*,#7297,.T.);
#7319 = ORIENTED_EDGE('',*,*,#2572,.F.);
#7320 = ORIENTED_EDGE('',*,*,#7321,.F.);
#7321 = EDGE_CURVE('',#7312,#2565,#7322,.T.);
#7322 = LINE('',#7323,#7324);
#7323 = CARTESIAN_POINT('',(133.863,-10.2073,2.5));
#7324 = VECTOR('',#7325,1.);
#7325 = DIRECTION('',(0.,0.,1.));
#7326 = PLANE('',#7327);
#7327 = AXIS2_PLACEMENT_3D('',#7328,#7329,#7330);
#7328 = CARTESIAN_POINT('',(133.698,-10.5132,2.5));
#7329 = DIRECTION('',(-0.880129041088,0.474734526903,0.));
#7330 = DIRECTION('',(0.474734526903,0.880129041088,0.));
#7331 = ADVANCED_FACE('',(#7332),#7350,.T.);
#7332 = FACE_BOUND('',#7333,.T.);
#7333 = EDGE_LOOP('',(#7334,#7342,#7343,#7344));
#7334 = ORIENTED_EDGE('',*,*,#7335,.F.);
#7335 = EDGE_CURVE('',#7312,#7336,#7338,.T.);
#7336 = VERTEX_POINT('',#7337);
#7337 = CARTESIAN_POINT('',(133.948,-10.0302,2.5));
#7338 = LINE('',#7339,#7340);
#7339 = CARTESIAN_POINT('',(133.863,-10.2073,2.5));
#7340 = VECTOR('',#7341,1.);
#7341 = DIRECTION('',(0.432697968695,0.901538944188,0.));
#7342 = ORIENTED_EDGE('',*,*,#7321,.T.);
#7343 = ORIENTED_EDGE('',*,*,#2564,.F.);
#7344 = ORIENTED_EDGE('',*,*,#7345,.F.);
#7345 = EDGE_CURVE('',#7336,#2557,#7346,.T.);
#7346 = LINE('',#7347,#7348);
#7347 = CARTESIAN_POINT('',(133.948,-10.0302,2.5));
#7348 = VECTOR('',#7349,1.);
#7349 = DIRECTION('',(0.,0.,1.));
#7350 = PLANE('',#7351);
#7351 = AXIS2_PLACEMENT_3D('',#7352,#7353,#7354);
#7352 = CARTESIAN_POINT('',(133.863,-10.2073,2.5));
#7353 = DIRECTION('',(-0.901538944188,0.432697968695,0.));
#7354 = DIRECTION('',(0.432697968695,0.901538944188,0.));
#7355 = ADVANCED_FACE('',(#7356),#7374,.T.);
#7356 = FACE_BOUND('',#7357,.T.);
#7357 = EDGE_LOOP('',(#7358,#7366,#7367,#7368));
#7358 = ORIENTED_EDGE('',*,*,#7359,.F.);
#7359 = EDGE_CURVE('',#7336,#7360,#7362,.T.);
#7360 = VERTEX_POINT('',#7361);
#7361 = CARTESIAN_POINT('',(134.204,-9.42035,2.5));
#7362 = LINE('',#7363,#7364);
#7363 = CARTESIAN_POINT('',(133.948,-10.0302,2.5));
#7364 = VECTOR('',#7365,1.);
#7365 = DIRECTION('',(0.387056401425,0.922056040659,0.));
#7366 = ORIENTED_EDGE('',*,*,#7345,.T.);
#7367 = ORIENTED_EDGE('',*,*,#2556,.F.);
#7368 = ORIENTED_EDGE('',*,*,#7369,.F.);
#7369 = EDGE_CURVE('',#7360,#2549,#7370,.T.);
#7370 = LINE('',#7371,#7372);
#7371 = CARTESIAN_POINT('',(134.204,-9.42035,2.5));
#7372 = VECTOR('',#7373,1.);
#7373 = DIRECTION('',(0.,0.,1.));
#7374 = PLANE('',#7375);
#7375 = AXIS2_PLACEMENT_3D('',#7376,#7377,#7378);
#7376 = CARTESIAN_POINT('',(133.948,-10.0302,2.5));
#7377 = DIRECTION('',(-0.922056040659,0.387056401425,0.));
#7378 = DIRECTION('',(0.387056401425,0.922056040659,0.));
#7379 = ADVANCED_FACE('',(#7380),#7398,.T.);
#7380 = FACE_BOUND('',#7381,.T.);
#7381 = EDGE_LOOP('',(#7382,#7390,#7391,#7392));
#7382 = ORIENTED_EDGE('',*,*,#7383,.F.);
#7383 = EDGE_CURVE('',#7360,#7384,#7386,.T.);
#7384 = VERTEX_POINT('',#7385);
#7385 = CARTESIAN_POINT('',(134.271,-9.23584,2.5));
#7386 = LINE('',#7387,#7388);
#7387 = CARTESIAN_POINT('',(134.204,-9.42035,2.5));
#7388 = VECTOR('',#7389,1.);
#7389 = DIRECTION('',(0.341317636013,0.939948015236,0.));
#7390 = ORIENTED_EDGE('',*,*,#7369,.T.);
#7391 = ORIENTED_EDGE('',*,*,#2548,.F.);
#7392 = ORIENTED_EDGE('',*,*,#7393,.F.);
#7393 = EDGE_CURVE('',#7384,#2541,#7394,.T.);
#7394 = LINE('',#7395,#7396);
#7395 = CARTESIAN_POINT('',(134.271,-9.23584,2.5));
#7396 = VECTOR('',#7397,1.);
#7397 = DIRECTION('',(0.,0.,1.));
#7398 = PLANE('',#7399);
#7399 = AXIS2_PLACEMENT_3D('',#7400,#7401,#7402);
#7400 = CARTESIAN_POINT('',(134.204,-9.42035,2.5));
#7401 = DIRECTION('',(-0.939948015236,0.341317636013,0.));
#7402 = DIRECTION('',(0.341317636013,0.939948015236,0.));
#7403 = ADVANCED_FACE('',(#7404),#7422,.T.);
#7404 = FACE_BOUND('',#7405,.T.);
#7405 = EDGE_LOOP('',(#7406,#7414,#7415,#7416));
#7406 = ORIENTED_EDGE('',*,*,#7407,.F.);
#7407 = EDGE_CURVE('',#7384,#7408,#7410,.T.);
#7408 = VERTEX_POINT('',#7409);
#7409 = CARTESIAN_POINT('',(134.373,-8.90359,2.5));
#7410 = LINE('',#7411,#7412);
#7411 = CARTESIAN_POINT('',(134.271,-9.23584,2.5));
#7412 = VECTOR('',#7413,1.);
#7413 = DIRECTION('',(0.29347923476,0.95596544852,0.));
#7414 = ORIENTED_EDGE('',*,*,#7393,.T.);
#7415 = ORIENTED_EDGE('',*,*,#2540,.F.);
#7416 = ORIENTED_EDGE('',*,*,#7417,.F.);
#7417 = EDGE_CURVE('',#7408,#2533,#7418,.T.);
#7418 = LINE('',#7419,#7420);
#7419 = CARTESIAN_POINT('',(134.373,-8.90359,2.5));
#7420 = VECTOR('',#7421,1.);
#7421 = DIRECTION('',(0.,0.,1.));
#7422 = PLANE('',#7423);
#7423 = AXIS2_PLACEMENT_3D('',#7424,#7425,#7426);
#7424 = CARTESIAN_POINT('',(134.271,-9.23584,2.5));
#7425 = DIRECTION('',(-0.95596544852,0.29347923476,0.));
#7426 = DIRECTION('',(0.29347923476,0.95596544852,0.));
#7427 = ADVANCED_FACE('',(#7428),#7446,.T.);
#7428 = FACE_BOUND('',#7429,.T.);
#7429 = EDGE_LOOP('',(#7430,#7438,#7439,#7440));
#7430 = ORIENTED_EDGE('',*,*,#7431,.F.);
#7431 = EDGE_CURVE('',#7408,#7432,#7434,.T.);
#7432 = VERTEX_POINT('',#7433);
#7433 = CARTESIAN_POINT('',(134.422,-8.71341,2.5));
#7434 = LINE('',#7435,#7436);
#7435 = CARTESIAN_POINT('',(134.373,-8.90359,2.5));
#7436 = VECTOR('',#7437,1.);
#7437 = DIRECTION('',(0.249502244114,0.968374220114,0.));
#7438 = ORIENTED_EDGE('',*,*,#7417,.T.);
#7439 = ORIENTED_EDGE('',*,*,#2532,.F.);
#7440 = ORIENTED_EDGE('',*,*,#7441,.F.);
#7441 = EDGE_CURVE('',#7432,#2525,#7442,.T.);
#7442 = LINE('',#7443,#7444);
#7443 = CARTESIAN_POINT('',(134.422,-8.71341,2.5));
#7444 = VECTOR('',#7445,1.);
#7445 = DIRECTION('',(0.,0.,1.));
#7446 = PLANE('',#7447);
#7447 = AXIS2_PLACEMENT_3D('',#7448,#7449,#7450);
#7448 = CARTESIAN_POINT('',(134.373,-8.90359,2.5));
#7449 = DIRECTION('',(-0.968374220114,0.249502244114,0.));
#7450 = DIRECTION('',(0.249502244114,0.968374220114,0.));
#7451 = ADVANCED_FACE('',(#7452),#7470,.T.);
#7452 = FACE_BOUND('',#7453,.T.);
#7453 = EDGE_LOOP('',(#7454,#7462,#7463,#7464));
#7454 = ORIENTED_EDGE('',*,*,#7455,.F.);
#7455 = EDGE_CURVE('',#7432,#7456,#7458,.T.);
#7456 = VERTEX_POINT('',#7457);
#7457 = CARTESIAN_POINT('',(134.556,-8.05098,2.5));
#7458 = LINE('',#7459,#7460);
#7459 = CARTESIAN_POINT('',(134.422,-8.71341,2.5));
#7460 = VECTOR('',#7461,1.);
#7461 = DIRECTION('',(0.198269653481,0.980147511607,0.));
#7462 = ORIENTED_EDGE('',*,*,#7441,.T.);
#7463 = ORIENTED_EDGE('',*,*,#2524,.F.);
#7464 = ORIENTED_EDGE('',*,*,#7465,.F.);
#7465 = EDGE_CURVE('',#7456,#2517,#7466,.T.);
#7466 = LINE('',#7467,#7468);
#7467 = CARTESIAN_POINT('',(134.556,-8.05098,2.5));
#7468 = VECTOR('',#7469,1.);
#7469 = DIRECTION('',(0.,0.,1.));
#7470 = PLANE('',#7471);
#7471 = AXIS2_PLACEMENT_3D('',#7472,#7473,#7474);
#7472 = CARTESIAN_POINT('',(134.422,-8.71341,2.5));
#7473 = DIRECTION('',(-0.980147511607,0.198269653481,0.));
#7474 = DIRECTION('',(0.198269653481,0.980147511607,0.));
#7475 = ADVANCED_FACE('',(#7476),#7494,.T.);
#7476 = FACE_BOUND('',#7477,.T.);
#7477 = EDGE_LOOP('',(#7478,#7486,#7487,#7488));
#7478 = ORIENTED_EDGE('',*,*,#7479,.F.);
#7479 = EDGE_CURVE('',#7456,#7480,#7482,.T.);
#7480 = VERTEX_POINT('',#7481);
#7481 = CARTESIAN_POINT('',(134.581,-7.90356,2.5));
#7482 = LINE('',#7483,#7484);
#7483 = CARTESIAN_POINT('',(134.556,-8.05098,2.5));
#7484 = VECTOR('',#7485,1.);
#7485 = DIRECTION('',(0.167196379891,0.985923612939,0.));
#7486 = ORIENTED_EDGE('',*,*,#7465,.T.);
#7487 = ORIENTED_EDGE('',*,*,#2516,.F.);
#7488 = ORIENTED_EDGE('',*,*,#7489,.F.);
#7489 = EDGE_CURVE('',#7480,#2509,#7490,.T.);
#7490 = LINE('',#7491,#7492);
#7491 = CARTESIAN_POINT('',(134.581,-7.90356,2.5));
#7492 = VECTOR('',#7493,1.);
#7493 = DIRECTION('',(0.,0.,1.));
#7494 = PLANE('',#7495);
#7495 = AXIS2_PLACEMENT_3D('',#7496,#7497,#7498);
#7496 = CARTESIAN_POINT('',(134.556,-8.05098,2.5));
#7497 = DIRECTION('',(-0.985923612939,0.167196379891,0.));
#7498 = DIRECTION('',(0.167196379891,0.985923612939,0.));
#7499 = ADVANCED_FACE('',(#7500),#7518,.T.);
#7500 = FACE_BOUND('',#7501,.T.);
#7501 = EDGE_LOOP('',(#7502,#7510,#7511,#7512));
#7502 = ORIENTED_EDGE('',*,*,#7503,.F.);
#7503 = EDGE_CURVE('',#7480,#7504,#7506,.T.);
#7504 = VERTEX_POINT('',#7505);
#7505 = CARTESIAN_POINT('',(134.614,-7.64077,2.5));
#7506 = LINE('',#7507,#7508);
#7507 = CARTESIAN_POINT('',(134.581,-7.90356,2.5));
#7508 = VECTOR('',#7509,1.);
#7509 = DIRECTION('',(0.124596998566,0.992207431915,0.));
#7510 = ORIENTED_EDGE('',*,*,#7489,.T.);
#7511 = ORIENTED_EDGE('',*,*,#2508,.F.);
#7512 = ORIENTED_EDGE('',*,*,#7513,.F.);
#7513 = EDGE_CURVE('',#7504,#2501,#7514,.T.);
#7514 = LINE('',#7515,#7516);
#7515 = CARTESIAN_POINT('',(134.614,-7.64077,2.5));
#7516 = VECTOR('',#7517,1.);
#7517 = DIRECTION('',(0.,0.,1.));
#7518 = PLANE('',#7519);
#7519 = AXIS2_PLACEMENT_3D('',#7520,#7521,#7522);
#7520 = CARTESIAN_POINT('',(134.581,-7.90356,2.5));
#7521 = DIRECTION('',(-0.992207431915,0.124596998566,0.));
#7522 = DIRECTION('',(0.124596998566,0.992207431915,0.));
#7523 = ADVANCED_FACE('',(#7524),#7542,.T.);
#7524 = FACE_BOUND('',#7525,.T.);
#7525 = EDGE_LOOP('',(#7526,#7534,#7535,#7536));
#7526 = ORIENTED_EDGE('',*,*,#7527,.F.);
#7527 = EDGE_CURVE('',#7504,#7528,#7530,.T.);
#7528 = VERTEX_POINT('',#7529);
#7529 = CARTESIAN_POINT('',(134.627,-7.49195,2.5));
#7530 = LINE('',#7531,#7532);
#7531 = CARTESIAN_POINT('',(134.614,-7.64077,2.5));
#7532 = VECTOR('',#7533,1.);
#7533 = DIRECTION('',(8.702246033801E-02,0.996206349807,0.));
#7534 = ORIENTED_EDGE('',*,*,#7513,.T.);
#7535 = ORIENTED_EDGE('',*,*,#2500,.F.);
#7536 = ORIENTED_EDGE('',*,*,#7537,.F.);
#7537 = EDGE_CURVE('',#7528,#2493,#7538,.T.);
#7538 = LINE('',#7539,#7540);
#7539 = CARTESIAN_POINT('',(134.627,-7.49195,2.5));
#7540 = VECTOR('',#7541,1.);
#7541 = DIRECTION('',(0.,0.,1.));
#7542 = PLANE('',#7543);
#7543 = AXIS2_PLACEMENT_3D('',#7544,#7545,#7546);
#7544 = CARTESIAN_POINT('',(134.614,-7.64077,2.5));
#7545 = DIRECTION('',(-0.996206349807,8.702246033801E-02,0.));
#7546 = DIRECTION('',(8.702246033801E-02,0.996206349807,0.));
#7547 = ADVANCED_FACE('',(#7548),#7566,.T.);
#7548 = FACE_BOUND('',#7549,.T.);
#7549 = EDGE_LOOP('',(#7550,#7558,#7559,#7560));
#7550 = ORIENTED_EDGE('',*,*,#7551,.F.);
#7551 = EDGE_CURVE('',#7528,#7552,#7554,.T.);
#7552 = VERTEX_POINT('',#7553);
#7553 = CARTESIAN_POINT('',(134.645,-7.14518,2.5));
#7554 = LINE('',#7555,#7556);
#7555 = CARTESIAN_POINT('',(134.627,-7.49195,2.5));
#7556 = VECTOR('',#7557,1.);
#7557 = DIRECTION('',(5.183781555264E-02,0.998655516622,0.));
#7558 = ORIENTED_EDGE('',*,*,#7537,.T.);
#7559 = ORIENTED_EDGE('',*,*,#2492,.F.);
#7560 = ORIENTED_EDGE('',*,*,#7561,.F.);
#7561 = EDGE_CURVE('',#7552,#2485,#7562,.T.);
#7562 = LINE('',#7563,#7564);
#7563 = CARTESIAN_POINT('',(134.645,-7.14518,2.5));
#7564 = VECTOR('',#7565,1.);
#7565 = DIRECTION('',(0.,0.,1.));
#7566 = PLANE('',#7567);
#7567 = AXIS2_PLACEMENT_3D('',#7568,#7569,#7570);
#7568 = CARTESIAN_POINT('',(134.627,-7.49195,2.5));
#7569 = DIRECTION('',(-0.998655516622,5.183781555264E-02,0.));
#7570 = DIRECTION('',(5.183781555264E-02,0.998655516622,0.));
#7571 = ADVANCED_FACE('',(#7572),#7590,.T.);
#7572 = FACE_BOUND('',#7573,.T.);
#7573 = EDGE_LOOP('',(#7574,#7582,#7583,#7584));
#7574 = ORIENTED_EDGE('',*,*,#7575,.F.);
#7575 = EDGE_CURVE('',#7552,#7576,#7578,.T.);
#7576 = VERTEX_POINT('',#7577);
#7577 = CARTESIAN_POINT('',(134.647,-7.09395,2.5));
#7578 = LINE('',#7579,#7580);
#7579 = CARTESIAN_POINT('',(134.645,-7.14518,2.5));
#7580 = VECTOR('',#7581,1.);
#7581 = DIRECTION('',(3.900990918558E-02,0.999238823798,0.));
#7582 = ORIENTED_EDGE('',*,*,#7561,.T.);
#7583 = ORIENTED_EDGE('',*,*,#2484,.F.);
#7584 = ORIENTED_EDGE('',*,*,#7585,.F.);
#7585 = EDGE_CURVE('',#7576,#2477,#7586,.T.);
#7586 = LINE('',#7587,#7588);
#7587 = CARTESIAN_POINT('',(134.647,-7.09395,2.5));
#7588 = VECTOR('',#7589,1.);
#7589 = DIRECTION('',(0.,0.,1.));
#7590 = PLANE('',#7591);
#7591 = AXIS2_PLACEMENT_3D('',#7592,#7593,#7594);
#7592 = CARTESIAN_POINT('',(134.645,-7.14518,2.5));
#7593 = DIRECTION('',(-0.999238823798,3.900990918558E-02,0.));
#7594 = DIRECTION('',(3.900990918558E-02,0.999238823798,0.));
#7595 = ADVANCED_FACE('',(#7596),#7614,.T.);
#7596 = FACE_BOUND('',#7597,.T.);
#7597 = EDGE_LOOP('',(#7598,#7606,#7607,#7608));
#7598 = ORIENTED_EDGE('',*,*,#7599,.F.);
#7599 = EDGE_CURVE('',#7576,#7600,#7602,.T.);
#7600 = VERTEX_POINT('',#7601);
#7601 = CARTESIAN_POINT('',(134.649,-7.00299,2.5));
#7602 = LINE('',#7603,#7604);
#7603 = CARTESIAN_POINT('',(134.647,-7.09395,2.5));
#7604 = VECTOR('',#7605,1.);
#7605 = DIRECTION('',(2.198237375619E-02,0.999758358427,0.));
#7606 = ORIENTED_EDGE('',*,*,#7585,.T.);
#7607 = ORIENTED_EDGE('',*,*,#2476,.F.);
#7608 = ORIENTED_EDGE('',*,*,#7609,.F.);
#7609 = EDGE_CURVE('',#7600,#2469,#7610,.T.);
#7610 = LINE('',#7611,#7612);
#7611 = CARTESIAN_POINT('',(134.649,-7.00299,2.5));
#7612 = VECTOR('',#7613,1.);
#7613 = DIRECTION('',(0.,0.,1.));
#7614 = PLANE('',#7615);
#7615 = AXIS2_PLACEMENT_3D('',#7616,#7617,#7618);
#7616 = CARTESIAN_POINT('',(134.647,-7.09395,2.5));
#7617 = DIRECTION('',(-0.999758358427,2.198237375619E-02,0.));
#7618 = DIRECTION('',(2.198237375619E-02,0.999758358427,0.));
#7619 = ADVANCED_FACE('',(#7620),#7638,.T.);
#7620 = FACE_BOUND('',#7621,.T.);
#7621 = EDGE_LOOP('',(#7622,#7630,#7631,#7632));
#7622 = ORIENTED_EDGE('',*,*,#7623,.F.);
#7623 = EDGE_CURVE('',#7600,#7624,#7626,.T.);
#7624 = VERTEX_POINT('',#7625);
#7625 = CARTESIAN_POINT('',(134.65,-6.95173,2.5));
#7626 = LINE('',#7627,#7628);
#7627 = CARTESIAN_POINT('',(134.649,-7.00299,2.5));
#7628 = VECTOR('',#7629,1.);
#7629 = DIRECTION('',(1.950467744224E-02,0.999809765684,0.));
#7630 = ORIENTED_EDGE('',*,*,#7609,.T.);
#7631 = ORIENTED_EDGE('',*,*,#2468,.F.);
#7632 = ORIENTED_EDGE('',*,*,#7633,.F.);
#7633 = EDGE_CURVE('',#7624,#2461,#7634,.T.);
#7634 = LINE('',#7635,#7636);
#7635 = CARTESIAN_POINT('',(134.65,-6.95173,2.5));
#7636 = VECTOR('',#7637,1.);
#7637 = DIRECTION('',(0.,0.,1.));
#7638 = PLANE('',#7639);
#7639 = AXIS2_PLACEMENT_3D('',#7640,#7641,#7642);
#7640 = CARTESIAN_POINT('',(134.649,-7.00299,2.5));
#7641 = DIRECTION('',(-0.999809765684,1.950467744224E-02,0.));
#7642 = DIRECTION('',(1.950467744224E-02,0.999809765684,0.));
#7643 = ADVANCED_FACE('',(#7644),#7662,.T.);
#7644 = FACE_BOUND('',#7645,.T.);
#7645 = EDGE_LOOP('',(#7646,#7654,#7655,#7656));
#7646 = ORIENTED_EDGE('',*,*,#7647,.F.);
#7647 = EDGE_CURVE('',#7624,#7648,#7650,.T.);
#7648 = VERTEX_POINT('',#7649);
#7649 = CARTESIAN_POINT('',(134.65,56.9693,2.5));
#7650 = LINE('',#7651,#7652);
#7651 = CARTESIAN_POINT('',(134.65,-6.95173,2.5));
#7652 = VECTOR('',#7653,1.);
#7653 = DIRECTION('',(0.,1.,0.));
#7654 = ORIENTED_EDGE('',*,*,#7633,.T.);
#7655 = ORIENTED_EDGE('',*,*,#2460,.F.);
#7656 = ORIENTED_EDGE('',*,*,#7657,.F.);
#7657 = EDGE_CURVE('',#7648,#2453,#7658,.T.);
#7658 = LINE('',#7659,#7660);
#7659 = CARTESIAN_POINT('',(134.65,56.9693,2.5));
#7660 = VECTOR('',#7661,1.);
#7661 = DIRECTION('',(0.,0.,1.));
#7662 = PLANE('',#7663);
#7663 = AXIS2_PLACEMENT_3D('',#7664,#7665,#7666);
#7664 = CARTESIAN_POINT('',(134.65,-6.95173,2.5));
#7665 = DIRECTION('',(-1.,0.,0.));
#7666 = DIRECTION('',(0.,1.,0.));
#7667 = ADVANCED_FACE('',(#7668),#7686,.T.);
#7668 = FACE_BOUND('',#7669,.T.);
#7669 = EDGE_LOOP('',(#7670,#7678,#7679,#7680));
#7670 = ORIENTED_EDGE('',*,*,#7671,.F.);
#7671 = EDGE_CURVE('',#7648,#7672,#7674,.T.);
#7672 = VERTEX_POINT('',#7673);
#7673 = CARTESIAN_POINT('',(134.648,57.0674,2.5));
#7674 = LINE('',#7675,#7676);
#7675 = CARTESIAN_POINT('',(134.65,56.9693,2.5));
#7676 = VECTOR('',#7677,1.);
#7677 = DIRECTION('',(-2.038312421095E-02,0.999792242542,0.));
#7678 = ORIENTED_EDGE('',*,*,#7657,.T.);
#7679 = ORIENTED_EDGE('',*,*,#2452,.F.);
#7680 = ORIENTED_EDGE('',*,*,#7681,.F.);
#7681 = EDGE_CURVE('',#7672,#2445,#7682,.T.);
#7682 = LINE('',#7683,#7684);
#7683 = CARTESIAN_POINT('',(134.648,57.0674,2.5));
#7684 = VECTOR('',#7685,1.);
#7685 = DIRECTION('',(0.,0.,1.));
#7686 = PLANE('',#7687);
#7687 = AXIS2_PLACEMENT_3D('',#7688,#7689,#7690);
#7688 = CARTESIAN_POINT('',(134.65,56.9693,2.5));
#7689 = DIRECTION('',(-0.999792242542,-2.038312421095E-02,0.));
#7690 = DIRECTION('',(-2.038312421095E-02,0.999792242542,0.));
#7691 = ADVANCED_FACE('',(#7692),#7710,.T.);
#7692 = FACE_BOUND('',#7693,.T.);
#7693 = EDGE_LOOP('',(#7694,#7702,#7703,#7704));
#7694 = ORIENTED_EDGE('',*,*,#7695,.F.);
#7695 = EDGE_CURVE('',#7672,#7696,#7698,.T.);
#7696 = VERTEX_POINT('',#7697);
#7697 = CARTESIAN_POINT('',(134.639,57.2414,2.5));
#7698 = LINE('',#7699,#7700);
#7699 = CARTESIAN_POINT('',(134.648,57.0674,2.5));
#7700 = VECTOR('',#7701,1.);
#7701 = DIRECTION('',(-5.165508542796E-02,0.998664984942,0.));
#7702 = ORIENTED_EDGE('',*,*,#7681,.T.);
#7703 = ORIENTED_EDGE('',*,*,#2444,.F.);
#7704 = ORIENTED_EDGE('',*,*,#7705,.F.);
#7705 = EDGE_CURVE('',#7696,#2437,#7706,.T.);
#7706 = LINE('',#7707,#7708);
#7707 = CARTESIAN_POINT('',(134.639,57.2414,2.5));
#7708 = VECTOR('',#7709,1.);
#7709 = DIRECTION('',(0.,0.,1.));
#7710 = PLANE('',#7711);
#7711 = AXIS2_PLACEMENT_3D('',#7712,#7713,#7714);
#7712 = CARTESIAN_POINT('',(134.648,57.0674,2.5));
#7713 = DIRECTION('',(-0.998664984942,-5.165508542796E-02,0.));
#7714 = DIRECTION('',(-5.165508542796E-02,0.998664984942,0.));
#7715 = ADVANCED_FACE('',(#7716),#7734,.T.);
#7716 = FACE_BOUND('',#7717,.T.);
#7717 = EDGE_LOOP('',(#7718,#7726,#7727,#7728));
#7718 = ORIENTED_EDGE('',*,*,#7719,.F.);
#7719 = EDGE_CURVE('',#7696,#7720,#7722,.T.);
#7720 = VERTEX_POINT('',#7721);
#7721 = CARTESIAN_POINT('',(134.632,57.3393,2.5));
#7722 = LINE('',#7723,#7724);
#7723 = CARTESIAN_POINT('',(134.639,57.2414,2.5));
#7724 = VECTOR('',#7725,1.);
#7725 = DIRECTION('',(-7.131945533866E-02,0.997453525379,0.));
#7726 = ORIENTED_EDGE('',*,*,#7705,.T.);
#7727 = ORIENTED_EDGE('',*,*,#2436,.F.);
#7728 = ORIENTED_EDGE('',*,*,#7729,.F.);
#7729 = EDGE_CURVE('',#7720,#2429,#7730,.T.);
#7730 = LINE('',#7731,#7732);
#7731 = CARTESIAN_POINT('',(134.632,57.3393,2.5));
#7732 = VECTOR('',#7733,1.);
#7733 = DIRECTION('',(0.,0.,1.));
#7734 = PLANE('',#7735);
#7735 = AXIS2_PLACEMENT_3D('',#7736,#7737,#7738);
#7736 = CARTESIAN_POINT('',(134.639,57.2414,2.5));
#7737 = DIRECTION('',(-0.997453525379,-7.131945533866E-02,0.));
#7738 = DIRECTION('',(-7.131945533866E-02,0.997453525379,0.));
#7739 = ADVANCED_FACE('',(#7740),#7758,.T.);
#7740 = FACE_BOUND('',#7741,.T.);
#7741 = EDGE_LOOP('',(#7742,#7750,#7751,#7752));
#7742 = ORIENTED_EDGE('',*,*,#7743,.F.);
#7743 = EDGE_CURVE('',#7720,#7744,#7746,.T.);
#7744 = VERTEX_POINT('',#7745);
#7745 = CARTESIAN_POINT('',(134.564,58.028,2.5));
#7746 = LINE('',#7747,#7748);
#7747 = CARTESIAN_POINT('',(134.632,57.3393,2.5));
#7748 = VECTOR('',#7749,1.);
#7749 = DIRECTION('',(-9.825895148374E-02,0.995160880689,0.));
#7750 = ORIENTED_EDGE('',*,*,#7729,.T.);
#7751 = ORIENTED_EDGE('',*,*,#2428,.F.);
#7752 = ORIENTED_EDGE('',*,*,#7753,.F.);
#7753 = EDGE_CURVE('',#7744,#2421,#7754,.T.);
#7754 = LINE('',#7755,#7756);
#7755 = CARTESIAN_POINT('',(134.564,58.028,2.5));
#7756 = VECTOR('',#7757,1.);
#7757 = DIRECTION('',(0.,0.,1.));
#7758 = PLANE('',#7759);
#7759 = AXIS2_PLACEMENT_3D('',#7760,#7761,#7762);
#7760 = CARTESIAN_POINT('',(134.632,57.3393,2.5));
#7761 = DIRECTION('',(-0.995160880689,-9.825895148374E-02,0.));
#7762 = DIRECTION('',(-9.825895148374E-02,0.995160880689,0.));
#7763 = ADVANCED_FACE('',(#7764),#7782,.T.);
#7764 = FACE_BOUND('',#7765,.T.);
#7765 = EDGE_LOOP('',(#7766,#7774,#7775,#7776));
#7766 = ORIENTED_EDGE('',*,*,#7767,.F.);
#7767 = EDGE_CURVE('',#7744,#7768,#7770,.T.);
#7768 = VERTEX_POINT('',#7769);
#7769 = CARTESIAN_POINT('',(134.535,58.2221,2.5));
#7770 = LINE('',#7771,#7772);
#7771 = CARTESIAN_POINT('',(134.564,58.028,2.5));
#7772 = VECTOR('',#7773,1.);
#7773 = DIRECTION('',(-0.147767348348,0.989022148772,0.));
#7774 = ORIENTED_EDGE('',*,*,#7753,.T.);
#7775 = ORIENTED_EDGE('',*,*,#2420,.F.);
#7776 = ORIENTED_EDGE('',*,*,#7777,.F.);
#7777 = EDGE_CURVE('',#7768,#2413,#7778,.T.);
#7778 = LINE('',#7779,#7780);
#7779 = CARTESIAN_POINT('',(134.535,58.2221,2.5));
#7780 = VECTOR('',#7781,1.);
#7781 = DIRECTION('',(0.,0.,1.));
#7782 = PLANE('',#7783);
#7783 = AXIS2_PLACEMENT_3D('',#7784,#7785,#7786);
#7784 = CARTESIAN_POINT('',(134.564,58.028,2.5));
#7785 = DIRECTION('',(-0.989022148772,-0.147767348348,0.));
#7786 = DIRECTION('',(-0.147767348348,0.989022148772,0.));
#7787 = ADVANCED_FACE('',(#7788),#7806,.T.);
#7788 = FACE_BOUND('',#7789,.T.);
#7789 = EDGE_LOOP('',(#7790,#7798,#7799,#7800));
#7790 = ORIENTED_EDGE('',*,*,#7791,.F.);
#7791 = EDGE_CURVE('',#7768,#7792,#7794,.T.);
#7792 = VERTEX_POINT('',#7793);
#7793 = CARTESIAN_POINT('',(134.467,58.5631,2.5));
#7794 = LINE('',#7795,#7796);
#7795 = CARTESIAN_POINT('',(134.535,58.2221,2.5));
#7796 = VECTOR('',#7797,1.);
#7797 = DIRECTION('',(-0.195563041046,0.980691132303,0.));
#7798 = ORIENTED_EDGE('',*,*,#7777,.T.);
#7799 = ORIENTED_EDGE('',*,*,#2412,.F.);
#7800 = ORIENTED_EDGE('',*,*,#7801,.F.);
#7801 = EDGE_CURVE('',#7792,#2405,#7802,.T.);
#7802 = LINE('',#7803,#7804);
#7803 = CARTESIAN_POINT('',(134.467,58.5631,2.5));
#7804 = VECTOR('',#7805,1.);
#7805 = DIRECTION('',(0.,0.,1.));
#7806 = PLANE('',#7807);
#7807 = AXIS2_PLACEMENT_3D('',#7808,#7809,#7810);
#7808 = CARTESIAN_POINT('',(134.535,58.2221,2.5));
#7809 = DIRECTION('',(-0.980691132303,-0.195563041046,0.));
#7810 = DIRECTION('',(-0.195563041046,0.980691132303,0.));
#7811 = ADVANCED_FACE('',(#7812),#7830,.T.);
#7812 = FACE_BOUND('',#7813,.T.);
#7813 = EDGE_LOOP('',(#7814,#7822,#7823,#7824));
#7814 = ORIENTED_EDGE('',*,*,#7815,.F.);
#7815 = EDGE_CURVE('',#7792,#7816,#7818,.T.);
#7816 = VERTEX_POINT('',#7817);
#7817 = CARTESIAN_POINT('',(134.42,58.7535,2.5));
#7818 = LINE('',#7819,#7820);
#7819 = CARTESIAN_POINT('',(134.467,58.5631,2.5));
#7820 = VECTOR('',#7821,1.);
#7821 = DIRECTION('',(-0.239655096245,0.970858092022,0.));
#7822 = ORIENTED_EDGE('',*,*,#7801,.T.);
#7823 = ORIENTED_EDGE('',*,*,#2404,.F.);
#7824 = ORIENTED_EDGE('',*,*,#7825,.F.);
#7825 = EDGE_CURVE('',#7816,#2397,#7826,.T.);
#7826 = LINE('',#7827,#7828);
#7827 = CARTESIAN_POINT('',(134.42,58.7535,2.5));
#7828 = VECTOR('',#7829,1.);
#7829 = DIRECTION('',(0.,0.,1.));
#7830 = PLANE('',#7831);
#7831 = AXIS2_PLACEMENT_3D('',#7832,#7833,#7834);
#7832 = CARTESIAN_POINT('',(134.467,58.5631,2.5));
#7833 = DIRECTION('',(-0.970858092022,-0.239655096245,0.));
#7834 = DIRECTION('',(-0.239655096245,0.970858092022,0.));
#7835 = ADVANCED_FACE('',(#7836),#7854,.T.);
#7836 = FACE_BOUND('',#7837,.T.);
#7837 = EDGE_LOOP('',(#7838,#7846,#7847,#7848));
#7838 = ORIENTED_EDGE('',*,*,#7839,.F.);
#7839 = EDGE_CURVE('',#7816,#7840,#7842,.T.);
#7840 = VERTEX_POINT('',#7841);
#7841 = CARTESIAN_POINT('',(134.228,59.3864,2.5));
#7842 = LINE('',#7843,#7844);
#7843 = CARTESIAN_POINT('',(134.42,58.7535,2.5));
#7844 = VECTOR('',#7845,1.);
#7845 = DIRECTION('',(-0.290301131452,0.956935344251,0.));
#7846 = ORIENTED_EDGE('',*,*,#7825,.T.);
#7847 = ORIENTED_EDGE('',*,*,#2396,.F.);
#7848 = ORIENTED_EDGE('',*,*,#7849,.F.);
#7849 = EDGE_CURVE('',#7840,#2389,#7850,.T.);
#7850 = LINE('',#7851,#7852);
#7851 = CARTESIAN_POINT('',(134.228,59.3864,2.5));
#7852 = VECTOR('',#7853,1.);
#7853 = DIRECTION('',(0.,0.,1.));
#7854 = PLANE('',#7855);
#7855 = AXIS2_PLACEMENT_3D('',#7856,#7857,#7858);
#7856 = CARTESIAN_POINT('',(134.42,58.7535,2.5));
#7857 = DIRECTION('',(-0.956935344251,-0.290301131452,0.));
#7858 = DIRECTION('',(-0.290301131452,0.956935344251,0.));
#7859 = ADVANCED_FACE('',(#7860),#7878,.T.);
#7860 = FACE_BOUND('',#7861,.T.);
#7861 = EDGE_LOOP('',(#7862,#7870,#7871,#7872));
#7862 = ORIENTED_EDGE('',*,*,#7863,.F.);
#7863 = EDGE_CURVE('',#7840,#7864,#7866,.T.);
#7864 = VERTEX_POINT('',#7865);
#7865 = CARTESIAN_POINT('',(134.162,59.5712,2.5));
#7866 = LINE('',#7867,#7868);
#7867 = CARTESIAN_POINT('',(134.228,59.3864,2.5));
#7868 = VECTOR('',#7869,1.);
#7869 = DIRECTION('',(-0.336336396998,0.941741911595,0.));
#7870 = ORIENTED_EDGE('',*,*,#7849,.T.);
#7871 = ORIENTED_EDGE('',*,*,#2388,.F.);
#7872 = ORIENTED_EDGE('',*,*,#7873,.F.);
#7873 = EDGE_CURVE('',#7864,#2381,#7874,.T.);
#7874 = LINE('',#7875,#7876);
#7875 = CARTESIAN_POINT('',(134.162,59.5712,2.5));
#7876 = VECTOR('',#7877,1.);
#7877 = DIRECTION('',(0.,0.,1.));
#7878 = PLANE('',#7879);
#7879 = AXIS2_PLACEMENT_3D('',#7880,#7881,#7882);
#7880 = CARTESIAN_POINT('',(134.228,59.3864,2.5));
#7881 = DIRECTION('',(-0.941741911595,-0.336336396998,0.));
#7882 = DIRECTION('',(-0.336336396998,0.941741911595,0.));
#7883 = ADVANCED_FACE('',(#7884),#7902,.T.);
#7884 = FACE_BOUND('',#7885,.T.);
#7885 = EDGE_LOOP('',(#7886,#7894,#7895,#7896));
#7886 = ORIENTED_EDGE('',*,*,#7887,.F.);
#7887 = EDGE_CURVE('',#7864,#7888,#7890,.T.);
#7888 = VERTEX_POINT('',#7889);
#7889 = CARTESIAN_POINT('',(134.029,59.8924,2.5));
#7890 = LINE('',#7891,#7892);
#7891 = CARTESIAN_POINT('',(134.162,59.5712,2.5));
#7892 = VECTOR('',#7893,1.);
#7893 = DIRECTION('',(-0.38257197138,0.923925693286,0.));
#7894 = ORIENTED_EDGE('',*,*,#7873,.T.);
#7895 = ORIENTED_EDGE('',*,*,#2380,.F.);
#7896 = ORIENTED_EDGE('',*,*,#7897,.F.);
#7897 = EDGE_CURVE('',#7888,#2373,#7898,.T.);
#7898 = LINE('',#7899,#7900);
#7899 = CARTESIAN_POINT('',(134.029,59.8924,2.5));
#7900 = VECTOR('',#7901,1.);
#7901 = DIRECTION('',(0.,0.,1.));
#7902 = PLANE('',#7903);
#7903 = AXIS2_PLACEMENT_3D('',#7904,#7905,#7906);
#7904 = CARTESIAN_POINT('',(134.162,59.5712,2.5));
#7905 = DIRECTION('',(-0.923925693286,-0.38257197138,0.));
#7906 = DIRECTION('',(-0.38257197138,0.923925693286,0.));
#7907 = ADVANCED_FACE('',(#7908),#7926,.T.);
#7908 = FACE_BOUND('',#7909,.T.);
#7909 = EDGE_LOOP('',(#7910,#7918,#7919,#7920));
#7910 = ORIENTED_EDGE('',*,*,#7911,.F.);
#7911 = EDGE_CURVE('',#7888,#7912,#7914,.T.);
#7912 = VERTEX_POINT('',#7913);
#7913 = CARTESIAN_POINT('',(133.945,60.0698,2.5));
#7914 = LINE('',#7915,#7916);
#7915 = CARTESIAN_POINT('',(134.029,59.8924,2.5));
#7916 = VECTOR('',#7917,1.);
#7917 = DIRECTION('',(-0.427954938407,0.903800072302,0.));
#7918 = ORIENTED_EDGE('',*,*,#7897,.T.);
#7919 = ORIENTED_EDGE('',*,*,#2372,.F.);
#7920 = ORIENTED_EDGE('',*,*,#7921,.F.);
#7921 = EDGE_CURVE('',#7912,#2365,#7922,.T.);
#7922 = LINE('',#7923,#7924);
#7923 = CARTESIAN_POINT('',(133.945,60.0698,2.5));
#7924 = VECTOR('',#7925,1.);
#7925 = DIRECTION('',(0.,0.,1.));
#7926 = PLANE('',#7927);
#7927 = AXIS2_PLACEMENT_3D('',#7928,#7929,#7930);
#7928 = CARTESIAN_POINT('',(134.029,59.8924,2.5));
#7929 = DIRECTION('',(-0.903800072302,-0.427954938407,0.));
#7930 = DIRECTION('',(-0.427954938407,0.903800072302,0.));
#7931 = ADVANCED_FACE('',(#7932),#7950,.T.);
#7932 = FACE_BOUND('',#7933,.T.);
#7933 = EDGE_LOOP('',(#7934,#7942,#7943,#7944));
#7934 = ORIENTED_EDGE('',*,*,#7935,.F.);
#7935 = EDGE_CURVE('',#7912,#7936,#7938,.T.);
#7936 = VERTEX_POINT('',#7937);
#7937 = CARTESIAN_POINT('',(133.633,60.653,2.5));
#7938 = LINE('',#7939,#7940);
#7939 = CARTESIAN_POINT('',(133.945,60.0698,2.5));
#7940 = VECTOR('',#7941,1.);
#7941 = DIRECTION('',(-0.47171786289,0.881749543709,0.));
#7942 = ORIENTED_EDGE('',*,*,#7921,.T.);
#7943 = ORIENTED_EDGE('',*,*,#2364,.F.);
#7944 = ORIENTED_EDGE('',*,*,#7945,.F.);
#7945 = EDGE_CURVE('',#7936,#2357,#7946,.T.);
#7946 = LINE('',#7947,#7948);
#7947 = CARTESIAN_POINT('',(133.633,60.653,2.5));
#7948 = VECTOR('',#7949,1.);
#7949 = DIRECTION('',(0.,0.,1.));
#7950 = PLANE('',#7951);
#7951 = AXIS2_PLACEMENT_3D('',#7952,#7953,#7954);
#7952 = CARTESIAN_POINT('',(133.945,60.0698,2.5));
#7953 = DIRECTION('',(-0.881749543709,-0.47171786289,0.));
#7954 = DIRECTION('',(-0.47171786289,0.881749543709,0.));
#7955 = ADVANCED_FACE('',(#7956),#7974,.T.);
#7956 = FACE_BOUND('',#7957,.T.);
#7957 = EDGE_LOOP('',(#7958,#7966,#7967,#7968));
#7958 = ORIENTED_EDGE('',*,*,#7959,.F.);
#7959 = EDGE_CURVE('',#7936,#7960,#7962,.T.);
#7960 = VERTEX_POINT('',#7961);
#7961 = CARTESIAN_POINT('',(133.532,60.8214,2.5));
#7962 = LINE('',#7963,#7964);
#7963 = CARTESIAN_POINT('',(133.633,60.653,2.5));
#7964 = VECTOR('',#7965,1.);
#7965 = DIRECTION('',(-0.514345967157,0.857582780884,0.));
#7966 = ORIENTED_EDGE('',*,*,#7945,.T.);
#7967 = ORIENTED_EDGE('',*,*,#2356,.F.);
#7968 = ORIENTED_EDGE('',*,*,#7969,.F.);
#7969 = EDGE_CURVE('',#7960,#2349,#7970,.T.);
#7970 = LINE('',#7971,#7972);
#7971 = CARTESIAN_POINT('',(133.532,60.8214,2.5));
#7972 = VECTOR('',#7973,1.);
#7973 = DIRECTION('',(0.,0.,1.));
#7974 = PLANE('',#7975);
#7975 = AXIS2_PLACEMENT_3D('',#7976,#7977,#7978);
#7976 = CARTESIAN_POINT('',(133.633,60.653,2.5));
#7977 = DIRECTION('',(-0.857582780884,-0.514345967157,0.));
#7978 = DIRECTION('',(-0.514345967157,0.857582780884,0.));
#7979 = ADVANCED_FACE('',(#7980),#7998,.T.);
#7980 = FACE_BOUND('',#7981,.T.);
#7981 = EDGE_LOOP('',(#7982,#7990,#7991,#7992));
#7982 = ORIENTED_EDGE('',*,*,#7983,.F.);
#7983 = EDGE_CURVE('',#7960,#7984,#7986,.T.);
#7984 = VERTEX_POINT('',#7985);
#7985 = CARTESIAN_POINT('',(133.339,61.1104,2.5));
#7986 = LINE('',#7987,#7988);
#7987 = CARTESIAN_POINT('',(133.532,60.8214,2.5));
#7988 = VECTOR('',#7989,1.);
#7989 = DIRECTION('',(-0.555364065883,0.831607331814,0.));
#7990 = ORIENTED_EDGE('',*,*,#7969,.T.);
#7991 = ORIENTED_EDGE('',*,*,#2348,.F.);
#7992 = ORIENTED_EDGE('',*,*,#7993,.F.);
#7993 = EDGE_CURVE('',#7984,#2341,#7994,.T.);
#7994 = LINE('',#7995,#7996);
#7995 = CARTESIAN_POINT('',(133.339,61.1104,2.5));
#7996 = VECTOR('',#7997,1.);
#7997 = DIRECTION('',(0.,0.,1.));
#7998 = PLANE('',#7999);
#7999 = AXIS2_PLACEMENT_3D('',#8000,#8001,#8002);
#8000 = CARTESIAN_POINT('',(133.532,60.8214,2.5));
#8001 = DIRECTION('',(-0.831607331814,-0.555364065883,0.));
#8002 = DIRECTION('',(-0.555364065883,0.831607331814,0.));
#8003 = ADVANCED_FACE('',(#8004),#8022,.T.);
#8004 = FACE_BOUND('',#8005,.T.);
#8005 = EDGE_LOOP('',(#8006,#8014,#8015,#8016));
#8006 = ORIENTED_EDGE('',*,*,#8007,.F.);
#8007 = EDGE_CURVE('',#7984,#8008,#8010,.T.);
#8008 = VERTEX_POINT('',#8009);
#8009 = CARTESIAN_POINT('',(133.222,61.2681,2.5));
#8010 = LINE('',#8011,#8012);
#8011 = CARTESIAN_POINT('',(133.339,61.1104,2.5));
#8012 = VECTOR('',#8013,1.);
#8013 = DIRECTION('',(-0.595836328741,0.803105889252,0.));
#8014 = ORIENTED_EDGE('',*,*,#7993,.T.);
#8015 = ORIENTED_EDGE('',*,*,#2340,.F.);
#8016 = ORIENTED_EDGE('',*,*,#8017,.F.);
#8017 = EDGE_CURVE('',#8008,#2333,#8018,.T.);
#8018 = LINE('',#8019,#8020);
#8019 = CARTESIAN_POINT('',(133.222,61.2681,2.5));
#8020 = VECTOR('',#8021,1.);
#8021 = DIRECTION('',(0.,0.,1.));
#8022 = PLANE('',#8023);
#8023 = AXIS2_PLACEMENT_3D('',#8024,#8025,#8026);
#8024 = CARTESIAN_POINT('',(133.339,61.1104,2.5));
#8025 = DIRECTION('',(-0.803105889252,-0.595836328741,0.));
#8026 = DIRECTION('',(-0.595836328741,0.803105889252,0.));
#8027 = ADVANCED_FACE('',(#8028),#8046,.T.);
#8028 = FACE_BOUND('',#8029,.T.);
#8029 = EDGE_LOOP('',(#8030,#8038,#8039,#8040));
#8030 = ORIENTED_EDGE('',*,*,#8031,.F.);
#8031 = EDGE_CURVE('',#8008,#8032,#8034,.T.);
#8032 = VERTEX_POINT('',#8033);
#8033 = CARTESIAN_POINT('',(132.802,61.7793,2.5));
#8034 = LINE('',#8035,#8036);
#8035 = CARTESIAN_POINT('',(133.222,61.2681,2.5));
#8036 = VECTOR('',#8037,1.);
#8037 = DIRECTION('',(-0.634816777898,0.772662706813,0.));
#8038 = ORIENTED_EDGE('',*,*,#8017,.T.);
#8039 = ORIENTED_EDGE('',*,*,#2332,.F.);
#8040 = ORIENTED_EDGE('',*,*,#8041,.F.);
#8041 = EDGE_CURVE('',#8032,#2325,#8042,.T.);
#8042 = LINE('',#8043,#8044);
#8043 = CARTESIAN_POINT('',(132.802,61.7793,2.5));
#8044 = VECTOR('',#8045,1.);
#8045 = DIRECTION('',(0.,0.,1.));
#8046 = PLANE('',#8047);
#8047 = AXIS2_PLACEMENT_3D('',#8048,#8049,#8050);
#8048 = CARTESIAN_POINT('',(133.222,61.2681,2.5));
#8049 = DIRECTION('',(-0.772662706813,-0.634816777898,0.));
#8050 = DIRECTION('',(-0.634816777898,0.772662706813,0.));
#8051 = ADVANCED_FACE('',(#8052),#8070,.T.);
#8052 = FACE_BOUND('',#8053,.T.);
#8053 = EDGE_LOOP('',(#8054,#8062,#8063,#8064));
#8054 = ORIENTED_EDGE('',*,*,#8055,.F.);
#8055 = EDGE_CURVE('',#8032,#8056,#8058,.T.);
#8056 = VERTEX_POINT('',#8057);
#8057 = CARTESIAN_POINT('',(132.671,61.9247,2.5));
#8058 = LINE('',#8059,#8060);
#8059 = CARTESIAN_POINT('',(132.802,61.7793,2.5));
#8060 = VECTOR('',#8061,1.);
#8061 = DIRECTION('',(-0.66935985607,0.742938344065,0.));
#8062 = ORIENTED_EDGE('',*,*,#8041,.T.);
#8063 = ORIENTED_EDGE('',*,*,#2324,.F.);
#8064 = ORIENTED_EDGE('',*,*,#8065,.F.);
#8065 = EDGE_CURVE('',#8056,#2317,#8066,.T.);
#8066 = LINE('',#8067,#8068);
#8067 = CARTESIAN_POINT('',(132.671,61.9247,2.5));
#8068 = VECTOR('',#8069,1.);
#8069 = DIRECTION('',(0.,0.,1.));
#8070 = PLANE('',#8071);
#8071 = AXIS2_PLACEMENT_3D('',#8072,#8073,#8074);
#8072 = CARTESIAN_POINT('',(132.802,61.7793,2.5));
#8073 = DIRECTION('',(-0.742938344065,-0.66935985607,0.));
#8074 = DIRECTION('',(-0.66935985607,0.742938344065,0.));
#8075 = ADVANCED_FACE('',(#8076),#8094,.T.);
#8076 = FACE_BOUND('',#8077,.T.);
#8077 = EDGE_LOOP('',(#8078,#8086,#8087,#8088));
#8078 = ORIENTED_EDGE('',*,*,#8079,.F.);
#8079 = EDGE_CURVE('',#8056,#8080,#8082,.T.);
#8080 = VERTEX_POINT('',#8081);
#8081 = CARTESIAN_POINT('',(132.425,62.1706,2.5));
#8082 = LINE('',#8083,#8084);
#8083 = CARTESIAN_POINT('',(132.671,61.9247,2.5));
#8084 = VECTOR('',#8085,1.);
#8085 = DIRECTION('',(-0.70725051668,0.70696301647,0.));
#8086 = ORIENTED_EDGE('',*,*,#8065,.T.);
#8087 = ORIENTED_EDGE('',*,*,#2316,.F.);
#8088 = ORIENTED_EDGE('',*,*,#8089,.F.);
#8089 = EDGE_CURVE('',#8080,#2309,#8090,.T.);
#8090 = LINE('',#8091,#8092);
#8091 = CARTESIAN_POINT('',(132.425,62.1706,2.5));
#8092 = VECTOR('',#8093,1.);
#8093 = DIRECTION('',(0.,0.,1.));
#8094 = PLANE('',#8095);
#8095 = AXIS2_PLACEMENT_3D('',#8096,#8097,#8098);
#8096 = CARTESIAN_POINT('',(132.671,61.9247,2.5));
#8097 = DIRECTION('',(-0.70696301647,-0.70725051668,0.));
#8098 = DIRECTION('',(-0.70725051668,0.70696301647,0.));
#8099 = ADVANCED_FACE('',(#8100),#8118,.T.);
#8100 = FACE_BOUND('',#8101,.T.);
#8101 = EDGE_LOOP('',(#8102,#8110,#8111,#8112));
#8102 = ORIENTED_EDGE('',*,*,#8103,.F.);
#8103 = EDGE_CURVE('',#8080,#8104,#8106,.T.);
#8104 = VERTEX_POINT('',#8105);
#8105 = CARTESIAN_POINT('',(132.279,62.3024,2.5));
#8106 = LINE('',#8107,#8108);
#8107 = CARTESIAN_POINT('',(132.425,62.1706,2.5));
#8108 = VECTOR('',#8109,1.);
#8109 = DIRECTION('',(-0.742282090093,0.670087530646,0.));
#8110 = ORIENTED_EDGE('',*,*,#8089,.T.);
#8111 = ORIENTED_EDGE('',*,*,#2308,.F.);
#8112 = ORIENTED_EDGE('',*,*,#8113,.F.);
#8113 = EDGE_CURVE('',#8104,#2301,#8114,.T.);
#8114 = LINE('',#8115,#8116);
#8115 = CARTESIAN_POINT('',(132.279,62.3024,2.5));
#8116 = VECTOR('',#8117,1.);
#8117 = DIRECTION('',(0.,0.,1.));
#8118 = PLANE('',#8119);
#8119 = AXIS2_PLACEMENT_3D('',#8120,#8121,#8122);
#8120 = CARTESIAN_POINT('',(132.425,62.1706,2.5));
#8121 = DIRECTION('',(-0.670087530646,-0.742282090093,0.));
#8122 = DIRECTION('',(-0.742282090093,0.670087530646,0.));
#8123 = ADVANCED_FACE('',(#8124),#8142,.T.);
#8124 = FACE_BOUND('',#8125,.T.);
#8125 = EDGE_LOOP('',(#8126,#8134,#8135,#8136));
#8126 = ORIENTED_EDGE('',*,*,#8127,.F.);
#8127 = EDGE_CURVE('',#8104,#8128,#8130,.T.);
#8128 = VERTEX_POINT('',#8129);
#8129 = CARTESIAN_POINT('',(131.768,62.7219,2.5));
#8130 = LINE('',#8131,#8132);
#8131 = CARTESIAN_POINT('',(132.279,62.3024,2.5));
#8132 = VECTOR('',#8133,1.);
#8133 = DIRECTION('',(-0.772911690024,0.634513608542,0.));
#8134 = ORIENTED_EDGE('',*,*,#8113,.T.);
#8135 = ORIENTED_EDGE('',*,*,#2300,.F.);
#8136 = ORIENTED_EDGE('',*,*,#8137,.F.);
#8137 = EDGE_CURVE('',#8128,#2293,#8138,.T.);
#8138 = LINE('',#8139,#8140);
#8139 = CARTESIAN_POINT('',(131.768,62.7219,2.5));
#8140 = VECTOR('',#8141,1.);
#8141 = DIRECTION('',(0.,0.,1.));
#8142 = PLANE('',#8143);
#8143 = AXIS2_PLACEMENT_3D('',#8144,#8145,#8146);
#8144 = CARTESIAN_POINT('',(132.279,62.3024,2.5));
#8145 = DIRECTION('',(-0.634513608542,-0.772911690024,0.));
#8146 = DIRECTION('',(-0.772911690024,0.634513608542,0.));
#8147 = ADVANCED_FACE('',(#8148),#8166,.T.);
#8148 = FACE_BOUND('',#8149,.T.);
#8149 = EDGE_LOOP('',(#8150,#8158,#8159,#8160));
#8150 = ORIENTED_EDGE('',*,*,#8151,.F.);
#8151 = EDGE_CURVE('',#8128,#8152,#8154,.T.);
#8152 = VERTEX_POINT('',#8153);
#8153 = CARTESIAN_POINT('',(131.61,62.8388,2.5));
#8154 = LINE('',#8155,#8156);
#8155 = CARTESIAN_POINT('',(131.768,62.7219,2.5));
#8156 = VECTOR('',#8157,1.);
#8157 = DIRECTION('',(-0.803890553234,0.594777251096,0.));
#8158 = ORIENTED_EDGE('',*,*,#8137,.T.);
#8159 = ORIENTED_EDGE('',*,*,#2292,.F.);
#8160 = ORIENTED_EDGE('',*,*,#8161,.F.);
#8161 = EDGE_CURVE('',#8152,#2285,#8162,.T.);
#8162 = LINE('',#8163,#8164);
#8163 = CARTESIAN_POINT('',(131.61,62.8388,2.5));
#8164 = VECTOR('',#8165,1.);
#8165 = DIRECTION('',(0.,0.,1.));
#8166 = PLANE('',#8167);
#8167 = AXIS2_PLACEMENT_3D('',#8168,#8169,#8170);
#8168 = CARTESIAN_POINT('',(131.768,62.7219,2.5));
#8169 = DIRECTION('',(-0.594777251096,-0.803890553234,0.));
#8170 = DIRECTION('',(-0.803890553234,0.594777251096,0.));
#8171 = ADVANCED_FACE('',(#8172),#8190,.T.);
#8172 = FACE_BOUND('',#8173,.T.);
#8173 = EDGE_LOOP('',(#8174,#8182,#8183,#8184));
#8174 = ORIENTED_EDGE('',*,*,#8175,.F.);
#8175 = EDGE_CURVE('',#8152,#8176,#8178,.T.);
#8176 = VERTEX_POINT('',#8177);
#8177 = CARTESIAN_POINT('',(131.321,63.032,2.5));
#8178 = LINE('',#8179,#8180);
#8179 = CARTESIAN_POINT('',(131.61,62.8388,2.5));
#8180 = VECTOR('',#8181,1.);
#8181 = DIRECTION('',(-0.831341526747,0.55576187878,0.));
#8182 = ORIENTED_EDGE('',*,*,#8161,.T.);
#8183 = ORIENTED_EDGE('',*,*,#2284,.F.);
#8184 = ORIENTED_EDGE('',*,*,#8185,.F.);
#8185 = EDGE_CURVE('',#8176,#2277,#8186,.T.);
#8186 = LINE('',#8187,#8188);
#8187 = CARTESIAN_POINT('',(131.321,63.032,2.5));
#8188 = VECTOR('',#8189,1.);
#8189 = DIRECTION('',(0.,0.,1.));
#8190 = PLANE('',#8191);
#8191 = AXIS2_PLACEMENT_3D('',#8192,#8193,#8194);
#8192 = CARTESIAN_POINT('',(131.61,62.8388,2.5));
#8193 = DIRECTION('',(-0.55576187878,-0.831341526747,0.));
#8194 = DIRECTION('',(-0.831341526747,0.55576187878,0.));
#8195 = ADVANCED_FACE('',(#8196),#8214,.T.);
#8196 = FACE_BOUND('',#8197,.T.);
#8197 = EDGE_LOOP('',(#8198,#8206,#8207,#8208));
#8198 = ORIENTED_EDGE('',*,*,#8199,.F.);
#8199 = EDGE_CURVE('',#8176,#8200,#8202,.T.);
#8200 = VERTEX_POINT('',#8201);
#8201 = CARTESIAN_POINT('',(131.153,63.1329,2.5));
#8202 = LINE('',#8203,#8204);
#8203 = CARTESIAN_POINT('',(131.321,63.032,2.5));
#8204 = VECTOR('',#8205,1.);
#8205 = DIRECTION('',(-0.857267720799,0.514870910885,0.));
#8206 = ORIENTED_EDGE('',*,*,#8185,.T.);
#8207 = ORIENTED_EDGE('',*,*,#2276,.F.);
#8208 = ORIENTED_EDGE('',*,*,#8209,.F.);
#8209 = EDGE_CURVE('',#8200,#2269,#8210,.T.);
#8210 = LINE('',#8211,#8212);
#8211 = CARTESIAN_POINT('',(131.153,63.1329,2.5));
#8212 = VECTOR('',#8213,1.);
#8213 = DIRECTION('',(0.,0.,1.));
#8214 = PLANE('',#8215);
#8215 = AXIS2_PLACEMENT_3D('',#8216,#8217,#8218);
#8216 = CARTESIAN_POINT('',(131.321,63.032,2.5));
#8217 = DIRECTION('',(-0.514870910885,-0.857267720799,0.));
#8218 = DIRECTION('',(-0.857267720799,0.514870910885,0.));
#8219 = ADVANCED_FACE('',(#8220),#8238,.T.);
#8220 = FACE_BOUND('',#8221,.T.);
#8221 = EDGE_LOOP('',(#8222,#8230,#8231,#8232));
#8222 = ORIENTED_EDGE('',*,*,#8223,.F.);
#8223 = EDGE_CURVE('',#8200,#8224,#8226,.T.);
#8224 = VERTEX_POINT('',#8225);
#8225 = CARTESIAN_POINT('',(130.57,63.4446,2.5));
#8226 = LINE('',#8227,#8228);
#8227 = CARTESIAN_POINT('',(131.153,63.1329,2.5));
#8228 = VECTOR('',#8229,1.);
#8229 = DIRECTION('',(-0.881870945785,0.471490864153,0.));
#8230 = ORIENTED_EDGE('',*,*,#8209,.T.);
#8231 = ORIENTED_EDGE('',*,*,#2268,.F.);
#8232 = ORIENTED_EDGE('',*,*,#8233,.F.);
#8233 = EDGE_CURVE('',#8224,#2261,#8234,.T.);
#8234 = LINE('',#8235,#8236);
#8235 = CARTESIAN_POINT('',(130.57,63.4446,2.5));
#8236 = VECTOR('',#8237,1.);
#8237 = DIRECTION('',(0.,0.,1.));
#8238 = PLANE('',#8239);
#8239 = AXIS2_PLACEMENT_3D('',#8240,#8241,#8242);
#8240 = CARTESIAN_POINT('',(131.153,63.1329,2.5));
#8241 = DIRECTION('',(-0.471490864153,-0.881870945785,0.));
#8242 = DIRECTION('',(-0.881870945785,0.471490864153,0.));
#8243 = ADVANCED_FACE('',(#8244),#8262,.T.);
#8244 = FACE_BOUND('',#8245,.T.);
#8245 = EDGE_LOOP('',(#8246,#8254,#8255,#8256));
#8246 = ORIENTED_EDGE('',*,*,#8247,.F.);
#8247 = EDGE_CURVE('',#8224,#8248,#8250,.T.);
#8248 = VERTEX_POINT('',#8249);
#8249 = CARTESIAN_POINT('',(130.392,63.5285,2.5));
#8250 = LINE('',#8251,#8252);
#8251 = CARTESIAN_POINT('',(130.57,63.4446,2.5));
#8252 = VECTOR('',#8253,1.);
#8253 = DIRECTION('',(-0.904553642073,0.426359834662,0.));
#8254 = ORIENTED_EDGE('',*,*,#8233,.T.);
#8255 = ORIENTED_EDGE('',*,*,#2260,.F.);
#8256 = ORIENTED_EDGE('',*,*,#8257,.F.);
#8257 = EDGE_CURVE('',#8248,#2253,#8258,.T.);
#8258 = LINE('',#8259,#8260);
#8259 = CARTESIAN_POINT('',(130.392,63.5285,2.5));
#8260 = VECTOR('',#8261,1.);
#8261 = DIRECTION('',(0.,0.,1.));
#8262 = PLANE('',#8263);
#8263 = AXIS2_PLACEMENT_3D('',#8264,#8265,#8266);
#8264 = CARTESIAN_POINT('',(130.57,63.4446,2.5));
#8265 = DIRECTION('',(-0.426359834662,-0.904553642073,0.));
#8266 = DIRECTION('',(-0.904553642073,0.426359834662,0.));
#8267 = ADVANCED_FACE('',(#8268),#8286,.T.);
#8268 = FACE_BOUND('',#8269,.T.);
#8269 = EDGE_LOOP('',(#8270,#8278,#8279,#8280));
#8270 = ORIENTED_EDGE('',*,*,#8271,.F.);
#8271 = EDGE_CURVE('',#8248,#8272,#8274,.T.);
#8272 = VERTEX_POINT('',#8273);
#8273 = CARTESIAN_POINT('',(130.071,63.6616,2.5));
#8274 = LINE('',#8275,#8276);
#8275 = CARTESIAN_POINT('',(130.392,63.5285,2.5));
#8276 = VECTOR('',#8277,1.);
#8277 = DIRECTION('',(-0.923739630263,0.383021011801,0.));
#8278 = ORIENTED_EDGE('',*,*,#8257,.T.);
#8279 = ORIENTED_EDGE('',*,*,#2252,.F.);
#8280 = ORIENTED_EDGE('',*,*,#8281,.F.);
#8281 = EDGE_CURVE('',#8272,#2245,#8282,.T.);
#8282 = LINE('',#8283,#8284);
#8283 = CARTESIAN_POINT('',(130.071,63.6616,2.5));
#8284 = VECTOR('',#8285,1.);
#8285 = DIRECTION('',(0.,0.,1.));
#8286 = PLANE('',#8287);
#8287 = AXIS2_PLACEMENT_3D('',#8288,#8289,#8290);
#8288 = CARTESIAN_POINT('',(130.392,63.5285,2.5));
#8289 = DIRECTION('',(-0.383021011801,-0.923739630263,0.));
#8290 = DIRECTION('',(-0.923739630263,0.383021011801,0.));
#8291 = ADVANCED_FACE('',(#8292),#8310,.T.);
#8292 = FACE_BOUND('',#8293,.T.);
#8293 = EDGE_LOOP('',(#8294,#8302,#8303,#8304));
#8294 = ORIENTED_EDGE('',*,*,#8295,.F.);
#8295 = EDGE_CURVE('',#8272,#8296,#8298,.T.);
#8296 = VERTEX_POINT('',#8297);
#8297 = CARTESIAN_POINT('',(129.886,63.7277,2.5));
#8298 = LINE('',#8299,#8300);
#8299 = CARTESIAN_POINT('',(130.071,63.6616,2.5));
#8300 = VECTOR('',#8301,1.);
#8301 = DIRECTION('',(-0.941695837171,0.336465377497,0.));
#8302 = ORIENTED_EDGE('',*,*,#8281,.T.);
#8303 = ORIENTED_EDGE('',*,*,#2244,.F.);
#8304 = ORIENTED_EDGE('',*,*,#8305,.F.);
#8305 = EDGE_CURVE('',#8296,#2237,#8306,.T.);
#8306 = LINE('',#8307,#8308);
#8307 = CARTESIAN_POINT('',(129.886,63.7277,2.5));
#8308 = VECTOR('',#8309,1.);
#8309 = DIRECTION('',(0.,0.,1.));
#8310 = PLANE('',#8311);
#8311 = AXIS2_PLACEMENT_3D('',#8312,#8313,#8314);
#8312 = CARTESIAN_POINT('',(130.071,63.6616,2.5));
#8313 = DIRECTION('',(-0.336465377497,-0.941695837171,0.));
#8314 = DIRECTION('',(-0.941695837171,0.336465377497,0.));
#8315 = ADVANCED_FACE('',(#8316),#8334,.T.);
#8316 = FACE_BOUND('',#8317,.T.);
#8317 = EDGE_LOOP('',(#8318,#8326,#8327,#8328));
#8318 = ORIENTED_EDGE('',*,*,#8319,.F.);
#8319 = EDGE_CURVE('',#8296,#8320,#8322,.T.);
#8320 = VERTEX_POINT('',#8321);
#8321 = CARTESIAN_POINT('',(129.254,63.9197,2.5));
#8322 = LINE('',#8323,#8324);
#8323 = CARTESIAN_POINT('',(129.886,63.7277,2.5));
#8324 = VECTOR('',#8325,1.);
#8325 = DIRECTION('',(-0.956820439927,0.290679627319,0.));
#8326 = ORIENTED_EDGE('',*,*,#8305,.T.);
#8327 = ORIENTED_EDGE('',*,*,#2236,.F.);
#8328 = ORIENTED_EDGE('',*,*,#8329,.F.);
#8329 = EDGE_CURVE('',#8320,#2229,#8330,.T.);
#8330 = LINE('',#8331,#8332);
#8331 = CARTESIAN_POINT('',(129.254,63.9197,2.5));
#8332 = VECTOR('',#8333,1.);
#8333 = DIRECTION('',(0.,0.,1.));
#8334 = PLANE('',#8335);
#8335 = AXIS2_PLACEMENT_3D('',#8336,#8337,#8338);
#8336 = CARTESIAN_POINT('',(129.886,63.7277,2.5));
#8337 = DIRECTION('',(-0.290679627319,-0.956820439927,0.));
#8338 = DIRECTION('',(-0.956820439927,0.290679627319,0.));
#8339 = ADVANCED_FACE('',(#8340),#8358,.T.);
#8340 = FACE_BOUND('',#8341,.T.);
#8341 = EDGE_LOOP('',(#8342,#8350,#8351,#8352));
#8342 = ORIENTED_EDGE('',*,*,#8343,.F.);
#8343 = EDGE_CURVE('',#8320,#8344,#8346,.T.);
#8344 = VERTEX_POINT('',#8345);
#8345 = CARTESIAN_POINT('',(129.063,63.9674,2.5));
#8346 = LINE('',#8347,#8348);
#8347 = CARTESIAN_POINT('',(129.254,63.9197,2.5));
#8348 = VECTOR('',#8349,1.);
#8349 = DIRECTION('',(-0.970202230612,0.242296578011,0.));
#8350 = ORIENTED_EDGE('',*,*,#8329,.T.);
#8351 = ORIENTED_EDGE('',*,*,#2228,.F.);
#8352 = ORIENTED_EDGE('',*,*,#8353,.F.);
#8353 = EDGE_CURVE('',#8344,#2221,#8354,.T.);
#8354 = LINE('',#8355,#8356);
#8355 = CARTESIAN_POINT('',(129.063,63.9674,2.5));
#8356 = VECTOR('',#8357,1.);
#8357 = DIRECTION('',(0.,0.,1.));
#8358 = PLANE('',#8359);
#8359 = AXIS2_PLACEMENT_3D('',#8360,#8361,#8362);
#8360 = CARTESIAN_POINT('',(129.254,63.9197,2.5));
#8361 = DIRECTION('',(-0.242296578011,-0.970202230612,0.));
#8362 = DIRECTION('',(-0.970202230612,0.242296578011,0.));
#8363 = ADVANCED_FACE('',(#8364),#8382,.T.);
#8364 = FACE_BOUND('',#8365,.T.);
#8365 = EDGE_LOOP('',(#8366,#8374,#8375,#8376));
#8366 = ORIENTED_EDGE('',*,*,#8367,.F.);
#8367 = EDGE_CURVE('',#8344,#8368,#8370,.T.);
#8368 = VERTEX_POINT('',#8369);
#8369 = CARTESIAN_POINT('',(128.722,64.0352,2.5));
#8370 = LINE('',#8371,#8372);
#8371 = CARTESIAN_POINT('',(129.063,63.9674,2.5));
#8372 = VECTOR('',#8373,1.);
#8373 = DIRECTION('',(-0.98080130169,0.195009760277,0.));
#8374 = ORIENTED_EDGE('',*,*,#8353,.T.);
#8375 = ORIENTED_EDGE('',*,*,#2220,.F.);
#8376 = ORIENTED_EDGE('',*,*,#8377,.F.);
#8377 = EDGE_CURVE('',#8368,#2213,#8378,.T.);
#8378 = LINE('',#8379,#8380);
#8379 = CARTESIAN_POINT('',(128.722,64.0352,2.5));
#8380 = VECTOR('',#8381,1.);
#8381 = DIRECTION('',(0.,0.,1.));
#8382 = PLANE('',#8383);
#8383 = AXIS2_PLACEMENT_3D('',#8384,#8385,#8386);
#8384 = CARTESIAN_POINT('',(129.063,63.9674,2.5));
#8385 = DIRECTION('',(-0.195009760277,-0.98080130169,0.));
#8386 = DIRECTION('',(-0.98080130169,0.195009760277,0.));
#8387 = ADVANCED_FACE('',(#8388),#8406,.T.);
#8388 = FACE_BOUND('',#8389,.T.);
#8389 = EDGE_LOOP('',(#8390,#8398,#8399,#8400));
#8390 = ORIENTED_EDGE('',*,*,#8391,.F.);
#8391 = EDGE_CURVE('',#8368,#8392,#8394,.T.);
#8392 = VERTEX_POINT('',#8393);
#8393 = CARTESIAN_POINT('',(128.528,64.064,2.5));
#8394 = LINE('',#8395,#8396);
#8395 = CARTESIAN_POINT('',(128.722,64.0352,2.5));
#8396 = VECTOR('',#8397,1.);
#8397 = DIRECTION('',(-0.989159616734,0.146844314237,0.));
#8398 = ORIENTED_EDGE('',*,*,#8377,.T.);
#8399 = ORIENTED_EDGE('',*,*,#2212,.F.);
#8400 = ORIENTED_EDGE('',*,*,#8401,.F.);
#8401 = EDGE_CURVE('',#8392,#2205,#8402,.T.);
#8402 = LINE('',#8403,#8404);
#8403 = CARTESIAN_POINT('',(128.528,64.064,2.5));
#8404 = VECTOR('',#8405,1.);
#8405 = DIRECTION('',(0.,0.,1.));
#8406 = PLANE('',#8407);
#8407 = AXIS2_PLACEMENT_3D('',#8408,#8409,#8410);
#8408 = CARTESIAN_POINT('',(128.722,64.0352,2.5));
#8409 = DIRECTION('',(-0.146844314237,-0.989159616734,0.));
#8410 = DIRECTION('',(-0.989159616734,0.146844314237,0.));
#8411 = ADVANCED_FACE('',(#8412),#8430,.T.);
#8412 = FACE_BOUND('',#8413,.T.);
#8413 = EDGE_LOOP('',(#8414,#8422,#8423,#8424));
#8414 = ORIENTED_EDGE('',*,*,#8415,.F.);
#8415 = EDGE_CURVE('',#8392,#8416,#8418,.T.);
#8416 = VERTEX_POINT('',#8417);
#8417 = CARTESIAN_POINT('',(127.839,64.1318,2.5));
#8418 = LINE('',#8419,#8420);
#8419 = CARTESIAN_POINT('',(128.528,64.064,2.5));
#8420 = VECTOR('',#8421,1.);
#8421 = DIRECTION('',(-0.995193257851,9.793048313833E-02,0.));
#8422 = ORIENTED_EDGE('',*,*,#8401,.T.);
#8423 = ORIENTED_EDGE('',*,*,#2204,.F.);
#8424 = ORIENTED_EDGE('',*,*,#8425,.F.);
#8425 = EDGE_CURVE('',#8416,#2197,#8426,.T.);
#8426 = LINE('',#8427,#8428);
#8427 = CARTESIAN_POINT('',(127.839,64.1318,2.5));
#8428 = VECTOR('',#8429,1.);
#8429 = DIRECTION('',(0.,0.,1.));
#8430 = PLANE('',#8431);
#8431 = AXIS2_PLACEMENT_3D('',#8432,#8433,#8434);
#8432 = CARTESIAN_POINT('',(128.528,64.064,2.5));
#8433 = DIRECTION('',(-9.793048313833E-02,-0.995193257851,0.));
#8434 = DIRECTION('',(-0.995193257851,9.793048313833E-02,0.));
#8435 = ADVANCED_FACE('',(#8436),#8454,.T.);
#8436 = FACE_BOUND('',#8437,.T.);
#8437 = EDGE_LOOP('',(#8438,#8446,#8447,#8448));
#8438 = ORIENTED_EDGE('',*,*,#8439,.F.);
#8439 = EDGE_CURVE('',#8416,#8440,#8442,.T.);
#8440 = VERTEX_POINT('',#8441);
#8441 = CARTESIAN_POINT('',(127.741,64.139,2.5));
#8442 = LINE('',#8443,#8444);
#8443 = CARTESIAN_POINT('',(127.839,64.1318,2.5));
#8444 = VECTOR('',#8445,1.);
#8445 = DIRECTION('',(-0.99731200151,7.32719021517E-02,0.));
#8446 = ORIENTED_EDGE('',*,*,#8425,.T.);
#8447 = ORIENTED_EDGE('',*,*,#2196,.F.);
#8448 = ORIENTED_EDGE('',*,*,#8449,.F.);
#8449 = EDGE_CURVE('',#8440,#2189,#8450,.T.);
#8450 = LINE('',#8451,#8452);
#8451 = CARTESIAN_POINT('',(127.741,64.139,2.5));
#8452 = VECTOR('',#8453,1.);
#8453 = DIRECTION('',(0.,0.,1.));
#8454 = PLANE('',#8455);
#8455 = AXIS2_PLACEMENT_3D('',#8456,#8457,#8458);
#8456 = CARTESIAN_POINT('',(127.839,64.1318,2.5));
#8457 = DIRECTION('',(-7.32719021517E-02,-0.99731200151,0.));
#8458 = DIRECTION('',(-0.99731200151,7.32719021517E-02,0.));
#8459 = ADVANCED_FACE('',(#8460),#8478,.T.);
#8460 = FACE_BOUND('',#8461,.T.);
#8461 = EDGE_LOOP('',(#8462,#8470,#8471,#8472));
#8462 = ORIENTED_EDGE('',*,*,#8463,.F.);
#8463 = EDGE_CURVE('',#8440,#8464,#8466,.T.);
#8464 = VERTEX_POINT('',#8465);
#8465 = CARTESIAN_POINT('',(127.567,64.1476,2.5));
#8466 = LINE('',#8467,#8468);
#8467 = CARTESIAN_POINT('',(127.741,64.139,2.5));
#8468 = VECTOR('',#8469,1.);
#8469 = DIRECTION('',(-0.998780803774,4.936502823252E-02,0.));
#8470 = ORIENTED_EDGE('',*,*,#8449,.T.);
#8471 = ORIENTED_EDGE('',*,*,#2188,.F.);
#8472 = ORIENTED_EDGE('',*,*,#8473,.F.);
#8473 = EDGE_CURVE('',#8464,#2181,#8474,.T.);
#8474 = LINE('',#8475,#8476);
#8475 = CARTESIAN_POINT('',(127.567,64.1476,2.5));
#8476 = VECTOR('',#8477,1.);
#8477 = DIRECTION('',(0.,0.,1.));
#8478 = PLANE('',#8479);
#8479 = AXIS2_PLACEMENT_3D('',#8480,#8481,#8482);
#8480 = CARTESIAN_POINT('',(127.741,64.139,2.5));
#8481 = DIRECTION('',(-4.936502823252E-02,-0.998780803774,0.));
#8482 = DIRECTION('',(-0.998780803774,4.936502823252E-02,0.));
#8483 = ADVANCED_FACE('',(#8484),#8502,.T.);
#8484 = FACE_BOUND('',#8485,.T.);
#8485 = EDGE_LOOP('',(#8486,#8494,#8495,#8496));
#8486 = ORIENTED_EDGE('',*,*,#8487,.F.);
#8487 = EDGE_CURVE('',#8464,#8488,#8490,.T.);
#8488 = VERTEX_POINT('',#8489);
#8489 = CARTESIAN_POINT('',(127.469,64.15,2.5));
#8490 = LINE('',#8491,#8492);
#8491 = CARTESIAN_POINT('',(127.567,64.1476,2.5));
#8492 = VECTOR('',#8493,1.);
#8493 = DIRECTION('',(-0.999700259768,2.448245534135E-02,0.));
#8494 = ORIENTED_EDGE('',*,*,#8473,.T.);
#8495 = ORIENTED_EDGE('',*,*,#2180,.F.);
#8496 = ORIENTED_EDGE('',*,*,#8497,.F.);
#8497 = EDGE_CURVE('',#8488,#2173,#8498,.T.);
#8498 = LINE('',#8499,#8500);
#8499 = CARTESIAN_POINT('',(127.469,64.15,2.5));
#8500 = VECTOR('',#8501,1.);
#8501 = DIRECTION('',(0.,0.,1.));
#8502 = PLANE('',#8503);
#8503 = AXIS2_PLACEMENT_3D('',#8504,#8505,#8506);
#8504 = CARTESIAN_POINT('',(127.567,64.1476,2.5));
#8505 = DIRECTION('',(-2.448245534135E-02,-0.999700259768,0.));
#8506 = DIRECTION('',(-0.999700259768,2.448245534135E-02,0.));
#8507 = ADVANCED_FACE('',(#8508),#8526,.T.);
#8508 = FACE_BOUND('',#8509,.T.);
#8509 = EDGE_LOOP('',(#8510,#8518,#8519,#8520));
#8510 = ORIENTED_EDGE('',*,*,#8511,.F.);
#8511 = EDGE_CURVE('',#8488,#8512,#8514,.T.);
#8512 = VERTEX_POINT('',#8513);
#8513 = CARTESIAN_POINT('',(88.2953,64.15,2.5));
#8514 = LINE('',#8515,#8516);
#8515 = CARTESIAN_POINT('',(127.469,64.15,2.5));
#8516 = VECTOR('',#8517,1.);
#8517 = DIRECTION('',(-1.,0.,0.));
#8518 = ORIENTED_EDGE('',*,*,#8497,.T.);
#8519 = ORIENTED_EDGE('',*,*,#2172,.F.);
#8520 = ORIENTED_EDGE('',*,*,#8521,.F.);
#8521 = EDGE_CURVE('',#8512,#2165,#8522,.T.);
#8522 = LINE('',#8523,#8524);
#8523 = CARTESIAN_POINT('',(88.2953,64.15,2.5));
#8524 = VECTOR('',#8525,1.);
#8525 = DIRECTION('',(0.,0.,1.));
#8526 = PLANE('',#8527);
#8527 = AXIS2_PLACEMENT_3D('',#8528,#8529,#8530);
#8528 = CARTESIAN_POINT('',(127.469,64.15,2.5));
#8529 = DIRECTION('',(0.,-1.,0.));
#8530 = DIRECTION('',(-1.,0.,0.));
#8531 = ADVANCED_FACE('',(#8532),#8550,.T.);
#8532 = FACE_BOUND('',#8533,.T.);
#8533 = EDGE_LOOP('',(#8534,#8542,#8543,#8544));
#8534 = ORIENTED_EDGE('',*,*,#8535,.F.);
#8535 = EDGE_CURVE('',#8512,#8536,#8538,.T.);
#8536 = VERTEX_POINT('',#8537);
#8537 = CARTESIAN_POINT('',(88.1972,64.1476,2.5));
#8538 = LINE('',#8539,#8540);
#8539 = CARTESIAN_POINT('',(88.2953,64.15,2.5));
#8540 = VECTOR('',#8541,1.);
#8541 = DIRECTION('',(-0.999700870274,-2.445751364593E-02,0.));
#8542 = ORIENTED_EDGE('',*,*,#8521,.T.);
#8543 = ORIENTED_EDGE('',*,*,#2164,.F.);
#8544 = ORIENTED_EDGE('',*,*,#8545,.F.);
#8545 = EDGE_CURVE('',#8536,#2157,#8546,.T.);
#8546 = LINE('',#8547,#8548);
#8547 = CARTESIAN_POINT('',(88.1972,64.1476,2.5));
#8548 = VECTOR('',#8549,1.);
#8549 = DIRECTION('',(0.,0.,1.));
#8550 = PLANE('',#8551);
#8551 = AXIS2_PLACEMENT_3D('',#8552,#8553,#8554);
#8552 = CARTESIAN_POINT('',(88.2953,64.15,2.5));
#8553 = DIRECTION('',(2.445751364593E-02,-0.999700870274,0.));
#8554 = DIRECTION('',(-0.999700870274,-2.445751364593E-02,0.));
#8555 = ADVANCED_FACE('',(#8556),#8574,.T.);
#8556 = FACE_BOUND('',#8557,.T.);
#8557 = EDGE_LOOP('',(#8558,#8566,#8567,#8568));
#8558 = ORIENTED_EDGE('',*,*,#8559,.F.);
#8559 = EDGE_CURVE('',#8536,#8560,#8562,.T.);
#8560 = VERTEX_POINT('',#8561);
#8561 = CARTESIAN_POINT('',(88.0233,64.139,2.5));
#8562 = LINE('',#8563,#8564);
#8563 = CARTESIAN_POINT('',(88.1972,64.1476,2.5));
#8564 = VECTOR('',#8565,1.);
#8565 = DIRECTION('',(-0.998779403757,-4.939334601675E-02,0.));
#8566 = ORIENTED_EDGE('',*,*,#8545,.T.);
#8567 = ORIENTED_EDGE('',*,*,#2156,.F.);
#8568 = ORIENTED_EDGE('',*,*,#8569,.F.);
#8569 = EDGE_CURVE('',#8560,#2149,#8570,.T.);
#8570 = LINE('',#8571,#8572);
#8571 = CARTESIAN_POINT('',(88.0233,64.139,2.5));
#8572 = VECTOR('',#8573,1.);
#8573 = DIRECTION('',(0.,0.,1.));
#8574 = PLANE('',#8575);
#8575 = AXIS2_PLACEMENT_3D('',#8576,#8577,#8578);
#8576 = CARTESIAN_POINT('',(88.1972,64.1476,2.5));
#8577 = DIRECTION('',(4.939334601675E-02,-0.998779403757,0.));
#8578 = DIRECTION('',(-0.998779403757,-4.939334601675E-02,0.));
#8579 = ADVANCED_FACE('',(#8580),#8598,.T.);
#8580 = FACE_BOUND('',#8581,.T.);
#8581 = EDGE_LOOP('',(#8582,#8590,#8591,#8592));
#8582 = ORIENTED_EDGE('',*,*,#8583,.F.);
#8583 = EDGE_CURVE('',#8560,#8584,#8586,.T.);
#8584 = VERTEX_POINT('',#8585);
#8585 = CARTESIAN_POINT('',(87.9254,64.1318,2.5));
#8586 = LINE('',#8587,#8588);
#8587 = CARTESIAN_POINT('',(88.0233,64.139,2.5));
#8588 = VECTOR('',#8589,1.);
#8589 = DIRECTION('',(-0.997306529568,-7.334634333898E-02,0.));
#8590 = ORIENTED_EDGE('',*,*,#8569,.T.);
#8591 = ORIENTED_EDGE('',*,*,#2148,.F.);
#8592 = ORIENTED_EDGE('',*,*,#8593,.F.);
#8593 = EDGE_CURVE('',#8584,#2141,#8594,.T.);
#8594 = LINE('',#8595,#8596);
#8595 = CARTESIAN_POINT('',(87.9254,64.1318,2.5));
#8596 = VECTOR('',#8597,1.);
#8597 = DIRECTION('',(0.,0.,1.));
#8598 = PLANE('',#8599);
#8599 = AXIS2_PLACEMENT_3D('',#8600,#8601,#8602);
#8600 = CARTESIAN_POINT('',(88.0233,64.139,2.5));
#8601 = DIRECTION('',(7.334634333898E-02,-0.997306529568,0.));
#8602 = DIRECTION('',(-0.997306529568,-7.334634333898E-02,0.));
#8603 = ADVANCED_FACE('',(#8604),#8622,.T.);
#8604 = FACE_BOUND('',#8605,.T.);
#8605 = EDGE_LOOP('',(#8606,#8614,#8615,#8616));
#8606 = ORIENTED_EDGE('',*,*,#8607,.F.);
#8607 = EDGE_CURVE('',#8584,#8608,#8610,.T.);
#8608 = VERTEX_POINT('',#8609);
#8609 = CARTESIAN_POINT('',(87.2367,64.064,2.5));
#8610 = LINE('',#8611,#8612);
#8611 = CARTESIAN_POINT('',(87.9254,64.1318,2.5));
#8612 = VECTOR('',#8613,1.);
#8613 = DIRECTION('',(-0.995189099451,-9.797273260171E-02,0.));
#8614 = ORIENTED_EDGE('',*,*,#8593,.T.);
#8615 = ORIENTED_EDGE('',*,*,#2140,.F.);
#8616 = ORIENTED_EDGE('',*,*,#8617,.F.);
#8617 = EDGE_CURVE('',#8608,#2133,#8618,.T.);
#8618 = LINE('',#8619,#8620);
#8619 = CARTESIAN_POINT('',(87.2367,64.064,2.5));
#8620 = VECTOR('',#8621,1.);
#8621 = DIRECTION('',(0.,0.,1.));
#8622 = PLANE('',#8623);
#8623 = AXIS2_PLACEMENT_3D('',#8624,#8625,#8626);
#8624 = CARTESIAN_POINT('',(87.9254,64.1318,2.5));
#8625 = DIRECTION('',(9.797273260171E-02,-0.995189099451,0.));
#8626 = DIRECTION('',(-0.995189099451,-9.797273260171E-02,0.));
#8627 = ADVANCED_FACE('',(#8628),#8646,.T.);
#8628 = FACE_BOUND('',#8629,.T.);
#8629 = EDGE_LOOP('',(#8630,#8638,#8639,#8640));
#8630 = ORIENTED_EDGE('',*,*,#8631,.F.);
#8631 = EDGE_CURVE('',#8608,#8632,#8634,.T.);
#8632 = VERTEX_POINT('',#8633);
#8633 = CARTESIAN_POINT('',(87.0425,64.0352,2.5));
#8634 = LINE('',#8635,#8636);
#8635 = CARTESIAN_POINT('',(87.2367,64.064,2.5));
#8636 = VECTOR('',#8637,1.);
#8637 = DIRECTION('',(-0.989181572681,-0.146696340336,0.));
#8638 = ORIENTED_EDGE('',*,*,#8617,.T.);
#8639 = ORIENTED_EDGE('',*,*,#2132,.F.);
#8640 = ORIENTED_EDGE('',*,*,#8641,.F.);
#8641 = EDGE_CURVE('',#8632,#2125,#8642,.T.);
#8642 = LINE('',#8643,#8644);
#8643 = CARTESIAN_POINT('',(87.0425,64.0352,2.5));
#8644 = VECTOR('',#8645,1.);
#8645 = DIRECTION('',(0.,0.,1.));
#8646 = PLANE('',#8647);
#8647 = AXIS2_PLACEMENT_3D('',#8648,#8649,#8650);
#8648 = CARTESIAN_POINT('',(87.2367,64.064,2.5));
#8649 = DIRECTION('',(0.146696340336,-0.989181572681,0.));
#8650 = DIRECTION('',(-0.989181572681,-0.146696340336,0.));
#8651 = ADVANCED_FACE('',(#8652),#8670,.T.);
#8652 = FACE_BOUND('',#8653,.T.);
#8653 = EDGE_LOOP('',(#8654,#8662,#8663,#8664));
#8654 = ORIENTED_EDGE('',*,*,#8655,.F.);
#8655 = EDGE_CURVE('',#8632,#8656,#8658,.T.);
#8656 = VERTEX_POINT('',#8657);
#8657 = CARTESIAN_POINT('',(86.7015,63.9674,2.5));
#8658 = LINE('',#8659,#8660);
#8659 = CARTESIAN_POINT('',(87.0425,64.0352,2.5));
#8660 = VECTOR('',#8661,1.);
#8661 = DIRECTION('',(-0.98080130169,-0.195009760277,0.));
#8662 = ORIENTED_EDGE('',*,*,#8641,.T.);
#8663 = ORIENTED_EDGE('',*,*,#2124,.F.);
#8664 = ORIENTED_EDGE('',*,*,#8665,.F.);
#8665 = EDGE_CURVE('',#8656,#2117,#8666,.T.);
#8666 = LINE('',#8667,#8668);
#8667 = CARTESIAN_POINT('',(86.7015,63.9674,2.5));
#8668 = VECTOR('',#8669,1.);
#8669 = DIRECTION('',(0.,0.,1.));
#8670 = PLANE('',#8671);
#8671 = AXIS2_PLACEMENT_3D('',#8672,#8673,#8674);
#8672 = CARTESIAN_POINT('',(87.0425,64.0352,2.5));
#8673 = DIRECTION('',(0.195009760277,-0.98080130169,0.));
#8674 = DIRECTION('',(-0.98080130169,-0.195009760277,0.));
#8675 = ADVANCED_FACE('',(#8676),#8694,.T.);
#8676 = FACE_BOUND('',#8677,.T.);
#8677 = EDGE_LOOP('',(#8678,#8686,#8687,#8688));
#8678 = ORIENTED_EDGE('',*,*,#8679,.F.);
#8679 = EDGE_CURVE('',#8656,#8680,#8682,.T.);
#8680 = VERTEX_POINT('',#8681);
#8681 = CARTESIAN_POINT('',(86.5111,63.9197,2.5));
#8682 = LINE('',#8683,#8684);
#8683 = CARTESIAN_POINT('',(86.7015,63.9674,2.5));
#8684 = VECTOR('',#8685,1.);
#8685 = DIRECTION('',(-0.970022507389,-0.24301509245,0.));
#8686 = ORIENTED_EDGE('',*,*,#8665,.T.);
#8687 = ORIENTED_EDGE('',*,*,#2116,.F.);
#8688 = ORIENTED_EDGE('',*,*,#8689,.F.);
#8689 = EDGE_CURVE('',#8680,#2109,#8690,.T.);
#8690 = LINE('',#8691,#8692);
#8691 = CARTESIAN_POINT('',(86.5111,63.9197,2.5));
#8692 = VECTOR('',#8693,1.);
#8693 = DIRECTION('',(0.,0.,1.));
#8694 = PLANE('',#8695);
#8695 = AXIS2_PLACEMENT_3D('',#8696,#8697,#8698);
#8696 = CARTESIAN_POINT('',(86.7015,63.9674,2.5));
#8697 = DIRECTION('',(0.24301509245,-0.970022507389,0.));
#8698 = DIRECTION('',(-0.970022507389,-0.24301509245,0.));
#8699 = ADVANCED_FACE('',(#8700),#8718,.T.);
#8700 = FACE_BOUND('',#8701,.T.);
#8701 = EDGE_LOOP('',(#8702,#8710,#8711,#8712));
#8702 = ORIENTED_EDGE('',*,*,#8703,.F.);
#8703 = EDGE_CURVE('',#8680,#8704,#8706,.T.);
#8704 = VERTEX_POINT('',#8705);
#8705 = CARTESIAN_POINT('',(85.8783,63.7277,2.5));
#8706 = LINE('',#8707,#8708);
#8707 = CARTESIAN_POINT('',(86.5111,63.9197,2.5));
#8708 = VECTOR('',#8709,1.);
#8709 = DIRECTION('',(-0.95692259927,-0.290343140107,0.));
#8710 = ORIENTED_EDGE('',*,*,#8689,.T.);
#8711 = ORIENTED_EDGE('',*,*,#2108,.F.);
#8712 = ORIENTED_EDGE('',*,*,#8713,.F.);
#8713 = EDGE_CURVE('',#8704,#2101,#8714,.T.);
#8714 = LINE('',#8715,#8716);
#8715 = CARTESIAN_POINT('',(85.8783,63.7277,2.5));
#8716 = VECTOR('',#8717,1.);
#8717 = DIRECTION('',(0.,0.,1.));
#8718 = PLANE('',#8719);
#8719 = AXIS2_PLACEMENT_3D('',#8720,#8721,#8722);
#8720 = CARTESIAN_POINT('',(86.5111,63.9197,2.5));
#8721 = DIRECTION('',(0.290343140107,-0.95692259927,0.));
#8722 = DIRECTION('',(-0.95692259927,-0.290343140107,0.));
#8723 = ADVANCED_FACE('',(#8724),#8742,.T.);
#8724 = FACE_BOUND('',#8725,.T.);
#8725 = EDGE_LOOP('',(#8726,#8734,#8735,#8736));
#8726 = ORIENTED_EDGE('',*,*,#8727,.F.);
#8727 = EDGE_CURVE('',#8704,#8728,#8730,.T.);
#8728 = VERTEX_POINT('',#8729);
#8729 = CARTESIAN_POINT('',(85.6935,63.6616,2.5));
#8730 = LINE('',#8731,#8732);
#8731 = CARTESIAN_POINT('',(85.8783,63.7277,2.5));
#8732 = VECTOR('',#8733,1.);
#8733 = DIRECTION('',(-0.941580418907,-0.336788234252,0.));
#8734 = ORIENTED_EDGE('',*,*,#8713,.T.);
#8735 = ORIENTED_EDGE('',*,*,#2100,.F.);
#8736 = ORIENTED_EDGE('',*,*,#8737,.F.);
#8737 = EDGE_CURVE('',#8728,#2093,#8738,.T.);
#8738 = LINE('',#8739,#8740);
#8739 = CARTESIAN_POINT('',(85.6935,63.6616,2.5));
#8740 = VECTOR('',#8741,1.);
#8741 = DIRECTION('',(0.,0.,1.));
#8742 = PLANE('',#8743);
#8743 = AXIS2_PLACEMENT_3D('',#8744,#8745,#8746);
#8744 = CARTESIAN_POINT('',(85.8783,63.7277,2.5));
#8745 = DIRECTION('',(0.336788234252,-0.941580418907,0.));
#8746 = DIRECTION('',(-0.941580418907,-0.336788234252,0.));
#8747 = ADVANCED_FACE('',(#8748),#8766,.T.);
#8748 = FACE_BOUND('',#8749,.T.);
#8749 = EDGE_LOOP('',(#8750,#8758,#8759,#8760));
#8750 = ORIENTED_EDGE('',*,*,#8751,.F.);
#8751 = EDGE_CURVE('',#8728,#8752,#8754,.T.);
#8752 = VERTEX_POINT('',#8753);
#8753 = CARTESIAN_POINT('',(85.3723,63.5285,2.5));
#8754 = LINE('',#8755,#8756);
#8755 = CARTESIAN_POINT('',(85.6935,63.6616,2.5));
#8756 = VECTOR('',#8757,1.);
#8757 = DIRECTION('',(-0.923823997436,-0.38281747839,0.));
#8758 = ORIENTED_EDGE('',*,*,#8737,.T.);
#8759 = ORIENTED_EDGE('',*,*,#2092,.F.);
#8760 = ORIENTED_EDGE('',*,*,#8761,.F.);
#8761 = EDGE_CURVE('',#8752,#2085,#8762,.T.);
#8762 = LINE('',#8763,#8764);
#8763 = CARTESIAN_POINT('',(85.3723,63.5285,2.5));
#8764 = VECTOR('',#8765,1.);
#8765 = DIRECTION('',(0.,0.,1.));
#8766 = PLANE('',#8767);
#8767 = AXIS2_PLACEMENT_3D('',#8768,#8769,#8770);
#8768 = CARTESIAN_POINT('',(85.6935,63.6616,2.5));
#8769 = DIRECTION('',(0.38281747839,-0.923823997436,0.));
#8770 = DIRECTION('',(-0.923823997436,-0.38281747839,0.));
#8771 = ADVANCED_FACE('',(#8772),#8790,.T.);
#8772 = FACE_BOUND('',#8773,.T.);
#8773 = EDGE_LOOP('',(#8774,#8782,#8783,#8784));
#8774 = ORIENTED_EDGE('',*,*,#8775,.F.);
#8775 = EDGE_CURVE('',#8752,#8776,#8778,.T.);
#8776 = VERTEX_POINT('',#8777);
#8777 = CARTESIAN_POINT('',(85.1949,63.4446,2.5));
#8778 = LINE('',#8779,#8780);
#8779 = CARTESIAN_POINT('',(85.3723,63.5285,2.5));
#8780 = VECTOR('',#8781,1.);
#8781 = DIRECTION('',(-0.903997075176,-0.427538639274,0.));
#8782 = ORIENTED_EDGE('',*,*,#8761,.T.);
#8783 = ORIENTED_EDGE('',*,*,#2084,.F.);
#8784 = ORIENTED_EDGE('',*,*,#8785,.F.);
#8785 = EDGE_CURVE('',#8776,#2077,#8786,.T.);
#8786 = LINE('',#8787,#8788);
#8787 = CARTESIAN_POINT('',(85.1949,63.4446,2.5));
#8788 = VECTOR('',#8789,1.);
#8789 = DIRECTION('',(0.,0.,1.));
#8790 = PLANE('',#8791);
#8791 = AXIS2_PLACEMENT_3D('',#8792,#8793,#8794);
#8792 = CARTESIAN_POINT('',(85.3723,63.5285,2.5));
#8793 = DIRECTION('',(0.427538639274,-0.903997075176,0.));
#8794 = DIRECTION('',(-0.903997075176,-0.427538639274,0.));
#8795 = ADVANCED_FACE('',(#8796),#8814,.T.);
#8796 = FACE_BOUND('',#8797,.T.);
#8797 = EDGE_LOOP('',(#8798,#8806,#8807,#8808));
#8798 = ORIENTED_EDGE('',*,*,#8799,.F.);
#8799 = EDGE_CURVE('',#8776,#8800,#8802,.T.);
#8800 = VERTEX_POINT('',#8801);
#8801 = CARTESIAN_POINT('',(84.6116,63.1329,2.5));
#8802 = LINE('',#8803,#8804);
#8803 = CARTESIAN_POINT('',(85.1949,63.4446,2.5));
#8804 = VECTOR('',#8805,1.);
#8805 = DIRECTION('',(-0.881971765079,-0.471302244428,0.));
#8806 = ORIENTED_EDGE('',*,*,#8785,.T.);
#8807 = ORIENTED_EDGE('',*,*,#2076,.F.);
#8808 = ORIENTED_EDGE('',*,*,#8809,.F.);
#8809 = EDGE_CURVE('',#8800,#2069,#8810,.T.);
#8810 = LINE('',#8811,#8812);
#8811 = CARTESIAN_POINT('',(84.6116,63.1329,2.5));
#8812 = VECTOR('',#8813,1.);
#8813 = DIRECTION('',(0.,0.,1.));
#8814 = PLANE('',#8815);
#8815 = AXIS2_PLACEMENT_3D('',#8816,#8817,#8818);
#8816 = CARTESIAN_POINT('',(85.1949,63.4446,2.5));
#8817 = DIRECTION('',(0.471302244428,-0.881971765079,0.));
#8818 = DIRECTION('',(-0.881971765079,-0.471302244428,0.));
#8819 = ADVANCED_FACE('',(#8820),#8838,.T.);
#8820 = FACE_BOUND('',#8821,.T.);
#8821 = EDGE_LOOP('',(#8822,#8830,#8831,#8832));
#8822 = ORIENTED_EDGE('',*,*,#8823,.F.);
#8823 = EDGE_CURVE('',#8800,#8824,#8826,.T.);
#8824 = VERTEX_POINT('',#8825);
#8825 = CARTESIAN_POINT('',(84.4433,63.032,2.5));
#8826 = LINE('',#8827,#8828);
#8827 = CARTESIAN_POINT('',(84.6116,63.1329,2.5));
#8828 = VECTOR('',#8829,1.);
#8829 = DIRECTION('',(-0.85767273548,-0.514195953713,0.));
#8830 = ORIENTED_EDGE('',*,*,#8809,.T.);
#8831 = ORIENTED_EDGE('',*,*,#2068,.F.);
#8832 = ORIENTED_EDGE('',*,*,#8833,.F.);
#8833 = EDGE_CURVE('',#8824,#2061,#8834,.T.);
#8834 = LINE('',#8835,#8836);
#8835 = CARTESIAN_POINT('',(84.4433,63.032,2.5));
#8836 = VECTOR('',#8837,1.);
#8837 = DIRECTION('',(0.,0.,1.));
#8838 = PLANE('',#8839);
#8839 = AXIS2_PLACEMENT_3D('',#8840,#8841,#8842);
#8840 = CARTESIAN_POINT('',(84.6116,63.1329,2.5));
#8841 = DIRECTION('',(0.514195953713,-0.85767273548,0.));
#8842 = DIRECTION('',(-0.85767273548,-0.514195953713,0.));
#8843 = ADVANCED_FACE('',(#8844),#8862,.T.);
#8844 = FACE_BOUND('',#8845,.T.);
#8845 = EDGE_LOOP('',(#8846,#8854,#8855,#8856));
#8846 = ORIENTED_EDGE('',*,*,#8847,.F.);
#8847 = EDGE_CURVE('',#8824,#8848,#8850,.T.);
#8848 = VERTEX_POINT('',#8849);
#8849 = CARTESIAN_POINT('',(84.1542,62.8388,2.5));
#8850 = LINE('',#8851,#8852);
#8851 = CARTESIAN_POINT('',(84.4433,63.032,2.5));
#8852 = VECTOR('',#8853,1.);
#8853 = DIRECTION('',(-0.831430345233,-0.555628995846,0.));
#8854 = ORIENTED_EDGE('',*,*,#8833,.T.);
#8855 = ORIENTED_EDGE('',*,*,#2060,.F.);
#8856 = ORIENTED_EDGE('',*,*,#8857,.F.);
#8857 = EDGE_CURVE('',#8848,#2053,#8858,.T.);
#8858 = LINE('',#8859,#8860);
#8859 = CARTESIAN_POINT('',(84.1542,62.8388,2.5));
#8860 = VECTOR('',#8861,1.);
#8861 = DIRECTION('',(0.,0.,1.));
#8862 = PLANE('',#8863);
#8863 = AXIS2_PLACEMENT_3D('',#8864,#8865,#8866);
#8864 = CARTESIAN_POINT('',(84.4433,63.032,2.5));
#8865 = DIRECTION('',(0.555628995846,-0.831430345233,0.));
#8866 = DIRECTION('',(-0.831430345233,-0.555628995846,0.));
#8867 = ADVANCED_FACE('',(#8868),#8886,.T.);
#8868 = FACE_BOUND('',#8869,.T.);
#8869 = EDGE_LOOP('',(#8870,#8878,#8879,#8880));
#8870 = ORIENTED_EDGE('',*,*,#8871,.F.);
#8871 = EDGE_CURVE('',#8848,#8872,#8874,.T.);
#8872 = VERTEX_POINT('',#8873);
#8873 = CARTESIAN_POINT('',(83.9966,62.7219,2.5));
#8874 = LINE('',#8875,#8876);
#8875 = CARTESIAN_POINT('',(84.1542,62.8388,2.5));
#8876 = VECTOR('',#8877,1.);
#8877 = DIRECTION('',(-0.8031688228,-0.595751493562,0.));
#8878 = ORIENTED_EDGE('',*,*,#8857,.T.);
#8879 = ORIENTED_EDGE('',*,*,#2052,.F.);
#8880 = ORIENTED_EDGE('',*,*,#8881,.F.);
#8881 = EDGE_CURVE('',#8872,#2045,#8882,.T.);
#8882 = LINE('',#8883,#8884);
#8883 = CARTESIAN_POINT('',(83.9966,62.7219,2.5));
#8884 = VECTOR('',#8885,1.);
#8885 = DIRECTION('',(0.,0.,1.));
#8886 = PLANE('',#8887);
#8887 = AXIS2_PLACEMENT_3D('',#8888,#8889,#8890);
#8888 = CARTESIAN_POINT('',(84.1542,62.8388,2.5));
#8889 = DIRECTION('',(0.595751493562,-0.8031688228,0.));
#8890 = DIRECTION('',(-0.8031688228,-0.595751493562,0.));
#8891 = ADVANCED_FACE('',(#8892),#8910,.T.);
#8892 = FACE_BOUND('',#8893,.T.);
#8893 = EDGE_LOOP('',(#8894,#8902,#8903,#8904));
#8894 = ORIENTED_EDGE('',*,*,#8895,.F.);
#8895 = EDGE_CURVE('',#8872,#8896,#8898,.T.);
#8896 = VERTEX_POINT('',#8897);
#8897 = CARTESIAN_POINT('',(83.4616,62.2829,2.5));
#8898 = LINE('',#8899,#8900);
#8899 = CARTESIAN_POINT('',(83.9966,62.7219,2.5));
#8900 = VECTOR('',#8901,1.);
#8901 = DIRECTION('',(-0.773055201672,-0.634338754269,0.));
#8902 = ORIENTED_EDGE('',*,*,#8881,.T.);
#8903 = ORIENTED_EDGE('',*,*,#2044,.F.);
#8904 = ORIENTED_EDGE('',*,*,#8905,.F.);
#8905 = EDGE_CURVE('',#8896,#2037,#8906,.T.);
#8906 = LINE('',#8907,#8908);
#8907 = CARTESIAN_POINT('',(83.4616,62.2829,2.5));
#8908 = VECTOR('',#8909,1.);
#8909 = DIRECTION('',(0.,0.,1.));
#8910 = PLANE('',#8911);
#8911 = AXIS2_PLACEMENT_3D('',#8912,#8913,#8914);
#8912 = CARTESIAN_POINT('',(83.9966,62.7219,2.5));
#8913 = DIRECTION('',(0.634338754269,-0.773055201672,0.));
#8914 = DIRECTION('',(-0.773055201672,-0.634338754269,0.));
#8915 = ADVANCED_FACE('',(#8916),#8934,.T.);
#8916 = FACE_BOUND('',#8917,.T.);
#8917 = EDGE_LOOP('',(#8918,#8926,#8927,#8928));
#8918 = ORIENTED_EDGE('',*,*,#8919,.F.);
#8919 = EDGE_CURVE('',#8896,#8920,#8922,.T.);
#8920 = VERTEX_POINT('',#8921);
#8921 = CARTESIAN_POINT('',(83.3873,62.2188,2.5));
#8922 = LINE('',#8923,#8924);
#8923 = CARTESIAN_POINT('',(83.4616,62.2829,2.5));
#8924 = VECTOR('',#8925,1.);
#8925 = DIRECTION('',(-0.757166612041,-0.653221801236,0.));
#8926 = ORIENTED_EDGE('',*,*,#8905,.T.);
#8927 = ORIENTED_EDGE('',*,*,#2036,.F.);
#8928 = ORIENTED_EDGE('',*,*,#8929,.F.);
#8929 = EDGE_CURVE('',#8920,#2029,#8930,.T.);
#8930 = LINE('',#8931,#8932);
#8931 = CARTESIAN_POINT('',(83.3873,62.2188,2.5));
#8932 = VECTOR('',#8933,1.);
#8933 = DIRECTION('',(0.,0.,1.));
#8934 = PLANE('',#8935);
#8935 = AXIS2_PLACEMENT_3D('',#8936,#8937,#8938);
#8936 = CARTESIAN_POINT('',(83.4616,62.2829,2.5));
#8937 = DIRECTION('',(0.653221801236,-0.757166612041,0.));
#8938 = DIRECTION('',(-0.757166612041,-0.653221801236,0.));
#8939 = ADVANCED_FACE('',(#8940),#8958,.T.);
#8940 = FACE_BOUND('',#8941,.T.);
#8941 = EDGE_LOOP('',(#8942,#8950,#8951,#8952));
#8942 = ORIENTED_EDGE('',*,*,#8943,.F.);
#8943 = EDGE_CURVE('',#8920,#8944,#8946,.T.);
#8944 = VERTEX_POINT('',#8945);
#8945 = CARTESIAN_POINT('',(83.2586,62.1022,2.5));
#8946 = LINE('',#8947,#8948);
#8947 = CARTESIAN_POINT('',(83.3873,62.2188,2.5));
#8948 = VECTOR('',#8949,1.);
#8949 = DIRECTION('',(-0.741085435607,-0.671410736533,0.));
#8950 = ORIENTED_EDGE('',*,*,#8929,.T.);
#8951 = ORIENTED_EDGE('',*,*,#2028,.F.);
#8952 = ORIENTED_EDGE('',*,*,#8953,.F.);
#8953 = EDGE_CURVE('',#8944,#2021,#8954,.T.);
#8954 = LINE('',#8955,#8956);
#8955 = CARTESIAN_POINT('',(83.2586,62.1022,2.5));
#8956 = VECTOR('',#8957,1.);
#8957 = DIRECTION('',(0.,0.,1.));
#8958 = PLANE('',#8959);
#8959 = AXIS2_PLACEMENT_3D('',#8960,#8961,#8962);
#8960 = CARTESIAN_POINT('',(83.3873,62.2188,2.5));
#8961 = DIRECTION('',(0.671410736533,-0.741085435607,0.));
#8962 = DIRECTION('',(-0.741085435607,-0.671410736533,0.));
#8963 = ADVANCED_FACE('',(#8964),#8982,.T.);
#8964 = FACE_BOUND('',#8965,.T.);
#8965 = EDGE_LOOP('',(#8966,#8974,#8975,#8976));
#8966 = ORIENTED_EDGE('',*,*,#8967,.F.);
#8967 = EDGE_CURVE('',#8944,#8968,#8970,.T.);
#8968 = VERTEX_POINT('',#8969);
#8969 = CARTESIAN_POINT('',(82.7852,61.7136,2.5));
#8970 = LINE('',#8971,#8972);
#8971 = CARTESIAN_POINT('',(83.2586,62.1022,2.5));
#8972 = VECTOR('',#8973,1.);
#8973 = DIRECTION('',(-0.7729378581,-0.634481731428,0.));
#8974 = ORIENTED_EDGE('',*,*,#8953,.T.);
#8975 = ORIENTED_EDGE('',*,*,#2020,.F.);
#8976 = ORIENTED_EDGE('',*,*,#8977,.F.);
#8977 = EDGE_CURVE('',#8968,#2013,#8978,.T.);
#8978 = LINE('',#8979,#8980);
#8979 = CARTESIAN_POINT('',(82.7852,61.7136,2.5));
#8980 = VECTOR('',#8981,1.);
#8981 = DIRECTION('',(0.,0.,1.));
#8982 = PLANE('',#8983);
#8983 = AXIS2_PLACEMENT_3D('',#8984,#8985,#8986);
#8984 = CARTESIAN_POINT('',(83.2586,62.1022,2.5));
#8985 = DIRECTION('',(0.634481731428,-0.7729378581,0.));
#8986 = DIRECTION('',(-0.7729378581,-0.634481731428,0.));
#8987 = ADVANCED_FACE('',(#8988),#9006,.T.);
#8988 = FACE_BOUND('',#8989,.T.);
#8989 = EDGE_LOOP('',(#8990,#8998,#8999,#9000));
#8990 = ORIENTED_EDGE('',*,*,#8991,.F.);
#8991 = EDGE_CURVE('',#8968,#8992,#8994,.T.);
#8992 = VERTEX_POINT('',#8993);
#8993 = CARTESIAN_POINT('',(82.4913,61.5172,2.5));
#8994 = LINE('',#8995,#8996);
#8995 = CARTESIAN_POINT('',(82.7852,61.7136,2.5));
#8996 = VECTOR('',#8997,1.);
#8997 = DIRECTION('',(-0.831440471197,-0.55561384329,0.));
#8998 = ORIENTED_EDGE('',*,*,#8977,.T.);
#8999 = ORIENTED_EDGE('',*,*,#2012,.F.);
#9000 = ORIENTED_EDGE('',*,*,#9001,.F.);
#9001 = EDGE_CURVE('',#8992,#2005,#9002,.T.);
#9002 = LINE('',#9003,#9004);
#9003 = CARTESIAN_POINT('',(82.4913,61.5172,2.5));
#9004 = VECTOR('',#9005,1.);
#9005 = DIRECTION('',(0.,0.,1.));
#9006 = PLANE('',#9007);
#9007 = AXIS2_PLACEMENT_3D('',#9008,#9009,#9010);
#9008 = CARTESIAN_POINT('',(82.7852,61.7136,2.5));
#9009 = DIRECTION('',(0.55561384329,-0.831440471197,0.));
#9010 = DIRECTION('',(-0.831440471197,-0.55561384329,0.));
#9011 = ADVANCED_FACE('',(#9012),#9030,.T.);
#9012 = FACE_BOUND('',#9013,.T.);
#9013 = EDGE_LOOP('',(#9014,#9022,#9023,#9024));
#9014 = ORIENTED_EDGE('',*,*,#9015,.F.);
#9015 = EDGE_CURVE('',#8992,#9016,#9018,.T.);
#9016 = VERTEX_POINT('',#9017);
#9017 = CARTESIAN_POINT('',(81.973,61.2402,2.5));
#9018 = LINE('',#9019,#9020);
#9019 = CARTESIAN_POINT('',(82.4913,61.5172,2.5));
#9020 = VECTOR('',#9021,1.);
#9021 = DIRECTION('',(-0.881947523693,-0.471347605755,0.));
#9022 = ORIENTED_EDGE('',*,*,#9001,.T.);
#9023 = ORIENTED_EDGE('',*,*,#2004,.F.);
#9024 = ORIENTED_EDGE('',*,*,#9025,.F.);
#9025 = EDGE_CURVE('',#9016,#1997,#9026,.T.);
#9026 = LINE('',#9027,#9028);
#9027 = CARTESIAN_POINT('',(81.973,61.2402,2.5));
#9028 = VECTOR('',#9029,1.);
#9029 = DIRECTION('',(0.,0.,1.));
#9030 = PLANE('',#9031);
#9031 = AXIS2_PLACEMENT_3D('',#9032,#9033,#9034);
#9032 = CARTESIAN_POINT('',(82.4913,61.5172,2.5));
#9033 = DIRECTION('',(0.471347605755,-0.881947523693,0.));
#9034 = DIRECTION('',(-0.881947523693,-0.471347605755,0.));
#9035 = ADVANCED_FACE('',(#9036),#9054,.T.);
#9036 = FACE_BOUND('',#9037,.T.);
#9037 = EDGE_LOOP('',(#9038,#9046,#9047,#9048));
#9038 = ORIENTED_EDGE('',*,*,#9039,.F.);
#9039 = EDGE_CURVE('',#9016,#9040,#9042,.T.);
#9040 = VERTEX_POINT('',#9041);
#9041 = CARTESIAN_POINT('',(81.6464,61.1049,2.5));
#9042 = LINE('',#9043,#9044);
#9043 = CARTESIAN_POINT('',(81.973,61.2402,2.5));
#9044 = VECTOR('',#9045,1.);
#9045 = DIRECTION('',(-0.923861679095,-0.382726531481,0.));
#9046 = ORIENTED_EDGE('',*,*,#9025,.T.);
#9047 = ORIENTED_EDGE('',*,*,#1996,.F.);
#9048 = ORIENTED_EDGE('',*,*,#9049,.F.);
#9049 = EDGE_CURVE('',#9040,#1989,#9050,.T.);
#9050 = LINE('',#9051,#9052);
#9051 = CARTESIAN_POINT('',(81.6464,61.1049,2.5));
#9052 = VECTOR('',#9053,1.);
#9053 = DIRECTION('',(0.,0.,1.));
#9054 = PLANE('',#9055);
#9055 = AXIS2_PLACEMENT_3D('',#9056,#9057,#9058);
#9056 = CARTESIAN_POINT('',(81.973,61.2402,2.5));
#9057 = DIRECTION('',(0.382726531481,-0.923861679095,0.));
#9058 = DIRECTION('',(-0.923861679095,-0.382726531481,0.));
#9059 = ADVANCED_FACE('',(#9060),#9078,.T.);
#9060 = FACE_BOUND('',#9061,.T.);
#9061 = EDGE_LOOP('',(#9062,#9070,#9071,#9072));
#9062 = ORIENTED_EDGE('',*,*,#9063,.F.);
#9063 = EDGE_CURVE('',#9040,#9064,#9066,.T.);
#9064 = VERTEX_POINT('',#9065);
#9065 = CARTESIAN_POINT('',(81.0841,60.9343,2.5));
#9066 = LINE('',#9067,#9068);
#9067 = CARTESIAN_POINT('',(81.6464,61.1049,2.5));
#9068 = VECTOR('',#9069,1.);
#9069 = DIRECTION('',(-0.95692702254,-0.290328561347,0.));
#9070 = ORIENTED_EDGE('',*,*,#9049,.T.);
#9071 = ORIENTED_EDGE('',*,*,#1988,.F.);
#9072 = ORIENTED_EDGE('',*,*,#9073,.F.);
#9073 = EDGE_CURVE('',#9064,#1981,#9074,.T.);
#9074 = LINE('',#9075,#9076);
#9075 = CARTESIAN_POINT('',(81.0841,60.9343,2.5));
#9076 = VECTOR('',#9077,1.);
#9077 = DIRECTION('',(0.,0.,1.));
#9078 = PLANE('',#9079);
#9079 = AXIS2_PLACEMENT_3D('',#9080,#9081,#9082);
#9080 = CARTESIAN_POINT('',(81.6464,61.1049,2.5));
#9081 = DIRECTION('',(0.290328561347,-0.95692702254,0.));
#9082 = DIRECTION('',(-0.95692702254,-0.290328561347,0.));
#9083 = ADVANCED_FACE('',(#9084),#9102,.T.);
#9084 = FACE_BOUND('',#9085,.T.);
#9085 = EDGE_LOOP('',(#9086,#9094,#9095,#9096));
#9086 = ORIENTED_EDGE('',*,*,#9087,.F.);
#9087 = EDGE_CURVE('',#9064,#9088,#9090,.T.);
#9088 = VERTEX_POINT('',#9089);
#9089 = CARTESIAN_POINT('',(80.4913,60.8164,2.5));
#9090 = LINE('',#9091,#9092);
#9091 = CARTESIAN_POINT('',(81.0841,60.9343,2.5));
#9092 = VECTOR('',#9093,1.);
#9093 = DIRECTION('',(-0.98079010832,-0.195066048871,0.));
#9094 = ORIENTED_EDGE('',*,*,#9073,.T.);
#9095 = ORIENTED_EDGE('',*,*,#1980,.F.);
#9096 = ORIENTED_EDGE('',*,*,#9097,.F.);
#9097 = EDGE_CURVE('',#9088,#1973,#9098,.T.);
#9098 = LINE('',#9099,#9100);
#9099 = CARTESIAN_POINT('',(80.4913,60.8164,2.5));
#9100 = VECTOR('',#9101,1.);
#9101 = DIRECTION('',(0.,0.,1.));
#9102 = PLANE('',#9103);
#9103 = AXIS2_PLACEMENT_3D('',#9104,#9105,#9106);
#9104 = CARTESIAN_POINT('',(81.0841,60.9343,2.5));
#9105 = DIRECTION('',(0.195066048871,-0.98079010832,0.));
#9106 = DIRECTION('',(-0.98079010832,-0.195066048871,0.));
#9107 = ADVANCED_FACE('',(#9108),#9126,.T.);
#9108 = FACE_BOUND('',#9109,.T.);
#9109 = EDGE_LOOP('',(#9110,#9118,#9119,#9120));
#9110 = ORIENTED_EDGE('',*,*,#9111,.F.);
#9111 = EDGE_CURVE('',#9088,#9112,#9114,.T.);
#9112 = VERTEX_POINT('',#9113);
#9113 = CARTESIAN_POINT('',(80.0535,60.7624,2.5));
#9114 = LINE('',#9115,#9116);
#9115 = CARTESIAN_POINT('',(80.4913,60.8164,2.5));
#9116 = VECTOR('',#9117,1.);
#9117 = DIRECTION('',(-0.992478840479,-0.122416302846,0.));
#9118 = ORIENTED_EDGE('',*,*,#9097,.T.);
#9119 = ORIENTED_EDGE('',*,*,#1972,.F.);
#9120 = ORIENTED_EDGE('',*,*,#9121,.F.);
#9121 = EDGE_CURVE('',#9112,#1965,#9122,.T.);
#9122 = LINE('',#9123,#9124);
#9123 = CARTESIAN_POINT('',(80.0535,60.7624,2.5));
#9124 = VECTOR('',#9125,1.);
#9125 = DIRECTION('',(0.,0.,1.));
#9126 = PLANE('',#9127);
#9127 = AXIS2_PLACEMENT_3D('',#9128,#9129,#9130);
#9128 = CARTESIAN_POINT('',(80.4913,60.8164,2.5));
#9129 = DIRECTION('',(0.122416302846,-0.992478840479,0.));
#9130 = DIRECTION('',(-0.992478840479,-0.122416302846,0.));
#9131 = ADVANCED_FACE('',(#9132),#9150,.T.);
#9132 = FACE_BOUND('',#9133,.T.);
#9133 = EDGE_LOOP('',(#9134,#9142,#9143,#9144));
#9134 = ORIENTED_EDGE('',*,*,#9135,.F.);
#9135 = EDGE_CURVE('',#9112,#9136,#9138,.T.);
#9136 = VERTEX_POINT('',#9137);
#9137 = CARTESIAN_POINT('',(79.8738,60.7536,2.5));
#9138 = LINE('',#9139,#9140);
#9139 = CARTESIAN_POINT('',(80.0535,60.7624,2.5));
#9140 = VECTOR('',#9141,1.);
#9141 = DIRECTION('',(-0.998803097051,-4.891189345603E-02,0.));
#9142 = ORIENTED_EDGE('',*,*,#9121,.T.);
#9143 = ORIENTED_EDGE('',*,*,#1964,.F.);
#9144 = ORIENTED_EDGE('',*,*,#9145,.F.);
#9145 = EDGE_CURVE('',#9136,#1957,#9146,.T.);
#9146 = LINE('',#9147,#9148);
#9147 = CARTESIAN_POINT('',(79.8738,60.7536,2.5));
#9148 = VECTOR('',#9149,1.);
#9149 = DIRECTION('',(0.,0.,1.));
#9150 = PLANE('',#9151);
#9151 = AXIS2_PLACEMENT_3D('',#9152,#9153,#9154);
#9152 = CARTESIAN_POINT('',(80.0535,60.7624,2.5));
#9153 = DIRECTION('',(4.891189345603E-02,-0.998803097051,0.));
#9154 = DIRECTION('',(-0.998803097051,-4.891189345603E-02,0.));
#9155 = ADVANCED_FACE('',(#9156),#9174,.T.);
#9156 = FACE_BOUND('',#9157,.T.);
#9157 = EDGE_LOOP('',(#9158,#9166,#9167,#9168));
#9158 = ORIENTED_EDGE('',*,*,#9159,.F.);
#9159 = EDGE_CURVE('',#9136,#9160,#9162,.T.);
#9160 = VERTEX_POINT('',#9161);
#9161 = CARTESIAN_POINT('',(79.7266,60.75,2.5));
#9162 = LINE('',#9163,#9164);
#9163 = CARTESIAN_POINT('',(79.8738,60.7536,2.5));
#9164 = VECTOR('',#9165,1.);
#9165 = DIRECTION('',(-0.999701073361,-2.444921103329E-02,0.));
#9166 = ORIENTED_EDGE('',*,*,#9145,.T.);
#9167 = ORIENTED_EDGE('',*,*,#1956,.F.);
#9168 = ORIENTED_EDGE('',*,*,#9169,.F.);
#9169 = EDGE_CURVE('',#9160,#1949,#9170,.T.);
#9170 = LINE('',#9171,#9172);
#9171 = CARTESIAN_POINT('',(79.7266,60.75,2.5));
#9172 = VECTOR('',#9173,1.);
#9173 = DIRECTION('',(0.,0.,1.));
#9174 = PLANE('',#9175);
#9175 = AXIS2_PLACEMENT_3D('',#9176,#9177,#9178);
#9176 = CARTESIAN_POINT('',(79.8738,60.7536,2.5));
#9177 = DIRECTION('',(2.444921103329E-02,-0.999701073361,0.));
#9178 = DIRECTION('',(-0.999701073361,-2.444921103329E-02,0.));
#9179 = ADVANCED_FACE('',(#9180),#9198,.T.);
#9180 = FACE_BOUND('',#9181,.T.);
#9181 = EDGE_LOOP('',(#9182,#9190,#9191,#9192));
#9182 = ORIENTED_EDGE('',*,*,#9183,.F.);
#9183 = EDGE_CURVE('',#9160,#9184,#9186,.T.);
#9184 = VERTEX_POINT('',#9185);
#9185 = CARTESIAN_POINT('',(75.4342,60.75,2.5));
#9186 = LINE('',#9187,#9188);
#9187 = CARTESIAN_POINT('',(79.7266,60.75,2.5));
#9188 = VECTOR('',#9189,1.);
#9189 = DIRECTION('',(-1.,0.,0.));
#9190 = ORIENTED_EDGE('',*,*,#9169,.T.);
#9191 = ORIENTED_EDGE('',*,*,#1948,.F.);
#9192 = ORIENTED_EDGE('',*,*,#9193,.F.);
#9193 = EDGE_CURVE('',#9184,#1941,#9194,.T.);
#9194 = LINE('',#9195,#9196);
#9195 = CARTESIAN_POINT('',(75.4342,60.75,2.5));
#9196 = VECTOR('',#9197,1.);
#9197 = DIRECTION('',(0.,0.,1.));
#9198 = PLANE('',#9199);
#9199 = AXIS2_PLACEMENT_3D('',#9200,#9201,#9202);
#9200 = CARTESIAN_POINT('',(79.7266,60.75,2.5));
#9201 = DIRECTION('',(0.,-1.,0.));
#9202 = DIRECTION('',(-1.,0.,0.));
#9203 = ADVANCED_FACE('',(#9204),#9222,.T.);
#9204 = FACE_BOUND('',#9205,.T.);
#9205 = EDGE_LOOP('',(#9206,#9214,#9215,#9216));
#9206 = ORIENTED_EDGE('',*,*,#9207,.F.);
#9207 = EDGE_CURVE('',#9184,#9208,#9210,.T.);
#9208 = VERTEX_POINT('',#9209);
#9209 = CARTESIAN_POINT('',(75.1402,60.7644,2.5));
#9210 = LINE('',#9211,#9212);
#9211 = CARTESIAN_POINT('',(75.4342,60.75,2.5));
#9212 = VECTOR('',#9213,1.);
#9213 = DIRECTION('',(-0.998802653687,4.892094630306E-02,0.));
#9214 = ORIENTED_EDGE('',*,*,#9193,.T.);
#9215 = ORIENTED_EDGE('',*,*,#1940,.F.);
#9216 = ORIENTED_EDGE('',*,*,#9217,.F.);
#9217 = EDGE_CURVE('',#9208,#1933,#9218,.T.);
#9218 = LINE('',#9219,#9220);
#9219 = CARTESIAN_POINT('',(75.1402,60.7644,2.5));
#9220 = VECTOR('',#9221,1.);
#9221 = DIRECTION('',(0.,0.,1.));
#9222 = PLANE('',#9223);
#9223 = AXIS2_PLACEMENT_3D('',#9224,#9225,#9226);
#9224 = CARTESIAN_POINT('',(75.4342,60.75,2.5));
#9225 = DIRECTION('',(-4.892094630306E-02,-0.998802653687,0.));
#9226 = DIRECTION('',(-0.998802653687,4.892094630306E-02,0.));
#9227 = ADVANCED_FACE('',(#9228),#9246,.T.);
#9228 = FACE_BOUND('',#9229,.T.);
#9229 = EDGE_LOOP('',(#9230,#9238,#9239,#9240));
#9230 = ORIENTED_EDGE('',*,*,#9231,.F.);
#9231 = EDGE_CURVE('',#9208,#9232,#9234,.T.);
#9232 = VERTEX_POINT('',#9233);
#9233 = CARTESIAN_POINT('',(74.29,60.8482,2.5));
#9234 = LINE('',#9235,#9236);
#9235 = CARTESIAN_POINT('',(75.1402,60.7644,2.5));
#9236 = VECTOR('',#9237,1.);
#9237 = DIRECTION('',(-0.995177575425,9.808972103103E-02,0.));
#9238 = ORIENTED_EDGE('',*,*,#9217,.T.);
#9239 = ORIENTED_EDGE('',*,*,#1932,.F.);
#9240 = ORIENTED_EDGE('',*,*,#9241,.F.);
#9241 = EDGE_CURVE('',#9232,#1925,#9242,.T.);
#9242 = LINE('',#9243,#9244);
#9243 = CARTESIAN_POINT('',(74.29,60.8482,2.5));
#9244 = VECTOR('',#9245,1.);
#9245 = DIRECTION('',(0.,0.,1.));
#9246 = PLANE('',#9247);
#9247 = AXIS2_PLACEMENT_3D('',#9248,#9249,#9250);
#9248 = CARTESIAN_POINT('',(75.1402,60.7644,2.5));
#9249 = DIRECTION('',(-9.808972103103E-02,-0.995177575425,0.));
#9250 = DIRECTION('',(-0.995177575425,9.808972103103E-02,0.));
#9251 = ADVANCED_FACE('',(#9252),#9270,.T.);
#9252 = FACE_BOUND('',#9253,.T.);
#9253 = EDGE_LOOP('',(#9254,#9262,#9263,#9264));
#9254 = ORIENTED_EDGE('',*,*,#9255,.F.);
#9255 = EDGE_CURVE('',#9232,#9256,#9258,.T.);
#9256 = VERTEX_POINT('',#9257);
#9257 = CARTESIAN_POINT('',(73.7136,60.9628,2.5));
#9258 = LINE('',#9259,#9260);
#9259 = CARTESIAN_POINT('',(74.29,60.8482,2.5));
#9260 = VECTOR('',#9261,1.);
#9261 = DIRECTION('',(-0.980802561507,0.195003423922,0.));
#9262 = ORIENTED_EDGE('',*,*,#9241,.T.);
#9263 = ORIENTED_EDGE('',*,*,#1924,.F.);
#9264 = ORIENTED_EDGE('',*,*,#9265,.F.);
#9265 = EDGE_CURVE('',#9256,#1917,#9266,.T.);
#9266 = LINE('',#9267,#9268);
#9267 = CARTESIAN_POINT('',(73.7136,60.9628,2.5));
#9268 = VECTOR('',#9269,1.);
#9269 = DIRECTION('',(0.,0.,1.));
#9270 = PLANE('',#9271);
#9271 = AXIS2_PLACEMENT_3D('',#9272,#9273,#9274);
#9272 = CARTESIAN_POINT('',(74.29,60.8482,2.5));
#9273 = DIRECTION('',(-0.195003423922,-0.980802561507,0.));
#9274 = DIRECTION('',(-0.980802561507,0.195003423922,0.));
#9275 = ADVANCED_FACE('',(#9276),#9294,.T.);
#9276 = FACE_BOUND('',#9277,.T.);
#9277 = EDGE_LOOP('',(#9278,#9286,#9287,#9288));
#9278 = ORIENTED_EDGE('',*,*,#9279,.F.);
#9279 = EDGE_CURVE('',#9256,#9280,#9282,.T.);
#9280 = VERTEX_POINT('',#9281);
#9281 = CARTESIAN_POINT('',(73.3753,61.0654,2.5));
#9282 = LINE('',#9283,#9284);
#9283 = CARTESIAN_POINT('',(73.7136,60.9628,2.5));
#9284 = VECTOR('',#9285,1.);
#9285 = DIRECTION('',(-0.956957764966,0.29022721456,0.));
#9286 = ORIENTED_EDGE('',*,*,#9265,.T.);
#9287 = ORIENTED_EDGE('',*,*,#1916,.F.);
#9288 = ORIENTED_EDGE('',*,*,#9289,.F.);
#9289 = EDGE_CURVE('',#9280,#1909,#9290,.T.);
#9290 = LINE('',#9291,#9292);
#9291 = CARTESIAN_POINT('',(73.3753,61.0654,2.5));
#9292 = VECTOR('',#9293,1.);
#9293 = DIRECTION('',(0.,0.,1.));
#9294 = PLANE('',#9295);
#9295 = AXIS2_PLACEMENT_3D('',#9296,#9297,#9298);
#9296 = CARTESIAN_POINT('',(73.7136,60.9628,2.5));
#9297 = DIRECTION('',(-0.29022721456,-0.956957764966,0.));
#9298 = DIRECTION('',(-0.956957764966,0.29022721456,0.));
#9299 = ADVANCED_FACE('',(#9300),#9318,.T.);
#9300 = FACE_BOUND('',#9301,.T.);
#9301 = EDGE_LOOP('',(#9302,#9310,#9311,#9312));
#9302 = ORIENTED_EDGE('',*,*,#9303,.F.);
#9303 = EDGE_CURVE('',#9280,#9304,#9306,.T.);
#9304 = VERTEX_POINT('',#9305);
#9305 = CARTESIAN_POINT('',(72.8324,61.2903,2.5));
#9306 = LINE('',#9307,#9308);
#9307 = CARTESIAN_POINT('',(73.3753,61.0654,2.5));
#9308 = VECTOR('',#9309,1.);
#9309 = DIRECTION('',(-0.923865418988,0.382717503648,0.));
#9310 = ORIENTED_EDGE('',*,*,#9289,.T.);
#9311 = ORIENTED_EDGE('',*,*,#1908,.F.);
#9312 = ORIENTED_EDGE('',*,*,#9313,.F.);
#9313 = EDGE_CURVE('',#9304,#1901,#9314,.T.);
#9314 = LINE('',#9315,#9316);
#9315 = CARTESIAN_POINT('',(72.8324,61.2903,2.5));
#9316 = VECTOR('',#9317,1.);
#9317 = DIRECTION('',(0.,0.,1.));
#9318 = PLANE('',#9319);
#9319 = AXIS2_PLACEMENT_3D('',#9320,#9321,#9322);
#9320 = CARTESIAN_POINT('',(73.3753,61.0654,2.5));
#9321 = DIRECTION('',(-0.382717503648,-0.923865418988,0.));
#9322 = DIRECTION('',(-0.923865418988,0.382717503648,0.));
#9323 = ADVANCED_FACE('',(#9324),#9342,.T.);
#9324 = FACE_BOUND('',#9325,.T.);
#9325 = EDGE_LOOP('',(#9326,#9334,#9335,#9336));
#9326 = ORIENTED_EDGE('',*,*,#9327,.F.);
#9327 = EDGE_CURVE('',#9304,#9328,#9330,.T.);
#9328 = VERTEX_POINT('',#9329);
#9329 = CARTESIAN_POINT('',(72.4751,61.4813,2.5));
#9330 = LINE('',#9331,#9332);
#9331 = CARTESIAN_POINT('',(72.8324,61.2903,2.5));
#9332 = VECTOR('',#9333,1.);
#9333 = DIRECTION('',(-0.881901591464,0.471433540357,0.));
#9334 = ORIENTED_EDGE('',*,*,#9313,.T.);
#9335 = ORIENTED_EDGE('',*,*,#1900,.F.);
#9336 = ORIENTED_EDGE('',*,*,#9337,.F.);
#9337 = EDGE_CURVE('',#9328,#1893,#9338,.T.);
#9338 = LINE('',#9339,#9340);
#9339 = CARTESIAN_POINT('',(72.4751,61.4813,2.5));
#9340 = VECTOR('',#9341,1.);
#9341 = DIRECTION('',(0.,0.,1.));
#9342 = PLANE('',#9343);
#9343 = AXIS2_PLACEMENT_3D('',#9344,#9345,#9346);
#9344 = CARTESIAN_POINT('',(72.8324,61.2903,2.5));
#9345 = DIRECTION('',(-0.471433540357,-0.881901591464,0.));
#9346 = DIRECTION('',(-0.881901591464,0.471433540357,0.));
#9347 = ADVANCED_FACE('',(#9348),#9366,.T.);
#9348 = FACE_BOUND('',#9349,.T.);
#9349 = EDGE_LOOP('',(#9350,#9358,#9359,#9360));
#9350 = ORIENTED_EDGE('',*,*,#9351,.F.);
#9351 = EDGE_CURVE('',#9328,#9352,#9354,.T.);
#9352 = VERTEX_POINT('',#9353);
#9353 = CARTESIAN_POINT('',(72.1024,61.7173,2.5));
#9354 = LINE('',#9355,#9356);
#9355 = CARTESIAN_POINT('',(72.4751,61.4813,2.5));
#9356 = VECTOR('',#9357,1.);
#9357 = DIRECTION('',(-0.844863475307,0.534981969875,0.));
#9358 = ORIENTED_EDGE('',*,*,#9337,.T.);
#9359 = ORIENTED_EDGE('',*,*,#1892,.F.);
#9360 = ORIENTED_EDGE('',*,*,#9361,.F.);
#9361 = EDGE_CURVE('',#9352,#1885,#9362,.T.);
#9362 = LINE('',#9363,#9364);
#9363 = CARTESIAN_POINT('',(72.1024,61.7173,2.5));
#9364 = VECTOR('',#9365,1.);
#9365 = DIRECTION('',(0.,0.,1.));
#9366 = PLANE('',#9367);
#9367 = AXIS2_PLACEMENT_3D('',#9368,#9369,#9370);
#9368 = CARTESIAN_POINT('',(72.4751,61.4813,2.5));
#9369 = DIRECTION('',(-0.534981969875,-0.844863475307,0.));
#9370 = DIRECTION('',(-0.844863475307,0.534981969875,0.));
#9371 = ADVANCED_FACE('',(#9372),#9390,.T.);
#9372 = FACE_BOUND('',#9373,.T.);
#9373 = EDGE_LOOP('',(#9374,#9382,#9383,#9384));
#9374 = ORIENTED_EDGE('',*,*,#9375,.F.);
#9375 = EDGE_CURVE('',#9352,#9376,#9378,.T.);
#9376 = VERTEX_POINT('',#9377);
#9377 = CARTESIAN_POINT('',(72.0291,61.7717,2.5));
#9378 = LINE('',#9379,#9380);
#9379 = CARTESIAN_POINT('',(72.1024,61.7173,2.5));
#9380 = VECTOR('',#9381,1.);
#9381 = DIRECTION('',(-0.803013466874,0.595960881282,0.));
#9382 = ORIENTED_EDGE('',*,*,#9361,.T.);
#9383 = ORIENTED_EDGE('',*,*,#1884,.F.);
#9384 = ORIENTED_EDGE('',*,*,#9385,.F.);
#9385 = EDGE_CURVE('',#9376,#1877,#9386,.T.);
#9386 = LINE('',#9387,#9388);
#9387 = CARTESIAN_POINT('',(72.0291,61.7717,2.5));
#9388 = VECTOR('',#9389,1.);
#9389 = DIRECTION('',(0.,0.,1.));
#9390 = PLANE('',#9391);
#9391 = AXIS2_PLACEMENT_3D('',#9392,#9393,#9394);
#9392 = CARTESIAN_POINT('',(72.1024,61.7173,2.5));
#9393 = DIRECTION('',(-0.595960881282,-0.803013466874,0.));
#9394 = DIRECTION('',(-0.803013466874,0.595960881282,0.));
#9395 = ADVANCED_FACE('',(#9396),#9414,.T.);
#9396 = FACE_BOUND('',#9397,.T.);
#9397 = EDGE_LOOP('',(#9398,#9406,#9407,#9408));
#9398 = ORIENTED_EDGE('',*,*,#9399,.F.);
#9399 = EDGE_CURVE('',#9376,#9400,#9402,.T.);
#9400 = VERTEX_POINT('',#9401);
#9401 = CARTESIAN_POINT('',(71.9488,61.8282,2.5));
#9402 = LINE('',#9403,#9404);
#9403 = CARTESIAN_POINT('',(72.0291,61.7717,2.5));
#9404 = VECTOR('',#9405,1.);
#9405 = DIRECTION('',(-0.817841924494,0.575442948119,0.));
#9406 = ORIENTED_EDGE('',*,*,#9385,.T.);
#9407 = ORIENTED_EDGE('',*,*,#1876,.F.);
#9408 = ORIENTED_EDGE('',*,*,#9409,.F.);
#9409 = EDGE_CURVE('',#9400,#1869,#9410,.T.);
#9410 = LINE('',#9411,#9412);
#9411 = CARTESIAN_POINT('',(71.9488,61.8282,2.5));
#9412 = VECTOR('',#9413,1.);
#9413 = DIRECTION('',(0.,0.,1.));
#9414 = PLANE('',#9415);
#9415 = AXIS2_PLACEMENT_3D('',#9416,#9417,#9418);
#9416 = CARTESIAN_POINT('',(72.0291,61.7717,2.5));
#9417 = DIRECTION('',(-0.575442948119,-0.817841924494,0.));
#9418 = DIRECTION('',(-0.817841924494,0.575442948119,0.));
#9419 = ADVANCED_FACE('',(#9420),#9438,.T.);
#9420 = FACE_BOUND('',#9421,.T.);
#9421 = EDGE_LOOP('',(#9422,#9430,#9431,#9432));
#9422 = ORIENTED_EDGE('',*,*,#9423,.F.);
#9423 = EDGE_CURVE('',#9400,#9424,#9426,.T.);
#9424 = VERTEX_POINT('',#9425);
#9425 = CARTESIAN_POINT('',(71.3734,62.2127,2.5));
#9426 = LINE('',#9427,#9428);
#9427 = CARTESIAN_POINT('',(71.9488,61.8282,2.5));
#9428 = VECTOR('',#9429,1.);
#9429 = DIRECTION('',(-0.831449578918,0.555600213928,0.));
#9430 = ORIENTED_EDGE('',*,*,#9409,.T.);
#9431 = ORIENTED_EDGE('',*,*,#1868,.F.);
#9432 = ORIENTED_EDGE('',*,*,#9433,.F.);
#9433 = EDGE_CURVE('',#9424,#1861,#9434,.T.);
#9434 = LINE('',#9435,#9436);
#9435 = CARTESIAN_POINT('',(71.3734,62.2127,2.5));
#9436 = VECTOR('',#9437,1.);
#9437 = DIRECTION('',(0.,0.,1.));
#9438 = PLANE('',#9439);
#9439 = AXIS2_PLACEMENT_3D('',#9440,#9441,#9442);
#9440 = CARTESIAN_POINT('',(71.9488,61.8282,2.5));
#9441 = DIRECTION('',(-0.555600213928,-0.831449578918,0.));
#9442 = DIRECTION('',(-0.831449578918,0.555600213928,0.));
#9443 = ADVANCED_FACE('',(#9444),#9462,.T.);
#9444 = FACE_BOUND('',#9445,.T.);
#9445 = EDGE_LOOP('',(#9446,#9454,#9455,#9456));
#9446 = ORIENTED_EDGE('',*,*,#9447,.F.);
#9447 = EDGE_CURVE('',#9424,#9448,#9450,.T.);
#9448 = VERTEX_POINT('',#9449);
#9449 = CARTESIAN_POINT('',(71.2051,62.3136,2.5));
#9450 = LINE('',#9451,#9452);
#9451 = CARTESIAN_POINT('',(71.3734,62.2127,2.5));
#9452 = VECTOR('',#9453,1.);
#9453 = DIRECTION('',(-0.85767273548,0.514195953713,0.));
#9454 = ORIENTED_EDGE('',*,*,#9433,.T.);
#9455 = ORIENTED_EDGE('',*,*,#1860,.F.);
#9456 = ORIENTED_EDGE('',*,*,#9457,.F.);
#9457 = EDGE_CURVE('',#9448,#1853,#9458,.T.);
#9458 = LINE('',#9459,#9460);
#9459 = CARTESIAN_POINT('',(71.2051,62.3136,2.5));
#9460 = VECTOR('',#9461,1.);
#9461 = DIRECTION('',(0.,0.,1.));
#9462 = PLANE('',#9463);
#9463 = AXIS2_PLACEMENT_3D('',#9464,#9465,#9466);
#9464 = CARTESIAN_POINT('',(71.3734,62.2127,2.5));
#9465 = DIRECTION('',(-0.514195953713,-0.85767273548,0.));
#9466 = DIRECTION('',(-0.85767273548,0.514195953713,0.));
#9467 = ADVANCED_FACE('',(#9468),#9486,.T.);
#9468 = FACE_BOUND('',#9469,.T.);
#9469 = EDGE_LOOP('',(#9470,#9478,#9479,#9480));
#9470 = ORIENTED_EDGE('',*,*,#9471,.F.);
#9471 = EDGE_CURVE('',#9448,#9472,#9474,.T.);
#9472 = VERTEX_POINT('',#9473);
#9473 = CARTESIAN_POINT('',(70.8985,62.4775,2.5));
#9474 = LINE('',#9475,#9476);
#9475 = CARTESIAN_POINT('',(71.2051,62.3136,2.5));
#9476 = VECTOR('',#9477,1.);
#9477 = DIRECTION('',(-0.881898679568,0.471438987544,0.));
#9478 = ORIENTED_EDGE('',*,*,#9457,.T.);
#9479 = ORIENTED_EDGE('',*,*,#1852,.F.);
#9480 = ORIENTED_EDGE('',*,*,#9481,.F.);
#9481 = EDGE_CURVE('',#9472,#1845,#9482,.T.);
#9482 = LINE('',#9483,#9484);
#9483 = CARTESIAN_POINT('',(70.8985,62.4775,2.5));
#9484 = VECTOR('',#9485,1.);
#9485 = DIRECTION('',(0.,0.,1.));
#9486 = PLANE('',#9487);
#9487 = AXIS2_PLACEMENT_3D('',#9488,#9489,#9490);
#9488 = CARTESIAN_POINT('',(71.2051,62.3136,2.5));
#9489 = DIRECTION('',(-0.471438987544,-0.881898679568,0.));
#9490 = DIRECTION('',(-0.881898679568,0.471438987544,0.));
#9491 = ADVANCED_FACE('',(#9492),#9510,.T.);
#9492 = FACE_BOUND('',#9493,.T.);
#9493 = EDGE_LOOP('',(#9494,#9502,#9503,#9504));
#9494 = ORIENTED_EDGE('',*,*,#9495,.F.);
#9495 = EDGE_CURVE('',#9472,#9496,#9498,.T.);
#9496 = VERTEX_POINT('',#9497);
#9497 = CARTESIAN_POINT('',(70.721,62.5614,2.5));
#9498 = LINE('',#9499,#9500);
#9499 = CARTESIAN_POINT('',(70.8985,62.4775,2.5));
#9500 = VECTOR('',#9501,1.);
#9501 = DIRECTION('',(-0.904090156838,0.427341769908,0.));
#9502 = ORIENTED_EDGE('',*,*,#9481,.T.);
#9503 = ORIENTED_EDGE('',*,*,#1844,.F.);
#9504 = ORIENTED_EDGE('',*,*,#9505,.F.);
#9505 = EDGE_CURVE('',#9496,#1837,#9506,.T.);
#9506 = LINE('',#9507,#9508);
#9507 = CARTESIAN_POINT('',(70.721,62.5614,2.5));
#9508 = VECTOR('',#9509,1.);
#9509 = DIRECTION('',(0.,0.,1.));
#9510 = PLANE('',#9511);
#9511 = AXIS2_PLACEMENT_3D('',#9512,#9513,#9514);
#9512 = CARTESIAN_POINT('',(70.8985,62.4775,2.5));
#9513 = DIRECTION('',(-0.427341769908,-0.904090156838,0.));
#9514 = DIRECTION('',(-0.904090156838,0.427341769908,0.));
#9515 = ADVANCED_FACE('',(#9516),#9534,.T.);
#9516 = FACE_BOUND('',#9517,.T.);
#9517 = EDGE_LOOP('',(#9518,#9526,#9527,#9528));
#9518 = ORIENTED_EDGE('',*,*,#9519,.F.);
#9519 = EDGE_CURVE('',#9496,#9520,#9522,.T.);
#9520 = VERTEX_POINT('',#9521);
#9521 = CARTESIAN_POINT('',(70.1101,62.8145,2.5));
#9522 = LINE('',#9523,#9524);
#9523 = CARTESIAN_POINT('',(70.721,62.5614,2.5));
#9524 = VECTOR('',#9525,1.);
#9525 = DIRECTION('',(-0.923849088281,0.382756922972,0.));
#9526 = ORIENTED_EDGE('',*,*,#9505,.T.);
#9527 = ORIENTED_EDGE('',*,*,#1836,.F.);
#9528 = ORIENTED_EDGE('',*,*,#9529,.F.);
#9529 = EDGE_CURVE('',#9520,#1829,#9530,.T.);
#9530 = LINE('',#9531,#9532);
#9531 = CARTESIAN_POINT('',(70.1101,62.8145,2.5));
#9532 = VECTOR('',#9533,1.);
#9533 = DIRECTION('',(0.,0.,1.));
#9534 = PLANE('',#9535);
#9535 = AXIS2_PLACEMENT_3D('',#9536,#9537,#9538);
#9536 = CARTESIAN_POINT('',(70.721,62.5614,2.5));
#9537 = DIRECTION('',(-0.382756922972,-0.923849088281,0.));
#9538 = DIRECTION('',(-0.923849088281,0.382756922972,0.));
#9539 = ADVANCED_FACE('',(#9540),#9558,.T.);
#9540 = FACE_BOUND('',#9541,.T.);
#9541 = EDGE_LOOP('',(#9542,#9550,#9551,#9552));
#9542 = ORIENTED_EDGE('',*,*,#9543,.F.);
#9543 = EDGE_CURVE('',#9520,#9544,#9546,.T.);
#9544 = VERTEX_POINT('',#9545);
#9545 = CARTESIAN_POINT('',(69.9253,62.8806,2.5));
#9546 = LINE('',#9547,#9548);
#9547 = CARTESIAN_POINT('',(70.1101,62.8145,2.5));
#9548 = VECTOR('',#9549,1.);
#9549 = DIRECTION('',(-0.941580418907,0.336788234252,0.));
#9550 = ORIENTED_EDGE('',*,*,#9529,.T.);
#9551 = ORIENTED_EDGE('',*,*,#1828,.F.);
#9552 = ORIENTED_EDGE('',*,*,#9553,.F.);
#9553 = EDGE_CURVE('',#9544,#1821,#9554,.T.);
#9554 = LINE('',#9555,#9556);
#9555 = CARTESIAN_POINT('',(69.9253,62.8806,2.5));
#9556 = VECTOR('',#9557,1.);
#9557 = DIRECTION('',(0.,0.,1.));
#9558 = PLANE('',#9559);
#9559 = AXIS2_PLACEMENT_3D('',#9560,#9561,#9562);
#9560 = CARTESIAN_POINT('',(70.1101,62.8145,2.5));
#9561 = DIRECTION('',(-0.336788234252,-0.941580418907,0.));
#9562 = DIRECTION('',(-0.941580418907,0.336788234252,0.));
#9563 = ADVANCED_FACE('',(#9564),#9582,.T.);
#9564 = FACE_BOUND('',#9565,.T.);
#9565 = EDGE_LOOP('',(#9566,#9574,#9575,#9576));
#9566 = ORIENTED_EDGE('',*,*,#9567,.F.);
#9567 = EDGE_CURVE('',#9544,#9568,#9570,.T.);
#9568 = VERTEX_POINT('',#9569);
#9569 = CARTESIAN_POINT('',(69.5926,62.9815,2.5));
#9570 = LINE('',#9571,#9572);
#9571 = CARTESIAN_POINT('',(69.9253,62.8806,2.5));
#9572 = VECTOR('',#9573,1.);
#9573 = DIRECTION('',(-0.956959063726,0.290222932161,0.));
#9574 = ORIENTED_EDGE('',*,*,#9553,.T.);
#9575 = ORIENTED_EDGE('',*,*,#1820,.F.);
#9576 = ORIENTED_EDGE('',*,*,#9577,.F.);
#9577 = EDGE_CURVE('',#9568,#1813,#9578,.T.);
#9578 = LINE('',#9579,#9580);
#9579 = CARTESIAN_POINT('',(69.5926,62.9815,2.5));
#9580 = VECTOR('',#9581,1.);
#9581 = DIRECTION('',(0.,0.,1.));
#9582 = PLANE('',#9583);
#9583 = AXIS2_PLACEMENT_3D('',#9584,#9585,#9586);
#9584 = CARTESIAN_POINT('',(69.9253,62.8806,2.5));
#9585 = DIRECTION('',(-0.290222932161,-0.956959063726,0.));
#9586 = DIRECTION('',(-0.956959063726,0.290222932161,0.));
#9587 = ADVANCED_FACE('',(#9588),#9606,.T.);
#9588 = FACE_BOUND('',#9589,.T.);
#9589 = EDGE_LOOP('',(#9590,#9598,#9599,#9600));
#9590 = ORIENTED_EDGE('',*,*,#9591,.F.);
#9591 = EDGE_CURVE('',#9568,#9592,#9594,.T.);
#9592 = VERTEX_POINT('',#9593);
#9593 = CARTESIAN_POINT('',(69.4022,63.0292,2.5));
#9594 = LINE('',#9595,#9596);
#9595 = CARTESIAN_POINT('',(69.5926,62.9815,2.5));
#9596 = VECTOR('',#9597,1.);
#9597 = DIRECTION('',(-0.970022507389,0.24301509245,0.));
#9598 = ORIENTED_EDGE('',*,*,#9577,.T.);
#9599 = ORIENTED_EDGE('',*,*,#1812,.F.);
#9600 = ORIENTED_EDGE('',*,*,#9601,.F.);
#9601 = EDGE_CURVE('',#9592,#1805,#9602,.T.);
#9602 = LINE('',#9603,#9604);
#9603 = CARTESIAN_POINT('',(69.4022,63.0292,2.5));
#9604 = VECTOR('',#9605,1.);
#9605 = DIRECTION('',(0.,0.,1.));
#9606 = PLANE('',#9607);
#9607 = AXIS2_PLACEMENT_3D('',#9608,#9609,#9610);
#9608 = CARTESIAN_POINT('',(69.5926,62.9815,2.5));
#9609 = DIRECTION('',(-0.24301509245,-0.970022507389,0.));
#9610 = DIRECTION('',(-0.970022507389,0.24301509245,0.));
#9611 = ADVANCED_FACE('',(#9612),#9630,.T.);
#9612 = FACE_BOUND('',#9613,.T.);
#9613 = EDGE_LOOP('',(#9614,#9622,#9623,#9624));
#9614 = ORIENTED_EDGE('',*,*,#9615,.F.);
#9615 = EDGE_CURVE('',#9592,#9616,#9618,.T.);
#9616 = VERTEX_POINT('',#9617);
#9617 = CARTESIAN_POINT('',(68.7385,63.1612,2.5));
#9618 = LINE('',#9619,#9620);
#9619 = CARTESIAN_POINT('',(69.4022,63.0292,2.5));
#9620 = VECTOR('',#9621,1.);
#9621 = DIRECTION('',(-0.980790408784,0.195064538134,0.));
#9622 = ORIENTED_EDGE('',*,*,#9601,.T.);
#9623 = ORIENTED_EDGE('',*,*,#1804,.F.);
#9624 = ORIENTED_EDGE('',*,*,#9625,.F.);
#9625 = EDGE_CURVE('',#9616,#1797,#9626,.T.);
#9626 = LINE('',#9627,#9628);
#9627 = CARTESIAN_POINT('',(68.7385,63.1612,2.5));
#9628 = VECTOR('',#9629,1.);
#9629 = DIRECTION('',(0.,0.,1.));
#9630 = PLANE('',#9631);
#9631 = AXIS2_PLACEMENT_3D('',#9632,#9633,#9634);
#9632 = CARTESIAN_POINT('',(69.4022,63.0292,2.5));
#9633 = DIRECTION('',(-0.195064538134,-0.980790408784,0.));
#9634 = DIRECTION('',(-0.980790408784,0.195064538134,0.));
#9635 = ADVANCED_FACE('',(#9636),#9654,.T.);
#9636 = FACE_BOUND('',#9637,.T.);
#9637 = EDGE_LOOP('',(#9638,#9646,#9647,#9648));
#9638 = ORIENTED_EDGE('',*,*,#9639,.F.);
#9639 = EDGE_CURVE('',#9616,#9640,#9642,.T.);
#9640 = VERTEX_POINT('',#9641);
#9641 = CARTESIAN_POINT('',(68.5931,63.1846,2.5));
#9642 = LINE('',#9643,#9644);
#9643 = CARTESIAN_POINT('',(68.7385,63.1612,2.5));
#9644 = VECTOR('',#9645,1.);
#9645 = DIRECTION('',(-0.987296154582,0.158890852938,0.));
#9646 = ORIENTED_EDGE('',*,*,#9625,.T.);
#9647 = ORIENTED_EDGE('',*,*,#1796,.F.);
#9648 = ORIENTED_EDGE('',*,*,#9649,.F.);
#9649 = EDGE_CURVE('',#9640,#1789,#9650,.T.);
#9650 = LINE('',#9651,#9652);
#9651 = CARTESIAN_POINT('',(68.5931,63.1846,2.5));
#9652 = VECTOR('',#9653,1.);
#9653 = DIRECTION('',(0.,0.,1.));
#9654 = PLANE('',#9655);
#9655 = AXIS2_PLACEMENT_3D('',#9656,#9657,#9658);
#9656 = CARTESIAN_POINT('',(68.7385,63.1612,2.5));
#9657 = DIRECTION('',(-0.158890852938,-0.987296154582,0.));
#9658 = DIRECTION('',(-0.987296154582,0.158890852938,0.));
#9659 = ADVANCED_FACE('',(#9660),#9678,.T.);
#9660 = FACE_BOUND('',#9661,.T.);
#9661 = EDGE_LOOP('',(#9662,#9670,#9671,#9672));
#9662 = ORIENTED_EDGE('',*,*,#9663,.F.);
#9663 = EDGE_CURVE('',#9640,#9664,#9666,.T.);
#9664 = VERTEX_POINT('',#9665);
#9665 = CARTESIAN_POINT('',(68.3341,63.2166,2.5));
#9666 = LINE('',#9667,#9668);
#9667 = CARTESIAN_POINT('',(68.5931,63.1846,2.5));
#9668 = VECTOR('',#9669,1.);
#9669 = DIRECTION('',(-0.992453723463,0.122619765061,0.));
#9670 = ORIENTED_EDGE('',*,*,#9649,.T.);
#9671 = ORIENTED_EDGE('',*,*,#1788,.F.);
#9672 = ORIENTED_EDGE('',*,*,#9673,.F.);
#9673 = EDGE_CURVE('',#9664,#1781,#9674,.T.);
#9674 = LINE('',#9675,#9676);
#9675 = CARTESIAN_POINT('',(68.3341,63.2166,2.5));
#9676 = VECTOR('',#9677,1.);
#9677 = DIRECTION('',(0.,0.,1.));
#9678 = PLANE('',#9679);
#9679 = AXIS2_PLACEMENT_3D('',#9680,#9681,#9682);
#9680 = CARTESIAN_POINT('',(68.5931,63.1846,2.5));
#9681 = DIRECTION('',(-0.122619765061,-0.992453723463,0.));
#9682 = DIRECTION('',(-0.992453723463,0.122619765061,0.));
#9683 = ADVANCED_FACE('',(#9684),#9702,.T.);
#9684 = FACE_BOUND('',#9685,.T.);
#9685 = EDGE_LOOP('',(#9686,#9694,#9695,#9696));
#9686 = ORIENTED_EDGE('',*,*,#9687,.F.);
#9687 = EDGE_CURVE('',#9664,#9688,#9690,.T.);
#9688 = VERTEX_POINT('',#9689);
#9689 = CARTESIAN_POINT('',(68.1874,63.2292,2.5));
#9690 = LINE('',#9691,#9692);
#9691 = CARTESIAN_POINT('',(68.3341,63.2166,2.5));
#9692 = VECTOR('',#9693,1.);
#9693 = DIRECTION('',(-0.996331773833,8.557450818197E-02,0.));
#9694 = ORIENTED_EDGE('',*,*,#9673,.T.);
#9695 = ORIENTED_EDGE('',*,*,#1780,.F.);
#9696 = ORIENTED_EDGE('',*,*,#9697,.F.);
#9697 = EDGE_CURVE('',#9688,#1773,#9698,.T.);
#9698 = LINE('',#9699,#9700);
#9699 = CARTESIAN_POINT('',(68.1874,63.2292,2.5));
#9700 = VECTOR('',#9701,1.);
#9701 = DIRECTION('',(0.,0.,1.));
#9702 = PLANE('',#9703);
#9703 = AXIS2_PLACEMENT_3D('',#9704,#9705,#9706);
#9704 = CARTESIAN_POINT('',(68.3341,63.2166,2.5));
#9705 = DIRECTION('',(-8.557450818197E-02,-0.996331773833,0.));
#9706 = DIRECTION('',(-0.996331773833,8.557450818197E-02,0.));
#9707 = ADVANCED_FACE('',(#9708),#9726,.T.);
#9708 = FACE_BOUND('',#9709,.T.);
#9709 = EDGE_LOOP('',(#9710,#9718,#9719,#9720));
#9710 = ORIENTED_EDGE('',*,*,#9711,.F.);
#9711 = EDGE_CURVE('',#9688,#9712,#9714,.T.);
#9712 = VERTEX_POINT('',#9713);
#9713 = CARTESIAN_POINT('',(67.8566,63.2455,2.5));
#9714 = LINE('',#9715,#9716);
#9715 = CARTESIAN_POINT('',(68.1874,63.2292,2.5));
#9716 = VECTOR('',#9717,1.);
#9717 = DIRECTION('',(-0.998788218695,4.921477619327E-02,0.));
#9718 = ORIENTED_EDGE('',*,*,#9697,.T.);
#9719 = ORIENTED_EDGE('',*,*,#1772,.F.);
#9720 = ORIENTED_EDGE('',*,*,#9721,.F.);
#9721 = EDGE_CURVE('',#9712,#1765,#9722,.T.);
#9722 = LINE('',#9723,#9724);
#9723 = CARTESIAN_POINT('',(67.8566,63.2455,2.5));
#9724 = VECTOR('',#9725,1.);
#9725 = DIRECTION('',(0.,0.,1.));
#9726 = PLANE('',#9727);
#9727 = AXIS2_PLACEMENT_3D('',#9728,#9729,#9730);
#9728 = CARTESIAN_POINT('',(68.1874,63.2292,2.5));
#9729 = DIRECTION('',(-4.921477619327E-02,-0.998788218695,0.));
#9730 = DIRECTION('',(-0.998788218695,4.921477619327E-02,0.));
#9731 = ADVANCED_FACE('',(#9732),#9750,.T.);
#9732 = FACE_BOUND('',#9733,.T.);
#9733 = EDGE_LOOP('',(#9734,#9742,#9743,#9744));
#9734 = ORIENTED_EDGE('',*,*,#9735,.F.);
#9735 = EDGE_CURVE('',#9712,#9736,#9738,.T.);
#9736 = VERTEX_POINT('',#9737);
#9737 = CARTESIAN_POINT('',(67.8076,63.2473,2.5));
#9738 = LINE('',#9739,#9740);
#9739 = CARTESIAN_POINT('',(67.8566,63.2455,2.5));
#9740 = VECTOR('',#9741,1.);
#9741 = DIRECTION('',(-0.999325963234,3.670993334335E-02,0.));
#9742 = ORIENTED_EDGE('',*,*,#9721,.T.);
#9743 = ORIENTED_EDGE('',*,*,#1764,.F.);
#9744 = ORIENTED_EDGE('',*,*,#9745,.F.);
#9745 = EDGE_CURVE('',#9736,#1757,#9746,.T.);
#9746 = LINE('',#9747,#9748);
#9747 = CARTESIAN_POINT('',(67.8076,63.2473,2.5));
#9748 = VECTOR('',#9749,1.);
#9749 = DIRECTION('',(0.,0.,1.));
#9750 = PLANE('',#9751);
#9751 = AXIS2_PLACEMENT_3D('',#9752,#9753,#9754);
#9752 = CARTESIAN_POINT('',(67.8566,63.2455,2.5));
#9753 = DIRECTION('',(-3.670993334335E-02,-0.999325963234,0.));
#9754 = DIRECTION('',(-0.999325963234,3.670993334335E-02,0.));
#9755 = ADVANCED_FACE('',(#9756),#9774,.T.);
#9756 = FACE_BOUND('',#9757,.T.);
#9757 = EDGE_LOOP('',(#9758,#9766,#9767,#9768));
#9758 = ORIENTED_EDGE('',*,*,#9759,.F.);
#9759 = EDGE_CURVE('',#9736,#9760,#9762,.T.);
#9760 = VERTEX_POINT('',#9761);
#9761 = CARTESIAN_POINT('',(67.7205,63.2494,2.5));
#9762 = LINE('',#9763,#9764);
#9763 = CARTESIAN_POINT('',(67.8076,63.2473,2.5));
#9764 = VECTOR('',#9765,1.);
#9765 = DIRECTION('',(-0.999709475347,2.410321352729E-02,0.));
#9766 = ORIENTED_EDGE('',*,*,#9745,.T.);
#9767 = ORIENTED_EDGE('',*,*,#1756,.F.);
#9768 = ORIENTED_EDGE('',*,*,#9769,.F.);
#9769 = EDGE_CURVE('',#9760,#1749,#9770,.T.);
#9770 = LINE('',#9771,#9772);
#9771 = CARTESIAN_POINT('',(67.7205,63.2494,2.5));
#9772 = VECTOR('',#9773,1.);
#9773 = DIRECTION('',(0.,0.,1.));
#9774 = PLANE('',#9775);
#9775 = AXIS2_PLACEMENT_3D('',#9776,#9777,#9778);
#9776 = CARTESIAN_POINT('',(67.8076,63.2473,2.5));
#9777 = DIRECTION('',(-2.410321352729E-02,-0.999709475347,0.));
#9778 = DIRECTION('',(-0.999709475347,2.410321352729E-02,0.));
#9779 = ADVANCED_FACE('',(#9780),#9798,.T.);
#9780 = FACE_BOUND('',#9781,.T.);
#9781 = EDGE_LOOP('',(#9782,#9790,#9791,#9792));
#9782 = ORIENTED_EDGE('',*,*,#9783,.F.);
#9783 = EDGE_CURVE('',#9760,#9784,#9786,.T.);
#9784 = VERTEX_POINT('',#9785);
#9785 = CARTESIAN_POINT('',(67.6714,63.25,2.5));
#9786 = LINE('',#9787,#9788);
#9787 = CARTESIAN_POINT('',(67.7205,63.2494,2.5));
#9788 = VECTOR('',#9789,1.);
#9789 = DIRECTION('',(-0.999925344659,1.221904698155E-02,0.));
#9790 = ORIENTED_EDGE('',*,*,#9769,.T.);
#9791 = ORIENTED_EDGE('',*,*,#1748,.F.);
#9792 = ORIENTED_EDGE('',*,*,#9793,.F.);
#9793 = EDGE_CURVE('',#9784,#1741,#9794,.T.);
#9794 = LINE('',#9795,#9796);
#9795 = CARTESIAN_POINT('',(67.6714,63.25,2.5));
#9796 = VECTOR('',#9797,1.);
#9797 = DIRECTION('',(0.,0.,1.));
#9798 = PLANE('',#9799);
#9799 = AXIS2_PLACEMENT_3D('',#9800,#9801,#9802);
#9800 = CARTESIAN_POINT('',(67.7205,63.2494,2.5));
#9801 = DIRECTION('',(-1.221904698155E-02,-0.999925344659,0.));
#9802 = DIRECTION('',(-0.999925344659,1.221904698155E-02,0.));
#9803 = ADVANCED_FACE('',(#9804),#9822,.T.);
#9804 = FACE_BOUND('',#9805,.T.);
#9805 = EDGE_LOOP('',(#9806,#9814,#9815,#9816));
#9806 = ORIENTED_EDGE('',*,*,#9807,.F.);
#9807 = EDGE_CURVE('',#9784,#9808,#9810,.T.);
#9808 = VERTEX_POINT('',#9809);
#9809 = CARTESIAN_POINT('',(58.433,63.25,2.5));
#9810 = LINE('',#9811,#9812);
#9811 = CARTESIAN_POINT('',(67.6714,63.25,2.5));
#9812 = VECTOR('',#9813,1.);
#9813 = DIRECTION('',(-1.,0.,0.));
#9814 = ORIENTED_EDGE('',*,*,#9793,.T.);
#9815 = ORIENTED_EDGE('',*,*,#1740,.F.);
#9816 = ORIENTED_EDGE('',*,*,#9817,.F.);
#9817 = EDGE_CURVE('',#9808,#1733,#9818,.T.);
#9818 = LINE('',#9819,#9820);
#9819 = CARTESIAN_POINT('',(58.433,63.25,2.5));
#9820 = VECTOR('',#9821,1.);
#9821 = DIRECTION('',(0.,0.,1.));
#9822 = PLANE('',#9823);
#9823 = AXIS2_PLACEMENT_3D('',#9824,#9825,#9826);
#9824 = CARTESIAN_POINT('',(67.6714,63.25,2.5));
#9825 = DIRECTION('',(0.,-1.,0.));
#9826 = DIRECTION('',(-1.,0.,0.));
#9827 = ADVANCED_FACE('',(#9828),#9846,.T.);
#9828 = FACE_BOUND('',#9829,.T.);
#9829 = EDGE_LOOP('',(#9830,#9838,#9839,#9840));
#9830 = ORIENTED_EDGE('',*,*,#9831,.F.);
#9831 = EDGE_CURVE('',#9808,#9832,#9834,.T.);
#9832 = VERTEX_POINT('',#9833);
#9833 = CARTESIAN_POINT('',(58.139,63.2644,2.5));
#9834 = LINE('',#9835,#9836);
#9835 = CARTESIAN_POINT('',(58.433,63.25,2.5));
#9836 = VECTOR('',#9837,1.);
#9837 = DIRECTION('',(-0.998802653687,4.892094630306E-02,0.));
#9838 = ORIENTED_EDGE('',*,*,#9817,.T.);
#9839 = ORIENTED_EDGE('',*,*,#1732,.F.);
#9840 = ORIENTED_EDGE('',*,*,#9841,.F.);
#9841 = EDGE_CURVE('',#9832,#1725,#9842,.T.);
#9842 = LINE('',#9843,#9844);
#9843 = CARTESIAN_POINT('',(58.139,63.2644,2.5));
#9844 = VECTOR('',#9845,1.);
#9845 = DIRECTION('',(0.,0.,1.));
#9846 = PLANE('',#9847);
#9847 = AXIS2_PLACEMENT_3D('',#9848,#9849,#9850);
#9848 = CARTESIAN_POINT('',(58.433,63.25,2.5));
#9849 = DIRECTION('',(-4.892094630306E-02,-0.998802653687,0.));
#9850 = DIRECTION('',(-0.998802653687,4.892094630306E-02,0.));
#9851 = ADVANCED_FACE('',(#9852),#9870,.T.);
#9852 = FACE_BOUND('',#9853,.T.);
#9853 = EDGE_LOOP('',(#9854,#9862,#9863,#9864));
#9854 = ORIENTED_EDGE('',*,*,#9855,.F.);
#9855 = EDGE_CURVE('',#9832,#9856,#9858,.T.);
#9856 = VERTEX_POINT('',#9857);
#9857 = CARTESIAN_POINT('',(57.2887,63.3482,2.5));
#9858 = LINE('',#9859,#9860);
#9859 = CARTESIAN_POINT('',(58.139,63.2644,2.5));
#9860 = VECTOR('',#9861,1.);
#9861 = DIRECTION('',(-0.995178701456,9.807829610965E-02,0.));
#9862 = ORIENTED_EDGE('',*,*,#9841,.T.);
#9863 = ORIENTED_EDGE('',*,*,#1724,.F.);
#9864 = ORIENTED_EDGE('',*,*,#9865,.F.);
#9865 = EDGE_CURVE('',#9856,#1717,#9866,.T.);
#9866 = LINE('',#9867,#9868);
#9867 = CARTESIAN_POINT('',(57.2887,63.3482,2.5));
#9868 = VECTOR('',#9869,1.);
#9869 = DIRECTION('',(0.,0.,1.));
#9870 = PLANE('',#9871);
#9871 = AXIS2_PLACEMENT_3D('',#9872,#9873,#9874);
#9872 = CARTESIAN_POINT('',(58.139,63.2644,2.5));
#9873 = DIRECTION('',(-9.807829610965E-02,-0.995178701456,0.));
#9874 = DIRECTION('',(-0.995178701456,9.807829610965E-02,0.));
#9875 = ADVANCED_FACE('',(#9876),#9894,.T.);
#9876 = FACE_BOUND('',#9877,.T.);
#9877 = EDGE_LOOP('',(#9878,#9886,#9887,#9888));
#9878 = ORIENTED_EDGE('',*,*,#9879,.F.);
#9879 = EDGE_CURVE('',#9856,#9880,#9882,.T.);
#9880 = VERTEX_POINT('',#9881);
#9881 = CARTESIAN_POINT('',(56.7124,63.4628,2.5));
#9882 = LINE('',#9883,#9884);
#9883 = CARTESIAN_POINT('',(57.2887,63.3482,2.5));
#9884 = VECTOR('',#9885,1.);
#9885 = DIRECTION('',(-0.980796089323,0.195035974035,0.));
#9886 = ORIENTED_EDGE('',*,*,#9865,.T.);
#9887 = ORIENTED_EDGE('',*,*,#1716,.F.);
#9888 = ORIENTED_EDGE('',*,*,#9889,.F.);
#9889 = EDGE_CURVE('',#9880,#1709,#9890,.T.);
#9890 = LINE('',#9891,#9892);
#9891 = CARTESIAN_POINT('',(56.7124,63.4628,2.5));
#9892 = VECTOR('',#9893,1.);
#9893 = DIRECTION('',(0.,0.,1.));
#9894 = PLANE('',#9895);
#9895 = AXIS2_PLACEMENT_3D('',#9896,#9897,#9898);
#9896 = CARTESIAN_POINT('',(57.2887,63.3482,2.5));
#9897 = DIRECTION('',(-0.195035974035,-0.980796089323,0.));
#9898 = DIRECTION('',(-0.980796089323,0.195035974035,0.));
#9899 = ADVANCED_FACE('',(#9900),#9918,.T.);
#9900 = FACE_BOUND('',#9901,.T.);
#9901 = EDGE_LOOP('',(#9902,#9910,#9911,#9912));
#9902 = ORIENTED_EDGE('',*,*,#9903,.F.);
#9903 = EDGE_CURVE('',#9880,#9904,#9906,.T.);
#9904 = VERTEX_POINT('',#9905);
#9905 = CARTESIAN_POINT('',(56.3741,63.5654,2.5));
#9906 = LINE('',#9907,#9908);
#9907 = CARTESIAN_POINT('',(56.7124,63.4628,2.5));
#9908 = VECTOR('',#9909,1.);
#9909 = DIRECTION('',(-0.956957764966,0.29022721456,0.));
#9910 = ORIENTED_EDGE('',*,*,#9889,.T.);
#9911 = ORIENTED_EDGE('',*,*,#1708,.F.);
#9912 = ORIENTED_EDGE('',*,*,#9913,.F.);
#9913 = EDGE_CURVE('',#9904,#1701,#9914,.T.);
#9914 = LINE('',#9915,#9916);
#9915 = CARTESIAN_POINT('',(56.3741,63.5654,2.5));
#9916 = VECTOR('',#9917,1.);
#9917 = DIRECTION('',(0.,0.,1.));
#9918 = PLANE('',#9919);
#9919 = AXIS2_PLACEMENT_3D('',#9920,#9921,#9922);
#9920 = CARTESIAN_POINT('',(56.7124,63.4628,2.5));
#9921 = DIRECTION('',(-0.29022721456,-0.956957764966,0.));
#9922 = DIRECTION('',(-0.956957764966,0.29022721456,0.));
#9923 = ADVANCED_FACE('',(#9924),#9942,.T.);
#9924 = FACE_BOUND('',#9925,.T.);
#9925 = EDGE_LOOP('',(#9926,#9934,#9935,#9936));
#9926 = ORIENTED_EDGE('',*,*,#9927,.F.);
#9927 = EDGE_CURVE('',#9904,#9928,#9930,.T.);
#9928 = VERTEX_POINT('',#9929);
#9929 = CARTESIAN_POINT('',(55.8312,63.7903,2.5));
#9930 = LINE('',#9931,#9932);
#9931 = CARTESIAN_POINT('',(56.3741,63.5654,2.5));
#9932 = VECTOR('',#9933,1.);
#9933 = DIRECTION('',(-0.923865418988,0.382717503648,0.));
#9934 = ORIENTED_EDGE('',*,*,#9913,.T.);
#9935 = ORIENTED_EDGE('',*,*,#1700,.F.);
#9936 = ORIENTED_EDGE('',*,*,#9937,.F.);
#9937 = EDGE_CURVE('',#9928,#1693,#9938,.T.);
#9938 = LINE('',#9939,#9940);
#9939 = CARTESIAN_POINT('',(55.8312,63.7903,2.5));
#9940 = VECTOR('',#9941,1.);
#9941 = DIRECTION('',(0.,0.,1.));
#9942 = PLANE('',#9943);
#9943 = AXIS2_PLACEMENT_3D('',#9944,#9945,#9946);
#9944 = CARTESIAN_POINT('',(56.3741,63.5654,2.5));
#9945 = DIRECTION('',(-0.382717503648,-0.923865418988,0.));
#9946 = DIRECTION('',(-0.923865418988,0.382717503648,0.));
#9947 = ADVANCED_FACE('',(#9948),#9966,.T.);
#9948 = FACE_BOUND('',#9949,.T.);
#9949 = EDGE_LOOP('',(#9950,#9958,#9959,#9960));
#9950 = ORIENTED_EDGE('',*,*,#9951,.F.);
#9951 = EDGE_CURVE('',#9928,#9952,#9954,.T.);
#9952 = VERTEX_POINT('',#9953);
#9953 = CARTESIAN_POINT('',(55.5194,63.957,2.5));
#9954 = LINE('',#9955,#9956);
#9955 = CARTESIAN_POINT('',(55.8312,63.7903,2.5));
#9956 = VECTOR('',#9957,1.);
#9957 = DIRECTION('',(-0.88187489939,0.471483469302,0.));
#9958 = ORIENTED_EDGE('',*,*,#9937,.T.);
#9959 = ORIENTED_EDGE('',*,*,#1692,.F.);
#9960 = ORIENTED_EDGE('',*,*,#9961,.F.);
#9961 = EDGE_CURVE('',#9952,#1685,#9962,.T.);
#9962 = LINE('',#9963,#9964);
#9963 = CARTESIAN_POINT('',(55.5194,63.957,2.5));
#9964 = VECTOR('',#9965,1.);
#9965 = DIRECTION('',(0.,0.,1.));
#9966 = PLANE('',#9967);
#9967 = AXIS2_PLACEMENT_3D('',#9968,#9969,#9970);
#9968 = CARTESIAN_POINT('',(55.8312,63.7903,2.5));
#9969 = DIRECTION('',(-0.471483469302,-0.88187489939,0.));
#9970 = DIRECTION('',(-0.88187489939,0.471483469302,0.));
#9971 = ADVANCED_FACE('',(#9972),#9990,.T.);
#9972 = FACE_BOUND('',#9973,.T.);
#9973 = EDGE_LOOP('',(#9974,#9982,#9983,#9984));
#9974 = ORIENTED_EDGE('',*,*,#9975,.F.);
#9975 = EDGE_CURVE('',#9952,#9976,#9978,.T.);
#9976 = VERTEX_POINT('',#9977);
#9977 = CARTESIAN_POINT('',(55.0309,64.2834,2.5));
#9978 = LINE('',#9979,#9980);
#9979 = CARTESIAN_POINT('',(55.5194,63.957,2.5));
#9980 = VECTOR('',#9981,1.);
#9981 = DIRECTION('',(-0.831473751672,0.555564037965,0.));
#9982 = ORIENTED_EDGE('',*,*,#9961,.T.);
#9983 = ORIENTED_EDGE('',*,*,#1684,.F.);
#9984 = ORIENTED_EDGE('',*,*,#9985,.F.);
#9985 = EDGE_CURVE('',#9976,#1677,#9986,.T.);
#9986 = LINE('',#9987,#9988);
#9987 = CARTESIAN_POINT('',(55.0309,64.2834,2.5));
#9988 = VECTOR('',#9989,1.);
#9989 = DIRECTION('',(0.,0.,1.));
#9990 = PLANE('',#9991);
#9991 = AXIS2_PLACEMENT_3D('',#9992,#9993,#9994);
#9992 = CARTESIAN_POINT('',(55.5194,63.957,2.5));
#9993 = DIRECTION('',(-0.555564037965,-0.831473751672,0.));
#9994 = DIRECTION('',(-0.831473751672,0.555564037965,0.));
#9995 = ADVANCED_FACE('',(#9996),#10014,.T.);
#9996 = FACE_BOUND('',#9997,.T.);
#9997 = EDGE_LOOP('',(#9998,#10006,#10007,#10008));
#9998 = ORIENTED_EDGE('',*,*,#9999,.F.);
#9999 = EDGE_CURVE('',#9976,#10000,#10002,.T.);
#10000 = VERTEX_POINT('',#10001);
#10001 = CARTESIAN_POINT('',(54.7576,64.5077,2.5));
#10002 = LINE('',#10003,#10004);
#10003 = CARTESIAN_POINT('',(55.0309,64.2834,2.5));
#10004 = VECTOR('',#10005,1.);
#10005 = DIRECTION('',(-0.772998682322,0.634407626947,0.));
#10006 = ORIENTED_EDGE('',*,*,#9985,.T.);
#10007 = ORIENTED_EDGE('',*,*,#1676,.F.);
#10008 = ORIENTED_EDGE('',*,*,#10009,.F.);
#10009 = EDGE_CURVE('',#10000,#1669,#10010,.T.);
#10010 = LINE('',#10011,#10012);
#10011 = CARTESIAN_POINT('',(54.7576,64.5077,2.5));
#10012 = VECTOR('',#10013,1.);
#10013 = DIRECTION('',(0.,0.,1.));
#10014 = PLANE('',#10015);
#10015 = AXIS2_PLACEMENT_3D('',#10016,#10017,#10018);
#10016 = CARTESIAN_POINT('',(55.0309,64.2834,2.5));
#10017 = DIRECTION('',(-0.634407626947,-0.772998682322,0.));
#10018 = DIRECTION('',(-0.772998682322,0.634407626947,0.));
#10019 = ADVANCED_FACE('',(#10020),#10038,.T.);
#10020 = FACE_BOUND('',#10021,.T.);
#10021 = EDGE_LOOP('',(#10022,#10030,#10031,#10032));
#10022 = ORIENTED_EDGE('',*,*,#10023,.F.);
#10023 = EDGE_CURVE('',#10000,#10024,#10026,.T.);
#10024 = VERTEX_POINT('',#10025);
#10025 = CARTESIAN_POINT('',(54.3421,64.9232,2.5));
#10026 = LINE('',#10027,#10028);
#10027 = CARTESIAN_POINT('',(54.7576,64.5077,2.5));
#10028 = VECTOR('',#10029,1.);
#10029 = DIRECTION('',(-0.707106781187,0.707106781187,0.));
#10030 = ORIENTED_EDGE('',*,*,#10009,.T.);
#10031 = ORIENTED_EDGE('',*,*,#1668,.F.);
#10032 = ORIENTED_EDGE('',*,*,#10033,.F.);
#10033 = EDGE_CURVE('',#10024,#1661,#10034,.T.);
#10034 = LINE('',#10035,#10036);
#10035 = CARTESIAN_POINT('',(54.3421,64.9232,2.5));
#10036 = VECTOR('',#10037,1.);
#10037 = DIRECTION('',(0.,0.,1.));
#10038 = PLANE('',#10039);
#10039 = AXIS2_PLACEMENT_3D('',#10040,#10041,#10042);
#10040 = CARTESIAN_POINT('',(54.7576,64.5077,2.5));
#10041 = DIRECTION('',(-0.707106781187,-0.707106781187,0.));
#10042 = DIRECTION('',(-0.707106781187,0.707106781187,0.));
#10043 = ADVANCED_FACE('',(#10044),#10062,.T.);
#10044 = FACE_BOUND('',#10045,.T.);
#10045 = EDGE_LOOP('',(#10046,#10054,#10055,#10056));
#10046 = ORIENTED_EDGE('',*,*,#10047,.F.);
#10047 = EDGE_CURVE('',#10024,#10048,#10050,.T.);
#10048 = VERTEX_POINT('',#10049);
#10049 = CARTESIAN_POINT('',(54.1178,65.1965,2.5));
#10050 = LINE('',#10051,#10052);
#10051 = CARTESIAN_POINT('',(54.3421,64.9232,2.5));
#10052 = VECTOR('',#10053,1.);
#10053 = DIRECTION('',(-0.634407626947,0.772998682322,0.));
#10054 = ORIENTED_EDGE('',*,*,#10033,.T.);
#10055 = ORIENTED_EDGE('',*,*,#1660,.F.);
#10056 = ORIENTED_EDGE('',*,*,#10057,.F.);
#10057 = EDGE_CURVE('',#10048,#1653,#10058,.T.);
#10058 = LINE('',#10059,#10060);
#10059 = CARTESIAN_POINT('',(54.1178,65.1965,2.5));
#10060 = VECTOR('',#10061,1.);
#10061 = DIRECTION('',(0.,0.,1.));
#10062 = PLANE('',#10063);
#10063 = AXIS2_PLACEMENT_3D('',#10064,#10065,#10066);
#10064 = CARTESIAN_POINT('',(54.3421,64.9232,2.5));
#10065 = DIRECTION('',(-0.772998682322,-0.634407626947,0.));
#10066 = DIRECTION('',(-0.634407626947,0.772998682322,0.));
#10067 = ADVANCED_FACE('',(#10068),#10086,.T.);
#10068 = FACE_BOUND('',#10069,.T.);
#10069 = EDGE_LOOP('',(#10070,#10078,#10079,#10080));
#10070 = ORIENTED_EDGE('',*,*,#10071,.F.);
#10071 = EDGE_CURVE('',#10048,#10072,#10074,.T.);
#10072 = VERTEX_POINT('',#10073);
#10073 = CARTESIAN_POINT('',(53.7913,65.6851,2.5));
#10074 = LINE('',#10075,#10076);
#10075 = CARTESIAN_POINT('',(54.1178,65.1965,2.5));
#10076 = VECTOR('',#10077,1.);
#10077 = DIRECTION('',(-0.5556030762,0.831447666253,0.));
#10078 = ORIENTED_EDGE('',*,*,#10057,.T.);
#10079 = ORIENTED_EDGE('',*,*,#1652,.F.);
#10080 = ORIENTED_EDGE('',*,*,#10081,.F.);
#10081 = EDGE_CURVE('',#10072,#1645,#10082,.T.);
#10082 = LINE('',#10083,#10084);
#10083 = CARTESIAN_POINT('',(53.7913,65.6851,2.5));
#10084 = VECTOR('',#10085,1.);
#10085 = DIRECTION('',(0.,0.,1.));
#10086 = PLANE('',#10087);
#10087 = AXIS2_PLACEMENT_3D('',#10088,#10089,#10090);
#10088 = CARTESIAN_POINT('',(54.1178,65.1965,2.5));
#10089 = DIRECTION('',(-0.831447666253,-0.5556030762,0.));
#10090 = DIRECTION('',(-0.5556030762,0.831447666253,0.));
#10091 = ADVANCED_FACE('',(#10092),#10110,.T.);
#10092 = FACE_BOUND('',#10093,.T.);
#10093 = EDGE_LOOP('',(#10094,#10102,#10103,#10104));
#10094 = ORIENTED_EDGE('',*,*,#10095,.F.);
#10095 = EDGE_CURVE('',#10072,#10096,#10098,.T.);
#10096 = VERTEX_POINT('',#10097);
#10097 = CARTESIAN_POINT('',(53.7067,65.8434,2.5));
#10098 = LINE('',#10099,#10100);
#10099 = CARTESIAN_POINT('',(53.7913,65.6851,2.5));
#10100 = VECTOR('',#10101,1.);
#10101 = DIRECTION('',(-0.471339913442,0.881951634726,0.));
#10102 = ORIENTED_EDGE('',*,*,#10081,.T.);
#10103 = ORIENTED_EDGE('',*,*,#1644,.F.);
#10104 = ORIENTED_EDGE('',*,*,#10105,.F.);
#10105 = EDGE_CURVE('',#10096,#1637,#10106,.T.);
#10106 = LINE('',#10107,#10108);
#10107 = CARTESIAN_POINT('',(53.7067,65.8434,2.5));
#10108 = VECTOR('',#10109,1.);
#10109 = DIRECTION('',(0.,0.,1.));
#10110 = PLANE('',#10111);
#10111 = AXIS2_PLACEMENT_3D('',#10112,#10113,#10114);
#10112 = CARTESIAN_POINT('',(53.7913,65.6851,2.5));
#10113 = DIRECTION('',(-0.881951634726,-0.471339913442,0.));
#10114 = DIRECTION('',(-0.471339913442,0.881951634726,0.));
#10115 = ADVANCED_FACE('',(#10116),#10134,.T.);
#10116 = FACE_BOUND('',#10117,.T.);
#10117 = EDGE_LOOP('',(#10118,#10126,#10127,#10128));
#10118 = ORIENTED_EDGE('',*,*,#10119,.F.);
#10119 = EDGE_CURVE('',#10096,#10120,#10122,.T.);
#10120 = VERTEX_POINT('',#10121);
#10121 = CARTESIAN_POINT('',(53.6583,65.9288,2.5));
#10122 = LINE('',#10123,#10124);
#10123 = CARTESIAN_POINT('',(53.7067,65.8434,2.5));
#10124 = VECTOR('',#10125,1.);
#10125 = DIRECTION('',(-0.493063978718,0.869993053358,0.));
#10126 = ORIENTED_EDGE('',*,*,#10105,.T.);
#10127 = ORIENTED_EDGE('',*,*,#1636,.F.);
#10128 = ORIENTED_EDGE('',*,*,#10129,.F.);
#10129 = EDGE_CURVE('',#10120,#1629,#10130,.T.);
#10130 = LINE('',#10131,#10132);
#10131 = CARTESIAN_POINT('',(53.6583,65.9288,2.5));
#10132 = VECTOR('',#10133,1.);
#10133 = DIRECTION('',(0.,0.,1.));
#10134 = PLANE('',#10135);
#10135 = AXIS2_PLACEMENT_3D('',#10136,#10137,#10138);
#10136 = CARTESIAN_POINT('',(53.7067,65.8434,2.5));
#10137 = DIRECTION('',(-0.869993053358,-0.493063978718,0.));
#10138 = DIRECTION('',(-0.493063978718,0.869993053358,0.));
#10139 = ADVANCED_FACE('',(#10140),#10158,.T.);
#10140 = FACE_BOUND('',#10141,.T.);
#10141 = EDGE_LOOP('',(#10142,#10150,#10151,#10152));
#10142 = ORIENTED_EDGE('',*,*,#10143,.F.);
#10143 = EDGE_CURVE('',#10120,#10144,#10146,.T.);
#10144 = VERTEX_POINT('',#10145);
#10145 = CARTESIAN_POINT('',(53.5688,66.0782,2.5));
#10146 = LINE('',#10147,#10148);
#10147 = CARTESIAN_POINT('',(53.6583,65.9288,2.5));
#10148 = VECTOR('',#10149,1.);
#10149 = DIRECTION('',(-0.513904550078,0.857847371861,0.));
#10150 = ORIENTED_EDGE('',*,*,#10129,.T.);
#10151 = ORIENTED_EDGE('',*,*,#1628,.F.);
#10152 = ORIENTED_EDGE('',*,*,#10153,.F.);
#10153 = EDGE_CURVE('',#10144,#1621,#10154,.T.);
#10154 = LINE('',#10155,#10156);
#10155 = CARTESIAN_POINT('',(53.5688,66.0782,2.5));
#10156 = VECTOR('',#10157,1.);
#10157 = DIRECTION('',(0.,0.,1.));
#10158 = PLANE('',#10159);
#10159 = AXIS2_PLACEMENT_3D('',#10160,#10161,#10162);
#10160 = CARTESIAN_POINT('',(53.6583,65.9288,2.5));
#10161 = DIRECTION('',(-0.857847371861,-0.513904550078,0.));
#10162 = DIRECTION('',(-0.513904550078,0.857847371861,0.));
#10163 = ADVANCED_FACE('',(#10164),#10182,.T.);
#10164 = FACE_BOUND('',#10165,.T.);
#10165 = EDGE_LOOP('',(#10166,#10174,#10175,#10176));
#10166 = ORIENTED_EDGE('',*,*,#10167,.F.);
#10167 = EDGE_CURVE('',#10144,#10168,#10170,.T.);
#10168 = VERTEX_POINT('',#10169);
#10169 = CARTESIAN_POINT('',(53.5163,66.1611,2.5));
#10170 = LINE('',#10171,#10172);
#10171 = CARTESIAN_POINT('',(53.5688,66.0782,2.5));
#10172 = VECTOR('',#10173,1.);
#10173 = DIRECTION('',(-0.535027835905,0.84483443041,0.));
#10174 = ORIENTED_EDGE('',*,*,#10153,.T.);
#10175 = ORIENTED_EDGE('',*,*,#1620,.F.);
#10176 = ORIENTED_EDGE('',*,*,#10177,.F.);
#10177 = EDGE_CURVE('',#10168,#1613,#10178,.T.);
#10178 = LINE('',#10179,#10180);
#10179 = CARTESIAN_POINT('',(53.5163,66.1611,2.5));
#10180 = VECTOR('',#10181,1.);
#10181 = DIRECTION('',(0.,0.,1.));
#10182 = PLANE('',#10183);
#10183 = AXIS2_PLACEMENT_3D('',#10184,#10185,#10186);
#10184 = CARTESIAN_POINT('',(53.5688,66.0782,2.5));
#10185 = DIRECTION('',(-0.84483443041,-0.535027835905,0.));
#10186 = DIRECTION('',(-0.535027835905,0.84483443041,0.));
#10187 = ADVANCED_FACE('',(#10188),#10206,.T.);
#10188 = FACE_BOUND('',#10189,.T.);
#10189 = EDGE_LOOP('',(#10190,#10198,#10199,#10200));
#10190 = ORIENTED_EDGE('',*,*,#10191,.F.);
#10191 = EDGE_CURVE('',#10168,#10192,#10194,.T.);
#10192 = VERTEX_POINT('',#10193);
#10193 = CARTESIAN_POINT('',(53.1318,66.7366,2.5));
#10194 = LINE('',#10195,#10196);
#10195 = CARTESIAN_POINT('',(53.5163,66.1611,2.5));
#10196 = VECTOR('',#10197,1.);
#10197 = DIRECTION('',(-0.555533468141,0.831494176633,0.));
#10198 = ORIENTED_EDGE('',*,*,#10177,.T.);
#10199 = ORIENTED_EDGE('',*,*,#1612,.F.);
#10200 = ORIENTED_EDGE('',*,*,#10201,.F.);
#10201 = EDGE_CURVE('',#10192,#1605,#10202,.T.);
#10202 = LINE('',#10203,#10204);
#10203 = CARTESIAN_POINT('',(53.1318,66.7366,2.5));
#10204 = VECTOR('',#10205,1.);
#10205 = DIRECTION('',(0.,0.,1.));
#10206 = PLANE('',#10207);
#10207 = AXIS2_PLACEMENT_3D('',#10208,#10209,#10210);
#10208 = CARTESIAN_POINT('',(53.5163,66.1611,2.5));
#10209 = DIRECTION('',(-0.831494176633,-0.555533468141,0.));
#10210 = DIRECTION('',(-0.555533468141,0.831494176633,0.));
#10211 = ADVANCED_FACE('',(#10212),#10230,.T.);
#10212 = FACE_BOUND('',#10213,.T.);
#10213 = EDGE_LOOP('',(#10214,#10222,#10223,#10224));
#10214 = ORIENTED_EDGE('',*,*,#10215,.F.);
#10215 = EDGE_CURVE('',#10192,#10216,#10218,.T.);
#10216 = VERTEX_POINT('',#10217);
#10217 = CARTESIAN_POINT('',(53.0149,66.8942,2.5));
#10218 = LINE('',#10219,#10220);
#10219 = CARTESIAN_POINT('',(53.1318,66.7366,2.5));
#10220 = VECTOR('',#10221,1.);
#10221 = DIRECTION('',(-0.595751493562,0.8031688228,0.));
#10222 = ORIENTED_EDGE('',*,*,#10201,.T.);
#10223 = ORIENTED_EDGE('',*,*,#1604,.F.);
#10224 = ORIENTED_EDGE('',*,*,#10225,.F.);
#10225 = EDGE_CURVE('',#10216,#1597,#10226,.T.);
#10226 = LINE('',#10227,#10228);
#10227 = CARTESIAN_POINT('',(53.0149,66.8942,2.5));
#10228 = VECTOR('',#10229,1.);
#10229 = DIRECTION('',(0.,0.,1.));
#10230 = PLANE('',#10231);
#10231 = AXIS2_PLACEMENT_3D('',#10232,#10233,#10234);
#10232 = CARTESIAN_POINT('',(53.1318,66.7366,2.5));
#10233 = DIRECTION('',(-0.8031688228,-0.595751493562,0.));
#10234 = DIRECTION('',(-0.595751493562,0.8031688228,0.));
#10235 = ADVANCED_FACE('',(#10236),#10254,.T.);
#10236 = FACE_BOUND('',#10237,.T.);
#10237 = EDGE_LOOP('',(#10238,#10246,#10247,#10248));
#10238 = ORIENTED_EDGE('',*,*,#10239,.F.);
#10239 = EDGE_CURVE('',#10216,#10240,#10242,.T.);
#10240 = VERTEX_POINT('',#10241);
#10241 = CARTESIAN_POINT('',(52.7943,67.163,2.5));
#10242 = LINE('',#10243,#10244);
#10243 = CARTESIAN_POINT('',(53.0149,66.8942,2.5));
#10244 = VECTOR('',#10245,1.);
#10245 = DIRECTION('',(-0.634395932266,0.773008280114,0.));
#10246 = ORIENTED_EDGE('',*,*,#10225,.T.);
#10247 = ORIENTED_EDGE('',*,*,#1596,.F.);
#10248 = ORIENTED_EDGE('',*,*,#10249,.F.);
#10249 = EDGE_CURVE('',#10240,#1589,#10250,.T.);
#10250 = LINE('',#10251,#10252);
#10251 = CARTESIAN_POINT('',(52.7943,67.163,2.5));
#10252 = VECTOR('',#10253,1.);
#10253 = DIRECTION('',(0.,0.,1.));
#10254 = PLANE('',#10255);
#10255 = AXIS2_PLACEMENT_3D('',#10256,#10257,#10258);
#10256 = CARTESIAN_POINT('',(53.0149,66.8942,2.5));
#10257 = DIRECTION('',(-0.773008280114,-0.634395932266,0.));
#10258 = DIRECTION('',(-0.634395932266,0.773008280114,0.));
#10259 = ADVANCED_FACE('',(#10260),#10278,.T.);
#10260 = FACE_BOUND('',#10261,.T.);
#10261 = EDGE_LOOP('',(#10262,#10270,#10271,#10272));
#10262 = ORIENTED_EDGE('',*,*,#10263,.F.);
#10263 = EDGE_CURVE('',#10240,#10264,#10266,.T.);
#10264 = VERTEX_POINT('',#10265);
#10265 = CARTESIAN_POINT('',(52.6625,67.3084,2.5));
#10266 = LINE('',#10267,#10268);
#10267 = CARTESIAN_POINT('',(52.7943,67.163,2.5));
#10268 = VECTOR('',#10269,1.);
#10269 = DIRECTION('',(-0.671606852152,0.740907710948,0.));
#10270 = ORIENTED_EDGE('',*,*,#10249,.T.);
#10271 = ORIENTED_EDGE('',*,*,#1588,.F.);
#10272 = ORIENTED_EDGE('',*,*,#10273,.F.);
#10273 = EDGE_CURVE('',#10264,#1581,#10274,.T.);
#10274 = LINE('',#10275,#10276);
#10275 = CARTESIAN_POINT('',(52.6625,67.3084,2.5));
#10276 = VECTOR('',#10277,1.);
#10277 = DIRECTION('',(0.,0.,1.));
#10278 = PLANE('',#10279);
#10279 = AXIS2_PLACEMENT_3D('',#10280,#10281,#10282);
#10280 = CARTESIAN_POINT('',(52.7943,67.163,2.5));
#10281 = DIRECTION('',(-0.740907710948,-0.671606852152,0.));
#10282 = DIRECTION('',(-0.671606852152,0.740907710948,0.));
#10283 = ADVANCED_FACE('',(#10284),#10302,.T.);
#10284 = FACE_BOUND('',#10285,.T.);
#10285 = EDGE_LOOP('',(#10286,#10294,#10295,#10296));
#10286 = ORIENTED_EDGE('',*,*,#10287,.F.);
#10287 = EDGE_CURVE('',#10264,#10288,#10290,.T.);
#10288 = VERTEX_POINT('',#10289);
#10289 = CARTESIAN_POINT('',(52.1949,67.776,2.5));
#10290 = LINE('',#10291,#10292);
#10291 = CARTESIAN_POINT('',(52.6625,67.3084,2.5));
#10292 = VECTOR('',#10293,1.);
#10293 = DIRECTION('',(-0.707106781187,0.707106781187,0.));
#10294 = ORIENTED_EDGE('',*,*,#10273,.T.);
#10295 = ORIENTED_EDGE('',*,*,#1580,.F.);
#10296 = ORIENTED_EDGE('',*,*,#10297,.F.);
#10297 = EDGE_CURVE('',#10288,#1573,#10298,.T.);
#10298 = LINE('',#10299,#10300);
#10299 = CARTESIAN_POINT('',(52.1949,67.776,2.5));
#10300 = VECTOR('',#10301,1.);
#10301 = DIRECTION('',(0.,0.,1.));
#10302 = PLANE('',#10303);
#10303 = AXIS2_PLACEMENT_3D('',#10304,#10305,#10306);
#10304 = CARTESIAN_POINT('',(52.6625,67.3084,2.5));
#10305 = DIRECTION('',(-0.707106781187,-0.707106781187,0.));
#10306 = DIRECTION('',(-0.707106781187,0.707106781187,0.));
#10307 = ADVANCED_FACE('',(#10308),#10326,.T.);
#10308 = FACE_BOUND('',#10309,.T.);
#10309 = EDGE_LOOP('',(#10310,#10318,#10319,#10320));
#10310 = ORIENTED_EDGE('',*,*,#10311,.F.);
#10311 = EDGE_CURVE('',#10288,#10312,#10314,.T.);
#10312 = VERTEX_POINT('',#10313);
#10313 = CARTESIAN_POINT('',(52.0494,67.9078,2.5));
#10314 = LINE('',#10315,#10316);
#10315 = CARTESIAN_POINT('',(52.1949,67.776,2.5));
#10316 = VECTOR('',#10317,1.);
#10317 = DIRECTION('',(-0.74113742313,0.671353349612,0.));
#10318 = ORIENTED_EDGE('',*,*,#10297,.T.);
#10319 = ORIENTED_EDGE('',*,*,#1572,.F.);
#10320 = ORIENTED_EDGE('',*,*,#10321,.F.);
#10321 = EDGE_CURVE('',#10312,#1565,#10322,.T.);
#10322 = LINE('',#10323,#10324);
#10323 = CARTESIAN_POINT('',(52.0494,67.9078,2.5));
#10324 = VECTOR('',#10325,1.);
#10325 = DIRECTION('',(0.,0.,1.));
#10326 = PLANE('',#10327);
#10327 = AXIS2_PLACEMENT_3D('',#10328,#10329,#10330);
#10328 = CARTESIAN_POINT('',(52.1949,67.776,2.5));
#10329 = DIRECTION('',(-0.671353349612,-0.74113742313,0.));
#10330 = DIRECTION('',(-0.74113742313,0.671353349612,0.));
#10331 = ADVANCED_FACE('',(#10332),#10350,.T.);
#10332 = FACE_BOUND('',#10333,.T.);
#10333 = EDGE_LOOP('',(#10334,#10342,#10343,#10344));
#10334 = ORIENTED_EDGE('',*,*,#10335,.F.);
#10335 = EDGE_CURVE('',#10312,#10336,#10338,.T.);
#10336 = VERTEX_POINT('',#10337);
#10337 = CARTESIAN_POINT('',(51.7807,68.1284,2.5));
#10338 = LINE('',#10339,#10340);
#10339 = CARTESIAN_POINT('',(52.0494,67.9078,2.5));
#10340 = VECTOR('',#10341,1.);
#10341 = DIRECTION('',(-0.772892503595,0.634536979133,0.));
#10342 = ORIENTED_EDGE('',*,*,#10321,.T.);
#10343 = ORIENTED_EDGE('',*,*,#1564,.F.);
#10344 = ORIENTED_EDGE('',*,*,#10345,.F.);
#10345 = EDGE_CURVE('',#10336,#1557,#10346,.T.);
#10346 = LINE('',#10347,#10348);
#10347 = CARTESIAN_POINT('',(51.7807,68.1284,2.5));
#10348 = VECTOR('',#10349,1.);
#10349 = DIRECTION('',(0.,0.,1.));
#10350 = PLANE('',#10351);
#10351 = AXIS2_PLACEMENT_3D('',#10352,#10353,#10354);
#10352 = CARTESIAN_POINT('',(52.0494,67.9078,2.5));
#10353 = DIRECTION('',(-0.634536979133,-0.772892503595,0.));
#10354 = DIRECTION('',(-0.772892503595,0.634536979133,0.));
#10355 = ADVANCED_FACE('',(#10356),#10374,.T.);
#10356 = FACE_BOUND('',#10357,.T.);
#10357 = EDGE_LOOP('',(#10358,#10366,#10367,#10368));
#10358 = ORIENTED_EDGE('',*,*,#10359,.F.);
#10359 = EDGE_CURVE('',#10336,#10360,#10362,.T.);
#10360 = VERTEX_POINT('',#10361);
#10361 = CARTESIAN_POINT('',(51.6231,68.2453,2.5));
#10362 = LINE('',#10363,#10364);
#10363 = CARTESIAN_POINT('',(51.7807,68.1284,2.5));
#10364 = VECTOR('',#10365,1.);
#10365 = DIRECTION('',(-0.8031688228,0.595751493562,0.));
#10366 = ORIENTED_EDGE('',*,*,#10345,.T.);
#10367 = ORIENTED_EDGE('',*,*,#1556,.F.);
#10368 = ORIENTED_EDGE('',*,*,#10369,.F.);
#10369 = EDGE_CURVE('',#10360,#1549,#10370,.T.);
#10370 = LINE('',#10371,#10372);
#10371 = CARTESIAN_POINT('',(51.6231,68.2453,2.5));
#10372 = VECTOR('',#10373,1.);
#10373 = DIRECTION('',(0.,0.,1.));
#10374 = PLANE('',#10375);
#10375 = AXIS2_PLACEMENT_3D('',#10376,#10377,#10378);
#10376 = CARTESIAN_POINT('',(51.7807,68.1284,2.5));
#10377 = DIRECTION('',(-0.595751493562,-0.8031688228,0.));
#10378 = DIRECTION('',(-0.8031688228,0.595751493562,0.));
#10379 = ADVANCED_FACE('',(#10380),#10398,.T.);
#10380 = FACE_BOUND('',#10381,.T.);
#10381 = EDGE_LOOP('',(#10382,#10390,#10391,#10392));
#10382 = ORIENTED_EDGE('',*,*,#10383,.F.);
#10383 = EDGE_CURVE('',#10360,#10384,#10386,.T.);
#10384 = VERTEX_POINT('',#10385);
#10385 = CARTESIAN_POINT('',(51.0732,68.6127,2.5));
#10386 = LINE('',#10387,#10388);
#10387 = CARTESIAN_POINT('',(51.6231,68.2453,2.5));
#10388 = VECTOR('',#10389,1.);
#10389 = DIRECTION('',(-0.831491567248,0.555537373717,0.));
#10390 = ORIENTED_EDGE('',*,*,#10369,.T.);
#10391 = ORIENTED_EDGE('',*,*,#1548,.F.);
#10392 = ORIENTED_EDGE('',*,*,#10393,.F.);
#10393 = EDGE_CURVE('',#10384,#1541,#10394,.T.);
#10394 = LINE('',#10395,#10396);
#10395 = CARTESIAN_POINT('',(51.0732,68.6127,2.5));
#10396 = VECTOR('',#10397,1.);
#10397 = DIRECTION('',(0.,0.,1.));
#10398 = PLANE('',#10399);
#10399 = AXIS2_PLACEMENT_3D('',#10400,#10401,#10402);
#10400 = CARTESIAN_POINT('',(51.6231,68.2453,2.5));
#10401 = DIRECTION('',(-0.555537373717,-0.831491567248,0.));
#10402 = DIRECTION('',(-0.831491567248,0.555537373717,0.));
#10403 = ADVANCED_FACE('',(#10404),#10422,.T.);
#10404 = FACE_BOUND('',#10405,.T.);
#10405 = EDGE_LOOP('',(#10406,#10414,#10415,#10416));
#10406 = ORIENTED_EDGE('',*,*,#10407,.F.);
#10407 = EDGE_CURVE('',#10384,#10408,#10410,.T.);
#10408 = VERTEX_POINT('',#10409);
#10409 = CARTESIAN_POINT('',(50.9048,68.7136,2.5));
#10410 = LINE('',#10411,#10412);
#10411 = CARTESIAN_POINT('',(51.0732,68.6127,2.5));
#10412 = VECTOR('',#10413,1.);
#10413 = DIRECTION('',(-0.857807386648,0.513971290456,0.));
#10414 = ORIENTED_EDGE('',*,*,#10393,.T.);
#10415 = ORIENTED_EDGE('',*,*,#1540,.F.);
#10416 = ORIENTED_EDGE('',*,*,#10417,.F.);
#10417 = EDGE_CURVE('',#10408,#1533,#10418,.T.);
#10418 = LINE('',#10419,#10420);
#10419 = CARTESIAN_POINT('',(50.9048,68.7136,2.5));
#10420 = VECTOR('',#10421,1.);
#10421 = DIRECTION('',(0.,0.,1.));
#10422 = PLANE('',#10423);
#10423 = AXIS2_PLACEMENT_3D('',#10424,#10425,#10426);
#10424 = CARTESIAN_POINT('',(51.0732,68.6127,2.5));
#10425 = DIRECTION('',(-0.513971290456,-0.857807386648,0.));
#10426 = DIRECTION('',(-0.857807386648,0.513971290456,0.));
#10427 = ADVANCED_FACE('',(#10428),#10446,.T.);
#10428 = FACE_BOUND('',#10429,.T.);
#10429 = EDGE_LOOP('',(#10430,#10438,#10439,#10440));
#10430 = ORIENTED_EDGE('',*,*,#10431,.F.);
#10431 = EDGE_CURVE('',#10408,#10432,#10434,.T.);
#10432 = VERTEX_POINT('',#10433);
#10433 = CARTESIAN_POINT('',(50.5982,68.8775,2.5));
#10434 = LINE('',#10435,#10436);
#10435 = CARTESIAN_POINT('',(50.9048,68.7136,2.5));
#10436 = VECTOR('',#10437,1.);
#10437 = DIRECTION('',(-0.881898679568,0.471438987544,0.));
#10438 = ORIENTED_EDGE('',*,*,#10417,.T.);
#10439 = ORIENTED_EDGE('',*,*,#1532,.F.);
#10440 = ORIENTED_EDGE('',*,*,#10441,.F.);
#10441 = EDGE_CURVE('',#10432,#1525,#10442,.T.);
#10442 = LINE('',#10443,#10444);
#10443 = CARTESIAN_POINT('',(50.5982,68.8775,2.5));
#10444 = VECTOR('',#10445,1.);
#10445 = DIRECTION('',(0.,0.,1.));
#10446 = PLANE('',#10447);
#10447 = AXIS2_PLACEMENT_3D('',#10448,#10449,#10450);
#10448 = CARTESIAN_POINT('',(50.9048,68.7136,2.5));
#10449 = DIRECTION('',(-0.471438987544,-0.881898679568,0.));
#10450 = DIRECTION('',(-0.881898679568,0.471438987544,0.));
#10451 = ADVANCED_FACE('',(#10452),#10470,.T.);
#10452 = FACE_BOUND('',#10453,.T.);
#10453 = EDGE_LOOP('',(#10454,#10462,#10463,#10464));
#10454 = ORIENTED_EDGE('',*,*,#10455,.F.);
#10455 = EDGE_CURVE('',#10432,#10456,#10458,.T.);
#10456 = VERTEX_POINT('',#10457);
#10457 = CARTESIAN_POINT('',(50.4208,68.9614,2.5));
#10458 = LINE('',#10459,#10460);
#10459 = CARTESIAN_POINT('',(50.5982,68.8775,2.5));
#10460 = VECTOR('',#10461,1.);
#10461 = DIRECTION('',(-0.903997075176,0.427538639274,0.));
#10462 = ORIENTED_EDGE('',*,*,#10441,.T.);
#10463 = ORIENTED_EDGE('',*,*,#1524,.F.);
#10464 = ORIENTED_EDGE('',*,*,#10465,.F.);
#10465 = EDGE_CURVE('',#10456,#1517,#10466,.T.);
#10466 = LINE('',#10467,#10468);
#10467 = CARTESIAN_POINT('',(50.4208,68.9614,2.5));
#10468 = VECTOR('',#10469,1.);
#10469 = DIRECTION('',(0.,0.,1.));
#10470 = PLANE('',#10471);
#10471 = AXIS2_PLACEMENT_3D('',#10472,#10473,#10474);
#10472 = CARTESIAN_POINT('',(50.5982,68.8775,2.5));
#10473 = DIRECTION('',(-0.427538639274,-0.903997075176,0.));
#10474 = DIRECTION('',(-0.903997075176,0.427538639274,0.));
#10475 = ADVANCED_FACE('',(#10476),#10494,.T.);
#10476 = FACE_BOUND('',#10477,.T.);
#10477 = EDGE_LOOP('',(#10478,#10486,#10487,#10488));
#10478 = ORIENTED_EDGE('',*,*,#10479,.F.);
#10479 = EDGE_CURVE('',#10456,#10480,#10482,.T.);
#10480 = VERTEX_POINT('',#10481);
#10481 = CARTESIAN_POINT('',(49.8098,69.2145,2.5));
#10482 = LINE('',#10483,#10484);
#10483 = CARTESIAN_POINT('',(50.4208,68.9614,2.5));
#10484 = VECTOR('',#10485,1.);
#10485 = DIRECTION('',(-0.923871238907,0.382703454284,0.));
#10486 = ORIENTED_EDGE('',*,*,#10465,.T.);
#10487 = ORIENTED_EDGE('',*,*,#1516,.F.);
#10488 = ORIENTED_EDGE('',*,*,#10489,.F.);
#10489 = EDGE_CURVE('',#10480,#1509,#10490,.T.);
#10490 = LINE('',#10491,#10492);
#10491 = CARTESIAN_POINT('',(49.8098,69.2145,2.5));
#10492 = VECTOR('',#10493,1.);
#10493 = DIRECTION('',(0.,0.,1.));
#10494 = PLANE('',#10495);
#10495 = AXIS2_PLACEMENT_3D('',#10496,#10497,#10498);
#10496 = CARTESIAN_POINT('',(50.4208,68.9614,2.5));
#10497 = DIRECTION('',(-0.382703454284,-0.923871238907,0.));
#10498 = DIRECTION('',(-0.923871238907,0.382703454284,0.));
#10499 = ADVANCED_FACE('',(#10500),#10518,.T.);
#10500 = FACE_BOUND('',#10501,.T.);
#10501 = EDGE_LOOP('',(#10502,#10510,#10511,#10512));
#10502 = ORIENTED_EDGE('',*,*,#10503,.F.);
#10503 = EDGE_CURVE('',#10480,#10504,#10506,.T.);
#10504 = VERTEX_POINT('',#10505);
#10505 = CARTESIAN_POINT('',(49.625,69.2806,2.5));
#10506 = LINE('',#10507,#10508);
#10507 = CARTESIAN_POINT('',(49.8098,69.2145,2.5));
#10508 = VECTOR('',#10509,1.);
#10509 = DIRECTION('',(-0.941580418907,0.336788234252,0.));
#10510 = ORIENTED_EDGE('',*,*,#10489,.T.);
#10511 = ORIENTED_EDGE('',*,*,#1508,.F.);
#10512 = ORIENTED_EDGE('',*,*,#10513,.F.);
#10513 = EDGE_CURVE('',#10504,#1501,#10514,.T.);
#10514 = LINE('',#10515,#10516);
#10515 = CARTESIAN_POINT('',(49.625,69.2806,2.5));
#10516 = VECTOR('',#10517,1.);
#10517 = DIRECTION('',(0.,0.,1.));
#10518 = PLANE('',#10519);
#10519 = AXIS2_PLACEMENT_3D('',#10520,#10521,#10522);
#10520 = CARTESIAN_POINT('',(49.8098,69.2145,2.5));
#10521 = DIRECTION('',(-0.336788234252,-0.941580418907,0.));
#10522 = DIRECTION('',(-0.941580418907,0.336788234252,0.));
#10523 = ADVANCED_FACE('',(#10524),#10542,.T.);
#10524 = FACE_BOUND('',#10525,.T.);
#10525 = EDGE_LOOP('',(#10526,#10534,#10535,#10536));
#10526 = ORIENTED_EDGE('',*,*,#10527,.F.);
#10527 = EDGE_CURVE('',#10504,#10528,#10530,.T.);
#10528 = VERTEX_POINT('',#10529);
#10529 = CARTESIAN_POINT('',(49.2923,69.3815,2.5));
#10530 = LINE('',#10531,#10532);
#10531 = CARTESIAN_POINT('',(49.625,69.2806,2.5));
#10532 = VECTOR('',#10533,1.);
#10533 = DIRECTION('',(-0.956959063726,0.290222932161,0.));
#10534 = ORIENTED_EDGE('',*,*,#10513,.T.);
#10535 = ORIENTED_EDGE('',*,*,#1500,.F.);
#10536 = ORIENTED_EDGE('',*,*,#10537,.F.);
#10537 = EDGE_CURVE('',#10528,#1493,#10538,.T.);
#10538 = LINE('',#10539,#10540);
#10539 = CARTESIAN_POINT('',(49.2923,69.3815,2.5));
#10540 = VECTOR('',#10541,1.);
#10541 = DIRECTION('',(0.,0.,1.));
#10542 = PLANE('',#10543);
#10543 = AXIS2_PLACEMENT_3D('',#10544,#10545,#10546);
#10544 = CARTESIAN_POINT('',(49.625,69.2806,2.5));
#10545 = DIRECTION('',(-0.290222932161,-0.956959063726,0.));
#10546 = DIRECTION('',(-0.956959063726,0.290222932161,0.));
#10547 = ADVANCED_FACE('',(#10548),#10566,.T.);
#10548 = FACE_BOUND('',#10549,.T.);
#10549 = EDGE_LOOP('',(#10550,#10558,#10559,#10560));
#10550 = ORIENTED_EDGE('',*,*,#10551,.F.);
#10551 = EDGE_CURVE('',#10528,#10552,#10554,.T.);
#10552 = VERTEX_POINT('',#10553);
#10553 = CARTESIAN_POINT('',(49.1019,69.4292,2.5));
#10554 = LINE('',#10555,#10556);
#10555 = CARTESIAN_POINT('',(49.2923,69.3815,2.5));
#10556 = VECTOR('',#10557,1.);
#10557 = DIRECTION('',(-0.970022507389,0.24301509245,0.));
#10558 = ORIENTED_EDGE('',*,*,#10537,.T.);
#10559 = ORIENTED_EDGE('',*,*,#1492,.F.);
#10560 = ORIENTED_EDGE('',*,*,#10561,.F.);
#10561 = EDGE_CURVE('',#10552,#1485,#10562,.T.);
#10562 = LINE('',#10563,#10564);
#10563 = CARTESIAN_POINT('',(49.1019,69.4292,2.5));
#10564 = VECTOR('',#10565,1.);
#10565 = DIRECTION('',(0.,0.,1.));
#10566 = PLANE('',#10567);
#10567 = AXIS2_PLACEMENT_3D('',#10568,#10569,#10570);
#10568 = CARTESIAN_POINT('',(49.2923,69.3815,2.5));
#10569 = DIRECTION('',(-0.24301509245,-0.970022507389,0.));
#10570 = DIRECTION('',(-0.970022507389,0.24301509245,0.));
#10571 = ADVANCED_FACE('',(#10572),#10590,.T.);
#10572 = FACE_BOUND('',#10573,.T.);
#10573 = EDGE_LOOP('',(#10574,#10582,#10583,#10584));
#10574 = ORIENTED_EDGE('',*,*,#10575,.F.);
#10575 = EDGE_CURVE('',#10552,#10576,#10578,.T.);
#10576 = VERTEX_POINT('',#10577);
#10577 = CARTESIAN_POINT('',(48.4383,69.5612,2.5));
#10578 = LINE('',#10579,#10580);
#10579 = CARTESIAN_POINT('',(49.1019,69.4292,2.5));
#10580 = VECTOR('',#10581,1.);
#10581 = DIRECTION('',(-0.980784784652,0.195092814307,0.));
#10582 = ORIENTED_EDGE('',*,*,#10561,.T.);
#10583 = ORIENTED_EDGE('',*,*,#1484,.F.);
#10584 = ORIENTED_EDGE('',*,*,#10585,.F.);
#10585 = EDGE_CURVE('',#10576,#1477,#10586,.T.);
#10586 = LINE('',#10587,#10588);
#10587 = CARTESIAN_POINT('',(48.4383,69.5612,2.5));
#10588 = VECTOR('',#10589,1.);
#10589 = DIRECTION('',(0.,0.,1.));
#10590 = PLANE('',#10591);
#10591 = AXIS2_PLACEMENT_3D('',#10592,#10593,#10594);
#10592 = CARTESIAN_POINT('',(49.1019,69.4292,2.5));
#10593 = DIRECTION('',(-0.195092814307,-0.980784784652,0.));
#10594 = DIRECTION('',(-0.980784784652,0.195092814307,0.));
#10595 = ADVANCED_FACE('',(#10596),#10614,.T.);
#10596 = FACE_BOUND('',#10597,.T.);
#10597 = EDGE_LOOP('',(#10598,#10606,#10607,#10608));
#10598 = ORIENTED_EDGE('',*,*,#10599,.F.);
#10599 = EDGE_CURVE('',#10576,#10600,#10602,.T.);
#10600 = VERTEX_POINT('',#10601);
#10601 = CARTESIAN_POINT('',(48.2929,69.5846,2.5));
#10602 = LINE('',#10603,#10604);
#10603 = CARTESIAN_POINT('',(48.4383,69.5612,2.5));
#10604 = VECTOR('',#10605,1.);
#10605 = DIRECTION('',(-0.987296154582,0.158890852938,0.));
#10606 = ORIENTED_EDGE('',*,*,#10585,.T.);
#10607 = ORIENTED_EDGE('',*,*,#1476,.F.);
#10608 = ORIENTED_EDGE('',*,*,#10609,.F.);
#10609 = EDGE_CURVE('',#10600,#1469,#10610,.T.);
#10610 = LINE('',#10611,#10612);
#10611 = CARTESIAN_POINT('',(48.2929,69.5846,2.5));
#10612 = VECTOR('',#10613,1.);
#10613 = DIRECTION('',(0.,0.,1.));
#10614 = PLANE('',#10615);
#10615 = AXIS2_PLACEMENT_3D('',#10616,#10617,#10618);
#10616 = CARTESIAN_POINT('',(48.4383,69.5612,2.5));
#10617 = DIRECTION('',(-0.158890852938,-0.987296154582,0.));
#10618 = DIRECTION('',(-0.987296154582,0.158890852938,0.));
#10619 = ADVANCED_FACE('',(#10620),#10638,.T.);
#10620 = FACE_BOUND('',#10621,.T.);
#10621 = EDGE_LOOP('',(#10622,#10630,#10631,#10632));
#10622 = ORIENTED_EDGE('',*,*,#10623,.F.);
#10623 = EDGE_CURVE('',#10600,#10624,#10626,.T.);
#10624 = VERTEX_POINT('',#10625);
#10625 = CARTESIAN_POINT('',(48.0338,69.6166,2.5));
#10626 = LINE('',#10627,#10628);
#10627 = CARTESIAN_POINT('',(48.2929,69.5846,2.5));
#10628 = VECTOR('',#10629,1.);
#10629 = DIRECTION('',(-0.992459481624,0.122573150953,0.));
#10630 = ORIENTED_EDGE('',*,*,#10609,.T.);
#10631 = ORIENTED_EDGE('',*,*,#1468,.F.);
#10632 = ORIENTED_EDGE('',*,*,#10633,.F.);
#10633 = EDGE_CURVE('',#10624,#1461,#10634,.T.);
#10634 = LINE('',#10635,#10636);
#10635 = CARTESIAN_POINT('',(48.0338,69.6166,2.5));
#10636 = VECTOR('',#10637,1.);
#10637 = DIRECTION('',(0.,0.,1.));
#10638 = PLANE('',#10639);
#10639 = AXIS2_PLACEMENT_3D('',#10640,#10641,#10642);
#10640 = CARTESIAN_POINT('',(48.2929,69.5846,2.5));
#10641 = DIRECTION('',(-0.122573150953,-0.992459481624,0.));
#10642 = DIRECTION('',(-0.992459481624,0.122573150953,0.));
#10643 = ADVANCED_FACE('',(#10644),#10662,.T.);
#10644 = FACE_BOUND('',#10645,.T.);
#10645 = EDGE_LOOP('',(#10646,#10654,#10655,#10656));
#10646 = ORIENTED_EDGE('',*,*,#10647,.F.);
#10647 = EDGE_CURVE('',#10624,#10648,#10650,.T.);
#10648 = VERTEX_POINT('',#10649);
#10649 = CARTESIAN_POINT('',(47.8871,69.6292,2.5));
#10650 = LINE('',#10651,#10652);
#10651 = CARTESIAN_POINT('',(48.0338,69.6166,2.5));
#10652 = VECTOR('',#10653,1.);
#10653 = DIRECTION('',(-0.996331773833,8.557450818193E-02,0.));
#10654 = ORIENTED_EDGE('',*,*,#10633,.T.);
#10655 = ORIENTED_EDGE('',*,*,#1460,.F.);
#10656 = ORIENTED_EDGE('',*,*,#10657,.F.);
#10657 = EDGE_CURVE('',#10648,#1453,#10658,.T.);
#10658 = LINE('',#10659,#10660);
#10659 = CARTESIAN_POINT('',(47.8871,69.6292,2.5));
#10660 = VECTOR('',#10661,1.);
#10661 = DIRECTION('',(0.,0.,1.));
#10662 = PLANE('',#10663);
#10663 = AXIS2_PLACEMENT_3D('',#10664,#10665,#10666);
#10664 = CARTESIAN_POINT('',(48.0338,69.6166,2.5));
#10665 = DIRECTION('',(-8.557450818193E-02,-0.996331773833,0.));
#10666 = DIRECTION('',(-0.996331773833,8.557450818193E-02,0.));
#10667 = ADVANCED_FACE('',(#10668),#10686,.T.);
#10668 = FACE_BOUND('',#10669,.T.);
#10669 = EDGE_LOOP('',(#10670,#10678,#10679,#10680));
#10670 = ORIENTED_EDGE('',*,*,#10671,.F.);
#10671 = EDGE_CURVE('',#10648,#10672,#10674,.T.);
#10672 = VERTEX_POINT('',#10673);
#10673 = CARTESIAN_POINT('',(47.5564,69.6455,2.5));
#10674 = LINE('',#10675,#10676);
#10675 = CARTESIAN_POINT('',(47.8871,69.6292,2.5));
#10676 = VECTOR('',#10677,1.);
#10677 = DIRECTION('',(-0.998787487059,4.922962213201E-02,0.));
#10678 = ORIENTED_EDGE('',*,*,#10657,.T.);
#10679 = ORIENTED_EDGE('',*,*,#1452,.F.);
#10680 = ORIENTED_EDGE('',*,*,#10681,.F.);
#10681 = EDGE_CURVE('',#10672,#1445,#10682,.T.);
#10682 = LINE('',#10683,#10684);
#10683 = CARTESIAN_POINT('',(47.5564,69.6455,2.5));
#10684 = VECTOR('',#10685,1.);
#10685 = DIRECTION('',(0.,0.,1.));
#10686 = PLANE('',#10687);
#10687 = AXIS2_PLACEMENT_3D('',#10688,#10689,#10690);
#10688 = CARTESIAN_POINT('',(47.8871,69.6292,2.5));
#10689 = DIRECTION('',(-4.922962213201E-02,-0.998787487059,0.));
#10690 = DIRECTION('',(-0.998787487059,4.922962213201E-02,0.));
#10691 = ADVANCED_FACE('',(#10692),#10710,.T.);
#10692 = FACE_BOUND('',#10693,.T.);
#10693 = EDGE_LOOP('',(#10694,#10702,#10703,#10704));
#10694 = ORIENTED_EDGE('',*,*,#10695,.F.);
#10695 = EDGE_CURVE('',#10672,#10696,#10698,.T.);
#10696 = VERTEX_POINT('',#10697);
#10697 = CARTESIAN_POINT('',(47.5073,69.6473,2.5));
#10698 = LINE('',#10699,#10700);
#10699 = CARTESIAN_POINT('',(47.5564,69.6455,2.5));
#10700 = VECTOR('',#10701,1.);
#10701 = DIRECTION('',(-0.999328703244,3.663526814344E-02,0.));
#10702 = ORIENTED_EDGE('',*,*,#10681,.T.);
#10703 = ORIENTED_EDGE('',*,*,#1444,.F.);
#10704 = ORIENTED_EDGE('',*,*,#10705,.F.);
#10705 = EDGE_CURVE('',#10696,#1437,#10706,.T.);
#10706 = LINE('',#10707,#10708);
#10707 = CARTESIAN_POINT('',(47.5073,69.6473,2.5));
#10708 = VECTOR('',#10709,1.);
#10709 = DIRECTION('',(0.,0.,1.));
#10710 = PLANE('',#10711);
#10711 = AXIS2_PLACEMENT_3D('',#10712,#10713,#10714);
#10712 = CARTESIAN_POINT('',(47.5564,69.6455,2.5));
#10713 = DIRECTION('',(-3.663526814344E-02,-0.999328703244,0.));
#10714 = DIRECTION('',(-0.999328703244,3.663526814344E-02,0.));
#10715 = ADVANCED_FACE('',(#10716),#10734,.T.);
#10716 = FACE_BOUND('',#10717,.T.);
#10717 = EDGE_LOOP('',(#10718,#10726,#10727,#10728));
#10718 = ORIENTED_EDGE('',*,*,#10719,.F.);
#10719 = EDGE_CURVE('',#10696,#10720,#10722,.T.);
#10720 = VERTEX_POINT('',#10721);
#10721 = CARTESIAN_POINT('',(47.4202,69.6494,2.5));
#10722 = LINE('',#10723,#10724);
#10723 = CARTESIAN_POINT('',(47.5073,69.6473,2.5));
#10724 = VECTOR('',#10725,1.);
#10725 = DIRECTION('',(-0.999709475347,2.410321352728E-02,0.));
#10726 = ORIENTED_EDGE('',*,*,#10705,.T.);
#10727 = ORIENTED_EDGE('',*,*,#1436,.F.);
#10728 = ORIENTED_EDGE('',*,*,#10729,.F.);
#10729 = EDGE_CURVE('',#10720,#1429,#10730,.T.);
#10730 = LINE('',#10731,#10732);
#10731 = CARTESIAN_POINT('',(47.4202,69.6494,2.5));
#10732 = VECTOR('',#10733,1.);
#10733 = DIRECTION('',(0.,0.,1.));
#10734 = PLANE('',#10735);
#10735 = AXIS2_PLACEMENT_3D('',#10736,#10737,#10738);
#10736 = CARTESIAN_POINT('',(47.5073,69.6473,2.5));
#10737 = DIRECTION('',(-2.410321352728E-02,-0.999709475347,0.));
#10738 = DIRECTION('',(-0.999709475347,2.410321352728E-02,0.));
#10739 = ADVANCED_FACE('',(#10740),#10758,.T.);
#10740 = FACE_BOUND('',#10741,.T.);
#10741 = EDGE_LOOP('',(#10742,#10750,#10751,#10752));
#10742 = ORIENTED_EDGE('',*,*,#10743,.F.);
#10743 = EDGE_CURVE('',#10720,#10744,#10746,.T.);
#10744 = VERTEX_POINT('',#10745);
#10745 = CARTESIAN_POINT('',(47.3712,69.65,2.5));
#10746 = LINE('',#10747,#10748);
#10747 = CARTESIAN_POINT('',(47.4202,69.6494,2.5));
#10748 = VECTOR('',#10749,1.);
#10749 = DIRECTION('',(-0.999925039666,1.224398007766E-02,0.));
#10750 = ORIENTED_EDGE('',*,*,#10729,.T.);
#10751 = ORIENTED_EDGE('',*,*,#1428,.F.);
#10752 = ORIENTED_EDGE('',*,*,#10753,.F.);
#10753 = EDGE_CURVE('',#10744,#1421,#10754,.T.);
#10754 = LINE('',#10755,#10756);
#10755 = CARTESIAN_POINT('',(47.3712,69.65,2.5));
#10756 = VECTOR('',#10757,1.);
#10757 = DIRECTION('',(0.,0.,1.));
#10758 = PLANE('',#10759);
#10759 = AXIS2_PLACEMENT_3D('',#10760,#10761,#10762);
#10760 = CARTESIAN_POINT('',(47.4202,69.6494,2.5));
#10761 = DIRECTION('',(-1.224398007766E-02,-0.999925039666,0.));
#10762 = DIRECTION('',(-0.999925039666,1.224398007766E-02,0.));
#10763 = ADVANCED_FACE('',(#10764),#10782,.T.);
#10764 = FACE_BOUND('',#10765,.T.);
#10765 = EDGE_LOOP('',(#10766,#10774,#10775,#10776));
#10766 = ORIENTED_EDGE('',*,*,#10767,.F.);
#10767 = EDGE_CURVE('',#10744,#10768,#10770,.T.);
#10768 = VERTEX_POINT('',#10769);
#10769 = CARTESIAN_POINT('',(28.9029,69.65,2.5));
#10770 = LINE('',#10771,#10772);
#10771 = CARTESIAN_POINT('',(47.3712,69.65,2.5));
#10772 = VECTOR('',#10773,1.);
#10773 = DIRECTION('',(-1.,0.,0.));
#10774 = ORIENTED_EDGE('',*,*,#10753,.T.);
#10775 = ORIENTED_EDGE('',*,*,#1420,.F.);
#10776 = ORIENTED_EDGE('',*,*,#10777,.F.);
#10777 = EDGE_CURVE('',#10768,#1413,#10778,.T.);
#10778 = LINE('',#10779,#10780);
#10779 = CARTESIAN_POINT('',(28.9029,69.65,2.5));
#10780 = VECTOR('',#10781,1.);
#10781 = DIRECTION('',(0.,0.,1.));
#10782 = PLANE('',#10783);
#10783 = AXIS2_PLACEMENT_3D('',#10784,#10785,#10786);
#10784 = CARTESIAN_POINT('',(47.3712,69.65,2.5));
#10785 = DIRECTION('',(0.,-1.,0.));
#10786 = DIRECTION('',(-1.,0.,0.));
#10787 = ADVANCED_FACE('',(#10788),#10806,.T.);
#10788 = FACE_BOUND('',#10789,.T.);
#10789 = EDGE_LOOP('',(#10790,#10798,#10799,#10800));
#10790 = ORIENTED_EDGE('',*,*,#10791,.F.);
#10791 = EDGE_CURVE('',#10768,#10792,#10794,.T.);
#10792 = VERTEX_POINT('',#10793);
#10793 = CARTESIAN_POINT('',(28.8047,69.6476,2.5));
#10794 = LINE('',#10795,#10796);
#10795 = CARTESIAN_POINT('',(28.9029,69.65,2.5));
#10796 = VECTOR('',#10797,1.);
#10797 = DIRECTION('',(-0.999701478917,-2.443262270273E-02,0.));
#10798 = ORIENTED_EDGE('',*,*,#10777,.T.);
#10799 = ORIENTED_EDGE('',*,*,#1412,.F.);
#10800 = ORIENTED_EDGE('',*,*,#10801,.F.);
#10801 = EDGE_CURVE('',#10792,#1405,#10802,.T.);
#10802 = LINE('',#10803,#10804);
#10803 = CARTESIAN_POINT('',(28.8047,69.6476,2.5));
#10804 = VECTOR('',#10805,1.);
#10805 = DIRECTION('',(0.,0.,1.));
#10806 = PLANE('',#10807);
#10807 = AXIS2_PLACEMENT_3D('',#10808,#10809,#10810);
#10808 = CARTESIAN_POINT('',(28.9029,69.65,2.5));
#10809 = DIRECTION('',(2.443262270273E-02,-0.999701478917,0.));
#10810 = DIRECTION('',(-0.999701478917,-2.443262270273E-02,0.));
#10811 = ADVANCED_FACE('',(#10812),#10830,.T.);
#10812 = FACE_BOUND('',#10813,.T.);
#10813 = EDGE_LOOP('',(#10814,#10822,#10823,#10824));
#10814 = ORIENTED_EDGE('',*,*,#10815,.F.);
#10815 = EDGE_CURVE('',#10792,#10816,#10818,.T.);
#10816 = VERTEX_POINT('',#10817);
#10817 = CARTESIAN_POINT('',(28.6308,69.639,2.5));
#10818 = LINE('',#10819,#10820);
#10819 = CARTESIAN_POINT('',(28.8047,69.6476,2.5));
#10820 = VECTOR('',#10821,1.);
#10821 = DIRECTION('',(-0.998779403757,-4.939334601674E-02,0.));
#10822 = ORIENTED_EDGE('',*,*,#10801,.T.);
#10823 = ORIENTED_EDGE('',*,*,#1404,.F.);
#10824 = ORIENTED_EDGE('',*,*,#10825,.F.);
#10825 = EDGE_CURVE('',#10816,#1397,#10826,.T.);
#10826 = LINE('',#10827,#10828);
#10827 = CARTESIAN_POINT('',(28.6308,69.639,2.5));
#10828 = VECTOR('',#10829,1.);
#10829 = DIRECTION('',(0.,0.,1.));
#10830 = PLANE('',#10831);
#10831 = AXIS2_PLACEMENT_3D('',#10832,#10833,#10834);
#10832 = CARTESIAN_POINT('',(28.8047,69.6476,2.5));
#10833 = DIRECTION('',(4.939334601674E-02,-0.998779403757,0.));
#10834 = DIRECTION('',(-0.998779403757,-4.939334601674E-02,0.));
#10835 = ADVANCED_FACE('',(#10836),#10854,.T.);
#10836 = FACE_BOUND('',#10837,.T.);
#10837 = EDGE_LOOP('',(#10838,#10846,#10847,#10848));
#10838 = ORIENTED_EDGE('',*,*,#10839,.F.);
#10839 = EDGE_CURVE('',#10816,#10840,#10842,.T.);
#10840 = VERTEX_POINT('',#10841);
#10841 = CARTESIAN_POINT('',(28.5329,69.6318,2.5));
#10842 = LINE('',#10843,#10844);
#10843 = CARTESIAN_POINT('',(28.6308,69.639,2.5));
#10844 = VECTOR('',#10845,1.);
#10845 = DIRECTION('',(-0.997306529568,-7.334634333898E-02,0.));
#10846 = ORIENTED_EDGE('',*,*,#10825,.T.);
#10847 = ORIENTED_EDGE('',*,*,#1396,.F.);
#10848 = ORIENTED_EDGE('',*,*,#10849,.F.);
#10849 = EDGE_CURVE('',#10840,#1389,#10850,.T.);
#10850 = LINE('',#10851,#10852);
#10851 = CARTESIAN_POINT('',(28.5329,69.6318,2.5));
#10852 = VECTOR('',#10853,1.);
#10853 = DIRECTION('',(0.,0.,1.));
#10854 = PLANE('',#10855);
#10855 = AXIS2_PLACEMENT_3D('',#10856,#10857,#10858);
#10856 = CARTESIAN_POINT('',(28.6308,69.639,2.5));
#10857 = DIRECTION('',(7.334634333898E-02,-0.997306529568,0.));
#10858 = DIRECTION('',(-0.997306529568,-7.334634333898E-02,0.));
#10859 = ADVANCED_FACE('',(#10860),#10878,.T.);
#10860 = FACE_BOUND('',#10861,.T.);
#10861 = EDGE_LOOP('',(#10862,#10870,#10871,#10872));
#10862 = ORIENTED_EDGE('',*,*,#10863,.F.);
#10863 = EDGE_CURVE('',#10840,#10864,#10866,.T.);
#10864 = VERTEX_POINT('',#10865);
#10865 = CARTESIAN_POINT('',(27.8442,69.564,2.5));
#10866 = LINE('',#10867,#10868);
#10867 = CARTESIAN_POINT('',(28.5329,69.6318,2.5));
#10868 = VECTOR('',#10869,1.);
#10869 = DIRECTION('',(-0.995189099451,-9.797273260171E-02,0.));
#10870 = ORIENTED_EDGE('',*,*,#10849,.T.);
#10871 = ORIENTED_EDGE('',*,*,#1388,.F.);
#10872 = ORIENTED_EDGE('',*,*,#10873,.F.);
#10873 = EDGE_CURVE('',#10864,#1381,#10874,.T.);
#10874 = LINE('',#10875,#10876);
#10875 = CARTESIAN_POINT('',(27.8442,69.564,2.5));
#10876 = VECTOR('',#10877,1.);
#10877 = DIRECTION('',(0.,0.,1.));
#10878 = PLANE('',#10879);
#10879 = AXIS2_PLACEMENT_3D('',#10880,#10881,#10882);
#10880 = CARTESIAN_POINT('',(28.5329,69.6318,2.5));
#10881 = DIRECTION('',(9.797273260171E-02,-0.995189099451,0.));
#10882 = DIRECTION('',(-0.995189099451,-9.797273260171E-02,0.));
#10883 = ADVANCED_FACE('',(#10884),#10902,.T.);
#10884 = FACE_BOUND('',#10885,.T.);
#10885 = EDGE_LOOP('',(#10886,#10894,#10895,#10896));
#10886 = ORIENTED_EDGE('',*,*,#10887,.F.);
#10887 = EDGE_CURVE('',#10864,#10888,#10890,.T.);
#10888 = VERTEX_POINT('',#10889);
#10889 = CARTESIAN_POINT('',(27.65,69.5352,2.5));
#10890 = LINE('',#10891,#10892);
#10891 = CARTESIAN_POINT('',(27.8442,69.564,2.5));
#10892 = VECTOR('',#10893,1.);
#10893 = DIRECTION('',(-0.989181572681,-0.146696340336,0.));
#10894 = ORIENTED_EDGE('',*,*,#10873,.T.);
#10895 = ORIENTED_EDGE('',*,*,#1380,.F.);
#10896 = ORIENTED_EDGE('',*,*,#10897,.F.);
#10897 = EDGE_CURVE('',#10888,#1373,#10898,.T.);
#10898 = LINE('',#10899,#10900);
#10899 = CARTESIAN_POINT('',(27.65,69.5352,2.5));
#10900 = VECTOR('',#10901,1.);
#10901 = DIRECTION('',(0.,0.,1.));
#10902 = PLANE('',#10903);
#10903 = AXIS2_PLACEMENT_3D('',#10904,#10905,#10906);
#10904 = CARTESIAN_POINT('',(27.8442,69.564,2.5));
#10905 = DIRECTION('',(0.146696340336,-0.989181572681,0.));
#10906 = DIRECTION('',(-0.989181572681,-0.146696340336,0.));
#10907 = ADVANCED_FACE('',(#10908),#10926,.T.);
#10908 = FACE_BOUND('',#10909,.T.);
#10909 = EDGE_LOOP('',(#10910,#10918,#10919,#10920));
#10910 = ORIENTED_EDGE('',*,*,#10911,.F.);
#10911 = EDGE_CURVE('',#10888,#10912,#10914,.T.);
#10912 = VERTEX_POINT('',#10913);
#10913 = CARTESIAN_POINT('',(27.3091,69.4674,2.5));
#10914 = LINE('',#10915,#10916);
#10915 = CARTESIAN_POINT('',(27.65,69.5352,2.5));
#10916 = VECTOR('',#10917,1.);
#10917 = DIRECTION('',(-0.980790359024,-0.19506478833,0.));
#10918 = ORIENTED_EDGE('',*,*,#10897,.T.);
#10919 = ORIENTED_EDGE('',*,*,#1372,.F.);
#10920 = ORIENTED_EDGE('',*,*,#10921,.F.);
#10921 = EDGE_CURVE('',#10912,#1365,#10922,.T.);
#10922 = LINE('',#10923,#10924);
#10923 = CARTESIAN_POINT('',(27.3091,69.4674,2.5));
#10924 = VECTOR('',#10925,1.);
#10925 = DIRECTION('',(0.,0.,1.));
#10926 = PLANE('',#10927);
#10927 = AXIS2_PLACEMENT_3D('',#10928,#10929,#10930);
#10928 = CARTESIAN_POINT('',(27.65,69.5352,2.5));
#10929 = DIRECTION('',(0.19506478833,-0.980790359024,0.));
#10930 = DIRECTION('',(-0.980790359024,-0.19506478833,0.));
#10931 = ADVANCED_FACE('',(#10932),#10950,.T.);
#10932 = FACE_BOUND('',#10933,.T.);
#10933 = EDGE_LOOP('',(#10934,#10942,#10943,#10944));
#10934 = ORIENTED_EDGE('',*,*,#10935,.F.);
#10935 = EDGE_CURVE('',#10912,#10936,#10938,.T.);
#10936 = VERTEX_POINT('',#10937);
#10937 = CARTESIAN_POINT('',(27.1187,69.4197,2.5));
#10938 = LINE('',#10939,#10940);
#10939 = CARTESIAN_POINT('',(27.3091,69.4674,2.5));
#10940 = VECTOR('',#10941,1.);
#10941 = DIRECTION('',(-0.970022507389,-0.24301509245,0.));
#10942 = ORIENTED_EDGE('',*,*,#10921,.T.);
#10943 = ORIENTED_EDGE('',*,*,#1364,.F.);
#10944 = ORIENTED_EDGE('',*,*,#10945,.F.);
#10945 = EDGE_CURVE('',#10936,#1357,#10946,.T.);
#10946 = LINE('',#10947,#10948);
#10947 = CARTESIAN_POINT('',(27.1187,69.4197,2.5));
#10948 = VECTOR('',#10949,1.);
#10949 = DIRECTION('',(0.,0.,1.));
#10950 = PLANE('',#10951);
#10951 = AXIS2_PLACEMENT_3D('',#10952,#10953,#10954);
#10952 = CARTESIAN_POINT('',(27.3091,69.4674,2.5));
#10953 = DIRECTION('',(0.24301509245,-0.970022507389,0.));
#10954 = DIRECTION('',(-0.970022507389,-0.24301509245,0.));
#10955 = ADVANCED_FACE('',(#10956),#10974,.T.);
#10956 = FACE_BOUND('',#10957,.T.);
#10957 = EDGE_LOOP('',(#10958,#10966,#10967,#10968));
#10958 = ORIENTED_EDGE('',*,*,#10959,.F.);
#10959 = EDGE_CURVE('',#10936,#10960,#10962,.T.);
#10960 = VERTEX_POINT('',#10961);
#10961 = CARTESIAN_POINT('',(26.4858,69.2277,2.5));
#10962 = LINE('',#10963,#10964);
#10963 = CARTESIAN_POINT('',(27.1187,69.4197,2.5));
#10964 = VECTOR('',#10965,1.);
#10965 = DIRECTION('',(-0.956935344251,-0.290301131452,0.));
#10966 = ORIENTED_EDGE('',*,*,#10945,.T.);
#10967 = ORIENTED_EDGE('',*,*,#1356,.F.);
#10968 = ORIENTED_EDGE('',*,*,#10969,.F.);
#10969 = EDGE_CURVE('',#10960,#1349,#10970,.T.);
#10970 = LINE('',#10971,#10972);
#10971 = CARTESIAN_POINT('',(26.4858,69.2277,2.5));
#10972 = VECTOR('',#10973,1.);
#10973 = DIRECTION('',(0.,0.,1.));
#10974 = PLANE('',#10975);
#10975 = AXIS2_PLACEMENT_3D('',#10976,#10977,#10978);
#10976 = CARTESIAN_POINT('',(27.1187,69.4197,2.5));
#10977 = DIRECTION('',(0.290301131452,-0.956935344251,0.));
#10978 = DIRECTION('',(-0.956935344251,-0.290301131452,0.));
#10979 = ADVANCED_FACE('',(#10980),#10998,.T.);
#10980 = FACE_BOUND('',#10981,.T.);
#10981 = EDGE_LOOP('',(#10982,#10990,#10991,#10992));
#10982 = ORIENTED_EDGE('',*,*,#10983,.F.);
#10983 = EDGE_CURVE('',#10960,#10984,#10986,.T.);
#10984 = VERTEX_POINT('',#10985);
#10985 = CARTESIAN_POINT('',(26.301,69.1616,2.5));
#10986 = LINE('',#10987,#10988);
#10987 = CARTESIAN_POINT('',(26.4858,69.2277,2.5));
#10988 = VECTOR('',#10989,1.);
#10989 = DIRECTION('',(-0.941580418907,-0.336788234252,0.));
#10990 = ORIENTED_EDGE('',*,*,#10969,.T.);
#10991 = ORIENTED_EDGE('',*,*,#1348,.F.);
#10992 = ORIENTED_EDGE('',*,*,#10993,.F.);
#10993 = EDGE_CURVE('',#10984,#1341,#10994,.T.);
#10994 = LINE('',#10995,#10996);
#10995 = CARTESIAN_POINT('',(26.301,69.1616,2.5));
#10996 = VECTOR('',#10997,1.);
#10997 = DIRECTION('',(0.,0.,1.));
#10998 = PLANE('',#10999);
#10999 = AXIS2_PLACEMENT_3D('',#11000,#11001,#11002);
#11000 = CARTESIAN_POINT('',(26.4858,69.2277,2.5));
#11001 = DIRECTION('',(0.336788234252,-0.941580418907,0.));
#11002 = DIRECTION('',(-0.941580418907,-0.336788234252,0.));
#11003 = ADVANCED_FACE('',(#11004),#11022,.T.);
#11004 = FACE_BOUND('',#11005,.T.);
#11005 = EDGE_LOOP('',(#11006,#11014,#11015,#11016));
#11006 = ORIENTED_EDGE('',*,*,#11007,.F.);
#11007 = EDGE_CURVE('',#10984,#11008,#11010,.T.);
#11008 = VERTEX_POINT('',#11009);
#11009 = CARTESIAN_POINT('',(25.9798,69.0285,2.5));
#11010 = LINE('',#11011,#11012);
#11011 = CARTESIAN_POINT('',(26.301,69.1616,2.5));
#11012 = VECTOR('',#11013,1.);
#11013 = DIRECTION('',(-0.923823997436,-0.38281747839,0.));
#11014 = ORIENTED_EDGE('',*,*,#10993,.T.);
#11015 = ORIENTED_EDGE('',*,*,#1340,.F.);
#11016 = ORIENTED_EDGE('',*,*,#11017,.F.);
#11017 = EDGE_CURVE('',#11008,#1333,#11018,.T.);
#11018 = LINE('',#11019,#11020);
#11019 = CARTESIAN_POINT('',(25.9798,69.0285,2.5));
#11020 = VECTOR('',#11021,1.);
#11021 = DIRECTION('',(0.,0.,1.));
#11022 = PLANE('',#11023);
#11023 = AXIS2_PLACEMENT_3D('',#11024,#11025,#11026);
#11024 = CARTESIAN_POINT('',(26.301,69.1616,2.5));
#11025 = DIRECTION('',(0.38281747839,-0.923823997436,0.));
#11026 = DIRECTION('',(-0.923823997436,-0.38281747839,0.));
#11027 = ADVANCED_FACE('',(#11028),#11046,.T.);
#11028 = FACE_BOUND('',#11029,.T.);
#11029 = EDGE_LOOP('',(#11030,#11038,#11039,#11040));
#11030 = ORIENTED_EDGE('',*,*,#11031,.F.);
#11031 = EDGE_CURVE('',#11008,#11032,#11034,.T.);
#11032 = VERTEX_POINT('',#11033);
#11033 = CARTESIAN_POINT('',(25.8024,68.9446,2.5));
#11034 = LINE('',#11035,#11036);
#11035 = CARTESIAN_POINT('',(25.9798,69.0285,2.5));
#11036 = VECTOR('',#11037,1.);
#11037 = DIRECTION('',(-0.903997075176,-0.427538639274,0.));
#11038 = ORIENTED_EDGE('',*,*,#11017,.T.);
#11039 = ORIENTED_EDGE('',*,*,#1332,.F.);
#11040 = ORIENTED_EDGE('',*,*,#11041,.F.);
#11041 = EDGE_CURVE('',#11032,#1325,#11042,.T.);
#11042 = LINE('',#11043,#11044);
#11043 = CARTESIAN_POINT('',(25.8024,68.9446,2.5));
#11044 = VECTOR('',#11045,1.);
#11045 = DIRECTION('',(0.,0.,1.));
#11046 = PLANE('',#11047);
#11047 = AXIS2_PLACEMENT_3D('',#11048,#11049,#11050);
#11048 = CARTESIAN_POINT('',(25.9798,69.0285,2.5));
#11049 = DIRECTION('',(0.427538639274,-0.903997075176,0.));
#11050 = DIRECTION('',(-0.903997075176,-0.427538639274,0.));
#11051 = ADVANCED_FACE('',(#11052),#11070,.T.);
#11052 = FACE_BOUND('',#11053,.T.);
#11053 = EDGE_LOOP('',(#11054,#11062,#11063,#11064));
#11054 = ORIENTED_EDGE('',*,*,#11055,.F.);
#11055 = EDGE_CURVE('',#11032,#11056,#11058,.T.);
#11056 = VERTEX_POINT('',#11057);
#11057 = CARTESIAN_POINT('',(25.2192,68.6329,2.5));
#11058 = LINE('',#11059,#11060);
#11059 = CARTESIAN_POINT('',(25.8024,68.9446,2.5));
#11060 = VECTOR('',#11061,1.);
#11061 = DIRECTION('',(-0.881938172094,-0.471365103295,0.));
#11062 = ORIENTED_EDGE('',*,*,#11041,.T.);
#11063 = ORIENTED_EDGE('',*,*,#1324,.F.);
#11064 = ORIENTED_EDGE('',*,*,#11065,.F.);
#11065 = EDGE_CURVE('',#11056,#1317,#11066,.T.);
#11066 = LINE('',#11067,#11068);
#11067 = CARTESIAN_POINT('',(25.2192,68.6329,2.5));
#11068 = VECTOR('',#11069,1.);
#11069 = DIRECTION('',(0.,0.,1.));
#11070 = PLANE('',#11071);
#11071 = AXIS2_PLACEMENT_3D('',#11072,#11073,#11074);
#11072 = CARTESIAN_POINT('',(25.8024,68.9446,2.5));
#11073 = DIRECTION('',(0.471365103295,-0.881938172094,0.));
#11074 = DIRECTION('',(-0.881938172094,-0.471365103295,0.));
#11075 = ADVANCED_FACE('',(#11076),#11094,.T.);
#11076 = FACE_BOUND('',#11077,.T.);
#11077 = EDGE_LOOP('',(#11078,#11086,#11087,#11088));
#11078 = ORIENTED_EDGE('',*,*,#11079,.F.);
#11079 = EDGE_CURVE('',#11056,#11080,#11082,.T.);
#11080 = VERTEX_POINT('',#11081);
#11081 = CARTESIAN_POINT('',(25.0508,68.532,2.5));
#11082 = LINE('',#11083,#11084);
#11083 = CARTESIAN_POINT('',(25.2192,68.6329,2.5));
#11084 = VECTOR('',#11085,1.);
#11085 = DIRECTION('',(-0.857807386648,-0.513971290456,0.));
#11086 = ORIENTED_EDGE('',*,*,#11065,.T.);
#11087 = ORIENTED_EDGE('',*,*,#1316,.F.);
#11088 = ORIENTED_EDGE('',*,*,#11089,.F.);
#11089 = EDGE_CURVE('',#11080,#1309,#11090,.T.);
#11090 = LINE('',#11091,#11092);
#11091 = CARTESIAN_POINT('',(25.0508,68.532,2.5));
#11092 = VECTOR('',#11093,1.);
#11093 = DIRECTION('',(0.,0.,1.));
#11094 = PLANE('',#11095);
#11095 = AXIS2_PLACEMENT_3D('',#11096,#11097,#11098);
#11096 = CARTESIAN_POINT('',(25.2192,68.6329,2.5));
#11097 = DIRECTION('',(0.513971290456,-0.857807386648,0.));
#11098 = DIRECTION('',(-0.857807386648,-0.513971290456,0.));
#11099 = ADVANCED_FACE('',(#11100),#11118,.T.);
#11100 = FACE_BOUND('',#11101,.T.);
#11101 = EDGE_LOOP('',(#11102,#11110,#11111,#11112));
#11102 = ORIENTED_EDGE('',*,*,#11103,.F.);
#11103 = EDGE_CURVE('',#11080,#11104,#11106,.T.);
#11104 = VERTEX_POINT('',#11105);
#11105 = CARTESIAN_POINT('',(24.7618,68.3388,2.5));
#11106 = LINE('',#11107,#11108);
#11107 = CARTESIAN_POINT('',(25.0508,68.532,2.5));
#11108 = VECTOR('',#11109,1.);
#11109 = DIRECTION('',(-0.831341526747,-0.55576187878,0.));
#11110 = ORIENTED_EDGE('',*,*,#11089,.T.);
#11111 = ORIENTED_EDGE('',*,*,#1308,.F.);
#11112 = ORIENTED_EDGE('',*,*,#11113,.F.);
#11113 = EDGE_CURVE('',#11104,#1301,#11114,.T.);
#11114 = LINE('',#11115,#11116);
#11115 = CARTESIAN_POINT('',(24.7618,68.3388,2.5));
#11116 = VECTOR('',#11117,1.);
#11117 = DIRECTION('',(0.,0.,1.));
#11118 = PLANE('',#11119);
#11119 = AXIS2_PLACEMENT_3D('',#11120,#11121,#11122);
#11120 = CARTESIAN_POINT('',(25.0508,68.532,2.5));
#11121 = DIRECTION('',(0.55576187878,-0.831341526747,0.));
#11122 = DIRECTION('',(-0.831341526747,-0.55576187878,0.));
#11123 = ADVANCED_FACE('',(#11124),#11142,.T.);
#11124 = FACE_BOUND('',#11125,.T.);
#11125 = EDGE_LOOP('',(#11126,#11134,#11135,#11136));
#11126 = ORIENTED_EDGE('',*,*,#11127,.F.);
#11127 = EDGE_CURVE('',#11104,#11128,#11130,.T.);
#11128 = VERTEX_POINT('',#11129);
#11129 = CARTESIAN_POINT('',(24.6041,68.2219,2.5));
#11130 = LINE('',#11131,#11132);
#11131 = CARTESIAN_POINT('',(24.7618,68.3388,2.5));
#11132 = VECTOR('',#11133,1.);
#11133 = DIRECTION('',(-0.803349587784,-0.595507715992,0.));
#11134 = ORIENTED_EDGE('',*,*,#11113,.T.);
#11135 = ORIENTED_EDGE('',*,*,#1300,.F.);
#11136 = ORIENTED_EDGE('',*,*,#11137,.F.);
#11137 = EDGE_CURVE('',#11128,#1293,#11138,.T.);
#11138 = LINE('',#11139,#11140);
#11139 = CARTESIAN_POINT('',(24.6041,68.2219,2.5));
#11140 = VECTOR('',#11141,1.);
#11141 = DIRECTION('',(0.,0.,1.));
#11142 = PLANE('',#11143);
#11143 = AXIS2_PLACEMENT_3D('',#11144,#11145,#11146);
#11144 = CARTESIAN_POINT('',(24.7618,68.3388,2.5));
#11145 = DIRECTION('',(0.595507715992,-0.803349587784,0.));
#11146 = DIRECTION('',(-0.803349587784,-0.595507715992,0.));
#11147 = ADVANCED_FACE('',(#11148),#11166,.T.);
#11148 = FACE_BOUND('',#11149,.T.);
#11149 = EDGE_LOOP('',(#11150,#11158,#11159,#11160));
#11150 = ORIENTED_EDGE('',*,*,#11151,.F.);
#11151 = EDGE_CURVE('',#11128,#11152,#11154,.T.);
#11152 = VERTEX_POINT('',#11153);
#11153 = CARTESIAN_POINT('',(24.0929,67.8024,2.5));
#11154 = LINE('',#11155,#11156);
#11155 = CARTESIAN_POINT('',(24.6041,68.2219,2.5));
#11156 = VECTOR('',#11157,1.);
#11157 = DIRECTION('',(-0.773033439906,-0.634365273945,0.));
#11158 = ORIENTED_EDGE('',*,*,#11137,.T.);
#11159 = ORIENTED_EDGE('',*,*,#1292,.F.);
#11160 = ORIENTED_EDGE('',*,*,#11161,.F.);
#11161 = EDGE_CURVE('',#11152,#1285,#11162,.T.);
#11162 = LINE('',#11163,#11164);
#11163 = CARTESIAN_POINT('',(24.0929,67.8024,2.5));
#11164 = VECTOR('',#11165,1.);
#11165 = DIRECTION('',(0.,0.,1.));
#11166 = PLANE('',#11167);
#11167 = AXIS2_PLACEMENT_3D('',#11168,#11169,#11170);
#11168 = CARTESIAN_POINT('',(24.6041,68.2219,2.5));
#11169 = DIRECTION('',(0.634365273945,-0.773033439906,0.));
#11170 = DIRECTION('',(-0.773033439906,-0.634365273945,0.));
#11171 = ADVANCED_FACE('',(#11172),#11190,.T.);
#11172 = FACE_BOUND('',#11173,.T.);
#11173 = EDGE_LOOP('',(#11174,#11182,#11183,#11184));
#11174 = ORIENTED_EDGE('',*,*,#11175,.F.);
#11175 = EDGE_CURVE('',#11152,#11176,#11178,.T.);
#11176 = VERTEX_POINT('',#11177);
#11177 = CARTESIAN_POINT('',(23.9475,67.6706,2.5));
#11178 = LINE('',#11179,#11180);
#11179 = CARTESIAN_POINT('',(24.0929,67.8024,2.5));
#11180 = VECTOR('',#11181,1.);
#11181 = DIRECTION('',(-0.740907710948,-0.671606852152,0.));
#11182 = ORIENTED_EDGE('',*,*,#11161,.T.);
#11183 = ORIENTED_EDGE('',*,*,#1284,.F.);
#11184 = ORIENTED_EDGE('',*,*,#11185,.F.);
#11185 = EDGE_CURVE('',#11176,#1277,#11186,.T.);
#11186 = LINE('',#11187,#11188);
#11187 = CARTESIAN_POINT('',(23.9475,67.6706,2.5));
#11188 = VECTOR('',#11189,1.);
#11189 = DIRECTION('',(0.,0.,1.));
#11190 = PLANE('',#11191);
#11191 = AXIS2_PLACEMENT_3D('',#11192,#11193,#11194);
#11192 = CARTESIAN_POINT('',(24.0929,67.8024,2.5));
#11193 = DIRECTION('',(0.671606852152,-0.740907710948,0.));
#11194 = DIRECTION('',(-0.740907710948,-0.671606852152,0.));
#11195 = ADVANCED_FACE('',(#11196),#11214,.T.);
#11196 = FACE_BOUND('',#11197,.T.);
#11197 = EDGE_LOOP('',(#11198,#11206,#11207,#11208));
#11198 = ORIENTED_EDGE('',*,*,#11199,.F.);
#11199 = EDGE_CURVE('',#11176,#11200,#11202,.T.);
#11200 = VERTEX_POINT('',#11201);
#11201 = CARTESIAN_POINT('',(23.7016,67.4247,2.5));
#11202 = LINE('',#11203,#11204);
#11203 = CARTESIAN_POINT('',(23.9475,67.6706,2.5));
#11204 = VECTOR('',#11205,1.);
#11205 = DIRECTION('',(-0.707106781187,-0.707106781187,0.));
#11206 = ORIENTED_EDGE('',*,*,#11185,.T.);
#11207 = ORIENTED_EDGE('',*,*,#1276,.F.);
#11208 = ORIENTED_EDGE('',*,*,#11209,.F.);
#11209 = EDGE_CURVE('',#11200,#1269,#11210,.T.);
#11210 = LINE('',#11211,#11212);
#11211 = CARTESIAN_POINT('',(23.7016,67.4247,2.5));
#11212 = VECTOR('',#11213,1.);
#11213 = DIRECTION('',(0.,0.,1.));
#11214 = PLANE('',#11215);
#11215 = AXIS2_PLACEMENT_3D('',#11216,#11217,#11218);
#11216 = CARTESIAN_POINT('',(23.9475,67.6706,2.5));
#11217 = DIRECTION('',(0.707106781187,-0.707106781187,0.));
#11218 = DIRECTION('',(-0.707106781187,-0.707106781187,0.));
#11219 = ADVANCED_FACE('',(#11220),#11238,.T.);
#11220 = FACE_BOUND('',#11221,.T.);
#11221 = EDGE_LOOP('',(#11222,#11230,#11231,#11232));
#11222 = ORIENTED_EDGE('',*,*,#11223,.F.);
#11223 = EDGE_CURVE('',#11200,#11224,#11226,.T.);
#11224 = VERTEX_POINT('',#11225);
#11225 = CARTESIAN_POINT('',(23.5698,67.2793,2.5));
#11226 = LINE('',#11227,#11228);
#11227 = CARTESIAN_POINT('',(23.7016,67.4247,2.5));
#11228 = VECTOR('',#11229,1.);
#11229 = DIRECTION('',(-0.671606852152,-0.740907710948,0.));
#11230 = ORIENTED_EDGE('',*,*,#11209,.T.);
#11231 = ORIENTED_EDGE('',*,*,#1268,.F.);
#11232 = ORIENTED_EDGE('',*,*,#11233,.F.);
#11233 = EDGE_CURVE('',#11224,#1261,#11234,.T.);
#11234 = LINE('',#11235,#11236);
#11235 = CARTESIAN_POINT('',(23.5698,67.2793,2.5));
#11236 = VECTOR('',#11237,1.);
#11237 = DIRECTION('',(0.,0.,1.));
#11238 = PLANE('',#11239);
#11239 = AXIS2_PLACEMENT_3D('',#11240,#11241,#11242);
#11240 = CARTESIAN_POINT('',(23.7016,67.4247,2.5));
#11241 = DIRECTION('',(0.740907710948,-0.671606852152,0.));
#11242 = DIRECTION('',(-0.671606852152,-0.740907710948,0.));
#11243 = ADVANCED_FACE('',(#11244),#11262,.T.);
#11244 = FACE_BOUND('',#11245,.T.);
#11245 = EDGE_LOOP('',(#11246,#11254,#11255,#11256));
#11246 = ORIENTED_EDGE('',*,*,#11247,.F.);
#11247 = EDGE_CURVE('',#11224,#11248,#11250,.T.);
#11248 = VERTEX_POINT('',#11249);
#11249 = CARTESIAN_POINT('',(23.1503,66.7681,2.5));
#11250 = LINE('',#11251,#11252);
#11251 = CARTESIAN_POINT('',(23.5698,67.2793,2.5));
#11252 = VECTOR('',#11253,1.);
#11253 = DIRECTION('',(-0.634365273945,-0.773033439906,0.));
#11254 = ORIENTED_EDGE('',*,*,#11233,.T.);
#11255 = ORIENTED_EDGE('',*,*,#1260,.F.);
#11256 = ORIENTED_EDGE('',*,*,#11257,.F.);
#11257 = EDGE_CURVE('',#11248,#1253,#11258,.T.);
#11258 = LINE('',#11259,#11260);
#11259 = CARTESIAN_POINT('',(23.1503,66.7681,2.5));
#11260 = VECTOR('',#11261,1.);
#11261 = DIRECTION('',(0.,0.,1.));
#11262 = PLANE('',#11263);
#11263 = AXIS2_PLACEMENT_3D('',#11264,#11265,#11266);
#11264 = CARTESIAN_POINT('',(23.5698,67.2793,2.5));
#11265 = DIRECTION('',(0.773033439906,-0.634365273945,0.));
#11266 = DIRECTION('',(-0.634365273945,-0.773033439906,0.));
#11267 = ADVANCED_FACE('',(#11268),#11286,.T.);
#11268 = FACE_BOUND('',#11269,.T.);
#11269 = EDGE_LOOP('',(#11270,#11278,#11279,#11280));
#11270 = ORIENTED_EDGE('',*,*,#11271,.F.);
#11271 = EDGE_CURVE('',#11248,#11272,#11274,.T.);
#11272 = VERTEX_POINT('',#11273);
#11273 = CARTESIAN_POINT('',(23.0334,66.6104,2.5));
#11274 = LINE('',#11275,#11276);
#11275 = CARTESIAN_POINT('',(23.1503,66.7681,2.5));
#11276 = VECTOR('',#11277,1.);
#11277 = DIRECTION('',(-0.595507715992,-0.803349587784,0.));
#11278 = ORIENTED_EDGE('',*,*,#11257,.T.);
#11279 = ORIENTED_EDGE('',*,*,#1252,.F.);
#11280 = ORIENTED_EDGE('',*,*,#11281,.F.);
#11281 = EDGE_CURVE('',#11272,#1245,#11282,.T.);
#11282 = LINE('',#11283,#11284);
#11283 = CARTESIAN_POINT('',(23.0334,66.6104,2.5));
#11284 = VECTOR('',#11285,1.);
#11285 = DIRECTION('',(0.,0.,1.));
#11286 = PLANE('',#11287);
#11287 = AXIS2_PLACEMENT_3D('',#11288,#11289,#11290);
#11288 = CARTESIAN_POINT('',(23.1503,66.7681,2.5));
#11289 = DIRECTION('',(0.803349587784,-0.595507715992,0.));
#11290 = DIRECTION('',(-0.595507715992,-0.803349587784,0.));
#11291 = ADVANCED_FACE('',(#11292),#11310,.T.);
#11292 = FACE_BOUND('',#11293,.T.);
#11293 = EDGE_LOOP('',(#11294,#11302,#11303,#11304));
#11294 = ORIENTED_EDGE('',*,*,#11295,.F.);
#11295 = EDGE_CURVE('',#11272,#11296,#11298,.T.);
#11296 = VERTEX_POINT('',#11297);
#11297 = CARTESIAN_POINT('',(22.8158,66.2849,2.5));
#11298 = LINE('',#11299,#11300);
#11299 = CARTESIAN_POINT('',(23.0334,66.6104,2.5));
#11300 = VECTOR('',#11301,1.);
#11301 = DIRECTION('',(-0.555760657205,-0.831342343384,0.));
#11302 = ORIENTED_EDGE('',*,*,#11281,.T.);
#11303 = ORIENTED_EDGE('',*,*,#1244,.F.);
#11304 = ORIENTED_EDGE('',*,*,#11305,.F.);
#11305 = EDGE_CURVE('',#11296,#1237,#11306,.T.);
#11306 = LINE('',#11307,#11308);
#11307 = CARTESIAN_POINT('',(22.8158,66.2849,2.5));
#11308 = VECTOR('',#11309,1.);
#11309 = DIRECTION('',(0.,0.,1.));
#11310 = PLANE('',#11311);
#11311 = AXIS2_PLACEMENT_3D('',#11312,#11313,#11314);
#11312 = CARTESIAN_POINT('',(23.0334,66.6104,2.5));
#11313 = DIRECTION('',(0.831342343384,-0.555760657205,0.));
#11314 = DIRECTION('',(-0.555760657205,-0.831342343384,0.));
#11315 = ADVANCED_FACE('',(#11316),#11334,.T.);
#11316 = FACE_BOUND('',#11317,.T.);
#11317 = EDGE_LOOP('',(#11318,#11326,#11327,#11328));
#11318 = ORIENTED_EDGE('',*,*,#11319,.F.);
#11319 = EDGE_CURVE('',#11296,#11320,#11322,.T.);
#11320 = VERTEX_POINT('',#11321);
#11321 = CARTESIAN_POINT('',(22.8023,66.2644,2.5));
#11322 = LINE('',#11323,#11324);
#11323 = CARTESIAN_POINT('',(22.8158,66.2849,2.5));
#11324 = VECTOR('',#11325,1.);
#11325 = DIRECTION('',(-0.549990569516,-0.83517086482,0.));
#11326 = ORIENTED_EDGE('',*,*,#11305,.T.);
#11327 = ORIENTED_EDGE('',*,*,#1236,.F.);
#11328 = ORIENTED_EDGE('',*,*,#11329,.F.);
#11329 = EDGE_CURVE('',#11320,#1229,#11330,.T.);
#11330 = LINE('',#11331,#11332);
#11331 = CARTESIAN_POINT('',(22.8023,66.2644,2.5));
#11332 = VECTOR('',#11333,1.);
#11333 = DIRECTION('',(0.,0.,1.));
#11334 = PLANE('',#11335);
#11335 = AXIS2_PLACEMENT_3D('',#11336,#11337,#11338);
#11336 = CARTESIAN_POINT('',(22.8158,66.2849,2.5));
#11337 = DIRECTION('',(0.83517086482,-0.549990569516,0.));
#11338 = DIRECTION('',(-0.549990569516,-0.83517086482,0.));
#11339 = ADVANCED_FACE('',(#11340),#11358,.T.);
#11340 = FACE_BOUND('',#11341,.T.);
#11341 = EDGE_LOOP('',(#11342,#11350,#11351,#11352));
#11342 = ORIENTED_EDGE('',*,*,#11343,.F.);
#11343 = EDGE_CURVE('',#11320,#11344,#11346,.T.);
#11344 = VERTEX_POINT('',#11345);
#11345 = CARTESIAN_POINT('',(22.7899,66.2453,2.5));
#11346 = LINE('',#11347,#11348);
#11347 = CARTESIAN_POINT('',(22.8023,66.2644,2.5));
#11348 = VECTOR('',#11349,1.);
#11349 = DIRECTION('',(-0.544525209589,-0.83874447606,0.));
#11350 = ORIENTED_EDGE('',*,*,#11329,.T.);
#11351 = ORIENTED_EDGE('',*,*,#1228,.F.);
#11352 = ORIENTED_EDGE('',*,*,#11353,.F.);
#11353 = EDGE_CURVE('',#11344,#1221,#11354,.T.);
#11354 = LINE('',#11355,#11356);
#11355 = CARTESIAN_POINT('',(22.7899,66.2453,2.5));
#11356 = VECTOR('',#11357,1.);
#11357 = DIRECTION('',(0.,0.,1.));
#11358 = PLANE('',#11359);
#11359 = AXIS2_PLACEMENT_3D('',#11360,#11361,#11362);
#11360 = CARTESIAN_POINT('',(22.8023,66.2644,2.5));
#11361 = DIRECTION('',(0.83874447606,-0.544525209589,0.));
#11362 = DIRECTION('',(-0.544525209589,-0.83874447606,0.));
#11363 = ADVANCED_FACE('',(#11364),#11382,.T.);
#11364 = FACE_BOUND('',#11365,.T.);
#11365 = EDGE_LOOP('',(#11366,#11374,#11375,#11376));
#11366 = ORIENTED_EDGE('',*,*,#11367,.F.);
#11367 = EDGE_CURVE('',#11344,#11368,#11370,.T.);
#11368 = VERTEX_POINT('',#11369);
#11369 = CARTESIAN_POINT('',(22.152,65.2906,2.5));
#11370 = LINE('',#11371,#11372);
#11371 = CARTESIAN_POINT('',(22.7899,66.2453,2.5));
#11372 = VECTOR('',#11373,1.);
#11373 = DIRECTION('',(-0.555564124245,-0.831473694023,0.));
#11374 = ORIENTED_EDGE('',*,*,#11353,.T.);
#11375 = ORIENTED_EDGE('',*,*,#1220,.F.);
#11376 = ORIENTED_EDGE('',*,*,#11377,.F.);
#11377 = EDGE_CURVE('',#11368,#1213,#11378,.T.);
#11378 = LINE('',#11379,#11380);
#11379 = CARTESIAN_POINT('',(22.152,65.2906,2.5));
#11380 = VECTOR('',#11381,1.);
#11381 = DIRECTION('',(0.,0.,1.));
#11382 = PLANE('',#11383);
#11383 = AXIS2_PLACEMENT_3D('',#11384,#11385,#11386);
#11384 = CARTESIAN_POINT('',(22.7899,66.2453,2.5));
#11385 = DIRECTION('',(0.831473694023,-0.555564124245,0.));
#11386 = DIRECTION('',(-0.555564124245,-0.831473694023,0.));
#11387 = ADVANCED_FACE('',(#11388),#11406,.T.);
#11388 = FACE_BOUND('',#11389,.T.);
#11389 = EDGE_LOOP('',(#11390,#11398,#11399,#11400));
#11390 = ORIENTED_EDGE('',*,*,#11391,.F.);
#11391 = EDGE_CURVE('',#11368,#11392,#11394,.T.);
#11392 = VERTEX_POINT('',#11393);
#11393 = CARTESIAN_POINT('',(21.7792,64.8364,2.5));
#11394 = LINE('',#11395,#11396);
#11395 = CARTESIAN_POINT('',(22.152,65.2906,2.5));
#11396 = VECTOR('',#11397,1.);
#11397 = DIRECTION('',(-0.634441783069,-0.772970648793,0.));
#11398 = ORIENTED_EDGE('',*,*,#11377,.T.);
#11399 = ORIENTED_EDGE('',*,*,#1212,.F.);
#11400 = ORIENTED_EDGE('',*,*,#11401,.F.);
#11401 = EDGE_CURVE('',#11392,#1205,#11402,.T.);
#11402 = LINE('',#11403,#11404);
#11403 = CARTESIAN_POINT('',(21.7792,64.8364,2.5));
#11404 = VECTOR('',#11405,1.);
#11405 = DIRECTION('',(0.,0.,1.));
#11406 = PLANE('',#11407);
#11407 = AXIS2_PLACEMENT_3D('',#11408,#11409,#11410);
#11408 = CARTESIAN_POINT('',(22.152,65.2906,2.5));
#11409 = DIRECTION('',(0.772970648793,-0.634441783069,0.));
#11410 = DIRECTION('',(-0.634441783069,-0.772970648793,0.));
#11411 = ADVANCED_FACE('',(#11412),#11430,.T.);
#11412 = FACE_BOUND('',#11413,.T.);
#11413 = EDGE_LOOP('',(#11414,#11422,#11423,#11424));
#11414 = ORIENTED_EDGE('',*,*,#11415,.F.);
#11415 = EDGE_CURVE('',#11392,#11416,#11418,.T.);
#11416 = VERTEX_POINT('',#11417);
#11417 = CARTESIAN_POINT('',(21.5293,64.5864,2.5));
#11418 = LINE('',#11419,#11420);
#11419 = CARTESIAN_POINT('',(21.7792,64.8364,2.5));
#11420 = VECTOR('',#11421,1.);
#11421 = DIRECTION('',(-0.706965317395,-0.707248216682,0.));
#11422 = ORIENTED_EDGE('',*,*,#11401,.T.);
#11423 = ORIENTED_EDGE('',*,*,#1204,.F.);
#11424 = ORIENTED_EDGE('',*,*,#11425,.F.);
#11425 = EDGE_CURVE('',#11416,#1197,#11426,.T.);
#11426 = LINE('',#11427,#11428);
#11427 = CARTESIAN_POINT('',(21.5293,64.5864,2.5));
#11428 = VECTOR('',#11429,1.);
#11429 = DIRECTION('',(0.,0.,1.));
#11430 = PLANE('',#11431);
#11431 = AXIS2_PLACEMENT_3D('',#11432,#11433,#11434);
#11432 = CARTESIAN_POINT('',(21.7792,64.8364,2.5));
#11433 = DIRECTION('',(0.707248216682,-0.706965317395,0.));
#11434 = DIRECTION('',(-0.706965317395,-0.707248216682,0.));
#11435 = ADVANCED_FACE('',(#11436),#11454,.T.);
#11436 = FACE_BOUND('',#11437,.T.);
#11437 = EDGE_LOOP('',(#11438,#11446,#11447,#11448));
#11438 = ORIENTED_EDGE('',*,*,#11439,.F.);
#11439 = EDGE_CURVE('',#11416,#11440,#11442,.T.);
#11440 = VERTEX_POINT('',#11441);
#11441 = CARTESIAN_POINT('',(21.075,64.2136,2.5));
#11442 = LINE('',#11443,#11444);
#11443 = CARTESIAN_POINT('',(21.5293,64.5864,2.5));
#11444 = VECTOR('',#11445,1.);
#11445 = DIRECTION('',(-0.773039136675,-0.634358331835,0.));
#11446 = ORIENTED_EDGE('',*,*,#11425,.T.);
#11447 = ORIENTED_EDGE('',*,*,#1196,.F.);
#11448 = ORIENTED_EDGE('',*,*,#11449,.F.);
#11449 = EDGE_CURVE('',#11440,#1189,#11450,.T.);
#11450 = LINE('',#11451,#11452);
#11451 = CARTESIAN_POINT('',(21.075,64.2136,2.5));
#11452 = VECTOR('',#11453,1.);
#11453 = DIRECTION('',(0.,0.,1.));
#11454 = PLANE('',#11455);
#11455 = AXIS2_PLACEMENT_3D('',#11456,#11457,#11458);
#11456 = CARTESIAN_POINT('',(21.5293,64.5864,2.5));
#11457 = DIRECTION('',(0.634358331835,-0.773039136675,0.));
#11458 = DIRECTION('',(-0.773039136675,-0.634358331835,0.));
#11459 = ADVANCED_FACE('',(#11460),#11478,.T.);
#11460 = FACE_BOUND('',#11461,.T.);
#11461 = EDGE_LOOP('',(#11462,#11470,#11471,#11472));
#11462 = ORIENTED_EDGE('',*,*,#11463,.F.);
#11463 = EDGE_CURVE('',#11440,#11464,#11466,.T.);
#11464 = VERTEX_POINT('',#11465);
#11465 = CARTESIAN_POINT('',(20.7811,64.0172,2.5));
#11466 = LINE('',#11467,#11468);
#11467 = CARTESIAN_POINT('',(21.075,64.2136,2.5));
#11468 = VECTOR('',#11469,1.);
#11469 = DIRECTION('',(-0.831440471197,-0.55561384329,0.));
#11470 = ORIENTED_EDGE('',*,*,#11449,.T.);
#11471 = ORIENTED_EDGE('',*,*,#1188,.F.);
#11472 = ORIENTED_EDGE('',*,*,#11473,.F.);
#11473 = EDGE_CURVE('',#11464,#1181,#11474,.T.);
#11474 = LINE('',#11475,#11476);
#11475 = CARTESIAN_POINT('',(20.7811,64.0172,2.5));
#11476 = VECTOR('',#11477,1.);
#11477 = DIRECTION('',(0.,0.,1.));
#11478 = PLANE('',#11479);
#11479 = AXIS2_PLACEMENT_3D('',#11480,#11481,#11482);
#11480 = CARTESIAN_POINT('',(21.075,64.2136,2.5));
#11481 = DIRECTION('',(0.55561384329,-0.831440471197,0.));
#11482 = DIRECTION('',(-0.831440471197,-0.55561384329,0.));
#11483 = ADVANCED_FACE('',(#11484),#11502,.T.);
#11484 = FACE_BOUND('',#11485,.T.);
#11485 = EDGE_LOOP('',(#11486,#11494,#11495,#11496));
#11486 = ORIENTED_EDGE('',*,*,#11487,.F.);
#11487 = EDGE_CURVE('',#11464,#11488,#11490,.T.);
#11488 = VERTEX_POINT('',#11489);
#11489 = CARTESIAN_POINT('',(20.2628,63.7402,2.5));
#11490 = LINE('',#11491,#11492);
#11491 = CARTESIAN_POINT('',(20.7811,64.0172,2.5));
#11492 = VECTOR('',#11493,1.);
#11493 = DIRECTION('',(-0.881947523693,-0.471347605755,0.));
#11494 = ORIENTED_EDGE('',*,*,#11473,.T.);
#11495 = ORIENTED_EDGE('',*,*,#1180,.F.);
#11496 = ORIENTED_EDGE('',*,*,#11497,.F.);
#11497 = EDGE_CURVE('',#11488,#1173,#11498,.T.);
#11498 = LINE('',#11499,#11500);
#11499 = CARTESIAN_POINT('',(20.2628,63.7402,2.5));
#11500 = VECTOR('',#11501,1.);
#11501 = DIRECTION('',(0.,0.,1.));
#11502 = PLANE('',#11503);
#11503 = AXIS2_PLACEMENT_3D('',#11504,#11505,#11506);
#11504 = CARTESIAN_POINT('',(20.7811,64.0172,2.5));
#11505 = DIRECTION('',(0.471347605755,-0.881947523693,0.));
#11506 = DIRECTION('',(-0.881947523693,-0.471347605755,0.));
#11507 = ADVANCED_FACE('',(#11508),#11526,.T.);
#11508 = FACE_BOUND('',#11509,.T.);
#11509 = EDGE_LOOP('',(#11510,#11518,#11519,#11520));
#11510 = ORIENTED_EDGE('',*,*,#11511,.F.);
#11511 = EDGE_CURVE('',#11488,#11512,#11514,.T.);
#11512 = VERTEX_POINT('',#11513);
#11513 = CARTESIAN_POINT('',(19.9362,63.6049,2.5));
#11514 = LINE('',#11515,#11516);
#11515 = CARTESIAN_POINT('',(20.2628,63.7402,2.5));
#11516 = VECTOR('',#11517,1.);
#11517 = DIRECTION('',(-0.923861679095,-0.382726531481,0.));
#11518 = ORIENTED_EDGE('',*,*,#11497,.T.);
#11519 = ORIENTED_EDGE('',*,*,#1172,.F.);
#11520 = ORIENTED_EDGE('',*,*,#11521,.F.);
#11521 = EDGE_CURVE('',#11512,#1165,#11522,.T.);
#11522 = LINE('',#11523,#11524);
#11523 = CARTESIAN_POINT('',(19.9362,63.6049,2.5));
#11524 = VECTOR('',#11525,1.);
#11525 = DIRECTION('',(0.,0.,1.));
#11526 = PLANE('',#11527);
#11527 = AXIS2_PLACEMENT_3D('',#11528,#11529,#11530);
#11528 = CARTESIAN_POINT('',(20.2628,63.7402,2.5));
#11529 = DIRECTION('',(0.382726531481,-0.923861679095,0.));
#11530 = DIRECTION('',(-0.923861679095,-0.382726531481,0.));
#11531 = ADVANCED_FACE('',(#11532),#11550,.T.);
#11532 = FACE_BOUND('',#11533,.T.);
#11533 = EDGE_LOOP('',(#11534,#11542,#11543,#11544));
#11534 = ORIENTED_EDGE('',*,*,#11535,.F.);
#11535 = EDGE_CURVE('',#11512,#11536,#11538,.T.);
#11536 = VERTEX_POINT('',#11537);
#11537 = CARTESIAN_POINT('',(19.3739,63.4343,2.5));
#11538 = LINE('',#11539,#11540);
#11539 = CARTESIAN_POINT('',(19.9362,63.6049,2.5));
#11540 = VECTOR('',#11541,1.);
#11541 = DIRECTION('',(-0.95692702254,-0.290328561347,0.));
#11542 = ORIENTED_EDGE('',*,*,#11521,.T.);
#11543 = ORIENTED_EDGE('',*,*,#1164,.F.);
#11544 = ORIENTED_EDGE('',*,*,#11545,.F.);
#11545 = EDGE_CURVE('',#11536,#1157,#11546,.T.);
#11546 = LINE('',#11547,#11548);
#11547 = CARTESIAN_POINT('',(19.3739,63.4343,2.5));
#11548 = VECTOR('',#11549,1.);
#11549 = DIRECTION('',(0.,0.,1.));
#11550 = PLANE('',#11551);
#11551 = AXIS2_PLACEMENT_3D('',#11552,#11553,#11554);
#11552 = CARTESIAN_POINT('',(19.9362,63.6049,2.5));
#11553 = DIRECTION('',(0.290328561347,-0.95692702254,0.));
#11554 = DIRECTION('',(-0.95692702254,-0.290328561347,0.));
#11555 = ADVANCED_FACE('',(#11556),#11574,.T.);
#11556 = FACE_BOUND('',#11557,.T.);
#11557 = EDGE_LOOP('',(#11558,#11566,#11567,#11568));
#11558 = ORIENTED_EDGE('',*,*,#11559,.F.);
#11559 = EDGE_CURVE('',#11536,#11560,#11562,.T.);
#11560 = VERTEX_POINT('',#11561);
#11561 = CARTESIAN_POINT('',(18.7812,63.3164,2.5));
#11562 = LINE('',#11563,#11564);
#11563 = CARTESIAN_POINT('',(19.3739,63.4343,2.5));
#11564 = VECTOR('',#11565,1.);
#11565 = DIRECTION('',(-0.980783811272,-0.195097707692,0.));
#11566 = ORIENTED_EDGE('',*,*,#11545,.T.);
#11567 = ORIENTED_EDGE('',*,*,#1156,.F.);
#11568 = ORIENTED_EDGE('',*,*,#11569,.F.);
#11569 = EDGE_CURVE('',#11560,#1149,#11570,.T.);
#11570 = LINE('',#11571,#11572);
#11571 = CARTESIAN_POINT('',(18.7812,63.3164,2.5));
#11572 = VECTOR('',#11573,1.);
#11573 = DIRECTION('',(0.,0.,1.));
#11574 = PLANE('',#11575);
#11575 = AXIS2_PLACEMENT_3D('',#11576,#11577,#11578);
#11576 = CARTESIAN_POINT('',(19.3739,63.4343,2.5));
#11577 = DIRECTION('',(0.195097707692,-0.980783811272,0.));
#11578 = DIRECTION('',(-0.980783811272,-0.195097707692,0.));
#11579 = ADVANCED_FACE('',(#11580),#11598,.T.);
#11580 = FACE_BOUND('',#11581,.T.);
#11581 = EDGE_LOOP('',(#11582,#11590,#11591,#11592));
#11582 = ORIENTED_EDGE('',*,*,#11583,.F.);
#11583 = EDGE_CURVE('',#11560,#11584,#11586,.T.);
#11584 = VERTEX_POINT('',#11585);
#11585 = CARTESIAN_POINT('',(18.3433,63.2624,2.5));
#11586 = LINE('',#11587,#11588);
#11587 = CARTESIAN_POINT('',(18.7812,63.3164,2.5));
#11588 = VECTOR('',#11589,1.);
#11589 = DIRECTION('',(-0.992482236555,-0.122388766326,0.));
#11590 = ORIENTED_EDGE('',*,*,#11569,.T.);
#11591 = ORIENTED_EDGE('',*,*,#1148,.F.);
#11592 = ORIENTED_EDGE('',*,*,#11593,.F.);
#11593 = EDGE_CURVE('',#11584,#1141,#11594,.T.);
#11594 = LINE('',#11595,#11596);
#11595 = CARTESIAN_POINT('',(18.3433,63.2624,2.5));
#11596 = VECTOR('',#11597,1.);
#11597 = DIRECTION('',(0.,0.,1.));
#11598 = PLANE('',#11599);
#11599 = AXIS2_PLACEMENT_3D('',#11600,#11601,#11602);
#11600 = CARTESIAN_POINT('',(18.7812,63.3164,2.5));
#11601 = DIRECTION('',(0.122388766326,-0.992482236555,0.));
#11602 = DIRECTION('',(-0.992482236555,-0.122388766326,0.));
#11603 = ADVANCED_FACE('',(#11604),#11622,.T.);
#11604 = FACE_BOUND('',#11605,.T.);
#11605 = EDGE_LOOP('',(#11606,#11614,#11615,#11616));
#11606 = ORIENTED_EDGE('',*,*,#11607,.F.);
#11607 = EDGE_CURVE('',#11584,#11608,#11610,.T.);
#11608 = VERTEX_POINT('',#11609);
#11609 = CARTESIAN_POINT('',(18.1637,63.2536,2.5));
#11610 = LINE('',#11611,#11612);
#11611 = CARTESIAN_POINT('',(18.3433,63.2624,2.5));
#11612 = VECTOR('',#11613,1.);
#11613 = DIRECTION('',(-0.998801766221,-4.893906204202E-02,0.));
#11614 = ORIENTED_EDGE('',*,*,#11593,.T.);
#11615 = ORIENTED_EDGE('',*,*,#1140,.F.);
#11616 = ORIENTED_EDGE('',*,*,#11617,.F.);
#11617 = EDGE_CURVE('',#11608,#1133,#11618,.T.);
#11618 = LINE('',#11619,#11620);
#11619 = CARTESIAN_POINT('',(18.1637,63.2536,2.5));
#11620 = VECTOR('',#11621,1.);
#11621 = DIRECTION('',(0.,0.,1.));
#11622 = PLANE('',#11623);
#11623 = AXIS2_PLACEMENT_3D('',#11624,#11625,#11626);
#11624 = CARTESIAN_POINT('',(18.3433,63.2624,2.5));
#11625 = DIRECTION('',(4.893906204202E-02,-0.998801766221,0.));
#11626 = DIRECTION('',(-0.998801766221,-4.893906204202E-02,0.));
#11627 = ADVANCED_FACE('',(#11628),#11646,.T.);
#11628 = FACE_BOUND('',#11629,.T.);
#11629 = EDGE_LOOP('',(#11630,#11638,#11639,#11640));
#11630 = ORIENTED_EDGE('',*,*,#11631,.F.);
#11631 = EDGE_CURVE('',#11608,#11632,#11634,.T.);
#11632 = VERTEX_POINT('',#11633);
#11633 = CARTESIAN_POINT('',(18.0165,63.25,2.5));
#11634 = LINE('',#11635,#11636);
#11635 = CARTESIAN_POINT('',(18.1637,63.2536,2.5));
#11636 = VECTOR('',#11637,1.);
#11637 = DIRECTION('',(-0.999701073361,-2.444921103329E-02,0.));
#11638 = ORIENTED_EDGE('',*,*,#11617,.T.);
#11639 = ORIENTED_EDGE('',*,*,#1132,.F.);
#11640 = ORIENTED_EDGE('',*,*,#11641,.F.);
#11641 = EDGE_CURVE('',#11632,#1125,#11642,.T.);
#11642 = LINE('',#11643,#11644);
#11643 = CARTESIAN_POINT('',(18.0165,63.25,2.5));
#11644 = VECTOR('',#11645,1.);
#11645 = DIRECTION('',(0.,0.,1.));
#11646 = PLANE('',#11647);
#11647 = AXIS2_PLACEMENT_3D('',#11648,#11649,#11650);
#11648 = CARTESIAN_POINT('',(18.1637,63.2536,2.5));
#11649 = DIRECTION('',(2.444921103329E-02,-0.999701073361,0.));
#11650 = DIRECTION('',(-0.999701073361,-2.444921103329E-02,0.));
#11651 = ADVANCED_FACE('',(#11652),#11670,.T.);
#11652 = FACE_BOUND('',#11653,.T.);
#11653 = EDGE_LOOP('',(#11654,#11662,#11663,#11664));
#11654 = ORIENTED_EDGE('',*,*,#11655,.F.);
#11655 = EDGE_CURVE('',#11632,#11656,#11658,.T.);
#11656 = VERTEX_POINT('',#11657);
#11657 = CARTESIAN_POINT('',(10.8837,63.25,2.5));
#11658 = LINE('',#11659,#11660);
#11659 = CARTESIAN_POINT('',(18.0165,63.25,2.5));
#11660 = VECTOR('',#11661,1.);
#11661 = DIRECTION('',(-1.,0.,0.));
#11662 = ORIENTED_EDGE('',*,*,#11641,.T.);
#11663 = ORIENTED_EDGE('',*,*,#1124,.F.);
#11664 = ORIENTED_EDGE('',*,*,#11665,.F.);
#11665 = EDGE_CURVE('',#11656,#1117,#11666,.T.);
#11666 = LINE('',#11667,#11668);
#11667 = CARTESIAN_POINT('',(10.8837,63.25,2.5));
#11668 = VECTOR('',#11669,1.);
#11669 = DIRECTION('',(0.,0.,1.));
#11670 = PLANE('',#11671);
#11671 = AXIS2_PLACEMENT_3D('',#11672,#11673,#11674);
#11672 = CARTESIAN_POINT('',(18.0165,63.25,2.5));
#11673 = DIRECTION('',(0.,-1.,0.));
#11674 = DIRECTION('',(-1.,0.,0.));
#11675 = ADVANCED_FACE('',(#11676),#11694,.T.);
#11676 = FACE_BOUND('',#11677,.T.);
#11677 = EDGE_LOOP('',(#11678,#11686,#11687,#11688));
#11678 = ORIENTED_EDGE('',*,*,#11679,.F.);
#11679 = EDGE_CURVE('',#11656,#11680,#11682,.T.);
#11680 = VERTEX_POINT('',#11681);
#11681 = CARTESIAN_POINT('',(10.7856,63.2476,2.5));
#11682 = LINE('',#11683,#11684);
#11683 = CARTESIAN_POINT('',(10.8837,63.25,2.5));
#11684 = VECTOR('',#11685,1.);
#11685 = DIRECTION('',(-0.999700870274,-2.445751364586E-02,0.));
#11686 = ORIENTED_EDGE('',*,*,#11665,.T.);
#11687 = ORIENTED_EDGE('',*,*,#1116,.F.);
#11688 = ORIENTED_EDGE('',*,*,#11689,.F.);
#11689 = EDGE_CURVE('',#11680,#1109,#11690,.T.);
#11690 = LINE('',#11691,#11692);
#11691 = CARTESIAN_POINT('',(10.7856,63.2476,2.5));
#11692 = VECTOR('',#11693,1.);
#11693 = DIRECTION('',(0.,0.,1.));
#11694 = PLANE('',#11695);
#11695 = AXIS2_PLACEMENT_3D('',#11696,#11697,#11698);
#11696 = CARTESIAN_POINT('',(10.8837,63.25,2.5));
#11697 = DIRECTION('',(2.445751364586E-02,-0.999700870274,0.));
#11698 = DIRECTION('',(-0.999700870274,-2.445751364586E-02,0.));
#11699 = ADVANCED_FACE('',(#11700),#11718,.T.);
#11700 = FACE_BOUND('',#11701,.T.);
#11701 = EDGE_LOOP('',(#11702,#11710,#11711,#11712));
#11702 = ORIENTED_EDGE('',*,*,#11703,.F.);
#11703 = EDGE_CURVE('',#11680,#11704,#11706,.T.);
#11704 = VERTEX_POINT('',#11705);
#11705 = CARTESIAN_POINT('',(10.6116,63.239,2.5));
#11706 = LINE('',#11707,#11708);
#11707 = CARTESIAN_POINT('',(10.7856,63.2476,2.5));
#11708 = VECTOR('',#11709,1.);
#11709 = DIRECTION('',(-0.998780803774,-4.936502823252E-02,0.));
#11710 = ORIENTED_EDGE('',*,*,#11689,.T.);
#11711 = ORIENTED_EDGE('',*,*,#1108,.F.);
#11712 = ORIENTED_EDGE('',*,*,#11713,.F.);
#11713 = EDGE_CURVE('',#11704,#1101,#11714,.T.);
#11714 = LINE('',#11715,#11716);
#11715 = CARTESIAN_POINT('',(10.6116,63.239,2.5));
#11716 = VECTOR('',#11717,1.);
#11717 = DIRECTION('',(0.,0.,1.));
#11718 = PLANE('',#11719);
#11719 = AXIS2_PLACEMENT_3D('',#11720,#11721,#11722);
#11720 = CARTESIAN_POINT('',(10.7856,63.2476,2.5));
#11721 = DIRECTION('',(4.936502823252E-02,-0.998780803774,0.));
#11722 = DIRECTION('',(-0.998780803774,-4.936502823252E-02,0.));
#11723 = ADVANCED_FACE('',(#11724),#11742,.T.);
#11724 = FACE_BOUND('',#11725,.T.);
#11725 = EDGE_LOOP('',(#11726,#11734,#11735,#11736));
#11726 = ORIENTED_EDGE('',*,*,#11727,.F.);
#11727 = EDGE_CURVE('',#11704,#11728,#11730,.T.);
#11728 = VERTEX_POINT('',#11729);
#11729 = CARTESIAN_POINT('',(10.5137,63.2318,2.5));
#11730 = LINE('',#11731,#11732);
#11731 = CARTESIAN_POINT('',(10.6116,63.239,2.5));
#11732 = VECTOR('',#11733,1.);
#11733 = DIRECTION('',(-0.997306529568,-7.334634333898E-02,0.));
#11734 = ORIENTED_EDGE('',*,*,#11713,.T.);
#11735 = ORIENTED_EDGE('',*,*,#1100,.F.);
#11736 = ORIENTED_EDGE('',*,*,#11737,.F.);
#11737 = EDGE_CURVE('',#11728,#1093,#11738,.T.);
#11738 = LINE('',#11739,#11740);
#11739 = CARTESIAN_POINT('',(10.5137,63.2318,2.5));
#11740 = VECTOR('',#11741,1.);
#11741 = DIRECTION('',(0.,0.,1.));
#11742 = PLANE('',#11743);
#11743 = AXIS2_PLACEMENT_3D('',#11744,#11745,#11746);
#11744 = CARTESIAN_POINT('',(10.6116,63.239,2.5));
#11745 = DIRECTION('',(7.334634333898E-02,-0.997306529568,0.));
#11746 = DIRECTION('',(-0.997306529568,-7.334634333898E-02,0.));
#11747 = ADVANCED_FACE('',(#11748),#11766,.T.);
#11748 = FACE_BOUND('',#11749,.T.);
#11749 = EDGE_LOOP('',(#11750,#11758,#11759,#11760));
#11750 = ORIENTED_EDGE('',*,*,#11751,.F.);
#11751 = EDGE_CURVE('',#11728,#11752,#11754,.T.);
#11752 = VERTEX_POINT('',#11753);
#11753 = CARTESIAN_POINT('',(10.2938,63.2102,2.5));
#11754 = LINE('',#11755,#11756);
#11755 = CARTESIAN_POINT('',(10.5137,63.2318,2.5));
#11756 = VECTOR('',#11757,1.);
#11757 = DIRECTION('',(-0.995210411934,-9.775600226362E-02,0.));
#11758 = ORIENTED_EDGE('',*,*,#11737,.T.);
#11759 = ORIENTED_EDGE('',*,*,#1092,.F.);
#11760 = ORIENTED_EDGE('',*,*,#11761,.F.);
#11761 = EDGE_CURVE('',#11752,#1085,#11762,.T.);
#11762 = LINE('',#11763,#11764);
#11763 = CARTESIAN_POINT('',(10.2938,63.2102,2.5));
#11764 = VECTOR('',#11765,1.);
#11765 = DIRECTION('',(0.,0.,1.));
#11766 = PLANE('',#11767);
#11767 = AXIS2_PLACEMENT_3D('',#11768,#11769,#11770);
#11768 = CARTESIAN_POINT('',(10.5137,63.2318,2.5));
#11769 = DIRECTION('',(9.775600226362E-02,-0.995210411934,0.));
#11770 = DIRECTION('',(-0.995210411934,-9.775600226362E-02,0.));
#11771 = ADVANCED_FACE('',(#11772),#11790,.T.);
#11772 = FACE_BOUND('',#11773,.T.);
#11773 = EDGE_LOOP('',(#11774,#11782,#11783,#11784));
#11774 = ORIENTED_EDGE('',*,*,#11775,.F.);
#11775 = EDGE_CURVE('',#11752,#11776,#11778,.T.);
#11776 = VERTEX_POINT('',#11777);
#11777 = CARTESIAN_POINT('',(9.80491,63.2102,2.5));
#11778 = LINE('',#11779,#11780);
#11779 = CARTESIAN_POINT('',(10.2938,63.2102,2.5));
#11780 = VECTOR('',#11781,1.);
#11781 = DIRECTION('',(-1.,0.,0.));
#11782 = ORIENTED_EDGE('',*,*,#11761,.T.);
#11783 = ORIENTED_EDGE('',*,*,#1084,.F.);
#11784 = ORIENTED_EDGE('',*,*,#11785,.F.);
#11785 = EDGE_CURVE('',#11776,#1077,#11786,.T.);
#11786 = LINE('',#11787,#11788);
#11787 = CARTESIAN_POINT('',(9.80491,63.2102,2.5));
#11788 = VECTOR('',#11789,1.);
#11789 = DIRECTION('',(0.,0.,1.));
#11790 = PLANE('',#11791);
#11791 = AXIS2_PLACEMENT_3D('',#11792,#11793,#11794);
#11792 = CARTESIAN_POINT('',(10.2938,63.2102,2.5));
#11793 = DIRECTION('',(0.,-1.,0.));
#11794 = DIRECTION('',(-1.,0.,0.));
#11795 = ADVANCED_FACE('',(#11796),#11814,.T.);
#11796 = FACE_BOUND('',#11797,.T.);
#11797 = EDGE_LOOP('',(#11798,#11806,#11807,#11808));
#11798 = ORIENTED_EDGE('',*,*,#11799,.F.);
#11799 = EDGE_CURVE('',#11776,#11800,#11802,.T.);
#11800 = VERTEX_POINT('',#11801);
#11801 = CARTESIAN_POINT('',(9.42224,63.2863,2.5));
#11802 = LINE('',#11803,#11804);
#11803 = CARTESIAN_POINT('',(9.80491,63.2102,2.5));
#11804 = VECTOR('',#11805,1.);
#11805 = DIRECTION('',(-0.980794006649,0.195046447085,0.));
#11806 = ORIENTED_EDGE('',*,*,#11785,.T.);
#11807 = ORIENTED_EDGE('',*,*,#1076,.F.);
#11808 = ORIENTED_EDGE('',*,*,#11809,.F.);
#11809 = EDGE_CURVE('',#11800,#1069,#11810,.T.);
#11810 = LINE('',#11811,#11812);
#11811 = CARTESIAN_POINT('',(9.42224,63.2863,2.5));
#11812 = VECTOR('',#11813,1.);
#11813 = DIRECTION('',(0.,0.,1.));
#11814 = PLANE('',#11815);
#11815 = AXIS2_PLACEMENT_3D('',#11816,#11817,#11818);
#11816 = CARTESIAN_POINT('',(9.80491,63.2102,2.5));
#11817 = DIRECTION('',(-0.195046447085,-0.980794006649,0.));
#11818 = DIRECTION('',(-0.980794006649,0.195046447085,0.));
#11819 = ADVANCED_FACE('',(#11820),#11838,.T.);
#11820 = FACE_BOUND('',#11821,.T.);
#11821 = EDGE_LOOP('',(#11822,#11830,#11831,#11832));
#11822 = ORIENTED_EDGE('',*,*,#11823,.F.);
#11823 = EDGE_CURVE('',#11800,#11824,#11826,.T.);
#11824 = VERTEX_POINT('',#11825);
#11825 = CARTESIAN_POINT('',(9.06177,63.4356,2.5));
#11826 = LINE('',#11827,#11828);
#11827 = CARTESIAN_POINT('',(9.42224,63.2863,2.5));
#11828 = VECTOR('',#11829,1.);
#11829 = DIRECTION('',(-0.923890009968,0.382658136567,0.));
#11830 = ORIENTED_EDGE('',*,*,#11809,.T.);
#11831 = ORIENTED_EDGE('',*,*,#1068,.F.);
#11832 = ORIENTED_EDGE('',*,*,#11833,.F.);
#11833 = EDGE_CURVE('',#11824,#1061,#11834,.T.);
#11834 = LINE('',#11835,#11836);
#11835 = CARTESIAN_POINT('',(9.06177,63.4356,2.5));
#11836 = VECTOR('',#11837,1.);
#11837 = DIRECTION('',(0.,0.,1.));
#11838 = PLANE('',#11839);
#11839 = AXIS2_PLACEMENT_3D('',#11840,#11841,#11842);
#11840 = CARTESIAN_POINT('',(9.42224,63.2863,2.5));
#11841 = DIRECTION('',(-0.382658136567,-0.923890009968,0.));
#11842 = DIRECTION('',(-0.923890009968,0.382658136567,0.));
#11843 = ADVANCED_FACE('',(#11844),#11862,.T.);
#11844 = FACE_BOUND('',#11845,.T.);
#11845 = EDGE_LOOP('',(#11846,#11854,#11855,#11856));
#11846 = ORIENTED_EDGE('',*,*,#11847,.F.);
#11847 = EDGE_CURVE('',#11824,#11848,#11850,.T.);
#11848 = VERTEX_POINT('',#11849);
#11849 = CARTESIAN_POINT('',(8.73735,63.6524,2.5));
#11850 = LINE('',#11851,#11852);
#11851 = CARTESIAN_POINT('',(9.06177,63.4356,2.5));
#11852 = VECTOR('',#11853,1.);
#11853 = DIRECTION('',(-0.831434702582,0.555622475556,0.));
#11854 = ORIENTED_EDGE('',*,*,#11833,.T.);
#11855 = ORIENTED_EDGE('',*,*,#1060,.F.);
#11856 = ORIENTED_EDGE('',*,*,#11857,.F.);
#11857 = EDGE_CURVE('',#11848,#1053,#11858,.T.);
#11858 = LINE('',#11859,#11860);
#11859 = CARTESIAN_POINT('',(8.73735,63.6524,2.5));
#11860 = VECTOR('',#11861,1.);
#11861 = DIRECTION('',(0.,0.,1.));
#11862 = PLANE('',#11863);
#11863 = AXIS2_PLACEMENT_3D('',#11864,#11865,#11866);
#11864 = CARTESIAN_POINT('',(9.06177,63.4356,2.5));
#11865 = DIRECTION('',(-0.555622475556,-0.831434702582,0.));
#11866 = DIRECTION('',(-0.831434702582,0.555622475556,0.));
#11867 = ADVANCED_FACE('',(#11868),#11886,.T.);
#11868 = FACE_BOUND('',#11869,.T.);
#11869 = EDGE_LOOP('',(#11870,#11878,#11879,#11880));
#11870 = ORIENTED_EDGE('',*,*,#11871,.F.);
#11871 = EDGE_CURVE('',#11848,#11872,#11874,.T.);
#11872 = VERTEX_POINT('',#11873);
#11873 = CARTESIAN_POINT('',(8.46146,63.9283,2.5));
#11874 = LINE('',#11875,#11876);
#11875 = CARTESIAN_POINT('',(8.73735,63.6524,2.5));
#11876 = VECTOR('',#11877,1.);
#11877 = DIRECTION('',(-0.70709396629,0.707119595851,0.));
#11878 = ORIENTED_EDGE('',*,*,#11857,.T.);
#11879 = ORIENTED_EDGE('',*,*,#1052,.F.);
#11880 = ORIENTED_EDGE('',*,*,#11881,.F.);
#11881 = EDGE_CURVE('',#11872,#1045,#11882,.T.);
#11882 = LINE('',#11883,#11884);
#11883 = CARTESIAN_POINT('',(8.46146,63.9283,2.5));
#11884 = VECTOR('',#11885,1.);
#11885 = DIRECTION('',(0.,0.,1.));
#11886 = PLANE('',#11887);
#11887 = AXIS2_PLACEMENT_3D('',#11888,#11889,#11890);
#11888 = CARTESIAN_POINT('',(8.73735,63.6524,2.5));
#11889 = DIRECTION('',(-0.707119595851,-0.70709396629,0.));
#11890 = DIRECTION('',(-0.70709396629,0.707119595851,0.));
#11891 = ADVANCED_FACE('',(#11892),#11910,.T.);
#11892 = FACE_BOUND('',#11893,.T.);
#11893 = EDGE_LOOP('',(#11894,#11902,#11903,#11904));
#11894 = ORIENTED_EDGE('',*,*,#11895,.F.);
#11895 = EDGE_CURVE('',#11872,#11896,#11898,.T.);
#11896 = VERTEX_POINT('',#11897);
#11897 = CARTESIAN_POINT('',(8.24469,64.2527,2.5));
#11898 = LINE('',#11899,#11900);
#11899 = CARTESIAN_POINT('',(8.46146,63.9283,2.5));
#11900 = VECTOR('',#11901,1.);
#11901 = DIRECTION('',(-0.555593002061,0.831454398065,0.));
#11902 = ORIENTED_EDGE('',*,*,#11881,.T.);
#11903 = ORIENTED_EDGE('',*,*,#1044,.F.);
#11904 = ORIENTED_EDGE('',*,*,#11905,.F.);
#11905 = EDGE_CURVE('',#11896,#1037,#11906,.T.);
#11906 = LINE('',#11907,#11908);
#11907 = CARTESIAN_POINT('',(8.24469,64.2527,2.5));
#11908 = VECTOR('',#11909,1.);
#11909 = DIRECTION('',(0.,0.,1.));
#11910 = PLANE('',#11911);
#11911 = AXIS2_PLACEMENT_3D('',#11912,#11913,#11914);
#11912 = CARTESIAN_POINT('',(8.46146,63.9283,2.5));
#11913 = DIRECTION('',(-0.831454398065,-0.555593002061,0.));
#11914 = DIRECTION('',(-0.555593002061,0.831454398065,0.));
#11915 = ADVANCED_FACE('',(#11916),#11934,.T.);
#11916 = FACE_BOUND('',#11917,.T.);
#11917 = EDGE_LOOP('',(#11918,#11926,#11927,#11928));
#11918 = ORIENTED_EDGE('',*,*,#11919,.F.);
#11919 = EDGE_CURVE('',#11896,#11920,#11922,.T.);
#11920 = VERTEX_POINT('',#11921);
#11921 = CARTESIAN_POINT('',(8.09538,64.6131,2.5));
#11922 = LINE('',#11923,#11924);
#11923 = CARTESIAN_POINT('',(8.24469,64.2527,2.5));
#11924 = VECTOR('',#11925,1.);
#11925 = DIRECTION('',(-0.382743453349,0.923854668722,0.));
#11926 = ORIENTED_EDGE('',*,*,#11905,.T.);
#11927 = ORIENTED_EDGE('',*,*,#1036,.F.);
#11928 = ORIENTED_EDGE('',*,*,#11929,.F.);
#11929 = EDGE_CURVE('',#11920,#1029,#11930,.T.);
#11930 = LINE('',#11931,#11932);
#11931 = CARTESIAN_POINT('',(8.09538,64.6131,2.5));
#11932 = VECTOR('',#11933,1.);
#11933 = DIRECTION('',(0.,0.,1.));
#11934 = PLANE('',#11935);
#11935 = AXIS2_PLACEMENT_3D('',#11936,#11937,#11938);
#11936 = CARTESIAN_POINT('',(8.24469,64.2527,2.5));
#11937 = DIRECTION('',(-0.923854668722,-0.382743453349,0.));
#11938 = DIRECTION('',(-0.382743453349,0.923854668722,0.));
#11939 = ADVANCED_FACE('',(#11940),#11958,.T.);
#11940 = FACE_BOUND('',#11941,.T.);
#11941 = EDGE_LOOP('',(#11942,#11950,#11951,#11952));
#11942 = ORIENTED_EDGE('',*,*,#11943,.F.);
#11943 = EDGE_CURVE('',#11920,#11944,#11946,.T.);
#11944 = VERTEX_POINT('',#11945);
#11945 = CARTESIAN_POINT('',(8.00961,65.0443,2.5));
#11946 = LINE('',#11947,#11948);
#11947 = CARTESIAN_POINT('',(8.09538,64.6131,2.5));
#11948 = VECTOR('',#11949,1.);
#11949 = DIRECTION('',(-0.195088105999,0.980785721194,0.));
#11950 = ORIENTED_EDGE('',*,*,#11929,.T.);
#11951 = ORIENTED_EDGE('',*,*,#1028,.F.);
#11952 = ORIENTED_EDGE('',*,*,#11953,.F.);
#11953 = EDGE_CURVE('',#11944,#1021,#11954,.T.);
#11954 = LINE('',#11955,#11956);
#11955 = CARTESIAN_POINT('',(8.00961,65.0443,2.5));
#11956 = VECTOR('',#11957,1.);
#11957 = DIRECTION('',(0.,0.,1.));
#11958 = PLANE('',#11959);
#11959 = AXIS2_PLACEMENT_3D('',#11960,#11961,#11962);
#11960 = CARTESIAN_POINT('',(8.09538,64.6131,2.5));
#11961 = DIRECTION('',(-0.980785721194,-0.195088105999,0.));
#11962 = DIRECTION('',(-0.195088105999,0.980785721194,0.));
#11963 = ADVANCED_FACE('',(#11964),#11982,.T.);
#11964 = FACE_BOUND('',#11965,.T.);
#11965 = EDGE_LOOP('',(#11966,#11974,#11975,#11976));
#11966 = ORIENTED_EDGE('',*,*,#11967,.F.);
#11967 = EDGE_CURVE('',#11944,#11968,#11970,.T.);
#11968 = VERTEX_POINT('',#11969);
#11969 = CARTESIAN_POINT('',(8.,65.24,2.5));
#11970 = LINE('',#11971,#11972);
#11971 = CARTESIAN_POINT('',(8.00961,65.0443,2.5));
#11972 = VECTOR('',#11973,1.);
#11973 = DIRECTION('',(-4.904667473736E-02,0.998796487628,0.));
#11974 = ORIENTED_EDGE('',*,*,#11953,.T.);
#11975 = ORIENTED_EDGE('',*,*,#1020,.F.);
#11976 = ORIENTED_EDGE('',*,*,#11977,.F.);
#11977 = EDGE_CURVE('',#11968,#1013,#11978,.T.);
#11978 = LINE('',#11979,#11980);
#11979 = CARTESIAN_POINT('',(8.,65.24,2.5));
#11980 = VECTOR('',#11981,1.);
#11981 = DIRECTION('',(0.,0.,1.));
#11982 = PLANE('',#11983);
#11983 = AXIS2_PLACEMENT_3D('',#11984,#11985,#11986);
#11984 = CARTESIAN_POINT('',(8.00961,65.0443,2.5));
#11985 = DIRECTION('',(-0.998796487628,-4.904667473736E-02,0.));
#11986 = DIRECTION('',(-4.904667473736E-02,0.998796487628,0.));
#11987 = ADVANCED_FACE('',(#11988),#12006,.T.);
#11988 = FACE_BOUND('',#11989,.T.);
#11989 = EDGE_LOOP('',(#11990,#11998,#11999,#12000));
#11990 = ORIENTED_EDGE('',*,*,#11991,.F.);
#11991 = EDGE_CURVE('',#11968,#11992,#11994,.T.);
#11992 = VERTEX_POINT('',#11993);
#11993 = CARTESIAN_POINT('',(8.,71.65,2.5));
#11994 = LINE('',#11995,#11996);
#11995 = CARTESIAN_POINT('',(8.,65.24,2.5));
#11996 = VECTOR('',#11997,1.);
#11997 = DIRECTION('',(0.,1.,0.));
#11998 = ORIENTED_EDGE('',*,*,#11977,.T.);
#11999 = ORIENTED_EDGE('',*,*,#1012,.F.);
#12000 = ORIENTED_EDGE('',*,*,#12001,.F.);
#12001 = EDGE_CURVE('',#11992,#1005,#12002,.T.);
#12002 = LINE('',#12003,#12004);
#12003 = CARTESIAN_POINT('',(8.,71.65,2.5));
#12004 = VECTOR('',#12005,1.);
#12005 = DIRECTION('',(0.,0.,1.));
#12006 = PLANE('',#12007);
#12007 = AXIS2_PLACEMENT_3D('',#12008,#12009,#12010);
#12008 = CARTESIAN_POINT('',(8.,65.24,2.5));
#12009 = DIRECTION('',(-1.,0.,0.));
#12010 = DIRECTION('',(0.,1.,0.));
#12011 = ADVANCED_FACE('',(#12012),#12030,.T.);
#12012 = FACE_BOUND('',#12013,.T.);
#12013 = EDGE_LOOP('',(#12014,#12022,#12023,#12024));
#12014 = ORIENTED_EDGE('',*,*,#12015,.F.);
#12015 = EDGE_CURVE('',#11992,#12016,#12018,.T.);
#12016 = VERTEX_POINT('',#12017);
#12017 = CARTESIAN_POINT('',(7.96157,72.0402,2.5));
#12018 = LINE('',#12019,#12020);
#12019 = CARTESIAN_POINT('',(8.,71.65,2.5));
#12020 = VECTOR('',#12021,1.);
#12021 = DIRECTION('',(-9.801374144198E-02,0.995185061428,0.));
#12022 = ORIENTED_EDGE('',*,*,#12001,.T.);
#12023 = ORIENTED_EDGE('',*,*,#1004,.F.);
#12024 = ORIENTED_EDGE('',*,*,#12025,.F.);
#12025 = EDGE_CURVE('',#12016,#997,#12026,.T.);
#12026 = LINE('',#12027,#12028);
#12027 = CARTESIAN_POINT('',(7.96157,72.0402,2.5));
#12028 = VECTOR('',#12029,1.);
#12029 = DIRECTION('',(0.,0.,1.));
#12030 = PLANE('',#12031);
#12031 = AXIS2_PLACEMENT_3D('',#12032,#12033,#12034);
#12032 = CARTESIAN_POINT('',(8.,71.65,2.5));
#12033 = DIRECTION('',(-0.995185061428,-9.801374144198E-02,0.));
#12034 = DIRECTION('',(-9.801374144198E-02,0.995185061428,0.));
#12035 = ADVANCED_FACE('',(#12036),#12054,.T.);
#12036 = FACE_BOUND('',#12037,.T.);
#12037 = EDGE_LOOP('',(#12038,#12046,#12047,#12048));
#12038 = ORIENTED_EDGE('',*,*,#12039,.F.);
#12039 = EDGE_CURVE('',#12016,#12040,#12042,.T.);
#12040 = VERTEX_POINT('',#12041);
#12041 = CARTESIAN_POINT('',(7.84776,72.4154,2.5));
#12042 = LINE('',#12043,#12044);
#12043 = CARTESIAN_POINT('',(7.96157,72.0402,2.5));
#12044 = VECTOR('',#12045,1.);
#12045 = DIRECTION('',(-0.290271421235,0.956944356801,0.));
#12046 = ORIENTED_EDGE('',*,*,#12025,.T.);
#12047 = ORIENTED_EDGE('',*,*,#996,.F.);
#12048 = ORIENTED_EDGE('',*,*,#12049,.F.);
#12049 = EDGE_CURVE('',#12040,#989,#12050,.T.);
#12050 = LINE('',#12051,#12052);
#12051 = CARTESIAN_POINT('',(7.84776,72.4154,2.5));
#12052 = VECTOR('',#12053,1.);
#12053 = DIRECTION('',(0.,0.,1.));
#12054 = PLANE('',#12055);
#12055 = AXIS2_PLACEMENT_3D('',#12056,#12057,#12058);
#12056 = CARTESIAN_POINT('',(7.96157,72.0402,2.5));
#12057 = DIRECTION('',(-0.956944356801,-0.290271421235,0.));
#12058 = DIRECTION('',(-0.290271421235,0.956944356801,0.));
#12059 = ADVANCED_FACE('',(#12060),#12078,.T.);
#12060 = FACE_BOUND('',#12061,.T.);
#12061 = EDGE_LOOP('',(#12062,#12070,#12071,#12072));
#12062 = ORIENTED_EDGE('',*,*,#12063,.F.);
#12063 = EDGE_CURVE('',#12040,#12064,#12066,.T.);
#12064 = VERTEX_POINT('',#12065);
#12065 = CARTESIAN_POINT('',(7.66294,72.7611,2.5));
#12066 = LINE('',#12067,#12068);
#12067 = CARTESIAN_POINT('',(7.84776,72.4154,2.5));
#12068 = VECTOR('',#12069,1.);
#12069 = DIRECTION('',(-0.471475108574,0.881879369299,0.));
#12070 = ORIENTED_EDGE('',*,*,#12049,.T.);
#12071 = ORIENTED_EDGE('',*,*,#988,.F.);
#12072 = ORIENTED_EDGE('',*,*,#12073,.F.);
#12073 = EDGE_CURVE('',#12064,#981,#12074,.T.);
#12074 = LINE('',#12075,#12076);
#12075 = CARTESIAN_POINT('',(7.66294,72.7611,2.5));
#12076 = VECTOR('',#12077,1.);
#12077 = DIRECTION('',(0.,0.,1.));
#12078 = PLANE('',#12079);
#12079 = AXIS2_PLACEMENT_3D('',#12080,#12081,#12082);
#12080 = CARTESIAN_POINT('',(7.84776,72.4154,2.5));
#12081 = DIRECTION('',(-0.881879369299,-0.471475108574,0.));
#12082 = DIRECTION('',(-0.471475108574,0.881879369299,0.));
#12083 = ADVANCED_FACE('',(#12084),#12102,.T.);
#12084 = FACE_BOUND('',#12085,.T.);
#12085 = EDGE_LOOP('',(#12086,#12094,#12095,#12096));
#12086 = ORIENTED_EDGE('',*,*,#12087,.F.);
#12087 = EDGE_CURVE('',#12064,#12088,#12090,.T.);
#12088 = VERTEX_POINT('',#12089);
#12089 = CARTESIAN_POINT('',(7.41421,73.0642,2.5));
#12090 = LINE('',#12091,#12092);
#12091 = CARTESIAN_POINT('',(7.66294,72.7611,2.5));
#12092 = VECTOR('',#12093,1.);
#12093 = DIRECTION('',(-0.634366245875,0.773032642322,0.));
#12094 = ORIENTED_EDGE('',*,*,#12073,.T.);
#12095 = ORIENTED_EDGE('',*,*,#980,.F.);
#12096 = ORIENTED_EDGE('',*,*,#12097,.F.);
#12097 = EDGE_CURVE('',#12088,#973,#12098,.T.);
#12098 = LINE('',#12099,#12100);
#12099 = CARTESIAN_POINT('',(7.41421,73.0642,2.5));
#12100 = VECTOR('',#12101,1.);
#12101 = DIRECTION('',(0.,0.,1.));
#12102 = PLANE('',#12103);
#12103 = AXIS2_PLACEMENT_3D('',#12104,#12105,#12106);
#12104 = CARTESIAN_POINT('',(7.66294,72.7611,2.5));
#12105 = DIRECTION('',(-0.773032642322,-0.634366245875,0.));
#12106 = DIRECTION('',(-0.634366245875,0.773032642322,0.));
#12107 = ADVANCED_FACE('',(#12108),#12126,.T.);
#12108 = FACE_BOUND('',#12109,.T.);
#12109 = EDGE_LOOP('',(#12110,#12118,#12119,#12120));
#12110 = ORIENTED_EDGE('',*,*,#12111,.F.);
#12111 = EDGE_CURVE('',#12088,#12112,#12114,.T.);
#12112 = VERTEX_POINT('',#12113);
#12113 = CARTESIAN_POINT('',(7.11114,73.3129,2.5));
#12114 = LINE('',#12115,#12116);
#12115 = CARTESIAN_POINT('',(7.41421,73.0642,2.5));
#12116 = VECTOR('',#12117,1.);
#12117 = DIRECTION('',(-0.773039373458,0.634358043287,0.));
#12118 = ORIENTED_EDGE('',*,*,#12097,.T.);
#12119 = ORIENTED_EDGE('',*,*,#972,.F.);
#12120 = ORIENTED_EDGE('',*,*,#12121,.F.);
#12121 = EDGE_CURVE('',#12112,#965,#12122,.T.);
#12122 = LINE('',#12123,#12124);
#12123 = CARTESIAN_POINT('',(7.11114,73.3129,2.5));
#12124 = VECTOR('',#12125,1.);
#12125 = DIRECTION('',(0.,0.,1.));
#12126 = PLANE('',#12127);
#12127 = AXIS2_PLACEMENT_3D('',#12128,#12129,#12130);
#12128 = CARTESIAN_POINT('',(7.41421,73.0642,2.5));
#12129 = DIRECTION('',(-0.634358043287,-0.773039373458,0.));
#12130 = DIRECTION('',(-0.773039373458,0.634358043287,0.));
#12131 = ADVANCED_FACE('',(#12132),#12150,.T.);
#12132 = FACE_BOUND('',#12133,.T.);
#12133 = EDGE_LOOP('',(#12134,#12142,#12143,#12144));
#12134 = ORIENTED_EDGE('',*,*,#12135,.F.);
#12135 = EDGE_CURVE('',#12112,#12136,#12138,.T.);
#12136 = VERTEX_POINT('',#12137);
#12137 = CARTESIAN_POINT('',(6.76537,73.4978,2.5));
#12138 = LINE('',#12139,#12140);
#12139 = CARTESIAN_POINT('',(7.11114,73.3129,2.5));
#12140 = VECTOR('',#12141,1.);
#12141 = DIRECTION('',(-0.881834217651,0.471559553587,0.));
#12142 = ORIENTED_EDGE('',*,*,#12121,.T.);
#12143 = ORIENTED_EDGE('',*,*,#964,.F.);
#12144 = ORIENTED_EDGE('',*,*,#12145,.F.);
#12145 = EDGE_CURVE('',#12136,#957,#12146,.T.);
#12146 = LINE('',#12147,#12148);
#12147 = CARTESIAN_POINT('',(6.76537,73.4978,2.5));
#12148 = VECTOR('',#12149,1.);
#12149 = DIRECTION('',(0.,0.,1.));
#12150 = PLANE('',#12151);
#12151 = AXIS2_PLACEMENT_3D('',#12152,#12153,#12154);
#12152 = CARTESIAN_POINT('',(7.11114,73.3129,2.5));
#12153 = DIRECTION('',(-0.471559553587,-0.881834217651,0.));
#12154 = DIRECTION('',(-0.881834217651,0.471559553587,0.));
#12155 = ADVANCED_FACE('',(#12156),#12174,.T.);
#12156 = FACE_BOUND('',#12157,.T.);
#12157 = EDGE_LOOP('',(#12158,#12166,#12167,#12168));
#12158 = ORIENTED_EDGE('',*,*,#12159,.F.);
#12159 = EDGE_CURVE('',#12136,#12160,#12162,.T.);
#12160 = VERTEX_POINT('',#12161);
#12161 = CARTESIAN_POINT('',(6.39018,73.6116,2.5));
#12162 = LINE('',#12163,#12164);
#12163 = CARTESIAN_POINT('',(6.76537,73.4978,2.5));
#12164 = VECTOR('',#12165,1.);
#12165 = DIRECTION('',(-0.956949292431,0.290255149334,0.));
#12166 = ORIENTED_EDGE('',*,*,#12145,.T.);
#12167 = ORIENTED_EDGE('',*,*,#956,.F.);
#12168 = ORIENTED_EDGE('',*,*,#12169,.F.);
#12169 = EDGE_CURVE('',#12160,#949,#12170,.T.);
#12170 = LINE('',#12171,#12172);
#12171 = CARTESIAN_POINT('',(6.39018,73.6116,2.5));
#12172 = VECTOR('',#12173,1.);
#12173 = DIRECTION('',(0.,0.,1.));
#12174 = PLANE('',#12175);
#12175 = AXIS2_PLACEMENT_3D('',#12176,#12177,#12178);
#12176 = CARTESIAN_POINT('',(6.76537,73.4978,2.5));
#12177 = DIRECTION('',(-0.290255149334,-0.956949292431,0.));
#12178 = DIRECTION('',(-0.956949292431,0.290255149334,0.));
#12179 = ADVANCED_FACE('',(#12180),#12198,.T.);
#12180 = FACE_BOUND('',#12181,.T.);
#12181 = EDGE_LOOP('',(#12182,#12190,#12191,#12192));
#12182 = ORIENTED_EDGE('',*,*,#12183,.F.);
#12183 = EDGE_CURVE('',#12160,#12184,#12186,.T.);
#12184 = VERTEX_POINT('',#12185);
#12185 = CARTESIAN_POINT('',(6.,73.65,2.5));
#12186 = LINE('',#12187,#12188);
#12187 = CARTESIAN_POINT('',(6.39018,73.6116,2.5));
#12188 = VECTOR('',#12189,1.);
#12189 = DIRECTION('',(-0.995192032549,9.794293415829E-02,0.));
#12190 = ORIENTED_EDGE('',*,*,#12169,.T.);
#12191 = ORIENTED_EDGE('',*,*,#948,.F.);
#12192 = ORIENTED_EDGE('',*,*,#12193,.F.);
#12193 = EDGE_CURVE('',#12184,#941,#12194,.T.);
#12194 = LINE('',#12195,#12196);
#12195 = CARTESIAN_POINT('',(6.,73.65,2.5));
#12196 = VECTOR('',#12197,1.);
#12197 = DIRECTION('',(0.,0.,1.));
#12198 = PLANE('',#12199);
#12199 = AXIS2_PLACEMENT_3D('',#12200,#12201,#12202);
#12200 = CARTESIAN_POINT('',(6.39018,73.6116,2.5));
#12201 = DIRECTION('',(-9.794293415829E-02,-0.995192032549,0.));
#12202 = DIRECTION('',(-0.995192032549,9.794293415829E-02,0.));
#12203 = ADVANCED_FACE('',(#12204),#12222,.T.);
#12204 = FACE_BOUND('',#12205,.T.);
#12205 = EDGE_LOOP('',(#12206,#12214,#12215,#12216));
#12206 = ORIENTED_EDGE('',*,*,#12207,.F.);
#12207 = EDGE_CURVE('',#12184,#12208,#12210,.T.);
#12208 = VERTEX_POINT('',#12209);
#12209 = CARTESIAN_POINT('',(-13.15,73.65,2.5));
#12210 = LINE('',#12211,#12212);
#12211 = CARTESIAN_POINT('',(6.,73.65,2.5));
#12212 = VECTOR('',#12213,1.);
#12213 = DIRECTION('',(-1.,0.,0.));
#12214 = ORIENTED_EDGE('',*,*,#12193,.T.);
#12215 = ORIENTED_EDGE('',*,*,#940,.F.);
#12216 = ORIENTED_EDGE('',*,*,#12217,.F.);
#12217 = EDGE_CURVE('',#12208,#933,#12218,.T.);
#12218 = LINE('',#12219,#12220);
#12219 = CARTESIAN_POINT('',(-13.15,73.65,2.5));
#12220 = VECTOR('',#12221,1.);
#12221 = DIRECTION('',(0.,0.,1.));
#12222 = PLANE('',#12223);
#12223 = AXIS2_PLACEMENT_3D('',#12224,#12225,#12226);
#12224 = CARTESIAN_POINT('',(6.,73.65,2.5));
#12225 = DIRECTION('',(0.,-1.,0.));
#12226 = DIRECTION('',(-1.,0.,0.));
#12227 = ADVANCED_FACE('',(#12228),#12246,.T.);
#12228 = FACE_BOUND('',#12229,.T.);
#12229 = EDGE_LOOP('',(#12230,#12238,#12239,#12240));
#12230 = ORIENTED_EDGE('',*,*,#12231,.F.);
#12231 = EDGE_CURVE('',#12208,#12232,#12234,.T.);
#12232 = VERTEX_POINT('',#12233);
#12233 = CARTESIAN_POINT('',(-13.5402,73.6116,2.5));
#12234 = LINE('',#12235,#12236);
#12235 = CARTESIAN_POINT('',(-13.15,73.65,2.5));
#12236 = VECTOR('',#12237,1.);
#12237 = DIRECTION('',(-0.99519252186,-9.793796217177E-02,0.));
#12238 = ORIENTED_EDGE('',*,*,#12217,.T.);
#12239 = ORIENTED_EDGE('',*,*,#932,.F.);
#12240 = ORIENTED_EDGE('',*,*,#12241,.F.);
#12241 = EDGE_CURVE('',#12232,#925,#12242,.T.);
#12242 = LINE('',#12243,#12244);
#12243 = CARTESIAN_POINT('',(-13.5402,73.6116,2.5));
#12244 = VECTOR('',#12245,1.);
#12245 = DIRECTION('',(0.,0.,1.));
#12246 = PLANE('',#12247);
#12247 = AXIS2_PLACEMENT_3D('',#12248,#12249,#12250);
#12248 = CARTESIAN_POINT('',(-13.15,73.65,2.5));
#12249 = DIRECTION('',(9.793796217177E-02,-0.99519252186,0.));
#12250 = DIRECTION('',(-0.99519252186,-9.793796217177E-02,0.));
#12251 = ADVANCED_FACE('',(#12252),#12270,.T.);
#12252 = FACE_BOUND('',#12253,.T.);
#12253 = EDGE_LOOP('',(#12254,#12262,#12263,#12264));
#12254 = ORIENTED_EDGE('',*,*,#12255,.F.);
#12255 = EDGE_CURVE('',#12232,#12256,#12258,.T.);
#12256 = VERTEX_POINT('',#12257);
#12257 = CARTESIAN_POINT('',(-13.9154,73.4978,2.5));
#12258 = LINE('',#12259,#12260);
#12259 = CARTESIAN_POINT('',(-13.5402,73.6116,2.5));
#12260 = VECTOR('',#12261,1.);
#12261 = DIRECTION('',(-0.95695144116,-0.290248065043,0.));
#12262 = ORIENTED_EDGE('',*,*,#12241,.T.);
#12263 = ORIENTED_EDGE('',*,*,#924,.F.);
#12264 = ORIENTED_EDGE('',*,*,#12265,.F.);
#12265 = EDGE_CURVE('',#12256,#917,#12266,.T.);
#12266 = LINE('',#12267,#12268);
#12267 = CARTESIAN_POINT('',(-13.9154,73.4978,2.5));
#12268 = VECTOR('',#12269,1.);
#12269 = DIRECTION('',(0.,0.,1.));
#12270 = PLANE('',#12271);
#12271 = AXIS2_PLACEMENT_3D('',#12272,#12273,#12274);
#12272 = CARTESIAN_POINT('',(-13.5402,73.6116,2.5));
#12273 = DIRECTION('',(0.290248065043,-0.95695144116,0.));
#12274 = DIRECTION('',(-0.95695144116,-0.290248065043,0.));
#12275 = ADVANCED_FACE('',(#12276),#12294,.T.);
#12276 = FACE_BOUND('',#12277,.T.);
#12277 = EDGE_LOOP('',(#12278,#12286,#12287,#12288));
#12278 = ORIENTED_EDGE('',*,*,#12279,.F.);
#12279 = EDGE_CURVE('',#12256,#12280,#12282,.T.);
#12280 = VERTEX_POINT('',#12281);
#12281 = CARTESIAN_POINT('',(-14.2611,73.3129,2.5));
#12282 = LINE('',#12283,#12284);
#12283 = CARTESIAN_POINT('',(-13.9154,73.4978,2.5));
#12284 = VECTOR('',#12285,1.);
#12285 = DIRECTION('',(-0.881794510079,-0.471633800734,0.));
#12286 = ORIENTED_EDGE('',*,*,#12265,.T.);
#12287 = ORIENTED_EDGE('',*,*,#916,.F.);
#12288 = ORIENTED_EDGE('',*,*,#12289,.F.);
#12289 = EDGE_CURVE('',#12280,#909,#12290,.T.);
#12290 = LINE('',#12291,#12292);
#12291 = CARTESIAN_POINT('',(-14.2611,73.3129,2.5));
#12292 = VECTOR('',#12293,1.);
#12293 = DIRECTION('',(0.,0.,1.));
#12294 = PLANE('',#12295);
#12295 = AXIS2_PLACEMENT_3D('',#12296,#12297,#12298);
#12296 = CARTESIAN_POINT('',(-13.9154,73.4978,2.5));
#12297 = DIRECTION('',(0.471633800734,-0.881794510079,0.));
#12298 = DIRECTION('',(-0.881794510079,-0.471633800734,0.));
#12299 = ADVANCED_FACE('',(#12300),#12318,.T.);
#12300 = FACE_BOUND('',#12301,.T.);
#12301 = EDGE_LOOP('',(#12302,#12310,#12311,#12312));
#12302 = ORIENTED_EDGE('',*,*,#12303,.F.);
#12303 = EDGE_CURVE('',#12280,#12304,#12306,.T.);
#12304 = VERTEX_POINT('',#12305);
#12305 = CARTESIAN_POINT('',(-14.5642,73.0642,2.5));
#12306 = LINE('',#12307,#12308);
#12307 = CARTESIAN_POINT('',(-14.2611,73.3129,2.5));
#12308 = VECTOR('',#12309,1.);
#12309 = DIRECTION('',(-0.773070163501,-0.634320520167,0.));
#12310 = ORIENTED_EDGE('',*,*,#12289,.T.);
#12311 = ORIENTED_EDGE('',*,*,#908,.F.);
#12312 = ORIENTED_EDGE('',*,*,#12313,.F.);
#12313 = EDGE_CURVE('',#12304,#901,#12314,.T.);
#12314 = LINE('',#12315,#12316);
#12315 = CARTESIAN_POINT('',(-14.5642,73.0642,2.5));
#12316 = VECTOR('',#12317,1.);
#12317 = DIRECTION('',(0.,0.,1.));
#12318 = PLANE('',#12319);
#12319 = AXIS2_PLACEMENT_3D('',#12320,#12321,#12322);
#12320 = CARTESIAN_POINT('',(-14.2611,73.3129,2.5));
#12321 = DIRECTION('',(0.634320520167,-0.773070163501,0.));
#12322 = DIRECTION('',(-0.773070163501,-0.634320520167,0.));
#12323 = ADVANCED_FACE('',(#12324),#12342,.T.);
#12324 = FACE_BOUND('',#12325,.T.);
#12325 = EDGE_LOOP('',(#12326,#12334,#12335,#12336));
#12326 = ORIENTED_EDGE('',*,*,#12327,.F.);
#12327 = EDGE_CURVE('',#12304,#12328,#12330,.T.);
#12328 = VERTEX_POINT('',#12329);
#12329 = CARTESIAN_POINT('',(-14.8129,72.7611,2.5));
#12330 = LINE('',#12331,#12332);
#12331 = CARTESIAN_POINT('',(-14.5642,73.0642,2.5));
#12332 = VECTOR('',#12333,1.);
#12333 = DIRECTION('',(-0.634320520167,-0.773070163501,0.));
#12334 = ORIENTED_EDGE('',*,*,#12313,.T.);
#12335 = ORIENTED_EDGE('',*,*,#900,.F.);
#12336 = ORIENTED_EDGE('',*,*,#12337,.F.);
#12337 = EDGE_CURVE('',#12328,#893,#12338,.T.);
#12338 = LINE('',#12339,#12340);
#12339 = CARTESIAN_POINT('',(-14.8129,72.7611,2.5));
#12340 = VECTOR('',#12341,1.);
#12341 = DIRECTION('',(0.,0.,1.));
#12342 = PLANE('',#12343);
#12343 = AXIS2_PLACEMENT_3D('',#12344,#12345,#12346);
#12344 = CARTESIAN_POINT('',(-14.5642,73.0642,2.5));
#12345 = DIRECTION('',(0.773070163501,-0.634320520167,0.));
#12346 = DIRECTION('',(-0.634320520167,-0.773070163501,0.));
#12347 = ADVANCED_FACE('',(#12348),#12366,.T.);
#12348 = FACE_BOUND('',#12349,.T.);
#12349 = EDGE_LOOP('',(#12350,#12358,#12359,#12360));
#12350 = ORIENTED_EDGE('',*,*,#12351,.F.);
#12351 = EDGE_CURVE('',#12328,#12352,#12354,.T.);
#12352 = VERTEX_POINT('',#12353);
#12353 = CARTESIAN_POINT('',(-14.9978,72.4154,2.5));
#12354 = LINE('',#12355,#12356);
#12355 = CARTESIAN_POINT('',(-14.8129,72.7611,2.5));
#12356 = VECTOR('',#12357,1.);
#12357 = DIRECTION('',(-0.471633800734,-0.881794510079,0.));
#12358 = ORIENTED_EDGE('',*,*,#12337,.T.);
#12359 = ORIENTED_EDGE('',*,*,#892,.F.);
#12360 = ORIENTED_EDGE('',*,*,#12361,.F.);
#12361 = EDGE_CURVE('',#12352,#885,#12362,.T.);
#12362 = LINE('',#12363,#12364);
#12363 = CARTESIAN_POINT('',(-14.9978,72.4154,2.5));
#12364 = VECTOR('',#12365,1.);
#12365 = DIRECTION('',(0.,0.,1.));
#12366 = PLANE('',#12367);
#12367 = AXIS2_PLACEMENT_3D('',#12368,#12369,#12370);
#12368 = CARTESIAN_POINT('',(-14.8129,72.7611,2.5));
#12369 = DIRECTION('',(0.881794510079,-0.471633800734,0.));
#12370 = DIRECTION('',(-0.471633800734,-0.881794510079,0.));
#12371 = ADVANCED_FACE('',(#12372),#12390,.T.);
#12372 = FACE_BOUND('',#12373,.T.);
#12373 = EDGE_LOOP('',(#12374,#12382,#12383,#12384));
#12374 = ORIENTED_EDGE('',*,*,#12375,.F.);
#12375 = EDGE_CURVE('',#12352,#12376,#12378,.T.);
#12376 = VERTEX_POINT('',#12377);
#12377 = CARTESIAN_POINT('',(-15.1116,72.0402,2.5));
#12378 = LINE('',#12379,#12380);
#12379 = CARTESIAN_POINT('',(-14.9978,72.4154,2.5));
#12380 = VECTOR('',#12381,1.);
#12381 = DIRECTION('',(-0.290248065043,-0.95695144116,0.));
#12382 = ORIENTED_EDGE('',*,*,#12361,.T.);
#12383 = ORIENTED_EDGE('',*,*,#884,.F.);
#12384 = ORIENTED_EDGE('',*,*,#12385,.F.);
#12385 = EDGE_CURVE('',#12376,#877,#12386,.T.);
#12386 = LINE('',#12387,#12388);
#12387 = CARTESIAN_POINT('',(-15.1116,72.0402,2.5));
#12388 = VECTOR('',#12389,1.);
#12389 = DIRECTION('',(0.,0.,1.));
#12390 = PLANE('',#12391);
#12391 = AXIS2_PLACEMENT_3D('',#12392,#12393,#12394);
#12392 = CARTESIAN_POINT('',(-14.9978,72.4154,2.5));
#12393 = DIRECTION('',(0.95695144116,-0.290248065043,0.));
#12394 = DIRECTION('',(-0.290248065043,-0.95695144116,0.));
#12395 = ADVANCED_FACE('',(#12396),#12414,.T.);
#12396 = FACE_BOUND('',#12397,.T.);
#12397 = EDGE_LOOP('',(#12398,#12406,#12407,#12408));
#12398 = ORIENTED_EDGE('',*,*,#12399,.F.);
#12399 = EDGE_CURVE('',#12376,#12400,#12402,.T.);
#12400 = VERTEX_POINT('',#12401);
#12401 = CARTESIAN_POINT('',(-15.15,71.65,2.5));
#12402 = LINE('',#12403,#12404);
#12403 = CARTESIAN_POINT('',(-15.1116,72.0402,2.5));
#12404 = VECTOR('',#12405,1.);
#12405 = DIRECTION('',(-9.793796217175E-02,-0.99519252186,0.));
#12406 = ORIENTED_EDGE('',*,*,#12385,.T.);
#12407 = ORIENTED_EDGE('',*,*,#876,.F.);
#12408 = ORIENTED_EDGE('',*,*,#12409,.F.);
#12409 = EDGE_CURVE('',#12400,#869,#12410,.T.);
#12410 = LINE('',#12411,#12412);
#12411 = CARTESIAN_POINT('',(-15.15,71.65,2.5));
#12412 = VECTOR('',#12413,1.);
#12413 = DIRECTION('',(0.,0.,1.));
#12414 = PLANE('',#12415);
#12415 = AXIS2_PLACEMENT_3D('',#12416,#12417,#12418);
#12416 = CARTESIAN_POINT('',(-15.1116,72.0402,2.5));
#12417 = DIRECTION('',(0.99519252186,-9.793796217175E-02,0.));
#12418 = DIRECTION('',(-9.793796217175E-02,-0.99519252186,0.));
#12419 = ADVANCED_FACE('',(#12420),#12438,.T.);
#12420 = FACE_BOUND('',#12421,.T.);
#12421 = EDGE_LOOP('',(#12422,#12430,#12431,#12432));
#12422 = ORIENTED_EDGE('',*,*,#12423,.F.);
#12423 = EDGE_CURVE('',#12400,#12424,#12426,.T.);
#12424 = VERTEX_POINT('',#12425);
#12425 = CARTESIAN_POINT('',(-15.15,-49.93,2.5));
#12426 = LINE('',#12427,#12428);
#12427 = CARTESIAN_POINT('',(-15.15,71.65,2.5));
#12428 = VECTOR('',#12429,1.);
#12429 = DIRECTION('',(0.,-1.,0.));
#12430 = ORIENTED_EDGE('',*,*,#12409,.T.);
#12431 = ORIENTED_EDGE('',*,*,#868,.F.);
#12432 = ORIENTED_EDGE('',*,*,#12433,.F.);
#12433 = EDGE_CURVE('',#12424,#861,#12434,.T.);
#12434 = LINE('',#12435,#12436);
#12435 = CARTESIAN_POINT('',(-15.15,-49.93,2.5));
#12436 = VECTOR('',#12437,1.);
#12437 = DIRECTION('',(0.,0.,1.));
#12438 = PLANE('',#12439);
#12439 = AXIS2_PLACEMENT_3D('',#12440,#12441,#12442);
#12440 = CARTESIAN_POINT('',(-15.15,71.65,2.5));
#12441 = DIRECTION('',(1.,0.,0.));
#12442 = DIRECTION('',(0.,-1.,0.));
#12443 = ADVANCED_FACE('',(#12444),#12462,.T.);
#12444 = FACE_BOUND('',#12445,.T.);
#12445 = EDGE_LOOP('',(#12446,#12454,#12455,#12456));
#12446 = ORIENTED_EDGE('',*,*,#12447,.F.);
#12447 = EDGE_CURVE('',#12424,#12448,#12450,.T.);
#12448 = VERTEX_POINT('',#12449);
#12449 = CARTESIAN_POINT('',(-15.1116,-50.3202,2.5));
#12450 = LINE('',#12451,#12452);
#12451 = CARTESIAN_POINT('',(-15.15,-49.93,2.5));
#12452 = VECTOR('',#12453,1.);
#12453 = DIRECTION('',(9.793796217175E-02,-0.99519252186,0.));
#12454 = ORIENTED_EDGE('',*,*,#12433,.T.);
#12455 = ORIENTED_EDGE('',*,*,#860,.F.);
#12456 = ORIENTED_EDGE('',*,*,#12457,.F.);
#12457 = EDGE_CURVE('',#12448,#853,#12458,.T.);
#12458 = LINE('',#12459,#12460);
#12459 = CARTESIAN_POINT('',(-15.1116,-50.3202,2.5));
#12460 = VECTOR('',#12461,1.);
#12461 = DIRECTION('',(0.,0.,1.));
#12462 = PLANE('',#12463);
#12463 = AXIS2_PLACEMENT_3D('',#12464,#12465,#12466);
#12464 = CARTESIAN_POINT('',(-15.15,-49.93,2.5));
#12465 = DIRECTION('',(0.99519252186,9.793796217175E-02,0.));
#12466 = DIRECTION('',(9.793796217175E-02,-0.99519252186,0.));
#12467 = ADVANCED_FACE('',(#12468),#12486,.T.);
#12468 = FACE_BOUND('',#12469,.T.);
#12469 = EDGE_LOOP('',(#12470,#12478,#12479,#12480));
#12470 = ORIENTED_EDGE('',*,*,#12471,.F.);
#12471 = EDGE_CURVE('',#12448,#12472,#12474,.T.);
#12472 = VERTEX_POINT('',#12473);
#12473 = CARTESIAN_POINT('',(-14.9978,-50.6954,2.5));
#12474 = LINE('',#12475,#12476);
#12475 = CARTESIAN_POINT('',(-15.1116,-50.3202,2.5));
#12476 = VECTOR('',#12477,1.);
#12477 = DIRECTION('',(0.290248065043,-0.95695144116,0.));
#12478 = ORIENTED_EDGE('',*,*,#12457,.T.);
#12479 = ORIENTED_EDGE('',*,*,#852,.F.);
#12480 = ORIENTED_EDGE('',*,*,#12481,.F.);
#12481 = EDGE_CURVE('',#12472,#845,#12482,.T.);
#12482 = LINE('',#12483,#12484);
#12483 = CARTESIAN_POINT('',(-14.9978,-50.6954,2.5));
#12484 = VECTOR('',#12485,1.);
#12485 = DIRECTION('',(0.,0.,1.));
#12486 = PLANE('',#12487);
#12487 = AXIS2_PLACEMENT_3D('',#12488,#12489,#12490);
#12488 = CARTESIAN_POINT('',(-15.1116,-50.3202,2.5));
#12489 = DIRECTION('',(0.95695144116,0.290248065043,0.));
#12490 = DIRECTION('',(0.290248065043,-0.95695144116,0.));
#12491 = ADVANCED_FACE('',(#12492),#12510,.T.);
#12492 = FACE_BOUND('',#12493,.T.);
#12493 = EDGE_LOOP('',(#12494,#12502,#12503,#12504));
#12494 = ORIENTED_EDGE('',*,*,#12495,.F.);
#12495 = EDGE_CURVE('',#12472,#12496,#12498,.T.);
#12496 = VERTEX_POINT('',#12497);
#12497 = CARTESIAN_POINT('',(-14.8129,-51.0411,2.5));
#12498 = LINE('',#12499,#12500);
#12499 = CARTESIAN_POINT('',(-14.9978,-50.6954,2.5));
#12500 = VECTOR('',#12501,1.);
#12501 = DIRECTION('',(0.471633800734,-0.881794510079,0.));
#12502 = ORIENTED_EDGE('',*,*,#12481,.T.);
#12503 = ORIENTED_EDGE('',*,*,#844,.F.);
#12504 = ORIENTED_EDGE('',*,*,#12505,.F.);
#12505 = EDGE_CURVE('',#12496,#837,#12506,.T.);
#12506 = LINE('',#12507,#12508);
#12507 = CARTESIAN_POINT('',(-14.8129,-51.0411,2.5));
#12508 = VECTOR('',#12509,1.);
#12509 = DIRECTION('',(0.,0.,1.));
#12510 = PLANE('',#12511);
#12511 = AXIS2_PLACEMENT_3D('',#12512,#12513,#12514);
#12512 = CARTESIAN_POINT('',(-14.9978,-50.6954,2.5));
#12513 = DIRECTION('',(0.881794510079,0.471633800734,0.));
#12514 = DIRECTION('',(0.471633800734,-0.881794510079,0.));
#12515 = ADVANCED_FACE('',(#12516),#12534,.T.);
#12516 = FACE_BOUND('',#12517,.T.);
#12517 = EDGE_LOOP('',(#12518,#12526,#12527,#12528));
#12518 = ORIENTED_EDGE('',*,*,#12519,.F.);
#12519 = EDGE_CURVE('',#12496,#12520,#12522,.T.);
#12520 = VERTEX_POINT('',#12521);
#12521 = CARTESIAN_POINT('',(-14.5642,-51.3442,2.5));
#12522 = LINE('',#12523,#12524);
#12523 = CARTESIAN_POINT('',(-14.8129,-51.0411,2.5));
#12524 = VECTOR('',#12525,1.);
#12525 = DIRECTION('',(0.634320520167,-0.773070163501,0.));
#12526 = ORIENTED_EDGE('',*,*,#12505,.T.);
#12527 = ORIENTED_EDGE('',*,*,#836,.F.);
#12528 = ORIENTED_EDGE('',*,*,#12529,.F.);
#12529 = EDGE_CURVE('',#12520,#829,#12530,.T.);
#12530 = LINE('',#12531,#12532);
#12531 = CARTESIAN_POINT('',(-14.5642,-51.3442,2.5));
#12532 = VECTOR('',#12533,1.);
#12533 = DIRECTION('',(0.,0.,1.));
#12534 = PLANE('',#12535);
#12535 = AXIS2_PLACEMENT_3D('',#12536,#12537,#12538);
#12536 = CARTESIAN_POINT('',(-14.8129,-51.0411,2.5));
#12537 = DIRECTION('',(0.773070163501,0.634320520167,0.));
#12538 = DIRECTION('',(0.634320520167,-0.773070163501,0.));
#12539 = ADVANCED_FACE('',(#12540),#12558,.T.);
#12540 = FACE_BOUND('',#12541,.T.);
#12541 = EDGE_LOOP('',(#12542,#12550,#12551,#12552));
#12542 = ORIENTED_EDGE('',*,*,#12543,.F.);
#12543 = EDGE_CURVE('',#12520,#12544,#12546,.T.);
#12544 = VERTEX_POINT('',#12545);
#12545 = CARTESIAN_POINT('',(-14.2611,-51.5929,2.5));
#12546 = LINE('',#12547,#12548);
#12547 = CARTESIAN_POINT('',(-14.5642,-51.3442,2.5));
#12548 = VECTOR('',#12549,1.);
#12549 = DIRECTION('',(0.773070163501,-0.634320520167,0.));
#12550 = ORIENTED_EDGE('',*,*,#12529,.T.);
#12551 = ORIENTED_EDGE('',*,*,#828,.F.);
#12552 = ORIENTED_EDGE('',*,*,#12553,.F.);
#12553 = EDGE_CURVE('',#12544,#821,#12554,.T.);
#12554 = LINE('',#12555,#12556);
#12555 = CARTESIAN_POINT('',(-14.2611,-51.5929,2.5));
#12556 = VECTOR('',#12557,1.);
#12557 = DIRECTION('',(0.,0.,1.));
#12558 = PLANE('',#12559);
#12559 = AXIS2_PLACEMENT_3D('',#12560,#12561,#12562);
#12560 = CARTESIAN_POINT('',(-14.5642,-51.3442,2.5));
#12561 = DIRECTION('',(0.634320520167,0.773070163501,0.));
#12562 = DIRECTION('',(0.773070163501,-0.634320520167,0.));
#12563 = ADVANCED_FACE('',(#12564),#12582,.T.);
#12564 = FACE_BOUND('',#12565,.T.);
#12565 = EDGE_LOOP('',(#12566,#12574,#12575,#12576));
#12566 = ORIENTED_EDGE('',*,*,#12567,.F.);
#12567 = EDGE_CURVE('',#12544,#12568,#12570,.T.);
#12568 = VERTEX_POINT('',#12569);
#12569 = CARTESIAN_POINT('',(-13.9154,-51.7777,2.5));
#12570 = LINE('',#12571,#12572);
#12571 = CARTESIAN_POINT('',(-14.2611,-51.5929,2.5));
#12572 = VECTOR('',#12573,1.);
#12573 = DIRECTION('',(0.881900582193,-0.471435428375,0.));
#12574 = ORIENTED_EDGE('',*,*,#12553,.T.);
#12575 = ORIENTED_EDGE('',*,*,#820,.F.);
#12576 = ORIENTED_EDGE('',*,*,#12577,.F.);
#12577 = EDGE_CURVE('',#12568,#813,#12578,.T.);
#12578 = LINE('',#12579,#12580);
#12579 = CARTESIAN_POINT('',(-13.9154,-51.7777,2.5));
#12580 = VECTOR('',#12581,1.);
#12581 = DIRECTION('',(0.,0.,1.));
#12582 = PLANE('',#12583);
#12583 = AXIS2_PLACEMENT_3D('',#12584,#12585,#12586);
#12584 = CARTESIAN_POINT('',(-14.2611,-51.5929,2.5));
#12585 = DIRECTION('',(0.471435428375,0.881900582193,0.));
#12586 = DIRECTION('',(0.881900582193,-0.471435428375,0.));
#12587 = ADVANCED_FACE('',(#12588),#12606,.T.);
#12588 = FACE_BOUND('',#12589,.T.);
#12589 = EDGE_LOOP('',(#12590,#12598,#12599,#12600));
#12590 = ORIENTED_EDGE('',*,*,#12591,.F.);
#12591 = EDGE_CURVE('',#12568,#12592,#12594,.T.);
#12592 = VERTEX_POINT('',#12593);
#12593 = CARTESIAN_POINT('',(-13.5402,-51.8916,2.5));
#12594 = LINE('',#12595,#12596);
#12595 = CARTESIAN_POINT('',(-13.9154,-51.7777,2.5));
#12596 = VECTOR('',#12597,1.);
#12597 = DIRECTION('',(0.956880576643,-0.290481603624,0.));
#12598 = ORIENTED_EDGE('',*,*,#12577,.T.);
#12599 = ORIENTED_EDGE('',*,*,#812,.F.);
#12600 = ORIENTED_EDGE('',*,*,#12601,.F.);
#12601 = EDGE_CURVE('',#12592,#805,#12602,.T.);
#12602 = LINE('',#12603,#12604);
#12603 = CARTESIAN_POINT('',(-13.5402,-51.8916,2.5));
#12604 = VECTOR('',#12605,1.);
#12605 = DIRECTION('',(0.,0.,1.));
#12606 = PLANE('',#12607);
#12607 = AXIS2_PLACEMENT_3D('',#12608,#12609,#12610);
#12608 = CARTESIAN_POINT('',(-13.9154,-51.7777,2.5));
#12609 = DIRECTION('',(0.290481603624,0.956880576643,0.));
#12610 = DIRECTION('',(0.956880576643,-0.290481603624,0.));
#12611 = ADVANCED_FACE('',(#12612),#12630,.T.);
#12612 = FACE_BOUND('',#12613,.T.);
#12613 = EDGE_LOOP('',(#12614,#12622,#12623,#12624));
#12614 = ORIENTED_EDGE('',*,*,#12615,.F.);
#12615 = EDGE_CURVE('',#12592,#12616,#12618,.T.);
#12616 = VERTEX_POINT('',#12617);
#12617 = CARTESIAN_POINT('',(-13.15,-51.93,2.5));
#12618 = LINE('',#12619,#12620);
#12619 = CARTESIAN_POINT('',(-13.5402,-51.8916,2.5));
#12620 = VECTOR('',#12621,1.);
#12621 = DIRECTION('',(0.99519252186,-9.793796217175E-02,0.));
#12622 = ORIENTED_EDGE('',*,*,#12601,.T.);
#12623 = ORIENTED_EDGE('',*,*,#804,.F.);
#12624 = ORIENTED_EDGE('',*,*,#12625,.F.);
#12625 = EDGE_CURVE('',#12616,#797,#12626,.T.);
#12626 = LINE('',#12627,#12628);
#12627 = CARTESIAN_POINT('',(-13.15,-51.93,2.5));
#12628 = VECTOR('',#12629,1.);
#12629 = DIRECTION('',(0.,0.,1.));
#12630 = PLANE('',#12631);
#12631 = AXIS2_PLACEMENT_3D('',#12632,#12633,#12634);
#12632 = CARTESIAN_POINT('',(-13.5402,-51.8916,2.5));
#12633 = DIRECTION('',(9.793796217175E-02,0.99519252186,0.));
#12634 = DIRECTION('',(0.99519252186,-9.793796217175E-02,0.));
#12635 = ADVANCED_FACE('',(#12636),#12654,.T.);
#12636 = FACE_BOUND('',#12637,.T.);
#12637 = EDGE_LOOP('',(#12638,#12646,#12647,#12648));
#12638 = ORIENTED_EDGE('',*,*,#12639,.F.);
#12639 = EDGE_CURVE('',#12616,#12640,#12642,.T.);
#12640 = VERTEX_POINT('',#12641);
#12641 = CARTESIAN_POINT('',(53.,-51.93,2.5));
#12642 = LINE('',#12643,#12644);
#12643 = CARTESIAN_POINT('',(-13.15,-51.93,2.5));
#12644 = VECTOR('',#12645,1.);
#12645 = DIRECTION('',(1.,0.,0.));
#12646 = ORIENTED_EDGE('',*,*,#12625,.T.);
#12647 = ORIENTED_EDGE('',*,*,#796,.F.);
#12648 = ORIENTED_EDGE('',*,*,#12649,.F.);
#12649 = EDGE_CURVE('',#12640,#789,#12650,.T.);
#12650 = LINE('',#12651,#12652);
#12651 = CARTESIAN_POINT('',(53.,-51.93,2.5));
#12652 = VECTOR('',#12653,1.);
#12653 = DIRECTION('',(0.,0.,1.));
#12654 = PLANE('',#12655);
#12655 = AXIS2_PLACEMENT_3D('',#12656,#12657,#12658);
#12656 = CARTESIAN_POINT('',(-13.15,-51.93,2.5));
#12657 = DIRECTION('',(0.,1.,0.));
#12658 = DIRECTION('',(1.,0.,0.));
#12659 = ADVANCED_FACE('',(#12660),#12678,.T.);
#12660 = FACE_BOUND('',#12661,.T.);
#12661 = EDGE_LOOP('',(#12662,#12670,#12671,#12672));
#12662 = ORIENTED_EDGE('',*,*,#12663,.F.);
#12663 = EDGE_CURVE('',#12640,#12664,#12666,.T.);
#12664 = VERTEX_POINT('',#12665);
#12665 = CARTESIAN_POINT('',(53.3902,-51.8916,2.5));
#12666 = LINE('',#12667,#12668);
#12667 = CARTESIAN_POINT('',(53.,-51.93,2.5));
#12668 = VECTOR('',#12669,1.);
#12669 = DIRECTION('',(0.99519252186,9.793796217175E-02,0.));
#12670 = ORIENTED_EDGE('',*,*,#12649,.T.);
#12671 = ORIENTED_EDGE('',*,*,#788,.F.);
#12672 = ORIENTED_EDGE('',*,*,#12673,.F.);
#12673 = EDGE_CURVE('',#12664,#781,#12674,.T.);
#12674 = LINE('',#12675,#12676);
#12675 = CARTESIAN_POINT('',(53.3902,-51.8916,2.5));
#12676 = VECTOR('',#12677,1.);
#12677 = DIRECTION('',(0.,0.,1.));
#12678 = PLANE('',#12679);
#12679 = AXIS2_PLACEMENT_3D('',#12680,#12681,#12682);
#12680 = CARTESIAN_POINT('',(53.,-51.93,2.5));
#12681 = DIRECTION('',(-9.793796217175E-02,0.99519252186,0.));
#12682 = DIRECTION('',(0.99519252186,9.793796217175E-02,0.));
#12683 = ADVANCED_FACE('',(#12684),#12695,.T.);
#12684 = FACE_BOUND('',#12685,.T.);
#12685 = EDGE_LOOP('',(#12686,#12692,#12693,#12694));
#12686 = ORIENTED_EDGE('',*,*,#12687,.F.);
#12687 = EDGE_CURVE('',#12664,#3825,#12688,.T.);
#12688 = LINE('',#12689,#12690);
#12689 = CARTESIAN_POINT('',(53.3902,-51.8916,2.5));
#12690 = VECTOR('',#12691,1.);
#12691 = DIRECTION('',(0.956880576643,0.290481603624,0.));
#12692 = ORIENTED_EDGE('',*,*,#12673,.T.);
#12693 = ORIENTED_EDGE('',*,*,#780,.F.);
#12694 = ORIENTED_EDGE('',*,*,#3834,.F.);
#12695 = PLANE('',#12696);
#12696 = AXIS2_PLACEMENT_3D('',#12697,#12698,#12699);
#12697 = CARTESIAN_POINT('',(53.3902,-51.8916,2.5));
#12698 = DIRECTION('',(-0.290481603624,0.956880576643,0.));
#12699 = DIRECTION('',(0.956880576643,0.290481603624,0.));
#12700 = ADVANCED_FACE('',(#12701),#12720,.F.);
#12701 = FACE_BOUND('',#12702,.T.);
#12702 = EDGE_LOOP('',(#12703,#12712,#12718,#12719));
#12703 = ORIENTED_EDGE('',*,*,#12704,.F.);
#12704 = EDGE_CURVE('',#12705,#12705,#12707,.T.);
#12705 = VERTEX_POINT('',#12706);
#12706 = CARTESIAN_POINT('',(134.3,70.15,36.3));
#12707 = CIRCLE('',#12708,3.15);
#12708 = AXIS2_PLACEMENT_3D('',#12709,#12710,#12711);
#12709 = CARTESIAN_POINT('',(131.15,70.15,36.3));
#12710 = DIRECTION('',(0.,0.,1.));
#12711 = DIRECTION('',(1.,0.,0.));
#12712 = ORIENTED_EDGE('',*,*,#12713,.T.);
#12713 = EDGE_CURVE('',#12705,#3733,#12714,.T.);
#12714 = LINE('',#12715,#12716);
#12715 = CARTESIAN_POINT('',(134.3,70.15,36.3));
#12716 = VECTOR('',#12717,1.);
#12717 = DIRECTION('',(0.,0.,1.));
#12718 = ORIENTED_EDGE('',*,*,#3732,.F.);
#12719 = ORIENTED_EDGE('',*,*,#12713,.F.);
#12720 = CYLINDRICAL_SURFACE('',#12721,3.15);
#12721 = AXIS2_PLACEMENT_3D('',#12722,#12723,#12724);
#12722 = CARTESIAN_POINT('',(131.15,70.15,36.3));
#12723 = DIRECTION('',(-0.,-0.,-1.));
#12724 = DIRECTION('',(1.,0.,0.));
#12725 = ADVANCED_FACE('',(#12726),#12729,.T.);
#12726 = FACE_BOUND('',#12727,.F.);
#12727 = EDGE_LOOP('',(#12728));
#12728 = ORIENTED_EDGE('',*,*,#3749,.F.);
#12729 = PLANE('',#12730);
#12730 = AXIS2_PLACEMENT_3D('',#12731,#12732,#12733);
#12731 = CARTESIAN_POINT('',(63.15,-48.43,36.3));
#12732 = DIRECTION('',(0.,0.,1.));
#12733 = DIRECTION('',(1.,0.,0.));
#12734 = ADVANCED_FACE('',(#12735),#12738,.T.);
#12735 = FACE_BOUND('',#12736,.F.);
#12736 = EDGE_LOOP('',(#12737));
#12737 = ORIENTED_EDGE('',*,*,#3774,.F.);
#12738 = PLANE('',#12739);
#12739 = AXIS2_PLACEMENT_3D('',#12740,#12741,#12742);
#12740 = CARTESIAN_POINT('',(129.65,-46.93,36.3));
#12741 = DIRECTION('',(0.,0.,1.));
#12742 = DIRECTION('',(1.,0.,0.));
#12743 = ADVANCED_FACE('',(#12744),#12747,.T.);
#12744 = FACE_BOUND('',#12745,.F.);
#12745 = EDGE_LOOP('',(#12746));
#12746 = ORIENTED_EDGE('',*,*,#3799,.F.);
#12747 = PLANE('',#12748);
#12748 = AXIS2_PLACEMENT_3D('',#12749,#12750,#12751);
#12749 = CARTESIAN_POINT('',(19.05,70.15,36.3));
#12750 = DIRECTION('',(0.,0.,1.));
#12751 = DIRECTION('',(1.,0.,0.));
#12752 = ADVANCED_FACE('',(#12753),#13125,.T.);
#12753 = FACE_BOUND('',#12754,.T.);
#12754 = EDGE_LOOP('',(#12755,#12756,#12757,#12758,#12759,#12760,#12761,
    #12762,#12763,#12764,#12765,#12766,#12767,#12768,#12769,#12770,
    #12771,#12772,#12773,#12774,#12775,#12776,#12777,#12778,#12779,
    #12780,#12781,#12782,#12783,#12784,#12785,#12786,#12787,#12788,
    #12789,#12790,#12791,#12792,#12793,#12794,#12795,#12796,#12797,
    #12798,#12799,#12800,#12801,#12802,#12803,#12804,#12805,#12806,
    #12807,#12808,#12809,#12810,#12811,#12812,#12813,#12814,#12815,
    #12816,#12817,#12818,#12819,#12820,#12821,#12822,#12823,#12824,
    #12825,#12826,#12827,#12828,#12829,#12830,#12831,#12832,#12833,
    #12834,#12835,#12836,#12837,#12838,#12839,#12840,#12841,#12842,
    #12843,#12844,#12845,#12846,#12847,#12848,#12849,#12850,#12851,
    #12852,#12853,#12854,#12855,#12856,#12857,#12858,#12859,#12860,
    #12861,#12862,#12863,#12864,#12865,#12866,#12867,#12868,#12869,
    #12870,#12871,#12872,#12873,#12874,#12875,#12876,#12877,#12878,
    #12879,#12880,#12881,#12882,#12883,#12884,#12885,#12886,#12887,
    #12888,#12889,#12890,#12891,#12892,#12893,#12894,#12895,#12896,
    #12897,#12898,#12899,#12900,#12901,#12902,#12903,#12904,#12905,
    #12906,#12907,#12908,#12909,#12910,#12911,#12912,#12913,#12914,
    #12915,#12916,#12917,#12918,#12919,#12920,#12921,#12922,#12923,
    #12924,#12925,#12926,#12927,#12928,#12929,#12930,#12931,#12932,
    #12933,#12934,#12935,#12936,#12937,#12938,#12939,#12940,#12941,
    #12942,#12943,#12944,#12945,#12946,#12947,#12948,#12949,#12950,
    #12951,#12952,#12953,#12954,#12955,#12956,#12957,#12958,#12959,
    #12960,#12961,#12962,#12963,#12964,#12965,#12966,#12967,#12968,
    #12969,#12970,#12971,#12972,#12973,#12974,#12975,#12976,#12977,
    #12978,#12979,#12980,#12981,#12982,#12983,#12984,#12985,#12986,
    #12987,#12988,#12989,#12990,#12991,#12992,#12993,#12994,#12995,
    #12996,#12997,#12998,#12999,#13000,#13001,#13002,#13003,#13004,
    #13005,#13006,#13007,#13008,#13009,#13010,#13011,#13012,#13013,
    #13014,#13015,#13016,#13017,#13018,#13019,#13020,#13021,#13022,
    #13023,#13024,#13025,#13026,#13027,#13028,#13029,#13030,#13031,
    #13032,#13033,#13034,#13035,#13036,#13037,#13038,#13039,#13040,
    #13041,#13042,#13043,#13044,#13045,#13046,#13047,#13048,#13049,
    #13050,#13051,#13052,#13053,#13054,#13055,#13056,#13057,#13058,
    #13059,#13060,#13061,#13062,#13063,#13064,#13065,#13066,#13067,
    #13068,#13069,#13070,#13071,#13072,#13073,#13074,#13075,#13076,
    #13077,#13078,#13079,#13080,#13081,#13082,#13083,#13084,#13085,
    #13086,#13087,#13088,#13089,#13090,#13091,#13092,#13093,#13094,
    #13095,#13096,#13097,#13098,#13099,#13100,#13101,#13102,#13103,
    #13104,#13105,#13106,#13107,#13108,#13109,#13110,#13111,#13112,
    #13113,#13114,#13115,#13116,#13117,#13118,#13119,#13120,#13121,
    #13122,#13123,#13124));
#12755 = ORIENTED_EDGE('',*,*,#12687,.T.);
#12756 = ORIENTED_EDGE('',*,*,#3824,.T.);
#12757 = ORIENTED_EDGE('',*,*,#3855,.T.);
#12758 = ORIENTED_EDGE('',*,*,#3879,.T.);
#12759 = ORIENTED_EDGE('',*,*,#3903,.T.);
#12760 = ORIENTED_EDGE('',*,*,#3927,.T.);
#12761 = ORIENTED_EDGE('',*,*,#3951,.T.);
#12762 = ORIENTED_EDGE('',*,*,#3975,.T.);
#12763 = ORIENTED_EDGE('',*,*,#3999,.T.);
#12764 = ORIENTED_EDGE('',*,*,#4023,.T.);
#12765 = ORIENTED_EDGE('',*,*,#4047,.T.);
#12766 = ORIENTED_EDGE('',*,*,#4071,.T.);
#12767 = ORIENTED_EDGE('',*,*,#4095,.T.);
#12768 = ORIENTED_EDGE('',*,*,#4119,.T.);
#12769 = ORIENTED_EDGE('',*,*,#4143,.T.);
#12770 = ORIENTED_EDGE('',*,*,#4167,.T.);
#12771 = ORIENTED_EDGE('',*,*,#4191,.T.);
#12772 = ORIENTED_EDGE('',*,*,#4215,.T.);
#12773 = ORIENTED_EDGE('',*,*,#4239,.T.);
#12774 = ORIENTED_EDGE('',*,*,#4263,.T.);
#12775 = ORIENTED_EDGE('',*,*,#4287,.T.);
#12776 = ORIENTED_EDGE('',*,*,#4311,.T.);
#12777 = ORIENTED_EDGE('',*,*,#4335,.T.);
#12778 = ORIENTED_EDGE('',*,*,#4359,.T.);
#12779 = ORIENTED_EDGE('',*,*,#4383,.T.);
#12780 = ORIENTED_EDGE('',*,*,#4407,.T.);
#12781 = ORIENTED_EDGE('',*,*,#4431,.T.);
#12782 = ORIENTED_EDGE('',*,*,#4455,.T.);
#12783 = ORIENTED_EDGE('',*,*,#4479,.T.);
#12784 = ORIENTED_EDGE('',*,*,#4503,.T.);
#12785 = ORIENTED_EDGE('',*,*,#4527,.T.);
#12786 = ORIENTED_EDGE('',*,*,#4551,.T.);
#12787 = ORIENTED_EDGE('',*,*,#4575,.T.);
#12788 = ORIENTED_EDGE('',*,*,#4599,.T.);
#12789 = ORIENTED_EDGE('',*,*,#4623,.T.);
#12790 = ORIENTED_EDGE('',*,*,#4647,.T.);
#12791 = ORIENTED_EDGE('',*,*,#4671,.T.);
#12792 = ORIENTED_EDGE('',*,*,#4695,.T.);
#12793 = ORIENTED_EDGE('',*,*,#4719,.T.);
#12794 = ORIENTED_EDGE('',*,*,#4743,.T.);
#12795 = ORIENTED_EDGE('',*,*,#4767,.T.);
#12796 = ORIENTED_EDGE('',*,*,#4791,.T.);
#12797 = ORIENTED_EDGE('',*,*,#4815,.T.);
#12798 = ORIENTED_EDGE('',*,*,#4839,.T.);
#12799 = ORIENTED_EDGE('',*,*,#4863,.T.);
#12800 = ORIENTED_EDGE('',*,*,#4887,.T.);
#12801 = ORIENTED_EDGE('',*,*,#4911,.T.);
#12802 = ORIENTED_EDGE('',*,*,#4935,.T.);
#12803 = ORIENTED_EDGE('',*,*,#4959,.T.);
#12804 = ORIENTED_EDGE('',*,*,#4983,.T.);
#12805 = ORIENTED_EDGE('',*,*,#5007,.T.);
#12806 = ORIENTED_EDGE('',*,*,#5031,.T.);
#12807 = ORIENTED_EDGE('',*,*,#5055,.T.);
#12808 = ORIENTED_EDGE('',*,*,#5079,.T.);
#12809 = ORIENTED_EDGE('',*,*,#5103,.T.);
#12810 = ORIENTED_EDGE('',*,*,#5127,.T.);
#12811 = ORIENTED_EDGE('',*,*,#5151,.T.);
#12812 = ORIENTED_EDGE('',*,*,#5175,.T.);
#12813 = ORIENTED_EDGE('',*,*,#5199,.T.);
#12814 = ORIENTED_EDGE('',*,*,#5223,.T.);
#12815 = ORIENTED_EDGE('',*,*,#5247,.T.);
#12816 = ORIENTED_EDGE('',*,*,#5271,.T.);
#12817 = ORIENTED_EDGE('',*,*,#5295,.T.);
#12818 = ORIENTED_EDGE('',*,*,#5319,.T.);
#12819 = ORIENTED_EDGE('',*,*,#5343,.T.);
#12820 = ORIENTED_EDGE('',*,*,#5367,.T.);
#12821 = ORIENTED_EDGE('',*,*,#5391,.T.);
#12822 = ORIENTED_EDGE('',*,*,#5415,.T.);
#12823 = ORIENTED_EDGE('',*,*,#5439,.T.);
#12824 = ORIENTED_EDGE('',*,*,#5463,.T.);
#12825 = ORIENTED_EDGE('',*,*,#5487,.T.);
#12826 = ORIENTED_EDGE('',*,*,#5511,.T.);
#12827 = ORIENTED_EDGE('',*,*,#5535,.T.);
#12828 = ORIENTED_EDGE('',*,*,#5559,.T.);
#12829 = ORIENTED_EDGE('',*,*,#5583,.T.);
#12830 = ORIENTED_EDGE('',*,*,#5607,.T.);
#12831 = ORIENTED_EDGE('',*,*,#5631,.T.);
#12832 = ORIENTED_EDGE('',*,*,#5655,.T.);
#12833 = ORIENTED_EDGE('',*,*,#5679,.T.);
#12834 = ORIENTED_EDGE('',*,*,#5703,.T.);
#12835 = ORIENTED_EDGE('',*,*,#5727,.T.);
#12836 = ORIENTED_EDGE('',*,*,#5751,.T.);
#12837 = ORIENTED_EDGE('',*,*,#5775,.T.);
#12838 = ORIENTED_EDGE('',*,*,#5799,.T.);
#12839 = ORIENTED_EDGE('',*,*,#5823,.T.);
#12840 = ORIENTED_EDGE('',*,*,#5847,.T.);
#12841 = ORIENTED_EDGE('',*,*,#5871,.T.);
#12842 = ORIENTED_EDGE('',*,*,#5895,.T.);
#12843 = ORIENTED_EDGE('',*,*,#5919,.T.);
#12844 = ORIENTED_EDGE('',*,*,#5943,.T.);
#12845 = ORIENTED_EDGE('',*,*,#5967,.T.);
#12846 = ORIENTED_EDGE('',*,*,#5991,.T.);
#12847 = ORIENTED_EDGE('',*,*,#6015,.T.);
#12848 = ORIENTED_EDGE('',*,*,#6039,.T.);
#12849 = ORIENTED_EDGE('',*,*,#6063,.T.);
#12850 = ORIENTED_EDGE('',*,*,#6087,.T.);
#12851 = ORIENTED_EDGE('',*,*,#6111,.T.);
#12852 = ORIENTED_EDGE('',*,*,#6135,.T.);
#12853 = ORIENTED_EDGE('',*,*,#6159,.T.);
#12854 = ORIENTED_EDGE('',*,*,#6183,.T.);
#12855 = ORIENTED_EDGE('',*,*,#6207,.T.);
#12856 = ORIENTED_EDGE('',*,*,#6231,.T.);
#12857 = ORIENTED_EDGE('',*,*,#6255,.T.);
#12858 = ORIENTED_EDGE('',*,*,#6279,.T.);
#12859 = ORIENTED_EDGE('',*,*,#6303,.T.);
#12860 = ORIENTED_EDGE('',*,*,#6327,.T.);
#12861 = ORIENTED_EDGE('',*,*,#6351,.T.);
#12862 = ORIENTED_EDGE('',*,*,#6375,.T.);
#12863 = ORIENTED_EDGE('',*,*,#6399,.T.);
#12864 = ORIENTED_EDGE('',*,*,#6423,.T.);
#12865 = ORIENTED_EDGE('',*,*,#6447,.T.);
#12866 = ORIENTED_EDGE('',*,*,#6471,.T.);
#12867 = ORIENTED_EDGE('',*,*,#6495,.T.);
#12868 = ORIENTED_EDGE('',*,*,#6519,.T.);
#12869 = ORIENTED_EDGE('',*,*,#6543,.T.);
#12870 = ORIENTED_EDGE('',*,*,#6567,.T.);
#12871 = ORIENTED_EDGE('',*,*,#6591,.T.);
#12872 = ORIENTED_EDGE('',*,*,#6615,.T.);
#12873 = ORIENTED_EDGE('',*,*,#6639,.T.);
#12874 = ORIENTED_EDGE('',*,*,#6663,.T.);
#12875 = ORIENTED_EDGE('',*,*,#6687,.T.);
#12876 = ORIENTED_EDGE('',*,*,#6711,.T.);
#12877 = ORIENTED_EDGE('',*,*,#6735,.T.);
#12878 = ORIENTED_EDGE('',*,*,#6759,.T.);
#12879 = ORIENTED_EDGE('',*,*,#6783,.T.);
#12880 = ORIENTED_EDGE('',*,*,#6807,.T.);
#12881 = ORIENTED_EDGE('',*,*,#6831,.T.);
#12882 = ORIENTED_EDGE('',*,*,#6855,.T.);
#12883 = ORIENTED_EDGE('',*,*,#6879,.T.);
#12884 = ORIENTED_EDGE('',*,*,#6903,.T.);
#12885 = ORIENTED_EDGE('',*,*,#6927,.T.);
#12886 = ORIENTED_EDGE('',*,*,#6951,.T.);
#12887 = ORIENTED_EDGE('',*,*,#6975,.T.);
#12888 = ORIENTED_EDGE('',*,*,#6999,.T.);
#12889 = ORIENTED_EDGE('',*,*,#7023,.T.);
#12890 = ORIENTED_EDGE('',*,*,#7047,.T.);
#12891 = ORIENTED_EDGE('',*,*,#7071,.T.);
#12892 = ORIENTED_EDGE('',*,*,#7095,.T.);
#12893 = ORIENTED_EDGE('',*,*,#7119,.T.);
#12894 = ORIENTED_EDGE('',*,*,#7143,.T.);
#12895 = ORIENTED_EDGE('',*,*,#7167,.T.);
#12896 = ORIENTED_EDGE('',*,*,#7191,.T.);
#12897 = ORIENTED_EDGE('',*,*,#7215,.T.);
#12898 = ORIENTED_EDGE('',*,*,#7239,.T.);
#12899 = ORIENTED_EDGE('',*,*,#7263,.T.);
#12900 = ORIENTED_EDGE('',*,*,#7287,.T.);
#12901 = ORIENTED_EDGE('',*,*,#7311,.T.);
#12902 = ORIENTED_EDGE('',*,*,#7335,.T.);
#12903 = ORIENTED_EDGE('',*,*,#7359,.T.);
#12904 = ORIENTED_EDGE('',*,*,#7383,.T.);
#12905 = ORIENTED_EDGE('',*,*,#7407,.T.);
#12906 = ORIENTED_EDGE('',*,*,#7431,.T.);
#12907 = ORIENTED_EDGE('',*,*,#7455,.T.);
#12908 = ORIENTED_EDGE('',*,*,#7479,.T.);
#12909 = ORIENTED_EDGE('',*,*,#7503,.T.);
#12910 = ORIENTED_EDGE('',*,*,#7527,.T.);
#12911 = ORIENTED_EDGE('',*,*,#7551,.T.);
#12912 = ORIENTED_EDGE('',*,*,#7575,.T.);
#12913 = ORIENTED_EDGE('',*,*,#7599,.T.);
#12914 = ORIENTED_EDGE('',*,*,#7623,.T.);
#12915 = ORIENTED_EDGE('',*,*,#7647,.T.);
#12916 = ORIENTED_EDGE('',*,*,#7671,.T.);
#12917 = ORIENTED_EDGE('',*,*,#7695,.T.);
#12918 = ORIENTED_EDGE('',*,*,#7719,.T.);
#12919 = ORIENTED_EDGE('',*,*,#7743,.T.);
#12920 = ORIENTED_EDGE('',*,*,#7767,.T.);
#12921 = ORIENTED_EDGE('',*,*,#7791,.T.);
#12922 = ORIENTED_EDGE('',*,*,#7815,.T.);
#12923 = ORIENTED_EDGE('',*,*,#7839,.T.);
#12924 = ORIENTED_EDGE('',*,*,#7863,.T.);
#12925 = ORIENTED_EDGE('',*,*,#7887,.T.);
#12926 = ORIENTED_EDGE('',*,*,#7911,.T.);
#12927 = ORIENTED_EDGE('',*,*,#7935,.T.);
#12928 = ORIENTED_EDGE('',*,*,#7959,.T.);
#12929 = ORIENTED_EDGE('',*,*,#7983,.T.);
#12930 = ORIENTED_EDGE('',*,*,#8007,.T.);
#12931 = ORIENTED_EDGE('',*,*,#8031,.T.);
#12932 = ORIENTED_EDGE('',*,*,#8055,.T.);
#12933 = ORIENTED_EDGE('',*,*,#8079,.T.);
#12934 = ORIENTED_EDGE('',*,*,#8103,.T.);
#12935 = ORIENTED_EDGE('',*,*,#8127,.T.);
#12936 = ORIENTED_EDGE('',*,*,#8151,.T.);
#12937 = ORIENTED_EDGE('',*,*,#8175,.T.);
#12938 = ORIENTED_EDGE('',*,*,#8199,.T.);
#12939 = ORIENTED_EDGE('',*,*,#8223,.T.);
#12940 = ORIENTED_EDGE('',*,*,#8247,.T.);
#12941 = ORIENTED_EDGE('',*,*,#8271,.T.);
#12942 = ORIENTED_EDGE('',*,*,#8295,.T.);
#12943 = ORIENTED_EDGE('',*,*,#8319,.T.);
#12944 = ORIENTED_EDGE('',*,*,#8343,.T.);
#12945 = ORIENTED_EDGE('',*,*,#8367,.T.);
#12946 = ORIENTED_EDGE('',*,*,#8391,.T.);
#12947 = ORIENTED_EDGE('',*,*,#8415,.T.);
#12948 = ORIENTED_EDGE('',*,*,#8439,.T.);
#12949 = ORIENTED_EDGE('',*,*,#8463,.T.);
#12950 = ORIENTED_EDGE('',*,*,#8487,.T.);
#12951 = ORIENTED_EDGE('',*,*,#8511,.T.);
#12952 = ORIENTED_EDGE('',*,*,#8535,.T.);
#12953 = ORIENTED_EDGE('',*,*,#8559,.T.);
#12954 = ORIENTED_EDGE('',*,*,#8583,.T.);
#12955 = ORIENTED_EDGE('',*,*,#8607,.T.);
#12956 = ORIENTED_EDGE('',*,*,#8631,.T.);
#12957 = ORIENTED_EDGE('',*,*,#8655,.T.);
#12958 = ORIENTED_EDGE('',*,*,#8679,.T.);
#12959 = ORIENTED_EDGE('',*,*,#8703,.T.);
#12960 = ORIENTED_EDGE('',*,*,#8727,.T.);
#12961 = ORIENTED_EDGE('',*,*,#8751,.T.);
#12962 = ORIENTED_EDGE('',*,*,#8775,.T.);
#12963 = ORIENTED_EDGE('',*,*,#8799,.T.);
#12964 = ORIENTED_EDGE('',*,*,#8823,.T.);
#12965 = ORIENTED_EDGE('',*,*,#8847,.T.);
#12966 = ORIENTED_EDGE('',*,*,#8871,.T.);
#12967 = ORIENTED_EDGE('',*,*,#8895,.T.);
#12968 = ORIENTED_EDGE('',*,*,#8919,.T.);
#12969 = ORIENTED_EDGE('',*,*,#8943,.T.);
#12970 = ORIENTED_EDGE('',*,*,#8967,.T.);
#12971 = ORIENTED_EDGE('',*,*,#8991,.T.);
#12972 = ORIENTED_EDGE('',*,*,#9015,.T.);
#12973 = ORIENTED_EDGE('',*,*,#9039,.T.);
#12974 = ORIENTED_EDGE('',*,*,#9063,.T.);
#12975 = ORIENTED_EDGE('',*,*,#9087,.T.);
#12976 = ORIENTED_EDGE('',*,*,#9111,.T.);
#12977 = ORIENTED_EDGE('',*,*,#9135,.T.);
#12978 = ORIENTED_EDGE('',*,*,#9159,.T.);
#12979 = ORIENTED_EDGE('',*,*,#9183,.T.);
#12980 = ORIENTED_EDGE('',*,*,#9207,.T.);
#12981 = ORIENTED_EDGE('',*,*,#9231,.T.);
#12982 = ORIENTED_EDGE('',*,*,#9255,.T.);
#12983 = ORIENTED_EDGE('',*,*,#9279,.T.);
#12984 = ORIENTED_EDGE('',*,*,#9303,.T.);
#12985 = ORIENTED_EDGE('',*,*,#9327,.T.);
#12986 = ORIENTED_EDGE('',*,*,#9351,.T.);
#12987 = ORIENTED_EDGE('',*,*,#9375,.T.);
#12988 = ORIENTED_EDGE('',*,*,#9399,.T.);
#12989 = ORIENTED_EDGE('',*,*,#9423,.T.);
#12990 = ORIENTED_EDGE('',*,*,#9447,.T.);
#12991 = ORIENTED_EDGE('',*,*,#9471,.T.);
#12992 = ORIENTED_EDGE('',*,*,#9495,.T.);
#12993 = ORIENTED_EDGE('',*,*,#9519,.T.);
#12994 = ORIENTED_EDGE('',*,*,#9543,.T.);
#12995 = ORIENTED_EDGE('',*,*,#9567,.T.);
#12996 = ORIENTED_EDGE('',*,*,#9591,.T.);
#12997 = ORIENTED_EDGE('',*,*,#9615,.T.);
#12998 = ORIENTED_EDGE('',*,*,#9639,.T.);
#12999 = ORIENTED_EDGE('',*,*,#9663,.T.);
#13000 = ORIENTED_EDGE('',*,*,#9687,.T.);
#13001 = ORIENTED_EDGE('',*,*,#9711,.T.);
#13002 = ORIENTED_EDGE('',*,*,#9735,.T.);
#13003 = ORIENTED_EDGE('',*,*,#9759,.T.);
#13004 = ORIENTED_EDGE('',*,*,#9783,.T.);
#13005 = ORIENTED_EDGE('',*,*,#9807,.T.);
#13006 = ORIENTED_EDGE('',*,*,#9831,.T.);
#13007 = ORIENTED_EDGE('',*,*,#9855,.T.);
#13008 = ORIENTED_EDGE('',*,*,#9879,.T.);
#13009 = ORIENTED_EDGE('',*,*,#9903,.T.);
#13010 = ORIENTED_EDGE('',*,*,#9927,.T.);
#13011 = ORIENTED_EDGE('',*,*,#9951,.T.);
#13012 = ORIENTED_EDGE('',*,*,#9975,.T.);
#13013 = ORIENTED_EDGE('',*,*,#9999,.T.);
#13014 = ORIENTED_EDGE('',*,*,#10023,.T.);
#13015 = ORIENTED_EDGE('',*,*,#10047,.T.);
#13016 = ORIENTED_EDGE('',*,*,#10071,.T.);
#13017 = ORIENTED_EDGE('',*,*,#10095,.T.);
#13018 = ORIENTED_EDGE('',*,*,#10119,.T.);
#13019 = ORIENTED_EDGE('',*,*,#10143,.T.);
#13020 = ORIENTED_EDGE('',*,*,#10167,.T.);
#13021 = ORIENTED_EDGE('',*,*,#10191,.T.);
#13022 = ORIENTED_EDGE('',*,*,#10215,.T.);
#13023 = ORIENTED_EDGE('',*,*,#10239,.T.);
#13024 = ORIENTED_EDGE('',*,*,#10263,.T.);
#13025 = ORIENTED_EDGE('',*,*,#10287,.T.);
#13026 = ORIENTED_EDGE('',*,*,#10311,.T.);
#13027 = ORIENTED_EDGE('',*,*,#10335,.T.);
#13028 = ORIENTED_EDGE('',*,*,#10359,.T.);
#13029 = ORIENTED_EDGE('',*,*,#10383,.T.);
#13030 = ORIENTED_EDGE('',*,*,#10407,.T.);
#13031 = ORIENTED_EDGE('',*,*,#10431,.T.);
#13032 = ORIENTED_EDGE('',*,*,#10455,.T.);
#13033 = ORIENTED_EDGE('',*,*,#10479,.T.);
#13034 = ORIENTED_EDGE('',*,*,#10503,.T.);
#13035 = ORIENTED_EDGE('',*,*,#10527,.T.);
#13036 = ORIENTED_EDGE('',*,*,#10551,.T.);
#13037 = ORIENTED_EDGE('',*,*,#10575,.T.);
#13038 = ORIENTED_EDGE('',*,*,#10599,.T.);
#13039 = ORIENTED_EDGE('',*,*,#10623,.T.);
#13040 = ORIENTED_EDGE('',*,*,#10647,.T.);
#13041 = ORIENTED_EDGE('',*,*,#10671,.T.);
#13042 = ORIENTED_EDGE('',*,*,#10695,.T.);
#13043 = ORIENTED_EDGE('',*,*,#10719,.T.);
#13044 = ORIENTED_EDGE('',*,*,#10743,.T.);
#13045 = ORIENTED_EDGE('',*,*,#10767,.T.);
#13046 = ORIENTED_EDGE('',*,*,#10791,.T.);
#13047 = ORIENTED_EDGE('',*,*,#10815,.T.);
#13048 = ORIENTED_EDGE('',*,*,#10839,.T.);
#13049 = ORIENTED_EDGE('',*,*,#10863,.T.);
#13050 = ORIENTED_EDGE('',*,*,#10887,.T.);
#13051 = ORIENTED_EDGE('',*,*,#10911,.T.);
#13052 = ORIENTED_EDGE('',*,*,#10935,.T.);
#13053 = ORIENTED_EDGE('',*,*,#10959,.T.);
#13054 = ORIENTED_EDGE('',*,*,#10983,.T.);
#13055 = ORIENTED_EDGE('',*,*,#11007,.T.);
#13056 = ORIENTED_EDGE('',*,*,#11031,.T.);
#13057 = ORIENTED_EDGE('',*,*,#11055,.T.);
#13058 = ORIENTED_EDGE('',*,*,#11079,.T.);
#13059 = ORIENTED_EDGE('',*,*,#11103,.T.);
#13060 = ORIENTED_EDGE('',*,*,#11127,.T.);
#13061 = ORIENTED_EDGE('',*,*,#11151,.T.);
#13062 = ORIENTED_EDGE('',*,*,#11175,.T.);
#13063 = ORIENTED_EDGE('',*,*,#11199,.T.);
#13064 = ORIENTED_EDGE('',*,*,#11223,.T.);
#13065 = ORIENTED_EDGE('',*,*,#11247,.T.);
#13066 = ORIENTED_EDGE('',*,*,#11271,.T.);
#13067 = ORIENTED_EDGE('',*,*,#11295,.T.);
#13068 = ORIENTED_EDGE('',*,*,#11319,.T.);
#13069 = ORIENTED_EDGE('',*,*,#11343,.T.);
#13070 = ORIENTED_EDGE('',*,*,#11367,.T.);
#13071 = ORIENTED_EDGE('',*,*,#11391,.T.);
#13072 = ORIENTED_EDGE('',*,*,#11415,.T.);
#13073 = ORIENTED_EDGE('',*,*,#11439,.T.);
#13074 = ORIENTED_EDGE('',*,*,#11463,.T.);
#13075 = ORIENTED_EDGE('',*,*,#11487,.T.);
#13076 = ORIENTED_EDGE('',*,*,#11511,.T.);
#13077 = ORIENTED_EDGE('',*,*,#11535,.T.);
#13078 = ORIENTED_EDGE('',*,*,#11559,.T.);
#13079 = ORIENTED_EDGE('',*,*,#11583,.T.);
#13080 = ORIENTED_EDGE('',*,*,#11607,.T.);
#13081 = ORIENTED_EDGE('',*,*,#11631,.T.);
#13082 = ORIENTED_EDGE('',*,*,#11655,.T.);
#13083 = ORIENTED_EDGE('',*,*,#11679,.T.);
#13084 = ORIENTED_EDGE('',*,*,#11703,.T.);
#13085 = ORIENTED_EDGE('',*,*,#11727,.T.);
#13086 = ORIENTED_EDGE('',*,*,#11751,.T.);
#13087 = ORIENTED_EDGE('',*,*,#11775,.T.);
#13088 = ORIENTED_EDGE('',*,*,#11799,.T.);
#13089 = ORIENTED_EDGE('',*,*,#11823,.T.);
#13090 = ORIENTED_EDGE('',*,*,#11847,.T.);
#13091 = ORIENTED_EDGE('',*,*,#11871,.T.);
#13092 = ORIENTED_EDGE('',*,*,#11895,.T.);
#13093 = ORIENTED_EDGE('',*,*,#11919,.T.);
#13094 = ORIENTED_EDGE('',*,*,#11943,.T.);
#13095 = ORIENTED_EDGE('',*,*,#11967,.T.);
#13096 = ORIENTED_EDGE('',*,*,#11991,.T.);
#13097 = ORIENTED_EDGE('',*,*,#12015,.T.);
#13098 = ORIENTED_EDGE('',*,*,#12039,.T.);
#13099 = ORIENTED_EDGE('',*,*,#12063,.T.);
#13100 = ORIENTED_EDGE('',*,*,#12087,.T.);
#13101 = ORIENTED_EDGE('',*,*,#12111,.T.);
#13102 = ORIENTED_EDGE('',*,*,#12135,.T.);
#13103 = ORIENTED_EDGE('',*,*,#12159,.T.);
#13104 = ORIENTED_EDGE('',*,*,#12183,.T.);
#13105 = ORIENTED_EDGE('',*,*,#12207,.T.);
#13106 = ORIENTED_EDGE('',*,*,#12231,.T.);
#13107 = ORIENTED_EDGE('',*,*,#12255,.T.);
#13108 = ORIENTED_EDGE('',*,*,#12279,.T.);
#13109 = ORIENTED_EDGE('',*,*,#12303,.T.);
#13110 = ORIENTED_EDGE('',*,*,#12327,.T.);
#13111 = ORIENTED_EDGE('',*,*,#12351,.T.);
#13112 = ORIENTED_EDGE('',*,*,#12375,.T.);
#13113 = ORIENTED_EDGE('',*,*,#12399,.T.);
#13114 = ORIENTED_EDGE('',*,*,#12423,.T.);
#13115 = ORIENTED_EDGE('',*,*,#12447,.T.);
#13116 = ORIENTED_EDGE('',*,*,#12471,.T.);
#13117 = ORIENTED_EDGE('',*,*,#12495,.T.);
#13118 = ORIENTED_EDGE('',*,*,#12519,.T.);
#13119 = ORIENTED_EDGE('',*,*,#12543,.T.);
#13120 = ORIENTED_EDGE('',*,*,#12567,.T.);
#13121 = ORIENTED_EDGE('',*,*,#12591,.T.);
#13122 = ORIENTED_EDGE('',*,*,#12615,.T.);
#13123 = ORIENTED_EDGE('',*,*,#12639,.T.);
#13124 = ORIENTED_EDGE('',*,*,#12663,.T.);
#13125 = PLANE('',#13126);
#13126 = AXIS2_PLACEMENT_3D('',#13127,#13128,#13129);
#13127 = CARTESIAN_POINT('',(55.800884210237,9.629970866396,2.5));
#13128 = DIRECTION('',(0.,0.,1.));
#13129 = DIRECTION('',(1.,0.,0.));
#13130 = ADVANCED_FACE('',(#13131),#13134,.T.);
#13131 = FACE_BOUND('',#13132,.F.);
#13132 = EDGE_LOOP('',(#13133));
#13133 = ORIENTED_EDGE('',*,*,#12704,.F.);
#13134 = PLANE('',#13135);
#13135 = AXIS2_PLACEMENT_3D('',#13136,#13137,#13138);
#13136 = CARTESIAN_POINT('',(131.15,70.15,36.3));
#13137 = DIRECTION('',(0.,0.,1.));
#13138 = DIRECTION('',(1.,0.,0.));
#13139 = ADVANCED_FACE('',(#13140),#13156,.T.);
#13140 = FACE_BOUND('',#13141,.T.);
#13141 = EDGE_LOOP('',(#13142,#13143,#13149,#13150));
#13142 = ORIENTED_EDGE('',*,*,#40,.T.);
#13143 = ORIENTED_EDGE('',*,*,#13144,.T.);
#13144 = EDGE_CURVE('',#41,#405,#13145,.T.);
#13145 = LINE('',#13146,#13147);
#13146 = CARTESIAN_POINT('',(131.65,-54.93,1.5));
#13147 = VECTOR('',#13148,1.);
#13148 = DIRECTION('',(0.,0.,1.));
#13149 = ORIENTED_EDGE('',*,*,#404,.F.);
#13150 = ORIENTED_EDGE('',*,*,#13151,.F.);
#13151 = EDGE_CURVE('',#32,#396,#13152,.T.);
#13152 = LINE('',#13153,#13154);
#13153 = CARTESIAN_POINT('',(-12.15,-54.93,39.39));
#13154 = VECTOR('',#13155,1.);
#13155 = DIRECTION('',(0.,0.,1.));
#13156 = PLANE('',#13157);
#13157 = AXIS2_PLACEMENT_3D('',#13158,#13159,#13160);
#13158 = CARTESIAN_POINT('',(59.75,-54.93,21.05));
#13159 = DIRECTION('',(-0.,-1.,-0.));
#13160 = DIRECTION('',(0.,0.,-1.));
#13161 = ADVANCED_FACE('',(#13162),#13178,.T.);
#13162 = FACE_BOUND('',#13163,.T.);
#13163 = EDGE_LOOP('',(#13164,#13165,#13171,#13172));
#13164 = ORIENTED_EDGE('',*,*,#74,.F.);
#13165 = ORIENTED_EDGE('',*,*,#13166,.T.);
#13166 = EDGE_CURVE('',#75,#439,#13167,.T.);
#13167 = LINE('',#13168,#13169);
#13168 = CARTESIAN_POINT('',(-12.15,76.65,1.5));
#13169 = VECTOR('',#13170,1.);
#13170 = DIRECTION('',(0.,0.,1.));
#13171 = ORIENTED_EDGE('',*,*,#438,.T.);
#13172 = ORIENTED_EDGE('',*,*,#13173,.F.);
#13173 = EDGE_CURVE('',#66,#430,#13174,.T.);
#13174 = LINE('',#13175,#13176);
#13175 = CARTESIAN_POINT('',(131.65,76.65,39.39));
#13176 = VECTOR('',#13177,1.);
#13177 = DIRECTION('',(0.,0.,1.));
#13178 = PLANE('',#13179);
#13179 = AXIS2_PLACEMENT_3D('',#13180,#13181,#13182);
#13180 = CARTESIAN_POINT('',(59.75,76.65,21.05));
#13181 = DIRECTION('',(0.,1.,0.));
#13182 = DIRECTION('',(0.,-0.,1.));
#13183 = ADVANCED_FACE('',(#13184),#13200,.T.);
#13184 = FACE_BOUND('',#13185,.T.);
#13185 = EDGE_LOOP('',(#13186,#13187,#13193,#13194));
#13186 = ORIENTED_EDGE('',*,*,#57,.T.);
#13187 = ORIENTED_EDGE('',*,*,#13188,.T.);
#13188 = EDGE_CURVE('',#58,#422,#13189,.T.);
#13189 = LINE('',#13190,#13191);
#13190 = CARTESIAN_POINT('',(137.65,70.65,1.5));
#13191 = VECTOR('',#13192,1.);
#13192 = DIRECTION('',(0.,0.,1.));
#13193 = ORIENTED_EDGE('',*,*,#421,.F.);
#13194 = ORIENTED_EDGE('',*,*,#13195,.F.);
#13195 = EDGE_CURVE('',#49,#413,#13196,.T.);
#13196 = LINE('',#13197,#13198);
#13197 = CARTESIAN_POINT('',(137.65,-48.93,39.39));
#13198 = VECTOR('',#13199,1.);
#13199 = DIRECTION('',(0.,0.,1.));
#13200 = PLANE('',#13201);
#13201 = AXIS2_PLACEMENT_3D('',#13202,#13203,#13204);
#13202 = CARTESIAN_POINT('',(137.65,10.86,21.05));
#13203 = DIRECTION('',(1.,0.,0.));
#13204 = DIRECTION('',(-0.,0.,1.));
#13205 = ADVANCED_FACE('',(#13206),#13216,.F.);
#13206 = FACE_BOUND('',#13207,.T.);
#13207 = EDGE_LOOP('',(#13208,#13209,#13210,#13211,#13212,#13213,#13214,
    #13215));
#13208 = ORIENTED_EDGE('',*,*,#176,.T.);
#13209 = ORIENTED_EDGE('',*,*,#349,.T.);
#13210 = ORIENTED_EDGE('',*,*,#323,.T.);
#13211 = ORIENTED_EDGE('',*,*,#307,.T.);
#13212 = ORIENTED_EDGE('',*,*,#274,.T.);
#13213 = ORIENTED_EDGE('',*,*,#258,.F.);
#13214 = ORIENTED_EDGE('',*,*,#223,.T.);
#13215 = ORIENTED_EDGE('',*,*,#209,.F.);
#13216 = PLANE('',#13217);
#13217 = AXIS2_PLACEMENT_3D('',#13218,#13219,#13220);
#13218 = CARTESIAN_POINT('',(59.75,10.86,0.));
#13219 = DIRECTION('',(0.,0.,1.));
#13220 = DIRECTION('',(1.,0.,0.));
#13221 = ADVANCED_FACE('',(#13222),#13228,.T.);
#13222 = FACE_BOUND('',#13223,.T.);
#13223 = EDGE_LOOP('',(#13224,#13225,#13226,#13227));
#13224 = ORIENTED_EDGE('',*,*,#380,.T.);
#13225 = ORIENTED_EDGE('',*,*,#446,.T.);
#13226 = ORIENTED_EDGE('',*,*,#13166,.F.);
#13227 = ORIENTED_EDGE('',*,*,#82,.F.);
#13228 = CYLINDRICAL_SURFACE('',#13229,6.);
#13229 = AXIS2_PLACEMENT_3D('',#13230,#13231,#13232);
#13230 = CARTESIAN_POINT('',(-12.15,70.65,1.5));
#13231 = DIRECTION('',(-0.,-0.,-1.));
#13232 = DIRECTION('',(0.,-1.,0.));
#13233 = ADVANCED_FACE('',(#13234),#13240,.T.);
#13234 = FACE_BOUND('',#13235,.T.);
#13235 = EDGE_LOOP('',(#13236,#13237,#13238,#13239));
#13236 = ORIENTED_EDGE('',*,*,#13151,.T.);
#13237 = ORIENTED_EDGE('',*,*,#395,.T.);
#13238 = ORIENTED_EDGE('',*,*,#364,.F.);
#13239 = ORIENTED_EDGE('',*,*,#31,.F.);
#13240 = CYLINDRICAL_SURFACE('',#13241,6.);
#13241 = AXIS2_PLACEMENT_3D('',#13242,#13243,#13244);
#13242 = CARTESIAN_POINT('',(-12.15,-48.93,1.5));
#13243 = DIRECTION('',(0.,0.,-1.));
#13244 = DIRECTION('',(1.,0.,0.));
#13245 = ADVANCED_FACE('',(#13246),#13252,.T.);
#13246 = FACE_BOUND('',#13247,.T.);
#13247 = EDGE_LOOP('',(#13248,#13249,#13250,#13251));
#13248 = ORIENTED_EDGE('',*,*,#13195,.T.);
#13249 = ORIENTED_EDGE('',*,*,#412,.T.);
#13250 = ORIENTED_EDGE('',*,*,#13144,.F.);
#13251 = ORIENTED_EDGE('',*,*,#48,.F.);
#13252 = CYLINDRICAL_SURFACE('',#13253,6.);
#13253 = AXIS2_PLACEMENT_3D('',#13254,#13255,#13256);
#13254 = CARTESIAN_POINT('',(131.65,-48.93,1.5));
#13255 = DIRECTION('',(0.,0.,-1.));
#13256 = DIRECTION('',(0.,1.,0.));
#13257 = ADVANCED_FACE('',(#13258),#13264,.T.);
#13258 = FACE_BOUND('',#13259,.T.);
#13259 = EDGE_LOOP('',(#13260,#13261,#13262,#13263));
#13260 = ORIENTED_EDGE('',*,*,#13173,.T.);
#13261 = ORIENTED_EDGE('',*,*,#429,.T.);
#13262 = ORIENTED_EDGE('',*,*,#13188,.F.);
#13263 = ORIENTED_EDGE('',*,*,#65,.F.);
#13264 = CYLINDRICAL_SURFACE('',#13265,6.);
#13265 = AXIS2_PLACEMENT_3D('',#13266,#13267,#13268);
#13266 = CARTESIAN_POINT('',(131.65,70.65,1.5));
#13267 = DIRECTION('',(0.,0.,-1.));
#13268 = DIRECTION('',(-1.,0.,0.));
#13269 = ( GEOMETRIC_REPRESENTATION_CONTEXT(3) 
GLOBAL_UNCERTAINTY_ASSIGNED_CONTEXT((#13273)) 
GLOBAL_UNIT_ASSIGNED_CONTEXT((#13270,#13271,#13272)) 
REPRESENTATION_CONTEXT('Context #1',
  '3D Context with UNIT and UNCERTAINTY') );
#13270 = ( LENGTH_UNIT() NAMED_UNIT(*) SI_UNIT(.MILLI.,.METRE.) );
#13271 = ( NAMED_UNIT(*) PLANE_ANGLE_UNIT() SI_UNIT($,.RADIAN.) );
#13272 = ( NAMED_UNIT(*) SI_UNIT($,.STERADIAN.) SOLID_ANGLE_UNIT() );
#13273 = UNCERTAINTY_MEASURE_WITH_UNIT(LENGTH_MEASURE(5.E-05),#13270,
  'distance_accuracy_value','confusion accuracy');
#13274 = PRODUCT_RELATED_PRODUCT_CATEGORY('part',$,(#7));
ENDSEC;
END-ISO-10303-21;
